Date,Ocean,Region,Location,Depth (m),Temperature (ºC),Salinity (PSU),Phosphate (mg/L),Silicate (mg/L),Nitrate (mg/L),pH,Chlorophyll (µg/L),Alkalinity (mg/L),Dissolved Organic Carbon (µmol/kg),Iron (mg/L),Latitude,Longitude
2011-12-24,Pacific,North Philippine Sea,Northern Mariana Islands,15,27.9801,34.6823,6.658557029999999e-9,3.0412979999999996e-8,2.2244257875e-9,8.1296,0.062,2338.3,NA,NA,,
2011-12-28,Pacific,North Philippine Sea,Northern Mariana Islands,10,28.637,33.8799,8.1771753e-9,7.018379999999999e-8,6.35550225e-9,8.1333,0.04,2286,NA,NA,,
2011-12-31,Pacific,North Philippine Sea,Northern Mariana Islands,15,29.5197,34.3094,1.4796793399999999e-8,4.8348839999999994e-8,4.1310764625e-9,8.1266,0.093,2314.2,NA,NA,,
2015-04-11,Pacific,French Polynesia,Near Huahine,15,29.1751,35.8356,8.761259249999999e-9,5.458739999999999e-8,0,8.1191,0.065,2420.4,NA,NA,,
2015-04-12,Pacific,French Polynesia,Near Huahine,0,29.3963,35.4015,1.1681678999999999e-8,4.678919999999999e-8,0,8.1249,0.048,2392.6,NA,NA,,
2015-04-13,Pacific,French Polynesia,Near Huahine,10,29.258,35.9272,8.761259249999999e-9,2.0275319999999997e-8,0,8.1222,0.0849,2427.4,NA,NA,,
2016-03-29,Indian,Indonesia,Cocos (Keeling) Islands,10,26.2784,35.0105,6.132881474999999e-9,1.0917479999999999e-7,0,8.0849,0.0651,2352.09,NA,NA,,
2016-03-30,Indian,Indonesia,Cocos (Keeling) Islands,10,26.7665,34.9694,5.354102875e-9,1.013766e-7,0,8.0826,0.0572,2352.35,NA,NA,,
2016-03-31,Indian,Indonesia,Cocos (Keeling) Islands,10,27.3051,34.9245,3.893892999999999e-9,1.0917479999999999e-7,0,8.0852,0.0667,2350.39,NA,NA,,
2021-04-02,Atlantic,Southern Carribean,Aruba,0,24.9275,37.3756,0,4.5229559999999994e-8,1.9066506749999996e-9,8,0.0451,3000,NA,NA,,
2021-04-03,Atlantic,Southern Carribean,Aruba,0,24.9234,37.3583,0,4.5229559999999994e-8,0,8.0879,0.0437,2504.62,NA,NA,,
2021-04-04,Atlantic,Southern Carribean,Aruba,10,25.032,37.2449,0,4.5229559999999994e-8,0,8.08923,0.04397,2498,NA,NA,,
2022-05-01,Pacific,North Philippine Sea,Northern Mariana Islands,0,27.882,34.5916,2.9204197499999996e-9,2.3394599999999994e-8,0,8.0897,0.0135,2329.6,NA,NA,,
2015-12-10,Atlantic,Florida Keys,Florida Keys,0,24.8,32.2,NA,NA,NA,7.953,NA,2299.1,2061.5,NA,,
2015-12-10,Atlantic,Florida Keys,Florida Keys,0,24.9,32.1,NA,NA,NA,7.958,NA,2298.1,2056.7,NA,,
2015-12-10,Atlantic,Florida Keys,Florida Keys,0,25,32.3,NA,NA,NA,7.968,NA,2303.8,2056.4,NA,,
2015-12-10,Atlantic,Florida Keys,Florida Keys,0,24.9,32.2,NA,NA,NA,7.967,NA,2301.4,2057.1,NA,,
2015-12-10,Atlantic,Florida Keys,Florida Keys,0,24.9,32.1,NA,NA,NA,7.961,NA,2298.3,2057.2,NA,,
2015-12-10,Atlantic,Florida Keys,Florida Keys,0,25,32.1,NA,NA,NA,7.97,NA,2299.9,2053.4,NA,,
2015-12-10,Atlantic,Florida Keys,Florida Keys,0,25,32.1,NA,NA,NA,7.961,NA,2297.2,2055.3,NA,,
2016-01-01,Atlantic,Florida Keys,Florida Keys,0,26.4,33.8,NA,NA,NA,8.046,NA,2353,2025.2,NA,,
2016-01-01,Atlantic,Florida Keys,Florida Keys,0,26.4,33.8,NA,NA,NA,8.055,NA,2355,2021.2,NA,,
2016-01-01,Atlantic,Florida Keys,Florida Keys,0,26.4,33.8,NA,NA,NA,8.059,NA,2356.3,2019.6,NA,,
2016-01-01,Atlantic,Florida Keys,Florida Keys,0,26.4,33.8,NA,NA,NA,8.046,NA,2360.5,2031.2,NA,,
2016-01-01,Atlantic,Florida Keys,Florida Keys,0,26.4,33.8,NA,NA,NA,8.042,NA,2358,2031.4,NA,,
2016-01-01,Atlantic,Florida Keys,Florida Keys,0,26.4,33.8,NA,NA,NA,8.054,NA,2363,2028.9,NA,,
2016-01-01,Atlantic,Florida Keys,Florida Keys,0,26.4,33.8,NA,NA,NA,8.054,NA,2360.4,2026.1,NA,,
2016-01-01,Atlantic,Florida Keys,Florida Keys,0,26.4,33.8,NA,NA,NA,8.061,NA,2363.7,2034.2,NA,,
2016-01-01,Atlantic,Florida Keys,Florida Keys,0,26.4,33.8,NA,NA,NA,8.063,NA,2366.9,2035,NA,,
2016-01-01,Atlantic,Florida Keys,Florida Keys,0,26.4,33.8,NA,NA,NA,8.053,NA,2363.8,2038.7,NA,,
2016-01-04,Atlantic,Florida Keys,Florida Keys,0,24.441,34.31342,NA,NA,NA,8.02,NA,2438.8,2151.2,NA,,
2016-01-04,Atlantic,Florida Keys,Florida Keys,0,25.755,36.184964,NA,NA,NA,8.043,NA,2358.5,2038.4,NA,,
2016-01-04,Atlantic,Florida Keys,Florida Keys,0,27.058,36.120426,NA,NA,NA,8.043,NA,2352.4,2021.6,NA,,
2016-01-04,Atlantic,Florida Keys,Florida Keys,0,25.609,36.211164,NA,NA,NA,8.046,NA,2365.9,2044.5,NA,,
2016-01-04,Atlantic,Florida Keys,Florida Keys,0,26.437,36.162694,NA,NA,NA,8.043,NA,2352.8,2027.8,NA,,
2016-01-04,Atlantic,Florida Keys,Florida Keys,0,27.139,36.133874,NA,NA,NA,8.051,NA,2356,2019.1,NA,,
2016-01-04,Atlantic,Florida Keys,Florida Keys,0,25.602,35.981903,NA,NA,NA,8.02,NA,2361.9,2058.6,NA,,
2016-01-04,Atlantic,Florida Keys,Florida Keys,0,26.121,36.160074,NA,NA,NA,8.053,NA,2354.9,2026.1,NA,,
2016-01-04,Atlantic,Florida Keys,Florida Keys,0,26.632,36.228194,NA,NA,NA,8.055,NA,2360.9,2025.1,NA,,
2016-01-04,Atlantic,Florida Keys,Florida Keys,0,26.998,36.212474,NA,NA,NA,8.044,NA,2353,2021.5,NA,,
2016-01-04,Atlantic,Florida Keys,Florida Keys,0,27.3,36.213784,NA,NA,NA,8.043,NA,2357.1,2022.8,NA,,
2016-01-04,Atlantic,Florida Keys,Florida Keys,0,26.388,36.247843,NA,NA,NA,8.065,NA,2359.6,2019.7,NA,,
2016-01-04,Atlantic,Florida Keys,Florida Keys,0,26.684,36.279282,NA,NA,NA,8.073,NA,2360.8,2012.4,NA,,
2016-01-04,Atlantic,Florida Keys,Florida Keys,0,26.127,36.171517,NA,NA,NA,8.047,NA,2355.7,2030.3,NA,,
2016-01-04,Atlantic,Florida Keys,Florida Keys,0,25.264,36.246185,NA,NA,NA,8.07,NA,2356.3,2023.7,NA,,
2016-01-05,Atlantic,Florida Keys,Florida Keys,0,25.671,36.283211,NA,NA,NA,8.079,NA,2359.7,2016.9,NA,,
2016-01-05,Atlantic,Florida Keys,Florida Keys,0,26.241,36.204266,NA,NA,NA,8.068,NA,2350,2010.9,NA,,
2016-01-05,Atlantic,Florida Keys,Florida Keys,0,26.407,36.274042,NA,NA,NA,8.045,NA,2356.5,2029.2,NA,,
2016-01-05,Atlantic,Florida Keys,Florida Keys,0,26.547,36.30548,NA,NA,NA,8.053,NA,2359,2024.5,NA,,
2016-01-05,Atlantic,Florida Keys,Florida Keys,0,26.171,36.391932,NA,NA,NA,8.042,NA,2358.6,2033.9,NA,,
2016-01-05,Atlantic,Florida Keys,Florida Keys,0,25.683,36.386692,NA,NA,NA,8.055,NA,2348.1,2020.7,NA,,
2016-01-05,Atlantic,Florida Keys,Florida Keys,0,23.466,35.554669,NA,NA,NA,7.958,NA,2315.8,2072.2,NA,,
2016-01-05,Atlantic,Florida Keys,Florida Keys,0,24.802,36.292381,NA,NA,NA,8.015,NA,2320.8,2028.9,NA,,
2016-01-05,Atlantic,Florida Keys,Florida Keys,0,25.918,36.299892,NA,NA,NA,8.02,NA,2340.8,2034.3,NA,,
2016-01-05,Atlantic,Florida Keys,Florida Keys,0,26.349,36.368354,NA,NA,NA,8.042,NA,2365.4,2038.7,NA,,
2016-01-05,Atlantic,Florida Keys,Florida Keys,0,26.362,36.458385,NA,NA,NA,8.051,NA,2374.3,2040.2,NA,,
2016-01-05,Atlantic,Florida Keys,Florida Keys,0,26.069,36.457423,NA,NA,NA,8.047,NA,2363.8,2036.1,NA,,
2016-01-05,Atlantic,Florida Keys,Florida Keys,0,25.475,35.650316,NA,NA,NA,7.92,NA,2354.7,2112.1,NA,,
2016-01-05,Atlantic,Florida Keys,Florida Keys,0,23.166,38.325627,NA,NA,NA,7.924,NA,2414.8,2167.2,NA,,
2016-01-05,Atlantic,Florida Keys,Florida Keys,0,25.098,36.588398,NA,NA,NA,7.959,NA,2348,2081.3,NA,,
2016-01-05,Atlantic,Florida Keys,Florida Keys,0,25.527,36.591018,NA,NA,NA,7.993,NA,2351.6,2061.9,NA,,
2016-01-05,Atlantic,Florida Keys,Florida Keys,0,26.005,36.441705,NA,NA,NA,8.041,NA,2360.4,2037.4,NA,,
2016-01-05,Atlantic,Florida Keys,Florida Keys,0,26.417,36.440047,NA,NA,NA,8.056,NA,2363.4,2026.5,NA,,
2016-01-05,Atlantic,Florida Keys,Florida Keys,0,25.177,36.450874,NA,NA,NA,8.047,NA,2355.2,2036.6,NA,,
2016-01-05,Atlantic,Florida Keys,Florida Keys,0,26.352,36.431227,NA,NA,NA,8.054,NA,2360.3,2026.3,NA,,
2016-01-05,Atlantic,Florida Keys,Florida Keys,0,25.356,36.455765,NA,NA,NA,8.05,NA,2360.7,2038.1,NA,,
2016-01-05,Atlantic,Florida Keys,Florida Keys,0,25.411,36.469211,NA,NA,NA,8.042,NA,2346.8,2029.7,NA,,
2016-01-05,Atlantic,Florida Keys,Florida Keys,0,23.784,36.92496,NA,NA,NA,7.955,NA,2301.9,2049.7,NA,,
2016-01-18,Atlantic,Florida Keys,Florida Keys,0,20.6,34.4,NA,NA,NA,8.006,NA,2392.5,2142.4,NA,,
2016-01-18,Atlantic,Florida Keys,Florida Keys,0,20.5,34.5,NA,NA,NA,8.019,NA,2395,2138.9,NA,,
2016-01-18,Atlantic,Florida Keys,Florida Keys,0,20.7,34.5,NA,NA,NA,8.019,NA,2385.8,2128.7,NA,,
2016-01-18,Atlantic,Florida Keys,Florida Keys,0,20.6,34.5,NA,NA,NA,8.004,NA,2385.2,2129.7,NA,,
2016-01-18,Atlantic,Florida Keys,Florida Keys,0,20.5,34.5,NA,NA,NA,8.007,NA,2391.6,2134.9,NA,,
2016-01-18,Atlantic,Florida Keys,Florida Keys,0,20.7,34.3,NA,NA,NA,8.022,NA,2396.2,2132.4,NA,,
2016-01-18,Atlantic,Florida Keys,Florida Keys,0,20.7,34.3,NA,NA,NA,8.018,NA,2394.1,2134.3,NA,,
2016-01-30,Atlantic,Florida Keys,Florida Keys,0,24.1,34.8,NA,NA,NA,8.082,NA,2380,2053.8,NA,,
2016-01-30,Atlantic,Florida Keys,Florida Keys,0,23.5,35,NA,NA,NA,8.091,NA,2377.5,2051.6,NA,,
2016-01-30,Atlantic,Florida Keys,Florida Keys,0,21.6,34.5,NA,NA,NA,8.092,NA,2385.9,2076,NA,,
2016-01-30,Atlantic,Florida Keys,Florida Keys,0,21.5,34.6,NA,NA,NA,8.054,NA,2376.1,2090.4,NA,,
2016-01-30,Atlantic,Florida Keys,Florida Keys,0,21.5,34.3,NA,NA,NA,8.067,NA,2384.3,2096.7,NA,,
2016-01-30,Atlantic,Florida Keys,Florida Keys,0,21.5,34.3,NA,NA,NA,8.059,NA,2387.3,2098.2,NA,,
2016-01-30,Atlantic,Florida Keys,Florida Keys,0,21.5,34.3,NA,NA,NA,8.063,NA,2386.5,2095.2,NA,,
2016-01-30,Atlantic,Florida Keys,Florida Keys,0,21.5,34.3,NA,NA,NA,8.066,NA,2382.6,2092.8,NA,,
2016-01-30,Atlantic,Florida Keys,Florida Keys,0,21.6,33.7,NA,NA,NA,8.071,NA,2414.4,2118,NA,,
2016-01-30,Atlantic,Florida Keys,Florida Keys,0,21.6,34.3,NA,NA,NA,8.066,NA,2388.9,2096.4,NA,,
2016-01-30,Atlantic,Florida Keys,Florida Keys,0,21.6,34.3,NA,NA,NA,8.066,NA,2391.4,2098.7,NA,,
2016-02-11,Atlantic,Florida Keys,Florida Keys,0,18.9,34.2,NA,NA,NA,8.109,NA,2481,2182.1,NA,,
2016-02-11,Atlantic,Florida Keys,Florida Keys,0,18.9,34.4,NA,NA,NA,8.113,NA,2470.7,2170.6,NA,,
2016-02-11,Atlantic,Florida Keys,Florida Keys,0,19.2,34.6,NA,NA,NA,8.116,NA,2458,2154.5,NA,,
2016-02-11,Atlantic,Florida Keys,Florida Keys,0,19.1,34.5,NA,NA,NA,8.118,NA,2457.9,2153.6,NA,,
2016-02-11,Atlantic,Florida Keys,Florida Keys,0,18.8,34.4,NA,NA,NA,8.112,NA,2478.7,2179.4,NA,,
2016-02-11,Atlantic,Florida Keys,Florida Keys,0,19.4,34.2,NA,NA,NA,8.121,NA,2479.1,2168.3,NA,,
2016-02-11,Atlantic,Florida Keys,Florida Keys,0,19.4,34.2,NA,NA,NA,8.108,NA,2474,2171.6,NA,,
2016-02-27,Atlantic,Florida Keys,Florida Keys,0,19.5,34.5,NA,NA,NA,8.117,NA,2502.3,2179.6,NA,,
2016-02-27,Atlantic,Florida Keys,Florida Keys,0,21.1,34.9,NA,NA,NA,8.116,NA,2437.9,2106.7,NA,,
2016-02-27,Atlantic,Florida Keys,Florida Keys,0,21,35,NA,NA,NA,8.119,NA,2436.8,2105.1,NA,,
2016-02-27,Atlantic,Florida Keys,Florida Keys,0,21,35,NA,NA,NA,8.118,NA,2440.4,2109.2,NA,,
2016-02-27,Atlantic,Florida Keys,Florida Keys,0,21,35.1,NA,NA,NA,8.116,NA,2436.9,2105,NA,,
2016-02-27,Atlantic,Florida Keys,Florida Keys,0,21.1,35.1,NA,NA,NA,8.114,NA,2437.6,2107.1,NA,,
2016-02-27,Atlantic,Florida Keys,Florida Keys,0,21.1,35,NA,NA,NA,8.103,NA,2432.5,2109.8,NA,,
2016-02-27,Atlantic,Florida Keys,Florida Keys,0,21,35,NA,NA,NA,8.111,NA,2436,2111.9,NA,,
2016-02-27,Atlantic,Florida Keys,Florida Keys,0,21.4,35.4,NA,NA,NA,8.116,NA,2400.1,2072.6,NA,,
2016-02-27,Atlantic,Florida Keys,Florida Keys,0,23,35.2,NA,NA,NA,8.092,NA,2386.9,2060.6,NA,,
2016-02-27,Atlantic,Florida Keys,Florida Keys,0,23.4,35.3,NA,NA,NA,8.085,NA,2383.8,2058.3,NA,,
2016-03-13,Atlantic,Florida Keys,Florida Keys,0,23.2,34.7,NA,NA,NA,8.012,NA,2467.8,2181,NA,,
2016-03-13,Atlantic,Florida Keys,Florida Keys,0,23.2,34.7,NA,NA,NA,8.013,NA,2467.7,2181.4,NA,,
2016-03-13,Atlantic,Florida Keys,Florida Keys,0,23.2,34.7,NA,NA,NA,8.016,NA,2462.9,2174.9,NA,,
2016-03-13,Atlantic,Florida Keys,Florida Keys,0,23.2,34.8,NA,NA,NA,8.026,NA,2449.3,2152.8,NA,,
2016-03-13,Atlantic,Florida Keys,Florida Keys,0,23.1,34.9,NA,NA,NA,8.017,NA,2449.5,2158.2,NA,,
2016-03-13,Atlantic,Florida Keys,Florida Keys,0,23,34.9,NA,NA,NA,8.027,NA,2449.1,2152.9,NA,,
2016-03-13,Atlantic,Florida Keys,Florida Keys,0,23.1,34.9,NA,NA,NA,8.035,NA,2457.1,2153.8,NA,,
2016-03-14,Atlantic,Florida Keys,Florida Keys,0,24.479,34.473374,NA,NA,NA,8.088,NA,2502.1,2165.5,NA,,
2016-03-14,Atlantic,Florida Keys,Florida Keys,0,24.117,36.359185,NA,NA,NA,8.087,NA,2425.3,2085.1,NA,,
2016-03-14,Atlantic,Florida Keys,Florida Keys,0,24.444,36.414199000000004,NA,NA,NA,8.094,NA,2394.3,2049.4,NA,,
2016-03-14,Atlantic,Florida Keys,Florida Keys,0,24.616,35.258523,NA,NA,NA,8.103,NA,2504,2149.2,NA,,
2016-03-14,Atlantic,Florida Keys,Florida Keys,0,24.585,36.47576,NA,NA,NA,8.1,NA,2396.9,2045.7,NA,,
2016-03-14,Atlantic,Florida Keys,Florida Keys,0,24.273,36.496368,NA,NA,NA,8.109,NA,2399.9,2045.1,NA,,
2016-03-14,Atlantic,Florida Keys,Florida Keys,0,25.088,36.006796,NA,NA,NA,8.075,NA,2475.8,2131.7,NA,,
2016-03-14,Atlantic,Florida Keys,Florida Keys,0,24.82,36.547797,NA,NA,NA,8.099,NA,2397.9,2044.6,NA,,
2016-03-14,Atlantic,Florida Keys,Florida Keys,0,24.766,36.534699,NA,NA,NA,8.102,NA,2388.1,2034.4,NA,,
2016-03-14,Atlantic,Florida Keys,Florida Keys,0,24.38,36.495059,NA,NA,NA,8.068,NA,2391.7,2063.7,NA,,
2016-03-14,Atlantic,Florida Keys,Florida Keys,0,24.71,36.566133,NA,NA,NA,8.071,NA,2390.6,2056.6,NA,,
2016-03-14,Atlantic,Florida Keys,Florida Keys,0,23.996,36.494097,NA,NA,NA,8.071,NA,2387.8,2061.6,NA,,
2016-03-15,Atlantic,Florida Keys,Florida Keys,0,24.558,36.505885,NA,NA,NA,8.078,NA,2385.7,2049.9,NA,,
2016-03-15,Atlantic,Florida Keys,Florida Keys,0,24.72,36.452184,NA,NA,NA,8.06,NA,2388.5,2062.7,NA,,
2016-03-15,Atlantic,Florida Keys,Florida Keys,0,24.727,35.934737,NA,NA,NA,8.072,NA,2465.7,2128.5,NA,,
2016-03-15,Atlantic,Florida Keys,Florida Keys,0,25.714,36.864724,NA,NA,NA,8.036,NA,2428.6,2101.8,NA,,
2016-03-15,Atlantic,Florida Keys,Florida Keys,0,24.827,36.676146,NA,NA,NA,8.05,NA,2390.4,2068,NA,,
2016-03-15,Atlantic,Florida Keys,Florida Keys,0,24.74,36.512434,NA,NA,NA,8.074,NA,2381.1,2046.4,NA,,
2016-03-15,Atlantic,Florida Keys,Florida Keys,0,26.321,36.375866,NA,NA,NA,8.054,NA,2369.5,2035.2,NA,,
2016-03-15,Atlantic,Florida Keys,Florida Keys,0,25.123,36.491477,NA,NA,NA,8.065,NA,2381.3,2048.8,NA,,
2016-03-15,Atlantic,Florida Keys,Florida Keys,0,25.442,36.464934,NA,NA,NA,8.076,NA,2414.5,2068.9,NA,,
2016-03-15,Atlantic,Florida Keys,Florida Keys,0,26.249,36.208544,NA,NA,NA,8.083,NA,2441.4,2082.3,NA,,
2016-03-15,Atlantic,Florida Keys,Florida Keys,0,26.005,36.030378,NA,NA,NA,8.077,NA,2473,2118.6,NA,,
2016-03-15,Atlantic,Florida Keys,Florida Keys,0,24.639,36.53208,NA,NA,NA,8.055,NA,2390.5,2067.6,NA,,
2016-03-15,Atlantic,Florida Keys,Florida Keys,0,24.983,36.361805,NA,NA,NA,8.051,NA,2406,2082.7,NA,,
2016-03-15,Atlantic,Florida Keys,Florida Keys,0,26.178,36.368007,NA,NA,NA,8.057,NA,2377.2,2041.7,NA,,
2016-03-15,Atlantic,Florida Keys,Florida Keys,0,25.288,36.291071,NA,NA,NA,8.058,NA,2383.4,2055.2,NA,,
2016-03-15,Atlantic,Florida Keys,Florida Keys,0,25.083,35.749992,NA,NA,NA,8.08,NA,2447.7,2105.1,NA,,
2016-03-15,Atlantic,Florida Keys,Florida Keys,0,24.885,35.668313,NA,NA,NA,8.088,NA,2458.2,2112.4,NA,,
2016-03-15,Atlantic,Florida Keys,Florida Keys,0,26.654,36.606734,NA,NA,NA,8.058,NA,2382.8,2039.1,NA,,
2016-03-15,Atlantic,Florida Keys,Florida Keys,0,25.009,35.960941,NA,NA,NA,8.032,NA,2452.6,2139.2,NA,,
2016-03-15,Atlantic,Florida Keys,Florida Keys,0,25.238,36.273694,NA,NA,NA,8.057,NA,2384.7,2058,NA,,
2016-03-15,Atlantic,Florida Keys,Florida Keys,0,26.311,36.211164,NA,NA,NA,8.06,NA,2371.5,2034.4,NA,,
2016-03-15,Atlantic,Florida Keys,Florida Keys,0,25.728,36.339537,NA,NA,NA,8.059,NA,2386.6,2053.3,NA,,
2016-03-15,Atlantic,Florida Keys,Florida Keys,0,27.238,36.315959,NA,NA,NA,8.04,NA,2371.1,2037.3,NA,,
2016-03-15,Atlantic,Florida Keys,Florida Keys,0,27.216,36.388964,NA,NA,NA,8.037,NA,2376.7,2043.7,NA,,
2016-03-15,Atlantic,Florida Keys,Florida Keys,0,26.799,36.229504,NA,NA,NA,8.029,NA,2402.6,2077.1,NA,,
2016-03-15,Atlantic,Florida Keys,Florida Keys,0,25.794,35.819438,NA,NA,NA,8.022,NA,2396.4,2088.2,NA,,
2016-03-25,Atlantic,Florida Keys,Florida Keys,0,24.4,35.2,NA,NA,NA,8.066,NA,2372,2045.4,NA,,
2016-03-25,Atlantic,Florida Keys,Florida Keys,0,24.4,35.4,NA,NA,NA,8.084,NA,2390.9,2051.3,NA,,
2016-03-25,Atlantic,Florida Keys,Florida Keys,0,23.9,35.3,NA,NA,NA,8.126,NA,2400.9,2037.6,NA,,
2016-03-25,Atlantic,Florida Keys,Florida Keys,0,23.8,35.8,NA,NA,NA,8.122,NA,2412.5,2051.1,NA,,
2016-03-25,Atlantic,Florida Keys,Florida Keys,0,23,35.7,NA,NA,NA,8.149,NA,2417.9,2046.3,NA,,
2016-03-25,Atlantic,Florida Keys,Florida Keys,0,23.3,35.6,NA,NA,NA,8.141,NA,2415.2,2045.8,NA,,
2016-03-25,Atlantic,Florida Keys,Florida Keys,0,23.2,35.6,NA,NA,NA,8.131,NA,2420.2,2058.5,NA,,
2016-03-25,Atlantic,Florida Keys,Florida Keys,0,23.2,35.6,NA,NA,NA,8.133,NA,2420.1,2063.4,NA,,
2016-03-25,Atlantic,Florida Keys,Florida Keys,0,23.5,35.5,NA,NA,NA,8.15,NA,2410.6,2034.1,NA,,
2016-03-25,Atlantic,Florida Keys,Florida Keys,0,23.7,35.3,NA,NA,NA,8.122,NA,2417.4,2056.9,NA,,
2016-03-25,Atlantic,Florida Keys,Florida Keys,0,23.7,35.3,NA,NA,NA,8.123,NA,2418.7,2057.3,NA,,
2016-04-03,Atlantic,Florida Keys,Florida Keys,0,27.6,35.3,NA,NA,NA,8.142,NA,2338.8,1933.6,NA,,
2016-04-03,Atlantic,Florida Keys,Florida Keys,0,27.6,35.4,NA,NA,NA,8.145,NA,2343,1935.3,NA,,
2016-04-03,Atlantic,Florida Keys,Florida Keys,0,27.6,35.3,NA,NA,NA,8.143,NA,2345.1,1937.6,NA,,
2016-04-03,Atlantic,Florida Keys,Florida Keys,0,27.5,35.3,NA,NA,NA,8.134,NA,2344,1945,NA,,
2016-04-03,Atlantic,Florida Keys,Florida Keys,0,27.5,35.4,NA,NA,NA,8.119,NA,2345.5,1951.2,NA,,
2016-04-03,Atlantic,Florida Keys,Florida Keys,0,27.6,35.3,NA,NA,NA,8.138,NA,2338,1934.6,NA,,
2016-04-03,Atlantic,Florida Keys,Florida Keys,0,27.6,35.3,NA,NA,NA,8.141,NA,2341.5,1935.5,NA,,
2016-04-24,Atlantic,Florida Keys,Florida Keys,0,25.4,35.4,NA,NA,NA,8.237,NA,2196.9,1766.3,NA,,
2016-04-24,Atlantic,Florida Keys,Florida Keys,0,25.5,35.2,NA,NA,NA,8.157,NA,2342.3,1946.6,NA,,
2016-04-24,Atlantic,Florida Keys,Florida Keys,0,25.6,35.3,NA,NA,NA,8.15,NA,2345.1,1952.8,NA,,
2016-04-24,Atlantic,Florida Keys,Florida Keys,0,25.6,35.3,NA,NA,NA,8.142,NA,2359,1970.2,NA,,
2016-04-24,Atlantic,Florida Keys,Florida Keys,0,25.6,35.2,NA,NA,NA,8.143,NA,2354.4,1968.8,NA,,
2016-04-24,Atlantic,Florida Keys,Florida Keys,0,25.6,35.3,NA,NA,NA,8.15,NA,2340.7,1951.4,NA,,
2016-04-24,Atlantic,Florida Keys,Florida Keys,0,25.6,35.2,NA,NA,NA,8.15,NA,2335.4,1940.5,NA,,
2016-04-24,Atlantic,Florida Keys,Florida Keys,0,25.6,35.2,NA,NA,NA,8.16,NA,2337.1,1941.3,NA,,
2016-04-24,Atlantic,Florida Keys,Florida Keys,0,25.8,35.1,NA,NA,NA,8.059,NA,2383.2,2044.8,NA,,
2016-04-24,Atlantic,Florida Keys,Florida Keys,0,25.2,35.1,NA,NA,NA,8.038,NA,2377.4,2058.8,NA,,
2016-04-24,Atlantic,Florida Keys,Florida Keys,0,25.4,35,NA,NA,NA,8.038,NA,2378.6,2057.9,NA,,
2016-05-09,Atlantic,Florida Keys,Florida Keys,0,26.12,35.389567,NA,NA,NA,8.108,NA,2374.1,2014,NA,,
2016-05-09,Atlantic,Florida Keys,Florida Keys,0,26.032,36.291071,NA,NA,NA,8.078,NA,2391.6,2042.9,NA,,
2016-05-09,Atlantic,Florida Keys,Florida Keys,0,26.291,36.443015,NA,NA,NA,8.08,NA,2378.5,2025.9,NA,,
2016-05-09,Atlantic,Florida Keys,Florida Keys,0,26.282,36.835915,NA,NA,NA,8.185,NA,2338.8,1915.7,NA,,
2016-05-09,Atlantic,Florida Keys,Florida Keys,0,26.138,36.508504,NA,NA,NA,8.093,NA,2396.3,2034.1,NA,,
2016-05-09,Atlantic,Florida Keys,Florida Keys,0,26.137,36.395861,NA,NA,NA,8.066,NA,2393.6,2050.3,NA,,
2016-05-09,Atlantic,Florida Keys,Florida Keys,0,26.343,37.130533,NA,NA,NA,8.191,NA,2289.9,1865.3,NA,,
2016-05-09,Atlantic,Florida Keys,Florida Keys,0,26.246,36.749484,NA,NA,NA,8.19,NA,2349.7,1922.8,NA,,
2016-05-09,Atlantic,Florida Keys,Florida Keys,0,26.078,36.740317,NA,NA,NA,8.159,NA,2394.5,1986.2,NA,,
2016-05-09,Atlantic,Florida Keys,Florida Keys,0,25.947,36.446945,NA,NA,NA,8.073,NA,2398.4,2051.6,NA,,
2016-05-09,Atlantic,Florida Keys,Florida Keys,0,26.32,36.503265,NA,NA,NA,8.071,NA,2395.8,2046.7,NA,,
2016-05-09,Atlantic,Florida Keys,Florida Keys,0,25.979,36.525531,NA,NA,NA,8.066,NA,2392.4,2049.9,NA,,
2016-05-10,Atlantic,Florida Keys,Florida Keys,0,26.138,36.550416,NA,NA,NA,8.06,NA,2394.2,2053.9,NA,,
2016-05-10,Atlantic,Florida Keys,Florida Keys,0,26.287,36.704609,NA,NA,NA,8.137,NA,2392.1,1997.6,NA,,
2016-05-10,Atlantic,Florida Keys,Florida Keys,0,26.148,37.011382,NA,NA,NA,8.21,NA,2350,1907.2,NA,,
2016-05-10,Atlantic,Florida Keys,Florida Keys,0,25.979,37.360955,NA,NA,NA,8.197,NA,2311.7,1881.7,NA,,
2016-05-10,Atlantic,Florida Keys,Florida Keys,0,25.959,37.054591,NA,NA,NA,8.165,NA,2366.1,1955.5,NA,,
2016-05-10,Atlantic,Florida Keys,Florida Keys,0,26.011,36.522912,NA,NA,NA,8.084,NA,2404.2,2048.2,NA,,
2016-05-10,Atlantic,Florida Keys,Florida Keys,0,26.162,36.536009,NA,NA,NA,8.076,NA,2403.4,2051.4,NA,,
2016-05-10,Atlantic,Florida Keys,Florida Keys,0,26.031,36.562204,NA,NA,NA,8.084,NA,2402,2045.8,NA,,
2016-05-10,Atlantic,Florida Keys,Florida Keys,0,26.1,36.898771000000004,NA,NA,NA,8.107,NA,2369.3,1998.1,NA,,
2016-05-10,Atlantic,Florida Keys,Florida Keys,0,25.722,37.406774,NA,NA,NA,8.194,NA,2312.3,1886.9,NA,,
2016-05-10,Atlantic,Florida Keys,Florida Keys,0,25.711,37.01662,NA,NA,NA,8.159,NA,2251.5,1861.9,NA,,
2016-05-10,Atlantic,Florida Keys,Florida Keys,0,25.778,37.239202,NA,NA,NA,8.129,NA,2271.2,1896.4,NA,,
2016-05-10,Atlantic,Florida Keys,Florida Keys,0,26.17,36.547797,NA,NA,NA,8.039,NA,2373.9,2048.3,NA,,
2016-05-10,Atlantic,Florida Keys,Florida Keys,0,25.832,36.513395,NA,NA,NA,8.041,NA,2383.5,2059.2,NA,,
2016-05-10,Atlantic,Florida Keys,Florida Keys,0,26.1,36.53208,NA,NA,NA,8.036,NA,2365.7,2043.8,NA,,
2016-05-10,Atlantic,Florida Keys,Florida Keys,0,25.678,36.756032,NA,NA,NA,8.089,NA,2194.9,1859.2,NA,,
2016-05-10,Atlantic,Florida Keys,Florida Keys,0,26.1,36.29762,NA,NA,NA,8.154,NA,2118,1749.9,NA,,
2016-05-10,Atlantic,Florida Keys,Florida Keys,0,25.49,36.816272,NA,NA,NA,8.113,NA,2212.7,1861.5,NA,,
2016-05-10,Atlantic,Florida Keys,Florida Keys,0,25.75,36.688894,NA,NA,NA,8.069,NA,2270.4,1939.7,NA,,
2016-05-10,Atlantic,Florida Keys,Florida Keys,0,26.206,36.62376,NA,NA,NA,8.034,NA,2377.4,2053.9,NA,,
2016-05-10,Atlantic,Florida Keys,Florida Keys,0,26.476,36.486238,NA,NA,NA,8.042,NA,2381.6,2051.3,NA,,
2016-05-10,Atlantic,Florida Keys,Florida Keys,0,26.287,36.568404,NA,NA,NA,8.035,NA,2378.5,2053.9,NA,,
2016-05-10,Atlantic,Florida Keys,Florida Keys,0,26.234,36.47707,NA,NA,NA,8.043,NA,2383.5,2054.9,NA,,
2016-05-10,Atlantic,Florida Keys,Florida Keys,0,26.216,36.505537,NA,NA,NA,8.038,NA,2375.7,2050.7,NA,,
2016-05-10,Atlantic,Florida Keys,Florida Keys,0,26.399,36.62865,NA,NA,NA,8.043,NA,2354.3,2025.4,NA,,
2016-05-10,Atlantic,Florida Keys,Florida Keys,0,26.339,37.106266,NA,NA,NA,8.097,NA,2269.5,1911.8,NA,,
2016-05-13,Atlantic,Florida Keys,Dry Tortugas,0,26.7,36.026447,NA,NA,NA,8.013,NA,2395.3,2084.4,NA,,
2016-05-13,Atlantic,Florida Keys,Dry Tortugas,0,25.7,36.131253,NA,NA,NA,8.023,NA,2399,2084.5,NA,,
2016-05-13,Atlantic,Florida Keys,Dry Tortugas,0,26.8,36.161036,NA,NA,NA,8.008,NA,2396.3,2082.4,NA,,
2016-05-13,Atlantic,Florida Keys,Dry Tortugas,0,25.7,36.175794,NA,NA,NA,8.034,NA,2398.3,2080.5,NA,,
2016-05-14,Atlantic,Florida Keys,Dry Tortugas,0,25.8,36.233433,NA,NA,NA,8.032,NA,2403.7,2082.7,NA,,
2016-05-14,Atlantic,Florida Keys,Dry Tortugas,0,26.2,36.243913,NA,NA,NA,8.033,NA,2406.5,2081.4,NA,,
2016-05-14,Atlantic,Florida Keys,Dry Tortugas,0,26.5,36.237363,NA,NA,NA,8.012,NA,2389.2,2075.8,NA,,
2016-05-14,Atlantic,Florida Keys,Dry Tortugas,0,27.8,36.127323,NA,NA,NA,7.992,NA,2395.3,2081.8,NA,,
2016-05-15,Atlantic,Florida Keys,Dry Tortugas,0,25.9,36.143044,NA,NA,NA,8.016,NA,2394,2082.8,NA,,
2016-05-15,Atlantic,Florida Keys,Dry Tortugas,0,25.4,36.120773,NA,NA,NA,8.004,NA,2378.8,2078.7,NA,,
2016-05-15,Atlantic,Florida Keys,Dry Tortugas,0,26.2,36.165314,NA,NA,NA,8.011,NA,2392.7,2079.6,NA,,
2016-05-15,Atlantic,Florida Keys,Dry Tortugas,0,26,36.254393,NA,NA,NA,8.037,NA,2400.9,2072.3,NA,,
2016-05-16,Atlantic,Florida Keys,Dry Tortugas,0,25.8,36.257013,NA,NA,NA,7.927,NA,2357.3,2099,NA,,
2016-05-16,Atlantic,Florida Keys,Dry Tortugas,0,25.7,36.204614,NA,NA,NA,8.03,NA,2395.6,2074.2,NA,,
2016-05-16,Atlantic,Florida Keys,Dry Tortugas,0,25.9,36.250463,NA,NA,NA,8.023,NA,2383.2,2064.8,NA,,
2016-05-17,Atlantic,Florida Keys,Dry Tortugas,0,26.1,36.200684,NA,NA,NA,8.046,NA,2408.4,2076.4,NA,,
2016-05-17,Atlantic,Florida Keys,Dry Tortugas,0,26.1,36.201994,NA,NA,NA,8.031,NA,2403.6,2076.7,NA,,
2016-05-18,Atlantic,Florida Keys,Dry Tortugas,0,26.3,35.598871,NA,NA,NA,8.027,NA,2359.3,2043.7,NA,,
2016-05-18,Atlantic,Florida Keys,Dry Tortugas,0,26.5,35.851847,NA,NA,NA,8.025,NA,2366.9,2052.1,NA,,
2016-05-19,Atlantic,Florida Keys,Dry Tortugas,0,26.4,36.101122,NA,NA,NA,8.03,NA,2397.4,2074.6,NA,,
2016-05-20,Atlantic,Florida Keys,Dry Tortugas,0,26.2,36.236053,NA,NA,NA,8.047,NA,2381.9,2045.1,NA,,
2016-05-20,Atlantic,Florida Keys,Dry Tortugas,0,27.1,36.050992,NA,NA,NA,8.033,NA,2374.9,2041.1,NA,,
2016-05-21,Atlantic,Florida Keys,Dry Tortugas,0,28.1,36.669598,NA,NA,NA,8.034,NA,2323.6,1985.3,NA,,
2016-05-21,Atlantic,Florida Keys,Dry Tortugas,0,28,36.715086,NA,NA,NA,8.034,NA,2327,1989.6,NA,,
2016-06-01,Atlantic,Florida Keys,Dry Tortugas,0,28.3,36.502569,NA,NA,NA,8.013,NA,2370.8,2040.2,NA,,
2016-06-01,Atlantic,Florida Keys,Dry Tortugas,0,27.7,36.661043,NA,NA,NA,8.054,NA,2409,2050.5,NA,,
2016-06-01,Atlantic,Florida Keys,Dry Tortugas,0,27.7,36.692474,NA,NA,NA,8.074,NA,2404.7,2028.6,NA,,
2016-06-02,Atlantic,Florida Keys,Dry Tortugas,0,28.3,36.508156,NA,NA,NA,8.057,NA,2402.9,2033.3,NA,,
2016-06-02,Atlantic,Florida Keys,Florida Keys,0,29.7,35.7,NA,NA,NA,8.103,NA,2274.4,1880.2,NA,,
2016-06-02,Atlantic,Florida Keys,Florida Keys,0,29.7,35.1,NA,NA,NA,8.146,NA,2331.8,1899.4,NA,,
2016-06-02,Atlantic,Florida Keys,Florida Keys,0,29.7,35.2,NA,NA,NA,8.147,NA,2348.6,1912.5,NA,,
2016-06-02,Atlantic,Florida Keys,Florida Keys,0,29.7,35.2,NA,NA,NA,8.15,NA,2346.4,1908,NA,,
2016-06-02,Atlantic,Florida Keys,Florida Keys,0,29.7,35.1,NA,NA,NA,8.116,NA,2308.5,1900,NA,,
2016-06-02,Atlantic,Florida Keys,Florida Keys,0,29.8,35.4,NA,NA,NA,8.115,NA,2303.1,1894.8,NA,,
2016-06-02,Atlantic,Florida Keys,Florida Keys,0,29.9,35.4,NA,NA,NA,8.106,NA,2284.7,1882.9,NA,,
2016-06-02,Atlantic,Florida Keys,Florida Keys,0,29.9,35.4,NA,NA,NA,8.108,NA,2286.2,1883.9,NA,,
2016-06-02,Atlantic,Florida Keys,Florida Keys,0,29.6,35.1,NA,NA,NA,8.132,NA,2366.5,1939.2,NA,,
2016-06-02,Atlantic,Florida Keys,Florida Keys,0,29.6,34.9,NA,NA,NA,8.073,NA,2381.9,1994.7,NA,,
2016-06-02,Atlantic,Florida Keys,Florida Keys,0,28.6,34.8,NA,NA,NA,8.033,NA,2386.8,2035.9,NA,,
2016-06-02,Atlantic,Florida Keys,Dry Tortugas,0,28.6,36.523525,NA,NA,NA,8.049,NA,2397.7,2030.5,NA,,
2016-06-02,Atlantic,Florida Keys,Dry Tortugas,0,28.8,36.598179,NA,NA,NA,8.024,NA,2391.8,2038.3,NA,,
2016-06-03,Atlantic,Florida Keys,Dry Tortugas,0,28.7,36.606385,NA,NA,NA,8.002,NA,2372.5,2037.8,NA,,
2016-06-03,Atlantic,Florida Keys,Dry Tortugas,0,28.8,36.529112,NA,NA,NA,8.056,NA,2407.6,2038.5,NA,,
2016-06-03,Atlantic,Florida Keys,Dry Tortugas,0,28.7,36.556617,NA,NA,NA,8.05,NA,2404.8,2035.7,NA,,
2016-06-04,Atlantic,Florida Keys,Dry Tortugas,0,27.4,36.613895,NA,NA,NA,8.058,NA,2408,2044.5,NA,,
2016-06-04,Atlantic,Florida Keys,Dry Tortugas,0,28.4,36.578882,NA,NA,NA,8.028,NA,2382.7,2034.1,NA,,
2016-06-04,Atlantic,Florida Keys,Dry Tortugas,0,27.9,36.55103,NA,NA,NA,8.024,NA,2390,2044.2,NA,,
2016-06-07,Atlantic,Puerto Rico,Puerto Rico,0,27.8,36.555307,NA,NA,NA,8.036,NA,2384,2044.3,NA,,
2016-06-07,Atlantic,Puerto Rico,Puerto Rico,0,28.8,36.575301,NA,NA,NA,8.075,NA,2351.6,1979.3,NA,,
2016-06-08,Atlantic,Florida Keys,Dry Tortugas,0,27.1,36.455765,NA,NA,NA,8.027,NA,2380.6,2040.7,NA,,
2016-06-08,Atlantic,Puerto Rico,Puerto Rico,0,28.3,36.556965,NA,NA,NA,8.011,NA,2376.8,2049.1,NA,,
2016-06-08,Atlantic,Florida Keys,Dry Tortugas,0,27.6,36.550068,NA,NA,NA,8.017,NA,2372.4,2038,NA,,
2016-06-09,Atlantic,Florida Keys,Dry Tortugas,0,26,36.469825,NA,NA,NA,8.053,NA,2382,2035.1,NA,,
2016-06-09,Atlantic,Puerto Rico,Puerto Rico,0,28.1,36.611973,NA,NA,NA,8.031,NA,2382.8,2042.8,NA,,
2016-06-09,Atlantic,Puerto Rico,Puerto Rico,0,28.4,36.511124,NA,NA,NA,8.018,NA,2363.2,2031.5,NA,,
2016-06-09,Atlantic,Puerto Rico,Puerto Rico,0,29,36.585779,NA,NA,NA,8.006,NA,2367.2,2036.5,NA,,
2016-06-09,Atlantic,Florida Keys,Dry Tortugas,0,27.6,36.441357000000004,NA,NA,NA,8.039,NA,2388.9,2037.7,NA,,
2016-06-09,Atlantic,Puerto Rico,Puerto Rico,0,29.2,36.511124,NA,NA,NA,8.014,NA,2345.7,2011,NA,,
2016-06-09,Atlantic,Florida Keys,Dry Tortugas,0,27.6,36.403372,NA,NA,NA,8.05,NA,2394,2035.5,NA,,
2016-06-10,Atlantic,Florida Keys,Dry Tortugas,0,27.6,36.257975,NA,NA,NA,7.971,NA,2339.8,2036.5,NA,,
2016-06-10,Atlantic,Puerto Rico,Puerto Rico,0,28.9,36.608044,NA,NA,NA,8.051,NA,2372.4,2012.6,NA,,
2016-06-10,Atlantic,Florida Keys,Dry Tortugas,0,27.6,36.308714,NA,NA,NA,8.018,NA,2359.6,2025.5,NA,,
2016-06-10,Atlantic,Puerto Rico,Puerto Rico,0,28.6,36.610663,NA,NA,NA,7.999,NA,2355.2,2034.1,NA,,
2016-06-13,Atlantic,Puerto Rico,Puerto Rico,0,27.9,36.588398,NA,NA,NA,8.029,NA,2372.2,2037,NA,,
2016-06-14,Atlantic,Puerto Rico,Puerto Rico,0,28.2,36.562204,NA,NA,NA,8.035,NA,2368.2,2026.5,NA,,
2016-06-15,Atlantic,Puerto Rico,Puerto Rico,0,28.7,36.505885,NA,NA,NA,8.039,NA,2386.8,2036.3,NA,,
2016-06-15,Atlantic,Puerto Rico,Puerto Rico,0,28.9,36.627689,NA,NA,NA,8.057,NA,2369.8,2006.4,NA,,
2016-06-16,Atlantic,Florida Keys,Florida Keys,0,30.6,35.4,NA,NA,NA,8.008,NA,2315.6,1969.6,NA,,
2016-06-16,Atlantic,Florida Keys,Florida Keys,0,30.5,35.3,NA,NA,NA,8.014,NA,2319.7,1970.3,NA,,
2016-06-16,Atlantic,Florida Keys,Florida Keys,0,30.7,35.5,NA,NA,NA,8.018,NA,2312.1,1963,NA,,
2016-06-16,Atlantic,Florida Keys,Florida Keys,0,30.7,35.5,NA,NA,NA,8.025,NA,2315.4,1963.1,NA,,
2016-06-16,Atlantic,Florida Keys,Florida Keys,0,30.6,35.5,NA,NA,NA,8.025,NA,2317.8,1959.6,NA,,
2016-06-16,Atlantic,Florida Keys,Florida Keys,0,30.8,35.5,NA,NA,NA,8.014,NA,2297.6,1951.5,NA,,
2016-06-16,Atlantic,Florida Keys,Florida Keys,0,30.8,35.5,NA,NA,NA,8.005,NA,2289.7,1944.1,NA,,
2016-06-16,Atlantic,Puerto Rico,Puerto Rico,0,29.8,36.495059,NA,NA,NA,7.997,NA,2273.9,1951.8,NA,,
2016-06-17,Atlantic,Puerto Rico,Puerto Rico,0,29.2,36.585779,NA,NA,NA,8.023,NA,2366.2,2023.4,NA,,
2016-06-21,Atlantic,Puerto Rico,Puerto Rico,0,29.5,36.363115,NA,NA,NA,8.039,NA,2390.4,2032.8,NA,,
2016-06-23,Atlantic,Puerto Rico,Puerto Rico,0,29.5,36.338227,NA,NA,NA,8.044,NA,2388.2,2028.1,NA,,
2016-06-23,Atlantic,Puerto Rico,Puerto Rico,0,29.5,36.211164,NA,NA,NA,8.026,NA,2353.9,2010.3,NA,,
2016-06-23,Atlantic,Puerto Rico,Puerto Rico,0,29.5,36.237363,NA,NA,NA,8.034,NA,2350,2001.5,NA,,
2016-07-01,Atlantic,Florida Keys,Florida Keys,0,32,35.9,NA,NA,NA,8.042,NA,2243.9,1869.7,NA,,
2016-07-01,Atlantic,Florida Keys,Florida Keys,0,31.6,35.4,NA,NA,NA,8.031,NA,2309.7,1940.6,NA,,
2016-07-01,Atlantic,Florida Keys,Florida Keys,0,31.6,35.4,NA,NA,NA,8.049,NA,2312.5,1929.7,NA,,
2016-07-01,Atlantic,Florida Keys,Florida Keys,0,31.6,35.4,NA,NA,NA,8.051,NA,2311.2,1926.9,NA,,
2016-07-01,Atlantic,Florida Keys,Florida Keys,0,31.6,35.5,NA,NA,NA,8.028,NA,2302.6,1936.6,NA,,
2016-07-01,Atlantic,Florida Keys,Florida Keys,0,31.6,35.5,NA,NA,NA,8.027,NA,2310.6,1946.3,NA,,
2016-07-01,Atlantic,Florida Keys,Florida Keys,0,31.6,35.4,NA,NA,NA,8.017,NA,2303,1942.1,NA,,
2016-07-01,Atlantic,Florida Keys,Florida Keys,0,31.7,35.4,NA,NA,NA,8.035,NA,2312.3,1943,NA,,
2016-07-01,Atlantic,Florida Keys,Florida Keys,0,31.6,35.3,NA,NA,NA,8.067,NA,2326.3,1929.8,NA,,
2016-07-01,Atlantic,Florida Keys,Florida Keys,0,31.1,35.1,NA,NA,NA,8.041,NA,2347.5,1971.1,NA,,
2016-07-01,Atlantic,Florida Keys,Florida Keys,0,30.7,34.9,NA,NA,NA,8.01,NA,2339.1,1988.2,NA,,
2016-07-13,Atlantic,Puerto Rico,Puerto Rico,0,29.3,36.394552,NA,NA,NA,8.019,NA,2366.9,2026.6,NA,,
2016-07-14,Atlantic,Florida Keys,Florida Keys,0,31.4,35.5,NA,NA,NA,7.999,NA,2318.3,1970.5,NA,,
2016-07-14,Atlantic,Florida Keys,Florida Keys,0,31.3,35.5,NA,NA,NA,8,NA,2323.1,1974.8,NA,,
2016-07-14,Atlantic,Florida Keys,Florida Keys,0,31.4,35.5,NA,NA,NA,7.989,NA,2312.1,1970.7,NA,,
2016-07-14,Atlantic,Florida Keys,Florida Keys,0,31.3,35.5,NA,NA,NA,8.01,NA,2327.2,1975.3,NA,,
2016-07-14,Atlantic,Florida Keys,Florida Keys,0,31.3,35.5,NA,NA,NA,7.998,NA,2320.7,1976.1,NA,,
2016-07-14,Atlantic,Florida Keys,Florida Keys,0,31.4,35.5,NA,NA,NA,7.998,NA,2314.6,1971,NA,,
2016-07-14,Atlantic,Florida Keys,Florida Keys,0,31.4,35.5,NA,NA,NA,8.003,NA,2319,1971,NA,,
2016-07-17,Atlantic,Puerto Rico,Puerto Rico,0,28.7,36.519944,NA,NA,NA,8.056,NA,2400.9,2037.8,NA,,
2016-07-17,Atlantic,Puerto Rico,Puerto Rico,0,29.1,36.514705,NA,NA,NA,8.037,NA,2388.2,2035.1,NA,,
2016-07-18,Atlantic,Puerto Rico,Puerto Rico,0,28.2,36.564823,NA,NA,NA,8.052,NA,2402.1,2046.1,NA,,
2016-07-18,Atlantic,Puerto Rico,Puerto Rico,0,28.2,36.543868,NA,NA,NA,8.025,NA,2388.5,2051.5,NA,,
2016-07-18,Atlantic,Puerto Rico,Puerto Rico,0,28.5,36.501607,NA,NA,NA,8.014,NA,2375.7,2044.4,NA,,
2016-07-18,Atlantic,Puerto Rico,Puerto Rico,0,29,36.005486,NA,NA,NA,8.042,NA,2356.4,2008.7,NA,,
2016-07-19,Atlantic,Puerto Rico,Puerto Rico,0,28.9,36.038238,NA,NA,NA,8.024,NA,2349.8,2015.1,NA,,
2016-07-19,Atlantic,Puerto Rico,Puerto Rico,0,28.9,36.088984,NA,NA,NA,8.028,NA,2353.4,2015,NA,,
2016-07-19,Atlantic,Puerto Rico,Puerto Rico,0,29.1,36.046099,NA,NA,NA,8.029,NA,2351,2010.5,NA,,
2016-07-20,Atlantic,Puerto Rico,Puerto Rico,0,29,35.989764,NA,NA,NA,8.024,NA,2343,2008.4,NA,,
2016-07-21,Atlantic,Puerto Rico,Puerto Rico,0,29,36.258323,NA,NA,NA,8.004,NA,2335.5,2012.2,NA,,
2016-07-21,Atlantic,Puerto Rico,Puerto Rico,0,29.1,35.9557,NA,NA,NA,8.034,NA,2347.7,2005.3,NA,,
2016-07-21,Atlantic,Puerto Rico,Puerto Rico,0,29.5,36.06313,NA,NA,NA,8.045,NA,2338,1984.8,NA,,
2016-07-22,Atlantic,Puerto Rico,Puerto Rico,0,29.1,35.961904,NA,NA,NA,8.024,NA,2339.3,2004.3,NA,,
2016-07-25,Atlantic,Florida Keys,Florida Keys,0,29.929,36.385035,NA,NA,NA,8.031,NA,2390.2,2033.9,NA,,
2016-07-25,Atlantic,Florida Keys,Florida Keys,0,29.51,36.381105,NA,NA,NA,8.023,NA,2392.2,2044.9,NA,,
2016-07-25,Atlantic,Florida Keys,Florida Keys,0,29.162,36.30548,NA,NA,NA,8.022,NA,2385.7,2044.1,NA,,
2016-07-25,Atlantic,Florida Keys,Florida Keys,0,30.518,36.655192,NA,NA,NA,7.987,NA,2329.6,2000.2,NA,,
2016-07-25,Atlantic,Florida Keys,Florida Keys,0,29.591,36.32609,NA,NA,NA,8.017,NA,2387.5,2044.4,NA,,
2016-07-25,Atlantic,Florida Keys,Florida Keys,0,29.271,36.275352,NA,NA,NA,8.016,NA,2381.8,2043.7,NA,,
2016-07-25,Atlantic,Florida Keys,Florida Keys,0,30.774,36.699371,NA,NA,NA,8.004,NA,2291.6,1952.9,NA,,
2016-07-25,Atlantic,Florida Keys,Florida Keys,0,30.218,36.344429,NA,NA,NA,8.14,NA,2494.8,2045.5,NA,,
2016-07-25,Atlantic,Florida Keys,Florida Keys,0,29.677,36.322509,NA,NA,NA,8.027,NA,2367.5,2019,NA,,
2016-07-25,Atlantic,Florida Keys,Florida Keys,0,29.547,36.271422,NA,NA,NA,8.017,NA,2374.9,2033.8,NA,,
2016-07-25,Atlantic,Florida Keys,Florida Keys,0,29.726,36.397171,NA,NA,NA,8.037,NA,2376.9,2020.1,NA,,
2016-07-25,Atlantic,Florida Keys,Florida Keys,0,29.56,36.281901,NA,NA,NA,8.034,NA,2368.2,2016.5,NA,,
2016-07-26,Atlantic,Florida Keys,Florida Keys,0,30.194,36.453494,NA,NA,NA,8.023,NA,2379.8,2026.7,NA,,
2016-07-26,Atlantic,Florida Keys,Florida Keys,0,30.199,36.343467,NA,NA,NA,8.02,NA,2390.7,2039.4,NA,,
2016-07-26,Atlantic,Florida Keys,Florida Keys,0,30.593,36.494097,NA,NA,NA,7.973,NA,2319,2000.4,NA,,
2016-07-26,Atlantic,Florida Keys,Florida Keys,0,30.75,36.813653,NA,NA,NA,8.006,NA,2326.8,1982.4,NA,,
2016-07-26,Atlantic,Florida Keys,Florida Keys,0,30.146,36.389312,NA,NA,NA,8.024,NA,2375.9,2023.9,NA,,
2016-07-26,Atlantic,Florida Keys,Florida Keys,0,28.9,36.399443,NA,NA,NA,8.02,NA,2382.7,2043.9,NA,,
2016-07-26,Atlantic,Florida Keys,Florida Keys,0,29.7,36.400753,NA,NA,NA,8.027,NA,2382,2031.5,NA,,
2016-07-26,Atlantic,Florida Keys,Florida Keys,0,29.818,36.535661,NA,NA,NA,7.974,NA,2299.9,1988.8,NA,,
2016-07-26,Atlantic,Florida Keys,Florida Keys,0,30.08,36.70068,NA,NA,NA,7.991,NA,2329.6,2001.7,NA,,
2016-07-26,Atlantic,Florida Keys,Florida Keys,0,30.299,36.8752,NA,NA,NA,7.989,NA,2288.3,1962.3,NA,,
2016-07-26,Atlantic,Florida Keys,Florida Keys,0,30.414,37.000558,NA,NA,NA,7.919,NA,2100.5,1831,NA,,
2016-07-26,Atlantic,Florida Keys,Florida Keys,0,30.185,36.861756,NA,NA,NA,7.958,NA,2131.9,1840.6,NA,,
2016-07-26,Atlantic,Florida Keys,Florida Keys,0,29.477,36.435156,NA,NA,NA,8.018,NA,2371,2028.9,NA,,
2016-07-26,Atlantic,Florida Keys,Florida Keys,0,29.688,36.518634,NA,NA,NA,8.017,NA,2378.9,2034.3,NA,,
2016-07-26,Atlantic,Florida Keys,Florida Keys,0,29.498,36.452184,NA,NA,NA,8.01,NA,2381.8,2043.6,NA,,
2016-07-26,Atlantic,Florida Keys,Florida Keys,0,29.55,36.383725,NA,NA,NA,7.995,NA,2303.1,1982.1,NA,,
2016-07-26,Atlantic,Florida Keys,Florida Keys,0,30.172,36.32871,NA,NA,NA,7.888,NA,2041.4,1799.7,NA,,
2016-07-26,Atlantic,Florida Keys,Florida Keys,0,30.217,36.217714,NA,NA,NA,7.856,NA,2165.4,1930.7,NA,,
2016-07-26,Atlantic,Florida Keys,Florida Keys,0,29.466,36.429917,NA,NA,NA,8.018,NA,2376.9,2034.9,NA,,
2016-07-26,Atlantic,Florida Keys,Florida Keys,0,29.704,36.554346,NA,NA,NA,8.019,NA,2384.8,2037.8,NA,,
2016-07-26,Atlantic,Florida Keys,Florida Keys,0,29.578,36.372284,NA,NA,NA,8.017,NA,2374.5,2032.3,NA,,
2016-07-26,Atlantic,Florida Keys,Florida Keys,0,29.634,36.486238,NA,NA,NA,8.006,NA,2376.4,2039.6,NA,,
2016-07-26,Atlantic,Florida Keys,Florida Keys,0,29.686,36.382415,NA,NA,NA,8.009,NA,2372,2034.1,NA,,
2016-07-26,Atlantic,Florida Keys,Florida Keys,0,29.515,36.437428,NA,NA,NA,8.013,NA,2375.2,2035.5,NA,,
2016-07-26,Atlantic,Florida Keys,Florida Keys,0,29.893,36.352288,NA,NA,NA,8.006,NA,2341.1,2007.1,NA,,
2016-07-27,Atlantic,Puerto Rico,Puerto Rico,0,29.4,36.069681,NA,NA,NA,8.015,NA,2351.4,2016.9,NA,,
2016-07-27,Atlantic,Puerto Rico,Puerto Rico,0,29.6,36.045752,NA,NA,NA,8.019,NA,2350.5,2012.3,NA,,
2016-07-27,Atlantic,Puerto Rico,Puerto Rico,0,30,36.162694,NA,NA,NA,8.009,NA,2336,2000.8,NA,,
2016-07-28,Atlantic,Puerto Rico,Puerto Rico,0,29.2,35.881019,NA,NA,NA,8.019,NA,2342.3,2009.4,NA,,
2016-07-28,Atlantic,Puerto Rico,Puerto Rico,0,30,36.194134,NA,NA,NA,8.006,NA,2333.6,2000.3,NA,,
2016-08-01,Atlantic,Florida Keys,Florida Keys,0,31.1,35.3,NA,NA,NA,7.955,NA,2307.8,1994.4,NA,,
2016-08-01,Atlantic,Florida Keys,Florida Keys,0,31.1,35.1,NA,NA,NA,7.961,NA,2309.6,1992.1,NA,,
2016-08-01,Atlantic,Florida Keys,Florida Keys,0,31.1,35.1,NA,NA,NA,7.967,NA,2314.4,1992.9,NA,,
2016-08-01,Atlantic,Florida Keys,Florida Keys,0,31,35,NA,NA,NA,7.971,NA,2318.1,1997.7,NA,,
2016-08-01,Atlantic,Florida Keys,Florida Keys,0,31.1,35,NA,NA,NA,7.955,NA,2310,1999,NA,,
2016-08-04,Atlantic,Puerto Rico,Puerto Rico,0,29.4,35.853157,NA,NA,NA,7.992,NA,2321.2,2006.1,NA,,
2016-08-04,Atlantic,Puerto Rico,Puerto Rico,0,29.5,35.901635,NA,NA,NA,8.017,NA,2334.5,2000.9,NA,,
2016-08-11,Atlantic,Puerto Rico,Puerto Rico,0,29.4,35.981903,NA,NA,NA,8.015,NA,2335.5,2003.4,NA,,
2016-08-11,Atlantic,Puerto Rico,Puerto Rico,0,29.8,35.960593,NA,NA,NA,8.036,NA,2340.1,1990.7,NA,,
2016-08-12,Atlantic,Puerto Rico,Puerto Rico,0,29.2,36.051339,NA,NA,NA,8.049,NA,2361.3,2006.1,NA,,
2016-08-12,Atlantic,Puerto Rico,Puerto Rico,0,29.2,36.120773,NA,NA,NA,8.044,NA,2359.2,2006.8,NA,,
2016-08-17,Atlantic,Puerto Rico,Puerto Rico,0,29.2,35.432809,NA,NA,NA,8.016,NA,2307.3,1983.4,NA,,
2016-08-17,Atlantic,Puerto Rico,Puerto Rico,0,29.3,35.331909,NA,NA,NA,7.978,NA,2293.7,1994.2,NA,,
2016-08-18,Atlantic,Puerto Rico,Puerto Rico,0,29.5,35.347634,NA,NA,NA,8.014,NA,2318.2,1992.9,NA,,
2016-08-21,Atlantic,Florida Keys,Florida Keys,0,31.9,34.4,NA,NA,NA,7.94,NA,2280.1,1974.2,NA,,
2016-08-21,Atlantic,Florida Keys,Florida Keys,0,31.2,34.4,NA,NA,NA,7.984,NA,2360.4,2025.4,NA,,
2016-08-21,Atlantic,Florida Keys,Florida Keys,0,31.2,34.5,NA,NA,NA,7.972,NA,2354,2027.5,NA,,
2016-08-21,Atlantic,Florida Keys,Florida Keys,0,31.3,34.5,NA,NA,NA,7.981,NA,2363.3,2028.9,NA,,
2016-08-21,Atlantic,Florida Keys,Florida Keys,0,31.3,34.5,NA,NA,NA,7.984,NA,2362.1,2027,NA,,
2016-08-21,Atlantic,Florida Keys,Florida Keys,0,31.5,34.5,NA,NA,NA,7.984,NA,2363.6,2028.6,NA,,
2016-08-21,Atlantic,Florida Keys,Florida Keys,0,31.4,34.6,NA,NA,NA,7.985,NA,2361.9,2031.6,NA,,
2016-08-21,Atlantic,Florida Keys,Florida Keys,0,31.3,34.5,NA,NA,NA,8.01,NA,2372.3,2022.1,NA,,
2016-08-21,Atlantic,Florida Keys,Florida Keys,0,31.3,34.4,NA,NA,NA,7.997,NA,2369.2,2024.4,NA,,
2016-08-21,Atlantic,Florida Keys,Florida Keys,0,30.7,34.3,NA,NA,NA,8.008,NA,2376.9,2032.4,NA,,
2016-08-22,Atlantic,Puerto Rico,Puerto Rico,0,29.6,35.533704,NA,NA,NA,8.025,NA,2329.3,1993.1,NA,,
2016-08-22,Atlantic,Puerto Rico,Puerto Rico,0,29.9,35.755234,NA,NA,NA,7.998,NA,2321.5,1998.6,NA,,
2016-08-23,Atlantic,Puerto Rico,Puerto Rico,0,29.2,35.424947,NA,NA,NA,8.014,NA,2313.6,1990.7,NA,,
2016-08-23,Atlantic,Puerto Rico,Puerto Rico,0,29.4,35.40136,NA,NA,NA,8.034,NA,2319.3,1981.1,NA,,
2016-08-23,Atlantic,Puerto Rico,Puerto Rico,0,29.2,35.380394,NA,NA,NA,8.036,NA,2323.4,1985.9,NA,,
2016-08-29,Atlantic,Puerto Rico,Puerto Rico,0,29.4,36.170554,NA,NA,NA,8.035,NA,2372.1,2021.8,NA,,
2016-08-31,Atlantic,Puerto Rico,Puerto Rico,0,29.9,35.979283,NA,NA,NA,8.022,NA,2347.2,2004.7,NA,,
2016-08-31,Atlantic,Puerto Rico,Puerto Rico,0,29.9,35.969764,NA,NA,NA,8.039,NA,2333.7,1982.2,NA,,
2016-08-31,Atlantic,Puerto Rico,Puerto Rico,0,29.9,35.991074,NA,NA,NA,8.03,NA,2336.5,1989.7,NA,,
2016-09-01,Atlantic,Puerto Rico,Puerto Rico,0,29.9,35.59101,NA,NA,NA,8.01,NA,2311.7,1984,NA,,
2016-09-03,Atlantic,Florida Keys,Florida Keys,0,29.9,33.7,NA,NA,NA,7.948,NA,2274.6,1985.3,NA,,
2016-09-03,Atlantic,Florida Keys,Florida Keys,0,29.5,34.1,NA,NA,NA,7.879,NA,2337.1,2084.8,NA,,
2016-09-03,Atlantic,Florida Keys,Florida Keys,0,29.5,34.2,NA,NA,NA,7.879,NA,2361.5,2107.3,NA,,
2016-09-03,Atlantic,Florida Keys,Florida Keys,0,29.6,34.1,NA,NA,NA,7.86,NA,2330.2,2087.3,NA,,
2016-09-03,Atlantic,Florida Keys,Florida Keys,0,29.6,34.1,NA,NA,NA,7.869,NA,2336.9,2089.5,NA,,
2016-09-03,Atlantic,Florida Keys,Florida Keys,0,29.6,34.2,NA,NA,NA,7.887,NA,2365.2,2104.9,NA,,
2016-09-03,Atlantic,Florida Keys,Florida Keys,0,29.6,34.1,NA,NA,NA,7.858,NA,2327.7,2084.7,NA,,
2016-09-03,Atlantic,Florida Keys,Florida Keys,0,29.6,34.1,NA,NA,NA,7.855,NA,2316.3,2074.7,NA,,
2016-09-03,Atlantic,Florida Keys,Florida Keys,0,29.8,34.3,NA,NA,NA,7.944,NA,2366.5,2068.8,NA,,
2016-09-03,Atlantic,Florida Keys,Florida Keys,0,29.6,34.3,NA,NA,NA,7.942,NA,2344.6,2051.8,NA,,
2016-09-03,Atlantic,Florida Keys,Florida Keys,0,29.5,34.4,NA,NA,NA,7.948,NA,2318.8,2025.3,NA,,
2016-09-08,Atlantic,Puerto Rico,Puerto Rico,0,29.6,35.924256,NA,NA,NA,7.998,NA,2345.9,2021.9,NA,,
2016-09-08,Atlantic,Puerto Rico,Puerto Rico,0,29.5,35.963561,NA,NA,NA,7.986,NA,2331.4,2017.2,NA,,
2016-09-09,Atlantic,Puerto Rico,Puerto Rico,0,29.6,35.801094,NA,NA,NA,8.038,NA,2355.6,2006.1,NA,,
2016-09-12,Atlantic,Puerto Rico,Puerto Rico,0,29.8,35.861366,NA,NA,NA,8.022,NA,2340.4,2000.9,NA,,
2016-09-12,Atlantic,U.S. Virgin Islands,St. Croix,15,29.3,35.774888,NA,NA,NA,8.021,NA,2349.8,2015.4,NA,,
2016-09-12,Atlantic,Puerto Rico,Puerto Rico,0,29.8,35.857435,NA,NA,NA,7.987,NA,2344.3,2026.4,NA,,
2016-09-12,Atlantic,U.S. Virgin Islands,St. Croix,15,29.3,35.693206000000004,NA,NA,NA,8,NA,2351.8,2030.8,NA,,
2016-09-13,Atlantic,U.S. Virgin Islands,St. Croix,15,29.3,35.78406,NA,NA,NA,8.005,NA,2332.4,2009.5,NA,,
2016-09-13,Atlantic,U.S. Virgin Islands,St. Croix,15,29.3,35.814197,NA,NA,NA,7.981,NA,2327,2019.3,NA,,
2016-09-13,Atlantic,U.S. Virgin Islands,St. Croix,15,29.3,35.805025,NA,NA,NA,7.992,NA,2311.8,1998.9,NA,,
2016-09-13,Atlantic,Puerto Rico,Puerto Rico,0,29.5,35.811576,NA,NA,NA,8.034,NA,2343.8,1999.2,NA,,
2016-09-13,Atlantic,U.S. Virgin Islands,St. Croix,15,29.3,35.815507,NA,NA,NA,8.016,NA,2343.2,2012.3,NA,,
2016-09-14,Atlantic,U.S. Virgin Islands,St. Croix,15,29.3,35.628043,NA,NA,NA,8.038,NA,2340.4,1996.6,NA,,
2016-09-14,Atlantic,U.S. Virgin Islands,St. Croix,15,29.3,35.603148,NA,NA,NA,8.076,NA,2375,2003.1,NA,,
2016-09-14,Atlantic,U.S. Virgin Islands,St. Croix,15,29.3,35.578254,NA,NA,NA,7.96,NA,2311.5,2019.2,NA,,
2016-09-14,Atlantic,U.S. Virgin Islands,St. Croix,15,29.3,35.701414,NA,NA,NA,7.971,NA,2319.1,2018.6,NA,,
2016-09-15,Atlantic,U.S. Virgin Islands,St. Croix,15,29.3,35.659488,NA,NA,NA,7.999,NA,2322.6,2005.3,NA,,
2016-09-15,Atlantic,Puerto Rico,Puerto Rico,0,29.5,35.900672,NA,NA,NA,8.031,NA,2348.9,2005.3,NA,,
2016-09-17,Atlantic,Florida Keys,Florida Keys,0,31.4,34.7,NA,NA,NA,7.926,NA,2317.6,2021.4,NA,,
2016-09-17,Atlantic,Florida Keys,Florida Keys,0,31.3,34.5,NA,NA,NA,7.944,NA,2322.5,2015.6,NA,,
2016-09-17,Atlantic,Florida Keys,Florida Keys,0,31.3,34.5,NA,NA,NA,7.946,NA,2330.8,2021.8,NA,,
2016-09-17,Atlantic,Florida Keys,Florida Keys,0,31.5,34.5,NA,NA,NA,7.946,NA,2327,2018.3,NA,,
2016-09-17,Atlantic,Florida Keys,Florida Keys,0,31.5,34.5,NA,NA,NA,7.933,NA,2320.2,2020.4,NA,,
2016-09-17,Atlantic,Florida Keys,Florida Keys,0,31.4,34.6,NA,NA,NA,7.944,NA,2324.5,2018.6,NA,,
2016-09-17,Atlantic,Florida Keys,Florida Keys,0,31.4,34.5,NA,NA,NA,7.937,NA,2319,2017.6,NA,,
2016-09-19,Atlantic,Florida Keys,Florida Keys,0,30.76,33.927408,NA,NA,NA,7.921,NA,2406.4,2128.6,NA,,
2016-09-19,Atlantic,Florida Keys,Florida Keys,0,29.629,35.913774,NA,NA,NA,7.987,NA,2372.5,2053,NA,,
2016-09-19,Atlantic,Florida Keys,Florida Keys,0,30.449,35.639835,NA,NA,NA,7.984,NA,2385.5,2061.4,NA,,
2016-09-19,Atlantic,Florida Keys,Florida Keys,0,32.785,36.361805,NA,NA,NA,7.885,NA,2338.2,2052.8,NA,,
2016-09-19,Atlantic,Florida Keys,Florida Keys,0,32.756,36.506846,NA,NA,NA,7.933,NA,2363.5,2046,NA,,
2016-09-19,Atlantic,Florida Keys,Florida Keys,0,31.627,36.492787,NA,NA,NA,8.005,NA,2375.7,2021,NA,,
2016-09-19,Atlantic,Florida Keys,Florida Keys,0,32.249,36.41027,NA,NA,NA,7.97,NA,2373.1,2036.2,NA,,
2016-09-19,Atlantic,Florida Keys,Florida Keys,0,30.218,35.761438,NA,NA,NA,8.018,NA,2363.6,2020.7,NA,,
2016-09-19,Atlantic,Florida Keys,Florida Keys,0,30.229,36.243565,NA,NA,NA,8.02,NA,2368.1,2019.6,NA,,
2016-09-19,Atlantic,Florida Keys,Florida Keys,0,30.609,36.33264,NA,NA,NA,8.021,NA,2364.4,2011.2,NA,,
2016-09-19,Atlantic,Florida Keys,Florida Keys,0,31.462,36.277972,NA,NA,NA,8.026,NA,2380.8,2015,NA,,
2016-09-19,Atlantic,Florida Keys,Florida Keys,0,32.124,36.420748,NA,NA,NA,8.005,NA,2366.7,2008.7,NA,,
2016-09-20,Atlantic,Florida Keys,Florida Keys,0,33.286,37.621453,NA,NA,NA,8.016,NA,2232.3,1860.8,NA,,
2016-09-20,Atlantic,Florida Keys,Florida Keys,0,31.83,36.606734,NA,NA,NA,7.95,NA,2280.9,1967.8,NA,,
2016-09-20,Atlantic,Florida Keys,Florida Keys,0,30.875,36.440396,NA,NA,NA,7.992,NA,2322.4,1989.2,NA,,
2016-09-20,Atlantic,Florida Keys,Florida Keys,0,29.69,35.964871,NA,NA,NA,8.027,NA,2373,2026.8,NA,,
2016-09-20,Atlantic,Florida Keys,Florida Keys,0,30.532,36.318579,NA,NA,NA,7.99,NA,2320.3,1992.6,NA,,
2016-09-20,Atlantic,Florida Keys,Florida Keys,0,31.605,36.655192,NA,NA,NA,7.967,NA,2293.4,1970.3,NA,,
2016-09-20,Atlantic,Florida Keys,Florida Keys,0,32.621,37.881913,NA,NA,NA,7.961,NA,2244.6,1912.1,NA,,
2016-09-20,Atlantic,Florida Keys,Florida Keys,0,32.859,36.960315,NA,NA,NA,7.935,NA,2198.5,1891.2,NA,,
2016-09-20,Atlantic,Florida Keys,Florida Keys,0,31.099,36.664359,NA,NA,NA,7.946,NA,2233.3,1933.2,NA,,
2016-09-20,Atlantic,Florida Keys,Florida Keys,0,30.552,36.135184,NA,NA,NA,8.006,NA,2325.1,1987.9,NA,,
2016-09-20,Atlantic,Florida Keys,Florida Keys,0,29.735,35.884603,NA,NA,NA,8.026,NA,2370.6,2025.7,NA,,
2016-09-20,Atlantic,Florida Keys,Florida Keys,0,29.651,35.934737,NA,NA,NA,8.023,NA,2363.6,2021.6,NA,,
2016-09-20,Atlantic,Florida Keys,Florida Keys,0,31.382,36.352288,NA,NA,NA,7.959,NA,2187.9,1884,NA,,
2016-09-20,Atlantic,Florida Keys,Florida Keys,0,32.528,36.956038,NA,NA,NA,7.983,NA,2123.5,1797.4,NA,,
2016-09-20,Atlantic,Florida Keys,Florida Keys,0,31.923,36.777946,NA,NA,NA,7.876,NA,2162.4,1900.9,NA,,
2016-09-20,Atlantic,Florida Keys,Florida Keys,0,31.381,36.779256,NA,NA,NA,7.929,NA,2191.3,1902.1,NA,,
2016-09-20,Atlantic,Florida Keys,Florida Keys,0,29.674,36.203304,NA,NA,NA,8.015,NA,2336.1,1999.7,NA,,
2016-09-20,Atlantic,Florida Keys,Florida Keys,0,29.523,35.564805,NA,NA,NA,8.03,NA,2370.6,2027.5,NA,,
2016-09-20,Atlantic,Florida Keys,Florida Keys,0,30.216,35.992384,NA,NA,NA,8.007,NA,2354.7,2018.1,NA,,
2016-09-20,Atlantic,Florida Keys,Florida Keys,0,30.311,35.6539,NA,NA,NA,8.034,NA,2381.2,2026.3,NA,,
2016-09-20,Atlantic,Florida Keys,Florida Keys,0,30.492,35.990727,NA,NA,NA,8.003,NA,2354.5,2018,NA,,
2016-09-20,Atlantic,Florida Keys,Florida Keys,0,31.4,36.269764,NA,NA,NA,7.954,NA,2286.1,1976.8,NA,,
2016-09-20,Atlantic,Florida Keys,Florida Keys,0,31.518,36.33395,NA,NA,NA,7.953,NA,2272.8,1963.6,NA,,
2016-09-23,Atlantic,Florida Keys,Florida Keys,0,29.624,35.820401,NA,NA,NA,8.024,NA,2371.4,2029.1,NA,,
2016-09-23,Atlantic,Florida Keys,Florida Keys,0,30.097,36.168897,NA,NA,NA,8.004,NA,2366.4,2030.1,NA,,
2016-09-23,Atlantic,Florida Keys,Florida Keys,0,31.171,36.369316,NA,NA,NA,7.924,NA,2336.4,2041.8,NA,,
2016-10-01,Atlantic,Florida Keys,Florida Keys,0,29.8,34.3,NA,NA,NA,7.864,NA,2281.5,2037.9,NA,,
2016-10-01,Atlantic,Florida Keys,Florida Keys,0,29.9,34.5,NA,NA,NA,7.951,NA,2348.8,2052.1,NA,,
2016-10-01,Atlantic,Florida Keys,Florida Keys,0,29.9,34.5,NA,NA,NA,7.948,NA,2345.8,2053.6,NA,,
2016-10-01,Atlantic,Florida Keys,Florida Keys,0,29.8,34.3,NA,NA,NA,7.951,NA,2351.5,2052.9,NA,,
2016-10-01,Atlantic,Florida Keys,Florida Keys,0,29.9,34.4,NA,NA,NA,7.95,NA,2349.7,2050.7,NA,,
2016-10-01,Atlantic,Florida Keys,Florida Keys,0,29.8,34.4,NA,NA,NA,7.946,NA,2348,2052.2,NA,,
2016-10-01,Atlantic,Florida Keys,Florida Keys,0,29.8,34.5,NA,NA,NA,7.959,NA,2354.9,2053.1,NA,,
2016-10-01,Atlantic,Florida Keys,Florida Keys,0,29.8,34.5,NA,NA,NA,7.956,NA,2351.4,2052.2,NA,,
2016-10-01,Atlantic,Florida Keys,Florida Keys,0,29.5,34.2,NA,NA,NA,8.035,NA,2354.7,2011.2,NA,,
2016-10-01,Atlantic,Florida Keys,Florida Keys,0,29.7,34.2,NA,NA,NA,8.041,NA,2354.4,2004.6,NA,,
2016-10-01,Atlantic,Florida Keys,Florida Keys,0,29.7,34,NA,NA,NA,8.017,NA,2341.6,2008,NA,,
2016-10-13,Atlantic,Puerto Rico,Puerto Rico,0,29.4,34.962099,NA,NA,NA,8.031,NA,2293.1,1963.6,NA,,
2016-10-13,Atlantic,Puerto Rico,Puerto Rico,0,29.4,34.978124,NA,NA,NA,8.034,NA,2300,1967.7,NA,,
2016-10-13,Atlantic,Puerto Rico,Puerto Rico,0,29.8,35.038232,NA,NA,NA,8.009,NA,2303.4,1981.9,NA,,
2016-10-13,Atlantic,Puerto Rico,Puerto Rico,0,30.5,35.072037,NA,NA,NA,8.064,NA,2298.1,1935.6,NA,,
2016-10-13,Atlantic,Puerto Rico,Puerto Rico,0,30,35.061903,NA,NA,NA,8.013,NA,2296.9,1971.7,NA,,
2016-10-13,Atlantic,Puerto Rico,Puerto Rico,0,30.7,34.900438,NA,NA,NA,8.014,NA,2303.7,1972.2,NA,,
2016-10-15,Atlantic,Florida Keys,Florida Keys,0,27.1,33.9,NA,NA,NA,7.945,NA,2359.2,2090.3,NA,,
2016-10-15,Atlantic,Florida Keys,Florida Keys,0,27.1,33.6,NA,NA,NA,7.93,NA,2351.6,2090.2,NA,,
2016-10-15,Atlantic,Florida Keys,Florida Keys,0,27,33.7,NA,NA,NA,7.949,NA,2350.6,2081.6,NA,,
2016-10-15,Atlantic,Florida Keys,Florida Keys,0,27.1,33.7,NA,NA,NA,7.952,NA,2341.5,2070.9,NA,,
2016-10-15,Atlantic,Florida Keys,Florida Keys,0,27.1,33.8,NA,NA,NA,7.951,NA,2351.7,2078.6,NA,,
2016-10-15,Atlantic,Florida Keys,Florida Keys,0,27.3,33.5,NA,NA,NA,7.952,NA,2366.6,2096,NA,,
2016-10-15,Atlantic,Florida Keys,Florida Keys,0,27.3,33.5,NA,NA,NA,7.957,NA,2370.3,2096.8,NA,,
2016-11-05,Atlantic,Florida Keys,Florida Keys,0,24.9,32,NA,NA,NA,7.832,NA,2481,2275.6,NA,,
2016-11-05,Atlantic,Florida Keys,Florida Keys,0,25.1,32,NA,NA,NA,7.916,NA,2442.1,2204.7,NA,,
2016-11-05,Atlantic,Florida Keys,Florida Keys,0,25.1,33,NA,NA,NA,7.921,NA,2446.6,2205.8,NA,,
2016-11-05,Atlantic,Florida Keys,Florida Keys,0,25.3,33,NA,NA,NA,7.93,NA,2441,2194.5,NA,,
2016-11-05,Atlantic,Florida Keys,Florida Keys,0,25.2,33.2,NA,NA,NA,7.933,NA,2438.6,2191.2,NA,,
2016-11-05,Atlantic,Florida Keys,Florida Keys,0,25.1,33,NA,NA,NA,7.934,NA,2443.8,2196.4,NA,,
2016-11-05,Atlantic,Florida Keys,Florida Keys,0,25.2,32.9,NA,NA,NA,7.901,NA,2449.9,2219,NA,,
2016-11-05,Atlantic,Florida Keys,Florida Keys,0,25.2,33.4,NA,NA,NA,7.936,NA,2425,2165,NA,,
2016-11-05,Atlantic,Florida Keys,Florida Keys,0,27.5,34.5,NA,NA,NA,8.031,NA,2381.6,2047.8,NA,,
2016-11-05,Atlantic,Florida Keys,Florida Keys,0,27.6,34.6,NA,NA,NA,8.026,NA,2379,2047.7,NA,,
2016-11-14,Atlantic,Florida Keys,Florida Keys,0,26.811,36.340499,NA,NA,NA,8.04,NA,2392.5,2060,NA,,
2016-11-14,Atlantic,Florida Keys,Florida Keys,0,26.993,36.443977,NA,NA,NA,8.029,NA,2379.4,2052.8,NA,,
2016-11-14,Atlantic,Florida Keys,Florida Keys,0,27.077,36.400405,NA,NA,NA,8.035,NA,2382,2051,NA,,
2016-11-14,Atlantic,Florida Keys,Florida Keys,0,27.536,36.43315,NA,NA,NA,8.037,NA,2373.8,2038,NA,,
2016-11-14,Atlantic,Florida Keys,Florida Keys,0,27.655,36.426949,NA,NA,NA,8.034,NA,2374,2038.7,NA,,
2016-11-14,Atlantic,Florida Keys,Florida Keys,0,27.521,36.41909,NA,NA,NA,8.052,NA,2377.1,2031.4,NA,,
2016-11-14,Atlantic,Florida Keys,Florida Keys,0,26.803,36.531384,NA,NA,NA,8.058,NA,2383.2,2039,NA,,
2016-11-14,Atlantic,Florida Keys,Florida Keys,0,25.847,36.244875,NA,NA,NA,8.007,NA,2394.5,2092.3,NA,,
2016-11-15,Atlantic,Florida Keys,Florida Keys,0,27.348,36.502917,NA,NA,NA,8.055,NA,2379.5,2032.7,NA,,
2016-11-15,Atlantic,Florida Keys,Florida Keys,0,27.59,36.404682,NA,NA,NA,8.053,NA,2385.4,2037.4,NA,,
2016-11-15,Atlantic,Florida Keys,Florida Keys,0,27.64,36.461966,NA,NA,NA,8.063,NA,2395.1,2038.9,NA,,
2016-11-15,Atlantic,Florida Keys,Florida Keys,0,27.53,36.426949,NA,NA,NA,8.061,NA,2395.3,2041.6,NA,,
2016-11-15,Atlantic,Florida Keys,Florida Keys,0,27.54,36.442667,NA,NA,NA,8.067,NA,2391.3,2034,NA,,
2016-11-15,Atlantic,Florida Keys,Florida Keys,0,26.31,36.508156,NA,NA,NA,8.075,NA,2388.3,2037.3,NA,,
2016-11-15,Atlantic,Florida Keys,Florida Keys,0,26.047,36.574604,NA,NA,NA,8.066,NA,2372.7,2031.1,NA,,
2016-11-15,Atlantic,Florida Keys,Florida Keys,0,27.008,36.446597,NA,NA,NA,8.044,NA,2373.2,2037.8,NA,,
2016-11-15,Atlantic,Florida Keys,Florida Keys,0,27.589,36.361457,NA,NA,NA,8.07,NA,2389,2030.2,NA,,
2016-11-15,Atlantic,Florida Keys,Florida Keys,0,27.843,36.368007,NA,NA,NA,8.061,NA,2382.6,2027.6,NA,,
2016-11-15,Atlantic,Florida Keys,Florida Keys,0,27.354,36.310372,NA,NA,NA,8.058,NA,2387.2,2038.7,NA,,
2016-11-15,Atlantic,Florida Keys,Florida Keys,0,26.964,36.432189,NA,NA,NA,8.079,NA,2389.9,2030.5,NA,,
2016-11-15,Atlantic,Florida Keys,Florida Keys,0,25.374,36.675798,NA,NA,NA,7.996,NA,2416,2119.3,NA,,
2016-11-15,Atlantic,Florida Keys,Florida Keys,0,25.866,38.113194,NA,NA,NA,7.952,NA,2346.8,2067.6,NA,,
2016-11-15,Atlantic,Florida Keys,Florida Keys,0,26.454,36.524835,NA,NA,NA,8.036,NA,2383.4,2056.3,NA,,
2016-11-15,Atlantic,Florida Keys,Florida Keys,0,27.793,36.390274,NA,NA,NA,8.059,NA,2382,2028.7,NA,,
2016-11-15,Atlantic,Florida Keys,Florida Keys,0,27.206,36.434808,NA,NA,NA,8.053,NA,2379.4,2035.4,NA,,
2016-11-15,Atlantic,Florida Keys,Florida Keys,0,27.121,36.479341,NA,NA,NA,8.044,NA,2378.4,2041.2,NA,,
2016-11-15,Atlantic,Florida Keys,Florida Keys,0,27.317,36.366349,NA,NA,NA,8.053,NA,2374.7,2031,NA,,
2016-11-15,Atlantic,Florida Keys,Florida Keys,0,27.201,36.433498,NA,NA,NA,8.052,NA,2377.5,2034.9,NA,,
2016-11-15,Atlantic,Florida Keys,Florida Keys,0,27.206,36.476374,NA,NA,NA,8.036,NA,2380,2046.8,NA,,
2016-11-15,Atlantic,Florida Keys,Florida Keys,0,25.833,36.630921,NA,NA,NA,7.991,NA,2368.1,2075.1,NA,,
2016-11-18,Atlantic,Florida Keys,Florida Keys,0,23.511,35.393152,NA,NA,NA,7.945,NA,2527,2275.8,NA,,
2016-11-18,Atlantic,Florida Keys,Florida Keys,0,23.994,36.174137,NA,NA,NA,8.037,NA,2458.8,2149.9,NA,,
2016-11-18,Atlantic,Florida Keys,Florida Keys,0,23.075,35.649623,NA,NA,NA,8.029,NA,2503.1,2207.4,NA,,
2016-11-18,Atlantic,Florida Keys,Florida Keys,0,25.628,36.394204,NA,NA,NA,8.089,NA,2403.5,2049.4,NA,,
2016-11-18,Atlantic,Florida Keys,Florida Keys,0,27.084,36.409574,NA,NA,NA,8.081,NA,2392.7,2030.5,NA,,
2016-11-21,Atlantic,Florida Keys,Florida Keys,0,23.1,34.6,NA,NA,NA,8.068,NA,2405.6,2087.2,NA,,
2016-11-21,Atlantic,Florida Keys,Florida Keys,0,23.1,34.6,NA,NA,NA,8.066,NA,2409.7,2092.3,NA,,
2016-11-21,Atlantic,Florida Keys,Florida Keys,0,23.6,34.6,NA,NA,NA,8.079,NA,2400.1,2070.9,NA,,
2016-11-21,Atlantic,Florida Keys,Florida Keys,0,23.6,34.7,NA,NA,NA,8.109,NA,2404.3,2075.1,NA,,
2016-11-21,Atlantic,Florida Keys,Florida Keys,0,23.3,34.6,NA,NA,NA,8.087,NA,2394.7,2077.3,NA,,
2016-11-21,Atlantic,Florida Keys,Florida Keys,0,23.2,34.7,NA,NA,NA,8.056,NA,2407.6,2097.4,NA,,
2016-11-21,Atlantic,Florida Keys,Florida Keys,0,23.3,34.7,NA,NA,NA,8.059,NA,2411.2,2097.4,NA,,
2016-12-02,Atlantic,Florida Keys,Florida Keys,0,25.6,34.6,NA,NA,NA,7.897,NA,2418.8,2178.4,NA,,
2016-12-02,Atlantic,Florida Keys,Florida Keys,0,26.1,34.7,NA,NA,NA,7.984,NA,2361.2,2072.6,NA,,
2016-12-02,Atlantic,Florida Keys,Florida Keys,0,26.2,34.7,NA,NA,NA,8.012,NA,2377.5,2069.6,NA,,
2016-12-02,Atlantic,Florida Keys,Florida Keys,0,26.2,34.7,NA,NA,NA,8.008,NA,2371.2,2066.5,NA,,
2016-12-02,Atlantic,Florida Keys,Florida Keys,0,26.2,34.7,NA,NA,NA,8.01,NA,2374.5,2068.3,NA,,
2016-12-02,Atlantic,Florida Keys,Florida Keys,0,26.2,34.7,NA,NA,NA,8.006,NA,2375.1,2070.9,NA,,
2016-12-02,Atlantic,Florida Keys,Florida Keys,0,26.2,34.7,NA,NA,NA,8.023,NA,2385.3,2069.3,NA,,
2016-12-02,Atlantic,Florida Keys,Florida Keys,0,26.2,34.7,NA,NA,NA,8.025,NA,2383.6,2068.4,NA,,
2016-12-02,Atlantic,Florida Keys,Florida Keys,0,26.2,34.7,NA,NA,NA,8.022,NA,2373.9,2061.2,NA,,
2016-12-02,Atlantic,Florida Keys,Florida Keys,0,26.3,34.7,NA,NA,NA,8.029,NA,2372.2,2054.5,NA,,
2016-12-02,Atlantic,Florida Keys,Florida Keys,0,26.5,34.7,NA,NA,NA,8.047,NA,2377.7,2046,NA,,
2017-01-05,Atlantic,Florida Keys,Florida Keys,0,24.7,36.56578472,NA,NA,NA,7.99454792,NA,2411.608632,2123.014035,NA,,
2017-01-05,Atlantic,Florida Keys,Florida Keys,0,24.7,36.57792046,NA,NA,NA,7.978448839,NA,2420.513021,2140.529652,NA,,
2017-01-05,Atlantic,Florida Keys,Florida Keys,0,24.7,36.56840415,NA,NA,NA,7.986261625,NA,2410.647741,2126.982858,NA,,
2017-01-05,Atlantic,Florida Keys,Florida Keys,0,24.8,36.56089414,NA,NA,NA,7.972165188,NA,2422.22993,2145.016273,NA,,
2017-01-05,Atlantic,Florida Keys,Florida Keys,0,24.8,36.59590795,NA,NA,NA,7.971244313,NA,2420.021861,2143.278035,NA,,
2017-01-05,Atlantic,Florida Keys,Florida Keys,0,24.7,36.57137189,NA,NA,NA,8.014779502,NA,2421.537582,2119.951218,NA,,
2017-01-05,Atlantic,Florida Keys,Florida Keys,0,24.7,36.62637909,NA,NA,NA,8.000941754,NA,2414.218504,2121.182588,NA,,
2017-01-05,Atlantic,Florida Keys,Florida Keys,0,24.8,36.57792046,NA,NA,NA,7.992532975,NA,2426.023299,2136.449358,NA,,
2017-01-05,Atlantic,Florida Keys,Florida Keys,0,25,36.58184958,NA,NA,NA,8.032848159,NA,2407.865776,2093.659463,NA,,
2017-01-05,Atlantic,Florida Keys,Florida Keys,0,24.9,36.46528179,NA,NA,NA,8.054280292,NA,2390.541776,2066.423987,NA,,
2017-01-05,Atlantic,Florida Keys,Florida Keys,0,25,36.41943845,NA,NA,NA,8.064752573,NA,2396.199471,2064.335046,NA,,
2017-01-18,Atlantic,Florida Keys,Florida Keys,0,22.7,36.62637909,NA,NA,NA,8.050447385,NA,2427.028759,2120.952755,NA,,
2017-01-18,Atlantic,Florida Keys,Florida Keys,0,22.8,36.63816613,NA,NA,NA,8.060990374,NA,2427.65492,2114.053845,NA,,
2017-01-18,Atlantic,Florida Keys,Florida Keys,0,22.7,36.62114038,NA,NA,NA,8.034989743,NA,2419.29293,2123.254472,NA,,
2017-01-18,Atlantic,Florida Keys,Florida Keys,0,22.7,36.64829498,NA,NA,NA,8.04128924,NA,2423.352802,2122.98843,NA,,
2017-01-18,Atlantic,Florida Keys,Florida Keys,0,23,36.64567566,NA,NA,NA,8.065950989,NA,2425.394013,2107.01532,NA,,
2017-01-18,Atlantic,Florida Keys,Florida Keys,0,23,36.6394758,NA,NA,NA,8.053730636,NA,2404.303215,2095.438442,NA,,
2017-01-18,Atlantic,Florida Keys,Florida Keys,0,23,36.64733377,NA,NA,NA,8.052644258,NA,2413.65741,2104.551898,NA,,
2017-01-30,Atlantic,Florida Keys,Florida Keys,0,21.762,35.76178525,NA,NA,NA,8.011849253,NA,2473.266817,2200.58165,NA,,
2017-01-30,Atlantic,Florida Keys,Florida Keys,0,23.65,36.50457516,NA,NA,NA,8.050799435,NA,2386.823334,2076.41791,NA,,
2017-01-30,Atlantic,Florida Keys,Florida Keys,0,24.101,36.50588492,NA,NA,NA,8.047383681,NA,2382.022155,2070.032935,NA,,
2017-01-30,Atlantic,Florida Keys,Florida Keys,0,21.761,36.6338887,NA,NA,NA,8.071335848,NA,2399.598168,2091.780251,NA,,
2017-01-30,Atlantic,Florida Keys,Florida Keys,0,23.843,36.53338974,NA,NA,NA,8.055098124,NA,2385.633516,2070.725047,NA,,
2017-01-30,Atlantic,Florida Keys,Florida Keys,0,24.115,36.53435123,NA,NA,NA,8.048875582,NA,2383.248761,2069.891809,NA,,
2017-01-30,Atlantic,Florida Keys,Florida Keys,0,21.601,36.64078546,NA,NA,NA,8.03210641,NA,2434.892659,2148.823952,NA,,
2017-01-30,Atlantic,Florida Keys,Florida Keys,0,21.643,36.55041632,NA,NA,NA,8.085771889,NA,2396.382753,2081.743057,NA,,
2017-01-30,Atlantic,Florida Keys,Florida Keys,0,23.949,36.51374348,NA,NA,NA,8.067118642,NA,2397.206343,2072.903067,NA,,
2017-01-30,Atlantic,Florida Keys,Florida Keys,0,24.405,36.50719468,NA,NA,NA,8.055177949,NA,2387.293415,2067.200488,NA,,
2017-01-30,Atlantic,Florida Keys,Florida Keys,0,24.763,36.52029226,NA,NA,NA,8.064340641,NA,2387.280554,2058.006032,NA,,
2017-01-30,Atlantic,Florida Keys,Florida Keys,0,24.31,36.516363,NA,NA,NA,8.068236893,NA,2393.116049,2065.100533,NA,,
2017-01-30,Atlantic,Florida Keys,Florida Keys,0,24.041,36.52946051,NA,NA,NA,8.073464346,NA,2400.989636,2071.33845,NA,,
2017-01-30,Atlantic,Florida Keys,Florida Keys,0,21.443,36.22426366,NA,NA,NA,8.043682893,NA,2565.385221,2265.951532,NA,,
2017-01-31,Atlantic,Florida Keys,Florida Keys,0,20.095,35.06941718,NA,NA,NA,8.130073821,NA,2781.163195,2428.900849,NA,,
2017-01-31,Atlantic,Florida Keys,Florida Keys,0,22.681,36.46659159,NA,NA,NA,8.090300974,NA,2420.87369,2092.00522,NA,,
2017-01-31,Atlantic,Florida Keys,Florida Keys,0,24.035,36.50064586,NA,NA,NA,8.06117944,NA,2392.376577,2071.543399,NA,,
2017-01-31,Atlantic,Florida Keys,Florida Keys,0,24.1517,36.45349362,NA,NA,NA,8.06986888,NA,2389.762374,2063.01278,NA,,
2017-01-31,Atlantic,Florida Keys,Florida Keys,0,23.9164,36.50981421,NA,NA,NA,8.072993051,NA,2401.347942,2073.286356,NA,,
2017-01-31,Atlantic,Florida Keys,Florida Keys,0,21.412,35.83516083,NA,NA,NA,8.042118685,NA,2553.445744,2259.079917,NA,,
2017-01-31,Atlantic,Florida Keys,Florida Keys,0,19.9427,35.63293712,NA,NA,NA,8.118162922,NA,2648.204717,2313.205353,NA,,
2017-01-31,Atlantic,Florida Keys,Florida Keys,0,20.554,35.48129205,NA,NA,NA,8.076064655,NA,2530.258865,2227.685827,NA,,
2017-01-31,Atlantic,Florida Keys,Florida Keys,0,22.065,35.99762474,NA,NA,NA,8.054489113,NA,2469.687345,2167.795999,NA,,
2017-01-31,Atlantic,Florida Keys,Florida Keys,0,23.719,36.49278724,NA,NA,NA,8.048216199,NA,2390.766577,2081.037116,NA,,
2017-01-31,Atlantic,Florida Keys,Florida Keys,0,23.668,36.48492858,NA,NA,NA,8.067820062,NA,2393.806022,2072.228347,NA,,
2017-01-31,Atlantic,Florida Keys,Florida Keys,0,23.786,36.50553672,NA,NA,NA,8.069491658,NA,2393.454893,2069.609995,NA,,
2017-01-31,Atlantic,Florida Keys,Florida Keys,0,22.776,36.23439567,NA,NA,NA,8.01915775,NA,2463.910173,2175.601815,NA,,
2017-01-31,Atlantic,Florida Keys,Florida Keys,0,19.6742,36.46755325,NA,NA,NA,8.116387242,NA,2481.030826,2158.680618,NA,,
2017-01-31,Atlantic,Florida Keys,Florida Keys,0,20.29,37.03591111,NA,NA,NA,8.038245548,NA,2534.086052,2245.183885,NA,,
2017-01-31,Atlantic,Florida Keys,Florida Keys,0,21.945,36.38800233,NA,NA,NA,8.010008648,NA,2470.171173,2192.892928,NA,,
2017-01-31,Atlantic,Florida Keys,Florida Keys,0,23.818,36.54255792,NA,NA,NA,8.054338946,NA,2397.301708,2081.936759,NA,,
2017-01-31,Atlantic,Florida Keys,Florida Keys,0,23.728,36.52291176,NA,NA,NA,8.063983306,NA,2395.48215,2075.290089,NA,,
2017-01-31,Atlantic,Florida Keys,Florida Keys,0,23.837,36.52684101,NA,NA,NA,8.085289522,NA,2397.081201,2062.2563489999998,NA,,
2017-01-31,Atlantic,Florida Keys,Florida Keys,0,23.659,36.48719998,NA,NA,NA,8.081266506,NA,2394.196804,2064.207181,NA,,
2017-01-31,Atlantic,Florida Keys,Florida Keys,0,23.429,36.52256354,NA,NA,NA,8.08037543,NA,2391.752266,2064.459197,NA,,
2017-01-31,Atlantic,Florida Keys,Florida Keys,0,21.098,36.71246699,NA,NA,NA,8.035568966,NA,2417.808972,2135.022709,NA,,
2017-02-03,Atlantic,Florida Keys,Florida Keys,0,21.8,36.34346689,NA,NA,NA,8.039755367,NA,2555.777363,2255.400644,NA,,
2017-02-03,Atlantic,Florida Keys,Florida Keys,0,22.1,36.50064586,NA,NA,NA,8.05778677,NA,2486.986304,2177.521855,NA,,
2017-02-03,Atlantic,Florida Keys,Florida Keys,0,22.3,36.49540678,NA,NA,NA,8.052110788,NA,2491.824736,2183.625305,NA,,
2017-02-03,Atlantic,Florida Keys,Florida Keys,0,22.3,36.47706989,NA,NA,NA,8.05027665,NA,2489.846785,2183.085358,NA,,
2017-02-03,Atlantic,Florida Keys,Florida Keys,0,22.4,36.49016769,NA,NA,NA,8.060632742,NA,2484.747206,2171.009585,NA,,
2017-02-03,Atlantic,Florida Keys,Florida Keys,0,22.5,36.49933609,NA,NA,NA,8.075630928,NA,2472.871373,2149.811548,NA,,
2017-02-03,Atlantic,Florida Keys,Florida Keys,0,22.5,36.49374884,NA,NA,NA,8.065718241,NA,2470.660966,2154.068804,NA,,
2017-02-03,Atlantic,Florida Keys,Florida Keys,0,22.4,36.49278724,NA,NA,NA,8.062845083,NA,2488.853691,2173.347667,NA,,
2017-02-03,Atlantic,Florida Keys,Florida Keys,0,23.2,36.53469948,NA,NA,NA,8.075663288,NA,2428.911224,2103.081658,NA,,
2017-02-03,Atlantic,Florida Keys,Florida Keys,0,24,36.51470503,NA,NA,NA,8.071646141,NA,2398.260774,2070.523337,NA,,
2017-02-03,Atlantic,Florida Keys,Florida Keys,0,23.9,36.48754814,NA,NA,NA,8.070075043,NA,2394.431068,2069.198197,NA,,
2017-02-17,Atlantic,Florida Keys,Florida Keys,0,23.9,36.94198286,NA,NA,NA,8.082266594,NA,2441.975891,2100.790536,NA,,
2017-02-17,Atlantic,Florida Keys,Florida Keys,0,23.8,36.92757892,NA,NA,NA,8.092065258,NA,2443.23243,2096.616811,NA,,
2017-02-17,Atlantic,Florida Keys,Florida Keys,0,23.8,36.96162439,NA,NA,NA,8.099041507,NA,2446.927389,2095.072684,NA,,
2017-02-17,Atlantic,Florida Keys,Florida Keys,0,23.7,36.93150728,NA,NA,NA,8.099212297,NA,2449.555032,2098.548344,NA,,
2017-02-17,Atlantic,Florida Keys,Florida Keys,0,23.7,36.85162899,NA,NA,NA,8.094881739,NA,2433.611825,2087.707443,NA,,
2017-02-17,Atlantic,Florida Keys,Florida Keys,0,23.9,36.9432923,NA,NA,NA,8.090610719,NA,2445.20426,2098.237348,NA,,
2017-02-17,Atlantic,Florida Keys,Florida Keys,0,23.9,36.94067341,NA,NA,NA,8.090363471,NA,2446.432428,2099.524002,NA,,
2017-03-02,Atlantic,Florida Keys,Florida Keys,0,24.9,36.82936719,NA,NA,NA,8.032467756,NA,2415.707542,2100.086881,NA,,
2017-03-02,Atlantic,Florida Keys,Florida Keys,0,24.9,36.82151001,NA,NA,NA,8.018607185,NA,2409.258211,2102.817458,NA,,
2017-03-02,Atlantic,Florida Keys,Florida Keys,0,24.9,36.82639936,NA,NA,NA,8.01606193,NA,2408.114334,2103.291565,NA,,
2017-03-02,Atlantic,Florida Keys,Florida Keys,0,24.9,36.80841465,NA,NA,NA,8.015238678,NA,2405.339246,2101.395045,NA,,
2017-03-02,Atlantic,Florida Keys,Florida Keys,0,24.9,36.76388968,NA,NA,NA,8.022449044,NA,2414.25012,2105.430261,NA,,
2017-03-02,Atlantic,Florida Keys,Florida Keys,0,24.9,36.77305668,NA,NA,NA,8.026451463,NA,2409.207987,2098.319896,NA,,
2017-03-02,Atlantic,Florida Keys,Florida Keys,0,24.9,36.76746973,NA,NA,NA,8.018201752,NA,2410.437783,2104.532539,NA,,
2017-03-02,Atlantic,Florida Keys,Florida Keys,0,25.2,36.95603767,NA,NA,NA,8.025330818,NA,2422.383983,2106.881733,NA,,
2017-03-21,Atlantic,Florida Keys,Florida Keys,0,24,37.12852472,NA,NA,NA,8.073378527,NA,2389.726629,2057.021703,NA,,
2017-03-21,Atlantic,Florida Keys,Florida Keys,0,24.5,36.80020866,NA,NA,NA,8.073670899,NA,2387.811348,2052.884896,NA,,
2017-03-21,Atlantic,Florida Keys,Florida Keys,0,24.6,36.77532713,NA,NA,NA,8.085044038,NA,2395.425812,2051.653927,NA,,
2017-03-21,Atlantic,Florida Keys,Florida Keys,0,24.5,36.75699315,NA,NA,NA,8.08694831,NA,2392.021064,2048.473651,NA,,
2017-03-21,Atlantic,Florida Keys,Florida Keys,0,24.6,36.75044526,NA,NA,NA,8.084270452,NA,2389.571566,2047.092462,NA,,
2017-03-21,Atlantic,Florida Keys,Florida Keys,0,24.6,36.7687793,NA,NA,NA,8.092580019,NA,2394.860802,2046.296319,NA,,
2017-03-21,Atlantic,Florida Keys,Florida Keys,0,24.5,36.78842271,NA,NA,NA,8.080064774,NA,2391.521549,2052.21963,NA,,
2017-03-21,Atlantic,Florida Keys,Florida Keys,0,24.5,36.78807402,NA,NA,NA,8.061688596,NA,2379.137802,2052.744426,NA,,
2017-03-21,Atlantic,Florida Keys,Florida Keys,0,24.9,36.71115738,NA,NA,NA,8.056004471,NA,2375.613276,2049.982038,NA,,
2017-03-21,Atlantic,Florida Keys,Florida Keys,0,25.4,36.55102951,NA,NA,NA,8.025840571,NA,2370.707756,2060.827165,NA,,
2017-03-21,Atlantic,Florida Keys,Florida Keys,0,25.6,36.52911227,NA,NA,NA,8.04105242,NA,2374.140511,2052.892992,NA,,
2017-03-27,Atlantic,Florida Keys,Florida Keys,0,23.988,36.63484995,NA,NA,NA,8.042002994,NA,2382.752099,2074.055966,NA,,
2017-03-27,Atlantic,Florida Keys,Florida Keys,0,24.28,36.573643,NA,NA,NA,8.05661015,NA,2386.014129,2065.806625,NA,,
2017-03-27,Atlantic,Florida Keys,Florida Keys,0,24.64,36.62865002,NA,NA,NA,8.056980724,NA,2384.65271,2060.586273,NA,,
2017-03-27,Atlantic,Florida Keys,Florida Keys,0,23.997,36.64829498,NA,NA,NA,8.098769442,NA,2372.538226,2029.059525,NA,,
2017-03-27,Atlantic,Florida Keys,Florida Keys,0,24.509,36.55041632,NA,NA,NA,8.055615672,NA,2386.117051,2064.573202,NA,,
2017-03-27,Atlantic,Florida Keys,Florida Keys,0,25.081,36.56185556,NA,NA,NA,8.048036354,NA,2379.863522,2058.260343,NA,,
2017-03-27,Atlantic,Florida Keys,Florida Keys,0,24.456,37.07126378,NA,NA,NA,8.108749496,NA,2382.702572,2023.776965,NA,,
2017-03-27,Atlantic,Florida Keys,Florida Keys,0,24.022,36.76485059,NA,NA,NA,8.106978845,NA,2366.26188,2016.953302,NA,,
2017-03-28,Atlantic,Florida Keys,Florida Keys,0,25.922,36.51470503,NA,NA,NA,8.039403037,NA,2378.300483,2054.818643,NA,,
2017-03-28,Atlantic,Florida Keys,Florida Keys,0,25.763,36.54710033,NA,NA,NA,8.052876395,NA,2382.97733,2051.779842,NA,,
2017-03-28,Atlantic,Florida Keys,Florida Keys,0,24.873,36.78449405,NA,NA,NA,8.073231918,NA,2390.677026,2052.3112,NA,,
2017-03-28,Atlantic,Florida Keys,Florida Keys,0,24.55,36.77497846,NA,NA,NA,8.08787656,NA,2386.861351,2042.615121,NA,,
2017-03-28,Atlantic,Florida Keys,Florida Keys,0,25.058,36.67021052,NA,NA,NA,8.07800094,NA,2390.92304,2048.58009,NA,,
2017-03-28,Atlantic,Florida Keys,Florida Keys,0,25.262,36.54841006,NA,NA,NA,8.047584583,NA,2381.936843,2058.842955,NA,,
2017-03-28,Atlantic,Florida Keys,Florida Keys,0,26.262,36.44493863,NA,NA,NA,8.031868799,NA,2371.465685,2050.739055,NA,,
2017-03-28,Atlantic,Florida Keys,Florida Keys,0,25.175,36.57102358,NA,NA,NA,8.045782664,NA,2381.018643,2059.771883,NA,,
2017-03-28,Atlantic,Florida Keys,Florida Keys,0,24.254,36.77759758,NA,NA,NA,8.0659099,NA,2392.8315,2064.83823,NA,,
2017-03-28,Atlantic,Florida Keys,Florida Keys,0,23.888,36.95437925,NA,NA,NA,8.090115016,NA,2387.108539,2046.369937,NA,,
2017-03-28,Atlantic,Florida Keys,Florida Keys,0,24.194,36.88235921,NA,NA,NA,8.082419103,NA,2389.621476,2051.199054,NA,,
2017-03-28,Atlantic,Florida Keys,Florida Keys,0,24.305,36.70984777,NA,NA,NA,8.052607966,NA,2386.217533,2067.222026,NA,,
2017-03-28,Atlantic,Florida Keys,Florida Keys,0,25.647,36.5732947,NA,NA,NA,8.048594204,NA,2381.356259,2053.9121,NA,,
2017-03-28,Atlantic,Florida Keys,Florida Keys,0,26.24,36.47934131,NA,NA,NA,8.038341489,NA,2376.33193,2051.028606,NA,,
2017-03-28,Atlantic,Florida Keys,Florida Keys,0,25.72,36.55006805,NA,NA,NA,8.055446106,NA,2383.683974,2051.165519,NA,,
2017-03-28,Atlantic,Florida Keys,Florida Keys,0,24.348,36.77829494,NA,NA,NA,8.086407822,NA,2383.825841,2042.758131,NA,,
2017-03-28,Atlantic,Florida Keys,Florida Keys,0,24.048,37.12625541,NA,NA,NA,8.242637865,NA,2392.433103,1941.888446,NA,,
2017-03-28,Atlantic,Florida Keys,Florida Keys,0,24.243,37.19075959,NA,NA,NA,8.104244534,NA,2353.455936,2001.740726,NA,,
2017-03-28,Atlantic,Florida Keys,Florida Keys,0,25.212,36.65781102,NA,NA,NA,8.06849394,NA,2374.646809,2038.680935,NA,,
2017-03-28,Atlantic,Florida Keys,Florida Keys,0,26.05,36.46790138,NA,NA,NA,8.054683415,NA,2375.245748,2041.577463,NA,,
2017-03-28,Atlantic,Florida Keys,Florida Keys,0,26.203,36.43384648,NA,NA,NA,8.055223063,NA,2376.140478,2040.860061,NA,,
2017-03-28,Atlantic,Florida Keys,Florida Keys,0,26.554,36.44170536,NA,NA,NA,8.053918823,NA,2383.211623,2044.667679,NA,,
2017-03-28,Atlantic,Florida Keys,Florida Keys,0,26.156,36.49409701,NA,NA,NA,8.059222128,NA,2385.306964,2046.516146,NA,,
2017-03-28,Atlantic,Florida Keys,Florida Keys,0,26.342,36.45183571,NA,NA,NA,8.066906392,NA,2391.894336,2046.009844,NA,,
2017-03-28,Atlantic,Florida Keys,Florida Keys,0,25.649,36.65091429,NA,NA,NA,8.072455587,NA,2357.412376,2016.553546,NA,,
2017-04-08,Atlantic,Florida Keys,Florida Keys,0,23,37.70844944,NA,NA,NA,8.115206019,NA,2380.872351,2027.210626,NA,,
2017-04-08,Atlantic,Florida Keys,Florida Keys,0,24.6,37.24766702,NA,NA,NA,8.119735747,NA,2395.585677,2025.03534,NA,,
2017-04-08,Atlantic,Florida Keys,Florida Keys,0,24.6,37.35405972,NA,NA,NA,8.125455501,NA,2388.223524,2013.741611,NA,,
2017-04-08,Atlantic,Florida Keys,Florida Keys,0,24.6,37.3314546,NA,NA,NA,8.136180694,NA,2393.99608,2011.726754,NA,,
2017-04-08,Atlantic,Florida Keys,Florida Keys,0,24.6,37.29776598,NA,NA,NA,8.129941405,NA,2393.662444,2015.983093,NA,,
2017-04-08,Atlantic,Florida Keys,Florida Keys,0,24.7,37.22968744,NA,NA,NA,8.135211344,NA,2402.904736,2020.108237,NA,,
2017-04-08,Atlantic,Florida Keys,Florida Keys,0,24.6,37.26896384,NA,NA,NA,8.126066475,NA,2403.923509,2027.976541,NA,,
2017-04-08,Atlantic,Florida Keys,Florida Keys,0,24.6,37.29645681,NA,NA,NA,8.123910232,NA,2402.627389,2028.066137,NA,,
2017-04-08,Atlantic,Florida Keys,Florida Keys,0,24.7,36.82116125,NA,NA,NA,8.117979544,NA,2408.644349,2040.343321,NA,,
2017-04-08,Atlantic,Florida Keys,Florida Keys,0,25,36.61686295,NA,NA,NA,8.067084236,NA,2392.39393,2057.888187,NA,,
2017-04-08,Atlantic,Florida Keys,Florida Keys,0,25.2,36.56709443,NA,NA,NA,8.109291503,NA,2423.060746,2056.107764,NA,,
2017-04-24,Atlantic,Florida Keys,Florida Keys,0,25.3,36.53828045,NA,NA,NA,8.099712618,NA,2410.577897,2050.626485,NA,,
2017-04-24,Atlantic,Florida Keys,Florida Keys,0,25.4,36.51077576,NA,NA,NA,8.107950993,NA,2414.021982,2047.408547,NA,,
2017-04-24,Atlantic,Florida Keys,Florida Keys,0,25.7,36.40730195,NA,NA,NA,8.115951478,NA,2416.692593,2042.198379,NA,,
2017-04-24,Atlantic,Florida Keys,Florida Keys,0,25.6,36.44659651,NA,NA,NA,8.103349204,NA,2415.245669,2050.119579,NA,,
2017-04-24,Atlantic,Florida Keys,Florida Keys,0,25.5,36.48196087,NA,NA,NA,8.120358437,NA,2428.018794,2050.661052,NA,,
2017-04-24,Atlantic,Florida Keys,Florida Keys,0,25.4,36.53173175,NA,NA,NA,8.111657986,NA,2421.731719,2051.598582,NA,,
2017-04-24,Atlantic,Florida Keys,Florida Keys,0,25.4,36.55399723,NA,NA,NA,8.113470584,NA,2420.667164,2049.236441,NA,,
2017-05-13,Atlantic,Florida Keys,Florida Keys,0,27.4,36.82674813,NA,NA,NA,8.110845747,NA,2388.997083,2000.206889,NA,,
2017-05-13,Atlantic,Florida Keys,Florida Keys,0,27.5,36.84866116,NA,NA,NA,8.109636796,NA,2387.49851,1998.504528,NA,,
2017-05-13,Atlantic,Florida Keys,Florida Keys,0,27.5,36.84115288,NA,NA,NA,8.105900181,NA,2385.489128,1999.38302,NA,,
2017-05-13,Atlantic,Florida Keys,Florida Keys,0,27.5,36.83853384,NA,NA,NA,8.11102806,NA,2387.880273,1997.961313,NA,,
2017-05-13,Atlantic,Florida Keys,Florida Keys,0,27.5,36.78877142,NA,NA,NA,8.115468946,NA,2390.225601,1997.362455,NA,,
2017-05-13,Atlantic,Florida Keys,Florida Keys,0,27.5,36.78877142,NA,NA,NA,8.098370876,NA,2379.770326,1999.948434,NA,,
2017-05-13,Atlantic,Florida Keys,Florida Keys,0,27.5,36.85948603,NA,NA,NA,8.108877438,NA,2384.489934,1996.282159,NA,,
2017-05-27,Atlantic,Florida Keys,Florida Keys,0,30.3,37.29418806,NA,NA,NA,8.065479434,NA,2327.940078,1944.095549,NA,,
2017-05-27,Atlantic,Florida Keys,Florida Keys,0,29.3,36.99828801,NA,NA,NA,8.079770717,NA,2378.475797,1991.512881,NA,,
2017-05-27,Atlantic,Florida Keys,Florida Keys,0,29.7,36.96424325,NA,NA,NA,8.070830061,NA,2379.511269,1994.831873,NA,,
2017-05-27,Atlantic,Florida Keys,Florida Keys,0,29.7,36.87781899,NA,NA,NA,8.062466956,NA,2381.907309,2003.449169,NA,,
2017-05-27,Atlantic,Florida Keys,Florida Keys,0,29.4,36.88043797,NA,NA,NA,8.064456715,NA,2378.074847,2001.688788,NA,,
2017-05-27,Atlantic,Florida Keys,Florida Keys,0,29.5,37.04280711,NA,NA,NA,8.071631519,NA,2364.214557,1982.118665,NA,,
2017-05-27,Atlantic,Florida Keys,Florida Keys,0,29.4,37.038879,NA,NA,NA,8.072549296,NA,2363.587196,1981.978072,NA,,
2017-05-27,Atlantic,Florida Keys,Florida Keys,0,28.3,36.64209512,NA,NA,NA,8.020989795,NA,2387.738131,2051.81799,NA,,
2017-05-27,Atlantic,Florida Keys,Florida Keys,0,27.4,36.61328229,NA,NA,NA,8.031419083,NA,2377.030564,2044.187627,NA,,
2017-05-27,Atlantic,Florida Keys,Florida Keys,0,28.6,36.5526875,NA,NA,NA,8.019214579,NA,2378.086034,2042.14419,NA,,
2017-06-09,Atlantic,Florida Keys,Florida Keys,0,28.5,36.44659651,NA,NA,NA,8.005844504,NA,2261.297482,1946.96817,NA,,
2017-06-09,Atlantic,Florida Keys,Florida Keys,0,28.5,36.49898791,NA,NA,NA,8.011238569,NA,2265.457924,1947.03917,NA,,
2017-06-09,Atlantic,Florida Keys,Florida Keys,0,28.6,36.46921117,NA,NA,NA,8.016116173,NA,2262.952175,1941.109497,NA,,
2017-06-09,Atlantic,Florida Keys,Florida Keys,0,28.5,36.4596945,NA,NA,NA,8.022980618,NA,2269.915677,1944.109285,NA,,
2017-06-09,Atlantic,Florida Keys,Florida Keys,0,28.6,36.41419913,NA,NA,NA,8.0326285,NA,2276.75716,1943.659874,NA,,
2017-06-09,Atlantic,Florida Keys,Florida Keys,0,28.6,36.47968946,NA,NA,NA,8.026906391,NA,2268.564592,1939.386342,NA,,
2017-06-09,Atlantic,Florida Keys,Florida Keys,0,28.6,36.4626622,NA,NA,NA,8.02955708,NA,2264.755903,1934.441575,NA,,
2017-06-13,Atlantic,U.S. Virgin Islands,St. Croix,0,28.5,36.0316879,NA,NA,NA,8.061092055,NA,2355.821951,2000.062877,NA,,
2017-06-13,Atlantic,U.S. Virgin Islands,St. Croix,0,28.5,36.01858676,NA,NA,NA,8.072243815,NA,2365.245416,2001.167432,NA,,
2017-06-13,Atlantic,U.S. Virgin Islands,St. Croix,0,28.4,36.15710643,NA,NA,NA,8.039099547,NA,2367.135738,2024.49544,NA,,
2017-06-13,Atlantic,U.S. Virgin Islands,St. Croix,0,28.6,36.08933178,NA,NA,NA,8.031501983,NA,2358.323221,2020.128772,NA,,
2017-06-13,Atlantic,U.S. Virgin Islands,St. Croix,0,28.9,36.04085864,NA,NA,NA,8.032259749,NA,2358.385846,2017.251007,NA,,
2017-06-13,Atlantic,U.S. Virgin Islands,St. Croix,0,29,36.03430812,NA,NA,NA,8.04563661,NA,2379.916022,2026.9012,NA,,
2017-06-13,Atlantic,U.S. Virgin Islands,St. Croix,0,28.9,36.12994341,NA,NA,NA,8.02552158,NA,2357.211903,2019.82564,NA,,
2017-06-13,Atlantic,U.S. Virgin Islands,St. Croix,0,29.1,35.86398614,NA,NA,NA,8.024570555,NA,2333.341468,1999.215928,NA,,
2017-06-14,Atlantic,U.S. Virgin Islands,St. Croix,0,28.5,36.11553294,NA,NA,NA,8.040985806,NA,2359.985975,2016.244353,NA,,
2017-06-14,Atlantic,U.S. Virgin Islands,St. Croix,0,28.5,36.07623106,NA,NA,NA,8.037464604,NA,2358.199562,2017.230612,NA,,
2017-06-14,Atlantic,U.S. Virgin Islands,St. Croix,0,28.6,36.08636421,NA,NA,NA,8.010547456,NA,2357.211416,2032.453854,NA,,
2017-06-14,Atlantic,U.S. Virgin Islands,St. Croix,0,28.6,36.05133943,NA,NA,NA,8.045386324,NA,2365.723301,2018.084241,NA,,
2017-06-14,Atlantic,U.S. Virgin Islands,St. Croix,0,28.6,36.04871924,NA,NA,NA,8.012667469,NA,2361.914038,2035.653531,NA,,
2017-06-14,Atlantic,U.S. Virgin Islands,St. Croix,0,28.8,36.1456638,NA,NA,NA,8.063015718,NA,2360.901327,1999.454752,NA,,
2017-06-14,Atlantic,U.S. Virgin Islands,St. Croix,0,29,35.96749141,NA,NA,NA,8.051732512,NA,2356.955919,2002.919951,NA,,
2017-06-15,Atlantic,U.S. Virgin Islands,St. Croix,0,28.6,35.96225078,NA,NA,NA,8.041072648,NA,2347.334559,2005.12396,NA,,
2017-06-15,Atlantic,U.S. Virgin Islands,St. Croix,0,28.7,35.99893487,NA,NA,NA,8.045459739,NA,2363.848273,2015.822462,NA,,
2017-06-15,Atlantic,U.S. Virgin Islands,St. Croix,0,28.7,35.98190306,NA,NA,NA,8.033910323,NA,2358.75229,2018.874937,NA,,
2017-06-15,Atlantic,U.S. Virgin Islands,St. Croix,0,28.7,36.01430909,NA,NA,NA,8.031918944,NA,2345.935194,2008.391583,NA,,
2017-06-15,Atlantic,U.S. Virgin Islands,St. Croix,0,28.7,36.11553294,NA,NA,NA,8.04293869,NA,2371.852192,2023.692363,NA,,
2017-06-15,Atlantic,U.S. Virgin Islands,St. Croix,0,29.5,36.27011199,NA,NA,NA,8.05969683,NA,2341.951125,1976.913463,NA,,
2017-06-19,Atlantic,Florida Keys,Florida Keys,0,28.37,35.81288641,NA,NA,NA,8.019385928,NA,2213.826243,1901.836882,NA,,
2017-06-19,Atlantic,Florida Keys,Florida Keys,0,28.85,36.23474338,NA,NA,NA,8.054070721,NA,2313.907931,1962.242965,NA,,
2017-06-19,Atlantic,Florida Keys,Florida Keys,0,28.412,36.23343342,NA,NA,NA,8.035515517,NA,2355.660574,2015.793305,NA,,
2017-06-19,Atlantic,Florida Keys,Florida Keys,0,28.507,35.62935303,NA,NA,NA,7.993020123,NA,2198.012533,1903.246196,NA,,
2017-06-19,Atlantic,Florida Keys,Florida Keys,0,28.667,36.21509385,NA,NA,NA,8.034156357,NA,2353.280454,2012.268086,NA,,
2017-06-19,Atlantic,Florida Keys,Florida Keys,0,27.763,36.26487224,NA,NA,NA,8.019331992,NA,2366.030047,2041.226691,NA,,
2017-06-19,Atlantic,Florida Keys,Florida Keys,0,29.244,36.47968946,NA,NA,NA,8.058045086,NA,2279.868214,1923.569021,NA,,
2017-06-19,Atlantic,Florida Keys,Florida Keys,0,28.569,36.09195192,NA,NA,NA,8.011732106,NA,2350.614191,2026.000038,NA,,
2017-06-19,Atlantic,Florida Keys,Florida Keys,0,28.519,36.22426366,NA,NA,NA,7.993501135,NA,2350.755303,2036.90623,NA,,
2017-06-19,Atlantic,Florida Keys,Florida Keys,0,28.377,36.2950006,NA,NA,NA,8.016102563,NA,2364.548066,2036.019093,NA,,
2017-06-19,Atlantic,Florida Keys,Florida Keys,0,28.097,36.3775235,NA,NA,NA,8.04678679,NA,2389.995989,2041.117982,NA,,
2017-06-20,Atlantic,Florida Keys,Florida Keys,0,28.382,36.20950628,NA,NA,NA,8.039814502,NA,2378.634043,2034.097053,NA,,
2017-06-20,Atlantic,Florida Keys,Florida Keys,0,28.591,36.11291284,NA,NA,NA,8.027335351,NA,2349.714192,2014.958154,NA,,
2017-06-20,Atlantic,Florida Keys,Florida Keys,0,28.763,36.10636258,NA,NA,NA,8.055459676,NA,2364.138186,2008.035498,NA,,
2017-06-20,Atlantic,Florida Keys,Florida Keys,0,29.286,36.76127053,NA,NA,NA,8.003504057,NA,2276.506197,1952.708376,NA,,
2017-06-20,Atlantic,Florida Keys,Florida Keys,0,29.027,36.19544411,NA,NA,NA,8.00544303,NA,2357.038447,2030.742508,NA,,
2017-06-20,Atlantic,Florida Keys,Florida Keys,0,28.134,36.13614606,NA,NA,NA,8.030804045,NA,2362.754076,2028.564754,NA,,
2017-06-20,Atlantic,Florida Keys,Florida Keys,0,28.072,36.41909041,NA,NA,NA,8.041064455,NA,2390.807602,2045.497042,NA,,
2017-06-20,Atlantic,Florida Keys,Florida Keys,0,28.301,36.27011199,NA,NA,NA,8.036092071,NA,2383.526206,2041.193866,NA,,
2017-06-20,Atlantic,Florida Keys,Florida Keys,0,28.927,36.16138404,NA,NA,NA,8.029098736,NA,2350.967657,2011.4201640000001,NA,,
2017-06-20,Atlantic,Florida Keys,Florida Keys,0,28.893,36.26618218,NA,NA,NA,7.972232677,NA,2303.087563,2002.94527,NA,,
2017-06-20,Atlantic,Florida Keys,Florida Keys,0,29.314,36.58935947,NA,NA,NA,7.929162124,NA,2091.858713,1829.041332,NA,,
2017-06-20,Atlantic,Florida Keys,Florida Keys,0,29.321,36.59363691,NA,NA,NA,7.977619778,NA,2168.977659,1872.077656,NA,,
2017-06-20,Atlantic,Florida Keys,Florida Keys,0,28.197,36.36704462,NA,NA,NA,8.055487665,NA,2390.041524,2034.536204,NA,,
2017-06-20,Atlantic,Florida Keys,Florida Keys,0,27.949,36.62734035,NA,NA,NA,8.043216755,NA,2390.927944,2043.721875,NA,,
2017-06-20,Atlantic,Florida Keys,Florida Keys,0,28.173,36.39455157,NA,NA,NA,8.034090917,NA,2376.009027,2035.970761,NA,,
2017-06-20,Atlantic,Florida Keys,Florida Keys,0,28.21,36.16138404,NA,NA,NA,8.007382345,NA,2364.265086,2043.801832,NA,,
2017-06-20,Atlantic,Florida Keys,Florida Keys,0,28.243,36.01858676,NA,NA,NA,7.982869148,NA,2320.419619,2019.801033,NA,,
2017-06-20,Atlantic,Florida Keys,Florida Keys,0,29.194,36.09064185,NA,NA,NA,7.906739704,NA,2111.825672,1863.371618,NA,,
2017-06-20,Atlantic,Florida Keys,Florida Keys,0,28.879,36.20426636,NA,NA,NA,8.012471001,NA,2323.307759,1997.215505,NA,,
2017-06-20,Atlantic,Florida Keys,Florida Keys,0,28.25,36.24487532,NA,NA,NA,8.007532207,NA,2372.346961,2050.00968,NA,,
2017-06-20,Atlantic,Florida Keys,Florida Keys,0,28.013,36.66304962,NA,NA,NA,8.045213277,NA,2396.182662,2046.217725,NA,,
2017-06-20,Atlantic,Florida Keys,Florida Keys,0,27.938,36.32119876,NA,NA,NA,8.032465977,NA,2386.443381,2049.198887,NA,,
2017-06-20,Atlantic,Florida Keys,Florida Keys,0,28.328,36.17186413,NA,NA,NA,8.007104972,NA,2373.062706,2050.766895,NA,,
2017-06-20,Atlantic,Florida Keys,Florida Keys,0,28.413,36.01203616,NA,NA,NA,7.987319552,NA,2365.602058,2056.696448,NA,,
2017-06-20,Atlantic,Florida Keys,Florida Keys,0,29.395,36.03692833,NA,NA,NA,7.936875405,NA,2182.985766,1911.234236,NA,,
2017-06-22,Atlantic,U.S. Virgin Islands,St. Croix,0,28.4,36.04478894,NA,NA,NA,8.013818858,NA,2345.908033,2022.35861,NA,,
2017-06-22,Atlantic,U.S. Virgin Islands,St. Croix,0,28.3,36.17282654,NA,NA,NA,8.037277436,NA,2361.399319,2021.348101,NA,,
2017-06-23,Atlantic,U.S. Virgin Islands,St. Croix,0,28.9,35.92949649,NA,NA,NA,8.046721937,NA,2346.722222,1998.325518,NA,,
2017-06-23,Atlantic,U.S. Virgin Islands,St. Croix,0,28.3,36.12077312,NA,NA,NA,8.02350902,NA,2348.251665,2018.716329,NA,,
2017-06-23,Atlantic,U.S. Virgin Islands,St. Croix,0,28.2,35.98059292,NA,NA,NA,8.023404865,NA,2351.570231,2023.783983,NA,,
2017-06-23,Atlantic,U.S. Virgin Islands,St. Croix,0,28.3,36.08767427,NA,NA,NA,8.035003792,NA,2356.158701,2018.77577,NA,,
2017-06-23,Atlantic,U.S. Virgin Islands,St. Croix,0,28.3,36.06409293,NA,NA,NA,8.019141792,NA,2349.696387,2023.208367,NA,,
2017-06-26,Atlantic,Florida Keys,Florida Keys,0,30.2,36.48099924,NA,NA,NA,8.074650639,NA,2315.981645,1935.10758,NA,,
2017-06-26,Atlantic,Florida Keys,Florida Keys,0,29.9,36.40634013,NA,NA,NA,8.037982338,NA,2354.071967,1997.131261,NA,,
2017-06-26,Atlantic,Florida Keys,Florida Keys,0,29.9,36.40241062,NA,NA,NA,8.027870258,NA,2346.207455,1996.795422,NA,,
2017-06-26,Atlantic,Florida Keys,Florida Keys,0,29.9,36.41812862,NA,NA,NA,8.0402740090000009,NA,2353.480085,1994.98774,NA,,
2017-06-26,Atlantic,Florida Keys,Florida Keys,0,29.9,36.39979094,NA,NA,NA,8.062198351,NA,2361.383029,1987.438883,NA,,
2017-06-26,Atlantic,Florida Keys,Florida Keys,0,29.9,36.44301517,NA,NA,NA,8.076072917,NA,2361.809872,1977.955807,NA,,
2017-06-26,Atlantic,Florida Keys,Florida Keys,0,29.9,36.41681879,NA,NA,NA,8.052733555,NA,2356.800788,1989.628139,NA,,
2017-06-26,Atlantic,Florida Keys,Florida Keys,0,29.9,36.44432498,NA,NA,NA,8.069813242,NA,2360.490043,1981.077471,NA,,
2017-06-26,Atlantic,Florida Keys,Florida Keys,0,29.9,36.45314551,NA,NA,NA,8.049068436,NA,2364.539056,1998.672669,NA,,
2017-06-26,Atlantic,Florida Keys,Florida Keys,0,29,36.4351563,NA,NA,NA,8.015009999,NA,2372.768446,2037.218104,NA,,
2017-06-26,Atlantic,Florida Keys,Florida Keys,0,28.9,36.45183571,NA,NA,NA,8.017355448,NA,2377.409772,2040.69503,NA,,
2017-07-08,Atlantic,Florida Keys,Florida Keys,0,31.2,36.79662873,NA,NA,NA,8.063920912,NA,2268.791877,1888.139039,NA,,
2017-07-08,Atlantic,Florida Keys,Florida Keys,0,30.9,36.7596123,NA,NA,NA,8.08670477,NA,2350.275266,1947.378489,NA,,
2017-07-08,Atlantic,Florida Keys,Florida Keys,0,31,36.66304962,NA,NA,NA,8.081346571,NA,2346.574376,1947.712612,NA,,
2017-07-08,Atlantic,Florida Keys,Florida Keys,0,31,36.76388968,NA,NA,NA,8.080493161,NA,2347.946346,1948.64099,NA,,
2017-07-08,Atlantic,Florida Keys,Florida Keys,0,31,36.76258011,NA,NA,NA,8.090310428,NA,2358.193522,1950.692243,NA,,
2017-07-08,Atlantic,Florida Keys,Florida Keys,0,30.9,36.75865138,NA,NA,NA,8.094743257,NA,2366.146075,1955.577365,NA,,
2017-07-08,Atlantic,Florida Keys,Florida Keys,0,31,36.41943845,NA,NA,NA,8.101744843,NA,2368.467898,1954.554506,NA,,
2017-07-08,Atlantic,Florida Keys,Florida Keys,0,31.1,36.80282774,NA,NA,NA,8.095051126,NA,2354.791833,1942.924945,NA,,
2017-07-08,Atlantic,Florida Keys,Florida Keys,0,31.1,36.6525724,NA,NA,NA,8.070007162,NA,2390.2938,1993.207822,NA,,
2017-07-08,Atlantic,Florida Keys,Florida Keys,0,30,36.41254127,NA,NA,NA,8.025820313,NA,2391.045813,2037.194849,NA,,
2017-07-08,Atlantic,Florida Keys,Florida Keys,0,29.7,36.20985394,NA,NA,NA,8.006870086,NA,2371.795361,2036.767725,NA,,
2017-07-24,Atlantic,U.S. Virgin Islands,St. Thomas,0,29,35.52418596,NA,NA,NA,8.018845805,NA,2349.771028,2021.212487,NA,,
2017-07-24,Atlantic,U.S. Virgin Islands,St. Thomas,0,28.9,35.98286596,NA,NA,NA,8.010395389,NA,2353.808462,2027.520846,NA,,
2017-07-25,Atlantic,U.S. Virgin Islands,St. John,0,28.9,35.13883833,NA,NA,NA,8.023861024,NA,2304.93245,1981.630572,NA,,
2017-07-25,Atlantic,U.S. Virgin Islands,St. John,0,29,34.76440315,NA,NA,NA,8.01725399,NA,2298.575947,1981.981872,NA,,
2017-07-25,Atlantic,U.S. Virgin Islands,St. Thomas,0,28.6,35.77585166,NA,NA,NA,8.013747294,NA,2335.460275,2013.2178,NA,,
2017-07-25,Atlantic,U.S. Virgin Islands,St. John,0,29.1,34.98080605,NA,NA,NA,8.014965271,NA,2308.873516,1990.099987,NA,,
2017-07-25,Atlantic,U.S. Virgin Islands,St. Thomas,0,29,34.78537643,NA,NA,NA,8.005807928,NA,2275.596718,1967.992123,NA,,
2017-07-25,Atlantic,U.S. Virgin Islands,St. John,0,29.1,34.86410328,NA,NA,NA,8.006408624,NA,2298.484513,1986.845898,NA,,
2017-07-25,Atlantic,U.S. Virgin Islands,St. Thomas,0,28.9,35.56349436,NA,NA,NA,8.006172214,NA,2329.069623,2011.056281,NA,,
2017-07-25,Atlantic,U.S. Virgin Islands,St. Thomas,0,28.8,34.82601149,NA,NA,NA,8.017202896,NA,2297.106176,1981.995194,NA,,
2017-07-25,Atlantic,U.S. Virgin Islands,St. Thomas,0,28.8,35.75523371,NA,NA,NA,8.006046151,NA,2338.77579,2019.336702,NA,,
2017-07-25,Atlantic,U.S. Virgin Islands,St. Thomas,0,29.1,35.06976254,NA,NA,NA,8.015447831,NA,2304.723035,1985.369566,NA,,
2017-07-25,Atlantic,Florida Keys,Florida Keys,0,31.1,36.04871924,NA,NA,NA,8.030501444,NA,2363.159213,2001.469123,NA,,
2017-07-25,Atlantic,Florida Keys,Florida Keys,0,31.1,36.06933326,NA,NA,NA,8.018567329,NA,2373.233105,2018.23242,NA,,
2017-07-25,Atlantic,Florida Keys,Florida Keys,0,31.1,36.05885259,NA,NA,NA,8.019043019,NA,2370.141664,2015.24181,NA,,
2017-07-25,Atlantic,Florida Keys,Florida Keys,0,31.1,36.11649549,NA,NA,NA,8.010595117,NA,2369.615859,2019.881535,NA,,
2017-07-25,Atlantic,Florida Keys,Florida Keys,0,31.2,35.98810652,NA,NA,NA,8.017059021,NA,2373.877535,2019.50648,NA,,
2017-07-25,Atlantic,Florida Keys,Florida Keys,0,31.3,36.0041754,NA,NA,NA,8.020758284,NA,2369.783719,2012.295573,NA,,
2017-07-25,Atlantic,Florida Keys,Florida Keys,0,31.2,36.06968067,NA,NA,NA,8.026162931,NA,2373.838935,2012.736127,NA,,
2017-07-26,Atlantic,U.S. Virgin Islands,St. John,0,29.1,34.74998388,NA,NA,NA,8.030617746,NA,2295.321496,1970.031912,NA,,
2017-07-26,Atlantic,U.S. Virgin Islands,St. Thomas,0,29.3,34.87327328,NA,NA,NA,8.003617063,NA,2284.036137,1973.638102,NA,,
2017-07-26,Atlantic,U.S. Virgin Islands,St. Thomas,0,29,35.17299351,NA,NA,NA,7.994439955,NA,2302.038031,1995.82743,NA,,
2017-07-27,Atlantic,U.S. Virgin Islands,St. Thomas,0,29.3,34.70506962,NA,NA,NA,7.991491751,NA,2264.898424,1964.828473,NA,,
2017-07-27,Atlantic,U.S. Virgin Islands,St. John,0,29.3,34.6251044,NA,NA,NA,8.021019055,NA,2276.026341,1957.7524,NA,,
2017-07-27,Atlantic,U.S. Virgin Islands,St. Thomas,0,30,34.76799065,NA,NA,NA,8.007163565,NA,2280.109463,1962.545222,NA,,
2017-07-27,Atlantic,U.S. Virgin Islands,St. John,0,29.7,34.8313529,NA,NA,NA,8.003260854,NA,2279.50497,1966.5512430000001,NA,,
2017-07-27,Atlantic,U.S. Virgin Islands,St. Thomas,0,29.7,34.74474048,NA,NA,NA,8.003090431,NA,2284.985517,1972.269722,NA,,
2017-07-27,Atlantic,U.S. Virgin Islands,St. Thomas,0,29.6,34.94008194,NA,NA,NA,7.999844445,NA,2292.463353,1980.380537,NA,,
2017-07-27,Atlantic,U.S. Virgin Islands,St. Thomas,0,29.6,35.09561415,NA,NA,NA,7.993432532,NA,2297.86836,1987.969573,NA,,
2017-07-27,Atlantic,U.S. Virgin Islands,St. John,0,29.7,34.48124062,NA,NA,NA,8.023742673,NA,2285.670934,1962.30116,NA,,
2017-07-27,Atlantic,U.S. Virgin Islands,St. John,0,29.7,34.86279327,NA,NA,NA,8.087818624,NA,2272.598182,1906.598087,NA,,
2017-07-28,Atlantic,U.S. Virgin Islands,St. Thomas,0,29.3,34.61758352,NA,NA,NA,8.008080642,NA,2276.277154,1965.889634,NA,,
2017-07-28,Atlantic,U.S. Virgin Islands,St. Thomas,0,28.8,35.79419566,NA,NA,NA,8.009174541,NA,2355.014536,2031.75041,NA,,
2017-07-31,Atlantic,Florida Keys,Florida Keys,0,30.608,36.75865138,NA,NA,NA,7.955522354,NA,2269.539518,1964.032768,NA,,
2017-07-31,Atlantic,Florida Keys,Florida Keys,0,30.229,35.60838937,NA,NA,NA,8.020635876,NA,2348.268098,2006.594933,NA,,
2017-07-31,Atlantic,Florida Keys,Florida Keys,0,30.138,35.69617308,NA,NA,NA,8.017721328,NA,2340.143088,2001.337525,NA,,
2017-07-31,Atlantic,Florida Keys,Florida Keys,0,30.041,41.03198515,NA,NA,NA,8.006863299,NA,2056.230534,1715.485685,NA,,
2017-07-31,Atlantic,Florida Keys,Florida Keys,0,30.46,36.44956421,NA,NA,NA,7.991383879,NA,2274.153957,1949.857076,NA,,
2017-07-31,Atlantic,Florida Keys,Florida Keys,0,30.37,35.99893487,NA,NA,NA,8.013800912,NA,2317.166456,1978.672129,NA,,
2017-07-31,Atlantic,Florida Keys,Florida Keys,0,30.41,35.83909158,NA,NA,NA,8.054074511,NA,2422.589618,2046.941547,NA,,
2017-07-31,Atlantic,Florida Keys,Florida Keys,0,30.47,36.01203616,NA,NA,NA,8.022135593,NA,2362.8127,2013.093212,NA,,
2017-07-31,Atlantic,Florida Keys,Florida Keys,0,30.52,36.71508621,NA,NA,NA,7.936025061,NA,2263.541464,1971.253822,NA,,
2017-07-31,Atlantic,U.S. Virgin Islands,St. John,0,29.6,34.08907226,NA,NA,NA,8.026196048,NA,2270.655369,1951.282899,NA,,
2017-07-31,Atlantic,U.S. Virgin Islands,St. Thomas,0,29.4,34.62282728,NA,NA,NA,7.988109548,NA,2267.791751,1969.204736,NA,,
2017-07-31,Atlantic,U.S. Virgin Islands,St. John,0,29.7,34.43010946,NA,NA,NA,8.018191127,NA,2265.179551,1947.664802,NA,,
2017-07-31,Atlantic,U.S. Virgin Islands,St. Thomas,0,29.5,34.70017099,NA,NA,NA,7.992808137,NA,2270.496087,1967.431443,NA,,
2017-07-31,Atlantic,Florida Keys,Florida Keys,0,30.69,36.21640383,NA,NA,NA,7.915261842,NA,2216.322881,1942.153416,NA,,
2017-07-31,Atlantic,Florida Keys,Florida Keys,0,30.51,35.24114059,NA,NA,NA,7.990901452,NA,2355.478516,2032.300836,NA,,
2017-07-31,Atlantic,Florida Keys,Florida Keys,0,30.1,35.42756784,NA,NA,NA,8.003545495,NA,2345.095149,2017.28283,NA,,
2017-07-31,Atlantic,U.S. Virgin Islands,St. John,0,29.5,34.95580128,NA,NA,NA,8.011663935,NA,2292.409965,1973.885783,NA,,
2017-07-31,Atlantic,U.S. Virgin Islands,St. John,0,29.5,35.03953863,NA,NA,NA,8.007817485,NA,2291.453199,1974.732244,NA,,
2017-07-31,Atlantic,Florida Keys,Florida Keys,0,30.177,35.57825369,NA,NA,NA,7.989974147,NA,2293.258847,1977.122631,NA,,
2017-07-31,Atlantic,Florida Keys,Florida Keys,0,30.111,34.91746757,NA,NA,NA,8.034913141,NA,2360.945977,2015.442926,NA,,
2017-07-31,Atlantic,Florida Keys,Florida Keys,0,29.891,35.24017595,NA,NA,NA,7.977408907,NA,2354.962478,2045.756811,NA,,
2017-07-31,Atlantic,Florida Keys,Florida Keys,0,30.039,35.62673259,NA,NA,NA,7.99978972,NA,2356.243664,2028.694968,NA,,
2017-07-31,Atlantic,Florida Keys,Florida Keys,0,30.08,35.67127963,NA,NA,NA,8.013390973,NA,2370.437077,2032.053427,NA,,
2017-08-01,Atlantic,Florida Keys,Florida Keys,0,30.05,35.93045951,NA,NA,NA,8.016602203,NA,2389.000057,2044.838836,NA,,
2017-08-01,Atlantic,Florida Keys,Florida Keys,0,29.69,36.01954956,NA,NA,NA,8.014168317,NA,2379.108231,2040.239675,NA,,
2017-08-01,Atlantic,Florida Keys,Florida Keys,0,30.29,35.96356094,NA,NA,NA,7.992758431,NA,2325.397988,2000.410028,NA,,
2017-08-01,Atlantic,Florida Keys,Florida Keys,0,29.95,36.56351358,NA,NA,NA,7.947148864,NA,2232.343922,1942.236034,NA,,
2017-08-01,Atlantic,Florida Keys,Florida Keys,0,30.45,36.39979094,NA,NA,NA,7.987522626,NA,2115.396933,1809.703912,NA,,
2017-08-01,Atlantic,Florida Keys,Florida Keys,0,30.43,35.9504593,NA,NA,NA,7.995891167,NA,2251.872175,1931.085589,NA,,
2017-08-01,Atlantic,Florida Keys,Florida Keys,0,29.66,35.52977351,NA,NA,NA,8.035931271,NA,2380.758581,2031.792857,NA,,
2017-08-01,Atlantic,Florida Keys,Florida Keys,0,30.04,35.6696228,NA,NA,NA,8.028962342,NA,2395.202922,2044.501438,NA,,
2017-08-01,Atlantic,Florida Keys,Florida Keys,0,29.72,35.90460284,NA,NA,NA,8.022416129,NA,2370.017679,2027.374782,NA,,
2017-08-01,Atlantic,Florida Keys,Florida Keys,0,30.88,36.03692833,NA,NA,NA,8.002220987,NA,2238.730187,1910.65028,NA,,
2017-08-01,Atlantic,U.S. Virgin Islands,St. John,0,29.4,34.58612066,NA,NA,NA,8.007761364,NA,2263.579565,1953.973216,NA,,
2017-08-01,Atlantic,Florida Keys,Florida Keys,0,29.51,36.13387352,NA,NA,NA,7.892058056,NA,2146.746547,1900.574122,NA,,
2017-08-01,Atlantic,U.S. Virgin Islands,St. Thomas,0,28.9,35.89508431,NA,NA,NA,8.01134037,NA,2343.037908,2017.895139,NA,,
2017-08-01,Atlantic,U.S. Virgin Islands,St. Thomas,0,29,35.88494971,NA,NA,NA,7.930589566,NA,2309.576193,2034.940484,NA,,
2017-08-01,Atlantic,U.S. Virgin Islands,St. John,0,30.1,35.00292087,NA,NA,NA,8.001347005,NA,2285.631662,1968.37249,NA,,
2017-08-01,Atlantic,Florida Keys,Florida Keys,0,29.03,36.32119876,NA,NA,NA,7.672843695,NA,2169.271723,2025.472522,NA,,
2017-08-01,Atlantic,Florida Keys,Florida Keys,0,30.85,36.11029274,NA,NA,NA,7.944548043,NA,2299.24555,2000.186953,NA,,
2017-08-01,Atlantic,Florida Keys,Florida Keys,0,30.14,36.39193188,NA,NA,NA,7.970190333,NA,2387.907976,2069.110047,NA,,
2017-08-01,Atlantic,U.S. Virgin Islands,St. John,0,29.9,34.67919674,NA,NA,NA,8.001629384,NA,2269.645731,1958.041946,NA,,
2017-08-01,Atlantic,Florida Keys,Florida Keys,0,29.99,35.99858759,NA,NA,NA,8.00896797,NA,2384.92729,2046.165618,NA,,
2017-08-01,Atlantic,U.S. Virgin Islands,St. Thomas,0,29.5,34.27757406,NA,NA,NA,7.995676114,NA,2249.907592,1950.267946,NA,,
2017-08-01,Atlantic,U.S. Virgin Islands,St. Thomas,0,29.5,35.81681721,NA,NA,NA,7.956712164,NA,2306.567415,2013.342223,NA,,
2017-08-01,Atlantic,U.S. Virgin Islands,St. Thomas,0,29.7,34.46026391,NA,NA,NA,8.014883883,NA,2257.149883,1942.204609,NA,,
2017-08-01,Atlantic,Florida Keys,Florida Keys,0,30.552,35.36301271,NA,NA,NA,8.000738073,NA,2379.705787,2046.553225,NA,,
2017-08-01,Atlantic,Florida Keys,Florida Keys,0,30.692,35.47605073,NA,NA,NA,8.009558536,NA,2387.78783,2045.906207,NA,,
2017-08-01,Atlantic,Florida Keys,Florida Keys,0,30.675,35.94783896,NA,NA,NA,7.962763733,NA,2312.25122,2003.724417,NA,,
2017-08-01,Atlantic,Florida Keys,Florida Keys,0,31.501,36.47706989,NA,NA,NA,7.94815796,NA,2249.188661,1944.316815,NA,,
2017-08-02,Atlantic,U.S. Virgin Islands,St. Thomas,0,29.2,34.31210913,NA,NA,NA,7.997668083,NA,2252.267851,1953.544786,NA,,
2017-08-02,Atlantic,U.S. Virgin Islands,St. John,0,29.2,34.85362322,NA,NA,NA,8.018153675,NA,2289.205777,1970.497519,NA,,
2017-08-02,Atlantic,U.S. Virgin Islands,St. John,0,29.2,34.86410328,NA,NA,NA,8.000409749,NA,2280.182779,1973.032008,NA,,
2017-08-02,Atlantic,U.S. Virgin Islands,St. Thomas,0,29.4,34.40092128,NA,NA,NA,8.012449555,NA,2260.574939,1949.864983,NA,,
2017-08-02,Atlantic,U.S. Virgin Islands,St. John,0,29.2,34.92698239,NA,NA,NA,8.013140779,NA,2284.816082,1969.036207,NA,,
2017-08-02,Atlantic,U.S. Virgin Islands,St. Thomas,0,29.7,34.54810233,NA,NA,NA,7.995839153,NA,2264.238987,1959.378399,NA,,
2017-08-02,Atlantic,U.S. Virgin Islands,St. John,0,29.4,34.63165906,NA,NA,NA,8.018281586,NA,2270.816022,1953.785268,NA,,
2017-08-03,Atlantic,U.S. Virgin Islands,St. Thomas,0,29.4,34.43666482,NA,NA,NA,8.001100317,NA,2259.928993,1955.792704,NA,,
2017-08-03,Atlantic,Florida Keys,Florida Keys,0,30.7,36.56875246,NA,NA,NA,7.958127471,NA,2259.519605,1953.966868,NA,,
2017-08-03,Atlantic,Florida Keys,Florida Keys,0,30.4,36.38800233,NA,NA,NA,7.97857877,NA,2320.605395,2000.700047,NA,,
2017-08-03,Atlantic,Florida Keys,Florida Keys,0,30.5,36.38407278,NA,NA,NA,7.976675728,NA,2325.510928,2005.440087,NA,,
2017-08-03,Atlantic,Florida Keys,Florida Keys,0,30.5,36.43384648,NA,NA,NA,7.98555766,NA,2319.657016,1994.228787,NA,,
2017-08-03,Atlantic,Florida Keys,Florida Keys,0,30.5,36.47183075,NA,NA,NA,7.993452815,NA,2324.325674,1993.158303,NA,,
2017-08-03,Atlantic,Florida Keys,Florida Keys,0,30.6,36.42860721,NA,NA,NA,7.983070176,NA,2318.641148,1994.002684,NA,,
2017-08-03,Atlantic,Florida Keys,Florida Keys,0,30.5,36.38145307,NA,NA,NA,7.985897186,NA,2326.696005,2000.758512,NA,,
2017-08-03,Atlantic,Florida Keys,Florida Keys,0,30.7,36.4626622,NA,NA,NA,7.957880109,NA,2297.520383,1989.316271,NA,,
2017-08-03,Atlantic,Florida Keys,Florida Keys,0,30.7,36.45611322,NA,NA,NA,7.964503515,NA,2299.190697,1986.836866,NA,,
2017-08-03,Atlantic,U.S. Virgin Islands,St. John,0,29.2,34.97681702,NA,NA,NA,8.005952846,NA,2285.661822,1973.786038,NA,,
2017-08-03,Atlantic,U.S. Virgin Islands,St. Thomas,0,29.3,34.42748731,NA,NA,NA,7.9856613339999996,NA,2255.798332,1962.0595,NA,,
2017-08-03,Atlantic,U.S. Virgin Islands,St. Thomas,0,34.9,34.38553243,NA,NA,NA,7.927893262,NA,2262.034404,1954.400047,NA,,
2017-08-03,Atlantic,U.S. Virgin Islands,St. John,0,29.5,34.52843737,NA,NA,NA,8.020405304,NA,2268.545456,1950.358529,NA,,
2017-08-04,Atlantic,U.S. Virgin Islands,St. John,0,29.2,34.64118032,NA,NA,NA,7.993474036,NA,2259.12855,1959.764518,NA,,
2017-08-04,Atlantic,U.S. Virgin Islands,St. Thomas,0,29.2,34.57004438,NA,NA,NA,7.98443784,NA,2266.113657,1971.93673,NA,,
2017-08-04,Atlantic,U.S. Virgin Islands,St. John,0,29.4,34.9230525,NA,NA,NA,7.982421138,NA,2269.864229,1972.203681,NA,,
2017-08-16,Atlantic,Florida Keys,Florida Keys,0,30.7,35.99727746,NA,NA,NA,8.000421991,NA,2372.433779,2033.790854,NA,,
2017-08-16,Atlantic,Florida Keys,Florida Keys,0,30.3,35.78537058,NA,NA,NA,7.984283083,NA,2378.481585,2054.909404,NA,,
2017-08-16,Atlantic,Florida Keys,Florida Keys,0,31.2,35.9923842,NA,NA,NA,8.026055503,NA,2378.635088,2017.722582,NA,,
2017-08-16,Atlantic,Florida Keys,Florida Keys,0,32.1,36.27666166,NA,NA,NA,8.006887105,NA,2336.344155,1981.717245,NA,,
2017-08-16,Atlantic,Florida Keys,Florida Keys,0,32,36.25046285,NA,NA,NA,8.026087523,NA,2346.653328,1979.266443,NA,,
2017-08-16,Atlantic,Florida Keys,Florida Keys,0,31.9,36.18426893,NA,NA,NA,8.01955071,NA,2341.984274,1981.023008,NA,,
2017-08-16,Atlantic,Florida Keys,Florida Keys,0,32.1,36.41943845,NA,NA,NA,8.008408472,NA,2340.129258,1982.923072,NA,,
2017-08-16,Atlantic,Florida Keys,Florida Keys,0,32.1,36.30906179,NA,NA,NA,8.009582986,NA,2335.522006,1978.936552,NA,,
2017-08-16,Atlantic,Florida Keys,Florida Keys,0,32.1,36.61590166,NA,NA,NA,7.947264713,NA,2334.277121,2015.522813,NA,,
2017-08-16,Atlantic,Florida Keys,Florida Keys,0,32.2,36.28190137,NA,NA,NA,7.952813773,NA,2310.301709,1992.02849,NA,,
2017-08-16,Atlantic,Florida Keys,Florida Keys,0,32.2,36.28286351,NA,NA,NA,8.003688238,NA,2333.643919,1980.41022,NA,,
2017-08-16,Atlantic,U.S. Virgin Islands,St. Thomas,15,28.89,34.9650565,NA,NA,NA,7.996403598,NA,2284.251505,1980.753569,NA,,
2017-08-17,Atlantic,U.S. Virgin Islands,St. Thomas,15,28.89,35.0746566,NA,NA,NA,7.98119657,NA,2290.597677,1994.712757,NA,,
2017-08-17,Atlantic,U.S. Virgin Islands,St. Thomas,15,28.89,35.01863165,NA,NA,NA,7.978688029,NA,2285.122988,1991.619521,NA,,
2017-08-17,Atlantic,U.S. Virgin Islands,St. Thomas,15,28.89,34.90078301,NA,NA,NA,7.987879139,NA,2272.929479,1976.010211,NA,,
2017-08-17,Atlantic,U.S. Virgin Islands,St. Thomas,15,28.89,34.99645464,NA,NA,NA,8.006071615,NA,2282.931183,1973.525249,NA,,
2017-08-18,Atlantic,U.S. Virgin Islands,St. Thomas,15,28.89,35.05797376,NA,NA,NA,7.97545625,NA,2281.151406,1989.607324,NA,,
2017-08-18,Atlantic,U.S. Virgin Islands,St. Thomas,15,28.89,34.99257489,NA,NA,NA,7.978475932,NA,2286.000347,1992.732785,NA,,
2017-09-05,Atlantic,Florida Keys,Florida Keys,0,33.5,35.08382556,NA,NA,NA,7.977278861,NA,2369.325385,2027.043167,NA,,
2017-09-05,Atlantic,Florida Keys,Florida Keys,0,30.4,35.60707914,NA,NA,NA,8.022303272,NA,2377.015857,2029.639368,NA,,
2017-09-05,Atlantic,Florida Keys,Florida Keys,0,30.6,35.59659721,NA,NA,NA,8.029885154,NA,2378.603548,2024.234259,NA,,
2017-09-05,Atlantic,Florida Keys,Florida Keys,0,31,36.18496416,NA,NA,NA,7.980781437,NA,2355.061854,2026.465871,NA,,
2017-09-05,Atlantic,Florida Keys,Florida Keys,0,31,36.21902378,NA,NA,NA,7.978477484,NA,2355.301373,2027.879175,NA,,
2017-09-05,Atlantic,Florida Keys,Florida Keys,0,31,36.19413412,NA,NA,NA,7.979839312,NA,2355.491165,2027.379577,NA,,
2017-09-05,Atlantic,Florida Keys,Florida Keys,0,31,36.23212346,NA,NA,NA,7.981189364,NA,2359.740584,2030.056063,NA,,
2017-09-05,Atlantic,Florida Keys,Florida Keys,0,31.1,36.19771645,NA,NA,NA,7.978736554,NA,2354.027077,2025.812174,NA,,
2017-09-05,Atlantic,Florida Keys,Florida Keys,0,31.1,36.22391597,NA,NA,NA,7.961639777,NA,2350.467226,2033.143575,NA,,
2017-09-05,Atlantic,Florida Keys,Florida Keys,0,31.2,36.21081626,NA,NA,NA,7.963438229,NA,2355.210468,2035.506303,NA,,
2017-09-05,Atlantic,Florida Keys,Florida Keys,0,31.3,36.50815624,NA,NA,NA,7.985014013,NA,2328.780186,1994.845494,NA,,
2017-09-27,Atlantic,Florida Keys,Florida Keys,0,30.1,34.94663168,NA,NA,NA,7.875641792,NA,2396.853881,2143.67882,NA,,
2017-09-27,Atlantic,Florida Keys,Florida Keys,0,30.1,34.95948526,NA,NA,NA,7.879957728,NA,2395.986927,2140.399504,NA,,
2017-09-27,Atlantic,Florida Keys,Florida Keys,0,30.1,34.71983413,NA,NA,NA,7.897543615,NA,2395.880346,2132.095003,NA,,
2017-09-27,Atlantic,Florida Keys,Florida Keys,0,30.2,34.91650268,NA,NA,NA,7.912184099,NA,2410.776551,2135.239452,NA,,
2017-09-27,Atlantic,Florida Keys,Florida Keys,0,30.2,34.98465733,NA,NA,NA,7.909539664,NA,2414.340439,2139.563352,NA,,
2017-09-27,Atlantic,Florida Keys,Florida Keys,0,30.4,34.94663168,NA,NA,NA,7.900485351,NA,2409.724929,2139.149504,NA,,
2017-09-27,Atlantic,Florida Keys,Florida Keys,0,30.4,34.95545613,NA,NA,NA,7.900327529,NA,2407.539412,2137.166682,NA,,
2017-10-09,Atlantic,Florida Keys,Florida Keys,0,28.58,33.82806623,NA,NA,NA,7.889594569,NA,2493.79926,2245.45557,NA,,
2017-10-09,Atlantic,Florida Keys,Florida Keys,0,29.1,35.18906576,NA,NA,NA,8.028073088,NA,2383.689355,2047.593271,NA,,
2017-10-09,Atlantic,Florida Keys,Florida Keys,0,29,35.13525437,NA,NA,NA,8.0267533190000009,NA,2383.232266,2049.39497,NA,,
2017-10-09,Atlantic,Florida Keys,Florida Keys,0,28.68,35.05011454,NA,NA,NA,7.955247586,NA,2402.364642,2114.227129,NA,,
2017-10-09,Atlantic,Florida Keys,Florida Keys,0,29,35.18644468,NA,NA,NA,8.021618893,NA,2385.012347,2053.861369,NA,,
2017-10-09,Atlantic,Florida Keys,Florida Keys,0,28.9,34.86672328,NA,NA,NA,7.944950988,NA,2377.757375,2097.182105,NA,,
2017-10-09,Atlantic,Florida Keys,Florida Keys,0,28.97,35.23100243,NA,NA,NA,8.033737924,NA,2377.218099,2039.027386,NA,,
2017-10-09,Atlantic,Florida Keys,Florida Keys,0,28.9,34.86934328,NA,NA,NA,7.950456417,NA,2380.258552,2096.249718,NA,,
2017-10-09,Atlantic,Florida Keys,Florida Keys,0,28.8,34.85362322,NA,NA,NA,7.945019442,NA,2371.80761,2092.621655,NA,,
2017-10-09,Atlantic,Florida Keys,Florida Keys,0,28.9,34.82076831,NA,NA,NA,7.944430535,NA,2371.508602,2092.085608,NA,,
2017-10-09,Atlantic,Florida Keys,Florida Keys,0,28.9,34.86017326,NA,NA,NA,7.937202303,NA,2370.819087,2095.33542,NA,,
2017-10-09,Atlantic,Florida Keys,Florida Keys,0,28.9,34.87030829,NA,NA,NA,7.934668436,NA,2368.554126,2094.635816,NA,,
2017-10-09,Atlantic,Florida Keys,Florida Keys,0,28.9,34.86375829,NA,NA,NA,7.948578023,NA,2373.157798,2090.883525,NA,,
2017-10-09,Atlantic,Florida Keys,Florida Keys,0,29,34.51139424,NA,NA,NA,7.809656456,NA,2373.417548,2167.241444,NA,,
2017-10-09,Atlantic,Florida Keys,Florida Keys,0,29.09,35.31321647,NA,NA,NA,8.027750325,NA,2378.25992,2042.017478,NA,,
2017-10-09,Atlantic,Florida Keys,Florida Keys,0,29.01,35.07762168,NA,NA,NA,8.023340755,NA,2377.019738,2046.343226,NA,,
2017-10-09,Atlantic,Florida Keys,Florida Keys,0,29.3,34.7119689,NA,NA,NA,7.9039591830000004,NA,2419.284289,2156.611673,NA,,
2017-10-09,Atlantic,Florida Keys,Florida Keys,0,29.103,34.58874259,NA,NA,NA,7.840785548,NA,2467.280956,2238.080094,NA,,
2017-10-09,Atlantic,Florida Keys,Florida Keys,0,29.123,34.9161576,NA,NA,NA,7.894891778,NA,2400.327619,2144.197763,NA,,
2017-10-09,Atlantic,Florida Keys,Florida Keys,0,29.36,34.89161315,NA,NA,NA,7.961684018,NA,2392.847525,2097.002046,NA,,
2017-10-09,Atlantic,Florida Keys,Florida Keys,0,29.3,35.1746498,NA,NA,NA,7.9999973110000004,NA,2385.104174,2064.906266,NA,,
2017-10-09,Atlantic,Florida Keys,Florida Keys,0,29.407,35.90818632,NA,NA,NA,8.02739666,NA,2375.986961,2032.438132,NA,,
2017-10-10,Atlantic,Florida Keys,Florida Keys,0,29.316,35.67189654,NA,NA,NA,8.007309937,NA,2380.275233,2051.914085,NA,,
2017-10-10,Atlantic,Florida Keys,Florida Keys,0,29.414,35.67521019,NA,NA,NA,8.030951428,NA,2379.70238,2035.267894,NA,,
2017-10-10,Atlantic,Florida Keys,Florida Keys,0,29.398,35.11788128,NA,NA,NA,8.018780163,NA,2382.210586,2049.986793,NA,,
2017-10-10,Atlantic,Florida Keys,Florida Keys,0,29.32,34.79813955,NA,NA,NA,7.942867199,NA,2372.631356,2090.659136,NA,,
2017-10-10,Atlantic,Florida Keys,Florida Keys,0,29.101,34.67002044,NA,NA,NA,7.904989294,NA,2374.433687,2116.512599,NA,,
2017-10-10,Atlantic,Florida Keys,Florida Keys,0,29.219,35.01732495,NA,NA,NA,7.983906675,NA,2388.107888,2079.524131,NA,,
2017-10-10,Atlantic,Florida Keys,Florida Keys,0,29.417,35.40004995,NA,NA,NA,8.009470391,NA,2379.502412,2051.04857,NA,,
2017-10-10,Atlantic,Florida Keys,Florida Keys,0,29.239,35.85970841,NA,NA,NA,8.026202262,NA,2387.871338,2045.86172,NA,,
2017-10-10,Atlantic,Florida Keys,Florida Keys,0,29.088,35.5992177,NA,NA,NA,8.026793944,NA,2387.863116,2048.989381,NA,,
2017-10-10,Atlantic,Florida Keys,Florida Keys,0,28.64,34.9296023,NA,NA,NA,7.959449762,NA,2397.732681,2108.729809,NA,,
2017-10-10,Atlantic,Florida Keys,Florida Keys,0,28.833,34.86279327,NA,NA,NA,7.921344477,NA,2381.533122,2114.745932,NA,,
2017-10-10,Atlantic,Florida Keys,Florida Keys,0,28.664,34.8467282,NA,NA,NA,7.896734117,NA,2379.607116,2128.110338,NA,,
2017-10-10,Atlantic,Florida Keys,Florida Keys,0,28.788,34.90340297,NA,NA,NA,8.019138452,NA,2404.374395,2077.109224,NA,,
2017-10-10,Atlantic,Florida Keys,Florida Keys,0,29.066,35.63817798,NA,NA,NA,7.998873034,NA,2372.934659,2053.149069,NA,,
2017-10-10,Atlantic,Florida Keys,Florida Keys,0,28.92,35.93011237,NA,NA,NA,8.019677102,NA,2378.824532,2044.388069,NA,,
2017-10-10,Atlantic,Florida Keys,Florida Keys,0,28.952,35.75060912,NA,NA,NA,8.012063742,NA,2375.297795,2047.168548,NA,,
2017-10-10,Atlantic,Florida Keys,Florida Keys,0,28.957,34.97647268,NA,NA,NA,7.981740773,NA,2377.155053,2073.525364,NA,,
2017-10-10,Atlantic,Florida Keys,Florida Keys,0,28.858,34.47137441,NA,NA,NA,7.90677167,NA,2334.006564,2081.450275,NA,,
2017-10-10,Atlantic,Florida Keys,Florida Keys,0,29.27,34.46254155,NA,NA,NA,7.895408032,NA,2332.511189,2083.076704,NA,,
2017-10-10,Atlantic,Florida Keys,Florida Keys,0,28.971,34.85686332,NA,NA,NA,7.975691574,NA,2369.944449,2071.38469,NA,,
2017-10-10,Atlantic,Florida Keys,Florida Keys,0,29.222,35.76633274,NA,NA,NA,8.00036128,NA,2375.396002,2052.028085,NA,,
2017-10-10,Atlantic,Florida Keys,Florida Keys,0,29.337,35.76667959,NA,NA,NA,8.005794475,NA,2376.798778,2048.804761,NA,,
2017-10-11,Atlantic,Florida Keys,Florida Keys,0,29.45,35.56183766,NA,NA,NA,8.003543865,NA,2381.277442,2054.825209,NA,,
2017-10-11,Atlantic,Florida Keys,Florida Keys,0,29.246,34.93615208,NA,NA,NA,7.987526724,NA,2374.341361,2065.194229,NA,,
2017-10-11,Atlantic,Florida Keys,Florida Keys,0,29.168,34.48517373,NA,NA,NA,7.910229123,NA,2358.240222,2099.391419,NA,,
2017-10-24,Atlantic,Florida Keys,Florida Keys,0,27.8,35.58969948,NA,NA,NA,7.877460378,NA,2424.945748,2182.559768,NA,,
2017-10-24,Atlantic,Florida Keys,Florida Keys,0,27.8,35.62018146,NA,NA,NA,7.869110027,NA,2416.994329,2179.455508,NA,,
2017-10-24,Atlantic,Florida Keys,Florida Keys,0,27.9,35.80336758,NA,NA,NA,7.908191915,NA,2396.748615,2137.334819,NA,,
2017-10-24,Atlantic,Florida Keys,Florida Keys,0,27.9,35.82991981,NA,NA,NA,7.912768884,NA,2396.869622,2134.705678,NA,,
2017-10-24,Atlantic,Florida Keys,Florida Keys,0,27.9,35.730337660000004,NA,NA,NA,7.90066215,NA,2409.447373,2153.757521,NA,,
2017-10-24,Atlantic,Florida Keys,Florida Keys,0,27.9,35.65948787,NA,NA,NA,7.868443247,NA,2418.752986,2180.433118,NA,,
2017-10-24,Atlantic,Florida Keys,Florida Keys,0,27.9,35.66045145,NA,NA,NA,7.865497599,NA,2416.99342,2180.363831,NA,,
2017-11-07,Atlantic,Florida Keys,Florida Keys,0,26,35.36597961,NA,NA,NA,8.012599084,NA,2478.38879,2170.306582,NA,,
2017-11-07,Atlantic,Florida Keys,Florida Keys,0,25.5,35.30176841,NA,NA,NA,8.004700896,NA,2504.171777,2203.686953,NA,,
2017-11-07,Atlantic,Florida Keys,Florida Keys,0,25.4,35.30142243,NA,NA,NA,8.004890291,NA,2504.416624,2204.697377,NA,,
2017-11-07,Atlantic,Florida Keys,Florida Keys,0,25.4,35.30701022,NA,NA,NA,8.000511323,NA,2501.060839,2204.248725,NA,,
2017-11-07,Atlantic,Florida Keys,Florida Keys,0,25.5,35.31714781,NA,NA,NA,8.002905203,NA,2499.100559,2200.031841,NA,,
2017-11-07,Atlantic,Florida Keys,Florida Keys,0,25.5,35.33715037,NA,NA,NA,8.015299906,NA,2502.275064,2195.17973,NA,,
2017-11-07,Atlantic,Florida Keys,Florida Keys,0,25.6,35.32894175,NA,NA,NA,8.009433812,NA,2499.933754,2195.810837,NA,,
2017-11-07,Atlantic,Florida Keys,Florida Keys,0,25.6,35.32632088,NA,NA,NA,8.008334772,NA,2501.745769,2198.159691,NA,,
2017-11-07,Atlantic,Florida Keys,Florida Keys,0,26.2,35.75523371,NA,NA,NA,8.039093946,NA,2441.996277,2115.856158,NA,,
2017-11-07,Atlantic,Florida Keys,Florida Keys,0,26.9,35.89770472,NA,NA,NA,8.027314668,NA,2394.245233,2072.486229,NA,,
2017-11-07,Atlantic,Florida Keys,Florida Keys,0,27,35.9177048,NA,NA,NA,8.041019574,NA,2388.964274,2057.99155,NA,,
2017-11-19,Atlantic,Florida Keys,Florida Keys,0,24.6,34.84838317,NA,NA,NA,8.026321241,NA,2478.357785,2178.443799,NA,,
2017-11-19,Atlantic,Florida Keys,Florida Keys,0,24.6,34.84707315,NA,NA,NA,8.016534622,NA,2473.865135,2180.238607,NA,,
2017-11-19,Atlantic,Florida Keys,Florida Keys,0,24.6,34.88375322,NA,NA,NA,8.029197846,NA,2476.217296,2174.478231,NA,,
2017-11-19,Atlantic,Florida Keys,Florida Keys,0,24.6,34.88899318,NA,NA,NA,8.019742911,NA,2472.335428,2176.604617,NA,,
2017-11-19,Atlantic,Florida Keys,Florida Keys,0,24.6,34.86410328,NA,NA,NA,8.020928996,NA,2472.882084,2176.577112,NA,,
2017-11-19,Atlantic,Florida Keys,Florida Keys,0,24.6,34.82732229,NA,NA,NA,8.014219322,NA,2473.597094,2181.522448,NA,,
2017-11-19,Atlantic,Florida Keys,Florida Keys,0,24.6,34.8247007,NA,NA,NA,8.015367163,NA,2474.152041,2181.36468,NA,,
2017-12-03,Atlantic,Florida Keys,Florida Keys,0,26,36.19378648,NA,NA,NA,8.067948028,NA,2401.228918,2059.05925,NA,,
2017-12-03,Atlantic,Florida Keys,Florida Keys,0,25.9,36.0316879,NA,NA,NA,8.076957734,NA,2404.438923,2058.350356,NA,,
2017-12-03,Atlantic,Florida Keys,Florida Keys,0,24.8,35.88363949,NA,NA,NA,8.07297753,NA,2448.71347,2112.525637,NA,,
2017-12-03,Atlantic,Florida Keys,Florida Keys,0,24.3,34.47302991,NA,NA,NA,8.010151113,NA,2504.322786,2217.358278,NA,,
2017-12-03,Atlantic,Florida Keys,Florida Keys,0,24.6,35.14669717,NA,NA,NA,8.062033949,NA,2487.717043,2162.508418,NA,,
2017-12-03,Atlantic,Florida Keys,Florida Keys,0,24.5,35.14669717,NA,NA,NA,8.060182181,NA,2485.274873,2162.410724,NA,,
2017-12-03,Atlantic,Florida Keys,Florida Keys,0,24.6,35.18478838,NA,NA,NA,8.064319697,NA,2487.914942,2160.933416,NA,,
2017-12-03,Atlantic,Florida Keys,Florida Keys,0,24.6,35.18775522,NA,NA,NA,8.069916213,NA,2487.421061,2156.888924,NA,,
2017-12-03,Atlantic,Florida Keys,Florida Keys,0,24.6,35.13752852,NA,NA,NA,8.064701657,NA,2485.65715,2159.020509,NA,,
2017-12-03,Atlantic,Florida Keys,Florida Keys,0,24.6,35.07727631,NA,NA,NA,8.062252375,NA,2487.171691,2162.423814,NA,,
2017-12-03,Atlantic,Florida Keys,Florida Keys,0,24.6,35.10740266,NA,NA,NA,8.06345153,NA,2489.424729,2163.464987,NA,,
2018-01-08,Atlantic,Florida Keys,Florida Keys,0,19.25,35.9308,NA,NA,NA,8.0721,NA,2417.4669,2135.1394,NA,,
2018-01-08,Atlantic,Florida Keys,Florida Keys,0,22.34,36.4378,NA,NA,NA,8.0796,NA,2389.9066,2074.0622,NA,,
2018-01-08,Atlantic,Florida Keys,Florida Keys,0,24.44,36.405,NA,NA,NA,8.0621,NA,2385.8654,2062.0566,NA,,
2018-01-08,Atlantic,Florida Keys,Florida Keys,0,17.68,33.5985,NA,NA,NA,8.136,NA,2593.4694,2290.0723,NA,,
2018-01-08,Atlantic,Florida Keys,Florida Keys,0,18.76,35.7959,NA,NA,NA,8.1287,NA,2434.7557,2122.754,NA,,
2018-01-09,Atlantic,Florida Keys,Florida Keys,0,17.79,35.0567,NA,NA,NA,8.1349,NA,2491.4661,2185.279,NA,,
2018-01-09,Atlantic,Florida Keys,Florida Keys,0,18.46,35.5216,NA,NA,NA,8.1287,NA,2477.182,2166.2488,NA,,
2018-01-09,Atlantic,Florida Keys,Florida Keys,0,24,36.4273,NA,NA,NA,8.0584,NA,2388.6987,2070.8049,NA,,
2018-01-09,Atlantic,Florida Keys,Florida Keys,0,24.33,36.426,NA,NA,NA,8.0506,NA,2390.2705,2074.0644,NA,,
2018-01-09,Atlantic,Florida Keys,Florida Keys,0,19.92,35.9374,NA,NA,NA,8.0942,NA,2454.2672,2149.7238,NA,,
2018-01-09,Atlantic,Florida Keys,Florida Keys,0,24.37,36.3919,NA,NA,NA,8.0576,NA,2394.6606,2073.567,NA,,
2018-01-09,Atlantic,Florida Keys,Florida Keys,0,19.27,33.2548,NA,NA,NA,7.9688,NA,2274.0574,2072.6722,NA,,
2018-01-09,Atlantic,Florida Keys,Florida Keys,0,24.01,36.2452,NA,NA,NA,8.0546,NA,2395.728,2080.807,NA,,
2018-01-09,Atlantic,Florida Keys,Florida Keys,0,24.41,36.3828,NA,NA,NA,8.0509,NA,2392.1525,2075.1552,NA,,
2018-01-09,Atlantic,Florida Keys,Florida Keys,0,23.73,36.165,NA,NA,NA,8.0555,NA,2387.4258,2075.9023,NA,,
2018-01-09,Atlantic,Florida Keys,Florida Keys,0,20.8,34.9974,NA,NA,NA,8.0307,NA,2341.4833,2081.741,NA,,
2018-01-09,Atlantic,Florida Keys,Florida Keys,0,20.16,34.5324,NA,NA,NA,8.0088,NA,2323.6828,2085.0557,NA,,
2018-02-05,Atlantic,Florida Keys,Florida Keys,0,22.6,35.9229,NA,NA,NA,8.0023,NA,2526.5974,2246.9126,NA,,
2018-02-05,Atlantic,Florida Keys,Florida Keys,0,22.6,36.2596,NA,NA,NA,8.053,NA,2460.3122,2153.3222,NA,,
2018-02-05,Atlantic,Florida Keys,Florida Keys,0,22.7,36.2688,NA,NA,NA,8.0531,NA,2459.653,2151.7165,NA,,
2018-02-05,Atlantic,Florida Keys,Florida Keys,0,22.7,36.2134,NA,NA,NA,8.0398,NA,2458.0093,2158.7011,NA,,
2018-02-05,Atlantic,Florida Keys,Florida Keys,0,22.7,36.2252,NA,NA,NA,8.0517,NA,2462.0259,2155.0363,NA,,
2018-02-05,Atlantic,Florida Keys,Florida Keys,0,22.8,36.3356,NA,NA,NA,8.0498,NA,2450.1978,2143.6555,NA,,
2018-02-05,Atlantic,Florida Keys,Florida Keys,0,22.8,36.2881,NA,NA,NA,8.0585,NA,2459.5563,2147.2101,NA,,
2018-02-05,Atlantic,Florida Keys,Florida Keys,0,22.8,36.2518,NA,NA,NA,8.0492,NA,2462.4402,2155.8434,NA,,
2018-02-05,Atlantic,Florida Keys,Florida Keys,0,23.6,36.5308,NA,NA,NA,8.0425,NA,2389.3607,2084.0088,NA,,
2018-02-05,Atlantic,Florida Keys,Florida Keys,0,23.6,36.4378,NA,NA,NA,8.0539,NA,2386.5829,2075.2694,NA,,
2018-02-05,Atlantic,Florida Keys,Florida Keys,0,23.8,36.4283,NA,NA,NA,8.0496,NA,2386.3068,2075.8819,NA,,
2018-02-16,Atlantic,Florida Keys,Florida Keys,0,24.7,36.6182,NA,NA,NA,8.0814,NA,2454.3202,2107.2478,NA,,
2018-02-16,Atlantic,Florida Keys,Florida Keys,0,24.8,36.6457,NA,NA,NA,8.072,NA,2442.4136,2101.4739,NA,,
2018-02-16,Atlantic,Florida Keys,Florida Keys,0,24.8,36.6575,NA,NA,NA,8.071,NA,2436.7453,2096.9309,NA,,
2018-02-16,Atlantic,Florida Keys,Florida Keys,0,24.8,36.6513,NA,NA,NA,8.0662,NA,2447.3317,2109.5793,NA,,
2018-02-16,Atlantic,Florida Keys,Florida Keys,0,24.8,36.6369,NA,NA,NA,8.0686,NA,2447.1986,2108.0129,NA,,
2018-02-16,Atlantic,Florida Keys,Florida Keys,0,24.8,36.6617,NA,NA,NA,8.0857,NA,2447.7627,2097.1418,NA,,
2018-02-16,Atlantic,Florida Keys,Florida Keys,0,24.8,36.6195,NA,NA,NA,8.0687,NA,2452.1582,2112.5779000000002,NA,,
2018-03-01,Atlantic,Florida Keys,Florida Keys,0,25.5,36.5068,NA,NA,NA,8.0719,NA,2385.9334,2045.0497,NA,,
2018-03-01,Atlantic,Florida Keys,Florida Keys,0,25.5,36.608,NA,NA,NA,8.1277,NA,2387.9156,2008.9798,NA,,
2018-03-01,Atlantic,Florida Keys,Florida Keys,0,25.5,36.5907,NA,NA,NA,8.1368,NA,2383.9943,1999.414,NA,,
2018-03-01,Atlantic,Florida Keys,Florida Keys,0,25.5,36.5779,NA,NA,NA,8.1415,NA,2385.0274,1997.2147,NA,,
2018-03-01,Atlantic,Florida Keys,Florida Keys,0,25.5,36.5989,NA,NA,NA,8.133,NA,2387.1861,2004.7966,NA,,
2018-03-01,Atlantic,Florida Keys,Florida Keys,0,25.5,36.5959,NA,NA,NA,8.1274,NA,2383.8321,2005.6794,NA,,
2018-03-01,Atlantic,Florida Keys,Florida Keys,0,25.6,36.5989,NA,NA,NA,8.1323,NA,2381.2546,1998.9894,NA,,
2018-03-01,Atlantic,Florida Keys,Florida Keys,0,25.5,36.3261,NA,NA,NA,8.0971,NA,2380.1171,2024.8718,NA,,
2018-03-01,Atlantic,Florida Keys,Florida Keys,0,25.6,36.1876,NA,NA,NA,8.0632,NA,2369.0725,2037.0022,NA,,
2018-03-08,Atlantic,Florida Keys,Florida Keys,0,25.36,36.2871,NA,NA,NA,8.0598,NA,2373.19,2044.339,NA,,
2018-03-08,Atlantic,Florida Keys,Florida Keys,0,24.53,36.3575,NA,NA,NA,8.0883,NA,2385.6577,2044.7698,NA,,
2018-03-08,Atlantic,Florida Keys,Florida Keys,0,23.6,36.5619,NA,NA,NA,8.1781,NA,2384.6151,1991.4631,NA,,
2018-03-08,Atlantic,Florida Keys,Florida Keys,0,25.06,36.3815,NA,NA,NA,8.0783,NA,2387.1849,2047.2598,NA,,
2018-03-08,Atlantic,Florida Keys,Florida Keys,0,23.97,36.4283,NA,NA,NA,8.092,NA,2383.7489,2045.4441,NA,,
2018-03-08,Atlantic,Florida Keys,Florida Keys,0,23.01,36.7678,NA,NA,NA,8.2005,NA,2387.356,1982.6705,NA,,
2018-03-08,Atlantic,Florida Keys,Florida Keys,0,24.66,36.3094,NA,NA,NA,8.0691,NA,2379.2267,2050.3217,NA,,
2018-03-08,Atlantic,Florida Keys,Florida Keys,0,24.55,36.3395,NA,NA,NA,8.0713,NA,2377.0099,2047.7502,NA,,
2018-03-08,Atlantic,Florida Keys,Florida Keys,0,24.47,36.3539,NA,NA,NA,8.0722,NA,2373.2759,2044.446,NA,,
2018-03-08,Atlantic,Florida Keys,Florida Keys,0,24.99,36.3549,NA,NA,NA,8.0633,NA,2374.9193,2046.6541,NA,,
2018-03-08,Atlantic,Florida Keys,Florida Keys,0,24.43,36.3539,NA,NA,NA,8.0854,NA,2374.6208,2037.6615,NA,,
2018-03-08,Atlantic,Florida Keys,Florida Keys,0,23.72,36.5517,NA,NA,NA,8.1687,NA,2378.7079,1991.5388,NA,,
2018-03-09,Atlantic,Florida Keys,Florida Keys,0,24.84,36.3772,NA,NA,NA,8.0806,NA,2378.5774,2040.1845,NA,,
2018-03-09,Atlantic,Florida Keys,Florida Keys,0,24.6,36.3759,NA,NA,NA,8.0839,NA,2392.3285,2052.7544,NA,,
2018-03-09,Atlantic,Florida Keys,Florida Keys,0,23.97,36.3762,NA,NA,NA,8.0918,NA,2394.8169,2055.9753,NA,,
2018-03-09,Atlantic,Florida Keys,Florida Keys,0,22.74,36.3762,NA,NA,NA,8.1075,NA,2392.5719,2055.7188,NA,,
2018-03-09,Atlantic,Florida Keys,Florida Keys,0,24.79,36.33,NA,NA,NA,8.0672,NA,2380.5403,2051.303,NA,,
2018-03-09,Atlantic,Florida Keys,Florida Keys,0,24.55,36.381100000000004,NA,NA,NA,8.0713,NA,2380.0602,2050.2008,NA,,
2018-03-09,Atlantic,Florida Keys,Florida Keys,0,23.5,36.5085,NA,NA,NA,8.126,NA,2385.8389,2029.1691,NA,,
2018-03-09,Atlantic,Florida Keys,Florida Keys,0,22.38,37.0926,NA,NA,NA,8.1809,NA,2376.1294,1990.1754,NA,,
2018-03-09,Atlantic,Florida Keys,Florida Keys,0,24.09,36.4234,NA,NA,NA,8.0755,NA,2387.0487,2057.812,NA,,
2018-03-09,Atlantic,Florida Keys,Florida Keys,0,22.87,36.3002,NA,NA,NA,8.2287,NA,2436.8042,2011.4694,NA,,
2018-03-09,Atlantic,Florida Keys,Florida Keys,0,23.89,36.367,NA,NA,NA,8.1015,NA,2385.3557,2042.071,NA,,
2018-03-09,Atlantic,Florida Keys,Florida Keys,0,24,36.464,NA,NA,NA,8.0979,NA,2397.7134,2053.6383,NA,,
2018-03-09,Atlantic,Florida Keys,Florida Keys,0,24.71,36.3628,NA,NA,NA,8.0669,NA,2378.6699,2050.3141,NA,,
2018-03-09,Atlantic,Florida Keys,Florida Keys,0,24.36,36.3526,NA,NA,NA,8.0827,NA,2378.8201,2043.838,NA,,
2018-03-09,Atlantic,Florida Keys,Florida Keys,0,22.63,35.6552,NA,NA,NA,8.0992,NA,2329.0985,2010.2746,NA,,
2018-03-09,Atlantic,Florida Keys,Florida Keys,0,22.04,35.992,NA,NA,NA,8.1005,NA,2333.5619,2016.337,NA,,
2018-03-09,Atlantic,Florida Keys,Florida Keys,0,24.65,36.3605,NA,NA,NA,8.0702,NA,2384.2054,2053.8073,NA,,
2018-03-09,Atlantic,Florida Keys,Florida Keys,0,24.76,36.3474,NA,NA,NA,8.0736,NA,2383.5238,2050.1006,NA,,
2018-03-09,Atlantic,Florida Keys,Florida Keys,0,23.64,36.2976,NA,NA,NA,8.0895,NA,2387.4046,2054.5202,NA,,
2018-03-09,Atlantic,Florida Keys,Florida Keys,0,23.42,36.0933,NA,NA,NA,8.1137,NA,2393.929,2048.5813,NA,,
2018-03-25,Atlantic,Florida Keys,Florida Keys,0,22.7,36.7439,NA,NA,NA,8.1851,NA,2409.2038,2016.1575,NA,,
2018-03-25,Atlantic,Florida Keys,Florida Keys,0,22.6,36.6509,NA,NA,NA,8.1827,NA,2412.9879,2023.0189,NA,,
2018-03-25,Atlantic,Florida Keys,Florida Keys,0,22.6,36.5923,NA,NA,NA,8.1616,NA,2407.4325,2033.0619,NA,,
2018-03-25,Atlantic,Florida Keys,Florida Keys,0,22.8,36.7413,NA,NA,NA,8.2046,NA,2417.8031,2008.977,NA,,
2018-03-25,Atlantic,Florida Keys,Florida Keys,0,22.8,36.7613,NA,NA,NA,8.2085,NA,2415.9757,2004.4094,NA,,
2018-03-25,Atlantic,Florida Keys,Florida Keys,0,22.8,36.7783,NA,NA,NA,8.2047,NA,2414.5171,2005.7016,NA,,
2018-03-25,Atlantic,Florida Keys,Florida Keys,0,24.4,36.4558,NA,NA,NA,8.075,NA,2391.0219,2058.5486,NA,,
2018-04-05,Atlantic,Florida Keys,Florida Keys,0,26.6,37.234,NA,NA,NA,8.1201,NA,2317.2426,1935.1794,NA,,
2018-04-05,Atlantic,Florida Keys,Florida Keys,0,25.6,36.6683,NA,NA,NA,8.1284,NA,2371.0248,1992.0067,NA,,
2018-04-05,Atlantic,Florida Keys,Florida Keys,0,25.7,36.6591,NA,NA,NA,8.1479,NA,2387.6043,1992.2641,NA,,
2018-04-05,Atlantic,Florida Keys,Florida Keys,0,25.6,36.6225,NA,NA,NA,8.1529,NA,2396.6344,1998.0764,NA,,
2018-04-05,Atlantic,Florida Keys,Florida Keys,0,25.6,36.6316,NA,NA,NA,8.1641,NA,2396.0459,1989.6204,NA,,
2018-04-05,Atlantic,Florida Keys,Florida Keys,0,25.7,36.6892,NA,NA,NA,8.1538,NA,2382.4143,1983.2898,NA,,
2018-04-05,Atlantic,Florida Keys,Florida Keys,0,25.7,36.6657,NA,NA,NA,8.1473,NA,2386.9939,1992.0593,NA,,
2018-04-05,Atlantic,Florida Keys,Florida Keys,0,25.7,36.6552,NA,NA,NA,8.1418,NA,2385.2824,1994.5147,NA,,
2018-04-05,Atlantic,Florida Keys,Florida Keys,0,25.5,36.5085,NA,NA,NA,8.0674,NA,2392.9581,2054.2722,NA,,
2018-04-05,Atlantic,Florida Keys,Florida Keys,0,25.3,36.4142,NA,NA,NA,8.0523,NA,2381.716,2056.3672,NA,,
2018-04-05,Atlantic,Florida Keys,Florida Keys,0,25.5,36.3762,NA,NA,NA,8.0509,NA,2380.209,2054.3258,NA,,
2018-04-23,Atlantic,Florida Keys,Florida Keys,0,26.8,36.4627,NA,NA,NA,8.183,NA,2349.6243,1924.174,NA,,
2018-04-23,Atlantic,Florida Keys,Florida Keys,0,26.9,36.4889,NA,NA,NA,8.1907,NA,2352.6055,1919.842,NA,,
2018-04-23,Atlantic,Florida Keys,Florida Keys,0,26.7,36.443,NA,NA,NA,8.199,NA,2370.0718,1931.5718,NA,,
2018-04-23,Atlantic,Florida Keys,Florida Keys,0,26.7,36.4404,NA,NA,NA,8.2022,NA,2375.0776,1933.5766,NA,,
2018-04-23,Atlantic,Florida Keys,Florida Keys,0,26.9,36.4561,NA,NA,NA,8.2091,NA,2357.3604,1910.7614,NA,,
2018-04-23,Atlantic,Florida Keys,Florida Keys,0,27,36.4875,NA,NA,NA,8.2043,NA,2337.8344,1896.0754,NA,,
2018-04-23,Atlantic,Florida Keys,Florida Keys,0,27,36.4836,NA,NA,NA,8.2023,NA,2338.4124,1898.0331,NA,,
2018-04-30,Atlantic,Florida Keys,Florida Keys,0,26.61,36.5674,NA,NA,NA,8.0701,NA,2381.09,2030.71,NA,,
2018-04-30,Atlantic,Florida Keys,Florida Keys,0,27.33,26.9571,NA,NA,NA,8.2226,NA,2406.5,2032.7,NA,,
2018-04-30,Atlantic,Florida Keys,Florida Keys,0,28.13,36.7325,NA,NA,NA,8.2213,NA,2314.23,1848.3,NA,,
2018-04-30,Atlantic,Florida Keys,Florida Keys,0,27.98,36.8058,NA,NA,NA,8.221,NA,2300.34,1837.66,NA,,
2018-04-30,Atlantic,Florida Keys,Florida Keys,0,26.99,36.5976,NA,NA,NA,8.0962,NA,2386.58,2014.22,NA,,
2018-04-30,Atlantic,Florida Keys,Florida Keys,0,26.35,36.6067,NA,NA,NA,8.0799,NA,2379,2024.6,NA,,
2018-04-30,Atlantic,Florida Keys,Florida Keys,0,26.53,36.7325,NA,NA,NA,8.151,NA,2295.99,1900.32,NA,,
2018-04-30,Atlantic,Florida Keys,Florida Keys,0,26.31,36.722,NA,NA,NA,8.1322,NA,2306.54,1924.78,NA,,
2018-04-30,Atlantic,Florida Keys,Florida Keys,0,25.88,36.4954,NA,NA,NA,8.0559,NA,2395.22,2060.15,NA,,
2018-04-30,Atlantic,Florida Keys,Florida Keys,0,27.06,36.7835,NA,NA,NA,8.1599,NA,2354.29,1939.14,NA,,
2018-04-30,Atlantic,Florida Keys,Florida Keys,0,25.88,36.5295,NA,NA,NA,8.0755,NA,2397.19,2049.02,NA,,
2018-04-30,Atlantic,Florida Keys,Florida Keys,0,25.94,36.5046,NA,NA,NA,8.0541,NA,2394.45,2059.99,NA,,
2018-04-30,Atlantic,Florida Keys,Florida Keys,0,27.83,36.8058,NA,NA,NA,8.227,NA,2271.49,1810.24,NA,,
2018-04-30,Atlantic,Florida Keys,Florida Keys,0,27.89,36.6172,NA,NA,NA,8.137,NA,2394.12,1982.96,NA,,
2018-05-01,Atlantic,Florida Keys,Florida Keys,0,26.59,36.5818,NA,NA,NA,8.0582,NA,2373.18,2031.47,NA,,
2018-05-01,Atlantic,Florida Keys,Florida Keys,0,27.84,37.035,NA,NA,NA,8.1805,NA,2299.87,1866.38,NA,,
2018-05-01,Atlantic,Florida Keys,Florida Keys,0,27.77,37.395,NA,NA,NA,8.2065,NA,2311.59,1854.86,NA,,
2018-05-01,Atlantic,Florida Keys,Florida Keys,0,27.34,36.8673,NA,NA,NA,8.2032,NA,2280.87,1840.46,NA,,
2018-05-01,Atlantic,Florida Keys,Florida Keys,0,27.7,36.3173,NA,NA,NA,8.1231,NA,2350.49,1959.04,NA,,
2018-05-01,Atlantic,Florida Keys,Florida Keys,0,26.96,36.6879,NA,NA,NA,8.0689,NA,2346.91,1996.56,NA,,
2018-05-01,Atlantic,Florida Keys,Florida Keys,0,25.64,36.5478,NA,NA,NA,8.0401,NA,2394.24,2071.15,NA,,
2018-05-01,Atlantic,Florida Keys,Florida Keys,0,26.87,36.8817,NA,NA,NA,8.0877,NA,2278.4,1922.56,NA,,
2018-05-01,Atlantic,Florida Keys,Florida Keys,0,26.66,36.8045,NA,NA,NA,8.0284,NA,2194.13,1886.36,NA,,
2018-05-01,Atlantic,Florida Keys,Florida Keys,0,26.76,37.0585,NA,NA,NA,8.0975,NA,2220.85,1864.64,NA,,
2018-05-01,Atlantic,Florida Keys,Florida Keys,0,27.33,37.0913,NA,NA,NA,8.1123,NA,2254.32,1878.79,NA,,
2018-05-01,Atlantic,Florida Keys,Florida Keys,0,26.28,36.6264,NA,NA,NA,8.063,NA,2360.07,2019.2,NA,,
2018-05-01,Atlantic,Florida Keys,Florida Keys,0,25.81,36.6198,NA,NA,NA,8.0549,NA,2389.81,2055.66,NA,,
2018-05-01,Atlantic,Florida Keys,Florida Keys,0,26.43,36.6879,NA,NA,NA,8.0464,NA,2374.5,2040.92,NA,,
2018-05-01,Atlantic,Florida Keys,Florida Keys,0,26.69,36.8801,NA,NA,NA,8.0466,NA,2349,2013.89,NA,,
2018-05-01,Atlantic,Florida Keys,Florida Keys,0,27.26,37.3636,NA,NA,NA,8.06,NA,2276.71,1931.38,NA,,
2018-05-05,Atlantic,Florida Keys,Florida Keys,0,25.6,36.7164,NA,NA,NA,8.1579,NA,2185.0217,1807.7253,NA,,
2018-05-05,Atlantic,Florida Keys,Florida Keys,0,25.8,36.8307,NA,NA,NA,8.2152,NA,2211.1526,1788.5439,NA,,
2018-05-05,Atlantic,Florida Keys,Florida Keys,0,25.8,36.8922,NA,NA,NA,8.2093,NA,2228.0011,1806.7108,NA,,
2018-05-05,Atlantic,Florida Keys,Florida Keys,0,25.8,36.7652,NA,NA,NA,8.1968,NA,2265.5046,1849.1368,NA,,
2018-05-05,Atlantic,Florida Keys,Florida Keys,0,25.8,36.7901,NA,NA,NA,8.1943,NA,2254.3362,1841.003,NA,,
2018-05-05,Atlantic,Florida Keys,Florida Keys,0,25.9,36.8778,NA,NA,NA,8.2115,NA,2224.8031,1801.4604,NA,,
2018-05-05,Atlantic,Florida Keys,Florida Keys,0,25.9,36.3932,NA,NA,NA,8.0508,NA,2384.4336,2054.3326,NA,,
2018-05-05,Atlantic,Florida Keys,Florida Keys,0,25.7,36.5858,NA,NA,NA,8.1022,NA,2389.4385,2025.7525,NA,,
2018-05-05,Atlantic,Florida Keys,Florida Keys,0,26,36.8438,NA,NA,NA,8.2063,NA,2232.1622,1810.7274,NA,,
2018-05-05,Atlantic,Florida Keys,Florida Keys,0,26,36.8123,NA,NA,NA,8.2157,NA,2231.4675,1803.7731,NA,,
2018-05-05,Atlantic,Florida Keys,Florida Keys,0,26.1,36.4561,NA,NA,NA,8.0516,NA,2388.9706,2055.555,NA,,
2018-05-24,Atlantic,Florida Keys,Florida Keys,0,26.2,36.5609,NA,NA,NA,8.0272,NA,2319.7553,2006.4951,NA,,
2018-05-24,Atlantic,Florida Keys,Florida Keys,0,26.2,36.5543,NA,NA,NA,8.0152,NA,2320.513,2014.5085,NA,,
2018-05-24,Atlantic,Florida Keys,Florida Keys,0,26.2,36.5282,NA,NA,NA,8.0171,NA,2331.7193,2023.7715,NA,,
2018-05-24,Atlantic,Florida Keys,Florida Keys,0,26.3,36.5596,NA,NA,NA,8.0189,NA,2319.4106,2010.3525,NA,,
2018-05-24,Atlantic,Florida Keys,Florida Keys,0,26.3,36.5792,NA,NA,NA,8.0352,NA,2310.974,1992.6568,NA,,
2018-05-24,Atlantic,Florida Keys,Florida Keys,0,26.3,36.5858,NA,NA,NA,8.0248,NA,2305.805,1994.2576,NA,,
2018-05-24,Atlantic,Florida Keys,Florida Keys,0,26.3,36.608,NA,NA,NA,8.0297,NA,2304.5122,1989.9791,NA,,
2018-06-02,Atlantic,Florida Keys,Dry Tortugas,0,27.6,36.2976,NA,NA,NA,8.0272,NA,2380.2574,2050.349,NA,,
2018-06-02,Atlantic,Florida Keys,Dry Tortugas,0,27.1,36.3461,NA,NA,NA,8.0311,NA,2378.1851,2050.3246,NA,,
2018-06-05,Atlantic,Florida Keys,Dry Tortugas,0,28.5,36.3723,NA,NA,NA,8.0298,NA,2388.9937,2047.5028,NA,,
2018-06-05,Atlantic,Florida Keys,Dry Tortugas,0,28.3,36.3291,NA,NA,NA,8.0271,NA,2386.4205,2049.1788,NA,,
2018-06-05,Atlantic,Florida Keys,Dry Tortugas,0,28.4,36.4024,NA,NA,NA,8.0234,NA,2391.5698,2054.6221,NA,,
2018-06-06,Atlantic,Florida Keys,Dry Tortugas,0,28,36.4011,NA,NA,NA,8.0225,NA,2388.8121,2056.5276,NA,,
2018-06-06,Atlantic,Florida Keys,Dry Tortugas,0,28,36.3959,NA,NA,NA,8.0206,NA,2386.9398,2056.0963,NA,,
2018-06-06,Atlantic,Florida Keys,Dry Tortugas,0,28.6,36.3448,NA,NA,NA,8.0134,NA,2387.5531,2056.0274,NA,,
2018-06-07,Atlantic,Florida Keys,Dry Tortugas,0,28.2,36.3906,NA,NA,NA,8.0279,NA,2387.1283,2049.7204,NA,,
2018-06-07,Atlantic,Florida Keys,Dry Tortugas,0,28.6,36.3251,NA,NA,NA,8.0167,NA,2383.6806,2050.5515,NA,,
2018-06-07,Atlantic,Florida Keys,Dry Tortugas,0,28.6,36.3068,NA,NA,NA,8.0187,NA,2379.2576,2045.4539,NA,,
2018-06-08,Atlantic,Florida Keys,Dry Tortugas,0,27.9,36.3251,NA,NA,NA,8.0218,NA,2385.0822,2055.091,NA,,
2018-06-08,Atlantic,Florida Keys,Florida Keys,0,29.5,35.5534,NA,NA,NA,7.964,NA,2290.3542,1996.1701,NA,,
2018-06-08,Atlantic,Florida Keys,Florida Keys,0,29.3,35.8312,NA,NA,NA,8.0293,NA,2320.6264,1983.2009,NA,,
2018-06-08,Atlantic,Florida Keys,Florida Keys,0,29.3,35.8732,NA,NA,NA,8.0404,NA,2328.7875,1983.0032,NA,,
2018-06-08,Atlantic,Florida Keys,Florida Keys,0,29.3,35.843,NA,NA,NA,8.0277,NA,2328.0461,1990.7531,NA,,
2018-06-08,Atlantic,Florida Keys,Florida Keys,0,29.4,35.7972,NA,NA,NA,8.0337,NA,2329.4258,1987.5966,NA,,
2018-06-08,Atlantic,Florida Keys,Florida Keys,0,29.3,35.7972,NA,NA,NA,8.0312,NA,2320.6359,1982.2743,NA,,
2018-06-08,Atlantic,Florida Keys,Florida Keys,0,29.4,35.7945,NA,NA,NA,8.029,NA,2322.8879,1984.7684,NA,,
2018-06-08,Atlantic,Florida Keys,Florida Keys,0,29.4,35.7998,NA,NA,NA,8.0421,NA,2327.9102,1980.8157,NA,,
2018-06-08,Atlantic,Florida Keys,Florida Keys,0,29.2,35.8718,NA,NA,NA,8.0453,NA,2342.4449,1993.0532,NA,,
2018-06-08,Atlantic,Florida Keys,Dry Tortugas,0,28.2,36.3395,NA,NA,NA,8.0164,NA,2385.9705,2056.4358,NA,,
2018-06-08,Atlantic,Florida Keys,Florida Keys,0,29,35.9321,NA,NA,NA,8.007,NA,2351.8629,2027.3856,NA,,
2018-06-08,Atlantic,Florida Keys,Florida Keys,0,28.8,35.8705,NA,NA,NA,8.0181,NA,2335.8274,2008.2402,NA,,
2018-06-08,Atlantic,Florida Keys,Dry Tortugas,0,28.8,36.3513,NA,NA,NA,8.0166,NA,2377.8547,2043.3367,NA,,
2018-06-09,Atlantic,Florida Keys,Dry Tortugas,0,28.1,36.3238,NA,NA,NA,8.0312,NA,2382.3183,2044.7349,NA,,
2018-06-09,Atlantic,Florida Keys,Dry Tortugas,0,28.2,36.3867,NA,NA,NA,8.0164,NA,2378.016,2048.9352,NA,,
2018-06-10,Atlantic,Florida Keys,Dry Tortugas,0,27.8,36.3815,NA,NA,NA,8.0288,NA,2384.37,2050.5152,NA,,
2018-06-10,Atlantic,Florida Keys,Dry Tortugas,0,27.8,36.3788,NA,NA,NA,8.027,NA,2383.2097,2050.6167,NA,,
2018-06-10,Atlantic,Florida Keys,Dry Tortugas,0,28.2,36.3422,NA,NA,NA,8.0262,NA,2383.1277,2047.5971,NA,,
2018-06-10,Atlantic,Florida Keys,Dry Tortugas,0,28.4,36.3487,NA,NA,NA,8.0308,NA,2383.374,2042.9014,NA,,
2018-06-10,Atlantic,Florida Keys,Dry Tortugas,0,28.4,36.3684,NA,NA,NA,8.0202,NA,2377.1766,2043.9944,NA,,
2018-06-13,Atlantic,Northwest Gulf of Mexico,Flower Garden Banks National Marine Sanctuary,0,29,32.8099,NA,NA,NA,8.0127,NA,2336.7906,2034.5369,NA,,
2018-06-13,Atlantic,Northwest Gulf of Mexico,Flower Garden Banks National Marine Sanctuary,0,28.8,34.4524,NA,NA,NA,8.0264,NA,2388.2325,2061.4442,NA,,
2018-06-13,Atlantic,Northwest Gulf of Mexico,Flower Garden Banks National Marine Sanctuary,0,29.2,35.0291,NA,NA,NA,8.0211,NA,2408.2877,2074.5391,NA,,
2018-06-13,Atlantic,Northwest Gulf of Mexico,Flower Garden Banks National Marine Sanctuary,0,29,35.2965,NA,NA,NA,8.0326,NA,2419.6561,2077.06,NA,,
2018-06-13,Atlantic,Northwest Gulf of Mexico,Flower Garden Banks National Marine Sanctuary,0,29.3,35.3883,NA,NA,NA,8.0172,NA,2417.3434,2081.3641,NA,,
2018-06-13,Atlantic,Northwest Gulf of Mexico,Flower Garden Banks National Marine Sanctuary,0,29.4,35.6189,NA,NA,NA,8.0098,NA,2417.1899,2083.2071,NA,,
2018-06-13,Atlantic,Northwest Gulf of Mexico,Flower Garden Banks National Marine Sanctuary,0,29.3,35.6516,NA,NA,NA,8.0247,NA,2423.724,2080.1288,NA,,
2018-06-14,Atlantic,Northwest Gulf of Mexico,Flower Garden Banks National Marine Sanctuary,0,29.1,35.6267,NA,NA,NA,8.0254,NA,2421.7505,2080.0206,NA,,
2018-06-14,Atlantic,Northwest Gulf of Mexico,Flower Garden Banks National Marine Sanctuary,0,29.1,35.649,NA,NA,NA,8.0256,NA,2423.899,2081.6467,NA,,
2018-06-14,Atlantic,Northwest Gulf of Mexico,Flower Garden Banks National Marine Sanctuary,0,29,35.59,NA,NA,NA,8.021,NA,2423.5638,2085.7422,NA,,
2018-06-14,Atlantic,Northwest Gulf of Mexico,Flower Garden Banks National Marine Sanctuary,0,29,35.6621,NA,NA,NA,8.0222,NA,2419.2778,2080.5034,NA,,
2018-06-14,Atlantic,Northwest Gulf of Mexico,Flower Garden Banks National Marine Sanctuary,0,29.1,35.6608,NA,NA,NA,8.0134,NA,2415.7458,2082.0681,NA,,
2018-06-14,Atlantic,Northwest Gulf of Mexico,Flower Garden Banks National Marine Sanctuary,0,29.5,35.6398,NA,NA,NA,7.9758,NA,2403.4659,2091.2328,NA,,
2018-06-14,Atlantic,Northwest Gulf of Mexico,Flower Garden Banks National Marine Sanctuary,0,29.5,35.6385,NA,NA,NA,8.0033,NA,2416.6156,2085.7651,NA,,
2018-06-14,Atlantic,Northwest Gulf of Mexico,Flower Garden Banks National Marine Sanctuary,0,29.6,35.6438,NA,NA,NA,8.0189,NA,2422.4882,2079.9944,NA,,
2018-06-14,Atlantic,Northwest Gulf of Mexico,Flower Garden Banks National Marine Sanctuary,0,29.7,35.6228,NA,NA,NA,7.965,NA,2399.903,2092.9684,NA,,
2018-06-14,Atlantic,Northwest Gulf of Mexico,Flower Garden Banks National Marine Sanctuary,0,29.2,35.6922,NA,NA,NA,8.0155,NA,2418.0069,2081.5802,NA,,
2018-06-22,Atlantic,Florida Keys,Florida Keys,0,29.71,35.6005,NA,NA,NA,8.0084,NA,2388.6209,2055.644,NA,,
2018-06-22,Atlantic,Florida Keys,Florida Keys,0,30.16,35.4525,NA,NA,NA,8.0088,NA,2366.5906,2032.5218,NA,,
2018-06-22,Atlantic,Florida Keys,Florida Keys,0,29.91,34.8234,NA,NA,NA,7.9821,NA,2393.9954,2081.3062,NA,,
2018-06-22,Atlantic,Florida Keys,Florida Keys,0,29.27,36.2714,NA,NA,NA,8.0187,NA,2377.1051,2037.4921,NA,,
2018-06-22,Atlantic,Florida Keys,Florida Keys,0,29.49,36.1391,NA,NA,NA,8.0294,NA,2369.8293,2022.9969,NA,,
2018-06-22,Atlantic,Florida Keys,Florida Keys,0,30.42,36.4037,NA,NA,NA,8.0265,NA,2326.7556,1975.3546,NA,,
2018-06-22,Atlantic,Florida Keys,Florida Keys,0,29.73,36.295,NA,NA,NA,8.0321,NA,2380.5638,2027.2059,NA,,
2018-06-22,Atlantic,Florida Keys,Florida Keys,0,29.39,36.2596,NA,NA,NA,8.0234,NA,2373.7651,2030.383,NA,,
2018-06-22,Atlantic,Florida Keys,Florida Keys,0,29.6,36.3762,NA,NA,NA,8.0486,NA,2378.1212,2014.6867,NA,,
2018-06-23,Atlantic,Florida Keys,Florida Keys,0,29.78,36.3369,NA,NA,NA,8.0377,NA,2373.128,2016.063,NA,,
2018-06-23,Atlantic,Florida Keys,Florida Keys,0,30.59,36.3893,NA,NA,NA,8.0463,NA,2376.4665,2004.8565,NA,,
2018-06-23,Atlantic,Florida Keys,Florida Keys,0,31.51,36.3588,NA,NA,NA,8.0751,NA,2339.7221,1943.4979,NA,,
2018-06-23,Atlantic,Florida Keys,Florida Keys,0,30.06,36.2216,NA,NA,NA,8.0242,NA,2351.4976,2003.8355,NA,,
2018-06-23,Atlantic,Florida Keys,Florida Keys,0,30.5,35.9855,NA,NA,NA,8.0559,NA,2302.4872,1936.9545,NA,,
2018-06-23,Atlantic,Florida Keys,Florida Keys,0,30.86,35.9518,NA,NA,NA,8.0485,NA,2308.2713,1943.8382,NA,,
2018-06-23,Atlantic,Florida Keys,Florida Keys,0,31.71,35.3525,NA,NA,NA,8.082,NA,2203.5334,1825.8058,NA,,
2018-06-23,Atlantic,Florida Keys,Florida Keys,0,30.68,36.0016,NA,NA,NA,8.0271,NA,2262.5903,1918.3786,NA,,
2018-06-23,Atlantic,Florida Keys,Florida Keys,0,31.26,35.8339,NA,NA,NA,8.0089,NA,2114.1626,1793.1247,NA,,
2018-06-23,Atlantic,Florida Keys,Florida Keys,0,31.95,35.7181,NA,NA,NA,8.0894,NA,2099.6291,1724.3739,NA,,
2018-06-23,Atlantic,Florida Keys,Florida Keys,0,29.61,36.3225,NA,NA,NA,8.0067,NA,2380.9348,2045.0786,NA,,
2018-06-23,Atlantic,Florida Keys,Florida Keys,0,30.11,35.9164,NA,NA,NA,7.9943,NA,2275.3821,1956.3397,NA,,
2018-06-23,Atlantic,Florida Keys,Florida Keys,0,30.89,35.8758,NA,NA,NA,8.0178,NA,2210.0389,1876.4184,NA,,
2018-06-23,Atlantic,Florida Keys,Florida Keys,0,30.68,35.8954,NA,NA,NA,7.9812,NA,2218.3905,1908.0311,NA,,
2018-06-23,Atlantic,Florida Keys,Florida Keys,0,29.8,35.8941,NA,NA,NA,7.9998,NA,2306.0981,1983.5741,NA,,
2018-06-23,Atlantic,Florida Keys,Florida Keys,0,30.67,35.9649,NA,NA,NA,7.9848,NA,2238.1818,1923.2698,NA,,
2018-06-23,Atlantic,Florida Keys,Florida Keys,0,30.83,35.8247,NA,NA,NA,8.0021,NA,2221.3739,1897.2471,NA,,
2018-06-23,Atlantic,Florida Keys,Florida Keys,0,30.33,36.3815,NA,NA,NA,7.985,NA,2383.1122,2053.7329,NA,,
2018-06-23,Atlantic,Florida Keys,Florida Keys,0,31.12,36.1666,NA,NA,NA,7.9839,NA,2324.7196,1996.1609,NA,,
2018-06-23,Atlantic,Florida Keys,Florida Keys,0,31.15,35.8247,NA,NA,NA,7.9842,NA,2245.8216,1927.3262,NA,,
2018-06-23,Atlantic,Florida Keys,Florida Keys,0,32.79,36.2347,NA,NA,NA,7.8774,NA,2150.7075,1886.3246,NA,,
2018-06-23,Atlantic,Florida Keys,Florida Keys,0,30.7,36.3212,NA,NA,NA,7.9923,NA,2354.0691,2019.9488,NA,,
2018-06-23,Atlantic,Florida Keys,Florida Keys,0,30.91,36.2714,NA,NA,NA,7.9979,NA,2343.418,2005.2324,NA,,
2018-06-24,Atlantic,Florida Keys,Florida Keys,0,30.68,36.257,NA,NA,NA,7.9914,NA,2318.5073,1989.2427,NA,,
2018-06-24,Atlantic,Florida Keys,Florida Keys,0,30.82,36.185,NA,NA,NA,7.9908,NA,2315.7652,1986.4194,NA,,
2018-06-25,Atlantic,Florida Keys,Florida Keys,0,30.8,36.2557,NA,NA,NA,7.9986,NA,2326.7834,1991.0236,NA,,
2018-06-25,Atlantic,Florida Keys,Florida Keys,0,30.7,36.2845,NA,NA,NA,7.9916,NA,2320.8467,1990.7859,NA,,
2018-06-25,Atlantic,Florida Keys,Florida Keys,0,30.7,36.2492,NA,NA,NA,8.0002,NA,2329.2548,1993.181,NA,,
2018-06-25,Atlantic,Florida Keys,Florida Keys,0,30.7,36.2492,NA,NA,NA,8.0169,NA,2331.7473,1984.6002,NA,,
2018-06-25,Atlantic,Florida Keys,Florida Keys,0,30.7,36.2452,NA,NA,NA,8.0083,NA,2331.2628,1989.8186,NA,,
2018-06-25,Atlantic,Florida Keys,Florida Keys,0,30.5,36.2478,NA,NA,NA,7.9953,NA,2325.1604,1994.452,NA,,
2018-06-25,Atlantic,Florida Keys,Florida Keys,0,30.5,36.2426,NA,NA,NA,8.0039,NA,2328.2899,1991.8727,NA,,
2018-07-07,Atlantic,Florida Keys,Florida Keys,0,30.9,37.1672,NA,NA,NA,7.9404,NA,2398.3727,2084.5754,NA,,
2018-07-07,Atlantic,Florida Keys,Florida Keys,0,31,36.8425,NA,NA,NA,8.0056,NA,2357.7883,2007.7384,NA,,
2018-07-07,Atlantic,Florida Keys,Florida Keys,0,31.1,36.7901,NA,NA,NA,7.9782,NA,2343.2269,2011.866,NA,,
2018-07-07,Atlantic,Florida Keys,Florida Keys,0,31.1,36.8713,NA,NA,NA,8.0195,NA,2372.8827,2010.7696,NA,,
2018-07-07,Atlantic,Florida Keys,Florida Keys,0,31.2,36.9001,NA,NA,NA,7.9889,NA,2369.5478,2026.8278,NA,,
2018-07-07,Atlantic,Florida Keys,Florida Keys,0,31.1,36.9066,NA,NA,NA,8.0078,NA,2372.3119,2017.7429,NA,,
2018-07-07,Atlantic,Florida Keys,Florida Keys,0,31.2,36.9158,NA,NA,NA,8.0022,NA,2370.5235,2018.8515,NA,,
2018-07-07,Atlantic,Florida Keys,Florida Keys,0,31.2,36.9132,NA,NA,NA,8.0013,NA,2370.5443,2019.4896,NA,,
2018-07-07,Atlantic,Florida Keys,Florida Keys,0,30.8,36.5936,NA,NA,NA,8.056,NA,2377.5989,1995.3701,NA,,
2018-07-07,Atlantic,Florida Keys,Florida Keys,0,30.3,36.3644,NA,NA,NA,8.0187,NA,2382.2741,2031.5346,NA,,
2018-07-07,Atlantic,Florida Keys,Florida Keys,0,30.3,36.3029,NA,NA,NA,8.0134,NA,2375.2436,2029.2352,NA,,
2018-07-09,Atlantic,Florida Keys,Dry Tortugas,15,30,36.4915,NA,NA,NA,7.9706,NA,2377.4364,2059.5705,NA,,
2018-07-10,Atlantic,Florida Keys,Dry Tortugas,15,29.81,36.5426,NA,NA,NA,7.9462,NA,2382.4036,2080.4298,NA,,
2018-07-10,Atlantic,Florida Keys,Dry Tortugas,15,29.69,36.5072,NA,NA,NA,7.9807,NA,2383.9702,2061.8893,NA,,
2018-07-10,Atlantic,Florida Keys,Dry Tortugas,15,30.81,36.4967,NA,NA,NA,7.9299,NA,2371.4411,2071.9591,NA,,
2018-07-10,Atlantic,Florida Keys,Dry Tortugas,15,29.69,36.4993,NA,NA,NA,7.9747,NA,2375.7666,2058.2408,NA,,
2018-07-10,Atlantic,Florida Keys,Dry Tortugas,15,29.81,36.5216,NA,NA,NA,8.0009,NA,2383.4386,2047.312,NA,,
2018-07-10,Atlantic,Florida Keys,Dry Tortugas,15,30.06,36.5347,NA,NA,NA,7.9829,NA,2381.073,2054.2711,NA,,
2018-07-11,Atlantic,Florida Keys,Dry Tortugas,15,29.88,36.5098,NA,NA,NA,7.9926,NA,2387.1028,2055.3338,NA,,
2018-07-11,Atlantic,Florida Keys,Dry Tortugas,15,29.5,36.5151,NA,NA,NA,7.999,NA,2393.4951,2060.548,NA,,
2018-07-11,Atlantic,Florida Keys,Dry Tortugas,15,29.56,36.4823,NA,NA,NA,7.9561,NA,2378.7786,2073.7382,NA,,
2018-07-11,Atlantic,Florida Keys,Dry Tortugas,15,29.62,36.5006,NA,NA,NA,7.968,NA,2382.7973,2069.4037,NA,,
2018-07-11,Atlantic,Florida Keys,Dry Tortugas,15,29.88,36.5439,NA,NA,NA,7.9852,NA,2384.9529000000002,2057.8687,NA,,
2018-07-11,Atlantic,Florida Keys,Dry Tortugas,15,29.88,36.5046,NA,NA,NA,7.9847,NA,2388.9042,2062.0769,NA,,
2018-07-11,Atlantic,Florida Keys,Dry Tortugas,0,29.8,36.3474,NA,NA,NA,8.0227,NA,2401.9478,2051.4868,NA,,
2018-07-11,Atlantic,Florida Keys,Dry Tortugas,0,29.8,36.6211,NA,NA,NA,8.0147,NA,2399.3917,2052.2922,NA,,
2018-07-11,Atlantic,Florida Keys,Dry Tortugas,15,29.81,36.5596,NA,NA,NA,7.9984,NA,2388.4743,2053.1109,NA,,
2018-07-11,Atlantic,Florida Keys,Dry Tortugas,15,29.88,36.5321,NA,NA,NA,8.0016,NA,2385.627,2048.077,NA,,
2018-07-11,Atlantic,Florida Keys,Dry Tortugas,15,30.19,36.4928,NA,NA,NA,7.9998,NA,2385.1892,2046.233,NA,,
2018-07-11,Atlantic,Florida Keys,Dry Tortugas,0,30.2,36.5543,NA,NA,NA,8.0341,NA,2400.2767,2036.7557,NA,,
2018-07-12,Atlantic,Florida Keys,Dry Tortugas,15,30.06,36.5059,NA,NA,NA,7.9985,NA,2391.9898,2054.3149,NA,,
2018-07-12,Atlantic,Florida Keys,Dry Tortugas,15,29.75,36.4902,NA,NA,NA,8.0028,NA,2396.1744,2058.3408,NA,,
2018-07-12,Atlantic,Florida Keys,Dry Tortugas,15,29.75,36.4823,NA,NA,NA,7.9999,NA,2394.347,2058.5968,NA,,
2018-07-12,Atlantic,Florida Keys,Dry Tortugas,15,29.94,36.5373,NA,NA,NA,7.9845,NA,2392.0761,2064.272,NA,,
2018-07-12,Atlantic,Florida Keys,Dry Tortugas,15,29.75,36.4692,NA,NA,NA,7.9976,NA,2396.6243,2062.2284,NA,,
2018-07-12,Atlantic,Florida Keys,Dry Tortugas,0,29.7,36.6015,NA,NA,NA,8.0239,NA,2398.6361,2046.6402,NA,,
2018-07-12,Atlantic,Florida Keys,Dry Tortugas,15,29.88,36.4771,NA,NA,NA,7.9969,NA,2389.8933,2055.3348,NA,,
2018-07-12,Atlantic,Florida Keys,Dry Tortugas,0,30,36.4692,NA,NA,NA,8.0159,NA,2400.6539,2051.9164,NA,,
2018-07-12,Atlantic,Florida Keys,Dry Tortugas,15,29.94,36.4522,NA,NA,NA,7.9976,NA,2385.8106,2050.8823,NA,,
2018-07-12,Atlantic,Florida Keys,Dry Tortugas,0,30.1,36.409,NA,NA,NA,8.0028,NA,2397.3041,2056.9652,NA,,
2018-07-13,Atlantic,Florida Keys,Dry Tortugas,0,30.2,36.1457,NA,NA,NA,8.0002,NA,2404.3805,2066.1939,NA,,
2018-07-13,Atlantic,Florida Keys,Dry Tortugas,0,30.1,36.2727,NA,NA,NA,8.0268,NA,2406.8403,2050.819,NA,,
2018-07-14,Atlantic,Florida Keys,Dry Tortugas,0,30.2,36.2911,NA,NA,NA,8.0153,NA,2395.9862,2047.6473,NA,,
2018-07-14,Atlantic,Florida Keys,Dry Tortugas,0,30.4,36.4705,NA,NA,NA,8.0238,NA,2400.8156,2042.8853,NA,,
2018-07-14,Atlantic,Florida Keys,Dry Tortugas,0,30.9,36.6146,NA,NA,NA,8.0179,NA,2411.4238,2050.2805,NA,,
2018-07-15,Atlantic,Florida Keys,Dry Tortugas,0,29.8,36.5845,NA,NA,NA,7.9915,NA,2397.7391,2066.118,NA,,
2018-07-15,Atlantic,Florida Keys,Dry Tortugas,0,31.1,36.6211,NA,NA,NA,7.984,NA,2402.608,2062.8332,NA,,
2018-07-15,Atlantic,Florida Keys,Dry Tortugas,0,30.1,36.6604,NA,NA,NA,7.9958,NA,2404.2942,2065.8477,NA,,
2018-07-16,Atlantic,Florida Keys,Dry Tortugas,0,30.1,36.5897,NA,NA,NA,8.0158,NA,2404.2611,2053.2464,NA,,
2018-07-16,Atlantic,Florida Keys,Dry Tortugas,0,31,36.6486,NA,NA,NA,7.9934,NA,2399.7814,2054.9136,NA,,
2018-07-17,Atlantic,Florida Keys,Dry Tortugas,0,30.3,36.6172,NA,NA,NA,8.0124,NA,2409.9776,2058.504,NA,,
2018-07-18,Atlantic,Florida Keys,Dry Tortugas,0,30.4,36.6329,NA,NA,NA,8.0141,NA,2411.8894,2057.9352,NA,,
2018-07-18,Atlantic,Florida Keys,Dry Tortugas,0,30.5,36.6932,NA,NA,NA,8.0066,NA,2417.2102,2066.2453,NA,,
2018-07-18,Atlantic,Florida Keys,Dry Tortugas,0,31,36.6526,NA,NA,NA,8.0081,NA,2398.2052,2043.7533,NA,,
2018-07-19,Atlantic,Florida Keys,Dry Tortugas,0,30.8,36.5936,NA,NA,NA,7.9821,NA,2409.1993,2073.054,NA,,
2018-07-19,Atlantic,Florida Keys,Dry Tortugas,0,31.2,36.574,NA,NA,NA,7.9808,NA,2403.0326,2064.7389,NA,,
2018-07-20,Atlantic,Florida Keys,Dry Tortugas,0,30.6,36.5557,NA,NA,NA,7.9821,NA,2399.365,2066.4059,NA,,
2018-07-20,Atlantic,Florida Keys,Dry Tortugas,0,30.7,36.5308,NA,NA,NA,7.9963,NA,2402.5277,2059.2695,NA,,
2018-07-26,Atlantic,Florida Keys,Florida Keys,0,31.5,36.2518,NA,NA,NA,7.9721,NA,2328.9783,2003.3913,NA,,
2018-07-26,Atlantic,Florida Keys,Florida Keys,0,31.5,36.2282,NA,NA,NA,7.9721,NA,2326.6628,2001.4736,NA,,
2018-07-26,Atlantic,Florida Keys,Florida Keys,0,31.4,36.2007,NA,NA,NA,7.9697,NA,2331.4576,2008.3973,NA,,
2018-07-26,Atlantic,Florida Keys,Florida Keys,0,31.4,36.2645,NA,NA,NA,7.9773,NA,2328.5871,2000.5412,NA,,
2018-07-26,Atlantic,Florida Keys,Florida Keys,0,31.6,36.2544,NA,NA,NA,7.9776,NA,2333.8204,2003.3386,NA,,
2018-07-26,Atlantic,Florida Keys,Florida Keys,0,31.6,36.2714,NA,NA,NA,7.9836,NA,2331.7335,1997.4558,NA,,
2018-07-26,Atlantic,Florida Keys,Florida Keys,0,31.5,36.2269,NA,NA,NA,7.9715,NA,2330.3389,2005.1367,NA,,
2018-08-06,Atlantic,Florida Keys,Florida Keys,0,30.3,34.5179,NA,NA,NA,7.8601,NA,2377.8404,2135.8266,NA,,
2018-08-06,Atlantic,Florida Keys,Florida Keys,0,30.32,36.4522,NA,NA,NA,7.983,NA,2342.6276,2018.0355,NA,,
2018-08-06,Atlantic,Florida Keys,Florida Keys,0,30.2,36.3605,NA,NA,NA,7.9728,NA,2366.589,2047.8487,NA,,
2018-08-06,Atlantic,Florida Keys,Florida Keys,0,30.92,36.1522,NA,NA,NA,8.0658,NA,2353.8017,1970.1523,NA,,
2018-08-06,Atlantic,Florida Keys,Florida Keys,0,30.47,36.2885,NA,NA,NA,8.0191,NA,2400.6766,2046.7372,NA,,
2018-08-06,Atlantic,Florida Keys,Florida Keys,0,30.47,36.3055,NA,NA,NA,8.0195,NA,2400.2311,2045.9305,NA,,
2018-08-06,Atlantic,Florida Keys,Florida Keys,0,30.79,36.1535,NA,NA,NA,8.0796,NA,2346.1564,1955.2122,NA,,
2018-08-06,Atlantic,Florida Keys,Florida Keys,0,30.97,36.2636,NA,NA,NA,8.0422,NA,2385.7736,2013.1908,NA,,
2018-08-06,Atlantic,Florida Keys,Florida Keys,0,30.45,36.3081,NA,NA,NA,8.0287,NA,2411.7296,2050.222,NA,,
2018-08-06,Atlantic,Florida Keys,Florida Keys,0,30.21,36.3094,NA,NA,NA,8.0195,NA,2402.8465,2050.757,NA,,
2018-08-06,Atlantic,Florida Keys,Florida Keys,0,30.14,36.3644,NA,NA,NA,8.0272,NA,2411.3853,2053.5048,NA,,
2018-08-06,Atlantic,Florida Keys,Florida Keys,0,29.89,36.3291,NA,NA,NA,8.0272,NA,2406.9604,2052.2404,NA,,
2018-08-06,Atlantic,Florida Keys,Florida Keys,0,30.19,36.3461,NA,NA,NA,8.0225,NA,2403.6445,2049.3836,NA,,
2018-08-07,Atlantic,Florida Keys,Florida Keys,0,30.48,36.2321,NA,NA,NA,8.0306,NA,2409.2668,2047.0663,NA,,
2018-08-07,Atlantic,Florida Keys,Florida Keys,0,30.41,36.3461,NA,NA,NA,8.0547,NA,2387.636,2011.1647,NA,,
2018-08-07,Atlantic,Florida Keys,Florida Keys,0,29.97,36.3815,NA,NA,NA,8.0889,NA,2408.5757,2010.136,NA,,
2018-08-07,Atlantic,Florida Keys,Florida Keys,0,30.3,36.24,NA,NA,NA,8.0436,NA,2403.2827,2034.7043,NA,,
2018-08-07,Atlantic,Florida Keys,Florida Keys,0,30.11,36.2989,NA,NA,NA,8.0247,NA,2407.6128,2052.6277,NA,,
2018-08-07,Atlantic,Florida Keys,Florida Keys,0,29.94,36.4234,NA,NA,NA,8.0193,NA,2403.481,2053.1226,NA,,
2018-08-07,Atlantic,Florida Keys,Florida Keys,0,29.88,36.2623,NA,NA,NA,8.0239,NA,2400.7823,2049.6092,NA,,
2018-08-07,Atlantic,Florida Keys,Florida Keys,0,30.27,36.2465,NA,NA,NA,8.039,NA,2402.7119,2037.527,NA,,
2018-08-07,Atlantic,Florida Keys,Florida Keys,0,29.58,36.3775,NA,NA,NA,8.0213,NA,2378.5533,2033.3278,NA,,
2018-08-07,Atlantic,Florida Keys,Florida Keys,0,30.09,36.3684,NA,NA,NA,8.0332,NA,2372.0492,2014.8425,NA,,
2018-08-07,Atlantic,Florida Keys,Florida Keys,0,30.16,36.2518,NA,NA,NA,8.0364,NA,2390.5103,2029.4647,NA,,
2018-08-07,Atlantic,Florida Keys,Florida Keys,0,30.17,36.2505,NA,NA,NA,8.0099,NA,2389.3992,2045.8248,NA,,
2018-08-07,Atlantic,Florida Keys,Florida Keys,0,30.09,36.3553,NA,NA,NA,8.0197,NA,2397.2809,2046.4474,NA,,
2018-08-07,Atlantic,Florida Keys,Florida Keys,0,29.85,36.3539,NA,NA,NA,8.02,NA,2399.0632,2050.1102,NA,,
2018-08-07,Atlantic,Florida Keys,Florida Keys,0,30.18,36.2347,NA,NA,NA,8.0375,NA,2369.6269,2009.9696,NA,,
2018-08-07,Atlantic,Florida Keys,Florida Keys,0,30.07,36.4037,NA,NA,NA,7.9335,NA,2108.1137,1836.8378,NA,,
2018-08-07,Atlantic,Florida Keys,Florida Keys,0,30.23,36.6526,NA,NA,NA,7.9797,NA,2171.5473,1864.9994,NA,,
2018-08-07,Atlantic,Florida Keys,Florida Keys,0,30.21,36.4338,NA,NA,NA,8.0044,NA,2288.4375,1956.9616,NA,,
2018-08-07,Atlantic,Florida Keys,Florida Keys,0,30.16,36.2898,NA,NA,NA,8.0096,NA,2391.0777,2047.3763,NA,,
2018-08-07,Atlantic,Florida Keys,Florida Keys,0,29.99,36.2432,NA,NA,NA,8.0226,NA,2393.9028,2043.3462,NA,,
2018-08-07,Atlantic,Florida Keys,Florida Keys,0,30.16,36.313,NA,NA,NA,8.0142,NA,2396.7607,2049.2936,NA,,
2018-08-07,Atlantic,Florida Keys,Florida Keys,0,30.26,36.3117,NA,NA,NA,8.0117,NA,2390.1344,2043.9751,NA,,
2018-08-07,Atlantic,Florida Keys,Florida Keys,0,30.37,36.2138,NA,NA,NA,8.0076,NA,2385.8779,2042.6096,NA,,
2018-08-07,Atlantic,Florida Keys,Florida Keys,0,30.44,36.481,NA,NA,NA,7.9895,NA,2310.3345,1983.5904,NA,,
2018-08-07,Atlantic,Florida Keys,Florida Keys,0,30.65,36.8797,NA,NA,NA,8.0314,NA,2299.6585,1941.9725,NA,,
2018-08-08,Atlantic,Florida Keys,Florida Keys,0,30.4,32.0821,NA,NA,NA,7.8072,NA,2453.3236,2248.5825,NA,,
2018-08-08,Atlantic,Florida Keys,Florida Keys,0,31.05,33.2397,NA,NA,NA,7.8985,NA,2208.892,1961.8786,NA,,
2018-08-08,Atlantic,Florida Keys,Florida Keys,0,31,33.9146,NA,NA,NA,7.9125,NA,2115.6541,1864.57,NA,,
2018-08-08,Atlantic,Florida Keys,Florida Keys,0,30.75,35.6542,NA,NA,NA,7.9077,NA,1946.0555,1701.8959,NA,,
2018-08-08,Atlantic,Florida Keys,Florida Keys,0,30.84,36.1528,NA,NA,NA,7.9007,NA,1886.9221,1647.4163,NA,,
2018-08-08,Atlantic,Florida Keys,Florida Keys,0,30.82,36.0628,NA,NA,NA,8.0838,NA,2148.3771,1778.8058,NA,,
2018-08-08,Atlantic,Florida Keys,Florida Keys,0,30.89,35.8073,NA,NA,NA,8.0463,NA,2228.2306,1875.0438,NA,,
2018-08-10,Atlantic,Florida Keys,Florida Keys,0,29.2,36.3854,NA,NA,NA,8.0104,NA,2399.6664,2062.8989,NA,,
2018-08-10,Atlantic,Florida Keys,Florida Keys,0,30,36.3513,NA,NA,NA,8.0061,NA,2400.4761,2059.0946,NA,,
2018-08-10,Atlantic,Florida Keys,Florida Keys,0,30.3,36.2636,NA,NA,NA,8.0312,NA,2402.3531,2041.9964,NA,,
2018-08-10,Atlantic,Florida Keys,Florida Keys,0,30.5,36.312,NA,NA,NA,7.9947,NA,2384.8558,2048.025,NA,,
2018-08-10,Atlantic,Florida Keys,Florida Keys,0,30.6,36.2871,NA,NA,NA,7.9991,NA,2389.4256,2048.5507,NA,,
2018-08-10,Atlantic,Florida Keys,Florida Keys,0,30.6,36.3002,NA,NA,NA,8.0088,NA,2389.2742,2041.99,NA,,
2018-08-10,Atlantic,Florida Keys,Florida Keys,0,30.6,36.4103,NA,NA,NA,7.9856,NA,2380.4103,2048.2185,NA,,
2018-08-10,Atlantic,Florida Keys,Florida Keys,0,30.6,35.8889,NA,NA,NA,7.9961,NA,2379.3281,2044.5621,NA,,
2018-08-10,Atlantic,Florida Keys,Florida Keys,0,31.1,36.4535,NA,NA,NA,7.9273,NA,2367.5829,2068.0665,NA,,
2018-08-10,Atlantic,Florida Keys,Florida Keys,0,30.7,36.367,NA,NA,NA,7.9841,NA,2374.3895,2043.1098,NA,,
2018-08-10,Atlantic,Florida Keys,Florida Keys,0,30.7,36.3618,NA,NA,NA,7.9859,NA,2378.5566,2045.8023,NA,,
2018-08-27,Atlantic,Florida Keys,Florida Keys,0,30,36.0068,NA,NA,NA,8.0502,NA,2382.3878,2016.5027,NA,,
2018-08-27,Atlantic,Florida Keys,Florida Keys,0,30,35.9688,NA,NA,NA,8.0501,NA,2382.8451,2017.3024,NA,,
2018-08-27,Atlantic,Florida Keys,Florida Keys,0,30,35.9806,NA,NA,NA,8.0486,NA,2383.5125,2018.7985,NA,,
2018-08-27,Atlantic,Florida Keys,Florida Keys,0,30,35.9754,NA,NA,NA,8.047,NA,2383.1531,2019.5874,NA,,
2018-08-27,Atlantic,Florida Keys,Florida Keys,0,30,35.9662,NA,NA,NA,8.036,NA,2383.0586,2026.9247,NA,,
2018-08-27,Atlantic,Florida Keys,Florida Keys,0,30.2,35.9989,NA,NA,NA,8.04,NA,2380.955,2020.1871,NA,,
2018-08-27,Atlantic,Florida Keys,Florida Keys,0,30.2,35.9727,NA,NA,NA,8.0494,NA,2382.9982,2015.8807,NA,,
2018-09-07,Atlantic,Florida Keys,Florida Keys,0,32.6,35.5769,NA,NA,NA,7.9258,NA,2371.9293,2066.2485,NA,,
2018-09-07,Atlantic,Florida Keys,Florida Keys,0,32.9,36.0684,NA,NA,NA,7.9932,NA,2371.6096,2016.2867,NA,,
2018-09-07,Atlantic,Florida Keys,Florida Keys,0,32.9,36.012,NA,NA,NA,7.9809,NA,2367.8765,2021.4971,NA,,
2018-09-07,Atlantic,Florida Keys,Florida Keys,0,33,36.012,NA,NA,NA,7.979,NA,2372.2453,2025.7562,NA,,
2018-09-07,Atlantic,Florida Keys,Florida Keys,0,33,36.0605,NA,NA,NA,7.9854,NA,2367.0045,2016.4075,NA,,
2018-09-07,Atlantic,Florida Keys,Florida Keys,0,33.2,36.0723,NA,NA,NA,7.9963,NA,2371.3862,2011.0684,NA,,
2018-09-07,Atlantic,Florida Keys,Florida Keys,0,32.7,36.0199,NA,NA,NA,7.9916,NA,2376.0429,2023.5962,NA,,
2018-09-07,Atlantic,Florida Keys,Florida Keys,0,32.7,35.9465,NA,NA,NA,7.9931,NA,2372.4714,2020.0442,NA,,
2018-09-07,Atlantic,Florida Keys,Florida Keys,0,33.1,36.033,NA,NA,NA,7.9884,NA,2385.8036,2030.5093,NA,,
2018-09-07,Atlantic,Florida Keys,Florida Keys,0,32.8,35.7631,NA,NA,NA,7.9918,NA,2379.7676,2027.9852,NA,,
2018-09-07,Atlantic,Florida Keys,Florida Keys,0,32.8,35.7565,NA,NA,NA,7.9888,NA,2385.3138,2034.9292,NA,,
2018-09-12,Atlantic,Southeast Florida Coral Reef Initiative,Florida,0,29.4,35.8168,NA,NA,NA,8.0169,NA,2375.7304,2039.785,NA,,
2018-09-12,Atlantic,Southeast Florida Coral Reef Initiative,Florida,0,29.3,35.847,NA,NA,NA,8.0233,NA,2384.6605,2044.3784,NA,,
2018-09-12,Atlantic,Southeast Florida Coral Reef Initiative,Florida,0,29.4,35.8666,NA,NA,NA,8.0233,NA,2381.2365,2040.1984,NA,,
2018-09-12,Atlantic,Southeast Florida Coral Reef Initiative,Florida,0,29.6,35.5612,NA,NA,NA,8.0144,NA,2385.2545,2050.1326,NA,,
2018-09-12,Atlantic,Southeast Florida Coral Reef Initiative,Florida,0,29.5,33.6366,NA,NA,NA,7.9656,NA,2437.328,2143.4766,NA,,
2018-09-12,Atlantic,Southeast Florida Coral Reef Initiative,Florida,0,29.9,35.1601,NA,NA,NA,8.0298,NA,2396.5339,2050.6901,NA,,
2018-09-17,Atlantic,Southeast Florida Coral Reef Initiative,Florida,0,30.2,34.9787,NA,NA,NA,7.9821,NA,2413.023,2094.6944,NA,,
2018-09-17,Atlantic,Southeast Florida Coral Reef Initiative,Florida,0,30.2,35.0507,NA,NA,NA,7.9894,NA,2413.7058,2090.1371,NA,,
2018-09-17,Atlantic,Southeast Florida Coral Reef Initiative,Florida,0,30.1,35.0698,NA,NA,NA,7.9874,NA,2415.2761,2093.5766,NA,,
2018-09-17,Atlantic,Southeast Florida Coral Reef Initiative,Florida,0,30.2,34.8798,NA,NA,NA,7.9771,NA,2426.1935,2110.5324,NA,,
2018-09-17,Atlantic,Southeast Florida Coral Reef Initiative,Florida,0,29.9,35.0419,NA,NA,NA,7.9954,NA,2410.1261,2085.9489,NA,,
2018-09-17,Atlantic,Southeast Florida Coral Reef Initiative,Florida,0,30.3,35.1353,NA,NA,NA,7.9914,NA,2408.0981,2082.239,NA,,
2018-09-19,Atlantic,Southeast Florida Coral Reef Initiative,Florida,0,30.2,34.9611,NA,NA,NA,7.9929,NA,2426.2387,2099.9985,NA,,
2018-09-19,Atlantic,Southeast Florida Coral Reef Initiative,Florida,0,30.4,33.5198,NA,NA,NA,7.9545,NA,2488.4785,2189.9329,NA,,
2018-09-19,Atlantic,Southeast Florida Coral Reef Initiative,Florida,0,30.4,34.7893,NA,NA,NA,7.9877,NA,2434.2927,2110.038,NA,,
2018-09-19,Atlantic,Southeast Florida Coral Reef Initiative,Florida,0,30.7,35.2224,NA,NA,NA,7.9826,NA,2412.3934,2087.3322,NA,,
2018-09-19,Atlantic,Southeast Florida Coral Reef Initiative,Florida,0,28.8,35.3974,NA,NA,NA,8.0013,NA,2390.5451,2071.8721,NA,,
2018-09-19,Atlantic,Southeast Florida Coral Reef Initiative,Florida,0,29,30.224,NA,NA,NA,7.8985,NA,2621.7613,2381.6364,NA,,
2018-09-20,Atlantic,Florida Keys,Florida Keys,0,31.1,36.2688,NA,NA,NA,7.9156,NA,2393.041,2099.6868,NA,,
2018-09-20,Atlantic,Florida Keys,Florida Keys,0,31.1,36.274,NA,NA,NA,7.9449,NA,2402.5453,2090.3829,NA,,
2018-09-20,Atlantic,Florida Keys,Florida Keys,0,30.9,36.1719,NA,NA,NA,7.9966,NA,2378.7991,2038.722,NA,,
2018-09-20,Atlantic,Florida Keys,Florida Keys,0,31,36.1876,NA,NA,NA,7.995,NA,2374.8215,2035.0825,NA,,
2018-09-20,Atlantic,Florida Keys,Florida Keys,0,31.1,36.3055,NA,NA,NA,7.9014,NA,2392.67,2107.5386,NA,,
2018-09-20,Atlantic,Florida Keys,Florida Keys,0,31.2,36.3199,NA,NA,NA,7.8636,NA,2394.3136,2130.0674,NA,,
2018-09-20,Atlantic,Florida Keys,Florida Keys,0,31.2,36.3055,NA,NA,NA,7.8656,NA,2395.6339,2130.2852,NA,,
2018-09-26,Atlantic,Southeast Florida Coral Reef Initiative,Florida,0,29.7,35.269,NA,NA,NA,8.0242,NA,2402.6208,2060.784,NA,,
2018-09-26,Atlantic,Southeast Florida Coral Reef Initiative,Florida,0,29.8,35.3752,NA,NA,NA,8.0266,NA,2395.0285,2050.6093,NA,,
2018-09-26,Atlantic,Southeast Florida Coral Reef Initiative,Florida,0,29.9,35.2651,NA,NA,NA,8.0284,NA,2403.6047,2057.0285,NA,,
2018-09-26,Atlantic,Southeast Florida Coral Reef Initiative,Florida,0,30,35.4,NA,NA,NA,8.0224,NA,2391.5521,2048.0805,NA,,
2018-09-26,Atlantic,Southeast Florida Coral Reef Initiative,Florida,0,30,35.3987,NA,NA,NA,8.0319,NA,2398.1773,2047.8383,NA,,
2018-09-26,Atlantic,Southeast Florida Coral Reef Initiative,Florida,0,30.3,34.803,NA,NA,NA,8.0002,NA,2418.7946,2088.9552,NA,,
2018-10-11,Atlantic,Florida Keys,Florida Keys,0,28.4,36.0251,NA,NA,NA,7.8859,NA,2361.8767,2111.9285,NA,,
2018-10-11,Atlantic,Florida Keys,Florida Keys,0,28.2,35.864,NA,NA,NA,7.916,NA,2366.619,2102.3158,NA,,
2018-10-11,Atlantic,Florida Keys,Florida Keys,0,28.1,35.8207,NA,NA,NA,7.9254,NA,2375.9369,2106.7286,NA,,
2018-10-11,Atlantic,Florida Keys,Florida Keys,0,28.4,35.9583,NA,NA,NA,7.9479,NA,2373.4086,2087.8997,NA,,
2018-10-11,Atlantic,Florida Keys,Florida Keys,0,28.4,35.9649,NA,NA,NA,7.9766,NA,2378.7396,2075.635,NA,,
2018-10-11,Atlantic,Florida Keys,Florida Keys,0,28.4,35.9426,NA,NA,NA,7.9534,NA,2370.3875,2082.0162,NA,,
2018-10-11,Atlantic,Florida Keys,Florida Keys,0,28.4,35.9295,NA,NA,NA,7.961,NA,2382.6302,2088.8361,NA,,
2018-10-11,Atlantic,Florida Keys,Florida Keys,0,28.4,35.9282,NA,NA,NA,7.9315,NA,2366.7861,2091.5724,NA,,
2018-10-11,Atlantic,Florida Keys,Florida Keys,0,28.7,35.9701,NA,NA,NA,8.0266,NA,2385.6833,2047.8837,NA,,
2018-10-11,Atlantic,Florida Keys,Florida Keys,0,28.6,35.9216,NA,NA,NA,8.032,NA,2376.3943,2037.3841,NA,,
2018-10-11,Atlantic,Florida Keys,Florida Keys,0,28.6,35.9793,NA,NA,NA,8.0471,NA,2389.8166,2039.1041,NA,,
2018-10-25,Atlantic,Florida Keys,Florida Keys,0,27.7,36.0395,NA,NA,NA,8.0293,NA,2386.4176,2055.6618,NA,,
2018-10-25,Atlantic,Florida Keys,Florida Keys,0,27.7,36.0264,NA,NA,NA,8.0512,NA,2392.0418,2046.6983,NA,,
2018-10-25,Atlantic,Florida Keys,Florida Keys,0,27.7,35.9989,NA,NA,NA,8.0464,NA,2386.1422,2044.7381,NA,,
2018-10-25,Atlantic,Florida Keys,Florida Keys,0,27.7,36.0107,NA,NA,NA,8.0538,NA,2394.2524,2047.1126,NA,,
2018-10-25,Atlantic,Florida Keys,Florida Keys,0,27.7,36.0186,NA,NA,NA,8.0281,NA,2382.5572,2053.106,NA,,
2018-10-25,Atlantic,Florida Keys,Florida Keys,0,27.8,36.05,NA,NA,NA,8.0427,NA,2394.4623,2053.2537,NA,,
2018-10-25,Atlantic,Florida Keys,Florida Keys,0,27.8,36.0736,NA,NA,NA,8.0274,NA,2384.2398,2053.6574,NA,,
2018-10-29,Atlantic,Southeast Florida Coral Reef Initiative,Florida,0,27.2,35.881,NA,NA,NA,8.0329,NA,2374.359,2048.3861,NA,,
2018-10-29,Atlantic,Southeast Florida Coral Reef Initiative,Florida,0,27.4,35.8849,NA,NA,NA,8.0408,NA,2385.5189,2051.554,NA,,
2018-10-29,Atlantic,Southeast Florida Coral Reef Initiative,Florida,0,27.4,35.919,NA,NA,NA,8.0413,NA,2385.5213,2050.9655,NA,,
2018-10-29,Atlantic,Southeast Florida Coral Reef Initiative,Florida,0,27.4,35.9478,NA,NA,NA,8.0467,NA,2387.4098,2048.9689,NA,,
2018-10-29,Atlantic,Southeast Florida Coral Reef Initiative,Florida,0,27.4,35.9203,NA,NA,NA,8.0432,NA,2386.6013,2050.7194,NA,,
2018-10-29,Atlantic,Southeast Florida Coral Reef Initiative,Florida,0,27.2,35.9518,NA,NA,NA,8.0513,NA,2386.657,2047.1565,NA,,
2018-10-29,Atlantic,Southeast Florida Coral Reef Initiative,Florida,0,27.4,36.0002,NA,NA,NA,8.0464,NA,2382.4193,2044.2517,NA,,
2018-10-30,Atlantic,Southeast Florida Coral Reef Initiative,Florida,0,27.6,35.9243,NA,NA,NA,8.0378,NA,2383.6974,2049.6393,NA,,
2018-10-30,Atlantic,Southeast Florida Coral Reef Initiative,Florida,0,27.4,35.9321,NA,NA,NA,8.0414,NA,2385.4195,2050.7016,NA,,
2018-10-30,Atlantic,Southeast Florida Coral Reef Initiative,Florida,0,27.6,35.902,NA,NA,NA,8.034,NA,2382.0007,2050.6982,NA,,
2018-10-30,Atlantic,Southeast Florida Coral Reef Initiative,Florida,0,27.8,35.9138,NA,NA,NA,8.0338,NA,2384.8118,2051.364,NA,,
2018-10-30,Atlantic,Southeast Florida Coral Reef Initiative,Florida,0,27.5,35.919,NA,NA,NA,8.0389,NA,2384.0213,2050.2093,NA,,
2018-10-30,Atlantic,Southeast Florida Coral Reef Initiative,Florida,0,27.5,35.8967,NA,NA,NA,8.0493,NA,2387.0525,2046.4093,NA,,
2018-10-31,Atlantic,Southeast Florida Coral Reef Initiative,Florida,0,27.3,35.9334,NA,NA,NA,8.0469,NA,2384.3379,2047.1353,NA,,
2018-10-31,Atlantic,Southeast Florida Coral Reef Initiative,Florida,0,27.6,35.9505,NA,NA,NA,8.0467,NA,2386.6297,2046.3194,NA,,
2018-10-31,Atlantic,Southeast Florida Coral Reef Initiative,Florida,0,27.4,35.9295,NA,NA,NA,8.0453,NA,2388.1609,2050.6817,NA,,
2018-10-31,Atlantic,Southeast Florida Coral Reef Initiative,Florida,0,27.4,35.8928,NA,NA,NA,8.0469,NA,2387.271,2049.1496,NA,,
2018-10-31,Atlantic,Southeast Florida Coral Reef Initiative,Florida,0,27.4,35.9177,NA,NA,NA,8.0435,NA,2386.6547,2050.5768,NA,,
2018-10-31,Atlantic,Southeast Florida Coral Reef Initiative,Florida,0,27.3,35.9203,NA,NA,NA,8.0493,NA,2384.2061,2045.5438,NA,,
2018-11-01,Atlantic,Southeast Florida Coral Reef Initiative,Florida,0,27.2,35.9033,NA,NA,NA,8.0396,NA,2385.9313,2054.4071,NA,,
2018-11-04,Atlantic,Florida Keys,Florida Keys,0,27.1,36.2662,NA,NA,NA,8.0283,NA,2382.2162,2056.3029,NA,,
2018-11-04,Atlantic,Florida Keys,Florida Keys,0,27.2,36.2544,NA,NA,NA,8.0292,NA,2382.7827,2055.3933,NA,,
2018-11-04,Atlantic,Florida Keys,Florida Keys,0,27.2,36.257,NA,NA,NA,8.0322,NA,2384.145,2054.7059,NA,,
2018-11-04,Atlantic,Florida Keys,Florida Keys,0,27.2,36.2675,NA,NA,NA,8.0329,NA,2387.1393,2056.8867,NA,,
2018-11-04,Atlantic,Florida Keys,Florida Keys,0,27.2,36.2662,NA,NA,NA,8.0336,NA,2391.0561,2060.0128,NA,,
2018-11-04,Atlantic,Florida Keys,Florida Keys,0,27.2,36.2321,NA,NA,NA,8.0279,NA,2385.8568,2059.1857,NA,,
2018-11-04,Atlantic,Florida Keys,Florida Keys,0,27.2,36.274,NA,NA,NA,8.0301,NA,2385.6864,2057.3161,NA,,
2018-11-04,Atlantic,Florida Keys,Florida Keys,0,27.4,36.2557,NA,NA,NA,8.033,NA,2390.116,2057.7344,NA,,
2018-11-04,Atlantic,Florida Keys,Florida Keys,0,27.7,36.1129,NA,NA,NA,8.0397,NA,2383.0531,2045.4039,NA,,
2018-11-04,Atlantic,Florida Keys,Florida Keys,0,27.8,36.0789,NA,NA,NA,8.0428,NA,2383.0388,2042.7211,NA,,
2018-11-20,Atlantic,Florida Keys,Florida Keys,0,25.8,36.1116,NA,NA,NA,8.0106,NA,2397.0805,2093.737,NA,,
2018-11-20,Atlantic,Florida Keys,Florida Keys,0,25.8,36.1178,NA,NA,NA,8.0114,NA,2394.5725,2090.896,NA,,
2018-11-20,Atlantic,Florida Keys,Florida Keys,0,25.8,36.1247,NA,NA,NA,8.0107,NA,2394.115,2090.8365,NA,,
2018-11-20,Atlantic,Florida Keys,Florida Keys,0,25.8,36.0933,NA,NA,NA,8.0193,NA,2396.0802,2087.6628,NA,,
2018-11-20,Atlantic,Florida Keys,Florida Keys,0,25.9,36.1011,NA,NA,NA,8.042,NA,2403.9688,2079.7419,NA,,
2018-11-20,Atlantic,Florida Keys,Florida Keys,0,26,36.0828,NA,NA,NA,8.0301,NA,2394.6127,2077.9148,NA,,
2018-11-20,Atlantic,Florida Keys,Florida Keys,0,26,36.1103,NA,NA,NA,8.0197,NA,2395.2633,2084.7074,NA,,
2018-11-29,Atlantic,Southeast Florida Coral Reef Initiative,Florida,0,25.5,36.1797,NA,NA,NA,8.0559,NA,2389.4783,2061.0188,NA,,
2018-11-29,Atlantic,Southeast Florida Coral Reef Initiative,Florida,0,26.1,36.2099,NA,NA,NA,8.056,NA,2389.1283,2054.7735,NA,,
2018-11-29,Atlantic,Southeast Florida Coral Reef Initiative,Florida,0,26.2,36.1745,NA,NA,NA,8.0687,NA,2396.8984,2052.899,NA,,
2018-11-29,Atlantic,Southeast Florida Coral Reef Initiative,Florida,0,26.3,36.2347,NA,NA,NA,8.052,NA,2386.2971,2052.6856,NA,,
2018-12-14,Atlantic,Florida Keys,Florida Keys,0,22.3,36.1719,NA,NA,NA,8.0441,NA,2397.3218,2104.5035,NA,,
2018-12-14,Atlantic,Florida Keys,Florida Keys,0,22.3,36.557,NA,NA,NA,8.0484000000000009,NA,2397.4371,2099.3163,NA,,
2018-12-14,Atlantic,Florida Keys,Florida Keys,0,22.3,36.6185,NA,NA,NA,8.0558,NA,2402.3755,2098.9279,NA,,
2018-12-14,Atlantic,Florida Keys,Florida Keys,0,22.7,36.557,NA,NA,NA,8.0512,NA,2391.4834,2088.6284,NA,,
2018-12-14,Atlantic,Florida Keys,Florida Keys,0,22.9,36.5177,NA,NA,NA,8.0544,NA,2391.8669,2085.5168,NA,,
2018-12-14,Atlantic,Florida Keys,Florida Keys,0,22.8,36.536,NA,NA,NA,8.0572,NA,2392.5585,2085.2445,NA,,
2018-12-14,Atlantic,Florida Keys,Florida Keys,0,22.6,36.5792,NA,NA,NA,8.0458,NA,2394.8327,2095.6703,NA,,
2018-12-14,Atlantic,Florida Keys,Florida Keys,0,22.1,36.7259,NA,NA,NA,7.9805,NA,2413.6176,2153.8532,NA,,
2018-12-31,Atlantic,Florida Keys,Florida Keys,0,24.17,36.4286,NA,NA,NA,7.9615,NA,2376.5669,2115.1343,NA,,
2018-12-31,Atlantic,Florida Keys,Florida Keys,0,24.17,36.4352,NA,NA,NA,7.9933,NA,2394.8427,2113.855,NA,,
2018-12-31,Atlantic,Florida Keys,Florida Keys,0,24.45,36.4325,NA,NA,NA,7.9726,NA,2383.0998,2112.5901,NA,,
2018-12-31,Atlantic,Florida Keys,Florida Keys,0,24.95,36.4443,NA,NA,NA,7.9931,NA,2395.8307,2108.1302,NA,,
2018-12-31,Atlantic,Florida Keys,Florida Keys,0,25.1,36.7167,NA,NA,NA,7.9624,NA,2412.5944,2138.2037,NA,,
2018-12-31,Atlantic,Florida Keys,Florida Keys,0,24.91,36.4443,NA,NA,NA,8.0016,NA,2397.2104,2104.7137,NA,,
2018-12-31,Atlantic,Florida Keys,Florida Keys,0,24.91,36.4653,NA,NA,NA,7.9803,NA,2393.2279,2113.3687,NA,,
2018-12-31,Atlantic,Florida Keys,Florida Keys,0,25.05,36.4338,NA,NA,NA,8.0248,NA,2390.5783,2083.5475,NA,,
2018-12-31,Atlantic,Florida Keys,Florida Keys,0,25.59,36.3369,NA,NA,NA,8.0177,NA,2374.5942,2069.1512,NA,,
2018-12-31,Atlantic,Florida Keys,Florida Keys,0,26.06,36.2924,NA,NA,NA,8.0515,NA,2379.6505,2048.8156,NA,,
2019-01-14,Atlantic,Florida Keys,Florida Keys,0,24.5,36.35656567,NA,NA,NA,8.078400306,NA,2386.989407,2053.160046,NA,,
2019-01-14,Atlantic,Florida Keys,Florida Keys,0,24.3,36.37228407,NA,NA,NA,8.068429882,NA,2384.871212,2059.335028,NA,,
2019-01-14,Atlantic,Florida Keys,Florida Keys,0,23.1,36.48492858,NA,NA,NA,8.095647645,NA,2403.431419,2069.510205,NA,,
2019-01-14,Atlantic,Florida Keys,Florida Keys,0,23,36.51898251,NA,NA,NA,8.089529499,NA,2401.489985,2072.337524,NA,,
2019-01-14,Atlantic,Florida Keys,Florida Keys,0,23,36.516363,NA,NA,NA,8.094784079,NA,2402.887567,2070.291741,NA,,
2019-01-14,Atlantic,Florida Keys,Florida Keys,0,23.1,36.54386765,NA,NA,NA,8.0873518,NA,2408.007152,2078.448637,NA,,
2019-01-14,Atlantic,Florida Keys,Florida Keys,0,23.2,36.53600922,NA,NA,NA,8.074999255,NA,2400.15551,2078.216704,NA,,
2019-01-14,Atlantic,Florida Keys,Florida Keys,0,23.2,36.52815076,NA,NA,NA,8.078020548,NA,2398.359276,2074.763681,NA,,
2019-01-14,Atlantic,Florida Keys,Florida Keys,0,23.3,36.54386765,NA,NA,NA,8.065108968,NA,2397.483816,2080.93763,NA,,
2019-01-14,Atlantic,Florida Keys,Florida Keys,0,23.3,36.51112397,NA,NA,NA,8.089191175,NA,2404.826058,2072.740017,NA,,
2019-01-14,Atlantic,Florida Keys,Florida Keys,0,23.3,36.52684101,NA,NA,NA,8.08387035,NA,2404.173888,2075.40015,NA,,
2019-01-30,Atlantic,Florida Keys,Florida Keys,0,20.6,36.2543927,NA,NA,NA,8.073215712,NA,2407.908211,2112.429351,NA,,
2019-01-30,Atlantic,Florida Keys,Florida Keys,0,20.6,36.24522304,NA,NA,NA,8.055630667,NA,2398.040293,2113.76168,NA,,
2019-01-30,Atlantic,Florida Keys,Florida Keys,0,20.6,36.26618218,NA,NA,NA,8.063582054,NA,2408.495504,2118.561459,NA,,
2019-01-30,Atlantic,Florida Keys,Florida Keys,0,20.7,36.24260313,NA,NA,NA,8.060783648,NA,2402.845663,2114.30274,NA,,
2019-01-30,Atlantic,Florida Keys,Florida Keys,0,20.8,36.21902378,NA,NA,NA,8.079476609,NA,2402.793185,2102.477468,NA,,
2019-01-30,Atlantic,Florida Keys,Florida Keys,0,20.8,36.22164372,NA,NA,NA,8.080045827,NA,2407.839247,2106.720332,NA,,
2019-01-30,Atlantic,Florida Keys,Florida Keys,0,20.8,36.26880206,NA,NA,NA,8.061218926,NA,2409.424417,2118.996675,NA,,
2019-02-12,Atlantic,Florida Keys,Florida Keys,0,24.1,36.45349362,NA,NA,NA,8.041878412,NA,2407.414444,2097.480962,NA,,
2019-02-12,Atlantic,Florida Keys,Florida Keys,0,24.1,36.45742302,NA,NA,NA,8.038128133,NA,2400.681652,2093.619122,NA,,
2019-02-12,Atlantic,Florida Keys,Florida Keys,0,24.1,36.45218381,NA,NA,NA,8.039407121,NA,2406.173597,2097.873449,NA,,
2019-02-12,Atlantic,Florida Keys,Florida Keys,0,24.1,36.47445032,NA,NA,NA,8.042253653,NA,2407.532985,2097.204434,NA,,
2019-02-12,Atlantic,Florida Keys,Florida Keys,0,24.1,36.45742302,NA,NA,NA,8.053023519,NA,2408.715158,2091.764459,NA,,
2019-02-12,Atlantic,Florida Keys,Florida Keys,0,24.2,36.44956421,NA,NA,NA,8.040876482,NA,2402.73604,2092.947985,NA,,
2019-02-12,Atlantic,Florida Keys,Florida Keys,0,24.3,36.48623836,NA,NA,NA,8.047954208,NA,2407.017592,2091.280646,NA,,
2019-02-12,Atlantic,Florida Keys,Florida Keys,0,24.3,36.56613302,NA,NA,NA,8.018698236,NA,2429.369068,2128.930649,NA,,
2019-02-12,Atlantic,Florida Keys,Florida Keys,0,24.6,36.29369068,NA,NA,NA,8.059641142,NA,2392.361577,2069.36853,NA,,
2019-02-12,Atlantic,Florida Keys,Florida Keys,0,25.5,36.12470325,NA,NA,NA,8.04644615,NA,2368.653135,2048.97669,NA,,
2019-02-12,Atlantic,Florida Keys,Florida Keys,0,25.6,36.11160279,NA,NA,NA,8.056557902,NA,2371.349681,2044.261056,NA,,
2019-02-26,Atlantic,Florida Keys,Florida Keys,0,26.3,36.42467775,NA,NA,NA,7.994776502,NA,2408.002233,2106.799183,NA,,
2019-02-26,Atlantic,Florida Keys,Florida Keys,0,26.2,36.40764997,NA,NA,NA,8.008967475,NA,2418.015401,2108.289966,NA,,
2019-02-26,Atlantic,Florida Keys,Florida Keys,0,26.2,36.39324172,NA,NA,NA,8.006007758,NA,2410.130588,2103.041027,NA,,
2019-02-26,Atlantic,Florida Keys,Florida Keys,0,26,36.4089598,NA,NA,NA,8.015860142,NA,2420.453461,2108.09269,NA,,
2019-02-26,Atlantic,Florida Keys,Florida Keys,0,26.1,36.43646611,NA,NA,NA,7.996647704,NA,2411.615518,2110.685436,NA,,
2019-02-26,Atlantic,Florida Keys,Florida Keys,0,26.6,36.41681879,NA,NA,NA,7.996039087,NA,2412.590792,2107.54355,NA,,
2019-02-26,Atlantic,Florida Keys,Florida Keys,0,26.6,36.44301517,NA,NA,NA,8.007004486,NA,2418.990027,2106.42897,NA,,
2019-03-16,Atlantic,Florida Keys,Florida Keys,0,26.8,36.28714108,NA,NA,NA,8.023340007,NA,2368.358175,2049.706891,NA,,
2019-03-16,Atlantic,Florida Keys,Florida Keys,0,26.5,36.33691747,NA,NA,NA,8.033665068,NA,2379.295784,2055.586435,NA,,
2019-03-16,Atlantic,Florida Keys,Florida Keys,0,26.3,36.42729739,NA,NA,NA,8.040911408,NA,2375.992919,2049.25047,NA,,
2019-03-16,Atlantic,Florida Keys,Florida Keys,0,26.5,36.92626947,NA,NA,NA,8.087964928,NA,2366.504528,2004.388496,NA,,
2019-03-16,Atlantic,Florida Keys,Florida Keys,0,26.5,36.9223411,NA,NA,NA,8.101680358,NA,2373.857082,2001.759648,NA,,
2019-03-16,Atlantic,Florida Keys,Florida Keys,0,26.6,36.80841465,NA,NA,NA,8.101004346,NA,2382.965728,2010.223278,NA,,
2019-03-16,Atlantic,Florida Keys,Florida Keys,0,26.4,36.94198286,NA,NA,NA,8.102834684,NA,2372.909131,2000.998739,NA,,
2019-03-16,Atlantic,Florida Keys,Florida Keys,0,26.4,36.94067341,NA,NA,NA,8.100556368,NA,2371.992112,2001.732519,NA,,
2019-03-16,Atlantic,Florida Keys,Florida Keys,0,26.7,36.75210348,NA,NA,NA,8.085223806,NA,2381.953712,2019.383077,NA,,
2019-03-16,Atlantic,Florida Keys,Florida Keys,0,26.4,36.90269913,NA,NA,NA,8.10356451,NA,2372.616776,2000.568944,NA,,
2019-03-16,Atlantic,Florida Keys,Florida Keys,0,26.5,35.72902733,NA,NA,NA,8.091141861,NA,2391.342849,2034.192775,NA,,
2019-03-31,Atlantic,Florida Keys,Florida Keys,0,24.4,36.79662873,NA,NA,NA,8.135065862,NA,2375.973815,2003.652064,NA,,
2019-03-31,Atlantic,Florida Keys,Florida Keys,0,24.5,36.78353319,NA,NA,NA,8.132750125,NA,2376.260455,2004.549781,NA,,
2019-03-31,Atlantic,Florida Keys,Florida Keys,0,24.5,36.83329576,NA,NA,NA,8.140131031,NA,2373.302096,1996.522696,NA,,
2019-03-31,Atlantic,Florida Keys,Florida Keys,0,24.4,36.80055738,NA,NA,NA,8.1375768570000009,NA,2378.022596,2003.743832,NA,,
2019-03-31,Atlantic,Florida Keys,Florida Keys,0,24.6,36.75996095,NA,NA,NA,8.133620413,NA,2379.599953,2006.097401,NA,,
2019-03-31,Atlantic,Florida Keys,Florida Keys,0,24.5,36.75341306,NA,NA,NA,8.134249149,NA,2379.3653640000002,2006.546281,NA,,
2019-03-31,Atlantic,Florida Keys,Florida Keys,0,24.5,36.75210348,NA,NA,NA,8.129360266,NA,2379.549395,2010.012762,NA,,
2019-04-20,Atlantic,Florida Keys,Florida Keys,0,26.9,36.61197261,NA,NA,NA,8.054555809,NA,2392.468426,2048.138008,NA,,
2019-04-20,Atlantic,Florida Keys,Florida Keys,0,26.9,36.6001854,NA,NA,NA,8.059077424,NA,2395.563764,2048.058264,NA,,
2019-04-20,Atlantic,Florida Keys,Florida Keys,0,26.9,36.61197261,NA,NA,NA,8.057284496,NA,2392.43726,2046.332358,NA,,
2019-04-20,Atlantic,Florida Keys,Florida Keys,0,26.9,36.61197261,NA,NA,NA,8.063736133,NA,2392.95644,2042.574654,NA,,
2019-04-20,Atlantic,Florida Keys,Florida Keys,0,26.9,36.60542417,NA,NA,NA,8.038087281,NA,2390.922851,2057.42023,NA,,
2019-04-20,Atlantic,Florida Keys,Florida Keys,0,26.9,36.61721134,NA,NA,NA,8.064153359,NA,2403.000221,2051.253344,NA,,
2019-04-20,Atlantic,Florida Keys,Florida Keys,0,26.9,36.61328229,NA,NA,NA,8.055916885,NA,2393.410912,2048.087222,NA,,
2019-04-29,Atlantic,Florida Keys,Florida Keys,0,27.4,37.14231634,NA,NA,NA,8.100880895,NA,2377.535533,1994.454697,NA,,
2019-04-29,Atlantic,Florida Keys,Florida Keys,0,27.4,37.12136749,NA,NA,NA,8.108005181,NA,2386.420359,1997.558934,NA,,
2019-04-29,Atlantic,Florida Keys,Florida Keys,0,27.4,37.07161299,NA,NA,NA,8.095737857,NA,2376.41819,1997.583673,NA,,
2019-04-29,Atlantic,Florida Keys,Florida Keys,0,27.4,37.09649041,NA,NA,NA,8.109961372,NA,2386.76991,1996.717585,NA,,
2019-04-29,Atlantic,Florida Keys,Florida Keys,0,27.4,37.14755351,NA,NA,NA,8.100822703,NA,2376.759206,1993.764022,NA,,
2019-04-29,Atlantic,Florida Keys,Florida Keys,0,27.4,37.25622135,NA,NA,NA,8.060922764,NA,2383.03821,2025.455881,NA,,
2019-04-29,Atlantic,Florida Keys,Florida Keys,0,27.6,37.14100704,NA,NA,NA,8.110384881,NA,2383.32543,1990.895522,NA,,
2019-04-29,Atlantic,Florida Keys,Florida Keys,0,27.6,37.13184194,NA,NA,NA,8.115117873,NA,2387.341793,1991.201716,NA,,
2019-04-29,Atlantic,Florida Keys,Florida Keys,0,27.2,36.8752,NA,NA,NA,8.095658079,NA,2381.43348,2005.778224,NA,,
2019-04-29,Atlantic,Florida Keys,Florida Keys,0,26.7,36.61459198,NA,NA,NA,8.04724245,NA,2391.0843,2053.550978,NA,,
2019-04-29,Atlantic,Florida Keys,Florida Keys,0,26.2,36.57792046,NA,NA,NA,8.041499155,NA,2389.347822,2060.731864,NA,,
2019-04-29,Atlantic,Florida Keys,Florida Keys,0,26.76,36.83198624,NA,NA,NA,8.133839314,NA,2361.374754,1966.710024,NA,,
2019-04-29,Atlantic,Florida Keys,Florida Keys,0,26.66,36.69579052,NA,NA,NA,8.108352947,NA,2383.639016,2006.142052,NA,,
2019-04-29,Atlantic,Florida Keys,Florida Keys,0,26.3,36.60935324,NA,NA,NA,8.063972463,NA,2389.028472,2044.823479,NA,,
2019-04-29,Atlantic,Florida Keys,Florida Keys,0,27.4,36.9040086,NA,NA,NA,8.0951851949999991,NA,2337.350399,1964.711967,NA,,
2019-04-29,Atlantic,Florida Keys,Florida Keys,0,26.37,36.5857787,NA,NA,NA,8.068294589,NA,2387.495256,2040.134008,NA,,
2019-04-29,Atlantic,Florida Keys,Florida Keys,0,26.86,36.53993844,NA,NA,NA,8.015911362,NA,2381.997243,2064.214606,NA,,
2019-04-29,Atlantic,Florida Keys,Florida Keys,0,28.02,37.18945033,NA,NA,NA,8.144937587,NA,2317.826667,1904.200297,NA,,
2019-04-29,Atlantic,Florida Keys,Florida Keys,0,27.39,36.74948431,NA,NA,NA,8.11763288,NA,2385.252026,1993.09167,NA,,
2019-04-29,Atlantic,Florida Keys,Florida Keys,0,26.38,36.55827469,NA,NA,NA,8.02492071,NA,2393.231152,2073.117657,NA,,
2019-04-30,Atlantic,Florida Keys,Florida Keys,0,26.96,36.57268161,NA,NA,NA,8.015230032,NA,2382.072513,2063.530262,NA,,
2019-04-30,Atlantic,Florida Keys,Florida Keys,0,28.52,37.16195565,NA,NA,NA,8.112831366,NA,2352.415574,1952.044857,NA,,
2019-04-30,Atlantic,Florida Keys,Florida Keys,0,26.54,36.6355468,NA,NA,NA,8.011588864,NA,2380.058664,2067.387314,NA,,
2019-04-30,Atlantic,Florida Keys,Florida Keys,0,27.94,36.69971939,NA,NA,NA,8.062254204,NA,2388.820129,2028.787585,NA,,
2019-04-30,Atlantic,Florida Keys,Florida Keys,0,26.47,36.59101751,NA,NA,NA,8.0442929,NA,2392.548165,2059.158936,NA,,
2019-04-30,Atlantic,Florida Keys,Florida Keys,0,27.99,36.86079553,NA,NA,NA,8.07061854,NA,2388.947423,2021.471405,NA,,
2019-04-30,Atlantic,Florida Keys,Florida Keys,0,27.91,36.96817152,NA,NA,NA,8.106974908,NA,2391.379267,1998.575693,NA,,
2019-04-30,Atlantic,Florida Keys,Florida Keys,0,27.93,37.36750077,NA,NA,NA,8.113874965,NA,2369.635347,1970.965639,NA,,
2019-04-30,Atlantic,Florida Keys,Florida Keys,0,27.73,36.99697861,NA,NA,NA,8.083021053,NA,2376.240753,2003.314356,NA,,
2019-04-30,Atlantic,Florida Keys,Florida Keys,0,26.48,36.61721134,NA,NA,NA,8.03899096,NA,2394.606217,2064.096826,NA,,
2019-04-30,Atlantic,Florida Keys,Florida Keys,0,26.85,36.64078546,NA,NA,NA,8.025340684,NA,2392.11143,2066.793713,NA,,
2019-04-30,Atlantic,Florida Keys,Florida Keys,0,26.92,36.61197261,NA,NA,NA,8.031106672,NA,2383.880219,2055.271767,NA,,
2019-04-30,Atlantic,Florida Keys,Florida Keys,0,27.83,37.2378923,NA,NA,NA,8.081860709,NA,2372.622215,1997.885042,NA,,
2019-04-30,Atlantic,Florida Keys,Florida Keys,0,28.35,37.51935312,NA,NA,NA,8.079631972,NA,2368.972653,1988.496468,NA,,
2019-04-30,Atlantic,Florida Keys,Florida Keys,0,28.04,36.50326539,NA,NA,NA,8.115369096,NA,2195.127187,1822.440427,NA,,
2019-04-30,Atlantic,Florida Keys,Florida Keys,0,27.69,36.69710015,NA,NA,NA,8.062118733,NA,2358.905149,2004.682588,NA,,
2019-04-30,Atlantic,Florida Keys,Florida Keys,0,26.62,36.71543478,NA,NA,NA,8.035587935,NA,2373.149191,2044.815873,NA,,
2019-04-30,Atlantic,Florida Keys,Florida Keys,0,28.42,37.03626025,NA,NA,NA,8.082869463,NA,2172.812881,1815.817366,NA,,
2019-04-30,Atlantic,Florida Keys,Florida Keys,0,27.47,36.66304962,NA,NA,NA,8.094541434,NA,2225.245473,1866.972015,NA,,
2019-04-30,Atlantic,Florida Keys,Florida Keys,0,26.97,36.72984043,NA,NA,NA,8.054659516,NA,2328.114872,1988.726244,NA,,
2019-04-30,Atlantic,Florida Keys,Florida Keys,0,26.9,36.63030811,NA,NA,NA,8.021908919,NA,2373.005866,2051.288567,NA,,
2019-04-30,Atlantic,Florida Keys,Florida Keys,0,26.85,36.66304962,NA,NA,NA,8.020862516,NA,2365.399804,2045.285409,NA,,
2019-04-30,Atlantic,Florida Keys,Florida Keys,0,25.94,36.54648712,NA,NA,NA,8.026703964,NA,2390.538939,2073.767698,NA,,
2019-04-30,Atlantic,Florida Keys,Florida Keys,0,26.87,36.68793276,NA,NA,NA,8.020942371,NA,2363.613186,2043.247067,NA,,
2019-04-30,Atlantic,Florida Keys,Florida Keys,0,26.92,36.67221713,NA,NA,NA,8.012490283,NA,2358.342645,2043.368389,NA,,
2019-04-30,Atlantic,Florida Keys,Florida Keys,0,27.44,36.94722062,NA,NA,NA,8.014421156,NA,2297.053807,1979.917552,NA,,
2019-05-07,Atlantic,Florida Keys,Florida Keys,0,27.4,36.57268161,NA,NA,NA,8.020689682,NA,2387.461116,2060.842176,NA,,
2019-05-07,Atlantic,Florida Keys,Florida Keys,0,27.2,36.63030811,NA,NA,NA,8.034433366,NA,2391.702767,2057.387165,NA,,
2019-05-07,Atlantic,Florida Keys,Florida Keys,0,28.5,36.93674508,NA,NA,NA,8.08427737,NA,2373.964233,1993.006868,NA,,
2019-05-07,Atlantic,Florida Keys,Florida Keys,0,29.2,37.21694459,NA,NA,NA,8.106321809,NA,2363.336868,1958.497318,NA,,
2019-05-07,Atlantic,Florida Keys,Florida Keys,0,29.1,37.1488628,NA,NA,NA,8.117336238,NA,2370.275351,1958.400729,NA,,
2019-05-07,Atlantic,Florida Keys,Florida Keys,0,29.1,37.14231634,NA,NA,NA,8.123152465,NA,2372.76242,1956.458914,NA,,
2019-05-07,Atlantic,Florida Keys,Florida Keys,0,29.2,37.18814107,NA,NA,NA,8.121456064,NA,2369.816371,1953.612167,NA,,
2019-05-07,Atlantic,Florida Keys,Florida Keys,0,29.2,37.16326493,NA,NA,NA,8.111213788,NA,2358.565788,1951.30657,NA,,
2019-05-07,Atlantic,Florida Keys,Florida Keys,0,29.8,37.380592,NA,NA,NA,8.103194875,NA,2314.256059,1909.877014,NA,,
2019-05-07,Atlantic,Florida Keys,Florida Keys,0,29.4,37.2143261,NA,NA,NA,8.11201315,NA,2370.011115,1958.15965,NA,,
2019-05-07,Atlantic,Florida Keys,Florida Keys,0,29.4,37.14790287,NA,NA,NA,8.118425031,NA,2371.372193,1955.32885,NA,,
2019-05-20,Atlantic,Florida Keys,Florida Keys,0,29.5,37.04411648,NA,NA,NA,8.077386884,NA,2352.146666,1967.187414,NA,,
2019-05-20,Atlantic,Florida Keys,Florida Keys,0,29.5,37.02840399,NA,NA,NA,8.071745401,NA,2358.723817,1977.016311,NA,,
2019-05-20,Atlantic,Florida Keys,Florida Keys,0,29.5,36.95507724,NA,NA,NA,8.083173141,NA,2359.904224,1970.780879,NA,,
2019-05-20,Atlantic,Florida Keys,Florida Keys,0,29.5,36.96424325,NA,NA,NA,8.08113687,NA,2357.878959,1970.328432,NA,,
2019-05-20,Atlantic,Florida Keys,Florida Keys,0,29.6,37.06113818,NA,NA,NA,8.077460065,NA,2347.620664,1961.959034,NA,,
2019-05-20,Atlantic,Florida Keys,Florida Keys,0,29.9,37.03102275,NA,NA,NA,8.065368485,NA,2347.065283,1966.929973,NA,,
2019-05-20,Atlantic,Florida Keys,Florida Keys,0,29.9,37.03233213,NA,NA,NA,8.062792076,NA,2346.130949,1967.855014,NA,,
2019-06-03,Atlantic,Northwest Gulf of Mexico,Flower Garden Banks National Marine Sanctuary,27.9074,27.75,34.0077577,NA,NA,NA,7.98334919,NA,2363.276219,2076.976372,NA,,
2019-06-03,Atlantic,U.S. Virgin Islands,St. Croix,0,29.4,35.860055439999996,NA,NA,NA,8.023023859,NA,2357.588496,2018.903067,NA,,
2019-06-03,Atlantic,Flower Garden Banks,Flower Garden Banks National Marine Sanctuary,27.9074,27.75,33.90807697,NA,NA,NA,7.995622617,NA,2368.479829,2075.271389,NA,,
2019-06-03,Atlantic,Flower Garden Banks,Flower Garden Banks National Marine Sanctuary,27.9074,27.44,33.79265056,NA,NA,NA,7.998922816,NA,2362.477916,2071.438567,NA,,
2019-06-03,Atlantic,Flower Garden Banks,Flower Garden Banks National Marine Sanctuary,27.9074,27.81,33.91988154,NA,NA,NA,8.018491979,NA,2361.956562,2055.058199,NA,,
2019-06-03,Atlantic,Flower Garden Banks,Flower Garden Banks National Marine Sanctuary,27.9074,27.94,34.00644614,NA,NA,NA,8.019007373,NA,2367.860115,2058.251472,NA,,
2019-06-03,Atlantic,Flower Garden Banks,Flower Garden Banks National Marine Sanctuary,27.9074,27.94,33.99201899,NA,NA,NA,8.014684998,NA,2358.457466,2052.454834,NA,,
2019-06-04,Atlantic,Flower Garden Banks,Flower Garden Banks National Marine Sanctuary,27.9074,27.69,33.99333055,NA,NA,NA,8.018829313,NA,2362.240049,2055.63107,NA,,
2019-06-04,Atlantic,Flower Garden Banks,Flower Garden Banks National Marine Sanctuary,27.9074,27.69,33.99464211,NA,NA,NA,8.011915143,NA,2359.982931,2057.731594,NA,,
2019-06-04,Atlantic,Flower Garden Banks,Flower Garden Banks National Marine Sanctuary,27.9074,27.69,34.07202272,NA,NA,NA,7.960736672,NA,2365.468395,2092.034447,NA,,
2019-06-04,Atlantic,Flower Garden Banks,Flower Garden Banks National Marine Sanctuary,27.9074,27.75,34.12448233,NA,NA,NA,7.899907836,NA,2355.000565,2114.883172,NA,,
2019-06-04,Atlantic,Florida Keys,Florida Keys,0,31.2,36.88174745,NA,NA,NA,8.017445885,NA,2329.64795,1971.859687,NA,,
2019-06-04,Atlantic,Florida Keys,Florida Keys,0,30.4,36.5386287,NA,NA,NA,7.999056501,NA,2384.778852,2043.818647,NA,,
2019-06-04,Atlantic,Northwest Gulf of Mexico,Flower Garden Banks National Marine Sanctuary,27.9074,27.75,34.14808867,NA,NA,NA,7.933153063,NA,2369.323621,2110.006107,NA,,
2019-06-04,Atlantic,Florida Keys,Florida Keys,0,30.4,36.2517728,NA,NA,NA,8.018610642,NA,2385.967586,2034.342119,NA,,
2019-06-04,Atlantic,Florida Keys,Florida Keys,0,30.8,36.57399132,NA,NA,NA,8.002137028,NA,2389.777731,2042.106011,NA,,
2019-06-04,Atlantic,Florida Keys,Florida Keys,0,30.8,36.49147746,NA,NA,NA,8.00090506,NA,2387.030687,2041.107852,NA,,
2019-06-04,Atlantic,Florida Keys,Florida Keys,0,30.2,36.27666166,NA,NA,NA,8.014649462,NA,2386.162209,2038.893209,NA,,
2019-06-04,Atlantic,Florida Keys,Florida Keys,0,30.5,36.52684101,NA,NA,NA,8.002278423,NA,2385.672557,2041.64023,NA,,
2019-06-04,Atlantic,Florida Keys,Florida Keys,0,30.6,36.38669248,NA,NA,NA,8.011760484,NA,2386.882159,2036.628821,NA,,
2019-06-04,Atlantic,Florida Keys,Florida Keys,0,29.9,36.26094242,NA,NA,NA,7.984576138,NA,2386.531579,2061.615374,NA,,
2019-06-04,Atlantic,Florida Keys,Florida Keys,0,29.5,36.32905813,NA,NA,NA,7.976820647,NA,2383.190246,2066.685748,NA,,
2019-06-04,Atlantic,Florida Keys,Florida Keys,0,29.3,36.32250865,NA,NA,NA,7.979039429,NA,2386.884273,2070.551869,NA,,
2019-06-04,Atlantic,Northwest Gulf of Mexico,Flower Garden Banks National Marine Sanctuary,27.9074,27.62,34.26742728,NA,NA,NA,7.955807407,NA,2365.994449,2094.518545,NA,,
2019-06-04,Atlantic,Northwest Gulf of Mexico,Flower Garden Banks National Marine Sanctuary,27.9074,27.69,34.21366028,NA,NA,NA,7.934437541,NA,2351.973146,2093.330773,NA,,
2019-06-04,Atlantic,Northwest Gulf of Mexico,Flower Garden Banks National Marine Sanctuary,27.9074,27.81,34.29375285,NA,NA,NA,7.999824264,NA,2359.663343,2061.33375,NA,,
2019-06-05,Atlantic,U.S. Virgin Islands,St. Croix,0,27.8,35.90853344,NA,NA,NA,8.040222292,NA,2371.906819,2035.724627,NA,,
2019-06-05,Atlantic,U.S. Virgin Islands,St. Croix,0,28.3,35.68307131,NA,NA,NA,8.037254967,NA,2364.732368,2028.153307,NA,,
2019-06-05,Atlantic,U.S. Virgin Islands,St. Croix,0,28.3,35.92163537,NA,NA,NA,7.983418438,NA,2352.20077,2048.497347,NA,,
2019-06-05,Atlantic,U.S. Virgin Islands,St. Croix,0,29.1,35.80109396,NA,NA,NA,7.992511953,NA,2354.913324,2039.011758,NA,,
2019-06-05,Atlantic,U.S. Virgin Islands,St. Croix,0,28,35.96749141,NA,NA,NA,8.039245298,NA,2368.224861,2030.655642,NA,,
2019-06-06,Atlantic,U.S. Virgin Islands,St. Croix,0,28.7,35.75261309,NA,NA,NA,8.015933898,NA,2351.922521,2025.802573,NA,,
2019-06-06,Atlantic,U.S. Virgin Islands,St. Croix,0,29.1,35.88757014,NA,NA,NA,8.021484032,NA,2358.811157,2023.64702,NA,,
2019-06-06,Atlantic,U.S. Virgin Islands,St. Croix,0,29.2,35.81812748,NA,NA,NA,8.023058424,NA,2349.471038,2013.838609,NA,,
2019-06-06,Atlantic,U.S. Virgin Islands,St. Croix,0,28.8,35.82336852,NA,NA,NA,7.997032403,NA,2360.762256,2044.10525,NA,,
2019-06-06,Atlantic,U.S. Virgin Islands,St. Croix,0,28.9,35.75785433,NA,NA,NA,8.015364023,NA,2349.041127,2021.643978,NA,,
2019-06-07,Atlantic,U.S. Virgin Islands,St. Croix,0,28.5,35.57694344,NA,NA,NA,8.031239476,NA,2355.102246,2022.256723,NA,,
2019-06-07,Atlantic,U.S. Virgin Islands,St. Croix,0,28.4,35.70141377,NA,NA,NA,8.030652154,NA,2352.554013,2020.31229,NA,,
2019-06-07,Atlantic,U.S. Virgin Islands,St. Croix,0,28.4,35.72630682,NA,NA,NA,8.034541755,NA,2356.459014,2021.154045,NA,,
2019-06-07,Atlantic,U.S. Virgin Islands,St. Croix,0,28.5,35.48915399,NA,NA,NA,8.03243287,NA,2355.866641,2022.876624,NA,,
2019-06-07,Atlantic,U.S. Virgin Islands,St. Croix,0,38.3,35.81943774,NA,NA,NA,7.863620873,NA,2351.898132,2036.884373,NA,,
2019-06-10,Atlantic,U.S. Virgin Islands,St. Croix,0,28,35.91508442,NA,NA,NA,8.019640298,NA,2359.919513,2036.00771,NA,,
2019-06-10,Atlantic,U.S. Virgin Islands,St. Croix,0,28,35.91508442,NA,NA,NA,8.015623549,NA,2363.356847,2041.622753,NA,,
2019-06-10,Atlantic,U.S. Virgin Islands,St. Croix,0,28.4,35.71582557,NA,NA,NA,8.004609943,NA,2357.851095,2041.289196,NA,,
2019-06-10,Atlantic,U.S. Virgin Islands,St. Croix,0,28,35.83385058,NA,NA,NA,8.020659143,NA,2364.454426,2040.085373,NA,,
2019-06-10,Atlantic,U.S. Virgin Islands,St. Croix,0,28.3,35.8666066,NA,NA,NA,7.996219238,NA,2351.598354,2040.572998,NA,,
2019-06-10,Atlantic,U.S. Virgin Islands,St. Croix,0,28.2,35.75261309,NA,NA,NA,8.086364061,NA,2332.217441,1967.49678,NA,,
2019-06-11,Atlantic,U.S. Virgin Islands,St. Croix,0,28.3,35.86136567,NA,NA,NA,8.007896774,NA,2359.36008,2040.43877,NA,,
2019-06-11,Atlantic,U.S. Virgin Islands,St. Croix,0,28.2,35.90722324,NA,NA,NA,7.995563069,NA,2352.144266,2042.078499,NA,,
2019-06-11,Atlantic,U.S. Virgin Islands,St. Croix,0,28.9,35.30569977,NA,NA,NA,7.994911758,NA,2348.411558,2037.223172,NA,,
2019-06-11,Atlantic,U.S. Virgin Islands,St. Croix,0,28.5,35.71975605,NA,NA,NA,7.954852688,NA,2335.619725,2050.028535,NA,,
2019-06-11,Atlantic,U.S. Virgin Islands,St. Croix,0,28.7,35.61363031,NA,NA,NA,8.019241567,NA,2351.266724,2024.208001,NA,,
2019-06-12,Atlantic,U.S. Virgin Islands,St. Croix,0,28.3,35.84695306,NA,NA,NA,7.995609033,NA,2359.518833,2048.273149,NA,,
2019-06-12,Atlantic,U.S. Virgin Islands,St. Croix,0,28,35.98059292,NA,NA,NA,8.013127202,NA,2362.081275,2041.528268,NA,,
2019-06-12,Atlantic,U.S. Virgin Islands,St. Croix,0,28.2,35.85219402,NA,NA,NA,8.005306928,NA,2355.423174,2039.476037,NA,,
2019-06-12,Atlantic,U.S. Virgin Islands,St. Croix,0,28.1,35.7447512,NA,NA,NA,8.014338287,NA,2353.598203,2033.97354,NA,,
2019-06-12,Atlantic,U.S. Virgin Islands,St. Croix,0,28.2,35.92032518,NA,NA,NA,8.015816958,NA,2359.653826,2036.248383,NA,,
2019-06-12,Atlantic,U.S. Virgin Islands,St. Croix,0,28.4,35.73164799,NA,NA,NA,8.011408285,NA,2362.795566,2041.415881,NA,,
2019-06-13,Atlantic,U.S. Virgin Islands,St. Croix,0,28.1,35.73557896,NA,NA,NA,8.012379076,NA,2358.080084,2039.310129,NA,,
2019-06-13,Atlantic,U.S. Virgin Islands,St. Croix,0,28,35.88757014,NA,NA,NA,8.019015632,NA,2365.632267,2041.766391,NA,,
2019-06-13,Atlantic,U.S. Virgin Islands,St. Croix,0,28.2,35.91901499,NA,NA,NA,8.013272207,NA,2363.235766,2041.084162,NA,,
2019-06-13,Atlantic,U.S. Virgin Islands,St. Croix,0,28.3,36.03299801,NA,NA,NA,8.025196389,NA,2363.648274,2032.124096,NA,,
2019-06-13,Atlantic,U.S. Virgin Islands,St. Croix,0,28.5,35.84302232,NA,NA,NA,8.028025112,NA,2360.683135,2027.233778,NA,,
2019-06-14,Atlantic,U.S. Virgin Islands,St. Croix,0,28.2,35.76309555,NA,NA,NA,7.997869688,NA,2353.023494,2042.540364,NA,,
2019-06-14,Atlantic,U.S. Virgin Islands,St. Croix,0,28.2,35.99369433,NA,NA,NA,8.013064648,NA,2364.247045,2041.557309,NA,,
2019-06-14,Atlantic,U.S. Virgin Islands,St. Croix,0,28.1,35.68438149,NA,NA,NA,8.012696776,NA,2356.710137,2038.264157,NA,,
2019-06-14,Atlantic,U.S. Virgin Islands,St. Croix,0,28.3,35.83385058,NA,NA,NA,8.010289334,NA,2359.037627,2038.868926,NA,,
2019-06-14,Atlantic,U.S. Virgin Islands,St. Croix,0,28.3,35.91639461,NA,NA,NA,8.019071777,NA,2364.123796,2037.328484,NA,,
2019-06-14,Atlantic,U.S. Virgin Islands,St. Croix,0,28.2,35.34501293,NA,NA,NA,8.017291439,NA,2366.586366,2046.005241,NA,,
2019-06-20,Atlantic,Florida Keys,Florida Keys,0,29.9,36.28714108,NA,NA,NA,7.981494116,NA,2344.258658,2025.160971,NA,,
2019-06-20,Atlantic,Florida Keys,Florida Keys,0,30,36.48230902,NA,NA,NA,7.983666557,NA,2343.286529,2020.525525,NA,,
2019-06-20,Atlantic,Florida Keys,Florida Keys,0,30,36.41550896,NA,NA,NA,7.987186521,NA,2354.646717,2029.069006,NA,,
2019-06-20,Atlantic,Florida Keys,Florida Keys,0,30,36.48492858,NA,NA,NA,8.003119018,NA,2347.289575,2011.785358,NA,,
2019-06-20,Atlantic,Florida Keys,Florida Keys,0,30,36.45480342,NA,NA,NA,7.992574629,NA,2347.321369,2018.760686,NA,,
2019-06-20,Atlantic,Florida Keys,Florida Keys,0,30.2,36.56351358,NA,NA,NA,7.993956283,NA,2344.908753,2012.986357,NA,,
2019-06-20,Atlantic,Florida Keys,Florida Keys,0,30.2,36.45218381,NA,NA,NA,7.996512974,NA,2346.439633,2013.591036,NA,,
2019-07-10,Atlantic,Florida Keys,Florida Keys,0,30.7,36.87781899,NA,NA,NA,7.426094052,NA,2372.671858,2307.9309,NA,,
2019-07-10,Atlantic,Florida Keys,Florida Keys,0,30.7,36.9157938,NA,NA,NA,7.441470592,NA,2373.204777,2302.569115,NA,,
2019-07-10,Atlantic,Florida Keys,Florida Keys,0,31,36.83198624,NA,NA,NA,7.439413384,NA,2380.432268,2309.319101,NA,,
2019-07-10,Atlantic,Florida Keys,Florida Keys,0,31,36.49278724,NA,NA,NA,7.427382729,NA,2374.713998,2309.364716,NA,,
2019-07-10,Atlantic,Florida Keys,Florida Keys,0,30.7,36.54910659,NA,NA,NA,7.483826569,NA,2398.306793,2312.396371,NA,,
2019-07-10,Atlantic,Florida Keys,Florida Keys,0,30.8,36.12863337,NA,NA,NA,7.318987205,NA,2367.856537,2344.089398,NA,,
2019-07-10,Atlantic,Florida Keys,Florida Keys,0,30.8,36.10898269,NA,NA,NA,7.378911748,NA,2345.567846,2300.40791,NA,,
2019-07-10,Atlantic,Florida Keys,Florida Keys,0,30.7,36.89222332,NA,NA,NA,7.907447153,NA,2363.573232,2076.146351,NA,,
2019-07-10,Atlantic,Florida Keys,Florida Keys,0,30.6,36.49278724,NA,NA,NA,7.95079493,NA,2384.973029,2073.117461,NA,,
2019-07-10,Atlantic,Florida Keys,Florida Keys,0,30.7,36.97864688,NA,NA,NA,7.951325503,NA,2386.543729,2069.693504,NA,,
2019-07-10,Atlantic,Florida Keys,Florida Keys,0,30.7,35.76178525,NA,NA,NA,7.960456577,NA,2380.038335,2067.187655,NA,,
2019-07-22,Atlantic,Florida Keys,Florida Keys,0,30.7,35.93997793,NA,NA,NA,7.40637733,NA,2369.043663,2314.747824,NA,,
2019-07-22,Atlantic,Florida Keys,Florida Keys,0,30.6,33.34268238,NA,NA,NA,8.03596205,NA,2379.317671,2038.986473,NA,,
2019-07-22,Atlantic,Florida Keys,Florida Keys,0,30.6,35.87970884,NA,NA,NA,8.011092975,NA,2379.956518,2034.923443,NA,,
2019-07-22,Atlantic,Florida Keys,Florida Keys,0,30.6,35.67783057,NA,NA,NA,8.024822449,NA,2390.576121,2037.031059,NA,,
2019-07-22,Atlantic,Florida Keys,Florida Keys,0,30.7,35.67652038,NA,NA,NA,7.999475888,NA,2375.876811,2039.444286,NA,,
2019-07-22,Atlantic,Florida Keys,Florida Keys,0,30.7,35.62804281,NA,NA,NA,8.006862244,NA,2372.845138,2032.33854,NA,,
2019-07-22,Atlantic,Florida Keys,Florida Keys,0,30.7,35.67390001,NA,NA,NA,8.015339516,NA,2378.199406,2031.251251,NA,,
2019-08-09,Atlantic,Florida Keys,Florida Keys,0,31.5,35.49308495,NA,NA,NA,7.933240491,NA,2398.999199,2095.88542,NA,,
2019-08-09,Atlantic,Florida Keys,Florida Keys,0,31.3,35.63852456,NA,NA,NA,7.948639525,NA,2389.951204,2078.921028,NA,,
2019-08-09,Atlantic,Florida Keys,Florida Keys,0,31.9,35.47343007,NA,NA,NA,7.966667461,NA,2370.964173,2046.163972,NA,,
2019-08-09,Atlantic,Florida Keys,Florida Keys,0,32.2,35.36991084,NA,NA,NA,7.921294514,NA,2350.470488,2053.607609,NA,,
2019-08-09,Atlantic,Florida Keys,Florida Keys,0,32.1,35.32273558,NA,NA,NA,7.937934079,NA,2355.988274,2049.78406,NA,,
2019-08-09,Atlantic,Florida Keys,Florida Keys,0,32.1,35.51142933,NA,NA,NA,7.927563371,NA,2353.706349,2052.619632,NA,,
2019-08-09,Atlantic,Florida Keys,Florida Keys,0,32,35.43543002,NA,NA,NA,7.918936149,NA,2349.477578,2055.402024,NA,,
2019-08-09,Atlantic,Florida Keys,Florida Keys,0,32,35.37908366,NA,NA,NA,7.926792112,NA,2347.93555,2049.698949,NA,,
2019-08-09,Atlantic,Florida Keys,Florida Keys,0,32.2,35.60445866,NA,NA,NA,7.904140315,NA,2333.479532,2046.620837,NA,,
2019-08-09,Atlantic,Florida Keys,Florida Keys,0,31.8,35.15490147,NA,NA,NA,7.94141369,NA,2348.554665,2044.867817,NA,,
2019-08-09,Atlantic,Florida Keys,Florida Keys,0,31.8,35.30176841,NA,NA,NA,7.935437493,NA,2346.471607,2045.502929,NA,,
2019-08-28,Atlantic,Florida Keys,Florida Keys,0,30.8,35.91377422,NA,NA,NA,7.895804339,NA,2360.798265,2086.303367,NA,,
2019-08-28,Atlantic,Florida Keys,Florida Keys,0,30.6,35.75261309,NA,NA,NA,7.906203521,NA,2367.566958,2089.314142,NA,,
2019-08-28,Atlantic,Florida Keys,Florida Keys,0,30.6,35.88101906,NA,NA,NA,7.905925641,NA,2366.987067,2088.051056,NA,,
2019-08-28,Atlantic,Florida Keys,Florida Keys,0,30.6,35.93080667,NA,NA,NA,7.909277871,NA,2360.810478,2080.09112,NA,,
2019-08-28,Atlantic,Florida Keys,Florida Keys,0,30.2,35.96356094,NA,NA,NA,7.905139643,NA,2356.150178,2081.393059,NA,,
2019-08-28,Atlantic,Florida Keys,Florida Keys,0,30.8,32.54349687,NA,NA,NA,7.917437538,NA,2355.816318,2093.100599,NA,,
2019-08-28,Atlantic,Florida Keys,Florida Keys,0,30.8,36.00286527,NA,NA,NA,7.873892603,NA,2349.563464,2087.822158,NA,,
2019-09-09,Atlantic,U.S. Virgin Islands,St. Croix,15.24,29.56,34.43535375,NA,NA,NA,7.980222813,NA,2300.384077,2002.804901,NA,,
2019-09-09,Atlantic,U.S. Virgin Islands,St. Croix,15.24,29.5,34.52188234,NA,NA,NA,7.941760574,NA,2296.22601,2021.167113,NA,,
2019-09-09,Atlantic,U.S. Virgin Islands,St. Croix,15.24,29.25,34.60185216,NA,NA,NA,7.970385906,NA,2308.121685,2017.108782,NA,,
2019-09-09,Atlantic,U.S. Virgin Islands,St. Croix,15.24,29.38,34.3514434,NA,NA,NA,7.959361818,NA,2295.547228,2012.733031,NA,,
2019-09-10,Atlantic,U.S. Virgin Islands,St. Croix,15.24,29.38,34.40782108,NA,NA,NA,7.961947504,NA,2296.074907,2011.319145,NA,,
2019-09-10,Atlantic,U.S. Virgin Islands,St. Croix,15.24,29.31,34.54154737,NA,NA,NA,7.978712111,NA,2319.092224,2022.110148,NA,,
2019-09-10,Atlantic,U.S. Virgin Islands,St. Croix,15.24,29.62,34.37242134,NA,NA,NA,8.019673854,NA,2290.822465,1970.303823,NA,,
2019-09-10,Atlantic,U.S. Virgin Islands,St. Croix,15.24,30,34.24119967,NA,NA,NA,8.030852199,NA,2282.26097,1953.213655,NA,,
2019-09-10,Atlantic,U.S. Virgin Islands,St. Croix,15.24,29.88,34.16251462,NA,NA,NA,8.035443079,NA,2288.259527,1957.479941,NA,,
2019-09-10,Atlantic,U.S. Virgin Islands,St. Croix,15.24,29.56,34.25824766,NA,NA,NA,8.037522139,NA,2288.977773,1959.049592,NA,,
2019-09-11,Atlantic,U.S. Virgin Islands,St. Croix,15.24,29.81,34.31473144,NA,NA,NA,8.012172729,NA,2299.278291,1981.237431,NA,,
2019-09-11,Atlantic,U.S. Virgin Islands,St. Croix,15.24,29.62,34.38028801,NA,NA,NA,8.007418253,NA,2299.197556,1985.2919670000001,NA,,
2019-09-11,Atlantic,U.S. Virgin Islands,St. Croix,15.24,29.44,34.86410328,NA,NA,NA,8.02138068,NA,2324.940953,1997.761393,NA,,
2019-09-11,Atlantic,U.S. Virgin Islands,St. Croix,15.24,29.5,34.57694389,NA,NA,NA,8.032887437,NA,2310.088647,1978.912983,NA,,
2019-09-11,Atlantic,U.S. Virgin Islands,St. Croix,15.24,29.44,34.4681302,NA,NA,NA,8.019935914,NA,2299.673963,1979.019547,NA,,
2019-09-12,Atlantic,U.S. Virgin Islands,St. Croix,15.24,29.69,34.52581536,NA,NA,NA,8.006634713,NA,2294.734628,1979.981227,NA,,
2019-09-12,Atlantic,U.S. Virgin Islands,St. Croix,15.24,29.69,34.34882114,NA,NA,NA,7.989078247,NA,2291.417068,1988.911979,NA,,
2019-09-12,Atlantic,U.S. Virgin Islands,St. Croix,15.24,29.81,33.89496069,NA,NA,NA,8.001828515,NA,2286.609825,1979.323575,NA,,
2019-09-12,Atlantic,U.S. Virgin Islands,St. Croix,15.24,29.88,34.35275453,NA,NA,NA,8.002851433,NA,2290.790431,1978.3328529999999,NA,,
2019-09-12,Atlantic,U.S. Virgin Islands,St. Croix,15.24,29.88,34.34095434,NA,NA,NA,7.988484492,NA,2282.808639,1979.840578,NA,,
2019-09-17,Atlantic,Florida Keys,Florida Keys,0,38.7,35.54156611,NA,NA,NA,7.814644355,NA,2382.841444,2093.736644,NA,,
2019-09-17,Atlantic,Florida Keys,Florida Keys,0,38.7,35.52584263,NA,NA,NA,7.810997254,NA,2380.710966,2094.100659,NA,,
2019-09-17,Atlantic,Florida Keys,Florida Keys,0,30.8,35.8666066,NA,NA,NA,7.917795718,NA,2342.799221,2057.353599,NA,,
2019-09-17,Atlantic,Florida Keys,Florida Keys,0,27.3,35.01863165,NA,NA,NA,7.920711296,NA,2392.131386,2136.24535,NA,,
2019-09-17,Atlantic,Florida Keys,Florida Keys,0,30.1,35.62210882,NA,NA,NA,7.924277128,NA,2381.348086,2096.60009,NA,,
2019-09-17,Atlantic,Florida Keys,Florida Keys,0,29.8,35.38694605,NA,NA,NA,7.957624003,NA,2388.186954,2087.290685,NA,,
2019-09-17,Atlantic,Florida Keys,Florida Keys,0,29.8,35.16930922,NA,NA,NA,7.965615018,NA,2394.298963,2089.61347,NA,,
2019-09-17,Atlantic,Florida Keys,Florida Keys,0,30.1,35.29390566,NA,NA,NA,7.966867715,NA,2397.100799,2087.727158,NA,,
2019-09-17,Atlantic,Florida Keys,Florida Keys,0,30.1,35.410533,NA,NA,NA,7.959922665,NA,2387.339128,2082.243094,NA,,
2019-09-17,Atlantic,Florida Keys,Florida Keys,0,29.8,35.08417094,NA,NA,NA,7.956621609,NA,2390.809711,2092.522251,NA,,
2019-09-17,Atlantic,Florida Keys,Florida Keys,0,30.8,34.8313529,NA,NA,NA,7.971646222,NA,2391.699337,2076.976731,NA,,
2019-09-17,Atlantic,Florida Keys,Florida Keys,0,38.8,35.12739547,NA,NA,NA,7.852950448,NA,2392.349936,2081.041927,NA,,
2019-09-26,Atlantic,Florida Keys,Florida Keys,0,27.3,34.79586298,NA,NA,NA,7.931936956,NA,2392.543447,2131.904033,NA,,
2019-09-26,Atlantic,Florida Keys,Florida Keys,0,27.4,35.19823949,NA,NA,NA,7.940981338,NA,2392.647022,2123.333129,NA,,
2019-09-26,Atlantic,Florida Keys,Florida Keys,0,27.4,35.04749479,NA,NA,NA,7.890937738,NA,2396.673657,2155.648235,NA,,
2019-09-26,Atlantic,Florida Keys,Florida Keys,0,27.4,34.97420358,NA,NA,NA,7.872935292,NA,2410.627014,2178.658074,NA,,
2019-09-26,Atlantic,Florida Keys,Florida Keys,0,27.4,35.03169854,NA,NA,NA,7.737473772,NA,2402.158533,2236.263093,NA,,
2019-09-26,Atlantic,Florida Keys,Florida Keys,0,27.4,34.8431431,NA,NA,NA,7.862797684,NA,2406.679958,2181.078968,NA,,
2019-10-10,Atlantic,Florida Keys,Florida Keys,0,28.6,35.37384205,NA,NA,NA,7.982578857,NA,2399.017096,2092.903617,NA,,
2019-10-10,Atlantic,Florida Keys,Florida Keys,0,28.5,35.73819961,NA,NA,NA,7.976710273,NA,2399.80862,2095.403758,NA,,
2019-10-10,Atlantic,Florida Keys,Florida Keys,0,28.3,35.65031645,NA,NA,NA,7.969696717,NA,2403.562506,2105.521458,NA,,
2019-10-10,Atlantic,Florida Keys,Florida Keys,0,28.4,35.47867139,NA,NA,NA,7.965426886,NA,2404.291842,2109.1112,NA,,
2019-10-10,Atlantic,Florida Keys,Florida Keys,0,28.4,35.65031645,NA,NA,NA,7.961872792,NA,2410.466893,2115.632275,NA,,
2019-10-10,Atlantic,Florida Keys,Florida Keys,0,28.4,35.3948084,NA,NA,NA,7.977360757,NA,2414.771756,2112.076823,NA,,
2019-10-10,Atlantic,Florida Keys,Florida Keys,0,28.4,35.43805073,NA,NA,NA,7.967340879,NA,2406.986458,2110.718354,NA,,
2019-10-10,Atlantic,Florida Keys,Florida Keys,0,28.4,35.58838924,NA,NA,NA,7.959068435,NA,2405.596859,2113.308936,NA,,
2019-10-10,Atlantic,Florida Keys,Florida Keys,0,28.1,35.43674038,NA,NA,NA,7.927348649,NA,2395.230681,2125.937553,NA,,
2019-10-10,Atlantic,Florida Keys,Florida Keys,0,28.4,35.45115427,NA,NA,NA,7.933976661,NA,2402.395793,2126.083365,NA,,
2019-10-10,Atlantic,Florida Keys,Florida Keys,0,28.4,35.29259519,NA,NA,NA,7.873005616,NA,2396.661657,2155.820361,NA,,
2019-10-22,Atlantic,Florida Keys,Florida Keys,0,29.8,35.62935303,NA,NA,NA,7.803571137,NA,2416.6437769999998,2198.221751,NA,,
2019-10-22,Atlantic,Florida Keys,Florida Keys,0,29.9,35.62018146,NA,NA,NA,7.829453457,NA,2418.340999,2185.543008,NA,,
2019-10-22,Atlantic,Florida Keys,Florida Keys,0,30,35.56646134,NA,NA,NA,7.814704576,NA,2416.874517,2191.528172,NA,,
2019-10-22,Atlantic,Florida Keys,Florida Keys,0,30,35.62804281,NA,NA,NA,7.815442884,NA,2417.692285,2191.529935,NA,,
2019-10-22,Atlantic,Florida Keys,Florida Keys,0,29.9,35.52715293,NA,NA,NA,7.871043446,NA,2413.073476,2158.601881,NA,,
2019-10-22,Atlantic,Florida Keys,Florida Keys,0,29.8,35.69355274,NA,NA,NA,7.881946192,NA,2412.679524,2151.844461,NA,,
2019-10-22,Atlantic,Florida Keys,Florida Keys,0,29.8,35.68045094,NA,NA,NA,7.815410813,NA,2410.38049,2185.905503,NA,,
2019-11-08,Atlantic,Florida Keys,Florida Keys,0,28.4,35.3266669,NA,NA,NA,8.046212481,NA,2399.278582,2055.269849,NA,,
2019-11-26,Atlantic,Florida Keys,Florida Keys,0,24.7,35.79716313,NA,NA,NA,8.045508791,NA,2417.86355,2104.070823,NA,,
2019-11-26,Atlantic,Florida Keys,Florida Keys,0,24.6,35.89674161,NA,NA,NA,8.047497047,NA,2411.368041,2097.129269,NA,,
2019-12-06,Atlantic,Florida Keys,Florida Keys,0,23.3,36.18496416,NA,NA,NA,8.106293344,NA,2425.179416,2082.656152,NA,,
2019-12-06,Atlantic,Florida Keys,Florida Keys,0,23.3,36.17710415,NA,NA,NA,8.10546131,NA,2424.844951,2082.955898,NA,,
2019-12-06,Atlantic,Florida Keys,Florida Keys,0,26,35.79847341,NA,NA,NA,8.044003936,NA,2389.625238,2067.26125,NA,,
2019-12-06,Atlantic,Florida Keys,Florida Keys,0,25.2,35.79978369,NA,NA,NA,8.066748664,NA,2399.135584,2069.115008,NA,,
2019-12-06,Atlantic,Florida Keys,Florida Keys,0,23.8,36.07754114,NA,NA,NA,8.0922575,NA,2412.216269,2075.982753,NA,,
2019-12-06,Atlantic,Florida Keys,Florida Keys,0,21.4,36.50195562,NA,NA,NA,8.067909408,NA,2467.26001,2160.692196,NA,,
2019-12-06,Atlantic,Florida Keys,Florida Keys,0,23.1,36.06313025,NA,NA,NA,8.100241859,NA,2424.966022,2089.275392,NA,,
2019-12-06,Atlantic,Florida Keys,Florida Keys,0,23.3,35.97797262,NA,NA,NA,8.100958543,NA,2428.605512,2090.816542,NA,,
2019-12-06,Atlantic,Florida Keys,Florida Keys,0,23.2,36.11291284,NA,NA,NA,8.088233894,NA,2425.399897,2095.956044,NA,,
2019-12-06,Atlantic,Florida Keys,Florida Keys,0,23.2,36.05788989,NA,NA,NA,8.104206967,NA,2425.059299,2085.881363,NA,,
2019-12-06,Atlantic,Florida Keys,Florida Keys,0,23.1,36.18758415,NA,NA,NA,8.106157225,NA,2425.621329,2085.086179,NA,,
2019-12-24,Atlantic,Florida Keys,Florida Keys,0,23.2,35.88625992,NA,NA,NA,7.893758897,NA,2430.742449,2213.086896,NA,,
2019-12-24,Atlantic,Florida Keys,Florida Keys,0,23.2,35.92949649,NA,NA,NA,7.898236071,NA,2431.788693,2211.534557,NA,,
2019-12-24,Atlantic,Florida Keys,Florida Keys,0,22.3,35.89412119,NA,NA,NA,7.92477062,NA,2436.063537,2208.974101,NA,,
2019-12-24,Atlantic,Florida Keys,Florida Keys,0,22.3,35.71844589,NA,NA,NA,7.933576304,NA,2434.531326,2204.039353,NA,,
2019-12-24,Atlantic,Florida Keys,Florida Keys,0,22.3,35.84433257,NA,NA,NA,7.948399741,NA,2423.721582,2185.385773,NA,,
2019-12-24,Atlantic,Florida Keys,Florida Keys,0,22.4,35.73819961,NA,NA,NA,7.942746873,NA,2427.718688,2191.971702,NA,,
2020-01-06,Atlantic,Florida,Florida Keys,0,23.1961,35.02777848,NA,NA,NA,NA,NA,2425.964625,2144.440026,NA,,
2020-01-06,Atlantic,Florida,Florida Keys,0,24.14,35.79585285,NA,NA,NA,NA,NA,2401.558367,2077.277984,NA,,
2020-01-06,Atlantic,Florida,Florida Keys,0,24.892,33.64835758,NA,NA,NA,NA,NA,2403.362267,2077.627585,NA,,
2020-01-06,Atlantic,Florida,Florida Keys,0,22.2362,35.7539234,NA,NA,NA,NA,NA,2439.105389,2130.902432,NA,,
2020-01-06,Atlantic,Florida,Florida Keys,0,23.5416,35.57039213,NA,NA,NA,NA,NA,2414.855133,2100.119965,NA,,
2020-01-06,Atlantic,Florida,Florida Keys,0,24.9138,35.7210662,NA,NA,NA,NA,NA,2404.578101,2073.988624,NA,,
2020-01-06,Atlantic,Florida,Florida Keys,0,25.5483,35.5323941,NA,NA,NA,NA,NA,2395.870074,2065.311373,NA,,
2020-01-06,Atlantic,Florida,Florida Keys,0,25.2025,35.79323229,NA,NA,NA,NA,NA,2398.615952,2067.518426,NA,,
2020-01-06,Atlantic,Florida,Florida Keys,0,24.4541,35.40791225,NA,NA,NA,NA,NA,2402.03427,2072.552874,NA,,
2020-01-06,Atlantic,Florida,Florida Keys,0,24.746,35.6424552,NA,NA,NA,NA,NA,2403.92618,2071.188119,NA,,
2020-01-06,Atlantic,Florida,Florida Keys,0,24.88115,35.55597918,NA,NA,NA,NA,NA,2407.44898,2079.307724,NA,,
2020-01-06,Atlantic,Florida,Florida Keys,0,23.7271,35.77226765,NA,NA,NA,NA,NA,2410.188252,2081.468376,NA,,
2020-01-06,Atlantic,Florida,Florida Keys,0,22.9501,35.56122026,NA,NA,NA,NA,NA,2508.424818,2246.783143,NA,,
2020-01-06,Atlantic,Florida,Florida Keys,0,22.884,35.56646134,NA,NA,NA,NA,NA,2451.471464,2171.936818,NA,,
2020-01-07,Atlantic,Florida,Florida Keys,0,24.1352,35.67390001,NA,NA,NA,NA,NA,2414.904091,2080.980171,NA,,
2020-01-07,Atlantic,Florida,Florida Keys,0,24.616,35.59266647,NA,NA,NA,NA,NA,2397.693257,2080.324475,NA,,
2020-01-07,Atlantic,Florida,Florida Keys,0,24.946,35.60838937,NA,NA,NA,NA,NA,2392.113367,2069.183021,NA,,
2020-01-07,Atlantic,Florida,Florida Keys,0,24.641,35.67652038,NA,NA,NA,NA,NA,2401.18585,2078.061467,NA,,
2020-01-07,Atlantic,Florida,Florida Keys,0,23.2576,36.20199405,NA,NA,NA,NA,NA,2424.665348,2128.0493,NA,,
2020-01-07,Atlantic,Florida,Florida Keys,0,22.012,36.25701259,NA,NA,NA,NA,NA,2494.270564,2219.297627,NA,,
2020-01-07,Atlantic,Florida,Florida Keys,0,22.7596,36.22295369,NA,NA,NA,NA,NA,2471.957914,2167.863929,NA,,
2020-01-07,Atlantic,Florida,Florida Keys,0,23.5558,35.99107406,NA,NA,NA,NA,NA,2481.642005,2195.831746,NA,,
2020-01-07,Atlantic,Florida,Florida Keys,0,24.858,35.53763525,NA,NA,NA,NA,NA,2400.650594,2081.151171,NA,,
2020-01-07,Atlantic,Florida,Florida Keys,0,25.2118,35.47867139,NA,NA,NA,NA,NA,2395.642063,2071.99652,NA,,
2020-01-07,Atlantic,Florida,Florida Keys,0,24.63,35.45901635,NA,NA,NA,NA,NA,2407.333022,2083.860278,NA,,
2020-01-07,Atlantic,Florida,Florida Keys,0,23.8026,35.57825369,NA,NA,NA,NA,NA,2410.539115,2103.639774,NA,,
2020-01-07,Atlantic,Florida,Florida Keys,0,21.43,35.9360474,NA,NA,NA,NA,NA,2251.163965,1959.634484,NA,,
2020-01-07,Atlantic,Florida,Florida Keys,0,22.8287,35.92949649,NA,NA,NA,NA,NA,2324.476919,2049.648536,NA,,
2020-01-07,Atlantic,Florida,Florida Keys,0,23.6631,36.41157947,NA,NA,NA,NA,NA,2352.372194,2067.131731,NA,,
2020-01-07,Atlantic,Florida,Florida Keys,0,24.63,35.3384608,NA,NA,NA,NA,NA,2396.433534,2079.587516,NA,,
2020-01-07,Atlantic,Florida,Florida Keys,0,24.89,35.58742548,NA,NA,NA,NA,NA,2400.345971,2075.542912,NA,,
2020-01-07,Atlantic,Florida,Florida Keys,0,24.57,35.617561,NA,NA,NA,NA,NA,2404.603096,2078.939257,NA,,
2020-01-07,Atlantic,Florida,Florida Keys,0,25.1038,35.56646134,NA,NA,NA,NA,NA,2399.211289,2075.64592,NA,,
2020-01-07,Atlantic,Florida,Florida Keys,0,24.9129,35.98452335,NA,NA,NA,NA,NA,2399.935708,2080.460632,NA,,
2020-01-07,Atlantic,Florida,Florida Keys,0,24.517,35.60969961,NA,NA,NA,NA,NA,2410.057395,2088.9163,NA,,
2020-01-07,Atlantic,Florida,Florida Keys,0,23.2998,35.68438149,NA,NA,NA,NA,NA,2353.47189,2070.850128,NA,,
2020-01-16,Atlantic,Florida,Florida Keys,0,23.8,36.01596652,NA,NA,NA,7.915689156,NA,2438.577967,2183.201895,NA,,
2020-01-16,Atlantic,Florida,Florida Keys,0,23.8,35.90460284,NA,NA,NA,7.918649943,NA,2441.972576,2184.178816,NA,,
2020-01-16,Atlantic,Florida,Florida Keys,0,23.8,36.53338974,NA,NA,NA,7.919236983,NA,2441.111093,2183.142817,NA,,
2020-01-16,Atlantic,Florida,Florida Keys,0,23.8,36.11160279,NA,NA,NA,7.922582556,NA,2442.255962,2187.483817,NA,,
2020-01-16,Atlantic,Florida,Florida Keys,0,23.7,36.03561822,NA,NA,NA,7.940171291,NA,2434.172738,2168.389065,NA,,
2020-01-16,Atlantic,Florida,Florida Keys,0,23.7,35.98452335,NA,NA,NA,7.935974199,NA,2431.4896,2170.255997,NA,,
2020-01-16,Atlantic,Florida,Florida Keys,0,23.8,35.91377422,NA,NA,NA,7.893840308,NA,2447.695165,2203.730814,NA,,
2020-01-16,Atlantic,Florida,Florida Keys,0,23.8,36.14304374,NA,NA,NA,7.916969842,NA,2408.666546,2156.531642,NA,,
2020-01-16,Atlantic,Florida,Florida Keys,0,24.3,35.95963046,NA,NA,NA,8.02163304,NA,2401.700576,2100.325236,NA,,
2020-01-16,Atlantic,Florida,Florida Keys,0,28.7,35.92687612,NA,NA,NA,8.074127297,NA,2386.321399,2049.78937,NA,,
2020-01-16,Atlantic,Florida,Florida Keys,0,28.8,36.07361091,NA,NA,NA,8.067762613,NA,2389.674085,2053.413219,NA,,
2020-01-25,Atlantic,Florida,Florida Keys,0,21.8,36.13649359,NA,NA,NA,8.038960933,NA,2416.361769,2097.978837,NA,,
2020-01-25,Atlantic,Florida,Florida Keys,0,21.8,36.11291284,NA,NA,NA,8.040763848,NA,2415.057845,2092.075403,NA,,
2020-01-25,Atlantic,Florida,Florida Keys,0,21.7,36.15352394,NA,NA,NA,8.047776551,NA,2406.205023,2090.427548,NA,,
2020-01-25,Atlantic,Florida,Florida Keys,0,21.7,36.25308275,NA,NA,NA,8.051738232,NA,2407.114552,2090.976939,NA,,
2020-01-25,Atlantic,Florida,Florida Keys,0,21.8,35.89019056,NA,NA,NA,8.034952267,NA,2407.529739,2093.282512,NA,,
2020-01-25,Atlantic,Florida,Florida Keys,0,21.8,36.4128893,NA,NA,NA,8.038032643,NA,2401.92153,2091.331425,NA,,
2020-01-25,Atlantic,Florida,Florida Keys,0,21.7,36.02382723,NA,NA,NA,8.050927373,NA,2407.955462,2090.87156,NA,,
2020-03-13,Atlantic,Florida,Florida Keys,0,0,36.0316879,NA,NA,NA,8.050875796,NA,2376.270405,2050.138688,NA,,
2020-03-13,Atlantic,Florida,Florida Keys,0,0,35.89281098,NA,NA,NA,8.054513718,NA,2378.948469,2053.013548,NA,,
2020-03-13,Atlantic,Florida,Florida Keys,0,0,36.09064185,NA,NA,NA,8.051038215,NA,2386.074165,2060.934974,NA,,
2020-03-13,Atlantic,Florida,Florida Keys,0,0,36.15090389,NA,NA,NA,8.034632933,NA,2414.678932,2084.253889,NA,,
2020-03-13,Atlantic,Florida,Florida Keys,0,0,36.53993844,NA,NA,NA,8.040818212,NA,2417.14258,2083.574736,NA,,
2020-03-13,Atlantic,Florida,Florida Keys,0,0,36.5988757,NA,NA,NA,8.046242452,NA,2418.576902,2079.77527,NA,,
2020-03-13,Atlantic,Florida,Florida Keys,0,0,36.53600922,NA,NA,NA,8.042416674,NA,2416.054634,2084.536944,NA,,
2020-03-13,Atlantic,Florida,Florida Keys,0,0,36.4482544,NA,NA,NA,8.043258558,NA,2418.233441,2082.473011,NA,,
2020-03-13,Atlantic,Florida,Florida Keys,0,0,36.52029226,NA,NA,NA,8.064692772,NA,2404.240523,2063.97034,NA,,
2020-03-13,Atlantic,Florida,Florida Keys,0,0,36.50850444,NA,NA,NA,8.051206446,NA,2417.873875,2079.862442,NA,,
2020-03-13,Atlantic,Florida,Florida Keys,0,0,37.02840399,NA,NA,NA,8.045777294,NA,2420.611119,2082.399518,NA,,
2020-03-27,Atlantic,Florida,Florida Keys,0,26.7,36.40634013,NA,NA,NA,8.138867564,NA,2378.490972,1965.892901,NA,,
2020-03-27,Atlantic,Florida,Florida Keys,0,26.6,36.29238076,NA,NA,NA,8.174926026,NA,2386.673833,1970.060263,NA,,
2020-03-27,Atlantic,Florida,Florida Keys,0,26.7,36.22950353,NA,NA,NA,8.162796761,NA,2393.965366,1981.73678,NA,,
2020-03-27,Atlantic,Florida,Florida Keys,0,26.8,36.30809973,NA,NA,NA,8.14187292,NA,2383.602925,1990.511933,NA,,
2020-03-27,Atlantic,Florida,Florida Keys,0,26.8,36.44170536,NA,NA,NA,8.13353977,NA,2376.048572,1992.61805,NA,,
2020-03-27,Atlantic,Florida,Florida Keys,0,26.8,36.2832113,NA,NA,NA,8.152469409,NA,2390.200046,1984.898398,NA,,
2020-03-27,Atlantic,Florida,Florida Keys,0,26.8,36.38931218,NA,NA,NA,8.137825746,NA,2386.834644,1996.303956,NA,,
2020-04-10,Atlantic,Florida,Florida Keys,0,28.6,37.57825783,NA,NA,NA,8.104986941,NA,2293.949911,1915.892526,NA,,
2020-04-10,Atlantic,Florida,Florida Keys,0,28.5,37.37797376,NA,NA,NA,8.1259747,NA,2297.638212,1907.014833,NA,,
2020-04-10,Atlantic,Florida,Florida Keys,0,28.6,37.47877317,NA,NA,NA,8.135923903,NA,2277.557018,1886.962509,NA,,
2020-04-10,Atlantic,Florida,Florida Keys,0,28.7,37.5913475,NA,NA,NA,8.069288224,NA,2297.130121,1940.987326,NA,,
2020-04-10,Atlantic,Florida,Florida Keys,0,28.7,37.89761788,NA,NA,NA,8.081119275,NA,2291.328687,1932.61669,NA,,
2020-04-10,Atlantic,Florida,Florida Keys,0,28.8,37.95127513,NA,NA,NA,8.097344493,NA,2288.298307,1917.376741,NA,,
2020-04-10,Atlantic,Florida,Florida Keys,0,28.9,37.91594005,NA,NA,NA,8.06829125,NA,2295.8,1942.268306,NA,,
2020-04-26,Atlantic,Florida,Florida Keys,0,28.9,36.58970781,NA,NA,NA,8.096168673,NA,2252.528905,1892.630751,NA,,
2020-04-26,Atlantic,Florida,Florida Keys,0,29.1,36.51243372,NA,NA,NA,8.1554323,NA,2259.91045,1861.933741,NA,,
2020-04-26,Atlantic,Florida,Florida Keys,0,29.1,36.47837968,NA,NA,NA,8.148811673,NA,2261.707777,1861.711033,NA,,
2020-04-26,Atlantic,Florida,Florida Keys,0,29.1,36.70233863,NA,NA,NA,8.153376147,NA,2266.766042,1865.870662,NA,,
2020-04-26,Atlantic,Florida,Florida Keys,0,26.7,35.97142187,NA,NA,NA,8.068212096,NA,2376.74232,2034.588634,NA,,
2020-04-26,Atlantic,Florida,Florida Keys,0,28.9,36.71150595,NA,NA,NA,8.154405861,NA,2268.554335,1863.441492,NA,,
2020-04-26,Atlantic,Florida,Florida Keys,0,28.9,36.66959785,NA,NA,NA,8.15204076,NA,2268.753902,1862.243239,NA,,
2020-04-26,Atlantic,Florida,Florida Keys,0,26.5,35.70927477,NA,NA,NA,8.052181192,NA,2399.296559,2060.973529,NA,,
2020-05-01,Atlantic,Florida,Florida Keys,0,26.6,36.45611322,NA,NA,NA,8.128615496,NA,2355.570813,1976.265264,NA,,
2020-05-01,Atlantic,Florida,Florida Keys,0,26.7,35.80764533,NA,NA,NA,8.137357541,NA,2357.577535,1977.130737,NA,,
2020-05-01,Atlantic,Florida,Florida Keys,0,26.8,35.80633506,NA,NA,NA,8.058030805,NA,2400.072917,2058.693124,NA,,
2020-05-09,Atlantic,Florida,Florida Keys,0,27.4,38.84762068,NA,NA,NA,8.102680028,NA,2366.72693,2002.327803,NA,,
2020-05-09,Atlantic,Florida,Florida Keys,0,27.2,39.03858648,NA,NA,NA,8.126262301,NA,2344.959389,1960.412785,NA,,
2020-05-09,Atlantic,Florida,Florida Keys,0,27.3,38.64224342,NA,NA,NA,8.099875277,NA,2368.01363,2005.882416,NA,,
2020-05-09,Atlantic,Florida,Florida Keys,0,27.2,38.79006519,NA,NA,NA,8.1118373,NA,2371.383951,2007.295998,NA,,
2020-05-09,Atlantic,Florida,Florida Keys,0,27.3,38.59907184,NA,NA,NA,8.106384313,NA,2382.512369,2019.363932,NA,,
2020-05-09,Atlantic,Florida,Florida Keys,0,27.3,38.85939316,NA,NA,NA,8.100630374,NA,2379.404407,2018.182836,NA,,
2020-05-09,Atlantic,Florida,Florida Keys,0,27.4,38.93918227,NA,NA,NA,8.105378603,NA,2369.405406,2006.260049,NA,,
2020-05-09,Atlantic,Florida,Florida Keys,0,27.4,39.29230272,NA,NA,NA,8.107094055,NA,2368.446066,2005.587161,NA,,
2020-05-09,Atlantic,Florida,Florida Keys,0,26.9,38.50225894,NA,NA,NA,8.070480328,NA,2373.581808,2034.940363,NA,,
2020-05-09,Atlantic,Florida,Florida Keys,0,27,38.44338358,NA,NA,NA,8.0652853,NA,2367.508405,2034.434315,NA,,
2020-05-09,Atlantic,Florida,Florida Keys,0,27.2,38.49310068,NA,NA,NA,8.065379353,NA,2374.814618,2043.775311,NA,,
2020-05-21,Atlantic,Florida,Florida Keys,0,29.3,37.74710707,NA,NA,NA,8.049174096,NA,2205.497107,1899.475521,NA,,
2020-05-21,Atlantic,Florida,Florida Keys,0,29.4,37.93295333,NA,NA,NA,8.059583091,NA,2218.74638,1904.948173,NA,,
2020-05-21,Atlantic,Florida,Florida Keys,0,29,37.91463133,NA,NA,NA,8.073222219,NA,2236.538226,1912.17357,NA,,
2020-05-21,Atlantic,Florida,Florida Keys,0,29.3,37.98006614,NA,NA,NA,8.065378457,NA,2232.417437,1911.74674,NA,,
2020-05-21,Atlantic,Florida,Florida Keys,0,29.3,37.8217097,NA,NA,NA,8.061249556,NA,2232.448329,1916.378646,NA,,
2020-05-21,Atlantic,Florida,Florida Keys,0,29,37.99446147,NA,NA,NA,8.074240912,NA,2243.197684,1921.304773,NA,,
2020-05-21,Atlantic,Florida,Florida Keys,0,29.3,37.6384695,NA,NA,NA,8.071926606,NA,2240.017092,1915.093628,NA,,
2020-06-09,Atlantic,Florida,Florida Keys,0,30.2,38.00231342,NA,NA,NA,8.096456962,NA,2316.351618,1971.223709,NA,,
2020-06-09,Atlantic,Florida,Florida Keys,0,29.6,38.35179571,NA,NA,NA,8.058390548,NA,2383.382279,2034.773478,NA,,
2020-06-09,Atlantic,Florida,Florida Keys,0,29.6,38.04811575,NA,NA,NA,8.110839956,NA,2370.072954,2034.746306,NA,,
2020-06-09,Atlantic,Florida,Florida Keys,0,29.5,37.98137481,NA,NA,NA,8.081387747,NA,2374.674395,2039.284536,NA,,
2020-06-09,Atlantic,Florida,Florida Keys,0,29.6,38.10307695,NA,NA,NA,8.066221576,NA,2378.506785,2037.308792,NA,,
2020-06-09,Atlantic,Florida,Florida Keys,0,29.6,38.25235198,NA,NA,NA,8.082190829,NA,2366.916206,2034.236103,NA,,
2020-06-09,Atlantic,Florida,Florida Keys,0,29.9,38.1947767,NA,NA,NA,8.056332727,NA,2346.421642,2033.976457,NA,,
2020-06-09,Atlantic,Florida,Florida Keys,0,29.9,38.27459647,NA,NA,NA,8.069586298,NA,2359.734693,2030.883538,NA,,
2020-06-09,Atlantic,Florida,Florida Keys,0,29.9,38.20131944,NA,NA,NA,8.080847813,NA,2372.150323,2043.369132,NA,,
2020-06-09,Atlantic,Florida,Florida Keys,0,29,38.10438553,NA,NA,NA,8.061341138,NA,2366.443892,2043.890733,NA,,
2020-06-09,Atlantic,Florida,Florida Keys,0,28.7,37.9552012,NA,NA,NA,8.066934109,NA,2366.683123,2045.97335,NA,,
2020-06-23,Atlantic,Florida,Florida Keys,0,30.7,38.08606533,NA,NA,NA,8.054152104,NA,2295.751653,1980.920049,NA,,
2020-06-23,Atlantic,Florida,Florida Keys,0,30.7,38.040264,NA,NA,NA,8.077737566,NA,2301.20567,1975.875584,NA,,
2020-06-23,Atlantic,Florida,Florida Keys,0,30.7,38.01147398,NA,NA,NA,8.070293629,NA,2302.911849,1976.497497,NA,,
2020-06-23,Atlantic,Florida,Florida Keys,0,30.7,37.90023534,NA,NA,NA,8.065091413,NA,2307.176274,1981.754807,NA,,
2020-06-23,Atlantic,Florida,Florida Keys,0,30.7,38.05989329,NA,NA,NA,8.054037154,NA,2299.013008,1980.9232710000001,NA,,
2020-06-23,Atlantic,Florida,Florida Keys,0,30.8,37.91070516,NA,NA,NA,8.060652976,NA,2305.164638,1979.111954,NA,,
2020-06-23,Atlantic,Florida,Florida Keys,0,30.8,37.97221409,NA,NA,NA,8.051468069,NA,2300.395084,1975.899533,NA,,
2020-07-09,Atlantic,Florida,Florida Keys,0,32.6,35.72368651,NA,NA,NA,8.08556363,NA,2201.554621,1899.295381,NA,,
2020-07-09,Atlantic,Florida,Florida Keys,0,32.1,35.70665444,NA,NA,NA,8.128419476,NA,2369.545258,1992.30003,NA,,
2020-07-09,Atlantic,Florida,Florida Keys,0,32,35.77488825,NA,NA,NA,8.119397972,NA,2373.156714,2002.906033,NA,,
2020-07-09,Atlantic,Florida,Florida Keys,0,31.9,35.63328369,NA,NA,NA,8.118750554,NA,2373.22381,1999.35431,NA,,
2020-07-09,Atlantic,Florida,Florida Keys,0,32,35.75130278,NA,NA,NA,8.131186253,NA,2374.941637,1992.080882,NA,,
2020-07-09,Atlantic,Florida,Florida Keys,0,32.1,35.88757014,NA,NA,NA,8.111946454,NA,2365.308961,2001.29175,NA,,
2020-07-09,Atlantic,Florida,Florida Keys,0,32.1,35.7539234,NA,NA,NA,8.119752439,NA,2377.343415,1995.818037,NA,,
2020-07-09,Atlantic,Florida,Florida Keys,0,32.1,35.820748,NA,NA,NA,8.119460695,NA,2367.510784,1991.751874,NA,,
2020-07-09,Atlantic,Florida,Florida Keys,0,31,35.65162666,NA,NA,NA,8.075475039,NA,2366.146479,2021.658473,NA,,
2020-07-09,Atlantic,Florida,Florida Keys,0,31.4,35.4419818,NA,NA,NA,8.082124559,NA,2337.246642,1986.497222,NA,,
2020-07-09,Atlantic,Florida,Florida Keys,0,30.9,35.44067145,NA,NA,NA,8.056444446,NA,2366.989373,2030.647253,NA,,
2020-07-27,Atlantic,Florida,Florida Keys,0,29.4,35.00292087,NA,NA,NA,8.029112639,NA,2346.372906,2035.060713,NA,,
2020-07-27,Atlantic,Florida,Florida Keys,0,29.4,34.9650565,NA,NA,NA,8.04523335,NA,2347.952939,2022.126914,NA,,
2020-07-27,Atlantic,Florida,Florida Keys,0,29.4,35.14573285,NA,NA,NA,8.034831552,NA,2333.241823,2019.76145,NA,,
2020-07-27,Atlantic,Florida,Florida Keys,0,29.4,35.18347784,NA,NA,NA,8.036265587,NA,2332.834877,2021.570662,NA,,
2020-07-27,Atlantic,Florida,Florida Keys,0,29.4,35.02124503,NA,NA,NA,8.072816312,NA,2340.554154,2014.498333,NA,,
2020-07-27,Atlantic,Florida,Florida Keys,0,29.5,35.21789733,NA,NA,NA,8.072378081,NA,2335.285695,2005.785671,NA,,
2020-07-27,Atlantic,Florida,Florida Keys,0,29.6,35.12608565,NA,NA,NA,8.065681265,NA,2331.0628,2002.816886,NA,,
2020-08-07,Atlantic,Florida,Florida Keys,0,31.7,33.51454877,NA,NA,NA,8.113121773,NA,2272.336305,1907.877514,NA,,
2020-08-07,Atlantic,Florida,Florida Keys,0,31.2,33.21079178,NA,NA,NA,8.198557511,NA,2374.895236,1975.431423,NA,,
2020-08-07,Atlantic,Florida,Florida Keys,0,31.1,33.47256758,NA,NA,NA,8.173435563,NA,2359.083258,1981.30814,NA,,
2020-08-07,Atlantic,Florida,Florida Keys,0,31.3,33.4607602,NA,NA,NA,8.185183433,NA,2375.012441,1977.037616,NA,,
2020-08-07,Atlantic,Florida,Florida Keys,0,31.3,35.94521862,NA,NA,NA,8.172781245,NA,2386.940926,1973.75496,NA,,
2020-08-07,Atlantic,Florida,Florida Keys,0,31.2,36.16330892,NA,NA,NA,8.185204251,NA,2382.838248,1970.055343,NA,,
2020-08-07,Atlantic,Florida,Florida Keys,0,31.3,36.24976739,NA,NA,NA,8.175816759,NA,2380.314994,1973.93801,NA,,
2020-08-07,Atlantic,Florida,Florida Keys,0,31.4,35.99893487,NA,NA,NA,8.16879315,NA,2378.889324,1969.854538,NA,,
2020-08-07,Atlantic,Florida,Florida Keys,0,30.9,36.082434,NA,NA,NA,8.117984119,NA,2381.119757,2015.684207,NA,,
2020-08-07,Atlantic,Florida,Florida Keys,0,30.3,36.63161779,NA,NA,NA,8.09387274,NA,2372.782339,2020.916114,NA,,
2020-08-07,Atlantic,Florida,Florida Keys,0,30,35.9543898,NA,NA,NA,8.08919885,NA,2387.824662,2034.227154,NA,,
2020-08-18,Atlantic,Florida,Florida Keys,0,30.968,36.12077312,NA,NA,NA,8.0811668740000009,NA,2345.453777,2037.633823,NA,,
2020-08-18,Atlantic,Florida,Florida Keys,0,30.219,36.11090783,NA,NA,NA,8.081703368,NA,2343.739807,2032.472118,NA,,
2020-08-18,Atlantic,Florida,Florida Keys,0,30.44,36.18889415,NA,NA,NA,8.098774537,NA,2340.658333,2020.677625,NA,,
2020-08-18,Atlantic,Florida,Florida Keys,0,31.6564,36.26618218,NA,NA,NA,8.097040198,NA,2340.774185,2029.487087,NA,,
2020-08-18,Atlantic,Florida,Florida Keys,0,32.5088,36.25832253,NA,NA,NA,8.103032767,NA,2348.126854,1997.378028,NA,,
2020-08-18,Atlantic,Florida,Florida Keys,0,33.4142,36.67745569,NA,NA,NA,8.132054053,NA,2260.360274,1898.149267,NA,,
2020-08-18,Atlantic,Florida,Florida Keys,0,33.3175,36.90331079,NA,NA,NA,8.08893969,NA,2300.423741,1956.059328,NA,,
2020-08-18,Atlantic,Florida,Florida Keys,0,32.4782,36.14103865,NA,NA,NA,8.102063171,NA,2366.382235,2015.823529,NA,,
2020-08-18,Atlantic,Florida,Florida Keys,0,30.7832,36.11780554,NA,NA,NA,8.095455107,NA,2379.971123,2028.518292,NA,,
2020-08-19,Atlantic,Florida,Florida Keys,0,31.802,36.22557363,NA,NA,NA,8.093557047,NA,2362.96462,2009.797795,NA,,
2020-08-19,Atlantic,Florida,Florida Keys,0,31.31395,36.17055412,NA,NA,NA,8.099808552,NA,2372.605768,2018.72898,NA,,
2020-08-19,Atlantic,Florida,Florida Keys,0,31.912,36.41812862,NA,NA,NA,8.115011921,NA,2359.155253,1989.197082,NA,,
2020-08-19,Atlantic,Florida,Florida Keys,0,31.23,36.9573471,NA,NA,NA,8.098660621,NA,2235.584073,1890.290801,NA,,
2020-08-19,Atlantic,Florida,Florida Keys,0,32.8278,36.83984336,NA,NA,NA,8.129871117,NA,2294.385248,1924.842819,NA,,
2020-08-19,Atlantic,Florida,Florida Keys,0,32.474,36.52946051,NA,NA,NA,8.127634434,NA,2293.290178,1925.061474,NA,,
2020-08-19,Atlantic,Florida,Florida Keys,0,30.612,35.81515999,NA,NA,NA,8.09099183,NA,2384.102359,2033.659974,NA,,
2020-08-19,Atlantic,Florida,Florida Keys,0,30.8442,36.04871924,NA,NA,NA,8.093352526,NA,2385.331899,2035.830279,NA,,
2020-08-19,Atlantic,Florida,Florida Keys,0,32.0775,36.46004261,NA,NA,NA,8.102965535,NA,2287.77734,1936.925784,NA,,
2020-08-19,Atlantic,Florida,Florida Keys,0,33.2119,37.81123934,NA,NA,NA,8.064990884,NA,2115.114167,1785.779217,NA,,
2020-08-19,Atlantic,Florida,Florida Keys,0,32.2246,36.41550896,NA,NA,NA,8.040517964,NA,2187.244239,1883.613999,NA,,
2020-08-19,Atlantic,Florida,Florida Keys,0,31.491,36.15806888,NA,NA,NA,8.115126976,NA,2326.827821,1974.17664,NA,,
2020-08-19,Atlantic,Florida,Florida Keys,0,30.9921,36.02775757,NA,NA,NA,8.090109548,NA,2386.735632,2038.047545,NA,,
2020-08-19,Atlantic,Florida,Florida Keys,0,30.8244,35.83385058,NA,NA,NA,8.089062699,NA,2380.847224,2040.040615,NA,,
2020-08-19,Atlantic,Florida,Florida Keys,0,30.668,36.06051007,NA,NA,NA,7.765702372,NA,2387.024283,2038.380502,NA,,
2020-08-19,Atlantic,Florida,Florida Keys,0,31.9752,36.1666241,NA,NA,NA,8.135071731,NA,2133.186016,1783.685516,NA,,
2020-08-19,Atlantic,Florida,Florida Keys,0,32.651,36.34346689,NA,NA,NA,8.292494406,NA,1943.670993,NA,NA,,
2020-08-19,Atlantic,Florida,Florida Keys,0,32.1795,37.02447585,NA,NA,NA,8.050310985,NA,2129.995033,NA,NA,,
2020-08-19,Atlantic,Florida,Florida Keys,0,30.9056,36.23212346,NA,NA,NA,8.079785728,NA,2380.293353,NA,NA,,
2020-08-19,Atlantic,Florida,Florida Keys,0,30.4226,36.17972416,NA,NA,NA,8.090135989,NA,2387.755309,NA,NA,,
2020-08-19,Atlantic,Florida,Florida Keys,0,30.5815,36.16138404,NA,NA,NA,8.091014223,NA,2384.413095,NA,NA,,
2020-08-19,Atlantic,Florida,Florida Keys,0,30.32,36.04216874,NA,NA,NA,8.088326494,NA,2383.476614,NA,NA,,
2020-08-19,Atlantic,Florida,Florida Keys,0,31.0094,36.19282413,NA,NA,NA,8.088197372,NA,2377.060994,NA,NA,,
2020-08-19,Atlantic,Florida,Florida Keys,0,30.639,36.11553294,NA,NA,NA,8.101008151,NA,2382.907785,NA,NA,,
2020-08-19,Atlantic,Florida,Florida Keys,0,31.318,36.40110078,NA,NA,NA,8.082942638,NA,2366.314145,NA,NA,,
2020-08-19,Atlantic,Florida,Florida Keys,0,32.521,36.60149509,NA,NA,NA,8.051143118,NA,2131.895441,NA,NA,,
2020-08-20,Atlantic,Florida,Florida Keys,0,33.3,35.96583403,NA,NA,NA,7.982332998,NA,2346.897202,2062.604458,NA,,
2020-08-20,Atlantic,Florida,Florida Keys,0,32.9,36.52553126,NA,NA,NA,8.079342531,NA,2388.667276,2042.850335,NA,,
2020-08-20,Atlantic,Florida,Florida Keys,0,33.6,35.83647108,NA,NA,NA,8.091430909,NA,2376.735215,2028.877877,NA,,
2020-08-20,Atlantic,Florida,Florida Keys,0,31.9,36.39324172,NA,NA,NA,8.069044654,NA,2381.658071,2046.375759,NA,,
2020-08-20,Atlantic,Florida,Florida Keys,0,30.9,35.84957354,NA,NA,NA,8.110555521,NA,2382.981964,2019.933086,NA,,
2020-08-20,Atlantic,Florida,Florida Keys,0,31.2,35.93570023,NA,NA,NA,8.120721451,NA,2377.13206,2012.061213,NA,,
2020-08-20,Atlantic,Florida,Florida Keys,0,33.5,35.95832029,NA,NA,NA,8.114831509,NA,2380.760215,2013.469179,NA,,
2020-09-04,Atlantic,Florida,Florida Keys,0,30.4,35.78502368,NA,NA,NA,8.091031145,NA,2388.043004,2033.810412,NA,,
2020-09-04,Atlantic,Florida,Florida Keys,0,30.4,35.89604743,NA,NA,NA,8.071373528,NA,2394.711771,2047.767445,NA,,
2020-09-04,Atlantic,Florida,Florida Keys,0,33,35.7210662,NA,NA,NA,7.907873292,NA,2393.10076,2038.901094,NA,,
2020-09-04,Atlantic,Florida,Florida Keys,0,30.8,35.85219402,NA,NA,NA,8.138526234,NA,2404.760202,2047.153814,NA,,
2020-09-04,Atlantic,Florida,Florida Keys,0,30.8,34.95056151,NA,NA,NA,7.961244762,NA,2406.931319,2049.312503,NA,,
2020-09-04,Atlantic,Florida,Florida Keys,0,30.9,35.07107239,NA,NA,NA,7.894335698,NA,2421.287708,2097.186556,NA,,
2020-09-04,Atlantic,Florida,Florida Keys,0,30.9,35.39087723,NA,NA,NA,7.904594689,NA,2405.759585,2043.639291,NA,,
2020-09-04,Atlantic,Florida,Florida Keys,0,30.9,35.60838937,NA,NA,NA,8.340287563,NA,2402.067424,2049.154363,NA,,
2020-09-04,Atlantic,Florida,Florida Keys,0,30.9,35.5494278,NA,NA,NA,8.113949527,NA,2404.79484,2049.477665,NA,,
2020-09-04,Atlantic,Florida,Florida Keys,0,30.9,35.34694168,NA,NA,NA,8.052702466,NA,2413.553832,2048.794988,NA,,
2020-09-04,Atlantic,Florida,Florida Keys,0,30.8,35.61066331,NA,NA,NA,8.030935229,NA,2393.811574,2062.050533,NA,,
2020-09-18,Atlantic,Florida,Florida Keys,0,29.9,35.46556805,NA,NA,NA,8.190274964,NA,2242.996112,1935.083229,NA,,
2020-09-18,Atlantic,Florida,Florida Keys,0,29.8,35.54025582,NA,NA,NA,8.105067305,NA,2248.48828,1927.919975,NA,,
2020-09-18,Atlantic,Florida,Florida Keys,0,29.8,35.53763525,NA,NA,NA,7.937186457,NA,2237.668224,1925.352132,NA,,
2020-09-18,Atlantic,Florida,Florida Keys,0,29.8,35.45639566,NA,NA,NA,8.154908548,NA,2238.290522,1919.802961,NA,,
2020-09-18,Atlantic,Florida,Florida Keys,0,29.8,33.24821484,NA,NA,NA,8.372291786,NA,2241.806104,1919.190859,NA,,
2020-09-18,Atlantic,Florida,Florida Keys,0,29.9,33.09469506,NA,NA,NA,8.224475456,NA,2242.146837,1929.775768,NA,,
2020-09-18,Atlantic,Florida,Florida Keys,0,29.9,33.13406029,NA,NA,NA,8.14600509,NA,2242.712802,1936.133646,NA,,
2020-10-05,Atlantic,Florida,Florida Keys,0,28.9504,33.98152644,NA,NA,NA,7.954395879,NA,2308.310978,2052.004211,NA,,
2020-10-05,Atlantic,Florida,Florida Keys,0,28.958,35.26045204,NA,NA,NA,8.060157668,NA,2356.710492,2030.280456,NA,,
2020-10-05,Atlantic,Florida,Florida Keys,0,29.6339,35.20541106,NA,NA,NA,8.081681964,NA,2368.884196,2028.506696,NA,,
2020-10-05,Atlantic,Florida,Florida Keys,0,29.3515,35.31225202,NA,NA,NA,8.083749984,NA,2370.412189,2030.130184,NA,,
2020-10-05,Atlantic,Florida,Florida Keys,0,29.5933,35.39935766,NA,NA,NA,8.062218557,NA,2357.792556,2026.017831,NA,,
2020-10-05,Atlantic,Florida,Florida Keys,0,29.8151,34.94856131,NA,NA,NA,7.952934559,NA,2332.276305,2080.196332,NA,,
2020-10-05,Atlantic,Florida,Florida Keys,0,29.5363,33.91201183,NA,NA,NA,7.940964494,NA,2307.436232,2058.05186,NA,,
2020-10-05,Atlantic,Florida,Florida Keys,0,29.5832,34.96636322,NA,NA,NA,7.956302571,NA,2342.988346,2070.873759,NA,,
2020-10-05,Atlantic,Florida,Florida Keys,0,29.4927,35.3384608,NA,NA,NA,8.003011628,NA,2361.004221,2060.597214,NA,,
2020-10-05,Atlantic,Florida,Florida Keys,0,29.7642,35.31749381,NA,NA,NA,8.082871932,NA,2367.84913,2029.407448,NA,,
2020-10-05,Atlantic,Florida,Florida Keys,0,30.0132,35.25852286,NA,NA,NA,8.099645325,NA,2379.521166,2028.151354,NA,,
2020-10-05,Atlantic,Florida,Florida Keys,0,29.776,35.28211147,NA,NA,NA,8.105170494,NA,2373.120606,2024.198663,NA,,
2020-10-05,Atlantic,Florida,Florida Keys,0,29.97035,35.32535646,NA,NA,NA,8.086705095,NA,2368.931139,2021.630642,NA,,
2020-10-05,Atlantic,Florida,Florida Keys,0,29.6615,35.11036774,NA,NA,NA,8.152302614,NA,2350.303674,2015.343831,NA,,
2020-10-05,Atlantic,Florida,Florida Keys,0,29.5684,35.06417775,NA,NA,NA,7.794918062,NA,2344.770966,2061.588739,NA,,
2020-10-06,Atlantic,Florida,Florida Keys,0,29.503,34.76178147,NA,NA,NA,8.054477939,NA,2306.764058,2006.979042,NA,,
2020-10-06,Atlantic,Florida,Florida Keys,0,29.7882,35.23100243,NA,NA,NA,8.084040817,NA,2350.079316,2012.504099,NA,,
2020-10-06,Atlantic,Florida,Florida Keys,0,29.688,35.43411966,NA,NA,NA,8.106079839,NA,2372.564113,2020.223443,NA,,
2020-10-06,Atlantic,Florida,Florida Keys,0,29.963,35.48522302,NA,NA,NA,8.057903245,NA,2381.11706,2053.465271,NA,,
2020-10-06,Atlantic,Florida,Florida Keys,0,29.71,35.39611879,NA,NA,NA,8.091088909,NA,2374.583933,2022.18023,NA,,
2020-10-06,Atlantic,Florida,Florida Keys,0,29.6703,35.20217107,NA,NA,NA,8.079495952,NA,2352.263334,2016.384484,NA,,
2020-10-06,Atlantic,Florida,Florida Keys,0,29.224,34.58874259,NA,NA,NA,8.001728865,NA,2326.831916,2047.543057,NA,,
2020-10-06,Atlantic,Florida,Florida Keys,0,29.6175,34.39864343,NA,NA,NA,7.994911104,NA,2262.137278,1989.562818,NA,,
2020-10-06,Atlantic,Florida,Florida Keys,0,29.673,35.20872369,NA,NA,NA,8.060323366,NA,2343.070551,2029.309762,NA,,
2020-10-06,Atlantic,Florida,Florida Keys,0,29.8166,35.23231294,NA,NA,NA,8.072875696,NA,2359.650521,2031.049367,NA,,
2020-10-06,Atlantic,Florida,Florida Keys,0,29.4693,35.39218762,NA,NA,NA,8.092076382,NA,2378.823252,2031.764588,NA,,
2020-10-06,Atlantic,Florida,Florida Keys,0,29.698,35.3646692,NA,NA,NA,8.078572408,NA,2365.427278,2029.788268,NA,,
2020-10-06,Atlantic,Florida,Florida Keys,0,29.8511,35.23100243,NA,NA,NA,8.082619829,NA,2348.175149,2019.289401,NA,,
2020-10-06,Atlantic,Florida,Florida Keys,0,29.261,34.67395314,NA,NA,NA,7.97287167,NA,2260.570659,1996.697999,NA,,
2020-10-06,Atlantic,Florida,Florida Keys,0,29.3213,35.06714281,NA,NA,NA,7.953462131,NA,2173.031903,1926.623599,NA,,
2020-10-06,Atlantic,Florida,Florida Keys,0,29.7945,35.41315376,NA,NA,NA,8.088214509,NA,2380.80915,2034.325481,NA,,
2020-10-06,Atlantic,Florida,Florida Keys,0,29.021,35.32797733,NA,NA,NA,8.092306078,NA,2374.448844,2033.560696,NA,,
2020-10-06,Atlantic,Florida,Florida Keys,0,29.6243,35.66865924,NA,NA,NA,8.088492409,NA,2378.798598,2035.868896,NA,,
2020-10-06,Atlantic,Florida,Florida Keys,0,29.203,35.51667054,NA,NA,NA,8.090306077,NA,2375.509333,2040.600117,NA,,
2020-10-06,Atlantic,Florida,Florida Keys,0,29.1429,35.22969193,NA,NA,NA,8.091663554,NA,2363.235545,2033.601265,NA,,
2020-10-06,Atlantic,Florida,Florida Keys,0,29.2666,35.37253165,NA,NA,NA,8.092105352,NA,2369.769477,2032.681834,NA,,
2020-10-06,Atlantic,Florida,Florida Keys,0,29.7183,35.54680724,NA,NA,NA,8.079564863,NA,2375.387682,2043.209462,NA,,
2020-10-06,Atlantic,Florida,Florida Keys,0,30.029,35.27949052,NA,NA,NA,8.06068882,NA,2278.021913,1972.09967,NA,,
2020-10-11,Atlantic,Florida,Florida Keys,0,29.5,35.06845268,NA,NA,NA,7.990792249,NA,2357.381589,2083.370059,NA,,
2020-10-11,Atlantic,Florida,Florida Keys,0,29.5,35.00938708,NA,NA,NA,7.99778041,NA,2353.947359,2082.334847,NA,,
2020-10-11,Atlantic,Florida,Florida Keys,0,29.5,35.08548079,NA,NA,NA,8.00425257,NA,2363.926281,2082.666007,NA,,
2020-10-11,Atlantic,Florida,Florida Keys,0,29.3,35.01732495,NA,NA,NA,8.012708451,NA,2365.677415,2076.809959,NA,,
2020-10-11,Atlantic,Florida,Florida Keys,0,29.3,35.21789733,NA,NA,NA,8.042823174,NA,2361.287506,2060.602901,NA,,
2020-10-11,Atlantic,Florida,Florida Keys,0,29.3,34.97943046,NA,NA,NA,8.052765178,NA,2358.220463,2051.574507,NA,,
2020-10-11,Atlantic,Florida,Florida Keys,0,29.4,35.04356516,NA,NA,NA,8.028435221,NA,2363.7408139999998,2069.409892,NA,,
2020-10-11,Atlantic,Florida,Florida Keys,0,29.5,35.0946497,NA,NA,NA,8.09701462,NA,2373.389717,2029.357209,NA,,
2020-10-12,Atlantic,Florida,Southeast Florida Coral Reef Initiative,0,29.1,35.59528697,NA,NA,NA,8.056280578,NA,2377.370628,2044.014171,NA,,
2020-10-12,Atlantic,Florida,Southeast Florida Coral Reef Initiative,0,29.1,35.54680724,NA,NA,NA,8.080781442,NA,2381.404445,2042.026799,NA,,
2020-10-12,Atlantic,Florida,Southeast Florida Coral Reef Initiative,0,29.4,35.28997427,NA,NA,NA,8.083332781,NA,2383.118955,2052.021103,NA,,
2020-10-12,Atlantic,Florida,Southeast Florida Coral Reef Initiative,0,29.6,35.67652038,NA,NA,NA,8.07816726,NA,2382.66155,2053.237531,NA,,
2020-10-12,Atlantic,Florida,Southeast Florida Coral Reef Initiative,0,29.4,35.48653335,NA,NA,NA,8.069615767,NA,2380.617464,2049.723251,NA,,
2020-10-12,Atlantic,Florida,Southeast Florida Coral Reef Initiative,0,29.7,35.65424706,NA,NA,NA,8.074673595,NA,2379.708368,2046.123832,NA,,
2020-10-12,Atlantic,Florida,Southeast Florida Coral Reef Initiative,0,29.6,35.63328369,NA,NA,NA,8.080766073,NA,2377.053267,2040.615148,NA,,
2020-10-12,Atlantic,Florida,Southeast Florida Coral Reef Initiative,0,29.9,35.64507562,NA,NA,NA,8.07908953,NA,2374.723591,2044.274226,NA,,
2020-10-13,Atlantic,Florida,Southeast Florida Coral Reef Initiative,0,29,35.52322204,NA,NA,NA,8.08224998,NA,2386.569485,2042.348025,NA,,
2020-10-13,Atlantic,Florida,Southeast Florida Coral Reef Initiative,0,29.1,35.55990999,NA,NA,NA,8.091916627,NA,2383.027435,2039.541186,NA,,
2020-10-13,Atlantic,Florida,Southeast Florida Coral Reef Initiative,0,29.1,35.55335863,NA,NA,NA,8.097872631,NA,2372.838744,2039.592935,NA,,
2020-10-13,Atlantic,Florida,Southeast Florida Coral Reef Initiative,0,29.2,35.52060144,NA,NA,NA,8.08379477,NA,2376.872038,2039.053563,NA,,
2020-10-13,Atlantic,Florida,Southeast Florida Coral Reef Initiative,0,29.3,35.51798084,NA,NA,NA,8.079079398,NA,2379.604669,2043.150483,NA,,
2020-10-13,Atlantic,Florida,Southeast Florida Coral Reef Initiative,0,29.4,35.44853357,NA,NA,NA,8.080905094,NA,2375.512907,2044.325414,NA,,
2020-10-13,Atlantic,Florida,Southeast Florida Coral Reef Initiative,0,29.5,35.49046431,NA,NA,NA,8.0686518,NA,2371.372115,2045.662404,NA,,
2020-10-13,Atlantic,Florida,Southeast Florida Coral Reef Initiative,0,29.5,35.63721434,NA,NA,NA,8.076917167,NA,2364.641574,2033.002086,NA,,
2020-10-14,Atlantic,Florida,Southeast Florida Coral Reef Initiative,0,29.3,35.17333926,NA,NA,NA,8.050974443,NA,2379.016455,2064.707855,NA,,
2020-10-16,Atlantic,Florida,Southeast Florida Coral Reef Initiative,0,29,35.48260237,NA,NA,NA,8.067661972,NA,2360.02807,2042.443562,NA,,
2020-10-16,Atlantic,Florida,Southeast Florida Coral Reef Initiative,0,29.1,35.23624445,NA,NA,NA,8.097127284,NA,2365.606328,2034.30749,NA,,
2020-10-16,Atlantic,Florida,Southeast Florida Coral Reef Initiative,0,29.2,35.43411966,NA,NA,NA,8.057188132,NA,2371.540135,2052.941284,NA,,
2020-10-16,Atlantic,Florida,Southeast Florida Coral Reef Initiative,0,29.1,35.28604287,NA,NA,NA,8.051899469,NA,2379.125581,2053.050367,NA,,
2020-10-16,Atlantic,Florida,Southeast Florida Coral Reef Initiative,0,29.1,34.99516139,NA,NA,NA,8.020802541,NA,2364.443668,2043.986184,NA,,
2020-10-16,Atlantic,Florida,Southeast Florida Coral Reef Initiative,0,29.2,35.2532809,NA,NA,NA,8.066600082,NA,2360.212125,2040.439202,NA,,
2020-10-16,Atlantic,Florida,Southeast Florida Coral Reef Initiative,0,29.3,35.2703172,NA,NA,NA,8.066857151,NA,2362.595877,2038.778449,NA,,
2020-10-16,Atlantic,Florida,Southeast Florida Coral Reef Initiative,0,29.3,35.20217107,NA,NA,NA,8.057447697,NA,2366.723661,2053.886725,NA,,
2020-10-27,Atlantic,Florida,Southeast Florida Coral Reef Initiative,0,28,35.25065992,NA,NA,NA,8.059984234,NA,2366.244455,2062.215324,NA,,
2020-10-27,Atlantic,Florida,Southeast Florida Coral Reef Initiative,0,28.1,35.06583295,NA,NA,NA,8.060231643,NA,2370.656411,2062.631335,NA,,
2020-10-27,Atlantic,Florida,Southeast Florida Coral Reef Initiative,0,28,34.82732229,NA,NA,NA,8.049160664,NA,2369.441265,2069.263899,NA,,
2020-10-27,Atlantic,Florida,Southeast Florida Coral Reef Initiative,0,28.1,34.96244304,NA,NA,NA,8.05879037,NA,2368.177999,2065.644516,NA,,
2020-10-27,Atlantic,Florida,Southeast Florida Coral Reef Initiative,0,28.2,34.89423311,NA,NA,NA,8.05402066,NA,2366.901745,2068.444049,NA,,
2020-11-01,Atlantic,Florida,Florida Keys,0,29.8,34.99516139,NA,NA,NA,8.012068006,NA,2336.014716,2065.959745,NA,,
2020-11-01,Atlantic,Florida,Florida Keys,0,28.5,35.09203002,NA,NA,NA,8.034844991,NA,2361.541438,2065.824215,NA,,
2020-11-01,Atlantic,Florida,Florida Keys,0,28.4,35.28342193,NA,NA,NA,8.046039313,NA,2359.156451,2059.710119,NA,,
2020-11-01,Atlantic,Florida,Florida Keys,0,28.4,35.32535646,NA,NA,NA,8.047303666,NA,2360.094478,2059.989026,NA,,
2020-11-01,Atlantic,Florida,Florida Keys,0,28.5,35.16407005,NA,NA,NA,8.046397448,NA,2363.418204,2057.796275,NA,,
2020-11-01,Atlantic,Florida,Florida Keys,0,28.5,35.3266669,NA,NA,NA,8.043835703,NA,2363.016908,2056.034066,NA,,
2020-11-01,Atlantic,Florida,Florida Keys,0,28.6,35.71582557,NA,NA,NA,8.009807891,NA,2362.303727,2073.086195,NA,,
2020-11-01,Atlantic,Florida,Florida Keys,0,28.6,35.10250874,NA,NA,NA,8.036810447,NA,2360.47736,2060.672423,NA,,
2020-11-01,Atlantic,Florida,Florida Keys,0,28.7,35.48915399,NA,NA,NA,8.082706944,NA,2367.777386,2032.228544,NA,,
2020-11-01,Atlantic,Florida,Florida Keys,0,28.5,35.55597918,NA,NA,NA,8.091776835,NA,2377.299873,2040.209198,NA,,
2020-11-01,Atlantic,Florida,Florida Keys,0,28.7,35.65555727,NA,NA,NA,8.091564619,NA,2338.783917,2039.721552,NA,,
2020-11-18,Atlantic,Florida,Florida Keys,0,24.6,33.43258268,NA,NA,NA,7.91657482,NA,2416.513987,2180.181961,NA,,
2020-11-18,Atlantic,Florida,Florida Keys,0,24.6,33.67693454,NA,NA,NA,7.938253707,NA,2409.974623,2166.091546,NA,,
2020-11-18,Atlantic,Florida,Florida Keys,0,24.5,33.27285921,NA,NA,NA,7.943738192,NA,2409.599943,2162.330675,NA,,
2020-11-18,Atlantic,Florida,Florida Keys,0,24.5,34.09403829,NA,NA,NA,7.830989241,NA,2425.744622,2220.462763,NA,,
2020-11-18,Atlantic,Florida,Florida Keys,0,24.6,32.82373593,NA,NA,NA,7.9443997,NA,2419.038819,2161.401218,NA,,
2020-11-18,Atlantic,Florida,Florida Keys,0,24.6,33.0196123,NA,NA,NA,7.94475471,NA,2419.990456,2162.326972,NA,,
2020-11-18,Atlantic,Florida,Florida Keys,0,24.6,33.61659111,NA,NA,NA,7.938062695,NA,2416.316736,2159.192801,NA,,
2020-11-28,Atlantic,Florida,Florida Keys,0,24.5,32.19796981,NA,NA,NA,7.902299858,NA,2479.46221,2251.616174,NA,,
2020-11-28,Atlantic,Florida,Florida Keys,0,24.6,33.00124075,NA,NA,NA,7.937877894,NA,2452.384728,2205.003589,NA,,
2020-11-28,Atlantic,Florida,Florida Keys,0,24.6,32.3988189,NA,NA,NA,7.985582233,NA,2440.755233,2161.364677,NA,,
2020-11-28,Atlantic,Florida,Florida Keys,0,24.6,33.60478456,NA,NA,NA,7.956044427,NA,2446.408269,2189.316298,NA,,
2020-11-28,Atlantic,Florida,Florida Keys,0,24.4,32.71743029,NA,NA,NA,7.965667042,NA,2446.792264,2185.024469,NA,,
2020-11-28,Atlantic,Florida,Florida Keys,0,24.4,32.62064758,NA,NA,NA,7.9312333,NA,2454.852767,2202.553465,NA,,
2020-11-28,Atlantic,Florida,Florida Keys,0,24.7,33.66775197,NA,NA,NA,7.981489378,NA,2438.194918,2157.759258,NA,,
2020-11-28,Atlantic,Florida,Florida Keys,0,26.8,35.1480792,NA,NA,NA,8.065557228,NA,2378.186707,2050.79106,NA,,
2020-11-28,Atlantic,Florida,Florida Keys,0,26.9,34.64876937,NA,NA,NA,8.077056263,NA,2381.183003,2047.421757,NA,,
2020-11-28,Atlantic,Florida,Florida Keys,0,25,32.07324914,NA,NA,NA,7.887434014,NA,2484.786829,2254.910767,NA,,
2020-11-28,Atlantic,Florida,Florida Keys,0,25,32.34465798,NA,NA,NA,7.816801137,NA,2485.89519,2302.734906,NA,,
2020-12-04,Atlantic,Florida,Southeast Florida Coral Reef Initiative,0,24.5,35.66472866,NA,NA,NA,8.051296743,NA,2392.1319,2080.515684,NA,,
2020-12-07,Atlantic,Florida,Southeast Florida Coral Reef Initiative,0,25,35.68569167,NA,NA,NA,8.046557506,NA,2378.835091,2074.438343,NA,,
2020-12-07,Atlantic,Florida,Southeast Florida Coral Reef Initiative,0,24.9,35.63066325,NA,NA,NA,8.052937303,NA,2385.551439,2074.43389,NA,,
2020-12-07,Atlantic,Florida,Florida Keys,0,24.2,34.22015255,NA,NA,NA,8.001811403,NA,2436.618942,2168.033394,NA,,
2020-12-07,Atlantic,Florida,Southeast Florida Coral Reef Initiative,0,24.7,35.59887119,NA,NA,NA,8.04281266,NA,2383.068307,2078.371593,NA,,
2020-12-07,Atlantic,Florida,Florida Keys,0,25.575,36.01045789,NA,NA,NA,8.048257028,NA,2382.084253,2083.758902,NA,,
2020-12-07,Atlantic,Florida,Florida Keys,0,25.449,35.67494001,NA,NA,NA,8.049890319,NA,2388.654132,2099.318754,NA,,
2020-12-07,Atlantic,Florida,Southeast Florida Coral Reef Initiative,0,24.7,35.51990872,NA,NA,NA,8.052990145,NA,2382.460782,2070.276562,NA,,
2020-12-07,Atlantic,Florida,Southeast Florida Coral Reef Initiative,0,24.6,35.52121901,NA,NA,NA,8.039324087,NA,2386.574325,2078.484347,NA,,
2020-12-07,Atlantic,Florida,Florida Keys,0,25.8459,36.20565705,NA,NA,NA,8.065858107,NA,2387.497233,2074.80485,NA,,
2020-12-07,Atlantic,Florida,Florida Keys,0,24.0837,35.39156954,NA,NA,NA,8.061893704,NA,2425.365889,2128.107512,NA,,
2020-12-07,Atlantic,Florida,Florida Keys,0,23.8001,35.10354505,NA,NA,NA,8.035909293,NA,2446.293339,2147.467283,NA,,
2020-12-07,Atlantic,Florida,Florida Keys,0,23.1585,34.56749011,NA,NA,NA,7.97567736,NA,2473.558811,2216.136084,NA,,
2020-12-07,Atlantic,Florida,Florida Keys,0,25.004,36.34844034,NA,NA,NA,8.06065338,NA,2389.143251,2072.178969,NA,,
2020-12-07,Atlantic,Florida,Florida Keys,0,25.4694,36.25901807,NA,NA,NA,8.072452499,NA,2381.687387,2069.10442,NA,,
2020-12-08,Atlantic,Florida,Florida Keys,0,25.4653,36.27342745,NA,NA,NA,8.079212849,NA,2390.541263,2070.723218,NA,,
2020-12-08,Atlantic,Florida,Florida Keys,0,25.0091,36.17683703,NA,NA,NA,8.063743664,NA,2396.979853,2073.928761,NA,,
2020-12-08,Atlantic,Florida,Florida Keys,0,22.758,33.75432871,NA,NA,NA,7.990756327,NA,2478.437552,2202.841771,NA,,
2020-12-08,Atlantic,Florida,Florida Keys,0,23.2349,35.16923695,NA,NA,NA,8.003610144,NA,2434.178441,2149.991327,NA,,
2020-12-08,Atlantic,Florida,Florida Keys,0,23.2833,34.93753265,NA,NA,NA,7.978970013,NA,2433.974558,2166.690241,NA,,
2020-12-08,Atlantic,Florida,Florida Keys,0,22.835,31.15387847,NA,NA,NA,8.063878372,NA,2471.590424,2177.068977,NA,,
2020-12-08,Atlantic,Florida,Florida Keys,0,23.6242,35.44957236,NA,NA,NA,7.967543442,NA,2386.013527,2123.640004,NA,,
2020-12-08,Atlantic,Florida,Florida Keys,0,25.2426,35.89219499,NA,NA,NA,8.04388762,NA,2383.818828,2079.734474,NA,,
2020-12-08,Atlantic,Florida,Florida Keys,0,24.19625,36.13117346,NA,NA,NA,8.043293587,NA,2377.067019,2071.175844,NA,,
2020-12-08,Atlantic,Florida,Florida Keys,0,23.061,35.1231926,NA,NA,NA,8.082023777,NA,2308.423587,1997.576411,NA,,
2020-12-08,Atlantic,Florida,Florida Keys,0,22.8179,35.16869052,NA,NA,NA,8.00414746,NA,2341.85875,2077.320875,NA,,
2020-12-08,Atlantic,Florida,Florida Keys,0,25.1917,36.28687462,NA,NA,NA,8.050404829,NA,2377.211054,2071.072715,NA,,
2020-12-08,Atlantic,Florida,Florida Keys,0,24.0476,35.96032492,NA,NA,NA,8.022639755,NA,2349.54623,2070.235292,NA,,
2020-12-08,Atlantic,Florida,Florida Keys,0,22.8791,35.09044656,NA,NA,NA,7.896373084,NA,2158.681303,1960.185206,NA,,
2020-12-11,Atlantic,Florida,Florida Keys,0,19.2,33.58773053,NA,NA,NA,8.014784472,NA,2504.105726,2203.306402,NA,,
2020-12-11,Atlantic,Florida,Florida Keys,0,20.4,35.34080943,NA,NA,NA,8.035800431,NA,2438.223247,2122.566721,NA,,
2020-12-11,Atlantic,Florida,Florida Keys,0,20.5,35.05080521,NA,NA,NA,8.048449105,NA,2447.223887,2122.877887,NA,,
2020-12-11,Atlantic,Florida,Florida Keys,0,20.5,34.32887564,NA,NA,NA,8.001646316,NA,2462.238522,2149.55667,NA,,
2020-12-11,Atlantic,Florida,Florida Keys,0,20.2,34.8687233,NA,NA,NA,8.039804288,NA,2466.480033,2128.896958,NA,,
2020-12-11,Atlantic,Florida,Florida Keys,0,20.3,34.43135408,NA,NA,NA,8.052558382,NA,2466.780048,2127.497416,NA,,
2020-12-11,Atlantic,Florida,Florida Keys,0,20.4,35.18748205,NA,NA,NA,8.056886495,NA,2457.996736,2118.57798,NA,,
2020-12-11,Atlantic,Florida,Florida Keys,0,20.5,33.1806697,NA,NA,NA,8.063862671,NA,2457.52012,2118.979697,NA,,
2020-12-11,Atlantic,Florida,Florida Keys,0,22.6,35.64141547,NA,NA,NA,8.068368897,NA,2414.219262,2069.680419,NA,,
2020-12-11,Atlantic,Florida,Florida Keys,0,25.1,34.46771904,NA,NA,NA,8.064273645,NA,2405.494199,2062.669324,NA,,
2020-12-11,Atlantic,Florida,Florida Keys,0,25,34.31576407,NA,NA,NA,8.068902226,NA,2403.760658,2058.831149,NA,,
2020-12-13,Atlantic,Florida,Florida Keys,0,25.6112,34.11730126,NA,NA,NA,8.070624475,NA,2389.353477,2074.524442,NA,,
2020-12-13,Atlantic,Florida,Florida Keys,0,25.581,36.16897694,NA,NA,NA,8.071021713,NA,2382.946868,2073.75652,NA,,
2020-12-13,Atlantic,Florida,Florida Keys,0,25.7219,36.210897,NA,NA,NA,8.069776616,NA,2387.459163,2073.398872,NA,,
2020-12-13,Atlantic,Florida,Florida Keys,0,25.598,36.13884629,NA,NA,NA,8.058541298,NA,2387.327598,2073.712798,NA,,
2020-12-13,Atlantic,Florida,Florida Keys,0,25.297,36.07465323,NA,NA,NA,8.059917873,NA,2387.962887,2080.699131,NA,,
2020-12-13,Atlantic,Florida,Florida Keys,0,25.329,36.13491617,NA,NA,NA,8.064980314,NA,2383.735161,2077.305239,NA,,
2020-12-13,Atlantic,Florida,Florida Keys,0,25.484,36.14801654,NA,NA,NA,8.055135905,NA,2384.081662,2081.54029,NA,,
2020-12-13,Atlantic,Florida,Florida Keys,0,25.27,36.13133361,NA,NA,NA,8.157772747,NA,2383.806984,2082.950189,NA,,
2020-12-13,Atlantic,Florida,Florida Keys,0,25.7607,36.16207923,NA,NA,NA,8.055595862,NA,2386.593897,2084.220935,NA,,
2020-12-13,Atlantic,Florida,Florida Keys,0,25.5286,36.1191956,NA,NA,NA,8.065634389,NA,2385.142012,2080.005906,NA,,
2020-12-13,Atlantic,Florida,Florida Keys,0,25.6517,36.0795461,NA,NA,NA,8.074782293,NA,2387.486621,2081.513618,NA,,
2020-12-13,Atlantic,Florida,Florida Keys,0,25.384,36.14146637,NA,NA,NA,8.057496539,NA,2387.865136,2082.942708,NA,,
2020-12-13,Atlantic,Florida,Florida Keys,0,25.6696,36.04548371,NA,NA,NA,8.051686891,NA,2386.360634,2086.981405,NA,,
2020-12-13,Atlantic,Florida,Florida Keys,0,25.9885,36.11526544,NA,NA,NA,8.064826139,NA,2387.149402,2079.612889,NA,,
2020-12-15,Atlantic,Florida,Southeast Florida Coral Reef Initiative,0,25.2,35.17123774,NA,NA,NA,8.049826289,NA,2420.612101,2105.507678,NA,,
2020-12-15,Atlantic,Florida,Southeast Florida Coral Reef Initiative,0,25.2,35.87577818,NA,NA,NA,8.063999027,NA,2393.685064,2073.827111,NA,,
2020-12-15,Atlantic,Florida,Southeast Florida Coral Reef Initiative,0,25.2,35.80240424,NA,NA,NA,8.057655044,NA,2391.4012,2072.602348,NA,,
2020-12-15,Atlantic,Florida,Southeast Florida Coral Reef Initiative,0,25.2,35.62804281,NA,NA,NA,8.059095068,NA,2397.246954,2082.211301,NA,,
2020-12-15,Atlantic,Florida,Southeast Florida Coral Reef Initiative,0,25.2,35.55728945,NA,NA,NA,8.054571848,NA,2394.490898,2074.671335,NA,,
2020-12-15,Atlantic,Florida,Southeast Florida Coral Reef Initiative,0,25.7,35.44329216,NA,NA,NA,8.039101093,NA,2406.474932,2092.634158,NA,,
2020-12-15,Atlantic,Florida,Southeast Florida Coral Reef Initiative,0,25.7,35.47605073,NA,NA,NA,8.061538797,NA,2402.705548,2085.076755,NA,,
2020-12-21,Atlantic,Florida,Florida Keys,0,23.7,34.51863845,NA,NA,NA,8.058605628,NA,2422.185498,2082.970501,NA,,
2020-12-21,Atlantic,Florida,Florida Keys,0,23.7,34.54748059,NA,NA,NA,8.055909602,NA,2424.230664,2086.794208,NA,,
2020-12-21,Atlantic,Florida,Florida Keys,0,23.7,34.56617912,NA,NA,NA,8.059892668,NA,2426.072036,2087.47344,NA,,
2020-12-21,Atlantic,Florida,Florida Keys,0,23.7,34.50849487,NA,NA,NA,8.062464888,NA,2409.443099,2084.550537,NA,,
2020-12-21,Atlantic,Florida,Florida Keys,0,23.7,34.32625333,NA,NA,NA,8.061678732,NA,2412.192272,2088.220312,NA,,
2020-12-21,Atlantic,Florida,Florida Keys,0,23.8,33.78974532,NA,NA,NA,8.071768837,NA,2415.349787,2084.959402,NA,,
2020-12-21,Atlantic,Florida,Florida Keys,0,23.9,34.60288635,NA,NA,NA,8.058589469,NA,2410.29873,2079.664301,NA,,
2021-01-14,Atlantic,Florida,Southeast Florida Coral Reef Initiative,0,23.8,36.05395962,NA,NA,NA,8.05021928,NA,2377.716048,2062.3933,NA,,
2021-01-14,Atlantic,Florida,Southeast Florida Coral Reef Initiative,0,23.7,33.92250477,NA,NA,NA,8.053976879,NA,2383.101011,2067.053809,NA,,
2021-01-14,Atlantic,Florida,Southeast Florida Coral Reef Initiative,0,23.8,36.16400407,NA,NA,NA,8.060386609,NA,2377.397644,2058.833166,NA,,
2021-01-14,Atlantic,Florida,Southeast Florida Coral Reef Initiative,0,23.7,36.12339321,NA,NA,NA,8.04709292,NA,2374.198421,2058.381009,NA,,
2021-01-14,Atlantic,Florida,Southeast Florida Coral Reef Initiative,0,23.8,36.03430812,NA,NA,NA,8.056788958,NA,2377.722394,2060.6446,NA,,
2021-01-14,Atlantic,Florida,Southeast Florida Coral Reef Initiative,0,23.7,36.04871924,NA,NA,NA,8.047303715,NA,2378.896721,2063.327147,NA,,
2021-01-14,Atlantic,Florida,Southeast Florida Coral Reef Initiative,0,23.9,36.02513734,NA,NA,NA,8.04203625,NA,2377.717721,2057.573361,NA,,
2022-01-06,Atlantic,Florida,Florida Keys,0,25.2,36.18434943,NA,NA,NA,8.053304131,NA,2381.616223,2059.624903,NA,,
2022-01-06,Atlantic,Florida,Florida Keys,0,25,36.26722555,NA,NA,NA,8.063385364,NA,2385.343709,2054.690794,NA,,
2022-01-06,Atlantic,Florida,Florida Keys,0,23.1,36.09430441,NA,NA,NA,8.087583559,NA,2384.219016,2057.669745,NA,,
2022-01-06,Atlantic,Florida,Florida Keys,0,24.2,36.3811872,NA,NA,NA,8.076313321,NA,2393.636572,2067.60377,NA,,
2022-01-06,Atlantic,Florida,Florida Keys,0,24.2,36.25246831,NA,NA,NA,8.068746219,NA,2395.406073,2067.726445,NA,,
2022-01-06,Atlantic,Florida,Florida Keys,0,24.1,36.21351697,NA,NA,NA,8.075659096,NA,2396.089814,2065.719752,NA,,
2022-01-06,Atlantic,Florida,Florida Keys,0,24.3,36.23185667,NA,NA,NA,8.075124276,NA,2394.881725,2068.039526,NA,,
2022-01-06,Atlantic,Florida,Florida Keys,0,24.4,33.10718879,NA,NA,NA,8.083400219,NA,2399.840628,2069.265569,NA,,
2022-01-06,Atlantic,Florida,Florida Keys,0,24.6,36.17683703,NA,NA,NA,8.073371887,NA,2397.457635,2059.966455,NA,,
2022-01-06,Atlantic,Florida,Florida Keys,0,24.4,36.28294483,NA,NA,NA,8.054054639,NA,2391.117345,2073.608733,NA,,
2022-01-06,Atlantic,Florida,Florida Keys,0,23.9,36.33665132,NA,NA,NA,7.983603507,NA,2442.818667,2179.752686,NA,,
2022-01-20,Atlantic,Florida,Florida Keys,0,21.9,36.13491617,NA,NA,NA,8.032602962,NA,2421.728493,2129.813247,NA,,
2022-01-20,Atlantic,Florida,Florida Keys,0,22.3,36.06548261,NA,NA,NA,8.045303022,NA,2413.868892,2122.446594,NA,,
2022-01-20,Atlantic,Florida,Florida Keys,0,22.4,36.02486928,NA,NA,NA,8.053513843,NA,2416.961241,2121.850078,NA,,
2022-01-20,Atlantic,Florida,Florida Keys,0,22.1,36.11195029,NA,NA,NA,8.03593048,NA,2419.11398,2117.433758,NA,,
2022-01-20,Atlantic,Florida,Florida Keys,0,22.1,36.36415891,NA,NA,NA,8.049704082,NA,2419.566561,2123.588814,NA,,
2022-01-20,Atlantic,Florida,Florida Keys,0,22,36.1598068,NA,NA,NA,8.036773861,NA,2420.667869,2121.226537,NA,,
2022-01-20,Atlantic,Florida,Florida Keys,0,22,36.27377526,NA,NA,NA,8.03809601,NA,2422.226155,2114.582614,NA,,
2022-01-22,Atlantic,Florida,Upper Keys,0,22.33,33.83193961,NA,NA,NA,8.03620682,NA,2463.587231,2165.805963,NA,,
2022-01-22,Atlantic,Florida,Upper Keys,0,22.035,35.10354505,NA,NA,NA,8.072714088,NA,2416.114484,2098.891021,NA,,
2022-01-22,Atlantic,Florida,Upper Keys,0,23.41,35.20810481,NA,NA,NA,8.06796031,NA,2407.894782,2091.912576,NA,,
2022-01-22,Atlantic,Florida,Upper Keys,0,23.453,36.10050726,NA,NA,NA,8.032677528,NA,2416.444401,2115.684191,NA,,
2022-01-22,Atlantic,Florida,Upper Keys,0,24.764,36.32023673,NA,NA,NA,8.063297915,NA,2394.302868,2061.232714,NA,,
2022-01-22,Atlantic,Florida,Upper Keys,0,24.941,36.340581,NA,NA,NA,8.058944656,NA,2393.330643,2061.38673,NA,,
2022-01-22,Atlantic,Florida,Upper Keys,0,25.654,36.03369273,NA,NA,NA,8.052727518,NA,2390.244404,2034.915799,NA,,
2022-01-22,Atlantic,Florida,Upper Keys,0,24.898,36.31569288,NA,NA,NA,8.040637264,NA,2413.21963,2067.064414,NA,,
2022-01-22,Atlantic,Florida,Upper Keys,0,24.159,36.34154296,NA,NA,NA,8.054379028,NA,2405.277639,2084.366833,NA,,
2022-01-22,Atlantic,Florida,Upper Keys,0,24.743,36.26163797,NA,NA,NA,8.064743691,NA,2386.919395,2059.019931,NA,,
2022-01-23,Atlantic,Florida,Upper Keys,0,25.107,36.29307642,NA,NA,NA,8.055389504,NA,2386.531558,2056.774063,NA,,
2022-01-23,Atlantic,Florida,Upper Keys,0,24.686,36.33071591,NA,NA,NA,8.072354203,NA,2396.644307,2066.608304,NA,,
2022-01-23,Atlantic,Florida,Upper Keys,0,23.95,36.3621531,NA,NA,NA,8.022324005,NA,2421.81299,2118.074534,NA,,
2022-01-23,Atlantic,Florida,Middle Keys,0,23.251,35.33818856,NA,NA,NA,8.060279392,NA,2537.894572,2205.453209,NA,,
2022-01-23,Atlantic,Florida,Middle Keys,0,23.725,36.29211434,NA,NA,NA,8.031453521,NA,2421.144538,2113.178758,NA,,
2022-01-23,Atlantic,Florida,Middle Keys,0,24.611,36.19482942,NA,NA,NA,8.049776552,NA,2385.546264,2065.576693,NA,,
2022-01-23,Atlantic,Florida,Middle Keys,0,25.558,36.20268938,NA,NA,NA,8.055497504,NA,2377.806079,2042.073628,NA,,
2022-01-23,Atlantic,Florida,Middle Keys,0,24.685,36.21482696,NA,NA,NA,8.062343818,NA,2389.842592,2062.258518,NA,,
2022-01-23,Atlantic,Florida,Middle Keys,0,23.473,35.70079702,NA,NA,NA,8.031120244,NA,2478.311256,2170.689329,NA,,
2022-01-23,Atlantic,Florida,Middle Keys,0,22.962,35.18617151,NA,NA,NA,8.034301148,NA,2532.6311690000002,2223.964461,NA,,
2022-01-23,Atlantic,Florida,Middle Keys,0,23.037,34.90181823,NA,NA,NA,8.016856002,NA,2530.673125,2237.286516,NA,,
2022-01-23,Atlantic,Florida,Middle Keys,0,23.335,35.39156954,NA,NA,NA,8.024736618,NA,2483.648634,2188.904178,NA,,
2022-01-23,Atlantic,Florida,Middle Keys,0,24.779,36.11823309,NA,NA,NA,8.062491606,NA,2386.887832,2069.634789,NA,,
2022-01-23,Atlantic,Florida,Middle Keys,0,25.156,36.1542191,NA,NA,NA,8.059069214,NA,2379.996748,2049.791035,NA,,
2022-01-23,Atlantic,Florida,Middle Keys,0,24.657,36.2471475,NA,NA,NA,8.069354567,NA,2392.51229,2057.390955,NA,,
2022-01-23,Atlantic,Florida,Middle Keys,0,23.638,35.75234336,NA,NA,NA,8.030915281,NA,2428.143847,2123.456647,NA,,
2022-01-23,Atlantic,Florida,Middle Keys,0,22.2518,35.4597089,NA,NA,NA,8.091822564,NA,2430.400659,2101.531829,NA,,
2022-01-23,Atlantic,Florida,Lower Keys,0,23.12,36.32416643,NA,NA,NA,8.023635037,NA,2394.608741,2094.865332,NA,,
2022-01-23,Atlantic,Florida,Lower Keys,0,23.045,35.6208746,NA,NA,NA,8.045324815,NA,2432.443346,2116.424311,NA,,
2022-01-23,Atlantic,Florida,Lower Keys,0,24.454,36.22495907,NA,NA,NA,8.058665383,NA,2392.453797,2062.806101,NA,,
2022-01-23,Atlantic,Florida,Lower Keys,0,24.941,36.24067869,NA,NA,NA,8.056491737,NA,2387.189621,2053.183614,NA,,
2022-01-23,Atlantic,Florida,Lower Keys,0,24.366,36.29342427,NA,NA,NA,8.057582407,NA,2396.407322,2066.63766,NA,,
2022-01-23,Atlantic,Florida,Lower Keys,0,24.431,36.21744692,NA,NA,NA,8.071624712,NA,2392.196763,2056.617056,NA,,
2022-01-23,Atlantic,Florida,Lower Keys,0,24.446,36.27307965,NA,NA,NA,8.047193247,NA,2393.5312050000002,2065.295293,NA,,
2022-01-23,Atlantic,Florida,Lower Keys,0,23.911,36.30748553,NA,NA,NA,8.045591776,NA,2401.693354,2080.799484,NA,,
2022-01-23,Atlantic,Florida,Lower Keys,0,23.453,36.17386937,NA,NA,NA,8.031577962,NA,2392.384333,2087.577131,NA,,
2022-02-11,Atlantic,Florida,Florida Keys,0,23.4,36.45191837,NA,NA,NA,8.102901571,NA,2409.642359,2105.225056,NA,,
2022-02-11,Atlantic,Florida,Florida Keys,0,22.9,36.45846742,NA,NA,NA,8.039533042,NA,2436.4285,2147.972612,NA,,
2022-02-11,Atlantic,Florida,Florida Keys,0,23.4,36.46763603,NA,NA,NA,8.078886102,NA,2419.475986,2118.463062,NA,,
2022-02-11,Atlantic,Florida,Florida Keys,0,23.4,36.48431515,NA,NA,NA,8.080438033,NA,2415.794265,2106.895626,NA,,
2022-02-11,Atlantic,Florida,Florida Keys,0,23.4,36.46370663,NA,NA,NA,8.091499648,NA,2402.267449,2100.945561,NA,,
2022-02-11,Atlantic,Florida,Florida Keys,0,23.4,36.46763603,NA,NA,NA,8.105300748,NA,2403.382638,2093.022429,NA,,
2022-02-11,Atlantic,Florida,Florida Keys,0,23.5,36.43585247,NA,NA,NA,8.103342487,NA,2407.398811,2096.618009,NA,,
2022-02-11,Atlantic,Florida,Florida Keys,0,23.4,36.42633563,NA,NA,NA,8.089040563,NA,2410.8514,2099.409338,NA,,
2022-02-11,Atlantic,Florida,Florida Keys,0,23.5,36.47191361,NA,NA,NA,8.085273341,NA,2411.307126,2111.501136,NA,,
2022-02-11,Atlantic,Florida,Florida Keys,0,24.2,36.40179683,NA,NA,NA,8.044589163,NA,2390.466343,2105.685853,NA,,
2022-02-11,Atlantic,Florida,Florida Keys,0,24.2,36.37070827,NA,NA,NA,8.059183375,NA,2400.082777,2097.25491,NA,,
2022-02-28,Atlantic,Florida,Florida Keys,0,24.8,36.13063849,NA,NA,NA,8.062147907,NA,2466.042742,2155.702017,NA,,
2022-02-28,Atlantic,Florida,Florida Keys,0,24.7,36.18854652,NA,NA,NA,8.055413872,NA,2462.76155,2151.516363,NA,,
2022-02-28,Atlantic,Florida,Florida Keys,0,24.8,36.22137687,NA,NA,NA,8.064745779,NA,2455.776225,2148.89713,NA,,
2022-02-28,Atlantic,Florida,Florida Keys,0,24.8,36.18958943,NA,NA,NA,8.06490919,NA,2457.732955,2148.065525,NA,,
2022-02-28,Atlantic,Florida,Florida Keys,0,24.7,36.15587672,NA,NA,NA,8.068551627,NA,2457.496767,2152.532712,NA,,
2022-02-28,Atlantic,Florida,Florida Keys,0,24.8,36.11526544,NA,NA,NA,8.068599161,NA,2456.484281,2154.2152380000002,NA,,
2022-02-28,Atlantic,Florida,Florida Keys,0,24.8,36.12932844,NA,NA,NA,8.066440287,NA,2453.280631,2155.735694,NA,,
2022-03-11,Atlantic,Florida,Florida Keys,0,26.3,36.32975392,NA,NA,NA,8.061150415,NA,2384.612058,2065.222295,NA,,
2022-03-11,Atlantic,Florida,Florida Keys,0,26.2,36.37298001,NA,NA,NA,8.075697133,NA,2378.496802,2073.78622,NA,,
2022-03-11,Atlantic,Florida,Florida Keys,0,26.1,36.35595168,NA,NA,NA,8.085007924,NA,2372.770038,2068.900118,NA,,
2022-03-11,Atlantic,Florida,Florida Keys,0,26.1,36.37856747,NA,NA,NA,8.094569036,NA,2383.774883,2062.311912,NA,,
2022-03-11,Atlantic,Florida,Florida Keys,0,26.2,36.38738848,NA,NA,NA,8.076834491,NA,2390.057663,2074.669343,NA,,
2022-03-11,Atlantic,Florida,Florida Keys,0,26.3,36.33830916,NA,NA,NA,8.060755454,NA,2380.175749,2079.496863,NA,,
2022-03-11,Atlantic,Florida,Florida Keys,0,26.3,36.49610317,NA,NA,NA,8.069179162,NA,2372.82085,2062.891398,NA,,
2022-03-13,Atlantic,Florida,Upper Keys,0,25.024,36.56028103,NA,NA,NA,8.057642854,NA,2402.538662,2081.002517,NA,,
2022-03-13,Atlantic,Florida,Upper Keys,0,25.255,36.42048264,NA,NA,NA,8.087213613,NA,2372.464375,2040.887035,NA,,
2022-03-18,Atlantic,Florida,Lower Keys,0,26.455,36.60254027,NA,NA,NA,8.043434765,NA,2354.806681,2042.678208,NA,,
2022-03-18,Atlantic,Florida,Lower Keys,0,26.246,36.48955428,NA,NA,NA,8.053243228,NA,2370.475188,2054.485109,NA,,
2022-03-18,Atlantic,Florida,Lower Keys,0,26.203,36.32486223,NA,NA,NA,8.032625435,NA,2388.6651660000002,2062.910543,NA,,
2022-03-18,Atlantic,Florida,Lower Keys,0,25.316,36.45026043,NA,NA,NA,8.041279012,NA,2387.848287,2073.657904,NA,,
2022-03-18,Atlantic,Florida,Lower Keys,0,26.051,36.31796481,NA,NA,NA,8.050407224,NA,2375.817118,2060.598184,NA,,
2022-03-18,Atlantic,Florida,Lower Keys,0,26.139,36.35202204,NA,NA,NA,8.063727639,NA,2378.699162,2064.730842,NA,,
2022-03-18,Atlantic,Florida,Lower Keys,0,26.042,36.28949448,NA,NA,NA,8.048240722,NA,2380.018052,2059.748656,NA,,
2022-03-18,Atlantic,Florida,Lower Keys,0,26.38,36.30128381,NA,NA,NA,8.062166937,NA,2395.970463,2061.020093,NA,,
2022-03-18,Atlantic,Florida,Lower Keys,0,28.566,37.11325021,NA,NA,NA,8.05405931,NA,2381.986514,2029.484665,NA,,
2022-03-19,Atlantic,Florida,Middle Keys,0,27.041,34.99230418,NA,NA,NA,8.208436908,NA,2595.045312,2133.888305,NA,,
2022-03-19,Atlantic,Florida,Middle Keys,0,26.692,36.55015148,NA,NA,NA,8.059575463,NA,2376.57132,2044.357042,NA,,
2022-03-19,Atlantic,Florida,Middle Keys,0,26.031,36.35106011,NA,NA,NA,8.053929556,NA,2378.252171,2064.227395,NA,,
2022-03-19,Atlantic,Florida,Middle Keys,0,25.757,36.35560373,NA,NA,NA,8.043929207,NA,2382.956572,2074.677164,NA,,
2022-03-19,Atlantic,Florida,Middle Keys,0,26.02,36.36643067,NA,NA,NA,8.061232415,NA,2382.937504,2070.215523,NA,,
2022-03-19,Atlantic,Florida,Middle Keys,0,26.364,36.33534143,NA,NA,NA,8.071851397,NA,2381.292772,2047.23571,NA,,
2022-03-19,Atlantic,Florida,Middle Keys,0,26.988,36.51644621,NA,NA,NA,8.085054934,NA,2375.201871,2027.897981,NA,,
2022-03-19,Atlantic,Florida,Middle Keys,0,26.212,36.37070827,NA,NA,NA,8.131896901,NA,2379.619811,2003.443497,NA,,
2022-03-19,Atlantic,Florida,Middle Keys,0,26.485,36.34189089,NA,NA,NA,8.074122473,NA,2374.139833,2042.784244,NA,,
2022-03-19,Atlantic,Florida,Middle Keys,0,25.848,36.26984544,NA,NA,NA,8.041015155,NA,2368.205988,2066.207523,NA,,
2022-03-19,Atlantic,Florida,Middle Keys,0,25.47,36.39166607,NA,NA,NA,8.050292883,NA,2379.727821,2078.548727,NA,,
2022-03-19,Atlantic,Florida,Middle Keys,0,25.653,36.31176315,NA,NA,NA,8.036895543,NA,2369.415639,2066.381783,NA,,
2022-03-19,Atlantic,Florida,Middle Keys,0,26.445,36.34023307,NA,NA,NA,8.093149413,NA,2391.261068,2050.065415,NA,,
2022-03-19,Atlantic,Florida,Middle Keys,0,26.291,36.44013004,NA,NA,NA,8.076642721,NA,2367.03764,2045.585116,NA,,
2022-03-19,Atlantic,Florida,Upper Keys,0,26.585,36.4481719,NA,NA,NA,8.090494242,NA,2396.639088,2050.615632,NA,,
2022-03-19,Atlantic,Florida,Upper Keys,0,26.411,36.36153915,NA,NA,NA,8.051931872,NA,2380.206377,2072.876936,NA,,
2022-03-19,Atlantic,Florida,Upper Keys,0,25.796,36.37690961,NA,NA,NA,8.051201799,NA,2376.386084,2077.670657,NA,,
2022-03-19,Atlantic,Florida,Upper Keys,0,25.235,36.44929875,NA,NA,NA,8.046474718,NA,2379.439753,2081.591806,NA,,
2022-03-19,Atlantic,Florida,Upper Keys,0,25.3,36.4152433,NA,NA,NA,8.047885872,NA,2382.09969,2081.984742,NA,,
2022-03-19,Atlantic,Florida,Upper Keys,0,25.658,36.35498976,NA,NA,NA,8.046314227,NA,2375.008053,2072.333111,NA,,
2022-03-19,Atlantic,Florida,Upper Keys,0,26.428,36.44667912,NA,NA,NA,8.098943231,NA,2379.958618,2038.425235,NA,,
2022-03-19,Atlantic,Florida,Upper Keys,0,25.677,36.3546418,NA,NA,NA,8.038945714,NA,2379.916331,2077.38562,NA,,
2022-03-19,Atlantic,Florida,Upper Keys,0,25.87,36.49610317,NA,NA,NA,8.097786065,NA,2379.827178,2039.531298,NA,,
2022-03-19,Atlantic,Florida,Upper Keys,0,26.316,36.72695747,NA,NA,NA,8.100473803,NA,2396.93524,2053.3115,NA,,
2022-03-19,Atlantic,Florida,Upper Keys,0,25.974,36.28128706,NA,NA,NA,8.060862007,NA,2377.063463,2060.722685,NA,,
2022-03-19,Atlantic,Florida,Upper Keys,0,26.297,36.24364637,NA,NA,NA,8.113805169,NA,2384.354382,2028.087836,NA,,
2022-03-19,Atlantic,Florida,Upper Keys,0,27.225,35.55948818,NA,NA,NA,8.109071101,NA,2400.473674,2046.2791,NA,,
2022-03-25,Atlantic,Florida,Florida Keys,0,25.5,36.34940227,NA,NA,NA,8.047239997,NA,2393.305679,2090.516638,NA,,
2022-03-25,Atlantic,Florida,Florida Keys,0,25.9,36.47252705,NA,NA,NA,8.071026466,NA,2383.484234,2028.826587,NA,,
2022-03-25,Atlantic,Florida,Florida Keys,0,25.9,36.4472927,NA,NA,NA,8.077205419,NA,2383.253579,2029.059305,NA,,
2022-03-25,Atlantic,Florida,Florida Keys,0,25.5,36.54587396,NA,NA,NA,8.094402639,NA,2342.353578,1975.875863,NA,,
2022-04-03,Atlantic,Florida,Florida Keys,0,25.8,36.3877365,NA,NA,NA,8.022949213,NA,2371.1476,2050.946102,NA,,
2022-04-03,Atlantic,Florida,Florida Keys,0,25.1,36.39428577,NA,NA,NA,8.050676272,NA,2378.2586,2052.544022,NA,,
2022-04-03,Atlantic,Florida,Florida Keys,0,25.8,36.44798894,NA,NA,NA,8.0513005540000009,NA,2384.529949,2049.190289,NA,,
2022-04-03,Atlantic,Florida,Florida Keys,0,26.9,36.51740771,NA,NA,NA,8.069868356,NA,2385.704863,2024.217369,NA,,
2022-04-03,Atlantic,Florida,Florida Keys,0,25.9,36.46894583,NA,NA,NA,8.071433759,NA,2388.263905,2038.783654,NA,,
2022-04-03,Atlantic,Florida,Florida Keys,0,25.8,36.56473988,NA,NA,NA,8.088775463,NA,2389.601609,2035.797684,NA,,
2022-04-03,Atlantic,Florida,Florida Keys,0,25.8,36.58158494,NA,NA,NA,8.079529444,NA,2378.348616,2023.858089,NA,,
2022-04-03,Atlantic,Florida,Florida Keys,0,25.3,36.5331248,NA,NA,NA,8.118805389,NA,2377.552297,2021.147828,NA,,
2022-04-03,Atlantic,Florida,Florida Keys,0,27,36.67684309,NA,NA,NA,8.058541181,NA,2374.639282,2025.723672,NA,,
2022-04-03,Atlantic,Florida,Florida Keys,0,27.6,36.5033485,NA,NA,NA,8.046667841,NA,2371.658185,2014.007242,NA,,
2022-04-03,Atlantic,Florida,Florida Keys,0,27.1,36.55277096,NA,NA,NA,8.033576567,NA,2369.020641,2009.223231,NA,,
2022-04-15,Atlantic,Florida,Florida Keys,0,28,36.88244523,NA,NA,NA,8.05545705,NA,2387.641355,2016.036557,NA,,
2022-04-15,Atlantic,Florida,Florida Keys,0,27.5,36.87100865,NA,NA,NA,8.086891818,NA,2386.121463,2020.63461,NA,,
2022-04-15,Atlantic,Florida,Florida Keys,0,27.2,36.84316003,NA,NA,NA,8.077341592,NA,2391.986853,2023.901698,NA,,
2022-04-15,Atlantic,Florida,Florida Keys,0,27.4,36.78588891,NA,NA,NA,8.054648084,NA,2385.89805,2031.959359,NA,,
2022-04-15,Atlantic,Florida,Florida Keys,0,26.9,36.93220524,NA,NA,NA,8.068456474,NA,2379.400479,2021.854174,NA,,
2022-04-15,Atlantic,Florida,Florida Keys,0,28.4,36.97541674,NA,NA,NA,8.044459277,NA,2380.193576,2019.690073,NA,,
2022-04-15,Atlantic,Florida,Florida Keys,0,28.4,36.90732541,NA,NA,NA,8.072821532,NA,2385.560542,2022.592492,NA,,
2022-05-21,Atlantic,Florida,Upper Keys,0,28.93,36.50561981,NA,NA,NA,8.10574503,NA,2313.344234,1934.559073,NA,,
2022-05-21,Atlantic,Florida,Upper Keys,0,28.25,36.30390365,NA,NA,NA,8.056125343,NA,2353.897593,2020.825139,NA,,
2022-05-21,Atlantic,Florida,Upper Keys,0,27.786,36.42999956,NA,NA,NA,8.027274407,NA,2379.927891,2062.401304,NA,,
2022-05-21,Atlantic,Florida,Upper Keys,0,28.438,36.90863488,NA,NA,NA,8.117776461,NA,2305.156957,1935.412155,NA,,
2022-05-21,Atlantic,Florida,Upper Keys,0,28.722,36.51182041,NA,NA,NA,8.013785395,NA,2374.724745,2050.360379,NA,,
2022-05-21,Atlantic,Florida,Upper Keys,0,28.062,36.41882473,NA,NA,NA,8.038991247,NA,2379.091168,2061.479817,NA,,
2022-05-21,Atlantic,Florida,Upper Keys,0,30.119,37.74161412,NA,NA,NA,8.025462728,NA,2231.426868,1896.436616,NA,,
2022-05-21,Atlantic,Florida,Upper Keys,0,29.934,37.17644612,NA,NA,NA,8.074188283,NA,2305.179548,1936.31444,NA,,
2022-05-21,Atlantic,Florida,Upper Keys,0,28.018,36.49776116,NA,NA,NA,8.050241071,NA,2375.070572,2048.212574,NA,,
2022-05-21,Atlantic,Florida,Upper Keys,0,28.458,36.45453799,NA,NA,NA,8.029588041,NA,2374.355269,2046.974793,NA,,
2022-05-21,Atlantic,Florida,Upper Keys,0,29.257,36.521337,NA,NA,NA,7.983895266,NA,2410.204315,2048.365329,NA,,
2022-05-21,Atlantic,Florida,Upper Keys,0,30.142,36.94433931,NA,NA,NA,8.059456785,NA,2377.194616,2000.983654,NA,,
2022-05-21,Atlantic,Florida,Middle Keys,0,30.1142,37.19180794,NA,NA,NA,8.085850147,NA,2363.208642,1957.358,NA,,
2022-05-21,Atlantic,Florida,Middle Keys,0,29.374,36.63135344,NA,NA,NA,8.020125404,NA,2407.912202,2030.358968,NA,,
2022-05-21,Atlantic,Florida,Middle Keys,0,28.92204,36.77672192,NA,NA,NA,8.036393392,NA,2375.359558,2009.957273,NA,,
2022-05-21,Atlantic,Florida,Middle Keys,0,28.1607,36.56062936,NA,NA,NA,8.025585847,NA,2391.67218,2038.828053,NA,,
2022-05-22,Atlantic,Florida,Middle Keys,0,28.4168,36.67946238,NA,NA,NA,8.028511879,NA,2382.970782,2028.777514,NA,,
2022-05-22,Atlantic,Florida,Middle Keys,0,30.139,37.56848626,NA,NA,NA,8.021307546,NA,2312.063277,1944.398506,NA,,
2022-05-22,Atlantic,Florida,Middle Keys,0,30.15803,38.07760721,NA,NA,NA,8.006648975,NA,2265.179302,1893.352796,NA,,
2022-05-22,Atlantic,Florida,Middle Keys,0,30.55,38.03704002,NA,NA,NA,7.963658622,NA,2344.802137,1993.839012,NA,,
2022-05-22,Atlantic,Florida,Middle Keys,0,29.533,37.0736208,NA,NA,NA,8.0660696690000009,NA,2320.440164,1964.860973,NA,,
2022-05-22,Atlantic,Florida,Middle Keys,0,28.426,36.61956629,NA,NA,NA,8.036196575,NA,2356.700664,2037.256857,NA,,
2022-05-22,Atlantic,Florida,Middle Keys,0,27.756,36.35857143,NA,NA,NA,8.008681659,NA,2377.382495,2066.131077,NA,,
2022-05-22,Atlantic,Florida,Middle Keys,0,28.5349,36.76196788,NA,NA,NA,8.024360926,NA,2366.255046,2024.936549,NA,,
2022-05-22,Atlantic,Florida,Middle Keys,0,28.988,36.86149323,NA,NA,NA,8.020855674,NA,2330.295906,2017.3652,NA,,
2022-05-22,Atlantic,Florida,Middle Keys,0,30.157,37.95197673,NA,NA,NA,7.99220567,NA,2134.990199,1829.821401,NA,,
2022-05-22,Atlantic,Florida,Lower Keys,0,29.911,37.67843749,NA,NA,NA,8.038252509,NA,2254.114979,1932.61247,NA,,
2022-05-22,Atlantic,Florida,Lower Keys,0,29.56,37.30536078,NA,NA,NA,8.032274444,NA,2297.15218,1974.662022,NA,,
2022-05-22,Atlantic,Florida,Lower Keys,0,27.945,36.62314691,NA,NA,NA,8.033907469,NA,2354.353777,2041.516813,NA,,
2022-05-22,Atlantic,Florida,Lower Keys,0,27.654,36.41882473,NA,NA,NA,8.03607398,NA,2387.473396,2069.579701,NA,,
2022-05-22,Atlantic,Florida,Lower Keys,0,28.706,36.84543024,NA,NA,NA,7.997053507,NA,2324.251777,2017.704686,NA,,
2022-05-22,Atlantic,Florida,Lower Keys,0,27.872,36.42668371,NA,NA,NA,8.033142666,NA,2380.368969,2069.766655,NA,,
2022-05-22,Atlantic,Florida,Lower Keys,0,28.28,36.5157497,NA,NA,NA,8.02896697,NA,2367.28135,2059.84863,NA,,
2022-05-22,Atlantic,Florida,Lower Keys,0,29.706,37.26739416,NA,NA,NA,7.996730735,NA,2278.500385,1968.707122,NA,,
2022-05-22,Atlantic,Florida,Lower Keys,0,29.841,37.5017268,NA,NA,NA,7.979987623,NA,2256.311239,1960.784065,NA,,
2022-05-27,Atlantic,Florida,Upper Keys,0,29.004,36.31927471,NA,NA,NA,8.020571386,NA,2366.363194,2048.867447,NA,,
2022-06-01,Atlantic,Florida Keys,Dry Tortugas,0,27.6,36.34844034,NA,NA,NA,8.028920723,NA,2386.741154,2093.422691,NA,,
2022-06-01,Atlantic,Florida Keys,Dry Tortugas,0,27.9,36.4322711,NA,NA,NA,8.005315504,NA,2394.902566,2101.658064,NA,,
2022-06-01,Atlantic,Florida Keys,Dry Tortugas,0,28,36.40345472,NA,NA,NA,8.0070311,NA,2383.834671,2083.681696,NA,,
2022-06-02,Atlantic,Florida Keys,Dry Tortugas,0,27.9,36.59171425,NA,NA,NA,8.008485079,NA,2382.864127,2093.639767,NA,,
2022-06-08,Atlantic,Florida,Florida,0,27.2,35.50460656,NA,NA,NA,8.014304408,NA,2351.146023,2078.309745,NA,,
2022-06-10,Atlantic,Florida,Florida,0,27.9,35.6687357,NA,NA,NA,8.035033107,NA,2340.141736,2064.023824,NA,,
2022-06-14,Atlantic,Florida,Florida,0,29.3,34.21469249,NA,NA,NA,7.986161094,NA,2349.556028,2087.515781,NA,,
2022-06-17,Atlantic,Florida,Florida,0,28.6,35.08748144,NA,NA,NA,8.003230099,NA,2356.155294,2090.79883,NA,,
2022-06-17,Atlantic,Florida,Florida,0,28.9,35.33653205,NA,NA,NA,8.025070027,NA,2371.790687,2102.742105,NA,,
2022-06-17,Atlantic,Florida,Florida,0,29,35.54391569,NA,NA,NA,8.002946211,NA,2364.424148,2086.491915,NA,,
2022-06-21,Atlantic,Florida Keys,Dry Tortugas,0,29.2,36.44929875,NA,NA,NA,7.998669001,NA,2375.531853,2049.295801,NA,,
2022-06-21,Atlantic,Florida Keys,Dry Tortugas,0,29.4,36.41131378,NA,NA,NA,7.986937646,NA,2377.028381,2059.864539,NA,,
2022-06-21,Atlantic,Florida,Florida,0,29.1,36.23073272,NA,NA,NA,8.028902762,NA,2367.390592,2094.088316,NA,,
2022-06-21,Atlantic,Florida,Florida,0,29.2,36.10216482,NA,NA,NA,8.011375768,NA,2373.401936,2098.205674,NA,,
2022-06-21,Atlantic,Florida Keys,Dry Tortugas,0,29.3,36.40345472,NA,NA,NA,7.99691423,NA,2381.104506,2058.536672,NA,,
2022-06-21,Atlantic,Florida Keys,Dry Tortugas,0,29.8,36.45453799,NA,NA,NA,7.987036533,NA,2378.957175,2059.744479,NA,,
2022-06-21,Atlantic,Florida Keys,Dry Tortugas,0,29.6,36.39559563,NA,NA,NA,7.985990424,NA,2387.928854,2064.815533,NA,,
2022-06-22,Atlantic,Florida Keys,Dry Tortugas,0,29.5,36.37856747,NA,NA,NA,7.995731463,NA,2381.671256,2048.060042,NA,,
2022-06-22,Atlantic,Florida Keys,Dry Tortugas,0,29.2,36.53181504,NA,NA,NA,7.996052353,NA,2374.7506,2068.712681,NA,,
2022-06-22,Atlantic,Florida Keys,Dry Tortugas,0,29.2,36.29735404,NA,NA,NA,7.989179994,NA,2369.474313,2043.69241,NA,,
2022-06-22,Atlantic,Florida Keys,Dry Tortugas,0,29,36.37463787,NA,NA,NA,7.977158973,NA,2368.362,2060.295705,NA,,
2022-06-23,Atlantic,Florida Keys,Dry Tortugas,0,29.9,36.35629964,NA,NA,NA,7.992301968,NA,2371.20912,2055.515529,NA,,
2022-06-23,Atlantic,Florida Keys,Dry Tortugas,0,29.1,36.49776116,NA,NA,NA,7.986250769,NA,2378.456409,2064.646194,NA,,
2022-06-23,Atlantic,Florida Keys,Dry Tortugas,0,29.5,36.34547262,NA,NA,NA,7.978997891,NA,2378.506726,2067.563281,NA,,
2022-06-23,Atlantic,Florida Keys,Dry Tortugas,0,29.7,36.36284903,NA,NA,NA,7.989409952,NA,2379.752271,2061.476552,NA,,
2022-06-23,Atlantic,Florida Keys,Dry Tortugas,0,30.1,36.36119118,NA,NA,NA,7.974015991,NA,2380.696277,2064.921165,NA,,
2022-06-24,Atlantic,Florida Keys,Dry Tortugas,0,29.2,36.43882022,NA,NA,NA,8.010090744,NA,2386.566462,2052.283217,NA,,
2022-06-24,Atlantic,Florida,Florida,0,29.3,35.08713603,NA,NA,NA,7.956179064,NA,2432.89561,2185.207029,NA,,
2022-06-24,Atlantic,Florida Keys,Dry Tortugas,0,29.3,36.446331,NA,NA,NA,7.999174682,NA,2382.40332,2053.840415,NA,,
2022-06-24,Atlantic,Florida Keys,Dry Tortugas,0,29.8,36.40441652,NA,NA,NA,7.993488053,NA,2386.302842,2057.907112,NA,,
2022-06-24,Atlantic,Florida Keys,Dry Tortugas,0,30.1,36.41917281,NA,NA,NA,8.003127047,NA,2392.433951,2041.854821,NA,,
2022-06-24,Atlantic,Florida,Florida Keys,0,30.8,36.4558478,NA,NA,NA,8.023987909,NA,2354.251893,2026.661008,NA,,
2022-06-24,Atlantic,Florida,Florida Keys,0,30.8,36.48597313,NA,NA,NA,8.028249425,NA,2360.69022,2026.763328,NA,,
2022-06-24,Atlantic,Florida,Florida Keys,0,30.8,36.43882022,NA,NA,NA,8.03854716,NA,2356.74255,2023.040838,NA,,
2022-06-24,Atlantic,Florida,Florida Keys,0,31,36.44667912,NA,NA,NA,8.03416683,NA,2359.057684,2021.119168,NA,,
2022-06-24,Atlantic,Florida,Florida Keys,0,30.9,36.4375104,NA,NA,NA,8.011475167,NA,2369.504362,2036.164939,NA,,
2022-06-24,Atlantic,Florida,Florida Keys,0,31,36.42572197,NA,NA,NA,8.047002039,NA,2366.547743,2035.706669,NA,,
2022-06-24,Atlantic,Florida,Florida Keys,0,30.9,36.42275422,NA,NA,NA,8.040961609,NA,2362.976345,2032.107796,NA,,
2022-06-24,Atlantic,Florida Keys,Dry Tortugas,0,30.7,36.45288005,NA,NA,NA,7.981900379,NA,2374.993383,2057.503966,NA,,
2022-06-25,Atlantic,Florida Keys,Dry Tortugas,0,29.5,36.49252205,NA,NA,NA,7.99339331,NA,2379.176242,2065.604008,NA,,
2022-06-25,Atlantic,Florida Keys,Dry Tortugas,0,29.9,36.52395651,NA,NA,NA,7.989542354,NA,2386.873562,2060.870565,NA,,
2022-06-25,Atlantic,Florida Keys,Dry Tortugas,0,30,36.41096572,NA,NA,NA,7.98778118,NA,2378.247024,2052.337727,NA,,
2022-06-25,Atlantic,Florida Keys,Dry Tortugas,0,30.1,36.52395651,NA,NA,NA,7.991509783,NA,2375.882108,2041.712901,NA,,
2022-06-27,Atlantic,Florida,Florida,0,30.2,34.14877656,NA,NA,NA,7.919268114,NA,2468.271856,2234.649574,NA,,
2022-06-27,Atlantic,Florida,Florida,0,30,35.9419825,NA,NA,NA,7.999034549,NA,2394.178293,2111.179398,NA,,
2022-06-28,Atlantic,Florida,Florida,0,29.2,35.96652849,NA,NA,NA,8.049600354,NA,2384.692848,2080.270972,NA,,
2022-06-28,Atlantic,Florida,Florida,0,29.6,35.98425505,NA,NA,NA,8.014481009,NA,2378.39947,2086.275982,NA,,
2022-06-28,Atlantic,Florida,Florida,0,30,35.56287699,NA,NA,NA,7.987557581,NA,2391.722388,2103.031799,NA,,
2022-06-29,Atlantic,Florida,Florida,0,29.4,36.1394612,NA,NA,NA,8.020772992,NA,2383.357421,2085.845502,NA,,
2022-06-29,Atlantic,Florida,Florida,0,29.4,35.83585484,NA,NA,NA,8.010961005,NA,2403.006739,2108.910792,NA,,
2022-07-11,Atlantic,Florida,Florida,0,29.8,36.13587865,NA,NA,NA,8.032205028,NA,2382.245928,2079.745026,NA,,
2022-07-12,Atlantic,Florida,Florida,0,30.1,36.09692455,NA,NA,NA,8.002851072,NA,2390.271345,2072.331074,NA,,
2022-07-13,Atlantic,Florida,Florida Keys,0,31.6,36.75873651,NA,NA,NA,8.032801307,NA,2402.049029,2071.063546,NA,,
2022-07-13,Atlantic,Florida,Florida Keys,0,31.6,36.72853083,NA,NA,NA,8.039532892,NA,2402.200389,2068.848293,NA,,
2022-07-13,Atlantic,Florida,Florida Keys,0,31.5,36.65326936,NA,NA,NA,8.022762846,NA,2403.003409,2067.262794,NA,,
2022-07-13,Atlantic,Florida,Florida Keys,0,31.6,36.68993948,NA,NA,NA,8.033874826,NA,2406.278515,2069.376846,NA,,
2022-07-13,Atlantic,Florida,Florida Keys,0,31.7,36.76720619,NA,NA,NA,8.016430399,NA,2404.16339,2070.507077,NA,,
2022-07-13,Atlantic,Florida,Florida Keys,0,31.7,36.72433825,NA,NA,NA,8.037081134,NA,2404.798652,2064.62178,NA,,
2022-07-13,Atlantic,Florida,Florida Keys,0,31.7,36.7466015,NA,NA,NA,8.0404112,NA,2406.200415,2063.870362,NA,,
2022-07-13,Atlantic,Florida,Florida,0,30.8,35.99962948,NA,NA,NA,7.999903962,NA,2369.290413,2077.822703,NA,,
2022-07-20,Atlantic,Florida,Florida,0,30,36.16076921,NA,NA,NA,7.988294831,NA,2382.006918,2080.76298,NA,,
2022-07-20,Atlantic,Florida,Florida,0,30.2,36.21447925,NA,NA,NA,7.984704695,NA,2378.721511,2078.437554,NA,,
2022-07-21,Atlantic,Florida,Florida,0,30,36.24217459,NA,NA,NA,7.991221716,NA,2372.903122,2079.274672,NA,,
2022-07-21,Atlantic,Florida,Florida,0,30.1,35.39156954,NA,NA,NA,7.958133248,NA,2371.332143,2108.075749,NA,,
2022-07-28,Atlantic,Florida,Florida Keys,0,29.6,36.45341108,NA,NA,NA,7.99016281,NA,2360.023009,2039.515144,NA,,
2022-07-28,Atlantic,Florida,Florida Keys,0,29.5,36.42179247,NA,NA,NA,8.025130061,NA,2363.62649,2041.498654,NA,,
2022-07-28,Atlantic,Florida,Florida Keys,0,29.6,36.40345472,NA,NA,NA,7.994657794,NA,2361.901508,2038.901991,NA,,
2022-07-28,Atlantic,Florida,Florida Keys,0,29.6,36.40834604,NA,NA,NA,8.032949118,NA,2363.225089,2035.960096,NA,,
2022-07-28,Atlantic,Florida,Florida Keys,0,29.5,36.44013004,NA,NA,NA,8.040887738,NA,2367.066677,2039.532546,NA,,
2022-07-28,Atlantic,Florida,Florida Keys,0,29.6,36.42441214,NA,NA,NA,8.012547195,NA,2365.184527,2039.626258,NA,,
2022-07-28,Atlantic,Florida,Florida Keys,0,29.6,36.4322711,NA,NA,NA,8.014167452,NA,2360.227617,2036.422213,NA,,
2022-07-28,Atlantic,Florida,Florida Keys,0,30,36.39035621,NA,NA,NA,7.985438262,NA,2379.11412,2048.329952,NA,,
2022-07-28,Atlantic,Florida,Florida Keys,0,30,36.39786729,NA,NA,NA,8.020265691,NA,2379.908641,2048.726225,NA,,
2022-07-28,Atlantic,Florida,Florida Keys,0,29.4,36.33595548,NA,NA,NA,8.01553337,NA,2372.579038,2045.031651,NA,,
2022-07-28,Atlantic,Florida,Florida Keys,0,29.6,36.45846742,NA,NA,NA,8.048479828,NA,2316.714587,1994.29533,NA,,
2022-08-08,Atlantic,Florida,Lower Keys,0,29.979,36.44440762,NA,NA,NA,8.023763887,NA,2343.559028,2004.586259,NA,,
2022-08-08,Atlantic,Florida,Lower Keys,0,29.81,35.70507428,NA,NA,NA,8.029568395,NA,2386.985671,2052.12141,NA,,
2022-08-08,Atlantic,Florida,Lower Keys,0,29.865,35.62515188,NA,NA,NA,8.035705102,NA,2395.401629,2059.026834,NA,,
2022-08-08,Atlantic,Florida,Lower Keys,0,29.87,35.63563371,NA,NA,NA,8.045002514,NA,2392.681179,2056.662613,NA,,
2022-08-08,Atlantic,Florida,Lower Keys,0,29.851,35.58715476,NA,NA,NA,8.052528906,NA,2396.127963,2062.027023,NA,,
2022-08-08,Atlantic,Florida,Lower Keys,0,29.949,35.60156755,NA,NA,NA,8.051297959,NA,2385.052619,2050.818256,NA,,
2022-08-08,Atlantic,Florida,Lower Keys,0,29.973,35.68280117,NA,NA,NA,8.023028692,NA,2393.734336,2053.13767,NA,,
2022-08-08,Atlantic,Florida,Lower Keys,0,29.936,36.12836595,NA,NA,NA,8.01352361,NA,2361.997655,2033.769736,NA,,
2022-08-08,Atlantic,Florida,Lower Keys,0,29.748,36.55931963,NA,NA,NA,8.005980446,NA,2318.497303,2005.237993,NA,,
2022-08-08,Atlantic,Florida,Florida,0,30.8,36.00618015,NA,NA,NA,7.983473357,NA,2412.805467,2076.991929,NA,,
2022-08-08,Atlantic,Florida,Middle Keys,0,30.247,36.20434706,NA,NA,NA,8.052400994,NA,2382.08189,2037.994069,NA,,
2022-08-08,Atlantic,Florida,Middle Keys,0,29.853,36.5580099,NA,NA,NA,8.013361381,NA,2331.863012,2013.162503,NA,,
2022-08-08,Atlantic,Florida,Florida,0,30.4,35.97866715,NA,NA,NA,7.974491363,NA,2398.930348,2094.260922,NA,,
2022-08-08,Atlantic,Florida,Middle Keys,0,30.071,35.68542155,NA,NA,NA,8.034532437,NA,2398.693131,2060.042644,NA,,
2022-08-08,Atlantic,Florida,Middle Keys,0,30.0711,35.57632615,NA,NA,NA,8.059668521,NA,2388.426186,2053.305433,NA,,
2022-08-08,Atlantic,Florida,Middle Keys,0,30.0594,35.60811879,NA,NA,NA,8.016403146,NA,2401.507145,2061.0562,NA,,
2022-08-08,Atlantic,Florida,Middle Keys,0,30.1645,35.9999768,NA,NA,NA,8.022568577,NA,2391.928589,2054.377105,NA,,
2022-08-08,Atlantic,Florida,Middle Keys,0,30.3503,36.19220943,NA,NA,NA,8.056067603,NA,2391.993904,2037.619445,NA,,
2022-08-09,Atlantic,Florida,Middle Keys,0,30.06544,35.664111749999996,NA,NA,NA,8.036748628,NA,2404.986282,2066.095706,NA,,
2022-08-09,Atlantic,Florida,Middle Keys,0,30.2438,35.9524639,NA,NA,NA,8.026603024,NA,2393.734455,2059.624011,NA,,
2022-08-09,Atlantic,Florida,Middle Keys,0,30.00569,35.57308836,NA,NA,NA,8.018166523,NA,2402.461442,2066.688937,NA,,
2022-08-09,Atlantic,Florida,Middle Keys,0,30.06713,35.7500696,NA,NA,NA,8.047074774,NA,2403.311399,2065.847883,NA,,
2022-08-09,Atlantic,Florida,Middle Keys,0,30.1821,35.94460285,NA,NA,NA,8.018983283,NA,2397.019516,2059.531901,NA,,
2022-08-09,Atlantic,Florida,Upper Keys,0,30.0946,35.74937585,NA,NA,NA,8.031526804,NA,2401.869879,2076.321066,NA,,
2022-08-09,Atlantic,Florida,Upper Keys,0,30.02106,35.7021072,NA,NA,NA,8.032813959,NA,2404.808118,2080.96906,NA,,
2022-08-09,Atlantic,Florida,Upper Keys,0,29.987,35.47708967,NA,NA,NA,8.038245143,NA,2398.928373,2070.904266,NA,,
2022-08-09,Atlantic,Florida,Upper Keys,0,29.981,35.61991095,NA,NA,NA,8.04342515,NA,2401.987919,2076.837553,NA,,
2022-08-09,Atlantic,Florida,Upper Keys,0,29.997,35.5815672,NA,NA,NA,8.065668035,NA,2399.479981,2074.735577,NA,,
2022-08-09,Atlantic,Florida,Upper Keys,0,29.848,35.88826434,NA,NA,NA,7.977295004,NA,2398.646634,2091.340163,NA,,
2022-08-09,Atlantic,Florida,Upper Keys,0,29.991,35.66445842,NA,NA,NA,8.020168699,NA,2403.238547,2081.856087,NA,,
2022-08-09,Atlantic,Florida,Upper Keys,0,29.768,36.31796481,NA,NA,NA,8.013104428,NA,2366.222944,2060.72429,NA,,
2022-08-09,Atlantic,Florida,Upper Keys,0,29.846,36.46501643,NA,NA,NA,8.01239038,NA,2344.604759,2039.477211,NA,,
2022-08-09,Atlantic,Florida,Florida,0,29.6,36.05107153,NA,NA,NA,7.992350204,NA,2409.55301,2075.395747,NA,,
2022-08-10,Atlantic,Florida,Florida,0,29.7,35.87943989,NA,NA,NA,8.014675507,NA,2404.886036,2078.533005,NA,,
2022-08-11,Atlantic,Florida,Florida,0,29.8,35.79523643,NA,NA,NA,7.995959796,NA,2407.371348,2078.429634,NA,,
2022-08-12,Atlantic,Florida,Florida Keys,0,29.8,36.37201814,NA,NA,NA,8.066480038,NA,2383.394788,2034.450036,NA,,
2022-08-12,Atlantic,Florida,Florida Keys,0,29.8,36.340581,NA,NA,NA,8.024967559,NA,2384.936529,2036.869845,NA,,
2022-08-12,Atlantic,Florida,Florida Keys,0,29.8,36.25674595,NA,NA,NA,8.051280997,NA,2391.722935,2033.87612,NA,,
2022-08-12,Atlantic,Florida,Florida Keys,0,29.8,36.24888622,NA,NA,NA,8.054595192,NA,2392.624759,2035.520733,NA,,
2022-08-12,Atlantic,Florida,Florida Keys,0,29.9,36.340581,NA,NA,NA,8.059440849,NA,2384.44453,2038.723742,NA,,
2022-08-12,Atlantic,Florida,Florida Keys,0,29.9,36.41786297,NA,NA,NA,8.022590746,NA,2383.478988,2039.054528,NA,,
2022-08-12,Atlantic,Florida,Florida Keys,0,29.9,36.37332801,NA,NA,NA,8.022495625,NA,2383.925139,2039.564072,NA,,
2022-08-12,Atlantic,Florida,Florida,0,30,35.90136647,NA,NA,NA,8.027734214,NA,2410.139626,2072.959895,NA,,
2022-08-16,Atlantic,Florida,Florida,0,30.1,35.75854806,NA,NA,NA,8.117485387,NA,2411.171351,2070.428858,NA,,
2022-08-16,Atlantic,Florida,Florida,0,30.4,35.95115373,NA,NA,NA,7.935625254,NA,2386.077101,2093.334964,NA,,
2022-08-23,Atlantic,Florida,Florida,0,30.4,35.67625021,NA,NA,NA,7.989638382,NA,2392.909866,2089.573355,NA,,
2022-08-26,Atlantic,Florida,Florida Keys,0,31.6,36.37463787,NA,NA,NA,8.117214435,NA,2385.253943,2029.124473,NA,,
2022-08-26,Atlantic,Florida,Florida Keys,0,31.6,36.33237371,NA,NA,NA,8.075383065,NA,2387.018711,2023.866132,NA,,
2022-08-26,Atlantic,Florida,Florida Keys,0,31.6,36.33927111,NA,NA,NA,8.047573145,NA,2388.89635,2019.543068,NA,,
2022-08-26,Atlantic,Florida,Florida Keys,0,31.6,36.32879194,NA,NA,NA,8.093870843,NA,2388.483845,2016.804783,NA,,
2022-08-26,Atlantic,Florida,Florida Keys,0,31.6,36.39297592,NA,NA,NA,8.057147935,NA,2383.579711,2024.779339,NA,,
2022-08-26,Atlantic,Florida,Florida Keys,0,31.7,36.69020349,NA,NA,NA,8.050051984,NA,2354.778053,1999.01394,NA,,
2022-08-26,Atlantic,Florida,Florida Keys,0,31.7,36.40083503,NA,NA,NA,8.014919424,NA,2384.620805,2025.606568,NA,,
2022-08-26,Atlantic,Florida,Florida Keys,0,31.7,36.41000394,NA,NA,NA,8.052910022,NA,2382.115548,2019.780575,NA,,
2022-08-26,Atlantic,Florida,Florida Keys,0,30.9,35.80702897,NA,NA,NA,8.036504534,NA,2399.057831,2062.794288,NA,,
2022-08-26,Atlantic,Florida,Florida Keys,0,31.1,35.78117016,NA,NA,NA,8.010164824,NA,2399.103601,2061.471921,NA,,
2022-08-26,Atlantic,Florida,Florida Keys,0,31.6,36.08216626,NA,NA,NA,8.082778412,NA,2392.468711,2008.093509,NA,,
2022-08-30,Atlantic,Northwest Gulf of Mexico,Flower Garden Banks National Marine Sanctuary,0,29.3,36.62183723,NA,NA,NA,8.002254305,NA,2400.023684,2073.235362,NA,,
2022-08-30,Atlantic,Northwest Gulf of Mexico,Flower Garden Banks National Marine Sanctuary,0,29.3,36.54849344,NA,NA,NA,7.985118688,NA,2405.304004,2068.085271,NA,,
2022-08-30,Atlantic,Northwest Gulf of Mexico,Flower Garden Banks National Marine Sanctuary,0,29.4,36.61005003,NA,NA,NA,7.982099575,NA,2402.342591,2074.068021,NA,,
2022-08-30,Atlantic,Northwest Gulf of Mexico,Flower Garden Banks National Marine Sanctuary,0,29.8,36.56813939,NA,NA,NA,8.00016868,NA,2407.193358,2070.143678,NA,,
2022-08-30,Atlantic,Northwest Gulf of Mexico,Flower Garden Banks National Marine Sanctuary,0,29.7,36.80256442,NA,NA,NA,8.003507939,NA,2411.035279,2064.150213,NA,,
2022-08-30,Atlantic,Northwest Gulf of Mexico,Flower Garden Banks National Marine Sanctuary,0,30,36.57765579,NA,NA,NA,8.01003818,NA,2403.028869,2067.608623,NA,,
2022-08-30,Atlantic,Northwest Gulf of Mexico,Flower Garden Banks National Marine Sanctuary,0,30.4,36.69028804,NA,NA,NA,7.98962859,NA,2406.892466,2079.214518,NA,,
2022-08-30,Atlantic,Northwest Gulf of Mexico,Flower Garden Banks National Marine Sanctuary,0,29.7,36.5881335,NA,NA,NA,8.040513028,NA,2405.680639,2063.730936,NA,,
2022-08-31,Atlantic,Northwest Gulf of Mexico,Flower Garden Banks National Marine Sanctuary,0,29.3,36.609701630000004,NA,NA,NA,8.02556358,NA,2410.909562,2071.460464,NA,,
2022-08-31,Atlantic,Northwest Gulf of Mexico,Flower Garden Banks National Marine Sanctuary,0,29.4,36.60315317,NA,NA,NA,7.977140327,NA,2404.84409,2066.562142,NA,,
2022-08-31,Atlantic,Northwest Gulf of Mexico,Flower Garden Banks National Marine Sanctuary,0,29.4,36.53539601,NA,NA,NA,8.040083534,NA,2409.822515,2065.007335,NA,,
2022-08-31,Atlantic,Northwest Gulf of Mexico,Flower Garden Banks National Marine Sanctuary,0,29.5,36.62052754,NA,NA,NA,7.998579988,NA,2405.135259,2065.447016,NA,,
2022-08-31,Atlantic,Northwest Gulf of Mexico,Flower Garden Banks National Marine Sanctuary,0,29.6,36.73970486,NA,NA,NA,8.017144217,NA,2407.265944,2063.099599,NA,,
2022-08-31,Atlantic,Northwest Gulf of Mexico,Flower Garden Banks National Marine Sanctuary,0,29.6,36.70731323,NA,NA,NA,8.010846175,NA,2401.181563,2063.892389,NA,,
2022-08-31,Atlantic,Northwest Gulf of Mexico,Flower Garden Banks National Marine Sanctuary,0,29.7,36.5471837,NA,NA,NA,7.993510475,NA,2396.990057,2072.413707,NA,,
2022-08-31,Atlantic,Northwest Gulf of Mexico,Flower Garden Banks National Marine Sanctuary,0,29.8,36.59171425,NA,NA,NA,8.019616909,NA,2404.368398,2062.249819,NA,,
2022-08-31,Atlantic,Northwest Gulf of Mexico,Flower Garden Banks National Marine Sanctuary,0,29.9,36.78030191,NA,NA,NA,8.003525546,NA,2409.183127,2067.357783,NA,,
2022-08-31,Atlantic,Northwest Gulf of Mexico,Flower Garden Banks National Marine Sanctuary,0,29.7,36.69124911,NA,NA,NA,7.998211003,NA,2406.896916,2066.988044,NA,,
2022-09-01,Atlantic,Northwest Gulf of Mexico,Flower Garden Banks National Marine Sanctuary,0,29.3,36.67160451,NA,NA,NA,7.985321585,NA,2408.874663,2066.510378,NA,,
2022-09-01,Atlantic,Northwest Gulf of Mexico,Flower Garden Banks National Marine Sanctuary,0,29.4,36.84446955,NA,NA,NA,8.022619542,NA,2411.501691,2067.097379,NA,,
2022-09-01,Atlantic,Northwest Gulf of Mexico,Flower Garden Banks National Marine Sanctuary,0,29.5,36.67213286,NA,NA,NA,8.001925592,NA,2409.379756,2163.893198,NA,,
2022-09-01,Atlantic,Northwest Gulf of Mexico,Flower Garden Banks National Marine Sanctuary,0,29.6,36.63004376,NA,NA,NA,8.0066002610000009,NA,2407.134706,2162.171361,NA,,
2022-09-01,Atlantic,Northwest Gulf of Mexico,Flower Garden Banks National Marine Sanctuary,0,29.6,36.67815274,NA,NA,NA,8.02508109,NA,2407.958084,2162.699378,NA,,
2022-09-01,Atlantic,Northwest Gulf of Mexico,Flower Garden Banks National Marine Sanctuary,0,29.6,36.65361785,NA,NA,NA,8.009225603,NA,2409.630014,2061.891516,NA,,
2022-09-01,Atlantic,Northwest Gulf of Mexico,Flower Garden Banks National Marine Sanctuary,0,29.7,36.62445659,NA,NA,NA,8.006436566,NA,2411.556252,2141.925384,NA,,
2022-09-01,Atlantic,Northwest Gulf of Mexico,Flower Garden Banks National Marine Sanctuary,0,29.8,36.67981092,NA,NA,NA,8.058600164,NA,2414.921774,2146.838523,NA,,
2022-09-01,Atlantic,Northwest Gulf of Mexico,Flower Garden Banks National Marine Sanctuary,0,29.8,36.50431004,NA,NA,NA,8.016951367,NA,2413.518549,2143.692444,NA,,
2022-09-01,Atlantic,Northwest Gulf of Mexico,Flower Garden Banks National Marine Sanctuary,0,29.8,36.65754684,NA,NA,NA,8.025526606,NA,2406.348985,2144.848299,NA,,
2022-09-02,Atlantic,Northwest Gulf of Mexico,Flower Garden Banks National Marine Sanctuary,0,29.4,36.49086406,NA,NA,NA,7.991050469,NA,2411.778477,2143.493332,NA,,
2022-09-02,Atlantic,Northwest Gulf of Mexico,Flower Garden Banks National Marine Sanctuary,0,29.4,36.50658135,NA,NA,NA,8.016179306,NA,2415.24381,2141.157026,NA,,
2022-09-02,Atlantic,Northwest Gulf of Mexico,Flower Garden Banks National Marine Sanctuary,0,29.5,36.52753751,NA,NA,NA,7.982968465,NA,2408.598059,2142.68492,NA,,
2022-09-02,Atlantic,Northwest Gulf of Mexico,Flower Garden Banks National Marine Sanctuary,0,29.5,36.45453799,NA,NA,NA,7.993888375,NA,2407.633119,2130.232367,NA,,
2022-09-02,Atlantic,Northwest Gulf of Mexico,Flower Garden Banks National Marine Sanctuary,0,29.5,36.49837451,NA,NA,NA,8.113700983,NA,2411.638366,2133.55264,NA,,
2022-09-02,Atlantic,Northwest Gulf of Mexico,Flower Garden Banks National Marine Sanctuary,0,29.5,36.60254027,NA,NA,NA,8.096976823,NA,2414.181141,2135.905429,NA,,
2022-09-05,Atlantic,U.S. Virgin Islands,St. Croix,15.24,29.75,34.43735367,NA,NA,NA,7.987285876,NA,2253.336427,2006.662263,NA,,
2022-09-05,Atlantic,U.S. Virgin Islands,St. Croix,15.24,29.75,34.33280909,NA,NA,NA,8.006513736,NA,2250.6429,2001.589834,NA,,
2022-09-06,Atlantic,U.S. Virgin Islands,St. Croix,15.24,29.19,34.3446094,NA,NA,NA,7.980298528,NA,2254.728859,2004.918557,NA,,
2022-09-06,Atlantic,U.S. Virgin Islands,St. Croix,15.24,29.31,34.36655435,NA,NA,NA,7.975156989,NA,2254.121707,2007.847839,NA,,
2022-09-06,Atlantic,U.S. Virgin Islands,St. Croix,15.24,29.81,34.64780328,NA,NA,NA,7.989069522,NA,NA,2012.521774,NA,,
2022-09-06,Atlantic,U.S. Virgin Islands,St. Croix,15.24,29.75,34.51788217,NA,NA,NA,7.983530519,NA,2255.59728,2004.433896,NA,,
2022-09-07,Atlantic,U.S. Virgin Islands,St. Croix,15.24,29.19,34.20157828,NA,NA,NA,7.995062618,NA,2253.469576,2008.088203,NA,,
2022-09-07,Atlantic,Florida Keys,Dry Tortugas,0,30.6,35.40467346,NA,NA,NA,8.003227802,NA,2388.722719,2095.890165,NA,,
2022-09-07,Atlantic,U.S. Virgin Islands,St. Croix,15.24,29.19,34.22683932,NA,NA,NA,7.995566565,NA,2247.77415,1995.172741,NA,,
2022-09-07,Atlantic,Florida Keys,Dry Tortugas,0,30.8,35.33818856,NA,NA,NA,7.9809439,NA,2377.274192,2090.55687,NA,,
2022-09-07,Atlantic,Florida,Florida Keys,0,31.4,34.9542169,NA,NA,NA,8.022577755,NA,2369.958875,2026.02792,NA,,
2022-09-07,Atlantic,Florida,Florida Keys,0,31.8,34.92801775,NA,NA,NA,8.019278382,NA,2371.805687,2025.529708,NA,,
2022-09-07,Atlantic,Florida,Florida Keys,0,31.4,34.95814674,NA,NA,NA,8.034343446,NA,2368.005344,2017.764524,NA,,
2022-09-07,Atlantic,Florida,Florida Keys,0,31.6,34.87954836,NA,NA,NA,8.022100257,NA,2372.860477,2026.139846,NA,,
2022-09-07,Atlantic,Florida,Florida Keys,0,31.5,34.85465819,NA,NA,NA,8.024358051,NA,2372.946023,2024.85781,NA,,
2022-09-07,Atlantic,Florida,Florida Keys,0,31.9,34.8844433,NA,NA,NA,8.016693759,NA,2370.778921,2023.884781,NA,,
2022-09-07,Atlantic,Florida,Florida Keys,0,31.4,34.89099326,NA,NA,NA,8.036841319,NA,2368.736221,2020.601125,NA,,
2022-09-07,Atlantic,Florida Keys,Dry Tortugas,0,31,35.48626201,NA,NA,NA,8.004666988,NA,2397.306689,2091.721231,NA,,
2022-09-07,Atlantic,U.S. Virgin Islands,St. Croix,15.24,29.56,34.5225715,NA,NA,NA,7.96095252,NA,2265.740622,2035.924059,NA,,
2022-09-07,Atlantic,Florida Keys,Dry Tortugas,0,31,35.48233101,NA,NA,NA,7.989513403,NA,2390.106498,2062.021888,NA,,
2022-09-07,Atlantic,U.S. Virgin Islands,St. Croix,15.24,29.69,34.2405765,NA,NA,NA,7.970615124,NA,2254.350779,2021.570801,NA,,
2022-09-07,Atlantic,Florida Keys,Dry Tortugas,0,31.3,35.34832593,NA,NA,NA,8.001512107,NA,2386.192907,2076.716959,NA,,
2022-09-07,Atlantic,Florida Keys,Dry Tortugas,0,31.5,35.32211719,NA,NA,NA,7.995619687,NA,2383.408299,2064.367656,NA,,
2022-09-08,Atlantic,U.S. Virgin Islands,St. Croix,15.24,29.44,34.29740771,NA,NA,NA,7.966608211,NA,2242.655802,2023.293936,NA,,
2022-09-08,Atlantic,U.S. Virgin Islands,St. Croix,15.24,29.19,34.59633154,NA,NA,NA,7.975742578,NA,2270.568936,2024.757581,NA,,
2022-09-08,Atlantic,U.S. Virgin Islands,St. Croix,15.24,29.19,34.33543139,NA,NA,NA,7.987303967,NA,2244.759799,2010.607387,NA,,
2022-09-08,Atlantic,U.S. Virgin Islands,St. Croix,15.24,29.19,34.29216301,NA,NA,NA,7.988614306,NA,2252.846851,2022.020368,NA,,
2022-09-08,Atlantic,U.S. Virgin Islands,St. Croix,15.24,29.19,34.28026215,NA,NA,NA,7.994504097,NA,2240.61491,2007.282907,NA,,
2022-09-08,Atlantic,Florida Keys,Dry Tortugas,0,30.7,35.15593806,NA,NA,NA,8.013624977,NA,2392.015934,2079.863539,NA,,
2022-09-09,Atlantic,Florida Keys,Dry Tortugas,0,30.8,35.33260073,NA,NA,NA,7.999928122,NA,2386.798525,2090.699137,NA,,
2022-09-09,Atlantic,Florida Keys,Dry Tortugas,0,31,35.32901547,NA,NA,NA,7.998962596,NA,2383.16681,2054.16989,NA,,
2022-09-09,Atlantic,Florida Keys,Dry Tortugas,0,31,35.32080674,NA,NA,NA,8.017993744,NA,2384.317747,2077.293335,NA,,
2022-09-09,Atlantic,Florida Keys,Dry Tortugas,0,30.9,35.28577031,NA,NA,NA,8.013897002,NA,2380.193193,2080.063123,NA,,
2022-09-09,Atlantic,Florida Keys,Dry Tortugas,0,30.8,35.30377085,NA,NA,NA,8.012767713,NA,2392.978333,2075.92568,NA,,
2022-09-10,Atlantic,Florida Keys,Dry Tortugas,0,30.7,35.29494361,NA,NA,NA,7.993406696,NA,2391.542644,2074.972714,NA,,
2022-09-10,Atlantic,Florida Keys,Dry Tortugas,0,30.6,35.33391117,NA,NA,NA,7.998536672,NA,2393.601858,2080.291293,NA,,
2022-09-10,Atlantic,Florida Keys,Dry Tortugas,0,31,35.34659565,NA,NA,NA,8.002353578,NA,2389.895836,2074.979845,NA,,
2022-09-10,Atlantic,Florida Keys,Dry Tortugas,0,30.9,35.34605116,NA,NA,NA,8.014507171,NA,2395.15026,2069.075478,NA,,
2022-09-11,Atlantic,Florida Keys,Dry Tortugas,0,30.4,35.2867348,NA,NA,NA,8.028043895,NA,2393.30145,2063.50938,NA,,
2022-09-11,Atlantic,Florida Keys,Dry Tortugas,0,30.6,35.3945365,NA,NA,NA,7.990518897,NA,2384.711235,2076.477366,NA,,
2022-09-11,Atlantic,Florida Keys,Dry Tortugas,0,30.6,35.36570754,NA,NA,NA,7.981758379,NA,2382.724822,2092.007093,NA,,
2022-09-11,Atlantic,Florida Keys,Dry Tortugas,0,30.6,35.29066621,NA,NA,NA,7.968457692,NA,2383.798783,2100.901557,NA,,
2022-09-15,Atlantic,Florida,Florida,0,30.4,35.17403078,NA,NA,NA,8.056762497,NA,2387.039421,2043.874374,NA,,
2022-09-15,Atlantic,Florida,Florida,0,29.9,34.87134331,NA,NA,NA,8.166594166,NA,2377.099518,2053.55539,NA,,
2022-09-16,Atlantic,Florida,Florida,0,29.6,35.47150199,NA,NA,NA,7.601838916,NA,2386.211228,2058.519994,NA,,
2022-10-04,Atlantic,Northwest Gulf of Mexico,Flower Garden Banks National Marine Sanctuary,22.2,28.62,36.59302395,NA,NA,NA,7.966770726,NA,2418.231328,2077.511969,NA,,
2022-10-04,Atlantic,Northwest Gulf of Mexico,Flower Garden Banks National Marine Sanctuary,22.2,29.12,36.64148237,NA,NA,NA,8.005123449,NA,2420.972038,2066.071315,NA,,
2022-10-04,Atlantic,Northwest Gulf of Mexico,Flower Garden Banks National Marine Sanctuary,22.2,28.94,36.56944911,NA,NA,NA,7.998420029,NA,2424.33439,2075.19643,NA,,
2022-10-05,Atlantic,Northwest Gulf of Mexico,Flower Garden Banks National Marine Sanctuary,22.2,28.75,36.67457234,NA,NA,NA,8.037335952,NA,2423.832366,2081.050507,NA,,
2022-10-05,Atlantic,Northwest Gulf of Mexico,Flower Garden Banks National Marine Sanctuary,22.2,28.81,36.68862984,NA,NA,NA,7.96112871,NA,2411.197923,2087.599946,NA,,
2022-10-05,Atlantic,Northwest Gulf of Mexico,Flower Garden Banks National Marine Sanctuary,22.2,28.88,36.70696463,NA,NA,NA,8.015406612,NA,2411.535832,2096.142294,NA,,
2022-10-05,Atlantic,Northwest Gulf of Mexico,Flower Garden Banks National Marine Sanctuary,22.2,28.88,36.70041652,NA,NA,NA,7.968369996,NA,2418.419173,2084.748166,NA,,
2022-10-05,Atlantic,Northwest Gulf of Mexico,Flower Garden Banks National Marine Sanctuary,22.2,28.94,36.72398963,NA,NA,NA,7.912318088,NA,2399.012602,2082.716947,NA,,
2022-10-05,Atlantic,Northwest Gulf of Mexico,Flower Garden Banks National Marine Sanctuary,22.2,29.12,36.74398231,NA,NA,NA,8.098756274,NA,2416.653948,2075.692589,NA,,
2022-10-05,Atlantic,Northwest Gulf of Mexico,Flower Garden Banks National Marine Sanctuary,22.2,28.81,36.66374661,NA,NA,NA,8.1481269180000009,NA,2412.946026,2079.639495,NA,,
2022-10-06,Atlantic,Northwest Gulf of Mexico,Flower Garden Banks National Marine Sanctuary,22.2,28.38,36.59302395,NA,NA,NA,8.043927871,NA,2405.509871,2098.944504,NA,,
2022-10-06,Atlantic,Northwest Gulf of Mexico,Flower Garden Banks National Marine Sanctuary,22.2,28.06,36.60123057,NA,NA,NA,8.017681824,NA,2412.144162,2089.065259,NA,,
2022-10-06,Atlantic,Northwest Gulf of Mexico,Flower Garden Banks National Marine Sanctuary,22.2,27.94,36.63755336,NA,NA,NA,8.05593749,NA,2408.532239,2095.277053,NA,,
2022-10-06,Atlantic,Northwest Gulf of Mexico,Flower Garden Banks National Marine Sanctuary,22.2,28.25,36.59826276,NA,NA,NA,8.023989871,NA,2417.461036,2086.24421,NA,,
2022-10-06,Atlantic,Northwest Gulf of Mexico,Flower Garden Banks National Marine Sanctuary,22.2,28.19,36.61074688,NA,NA,NA,8.007209737,NA,2404.398413,2086.532661,NA,,
2022-10-06,Atlantic,Northwest Gulf of Mexico,Flower Garden Banks National Marine Sanctuary,22.2,28.31,36.59171425,NA,NA,NA,8.0499627,NA,2411.1505,2070.130865,NA,,
2022-10-06,Atlantic,Northwest Gulf of Mexico,Flower Garden Banks National Marine Sanctuary,22.2,28.19,36.61921786,NA,NA,NA,8.093041854,NA,2410.21677,2077.094092,NA,,
2022-10-07,Atlantic,Northwest Gulf of Mexico,Flower Garden Banks National Marine Sanctuary,22.2,28,36.57206855,NA,NA,NA,8.00620928,NA,2401.714575,2104.685613,NA,,
2022-10-07,Atlantic,Northwest Gulf of Mexico,Flower Garden Banks National Marine Sanctuary,22.2,28.06,36.59075292,NA,NA,NA,7.961192031,NA,2399.486222,2115.450546,NA,,
2022-10-07,Atlantic,Northwest Gulf of Mexico,Flower Garden Banks National Marine Sanctuary,22.2,28,36.52526627,NA,NA,NA,7.987202442,NA,2416.565598,2091.655288,NA,,
2022-10-07,Atlantic,Northwest Gulf of Mexico,Flower Garden Banks National Marine Sanctuary,22.2,27.94,36.64410171,NA,NA,NA,7.945846474,NA,2412.918376,2089.617942,NA,,
2022-10-08,Atlantic,Florida,Upper Keys,0,27.708,35.13925602,NA,NA,NA,8.02835119,NA,2395.672045,2111.604084,NA,,
2022-10-08,Atlantic,Florida,Upper Keys,0,27.989,35.60811879,NA,NA,NA,8.04294393,NA,2390.765299,2090.903358,NA,,
2022-10-08,Atlantic,Florida,Upper Keys,0,28.56,35.71031497,NA,NA,NA,8.04507161,NA,2382.773235,2085.036306,NA,,
2022-10-08,Atlantic,Florida,Upper Keys,0,27.406,35.42301879,NA,NA,NA,7.927943196,NA,2401.557909,2172.664906,NA,,
2022-10-08,Atlantic,Florida,Upper Keys,0,28.053,35.69328267,NA,NA,NA,8.004188214,NA,2393.21881,2121.985462,NA,,
2022-10-08,Atlantic,Florida,Upper Keys,0,28.772,35.63659732,NA,NA,NA,8.043248495,NA,2388.031172,2077.961637,NA,,
2022-10-08,Atlantic,Florida,Upper Keys,0,28.892,35.754964,NA,NA,NA,8.041710738,NA,2375.295891,2075.686655,NA,,
2022-10-08,Atlantic,Florida,Upper Keys,0,28.812,35.66576862,NA,NA,NA,8.047158958,NA,2380.146021,2084.757204,NA,,
2022-10-08,Atlantic,Florida,Upper Keys,0,27.927,35.27907144,NA,NA,NA,7.942209481,NA,2397.723246,2163.386718,NA,,
2022-10-08,Atlantic,Florida,Upper Keys,0,28.465,35.66183801,NA,NA,NA,8.010143372,NA,2377.341756,2107.493659,NA,,
2022-10-08,Atlantic,Florida,Upper Keys,0,28.881,35.67494001,NA,NA,NA,8.027338768,NA,2375.365631,2094.868797,NA,,
2022-10-08,Atlantic,Florida,Upper Keys,0,28.42,35.28183888,NA,NA,NA,8.009188536,NA,2384.28659,2112.663587,NA,,
2022-10-08,Atlantic,Florida,Upper Keys,0,28.202,34.24616621,NA,NA,NA,7.981010911,NA,2387.690133,2150.346173,NA,,
2022-10-08,Atlantic,Florida,Middle Keys,0,28.4308,35.3971573,NA,NA,NA,8.013262974,NA,2384.777309,2119.421625,NA,,
2022-10-08,Atlantic,Florida,Middle Keys,0,28.261,35.50198592,NA,NA,NA,8.012062994,NA,2410.553094,2127.334574,NA,,
2022-10-08,Atlantic,Florida,Middle Keys,0,28.6211,35.71293531,NA,NA,NA,8.045718731,NA,2379.730413,2088.503587,NA,,
2022-10-08,Atlantic,Florida,Middle Keys,0,28.54703,35.6788706,NA,NA,NA,8.038237983,NA,2375.75844,2085.226292,NA,,
2022-10-08,Atlantic,Florida,Middle Keys,0,28.58786,35.68280117,NA,NA,NA,8.034497977,NA,2377.215554,2085.046421,NA,,
2022-10-09,Atlantic,Florida,Middle Keys,0,28.434,35.55031635,NA,NA,NA,8.038635813,NA,2388.888342,2106.557385,NA,,
2022-10-09,Atlantic,Florida,Middle Keys,0,27.99074,36.44929875,NA,NA,NA,7.89359793,NA,2388.136506,2168.908211,NA,,
2022-10-09,Atlantic,Florida,Middle Keys,0,27.872,35.34439464,NA,NA,NA,7.875647793,NA,2377.919926,2187.689557,NA,,
2022-10-09,Atlantic,Florida,Middle Keys,0,28.119,35.37060307,NA,NA,NA,7.946513395,NA,2361.742918,2145.955421,NA,,
2022-10-09,Atlantic,Florida,Middle Keys,0,28.838,35.59598001,NA,NA,NA,8.049074899,NA,2370.29382,2096.481362,NA,,
2022-10-09,Atlantic,Florida,Middle Keys,0,28.824,35.69197249,NA,NA,NA,8.044568956,NA,2374.82925,2097.546597,NA,,
2022-10-09,Atlantic,Florida,Middle Keys,0,28.54555,35.62384165,NA,NA,NA,8.042828833,NA,2373.265869,2100.639768,NA,,
2022-10-09,Atlantic,Florida,Middle Keys,0,28.661,35.56750076,NA,NA,NA,8.031849378,NA,2373.706192,2104.724643,NA,,
2022-10-09,Atlantic,Florida,Middle Keys,0,27.75957,35.83751212,NA,NA,NA,7.946257359,NA,2326.908742,2118.910347,NA,,
2022-10-09,Atlantic,Florida,Lower Keys,0,27.875,35.38929491,NA,NA,NA,7.863165746,NA,2350.080217,2183.110561,NA,,
2022-10-09,Atlantic,Florida,Lower Keys,0,28.079,35.70603771,NA,NA,NA,7.930111079,NA,2325.214946,2105.838341,NA,,
2022-10-09,Atlantic,Florida,Lower Keys,0,28.44796,35.6054983,NA,NA,NA,8.104505675,NA,2374.744333,2103.490985,NA,,
2022-10-09,Atlantic,Florida,Lower Keys,0,28.938,35.78379075,NA,NA,NA,8.000411954,NA,2383.416201,2109.12122,NA,,
2022-10-09,Atlantic,Florida,Lower Keys,0,28.959,35.77400221,NA,NA,NA,8.003175873,NA,2384.382032,2113.849578,NA,,
2022-10-09,Atlantic,Florida,Lower Keys,0,28.594,35.8152376,NA,NA,NA,7.954811086,NA,2380.624581,2129.969571,NA,,
2022-10-09,Atlantic,Florida,Lower Keys,0,28.761,35.89088477,NA,NA,NA,8.085821395,NA,2385.98716,2112.810018,NA,,
2022-10-09,Atlantic,Florida,Lower Keys,0,28.935,35.81785815,NA,NA,NA,7.965782651,NA,2380.745268,2121.388676,NA,,
2022-10-09,Atlantic,Florida,Lower Keys,0,28.743,35.76772022,NA,NA,NA,8.001077458,NA,2388.987074,2134.182372,NA,,
2022-10-09,Atlantic,Florida,Lower Keys,0,28.295,35.26052518,NA,NA,NA,7.941251471,NA,2330.117505,2125.782545,NA,,
2022-10-12,Atlantic,Florida,Florida,0,28.4,34.76640403,NA,NA,NA,8.028540092,NA,2363.191924,2041.280921,NA,,
2022-10-12,Atlantic,Florida,Florida,0,28.3,34.41147641,NA,NA,NA,7.906128673,NA,2377.808976,2116.501413,NA,,
2022-10-12,Atlantic,Florida,Florida,0,28.3,34.23567503,NA,NA,NA,8.000663945,NA,2418.372517,2110.414939,NA,,
2022-10-13,Atlantic,Florida,Florida Keys,0,29,34.50180561,NA,NA,NA,7.863358277,NA,2406.061422,2262.210818,NA,,
2022-10-13,Atlantic,Florida,Florida Keys,0,28.7,34.69202947,NA,NA,NA,7.916947812,NA,2412.907323,2243.586917,NA,,
2022-10-13,Atlantic,Florida,Florida Keys,0,28.7,34.68285317,NA,NA,NA,7.924617966,NA,2410.493539,2243.41669,NA,,
2022-10-13,Atlantic,Florida,Florida Keys,0,28.7,34.72611247,NA,NA,NA,7.92437089,NA,2412.029172,2159.047665,NA,,
2022-10-13,Atlantic,Florida,Florida Keys,0,28.8,34.77330328,NA,NA,NA,7.909547149,NA,2413.033496,2157.985382,NA,,
2022-10-13,Atlantic,Florida,Florida Keys,0,28.8,34.95325214,NA,NA,NA,7.889229673,NA,2419.726147,2149.534377,NA,,
2022-10-13,Atlantic,Florida,Florida Keys,0,28.9,34.97915685,NA,NA,NA,7.936084239,NA,2420.324218,2150.484666,NA,,
2022-10-13,Atlantic,Florida,Florida Keys,0,28.8,34.87561835,NA,NA,NA,7.92760707,NA,2416.848435,2153.165269,NA,,
2022-10-14,Atlantic,Florida,Florida,0,NA,35.50294987,NA,NA,NA,NA,NA,2367.023155,2052.671218,NA,,
2022-10-14,Atlantic,Florida,Florida,0,28.3,35.51998391,NA,NA,NA,8.01766455,NA,2372.775011,2055.309293,NA,,
2022-10-27,Atlantic,Florida,Florida Keys,0,27.7,36.01404093,NA,NA,NA,7.991004757,NA,2368.456371,2049.482523,NA,,
2022-10-27,Atlantic,Florida,Florida Keys,0,27.6,36.04941402,NA,NA,NA,7.980606705,NA,2375.368562,2052.055472,NA,,
2022-10-27,Atlantic,Florida,Florida Keys,0,27.2,35.87254165,NA,NA,NA,8.131508814,NA,2390.122437,2090.171989,NA,,
2022-10-27,Atlantic,Florida,Florida Keys,0,26.3,35.25528321,NA,NA,NA,7.94692491,NA,2482.220242,2230.583952,NA,,
2022-10-27,Atlantic,Florida,Florida Keys,0,26.3,35.24348872,NA,NA,NA,7.961035869,NA,2484.318243,2238.358224,NA,,
2022-10-27,Atlantic,Florida,Florida Keys,0,26.3,35.21596796,NA,NA,NA,7.910766537,NA,2483.722765,2238.540551,NA,,
2022-10-27,Atlantic,Florida,Florida Keys,0,34.4,35.40783803,NA,NA,NA,7.778012918,NA,2477.776986,2231.639971,NA,,
2022-10-27,Atlantic,Florida,Florida Keys,0,34.3,35.2385926,NA,NA,NA,7.784411067,NA,2482.718387,2230.130865,NA,,
2022-10-27,Atlantic,Florida,Florida Keys,0,34.3,35.22776263,NA,NA,NA,7.836872641,NA,2481.370539,2237.271238,NA,,
2022-10-27,Atlantic,Florida,Florida Keys,0,34.3,35.23204005,NA,NA,NA,7.865947113,NA,2487.871196,2239.17989,NA,,
2022-11-11,Atlantic,Florida,Florida Keys,0,NA,35.50688082,NA,NA,NA,NA,NA,2454.322117,2200.950991,NA,,
2022-11-11,Atlantic,Florida,Florida Keys,0,NA,35.50032923,NA,NA,NA,NA,NA,2441.944686,2200.601678,NA,,
2022-11-11,Atlantic,Florida,Florida Keys,0,NA,35.48757234,NA,NA,NA,NA,NA,2439.002558,2185.094476,NA,,
2022-11-11,Atlantic,Florida,Florida Keys,0,NA,35.5173633,NA,NA,NA,NA,NA,2434.150258,2179.264588,NA,,
2022-11-11,Atlantic,Florida,Florida Keys,0,NA,35.51902001,NA,NA,NA,NA,NA,2434.076546,2181.863697,NA,,
2022-11-11,Atlantic,Florida,Florida Keys,0,NA,35.49508795,NA,NA,NA,NA,NA,2451.639837,2198.334292,NA,,
2022-11-23,Atlantic,Florida,Florida Keys,0,27.3,36.02617941,NA,NA,NA,8.029124287,NA,2349.149324,2060.471025,NA,,
2022-11-23,Atlantic,Florida,Florida Keys,0,27.2,36.0136936,NA,NA,NA,8.039089532,NA,2346.279619,2060.403824,NA,,
2022-11-23,Atlantic,Florida,Florida Keys,0,25.5,35.29066621,NA,NA,NA,7.910968998,NA,2446.064137,2241.606779,NA,,
2022-11-23,Atlantic,Florida,Florida Keys,0,25.4,34.99454983,NA,NA,NA,7.888760548,NA,2473.930946,2288.44256,NA,,
2022-11-23,Atlantic,Florida,Florida Keys,0,25.4,35.04163604,NA,NA,NA,7.916952023,NA,2466.957975,2290.230248,NA,,
2022-11-23,Atlantic,Florida,Florida Keys,0,25.4,34.94828677,NA,NA,NA,7.853551467,NA,2483.651277,2288.862896,NA,,
2022-11-23,Atlantic,Florida,Florida Keys,0,25.4,34.95090666,NA,NA,NA,7.873678493,NA,2471.968877,2290.775125,NA,,
2022-11-23,Atlantic,Florida,Florida Keys,0,25.4,34.93718749,NA,NA,NA,7.85260768,NA,2474.847743,2290.145725,NA,,
2022-11-23,Atlantic,Florida,Florida Keys,0,25,34.94601203,NA,NA,NA,7.854386237,NA,2475.492162,2289.091674,NA,,
2022-11-23,Atlantic,Florida,Florida Keys,0,25.7,35.01443816,NA,NA,NA,7.859350351,NA,2472.742179,2284.006629,NA,,
2022-11-23,Atlantic,Florida,Florida Keys,0,25.9,34.68547497,NA,NA,NA,7.887949297,NA,2466.018737,2293.908435,NA,,
2022-12-04,Atlantic,Florida,Florida Keys,0,24.3,34.57273404,NA,NA,NA,7.92335683,NA,2476.594862,2278.890337,NA,,
2022-12-04,Atlantic,Florida,Florida Keys,0,24.3,34.58943199,NA,NA,NA,8.032851222,NA,2479.093425,2277.92401,NA,,
2022-12-04,Atlantic,Florida,Florida Keys,0,24.8,34.66581135,NA,NA,NA,7.877570038,NA,2475.777109,2271.394383,NA,,
2022-12-04,Atlantic,Florida,Florida Keys,0,24.9,34.70155065,NA,NA,NA,7.920325977,NA,2474.318989,2270.439496,NA,,
2022-12-04,Atlantic,Florida,Florida Keys,0,24.9,34.67333195,NA,NA,NA,7.906192785,NA,2476.423112,2269.729903,NA,,
2022-12-04,Atlantic,Florida,Florida Keys,0,24.8,34.60716399,NA,NA,NA,7.852972005,NA,2476.983909,2278.730453,NA,,
2022-12-04,Atlantic,Florida,Florida Keys,0,24.8,34.52947117,NA,NA,NA,7.882190454,NA,2478.995424,2283.574108,NA,,
2022-12-04,Atlantic,Florida,Florida Keys,0,24.5,34.60254161,NA,NA,NA,8.007539599,NA,2504.263947,2307.398921,NA,,
2022-12-04,Atlantic,Florida,Florida Keys,0,25.1,35.36929266,NA,NA,NA,7.995508218,NA,2430.835394,2212.394822,NA,,
2022-12-04,Atlantic,Florida,Florida Keys,0,26.4,36.12146817,NA,NA,NA,7.92873023,NA,2363.425691,2079.488653,NA,,
2022-12-04,Atlantic,Florida,Florida Keys,0,26.8,36.14670651,NA,NA,NA,8.258486295,NA,2358.509358,2066.100254,NA,,
2022-12-08,Atlantic,Florida,Lower Keys,0,25.716,36.24888622,NA,NA,NA,7.999431632,NA,2378.719551,2128.70894,NA,,
2022-12-08,Atlantic,Florida,Lower Keys,0,26.742,36.15718675,NA,NA,NA,8.021572209,NA,2347.983784,2076.977826,NA,,
2022-12-08,Atlantic,Florida,Lower Keys,0,26.924,36.08216626,NA,NA,NA,8.040539916,NA,2355.288193,2069.807291,NA,,
2022-12-08,Atlantic,Florida,Lower Keys,0,26.93,36.12574586,NA,NA,NA,8.051237144,NA,2362.269236,2075.821939,NA,,
2022-12-08,Atlantic,Florida,Lower Keys,0,26.67873,36.08251373,NA,NA,NA,8.079431861,NA,2352.632888,2070.972552,NA,,
2022-12-08,Atlantic,Florida,Lower Keys,0,27.013,36.22661677,NA,NA,NA,8.022490287,NA,2361.224708,2075.318313,NA,,
2022-12-08,Atlantic,Florida,Lower Keys,0,26.751,36.05500184,NA,NA,NA,8.048237479,NA,2350.547536,2066.231519,NA,,
2022-12-08,Atlantic,Florida,Lower Keys,0,26.039,36.24853845,NA,NA,NA,8.039999253,NA,2380.685248,2110.707416,NA,,
2022-12-08,Atlantic,Florida,Lower Keys,0,25.8,36.40345472,NA,NA,NA,8.104243566,NA,2386.763545,2117.833671,NA,,
2022-12-09,Atlantic,Florida,Middle Keys,0,25.021,36.52526627,NA,NA,NA,8.056250524,NA,2431.290518,2168.035655,NA,,
2022-12-09,Atlantic,Florida,Middle Keys,0,26.249,36.21351697,NA,NA,NA,8.092667911,NA,2361.129721,2079.854755,NA,,
2022-12-09,Atlantic,Florida,Middle Keys,0,26.758,36.07430578,NA,NA,NA,8.042123926,NA,2356.867559,2069.375809,NA,,
2022-12-09,Atlantic,Florida,Middle Keys,0,27.092,36.12312576,NA,NA,NA,8.041452509,NA,2361.238511,2074.228167,NA,,
2022-12-09,Atlantic,Florida,Middle Keys,0,27.028,36.02617941,NA,NA,NA,8.051778173,NA,2354.496322,2070.219995,NA,,
2022-12-09,Atlantic,Florida,Middle Keys,0,26.511,36.10609502,NA,NA,NA,8.058506261,NA,2356.470573,2066.103548,NA,,
2022-12-09,Atlantic,Florida,Middle Keys,0,25.503,36.12042562,NA,NA,NA,8.014202039,NA,2377.935641,2099.235186,NA,,
2022-12-09,Atlantic,Florida,Middle Keys,0,24.848,35.49805496,NA,NA,NA,7.959002032,NA,2441.643009,2205.134676,NA,,
2022-12-09,Atlantic,Florida,Middle Keys,0,25.323,35.8034451,NA,NA,NA,7.96341469,NA,2429.997074,2160.079804,NA,,
2022-12-09,Atlantic,Florida,Middle Keys,0,26.858,36.05631194,NA,NA,NA,8.008074306,NA,2359.158532,2065.138385,NA,,
2022-12-09,Atlantic,Florida,Middle Keys,0,26.904,36.16242684,NA,NA,NA,8.072299382,NA,2357.007061,2070.495322,NA,,
2022-12-09,Atlantic,Florida,Middle Keys,0,26.872,36.07334315,NA,NA,NA,8.058956879,NA,2349.674256,2063.694015,NA,,
2022-12-09,Atlantic,Florida,Middle Keys,0,26.259,36.14146637,NA,NA,NA,8.063426832,NA,2367.198872,2085.087226,NA,,
2022-12-09,Atlantic,Florida,Middle Keys,0,24.63,35.4161207,NA,NA,NA,8.009445491,NA,2447.980238,2218.380028,NA,,
2022-12-09,Atlantic,Florida,Upper Keys,0,24.587,34.69727304,NA,NA,NA,7.98191137,NA,2480.698743,2262.14526,NA,,
2022-12-09,Atlantic,Florida,Upper Keys,0,25.796,36.1218157,NA,NA,NA,8.045397343,NA,2372.31621,2078.754849,NA,,
2022-12-09,Atlantic,Florida,Upper Keys,0,26.994,36.06286242,NA,NA,NA,8.038938884,NA,2351.423613,2069.565313,NA,,
2022-12-09,Atlantic,Florida,Upper Keys,0,27.395,36.03797046,NA,NA,NA,8.014725833,NA,2349.833299,2062.956299,NA,,
2022-12-09,Atlantic,Florida,Upper Keys,0,27.031,36.07037552,NA,NA,NA,8.100481298,NA,2352.887147,2073.478165,NA,,
2022-12-09,Atlantic,Florida,Upper Keys,0,26.565,36.12574586,NA,NA,NA,8.06723675,NA,2358.969639,2085.663999,NA,,
2022-12-09,Atlantic,Florida,Upper Keys,0,26.864,36.0795461,NA,NA,NA,8.048898214,NA,2351.463592,2069.025216,NA,,
2022-12-09,Atlantic,Florida,Upper Keys,0,24.663,35.68603835,NA,NA,NA,7.980378943,NA,2401.611615,2163.827404,NA,,
2022-12-09,Atlantic,Florida,Upper Keys,0,24.333,34.03239672,NA,NA,NA,7.942559737,NA,2472.972463,2266.932494,NA,,
2022-12-09,Atlantic,Florida,Upper Keys,0,24.576,35.05604471,NA,NA,NA,7.906777656,NA,2408.543276,2217.642877,NA,,
2022-12-09,Atlantic,Florida,Upper Keys,0,26.157,36.129676,NA,NA,NA,8.008147579,NA,2359.672438,2074.456708,NA,,
2022-12-09,Atlantic,Florida,Upper Keys,0,27.136,36.03762307,NA,NA,NA,8.001487813,NA,2355.104811,2080.603827,NA,,
2022-12-09,Atlantic,Florida,Upper Keys,0,27.026,36.11884807,NA,NA,NA,8.099161403,NA,2360.995636,2071.945642,NA,,
2022-12-09,Atlantic,Florida,Upper Keys,0,26.255,35.92398707,NA,NA,NA,8.046114297,NA,2364.766877,2084.382379,NA,,
2022-12-09,Atlantic,Florida,Upper Keys,0,26.049,35.41550274,NA,NA,NA,7.983950986,NA,2385.680571,2122.533185,NA,,
2022-12-18,Atlantic,Florida,Florida Keys,0,25.4,35.78379075,NA,NA,NA,7.883963302,NA,2416.742966,2179.836558,NA,,
2022-12-18,Atlantic,Florida,Florida Keys,0,25.3,35.79689367,NA,NA,NA,7.938326701,NA,2418.613749,2182.764767,NA,,
2022-12-18,Atlantic,Florida,Florida Keys,0,25.3,35.77330835,NA,NA,NA,7.929566688,NA,2414.600217,2183.623384,NA,,
2022-12-18,Atlantic,Florida,Florida Keys,0,25.4,35.79916729,NA,NA,NA,7.94371919,NA,2416.217059,2176.905133,NA,,
2022-12-18,Atlantic,Florida,Florida Keys,0,25.4,35.8109598,NA,NA,NA,7.892315561,NA,2415.476582,2193.373893,NA,,
2022-12-18,Atlantic,Florida,Florida Keys,0,25.4,35.82275223,NA,NA,NA,8.015822291,NA,2417.079872,2176.055591,NA,,
2022-12-18,Atlantic,Florida,Florida Keys,0,25.4,35.77296144,NA,NA,NA,8.010938688,NA,2418.229963,2177.047485,NA,,
2008-04-07,Pacific,Pacific Remote Islands Area,Kingman Reef,21.95,NA,34.8508,NA,NA,NA,NA,NA,2267.6,1976.3,NA,,
2008-04-06,Pacific,Pacific Remote Islands Area,Kingman Reef,8.9,NA,34.8891,NA,NA,NA,NA,NA,2270.5,1978.3,NA,,
2006-02-28,Pacific,American Samoa,Ofu and Olosega Islands,1,NA,34.708,NA,NA,NA,NA,NA,2271.6,1920.8,NA,,
2008-04-05,Pacific,Pacific Remote Islands Area,Kingman Reef,1,NA,34.8662,NA,NA,NA,NA,NA,2271.8,1993.9,NA,,
2006-02-28,Pacific,American Samoa,Ofu and Olosega Islands,30,NA,34.727,NA,NA,NA,NA,NA,2274.5,1922.9,NA,,
2008-04-07,Pacific,Pacific Remote Islands Area,Kingman Reef,17.4,NA,34.86,NA,NA,NA,NA,NA,2282,1981.2,NA,,
2015-03-28,Pacific,American Samoa,Tutuila,14,NA,NA,NA,NA,NA,NA,NA,2282.1,1952.5,NA,,
2008-10-09,Pacific,Hawaiian Archipelago,French Frigate Shoals,9.1,NA,35.381,NA,NA,NA,NA,NA,2282.9,1978.4,NA,,
2008-10-09,Pacific,Hawaiian Archipelago,French Frigate Shoals,9.1,NA,35.3563,NA,NA,NA,NA,NA,2283.6,1978.8,NA,,
2008-04-06,Pacific,Pacific Remote Islands Area,Kingman Reef,0.3,NA,34.8569,NA,NA,NA,NA,NA,2287.4,1984.6,NA,,
2008-04-08,Pacific,Pacific Remote Islands Area,Kingman Reef,9.45,NA,34.857,NA,NA,NA,NA,NA,2288,1985.2,NA,,
2013-08-11,Pacific,Hawaiian Archipelago,Molokai,13.7,NA,34.997,NA,NA,NA,NA,NA,2288.26,1987.103224,NA,,
2013-08-07,Pacific,Hawaiian Archipelago,Hawai'i (Big Island),13.7,NA,34.547,NA,NA,NA,NA,NA,2293.43,1995.458535,NA,,
2013-08-11,Pacific,Hawaiian Archipelago,Molokai,13.1,NA,34.757,NA,NA,NA,NA,NA,2294.72,2010.166895,NA,,
2008-03-14,Pacific,American Samoa,Rose Atoll,7.9,NA,35.0264,NA,NA,NA,NA,NA,2297.7,1943.9,NA,,
2013-08-09,Pacific,Hawaiian Archipelago,Maui,0.9,NA,34.943,NA,NA,NA,NA,NA,2297.96,2000.30676,NA,,
2013-08-09,Pacific,Hawaiian Archipelago,Maui,14.6,NA,35.066,NA,NA,NA,NA,NA,2315.36,2012.789287,NA,,
2013-08-17,Pacific,Hawaiian Archipelago,Niihau,0.9,NA,35.1,NA,NA,NA,NA,NA,2317.58,1996.842058,NA,,
2017-04-11,Pacific,Pacific Remote Islands Area,Baker Island,13.7,28.0449,35.0631,NA,NA,NA,7.846323485,NA,2238.9,2026.2,NA,,
2018-07-31,Pacific,Pacific Remote Islands Area,Jarvis Island,1,28.13995,35.128,NA,NA,NA,7.939392821,NA,2303.9,2036.9,NA,,
2017-04-05,Pacific,Pacific Remote Islands Area,Jarvis Island,0.9,26.9162,35.1347,NA,NA,NA,7.946335172,NA,2304.4,2043.5,NA,,
2017-04-10,Pacific,Pacific Remote Islands Area,Baker Island,14,27.9158,35.0611,NA,NA,NA,7.955944912,NA,2307.3,2032.8,NA,,
2017-04-12,Pacific,Pacific Remote Islands Area,Howland Island,13.7,27.9577,35.051,NA,NA,NA,7.962120862,NA,2306.3,2028.1,NA,,
2017-04-11,Pacific,Pacific Remote Islands Area,Howland Island,13.7,27.7184,35.061,NA,NA,NA,7.964189576,NA,2297.7,2021,NA,,
2017-04-12,Pacific,Pacific Remote Islands Area,Howland Island,14,27.9477,35.0581,NA,NA,NA,7.96441216,NA,2304.2,2024.9,NA,,
2017-04-03,Pacific,Pacific Remote Islands Area,Jarvis Island,8.8,26.8178,35.1031,NA,NA,NA,7.968689193,NA,2308.7,2035.9,NA,,
2017-04-05,Pacific,Pacific Remote Islands Area,Jarvis Island,15.2,26.9162,35.1347,NA,NA,NA,7.96887089,NA,2321.1,2046,NA,,
2018-07-30,Pacific,Pacific Remote Islands Area,Jarvis Island,1,28.133475,35.252875,NA,NA,NA,7.974163505,NA,2317.5,2028.7,NA,,
2017-04-11,Pacific,Pacific Remote Islands Area,Baker Island,0.9,28.1105,35.0711,NA,NA,NA,7.975125928,NA,2306.6,2019.7,NA,,
2018-07-30,Pacific,Pacific Remote Islands Area,Jarvis Island,1,28.14035,35.261,NA,NA,NA,7.975619144,NA,2319,2029.1,NA,,
2017-04-11,Pacific,Pacific Remote Islands Area,Howland Island,0.9,27.7184,35.061,NA,NA,NA,7.978196416,NA,2300.5,2015.8,NA,,
2017-04-11,Pacific,Pacific Remote Islands Area,Baker Island,0.9,28.0449,35.0631,NA,NA,NA,7.980844553,NA,2291.9,2003.6,NA,,
2017-04-12,Pacific,Pacific Remote Islands Area,Howland Island,0.9,28.1011,35.0314,NA,NA,NA,7.983467034,NA,2305.6,2014.3,NA,,
2017-04-12,Pacific,Pacific Remote Islands Area,Howland Island,0.9,27.9477,35.0581,NA,NA,NA,7.984799307,NA,2306.3,2015.3,NA,,
2017-04-10,Pacific,Pacific Remote Islands Area,Baker Island,0.9,27.9158,35.0611,NA,NA,NA,7.986722287,NA,2283.1,1993.3,NA,,
2017-04-12,Pacific,Pacific Remote Islands Area,Howland Island,0.9,27.9577,35.051,NA,NA,NA,7.997707709,NA,2302.7,2004.4,NA,,
2017-05-02,Pacific,Guam and Marianas Islands,Guam,12.8,29.1359,34.1797,NA,NA,NA,8.013788757,NA,2225.7,1921,NA,,
2017-06-06,Pacific,Guam and Marianas Islands,Asuncion Island,12.5,30.1903,34.718,NA,NA,NA,8.015889284,NA,2282.9,1957.6,NA,,
2017-06-05,Pacific,Guam and Marianas Islands,Asuncion Island,10.1,29.919,34.733,NA,NA,NA,8.01935737,NA,2285.8,1960.5,NA,,
2017-06-07,Pacific,Guam and Marianas Islands,Asuncion Island,11.6,30.4598,34.6302,NA,NA,NA,8.019941547,NA,2280.8,1951.4,NA,,
2017-06-06,Pacific,Guam and Marianas Islands,Asuncion Island,14,29.9032,34.7113,NA,NA,NA,8.020019981,NA,2281.1,1956.1,NA,,
2017-06-06,Pacific,Guam and Marianas Islands,Asuncion Island,13.7,30.4049,34.7413,NA,NA,NA,8.021107104,NA,2280.4,1949.9,NA,,
2018-08-06,Pacific,Pacific Remote Islands Area,Palmyra Atoll,1,29.970475,34.256825,NA,NA,NA,8.021580154,NA,2251.9,1932.1,NA,,
2018-08-03,Pacific,Pacific Remote Islands Area,Palmyra Atoll,1,29.6869,34.2762,NA,NA,NA,8.028216324,NA,2253.7,1932.1,NA,,
2018-08-04,Pacific,Pacific Remote Islands Area,Palmyra Atoll,1,29.624325,34.5094,NA,NA,NA,8.031870975,NA,2270.3,1943.5,NA,,
2018-08-07,Pacific,Pacific Remote Islands Area,Palmyra Atoll,1,29.517125,34.255425,NA,NA,NA,8.033146515,NA,2252.7,1929.9,NA,,
2017-05-05,Pacific,Guam and Marianas Islands,Guam,6.1,29.3131,34.1367,NA,NA,NA,8.036446179,NA,2238.7,1918,NA,,
2018-08-10,Pacific,Pacific Remote Islands Area,Kingman Reef,1,29.484775,34.246875,NA,NA,NA,8.037560769,NA,2254.2,1928.9,NA,,
2018-08-09,Pacific,Pacific Remote Islands Area,Kingman Reef,1,29.561775,34.14965,NA,NA,NA,8.037600263,NA,2244.8,1920.5,NA,,
2017-05-04,Pacific,Guam and Marianas Islands,Guam,13.1,29.2533,34.1812,NA,NA,NA,8.040121273,NA,2238.8,1915.9,NA,,
2017-05-04,Pacific,Guam and Marianas Islands,Guam,0.9,29.373,34.1627,NA,NA,NA,8.040997188,NA,2244.3,1919.6,NA,,
2017-05-19,Pacific,Guam and Marianas Islands,Tinian,15.8,29.2916,34.2513,NA,NA,NA,8.0468498,NA,2268.7,1937.6,NA,,
2017-04-20,Pacific,Pacific Remote Islands Area,Wake Atoll,13.4,27.9041,34.682,NA,NA,NA,8.050094463,NA,2303.4,1976.3,NA,,
2017-05-04,Pacific,Guam and Marianas Islands,Guam,0.9,29.2533,34.1812,NA,NA,NA,8.05052687,NA,2220.2,1893.1,NA,,
2017-04-22,Pacific,Pacific Remote Islands Area,Wake Atoll,0.9,27.9412,34.7257,NA,NA,NA,8.052013971,NA,2288.4,1961.2,NA,,
2017-04-20,Pacific,Pacific Remote Islands Area,Wake Atoll,13.4,27.3067,34.9234,NA,NA,NA,8.053547306,NA,2298.7,1973.6,NA,,
2017-04-19,Pacific,Pacific Remote Islands Area,Wake Atoll,12.8,27.351,35.0193,NA,NA,NA,8.053712458,NA,2296.2,1970.1,NA,,
2017-04-21,Pacific,Pacific Remote Islands Area,Wake Atoll,14.6,27.4102,34.9724,NA,NA,NA,8.054691226,NA,2296.9,1969.9,NA,,
2017-05-05,Pacific,Guam and Marianas Islands,Guam,13.1,29.4079,34.1495,NA,NA,NA,8.054909194,NA,2243.6,1909.9,NA,,
2017-04-22,Pacific,Pacific Remote Islands Area,Wake Atoll,13.7,27.5445,35.0263,NA,NA,NA,8.055430249,NA,2297.7,1968.5,NA,,
2017-04-19,Pacific,Pacific Remote Islands Area,Wake Atoll,0.9,27.6247,34.819,NA,NA,NA,8.055574018,NA,2292.4,1964.8,NA,,
2017-04-21,Pacific,Pacific Remote Islands Area,Wake Atoll,0.9,27.4102,34.9724,NA,NA,NA,8.055985847,NA,2300.7,1972.8,NA,,
2017-04-21,Pacific,Pacific Remote Islands Area,Wake Atoll,0.9,27.2872,35.0352,NA,NA,NA,8.056019349,NA,2307,1979.1,NA,,
2017-04-20,Pacific,Pacific Remote Islands Area,Wake Atoll,0.9,27.3067,34.9234,NA,NA,NA,8.057372559,NA,2300.6,1973.2,NA,,
2017-04-20,Pacific,Pacific Remote Islands Area,Wake Atoll,0.9,27.5537,34.8864,NA,NA,NA,8.062140943,NA,2300.6,1968.2,NA,,
2018-07-12,Pacific,American Samoa,Ta'u,1,28.19135,35.270375,NA,NA,NA,8.063498638,NA,2317.7,1973.5,NA,,
2018-07-10,Pacific,American Samoa,Ofu and Olosega Islands,1,28.633475,35.250775,NA,NA,NA,8.065541088,NA,2323.8,1973.5,NA,,
2018-07-05,Pacific,American Samoa,Tutuila,1,28.5476,35.215125,NA,NA,NA,8.068858338,NA,2317.1,1966.5,NA,,
2017-04-22,Pacific,Pacific Remote Islands Area,Wake Atoll,0.9,27.5445,35.0263,NA,NA,NA,8.069087198,NA,2300.6,1962.8,NA,,
2018-07-07,Pacific,American Samoa,Tutuila,1,28.19695,35.150175,NA,NA,NA,8.072108997,NA,2311.9,1963.7,NA,,
2017-04-19,Pacific,Pacific Remote Islands Area,Wake Atoll,0.9,27.351,35.0193,NA,NA,NA,8.07933079,NA,2286.5,1945.6,NA,,
2017-04-20,Pacific,Pacific Remote Islands Area,Wake Atoll,0.9,27.9041,34.682,NA,NA,NA,8.088486309,NA,2298.3,1947.7,NA,,
2017-05-04,Pacific,Guam and Marianas Islands,Guam,0.9,29.2533,34.1812,NA,NA,NA,8.109550994,NA,2192.1,1831,NA,,
2010-04-12,Pacific,Pacific Remote Islands Area,Palmyra Atoll,0.9,NA,34.89,NA,NA,NA,NA,NA,2237,1915.3,NA,,
2010-04-12,Pacific,Pacific Remote Islands Area,Palmyra Atoll,5.5,NA,34.893,NA,NA,NA,NA,NA,2246.6,1943.6,NA,,
2010-04-12,Pacific,Pacific Remote Islands Area,Palmyra Atoll,3.7,NA,34.898,NA,NA,NA,NA,NA,2237.6,1914.5,NA,,
2010-04-12,Pacific,Pacific Remote Islands Area,Palmyra Atoll,0.9,NA,34.913,NA,NA,NA,NA,NA,2248.3,1943.5,NA,,
2016-05-23,Pacific,Pacific Remote Islands Area,Jarvis Island,13.7,23.2866,35.3246,NA,NA,NA,7.956568356,NA,2319.6,2079.5,NA,,
2019-04-27,Pacific,Hawaiian Archipelago,Maui,1,23.61270943,34.7187434,NA,NA,NA,8.062413905,NA,2289.8,1995.4,NA,,
2019-04-27,Pacific,Hawaiian Archipelago,Maui,1,23.62047826,34.38855217,NA,NA,NA,8.024716772,NA,2275.1,2005.6,NA,,
2019-04-27,Pacific,Hawaiian Archipelago,Maui,1,23.72320202,34.66016356,NA,NA,NA,8.05975587,NA,2285.4,1992.4,NA,,
2019-04-27,Pacific,Hawaiian Archipelago,Maui,1,23.77320235,34.40568706,NA,NA,NA,8.049546834,NA,2278.4,1993.3,NA,,
2019-04-27,Pacific,Hawaiian Archipelago,Maui,1,23.877114,34.609228,NA,NA,NA,8.068708881,NA,2285.5,1986.3,NA,,
2019-04-28,Pacific,Hawaiian Archipelago,Maui,1,23.87848098,34.71947362,NA,NA,NA,8.078840802,NA,2280.1,1974.6,NA,,
2013-07-14,Pacific,Hawaiian Archipelago,Kure Atoll,14.9,23.8942,35.2768,NA,NA,NA,8.064712952,NA,2315.22,2010.231193,NA,,
2016-05-23,Pacific,Pacific Remote Islands Area,Jarvis Island,0.9,23.9123,35.4601,NA,NA,NA,7.958287354,NA,2319,2072.5,NA,,
2014-04-28,Pacific,Guam and Marianas Islands,Maug,14.9,24.0651,35.1268,NA,NA,NA,8.08210342,NA,2302.4,1987.8,NA,,
2008-03-28,Pacific,Pacific Remote Islands Area,Jarvis Island,15.24,24.1107,35.2902,NA,NA,NA,7.970654618,NA,2318.9,2065.1,NA,,
2008-03-28,Pacific,Pacific Remote Islands Area,Jarvis Island,15.24,24.1136,35.291,NA,NA,NA,7.969136638,NA,2315.5,2062.7,NA,,
2008-03-28,Pacific,Pacific Remote Islands Area,Jarvis Island,15.24,24.1364,35.265,NA,NA,NA,7.969056325,NA,2319.3,2066.2,NA,,
2008-03-29,Pacific,Pacific Remote Islands Area,Jarvis Island,10,24.1811,35.246,NA,NA,NA,7.966576041,NA,2314.7,2063.2,NA,,
2008-03-29,Pacific,Pacific Remote Islands Area,Jarvis Island,10,24.1811,35.243,NA,NA,NA,7.978578712,NA,2320.1,2061.7,NA,,
2019-04-28,Pacific,Hawaiian Archipelago,Molokai,1,24.22380263,34.66804211,NA,NA,NA,8.058001152,NA,2286.2,1989.7,NA,,
2008-03-28,Pacific,Pacific Remote Islands Area,Jarvis Island,13,24.2248,35.2843,NA,NA,NA,7.970218156,NA,2318.8,2064.4,NA,,
2008-03-28,Pacific,Pacific Remote Islands Area,Jarvis Island,14.5,24.2249,35.264,NA,NA,NA,7.962227704,NA,2316.7,2066.8,NA,,
2008-03-28,Pacific,Pacific Remote Islands Area,Jarvis Island,4.2,24.229,35.26,NA,NA,NA,7.979250724,NA,2321.4,2062.2,NA,,
2008-03-28,Pacific,Pacific Remote Islands Area,Jarvis Island,13.72,24.2407,35.2889,NA,NA,NA,7.967639887,NA,2318.9,2065.6,NA,,
2019-04-28,Pacific,Hawaiian Archipelago,Molokai,1,24.24993097,34.66315929,NA,NA,NA,8.055060029,NA,2278.7,1984.4,NA,,
2019-04-28,Pacific,Hawaiian Archipelago,Molokai,1,24.31159661,34.6737122,NA,NA,NA,8.040826696,NA,2279.7,1992.9,NA,,
2008-03-28,Pacific,Pacific Remote Islands Area,Jarvis Island,13.72,24.3137,35.2727,NA,NA,NA,7.973328357,NA,2320.7,2063.7,NA,,
2008-03-28,Pacific,Pacific Remote Islands Area,Jarvis Island,1.8,24.3206,35.261,NA,NA,NA,7.970271326,NA,2324.4,2069,NA,,
2008-03-28,Pacific,Pacific Remote Islands Area,Jarvis Island,13.2,24.3233,35.2819,NA,NA,NA,7.96621185,NA,2320.7,2067.5,NA,,
2008-03-28,Pacific,Pacific Remote Islands Area,Jarvis Island,1.5,24.3801,35.242,NA,NA,NA,7.976710488,NA,2323,2063.9,NA,,
2008-03-28,Pacific,Pacific Remote Islands Area,Jarvis Island,1.5,24.3801,35.242,NA,NA,NA,7.983769592,NA,2321.7,2058.9,NA,,
2008-03-29,Pacific,Pacific Remote Islands Area,Jarvis Island,10,24.3846,35.238,NA,NA,NA,7.961761609,NA,2318.1,2067.3,NA,,
2013-07-14,Pacific,Hawaiian Archipelago,Kure Atoll,15.2,24.3983,35.2175,NA,NA,NA,8.025801144,NA,2308.81,2023.197917,NA,,
2014-05-04,Pacific,Guam and Marianas Islands,Maug,14,24.3987,35.0941,NA,NA,NA,8.081596328,NA,2297.6,1981,NA,,
2019-04-28,Pacific,Hawaiian Archipelago,Molokai,1,24.48597619,34.67602993,NA,NA,NA,8.050527192,NA,2281.7,1987.6,NA,,
2019-04-29,Pacific,Hawaiian Archipelago,Molokai,1,24.53185263,34.63576184,NA,NA,NA,8.056128078,NA,2276.6,1979.6,NA,,
2008-03-29,Pacific,Pacific Remote Islands Area,Jarvis Island,10,24.5432,35.232,NA,NA,NA,7.982895917,NA,2323.7,2059.7,NA,,
2019-04-29,Pacific,Hawaiian Archipelago,Molokai,1,24.55269501,34.6833783,NA,NA,NA,8.04809516,NA,2279.2,1986.1,NA,,
2008-03-27,Pacific,Pacific Remote Islands Area,Jarvis Island,12.19,24.5743,35.2664,NA,NA,NA,7.973504465,NA,2317.7,2058.9,NA,,
2019-04-29,Pacific,Hawaiian Archipelago,Molokai,1,24.58686456,34.61280443,NA,NA,NA,8.049616172,NA,2276.3,1982.8,NA,,
2008-03-27,Pacific,Pacific Remote Islands Area,Jarvis Island,12.19,24.5883,35.234,NA,NA,NA,7.985930574,NA,2323.6,2057.5,NA,,
2019-05-07,Pacific,Hawaiian Archipelago,Oahu,1,24.58986774,34.29502258,NA,NA,NA,8.012921893,NA,2287.5,2016.1,NA,,
2008-03-27,Pacific,Pacific Remote Islands Area,Jarvis Island,12.19,24.5954,35.2652,NA,NA,NA,7.96349646,NA,2319.4,2065.6,NA,,
2019-04-29,Pacific,Hawaiian Archipelago,Molokai,1,24.60670377,34.59716604,NA,NA,NA,8.050033051,NA,2276.3,1982.5,NA,,
2008-03-28,Pacific,Pacific Remote Islands Area,Jarvis Island,13.72,24.6398,35.244,NA,NA,NA,7.965774144,NA,2322.6,2067.2,NA,,
2019-04-29,Pacific,Hawaiian Archipelago,Molokai,1,24.64306154,34.65519231,NA,NA,NA,8.048845552,NA,2276.8,1982.9,NA,,
2019-04-30,Pacific,Hawaiian Archipelago,Molokai,1,24.66279659,34.53043864,NA,NA,NA,8.0424334730000009,NA,2272.8,1983.7,NA,,
2008-03-28,Pacific,Pacific Remote Islands Area,Jarvis Island,10,24.6688,35.222,NA,NA,NA,7.96558787,NA,2316,2061.2,NA,,
2008-03-29,Pacific,Pacific Remote Islands Area,Jarvis Island,10,24.6704,35.221,NA,NA,NA,7.957325017,NA,2334.1,2082.3,NA,,
2019-04-29,Pacific,Hawaiian Archipelago,Molokai,1,24.67605,34.55188452,NA,NA,NA,8.044590924,NA,2274.9,1984.1,NA,,
2016-09-15,Pacific,Hawaiian Archipelago,Kure Atoll,12.8,24.7048,35.0172,NA,NA,NA,8.048245149,NA,2301.1,2001.8,NA,,
2016-09-15,Pacific,Hawaiian Archipelago,Kure Atoll,14.3,24.7048,35.0172,NA,NA,NA,8.049713294,NA,2299.3,1999.3,NA,,
2008-03-28,Pacific,Pacific Remote Islands Area,Jarvis Island,15.24,24.791,35.2476,NA,NA,NA,7.970674395,NA,2318.4,2059.3,NA,,
2016-05-23,Pacific,Pacific Remote Islands Area,Jarvis Island,0.9,24.8031,32.0823,NA,NA,NA,7.994233054,NA,2319.5,2069.4,NA,,
2008-03-28,Pacific,Pacific Remote Islands Area,Jarvis Island,16.9,24.8092,35.2508,NA,NA,NA,7.969089151,NA,2316.7,2058.4,NA,,
2019-05-01,Pacific,Hawaiian Archipelago,Molokai,1,24.86734615,34.5443734,NA,NA,NA,8.049050232,NA,2272.8,1978,NA,,
2008-03-28,Pacific,Pacific Remote Islands Area,Jarvis Island,10,24.8791,35.214,NA,NA,NA,7.976811533,NA,2319.7,2056.8,NA,,
2019-05-01,Pacific,Hawaiian Archipelago,Molokai,1,24.89111096,34.48535616,NA,NA,NA,8.048470842,NA,2270.2,1976.2,NA,,
2019-04-23,Pacific,Hawaiian Archipelago,Maui,1,24.89328627,34.46978423,NA,NA,NA,8.052235653,NA,2271.4,1975.2,NA,,
2019-05-03,Pacific,Hawaiian Archipelago,Molokai,1,24.89576923,34.40841846,NA,NA,NA,8.047664887,NA,2263.5,1971.1,NA,,
2008-03-28,Pacific,Pacific Remote Islands Area,Jarvis Island,1.3,24.9174,35.214,NA,NA,NA,7.97450652,NA,2320.7,2058.8,NA,,
2013-08-03,Pacific,Hawaiian Archipelago,Hawai'i (Big Island),19.5,24.9211,35.0856,NA,NA,NA,8.05000638,NA,2311.52,2007.72962,NA,,
2013-08-03,Pacific,Hawaiian Archipelago,Hawai'i (Big Island),12.8,24.9282,35.1238,NA,NA,NA,8.061592498,NA,2314.49,2003.272205,NA,,
2019-04-24,Pacific,Hawaiian Archipelago,Maui,1,24.931,34.47884,NA,NA,NA,8.031055675,NA,2257.7,1974.5,NA,,
2019-04-24,Pacific,Hawaiian Archipelago,Maui,1,24.97855,34.40598333,NA,NA,NA,8.037962722,NA,2262.1,1974.7,NA,,
2010-10-10,Pacific,Hawaiian Archipelago,Hawai'i (Big Island),0.9,25.0005,34.6787,NA,NA,NA,8.058201418,NA,2267.3,1965.5,NA,,
2014-05-04,Pacific,Guam and Marianas Islands,Maug,14,25.0124,35.119,NA,NA,NA,8.076173666,NA,2290.8,1972.3,NA,,
2008-03-27,Pacific,Pacific Remote Islands Area,Jarvis Island,14.1,25.0158,35.2519,NA,NA,NA,7.994161538,NA,2313.9,2040.3,NA,,
2019-05-01,Pacific,Hawaiian Archipelago,Molokai,1,25.02766892,34.44721754,NA,NA,NA,8.053660592,NA,2273.1,1974.9,NA,,
2008-03-27,Pacific,Pacific Remote Islands Area,Jarvis Island,13.8,25.0422,35.2555,NA,NA,NA,7.988848474,NA,2312.9,2042.1,NA,,
2019-04-25,Pacific,Hawaiian Archipelago,Kaho'olawe,1,25.045185,34.375525,NA,NA,NA,8.058609926,NA,2265.4,1965.4,NA,,
2013-08-03,Pacific,Hawaiian Archipelago,Hawai'i (Big Island),12.2,25.0474,35.059,NA,NA,NA,8.050999786,NA,2309.36,2004.408478,NA,,
2019-05-02,Pacific,Hawaiian Archipelago,Molokai,1,25.04761231,34.53879664,NA,NA,NA,8.021694815,NA,2250.4,1971.7,NA,,
2008-03-27,Pacific,Pacific Remote Islands Area,Jarvis Island,1.6,25.0597,35.234,NA,NA,NA,7.987634868,NA,2313.1,2043.3,NA,,
2019-05-03,Pacific,Hawaiian Archipelago,Molokai,1,25.07356,34.32589,NA,NA,NA,8.051496758,NA,2260.7,1965.4,NA,,
2019-04-24,Pacific,Hawaiian Archipelago,Maui,1,25.08722105,34.46179298,NA,NA,NA,8.036580291,NA,2252.6,1965.5,NA,,
2008-03-27,Pacific,Pacific Remote Islands Area,Jarvis Island,12.19,25.0966,35.22,NA,NA,NA,8.007253836,NA,2311.5,2030.2,NA,,
2013-07-14,Pacific,Hawaiian Archipelago,Kure Atoll,15.5,25.1081,35.3214,NA,NA,NA,8.011765761,NA,2313.29,2028.459072,NA,,
2013-08-03,Pacific,Hawaiian Archipelago,Hawai'i (Big Island),0.9,25.1098,35.073,NA,NA,NA,8.055155593,NA,2310.69,2002.6888060000001,NA,,
2019-04-25,Pacific,Hawaiian Archipelago,Kaho'olawe,1,25.10984848,34.3740303,NA,NA,NA,8.047007522,NA,2261,1967.6,NA,,
2013-08-04,Pacific,Hawaiian Archipelago,Hawai'i (Big Island),0.9,25.1312,35.1253,NA,NA,NA,8.051217642,NA,2315,2008.368833,NA,,
2008-03-27,Pacific,Pacific Remote Islands Area,Jarvis Island,2.7,25.1418,35.222,NA,NA,NA,8.019203316,NA,2313.2,2024.8,NA,,
2019-04-25,Pacific,Hawaiian Archipelago,Kaho'olawe,1,25.178148,34.392284,NA,NA,NA,8.0315843,NA,2254.5,1969.8,NA,,
2010-10-16,Pacific,Hawaiian Archipelago,Maui,11.9,25.1837,35.222,NA,NA,NA,8.030661839,NA,2303.2,2008.4,NA,,
2019-05-01,Pacific,Hawaiian Archipelago,Molokai,1,25.18493448,34.46643103,NA,NA,NA,8.052147317,NA,2269.4,1970.9,NA,,
2019-04-25,Pacific,Hawaiian Archipelago,Kaho'olawe,1,25.18558284,34.40378728,NA,NA,NA,8.044404698,NA,2253.6,1961.5,NA,,
2021-05-19,Pacific,Main Hawaiian Islands,Oahu,1,25.188,34.614,NA,NA,NA,8.042082952,NA,2273.1,1979,NA,,
2016-09-15,Pacific,Hawaiian Archipelago,Kure Atoll,14.3,25.1965,35.029,NA,NA,NA,8.013507921,NA,2302.3,2018.7,NA,,
2016-09-15,Pacific,Hawaiian Archipelago,Kure Atoll,12.8,25.1965,35.029,NA,NA,NA,8.013818478,NA,2301.4,2017.7,NA,,
2019-04-24,Pacific,Hawaiian Archipelago,Maui,1,25.19881776,34.27115171,NA,NA,NA,8.057358435,NA,2259.6,1960.3,NA,,
2010-10-15,Pacific,Hawaiian Archipelago,Maui,10.7,25.1995,35.184,NA,NA,NA,8.021423045,NA,2303.4,2014.1,NA,,
2013-08-09,Pacific,Hawaiian Archipelago,Maui,12.2,25.2133,35.3103,NA,NA,NA,8.048673584,NA,2316.11,2008.547961,NA,,
2019-04-25,Pacific,Hawaiian Archipelago,Kaho'olawe,1,25.21988158,34.16536316,NA,NA,NA,8.048717293,NA,2261.4,1967.558769,NA,,
2019-04-23,Pacific,Hawaiian Archipelago,Maui,1,25.22220303,34.14207273,NA,NA,NA,8.04862469,NA,2263.2,1969.4,NA,,
2010-10-16,Pacific,Hawaiian Archipelago,Maui,0.9,25.2223,35.12,NA,NA,NA,7.997954425,NA,2289.5,2015.2,NA,,
2019-04-25,Pacific,Hawaiian Archipelago,Maui,1,25.22574138,34.42594828,NA,NA,NA,8.041797703,NA,2254.6,1963.4,NA,,
2019-04-24,Pacific,Hawaiian Archipelago,Maui,1,25.24186563,34.72113438,NA,NA,NA,8.030755154,NA,2252.9,1965.9,NA,,
2019-05-03,Pacific,Hawaiian Archipelago,Molokai,1,25.24837083,34.50395,NA,NA,NA,8.019243542,NA,2263.5,1983.6,NA,,
2019-05-04,Pacific,Hawaiian Archipelago,Hawai'i (Big Island),1,25.25031667,33.728775,NA,NA,NA,7.914874219,NA,2253.7,2034.7,NA,,
2014-05-05,Pacific,Guam and Marianas Islands,Maug,14.6,25.2542,35.1062,NA,NA,NA,8.071136679,NA,2298.5,1980.1,NA,,
2019-04-23,Pacific,Hawaiian Archipelago,Maui,1,25.26825616,34.31172671,NA,NA,NA,8.043372771,NA,2261.9,1969.6,NA,,
2019-04-24,Pacific,Hawaiian Archipelago,Maui,1,25.28710081,34.28493984,NA,NA,NA,8.04950244,NA,2257.4,1962,NA,,
2010-10-16,Pacific,Hawaiian Archipelago,Maui,11.9,25.2883,35.223,NA,NA,NA,8.048936545,NA,2309.9,2002.7,NA,,
2021-05-21,Pacific,Main Hawaiian Islands,Oahu,1,25.29,34.578,NA,NA,NA,8.045209659,NA,2272.6,1976.1,NA,,
2019-04-23,Pacific,Hawaiian Archipelago,Maui,1,25.302725,34.22102274,NA,NA,NA,8.052023409,NA,2264.7,1967.5,NA,,
2010-10-15,Pacific,Hawaiian Archipelago,Maui,0.9,25.3148,35.001,NA,NA,NA,7.962005134,NA,2286.6,2032.4,NA,,
2019-04-25,Pacific,Hawaiian Archipelago,Kaho'olawe,1,25.31735306,34.57085306,NA,NA,NA,8.056642229,NA,2252.5,1951,NA,,
2019-05-02,Pacific,Hawaiian Archipelago,Molokai,1,25.32386154,34.37758,NA,NA,NA,8.017442704,NA,2249.3,1971.9,NA,,
2008-03-28,Pacific,Pacific Remote Islands Area,Jarvis Island,15.24,25.3305,35.216,NA,NA,NA,7.968899925,NA,2318.3,2056,NA,,
2019-05-04,Pacific,Hawaiian Archipelago,Hawai'i (Big Island),1,25.33550385,34.28930577,NA,NA,NA,8.052220133,NA,2263.5,1965.5,NA,,
2010-10-16,Pacific,Hawaiian Archipelago,Maui,0.9,25.3356,35.209,NA,NA,NA,8.049532861,NA,2305.9,1998.6,NA,,
2013-08-04,Pacific,Hawaiian Archipelago,Hawai'i (Big Island),13.7,25.3373,35.1395,NA,NA,NA,8.067284249,NA,2315.92,1997.2167,NA,,
2010-11-04,Pacific,Hawaiian Archipelago,Molokai,0.9,25.3556,35.16,NA,NA,NA,8.033835549,NA,2296.8,1999.9,NA,,
2013-08-08,Pacific,Hawaiian Archipelago,Hawai'i (Big Island),14.6,25.3588,35.1684,NA,NA,NA,8.05974222,NA,2311.21,1997.118129,NA,,
2014-04-28,Pacific,Guam and Marianas Islands,Maug,0.9,25.3755,34.9497,NA,NA,NA,8.077080032,NA,2299.3,1977.6,NA,,
2008-10-20,Pacific,Hawaiian Archipelago,Lana'i,15.24,25.3857,34.918,NA,NA,NA,8.052564458,NA,2304.9,1997.4,NA,,
2019-05-02,Pacific,Hawaiian Archipelago,Molokai,1,25.38689286,34.44260357,NA,NA,NA,8.017438424,NA,2250.6,1972.1,NA,,
2019-04-26,Pacific,Hawaiian Archipelago,Kaho'olawe,1,25.39142958,34.39510141,NA,NA,NA,8.044097789,NA,2255.3,1961.5,NA,,
2012-03-04,Pacific,Pacific Remote Islands Area,Johnston Atoll,11.9,25.3974,34.886,NA,NA,NA,8.047261483,NA,2276.4,1974.9,NA,,
2013-08-05,Pacific,Hawaiian Archipelago,Hawai'i (Big Island),12.8,25.4084,34.8509,NA,NA,NA,7.980989726,NA,2274.04,2010.537787,NA,,
2013-08-04,Pacific,Hawaiian Archipelago,Hawai'i (Big Island),7.3,25.4234,35.1491,NA,NA,NA,8.065112742,NA,2316.14,1998.022895,NA,,
2019-05-03,Pacific,Hawaiian Archipelago,Molokai,1,25.42401891,34.51530327,NA,NA,NA,8.035017459,NA,2259.4,1969.3,NA,,
2014-05-03,Pacific,Guam and Marianas Islands,Maug,14.6,25.4418,35.1509,NA,NA,NA,8.082949176,NA,2302,1973.9,NA,,
2010-11-04,Pacific,Hawaiian Archipelago,Molokai,0.9,25.4515,35.13,NA,NA,NA,8.048074291,NA,2301,1994.6,NA,,
2010-11-04,Pacific,Hawaiian Archipelago,Molokai,14.6,25.4525,35.192,NA,NA,NA,8.06378668,NA,2301.3,1984.7,NA,,
2019-04-24,Pacific,Hawaiian Archipelago,Maui,1,25.45395789,34.57631053,NA,NA,NA,8.045799505,NA,2264.3,1966.8,NA,,
2010-10-10,Pacific,Hawaiian Archipelago,Hawai'i (Big Island),0.9,25.4597,35.094,NA,NA,NA,8.042949585,NA,2290.8,1988.6,NA,,
2014-05-03,Pacific,Guam and Marianas Islands,Maug,13.7,25.4663,35.1534,NA,NA,NA,8.070425646,NA,2305,1984.2,NA,,
2014-04-23,Pacific,Guam and Marianas Islands,Asuncion Island,14.3,25.4696,35.1742,NA,NA,NA,8.08140812,NA,2307.3,1979.2,NA,,
2021-06-15,Pacific,Main Hawaiian Islands,Oahu,1,25.476,34.706,NA,NA,NA,8.027642103,NA,2267.2,1978.8,NA,,
2019-05-04,Pacific,Hawaiian Archipelago,Molokai,1,25.48219286,34.50503571,NA,NA,NA,8.035788368,NA,2256.4,1965.7,NA,,
2016-09-06,Pacific,Hawaiian Archipelago,Pearl and Hermes Atoll,10.4,25.4823,35.1477,NA,NA,NA,8.034190319,NA,2295.2,1997,NA,,
2019-05-04,Pacific,Hawaiian Archipelago,Hawai'i (Big Island),1,25.48446957,34.06562609,NA,NA,NA,8.054954761,NA,2257.8,1959.1,NA,,
2010-11-04,Pacific,Hawaiian Archipelago,Molokai,15.8,25.4846,35.162,NA,NA,NA,8.026718348,NA,2292.8,1998.9,NA,,
2010-10-15,Pacific,Hawaiian Archipelago,Maui,12.8,25.5029,35.06,NA,NA,NA,8.043830081,NA,2299.7,1995.8,NA,,
2013-08-05,Pacific,Hawaiian Archipelago,Hawai'i (Big Island),13.4,25.5029,34.8469,NA,NA,NA,8.02973601,NA,2287.23,1994.356423,NA,,
2015-01-28,Pacific,Pacific Remote Islands Area,Johnston Atoll,12.2,25.5147,35.112,NA,NA,NA,7.98235101,NA,2258.4,1992.8,NA,,
2014-04-24,Pacific,Guam and Marianas Islands,Asuncion Island,11.6,25.5147,35.1282,NA,NA,NA,8.074698687,NA,2303.6,1980,NA,,
2013-08-06,Pacific,Hawaiian Archipelago,Hawai'i (Big Island),12.8,25.5148,34.8643,NA,NA,NA,8.041713798,NA,2288.83,1988.568052,NA,,
2019-05-02,Pacific,Hawaiian Archipelago,Molokai,1,25.51487241,34.40726207,NA,NA,NA,8.048149516,NA,2265.9,1967.6,NA,,
2021-06-14,Pacific,Main Hawaiian Islands,Oahu,1,25.517,34.702,NA,NA,NA,8.039137879,NA,2271.9,1976.1,NA,,
2019-05-02,Pacific,Hawaiian Archipelago,Molokai,1,25.51856585,34.40887073,NA,NA,NA,8.027699094,NA,2248.7,1963.7,NA,,
2012-03-04,Pacific,Pacific Remote Islands Area,Johnston Atoll,0.9,25.5249,34.881,NA,NA,NA,8.050325826,NA,2281.6,1976.9,NA,,
2013-08-20,Pacific,Hawaiian Archipelago,Molokai,14,25.5253,35.3126,NA,NA,NA,8.047311281,NA,2324.09,2013.711882,NA,,
2013-08-20,Pacific,Hawaiian Archipelago,Molokai,14,25.527,35.3016,NA,NA,NA,8.047190101,NA,2321.03,2011.080975,NA,,
2010-10-15,Pacific,Hawaiian Archipelago,Maui,0.9,25.5272,35.05,NA,NA,NA,8.029843505,NA,2288.1,1993.6,NA,,
2019-04-25,Pacific,Hawaiian Archipelago,Kaho'olawe,1,25.53714097,34.47475186,NA,NA,NA,8.059027211,NA,2245.9,1942.4,NA,,
2019-05-06,Pacific,Hawaiian Archipelago,Kaho'olawe,1,25.54726111,34.42319444,NA,NA,NA,8.044030379,NA,2265.9,1969.6,NA,,
2019-05-06,Pacific,Hawaiian Archipelago,Kaho'olawe,1,25.55849231,34.37391282,NA,NA,NA,8.052098385,NA,2268.6,1967.6,NA,,
2015-01-27,Pacific,Pacific Remote Islands Area,Johnston Atoll,0.9,25.5608,34.784,NA,NA,NA,8.034114359,NA,2294.4,1998.5,NA,,
2019-04-23,Pacific,Hawaiian Archipelago,Maui,1,25.56478338,34.22511989,NA,NA,NA,7.95687735,NA,2266.3,2019.5,NA,,
2008-10-30,Pacific,Hawaiian Archipelago,Hawai'i (Big Island),11.28,25.5685,34.9148,NA,NA,NA,8.050844938,NA,2296.9,1989.7,NA,,
2012-03-04,Pacific,Pacific Remote Islands Area,Johnston Atoll,14.3,25.5715,34.875,NA,NA,NA,8.034389525,NA,2268.3,1973.6,NA,,
2019-04-24,Pacific,Hawaiian Archipelago,Maui,1,25.57729167,34.41677083,NA,NA,NA,8.058204163,NA,2252.9,1949.3,NA,,
2014-04-28,Pacific,Guam and Marianas Islands,Maug,10.7,25.5787,35.1048,NA,NA,NA,8.068225824,NA,2300.5,1980.8,NA,,
2010-10-18,Pacific,Hawaiian Archipelago,Maui,16.5,25.5792,35.176,NA,NA,NA,8.02490326,NA,2299.9,2005.6,NA,,
2008-10-30,Pacific,Hawaiian Archipelago,Hawai'i (Big Island),11.2,25.5799,34.9507,NA,NA,NA,8.056108033,NA,2300.2,1989.1,NA,,
2013-08-05,Pacific,Hawaiian Archipelago,Hawai'i (Big Island),13.1,25.6073,34.827,NA,NA,NA,8.054857039,NA,2296.06,1986.737573,NA,,
2013-08-09,Pacific,Hawaiian Archipelago,Maui,3,25.6106,35.2647,NA,NA,NA,8.048332995,NA,2313.92,2003.699889,NA,,
2014-04-28,Pacific,Guam and Marianas Islands,Maug,13.7,25.6118,35.0968,NA,NA,NA,8.014600212,NA,2307,2018.4,NA,,
2019-04-26,Pacific,Hawaiian Archipelago,Kaho'olawe,1,25.615,34.254,NA,NA,NA,8.055931975,NA,2260.6,1958.5,NA,,
2008-10-30,Pacific,Hawaiian Archipelago,Hawai'i (Big Island),5.9,25.615,34.9276,NA,NA,NA,8.061042857,NA,2300,1985.9,NA,,
2014-04-28,Pacific,Guam and Marianas Islands,Maug,0.9,25.6157,34.9574,NA,NA,NA,8.076059864,NA,2302.7,1979,NA,,
2019-05-02,Pacific,Hawaiian Archipelago,Molokai,1,25.61621904,34.43125107,NA,NA,NA,8.012682171,NA,2243.9,1966.8,NA,,
2015-01-26,Pacific,Pacific Remote Islands Area,Johnston Atoll,12.2,25.6276,35.0451,NA,NA,NA,8.03613444,NA,2294.6,1994.8,NA,,
2010-10-30,Pacific,Hawaiian Archipelago,Kaua'i,9.4,25.6278,35.224,NA,NA,NA,8.027701019,NA,2298.9,2002.3,NA,,
2010-10-30,Pacific,Hawaiian Archipelago,Kaua'i,0.9,25.628,35.13,NA,NA,NA,8.036816779,NA,2291.2,1990.8,NA,,
2015-01-27,Pacific,Pacific Remote Islands Area,Johnston Atoll,14.9,25.6286,35.0552,NA,NA,NA,8.021973456,NA,2290.2,1998.9,NA,,
2010-11-03,Pacific,Hawaiian Archipelago,Molokai,0.9,25.6332,35.108,NA,NA,NA,8.049470521,NA,2303.6,1994.7,NA,,
2010-10-30,Pacific,Hawaiian Archipelago,Kaua'i,10.4,25.6353,35.127,NA,NA,NA,8.02811207,NA,2298.2,2002.1,NA,,
2019-05-06,Pacific,Hawaiian Archipelago,Kaho'olawe,1,25.63566525,34.30290284,NA,NA,NA,8.051785363,NA,2267.9,1967,NA,,
2008-10-30,Pacific,Hawaiian Archipelago,Hawai'i (Big Island),0.91,25.637,34.8962,NA,NA,NA,8.054441377,NA,2297.5,1987.8,NA,,
2010-11-03,Pacific,Hawaiian Archipelago,Molokai,15.2,25.6378,35.11,NA,NA,NA,8.019311761,NA,2286.7,1996.8,NA,,
2019-05-06,Pacific,Hawaiian Archipelago,Kaho'olawe,1,25.63893333,34.36787222,NA,NA,NA,8.051768018,NA,2265.7,1964.5,NA,,
2013-08-05,Pacific,Hawaiian Archipelago,Hawai'i (Big Island),5.5,25.644,34.724,NA,NA,NA,8.062684647,NA,2247.16,1938.445585,NA,,
2010-10-30,Pacific,Hawaiian Archipelago,Kaua'i,0.9,25.6482,35.213,NA,NA,NA,8.032698051,NA,2300.7,2001.1,NA,,
2021-06-14,Pacific,Main Hawaiian Islands,Oahu,1,25.653,34.657,NA,NA,NA,8.035882118,NA,2274.5,1979.5,NA,,
2010-10-08,Pacific,Hawaiian Archipelago,Hawai'i (Big Island),15.5,25.6587,35.064,NA,NA,NA,8.03948317,NA,2305.8,2002.4,NA,,
2013-08-21,Pacific,Hawaiian Archipelago,Molokai,14,25.6588,35.3306,NA,NA,NA,8.044914466,NA,2316.4,2006.950427,NA,,
2014-04-24,Pacific,Guam and Marianas Islands,Asuncion Island,13.7,25.6592,35.1158,NA,NA,NA,8.07332675,NA,2302.8,1979,NA,,
2016-07-20,Pacific,Hawaiian Archipelago,Molokai,13.1,25.6627,34.9111,NA,NA,NA,8.043625787,NA,2293.4,1989.9,NA,,
2019-04-26,Pacific,Hawaiian Archipelago,Lana'i,1,25.66319856,34.40394474,NA,NA,NA,8.042211397,NA,2262.5,1966.7,NA,,
2014-04-24,Pacific,Guam and Marianas Islands,Asuncion Island,11.6,25.6664,35.1319,NA,NA,NA,8.061666724,NA,2299.3,1982.7,NA,,
2015-01-28,Pacific,Pacific Remote Islands Area,Johnston Atoll,14.6,25.667,35.0862,NA,NA,NA,8.014898341,NA,2279.7,1992.9,NA,,
2019-04-26,Pacific,Hawaiian Archipelago,Lana'i,1,25.67245306,34.45364082,NA,NA,NA,8.045421136,NA,2266.6,1968.1,NA,,
2019-05-06,Pacific,Hawaiian Archipelago,Kaho'olawe,1,25.67475227,34.37825227,NA,NA,NA,8.049837617,NA,2270.4,1969.5,NA,,
2019-05-04,Pacific,Hawaiian Archipelago,Hawai'i (Big Island),1,25.68024839,33.91252903,NA,NA,NA,8.058055549,NA,2249.5,1949.2,NA,,
2008-10-20,Pacific,Hawaiian Archipelago,Lana'i,14.9,25.6889,34.9817,NA,NA,NA,8.050701527,NA,2302.9,1993.5,NA,,
2010-10-18,Pacific,Hawaiian Archipelago,Maui,0.9,25.6998,35.182,NA,NA,NA,8.041651885,NA,2304,1998.6,NA,,
2016-07-20,Pacific,Hawaiian Archipelago,Molokai,16.8,25.7065,34.9281,NA,NA,NA,8.022856943,NA,2277.8,1987.3,NA,,
2015-01-29,Pacific,Pacific Remote Islands Area,Johnston Atoll,7.6,25.7088,35.0727,NA,NA,NA,8.05249792,NA,2292.1,1981.9,NA,,
2010-10-09,Pacific,Hawaiian Archipelago,Hawai'i (Big Island),0.9,25.7091,35.246,NA,NA,NA,8.044602869,NA,2296,1989,NA,,
2013-08-06,Pacific,Hawaiian Archipelago,Hawai'i (Big Island),21.3,25.7108,34.8455,NA,NA,NA,8.033298181,NA,2307.37,2008.648433,NA,,
2019-05-01,Pacific,Hawaiian Archipelago,Molokai,1,25.71106776,34.3754023,NA,NA,NA,8.04187357,NA,2261.3,1965.6,NA,,
2012-03-03,Pacific,Pacific Remote Islands Area,Johnston Atoll,11,25.7168,34.88,NA,NA,NA,8.028105572,NA,2273.9,1981.1,NA,,
2008-11-02,Pacific,Hawaiian Archipelago,Hawai'i (Big Island),11.28,25.7213,34.8904,NA,NA,NA,8.045920838,NA,2288.6,1983.9,NA,,
2021-06-09,Pacific,Main Hawaiian Islands,Oahu,1,25.723,34.604,NA,NA,NA,8.044589895,NA,2275.4,1975,NA,,
2015-01-27,Pacific,Pacific Remote Islands Area,Johnston Atoll,0.9,25.7282,34.8957,NA,NA,NA,8.064228454,NA,2306.8,1989.4,NA,,
2014-05-04,Pacific,Guam and Marianas Islands,Maug,0.9,25.7348,33.6505,NA,NA,NA,8.092850314,NA,2304.3,1979.3,NA,,
2014-05-04,Pacific,Guam and Marianas Islands,Maug,0.9,25.737,34.9291,NA,NA,NA,8.067625704,NA,2301.4,1982.1,NA,,
2010-10-09,Pacific,Hawaiian Archipelago,Hawai'i (Big Island),13.7,25.7374,35.118,NA,NA,NA,8.033313988,NA,2301.2,2000.9,NA,,
2010-11-03,Pacific,Hawaiian Archipelago,Molokai,10.7,25.7377,35.121,NA,NA,NA,8.02589757,NA,2296,2000.6,NA,,
2008-11-02,Pacific,Hawaiian Archipelago,Hawai'i (Big Island),10.9,25.7409,34.9155,NA,NA,NA,8.06043141,NA,2297.5,1982.8,NA,,
2010-10-10,Pacific,Hawaiian Archipelago,Hawai'i (Big Island),13.1,25.7421,35.014,NA,NA,NA,8.041694028,NA,2302.2,1997.5,NA,,
2010-10-24,Pacific,Hawaiian Archipelago,Oahu,0.9,25.7458,35.336,NA,NA,NA,8.049811074,NA,2313.5,2000.7,NA,,
2015-01-29,Pacific,Pacific Remote Islands Area,Johnston Atoll,14.6,25.7473,35.0492,NA,NA,NA,8.063264444,NA,2303.1,1985,NA,,
2019-05-06,Pacific,Hawaiian Archipelago,Kaho'olawe,1,25.74855283,34.45818491,NA,NA,NA,8.051063959,NA,2269.6,1966.8,NA,,
2013-08-07,Pacific,Hawaiian Archipelago,Hawai'i (Big Island),0.9,25.7506,34.4863,NA,NA,NA,8.055039881,NA,2296.25,1988.340239,NA,,
2010-10-10,Pacific,Hawaiian Archipelago,Hawai'i (Big Island),10.1,25.7532,35.149,NA,NA,NA,8.040108848,NA,2302.7,1997.9,NA,,
2013-08-10,Pacific,Hawaiian Archipelago,Maui,4.6,25.7533,35.2534,NA,NA,NA,8.052498993,NA,2317.94,2003.57739,NA,,
2014-04-24,Pacific,Guam and Marianas Islands,Asuncion Island,13.7,25.7559,35.131,NA,NA,NA,8.076937969,NA,2303.5,1976.3,NA,,
2008-11-02,Pacific,Hawaiian Archipelago,Hawai'i (Big Island),1,25.7637,34.7226,NA,NA,NA,8.024439767,NA,2263.9,1975,NA,,
2010-10-11,Pacific,Hawaiian Archipelago,Hawai'i (Big Island),13.4,25.7664,35.002,NA,NA,NA,8.02869753,NA,2289.4,1993.4,NA,,
2013-08-09,Pacific,Hawaiian Archipelago,Maui,0.9,25.7687,35.1339,NA,NA,NA,8.044022398,NA,2307.5,2000.071935,NA,,
2014-05-03,Pacific,Guam and Marianas Islands,Maug,14.3,25.7722,35.1461,NA,NA,NA,8.073067436,NA,2301.6,1976.7,NA,,
2010-10-31,Pacific,Hawaiian Archipelago,Kaua'i,0.9,25.7748,35.331,NA,NA,NA,8.014406678,NA,2297.1,2006.6,NA,,
2010-10-08,Pacific,Hawaiian Archipelago,Hawai'i (Big Island),0.9,25.7759,35.283,NA,NA,NA,8.052199897,NA,2292,1979.9,NA,,
2021-06-10,Pacific,Main Hawaiian Islands,Oahu,1,25.776,34.639,NA,NA,NA,8.044686407,NA,2273.4,1972.4,NA,,
2010-10-20,Pacific,Hawaiian Archipelago,Maui,0.9,25.7762,35.036,NA,NA,NA,8.045024998,NA,2297.3,1990.9,NA,,
2015-01-27,Pacific,Pacific Remote Islands Area,Johnston Atoll,14.3,25.7766,35.0323,NA,NA,NA,8.045949203,NA,2295.2,1988.2,NA,,
2013-08-20,Pacific,Hawaiian Archipelago,Molokai,15.2,25.7767,35.2904,NA,NA,NA,8.038197479,NA,2316.53,2010.217923,NA,,
2012-05-05,Pacific,Pacific Remote Islands Area,Jarvis Island,14.307,25.777,35.47,NA,NA,NA,7.964554252,NA,2327.5,2061.5,NA,,
2019-04-25,Pacific,Hawaiian Archipelago,Maui,1,25.7776,34.41244737,NA,NA,NA,8.051100044,NA,2267.1,1964.6,NA,,
2010-10-11,Pacific,Hawaiian Archipelago,Hawai'i (Big Island),0.9,25.7793,35.015,NA,NA,NA,8.052188694,NA,2299.5,1988.7,NA,,
2008-11-02,Pacific,Hawaiian Archipelago,Hawai'i (Big Island),5.2,25.7875,34.8804,NA,NA,NA,8.061772489,NA,2298.6,1983,NA,,
2010-10-31,Pacific,Hawaiian Archipelago,Kaua'i,13.7,25.7883,35.196,NA,NA,NA,8.035446593,NA,2306.4,2003.3,NA,,
2010-10-09,Pacific,Hawaiian Archipelago,Hawai'i (Big Island),0.9,25.7911,35.153,NA,NA,NA,8.060173506,NA,2298,1981.4,NA,,
2012-05-04,Pacific,Pacific Remote Islands Area,Jarvis Island,14.247,25.7954,35.487,NA,NA,NA,7.974580998,NA,2332.1,2059.9,NA,,
2021-06-09,Pacific,Main Hawaiian Islands,Oahu,1,25.796,34.598,NA,NA,NA,8.048448859,NA,2279.9,1976.2,NA,,
2012-05-05,Pacific,Pacific Remote Islands Area,Jarvis Island,14.294,25.7986,35.47,NA,NA,NA,7.96812347,NA,2329,2060.7,NA,,
2010-10-08,Pacific,Hawaiian Archipelago,Hawai'i (Big Island),7.6,25.8,35.037,NA,NA,NA,8.048775711,NA,2296.4,1987.4,NA,,
2015-01-26,Pacific,Pacific Remote Islands Area,Johnston Atoll,11.6,25.8022,35.0556,NA,NA,NA,8.065946557,NA,2310.1,1989.2,NA,,
2019-04-27,Pacific,Hawaiian Archipelago,Lana'i,1,25.80837347,34.4028898,NA,NA,NA,8.000581547,NA,2250.2,1977.9,NA,,
2010-10-09,Pacific,Hawaiian Archipelago,Hawai'i (Big Island),12.2,25.8118,35.106,NA,NA,NA,8.039315965,NA,2299.3,1995.1,NA,,
2021-06-09,Pacific,Main Hawaiian Islands,Oahu,1,25.812,34.587,NA,NA,NA,8.0399212940000009,NA,2275.2,1976.9,NA,,
2010-01-27,Pacific,Pacific Remote Islands Area,Johnston Atoll,0.9,25.8144,35.07654014,NA,NA,NA,8.058952305,NA,2301.7,1985.9,NA,,
2021-06-14,Pacific,Main Hawaiian Islands,Oahu,1,25.819,34.614,NA,NA,NA,8.041211325,NA,2275,1975.7,NA,,
2013-08-07,Pacific,Hawaiian Archipelago,Hawai'i (Big Island),13.7,25.8228,34.8742,NA,NA,NA,8.005027563,NA,2280.6,1999.517749,NA,,
2013-08-06,Pacific,Hawaiian Archipelago,Hawai'i (Big Island),13.7,25.8249,34.8179,NA,NA,NA,8.055048129,NA,2296.05,1984.693918,NA,,
2014-05-02,Pacific,Guam and Marianas Islands,Maug,10.4,25.8253,35.1403,NA,NA,NA,8.058470867,NA,2301.6,1985.3,NA,,
2010-10-24,Pacific,Hawaiian Archipelago,Oahu,14.6,25.8281,35.339,NA,NA,NA,8.050708183,NA,2315.5,2000.9,NA,,
2011-04-14,Pacific,Guam and Marianas Islands,Asuncion Island,0.9,25.8325,34.943,NA,NA,NA,8.077961074,NA,2289.4,1964,NA,,
2016-07-19,Pacific,Hawaiian Archipelago,Molokai,16.8,25.8336,34.8591,NA,NA,NA,8.033535476,NA,2289.6,1991.2,NA,,
2014-03-16,Pacific,Pacific Remote Islands Area,Wake Atoll,0.9,25.8339,35.2669,NA,NA,NA,8.088217749,NA,2322.4,1984.6,NA,,
2010-10-14,Pacific,Hawaiian Archipelago,Hawai'i (Big Island),13.1,25.8355,35.033,NA,NA,NA,8.043614013,NA,2291.9,1986.1,NA,,
2013-08-06,Pacific,Hawaiian Archipelago,Hawai'i (Big Island),0.9,25.8357,34.5477,NA,NA,NA,8.040735597,NA,2294.18,1993.736206,NA,,
2016-07-19,Pacific,Hawaiian Archipelago,Lana'i,13.7,25.8428,34.9224,NA,NA,NA,8.041030576,NA,2290.5,1987.1,NA,,
2013-08-06,Pacific,Hawaiian Archipelago,Hawai'i (Big Island),13.7,25.8481,34.8938,NA,NA,NA,8.048402902,NA,2302.29,1993.548857,NA,,
2016-07-19,Pacific,Hawaiian Archipelago,Lana'i,14.9,25.8503,34.9304,NA,NA,NA,8.02870867,NA,2290.7,1994.4,NA,,
2011-04-14,Pacific,Guam and Marianas Islands,Asuncion Island,15.2,25.8531,34.952,NA,NA,NA,8.081944089,NA,2287.2,1959,NA,,
2010-01-27,Pacific,Pacific Remote Islands Area,Johnston Atoll,7.6,25.8548,35.05793171,NA,NA,NA,8.05865699,NA,2303.4,1987.2,NA,,
2019-05-03,Pacific,Hawaiian Archipelago,Molokai,1,25.85545,34.43476316,NA,NA,NA,8.039784101,NA,2265.8,1969.2,NA,,
2010-09-10,Pacific,Hawaiian Archipelago,French Frigate Shoals,0.9,25.8587,35.66398297,NA,NA,NA,8.055781326,NA,2338.2,2015.8,NA,,
2013-08-07,Pacific,Hawaiian Archipelago,Hawai'i (Big Island),0.9,25.8592,34.5387,NA,NA,NA,8.037237841,NA,2276.54,1979.635233,NA,,
2012-05-03,Pacific,Pacific Remote Islands Area,Jarvis Island,16.2,25.8604,35.468,NA,NA,NA,7.968435518,NA,2328.9,2059.9,NA,,
2014-03-16,Pacific,Pacific Remote Islands Area,Wake Atoll,12.8,25.8655,35.3166,NA,NA,NA,8.080579875,NA,2315.9,1982.6,NA,,
2014-03-18,Pacific,Pacific Remote Islands Area,Wake Atoll,0.9,25.8707,35.2323,NA,NA,NA,8.073919503,NA,2314.7,1986.6,NA,,
2012-05-06,Pacific,Pacific Remote Islands Area,Jarvis Island,14.942,25.873,35.453,NA,NA,NA,7.974531896,NA,2325.8,2053.7,NA,,
2014-04-25,Pacific,Guam and Marianas Islands,Asuncion Island,12.8,25.8755,35.1315,NA,NA,NA,8.06515496,NA,2298.3,1977.8,NA,,
2010-01-27,Pacific,Pacific Remote Islands Area,Johnston Atoll,0.9,25.8774,35.06948834,NA,NA,NA,8.066734222,NA,2307.8,1986,NA,,
2014-03-17,Pacific,Pacific Remote Islands Area,Wake Atoll,14.3,25.8861,35.3213,NA,NA,NA,8.085238687,NA,2319.9,1983,NA,,
2011-03-22,Pacific,Pacific Remote Islands Area,Wake Atoll,0.9,25.8863,35.139,NA,NA,NA,8.070754837,NA,2304.9,1980.4,NA,,
2013-08-07,Pacific,Hawaiian Archipelago,Hawai'i (Big Island),13.7,25.8868,34.834,NA,NA,NA,7.973984589,NA,2236.68,1976.238812,NA,,
2008-10-20,Pacific,Hawaiian Archipelago,Lana'i,1.6,25.8869,34.9778,NA,NA,NA,8.04367912,NA,2296.8,1990.7,NA,,
2014-03-17,Pacific,Pacific Remote Islands Area,Wake Atoll,14.6,25.8872,35.3349,NA,NA,NA,8.092280374,NA,2315.2,1974.3,NA,,
2014-03-17,Pacific,Pacific Remote Islands Area,Wake Atoll,0.9,25.8875,35.1273,NA,NA,NA,8.070540052,NA,2306.4,1981.9,NA,,
2010-11-03,Pacific,Hawaiian Archipelago,Molokai,0.9,25.8876,35.106,NA,NA,NA,8.010554607,NA,2287.9,2001.1,NA,,
2021-06-15,Pacific,Main Hawaiian Islands,Oahu,1,25.889,34.755,NA,NA,NA,7.991107088,NA,2221.8,1954,NA,,
2016-09-15,Pacific,Hawaiian Archipelago,Kure Atoll,14.3,25.8946,35.0608,NA,NA,NA,8.010264455,NA,2303.6,2015.5,NA,,
2016-09-15,Pacific,Hawaiian Archipelago,Kure Atoll,14.3,25.8958,35.063,NA,NA,NA,8.019657103,NA,2303.8,2010.2,NA,,
2010-09-10,Pacific,Hawaiian Archipelago,French Frigate Shoals,9.4,25.8962,35.64512973,NA,NA,NA,8.058256707,NA,2336.4,2012.3,NA,,
2014-03-18,Pacific,Pacific Remote Islands Area,Wake Atoll,14.3,25.9013,35.3173,NA,NA,NA,8.08871886,NA,2319,1980,NA,,
2008-10-20,Pacific,Hawaiian Archipelago,Lana'i,8.1,25.9025,34.9773,NA,NA,NA,8.048355134,NA,2299.3,1989.9,NA,,
2010-10-23,Pacific,Hawaiian Archipelago,Molokai,9.8,25.9063,35.231,NA,NA,NA,8.022497264,NA,2298,2002.1,NA,,
2016-07-19,Pacific,Hawaiian Archipelago,Molokai,14.3,25.9085,34.8625,NA,NA,NA,8.04075646,NA,2292.9,1989.3,NA,,
2012-03-02,Pacific,Pacific Remote Islands Area,Johnston Atoll,12.2,25.9107,34.854,NA,NA,NA,8.010191146,NA,2247,1965.3,NA,,
2012-05-04,Pacific,Pacific Remote Islands Area,Jarvis Island,14.509,25.9152,35.445,NA,NA,NA,7.975329692,NA,2327.9,2054.9,NA,,
2011-04-14,Pacific,Guam and Marianas Islands,Asuncion Island,12.2,25.9263,34.944,NA,NA,NA,8.09279214,NA,2291.5,1955.5,NA,,
2010-01-27,Pacific,Pacific Remote Islands Area,Johnston Atoll,14.3,25.9294,35.07634425,NA,NA,NA,8.063412512,NA,2304.4,1984.3,NA,,
2012-03-03,Pacific,Pacific Remote Islands Area,Johnston Atoll,0.9,25.9312,34.894,NA,NA,NA,8.033367082,NA,2272.7,1975.2,NA,,
2010-10-31,Pacific,Hawaiian Archipelago,Kaua'i,11,25.9347,35.177,NA,NA,NA,8.049631987,NA,2299.8,1987.7,NA,,
2013-08-06,Pacific,Hawaiian Archipelago,Hawai'i (Big Island),0.9,25.9358,34.821,NA,NA,NA,8.009784901,NA,2287.98,2003.21398,NA,,
2010-10-21,Pacific,Hawaiian Archipelago,Lana'i,11.6,25.937,35.198,NA,NA,NA,8.023218985,NA,2294.1,1998.1,NA,,
2014-03-16,Pacific,Pacific Remote Islands Area,Wake Atoll,14.6,25.9381,35.3078,NA,NA,NA,8.083928929,NA,2314.4,1978.6,NA,,
2019-05-04,Pacific,Hawaiian Archipelago,Hawai'i (Big Island),1,25.93850224,34.19917082,NA,NA,NA,8.044299792,NA,2256,1958.7,NA,,
2013-08-08,Pacific,Hawaiian Archipelago,Hawai'i (Big Island),4.6,25.941,34.8943,NA,NA,NA,8.080531345,NA,2280.37,1953.557393,NA,,
2012-05-06,Pacific,Pacific Remote Islands Area,Jarvis Island,15.017,25.9419,35.434,NA,NA,NA,7.961687559,NA,2323.6,2058.4,NA,,
2014-03-16,Pacific,Pacific Remote Islands Area,Wake Atoll,9.4,25.9493,35.3052,NA,NA,NA,8.091011798,NA,2318.8,1978,NA,,
2014-03-16,Pacific,Pacific Remote Islands Area,Wake Atoll,0.9,25.9519,35.3092,NA,NA,NA,8.087513264,NA,2322.2,1983.4,NA,,
2010-10-21,Pacific,Hawaiian Archipelago,Lana'i,0.9,25.9521,35.196,NA,NA,NA,8.038423401,NA,2301.4,1995.8,NA,,
2014-03-17,Pacific,Pacific Remote Islands Area,Wake Atoll,0.9,25.959,35.2512,NA,NA,NA,8.077665696,NA,2316.2,1984.6,NA,,
2016-07-14,Pacific,Hawaiian Archipelago,Maui,9.1,25.9596,34.8908,NA,NA,NA,8.036155424,NA,2292.5,1991.1,NA,,
2010-10-14,Pacific,Hawaiian Archipelago,Hawai'i (Big Island),0.9,25.9613,35.064,NA,NA,NA,8.052845131,NA,2286.6,1974.6,NA,,
2010-10-23,Pacific,Hawaiian Archipelago,Molokai,0.9,25.9766,35.223,NA,NA,NA,8.055471873,NA,2311.4,1994.1,NA,,
2010-10-12,Pacific,Hawaiian Archipelago,Hawai'i (Big Island),13.1,25.9797,35.042,NA,NA,NA,7.99891709,NA,2274.5,1994.9,NA,,
2014-03-19,Pacific,Pacific Remote Islands Area,Wake Atoll,13.7,25.9797,35.3185,NA,NA,NA,8.075870205,NA,2316.4,1984.9,NA,,
2012-05-06,Pacific,Pacific Remote Islands Area,Jarvis Island,14.265,25.9813,35.431,NA,NA,NA,7.963222601,NA,2330.2,2063.4,NA,,
2010-10-19,Pacific,Hawaiian Archipelago,Maui,11.3,25.9838,35.152,NA,NA,NA,8.023644657,NA,2284.3,1988.8,NA,,
2013-07-14,Pacific,Hawaiian Archipelago,Kure Atoll,0.9,25.987,34.8065,NA,NA,NA,8.040767202,NA,2318.31,2012.313197,NA,,
2010-10-21,Pacific,Hawaiian Archipelago,Lana'i,14.6,25.9891,35.209,NA,NA,NA,8.018474478,NA,2282.2,1989.4,NA,,
2012-03-04,Pacific,Pacific Remote Islands Area,Johnston Atoll,0.9,25.9933,34.913,NA,NA,NA,8.092312101,NA,2256.6,1924.4,NA,,
2010-10-18,Pacific,Hawaiian Archipelago,Maui,13.4,25.9972,35.152,NA,NA,NA,8.035188893,NA,2298.9,1995.1,NA,,
2016-09-11,Pacific,Hawaiian Archipelago,Pearl and Hermes Atoll,11,25.9991,35.2324,NA,NA,NA,8.017017178,NA,2307.5,2013.1,NA,,
2014-03-18,Pacific,Pacific Remote Islands Area,Wake Atoll,15.5,26.001,35.3172,NA,NA,NA,8.080156843,NA,2317.2,1982.8,NA,,
2014-03-17,Pacific,Pacific Remote Islands Area,Wake Atoll,13.7,26.002,35.3154,NA,NA,NA,8.079914293,NA,2312.1,1978.3,NA,,
2016-09-14,Pacific,Hawaiian Archipelago,Kure Atoll,14.3,26.0098,35.0378,NA,NA,NA,8.006465779,NA,2294.8,2008.9,NA,,
2012-05-06,Pacific,Pacific Remote Islands Area,Jarvis Island,14.299,26.0123,35.466,NA,NA,NA,7.966999236,NA,2328.8,2059.4,NA,,
2010-10-30,Pacific,Hawaiian Archipelago,Kaua'i,6.1,26.0134,35.218,NA,NA,NA,8.050978082,NA,2296.9,1983.3,NA,,
2014-03-17,Pacific,Pacific Remote Islands Area,Wake Atoll,0.9,26.019,35.332,NA,NA,NA,8.072087644,NA,2317.8,1988.4,NA,,
2014-03-18,Pacific,Pacific Remote Islands Area,Wake Atoll,0.9,26.0215,35.3172,NA,NA,NA,8.080411887,NA,2317.8,1983.2,NA,,
2010-09-09,Pacific,Hawaiian Archipelago,French Frigate Shoals,10.1,26.0246,35.69069442,NA,NA,NA,8.035891265,NA,2331.2,2019.8,NA,,
2013-07-14,Pacific,Hawaiian Archipelago,Kure Atoll,0.9,26.0252,35.4074,NA,NA,NA,8.037098928,NA,2321.27,2012.345232,NA,,
2010-10-23,Pacific,Hawaiian Archipelago,Molokai,19.5,26.0268,35.198,NA,NA,NA,8.05158026,NA,2305.8,1990.8,NA,,
2013-08-20,Pacific,Hawaiian Archipelago,Molokai,0.9,26.0283,35.2536,NA,NA,NA,8.017079032,NA,2315.16,2019.827063,NA,,
2013-08-20,Pacific,Hawaiian Archipelago,Molokai,0.9,26.0283,35.2536,NA,NA,NA,8.033954497,NA,2311.23,2006.252224,NA,,
2014-03-18,Pacific,Pacific Remote Islands Area,Wake Atoll,14.3,26.037,35.3295,NA,NA,NA,8.062822681,NA,2302.7,1980.2,NA,,
2016-07-23,Pacific,Hawaiian Archipelago,Kaua'i,13.7,26.0389,34.9354,NA,NA,NA,8.056354444,NA,2300.3,1984.9,NA,,
2013-07-14,Pacific,Hawaiian Archipelago,Kure Atoll,0.9,26.0463,35.2521,NA,NA,NA,8.032054697,NA,2320.78,2015.901215,NA,,
2010-10-12,Pacific,Hawaiian Archipelago,Hawai'i (Big Island),9.8,26.0482,35.015,NA,NA,NA,8.025218424,NA,2285.2,1989.2,NA,,
2011-03-22,Pacific,Pacific Remote Islands Area,Wake Atoll,10.7,26.0533,35.158,NA,NA,NA,8.067782466,NA,2299,1975,NA,,
2010-10-31,Pacific,Hawaiian Archipelago,Kaua'i,0.9,26.0572,35.108,NA,NA,NA,8.043769565,NA,2299.1,1990.2,NA,,
2014-03-19,Pacific,Pacific Remote Islands Area,Wake Atoll,13.7,26.0626,35.3298,NA,NA,NA,8.04609468,NA,2289.6,1978.2,NA,,
2012-03-02,Pacific,Pacific Remote Islands Area,Johnston Atoll,0.9,26.0636,34.858,NA,NA,NA,8.01319734,NA,2245.7,1961.3,NA,,
2013-08-18,Pacific,Hawaiian Archipelago,Oahu,13.4,26.0643,35.2315,NA,NA,NA,8.049958374,NA,2317.35,2001.783177,NA,,
2010-10-18,Pacific,Hawaiian Archipelago,Maui,0.9,26.0662,35.156,NA,NA,NA,8.041402408,NA,2297.5,1989.7,NA,,
2016-07-23,Pacific,Hawaiian Archipelago,Kaua'i,0.9,26.0714,34.9384,NA,NA,NA,8.051375125,NA,2301,1988.5,NA,,
2010-09-09,Pacific,Hawaiian Archipelago,French Frigate Shoals,0.9,26.0739,35.63157993,NA,NA,NA,8.044270766,NA,2330.8,2014.5,NA,,
2016-09-11,Pacific,Hawaiian Archipelago,Pearl and Hermes Atoll,14.3,26.0793,35.2399,NA,NA,NA,8.034888363,NA,2312.1,2005.9,NA,,
2010-10-30,Pacific,Hawaiian Archipelago,Kaua'i,0.9,26.0844,35.187,NA,NA,NA,8.076050536,NA,2300.3,1970.7,NA,,
2015-01-28,Pacific,Pacific Remote Islands Area,Johnston Atoll,11,26.0875,35.0564,NA,NA,NA,8.072200524,NA,2302.9,1976.2,NA,,
2016-07-23,Pacific,Hawaiian Archipelago,Kaua'i,10.7,26.092,34.9461,NA,NA,NA,8.045579021,NA,2298.5,1989.3,NA,,
2014-04-23,Pacific,Guam and Marianas Islands,Asuncion Island,14.6,26.1036,35.1186,NA,NA,NA,8.068820618,NA,2301.2,1976.1,NA,,
2010-10-20,Pacific,Hawaiian Archipelago,Maui,11.3,26.105,35.099,NA,NA,NA,8.037557186,NA,2298.8,1993.1,NA,,
2010-10-08,Pacific,Hawaiian Archipelago,Hawai'i (Big Island),0.9,26.1061,35.066,NA,NA,NA,8.051523697,NA,2306.8,1992.4,NA,,
2010-10-11,Pacific,Hawaiian Archipelago,Hawai'i (Big Island),0.9,26.1098,35.007,NA,NA,NA,8.04840137,NA,2300.7,1989.2,NA,,
2016-07-23,Pacific,Hawaiian Archipelago,Kaua'i,0.9,26.1102,34.921,NA,NA,NA,8.050278305,NA,2300.4,1988.4,NA,,
2021-06-10,Pacific,Main Hawaiian Islands,Oahu,1,26.111,34.549,NA,NA,NA,7.976694416,NA,2275.2,2010.5,NA,,
2010-10-11,Pacific,Hawaiian Archipelago,Hawai'i (Big Island),14.3,26.1122,35.001,NA,NA,NA,8.044704369,NA,2297.4,1988.2,NA,,
2010-01-26,Pacific,Pacific Remote Islands Area,Johnston Atoll,11.6,26.1145,35.04089166,NA,NA,NA,8.034294497,NA,2300,1996.5,NA,,
2021-06-07,Pacific,Main Hawaiian Islands,Oahu,1,26.116,34.628,NA,NA,NA,8.021721532,NA,2268.9,1978.8,NA,,
2010-10-25,Pacific,Hawaiian Archipelago,Oahu,0.9,26.1195,35.257,NA,NA,NA,8.050698796,NA,2312.4,1996.3,NA,,
2010-01-25,Pacific,Pacific Remote Islands Area,Johnston Atoll,8.2,26.1212,35.18567517,NA,NA,NA,8.029173378,NA,2258,1960.3,NA,,
2021-06-07,Pacific,Main Hawaiian Islands,Oahu,1,26.126,34.567,NA,NA,NA,8.011216701,NA,2270.9,1987,NA,,
2013-08-21,Pacific,Hawaiian Archipelago,Lana'i,10.7,26.127,35.2415,NA,NA,NA,8.014555256,NA,2290.61,1997.997932,NA,,
2012-05-07,Pacific,Pacific Remote Islands Area,Jarvis Island,14.937,26.1273,35.403,NA,NA,NA,7.97434586,NA,2326,2052.2,NA,,
2013-08-21,Pacific,Hawaiian Archipelago,Lana'i,14.6,26.1275,35.2227,NA,NA,NA,8.031116862,NA,2299.99,1996.804041,NA,,
2013-08-18,Pacific,Hawaiian Archipelago,Oahu,14.6,26.1283,35.3351,NA,NA,NA,8.030355398,NA,2308.02,2003.701716,NA,,
2021-06-09,Pacific,Main Hawaiian Islands,Oahu,1,26.129,34.717,NA,NA,NA,8.017732963,NA,2267.1,1978.7,NA,,
2008-11-11,Pacific,Hawaiian Archipelago,Niihau,11.89,26.1296,35.166,NA,NA,NA,8.06257771,NA,2299.5,1977.8,NA,,
2008-11-11,Pacific,Hawaiian Archipelago,Niihau,11.89,26.1296,35.1726,NA,NA,NA,8.063395859,NA,2301.1,1978.7,NA,,
2016-07-14,Pacific,Hawaiian Archipelago,Maui,15.2,26.1307,34.7802,NA,NA,NA,8.0511378,NA,2288.7,1977.9,NA,,
2008-11-11,Pacific,Hawaiian Archipelago,Niihau,11.8,26.1361,35.169,NA,NA,NA,8.071110602,NA,2306,1978.3,NA,,
2010-10-22,Pacific,Hawaiian Archipelago,Lana'i,11.6,26.1367,35.142,NA,NA,NA,8.041233958,NA,2300.7,1992,NA,,
2010-10-25,Pacific,Hawaiian Archipelago,Oahu,13.4,26.1377,35.249,NA,NA,NA,8.044797025,NA,2310.2,1997.6,NA,,
2021-07-09,Pacific,Main Hawaiian Islands,Oahu,1,26.138,34.649,NA,NA,NA,7.819663933,NA,2282.9,2095.9,NA,,
2010-01-26,Pacific,Pacific Remote Islands Area,Johnston Atoll,0.9,26.1385,35.03873727,NA,NA,NA,8.048519093,NA,2300.4,1988.3,NA,,
2008-11-11,Pacific,Hawaiian Archipelago,Niihau,6.1,26.1399,35.189,NA,NA,NA,8.064491218,NA,2302.1,1978.8,NA,,
2021-06-10,Pacific,Main Hawaiian Islands,Oahu,1,26.143,34.63,NA,NA,NA,8.045549099,NA,2273.4,1968.7,NA,,
2013-10-18,Pacific,Hawaiian Archipelago,Oahu,20.1,26.1482,35.2215,NA,NA,NA,8.057592011,NA,2320.68,1999.202705,NA,,
2016-07-20,Pacific,Hawaiian Archipelago,Molokai,13.4,26.1573,34.8846,NA,NA,NA,8.058115559,NA,2293.7,1977.2,NA,,
2021-06-07,Pacific,Main Hawaiian Islands,Oahu,1,26.158,34.616,NA,NA,NA,8.026932676,NA,2271.2,1977.6,NA,,
2008-11-11,Pacific,Hawaiian Archipelago,Niihau,0.8,26.1599,35.198,NA,NA,NA,8.043538283,NA,2290.3,1980.8,NA,,
2021-06-08,Pacific,Main Hawaiian Islands,Oahu,1,26.177,34.58,NA,NA,NA,8.022707814,NA,2270.6,1979.6,NA,,
2021-07-09,Pacific,Main Hawaiian Islands,Oahu,1,26.178,34.66,NA,NA,NA,8.039001923,NA,2280.2,1978.2,NA,,
2008-10-25,Pacific,Hawaiian Archipelago,Molokai,12.2,26.178,35.0896,NA,NA,NA,8.020942023,NA,2271.8,1977.8,NA,,
2013-08-19,Pacific,Hawaiian Archipelago,Molokai,15.2,26.1801,35.2364,NA,NA,NA,8.016611976,NA,2304.39,2008.807644,NA,,
2010-10-29,Pacific,Hawaiian Archipelago,Niihau,0.9,26.1803,35.272,NA,NA,NA,8.057215753,NA,2309.7,1989.2,NA,,
2014-04-26,Pacific,Guam and Marianas Islands,Farallon de Pajaros,15.5,26.1838,35.0998,NA,NA,NA,8.063301321,NA,2298.1,1976,NA,,
2012-03-03,Pacific,Pacific Remote Islands Area,Johnston Atoll,9.1,26.1847,34.795,NA,NA,NA,8.033468738,NA,2229.4,1934.2,NA,,
2021-06-10,Pacific,Main Hawaiian Islands,Oahu,1,26.185,34.606,NA,NA,NA,8.02571509,NA,2272.8,1979.6,NA,,
2021-06-23,Pacific,Main Hawaiian Islands,Oahu,1,26.189,34.712,NA,NA,NA,8.029719427,NA,2261.4,1966.1,NA,,
2008-10-25,Pacific,Hawaiian Archipelago,Molokai,12.4,26.1927,35.0819,NA,NA,NA,8.029392011,NA,2277.7,1978.2,NA,,
2021-07-09,Pacific,Main Hawaiian Islands,Oahu,1,26.196,34.64,NA,NA,NA,8.040020659,NA,2279,1976.5,NA,,
2021-07-09,Pacific,Main Hawaiian Islands,Oahu,1,26.198,34.553,NA,NA,NA,8.038401689,NA,2277.8,1977,NA,,
2013-08-08,Pacific,Hawaiian Archipelago,Hawai'i (Big Island),15.2,26.2176,35.1813,NA,NA,NA,8.041569907,NA,2308.94,1998.146684,NA,,
2010-10-19,Pacific,Hawaiian Archipelago,Maui,0.9,26.22,35.161,NA,NA,NA,8.038787031,NA,2303.7,1995.5,NA,,
2016-07-15,Pacific,Hawaiian Archipelago,Maui,11.6,26.2265,34.8087,NA,NA,NA,8.047212839,NA,2287,1977.7,NA,,
2010-11-01,Pacific,Hawaiian Archipelago,Niihau,0.9,26.2343,35.231,NA,NA,NA,8.030254913,NA,2304.5,2000.6,NA,,
2016-07-18,Pacific,Hawaiian Archipelago,Lana'i,14,26.2361,34.8815,NA,NA,NA,8.02555912,NA,2286.7,1989.6,NA,,
2010-11-01,Pacific,Hawaiian Archipelago,Niihau,0.9,26.2414,35.256,NA,NA,NA,8.043872776,NA,2309.5,1996.8,NA,,
2012-05-06,Pacific,Pacific Remote Islands Area,Jarvis Island,14.513,26.2513,35.412,NA,NA,NA,7.970104766,NA,2330,2057.1,NA,,
2011-03-23,Pacific,Pacific Remote Islands Area,Wake Atoll,12.2,26.2526,35.274,NA,NA,NA,8.087575116,NA,2308.9,1968.7,NA,,
2008-04-02,Pacific,Pacific Remote Islands Area,Palmyra Atoll,3.05,26.2545,34.544,NA,NA,NA,7.946684466,NA,2236,1989.4,NA,,
2008-10-25,Pacific,Hawaiian Archipelago,Molokai,6.1,26.2559,35.0556,NA,NA,NA,8.022188875,NA,2274.3,1979,NA,,
2008-04-02,Pacific,Pacific Remote Islands Area,Palmyra Atoll,3.05,26.2587,34.569,NA,NA,NA,7.947209106,NA,2241.1,1993.6,NA,,
2021-06-22,Pacific,Main Hawaiian Islands,Oahu,1,26.26,34.745,NA,NA,NA,7.967792716,NA,2280.5,2017.7,NA,,
2019-05-05,Pacific,Hawaiian Archipelago,Hawai'i (Big Island),1,26.26061071,34.13823571,NA,NA,NA,8.048769002,NA,2261.4,1958.6,NA,,
2010-11-02,Pacific,Hawaiian Archipelago,Oahu,8.2,26.2611,35.231,NA,NA,NA,8.037376603,NA,2311.3,2002.2,NA,,
2010-11-02,Pacific,Hawaiian Archipelago,Oahu,8.2,26.2611,35.238,NA,NA,NA,8.039224179,NA,2311.5,2001.2,NA,,
2010-11-02,Pacific,Hawaiian Archipelago,Oahu,8.2,26.2611,35.231,NA,NA,NA,8.043026662,NA,2314.9,2002,NA,,
2010-10-13,Pacific,Hawaiian Archipelago,Hawai'i (Big Island),13.7,26.2612,35.025,NA,NA,NA,8.039081171,NA,2277.7,1972.1,NA,,
2008-04-02,Pacific,Pacific Remote Islands Area,Palmyra Atoll,2.13,26.2617,34.532,NA,NA,NA,7.950606854,NA,2235.1,1986.5,NA,,
2010-11-01,Pacific,Hawaiian Archipelago,Niihau,14.9,26.2619,35.26,NA,NA,NA,8.045962576,NA,2309.9,1995.3,NA,,
2013-08-21,Pacific,Hawaiian Archipelago,Lana'i,14,26.2805,35.2191,NA,NA,NA,8.043621965,NA,2309.49,1996.565625,NA,,
2013-08-08,Pacific,Hawaiian Archipelago,Hawai'i (Big Island),4.6,26.2815,35.0199,NA,NA,NA,8.06408883,NA,2302.33,1979.324621,NA,,
2010-10-29,Pacific,Hawaiian Archipelago,Niihau,13.1,26.2893,35.279,NA,NA,NA,8.034252044,NA,2297.7,1991.1,NA,,
2010-11-02,Pacific,Hawaiian Archipelago,Oahu,0.9,26.2896,35.235,NA,NA,NA,8.03992262,NA,2317.2,2005.9,NA,,
2010-11-01,Pacific,Hawaiian Archipelago,Niihau,12.5,26.2918,35.246,NA,NA,NA,8.0391644,NA,2311.4,2000.7,NA,,
2017-04-05,Pacific,Pacific Remote Islands Area,Jarvis Island,16.8,26.29494244,35.19407011,NA,NA,NA,7.941079106,NA,2314.8,2060.3,NA,,
2017-04-05,Pacific,Pacific Remote Islands Area,Jarvis Island,15.3,26.29494244,35.19407011,NA,NA,NA,7.941220215,NA,2313.8,2059.3,NA,,
2013-08-17,Pacific,Hawaiian Archipelago,Kaua'i,0.9,26.2968,35.3891,NA,NA,NA,7.996967065,NA,2308.4,2022.0702450000001,NA,,
2021-06-10,Pacific,Main Hawaiian Islands,Oahu,1,26.297,34.576,NA,NA,NA,8.031966586,NA,2271.7,1974.2,NA,,
2008-10-25,Pacific,Hawaiian Archipelago,Molokai,1.6,26.299,35.0437,NA,NA,NA,8.040386613,NA,2292.6,1984.6,NA,,
2011-04-14,Pacific,Guam and Marianas Islands,Asuncion Island,0.9,26.3076,34.92,NA,NA,NA,8.088494657,NA,2288.6,1952.5,NA,,
2010-10-14,Pacific,Hawaiian Archipelago,Hawai'i (Big Island),12.8,26.3078,35.037,NA,NA,NA,8.042944975,NA,2288.8,1979.4,NA,,
2013-08-17,Pacific,Hawaiian Archipelago,Kaua'i,14.3,26.3122,35.3989,NA,NA,NA,7.994196925,NA,2304.63,2019.765327,NA,,
2014-05-05,Pacific,Guam and Marianas Islands,Maug,14,26.3147,35.1394,NA,NA,NA,8.068942015,NA,2305.5,1977.7,NA,,
2013-08-19,Pacific,Hawaiian Archipelago,Molokai,0.9,26.3158,35.2274,NA,NA,NA,8.032692468,NA,2310.24,2003.722241,NA,,
2011-03-23,Pacific,Pacific Remote Islands Area,Wake Atoll,0.9,26.3188,35.213,NA,NA,NA,8.071619582,NA,2313.4,1982.8,NA,,
2012-03-03,Pacific,Pacific Remote Islands Area,Johnston Atoll,0.9,26.3194,34.797,NA,NA,NA,8.015598893,NA,2229.9,1943.8,NA,,
2010-10-12,Pacific,Hawaiian Archipelago,Hawai'i (Big Island),0.9,26.3195,35.027,NA,NA,NA,8.030487299,NA,2300.2,1997.4,NA,,
2010-10-23,Pacific,Hawaiian Archipelago,Lana'i,11.6,26.3224,35.15,NA,NA,NA,8.053991914,NA,2298.5,1980.5,NA,,
2010-10-19,Pacific,Hawaiian Archipelago,Maui,12.8,26.3272,35.159,NA,NA,NA,8.036965615,NA,2300.4,1992.4,NA,,
2013-10-18,Pacific,Hawaiian Archipelago,Oahu,13.4,26.3274,35.212,NA,NA,NA,8.063716795,NA,2311.1,1985.360576,NA,,
2021-06-22,Pacific,Main Hawaiian Islands,Oahu,1,26.334,34.731,NA,NA,NA,8.027321867,NA,2261.3,1966,NA,,
2021-06-15,Pacific,Main Hawaiian Islands,Oahu,1,26.351,34.82,NA,NA,NA,8.001045799,NA,2170.4,1897.3,NA,,
2014-03-18,Pacific,Pacific Remote Islands Area,Wake Atoll,0.9,26.3554,35.34,NA,NA,NA,8.069756865,NA,2296.6,1967.6,NA,,
2016-07-17,Pacific,Hawaiian Archipelago,Molokai,8.8,26.3564,34.8749,NA,NA,NA,8.043503741,NA,2292.4,1983.2,NA,,
2013-08-17,Pacific,Hawaiian Archipelago,Kaua'i,0.9,26.3564,35.2655,NA,NA,NA,8.045556573,NA,2325.95,2009.490101,NA,,
2011-04-14,Pacific,Guam and Marianas Islands,Asuncion Island,9.8,26.3625,34.897,NA,NA,NA,8.078546141,NA,2286.3,1956,NA,,
2016-09-12,Pacific,Hawaiian Archipelago,Kure Atoll,9.1,26.3642,35.0674,NA,NA,NA,8.008464267,NA,2309.1,2017.6,NA,,
2016-09-13,Pacific,Hawaiian Archipelago,Kure Atoll,14.3,26.3717,35.0763,NA,NA,NA,8.024657963,NA,2304.1,2003.3,NA,,
2013-08-19,Pacific,Hawaiian Archipelago,Molokai,9.1,26.3721,35.2617,NA,NA,NA,8.016635622,NA,2303.72,2006.43008,NA,,
2017-04-05,Pacific,Pacific Remote Islands Area,Jarvis Island,16.8,26.3730837,35.16997963,NA,NA,NA,NA,NA,2303.8,NA,NA,,
2017-04-05,Pacific,Pacific Remote Islands Area,Jarvis Island,15.3,26.3730837,35.16997963,NA,NA,NA,NA,NA,2314.7,NA,NA,,
2011-03-24,Pacific,Pacific Remote Islands Area,Wake Atoll,13.1,26.3764,35.286,NA,NA,NA,8.077060849,NA,2312.4,1977.2,NA,,
2013-08-19,Pacific,Hawaiian Archipelago,Molokai,0.9,26.3804,35.1897,NA,NA,NA,8.047027926,NA,2316.245,2000.180267,NA,,
2016-09-14,Pacific,Hawaiian Archipelago,Kure Atoll,14.3,26.3841,35.0888,NA,NA,NA,8.000685086,NA,2301.4,2014.6,NA,,
2016-09-14,Pacific,Hawaiian Archipelago,Kure Atoll,12.8,26.3841,35.0888,NA,NA,NA,8.002415836,NA,2301.4,2013.6,NA,,
2013-10-23,Pacific,Hawaiian Archipelago,Oahu,21.3,26.3867,35.2133,NA,NA,NA,8.055032413,NA,2315.92,1994.318421,NA,,
2021-06-08,Pacific,Main Hawaiian Islands,Oahu,1,26.387,34.59,NA,NA,NA,8.015200787,NA,2272.2,1983.5,NA,,
2013-08-10,Pacific,Hawaiian Archipelago,Maui,13.7,26.3899,35.2471,NA,NA,NA,8.015651357,NA,2309.19,2011.832658,NA,,
2010-10-21,Pacific,Hawaiian Archipelago,Lana'i,0.9,26.3949,35.208,NA,NA,NA,8.014052416,NA,2287.8,1993.8,NA,,
2011-04-14,Pacific,Guam and Marianas Islands,Asuncion Island,0.9,26.3955,34.899,NA,NA,NA,8.086889328,NA,2286.3,1950.7,NA,,
2017-04-05,Pacific,Pacific Remote Islands Area,Jarvis Island,16.8,26.39707963,35.1730163,NA,NA,NA,7.940904712,NA,2312.3,2057.4,NA,,
2017-04-05,Pacific,Pacific Remote Islands Area,Jarvis Island,15.3,26.39707963,35.1730163,NA,NA,NA,7.944597318,NA,2312.2,2055.3,NA,,
2010-01-25,Pacific,Pacific Remote Islands Area,Johnston Atoll,0.9,26.3996,35.17372065,NA,NA,NA,8.019603875,NA,2259,1964.6,NA,,
2017-04-05,Pacific,Pacific Remote Islands Area,Jarvis Island,16.8,26.40235203,35.17218118,NA,NA,NA,7.943939823,NA,2310,2053.6,NA,,
2017-04-05,Pacific,Pacific Remote Islands Area,Jarvis Island,15.3,26.40235203,35.17218118,NA,NA,NA,7.944645175,NA,2311.5,2054.6,NA,,
2017-04-04,Pacific,Pacific Remote Islands Area,Jarvis Island,15.3,26.40238,35.13263852,NA,NA,NA,7.958659327,NA,2309.8,2045.6,NA,,
2017-04-04,Pacific,Pacific Remote Islands Area,Jarvis Island,16.8,26.40238,35.13263852,NA,NA,NA,7.963010182,NA,2310.9,2044.2,NA,,
2017-04-04,Pacific,Pacific Remote Islands Area,Jarvis Island,15.2,26.4051,35.1252,NA,NA,NA,7.956304507,NA,2304.2,2041.8,NA,,
2011-03-24,Pacific,Pacific Remote Islands Area,Wake Atoll,0.9,26.4075,35.218,NA,NA,NA,8.091573209,NA,2314,1969.8,NA,,
2016-07-26,Pacific,Hawaiian Archipelago,Kaua'i,9.1,26.4091,34.8666,NA,NA,NA,8.030795317,NA,2291,1989.1,NA,,
2016-09-13,Pacific,Hawaiian Archipelago,Kure Atoll,10.1,26.4132,35.0692,NA,NA,NA,8.016824331,NA,2304,2007.6,NA,,
2010-09-08,Pacific,Hawaiian Archipelago,French Frigate Shoals,8.5,26.4144,35.67341018,NA,NA,NA,8.037248149,NA,2330.5,2014.9,NA,,
2013-08-20,Pacific,Hawaiian Archipelago,Molokai,6.1,26.4166,35.256100000000004,NA,NA,NA,8.038814661,NA,2311.6,2000.055497,NA,,
2013-08-22,Pacific,Hawaiian Archipelago,Lana'i,12.5,26.4177,35.0805,NA,NA,NA,8.048241339,NA,2307.61,1991.902811,NA,,
2017-04-05,Pacific,Pacific Remote Islands Area,Jarvis Island,15.3,26.42529741,35.13831815,NA,NA,NA,7.950940367,NA,2308.9,2048.8,NA,,
2017-04-05,Pacific,Pacific Remote Islands Area,Jarvis Island,16.8,26.42529741,35.13831815,NA,NA,NA,7.954389254,NA,2311.5,2049.3,NA,,
2013-10-22,Pacific,Hawaiian Archipelago,Oahu,0.9,26.4325,NA,NA,NA,NA,NA,NA,2312.11,1994.194919,NA,,
2016-07-26,Pacific,Hawaiian Archipelago,Kaua'i,14.6,26.4333,34.85,NA,NA,NA,8.046836104,NA,2296.2,1984,NA,,
2013-07-13,Pacific,Hawaiian Archipelago,Kure Atoll,16.5,26.4404,35.4309,NA,NA,NA,8.04016401,NA,2321.16,2006.113092,NA,,
2017-04-05,Pacific,Pacific Remote Islands Area,Jarvis Island,16.8,26.45256074,35.17475889,NA,NA,NA,7.957571377,NA,2311.1,2046.7,NA,,
2016-07-17,Pacific,Hawaiian Archipelago,Molokai,15.8,26.4552,34.8463,NA,NA,NA,8.048402059,NA,2292.7,1979.7,NA,,
2021-06-23,Pacific,Main Hawaiian Islands,Oahu,1,26.456,34.589,NA,NA,NA,8.03443783,NA,2275.5,1974.7,NA,,
2011-03-25,Pacific,Pacific Remote Islands Area,Wake Atoll,14.3,26.4633,35.232,NA,NA,NA,8.081151414,NA,2313.6,1975.2,NA,,
2016-07-27,Pacific,Hawaiian Archipelago,Kaua'i,12.8,26.4633,34.9356,NA,NA,NA,8.042042213,NA,2296.3,1986.1,NA,,
2016-07-17,Pacific,Hawaiian Archipelago,Molokai,0.9,26.4634,34.8431,NA,NA,NA,8.047326529,NA,2292.8,1980.7,NA,,
2021-06-23,Pacific,Main Hawaiian Islands,Oahu,1,26.473,34.587,NA,NA,NA,8.028374691,NA,2274.7,1977.4,NA,,
2017-04-02,Pacific,Pacific Remote Islands Area,Jarvis Island,16.2,26.47632259,35.07501593,NA,NA,NA,NA,NA,2308.2,NA,NA,,
2014-05-03,Pacific,Guam and Marianas Islands,Maug,0.9,26.478,35.1547,NA,NA,NA,8.067175499,NA,2308.5,1980.1,NA,,
2013-08-18,Pacific,Hawaiian Archipelago,Oahu,2.4,26.4802,35.242,NA,NA,NA,8.059554232,NA,2305.03,1981.027268,NA,,
2008-03-31,Pacific,Pacific Remote Islands Area,Palmyra Atoll,10,26.4822,34.89,NA,NA,NA,7.999607432,NA,2291.7,2007.1,NA,,
2021-06-08,Pacific,Main Hawaiian Islands,Oahu,1,26.483,34.527,NA,NA,NA,8.054958536,NA,2283.8,1970.2,NA,,
2010-09-08,Pacific,Hawaiian Archipelago,French Frigate Shoals,0.9,26.4845,35.79796471,NA,NA,NA,8.025034399,NA,2319,2010.5,NA,,
2016-09-12,Pacific,Hawaiian Archipelago,Kure Atoll,14.3,26.4856,35.0981,NA,NA,NA,7.998739881,NA,2298.5,2012.2,NA,,
2013-08-18,Pacific,Hawaiian Archipelago,Oahu,0.9,26.4867,35.2093,NA,NA,NA,8.036990675,NA,2315.39,2004.38837,NA,,
2011-03-25,Pacific,Pacific Remote Islands Area,Wake Atoll,0.9,26.4881,35.221,NA,NA,NA,8.08165523,NA,2311.8,1973.4,NA,,
2013-07-13,Pacific,Hawaiian Archipelago,Kure Atoll,15.5,26.4919,35.4382,NA,NA,NA,8.013797966,NA,2312,2013.183129,NA,,
2016-09-10,Pacific,Hawaiian Archipelago,Pearl and Hermes Atoll,0.9,26.4971,35.1912,NA,NA,NA,8.018433318,NA,2299.6,2001.2,NA,,
2017-04-03,Pacific,Pacific Remote Islands Area,Jarvis Island,14.7,26.50258519,35.0954663,NA,NA,NA,7.897853926,NA,2290.6,2059.7,NA,,
2021-07-16,Pacific,Main Hawaiian Islands,Oahu,1,26.504,34.633,NA,NA,NA,8.033785672,NA,2281.2,1979.5,NA,,
2010-10-22,Pacific,Hawaiian Archipelago,Lana'i,0.9,26.5041,35.159,NA,NA,NA,8.021046389,NA,2297.6,1998,NA,,
2010-10-12,Pacific,Hawaiian Archipelago,Hawai'i (Big Island),0.9,26.507,35.034,NA,NA,NA,8.034960527,NA,2294.6,1987.9,NA,,
2017-04-03,Pacific,Pacific Remote Islands Area,Jarvis Island,16.2,26.50835444,35.09831556,NA,NA,NA,7.927543045,NA,2301.8,2054.5,NA,,
2021-07-07,Pacific,Main Hawaiian Islands,Oahu,1,26.514,34.616,NA,NA,NA,8.027508027,NA,2271.8,1974.7,NA,,
2021-06-16,Pacific,Main Hawaiian Islands,Oahu,1,26.515,34.603,NA,NA,NA,8.022155591,NA,2267.5,1974,NA,,
2016-09-11,Pacific,Hawaiian Archipelago,Pearl and Hermes Atoll,11.3,26.5158,35.2639,NA,NA,NA,8.030915896,NA,2313.1,2005.1,NA,,
2016-07-18,Pacific,Hawaiian Archipelago,Molokai,0.9,26.5232,34.9166,NA,NA,NA,8.040367396,NA,2292.7,1983.7,NA,,
2017-04-03,Pacific,Pacific Remote Islands Area,Jarvis Island,0.9,26.5244,35.1607,NA,NA,NA,7.97602741,NA,2311.5,2036.5,NA,,
2013-10-22,Pacific,Hawaiian Archipelago,Oahu,12.8,26.5257,35.1447,NA,NA,NA,7.958224269,NA,2247.09,1987.142619,NA,,
2016-07-19,Pacific,Hawaiian Archipelago,Molokai,0.9,26.5321,34.8529,NA,NA,NA,8.042793476,NA,2296.3,1985.9,NA,,
2016-07-19,Pacific,Hawaiian Archipelago,Molokai,0.9,26.5325,34.6691,NA,NA,NA,8.021471783,NA,2285.8,1990.4,NA,,
2010-09-08,Pacific,Hawaiian Archipelago,French Frigate Shoals,0.9,26.534300000000002,35.71210513,NA,NA,NA,8.035077331,NA,2330.3,2014.8,NA,,
2013-08-22,Pacific,Hawaiian Archipelago,Lana'i,15.2,26.5348,35.0987,NA,NA,NA,8.038770117,NA,2303.5,1992.725315,NA,,
2010-09-08,Pacific,Hawaiian Archipelago,French Frigate Shoals,12.2,26.5368,35.76593548,NA,NA,NA,8.00162791,NA,2308.5,2014.5,NA,,
2015-08-06,Pacific,Hawaiian Archipelago,Pearl and Hermes Atoll,11.6,26.5379,35.4446,NA,NA,NA,8.002540133,NA,2309.6,2017.2,NA,,
2013-10-29,Pacific,Hawaiian Archipelago,Oahu,21.3,26.5466,35.25,NA,NA,NA,8.049153094,NA,2319.28,1999.247831,NA,,
2014-05-03,Pacific,Guam and Marianas Islands,Maug,0.9,26.5512,35.1631,NA,NA,NA,8.071208121,NA,2294.8,1964.6,NA,,
2021-07-13,Pacific,Main Hawaiian Islands,Oahu,1,26.56,34.66,NA,NA,NA,8.009654019,NA,2278.9,1990.8,NA,,
2021-06-07,Pacific,Main Hawaiian Islands,Oahu,1,26.562,34.443,NA,NA,NA,7.996436789,NA,2272.9,1994.4,NA,,
2016-07-20,Pacific,Hawaiian Archipelago,Molokai,16.2,26.5701,34.8481,NA,NA,NA,8.042319118,NA,2280.3,1971.1,NA,,
2012-03-17,Pacific,Pacific Remote Islands Area,Baker Island,15.8,26.5737,35.323,NA,NA,NA,8.010978171,NA,2323.2,2025.1,NA,,
2021-06-15,Pacific,Main Hawaiian Islands,Oahu,1,26.577,34.59,NA,NA,NA,8.021047055,NA,2266.4,1973.2,NA,,
2021-06-23,Pacific,Main Hawaiian Islands,Oahu,1,26.58,34.596,NA,NA,NA,8.026936061,NA,2275.1,1977.6,NA,,
2017-04-03,Pacific,Pacific Remote Islands Area,Jarvis Island,16.2,26.5847963,35.09399926,NA,NA,NA,NA,NA,2315.7,NA,NA,,
2013-07-13,Pacific,Hawaiian Archipelago,Kure Atoll,0.9,26.5861,35.4496,NA,NA,NA,8.038116121,NA,2325.12,2009.779788,NA,,
2016-09-08,Pacific,Hawaiian Archipelago,Pearl and Hermes Atoll,9.8,26.5869,35.1933,NA,NA,NA,7.990134515,NA,2279.7,1998.5,NA,,
2012-05-03,Pacific,Pacific Remote Islands Area,Jarvis Island,0.9,26.587,35.42,NA,NA,NA,8.08375777,NA,2311.8,1969.5,NA,,
2016-07-27,Pacific,Hawaiian Archipelago,Kaua'i,10.7,26.5873,34.8694,NA,NA,NA,8.060108294,NA,2292.6,1971.2,NA,,
2013-10-28,Pacific,Hawaiian Archipelago,Oahu,13.7,26.5931,35.2631,NA,NA,NA,8.02441374,NA,2308.84,2004.42839,NA,,
2013-10-28,Pacific,Hawaiian Archipelago,Oahu,13.7,26.5933,35.2611,NA,NA,NA,8.05160069,NA,2307.48,1986.729903,NA,,
2013-08-17,Pacific,Hawaiian Archipelago,Kaua'i,16.8,26.5961,35.3734,NA,NA,NA,8.047420412,NA,2328.02,2006.856804,NA,,
2013-08-04,Pacific,Hawaiian Archipelago,Hawai'i (Big Island),13.4,26.5976,35.0905,NA,NA,NA,8.038411107,NA,2301.13,1990.291132,NA,,
2021-06-08,Pacific,Main Hawaiian Islands,Oahu,1,26.604,34.453,NA,NA,NA,7.99085821,NA,2273.1,1997.3,NA,,
2013-07-14,Pacific,Hawaiian Archipelago,Kure Atoll,0.9,26.6046,35.3948,NA,NA,NA,8.021649686,NA,2326.44,2021.194996,NA,,
2010-09-09,Pacific,Hawaiian Archipelago,French Frigate Shoals,8.2,26.6073,35.76397064,NA,NA,NA,7.969127732,NA,2274.7,2001.7,NA,,
2012-05-05,Pacific,Pacific Remote Islands Area,Jarvis Island,14.948,26.6088,35.341,NA,NA,NA,7.996575302,NA,2332,2041.2,NA,,
2017-04-03,Pacific,Pacific Remote Islands Area,Jarvis Island,16.2,26.6139,35.1292,NA,NA,NA,7.940393437,NA,2296.8,2042.1,NA,,
2013-10-23,Pacific,Hawaiian Archipelago,Oahu,12.2,26.6148,35.2071,NA,NA,NA,8.043704876,NA,2295.92,1981.337473,NA,,
2010-09-09,Pacific,Hawaiian Archipelago,French Frigate Shoals,0.9,26.617,35.73174976,NA,NA,NA,8.027400942,NA,2318.3,2007.8,NA,,
2010-10-19,Pacific,Hawaiian Archipelago,Maui,0.9,26.618,35.142,NA,NA,NA,8.00358222,NA,2280,1991.3,NA,,
2017-04-03,Pacific,Pacific Remote Islands Area,Jarvis Island,0.9,26.6193,35.0148,NA,NA,NA,7.971615749,NA,2283.7,2013.7,NA,,
2013-07-13,Pacific,Hawaiian Archipelago,Kure Atoll,0.9,26.6198,35.3175,NA,NA,NA,8.032656071,NA,2318.55,2007.848032,NA,,
2013-08-02,Pacific,Hawaiian Archipelago,Maui,14.3,26.6216,35.2311,NA,NA,NA,8.038209595,NA,2307.91,1995.222161,NA,,
2017-04-03,Pacific,Pacific Remote Islands Area,Jarvis Island,14.7,26.62454704,35.08275481,NA,NA,NA,7.935879301,NA,2300.7,2048.2,NA,,
2017-04-03,Pacific,Pacific Remote Islands Area,Jarvis Island,16.2,26.62454704,35.08275481,NA,NA,NA,7.973913085,NA,2321.8,2046.6,NA,,
2013-10-30,Pacific,Hawaiian Archipelago,Oahu,14.3,26.626,35.277,NA,NA,NA,8.052411422,NA,2322.92,1999.70146,NA,,
2015-08-08,Pacific,Hawaiian Archipelago,Pearl and Hermes Atoll,14.6,26.6328,35.5291,NA,NA,NA,8.05222087,NA,2324.3,1999,NA,,
2016-07-28,Pacific,Hawaiian Archipelago,Niihau,13.7,26.6367,34.9346,NA,NA,NA,8.045787791,NA,2295.8,1981.8,NA,,
2017-04-03,Pacific,Pacific Remote Islands Area,Jarvis Island,16.2,26.63715519,35.09322074,NA,NA,NA,NA,NA,2306.2,NA,NA,,
2013-08-05,Pacific,Hawaiian Archipelago,Hawai'i (Big Island),14.6,26.6408,35.0494,NA,NA,NA,8.048114655,NA,2308.52,1990.931627,NA,,
2021-06-22,Pacific,Main Hawaiian Islands,Oahu,1,26.648,34.749,NA,NA,NA,7.992652019,NA,2233.9,1958,NA,,
2016-09-09,Pacific,Hawaiian Archipelago,Pearl and Hermes Atoll,14.3,26.6483,35.2746,NA,NA,NA,8.027962124,NA,2308.2,2001.1,NA,,
2008-03-30,Pacific,Pacific Remote Islands Area,Palmyra Atoll,10,26.6497,34.937,NA,NA,NA,8.01100669,NA,2288.5,1995.8,NA,,
2013-08-18,Pacific,Hawaiian Archipelago,Oahu,0.9,26.6662,35.1781,NA,NA,NA,8.035284474,NA,2316.45,2004.985393,NA,,
2021-07-20,Pacific,Main Hawaiian Islands,Oahu,1,26.67,34.659,NA,NA,NA,8.012484061,NA,2274.7,1984.4,NA,,
2019-07-13,Pacific,Hawaiian Archipelago,Hawai'i (Big Island),0.9,26.67759714,34.11596568,NA,NA,NA,8.012205791,NA,2250.5,1966.4,NA,,
2011-03-25,Pacific,Pacific Remote Islands Area,Wake Atoll,14.3,26.6783,35.219,NA,NA,NA,8.092277809,NA,2308.1,1961.2,NA,,
2016-09-06,Pacific,Hawaiian Archipelago,Pearl and Hermes Atoll,14.3,26.6784,35.2012,NA,NA,NA,7.97452648,NA,2282.3,2008.8,NA,,
2013-08-11,Pacific,Hawaiian Archipelago,Molokai,13.7,26.6791,35.2998,NA,NA,NA,8.00263521,NA,2292.5,2001.351963,NA,,
2013-08-15,Pacific,Hawaiian Archipelago,Kaua'i,14.9,26.6795,35.3778,NA,NA,NA,8.02067563,NA,2316.55,2011.971472,NA,,
2021-06-17,Pacific,Main Hawaiian Islands,Oahu,1,26.682,34.626,NA,NA,NA,8.013800896,NA,2263.3,1973.4,NA,,
2016-09-15,Pacific,Hawaiian Archipelago,Kure Atoll,14.3,26.6844,35.0966,NA,NA,NA,8.009131303,NA,2304.6,2010,NA,,
2019-07-15,Pacific,Hawaiian Archipelago,Hawai'i (Big Island),1,26.68824863,34.43299373,NA,NA,NA,8.032084097,NA,2265.9,1966.5,NA,,
2016-09-10,Pacific,Hawaiian Archipelago,Pearl and Hermes Atoll,14.3,26.689,35.277,NA,NA,NA,8.027010142,NA,2307,2000.2,NA,,
2017-04-04,Pacific,Pacific Remote Islands Area,Jarvis Island,0.9,26.6928,35.1308,NA,NA,NA,8.008866884,NA,2306.3,2011.6,NA,,
2017-04-03,Pacific,Pacific Remote Islands Area,Jarvis Island,16.2,26.69644407,35.09830185,NA,NA,NA,7.947352012,NA,2301.8,2042.3,NA,,
2017-04-03,Pacific,Pacific Remote Islands Area,Jarvis Island,14.7,26.69644407,35.09830185,NA,NA,NA,7.950836307,NA,2304.2,2042.6,NA,,
2008-04-06,Pacific,Pacific Remote Islands Area,Kingman Reef,10,26.6989,34.8924,NA,NA,NA,8.026326809,NA,2289,1987.1,NA,,
2021-07-12,Pacific,Main Hawaiian Islands,Oahu,1,26.702,34.704,NA,NA,NA,8.010933285,NA,2280.2,1989.7,NA,,
2008-04-05,Pacific,Pacific Remote Islands Area,Kingman Reef,5.2,26.7029,34.895,NA,NA,NA,7.995016041,NA,2274.2,1991.9,NA,,
2008-03-30,Pacific,Pacific Remote Islands Area,Palmyra Atoll,10,26.703,34.928,NA,NA,NA,8.00974178,NA,2291.4,1998.8,NA,,
2021-06-25,Pacific,Main Hawaiian Islands,Oahu,1,26.707,34.549,NA,NA,NA,8.020588825,NA,2269,1975,NA,,
2016-07-21,Pacific,Hawaiian Archipelago,Lana'i,16.2,26.7093,34.8611,NA,NA,NA,8.037458616,NA,2296.7,1987.5,NA,,
2008-03-30,Pacific,Pacific Remote Islands Area,Palmyra Atoll,10,26.7102,34.908,NA,NA,NA,8.005897086,NA,2282.6,1993.1,NA,,
2008-04-05,Pacific,Pacific Remote Islands Area,Kingman Reef,6.3,26.7119,34.8953,NA,NA,NA,7.994586793,NA,2271.4,1989.5,NA,,
2016-07-27,Pacific,Hawaiian Archipelago,Kaua'i,14.3,26.7119,34.9123,NA,NA,NA,8.031828831,NA,2300.8,1994.2,NA,,
2008-04-05,Pacific,Pacific Remote Islands Area,Kingman Reef,1,26.7166,34.8949,NA,NA,NA,7.979198494,NA,2267.6,1994.7,NA,,
2008-03-31,Pacific,Pacific Remote Islands Area,Palmyra Atoll,10,26.7166,34.921,NA,NA,NA,8.025798621,NA,2293.3,1990.9,NA,,
2008-04-05,Pacific,Pacific Remote Islands Area,Kingman Reef,6,26.7204,34.8916,NA,NA,NA,7.983895013,NA,2264.8,1989.5,NA,,
2008-04-04,Pacific,Pacific Remote Islands Area,Kingman Reef,2.13,26.7319,34.857,NA,NA,NA,8.031235097,NA,2292.1,1987.2,NA,,
2017-04-05,Pacific,Pacific Remote Islands Area,Jarvis Island,0.9,26.7324,34.6174,NA,NA,NA,8.007953665,NA,2308.9,2017.9,NA,,
2017-04-05,Pacific,Pacific Remote Islands Area,Jarvis Island,15.2,26.7327,34.6558,NA,NA,NA,7.962570725,NA,2311.7,2045.9,NA,,
2013-10-22,Pacific,Hawaiian Archipelago,Oahu,0.9,26.7341,34.9577,NA,NA,NA,7.9665626960000004,NA,2249.2,1984.312252,NA,,
2008-04-04,Pacific,Pacific Remote Islands Area,Kingman Reef,6.9,26.7408,34.857,NA,NA,NA,8.033652729,NA,2283.7,1978,NA,,
2012-05-04,Pacific,Pacific Remote Islands Area,Jarvis Island,0.9,26.7409,35.368,NA,NA,NA,8.037469368,NA,2323.4,2007.8,NA,,
2008-04-08,Pacific,Pacific Remote Islands Area,Kingman Reef,11.28,26.7422,34.8899,NA,NA,NA,8.025581502,NA,2287,1985.4,NA,,
2008-04-08,Pacific,Pacific Remote Islands Area,Kingman Reef,12.8,26.7423,34.864,NA,NA,NA,8.024599562,NA,2286.4,1985.6,NA,,
2008-04-04,Pacific,Pacific Remote Islands Area,Kingman Reef,6.71,26.7477,34.857,NA,NA,NA,8.027851151,NA,2283.6,1981.2,NA,,
2008-04-04,Pacific,Pacific Remote Islands Area,Kingman Reef,6.2,26.7489,34.857,NA,NA,NA,8.033915918,NA,2287,1980.7,NA,,
2010-10-23,Pacific,Hawaiian Archipelago,Molokai,0.9,26.7556,35.207,NA,NA,NA,8.04081247,NA,2302.6,1988.1,NA,,
2016-07-28,Pacific,Hawaiian Archipelago,Niihau,11.6,26.7602,34.926,NA,NA,NA,8.049208873,NA,2299.9,1982.4,NA,,
2016-09-08,Pacific,Hawaiian Archipelago,Pearl and Hermes Atoll,7.3,26.7614,35.2549,NA,NA,NA,8.041637633,NA,2315.3,1998.5,NA,,
2008-04-06,Pacific,Pacific Remote Islands Area,Kingman Reef,10,26.7616,34.883,NA,NA,NA,8.028006114,NA,2285,1982,NA,,
2019-07-29,Pacific,Hawaiian Archipelago,Lana'i,1,26.76170678,34.69787859,NA,NA,NA,8.02144566,NA,2266.1,1970.3,NA,,
2013-07-13,Pacific,Hawaiian Archipelago,Kure Atoll,0.9,26.7636,34.9822,NA,NA,NA,8.039999136,NA,2322.77,2008.437833,NA,,
2021-07-17,Pacific,Main Hawaiian Islands,Oahu,1,26.764,34.667,NA,NA,NA,8.018898306,NA,2275.8,1980.8,NA,,
2008-04-06,Pacific,Pacific Remote Islands Area,Kingman Reef,10,26.7685,34.8836,NA,NA,NA,8.025127926,NA,2286.1,1984.6,NA,,
2011-04-11,Pacific,Guam and Marianas Islands,Pagan,11.3,26.7692,34.776,NA,NA,NA,8.073279564,NA,2280.1,1950.9,NA,,
2016-08-09,Pacific,Hawaiian Archipelago,Hawai'i (Big Island),13.1,26.7765,34.4413,NA,NA,NA,8.018977841,NA,2251.3,1959.8,NA,,
2008-04-08,Pacific,Pacific Remote Islands Area,Kingman Reef,9.45,26.7773,34.8843,NA,NA,NA,8.019116533,NA,2282.1,1984.5,NA,,
2013-10-28,Pacific,Hawaiian Archipelago,Oahu,4.6,26.7781,35.1305,NA,NA,NA,8.009966017,NA,2248.79,1957.877206,NA,,
2016-07-24,Pacific,Hawaiian Archipelago,Kaua'i,9.1,26.7809,34.8561,NA,NA,NA,8.041174684,NA,2297.7,1985.7,NA,,
2008-04-06,Pacific,Pacific Remote Islands Area,Kingman Reef,10,26.7811,34.8885,NA,NA,NA,8.019232652,NA,2283.6,1985.7,NA,,
2019-08-03,Pacific,Hawaiian Archipelago,Oahu,1,26.78216751,34.61569759,NA,NA,NA,8.001330764,NA,2273.2,1988.8,NA,,
2008-04-08,Pacific,Pacific Remote Islands Area,Kingman Reef,2.13,26.786,34.857,NA,NA,NA,8.024942266,NA,2277,1976.7,NA,,
2013-07-13,Pacific,Hawaiian Archipelago,Kure Atoll,0.9,26.7875,35.1159,NA,NA,NA,8.040617673,NA,2324.83,2008.680962,NA,,
2011-04-19,Pacific,Guam and Marianas Islands,Maug,15.2,26.7904,35.092,NA,NA,NA,8.070451605,NA,2300.9,1968.5,NA,,
2016-09-09,Pacific,Hawaiian Archipelago,Pearl and Hermes Atoll,14.3,26.7911,35.2645,NA,NA,NA,8.027986919,NA,2305.8,1997.7,NA,,
2019-08-03,Pacific,Hawaiian Archipelago,Oahu,1,26.79422794,34.69013026,NA,NA,NA,8.030318159,NA,2285,1982,NA,,
2012-05-05,Pacific,Pacific Remote Islands Area,Jarvis Island,14.6,26.7979,35.318,NA,NA,NA,8.001085789,NA,2321.1,2027.1,NA,,
2008-04-07,Pacific,Pacific Remote Islands Area,Kingman Reef,17.4,26.801,34.86,NA,NA,NA,8.016378921,NA,2278.6,1982.7,NA,,
2008-04-07,Pacific,Pacific Remote Islands Area,Kingman Reef,17.6,26.8026,34.8905,NA,NA,NA,8.035557542,NA,2285.6,1977.5,NA,,
2016-08-23,Pacific,Hawaiian Archipelago,Oahu,13.1,26.8042,34.8249,NA,NA,NA,8.035922687,NA,2279.9,1972.7,NA,,
2008-04-07,Pacific,Pacific Remote Islands Area,Kingman Reef,17.68,26.8042,34.8885,NA,NA,NA,8.0247311710000009,NA,2280.8,1979.6,NA,,
2008-04-07,Pacific,Pacific Remote Islands Area,Kingman Reef,5.4,26.8059,34.85,NA,NA,NA,7.989732929,NA,2254.4,1976.3,NA,,
2008-04-07,Pacific,Pacific Remote Islands Area,Kingman Reef,2.13,26.8101,34.864,NA,NA,NA,8.03533583,NA,2289.3,1981.4,NA,,
2016-07-14,Pacific,Hawaiian Archipelago,Maui,0.9,26.8146,34.1979,NA,NA,NA,8.013531384,NA,2268.2,1980,NA,,
2016-08-20,Pacific,Hawaiian Archipelago,Oahu,10.7,26.8173,34.8239,NA,NA,NA,8.032896128,NA,2295.1,1988.2,NA,,
2016-08-12,Pacific,Hawaiian Archipelago,Lana'i,10.7,26.8189,34.7536,NA,NA,NA,8.04597295,NA,2287.3,1973.8,NA,,
2016-09-15,Pacific,Hawaiian Archipelago,Kure Atoll,15.5,26.8196,35.0802,NA,NA,NA,8.006929053,NA,2306,2011.5,NA,,
2021-06-24,Pacific,Main Hawaiian Islands,Oahu,1,26.821,34.594,NA,NA,NA,8.029046389,NA,2270.3,1969.9,NA,,
2016-07-28,Pacific,Hawaiian Archipelago,Niihau,15.2,26.8222,34.9285,NA,NA,NA,8.039740771,NA,2301,1988.5,NA,,
2017-04-22,Pacific,Pacific Remote Islands Area,Wake Atoll,11,26.8284,35.0728,NA,NA,NA,8.04956917,NA,2303.4,1983.6,NA,,
2013-08-17,Pacific,Hawaiian Archipelago,Kaua'i,6.4,26.8288,35.3851,NA,NA,NA,8.048571108,NA,2326.39,2002.653165,NA,,
2011-04-11,Pacific,Guam and Marianas Islands,Pagan,0.9,26.8348,34.778,NA,NA,NA,8.082650514,NA,2284.3,1948.4,NA,,
2013-10-18,Pacific,Hawaiian Archipelago,Oahu,4.6,26.839,35.1585,NA,NA,NA,8.034623554,NA,2276.49,1967.755733,NA,,
2016-08-08,Pacific,Hawaiian Archipelago,Hawai'i (Big Island),13.1,26.8471,34.4286,NA,NA,NA,8.045282118,NA,2258.3,1950.2,NA,,
2013-08-15,Pacific,Hawaiian Archipelago,Kaua'i,0.9,26.8488,34.5391,NA,NA,NA,8.034237492,NA,2318.07,2010.274636,NA,,
2013-08-08,Pacific,Hawaiian Archipelago,Hawai'i (Big Island),4.6,26.8524,35.1489,NA,NA,NA,8.030719053,NA,2303.17,1994.194901,NA,,
2016-07-15,Pacific,Hawaiian Archipelago,Kaho'olawe,13.7,26.8566,34.726,NA,NA,NA,8.032349268,NA,2286.1,1980.7,NA,,
2016-08-20,Pacific,Hawaiian Archipelago,Oahu,8.5,26.8633,34.8323,NA,NA,NA,8.046971132,NA,2294.8,1979,NA,,
2016-08-23,Pacific,Hawaiian Archipelago,Oahu,14.6,26.8633,34.848,NA,NA,NA,8.0216388,NA,2267.3,1969,NA,,
2019-08-05,Pacific,Hawaiian Archipelago,Oahu,1,26.86416361,34.56147208,NA,NA,NA,8.037743061,NA,2275.8,1969.6,NA,,
2008-04-06,Pacific,Pacific Remote Islands Area,Kingman Reef,10,26.8707,34.8936,NA,NA,NA,8.013430933,NA,2286.1,1990.6,NA,,
2016-09-07,Pacific,Hawaiian Archipelago,Pearl and Hermes Atoll,13.4,26.8712,35.2701,NA,NA,NA,7.973408444,NA,2293.7,2017.8,NA,,
2017-04-05,Pacific,Pacific Remote Islands Area,Jarvis Island,0.9,26.875,35.416,NA,NA,NA,7.965768565,NA,2310.1,2036.3,NA,,
2008-04-06,Pacific,Pacific Remote Islands Area,Kingman Reef,10,26.8804,34.8804,NA,NA,NA,8.015481229,NA,2279.4,1983.3,NA,,
2019-07-27,Pacific,Hawaiian Archipelago,Kaua'i,1,26.8809114,34.63503063,NA,NA,NA,8.023262032,NA,2281.9,1983,NA,,
2011-04-19,Pacific,Guam and Marianas Islands,Maug,12.8,26.8852,34.856,NA,NA,NA,8.066011262,NA,2273,1947.3,NA,,
2008-04-05,Pacific,Pacific Remote Islands Area,Kingman Reef,11.1,26.8852,34.859,NA,NA,NA,8.004023308,NA,2268.2,1979.8,NA,,
2008-04-05,Pacific,Pacific Remote Islands Area,Kingman Reef,7.62,26.888,34.861,NA,NA,NA,8.036672891,NA,2270.8,1963.1,NA,,
2019-08-03,Pacific,Hawaiian Archipelago,Oahu,1,26.89038443,34.66728171,NA,NA,NA,8.038250915,NA,2281.7,1973.6,NA,,
2017-04-05,Pacific,Pacific Remote Islands Area,Jarvis Island,8.2,26.8907,35.1252,NA,NA,NA,7.971946841,NA,2302.9,2028,NA,,
2019-07-13,Pacific,Hawaiian Archipelago,Hawai'i (Big Island),0.9,26.89086872,34.10086656,NA,NA,NA,8.025441281,NA,2253.7,1960,NA,,
2008-04-07,Pacific,Pacific Remote Islands Area,Kingman Reef,2.13,26.8934,34.849,NA,NA,NA,7.999303561,NA,2260.8,1976,NA,,
2008-04-07,Pacific,Pacific Remote Islands Area,Kingman Reef,15,26.896,34.8631,NA,NA,NA,8.011024743,NA,2267.3,1974.8,NA,,
2017-04-04,Pacific,Pacific Remote Islands Area,Jarvis Island,0.9,26.8961,34.8758,NA,NA,NA,7.970091515,NA,2309,2036.4,NA,,
2008-04-07,Pacific,Pacific Remote Islands Area,Kingman Reef,6.4,26.8971,34.8807,NA,NA,NA,7.995235919,NA,2258.2,1975.6,NA,,
2008-04-07,Pacific,Pacific Remote Islands Area,Kingman Reef,21.95,26.9049,34.8804,NA,NA,NA,8.007971733,NA,2266.4,1975.4,NA,,
2016-07-29,Pacific,Hawaiian Archipelago,Niihau,15.8,26.9087,34.915,NA,NA,NA,8.043082483,NA,2298,1983.1,NA,,
2016-09-09,Pacific,Hawaiian Archipelago,Pearl and Hermes Atoll,0.9,26.9095,35.0241,NA,NA,NA,8.028930371,NA,2311.5,2003.3,NA,,
2008-04-05,Pacific,Pacific Remote Islands Area,Kingman Reef,2.13,26.91,34.859,NA,NA,NA,8.043941091,NA,2280.6,1967.5,NA,,
2016-08-23,Pacific,Hawaiian Archipelago,Oahu,12.5,26.9103,34.8609,NA,NA,NA,8.002217606,NA,2263,1975.9,NA,,
2008-04-05,Pacific,Pacific Remote Islands Area,Kingman Reef,11,26.9123,34.9259,NA,NA,NA,8.009736771,NA,2254,1962.9,NA,,
2008-04-07,Pacific,Pacific Remote Islands Area,Kingman Reef,6.6,26.9124,34.8812,NA,NA,NA,7.993343967,NA,2253.8,1972.5,NA,,
2013-10-30,Pacific,Hawaiian Archipelago,Oahu,13.7,26.9158,35.1925,NA,NA,NA,8.027859602,NA,2309.49,2000.553909,NA,,
2019-08-05,Pacific,Hawaiian Archipelago,Oahu,1,26.92000901,34.53289644,NA,NA,NA,8.020178808,NA,2265.8,1970.6,NA,,
2008-04-05,Pacific,Pacific Remote Islands Area,Kingman Reef,6.4,26.9221,34.89,NA,NA,NA,8.035576493,NA,2270.6,1963.1,NA,,
2011-03-25,Pacific,Pacific Remote Islands Area,Wake Atoll,0.9,26.9229,35.208,NA,NA,NA,8.095272827,NA,2312.8,1961.5,NA,,
2010-10-14,Pacific,Hawaiian Archipelago,Hawai'i (Big Island),0.9,26.924,35.033,NA,NA,NA,8.047729713,NA,2279.3,1962.6,NA,,
2021-07-16,Pacific,Main Hawaiian Islands,Oahu,1,26.924,34.685,NA,NA,NA,8.009090434,NA,2278.9,1987.8,NA,,
2011-04-11,Pacific,Guam and Marianas Islands,Pagan,11.9,26.9245,34.716,NA,NA,NA,8.089457466,NA,2276.4,1936.4,NA,,
2008-04-05,Pacific,Pacific Remote Islands Area,Kingman Reef,7.32,26.926,34.8906,NA,NA,NA,8.037724013,NA,2271.2,1962.2,NA,,
2021-06-24,Pacific,Main Hawaiian Islands,Oahu,1,26.929,34.567,NA,NA,NA,8.023941076,NA,2273,1974.6,NA,,
2008-04-07,Pacific,Pacific Remote Islands Area,Kingman Reef,7,26.9296,34.7835,NA,NA,NA,8.002137959,NA,2267.6,1980.6,NA,,
2013-08-15,Pacific,Hawaiian Archipelago,Kaua'i,12.5,26.9333,35.3674,NA,NA,NA,8.033435272,NA,2315.32,2000.970059,NA,,
2012-03-12,Pacific,Pacific Remote Islands Area,Howland Island,13.7,26.9398,35.227,NA,NA,NA,8.028434948,NA,2315.8,2005.4,NA,,
2019-07-14,Pacific,Hawaiian Archipelago,Hawai'i (Big Island),1,26.94295784,33.96584206,NA,NA,NA,8.041477198,NA,2252.6,1950.2,NA,,
2016-07-15,Pacific,Hawaiian Archipelago,Maui,0.9,26.9431,34.6505,NA,NA,NA,8.023801409,NA,2287.5,1987.1,NA,,
2016-07-15,Pacific,Hawaiian Archipelago,Kaho'olawe,9.1,26.9545,34.7158,NA,NA,NA,8.024850827,NA,2280.3,1979.2,NA,,
2016-09-13,Pacific,Hawaiian Archipelago,Kure Atoll,0.9,26.9606,34.9739,NA,NA,NA,8.023315368,NA,2306,2001.6,NA,,
2013-08-09,Pacific,Hawaiian Archipelago,Hawai'i (Big Island),14,26.9615,35.0735,NA,NA,NA,8.024547176,NA,2294.85,1989.739254,NA,,
2016-05-19,Pacific,Pacific Remote Islands Area,Jarvis Island,0.9,26.963,35.149,NA,NA,NA,7.998417035,NA,2325,2032.3,NA,,
2013-08-15,Pacific,Hawaiian Archipelago,Kaua'i,0.9,26.9659,35.3862,NA,NA,NA,8.017489803,NA,2319.12,2013.867469,NA,,
2008-04-05,Pacific,Pacific Remote Islands Area,Kingman Reef,10.2,26.9687,34.8592,NA,NA,NA,8.004615737,NA,2252.1,1964.2,NA,,
2019-08-05,Pacific,Hawaiian Archipelago,Oahu,1,26.96941899,34.54262878,NA,NA,NA,8.044639461,NA,2277.6,1966.3,NA,,
2011-04-22,Pacific,Guam and Marianas Islands,Agrihan,0.9,26.9698,34.118,NA,NA,NA,8.087876396,NA,2247,1915.7,NA,,
2008-04-05,Pacific,Pacific Remote Islands Area,Kingman Reef,14.4,26.9725,34.8826,NA,NA,NA,8.013134661,NA,2275.7,1980.4,NA,,
2019-08-05,Pacific,Hawaiian Archipelago,Oahu,1,26.98336488,34.58431924,NA,NA,NA,8.039844658,NA,2276.9,1968.1,NA,,
2008-04-06,Pacific,Pacific Remote Islands Area,Kingman Reef,10.8,26.9839,34.8913,NA,NA,NA,8.007376059,NA,2271,1979.4,NA,,
2019-07-14,Pacific,Hawaiian Archipelago,Hawai'i (Big Island),1,26.98762338,32.98312175,NA,NA,NA,8.045091228,NA,2205.4,1912.4,NA,,
2008-04-05,Pacific,Pacific Remote Islands Area,Kingman Reef,10.1,26.9906,34.8589,NA,NA,NA,8.005670774,NA,2257.6,1968.3,NA,,
2008-04-07,Pacific,Pacific Remote Islands Area,Kingman Reef,1.83,26.9921,34.8703,NA,NA,NA,8.003626112,NA,2263.6,1975.1,NA,,
2008-04-07,Pacific,Pacific Remote Islands Area,Kingman Reef,6.4,26.9928,34.8717,NA,NA,NA,8.014673246,NA,2273.1,1977.2,NA,,
2008-04-07,Pacific,Pacific Remote Islands Area,Kingman Reef,6.4,26.9932,34.8715,NA,NA,NA,8.014735296,NA,2269.3,1973.7,NA,,
2019-08-04,Pacific,Hawaiian Archipelago,Oahu,1,26.99361021,34.57181719,NA,NA,NA,7.999670292,NA,2252.3,1969.2,NA,,
2008-04-05,Pacific,Pacific Remote Islands Area,Kingman Reef,1,26.9943,34.8601,NA,NA,NA,7.992695557,NA,2264,1981.7,NA,,
2008-04-06,Pacific,Pacific Remote Islands Area,Kingman Reef,9.1,26.9964,34.8953,NA,NA,NA,8.004962431,NA,2268.9,1978.8,NA,,
2008-04-05,Pacific,Pacific Remote Islands Area,Kingman Reef,6.8,26.9981,34.8344,NA,NA,NA,7.993600013,NA,2254.8,1972.9,NA,,
2008-04-06,Pacific,Pacific Remote Islands Area,Kingman Reef,8.9,26.9999,34.8798,NA,NA,NA,8.016770979,NA,2279.2,1981.4,NA,,
2016-08-23,Pacific,Hawaiian Archipelago,Oahu,0.9,27.0009,34.4291,NA,NA,NA,8.040588939,NA,2289.2,1979.8,NA,,
2013-09-10,Pacific,Hawaiian Archipelago,Pearl and Hermes Atoll,13.7,27.0102,35.5165,NA,NA,NA,8.043184129,NA,2329.61,2006.002684,NA,,
2016-07-28,Pacific,Hawaiian Archipelago,Niihau,0.9,27.0104,34.9732,NA,NA,NA,8.036102953,NA,2300.4,1988.4,NA,,
2010-09-19,Pacific,Hawaiian Archipelago,Kure Atoll,15.5,27.0122,35.5728735,NA,NA,NA,7.991283961,NA,2314.9,2023.5,NA,,
2016-07-22,Pacific,Hawaiian Archipelago,Lana'i,14.9,27.0163,34.8598,NA,NA,NA,8.044458129,NA,2292.7,1976.9,NA,,
2013-10-30,Pacific,Hawaiian Archipelago,Oahu,0.9,27.0222,35.2931,NA,NA,NA,8.03406963,NA,2314.78,2000.096432,NA,,
2013-08-22,Pacific,Hawaiian Archipelago,Lana'i,4.6,27.0229,35.0967,NA,NA,NA,8.043283482,NA,2295.74,1978.711365,NA,,
2012-05-04,Pacific,Pacific Remote Islands Area,Jarvis Island,11.6,27.0232,35.367,NA,NA,NA,7.939029009,NA,2315.2,2054.8,NA,,
2011-04-20,Pacific,Guam and Marianas Islands,Maug,13.1,27.0237,34.86,NA,NA,NA,8.07819973,NA,2281.9,1946.3,NA,,
2016-08-23,Pacific,Hawaiian Archipelago,Oahu,0.9,27.0265,34.8436,NA,NA,NA,7.99897116,NA,2266.7,1980.5,NA,,
2021-06-25,Pacific,Main Hawaiian Islands,Oahu,1,27.031,34.582,NA,NA,NA,8.013400412,NA,2268.1,1975.3,NA,,
2013-08-22,Pacific,Hawaiian Archipelago,Lana'i,0.9,27.0351,34.9817,NA,NA,NA,8.033404197,NA,2307.21,1995.90205,NA,,
2008-04-05,Pacific,Pacific Remote Islands Area,Kingman Reef,2.74,27.0355,34.859,NA,NA,NA,8.023876942,NA,2195.4,1901.1,NA,,
2019-08-03,Pacific,Hawaiian Archipelago,Oahu,1,27.03881839,34.67044104,NA,NA,NA,8.033578648,NA,2282.1,1975.4,NA,,
2013-08-16,Pacific,Hawaiian Archipelago,Niihau,16.2,27.0393,35.3213,NA,NA,NA,8.014777965,NA,2305.34,2002.524726,NA,,
2008-04-05,Pacific,Pacific Remote Islands Area,Kingman Reef,1,27.0418,34.8572,NA,NA,NA,7.998915481,NA,2270.3,1983.5,NA,,
2016-09-11,Pacific,Hawaiian Archipelago,Pearl and Hermes Atoll,0.9,27.0433,35.3001,NA,NA,NA,8.018915445,NA,2312,2006.5,NA,,
2012-05-05,Pacific,Pacific Remote Islands Area,Jarvis Island,0.9,27.0441,35.325,NA,NA,NA,8.035664116,NA,2322.2,2005.4,NA,,
2016-07-16,Pacific,Hawaiian Archipelago,Maui,14.9,27.0556,34.7928,NA,NA,NA,8.03108549,NA,2289.8,1982.5,NA,,
2016-08-15,Pacific,Hawaiian Archipelago,Hawai'i (Big Island),0.9,27.0616,34.6032,NA,NA,NA,8.031753052,NA,2279.9,1974.8,NA,,
2013-09-18,Pacific,Hawaiian Archipelago,Oahu,11.9,27.0619,35.365,NA,NA,NA,8.053993291,NA,2326.66,1997.339581,NA,,
2013-09-11,Pacific,Hawaiian Archipelago,Pearl and Hermes Atoll,13.7,27.0619,35.5127,NA,NA,NA,8.047326669,NA,2330.98,2004.20348,NA,,
2013-08-09,Pacific,Hawaiian Archipelago,Hawai'i (Big Island),3.7,27.0631,35.0536,NA,NA,NA,8.065008382,NA,2268.67,1940.986903,NA,,
2011-04-19,Pacific,Guam and Marianas Islands,Maug,8.5,27.0665,34.837,NA,NA,NA,8.083572915,NA,2282.3,1943.2,NA,,
2011-04-11,Pacific,Guam and Marianas Islands,Pagan,13.4,27.0685,34.809,NA,NA,NA,8.085197212,NA,2281,1941.1,NA,,
2016-09-09,Pacific,Hawaiian Archipelago,Pearl and Hermes Atoll,0.9,27.0698,NA,NA,NA,NA,NA,NA,2312.3,2007.6,NA,,
2019-08-04,Pacific,Hawaiian Archipelago,Oahu,1,27.07095252,34.56890373,NA,NA,NA,8.024052645,NA,2266.3,1967.2,NA,,
2019-07-29,Pacific,Hawaiian Archipelago,Lana'i,1,27.07109226,34.66633433,NA,NA,NA,8.016535715,NA,2272.6,1976.6,NA,,
2012-05-11,Pacific,Pacific Remote Islands Area,Kingman Reef,0.9,27.0758,34.98,NA,NA,NA,7.980137608,NA,2276.1,1998.5,NA,,
2008-04-05,Pacific,Pacific Remote Islands Area,Kingman Reef,4.4,27.0773,34.8856,NA,NA,NA,8.026504854,NA,2202.7,1905.7,NA,,
2008-04-05,Pacific,Pacific Remote Islands Area,Kingman Reef,2.7,27.0795,34.8842,NA,NA,NA,8.021669994,NA,2196.3,1902.7,NA,,
2008-04-05,Pacific,Pacific Remote Islands Area,Kingman Reef,2.7,27.0795,34.8842,NA,NA,NA,8.029861135,NA,2199.1,1900.5,NA,,
2019-08-05,Pacific,Hawaiian Archipelago,Oahu,1,27.07998946,34.56941699,NA,NA,NA,8.01685876,NA,2276.4,1980.5,NA,,
2019-07-14,Pacific,Hawaiian Archipelago,Hawai'i (Big Island),1,27.09257146,34.30421493,NA,NA,NA,8.024064254,NA,2260.6,1963.8,NA,,
2016-09-15,Pacific,Hawaiian Archipelago,Kure Atoll,0.9,27.0946,34.8006,NA,NA,NA,8.025546228,NA,2306.7,2001,NA,,
2008-04-05,Pacific,Pacific Remote Islands Area,Kingman Reef,2.13,27.0964,34.86,NA,NA,NA,8.029050984,NA,2206.8,1907.9,NA,,
2016-09-13,Pacific,Hawaiian Archipelago,Kure Atoll,0.9,27.098,35.1169,NA,NA,NA,8.000018323,NA,2313.9,2020.3,NA,,
2016-09-10,Pacific,Hawaiian Archipelago,Pearl and Hermes Atoll,0.9,27.099,35.2933,NA,NA,NA,8.020252428,NA,2306.1,1999.9,NA,,
2011-04-20,Pacific,Guam and Marianas Islands,Maug,0.9,27.1007,34.854,NA,NA,NA,8.08603805,NA,2284.7,1943.4,NA,,
2012-05-04,Pacific,Pacific Remote Islands Area,Jarvis Island,9.1,27.1024,35.373,NA,NA,NA,7.98793671,NA,2319.2,2030.1,NA,,
2016-08-07,Pacific,Hawaiian Archipelago,Hawai'i (Big Island),13.7,27.1045,34.6138,NA,NA,NA,8.04392763,NA,2275.5,1962.8,NA,,
2012-05-11,Pacific,Pacific Remote Islands Area,Kingman Reef,13.1,27.1095,34.992,NA,NA,NA,7.985931177,NA,2274.6,1993.2,NA,,
2008-09-25,Pacific,Hawaiian Archipelago,Midway Atoll,11.2,27.1108,35.31,NA,NA,NA,8.039321815,NA,2317.7,1998.3,NA,,
2008-09-25,Pacific,Hawaiian Archipelago,Midway Atoll,11.58,27.1109,35.3526,NA,NA,NA,8.04126435,NA,2320.7,1999.5,NA,,
2011-04-18,Pacific,Guam and Marianas Islands,Maug,10.1,27.1181,34.776,NA,NA,NA,8.077245248,NA,2279.3,1944.5,NA,,
2011-04-19,Pacific,Guam and Marianas Islands,Maug,0.9,27.1198,34.834,NA,NA,NA,8.069983711,NA,2280.2,1949.5,NA,,
2016-08-24,Pacific,Hawaiian Archipelago,Oahu,14.6,27.1199,34.7279,NA,NA,NA,8.034639679,NA,2278.1,1969.7,NA,,
2019-08-03,Pacific,Hawaiian Archipelago,Oahu,1,27.1230197,34.42655647,NA,NA,NA,8.012326883,NA,2275.5,1983,NA,,
2016-09-07,Pacific,Hawaiian Archipelago,Pearl and Hermes Atoll,14.3,27.1246,35.2045,NA,NA,NA,7.969941501,NA,2293.3,2017.7,NA,,
2016-08-09,Pacific,Hawaiian Archipelago,Hawai'i (Big Island),13.1,27.1329,34.6021,NA,NA,NA,8.035777966,NA,2276.445577,1968.4,NA,,
2008-04-07,Pacific,Pacific Remote Islands Area,Kingman Reef,6.1,27.138,34.8747,NA,NA,NA,8.017053983,NA,2259.1,1961.8,NA,,
2011-04-11,Pacific,Guam and Marianas Islands,Pagan,0.9,27.14,34.716,NA,NA,NA,8.088049698,NA,2279.5,1938.3,NA,,
2013-09-10,Pacific,Hawaiian Archipelago,Pearl and Hermes Atoll,12.8,27.14,35.5294,NA,NA,NA,8.045530642,NA,2330.27,2003.844781,NA,,
2016-09-11,Pacific,Hawaiian Archipelago,Pearl and Hermes Atoll,0.9,27.1449,35.1991,NA,NA,NA,8.021921094,NA,2314.5,2006.8,NA,,
2008-09-25,Pacific,Hawaiian Archipelago,Midway Atoll,5.6,27.1475,35.3539,NA,NA,NA,8.042685798,NA,2319.5,1997.3,NA,,
2016-07-26,Pacific,Hawaiian Archipelago,Kaua'i,0.9,27.1494,34.8277,NA,NA,NA,8.024510982,NA,2296.3,1991.5,NA,,
2012-05-10,Pacific,Pacific Remote Islands Area,Kingman Reef,13.7,27.1509,34.987,NA,NA,NA,8.00925101,NA,2275.7,1980.4,NA,,
2013-09-11,Pacific,Hawaiian Archipelago,Pearl and Hermes Atoll,15.2,27.1514,35.5227,NA,NA,NA,8.050675578,NA,2330.42,2000.662013,NA,,
2013-09-05,Pacific,Hawaiian Archipelago,French Frigate Shoals,12.8,27.1567,35.4452,NA,NA,NA,8.01227278,NA,2311.34,2007.541504,NA,,
2016-09-12,Pacific,Hawaiian Archipelago,Kure Atoll,0.9,27.1573,34.6496,NA,NA,NA,8.02100417,NA,2307.6,2005.1,NA,,
2016-07-14,Pacific,Hawaiian Archipelago,Kaho'olawe,15.5,27.1592,34.7308,NA,NA,NA,8.042708174,NA,2285,1970.7,NA,,
2013-08-22,Pacific,Hawaiian Archipelago,Lana'i,0.9,27.1616,35.2225,NA,NA,NA,8.019355075,NA,2306.68,2000.929818,NA,,
2013-09-18,Pacific,Hawaiian Archipelago,Oahu,11.9,27.1627,35.336,NA,NA,NA,8.041861636,NA,2323.74,2001.587272,NA,,
2021-07-15,Pacific,Main Hawaiian Islands,Oahu,1,27.171,34.944,NA,NA,NA,7.912614406,NA,2150.3,1918.1,NA,,
2012-05-09,Pacific,Pacific Remote Islands Area,Kingman Reef,10.1,27.1729,34.995,NA,NA,NA,8.005771143,NA,2268.6,1975.8,NA,,
2013-08-02,Pacific,Hawaiian Archipelago,Maui,4.3,27.1729,35.19,NA,NA,NA,8.0186253,NA,2304.28,1999.311673,NA,,
2021-06-22,Pacific,Main Hawaiian Islands,Oahu,1,27.175,34.782,NA,NA,NA,8.049946921,NA,2210.6,1899,NA,,
2016-08-21,Pacific,Hawaiian Archipelago,Oahu,15.2,27.1825,34.943,NA,NA,NA,8.037376577,NA,2296.3,1982.3,NA,,
2012-05-04,Pacific,Pacific Remote Islands Area,Jarvis Island,0.9,27.1837,35.361,NA,NA,NA,7.948071804,NA,2314.2,2047.9,NA,,
2016-08-21,Pacific,Hawaiian Archipelago,Oahu,0.9,27.1878,34.6329,NA,NA,NA,8.03815836,NA,2299.8,1987.6,NA,,
2012-05-17,Pacific,Pacific Remote Islands Area,Palmyra Atoll,0.9,27.1903,34.98,NA,NA,NA,8.014208371,NA,2293.7,1993.8,NA,,
2019-07-31,Pacific,Hawaiian Archipelago,Oahu,1,27.191063,34.64772585,NA,NA,NA,8.032795581,NA,2280.8,1973.5,NA,,
2013-09-11,Pacific,Hawaiian Archipelago,Pearl and Hermes Atoll,13.7,27.1913,35.5277,NA,NA,NA,8.045468716,NA,2328.53,2001.827463,NA,,
2019-08-03,Pacific,Hawaiian Archipelago,Oahu,1,27.19157886,34.51972992,NA,NA,NA,8.026894392,NA,2277.3,1974.8,NA,,
2013-08-14,Pacific,Hawaiian Archipelago,Niihau,3,27.1954,35.3045,NA,NA,NA,8.033726523,NA,2301.22,1986.342441,NA,,
2016-08-15,Pacific,Hawaiian Archipelago,Hawai'i (Big Island),14,27.1997,34.7637,NA,NA,NA,8.04266431,NA,2286.3,1971.3,NA,,
2016-09-14,Pacific,Hawaiian Archipelago,Kure Atoll,0.9,27.2022,34.9495,NA,NA,NA,8.013970241,NA,2308.1,2007.1,NA,,
2011-04-11,Pacific,Guam and Marianas Islands,Pagan,0.9,27.2032,34.711,NA,NA,NA,8.085243356,NA,2279.7,1939.6,NA,,
2016-07-14,Pacific,Hawaiian Archipelago,Kaho'olawe,11.6,27.2046,34.7568,NA,NA,NA,8.039218815,NA,2284.6,1971.9,NA,,
2019-07-14,Pacific,Hawaiian Archipelago,Hawai'i (Big Island),1,27.206181,32.6004747,NA,NA,NA,8.044664385,NA,2190.1,1899.8,NA,,
2008-09-25,Pacific,Hawaiian Archipelago,Midway Atoll,1.1,27.2062,35.3577,NA,NA,NA,8.049958822,NA,2324.2,1996.6,NA,,
2013-09-06,Pacific,Hawaiian Archipelago,French Frigate Shoals,13.4,27.2132,35.4457,NA,NA,NA,8.025833345,NA,2316.59,2003.601293,NA,,
2012-05-17,Pacific,Pacific Remote Islands Area,Palmyra Atoll,13.7,27.2193,34.975,NA,NA,NA,8.024840959,NA,2296.1,1989.2,NA,,
2012-05-04,Pacific,Pacific Remote Islands Area,Jarvis Island,0.9,27.2225,35.365,NA,NA,NA,7.987713434,NA,2320.2,2030.4,NA,,
2013-09-11,Pacific,Hawaiian Archipelago,Pearl and Hermes Atoll,13.1,27.2229,35.4997,NA,NA,NA,8.02145639,NA,2306.93,1997.021014,NA,,
2012-05-10,Pacific,Pacific Remote Islands Area,Kingman Reef,0.9,27.2232,35,NA,NA,NA,8.023959481,NA,2303.3,1996.2,NA,,
2016-09-15,Pacific,Hawaiian Archipelago,Kure Atoll,0.9,27.2252,34.6169,NA,NA,NA,8.022437107,NA,2309.6,2005.7,NA,,
2015-08-03,Pacific,Hawaiian Archipelago,Maro Reef,14.6,27.2258,35.4961,NA,NA,NA,7.968575059,NA,2280,2003.4,NA,,
2021-07-15,Pacific,Main Hawaiian Islands,Oahu,1,27.226,34.955,NA,NA,NA,7.911760231,NA,2167.4,1933.9,NA,,
2019-07-27,Pacific,Hawaiian Archipelago,Kaua'i,1,27.2270886,34.71369883,NA,NA,NA,8.04021873,NA,2285.1,1972.1,NA,,
2008-04-02,Pacific,Pacific Remote Islands Area,Palmyra Atoll,3.4,27.2295,34.835,NA,NA,NA,8.089215132,NA,2173.5,1841,NA,,
2019-07-29,Pacific,Hawaiian Archipelago,Lana'i,1,27.23031911,34.66928407,NA,NA,NA,8.021880241,NA,2270.9,1970.5,NA,,
2016-05-19,Pacific,Pacific Remote Islands Area,Jarvis Island,0.9,27.231,35.075,NA,NA,NA,8.016621587,NA,2327.8,2022.2,NA,,
2021-07-02,Pacific,Main Hawaiian Islands,Oahu,1,27.231,34.506,NA,NA,NA,8.026209666,NA,2270.4,1968.7,NA,,
2012-05-10,Pacific,Pacific Remote Islands Area,Kingman Reef,14.3,27.2329,34.976,NA,NA,NA,8.014150527,NA,2293.8,1993.3,NA,,
2015-07-31,Pacific,Hawaiian Archipelago,French Frigate Shoals,15.2,27.2347,35.2931,NA,NA,NA,7.993621817,NA,2304.7,2012.9,NA,,
2011-04-13,Pacific,Guam and Marianas Islands,Pagan,10.4,27.2358,34.742,NA,NA,NA,8.085845336,NA,2271.1,1930.9,NA,,
2012-05-17,Pacific,Pacific Remote Islands Area,Palmyra Atoll,0.9,27.2363,34.978,NA,NA,NA,8.02605291,NA,2297.7,1989.9,NA,,
2012-05-17,Pacific,Pacific Remote Islands Area,Palmyra Atoll,12.8,27.2381,34.979,NA,NA,NA,8.024719862,NA,2294.4,1987.5,NA,,
2016-08-09,Pacific,Hawaiian Archipelago,Hawai'i (Big Island),0.9,27.2385,34.5101,NA,NA,NA,8.034347664,NA,2278.6,1971.2,NA,,
2013-09-18,Pacific,Hawaiian Archipelago,Oahu,15.2,27.2405,35.3504,NA,NA,NA,8.052863716,NA,2327.81,1997.470271,NA,,
2019-07-13,Pacific,Hawaiian Archipelago,Hawai'i (Big Island),0.9,27.24333125,33.69319107,NA,NA,NA,8.019480286,NA,2229.7,1941.6,NA,,
2016-07-21,Pacific,Hawaiian Archipelago,Lana'i,15.2,27.2455,34.8586,NA,NA,NA,8.045101834,NA,2302.7,1983.5,NA,,
2016-07-26,Pacific,Hawaiian Archipelago,Kaua'i,0.9,27.2465,35.0972,NA,NA,NA,7.997257279,NA,2292.2,2001,NA,,
2016-08-21,Pacific,Hawaiian Archipelago,Kaho'olawe,10.7,27.2475,34.7452,NA,NA,NA,7.966836,NA,2258,1989.3,NA,,
2012-05-10,Pacific,Pacific Remote Islands Area,Kingman Reef,12.8,27.2492,34.993,NA,NA,NA,7.995557708,NA,2269.9,1982.1,NA,,
2011-04-19,Pacific,Guam and Marianas Islands,Maug,0.9,27.2512,34.832,NA,NA,NA,8.079558862,NA,2277.4,1939.8,NA,,
2013-08-16,Pacific,Hawaiian Archipelago,Niihau,12.2,27.2514,35.293,NA,NA,NA,8.025493981,NA,2313.03,2001.474453,NA,,
2011-04-20,Pacific,Guam and Marianas Islands,Maug,8.5,27.2515,34.838,NA,NA,NA,7.989955906,NA,2292.5,2007.2,NA,,
2013-08-14,Pacific,Hawaiian Archipelago,Niihau,15.2,27.2519,35.3167,NA,NA,NA,8.026362519,NA,2314.51,2001.978076,NA,,
2012-05-15,Pacific,Pacific Remote Islands Area,Palmyra Atoll,11.3,27.2527,34.969,NA,NA,NA,8.015834825,NA,2293.9,1992.3,NA,,
2016-07-21,Pacific,Hawaiian Archipelago,Lana'i,0.9,27.253,34.8448,NA,NA,NA,8.039761505,NA,2303,1987.3,NA,,
2012-05-14,Pacific,Pacific Remote Islands Area,Palmyra Atoll,15.2,27.255,34.979,NA,NA,NA,8.009856254,NA,2297.2,1998.6,NA,,
2012-05-10,Pacific,Pacific Remote Islands Area,Kingman Reef,12.5,27.2553,34.997,NA,NA,NA,8.017956689,NA,2300.4,1996.7,NA,,
2016-08-10,Pacific,Hawaiian Archipelago,Hawai'i (Big Island),0.9,27.2567,34.6394,NA,NA,NA,8.037747544,NA,2285,1973.8,NA,,
2008-04-07,Pacific,Pacific Remote Islands Area,Kingman Reef,1.83,27.2611,34.8853,NA,NA,NA,8.014548825,NA,2258.3,1961.5,NA,,
2013-09-18,Pacific,Hawaiian Archipelago,Oahu,0.9,27.2717,35.352,NA,NA,NA,8.052633016,NA,2324.57,1994.673346,NA,,
2012-05-15,Pacific,Pacific Remote Islands Area,Palmyra Atoll,15.2,27.2751,34.976,NA,NA,NA,8.002283834,NA,2294.9,2000.9,NA,,
2013-08-16,Pacific,Hawaiian Archipelago,Niihau,0.9,27.2809,34.9094,NA,NA,NA,8.026323855,NA,2313.07,2003.80472,NA,,
2021-07-01,Pacific,Main Hawaiian Islands,Oahu,1,27.285,34.516,NA,NA,NA,8.021446172,NA,2271,1971.5,NA,,
2019-07-31,Pacific,Hawaiian Archipelago,Oahu,1,27.28549344,34.70476092,NA,NA,NA,8.04011268,NA,2284.1,1970.8,NA,,
2019-07-15,Pacific,Hawaiian Archipelago,Hawai'i (Big Island),1,27.28564402,31.33028879,NA,NA,NA,8.057565272,NA,2127.6,1844.9,NA,,
2013-09-18,Pacific,Hawaiian Archipelago,Oahu,0.9,27.2858,35.289,NA,NA,NA,8.046016867,NA,2324.1,1998.741656,NA,,
2012-03-11,Pacific,Pacific Remote Islands Area,Howland Island,15.2,27.2874,35.213,NA,NA,NA,8.013212664,NA,2318.2,2013.7,NA,,
2016-08-07,Pacific,Hawaiian Archipelago,Hawai'i (Big Island),0.9,27.2885,34.5038,NA,NA,NA,8.036307384,NA,2276.8,1968,NA,,
2012-03-16,Pacific,Pacific Remote Islands Area,Baker Island,12.8,27.2887,35.241,NA,NA,NA,7.981631375,NA,2310.3,2025,NA,,
2012-05-15,Pacific,Pacific Remote Islands Area,Palmyra Atoll,0.9,27.2899,34.974,NA,NA,NA,8.015173008,NA,2297.3,1995.6,NA,,
2012-03-12,Pacific,Pacific Remote Islands Area,Howland Island,0.9,27.2911,35.234,NA,NA,NA,8.010925684,NA,2314.3,2011.6,NA,,
2016-08-18,Pacific,Hawaiian Archipelago,Oahu,13.7,27.2911,34.9063,NA,NA,NA,8.032831018,NA,2297,1985,NA,,
2012-05-15,Pacific,Pacific Remote Islands Area,Palmyra Atoll,0.9,27.2928,34.97,NA,NA,NA,8.018215155,NA,2297,1993.5,NA,,
2016-08-07,Pacific,Hawaiian Archipelago,Hawai'i (Big Island),13.4,27.293,34.4652,NA,NA,NA,8.027989917,NA,2263.7,1961.1,NA,,
2012-05-18,Pacific,Pacific Remote Islands Area,Palmyra Atoll,0.9,27.2965,34.979,NA,NA,NA,8.027745713,NA,2305.5,1995.4,NA,,
2016-08-17,Pacific,Hawaiian Archipelago,Oahu,15.2,27.2966,34.8934,NA,NA,NA,8.044371469,NA,2299.1,1979.9,NA,,
2010-10-23,Pacific,Hawaiian Archipelago,Lana'i,0.9,27.2973,35.173,NA,NA,NA,8.028287467,NA,2301.8,1990.3,NA,,
2016-08-21,Pacific,Hawaiian Archipelago,Oahu,0.9,27.3003,34.6784,NA,NA,NA,8.028828239,NA,2296.2,1988.6,NA,,
2012-05-15,Pacific,Pacific Remote Islands Area,Palmyra Atoll,13.4,27.3026,34.968,NA,NA,NA,8.013044177,NA,2292.8,1992.4,NA,,
2012-05-18,Pacific,Pacific Remote Islands Area,Palmyra Atoll,12.8,27.3034,34.982,NA,NA,NA,8.028948265,NA,2299.9,1989.3,NA,,
2013-10-24,Pacific,Hawaiian Archipelago,Oahu,3.4,27.3076,35.2943,NA,NA,NA,8.009720902,NA,2246.41,1950.097743,NA,,
2012-05-14,Pacific,Pacific Remote Islands Area,Palmyra Atoll,0.9,27.3077,34.98,NA,NA,NA,8.010907163,NA,2299.4,1999.9,NA,,
2016-09-12,Pacific,Hawaiian Archipelago,Kure Atoll,0.9,27.311,34.5808,NA,NA,NA,8.020676132,NA,2310.2,2006.8,NA,,
2019-07-29,Pacific,Hawaiian Archipelago,Lana'i,1,27.3116148,34.67332016,NA,NA,NA,7.997926923,NA,2257.5,1971.5,NA,,
2016-08-19,Pacific,Hawaiian Archipelago,Oahu,13.1,27.3117,34.9152,NA,NA,NA,8.039904202,NA,2296.7,1980.2,NA,,
2012-03-17,Pacific,Pacific Remote Islands Area,Baker Island,0.9,27.3144,35.251,NA,NA,NA,7.998812291,NA,2314.9,2019.1,NA,,
2011-04-19,Pacific,Guam and Marianas Islands,Maug,0.9,27.3151,34.867,NA,NA,NA,8.072957984,NA,2284.3,1949.2,NA,,
2012-05-11,Pacific,Pacific Remote Islands Area,Kingman Reef,0.9,27.3167,35.006,NA,NA,NA,8.026875745,NA,2306.8,1996.8,NA,,
2011-04-13,Pacific,Guam and Marianas Islands,Pagan,0.9,27.3182,34.751,NA,NA,NA,8.090197267,NA,2278.6,1934.1,NA,,
2012-05-09,Pacific,Pacific Remote Islands Area,Kingman Reef,0.9,27.3279,34.997,NA,NA,NA,7.995475167,NA,2274.9,1986.3,NA,,
2016-08-13,Pacific,Hawaiian Archipelago,Maui,11.3,27.3281,34.7191,NA,NA,NA,8.02701605,NA,2278.5,1972.9,NA,,
2016-09-14,Pacific,Hawaiian Archipelago,Kure Atoll,0.9,27.3297,35.1811,NA,NA,NA,8.022780926,NA,2307.6,1998.5,NA,,
2016-08-23,Pacific,Hawaiian Archipelago,Oahu,15.2,27.3312,34.845,NA,NA,NA,8.032995745,NA,2288.5,1977.3,NA,,
2019-08-01,Pacific,Hawaiian Archipelago,Oahu,1,27.33125983,34.69953652,NA,NA,NA,8.03878743,NA,2285.4,1972.4,NA,,
2016-08-15,Pacific,Hawaiian Archipelago,Hawai'i (Big Island),0.9,27.3346,34.4626,NA,NA,NA,8.042079314,NA,2289.500196,1975.9,NA,,
2012-03-12,Pacific,Pacific Remote Islands Area,Howland Island,13.7,27.3355,35.207,NA,NA,NA,8.018734454,NA,2311.4,2003.8,NA,,
2016-08-18,Pacific,Hawaiian Archipelago,Oahu,14.6,27.3383,34.9082,NA,NA,NA,8.025823284,NA,2294.5,1986.5,NA,,
2012-03-17,Pacific,Pacific Remote Islands Area,Baker Island,14,27.3393,35.258,NA,NA,NA,7.995696567,NA,2318.6,2023.7,NA,,
2019-08-04,Pacific,Hawaiian Archipelago,Oahu,1,27.33994894,34.61738295,NA,NA,NA,8.005031644,NA,2261.7,1971.4,NA,,
2011-04-13,Pacific,Guam and Marianas Islands,Pagan,0.9,27.3455,34.741,NA,NA,NA,8.100073785,NA,2268.7,1918.8,NA,,
2011-04-20,Pacific,Guam and Marianas Islands,Maug,0.9,27.3477,34.838,NA,NA,NA,8.005597282,NA,2290.9,1996,NA,,
2010-09-15,Pacific,Hawaiian Archipelago,Pearl and Hermes Atoll,11.6,27.3478,35.73312495,NA,NA,NA,7.976979851,NA,2309.6,2023,NA,,
2019-07-25,Pacific,Hawaiian Archipelago,Niihau,1,27.34817118,34.73429613,NA,NA,NA,8.041003094,NA,2285.8,1971,NA,,
2016-08-07,Pacific,Hawaiian Archipelago,Hawai'i (Big Island),0.9,27.3517,34.1743,NA,NA,NA,8.055247089,NA,2261.1,1944.4,NA,,
2019-07-15,Pacific,Hawaiian Archipelago,Hawai'i (Big Island),1,27.35187023,31.80218647,NA,NA,NA,8.027667195,NA,2163.8,1890.1,NA,,
2016-09-09,Pacific,Hawaiian Archipelago,Pearl and Hermes Atoll,0.9,27.3532,33.2049,NA,NA,NA,8.033364856,NA,2301.1,2001.1,NA,,
2011-04-18,Pacific,Guam and Marianas Islands,Maug,0.9,27.3534,34.78,NA,NA,NA,8.074974676,NA,2280.7,1945.1,NA,,
2011-04-13,Pacific,Guam and Marianas Islands,Pagan,12.5,27.3539,34.742,NA,NA,NA,8.090546379,NA,2267.7,1923.7,NA,,
2012-05-15,Pacific,Pacific Remote Islands Area,Palmyra Atoll,0.9,27.3576,34.977,NA,NA,NA,8.018232365,NA,2297.7,1993.5,NA,,
2016-08-22,Pacific,Hawaiian Archipelago,Oahu,11,27.3619,34.826,NA,NA,NA,8.023100434,NA,2284.1,1979.2,NA,,
2013-09-07,Pacific,Hawaiian Archipelago,French Frigate Shoals,15.2,27.3621,35.4532,NA,NA,NA,8.01128817,NA,2311.7,2006.538528,NA,,
2008-10-08,Pacific,Hawaiian Archipelago,French Frigate Shoals,9.1,27.3638,35.299,NA,NA,NA,8.053151902,NA,2315.5,1985.6,NA,,
2013-10-30,Pacific,Hawaiian Archipelago,Oahu,0.9,27.365,34.8971,NA,NA,NA,8.05895366,NA,2321.85,1990.969086,NA,,
2015-08-03,Pacific,Hawaiian Archipelago,Maro Reef,0.9,27.3658,35.683,NA,NA,NA,7.968357615,NA,2281.9,2003.1,NA,,
2016-08-14,Pacific,Hawaiian Archipelago,Hawai'i (Big Island),14.6,27.3667,34.7307,NA,NA,NA,8.043254221,NA,2279.7,1963.7,NA,,
2008-10-08,Pacific,Hawaiian Archipelago,French Frigate Shoals,1.2,27.3691,35.3403,NA,NA,NA,8.049014486,NA,2315.5,1987.9,NA,,
2019-07-31,Pacific,Hawaiian Archipelago,Oahu,1,27.37311283,34.70751443,NA,NA,NA,8.028150093,NA,2283.9,1977,NA,,
2008-10-08,Pacific,Hawaiian Archipelago,French Frigate Shoals,9.5,27.3733,35.3401,NA,NA,NA,8.047854034,NA,2312.9,1986.1,NA,,
2018-07-06,Pacific,American Samoa,Tutuila,1,27.37535,35.163225,NA,NA,NA,8.030545766,NA,2287,1974.9,NA,,
2008-10-08,Pacific,Hawaiian Archipelago,French Frigate Shoals,5.9,27.3763,35.3417,NA,NA,NA,8.04293841,NA,2311.8,1988.2,NA,,
2010-09-16,Pacific,Hawaiian Archipelago,Pearl and Hermes Atoll,14.3,27.3813,35.68303419,NA,NA,NA,8.039251954,NA,2333.1,2006.8,NA,,
2008-10-08,Pacific,Hawaiian Archipelago,French Frigate Shoals,9.1,27.3815,35.3615,NA,NA,NA,8.061961224,NA,2314.7,1978.6,NA,,
2019-07-25,Pacific,Hawaiian Archipelago,Niihau,1,27.38198202,34.74962242,NA,NA,NA,8.042219349,NA,2288,1971.8,NA,,
2012-05-11,Pacific,Pacific Remote Islands Area,Kingman Reef,8.2,27.3861,35.009,NA,NA,NA,8.020082571,NA,2300.7,1994.5,NA,,
2013-08-14,Pacific,Hawaiian Archipelago,Niihau,11.3,27.3866,35.3172,NA,NA,NA,8.035954469,NA,2318.63,1998.675115,NA,,
2012-05-10,Pacific,Pacific Remote Islands Area,Kingman Reef,0.9,27.394,34.975,NA,NA,NA,8.015105928,NA,2295.8,1993.4,NA,,
2016-08-18,Pacific,Hawaiian Archipelago,Oahu,0.9,27.399,34.8932,NA,NA,NA,8.020982813,NA,2297.2,1991.7,NA,,
2016-07-28,Pacific,Hawaiian Archipelago,Niihau,0.9,27.4004,34.9221,NA,NA,NA,8.026560827,NA,2298.5,1989.3,NA,,
2008-10-08,Pacific,Hawaiian Archipelago,French Frigate Shoals,4.6,27.4005,35.3546,NA,NA,NA,8.061478335,NA,2321.6,1985.1,NA,,
2011-04-21,Pacific,Guam and Marianas Islands,Agrihan,0.9,27.4021,34.406,NA,NA,NA,8.060403666,NA,2305.9,1979.3,NA,,
2012-05-18,Pacific,Pacific Remote Islands Area,Palmyra Atoll,12.8,27.4038,35.002,NA,NA,NA,7.986804477,NA,2262.5,1979,NA,,
2012-05-18,Pacific,Pacific Remote Islands Area,Palmyra Atoll,0.9,27.4055,35.005,NA,NA,NA,7.978894298,NA,2263.2,1984.4,NA,,
2016-08-12,Pacific,Hawaiian Archipelago,Hawai'i (Big Island),10.7,27.4078,34.7153,NA,NA,NA,8.044315875,NA,2278.5,1961.8,NA,,
2012-03-11,Pacific,Pacific Remote Islands Area,Howland Island,0.9,27.41,35.209,NA,NA,NA,8.02027091,NA,2312.4,2003.4,NA,,
2019-07-15,Pacific,Hawaiian Archipelago,Hawai'i (Big Island),1,27.41137459,31.97933828,NA,NA,NA,8.039839565,NA,2161.6,1879.6,NA,,
2012-05-10,Pacific,Pacific Remote Islands Area,Kingman Reef,0.9,27.4119,34.999,NA,NA,NA,8.005984627,NA,2278,1982.2,NA,,
2019-07-16,Pacific,Hawaiian Archipelago,Hawai'i (Big Island),1,27.41441912,34.40681493,NA,NA,NA,8.029900652,NA,2264.5,1960.3,NA,,
2019-08-06,Pacific,Hawaiian Archipelago,Maui,1,27.41629726,34.47745355,NA,NA,NA,8.032156273,NA,2270.9,1964.2,NA,,
2016-05-22,Pacific,Pacific Remote Islands Area,Jarvis Island,5.5,27.41853333,35.23423333,NA,NA,NA,7.961037475,NA,2314.8,2039.9,NA,,
2016-05-22,Pacific,Pacific Remote Islands Area,Jarvis Island,7,27.41853333,35.23423333,NA,NA,NA,7.961640112,NA,2314.3,2039.1,NA,,
2010-09-14,Pacific,Hawaiian Archipelago,Pearl and Hermes Atoll,14.3,27.419,35.69697992,NA,NA,NA,8.014958545,NA,2328.8,2017.4,NA,,
2012-03-15,Pacific,Pacific Remote Islands Area,Baker Island,12.2,27.4243,35.232,NA,NA,NA,8.011043916,NA,2314.9,2010.7,NA,,
2021-07-15,Pacific,Main Hawaiian Islands,Oahu,1,27.427,34.906,NA,NA,NA,8.001321092,NA,2178.5,1895,NA,,
2019-08-06,Pacific,Hawaiian Archipelago,Oahu,1,27.42992759,34.61057235,NA,NA,NA,8.006408105,NA,2285.7,1991.7,NA,,
2008-09-17,Pacific,Hawaiian Archipelago,French Frigate Shoals,10,27.431,35.3081,NA,NA,NA,8.052767605,NA,2312.9,1982.7,NA,,
2016-05-22,Pacific,Pacific Remote Islands Area,Jarvis Island,7,27.43426667,35.24746667,NA,NA,NA,7.927456564,NA,2319.5,2062.7,NA,,
2016-05-22,Pacific,Pacific Remote Islands Area,Jarvis Island,5.5,27.43426667,35.24746667,NA,NA,NA,7.950704753,NA,2318.5,2048.9,NA,,
2016-08-21,Pacific,Hawaiian Archipelago,Kaho'olawe,10.7,27.4367,34.7724,NA,NA,NA,8.0470811779999991,NA,2288.7,1968.6,NA,,
2008-09-27,Pacific,Hawaiian Archipelago,Midway Atoll,1.6,27.4371,35.325,NA,NA,NA,8.065804004,NA,2314,1975.5,NA,,
2008-09-27,Pacific,Hawaiian Archipelago,Midway Atoll,1.6,27.4371,35.325,NA,NA,NA,8.070619401,NA,2312.8,1971.3,NA,,
2008-09-27,Pacific,Hawaiian Archipelago,Midway Atoll,1.6,27.4371,35.325,NA,NA,NA,8.075494038,NA,2312.2,1967.7,NA,,
2008-09-27,Pacific,Hawaiian Archipelago,Midway Atoll,1.6,27.4371,35.325,NA,NA,NA,8.077240828,NA,2314.9,1969,NA,,
2012-05-10,Pacific,Pacific Remote Islands Area,Kingman Reef,0.9,27.439,34.99,NA,NA,NA,7.993999255,NA,2277.6,1988.7,NA,,
2011-04-21,Pacific,Guam and Marianas Islands,Agrihan,12.8,27.4404,34.711,NA,NA,NA,8.0041722,NA,2245.9,1955.7,NA,,
2011-04-21,Pacific,Guam and Marianas Islands,Agrihan,12.8,27.4404,34.712,NA,NA,NA,8.035434247,NA,2269.8,1959,NA,,
2011-04-21,Pacific,Guam and Marianas Islands,Agrihan,12.8,27.4404,34.719,NA,NA,NA,8.046514151,NA,2274.2,1956.3,NA,,
2012-03-16,Pacific,Pacific Remote Islands Area,Baker Island,17.1,27.4417,35.236,NA,NA,NA,8.009045221,NA,2315.1,2011.8,NA,,
2013-08-14,Pacific,Hawaiian Archipelago,Niihau,12.5,27.4433,35.3365,NA,NA,NA,8.038192637,NA,2315.1,1993.395682,NA,,
2011-04-21,Pacific,Guam and Marianas Islands,Agrihan,0.9,27.4457,34.564,NA,NA,NA,8.078025422,NA,2267.4,1932.1,NA,,
2015-07-31,Pacific,Hawaiian Archipelago,French Frigate Shoals,0.9,27.4464,34.2459,NA,NA,NA,8.024929114,NA,2307.2,2002.8,NA,,
2019-08-04,Pacific,Hawaiian Archipelago,Oahu,1,27.44833207,34.53876359,NA,NA,NA,8.001505068,NA,2254.7,1966.7,NA,,
2011-04-21,Pacific,Guam and Marianas Islands,Agrihan,0.9,27.4484,34.462,NA,NA,NA,8.063244848,NA,2261.1,1936.3,NA,,
2012-03-16,Pacific,Pacific Remote Islands Area,Baker Island,0.9,27.4492,35.246,NA,NA,NA,8.020005092,NA,2319.7,2009.6,NA,,
2013-10-29,Pacific,Hawaiian Archipelago,Oahu,4.6,27.4524,35.1954,NA,NA,NA,8.003825524,NA,2311.76,2012.349503,NA,,
2013-09-11,Pacific,Hawaiian Archipelago,Pearl and Hermes Atoll,0.9,27.4541,35.3543,NA,NA,NA,8.041716047,NA,2332.29,2006.71643,NA,,
2013-09-07,Pacific,Hawaiian Archipelago,French Frigate Shoals,13.7,27.4549,35.4469,NA,NA,NA,8.030193218,NA,2315.34,1997.563812,NA,,
2016-08-10,Pacific,Hawaiian Archipelago,Hawai'i (Big Island),14,27.455,34.7007,NA,NA,NA,8.023132509,NA,2282.3,1977.6,NA,,
2010-09-24,Pacific,Hawaiian Archipelago,Lisianski Island,14.6,27.4565,35.7221,NA,NA,NA,7.888557714,NA,2228,1995.3,NA,,
2010-10-13,Pacific,Hawaiian Archipelago,Hawai'i (Big Island),0.9,27.4571,35.304,NA,NA,NA,8.021096539,NA,2270,1963.4,NA,,
2011-04-21,Pacific,Guam and Marianas Islands,Agrihan,14.6,27.4572,34.793,NA,NA,NA,8.077249111,NA,2278.5,1940.2,NA,,
2016-05-21,Pacific,Pacific Remote Islands Area,Jarvis Island,5.5,27.4582,35.26796667,NA,NA,NA,7.938444686,NA,2314.7,2051.9,NA,,
2016-05-21,Pacific,Pacific Remote Islands Area,Jarvis Island,7,27.4582,35.26796667,NA,NA,NA,7.969906868,NA,2333.3,2051.2,NA,,
2012-03-15,Pacific,Pacific Remote Islands Area,Baker Island,0.9,27.4583,35.239,NA,NA,NA,8.017254267,NA,2319.7,2011.2,NA,,
2016-08-11,Pacific,Hawaiian Archipelago,Hawai'i (Big Island),13.7,27.4583,34.7118,NA,NA,NA,8.028040117,NA,2280.8,1973.2,NA,,
2013-10-29,Pacific,Hawaiian Archipelago,Oahu,4,27.4596,35.1009,NA,NA,NA,8.05945979,NA,2317.09,1983.846805,NA,,
2016-08-19,Pacific,Hawaiian Archipelago,Oahu,14.6,27.4635,34.9162,NA,NA,NA,8.034217906,NA,2298,1983.4,NA,,
2016-05-22,Pacific,Pacific Remote Islands Area,Jarvis Island,5.5,27.46473333,35.2513,NA,NA,NA,7.961625009,NA,2319.1,2043,NA,,
2016-05-22,Pacific,Pacific Remote Islands Area,Jarvis Island,7,27.46473333,35.2513,NA,NA,NA,7.97793233,NA,2330,2043.6,NA,,
2019-08-06,Pacific,Hawaiian Archipelago,Maui,1,27.46495501,34.5670992,NA,NA,NA,8.025236529,NA,2277.3,1973,NA,,
2013-09-10,Pacific,Hawaiian Archipelago,Pearl and Hermes Atoll,0.9,27.4652,35.6077,NA,NA,NA,8.02692427,NA,2327.68,2009.671553,NA,,
2019-07-20,Pacific,Hawaiian Archipelago,Lana'i,1,27.4654739,34.6302224,NA,NA,NA,8.024477658,NA,2277,1972.7,NA,,
2016-05-23,Pacific,Pacific Remote Islands Area,Jarvis Island,0.9,27.467,35.223,NA,NA,NA,7.915153816,NA,2316.7,2066.8,NA,,
2019-07-29,Pacific,Hawaiian Archipelago,Lana'i,1,27.46853772,34.66210639,NA,NA,NA,8.002455666,NA,2262.3,1972,NA,,
2012-05-12,Pacific,Pacific Remote Islands Area,Kingman Reef,0.9,27.4692,35,NA,NA,NA,8.017876788,NA,2288.9,1984.6,NA,,
2010-09-24,Pacific,Hawaiian Archipelago,Lisianski Island,0.9,27.4729,35.78047579,NA,NA,NA,7.883783254,NA,2225.6,1995.2,NA,,
2012-05-12,Pacific,Pacific Remote Islands Area,Kingman Reef,7.3,27.4732,35.003,NA,NA,NA,8.010751226,NA,2284.6,1984.8,NA,,
2012-03-12,Pacific,Pacific Remote Islands Area,Howland Island,12.2,27.4769,35.177,NA,NA,NA,8.026013869,NA,2310.2,1997.3,NA,,
2016-08-15,Pacific,Hawaiian Archipelago,Hawai'i (Big Island),13.7,27.48,34.7668,NA,NA,NA,8.037520562,NA,2287.8,1973.2,NA,,
2013-09-07,Pacific,Hawaiian Archipelago,French Frigate Shoals,14.6,27.48,35.4512,NA,NA,NA,8.018123027,NA,2313.63,2003.200629,NA,,
2013-09-10,Pacific,Hawaiian Archipelago,Pearl and Hermes Atoll,0.9,27.4803,35.2629,NA,NA,NA,8.053638605,NA,2338.09,2004.920675,NA,,
2011-04-22,Pacific,Guam and Marianas Islands,Agrihan,12.8,27.485,34.808,NA,NA,NA,8.075971517,NA,2279.7,1941.8,NA,,
2015-08-04,Pacific,Hawaiian Archipelago,Maro Reef,11.6,27.4874,35.5199,NA,NA,NA,7.953130993,NA,2270.1,2000.7,NA,,
2016-09-22,Pacific,Hawaiian Archipelago,Lisianski Island,0.9,27.4881,30.5665,NA,NA,NA,8.098742465,NA,2314.6,1994.2,NA,,
2019-07-20,Pacific,Hawaiian Archipelago,Lana'i,1,27.48971558,34.62873047,NA,NA,NA,8.024016259,NA,2278.8,1974.4,NA,,
2008-10-08,Pacific,Hawaiian Archipelago,French Frigate Shoals,9.1,27.4904,35.326,NA,NA,NA,8.058135642,NA,2315,1980.5,NA,,
2016-08-18,Pacific,Hawaiian Archipelago,Oahu,0.9,27.4926,34.5243,NA,NA,NA,8.015178474,NA,2290.5,1991,NA,,
2016-05-21,Pacific,Pacific Remote Islands Area,Jarvis Island,7,27.49283333,35.2723,NA,NA,NA,7.937746757,NA,2323.2,2059.8,NA,,
2016-05-21,Pacific,Pacific Remote Islands Area,Jarvis Island,5.5,27.49283333,35.2723,NA,NA,NA,7.940339767,NA,2325.2,2060.2,NA,,
2018-07-06,Pacific,American Samoa,Tutuila,1,27.49398667,34.74254,NA,NA,NA,8.047143204,NA,2281.4,1961.9,NA,,
2019-07-26,Pacific,Hawaiian Archipelago,Niihau,1,27.49546117,34.70858709,NA,NA,NA,8.044480637,NA,2286.2,1968.1,NA,,
2018-07-07,Pacific,American Samoa,Tutuila,1,27.4972,34.481725,NA,NA,NA,8.043906191,NA,2266.7,1952.6,NA,,
2013-09-06,Pacific,Hawaiian Archipelago,French Frigate Shoals,12.5,27.5,35.4519,NA,NA,NA,8.026569353,NA,2317.92,2001.684724,NA,,
2016-09-11,Pacific,Hawaiian Archipelago,Pearl and Hermes Atoll,0.9,27.5003,34.3724,NA,NA,NA,8.035175163,NA,2313,2000.5,NA,,
2010-09-20,Pacific,Hawaiian Archipelago,Kure Atoll,11.3,27.5006,35.59073906,NA,NA,NA,8.020577677,NA,2323.5,2009.4,NA,,
2008-10-08,Pacific,Hawaiian Archipelago,French Frigate Shoals,9.1,27.5011,35.3738,NA,NA,NA,8.061808073,NA,2316.1,1978.8,NA,,
2013-08-16,Pacific,Hawaiian Archipelago,Niihau,10.7,27.5015,35.4071,NA,NA,NA,8.033482255,NA,2315.91,1996.140632,NA,,
2010-09-15,Pacific,Hawaiian Archipelago,Pearl and Hermes Atoll,13.1,27.5021,35.7370541,NA,NA,NA,8.040218726,NA,2338.5,2009.6,NA,,
2010-09-20,Pacific,Hawaiian Archipelago,Kure Atoll,9.8,27.503,35.57601459,NA,NA,NA,8.034491482,NA,2327.7,2004.7,NA,,
2010-09-20,Pacific,Hawaiian Archipelago,Kure Atoll,9.8,27.503,35.57935206,NA,NA,NA,8.034872887,NA,2324.9,2001.9,NA,,
2010-09-20,Pacific,Hawaiian Archipelago,Kure Atoll,9.8,27.503,35.54323155,NA,NA,NA,8.03510097,NA,2326.1,2003.1,NA,,
2016-09-07,Pacific,Hawaiian Archipelago,Pearl and Hermes Atoll,0.9,27.5033,35.1281,NA,NA,NA,8.013031421,NA,2296.8,1993.4,NA,,
2019-07-28,Pacific,Hawaiian Archipelago,Kaua'i,1,27.51010685,34.54239671,NA,NA,NA,8.000374122,NA,2273.6,1984,NA,,
2019-07-26,Pacific,Hawaiian Archipelago,Niihau,1,27.51128326,34.72389388,NA,NA,NA,8.040580891,NA,2285.3,1969.4,NA,,
2008-09-17,Pacific,Hawaiian Archipelago,French Frigate Shoals,1,27.5136,35.3023,NA,NA,NA,8.05255864,NA,2314.1,1983.4,NA,,
2008-09-17,Pacific,Hawaiian Archipelago,French Frigate Shoals,1,27.5136,35.3023,NA,NA,NA,8.055382261,NA,2316.2,1983.5,NA,,
2019-07-16,Pacific,Hawaiian Archipelago,Hawai'i (Big Island),1,27.51856145,34.39930021,NA,NA,NA,8.004240823,NA,2266,1975.8,NA,,
2016-08-11,Pacific,Hawaiian Archipelago,Hawai'i (Big Island),11.9,27.5189,34.7074,NA,NA,NA,8.063169968,NA,2300.3,1968.8,NA,,
2008-09-26,Pacific,Hawaiian Archipelago,Midway Atoll,0.9,27.5217,35.321,NA,NA,NA,8.05882347,NA,2308.9,1974.6,NA,,
2013-08-05,Pacific,Hawaiian Archipelago,Hawai'i (Big Island),0.9,27.5227,34.9362,NA,NA,NA,8.024673915,NA,2295.45,1986.467263,NA,,
2008-09-26,Pacific,Hawaiian Archipelago,Midway Atoll,0.9,27.5242,35.3596,NA,NA,NA,8.063118499,NA,2309.7,1972.3,NA,,
2008-09-26,Pacific,Hawaiian Archipelago,Midway Atoll,0.9,27.5242,35.3596,NA,NA,NA,8.068937742,NA,2310.8,1969.5,NA,,
2013-09-08,Pacific,Hawaiian Archipelago,French Frigate Shoals,15.2,27.5243,35.4324,NA,NA,NA,8.039830364,NA,2318.72,1994.108052,NA,,
2015-08-02,Pacific,Hawaiian Archipelago,Maro Reef,13.7,27.5247,35.5322,NA,NA,NA,7.951972973,NA,2266.5,1997.6,NA,,
2011-04-20,Pacific,Guam and Marianas Islands,Agrihan,0.9,27.5256,34.72,NA,NA,NA,8.075714032,NA,2280.3,1943.1,NA,,
2008-09-26,Pacific,Hawaiian Archipelago,Midway Atoll,0.9,27.5262,35.321,NA,NA,NA,8.065737224,NA,2311.7,1972.7,NA,,
2012-03-13,Pacific,Pacific Remote Islands Area,Howland Island,12.2,27.5282,35.169,NA,NA,NA,8.014134817,NA,2310.4,2004.3,NA,,
2010-09-19,Pacific,Hawaiian Archipelago,Kure Atoll,10.1,27.5288,35.53655774,NA,NA,NA,8.015989981,NA,2319.5,2008.7,NA,,
2012-03-13,Pacific,Pacific Remote Islands Area,Howland Island,0.9,27.5318,35.172,NA,NA,NA,8.014440554,NA,2313.7,2007.3,NA,,
2016-09-04,Pacific,Hawaiian Archipelago,French Frigate Shoals,7.9,27.5325,35.2307,NA,NA,NA,8.039764103,NA,2307.2,1985.4,NA,,
2008-10-08,Pacific,Hawaiian Archipelago,French Frigate Shoals,10.1,27.5357,35.309,NA,NA,NA,8.035325042,NA,2296.1,1977.4,NA,,
2008-10-08,Pacific,Hawaiian Archipelago,French Frigate Shoals,10.9,27.5413,35.3532,NA,NA,NA,8.032783574,NA,2292.4,1975.3,NA,,
2019-07-26,Pacific,Hawaiian Archipelago,Niihau,1,27.55043945,34.70510834,NA,NA,NA,8.039492541,NA,2285.8,1970.3,NA,,
2008-10-08,Pacific,Hawaiian Archipelago,French Frigate Shoals,6.3,27.5507,35.3744,NA,NA,NA,8.058167692,NA,2318.8,1983.1,NA,,
2019-07-26,Pacific,Hawaiian Archipelago,Niihau,1,27.55162377,34.72113006,NA,NA,NA,8.045105886,NA,2289.3,1969.9,NA,,
2008-10-08,Pacific,Hawaiian Archipelago,French Frigate Shoals,4.6,27.5534,35.3512,NA,NA,NA,8.029819268,NA,2294.9,1979.4,NA,,
2019-07-25,Pacific,Hawaiian Archipelago,Niihau,1,27.55527905,34.7268049,NA,NA,NA,8.069497399,NA,2281.7,1947.9,NA,,
2016-09-22,Pacific,Hawaiian Archipelago,Lisianski Island,0.9,27.5563,33.9884,NA,NA,NA,8.027224539,NA,2292,1988.7,NA,,
2016-09-14,Pacific,Hawaiian Archipelago,Kure Atoll,0.9,27.5567,35.0997,NA,NA,NA,8.014100004,NA,2306.4,2001.2,NA,,
2015-08-02,Pacific,Hawaiian Archipelago,Maro Reef,0.9,27.559,35.647,NA,NA,NA,7.951618195,NA,2268.6,1998.9,NA,,
2019-07-25,Pacific,Hawaiian Archipelago,Niihau,1,27.55980848,34.73492665,NA,NA,NA,8.042216216,NA,2287.1,1969.5,NA,,
2011-04-20,Pacific,Guam and Marianas Islands,Agrihan,12.2,27.5613,34.744,NA,NA,NA,8.061420425,NA,2277.8,1949,NA,,
2012-03-16,Pacific,Pacific Remote Islands Area,Baker Island,0.9,27.5619,35.239,NA,NA,NA,8.04118219,NA,2277.1,1957.2,NA,,
2016-08-17,Pacific,Hawaiian Archipelago,Oahu,13.7,27.5619,34.8924,NA,NA,NA,8.029535946,NA,2295.6,1983.4,NA,,
2019-07-31,Pacific,Hawaiian Archipelago,Oahu,1,27.56322872,34.70491321,NA,NA,NA,8.033461973,NA,2281,1969.5,NA,,
2021-06-30,Pacific,Main Hawaiian Islands,Oahu,1,27.567,34.518,NA,NA,NA,8.013443837,NA,2270,1972.8,NA,,
2016-08-20,Pacific,Hawaiian Archipelago,Oahu,0.9,27.5732,34.8847,NA,NA,NA,8.038700891,NA,2304.1,1985.7,NA,,
2019-07-26,Pacific,Hawaiian Archipelago,Niihau,1,27.57457816,34.72395753,NA,NA,NA,8.048023806,NA,2292.1,1970.4,NA,,
2013-09-06,Pacific,Hawaiian Archipelago,French Frigate Shoals,13.4,27.5747,35.4532,NA,NA,NA,8.036926701,NA,2321.88,1998.170728,NA,,
2010-09-16,Pacific,Hawaiian Archipelago,Pearl and Hermes Atoll,13.7,27.5764,35.71112294,NA,NA,NA,7.978960256,NA,2310.1,2020.4,NA,,
2016-08-14,Pacific,Hawaiian Archipelago,Hawai'i (Big Island),10.7,27.577,34.6897,NA,NA,NA,8.047458257,NA,2267.8,1948.9,NA,,
2016-09-17,Pacific,Hawaiian Archipelago,Lisianski Island,0.9,27.5849,34.803,NA,NA,NA,7.96075947,NA,2257.8,1989.5,NA,,
2010-09-14,Pacific,Hawaiian Archipelago,Pearl and Hermes Atoll,0.9,27.5903,35.73410723,NA,NA,NA,7.990972235,NA,2327.1,2028.9,NA,,
2019-07-15,Pacific,Hawaiian Archipelago,Hawai'i (Big Island),1,27.5913289,34.46410441,NA,NA,NA,8.033860386,NA,2269,1960,NA,,
2019-07-25,Pacific,Hawaiian Archipelago,Niihau,1,27.59221399,34.71026364,NA,NA,NA,8.045581023,NA,2288.5,1968.6,NA,,
2017-04-10,Pacific,Pacific Remote Islands Area,Baker Island,15.2,27.5928,35.0592,NA,NA,NA,7.978751634,NA,2305,2020.4,NA,,
2010-09-23,Pacific,Hawaiian Archipelago,Lisianski Island,0.9,27.5958,35.80425318,NA,NA,NA,7.88158498,NA,2195.7,1967.4,NA,,
2010-09-16,Pacific,Hawaiian Archipelago,Pearl and Hermes Atoll,0.9,27.5993,35.77183009,NA,NA,NA,8.033490306,NA,2338.8,2013.2,NA,,
2019-07-28,Pacific,Hawaiian Archipelago,Kaua'i,1,27.59936831,34.67034427,NA,NA,NA,8.040522145,NA,2292.9,1975.9,NA,,
2013-08-16,Pacific,Hawaiian Archipelago,Kaua'i,4.9,27.6029,35.3954,NA,NA,NA,8.021081902,NA,2322.64,2008.959941,NA,,
2011-04-21,Pacific,Guam and Marianas Islands,Agrihan,14.3,27.6058,34.771,NA,NA,NA,8.06463911,NA,2273.6,1942.5,NA,,
2010-09-23,Pacific,Hawaiian Archipelago,Lisianski Island,13.4,27.6061,35.80150195,NA,NA,NA,7.88046974,NA,2205.1,1976.5,NA,,
2019-07-15,Pacific,Hawaiian Archipelago,Hawai'i (Big Island),1,27.61159928,34.35202916,NA,NA,NA,8.02652625,NA,2262,1958.7,NA,,
2016-05-21,Pacific,Pacific Remote Islands Area,Jarvis Island,7,27.61426667,35.27313333,NA,NA,NA,7.929664111,NA,2317.7,2058.2,NA,,
2016-05-21,Pacific,Pacific Remote Islands Area,Jarvis Island,5.5,27.61426667,35.27313333,NA,NA,NA,7.976097451,NA,2345.2,2057.1,NA,,
2008-10-08,Pacific,Hawaiian Archipelago,French Frigate Shoals,9.5,27.6201,35.33,NA,NA,NA,8.059348015,NA,2319.4,1982.5,NA,,
2016-08-18,Pacific,Hawaiian Archipelago,Oahu,0.9,27.6267,34.5752,NA,NA,NA,8.039614754,NA,2298.4,1981.9,NA,,
2010-09-19,Pacific,Hawaiian Archipelago,Kure Atoll,0.9,27.6318,35.59564743,NA,NA,NA,8.023606243,NA,2325.8,2008.5,NA,,
2008-10-08,Pacific,Hawaiian Archipelago,French Frigate Shoals,1.4,27.6372,35.3488,NA,NA,NA,8.023337299,NA,2293.8,1981.6,NA,,
2019-07-25,Pacific,Hawaiian Archipelago,Niihau,1,27.64092549,34.70902121,NA,NA,NA,8.038331409,NA,2285.3,1969.7,NA,,
2012-03-12,Pacific,Pacific Remote Islands Area,Howland Island,0.9,27.6496,35.188,NA,NA,NA,8.023070078,NA,2312.2,1999.5,NA,,
2016-08-19,Pacific,Hawaiian Archipelago,Oahu,0.9,27.653,34.7835,NA,NA,NA,8.032454566,NA,2297.5,1983.6,NA,,
2008-10-09,Pacific,Hawaiian Archipelago,French Frigate Shoals,10.7,27.6542,35.389,NA,NA,NA,8.004131082,NA,2278.4,1978.5,NA,,
2008-10-09,Pacific,Hawaiian Archipelago,French Frigate Shoals,10.7,27.6542,35.366,NA,NA,NA,8.005182456,NA,2278.4,1978.1,NA,,
2019-07-27,Pacific,Hawaiian Archipelago,Kaua'i,1,27.6542827,34.69922988,NA,NA,NA,8.030639592,NA,2283.3,1972.5,NA,,
2016-08-14,Pacific,Hawaiian Archipelago,Hawai'i (Big Island),14.6,27.6554,34.7073,NA,NA,NA,8.018005772,NA,2281.2,1977.8,NA,,
2016-09-27,Pacific,Hawaiian Archipelago,French Frigate Shoals,12.5,27.6566,35.1897,NA,NA,NA,8.006642482,NA,2276.7,1976.9,NA,,
2016-09-17,Pacific,Hawaiian Archipelago,Lisianski Island,16.8,27.6586,35.2379,NA,NA,NA,7.98498995,NA,2280.1,1992.2,NA,,
2010-09-15,Pacific,Hawaiian Archipelago,Pearl and Hermes Atoll,0.9,27.6588,35.719177,NA,NA,NA,8.033477058,NA,2337.9,2012.2,NA,,
2015-08-08,Pacific,Hawaiian Archipelago,Pearl and Hermes Atoll,0.9,27.6604,35.6446,NA,NA,NA,8.021893734,NA,2341.1,2022.8,NA,,
2019-08-02,Pacific,Hawaiian Archipelago,Oahu,1,27.6606822,34.67170656,NA,NA,NA,8.025562459,NA,2277,1970,NA,,
2019-07-28,Pacific,Hawaiian Archipelago,Kaua'i,1,27.66326421,34.48867034,NA,NA,NA,8.024067357,NA,2273.3,1968.9,NA,,
2017-04-10,Pacific,Pacific Remote Islands Area,Baker Island,0.9,27.664,34.944,NA,NA,NA,7.944453683,NA,2288.4,2025,NA,,
2016-08-13,Pacific,Hawaiian Archipelago,Maui,4,27.671,34.7513,NA,NA,NA,8.025614518,NA,2210.1,1908.7,NA,,
2016-05-16,Pacific,Pacific Remote Islands Area,Jarvis Island,9.1,27.67633333,35.23756667,NA,NA,NA,7.989453751,NA,2313.9,2020.4,NA,,
2016-05-16,Pacific,Pacific Remote Islands Area,Jarvis Island,7.6,27.67633333,35.23756667,NA,NA,NA,8.009729039,NA,2322,2015.7,NA,,
2018-07-16,Pacific,American Samoa,Rose Atoll,1,27.68017778,35.35498889,NA,NA,NA,8.082847407,NA,2337.9,1983.3,NA,,
2019-04-22,Pacific,Hawaiian Archipelago,Maui,1,27.68529225,34.48306564,NA,NA,NA,8.011421679,NA,2266.9,1970.4,NA,,
2018-07-31,Pacific,Pacific Remote Islands Area,Jarvis Island,16.89063469,27.68529225,35.25946827,NA,NA,NA,7.925875626,NA,2319.1,2060.9,NA,,
2018-07-07,Pacific,American Samoa,Tutuila,1,27.68779875,34.81891625,NA,NA,NA,8.060637457,NA,2297.8,1965.9,NA,,
2013-09-12,Pacific,Hawaiian Archipelago,Pearl and Hermes Atoll,13.7,27.6891,35.5587,NA,NA,NA,8.028170347,NA,2318.04,1998.234025,NA,,
2013-09-11,Pacific,Hawaiian Archipelago,Pearl and Hermes Atoll,0.9,27.6901,35.487,NA,NA,NA,8.042212266,NA,2335.2,2005.775795,NA,,
2015-08-09,Pacific,Hawaiian Archipelago,Pearl and Hermes Atoll,15.2,27.6906,35.6439,NA,NA,NA,8.0266663,NA,2342,2020.1,NA,,
2017-04-20,Pacific,Pacific Remote Islands Area,Wake Atoll,14.6,27.6907,34.954,NA,NA,NA,8.052604672,NA,2263.5,1938.7,NA,,
2019-07-30,Pacific,Hawaiian Archipelago,Oahu,1,27.69280335,34.65669782,NA,NA,NA,8.023918393,NA,2283.4,1976.6,NA,,
2015-04-12,Pacific,Pacific Remote Islands Area,Jarvis Island,15.2,27.69857,35.29061,NA,NA,NA,7.946209258,NA,2314.5,2045.1,NA,,
2013-09-12,Pacific,Hawaiian Archipelago,Pearl and Hermes Atoll,12.8,27.7027,35.5596,NA,NA,NA,8.028741282,NA,2322.24,2001.559636,NA,,
2019-08-02,Pacific,Hawaiian Archipelago,Oahu,1,27.70287019,34.67017649,NA,NA,NA,8.038804569,NA,2281.7,1965.9,NA,,
2019-07-28,Pacific,Hawaiian Archipelago,Kaua'i,1,27.70615699,34.20962234,NA,NA,NA,8.012019226,NA,2252.7,1959,NA,,
2010-09-16,Pacific,Hawaiian Archipelago,Pearl and Hermes Atoll,0.9,27.7079,35.73096394,NA,NA,NA,7.935771731,NA,2265.9,2003.4,NA,,
2016-05-22,Pacific,Pacific Remote Islands Area,Jarvis Island,7,27.7084,35.26293333,NA,NA,NA,7.987617963,NA,2313.4,2020.6,NA,,
2016-05-22,Pacific,Pacific Remote Islands Area,Jarvis Island,5.5,27.7084,35.26293333,NA,NA,NA,8.00045463,NA,2321.2,2020.1,NA,,
2012-03-17,Pacific,Pacific Remote Islands Area,Baker Island,0.9,27.7147,35.268,NA,NA,NA,8.055908815,NA,2279.9,1949,NA,,
2019-08-06,Pacific,Hawaiian Archipelago,Maui,1,27.71876665,34.46335637,NA,NA,NA,8.02939243,NA,2272.5,1964.7,NA,,
2015-04-12,Pacific,Pacific Remote Islands Area,Jarvis Island,15.2,27.72104,35.28944,NA,NA,NA,7.957565465,NA,2317,2040.8,NA,,
2015-04-11,Pacific,Pacific Remote Islands Area,Jarvis Island,15.2,27.7216,35.2726,NA,NA,NA,7.969561411,NA,2317.5,2034.5,NA,,
2012-03-12,Pacific,Pacific Remote Islands Area,Howland Island,0.9,27.7236,35.208,NA,NA,NA,8.040804446,NA,2305.5,1981.7,NA,,
2016-05-19,Pacific,Pacific Remote Islands Area,Jarvis Island,0.9,27.724,35.133,NA,NA,NA,8.00585583,NA,2320.3,2017,NA,,
2010-09-20,Pacific,Hawaiian Archipelago,Kure Atoll,0.9,27.7264,35.5872051,NA,NA,NA,8.024775767,NA,2325.2,2006.5,NA,,
2016-05-19,Pacific,Pacific Remote Islands Area,Jarvis Island,0.9,27.73,31.2705,NA,NA,NA,8.042062179,NA,2317.8,2022.9,NA,,
2019-07-14,Pacific,Hawaiian Archipelago,Hawai'i (Big Island),0.9,27.73023769,33.74004884,NA,NA,NA,8.014585421,NA,2232.9,1942.8,NA,,
2018-07-16,Pacific,American Samoa,Rose Atoll,1,27.73266667,35.42328667,NA,NA,NA,8.081500018,NA,2337,1982.3,NA,,
2019-04-22,Pacific,Hawaiian Archipelago,Maui,1,27.7345893,34.5548101,NA,NA,NA,8.011354944,NA,2275.3,1977.1,NA,,
2018-07-31,Pacific,Pacific Remote Islands Area,Jarvis Island,17.2147786,27.7345893,35.2582476,NA,NA,NA,7.930658552,NA,2318.7,2057.5,NA,,
2019-07-27,Pacific,Hawaiian Archipelago,Niihau,1,27.73599831,34.72443665,NA,NA,NA,8.044418902,NA,2288.3,1967.7,NA,,
2019-08-02,Pacific,Hawaiian Archipelago,Oahu,1,27.73796873,34.66274922,NA,NA,NA,8.039643293,NA,2283,1966.3,NA,,
2019-07-30,Pacific,Hawaiian Archipelago,Oahu,1,27.74393487,34.64131907,NA,NA,NA,8.020237855,NA,2278.7,1974.2,NA,,
2019-04-22,Pacific,Hawaiian Archipelago,Maui,1,27.74601181,34.47440108,NA,NA,NA,7.994218319,NA,2245.7,1960.6,NA,,
2018-07-30,Pacific,Pacific Remote Islands Area,Jarvis Island,16.79749446,27.74601181,35.25305018,NA,NA,NA,7.96968096,NA,2314.3,2031.4,NA,,
2019-04-22,Pacific,Hawaiian Archipelago,Maui,1,27.7460321,34.46155686,NA,NA,NA,8.007713949,NA,2272.3,1977.1,NA,,
2018-07-31,Pacific,Pacific Remote Islands Area,Jarvis Island,17.06780812,27.7460321,35.25481255,NA,NA,NA,7.944551836,NA,2318.7,2049.7,NA,,
2019-04-22,Pacific,Hawaiian Archipelago,Maui,1,27.7507203,34.55797838,NA,NA,NA,8.007240946,NA,2279.1,1982.8,NA,,
2018-07-31,Pacific,Pacific Remote Islands Area,Jarvis Island,16.72528782,27.7507203,35.25205941,NA,NA,NA,7.952276035,NA,2316.7,2043.5,NA,,
2016-05-21,Pacific,Pacific Remote Islands Area,Jarvis Island,7,27.75073333,35.25223333,NA,NA,NA,7.991600275,NA,2313,2017.6,NA,,
2016-05-21,Pacific,Pacific Remote Islands Area,Jarvis Island,5.5,27.75073333,35.25223333,NA,NA,NA,8.005731603,NA,2324.9,2020,NA,,
2008-09-16,Pacific,Hawaiian Archipelago,French Frigate Shoals,10,27.7512,35.2465,NA,NA,NA,8.062321505,NA,2313.4,1974.7,NA,,
2008-09-16,Pacific,Hawaiian Archipelago,French Frigate Shoals,30,27.7527,35.367,NA,NA,NA,8.012828932,NA,2293.2,1985.6,NA,,
2019-04-22,Pacific,Hawaiian Archipelago,Maui,1,27.75706421,34.4275,NA,NA,NA,8.028970675,NA,2274.4,1966.6,NA,,
2018-07-31,Pacific,Pacific Remote Islands Area,Jarvis Island,17.10534686,27.75706421,35.26617786,NA,NA,NA,7.950734578,NA,2320.5,2047.7,NA,,
2019-04-22,Pacific,Hawaiian Archipelago,Maui,1,27.75718782,34.41812,NA,NA,NA,7.998605655,NA,2259.1,1970.6,NA,,
2018-07-31,Pacific,Pacific Remote Islands Area,Jarvis Island,17.0522583,27.75718782,35.25221328,NA,NA,NA,7.954300685,NA,2315.4,2041.1,NA,,
2019-07-30,Pacific,Hawaiian Archipelago,Oahu,1,27.76062038,34.67177857,NA,NA,NA,8.030844231,NA,2281.5,1970,NA,,
2016-09-22,Pacific,Hawaiian Archipelago,Lisianski Island,0.9,27.7642,34.7541,NA,NA,NA,8.045730317,NA,2312.4,1988.1,NA,,
2015-04-11,Pacific,Pacific Remote Islands Area,Jarvis Island,15.2,27.7642,35.2882,NA,NA,NA,7.966479372,NA,2317.5,2035.8,NA,,
2010-09-20,Pacific,Hawaiian Archipelago,Kure Atoll,11.6,27.7665,35.56541357,NA,NA,NA,8.036314246,NA,2325.6,1999.3,NA,,
2019-08-06,Pacific,Hawaiian Archipelago,Maui,1,27.77141835,34.5477865,NA,NA,NA,8.052132251,NA,2275.5,1952.5,NA,,
2013-09-13,Pacific,Hawaiian Archipelago,Lisianski Island,16.2,27.7747,35.5689,NA,NA,NA,8.002974444,NA,2303.79,1999.756343,NA,,
2014-04-23,Pacific,Guam and Marianas Islands,Pagan,13.7,27.7751,34.9078,NA,NA,NA,8.063145667,NA,2270,1937.6,NA,,
2019-07-18,Pacific,Hawaiian Archipelago,Hawai'i (Big Island),15.2,27.77627391,34.4,NA,NA,NA,8.007989142,NA,2262.8,1968.2,NA,,
2021-06-30,Pacific,Main Hawaiian Islands,Oahu,1,27.778,34.475,NA,NA,NA,8.021988132,NA,2269.2,1965.5,NA,,
2008-09-16,Pacific,Hawaiian Archipelago,French Frigate Shoals,20,27.7799,35.388,NA,NA,NA,8.010182813,NA,2291.3,1985.4,NA,,
2013-08-12,Pacific,Hawaiian Archipelago,Molokai,2.4,27.7838,35.2135,NA,NA,NA,7.961914944,NA,2219.46,1949.259684,NA,,
2013-09-06,Pacific,Hawaiian Archipelago,French Frigate Shoals,0.9,27.7845,35.3575,NA,NA,NA,8.03708031,NA,2327.21,2001.915845,NA,,
2015-04-11,Pacific,Pacific Remote Islands Area,Jarvis Island,15.2,27.78507,35.28871,NA,NA,NA,7.964720425,NA,2315.5,2034.8,NA,,
2008-10-09,Pacific,Hawaiian Archipelago,French Frigate Shoals,8.8,27.7858,35.4221,NA,NA,NA,8.014274427,NA,2285.9,1977.9,NA,,
2018-07-14,Pacific,American Samoa,Rose Atoll,1,27.78614,35.55268,NA,NA,NA,8.085094355,NA,2342,1982.8,NA,,
2016-09-04,Pacific,Hawaiian Archipelago,French Frigate Shoals,7.9,27.7863,35.1835,NA,NA,NA,8.014604411,NA,2298.6,1991,NA,,
2015-04-12,Pacific,Pacific Remote Islands Area,Jarvis Island,15.2,27.78633,35.31808,NA,NA,NA,7.938586911,NA,2315.2,2049.1,NA,,
2019-08-06,Pacific,Hawaiian Archipelago,Maui,1,27.78722893,34.60418612,NA,NA,NA,8.032248941,NA,2278.7,1966.9,NA,,
2015-04-12,Pacific,Pacific Remote Islands Area,Jarvis Island,15.2,27.78755,35.29287,NA,NA,NA,7.961356207,NA,2314.1,2035.4,NA,,
2010-09-20,Pacific,Hawaiian Archipelago,Kure Atoll,0.9,27.7877,35.57562195,NA,NA,NA,8.028904622,NA,2324.3,2002.7,NA,,
2015-04-12,Pacific,Pacific Remote Islands Area,Jarvis Island,15.2,27.78833,35.31932,NA,NA,NA,7.946318932,NA,2319.4,2048.6,NA,,
2015-04-10,Pacific,Pacific Remote Islands Area,Jarvis Island,14.9,27.7887,35.2929,NA,NA,NA,7.962635994,NA,2315.9,2036.3,NA,,
2008-10-08,Pacific,Hawaiian Archipelago,French Frigate Shoals,1.1,27.7913,35.3022,NA,NA,NA,8.044797054,NA,2317.3,1988.6,NA,,
2008-10-09,Pacific,Hawaiian Archipelago,French Frigate Shoals,10.7,27.7932,35.4339,NA,NA,NA,8.000818536,NA,2275.2,1976.1,NA,,
2008-10-09,Pacific,Hawaiian Archipelago,French Frigate Shoals,6.1,27.7941,35.4322,NA,NA,NA,8.004158185,NA,2281.4,1979.8,NA,,
2019-04-22,Pacific,Hawaiian Archipelago,Maui,1,27.79610148,34.64325714,NA,NA,NA,8.013212839,NA,2270,1970,NA,,
2018-07-31,Pacific,Pacific Remote Islands Area,Jarvis Island,17.33350923,27.79610148,35.2408476,NA,NA,NA,7.962545822,NA,2316,2036.7,NA,,
2008-10-09,Pacific,Hawaiian Archipelago,French Frigate Shoals,4.6,27.7965,35.4185,NA,NA,NA,8.007206273,NA,2283.7,1980.1,NA,,
2008-10-09,Pacific,Hawaiian Archipelago,French Frigate Shoals,0.3,27.7973,35.4301,NA,NA,NA,7.994588604,NA,2275.3,1979.9,NA,,
2016-09-20,Pacific,Hawaiian Archipelago,Lisianski Island,0.9,27.7989,34.853,NA,NA,NA,7.937048667,NA,2231.4,1976.1,NA,,
2013-09-12,Pacific,Hawaiian Archipelago,Pearl and Hermes Atoll,0.9,27.8011,35.3466,NA,NA,NA,8.040069739,NA,2331.02,2003.408995,NA,,
2015-08-04,Pacific,Hawaiian Archipelago,Maro Reef,0.9,27.806,35.6514,NA,NA,NA,7.950319519,NA,2275.1,2003.6,NA,,
2019-07-25,Pacific,Hawaiian Archipelago,Kaua'i,1,27.80655841,34.65927126,NA,NA,NA,8.043003879,NA,2282.5,1963.2,NA,,
2008-09-16,Pacific,Hawaiian Archipelago,French Frigate Shoals,10,27.8194,35.3851,NA,NA,NA,8.008516535,NA,2291.6,1986.4,NA,,
2010-09-23,Pacific,Hawaiian Archipelago,Lisianski Island,14.6,27.821,35.97902463,NA,NA,NA,7.812617446,NA,2137.7,1943.7,NA,,
2019-07-25,Pacific,Hawaiian Archipelago,Kaua'i,1,27.8235785,34.64970624,NA,NA,NA,8.0454028,NA,2282,1961.2,NA,,
2019-04-23,Pacific,Hawaiian Archipelago,Maui,1,27.82363506,34.53679091,NA,NA,NA,8.01590969,NA,2265.3,1964.7,NA,,
2018-07-31,Pacific,Pacific Remote Islands Area,Jarvis Island,16.84295203,27.82363506,35.2610369,NA,NA,NA,7.95987185,NA,2312,2034.2,NA,,
2018-07-14,Pacific,American Samoa,Rose Atoll,1,27.824744,35.49284,NA,NA,NA,8.072852798,NA,2332,1982,NA,,
2019-07-20,Pacific,Hawaiian Archipelago,Lana'i,1,27.8257255,34.61577135,NA,NA,NA,8.026514926,NA,2275.7,1967.2,NA,,
2016-08-17,Pacific,Hawaiian Archipelago,Oahu,0.9,27.8289,34.5371,NA,NA,NA,8.015185585,NA,2296.1,1993,NA,,
2008-10-08,Pacific,Hawaiian Archipelago,French Frigate Shoals,0.9,27.8293,35.2736,NA,NA,NA,8.055043571,NA,2322.7,1986.8,NA,,
2015-08-19,Pacific,Hawaiian Archipelago,Lisianski Island,0.9,27.8312,35.4234,NA,NA,NA,7.913738239,NA,2257.5,2008.7,NA,,
2014-03-25,Pacific,Guam and Marianas Islands,Guam,14.9,27.8313,34.6786,NA,NA,NA,8.047329937,NA,2274.9,1953.1,NA,,
2015-08-17,Pacific,Hawaiian Archipelago,Lisianski Island,13.7,27.8333,35.5696,NA,NA,NA,7.976555048,NA,2299.1,2010.6,NA,,
2016-09-02,Pacific,Hawaiian Archipelago,French Frigate Shoals,12.5,27.8342,35.3187,NA,NA,NA,8.003713069,NA,2285.5,1984.1,NA,,
2016-09-03,Pacific,Hawaiian Archipelago,French Frigate Shoals,0.9,27.8347,35.207,NA,NA,NA,8.005568253,NA,2293.7,1991.5,NA,,
2016-09-20,Pacific,Hawaiian Archipelago,Lisianski Island,0.9,27.8348,35.0962,NA,NA,NA,7.96116273,NA,2258.9,1986.2,NA,,
2013-09-11,Pacific,Hawaiian Archipelago,Pearl and Hermes Atoll,0.9,27.8349,35.2579,NA,NA,NA,7.990310388,NA,2299.88,2005.759903,NA,,
2018-07-15,Pacific,American Samoa,Rose Atoll,1,27.83533077,35.51295,NA,NA,NA,8.081839199,NA,2340,1983,NA,,
2016-09-20,Pacific,Hawaiian Archipelago,Lisianski Island,14.6,27.8365,35.3185,NA,NA,NA,7.920803376,NA,2200,1952.2,NA,,
2018-07-14,Pacific,American Samoa,Rose Atoll,1,27.83779268,35.55820279,NA,NA,NA,8.078252017,NA,2339.6,1984.6,NA,,
2013-09-13,Pacific,Hawaiian Archipelago,Lisianski Island,15.2,27.8386,35.5754,NA,NA,NA,7.978288207,NA,2296.6,2007.204313,NA,,
2018-07-15,Pacific,American Samoa,Rose Atoll,1,27.83873684,35.47998697,NA,NA,NA,8.079110555,NA,2338.4,1983.6,NA,,
2015-08-09,Pacific,Hawaiian Archipelago,Pearl and Hermes Atoll,0.9,27.8391,35.6278,NA,NA,NA,8.02570385,NA,2343.4,2021,NA,,
2010-09-19,Pacific,Hawaiian Archipelago,Kure Atoll,0.9,27.8404,35.55147594,NA,NA,NA,8.013331005,NA,2321.8,2009.7,NA,,
2008-10-08,Pacific,Hawaiian Archipelago,French Frigate Shoals,6.1,27.8428,35.4354,NA,NA,NA,8.031078053,NA,2277.3,1959.4,NA,,
2015-04-11,Pacific,Pacific Remote Islands Area,Jarvis Island,12.2,27.8447,35.3094,NA,NA,NA,7.969889109,NA,2315.1,2030.9,NA,,
2016-09-21,Pacific,Hawaiian Archipelago,Lisianski Island,0.9,27.8452,34.7492,NA,NA,NA,8.046285814,NA,2314.8,1989.2,NA,,
2018-07-15,Pacific,American Samoa,Rose Atoll,1,27.84585552,35.4173526,NA,NA,NA,8.091844457,NA,2350.7,1986.6,NA,,
2015-08-19,Pacific,Hawaiian Archipelago,Lisianski Island,12.8,27.8459,35.6188,NA,NA,NA,7.912156028,NA,2260.3,2010.5,NA,,
2018-07-28,Pacific,Pacific Remote Islands Area,Jarvis Island,1,27.85107872,35.27560426,NA,NA,NA,7.991570111,NA,2322.8,2025.6,NA,,
2016-09-18,Pacific,Hawaiian Archipelago,Lisianski Island,0.9,27.8517,35.0212,NA,NA,NA,7.959412726,NA,2251.2,1980.5,NA,,
2018-07-29,Pacific,Pacific Remote Islands Area,Jarvis Island,2,27.85223333,34.47803333,NA,NA,NA,7.986604482,NA,2310.4,2023,NA,,
2018-07-29,Pacific,Pacific Remote Islands Area,Jarvis Island,2,27.85223333,34.47803333,NA,NA,NA,7.988258099,NA,2312,2023.5,NA,,
2018-07-14,Pacific,American Samoa,Rose Atoll,1,27.85243474,35.48376746,NA,NA,NA,8.069479348,NA,2331.9,1983.9,NA,,
2016-09-21,Pacific,Hawaiian Archipelago,Lisianski Island,14.6,27.8549,35.2752,NA,NA,NA,7.918006617,NA,2173.1,1929,NA,,
2016-09-21,Pacific,Hawaiian Archipelago,Lisianski Island,13.1,27.8549,35.2752,NA,NA,NA,7.933403358,NA,2187.3,1934,NA,,
2010-04-12,Pacific,Pacific Remote Islands Area,Palmyra Atoll,0.9,27.855,34.82535827,NA,NA,NA,7.985994871,NA,2281.6,1994.5,NA,,
2008-10-09,Pacific,Hawaiian Archipelago,French Frigate Shoals,1.3,27.856,35.3878,NA,NA,NA,8.030947049,NA,2300.2,1980.4,NA,,
2019-07-16,Pacific,Hawaiian Archipelago,Hawai'i (Big Island),1,27.85782667,34.18918409,NA,NA,NA,8.027928046,NA,2323,2012.1,NA,,
2019-07-18,Pacific,Hawaiian Archipelago,Hawai'i (Big Island),15.2,27.8582913,34.4,NA,NA,NA,8.010626664,NA,2261.1,1964.4,NA,,
2013-09-08,Pacific,Hawaiian Archipelago,French Frigate Shoals,0.9,27.8591,35.4303,NA,NA,NA,8.032420267,NA,2321.34,1998.265786,NA,,
2008-10-08,Pacific,Hawaiian Archipelago,French Frigate Shoals,6.1,27.8596,35.4343,NA,NA,NA,8.03247397,NA,2280.6,1961.3,NA,,
2019-07-30,Pacific,Hawaiian Archipelago,Oahu,1,27.86184088,34.67865846,NA,NA,NA,8.039785351,NA,2283.6,1965.5,NA,,
2016-09-17,Pacific,Hawaiian Archipelago,Lisianski Island,11,27.8639,35.258,NA,NA,NA,7.960683823,NA,2266.2,1991.6,NA,,
2019-08-02,Pacific,Hawaiian Archipelago,Oahu,1,27.86455602,34.67207213,NA,NA,NA,8.040133822,NA,2280.7,1962.7,NA,,
2014-04-04,Pacific,Guam and Marianas Islands,Rota,16.8,27.8654,34.8225,NA,NA,NA,8.036702328,NA,2282.6,1965,NA,,
2008-10-09,Pacific,Hawaiian Archipelago,French Frigate Shoals,8.3,27.8693,35.372,NA,NA,NA,8.023411503,NA,2273.4,1960.7,NA,,
2008-10-09,Pacific,Hawaiian Archipelago,French Frigate Shoals,7.9,27.8711,35.4187,NA,NA,NA,8.020843522,NA,2270.8,1959.6,NA,,
2016-09-18,Pacific,Hawaiian Archipelago,Lisianski Island,16.8,27.876,35.3059,NA,NA,NA,7.940824552,NA,2242.9,1980.7,NA,,
2015-04-13,Pacific,Pacific Remote Islands Area,Jarvis Island,12.8,27.8767,35.3238,NA,NA,NA,7.970063223,NA,2311.2,2026.8,NA,,
2014-03-24,Pacific,Guam and Marianas Islands,Guam,13.7,27.8771,34.5427,NA,NA,NA,8.048961222,NA,2268.5,1946.9,NA,,
2016-05-21,Pacific,Pacific Remote Islands Area,Jarvis Island,5.5,27.8775,35.26476667,NA,NA,NA,7.984232593,NA,2311.1,2019,NA,,
2016-05-21,Pacific,Pacific Remote Islands Area,Jarvis Island,7,27.8775,35.26476667,NA,NA,NA,7.986520382,NA,2315.1,2021.3,NA,,
2016-09-18,Pacific,Hawaiian Archipelago,Lisianski Island,0.9,27.8785,35.3071,NA,NA,NA,7.949169384,NA,2244.6,1977.8,NA,,
2008-09-16,Pacific,Hawaiian Archipelago,French Frigate Shoals,1,27.8801,35.4537,NA,NA,NA,8.01004145,NA,2292.3,1985.3,NA,,
2019-08-06,Pacific,Hawaiian Archipelago,Maui,1,27.88068049,34.58206771,NA,NA,NA,8.041829108,NA,2274.8,1956.9,NA,,
2016-09-02,Pacific,Hawaiian Archipelago,French Frigate Shoals,0.9,27.8815,35.0045,NA,NA,NA,8.009786746,NA,2287,1984,NA,,
2008-09-16,Pacific,Hawaiian Archipelago,French Frigate Shoals,1,27.8848,35.2768,NA,NA,NA,8.064565568,NA,2316.2,1974.4,NA,,
2018-07-18,Pacific,American Samoa,Tutuila,1,27.88543333,35.30953333,NA,NA,NA,8.062229977,NA,2313.1,1972.8,NA,,
2018-07-14,Pacific,American Samoa,Rose Atoll,2,27.88543333,35.30953333,NA,NA,NA,8.072344081,NA,2335.8,1986.6,NA,,
2018-07-14,Pacific,American Samoa,Rose Atoll,2,27.88543333,35.30953333,NA,NA,NA,8.076979432,NA,2339.4,1986.8,NA,,
2016-05-17,Pacific,Pacific Remote Islands Area,Jarvis Island,9.1,27.88746667,35.26623333,NA,NA,NA,8.012889289,NA,2313.2,2003.7,NA,,
2016-05-17,Pacific,Pacific Remote Islands Area,Jarvis Island,7.6,27.88746667,35.26623333,NA,NA,NA,8.015403708,NA,2309.8,1999.1,NA,,
2008-10-09,Pacific,Hawaiian Archipelago,French Frigate Shoals,4.6,27.8904,35.4178,NA,NA,NA,8.018265444,NA,2269,1959.4,NA,,
2014-03-25,Pacific,Guam and Marianas Islands,Guam,14.3,27.8908,34.5609,NA,NA,NA,8.047827478,NA,2260.8,1940.5,NA,,
2019-07-10,Pacific,Hawaiian Archipelago,Lana'i,1,27.89148804,34.64438875,NA,NA,NA,7.96477919,NA,2241.6,1971,NA,,
2018-07-29,Pacific,Pacific Remote Islands Area,Jarvis Island,1,27.89151667,35.09877778,NA,NA,NA,7.991255313,NA,2316.4,2020.9,NA,,
2018-07-29,Pacific,Pacific Remote Islands Area,Jarvis Island,1,27.89204,35.15613,NA,NA,NA,7.995622357,NA,2319.6,2020.8,NA,,
2018-07-15,Pacific,American Samoa,Rose Atoll,1,27.89211053,35.48109474,NA,NA,NA,8.076423948,NA,2338.6,1985,NA,,
2013-08-05,Pacific,Hawaiian Archipelago,Hawai'i (Big Island),0.9,27.8944,34.9602,NA,NA,NA,8.041027701,NA,2323.13,1997.853294,NA,,
2015-04-09,Pacific,Pacific Remote Islands Area,Jarvis Island,14.6,27.8944,35.2979,NA,NA,NA,7.967346856,NA,2318.9,2035.4,NA,,
2010-09-23,Pacific,Hawaiian Archipelago,Lisianski Island,0.9,27.8962,35.99849569,NA,NA,NA,7.812082075,NA,2141.1,1946.7,NA,,
2019-08-28,Pacific,Hawaiian Archipelago,French Frigate Shoals,1,27.89644417,35.07205161,NA,NA,NA,8.014569652,NA,2304,1995.9,NA,,
2016-09-25,Pacific,Hawaiian Archipelago,French Frigate Shoals,14.3,27.8988,35.0687,NA,NA,NA,8.001913918,NA,2291.1,1991.5,NA,,
2015-04-10,Pacific,Pacific Remote Islands Area,Jarvis Island,0.9,27.9004,35.1953,NA,NA,NA,7.975079825,NA,2318.6,2031.6,NA,,
2019-07-17,Pacific,Hawaiian Archipelago,Hawai'i (Big Island),1,27.90175099,34.28699327,NA,NA,NA,7.982480717,NA,2257,1977.6,NA,,
2018-07-06,Pacific,American Samoa,Tutuila,1,27.90266689,34.95444527,NA,NA,NA,8.017326444,NA,2284.7,1977.6,NA,,
2013-09-08,Pacific,Hawaiian Archipelago,French Frigate Shoals,0.9,27.9079,35.4197,NA,NA,NA,8.032343427,NA,2323.59,1999.969171,NA,,
2014-03-27,Pacific,Guam and Marianas Islands,Guam,14,27.9083,34.6775,NA,NA,NA,8.053208859,NA,2264.9,1939.7,NA,,
2019-08-02,Pacific,Hawaiian Archipelago,Oahu,1,27.90838535,34.64320732,NA,NA,NA,8.043086281,NA,2281.9,1961.8,NA,,
2019-07-27,Pacific,Hawaiian Archipelago,Kaua'i,1,27.91200891,34.69311366,NA,NA,NA,8.001147366,NA,2276.5,1981.6,NA,,
2019-08-01,Pacific,Hawaiian Archipelago,Oahu,1,27.91260645,34.66175292,NA,NA,NA,7.994293991,NA,2261.1,1971.8,NA,,
2016-09-17,Pacific,Hawaiian Archipelago,Lisianski Island,0.9,27.9135,35.0333,NA,NA,NA,7.924072396,NA,2239.7,1988.6,NA,,
2014-04-05,Pacific,Guam and Marianas Islands,Rota,13.7,27.9153,34.8522,NA,NA,NA,8.062334135,NA,2282.3,1948.3,NA,,
2018-07-28,Pacific,Pacific Remote Islands Area,Jarvis Island,1,27.91806792,35.23310943,NA,NA,NA,7.980108132,NA,2312.3,2022.5,NA,,
2014-03-25,Pacific,Guam and Marianas Islands,Guam,13.7,27.92,34.5341,NA,NA,NA,8.06090829,NA,2262.8,1934.1,NA,,
2019-08-27,Pacific,Hawaiian Archipelago,French Frigate Shoals,1,27.92016153,34.77999907,NA,NA,NA,8.034886522,NA,2309.8,1990.8,NA,,
2018-07-30,Pacific,Pacific Remote Islands Area,Jarvis Island,1,27.92084054,35.13537838,NA,NA,NA,7.984595593,NA,2318.6,2026.3,NA,,
2019-07-30,Pacific,Hawaiian Archipelago,Oahu,1,27.92151508,34.68415834,NA,NA,NA,8.035146946,NA,2279.9,1964.4,NA,,
2010-09-23,Pacific,Hawaiian Archipelago,Lisianski Island,7.9,27.9266,35.93595821,NA,NA,NA,7.890429268,NA,2167.8,1933.7,NA,,
2015-08-17,Pacific,Hawaiian Archipelago,Lisianski Island,0.9,27.9267,35.1775,NA,NA,NA,7.979988803,NA,2302.9,2014.4,NA,,
2014-03-26,Pacific,Guam and Marianas Islands,Guam,13.7,27.9273,34.6004,NA,NA,NA,8.066260863,NA,2265.7,1932.8,NA,,
2018-07-28,Pacific,Pacific Remote Islands Area,Jarvis Island,1,27.92838,35.32837333,NA,NA,NA,7.97488517,NA,2316.6,2028.7,NA,,
2019-07-11,Pacific,Hawaiian Archipelago,Hawai'i (Big Island),1,27.92858596,34.46473538,NA,NA,NA,8.016910844,NA,2269.8,1967.8,NA,,
2019-07-16,Pacific,Hawaiian Archipelago,Hawai'i (Big Island),1,27.93008989,34.2340329,NA,NA,NA,7.986872391,NA,2257.6,1975.8,NA,,
2018-07-15,Pacific,American Samoa,Rose Atoll,1,27.93083802,35.4762158,NA,NA,NA,8.078416678,NA,2334.5,1979.7,NA,,
2014-03-26,Pacific,Guam and Marianas Islands,Guam,1,27.9318,34.632,NA,NA,NA,8.070948505,NA,2279.3,1942,NA,,
2014-04-05,Pacific,Guam and Marianas Islands,Rota,13.7,27.9324,34.8113,NA,NA,NA,8.068737119,NA,2287.7,1949.2,NA,,
2019-07-20,Pacific,Hawaiian Archipelago,Lana'i,1,27.93385367,34.61639233,NA,NA,NA,8.034088757,NA,2275.3,1961.3,NA,,
2016-09-06,Pacific,Hawaiian Archipelago,Pearl and Hermes Atoll,0.9,27.9341,35.0611,NA,NA,NA,7.962990709,NA,2254.1,1980.2,NA,,
2018-08-01,Pacific,Pacific Remote Islands Area,Jarvis Island,1,27.93479796,35.14403197,NA,NA,NA,7.99381965,NA,2318.2,2020.3,NA,,
2016-09-25,Pacific,Hawaiian Archipelago,French Frigate Shoals,16.8,27.9358,35.05,NA,NA,NA,8.019118288,NA,2293.9,1983.5,NA,,
2016-09-20,Pacific,Hawaiian Archipelago,Lisianski Island,13.1,27.9365,35.4176,NA,NA,NA,7.942691096,NA,2249.1,1984.2,NA,,
2016-09-20,Pacific,Hawaiian Archipelago,Lisianski Island,14.6,27.9365,35.4176,NA,NA,NA,7.947791419,NA,2247.7,1980.1,NA,,
2010-04-17,Pacific,Pacific Remote Islands Area,Kingman Reef,11,27.9381,34.82164061,NA,NA,NA,8.006742805,NA,2264.9,1966.4,NA,,
2010-09-23,Pacific,Hawaiian Archipelago,Lisianski Island,0.9,27.9413,35.99043172,NA,NA,NA,7.887055609,NA,2167.8,1935.1,NA,,
2019-07-13,Pacific,Hawaiian Archipelago,Hawai'i (Big Island),0.9,27.94212203,33.0005619,NA,NA,NA,8.02325425,NA,2185.6,1898.6,NA,,
2018-07-28,Pacific,Pacific Remote Islands Area,Jarvis Island,1,27.94266897,35.20901034,NA,NA,NA,7.984988341,NA,2310.1,2017.6,NA,,
2018-08-01,Pacific,Pacific Remote Islands Area,Jarvis Island,1,27.94419737,35.22835132,NA,NA,NA,7.990947711,NA,2321.5,2024.3,NA,,
2016-09-19,Pacific,Hawaiian Archipelago,Lisianski Island,0.9,27.9446,33.3541,NA,NA,NA,8.057315967,NA,2314.2,1992,NA,,
2019-07-18,Pacific,Hawaiian Archipelago,Hawai'i (Big Island),15.2,27.94547826,34.4,NA,NA,NA,8.017470333,NA,2258,1956.8,NA,,
2016-09-18,Pacific,Hawaiian Archipelago,Lisianski Island,8.2,27.9494,35.3514,NA,NA,NA,7.899154771,NA,2190.8,1954,NA,,
2019-07-30,Pacific,Hawaiian Archipelago,Lana'i,1,27.95011894,34.64861496,NA,NA,NA,8.025434409,NA,2277.6,1968.2,NA,,
2016-09-18,Pacific,Hawaiian Archipelago,Lisianski Island,14.6,27.9511,35.2869,NA,NA,NA,7.946637195,NA,2249.5,1983.2,NA,,
2014-03-31,Pacific,Guam and Marianas Islands,Guam,14.6,27.9534,34.7861,NA,NA,NA,8.069103411,NA,2277.2,1939.6,NA,,
2010-04-04,Pacific,Pacific Remote Islands Area,Jarvis Island,11,27.956,35.46374749,NA,NA,NA,7.995426703,NA,2323.9,2021.8,NA,,
2019-07-16,Pacific,Hawaiian Archipelago,Hawai'i (Big Island),1,27.95862373,32.93036722,NA,NA,NA,7.983149547,NA,2253.1,1982.9,NA,,
2013-09-12,Pacific,Hawaiian Archipelago,Pearl and Hermes Atoll,0.9,27.9672,35.4098,NA,NA,NA,7.998207666,NA,2317.2,2014.54026,NA,,
2018-07-31,Pacific,Pacific Remote Islands Area,Jarvis Island,1,27.96738148,35.48835926,NA,NA,NA,7.974409018,NA,2317.7,2028.5,NA,,
2014-03-26,Pacific,Guam and Marianas Islands,Guam,11.9,27.9687,34.6569,NA,NA,NA,8.074608459,NA,2269.2,1930,NA,,
2019-07-12,Pacific,Hawaiian Archipelago,Hawai'i (Big Island),0.9,27.96870334,34.31996377,NA,NA,NA,7.99461209,NA,2254.6,1967.7,NA,,
2010-04-15,Pacific,Pacific Remote Islands Area,Kingman Reef,13.4,27.9711,34.81577075,NA,NA,NA,7.984060078,NA,2251.4,1967,NA,,
2016-05-17,Pacific,Pacific Remote Islands Area,Jarvis Island,7.6,27.97236667,35.27856667,NA,NA,NA,7.928645522,NA,2321.1,2058.9,NA,,
2016-05-17,Pacific,Pacific Remote Islands Area,Jarvis Island,9.1,27.97236667,35.27856667,NA,NA,NA,7.936759191,NA,2325.9,2058.8,NA,,
2010-04-15,Pacific,Pacific Remote Islands Area,Kingman Reef,0.9,27.9728,34.84062087,NA,NA,NA,8.01660055,NA,2276.4,1970.7,NA,,
2018-07-13,Pacific,American Samoa,Ta'u,1,27.97295238,35.16471905,NA,NA,NA,8.075794677,NA,2323.8,1974,NA,,
2010-04-14,Pacific,Pacific Remote Islands Area,Kingman Reef,0.9,27.9737,34.82477126,NA,NA,NA,7.99996569,NA,2265.9,1971.1,NA,,
2010-09-24,Pacific,Hawaiian Archipelago,Lisianski Island,8.2,27.974,35.99259519,NA,NA,NA,7.843729187,NA,2170.2,1958.4,NA,,
2016-09-21,Pacific,Hawaiian Archipelago,Lisianski Island,13.1,27.974,35.3219,NA,NA,NA,7.920470574,NA,2174.5,1927.8,NA,,
2016-09-21,Pacific,Hawaiian Archipelago,Lisianski Island,14.6,27.974,35.3219,NA,NA,NA,7.924966206,NA,2177.6,1928.3,NA,,
2019-08-02,Pacific,Hawaiian Archipelago,Oahu,1,27.97585581,34.66922783,NA,NA,NA,8.027819859,NA,2281.5,1969.9,NA,,
2014-04-04,Pacific,Guam and Marianas Islands,Guam,15.8,27.9778,34.7621,NA,NA,NA,8.038410032,NA,2267.2,1949.5,NA,,
2010-04-15,Pacific,Pacific Remote Islands Area,Kingman Reef,13.7,27.9796,34.84042519,NA,NA,NA,8.014260362,NA,2276.1,1971.5,NA,,
2014-03-28,Pacific,Guam and Marianas Islands,Guam,12.5,27.9811,34.706,NA,NA,NA,8.030351375,NA,2265.2,1953.1,NA,,
2018-07-15,Pacific,American Samoa,Rose Atoll,1,27.98148833,35.50605,NA,NA,NA,8.073774069,NA,2334.4,1981.9,NA,,
2016-08-11,Pacific,Hawaiian Archipelago,Hawai'i (Big Island),0.9,27.9815,34.5153,NA,NA,NA,8.019817452,NA,2281.7,1976,NA,,
2019-07-30,Pacific,Hawaiian Archipelago,Oahu,1,27.98430402,34.70120891,NA,NA,NA,8.033489098,NA,2277.9,1962.9,NA,,
2010-04-14,Pacific,Pacific Remote Islands Area,Kingman Reef,10.7,27.985,34.80540104,NA,NA,NA,7.996140358,NA,2261.7,1969.4,NA,,
2019-07-17,Pacific,Hawaiian Archipelago,Hawai'i (Big Island),15.2,27.98668696,34.4,NA,NA,NA,7.981032693,NA,2260.5,1979.8,NA,,
2018-07-03,Pacific,American Samoa,Tutuila,1,27.98798125,35.30961875,NA,NA,NA,8.052624656,NA,2298.9,1965.2,NA,,
2016-09-21,Pacific,Hawaiian Archipelago,Lisianski Island,14.6,27.9885,35.2947,NA,NA,NA,7.929799318,NA,2165.1,1914.3,NA,,
2016-08-16,Pacific,Hawaiian Archipelago,Hawai'i (Big Island),11.6,27.9895,34.7471,NA,NA,NA,8.034286819,NA,2278.8,1962.6,NA,,
2018-07-29,Pacific,Pacific Remote Islands Area,Jarvis Island,1,27.99255652,35.21361304,NA,NA,NA,7.999130818,NA,2304.3,2003.5,NA,,
2016-05-23,Pacific,Pacific Remote Islands Area,Jarvis Island,0.9,27.9927,35.233,NA,NA,NA,7.955916541,NA,2319.5,2042.4,NA,,
2016-08-10,Pacific,Hawaiian Archipelago,Hawai'i (Big Island),11.3,27.9932,34.6742,NA,NA,NA,8.040501592,NA,2275.4,1956.3,NA,,
2014-05-02,Pacific,Guam and Marianas Islands,Alamagan,14.6,27.9947,34.9593,NA,NA,NA,8.064168219,NA,2293,1955,NA,,
2016-09-25,Pacific,Hawaiian Archipelago,French Frigate Shoals,16.8,27.9953,35.0465,NA,NA,NA,8.046812231,NA,2298.9,1970.5,NA,,
2018-07-17,Pacific,American Samoa,Ta'u,1,27.99615872,35.23739217,NA,NA,NA,8.044987135,NA,2332.2,2000.4,NA,,
2018-07-30,Pacific,Pacific Remote Islands Area,Jarvis Island,1,27.99677,35.2047,NA,NA,NA,7.984838933,NA,2315.1,2021.8,NA,,
2016-07-21,Pacific,Hawaiian Archipelago,Lana'i,0.9,27.9975,34.9359,NA,NA,NA,8.028766692,NA,2294.8,1979.1,NA,,
2015-08-19,Pacific,Hawaiian Archipelago,Lisianski Island,12.8,27.9977,35.6481,NA,NA,NA,7.902975276,NA,2239.5,1994.8,NA,,
2014-03-28,Pacific,Guam and Marianas Islands,Guam,12.2,27.9981,34.7104,NA,NA,NA,8.034099694,NA,2274.2,1958.8,NA,,
2008-09-27,Pacific,Hawaiian Archipelago,Midway Atoll,2.6,27.9999,35.335,NA,NA,NA,8.038946574,NA,2312.5,1985.6,NA,,
2008-09-27,Pacific,Hawaiian Archipelago,Midway Atoll,2.6,27.9999,35.335,NA,NA,NA,8.040400087,NA,2311.8,1984.1,NA,,
2008-09-27,Pacific,Hawaiian Archipelago,Midway Atoll,2.6,27.9999,35.335,NA,NA,NA,8.042784677,NA,2315.6,1986,NA,,
2008-09-27,Pacific,Hawaiian Archipelago,Midway Atoll,2.6,27.9999,35.335,NA,NA,NA,8.044948438,NA,2315.3,1984.4,NA,,
2016-05-20,Pacific,Pacific Remote Islands Area,Jarvis Island,7,28.0016,35.2514,NA,NA,NA,8.001921044,NA,2320,2015.6,NA,,
2016-05-20,Pacific,Pacific Remote Islands Area,Jarvis Island,5.5,28.0016,35.2514,NA,NA,NA,8.011287711,NA,2325.8,2015.2,NA,,
2016-09-19,Pacific,Hawaiian Archipelago,Lisianski Island,6.7,28.0033,35.3771,NA,NA,NA,7.903773225,NA,2169,1930.9,NA,,
2016-09-25,Pacific,Hawaiian Archipelago,French Frigate Shoals,0.9,28.0035,34.8966,NA,NA,NA,8.031845287,NA,2295.5,1978.1,NA,,
2018-07-31,Pacific,Pacific Remote Islands Area,Jarvis Island,1,28.00519,35.14733,NA,NA,NA,7.99040883,NA,2318,2021.5,NA,,
2018-07-29,Pacific,Pacific Remote Islands Area,Jarvis Island,1,28.008242160000002,35.25030294,NA,NA,NA,7.978252697,NA,2312,2022.4,NA,,
2010-04-16,Pacific,Pacific Remote Islands Area,Kingman Reef,0.9,28.0109,34.80618365,NA,NA,NA,8.021537846,NA,2281.1,1972,NA,,
2010-04-12,Pacific,Pacific Remote Islands Area,Palmyra Atoll,10.7,28.0119,34.89287377,NA,NA,NA,7.982908771,NA,2285.6,1998,NA,,
2010-04-16,Pacific,Pacific Remote Islands Area,Kingman Reef,11.6,28.0133,34.80559669,NA,NA,NA,8.039252071,NA,2285.2,1964.6,NA,,
2014-03-29,Pacific,Guam and Marianas Islands,Guam,15.5,28.0135,34.6434,NA,NA,NA,8.044490344,NA,2269.2,1948.2,NA,,
2015-08-19,Pacific,Hawaiian Archipelago,Lisianski Island,0.9,28.0141,35.3032,NA,NA,NA,7.900578292,NA,2241.7,2000.3,NA,,
2011-04-07,Pacific,Guam and Marianas Islands,Saipan,12.2,28.0142,34.837,NA,NA,NA,8.054862479,NA,2272.9,1943.7,NA,,
2018-07-30,Pacific,Pacific Remote Islands Area,Jarvis Island,1,28.01440455,35.36018182,NA,NA,NA,7.986544503,NA,2311.9,2016.6,NA,,
2016-09-19,Pacific,Hawaiian Archipelago,Lisianski Island,0.9,28.0146,35.2584,NA,NA,NA,7.879431748,NA,2152.6,1928.7,NA,,
2019-07-17,Pacific,Hawaiian Archipelago,Hawai'i (Big Island),1,28.01488602,34.16579594,NA,NA,NA,8.034103404,NA,2257,1947.5,NA,,
2019-07-20,Pacific,Hawaiian Archipelago,Lana'i,1,28.01931922,34.58580552,NA,NA,NA,8.02871276,NA,2273.3,1962.2,NA,,
2008-10-08,Pacific,Hawaiian Archipelago,French Frigate Shoals,6.1,28.0206,35.387,NA,NA,NA,8.030352506,NA,2276.9,1958.3,NA,,
2018-07-18,Pacific,American Samoa,Tutuila,1,28.02068,35.17021172,NA,NA,NA,8.060758378,NA,2312.9,1973.4,NA,,
2014-03-27,Pacific,Guam and Marianas Islands,Guam,15.2,28.0222,34.6928,NA,NA,NA,8.060318908,NA,2268.1,1937.1,NA,,
2008-09-20,Pacific,Hawaiian Archipelago,Maro Reef,10,28.0233,35.44,NA,NA,NA,7.998986368,NA,2276.8,1976.5,NA,,
2016-09-15,Pacific,Hawaiian Archipelago,Kure Atoll,0.9,28.0253,32.1595,NA,NA,NA,8.031931834,NA,2305.5,2008.1,NA,,
2019-08-02,Pacific,Hawaiian Archipelago,Oahu,1,28.02962383,34.63883576,NA,NA,NA,8.037757359,NA,2282.7,1964.7,NA,,
2016-09-21,Pacific,Hawaiian Archipelago,Lisianski Island,14.6,28.0307,35.3373,NA,NA,NA,7.913516916,NA,2180.9,1936.8,NA,,
2016-09-21,Pacific,Hawaiian Archipelago,Lisianski Island,13.1,28.0307,35.3373,NA,NA,NA,7.918127904,NA,2182.1,1935.5,NA,,
2010-04-15,Pacific,Pacific Remote Islands Area,Kingman Reef,0.9,28.0336,34.82633661,NA,NA,NA,7.999963918,NA,2271.8,1976,NA,,
2018-07-17,Pacific,American Samoa,Ta'u,1,28.0346,35.29613333,NA,NA,NA,8.065275821,NA,2320.2,1975.9,NA,,
2014-03-29,Pacific,Guam and Marianas Islands,Guam,15.5,28.0357,34.7262,NA,NA,NA,8.062832089,NA,2275.7,1941.9,NA,,
2008-10-09,Pacific,Hawaiian Archipelago,French Frigate Shoals,0.3,28.0374,35.4354,NA,NA,NA,8.011165055,NA,2273.3,1966.2,NA,,
2019-07-20,Pacific,Hawaiian Archipelago,Lana'i,1,28.03925229,34.56238501,NA,NA,NA,8.03322814,NA,2275.1,1961.1,NA,,
2014-03-28,Pacific,Guam and Marianas Islands,Guam,13.7,28.0419,34.6782,NA,NA,NA,8.074305184,NA,2286.3,1944.5,NA,,
2008-09-20,Pacific,Hawaiian Archipelago,Maro Reef,10,28.045,35.439,NA,NA,NA,8.003569074,NA,2282.1,1978.4,NA,,
2008-09-20,Pacific,Hawaiian Archipelago,Maro Reef,10,28.045,35.4708,NA,NA,NA,8.005590333,NA,2281.8,1976.7,NA,,
2018-07-30,Pacific,Pacific Remote Islands Area,Jarvis Island,1,28.04680625,35.20755625,NA,NA,NA,7.98477476,NA,2304.8,2012,NA,,
2008-09-19,Pacific,Hawaiian Archipelago,Maro Reef,10,28.0483,35.427,NA,NA,NA,7.993753485,NA,2275.5,1978.3,NA,,
2019-07-17,Pacific,Hawaiian Archipelago,Hawai'i (Big Island),15.2,28.05366957,34.4,NA,NA,NA,7.980797573,NA,2260.1,1979,NA,,
2014-03-25,Pacific,Guam and Marianas Islands,Guam,1,28.0538,34.5721,NA,NA,NA,8.056317937,NA,2269.3,1941.5,NA,,
2013-09-11,Pacific,Hawaiian Archipelago,Pearl and Hermes Atoll,0.9,28.0569,35.4604,NA,NA,NA,7.991220385,NA,2304.05,2005.589495,NA,,
2010-04-17,Pacific,Pacific Remote Islands Area,Kingman Reef,0.9,28.0574,34.81557509,NA,NA,NA,8.034747286,NA,2277.6,1960.3,NA,,
2010-04-17,Pacific,Pacific Remote Islands Area,Kingman Reef,0.9,28.0574,34.81674905,NA,NA,NA,8.038655242,NA,2277.9,1958.2,NA,,
2010-04-17,Pacific,Pacific Remote Islands Area,Kingman Reef,0.9,28.0574,34.81342285,NA,NA,NA,8.038975782,NA,2278.1,1958.2,NA,,
2018-07-02,Pacific,American Samoa,Tutuila,1,28.05820625,34.64028125,NA,NA,NA,8.058453974,NA,2289.1,1957.4,NA,,
2019-07-20,Pacific,Hawaiian Archipelago,Lana'i,1,28.06129483,34.61172886,NA,NA,NA,8.030258423,NA,2276.3,1963.4,NA,,
2014-04-19,Pacific,Guam and Marianas Islands,Pagan,11.3,28.0623,34.8993,NA,NA,NA,8.0520175,NA,2289.1,1959.1,NA,,
2016-09-26,Pacific,Hawaiian Archipelago,French Frigate Shoals,11,28.0625,35.0286,NA,NA,NA,8.039889337,NA,2302.3,1977.5,NA,,
2013-09-07,Pacific,Hawaiian Archipelago,French Frigate Shoals,12.2,28.0631,35.5641,NA,NA,NA,7.985288161,NA,2276.26,1982.786662,NA,,
2010-04-16,Pacific,Pacific Remote Islands Area,Kingman Reef,9.8,28.0654,34.80990105,NA,NA,NA,8.03513349,NA,2281.4,1963.3,NA,,
2019-07-16,Pacific,Hawaiian Archipelago,Hawai'i (Big Island),1,28.06572233,34.37936092,NA,NA,NA,8.022020645,NA,2266.6,1961.3,NA,,
2010-04-11,Pacific,Pacific Remote Islands Area,Palmyra Atoll,0.9,28.0658,34.73673825,NA,NA,NA,7.993319073,NA,2249.5,1959.9,NA,,
2018-07-31,Pacific,Pacific Remote Islands Area,Jarvis Island,1,28.06731026,35.28904872,NA,NA,NA,7.976190941,NA,2316.7,2027.1,NA,,
2010-04-17,Pacific,Pacific Remote Islands Area,Kingman Reef,6.7,28.0676,34.81498811,NA,NA,NA,8.037017356,NA,2276.5,1957.7,NA,,
2010-04-17,Pacific,Pacific Remote Islands Area,Kingman Reef,6.7,28.0676,34.81440114,NA,NA,NA,8.039117138,NA,2275.6,1955.6,NA,,
2010-04-17,Pacific,Pacific Remote Islands Area,Kingman Reef,6.7,28.0676,34.81440114,NA,NA,NA,8.042240175,NA,2277.2,1955.2,NA,,
2010-04-08,Pacific,Pacific Remote Islands Area,Palmyra Atoll,0.9,28.0681,34.94122341,NA,NA,NA,8.013781143,NA,2288.3,1981.6,NA,,
2014-03-30,Pacific,Guam and Marianas Islands,Guam,15.2,28.069,34.6462,NA,NA,NA,8.071742946,NA,2269.6,1931.2,NA,,
2016-09-19,Pacific,Hawaiian Archipelago,Lisianski Island,14.3,28.0697,35.497,NA,NA,NA,7.873033531,NA,2151.4,1928.7,NA,,
2018-07-08,Pacific,American Samoa,Ofu and Olosega Islands,1,28.071055,35.1020825,NA,NA,NA,8.08426308,NA,2295,1942.4,NA,,
2019-07-16,Pacific,Hawaiian Archipelago,Hawai'i (Big Island),1,28.07192986,34.37074664,NA,NA,NA,8.013097134,NA,2266.5,1966.5,NA,,
2008-10-08,Pacific,Hawaiian Archipelago,French Frigate Shoals,0.3,28.0756,35.402,NA,NA,NA,8.035935024,NA,2288.7,1964.9,NA,,
2019-07-11,Pacific,Hawaiian Archipelago,Hawai'i (Big Island),1,28.07560593,34.45485068,NA,NA,NA,8.019185171,NA,2271.1,1966.4,NA,,
2010-04-16,Pacific,Pacific Remote Islands Area,Kingman Reef,0.9,28.0781,34.81264022,NA,NA,NA,8.025941895,NA,2277.2,1965.1,NA,,
2019-07-17,Pacific,Hawaiian Archipelago,Hawai'i (Big Island),15.2,28.08684783,34.4,NA,NA,NA,8.033271837,NA,2254.4,1942.9,NA,,
2008-09-19,Pacific,Hawaiian Archipelago,Maro Reef,7.3,28.0872,35.4683,NA,NA,NA,8.002253575,NA,2276.3,1973.4,NA,,
2014-03-25,Pacific,Guam and Marianas Islands,Guam,1,28.0876,34.4292,NA,NA,NA,8.043240356,NA,2273.3,1954,NA,,
2014-03-29,Pacific,Guam and Marianas Islands,Guam,1,28.0886,NA,NA,NA,NA,NA,NA,NA,NA,NA,,
2015-08-06,Pacific,Hawaiian Archipelago,Pearl and Hermes Atoll,0.9,28.0916,35.6777,NA,NA,NA,7.871820113,NA,2290.8,2058,NA,,
2018-07-17,Pacific,American Samoa,Tutuila,1,28.09191929,34.69845679,NA,NA,NA,8.069094472,NA,2306.4,1965.4,NA,,
2010-04-07,Pacific,Pacific Remote Islands Area,Palmyra Atoll,15.2,28.0932,34.92732427,NA,NA,NA,8.005450953,NA,2284.6,1982.9,NA,,
2019-08-28,Pacific,Hawaiian Archipelago,French Frigate Shoals,1,28.09381,35.04302872,NA,NA,NA,8.030632882,NA,2308.6,1988.7,NA,,
2011-04-09,Pacific,Guam and Marianas Islands,Tinian,12.2,28.0942,34.814,NA,NA,NA,8.061544267,NA,2283.4,1948.4,NA,,
2014-04-08,Pacific,Guam and Marianas Islands,Aguijan (Goat Is.),16.2,28.0955,34.6747,NA,NA,NA,8.054459013,NA,2274,1945.4,NA,,
2019-07-11,Pacific,Hawaiian Archipelago,Hawai'i (Big Island),1,28.09848435,34.46351607,NA,NA,NA,8.015421074,NA,2271.8,1969,NA,,
2019-07-11,Pacific,Hawaiian Archipelago,Lana'i,1,28.10112375,34.59424279,NA,NA,NA,8.022349572,NA,2275.6,1967.3,NA,,
2018-07-13,Pacific,American Samoa,Ta'u,2,28.10315,34.64381,NA,NA,NA,8.080251016,NA,2322,1972.5,NA,,
2018-07-13,Pacific,American Samoa,Ta'u,2,28.10315,34.64381,NA,NA,NA,8.081655496,NA,2321,1970.7,NA,,
2018-07-13,Pacific,American Samoa,Ta'u,1,28.105175,35.3341625,NA,NA,NA,8.079676784,NA,2328.3,1972.8,NA,,
2008-09-19,Pacific,Hawaiian Archipelago,Maro Reef,11.9,28.1056,35.4683,NA,NA,NA,7.996653726,NA,2271.5,1972.1,NA,,
2014-03-29,Pacific,Guam and Marianas Islands,Guam,15.8,28.106,34.7095,NA,NA,NA,8.054534403,NA,2266.5,1938.3,NA,,
2016-05-18,Pacific,Pacific Remote Islands Area,Jarvis Island,7.6,28.10796667,35.30103333,NA,NA,NA,7.950247482,NA,2312.6,2037.7,NA,,
2016-05-18,Pacific,Pacific Remote Islands Area,Jarvis Island,9.1,28.10796667,35.30103333,NA,NA,NA,7.953277823,NA,2317.1,2040.1,NA,,
2016-05-19,Pacific,Pacific Remote Islands Area,Jarvis Island,0.9,28.1085,35.173,NA,NA,NA,7.997769601,NA,2319.3,2017.2,NA,,
2011-04-09,Pacific,Guam and Marianas Islands,Tinian,10.4,28.1089,34.788,NA,NA,NA,8.047748419,NA,2263.8,1939.5,NA,,
2008-09-19,Pacific,Hawaiian Archipelago,Maro Reef,11.6,28.109,35.249,NA,NA,NA,7.990861033,NA,2265.9,1972,NA,,
2019-08-28,Pacific,Hawaiian Archipelago,French Frigate Shoals,1,28.10900782,34.96714298,NA,NA,NA,8.01926302,NA,2300.2,1988.5,NA,,
2018-07-18,Pacific,American Samoa,Tutuila,1,28.11086242,35.17750934,NA,NA,NA,8.069873388,NA,2318,1971.2,NA,,
2013-09-06,Pacific,Hawaiian Archipelago,French Frigate Shoals,12.5,28.1157,35.5702,NA,NA,NA,8.003554392,NA,2291.06,1984.869803,NA,,
2016-09-01,Pacific,Hawaiian Archipelago,French Frigate Shoals,14.3,28.1161,35.1246,NA,NA,NA,8.044345559,NA,2312.3,1982.4,NA,,
2010-04-08,Pacific,Pacific Remote Islands Area,Palmyra Atoll,13.4,28.1164,34.93848267,NA,NA,NA,8.003938749,NA,2284,1982.9,NA,,
2016-09-25,Pacific,Hawaiian Archipelago,French Frigate Shoals,0.9,28.1169,34.811,NA,NA,NA,8.035816655,NA,2297.4,1977,NA,,
2019-07-12,Pacific,Hawaiian Archipelago,Hawai'i (Big Island),0.9,28.11691872,34.34065378,NA,NA,NA,8.020213799,NA,2260.4,1956.6,NA,,
2010-04-07,Pacific,Pacific Remote Islands Area,Palmyra Atoll,0.9,28.1176,34.92869457,NA,NA,NA,8.013570914,NA,2287.2,1980.4,NA,,
2010-09-24,Pacific,Hawaiian Archipelago,Lisianski Island,0.9,28.1179,35.97056802,NA,NA,NA,7.867858066,NA,2155.4,1932.1,NA,,
2010-04-12,Pacific,Pacific Remote Islands Area,Palmyra Atoll,14.3,28.1192,34.93809113,NA,NA,NA,8.013256707,NA,2287.1,1980.1,NA,,
2019-07-19,Pacific,Hawaiian Archipelago,Hawai'i (Big Island),1,28.12072734,34.23274799,NA,NA,NA,7.992962365,NA,2248.8,1962.7,NA,,
2010-04-12,Pacific,Pacific Remote Islands Area,Palmyra Atoll,12.5,28.1217,34.92380068,NA,NA,NA,8.026912907,NA,2289.1,1973.8,NA,,
2018-07-29,Pacific,Pacific Remote Islands Area,Jarvis Island,1,28.12172857,35.22944286,NA,NA,NA,8.031621888,NA,2296.4,1975.4,NA,,
2014-04-10,Pacific,Guam and Marianas Islands,Saipan,16.5,28.1224,34.6375,NA,NA,NA,8.005606199,NA,2244.3,1948,NA,,
2018-07-15,Pacific,American Samoa,Tutuila,15.77011111,28.1253,35.08306667,NA,NA,NA,8.022638204,NA,2299.3,1984.3,NA,,
2019-07-17,Pacific,Hawaiian Archipelago,Hawai'i (Big Island),15.2,28.12551304,34.4,NA,NA,NA,8.005033766,NA,2251.8,1956.9,NA,,
2016-09-01,Pacific,Hawaiian Archipelago,French Frigate Shoals,0.9,28.1256,34.9429,NA,NA,NA,8.043378362,NA,2312.5,1984.8,NA,,
2019-07-29,Pacific,Hawaiian Archipelago,Kaua'i,1,28.12612734,34.67415649,NA,NA,NA,8.035905754,NA,2279.4,1961.7,NA,,
2018-07-09,Pacific,American Samoa,Ofu and Olosega Islands,1,28.12725931,35.05264269,NA,NA,NA,8.129910262,NA,2313.9,1928.7,NA,,
2011-04-07,Pacific,Guam and Marianas Islands,Saipan,0.9,28.1312,34.841,NA,NA,NA,8.048661371,NA,2275.8,1949.3,NA,,
2014-04-11,Pacific,Guam and Marianas Islands,Saipan,15.2,28.1331,34.7084,NA,NA,NA,8.035674833,NA,2265.3,1948.5,NA,,
2016-05-17,Pacific,Pacific Remote Islands Area,Jarvis Island,7.6,28.13473333,35.26636667,NA,NA,NA,7.951611825,NA,2308.3,2033,NA,,
2016-05-17,Pacific,Pacific Remote Islands Area,Jarvis Island,9.1,28.13473333,35.26636667,NA,NA,NA,7.955108656,NA,2312,2034.4,NA,,
2011-04-07,Pacific,Guam and Marianas Islands,Saipan,0.9,28.1349,34.789,NA,NA,NA,8.061786786,NA,2284.8,1949.5,NA,,
2016-09-21,Pacific,Hawaiian Archipelago,Lisianski Island,13.1,28.1375,35.4187,NA,NA,NA,7.907926001,NA,2195,1951.4,NA,,
2016-09-21,Pacific,Hawaiian Archipelago,Lisianski Island,13.1,28.1375,35.4187,NA,NA,NA,7.931318345,NA,2169.2,1915.3,NA,,
2016-09-01,Pacific,Hawaiian Archipelago,French Frigate Shoals,0.9,28.1376,35.1202,NA,NA,NA,8.043053325,NA,2310.5,1981.7,NA,,
2014-04-21,Pacific,Guam and Marianas Islands,Pagan,10.7,28.1384,34.8477,NA,NA,NA,8.057210277,NA,2284.7,1951.6,NA,,
2013-09-06,Pacific,Hawaiian Archipelago,French Frigate Shoals,0.9,28.1394,35.5325,NA,NA,NA,8.029100328,NA,2326.64,2001.706331,NA,,
2010-04-17,Pacific,Pacific Remote Islands Area,Kingman Reef,9.8,28.1398,34.84120791,NA,NA,NA,8.023613308,NA,2259.1,1949.2,NA,,
2018-07-15,Pacific,American Samoa,Tutuila,14.91966667,28.14002222,35.09255556,NA,NA,NA,8.040498723,NA,2299.5,1973.3,NA,,
2016-08-15,Pacific,Hawaiian Archipelago,Hawai'i (Big Island),9.4,28.1413,34.7935,NA,NA,NA,8.043288205,NA,2286.8,1962.6,NA,,
2018-07-29,Pacific,Pacific Remote Islands Area,Jarvis Island,1,28.14141333,35.46418333,NA,NA,NA,7.995018916,NA,2307.4,2005.6,NA,,
2018-07-14,Pacific,American Samoa,Tutuila,14.70122222,28.142,35.09637778,NA,NA,NA,8.078951115,NA,2314.2,1962,NA,,
2018-07-15,Pacific,American Samoa,Tutuila,14.653,28.14212222,35.10245556,NA,NA,NA,8.071521303,NA,2311.9,1964.7,NA,,
2019-07-19,Pacific,Hawaiian Archipelago,Hawai'i (Big Island),1,28.14782404,33.20651753,NA,NA,NA,8.018998834,NA,2257.3,1962.8,NA,,
2008-09-19,Pacific,Hawaiian Archipelago,Maro Reef,7.62,28.1484,35.5225,NA,NA,NA,7.942731016,NA,2235,1968.9,NA,,
2019-07-11,Pacific,Hawaiian Archipelago,Hawai'i (Big Island),1,28.14908223,34.28084223,NA,NA,NA,8.008023708,NA,2267.3,1970.2,NA,,
2016-09-01,Pacific,Hawaiian Archipelago,French Frigate Shoals,6.4,28.1506,35.1102,NA,NA,NA,8.020233429,NA,2302.5,1988.4,NA,,
2011-04-08,Pacific,Guam and Marianas Islands,Saipan,13.4,28.1508,34.796,NA,NA,NA,8.078343996,NA,2282.1,1936.2,NA,,
2018-07-12,Pacific,American Samoa,Ta'u,1,28.15104228,35.22824664,NA,NA,NA,8.074986834,NA,2324.4,1972.8,NA,,
2010-04-11,Pacific,Pacific Remote Islands Area,Palmyra Atoll,13.4,28.1514,34.79287977,NA,NA,NA,8.002444757,NA,2249.8,1953.6,NA,,
2016-09-18,Pacific,Hawaiian Archipelago,Lisianski Island,16.2,28.1517,35.3545,NA,NA,NA,7.954034787,NA,2204.2,1935.4,NA,,
2008-09-19,Pacific,Hawaiian Archipelago,Maro Reef,16,28.1526,35.481,NA,NA,NA,7.928955596,NA,2230.4,1972.3,NA,,
2016-09-25,Pacific,Hawaiian Archipelago,French Frigate Shoals,6.1,28.1527,35.0459,NA,NA,NA,8.037326033,NA,2294.5,1971.2,NA,,
2008-09-19,Pacific,Hawaiian Archipelago,Maro Reef,0.3,28.1533,35.5216,NA,NA,NA,7.93976,NA,2236.2,1971.7,NA,,
2008-09-19,Pacific,Hawaiian Archipelago,Maro Reef,15.8,28.1536,35.5219,NA,NA,NA,7.933285352,NA,2234.9,1973.8,NA,,
2014-03-29,Pacific,Guam and Marianas Islands,Guam,1,28.1539,34.3421,NA,NA,NA,8.039080422,NA,2274.2,1957.4,NA,,
2014-03-30,Pacific,Guam and Marianas Islands,Guam,1,28.1549,NA,NA,NA,NA,NA,NA,NA,NA,NA,,
2019-07-12,Pacific,Hawaiian Archipelago,Hawai'i (Big Island),0.9,28.15551394,34.38475856,NA,NA,NA,7.997344023,NA,2259.6,1968.6,NA,,
2011-04-07,Pacific,Guam and Marianas Islands,Saipan,16.5,28.1579,34.784,NA,NA,NA,8.038632719,NA,2273.5,1953.3,NA,,
2011-04-08,Pacific,Guam and Marianas Islands,Saipan,0.9,28.1586,34.699,NA,NA,NA,8.064995836,NA,2280.4,1944.1,NA,,
2010-04-12,Pacific,Pacific Remote Islands Area,Palmyra Atoll,12.5,28.1599,34.92575823,NA,NA,NA,8.019562671,NA,2288.1,1977,NA,,
2013-09-08,Pacific,Hawaiian Archipelago,French Frigate Shoals,0.9,28.1606,35.4426,NA,NA,NA,8.02952612,NA,2322.73,1998.415525,NA,,
2014-04-09,Pacific,Guam and Marianas Islands,Tinian,14.3,28.1607,34.5902,NA,NA,NA,8.040492168,NA,2255.4,1937.4,NA,,
2010-04-08,Pacific,Pacific Remote Islands Area,Palmyra Atoll,11.6,28.161,34.9294776,NA,NA,NA,8.01123569,NA,2280.7,1975.3,NA,,
2010-04-17,Pacific,Pacific Remote Islands Area,Kingman Reef,0.9,28.1613,34.81909699,NA,NA,NA,8.03005277,NA,2257.7,1944.3,NA,,
2019-08-30,Pacific,Hawaiian Archipelago,Lisianski Island,1,28.1621923,35.47279827,NA,NA,NA,7.987444151,NA,2320.1,2021.4,NA,,
2014-04-06,Pacific,Guam and Marianas Islands,Rota,13.7,28.1622,34.6892,NA,NA,NA,8.045089389,NA,2279.5,1955.5,NA,,
2019-08-28,Pacific,Hawaiian Archipelago,French Frigate Shoals,1,28.16312963,35.01937889,NA,NA,NA,8.017792744,NA,2299.2,1987.6,NA,,
2018-07-15,Pacific,American Samoa,Tutuila,15.07366667,28.16415556,35.08728889,NA,NA,NA,8.068715214,NA,2303.5,1958.9,NA,,
2018-07-10,Pacific,American Samoa,Ofu and Olosega Islands,1,28.16434762,35.13522381,NA,NA,NA,8.058638438,NA,2316.3,1976.7,NA,,
2014-04-13,Pacific,Guam and Marianas Islands,Saipan,14.3,28.1663,34.712,NA,NA,NA,8.048808068,NA,2266.7,1941.4,NA,,
2014-04-20,Pacific,Guam and Marianas Islands,Pagan,14,28.1665,34.8759,NA,NA,NA,8.041532149,NA,2279.7,1956.3,NA,,
2019-08-28,Pacific,Hawaiian Archipelago,French Frigate Shoals,1,28.16822609,34.91979681,NA,NA,NA,8.021263706,NA,2300.3,1987.2,NA,,
2019-08-28,Pacific,Hawaiian Archipelago,French Frigate Shoals,1,28.16825739,35.07625071,NA,NA,NA,8.028608276,NA,2306.6,1987.2,NA,,
2013-09-13,Pacific,Hawaiian Archipelago,Lisianski Island,0.9,28.1691,35.5641,NA,NA,NA,8.019921415,NA,2321.67,2002.399144,NA,,
2018-07-15,Pacific,American Samoa,Tutuila,14.66233333,28.1708,35.09927778,NA,NA,NA,8.007006434,NA,2292.3,1986.9,NA,,
2016-09-26,Pacific,Hawaiian Archipelago,French Frigate Shoals,14.3,28.1712,35.0267,NA,NA,NA,8.039311604,NA,2297.1,1972.1,NA,,
2016-09-19,Pacific,Hawaiian Archipelago,Lisianski Island,0.9,28.1722,35.1399,NA,NA,NA,7.899663271,NA,2162.5,1927.3,NA,,
2008-09-19,Pacific,Hawaiian Archipelago,Maro Reef,1,28.1763,35.4769,NA,NA,NA,7.994349738,NA,2269.8,1971.5,NA,,
2008-09-19,Pacific,Hawaiian Archipelago,Maro Reef,13,28.1771,35.5044,NA,NA,NA,7.968523804,NA,2247.7,1965.9,NA,,
2018-07-04,Pacific,American Samoa,Tutuila,1,28.1789865,35.07650055,NA,NA,NA,8.060138249,NA,2302.7,1963.9,NA,,
2019-08-31,Pacific,Hawaiian Archipelago,Lisianski Island,1,28.18042683,35.45410904,NA,NA,NA,8.005810676,NA,2323.5,2013.4,NA,,
2010-09-20,Pacific,Hawaiian Archipelago,Kure Atoll,0.9,28.1817,35.58661611,NA,NA,NA,8.021820999,NA,2330.6,2008.9,NA,,
2014-04-17,Pacific,Guam and Marianas Islands,Saipan,12.8,28.1823,34.7,NA,NA,NA,8.050442365,NA,2276.4,1949.1,NA,,
2015-08-17,Pacific,Hawaiian Archipelago,Lisianski Island,14.9,28.1862,35.6429,NA,NA,NA,7.953983062,NA,2259.1,1983.5,NA,,
2018-08-01,Pacific,Pacific Remote Islands Area,Jarvis Island,1,28.18665,35.320425,NA,NA,NA,7.969090014,NA,2286.6,2002.5,NA,,
2018-07-11,Pacific,American Samoa,Ofu and Olosega Islands,1,28.19244958,35.22701727,NA,NA,NA,8.065900841,NA,2309.2,1964.7,NA,,
2018-07-02,Pacific,American Samoa,Tutuila,1,28.19462424,34.76749267,NA,NA,NA,8.044930695,NA,2279.5,1954.9,NA,,
2018-07-10,Pacific,American Samoa,Ofu and Olosega Islands,1,28.19515387,35.4071493,NA,NA,NA,8.070009987,NA,2322.9,1972.8,NA,,
2018-07-07,Pacific,American Samoa,Ofu and Olosega Islands,1,28.19573333,35.15485714,NA,NA,NA,8.073667562,NA,2311.6,1962.4,NA,,
2011-04-09,Pacific,Guam and Marianas Islands,Tinian,0.9,28.2003,34.818,NA,NA,NA,8.072826693,NA,2282.9,1940,NA,,
2010-09-15,Pacific,Hawaiian Archipelago,Pearl and Hermes Atoll,0.9,28.202,35.77890382,NA,NA,NA,7.930142898,NA,2264.4,2000.9,NA,,
2008-09-19,Pacific,Hawaiian Archipelago,Maro Reef,6.6,28.2028,35.5079,NA,NA,NA,7.962631983,NA,2246,1967.6,NA,,
2018-07-11,Pacific,American Samoa,Ofu and Olosega Islands,1,28.2031119,35.26757143,NA,NA,NA,8.076054957,NA,2304.8,1953.8,NA,,
2010-04-09,Pacific,Pacific Remote Islands Area,Palmyra Atoll,13.7,28.204,34.9333928,NA,NA,NA,8.009806263,NA,2283.4,1978.1,NA,,
2014-03-29,Pacific,Guam and Marianas Islands,Guam,1,28.2069,34.7265,NA,NA,NA,8.05720032,NA,2280.8,1948.6,NA,,
2014-04-17,Pacific,Guam and Marianas Islands,Saipan,10.7,28.2081,34.6596,NA,NA,NA,8.06711296,NA,2274.6,1937.2,NA,,
2014-04-06,Pacific,Guam and Marianas Islands,Rota,14.6,28.2114,34.6498,NA,NA,NA,8.059131899,NA,2275.8,1943.2,NA,,
2015-04-09,Pacific,Pacific Remote Islands Area,Jarvis Island,0.9,28.2116,35.3131,NA,NA,NA,7.977527141,NA,2317.7,2025.8,NA,,
2016-05-19,Pacific,Pacific Remote Islands Area,Jarvis Island,0.9,28.2119,35.1555,NA,NA,NA,7.998462006,NA,2319,2015.7,NA,,
2016-05-18,Pacific,Pacific Remote Islands Area,Jarvis Island,7.6,28.21303333,35.29496667,NA,NA,NA,7.922104387,NA,2319.1,2058.6,NA,,
2018-07-07,Pacific,American Samoa,Ofu and Olosega Islands,1,28.2156,35.11795588,NA,NA,NA,8.072421231,NA,2295.9,1949.3,NA,,
2018-07-08,Pacific,American Samoa,Ofu and Olosega Islands,1,28.2156,35.11795588,NA,NA,NA,8.073714313,NA,2304.9,1956.5,NA,,
2014-04-17,Pacific,Guam and Marianas Islands,Saipan,0.9,28.22,34.4669,NA,NA,NA,8.058774337,NA,2264.7,1935.2,NA,,
2018-07-19,Pacific,American Samoa,Tutuila,1,28.22173229,35.2254706,NA,NA,NA,8.060830297,NA,2311.8,1970,NA,,
2010-04-12,Pacific,Pacific Remote Islands Area,Palmyra Atoll,0.9,28.2226,34.95296983,NA,NA,NA,8.019879841,NA,2292.8,1980.5,NA,,
2015-02-08,Pacific,Pacific Remote Islands Area,Baker Island,15.2,28.2226,35.3936,NA,NA,NA,7.973721412,NA,2323.1,2032,NA,,
2010-04-17,Pacific,Pacific Remote Islands Area,Kingman Reef,0.9,28.2251,34.81987964,NA,NA,NA,8.034643861,NA,2267.7,1949.9,NA,,
2014-04-22,Pacific,Guam and Marianas Islands,Pagan,14.6,28.228,34.864,NA,NA,NA,8.065814343,NA,2287.6,1947.7,NA,,
2018-07-31,Pacific,Pacific Remote Islands Area,Jarvis Island,1,28.22974,35.28172,NA,NA,NA,7.999120817,NA,2309.6,2005.7,NA,,
2013-09-13,Pacific,Hawaiian Archipelago,Lisianski Island,0.9,28.2301,34.7204,NA,NA,NA,8.027087679,NA,2319.46,2001.914625,NA,,
2019-07-16,Pacific,Hawaiian Archipelago,Hawai'i (Big Island),1,28.23023354,34.38396288,NA,NA,NA,7.994228716,NA,2260.3,1970.4,NA,,
2018-06-14,Pacific,Pacific Remote Islands Area,Baker Island,14.07890253,28.23170975,35.33844765,NA,NA,NA,7.958564809,NA,2317.8,2036.3,NA,,
2016-05-19,Pacific,Pacific Remote Islands Area,Jarvis Island,0.9,28.2322,35.2429,NA,NA,NA,8.009083111,NA,2329.1,2017.6,NA,,
2010-04-12,Pacific,Pacific Remote Islands Area,Palmyra Atoll,0.9,28.2344,34.94690077,NA,NA,NA,8.081626151,NA,2272.9,1924.1,NA,,
2019-08-31,Pacific,Hawaiian Archipelago,Lisianski Island,1,28.23564537,35.46806152,NA,NA,NA,7.966376695,NA,2305,2019.4,NA,,
2018-07-02,Pacific,American Samoa,Tutuila,1,28.23875303,34.83490606,NA,NA,NA,8.034124345,NA,2273.5,1955.2,NA,,
2018-07-11,Pacific,American Samoa,Ofu and Olosega Islands,1,28.24114982,35.29870702,NA,NA,NA,8.071885062,NA,2313.8,1963.9,NA,,
2018-07-08,Pacific,American Samoa,Ofu and Olosega Islands,1,28.24253065,35.11495548,NA,NA,NA,8.071331534,NA,2308.6,1961.1,NA,,
2010-04-12,Pacific,Pacific Remote Islands Area,Palmyra Atoll,0.9,28.2428,34.9281073,NA,NA,NA,8.017158195,NA,2289.4,1979.1,NA,,
2018-07-09,Pacific,American Samoa,Ofu and Olosega Islands,1,28.24473663,35.16656733,NA,NA,NA,8.071962399,NA,2312.8,1964,NA,,
2019-07-21,Pacific,Hawaiian Archipelago,Lana'i,1,28.24582317,34.63021824,NA,NA,NA,8.042490567,NA,2261.6,1940.9,NA,,
2010-04-12,Pacific,Pacific Remote Islands Area,Palmyra Atoll,13.4,28.2474,34.9281073,NA,NA,NA,8.026486552,NA,2289,1972.9,NA,,
2016-05-18,Pacific,Pacific Remote Islands Area,Jarvis Island,7.6,28.2484,35.29536667,NA,NA,NA,7.943198976,NA,2319.3,2046.7,NA,,
2019-08-30,Pacific,Hawaiian Archipelago,Lisianski Island,1,28.24859924,35.42274061,NA,NA,NA,7.926653801,NA,2273.6,2013.2,NA,,
2016-05-17,Pacific,Pacific Remote Islands Area,Jarvis Island,7.6,28.2492,35.2432,NA,NA,NA,7.98629152,NA,2310.5,2014.1,NA,,
2016-05-17,Pacific,Pacific Remote Islands Area,Jarvis Island,9.1,28.2492,35.2432,NA,NA,NA,7.995310757,NA,2322.9,2020,NA,,
2018-07-13,Pacific,American Samoa,Ta'u,1,28.25178567,35.30676462,NA,NA,NA,8.092180603,NA,2310.8,1947.8,NA,,
2014-04-21,Pacific,Guam and Marianas Islands,Pagan,14.9,28.2537,34.84,NA,NA,NA,8.06197612,NA,2287.7,1950.2,NA,,
2019-07-20,Pacific,Hawaiian Archipelago,Lana'i,1,28.25874975,34.61460882,NA,NA,NA,8.049345405,NA,2267.5,1942,NA,,
2014-04-20,Pacific,Guam and Marianas Islands,Pagan,14.6,28.2595,34.8516,NA,NA,NA,8.041207898,NA,2280.8,1956.8,NA,,
2019-07-17,Pacific,Hawaiian Archipelago,Hawai'i (Big Island),1,28.25995055,34.37870944,NA,NA,NA,8.014233798,NA,2264.5,1962.3,NA,,
2015-04-10,Pacific,Pacific Remote Islands Area,Jarvis Island,0.9,28.2609,35.2283,NA,NA,NA,8.011786293,NA,2307.3,1996.1,NA,,
2014-04-11,Pacific,Guam and Marianas Islands,Saipan,0.9,28.2614,NA,NA,NA,NA,NA,NA,NA,NA,NA,,
2019-07-17,Pacific,Hawaiian Archipelago,Hawai'i (Big Island),1,28.2617929,34.36295112,NA,NA,NA,8.01925814,NA,2261.6,1956.8,NA,,
2019-08-30,Pacific,Hawaiian Archipelago,Lisianski Island,1,28.26191511,35.46980224,NA,NA,NA,7.973901175,NA,2311.6,2020.8,NA,,
2014-04-18,Pacific,Guam and Marianas Islands,Saipan,13.4,28.2637,34.5522,NA,NA,NA,8.062348524,NA,2265.7,1932.5,NA,,
2018-06-14,Pacific,Pacific Remote Islands Area,Baker Island,14.05297473,28.26674946,35.32521625,NA,NA,NA,7.976557633,NA,2320.4,2028,NA,,
2010-04-02,Pacific,Pacific Remote Islands Area,Jarvis Island,14.6,28.2668,35.44118303,NA,NA,NA,7.987187197,NA,2324.8,2024.9,NA,,
2010-04-12,Pacific,Pacific Remote Islands Area,Palmyra Atoll,0.9,28.2709,34.92517096,NA,NA,NA,8.022831149,NA,2288.5,1974.6,NA,,
2014-04-20,Pacific,Guam and Marianas Islands,Pagan,13.7,28.2739,34.8268,NA,NA,NA,8.048541102,NA,2286.1,1957.1,NA,,
2014-04-04,Pacific,Guam and Marianas Islands,Guam,12.8,28.274,34.6918,NA,NA,NA,8.022330396,NA,2247.9,1939.7,NA,,
2008-09-19,Pacific,Hawaiian Archipelago,Maro Reef,11,28.2875,35.473,NA,NA,NA,7.939584283,NA,2227.7,1963.1,NA,,
2019-08-31,Pacific,Hawaiian Archipelago,Lisianski Island,1,28.29197507,35.46750279,NA,NA,NA,7.9566219,NA,2302,2021.8,NA,,
2016-05-18,Pacific,Pacific Remote Islands Area,Jarvis Island,7.6,28.29273333,35.28396667,NA,NA,NA,7.908022273,NA,2318.4,2065.1,NA,,
2016-05-18,Pacific,Pacific Remote Islands Area,Jarvis Island,9.1,28.29273333,35.28396667,NA,NA,NA,7.910082326,NA,2315.5,2061.3,NA,,
2008-09-19,Pacific,Hawaiian Archipelago,Maro Reef,10.7,28.2928,35.5125,NA,NA,NA,7.941458899,NA,2228.4,1962.4,NA,,
2018-07-17,Pacific,American Samoa,Tutuila,1,28.29507725,35.04547615,NA,NA,NA,8.022124375,NA,2285.5,1971.2,NA,,
2014-04-07,Pacific,Guam and Marianas Islands,Rota,15.2,28.2959,34.4741,NA,NA,NA,8.063617615,NA,2266.3,1932.5,NA,,
2008-09-19,Pacific,Hawaiian Archipelago,Maro Reef,5.18,28.2967,35.5117,NA,NA,NA,7.943761162,NA,2235.1,1967.4,NA,,
2013-09-13,Pacific,Hawaiian Archipelago,Lisianski Island,14.3,28.2968,35.6293,NA,NA,NA,7.922081908,NA,2242.13,1984.741726,NA,,
2013-09-07,Pacific,Hawaiian Archipelago,French Frigate Shoals,0.9,28.2993,35.4763,NA,NA,NA,8.017836281,NA,2317.8,1999.660395,NA,,
2019-07-17,Pacific,Hawaiian Archipelago,Hawai'i (Big Island),1,28.29987901,34.13368044,NA,NA,NA,7.962318392,NA,2247.1,1977.6,NA,,
2016-05-19,Pacific,Pacific Remote Islands Area,Jarvis Island,0.9,28.3032,35.0721,NA,NA,NA,7.993405861,NA,2318.2,2017.8,NA,,
2019-07-17,Pacific,Hawaiian Archipelago,Hawai'i (Big Island),1,28.30516841,34.26261624,NA,NA,NA,7.999567585,NA,2254.3,1962.1,NA,,
2018-07-10,Pacific,American Samoa,Ofu and Olosega Islands,1,28.30661511,35.31563705,NA,NA,NA,8.066950488,NA,2321.4,1973.1,NA,,
2008-09-19,Pacific,Hawaiian Archipelago,Maro Reef,14.2,28.3069,35.46,NA,NA,NA,7.965316509,NA,2248.3,1967.4,NA,,
2019-07-17,Pacific,Hawaiian Archipelago,Hawai'i (Big Island),1,28.3081193,34.24971335,NA,NA,NA,7.982894813,NA,2252.5,1970.1,NA,,
2016-05-19,Pacific,Pacific Remote Islands Area,Jarvis Island,9.1,28.3129,35.2673,NA,NA,NA,7.99540972,NA,2318.5,2015.2,NA,,
2008-09-26,Pacific,Hawaiian Archipelago,Midway Atoll,1.3,28.3136,35.323,NA,NA,NA,8.124322623,NA,2290.2,1907.3,NA,,
2008-09-26,Pacific,Hawaiian Archipelago,Midway Atoll,1.3,28.3136,35.3574,NA,NA,NA,8.123401146,NA,2286.9,1904.8,NA,,
2008-09-26,Pacific,Hawaiian Archipelago,Midway Atoll,1.3,28.3136,35.3574,NA,NA,NA,8.124174962,NA,2293.4,1910,NA,,
2019-08-30,Pacific,Hawaiian Archipelago,Lisianski Island,1,28.3158517,35.44705519,NA,NA,NA,7.924296707,NA,2270.9,2011.3,NA,,
2019-07-12,Pacific,Hawaiian Archipelago,Hawai'i (Big Island),0.9,28.31744223,34.40686718,NA,NA,NA,8.018308533,NA,2262,1956.9,NA,,
2018-06-13,Pacific,Pacific Remote Islands Area,Baker Island,14.1474657,28.31772491,35.31651841,NA,NA,NA,7.968322727,NA,2317.4,2029.7,NA,,
2008-09-19,Pacific,Hawaiian Archipelago,Maro Reef,1,28.3187,35.5119,NA,NA,NA,7.949965735,NA,2237.4,1965.9,NA,,
2018-06-14,Pacific,Pacific Remote Islands Area,Baker Island,15.14491336,28.31890975,35.29077545,NA,NA,NA,7.92173136,NA,2316,2055,NA,,
2008-09-26,Pacific,Hawaiian Archipelago,Midway Atoll,1.3,28.323,35.3603,NA,NA,NA,8.124978319,NA,2291.5,1907.6,NA,,
2018-07-04,Pacific,American Samoa,Tutuila,1,28.32430857,35.17165021,NA,NA,NA,8.064612738,NA,2311.1,1966.4,NA,,
2018-07-18,Pacific,American Samoa,Tutuila,2,28.32544615,35.08987692,NA,NA,NA,8.068763281,NA,2311.7,1964.9,NA,,
2018-07-18,Pacific,American Samoa,Tutuila,2,28.32544615,35.08987692,NA,NA,NA,8.073849486,NA,2312.8,1962.6,NA,,
2014-04-11,Pacific,Guam and Marianas Islands,Saipan,13.4,28.3258,34.4332,NA,NA,NA,8.04813487,NA,2251.8,1929.2,NA,,
2014-04-10,Pacific,Guam and Marianas Islands,Tinian,15.8,28.3261,34.2258,NA,NA,NA,8.054642469,NA,2241.4,1917.5,NA,,
2014-04-10,Pacific,Guam and Marianas Islands,Saipan,0.9,28.332,34.0961,NA,NA,NA,8.01948138,NA,2250.5,1948,NA,,
2011-04-09,Pacific,Guam and Marianas Islands,Tinian,0.9,28.3331,34.763,NA,NA,NA,8.052557778,NA,2260.5,1931.9,NA,,
2014-04-10,Pacific,Guam and Marianas Islands,Tinian,12.2,28.3345,34.4351,NA,NA,NA,8.043604238,NA,2248.8,1929.2,NA,,
2019-07-17,Pacific,Hawaiian Archipelago,Hawai'i (Big Island),1,28.33476793,34.40094494,NA,NA,NA,8.015407471,NA,2265.3,1961.5,NA,,
2014-04-12,Pacific,Guam and Marianas Islands,Saipan,14.3,28.3374,34.5159,NA,NA,NA,8.07412768,NA,2259,1918.7,NA,,
2018-07-09,Pacific,American Samoa,Ofu and Olosega Islands,1,28.33898135,35.18480119,NA,NA,NA,8.042781541,NA,2294.5,1965.1,NA,,
2011-04-30,Pacific,Guam and Marianas Islands,Saipan,11.3,28.3422,34.867,NA,NA,NA,8.072489336,NA,2284.1,1939.3,NA,,
2014-04-13,Pacific,Guam and Marianas Islands,Saipan,0.9,28.3461,34.4364,NA,NA,NA,8.043452002,NA,2267.2,1946,NA,,
2018-07-03,Pacific,American Samoa,Tutuila,1,28.35156071,34.74466071,NA,NA,NA,8.060051509,NA,2269,1934.8,NA,,
2018-06-13,Pacific,Pacific Remote Islands Area,Baker Island,2,28.35166111,35.11707778,NA,NA,NA,7.987019206,NA,2321.9,2024.2,NA,,
2018-06-13,Pacific,Pacific Remote Islands Area,Baker Island,1,28.35166111,35.11707778,NA,NA,NA,7.994943357,NA,2327.3,2024.4,NA,,
2014-04-22,Pacific,Guam and Marianas Islands,Pagan,12.8,28.3518,34.8287,NA,NA,NA,8.043535856,NA,2280.3,1954.3,NA,,
2019-07-13,Pacific,Hawaiian Archipelago,Hawai'i (Big Island),0.9,28.35302387,34.40146372,NA,NA,NA,8.019735543,NA,2260.7,1954.6,NA,,
2014-04-12,Pacific,Guam and Marianas Islands,Saipan,0.9,28.3549,34.5482,NA,NA,NA,8.055066112,NA,2267.3,1937.9,NA,,
2014-04-10,Pacific,Guam and Marianas Islands,Tinian,17.4,28.3562,34.2341,NA,NA,NA,8.064109318,NA,2244.4,1913.9,NA,,
2018-06-14,Pacific,Pacific Remote Islands Area,Baker Island,15.33244404,28.35737942,35.3124083,NA,NA,NA,7.945423629,NA,2316.7,2041.9,NA,,
2018-07-03,Pacific,American Samoa,Tutuila,1,28.35954622,35.09561817,NA,NA,NA,8.062625234,NA,2304,1961.6,NA,,
2018-07-09,Pacific,American Samoa,Ofu and Olosega Islands,1,28.36051981,35.34542825,NA,NA,NA,8.06579694,NA,2312.8,1965.4,NA,,
2019-08-29,Pacific,Hawaiian Archipelago,French Frigate Shoals,1,28.36194102,35.08390183,NA,NA,NA,8.005315582,NA,2302.9,1996.2,NA,,
2019-08-28,Pacific,Hawaiian Archipelago,French Frigate Shoals,1,28.36427547,35.00934778,NA,NA,NA,8.026391095,NA,2309.4,1989.8,NA,,
2011-04-30,Pacific,Guam and Marianas Islands,Saipan,0.9,28.3676,34.861,NA,NA,NA,8.063672249,NA,2286.8,1947.3,NA,,
2016-05-17,Pacific,Pacific Remote Islands Area,Jarvis Island,9.1,28.36913333,35.26283333,NA,NA,NA,7.97034004,NA,2311.3,2023,NA,,
2016-05-17,Pacific,Pacific Remote Islands Area,Jarvis Island,7.6,28.36913333,35.26283333,NA,NA,NA,7.982593763,NA,2315.9,2020,NA,,
2018-06-14,Pacific,Pacific Remote Islands Area,Baker Island,14.29380505,28.36993321,35.31385162,NA,NA,NA,7.957613354,NA,2319.4,2037.3,NA,,
2018-07-16,Pacific,American Samoa,Ta'u,1,28.37033069,35.39863757,NA,NA,NA,8.040642633,NA,2314.8,1982.7,NA,,
2019-07-17,Pacific,Hawaiian Archipelago,Hawai'i (Big Island),1,28.37075154,34.41957908,NA,NA,NA,8.013322437,NA,2264,1961.1,NA,,
2019-08-29,Pacific,Hawaiian Archipelago,French Frigate Shoals,1,28.37116922,35.10371345,NA,NA,NA,8.01431941,NA,2306.3,1993.6,NA,,
2019-08-31,Pacific,Hawaiian Archipelago,Lisianski Island,1,28.37294719,35.48004569,NA,NA,NA,7.949028379,NA,2275.4,2001,NA,,
2016-05-18,Pacific,Pacific Remote Islands Area,Jarvis Island,9.1,28.37556667,35.28676667,NA,NA,NA,8.00008405,NA,2318.3,2011.5,NA,,
2015-02-05,Pacific,Pacific Remote Islands Area,Howland Island,14.9,28.3782,35.2763,NA,NA,NA,7.9803407,NA,2318.5,2023.4,NA,,
2019-07-12,Pacific,Hawaiian Archipelago,Hawai'i (Big Island),0.9,28.38642792,34.32171485,NA,NA,NA,8.006828068,NA,2258.9,1960.9,NA,,
2019-09-04,Pacific,Hawaiian Archipelago,Pearl and Hermes Atoll,1,28.39103842,35.39361708,NA,NA,NA,8.016635031,NA,2325.9,2007.5,NA,,
2018-06-14,Pacific,Pacific Remote Islands Area,Baker Island,15.17913357,28.39199458,35.3088639,NA,NA,NA,7.970641511,NA,2320.1,2030.2,NA,,
2015-08-17,Pacific,Hawaiian Archipelago,Lisianski Island,0.9,28.3962,35.7885,NA,NA,NA,7.946850747,NA,2263.4,1988.9,NA,,
2011-04-26,Pacific,Guam and Marianas Islands,Saipan,8.8,28.3964,34.874,NA,NA,NA,8.067260687,NA,2283.8,1941.8,NA,,
2010-04-09,Pacific,Pacific Remote Islands Area,Palmyra Atoll,0.9,28.3969,34.92752003,NA,NA,NA,8.028442555,NA,2287.2,1968.9,NA,,
2019-08-28,Pacific,Hawaiian Archipelago,French Frigate Shoals,1,28.39752603,35.06084001,NA,NA,NA,8.031062914,NA,2309.5,1986.3,NA,,
2018-07-11,Pacific,American Samoa,Ofu and Olosega Islands,1,28.40208792,35.29496107,NA,NA,NA,8.06281484,NA,2316.8,1970.9,NA,,
2008-09-19,Pacific,Hawaiian Archipelago,Maro Reef,7.92,28.406,35.496,NA,NA,NA,7.934023839,NA,2214.1,1952.6,NA,,
2019-07-17,Pacific,Hawaiian Archipelago,Hawai'i (Big Island),1,28.40670989,34.25204611,NA,NA,NA,7.997200722,NA,2251.8,1960.4,NA,,
2018-07-17,Pacific,American Samoa,Tutuila,1,28.41376362,35.13437434,NA,NA,NA,8.060358342,NA,2285.2,1945.4,NA,,
2019-07-20,Pacific,Hawaiian Archipelago,Lana'i,1,28.41753058,34.54845653,NA,NA,NA,8.064517011,NA,2263.8,1928.3,NA,,
2013-09-12,Pacific,Hawaiian Archipelago,Lisianski Island,12.2,28.4179,35.6262,NA,NA,NA,7.890243563,NA,2221.75,1981.92973,NA,,
2014-04-16,Pacific,Guam and Marianas Islands,Saipan,11.9,28.4198,34.4463,NA,NA,NA,8.058344293,NA,2251.3,1921.5,NA,,
2008-09-19,Pacific,Hawaiian Archipelago,Maro Reef,8.1,28.4199,35.5387,NA,NA,NA,7.932840892,NA,2213.7,1952.5,NA,,
2018-06-09,Pacific,Pacific Remote Islands Area,Howland Island,2,28.4211935,34.2480505,NA,NA,NA,8.023749917,NA,2317.2,2003.8,NA,,
2019-08-28,Pacific,Hawaiian Archipelago,French Frigate Shoals,1,28.42188164,35.00899492,NA,NA,NA,8.035345146,NA,2305.5,1980.2,NA,,
2008-09-19,Pacific,Hawaiian Archipelago,Maro Reef,4.57,28.4231,35.5373,NA,NA,NA,7.922720515,NA,2212.5,1956.9,NA,,
2014-04-08,Pacific,Guam and Marianas Islands,Tinian,13.4,28.428,34.3755,NA,NA,NA,8.067348823,NA,2249.7,1915,NA,,
2019-08-29,Pacific,Hawaiian Archipelago,French Frigate Shoals,1,28.42874834,35.08894368,NA,NA,NA,8.03045886,NA,2299.1,1976.8,NA,,
2018-06-14,Pacific,Pacific Remote Islands Area,Baker Island,14.58886282,28.43220505,35.27805379,NA,NA,NA,7.963767781,NA,2317.7,2031.9,NA,,
2014-04-20,Pacific,Guam and Marianas Islands,Pagan,0.9,28.4331,34.7203,NA,NA,NA,8.051079155,NA,2280.9,1950.5,NA,,
2010-04-04,Pacific,Pacific Remote Islands Area,Jarvis Island,0.9,28.4388,35.460607950000004,NA,NA,NA,8.026677974,NA,2320.1,1995.1,NA,,
2014-04-12,Pacific,Guam and Marianas Islands,Saipan,15.8,28.4396,34.4348,NA,NA,NA,7.992917578,NA,2237,1947.6,NA,,
2016-08-11,Pacific,Hawaiian Archipelago,Hawai'i (Big Island),0.9,28.4433,32.8002,NA,NA,NA,8.047120131,NA,2285.7,1972.4,NA,,
2015-02-07,Pacific,Pacific Remote Islands Area,Howland Island,14.9,28.4484,35.3159,NA,NA,NA,7.97533453,NA,2316.8,2023.9,NA,,
2015-04-09,Pacific,Pacific Remote Islands Area,Jarvis Island,0.9,28.4547,35.3016,NA,NA,NA,7.970525618,NA,2316.2,2026.5,NA,,
2008-09-19,Pacific,Hawaiian Archipelago,Maro Reef,0.3,28.4562,35.4783,NA,NA,NA,7.944035003,NA,2236.8,1967.7,NA,,
2014-04-19,Pacific,Guam and Marianas Islands,Sarigan,14.6,28.4626,34.5063,NA,NA,NA,8.044403859,NA,2263,1939.7,NA,,
2018-06-11,Pacific,Pacific Remote Islands Area,Howland Island,1,28.465436360000002,35.1835311,NA,NA,NA,7.993870901,NA,2317.9,2015,NA,,
2018-06-09,Pacific,Pacific Remote Islands Area,Howland Island,2,28.46935,35.1327875,NA,NA,NA,7.996594185,NA,2326.4,2021.4,NA,,
2010-04-04,Pacific,Pacific Remote Islands Area,Jarvis Island,0.9,28.4747,35.44746161,NA,NA,NA,7.980927362,NA,2322.9,2025.3,NA,,
2010-04-04,Pacific,Pacific Remote Islands Area,Jarvis Island,14.3,28.4748,35.48533299,NA,NA,NA,7.964702523,NA,2307.9,2020.5,NA,,
2019-07-12,Pacific,Hawaiian Archipelago,Hawai'i (Big Island),1,28.47517089,34.40749742,NA,NA,NA,8.020889239,NA,2266.7,1958.2,NA,,
2013-09-13,Pacific,Hawaiian Archipelago,Lisianski Island,0.9,28.476,35.5783,NA,NA,NA,7.925126565,NA,2252.93,1992.144491,NA,,
2008-04-02,Pacific,Pacific Remote Islands Area,Palmyra Atoll,3.05,28.4786,34.835,NA,NA,NA,8.118570664,NA,2155.2,1794.6,NA,,
2018-06-14,Pacific,Pacific Remote Islands Area,Baker Island,15.57663899,28.48084152,35.26677581,NA,NA,NA,7.953239718,NA,2315.6,2035.7,NA,,
2014-04-13,Pacific,Guam and Marianas Islands,Saipan,0.9,28.4811,34.3607,NA,NA,NA,8.055920925,NA,2261.5,1932.5,NA,,
2008-09-19,Pacific,Hawaiian Archipelago,Maro Reef,1,28.4841,35.5426,NA,NA,NA,7.924244894,NA,2212.3,1955.4,NA,,
2010-04-08,Pacific,Pacific Remote Islands Area,Palmyra Atoll,0.9,28.4882,34.94141918,NA,NA,NA,8.011299653,NA,2246.3,1941.3,NA,,
2019-08-27,Pacific,Hawaiian Archipelago,French Frigate Shoals,1,28.49306008,35.14239208,NA,NA,NA,8.015598133,NA,2295.1,1981.3,NA,,
2018-07-02,Pacific,American Samoa,Tutuila,1,28.50316159,34.88370969,NA,NA,NA,8.058964258,NA,2291.3,1952.9,NA,,
2019-07-12,Pacific,Hawaiian Archipelago,Hawai'i (Big Island),1,28.50325354,34.40108326,NA,NA,NA,8.028004973,NA,2261.8,1949.3,NA,,
2018-07-16,Pacific,American Samoa,Ta'u,1,28.50381316,35.24489605,NA,NA,NA,8.071326881,NA,2312.3,1960.8,NA,,
2014-04-10,Pacific,Guam and Marianas Islands,Tinian,9.8,28.5061,34.2361,NA,NA,NA,8.048048626,NA,2241.7,1920.1,NA,,
2015-04-12,Pacific,Pacific Remote Islands Area,Jarvis Island,12.5,28.5064,35.3313,NA,NA,NA,7.980854079,NA,2321.9,2024.7,NA,,
2015-04-13,Pacific,Pacific Remote Islands Area,Jarvis Island,15.8,28.51056,35.31958,NA,NA,NA,7.966444349,NA,2320.6,2032,NA,,
2018-06-10,Pacific,Pacific Remote Islands Area,Howland Island,1,28.51224737,35.41496316,NA,NA,NA,8.016900786,NA,2312.1,1993.6,NA,,
2015-04-10,Pacific,Pacific Remote Islands Area,Jarvis Island,11.6,28.5124,35.347,NA,NA,NA,7.975176881,NA,2319.8,2026,NA,,
2015-04-13,Pacific,Pacific Remote Islands Area,Jarvis Island,15.8,28.51338,35.31965,NA,NA,NA,7.945813438,NA,2309.7,2033.9,NA,,
2014-03-25,Pacific,Guam and Marianas Islands,Guam,0.9,28.5165,34.675,NA,NA,NA,8.078167104,NA,2249.4,1904.9,NA,,
2013-09-12,Pacific,Hawaiian Archipelago,Lisianski Island,13.1,28.5178,35.6468,NA,NA,NA,7.87363878,NA,2208.1,1976.9414,NA,,
2015-04-12,Pacific,Pacific Remote Islands Area,Jarvis Island,15.8,28.51829,35.31468,NA,NA,NA,7.978854094,NA,2316.9,2021.3,NA,,
2015-04-12,Pacific,Pacific Remote Islands Area,Jarvis Island,15.8,28.5246,35.3128,NA,NA,NA,7.981198357,NA,2321,2023.6,NA,,
2015-04-13,Pacific,Pacific Remote Islands Area,Jarvis Island,15.8,28.52779,35.32277,NA,NA,NA,NA,NA,2341.1,NA,NA,,
2018-07-01,Pacific,American Samoa,Tutuila,1,28.52815174,34.97201686,NA,NA,NA,8.056178968,NA,2290.5,1953,NA,,
2010-04-04,Pacific,Pacific Remote Islands Area,Jarvis Island,11,28.5318,35.4443223,NA,NA,NA,7.991908744,NA,2326.4,2021.2,NA,,
2018-07-10,Pacific,American Samoa,Ofu and Olosega Islands,1,28.5318495,35.06106658,NA,NA,NA,8.104131374,NA,2295.5,1925.6,NA,,
2016-09-25,Pacific,Hawaiian Archipelago,French Frigate Shoals,0.9,28.5345,34.3669,NA,NA,NA,8.044958784,NA,2301.1,1974.3,NA,,
2014-04-21,Pacific,Guam and Marianas Islands,Pagan,14.6,28.5348,34.6643,NA,NA,NA,8.05863899,NA,2280.5,1944.6,NA,,
2014-04-20,Pacific,Guam and Marianas Islands,Pagan,0.9,28.5394,34.7554,NA,NA,NA,8.058778998,NA,2287.4,1950.2,NA,,
2014-04-23,Pacific,Guam and Marianas Islands,Pagan,14.6,28.5426,34.6396,NA,NA,NA,8.058161151,NA,2290.6,1954.1,NA,,
2014-04-22,Pacific,Guam and Marianas Islands,Pagan,11.6,28.5442,34.5641,NA,NA,NA,8.035450529,NA,2267,1947.6,NA,,
2014-04-11,Pacific,Guam and Marianas Islands,Saipan,0.9,28.5473,34.1477,NA,NA,NA,8.074563066,NA,2247.9,1909.8,NA,,
2018-06-08,Pacific,Pacific Remote Islands Area,Howland Island,2,28.55231667,35.25519167,NA,NA,NA,7.996830344,NA,2310.3,2005,NA,,
2018-07-02,Pacific,American Samoa,Tutuila,1,28.55321146,34.87505139,NA,NA,NA,8.06171529,NA,2294.6,1953.7,NA,,
2013-09-12,Pacific,Hawaiian Archipelago,Lisianski Island,0.9,28.5539,35.6624,NA,NA,NA,7.895550063,NA,2232.88,1988.37527,NA,,
2014-04-19,Pacific,Guam and Marianas Islands,Sarigan,13.4,28.5576,34.4832,NA,NA,NA,8.055067927,NA,2260.3,1930,NA,,
2015-04-09,Pacific,Pacific Remote Islands Area,Jarvis Island,11.9,28.5586,35.346,NA,NA,NA,7.686236444,NA,2331.4,2182.2,NA,,
2012-03-25,Pacific,American Samoa,Tutuila,0.9,28.5656,35.436,NA,NA,NA,8.059426852,NA,2327.9,1980.3,NA,,
2018-07-01,Pacific,American Samoa,Tutuila,1,28.56583273,34.8309071,NA,NA,NA,8.053718852,NA,2288.8,1953.8,NA,,
2019-07-19,Pacific,Hawaiian Archipelago,Hawai'i (Big Island),1,28.56787934,34.16342885,NA,NA,NA,8.00758276,NA,2243.4,1946,NA,,
2015-04-09,Pacific,Pacific Remote Islands Area,Jarvis Island,14.9,28.5687,35.3409,NA,NA,NA,7.980214548,NA,2319.9,2022.6,NA,,
2015-02-06,Pacific,Pacific Remote Islands Area,Howland Island,14.6,28.5696,35.3364,NA,NA,NA,7.986042905,NA,2320.5,2019.7,NA,,
2019-08-27,Pacific,Hawaiian Archipelago,French Frigate Shoals,1,28.57203324,35.06007745,NA,NA,NA,7.999169259,NA,2280.3,1977.7,NA,,
2008-09-19,Pacific,Hawaiian Archipelago,Maro Reef,1,28.5741,35.473,NA,NA,NA,7.984113507,NA,2278.6,1982,NA,,
2008-04-02,Pacific,Pacific Remote Islands Area,Palmyra Atoll,3.05,28.5849,34.851,NA,NA,NA,8.115119885,NA,2169.7,1808.5,NA,,
2018-07-18,Pacific,American Samoa,Tutuila,1,28.58864332,35.26927166,NA,NA,NA,8.055213949,NA,2299.6,1958.8,NA,,
2006-02-26,Pacific,American Samoa,Tutuila,30,28.5906,34.7394,NA,NA,NA,8.084683978,NA,2285,1930.5,NA,,
2019-07-17,Pacific,Hawaiian Archipelago,Hawai'i (Big Island),1,28.59078427,34.33349068,NA,NA,NA,8.006603696,NA,2258.4,1958.7,NA,,
2019-07-17,Pacific,Hawaiian Archipelago,Hawai'i (Big Island),1,28.59167707,34.09793112,NA,NA,NA,7.967520144,NA,2239.5,1965.6,NA,,
2018-06-30,Pacific,American Samoa,Tutuila,1,28.59178676,34.71102394,NA,NA,NA,8.058062849,NA,2290.5,1953.3,NA,,
2006-02-28,Pacific,American Samoa,Ofu and Olosega Islands,30,28.593,34.9074,NA,NA,NA,8.088461895,NA,2294,1934.7,NA,,
2019-08-31,Pacific,Hawaiian Archipelago,Lisianski Island,1,28.60170205,35.47938738,NA,NA,NA,7.922938781,NA,2251.1,1991.3,NA,,
2019-09-02,Pacific,Hawaiian Archipelago,Kure Atoll,1,28.60219,35.50528202,NA,NA,NA,8.024375726,NA,2334.7,2007.8,NA,,
2010-02-18,Pacific,American Samoa,Tutuila,13.7,28.6022,35.45472143,NA,NA,NA,8.063181399,NA,2334.5,1983,NA,,
2006-02-19,Pacific,American Samoa,Tutuila,30,28.6037,34.8476,NA,NA,NA,8.081375265,NA,2286.3,1932.8,NA,,
2015-04-22,Pacific,Pacific Remote Islands Area,Palmyra Atoll,11.9,28.6058,34.5336,NA,NA,NA,8.063613468,NA,2292.9,1953,NA,,
2012-03-25,Pacific,American Samoa,Tutuila,15.2,28.6097,35.496,NA,NA,NA,8.053976249,NA,2330.9,1985.3,NA,,
2019-08-29,Pacific,Hawaiian Archipelago,French Frigate Shoals,1,28.60973886,35.0759815,NA,NA,NA,8.032130264,NA,2297,1972.3,NA,,
2008-09-20,Pacific,Hawaiian Archipelago,Maro Reef,1,28.6123,35.4092,NA,NA,NA,7.996215326,NA,2275.4,1972.1,NA,,
2018-06-11,Pacific,Pacific Remote Islands Area,Howland Island,2,28.612416670000002,34.75006667,NA,NA,NA,7.996580919,NA,2315.5,2013.1,NA,,
2016-05-17,Pacific,Pacific Remote Islands Area,Jarvis Island,9.1,28.61283333,35.26036667,NA,NA,NA,8.005576436,NA,2313.3,2001.7,NA,,
2016-05-17,Pacific,Pacific Remote Islands Area,Jarvis Island,7.6,28.61283333,35.26036667,NA,NA,NA,8.016578119,NA,2313,1994.7,NA,,
2010-02-17,Pacific,American Samoa,Tutuila,13.7,28.6145,35.41920937,NA,NA,NA,8.029776523,NA,2309.1,1981.7,NA,,
2015-04-09,Pacific,Pacific Remote Islands Area,Jarvis Island,0.9,28.6153,35.34,NA,NA,NA,7.983247025,NA,2324,2024.4,NA,,
2006-03-02,Pacific,American Samoa,Ta'u,30,28.6196,35.1248,NA,NA,NA,8.088267679,NA,2314.2,1950.6,NA,,
2013-09-07,Pacific,Hawaiian Archipelago,French Frigate Shoals,0.9,28.62,35.452,NA,NA,NA,7.99380863,NA,2288.6,1985.092834,NA,,
2017-05-16,Pacific,Guam and Marianas Islands,Saipan,13.1,28.6272,34.4912,NA,NA,NA,8.054069498,NA,2271.1,1939.6,NA,,
2018-07-04,Pacific,American Samoa,Tutuila,1,28.62925,35.17075,NA,NA,NA,8.038014002,NA,2323.7,1991.7,NA,,
2018-06-10,Pacific,Pacific Remote Islands Area,Howland Island,1,28.63207647,35.15237314,NA,NA,NA,7.995354016,NA,2320.6,2015.3,NA,,
2006-02-28,Pacific,American Samoa,Ofu and Olosega Islands,30,28.6397,34.8463,NA,NA,NA,8.089928843,NA,2290.8,1930.9,NA,,
2013-09-14,Pacific,Hawaiian Archipelago,Lisianski Island,9.4,28.6406,35.6525,NA,NA,NA,7.900635735,NA,2219.89,1972.929674,NA,,
2015-08-16,Pacific,Hawaiian Archipelago,Lisianski Island,0.9,28.6436,35.0926,NA,NA,NA,7.972608926,NA,2247.2,1962.2,NA,,
2006-02-20,Pacific,American Samoa,Tutuila,30,28.646,34.8493,NA,NA,NA,8.088366873,NA,2290.1,1931.2,NA,,
2006-02-19,Pacific,American Samoa,Tutuila,30,28.6461,34.8285,NA,NA,NA,8.07844297,NA,2284,1932.4,NA,,
2019-08-29,Pacific,Hawaiian Archipelago,French Frigate Shoals,1,28.64908922,35.08384019,NA,NA,NA,8.034144482,NA,2300.2,1973.5,NA,,
2014-04-23,Pacific,Guam and Marianas Islands,Pagan,13.1,28.6513,34.5846,NA,NA,NA,8.054105792,NA,2265,1933.1,NA,,
2015-04-13,Pacific,Pacific Remote Islands Area,Jarvis Island,14.6,28.6573,35.3285,NA,NA,NA,7.972883424,NA,2323.8,2029.8,NA,,
2006-02-19,Pacific,American Samoa,Tutuila,30,28.6619,34.8265,NA,NA,NA,8.079467737,NA,2286.4,1933.8,NA,,
2013-09-14,Pacific,Hawaiian Archipelago,Lisianski Island,0.9,28.6638,35.6423,NA,NA,NA,7.894417355,NA,2218.62,1975.062185,NA,,
2013-09-14,Pacific,Hawaiian Archipelago,Lisianski Island,0.9,28.6688,35.1675,NA,NA,NA,7.917798804,NA,2232.66,1978.629406,NA,,
2010-04-04,Pacific,Pacific Remote Islands Area,Jarvis Island,0.9,28.6712,35.48081949,NA,NA,NA,7.982372708,NA,2323.7,2023.2,NA,,
2006-02-19,Pacific,American Samoa,Tutuila,30,28.672,34.8367,NA,NA,NA,8.079400386,NA,2281.9,1929.6,NA,,
2006-02-19,Pacific,American Samoa,Tutuila,30,28.672,34.8367,NA,NA,NA,8.080111177,NA,2283.9,1930.9,NA,,
2019-07-17,Pacific,Hawaiian Archipelago,Hawai'i (Big Island),1,28.67224593,34.33760054,NA,NA,NA,8.015972579,NA,2259.5,1953.4,NA,,
2015-08-16,Pacific,Hawaiian Archipelago,Lisianski Island,9.1,28.6724,35.7331,NA,NA,NA,7.950987084,NA,2240,1963.1,NA,,
2015-02-06,Pacific,Pacific Remote Islands Area,Howland Island,13.7,28.6893,35.3272,NA,NA,NA,7.977698555,NA,2314.9,2018.6,NA,,
2006-03-02,Pacific,American Samoa,Ta'u,30,28.6983,35.0486,NA,NA,NA,8.079152629,NA,2303.9,1947.3,NA,,
2006-03-02,Pacific,American Samoa,Ta'u,30,28.6983,35.0486,NA,NA,NA,8.083304906,NA,2306.4,1946.8,NA,,
2014-04-22,Pacific,Guam and Marianas Islands,Pagan,0.9,28.7006,34.649,NA,NA,NA,8.057934731,NA,2276.4,1940.2,NA,,
2019-08-29,Pacific,Hawaiian Archipelago,French Frigate Shoals,1,28.7026324,35.07914482,NA,NA,NA,8.04465514,NA,2298.8,1965.2,NA,,
2019-07-19,Pacific,Hawaiian Archipelago,Hawai'i (Big Island),1,28.70635198,34.22982811,NA,NA,NA,7.995295676,NA,2251.6,1958.9,NA,,
2019-09-03,Pacific,Hawaiian Archipelago,Kure Atoll,1,28.70783422,35.48462027,NA,NA,NA,7.991646663,NA,2331.1,2023.9,NA,,
2015-02-11,Pacific,Pacific Remote Islands Area,Baker Island,14,28.7098,35.3445,NA,NA,NA,8.007967243,NA,2332.2,2015.7,NA,,
2010-02-20,Pacific,American Samoa,Tutuila,11.6,28.71,35.73842932,NA,NA,NA,8.027592006,NA,2345,2012,NA,,
2006-02-26,Pacific,American Samoa,Ofu and Olosega Islands,30,28.7129,34.7807,NA,NA,NA,8.090127891,NA,2288,1928.1,NA,,
2006-02-26,Pacific,American Samoa,Ofu and Olosega Islands,30,28.7129,34.7807,NA,NA,NA,8.096470428,NA,2292.9,1928.3,NA,,
2015-04-13,Pacific,Pacific Remote Islands Area,Jarvis Island,15.8,28.71358,35.3277,NA,NA,NA,7.943837686,NA,2313.1,2036.4,NA,,
2015-02-11,Pacific,Pacific Remote Islands Area,Baker Island,14,28.7251,35.3458,NA,NA,NA,7.986384316,NA,2319,2016.7,NA,,
2006-02-20,Pacific,American Samoa,Tutuila,30,28.7291,34.8213,NA,NA,NA,8.074915286,NA,2280.2,1930.6,NA,,
2017-05-16,Pacific,Guam and Marianas Islands,Saipan,13.7,28.7304,34.4866,NA,NA,NA,8.051696098,NA,2259.7,1930,NA,,
2013-09-13,Pacific,Hawaiian Archipelago,Lisianski Island,13.4,28.7341,35.6679,NA,NA,NA,7.89345961,NA,2217.95,1974.079638,NA,,
2010-04-04,Pacific,Pacific Remote Islands Area,Jarvis Island,13.4,28.7346,35.47120406,NA,NA,NA,7.992589432,NA,2325.9,2018.2,NA,,
2018-06-29,Pacific,American Samoa,Tutuila,1,28.73535789,34.72247895,NA,NA,NA,8.059429047,NA,2292.2,1952.5,NA,,
2017-05-14,Pacific,Guam and Marianas Islands,Tinian,13.1,28.7364,34.4697,NA,NA,NA,8.048561999,NA,2267,1938.5,NA,,
2019-08-28,Pacific,Hawaiian Archipelago,French Frigate Shoals,1,28.73678279,35.14115514,NA,NA,NA,8.023618695,NA,2295.8,1974.8,NA,,
2012-03-25,Pacific,American Samoa,Tutuila,13.1,28.741,35.324,NA,NA,NA,8.023309836,NA,2300.7,1977.7,NA,,
2010-04-02,Pacific,Pacific Remote Islands Area,Jarvis Island,0.9,28.7436,35.44039822,NA,NA,NA,8.028428972,NA,2320.8,1992,NA,,
2019-09-03,Pacific,Hawaiian Archipelago,Kure Atoll,1,28.74414804,35.51103476,NA,NA,NA,7.454509826,NA,2065.4,2007.6,NA,,
2015-04-09,Pacific,Pacific Remote Islands Area,Jarvis Island,0.9,28.745,34.7547,NA,NA,NA,7.989690961,NA,2324.4,2024.1,NA,,
2006-02-26,Pacific,American Samoa,Tutuila,30,28.7479,34.6204,NA,NA,NA,8.076913967,NA,2274.7,1925.9,NA,,
2006-02-26,Pacific,American Samoa,Tutuila,30,28.7479,34.6204,NA,NA,NA,8.07770982,NA,2276.2,1926.7,NA,,
2012-04-01,Pacific,American Samoa,Tutuila,12.2,28.7552,35.472,NA,NA,NA,8.025864228,NA,2324.7,1996.4,NA,,
2017-05-16,Pacific,Guam and Marianas Islands,Saipan,12.2,28.7569,34.4811,NA,NA,NA,8.05422965,NA,2263.3,1931.4,NA,,
2017-05-19,Pacific,Guam and Marianas Islands,Tinian,12.8,28.7626,34.4893,NA,NA,NA,8.051113924,NA,2263.3,1933.2,NA,,
2006-02-26,Pacific,American Samoa,Ofu and Olosega Islands,30,28.7634,34.7482,NA,NA,NA,8.089264453,NA,2287.1,1927.7,NA,,
2010-04-04,Pacific,Pacific Remote Islands Area,Jarvis Island,0.9,28.7643,35.46826065,NA,NA,NA,8.007965071,NA,2315.3,1999.3,NA,,
2015-04-13,Pacific,Pacific Remote Islands Area,Jarvis Island,15.8,28.76665,35.32961,NA,NA,NA,7.963454209,NA,2320.1,2031,NA,,
2014-05-05,Pacific,Guam and Marianas Islands,Guguan,16.2,28.7677,34.652,NA,NA,NA,8.032487766,NA,2263,1943.1,NA,,
2019-08-30,Pacific,Hawaiian Archipelago,Lisianski Island,1,28.76784939,35.14316546,NA,NA,NA,7.913248944,NA,2224.8,1973.2,NA,,
2015-02-10,Pacific,Pacific Remote Islands Area,Baker Island,13.7,28.7742,35.3543,NA,NA,NA,7.998247732,NA,2320.7,2010.6,NA,,
2017-05-19,Pacific,Guam and Marianas Islands,Tinian,13.4,28.7779,34.485,NA,NA,NA,8.043889299,NA,2263.9,1938.1,NA,,
2010-04-04,Pacific,Pacific Remote Islands Area,Jarvis Island,0.9,28.781,35.47630607,NA,NA,NA,7.999839866,NA,2333.8,2020.7,NA,,
2012-04-01,Pacific,American Samoa,Tutuila,9.1,28.7814,35.443,NA,NA,NA,8.029066995,NA,2317.2,1987.8,NA,,
2010-04-04,Pacific,Pacific Remote Islands Area,Jarvis Island,11,28.7826,35.47709101,NA,NA,NA,7.993311598,NA,2329.8,2021,NA,,
2015-04-26,Pacific,Pacific Remote Islands Area,Kingman Reef,14.6,28.785,34.5429,NA,NA,NA,7.985550525,NA,2239.4,1950.2,NA,,
2006-02-19,Pacific,American Samoa,Tutuila,1,28.7877,34.4098,NA,NA,NA,8.081055747,NA,2272.4,1923.1,NA,,
2006-02-19,Pacific,American Samoa,Tutuila,1,28.7877,34.4098,NA,NA,NA,8.084021808,NA,2284.8,1932.3,NA,,
2010-02-18,Pacific,American Samoa,Tutuila,9.1,28.7881,35.47728724,NA,NA,NA,8.069673119,NA,2322.2,1965.8,NA,,
2015-02-09,Pacific,Pacific Remote Islands Area,Baker Island,14.6,28.7903,35.367,NA,NA,NA,7.9815215,NA,2310.8,2011.4,NA,,
2017-05-15,Pacific,Guam and Marianas Islands,Tinian,10.1,28.7927,34.438,NA,NA,NA,8.032933611,NA,2257,1938.9,NA,,
2015-02-10,Pacific,Pacific Remote Islands Area,Baker Island,12.2,28.7954,35.3601,NA,NA,NA,7.999422121,NA,2318.5,2007.7,NA,,
2018-06-29,Pacific,American Samoa,Tutuila,1,28.7958,34.89138969,NA,NA,NA,8.027254592,NA,2279.2,1959,NA,,
2014-04-22,Pacific,Guam and Marianas Islands,Pagan,0.9,28.7995,34.67,NA,NA,NA,8.054907334,NA,2279.4,1943.7,NA,,
2015-02-04,Pacific,Pacific Remote Islands Area,Howland Island,13.7,28.7997,35.3635,NA,NA,NA,8.001348891,NA,2322.7,2010.2,NA,,
2019-07-28,Pacific,Hawaiian Archipelago,Kaua'i,1,28.80875234,34.61547765,NA,NA,NA,8.052079227,NA,2267.3,1935,NA,,
2010-02-22,Pacific,American Samoa,Tutuila,0.6,28.8088,NA,NA,NA,NA,NA,NA,2220.3,1916.1,NA,,
2015-04-25,Pacific,Pacific Remote Islands Area,Kingman Reef,14.6,28.8117,34.4982,NA,NA,NA,8.011320307,NA,2243.1,1938.6,NA,,
2015-04-25,Pacific,Pacific Remote Islands Area,Kingman Reef,14.3,28.8126,34.5657,NA,NA,NA,8.080621557,NA,2287.5,1935,NA,,
2019-07-19,Pacific,Hawaiian Archipelago,Hawai'i (Big Island),1,28.81736947,34.36873015,NA,NA,NA,8.005801503,NA,2260.7,1959,NA,,
2008-09-20,Pacific,Hawaiian Archipelago,Maro Reef,1,28.8194,35.4636,NA,NA,NA,7.987025349,NA,2277.9,1977.5,NA,,
2017-05-15,Pacific,Guam and Marianas Islands,Rota,8.8,28.8236,34.4842,NA,NA,NA,8.006367872,NA,2251,1948.8,NA,,
2019-08-28,Pacific,Hawaiian Archipelago,French Frigate Shoals,1,28.82693244,35.03048543,NA,NA,NA,8.030872204,NA,2277.3,1953.7,NA,,
2012-03-26,Pacific,American Samoa,Tutuila,12.2,28.8281,35.407,NA,NA,NA,8.041051291,NA,2318.6,1981.2,NA,,
2015-04-25,Pacific,Pacific Remote Islands Area,Kingman Reef,14.6,28.8296,34.5368,NA,NA,NA,8.013420013,NA,2252.5,1945.4,NA,,
2017-05-18,Pacific,Guam and Marianas Islands,Saipan,12.5,28.8342,34.5088,NA,NA,NA,8.049754882,NA,2264.5,1934.3,NA,,
2006-03-03,Pacific,American Samoa,Ta'u,30,28.8434,35.0674,NA,NA,NA,8.077346615,NA,2305.4,1948.2,NA,,
2019-09-03,Pacific,Hawaiian Archipelago,Kure Atoll,1,28.85355395,35.53005235,NA,NA,NA,8.019096172,NA,2334.3,2008.2,NA,,
2017-05-19,Pacific,Guam and Marianas Islands,Tinian,13.7,28.8545,34.53,NA,NA,NA,8.048215128,NA,2268.1,1938.1,NA,,
2013-09-07,Pacific,Hawaiian Archipelago,French Frigate Shoals,0.9,28.8559,35.6399,NA,NA,NA,7.981155215,NA,2279.88,1981.240801,NA,,
2015-04-24,Pacific,Pacific Remote Islands Area,Kingman Reef,14.3,28.8594,34.5361,NA,NA,NA,8.091794646,NA,2307.3,1945.1,NA,,
2015-04-26,Pacific,Pacific Remote Islands Area,Kingman Reef,0.9,28.8613,34.0213,NA,NA,NA,8.039089754,NA,2258.7,1939.5,NA,,
2015-02-12,Pacific,Pacific Remote Islands Area,Baker Island,14.9,28.8637,35.3374,NA,NA,NA,8.002583745,NA,2313.7,2000.9,NA,,
2019-09-03,Pacific,Hawaiian Archipelago,Kure Atoll,1,28.86424554,35.51280588,NA,NA,NA,8.020106643,NA,2333.3,2006.7,NA,,
2015-04-28,Pacific,Pacific Remote Islands Area,Kingman Reef,7.6,28.86654,34.54334,NA,NA,NA,7.968277074,NA,2226,1947.3,NA,,
2015-04-21,Pacific,Pacific Remote Islands Area,Palmyra Atoll,14.6,28.867,34.6455,NA,NA,NA,8.079453963,NA,2304.4,1949.6,NA,,
2015-04-21,Pacific,Pacific Remote Islands Area,Palmyra Atoll,14.3,28.86856,34.65492,NA,NA,NA,8.089283452,NA,2319.2,1956.2,NA,,
2019-09-03,Pacific,Hawaiian Archipelago,Kure Atoll,1,28.87103622,35.45932077,NA,NA,NA,8.018143909,NA,2334.1,2009,NA,,
2006-02-19,Pacific,American Samoa,Tutuila,1,28.8713,34.6942,NA,NA,NA,8.063193658,NA,2255.6,1916.3,NA,,
2015-02-11,Pacific,Pacific Remote Islands Area,Baker Island,15.8,28.872,35.3588,NA,NA,NA,7.979795313,NA,2306.9,2008.2,NA,,
2017-05-06,Pacific,Guam and Marianas Islands,Guam,13.7,28.87270333,34.15151519,NA,NA,NA,NA,NA,2223.4,NA,NA,,
2017-05-06,Pacific,Guam and Marianas Islands,Guam,12.2,28.87270333,34.15151519,NA,NA,NA,8.00477399,NA,2237.2,1939.2,NA,,
2017-05-20,Pacific,Guam and Marianas Islands,Saipan,0.9,28.8745,34.4645,NA,NA,NA,8.047818381,NA,2276.4,1946.4,NA,,
2017-05-09,Pacific,Guam and Marianas Islands,Rota,14,28.8756,34.2454,NA,NA,NA,8.021357499,NA,2250.3,1940.5,NA,,
2017-05-17,Pacific,Guam and Marianas Islands,Tinian,12.2,28.877,34.5424,NA,NA,NA,8.051719512,NA,2268.6,1936.1,NA,,
2015-04-21,Pacific,Pacific Remote Islands Area,Palmyra Atoll,14.3,28.87759,34.64087,NA,NA,NA,8.115350805,NA,2326.2,1945,NA,,
2014-04-21,Pacific,Guam and Marianas Islands,Pagan,0.9,28.8822,34.6285,NA,NA,NA,8.051680246,NA,2274.3,1940.8,NA,,
2008-03-14,Pacific,American Samoa,Rose Atoll,2,28.8832,34.983,NA,NA,NA,8.079010359,NA,2299.9,1943.2,NA,,
2008-03-14,Pacific,American Samoa,Rose Atoll,2,28.8832,34.9324,NA,NA,NA,8.07535338,NA,2297.6,1943.9,NA,,
2008-03-14,Pacific,American Samoa,Rose Atoll,2,28.8832,34.9324,NA,NA,NA,8.080820209,NA,2302.9,1945.1,NA,,
2015-02-11,Pacific,Pacific Remote Islands Area,Baker Island,10.7,28.8839,35.3462,NA,NA,NA,7.981433614,NA,2300.5,2001.5,NA,,
2012-03-25,Pacific,American Samoa,Tutuila,0.9,28.8858,35.156,NA,NA,NA,8.056842928,NA,2267.8,1927.4,NA,,
2015-02-04,Pacific,Pacific Remote Islands Area,Howland Island,0.9,28.8861,35.2672,NA,NA,NA,8.007986334,NA,2329.4,2012.4,NA,,
2008-03-13,Pacific,American Samoa,Rose Atoll,2,28.8871,34.938,NA,NA,NA,8.081697942,NA,2294.9,1937.3,NA,,
2008-03-13,Pacific,American Samoa,Rose Atoll,2,28.8871,34.919,NA,NA,NA,8.080302633,NA,2290.4,1934.4,NA,,
2008-03-13,Pacific,American Samoa,Rose Atoll,2,28.8871,34.919,NA,NA,NA,8.0959012950000009,NA,2285,1919.4,NA,,
2017-05-16,Pacific,Guam and Marianas Islands,Saipan,0.9,28.8882,34.4902,NA,NA,NA,8.061345971,NA,2257.4,1920.6,NA,,
2017-05-17,Pacific,Guam and Marianas Islands,Tinian,13.1,28.8883,34.5152,NA,NA,NA,8.049579771,NA,2269.8,1938.6,NA,,
2018-07-01,Pacific,American Samoa,Tutuila,1,28.88875,34.74585,NA,NA,NA,8.058528477,NA,2283.9,1944,NA,,
2019-07-17,Pacific,Hawaiian Archipelago,Hawai'i (Big Island),1,28.89121073,34.37387149,NA,NA,NA,8.028943914,NA,2257.1,1941.2,NA,,
2019-09-01,Pacific,Hawaiian Archipelago,Lisianski Island,1,28.89222093,35.50243478,NA,NA,NA,7.920729104,NA,2243.8,1983.3,NA,,
2012-04-03,Pacific,American Samoa,Tutuila,14.3,28.8957,35.485,NA,NA,NA,8.059842425,NA,2328,1976.1,NA,,
2018-06-30,Pacific,American Samoa,Tutuila,1,28.89615161,34.92523875,NA,NA,NA,8.053234914,NA,2292.8,1953.8,NA,,
2015-04-18,Pacific,Pacific Remote Islands Area,Palmyra Atoll,0.9,28.8986,34.6847,NA,NA,NA,8.03247371,NA,2288.7,1965,NA,,
2017-05-06,Pacific,Guam and Marianas Islands,Guam,0.9,28.899,33.6876,NA,NA,NA,8.053472048,NA,2245.1,1920.8,NA,,
2013-09-13,Pacific,Hawaiian Archipelago,Lisianski Island,0.9,28.9055,35.552,NA,NA,NA,7.902870265,NA,2232.46,1982.07021,NA,,
2014-04-23,Pacific,Guam and Marianas Islands,Pagan,0.9,28.9059,34.5435,NA,NA,NA,8.050245421,NA,2270,1938.3,NA,,
2015-04-20,Pacific,Pacific Remote Islands Area,Palmyra Atoll,13.7,28.9065,34.6613,NA,NA,NA,8.005064833,NA,2268.6,1963.4,NA,,
2010-02-17,Pacific,American Samoa,Tutuila,0.9,28.9072,35.37487617,NA,NA,NA,8.042379149,NA,2305.4,1968.3,NA,,
2011-05-02,Pacific,Guam and Marianas Islands,Tinian,0.9,28.9074,34.437,NA,NA,NA,8.061375746,NA,2260.5,1923.6,NA,,
2015-02-11,Pacific,Pacific Remote Islands Area,Baker Island,14.3,28.9081,35.3596,NA,NA,NA,8.0004062480000009,NA,2316.6,2004.3,NA,,
2017-05-12,Pacific,Guam and Marianas Islands,Rota,17.4,28.9113,34.195,NA,NA,NA,8.039137783,NA,2239.1,1919.7,NA,,
2015-04-24,Pacific,Pacific Remote Islands Area,Kingman Reef,12.2,28.9115,34.5568,NA,NA,NA,8.100697684,NA,2313.1,1943.7,NA,,
2015-04-20,Pacific,Pacific Remote Islands Area,Palmyra Atoll,14.3,28.9132,34.6243,NA,NA,NA,8.069201933,NA,2304,1955.6,NA,,
2017-05-16,Pacific,Guam and Marianas Islands,Saipan,0.9,28.9142,34.4728,NA,NA,NA,8.051597155,NA,2267.8,1935.9,NA,,
2015-04-20,Pacific,Pacific Remote Islands Area,Palmyra Atoll,14.3,28.91513,34.62268,NA,NA,NA,8.017554998,NA,2270.2,1957.5,NA,,
2015-04-25,Pacific,Pacific Remote Islands Area,Kingman Reef,0.9,28.9153,34.2011,NA,NA,NA,8.028161619,NA,2255,1940.9,NA,,
2015-04-26,Pacific,Pacific Remote Islands Area,Kingman Reef,0.9,28.9167,34.3421,NA,NA,NA,8.008478978,NA,2243.2,1940.9,NA,,
2018-06-28,Pacific,American Samoa,Tutuila,1,28.9195209,34.81430494,NA,NA,NA,8.055968838,NA,2278,1939.5,NA,,
2014-04-21,Pacific,Guam and Marianas Islands,Pagan,0.9,28.9197,34.6212,NA,NA,NA,8.055924586,NA,2276.7,1939.9,NA,,
2015-02-04,Pacific,Pacific Remote Islands Area,Howland Island,0.9,28.9206,35.3322,NA,NA,NA,8.005172421,NA,2324.4,2008.8,NA,,
2015-04-21,Pacific,Pacific Remote Islands Area,Palmyra Atoll,14.3,28.9237,34.68445,NA,NA,NA,8.019305949,NA,2279.3,1964.1,NA,,
2015-04-21,Pacific,Pacific Remote Islands Area,Palmyra Atoll,14.3,28.92734,34.69086,NA,NA,NA,8.004824384,NA,2273.5,1967.5,NA,,
2015-04-28,Pacific,Pacific Remote Islands Area,Kingman Reef,7.6,28.92808,34.51482,NA,NA,NA,7.965518247,NA,2220.7,1943.7,NA,,
2011-05-02,Pacific,Guam and Marianas Islands,Tinian,12.8,28.9306,34.498,NA,NA,NA,8.027789325,NA,2259.4,1942.4,NA,,
2006-02-12,Pacific,American Samoa,Swains Island,1,28.9365,34.8127,NA,NA,NA,8.080637479,NA,2282.3,1927.4,NA,,
2019-09-04,Pacific,Hawaiian Archipelago,Pearl and Hermes Atoll,1,28.93892956,35.37718603,NA,NA,NA,8.013076532,NA,2328.6,2007.2,NA,,
2006-02-12,Pacific,American Samoa,Swains Island,1,28.9401,34.1914,NA,NA,NA,8.074847151,NA,2272.2,1927.2,NA,,
2006-02-12,Pacific,American Samoa,Swains Island,1,28.9401,34.1914,NA,NA,NA,8.076040736,NA,2278.6,1932.2,NA,,
2011-05-01,Pacific,Guam and Marianas Islands,Rota,0.9,28.9404,34.491,NA,NA,NA,8.055808364,NA,2266.6,1931.8,NA,,
2017-05-10,Pacific,Guam and Marianas Islands,Rota,14,28.9407,34.1977,NA,NA,NA,8.042571594,NA,2245.8,1923.4,NA,,
2012-04-02,Pacific,American Samoa,Tutuila,14.9,28.9465,35.478,NA,NA,NA,8.059120867,NA,2326,1974.4,NA,,
2017-05-11,Pacific,Guam and Marianas Islands,Rota,12.8,28.9474,34.1928,NA,NA,NA,8.054738926,NA,2246.9,1916.9,NA,,
2011-05-01,Pacific,Guam and Marianas Islands,Rota,12.5,28.9497,34.543,NA,NA,NA,8.054412668,NA,2266.9,1932.2,NA,,
2006-03-02,Pacific,American Samoa,Ta'u,1,28.9497,34.6229,NA,NA,NA,8.065618857,NA,2276,1932.8,NA,,
2015-04-21,Pacific,Pacific Remote Islands Area,Palmyra Atoll,14.3,28.95082,34.63675,NA,NA,NA,8.015300944,NA,2266.3,1954.9,NA,,
2011-04-26,Pacific,Guam and Marianas Islands,Saipan,0.9,28.9512,34.814,NA,NA,NA,8.104693622,NA,2258.8,1890.7,NA,,
2012-03-26,Pacific,American Samoa,Tutuila,0.9,28.9545,35.253,NA,NA,NA,8.071594676,NA,2287.6,1934.2,NA,,
2019-08-31,Pacific,Hawaiian Archipelago,Lisianski Island,1,28.9549056,35.53715482,NA,NA,NA,7.948338119,NA,2254.5,1977,NA,,
2017-05-06,Pacific,Guam and Marianas Islands,Guam,13.7,28.95558889,34.1424063,NA,NA,NA,7.995436696,NA,2235.9,1942.8,NA,,
2017-05-06,Pacific,Guam and Marianas Islands,Guam,12.2,28.95558889,34.1424063,NA,NA,NA,7.997809748,NA,2234,1939.7,NA,,
2015-04-28,Pacific,Pacific Remote Islands Area,Kingman Reef,7.6,28.96026,34.56323,NA,NA,NA,7.974772791,NA,2248.4,1963.1,NA,,
2015-04-21,Pacific,Pacific Remote Islands Area,Palmyra Atoll,14.3,28.96131,34.65786,NA,NA,NA,7.995595111,NA,2265.2,1965.4,NA,,
2017-05-18,Pacific,Guam and Marianas Islands,Saipan,0.9,28.9616,34.5313,NA,NA,NA,8.036518676,NA,2257.3,1934.9,NA,,
2012-04-01,Pacific,American Samoa,Tutuila,0.9,28.9656,35.457,NA,NA,NA,8.0436746,NA,2329.4,1987.7,NA,,
2008-03-13,Pacific,American Samoa,Rose Atoll,10.8,28.9664,34.943600000000004,NA,NA,NA,7.879930833,NA,2288.7,2049.5,NA,,
2006-03-03,Pacific,American Samoa,Ta'u,30,28.967,34.9671,NA,NA,NA,8.059832543,NA,2293.1,1948.3,NA,,
2006-03-03,Pacific,American Samoa,Ta'u,30,28.967,34.9671,NA,NA,NA,8.061176973,NA,2294.3,1948.5,NA,,
2012-03-22,Pacific,American Samoa,Swains Island,0.9,28.9674,35.47,NA,NA,NA,8.074681425,NA,2336.9,1974.1,NA,,
2015-04-27,Pacific,Pacific Remote Islands Area,Kingman Reef,12.8,28.968,34.5805,NA,NA,NA,8.013156941,NA,2260.3,1951.1,NA,,
2006-02-12,Pacific,American Samoa,Swains Island,1,28.968,34.8398,NA,NA,NA,8.077139828,NA,2285,1931.5,NA,,
2015-04-24,Pacific,Pacific Remote Islands Area,Kingman Reef,14.6,28.9685,34.5449,NA,NA,NA,8.098154402,NA,2309.2,1941.4,NA,,
2015-04-26,Pacific,Pacific Remote Islands Area,Kingman Reef,14.6,28.973,34.5046,NA,NA,NA,8.012302372,NA,2254.1,1946.5,NA,,
2015-04-28,Pacific,Pacific Remote Islands Area,Kingman Reef,14.6,28.9739,34.5699,NA,NA,NA,8.030587234,NA,2259.5,1939.8,NA,,
2017-05-08,Pacific,Guam and Marianas Islands,Guam,0.9,28.9741,34.0687,NA,NA,NA,8.043724995,NA,2247.5,1925.2,NA,,
2008-03-14,Pacific,American Samoa,Rose Atoll,7.9,28.9765,35.0265,NA,NA,NA,8.067189363,NA,2298.4,1948.1,NA,,
2006-02-12,Pacific,American Samoa,Swains Island,1,28.9779,34.8636,NA,NA,NA,8.069727078,NA,2287.5,1938.2,NA,,
2008-03-14,Pacific,American Samoa,Rose Atoll,7.8,28.978,34.998,NA,NA,NA,8.07228901,NA,2298.7,1945.3,NA,,
2006-02-26,Pacific,American Samoa,Ofu and Olosega Islands,1,28.983,34.6307,NA,NA,NA,8.084635678,NA,2278.9,1922.9,NA,,
2006-02-26,Pacific,American Samoa,Ofu and Olosega Islands,1,28.983,34.6307,NA,NA,NA,8.084792559,NA,2279.4,1923.2,NA,,
2006-02-26,Pacific,American Samoa,Ofu and Olosega Islands,30,28.9843,34.6851,NA,NA,NA,8.07087681,NA,2277.5,1929.5,NA,,
2006-02-12,Pacific,American Samoa,Swains Island,30,28.9844,34.8658,NA,NA,NA,8.070885829,NA,2290.6,1939.6,NA,,
2006-02-28,Pacific,American Samoa,Ofu and Olosega Islands,30,28.9885,34.6518,NA,NA,NA,8.073000603,NA,2272.9,1924.2,NA,,
2017-05-18,Pacific,Guam and Marianas Islands,Saipan,0.9,28.9893,34.4586,NA,NA,NA,8.051422858,NA,2258.4,1927,NA,,
2008-03-13,Pacific,American Samoa,Rose Atoll,10.3,28.9901,34.954,NA,NA,NA,8.066778873,NA,2286.7,1938.4,NA,,
2015-04-20,Pacific,Pacific Remote Islands Area,Palmyra Atoll,19.8,28.9969,34.7111,NA,NA,NA,8.03557928,NA,2282.4,1955.9,NA,,
2015-02-06,Pacific,Pacific Remote Islands Area,Howland Island,12.8,28.9999,35.3998,NA,NA,NA,7.99571465,NA,2320.2,2009.3,NA,,
2017-05-12,Pacific,Guam and Marianas Islands,Rota,13.7,29.0039,34.2023,NA,NA,NA,7.980199167,NA,2210.4,1927.5,NA,,
2006-02-12,Pacific,American Samoa,Swains Island,30,29.004,34.864,NA,NA,NA,8.071921893,NA,2282.3,1931.3,NA,,
2015-04-18,Pacific,Pacific Remote Islands Area,Palmyra Atoll,14,29.0046,34.7798,NA,NA,NA,7.980548023,NA,2268.1,1975.6,NA,,
2008-03-14,Pacific,American Samoa,Rose Atoll,9.45,29.0059,35.0043,NA,NA,NA,8.052892454,NA,2281.8,1942.3,NA,,
2019-09-02,Pacific,Hawaiian Archipelago,Kure Atoll,1,29.0068206,35.45221606,NA,NA,NA,8.017019297,NA,2335,2009.3,NA,,
2010-02-24,Pacific,American Samoa,Tutuila,15.2,29.0072,35.3709533,NA,NA,NA,8.05470858,NA,2314.8,1967.6,NA,,
2012-04-06,Pacific,American Samoa,Tutuila,14.3,29.0075,35.441,NA,NA,NA,8.058579665,NA,2321,1970,NA,,
2019-09-04,Pacific,Hawaiian Archipelago,Pearl and Hermes Atoll,1,29.00855984,35.44135824,NA,NA,NA,8.019151745,NA,2330.3,2003.8,NA,,
2015-04-26,Pacific,Pacific Remote Islands Area,Kingman Reef,13.4,29.0103,34.5544,NA,NA,NA,8.093623764,NA,2300.8,1936.5,NA,,
2006-02-12,Pacific,American Samoa,Swains Island,30,29.0107,34.8788,NA,NA,NA,8.075565038,NA,2292.8,1938.2,NA,,
2006-02-28,Pacific,American Samoa,Ofu and Olosega Islands,1,29.012,34.6614,NA,NA,NA,8.078403002,NA,2271.8,1920,NA,,
2018-06-14,Pacific,Pacific Remote Islands Area,Baker Island,1,29.016805,35.40626,NA,NA,NA,8.000596189,NA,2311.5,1998.5,NA,,
2015-04-25,Pacific,Pacific Remote Islands Area,Kingman Reef,0.9,29.0183,34.5669,NA,NA,NA,8.033421746,NA,2265.2,1943.1,NA,,
2008-03-13,Pacific,American Samoa,Rose Atoll,10.97,29.0211,35.0141,NA,NA,NA,8.0762952,NA,2294.2,1938.1,NA,,
2006-03-04,Pacific,American Samoa,Ta'u,30,29.0215,34.9132,NA,NA,NA,8.067360676,NA,2288.4,1939.1,NA,,
2006-02-12,Pacific,American Samoa,Swains Island,30,29.0233,34.8627,NA,NA,NA,8.074780473,NA,2281.9,1929,NA,,
2015-04-24,Pacific,Pacific Remote Islands Area,Kingman Reef,0.9,29.0244,34.5421,NA,NA,NA,8.037042069,NA,2267.3,1942.9,NA,,
2011-05-02,Pacific,Guam and Marianas Islands,Rota,12.5,29.0249,34.58,NA,NA,NA,8.040614209,NA,2267.9,1940.7,NA,,
2006-02-28,Pacific,American Samoa,Ofu and Olosega Islands,30,29.0269,34.6894,NA,NA,NA,8.082048505,NA,2282,1925.7,NA,,
2010-02-18,Pacific,American Samoa,Tutuila,0.9,29.0279,35.41312775,NA,NA,NA,8.031539274,NA,2315.9,1983.1,NA,,
2006-02-28,Pacific,American Samoa,Ofu and Olosega Islands,30,29.0292,34.6899,NA,NA,NA,8.059696211,NA,2271.7,1930.9,NA,,
2006-02-28,Pacific,American Samoa,Ofu and Olosega Islands,30,29.0292,34.6899,NA,NA,NA,8.062908708,NA,2273.7,1930.6,NA,,
2019-09-02,Pacific,Hawaiian Archipelago,Kure Atoll,1,29.03007407,35.50102056,NA,NA,NA,8.018969373,NA,2332.8,2005.5,NA,,
2011-05-03,Pacific,Guam and Marianas Islands,Tinian,0.9,29.0307,34.479,NA,NA,NA,8.052707629,NA,2246.3,1914.8,NA,,
2015-04-24,Pacific,Pacific Remote Islands Area,Kingman Reef,0.9,29.0308,34.4081,NA,NA,NA,8.106388312,NA,2310.8,1938.2,NA,,
2019-09-04,Pacific,Hawaiian Archipelago,Pearl and Hermes Atoll,1,29.03181733,35.44215947,NA,NA,NA,8.015369973,NA,2329.7,2005.4,NA,,
2019-09-02,Pacific,Hawaiian Archipelago,Kure Atoll,1,29.03401737,35.50966756,NA,NA,NA,8.017783937,NA,2334.2,2007.4,NA,,
2006-02-28,Pacific,American Samoa,Ofu and Olosega Islands,1,29.0347,34.5816,NA,NA,NA,8.077625956,NA,2277.8,1926.3,NA,,
2006-02-28,Pacific,American Samoa,Ofu and Olosega Islands,1,29.0347,34.5816,NA,NA,NA,8.081920695,NA,2279.2,1924.8,NA,,
2006-02-27,Pacific,American Samoa,Ofu and Olosega Islands,30,29.0362,34.6318,NA,NA,NA,8.079359552,NA,2276.6,1923.1,NA,,
2012-04-01,Pacific,American Samoa,Tutuila,0.9,29.0373,35.472,NA,NA,NA,8.016170922,NA,2318.5,1994.6,NA,,
2006-02-27,Pacific,American Samoa,Ofu and Olosega Islands,30,29.0399,34.6383,NA,NA,NA,8.082816006,NA,2276.6,1920.7,NA,,
2015-04-17,Pacific,Pacific Remote Islands Area,Palmyra Atoll,14.6,29.0425,34.6585,NA,NA,NA,8.015239661,NA,2262.6,1950.6,NA,,
2015-04-18,Pacific,Pacific Remote Islands Area,Palmyra Atoll,13.7,29.0425,34.8697,NA,NA,NA,8.015042345,NA,2286.4,1970.6,NA,,
2017-05-21,Pacific,Guam and Marianas Islands,Aguijan (Goat Is.),10.4,29.04279815,34.41330111,NA,NA,NA,8.010598315,NA,2263,1955.7,NA,,
2017-05-21,Pacific,Guam and Marianas Islands,Aguijan (Goat Is.),8.9,29.04279815,34.41330111,NA,NA,NA,8.011708164,NA,2261.3,1953.5,NA,,
2006-02-27,Pacific,American Samoa,Ofu and Olosega Islands,1,29.0446,34.4572,NA,NA,NA,8.07708978,NA,2272.1,1922.5,NA,,
2006-02-27,Pacific,American Samoa,Ofu and Olosega Islands,1,29.0446,34.4572,NA,NA,NA,8.079563419,NA,2273.9,1922.5,NA,,
2019-08-05,Pacific,Hawaiian Archipelago,Oahu,1,29.04471633,34.70623602,NA,NA,NA,8.051352442,NA,2182.6,1856.7,NA,,
2006-02-26,Pacific,American Samoa,Ofu and Olosega Islands,1,29.0468,34.6874,NA,NA,NA,8.089159204,NA,2282,1921.5,NA,,
2006-03-03,Pacific,American Samoa,Ta'u,1,29.048,34.9398,NA,NA,NA,8.066490735,NA,2296.4,1947,NA,,
2006-03-03,Pacific,American Samoa,Ta'u,1,29.048,34.9398,NA,NA,NA,8.068084987,NA,2297.8,1947.2,NA,,
2017-05-21,Pacific,Guam and Marianas Islands,Aguijan (Goat Is.),10.4,29.04844502,34.45103616,NA,NA,NA,8.039695298,NA,2264,1938.6,NA,,
2017-05-21,Pacific,Guam and Marianas Islands,Aguijan (Goat Is.),8.9,29.04844502,34.45103616,NA,NA,NA,8.040165164,NA,2264.1,1938.4,NA,,
2019-08-31,Pacific,Hawaiian Archipelago,Lisianski Island,1,29.05073433,35.57521526,NA,NA,NA,7.901067477,NA,2221.9,1972,NA,,
2010-02-20,Pacific,American Samoa,Tutuila,1,29.0513,35.50574299,NA,NA,NA,8.003418702,NA,2322.4,2005.5,NA,,
2017-05-22,Pacific,Guam and Marianas Islands,Aguijan (Goat Is.),9.4,29.0515,34.4642,NA,NA,NA,8.051987985,NA,2263.7,1930.6,NA,,
2015-04-18,Pacific,Pacific Remote Islands Area,Palmyra Atoll,0.9,29.0516,34.7902,NA,NA,NA,8.033452651,NA,2287.2,1960.8,NA,,
2017-05-21,Pacific,Guam and Marianas Islands,Aguijan (Goat Is.),8.9,29.05311667,34.46095037,NA,NA,NA,8.046054089,NA,2264.4,1934.9,NA,,
2017-05-21,Pacific,Guam and Marianas Islands,Aguijan (Goat Is.),10.4,29.05311667,34.46095037,NA,NA,NA,8.046564903,NA,2265.2,1935.3,NA,,
2017-05-30,Pacific,Guam and Marianas Islands,Agrihan,14.3,29.0532,34.6442,NA,NA,NA,8.045074536,NA,2274.8,1943.3,NA,,
2017-05-28,Pacific,Guam and Marianas Islands,Guguan,16.2,29.0534,34.6256,NA,NA,NA,8.045226258,NA,2277.8,1946,NA,,
2015-04-28,Pacific,Pacific Remote Islands Area,Kingman Reef,14.3,29.0583,34.5927,NA,NA,NA,8.019855065,NA,2260.5,1946.3,NA,,
2017-05-10,Pacific,Guam and Marianas Islands,Rota,11.3,29.059,34.2183,NA,NA,NA,8.045089086,NA,2243.6,1918.7,NA,,
2010-02-25,Pacific,American Samoa,Tutuila,15.2,29.0591,35.46119661,NA,NA,NA,8.056925971,NA,2328.5,1977.1,NA,,
2018-06-15,Pacific,Pacific Remote Islands Area,Baker Island,2,29.05941333,35.02003333,NA,NA,NA,7.986544262,NA,2314.5,2012.2,NA,,
2018-06-15,Pacific,Pacific Remote Islands Area,Baker Island,2,29.05941333,35.02003333,NA,NA,NA,8.006059071,NA,2328,2012.6,NA,,
2015-04-15,Pacific,Pacific Remote Islands Area,Palmyra Atoll,11.9,29.0601,34.8228,NA,NA,NA,8.006666206,NA,2275.4,1966,NA,,
2017-05-06,Pacific,Guam and Marianas Islands,Guam,13.7,29.06093259,34.14051667,NA,NA,NA,8.015776438,NA,2241.9,1935.4,NA,,
2017-05-06,Pacific,Guam and Marianas Islands,Guam,12.2,29.06093259,34.14051667,NA,NA,NA,8.020791724,NA,2241,1931.6,NA,,
2015-04-18,Pacific,Pacific Remote Islands Area,Palmyra Atoll,14.3,29.061,34.9141,NA,NA,NA,8.020075537,NA,2285.5,1966.2,NA,,
2018-08-03,Pacific,Pacific Remote Islands Area,Palmyra Atoll,1,29.06183752,34.25899586,NA,NA,NA,8.01251665,NA,2254.2,1947.8,NA,,
2017-05-11,Pacific,Guam and Marianas Islands,Rota,15.2,29.0624,34.1935,NA,NA,NA,8.037107632,NA,2239.2,1919.7,NA,,
2018-06-15,Pacific,Pacific Remote Islands Area,Baker Island,1,29.06247407,35.25637997,NA,NA,NA,7.997003759,NA,2305.2,1995.7,NA,,
2006-03-04,Pacific,American Samoa,Ta'u,30,29.0634,34.9259,NA,NA,NA,8.058953395,NA,2295,1949.8,NA,,
2015-03-02,Pacific,American Samoa,Tutuila,13.7,29.064,35.0716,NA,NA,NA,8.042220902,NA,2301.7,1965.7,NA,,
2017-05-06,Pacific,Guam and Marianas Islands,Guam,13.7,29.0649,34.1358,NA,NA,NA,8.039184675,NA,2237.1,1917,NA,,
2015-04-16,Pacific,Pacific Remote Islands Area,Palmyra Atoll,14.3,29.0659,34.7332,NA,NA,NA,8.03196304,NA,2282.9,1957.9,NA,,
2019-09-01,Pacific,Hawaiian Archipelago,Lisianski Island,1,29.06808721,35.56534541,NA,NA,NA,7.921536706,NA,2235.4,1973.3,NA,,
2012-03-22,Pacific,American Samoa,Swains Island,0.9,29.0689,35.457,NA,NA,NA,8.076711205,NA,2336.3,1971.3,NA,,
2015-04-18,Pacific,Pacific Remote Islands Area,Palmyra Atoll,15.2,29.0705,34.8892,NA,NA,NA,8.019216363,NA,2284.6,1966,NA,,
2018-06-16,Pacific,Pacific Remote Islands Area,Baker Island,1,29.07212807,35.33365789,NA,NA,NA,7.996595226,NA,2289.2,1980.8,NA,,
2017-05-22,Pacific,Guam and Marianas Islands,Aguijan (Goat Is.),8.5,29.0728,34.461,NA,NA,NA,8.044427298,NA,2263,1934.5,NA,,
2015-04-15,Pacific,Pacific Remote Islands Area,Palmyra Atoll,15.2,29.0743,34.8177,NA,NA,NA,8.020847773,NA,2276.7,1958.4,NA,,
2017-05-06,Pacific,Guam and Marianas Islands,Guam,12.2,29.07597704,34.13482333,NA,NA,NA,8.02468935,NA,2236.7,1925.3,NA,,
2017-05-06,Pacific,Guam and Marianas Islands,Guam,13.7,29.07597704,34.13482333,NA,NA,NA,8.033498554,NA,2239.7,1922.7,NA,,
2017-05-07,Pacific,Guam and Marianas Islands,Guam,12.2,29.0802,34.1133,NA,NA,NA,8.033085371,NA,2239.8,1923.2,NA,,
2017-05-07,Pacific,Guam and Marianas Islands,Guam,12.2,29.08191556,34.14842481,NA,NA,NA,8.026097909,NA,2236.7,1924.3,NA,,
2017-05-07,Pacific,Guam and Marianas Islands,Guam,13.7,29.08191556,34.14842481,NA,NA,NA,8.047258411,NA,2245.1,1919,NA,,
2017-05-10,Pacific,Guam and Marianas Islands,Rota,13.7,29.0839,34.2221,NA,NA,NA,8.046200122,NA,2246.7,1920.5,NA,,
2011-05-03,Pacific,Guam and Marianas Islands,Tinian,10.7,29.0883,34.468,NA,NA,NA,8.050518159,NA,2254.3,1922.7,NA,,
2011-05-02,Pacific,Guam and Marianas Islands,Rota,0.9,29.0883,34.531,NA,NA,NA,8.056583472,NA,2266.3,1929.3,NA,,
2013-09-13,Pacific,Hawaiian Archipelago,Lisianski Island,0.9,29.0902,35.5229,NA,NA,NA,7.889827171,NA,2215.34,1971.912096,NA,,
2017-05-28,Pacific,Guam and Marianas Islands,Guguan,12.8,29.0914,34.6268,NA,NA,NA,8.046092388,NA,2277.4,1944.8,NA,,
2017-05-29,Pacific,Guam and Marianas Islands,Agrihan,14.6,29.0922,34.768,NA,NA,NA,8.044903991,NA,2286.7,1952.7,NA,,
2017-05-20,Pacific,Guam and Marianas Islands,Saipan,14.3,29.0941,34.4957,NA,NA,NA,8.04905565,NA,2262.5,1930.6,NA,,
2017-05-06,Pacific,Guam and Marianas Islands,Guam,13.7,29.09965593,34.13453556,NA,NA,NA,8.032183948,NA,2238.5,1922.2,NA,,
2017-05-06,Pacific,Guam and Marianas Islands,Guam,12.2,29.09965593,34.13453556,NA,NA,NA,8.032960941,NA,2240.8,1923.8,NA,,
2015-04-16,Pacific,Pacific Remote Islands Area,Palmyra Atoll,8.5,29.0999,34.7955,NA,NA,NA,8.021438324,NA,2274.9,1956.5,NA,,
2017-05-31,Pacific,Guam and Marianas Islands,Pagan,14.3,29.1006,34.6888,NA,NA,NA,8.045228094,NA,2279.7,1946.8,NA,,
2010-02-25,Pacific,American Samoa,Tutuila,13.7,29.1012,35.41901319,NA,NA,NA,8.056372321,NA,2318.6,1968.6,NA,,
2018-06-13,Pacific,Pacific Remote Islands Area,Baker Island,1,29.10699063,35.40991721,NA,NA,NA,8.023471051,NA,2256.9,1934.4,NA,,
2019-08-31,Pacific,Hawaiian Archipelago,Lisianski Island,1,29.10755911,35.60082003,NA,NA,NA,7.884405151,NA,2207.1,1966.5,NA,,
2014-04-23,Pacific,Guam and Marianas Islands,Pagan,0.9,29.1087,34.5878,NA,NA,NA,8.049122113,NA,2266.6,1933.6,NA,,
2017-05-06,Pacific,Guam and Marianas Islands,Guam,13.7,29.10896926,34.12275148,NA,NA,NA,8.045182972,NA,2240.5,1916.1,NA,,
2017-05-06,Pacific,Guam and Marianas Islands,Guam,12.2,29.10896926,34.12275148,NA,NA,NA,8.055749458,NA,2249,1917.2,NA,,
2006-02-28,Pacific,American Samoa,Ofu and Olosega Islands,1,29.1091,34.6204,NA,NA,NA,8.091245246,NA,2277.7,1916.3,NA,,
2015-04-28,Pacific,Pacific Remote Islands Area,Kingman Reef,7.6,29.11162,34.58023,NA,NA,NA,7.98912513,NA,2256.8,1961,NA,,
2017-05-29,Pacific,Guam and Marianas Islands,Agrihan,12.2,29.1121,34.6464,NA,NA,NA,8.015410303,NA,2278.2,1964.1,NA,,
2017-05-08,Pacific,Guam and Marianas Islands,Guam,15.5,29.1124,34.2159,NA,NA,NA,8.041092855,NA,2244.3,1921.2,NA,,
2011-05-05,Pacific,Guam and Marianas Islands,Guam,0.9,29.1125,34.463,NA,NA,NA,8.03544681,NA,2266.2,1942.7,NA,,
2010-02-24,Pacific,American Samoa,Tutuila,14,29.1128,35.34643688,NA,NA,NA,8.033259053,NA,2312.2,1978.3,NA,,
2006-03-03,Pacific,American Samoa,Ta'u,30,29.1161,34.9613,NA,NA,NA,8.075780826,NA,2299.4,1942.2,NA,,
2012-04-03,Pacific,American Samoa,Tutuila,15.2,29.1162,35.409,NA,NA,NA,8.073440103,NA,2333.1,1970.2,NA,,
2006-02-27,Pacific,American Samoa,Ofu and Olosega Islands,1,29.1177,34.6294,NA,NA,NA,8.083914858,NA,2279.4,1922.4,NA,,
2017-05-21,Pacific,Guam and Marianas Islands,Aguijan (Goat Is.),8.9,29.11966,34.41687111,NA,NA,NA,8.019212512,NA,2261.1,1948.1,NA,,
2017-05-21,Pacific,Guam and Marianas Islands,Aguijan (Goat Is.),10.4,29.11966,34.41687111,NA,NA,NA,8.021618516,NA,2263.6,1948.9,NA,,
2017-05-08,Pacific,Guam and Marianas Islands,Guam,0.9,29.1203,34.4768,NA,NA,NA,8.022086735,NA,2254.9,1940.5,NA,,
2017-05-14,Pacific,Guam and Marianas Islands,Guam,0.9,29.1203,34.4768,NA,NA,NA,8.036783911,NA,2241.6,1919.6,NA,,
2010-03-10,Pacific,American Samoa,Ofu and Olosega Islands,13.7,29.1223,35.50672429,NA,NA,NA,8.029730259,NA,2323,1988.7,NA,,
2015-04-16,Pacific,Pacific Remote Islands Area,Palmyra Atoll,0.9,29.1227,34.728,NA,NA,NA,8.025099546,NA,2281.1,1960.3,NA,,
2011-05-05,Pacific,Guam and Marianas Islands,Guam,10.4,29.1243,34.531,NA,NA,NA,8.053265805,NA,2263.5,1928.3,NA,,
2006-03-09,Pacific,American Samoa,Rose Atoll,30,29.1248,35.1208,NA,NA,NA,8.076172896,NA,2309,1949,NA,,
2006-03-09,Pacific,American Samoa,Rose Atoll,30,29.1248,35.1208,NA,NA,NA,8.080751458,NA,2311.3,1948,NA,,
2010-02-24,Pacific,American Samoa,Tutuila,15.2,29.1262,35.24565335,NA,NA,NA,8.054061747,NA,2314.6,1967.8,NA,,
2017-05-14,Pacific,Guam and Marianas Islands,Guam,16.5,29.1262,34.2182,NA,NA,NA,8.039528453,NA,2241.3,1919.3,NA,,
2017-05-21,Pacific,Guam and Marianas Islands,Aguijan (Goat Is.),8.9,29.12629259,34.44485444,NA,NA,NA,8.04180743,NA,2261.3,1934.2,NA,,
2017-05-21,Pacific,Guam and Marianas Islands,Aguijan (Goat Is.),10.4,29.12629259,34.44485444,NA,NA,NA,8.047885609,NA,2261.6,1930.7,NA,,
2006-02-27,Pacific,American Samoa,Ofu and Olosega Islands,30,29.1264,34.6285,NA,NA,NA,8.062707781,NA,2269.9,1926.9,NA,,
2006-02-27,Pacific,American Samoa,Ofu and Olosega Islands,30,29.1292,34.6415,NA,NA,NA,8.070599495,NA,2273.2,1924.7,NA,,
2006-03-06,Pacific,American Samoa,Rose Atoll,30,29.1302,35.0511,NA,NA,NA,8.075682308,NA,2307.4,1948.5,NA,,
2017-05-09,Pacific,Guam and Marianas Islands,Guam,14.6,29.1317,34.1907,NA,NA,NA,8.038791936,NA,2246.9,1925,NA,,
2017-05-22,Pacific,Guam and Marianas Islands,Aguijan (Goat Is.),10.4,29.13195926,34.45853444,NA,NA,NA,8.045887162,NA,2259.5,1929.9,NA,,
2017-05-22,Pacific,Guam and Marianas Islands,Aguijan (Goat Is.),8.9,29.13195926,34.45853444,NA,NA,NA,8.049910342,NA,2261.4,1929.1,NA,,
2019-08-31,Pacific,Hawaiian Archipelago,Lisianski Island,1,29.13452766,35.60622509,NA,NA,NA,7.876670779,NA,2193.1,1957.3,NA,,
2006-02-20,Pacific,American Samoa,Tutuila,1,29.1432,34.7419,NA,NA,NA,8.069082958,NA,2274.4,1926.4,NA,,
2006-02-26,Pacific,American Samoa,Tutuila,1,29.1433,34.5463,NA,NA,NA,8.078681631,NA,2274.3,1921.8,NA,,
2011-05-01,Pacific,Guam and Marianas Islands,Rota,12.2,29.1449,34.476,NA,NA,NA,8.043587918,NA,2259.7,1931.2,NA,,
2017-05-30,Pacific,Guam and Marianas Islands,Agrihan,12.2,29.1453,34.6406,NA,NA,NA,8.050464173,NA,2277,1941.1,NA,,
2006-02-26,Pacific,American Samoa,Ofu and Olosega Islands,1,29.1467,34.6274,NA,NA,NA,8.07610796,NA,2273.6,1922,NA,,
2012-03-22,Pacific,American Samoa,Swains Island,15.2,29.1495,35.486,NA,NA,NA,8.069486468,NA,2334.4,1973,NA,,
2015-02-04,Pacific,Pacific Remote Islands Area,Howland Island,13.7,29.1502,35.3769,NA,NA,NA,7.992731289,NA,2320.5,2010.3,NA,,
2006-02-27,Pacific,American Samoa,Ofu and Olosega Islands,1,29.1508,34.6508,NA,NA,NA,8.082150722,NA,2278.1,1921.9,NA,,
2010-02-27,Pacific,American Samoa,Tutuila,13.7,29.1518,35.38507596,NA,NA,NA,8.013027027,NA,2310,1988.1,NA,,
2015-04-28,Pacific,Pacific Remote Islands Area,Kingman Reef,7.6,29.15432,34.56749,NA,NA,NA,8.039316536,NA,2251.4,1925.7,NA,,
2019-09-02,Pacific,Hawaiian Archipelago,Kure Atoll,1,29.15467293,35.53536714,NA,NA,NA,8.011107708,NA,2333.7,2009.8,NA,,
2017-05-31,Pacific,Guam and Marianas Islands,Pagan,11.9,29.1619,34.7154,NA,NA,NA,8.015078478,NA,2268.5,1954.6,NA,,
2010-02-24,Pacific,American Samoa,Tutuila,16.5,29.1637,35.26682592,NA,NA,NA,8.055986986,NA,2310.3,1962.1,NA,,
2012-03-22,Pacific,American Samoa,Swains Island,15.2,29.1641,35.485,NA,NA,NA,8.073594711,NA,2342.4,1977.3,NA,,
2006-03-02,Pacific,American Samoa,Ta'u,1,29.1664,34.5257,NA,NA,NA,8.057863664,NA,2277.9,1938.2,NA,,
2006-03-02,Pacific,American Samoa,Ta'u,1,29.1664,34.5257,NA,NA,NA,8.060930779,NA,2280.7,1938.8,NA,,
2010-02-20,Pacific,American Samoa,Tutuila,12.5,29.1665,35.42293689,NA,NA,NA,8.037445697,NA,2314.3,1976.4,NA,,
2010-02-24,Pacific,American Samoa,Tutuila,0.9,29.1673,35.02835728,NA,NA,NA,8.027385987,NA,2292.5,1966.4,NA,,
2012-03-22,Pacific,American Samoa,Swains Island,12.2,29.1707,35.481,NA,NA,NA,8.067593185,NA,2337.4,1976.8,NA,,
2010-02-25,Pacific,American Samoa,Tutuila,0.9,29.1709,35.4568798,NA,NA,NA,8.054011374,NA,2320.4,1971,NA,,
2012-03-23,Pacific,American Samoa,Swains Island,0.9,29.1713,35.457,NA,NA,NA,8.082863364,NA,2334.9,1964.9,NA,,
2010-03-18,Pacific,American Samoa,Swains Island,14.3,29.1732,35.41920937,NA,NA,NA,8.0291832930000009,NA,2316.6,1983.6,NA,,
2010-03-18,Pacific,American Samoa,Swains Island,14.3,29.1732,35.41744372,NA,NA,NA,8.038983362,NA,2322.6,1982.7,NA,,
2010-03-18,Pacific,American Samoa,Swains Island,14.3,29.1732,35.42725305,NA,NA,NA,8.039654781,NA,2323.6,1983.1,NA,,
2011-05-06,Pacific,Guam and Marianas Islands,Guam,14.3,29.1739,34.479,NA,NA,NA,8.050470338,NA,2256.6,1923.8,NA,,
2010-03-14,Pacific,American Samoa,Ofu and Olosega Islands,13.1,29.1741,35.72232012,NA,NA,NA,8.042082203,NA,2347.8,2000.9,NA,,
2010-02-24,Pacific,American Samoa,Tutuila,0.9,29.1783,34.74514881,NA,NA,NA,8.056425331,NA,2281.7,1940.6,NA,,
2015-04-17,Pacific,Pacific Remote Islands Area,Palmyra Atoll,10.1,29.1783,34.7498,NA,NA,NA,8.019444685,NA,2271.2,1954,NA,,
2010-03-10,Pacific,American Samoa,Ofu and Olosega Islands,0.9,29.179,35.49867778,NA,NA,NA,8.055030662,NA,2332.3,1980.6,NA,,
2012-04-03,Pacific,American Samoa,Tutuila,15.5,29.179,35.436,NA,NA,NA,8.058293545,NA,2326.6,1973.5,NA,,
2010-03-16,Pacific,American Samoa,Swains Island,13.7,29.18,35.37664149,NA,NA,NA,8.051027074,NA,2324.6,1977,NA,,
2019-09-05,Pacific,Hawaiian Archipelago,Pearl and Hermes Atoll,1,29.18529241,35.44197327,NA,NA,NA,8.0098354,NA,2328.9,2006.7,NA,,
2012-03-23,Pacific,American Samoa,Swains Island,14.3,29.1869,35.464,NA,NA,NA,8.076869152,NA,2332.7,1966.5,NA,,
2019-09-02,Pacific,Hawaiian Archipelago,Kure Atoll,1,29.19274232,35.53428401,NA,NA,NA,8.015668075,NA,2338.7,2011.1,NA,,
2010-02-22,Pacific,American Samoa,Tutuila,14.6,29.1947,35.2913337,NA,NA,NA,8.026691965,NA,2313,1982.7,NA,,
2006-03-09,Pacific,American Samoa,Rose Atoll,30,29.1953,35.0313,NA,NA,NA,8.076717607,NA,2302.4,1942.8,NA,,
2012-04-06,Pacific,American Samoa,Tutuila,14,29.1963,35.356,NA,NA,NA,8.058380963,NA,2319.2,1967.4,NA,,
2012-04-03,Pacific,American Samoa,Tutuila,15.2,29.1981,35.437,NA,NA,NA,8.063950856,NA,2331.5,1974,NA,,
2019-09-03,Pacific,Hawaiian Archipelago,Kure Atoll,1,29.20046763,35.49918528,NA,NA,NA,8.058060488,NA,2321.9,1969.1,NA,,
2006-03-03,Pacific,American Samoa,Ta'u,1,29.202,34.6776,NA,NA,NA,8.076195212,NA,2296.2,1941.2,NA,,
2019-09-05,Pacific,Hawaiian Archipelago,Pearl and Hermes Atoll,1,29.20256234,35.44860036,NA,NA,NA,7.981488241,NA,2317.7,2013.7,NA,,
2015-04-15,Pacific,Pacific Remote Islands Area,Palmyra Atoll,0.9,29.2027,34.8216,NA,NA,NA,8.022509518,NA,2282.4,1961.6,NA,,
2008-03-14,Pacific,American Samoa,Rose Atoll,11.3,29.2042,34.977,NA,NA,NA,8.103490442,NA,2292,1916.6,NA,,
2006-03-05,Pacific,American Samoa,Rose Atoll,30,29.2046,35.1234,NA,NA,NA,8.077355543,NA,2310.3,1948.5,NA,,
2006-03-05,Pacific,American Samoa,Rose Atoll,30,29.2046,35.1234,NA,NA,NA,8.077940782,NA,2311.2,1949,NA,,
2015-04-27,Pacific,Pacific Remote Islands Area,Kingman Reef,7.6,29.2049,34.5703,NA,NA,NA,7.942456605,NA,2223.6,1956.5,NA,,
2015-04-27,Pacific,Pacific Remote Islands Area,Kingman Reef,7.6,29.2049,34.5703,NA,NA,NA,8.035650975,NA,2249.1,1925.4,NA,,
2011-05-06,Pacific,Guam and Marianas Islands,Guam,0.9,29.2059,34.469,NA,NA,NA,8.035497781,NA,2244,1921.8,NA,,
2019-08-31,Pacific,Hawaiian Archipelago,Lisianski Island,1,29.20611723,35.54870546,NA,NA,NA,7.899073316,NA,2209.2,1960.3,NA,,
2019-07-19,Pacific,Hawaiian Archipelago,Hawai'i (Big Island),1,29.20670051,34.33882496,NA,NA,NA,8.008364506,NA,2259.2,1952.9,NA,,
2010-03-14,Pacific,American Samoa,Ofu and Olosega Islands,0.9,29.2103,35.72055211,NA,NA,NA,8.034359134,NA,2344.4,2002.7,NA,,
2011-05-01,Pacific,Guam and Marianas Islands,Rota,11.6,29.2106,34.462,NA,NA,NA,8.056813737,NA,2258.1,1921,NA,,
2012-04-06,Pacific,American Samoa,Tutuila,15.2,29.2122,35.383,NA,NA,NA,8.068759157,NA,2316.2,1957.5,NA,,
2006-03-09,Pacific,American Samoa,Rose Atoll,1,29.2173,34.9892,NA,NA,NA,8.066669735,NA,2296.9,1945.2,NA,,
2011-05-03,Pacific,Guam and Marianas Islands,Tinian,11.6,29.2175,34.413,NA,NA,NA,8.061930639,NA,2251.8,1912.5,NA,,
2006-03-04,Pacific,American Samoa,Ta'u,1,29.2203,35.05,NA,NA,NA,8.063050154,NA,2286.9,1938.2,NA,,
2019-09-04,Pacific,Hawaiian Archipelago,Kure Atoll,1,29.22365221,35.5500682,NA,NA,NA,8.010935698,NA,2341.3,2016,NA,,
2018-08-03,Pacific,Pacific Remote Islands Area,Palmyra Atoll,1,29.22499189,34.33942432,NA,NA,NA,8.035621367,NA,2260.6,1937.5,NA,,
2012-03-22,Pacific,American Samoa,Swains Island,0.9,29.2332,35.451,NA,NA,NA,8.069372566,NA,2334.2,1972.7,NA,,
2018-08-03,Pacific,Pacific Remote Islands Area,Palmyra Atoll,1,29.236165,34.3958025,NA,NA,NA,8.036964424,NA,2264.8,1939.9,NA,,
2015-04-27,Pacific,Pacific Remote Islands Area,Kingman Reef,7.6,29.23768,34.56745,NA,NA,NA,8.015388289,NA,2242.3,1931.3,NA,,
2011-05-03,Pacific,Guam and Marianas Islands,Tinian,0.9,29.2392,34.411,NA,NA,NA,8.068282003,NA,2258.9,1914.9,NA,,
2006-03-03,Pacific,American Samoa,Ta'u,1,29.2395,34.8828,NA,NA,NA,8.065348611,NA,2293.4,1943.7,NA,,
2019-09-02,Pacific,Hawaiian Archipelago,Kure Atoll,1,29.24012877,35.51409604,NA,NA,NA,8.016687935,NA,2336.4,2008.1,NA,,
2010-03-12,Pacific,American Samoa,Ta'u,13.7,29.2448,35.78401277,NA,NA,NA,8.056307554,NA,2355.7,1997.3,NA,,
2006-02-20,Pacific,American Samoa,Tutuila,1,29.2455,34.7682,NA,NA,NA,8.074044151,NA,2280.9,1927.8,NA,,
2019-09-01,Pacific,Hawaiian Archipelago,Lisianski Island,1,29.24554951,35.56303755,NA,NA,NA,7.920280721,NA,2225.2,1963.2,NA,,
2006-02-28,Pacific,American Samoa,Ofu and Olosega Islands,1,29.2457,34.6779,NA,NA,NA,8.089732037,NA,2256.2,1896.4,NA,,
2019-07-20,Pacific,Hawaiian Archipelago,Hawai'i (Big Island),1,29.24816261,34.26815993,NA,NA,NA,8.004618684,NA,2253.9,1950.5,NA,,
2012-04-20,Pacific,American Samoa,Rose Atoll,14.3,29.2498,35.433,NA,NA,NA,8.05748394,NA,2331.5,1977.8,NA,,
2008-03-14,Pacific,American Samoa,Rose Atoll,12.19,29.2504,35.1532,NA,NA,NA,8.081956381,NA,2278.8,1917.3,NA,,
2017-06-01,Pacific,Guam and Marianas Islands,Pagan,13.7,29.2515,34.6795,NA,NA,NA,8.039706164,NA,2276.9,1946.4,NA,,
2018-08-05,Pacific,Pacific Remote Islands Area,Palmyra Atoll,1,29.25332438,34.15179438,NA,NA,NA,8.034645486,NA,2243.9,1924.3,NA,,
2017-05-09,Pacific,Guam and Marianas Islands,Guam,13.1,29.2537,34.1964,NA,NA,NA,8.036367798,NA,2247.4,1925.8,NA,,
2015-04-16,Pacific,Pacific Remote Islands Area,Palmyra Atoll,0.9,29.254,34.7044,NA,NA,NA,8.029761599,NA,2282.1,1957.3,NA,,
2011-05-07,Pacific,Guam and Marianas Islands,Guam,12.8,29.2546,34.475,NA,NA,NA,8.019859542,NA,2245.8,1932.2,NA,,
2018-06-22,Pacific,American Samoa,Swains Island,1,29.25523815,35.01034492,NA,NA,NA,8.059093969,NA,2307,1958.6,NA,,
2011-05-05,Pacific,Guam and Marianas Islands,Guam,0.9,29.2574,34.409,NA,NA,NA,8.057774819,NA,2256.3,1919,NA,,
2019-09-04,Pacific,Hawaiian Archipelago,Kure Atoll,1,29.2575908,35.50994868,NA,NA,NA,8.035541014,NA,2325.7,1986.4,NA,,
2012-03-21,Pacific,American Samoa,Swains Island,13.1,29.2576,35.4164,NA,NA,NA,8.057772312,NA,2331.1,1977.4,NA,,
2018-08-06,Pacific,Pacific Remote Islands Area,Palmyra Atoll,12.78288519,29.25765444,33.76492593,NA,NA,NA,8.030773718,NA,2246.8,1932,NA,,
2018-08-11,Pacific,Pacific Remote Islands Area,Kingman Reef,1,29.25765444,34.10460294,NA,NA,NA,8.039630187,NA,2239.9,1918,NA,,
2006-03-09,Pacific,American Samoa,Rose Atoll,1,29.2597,34.941,NA,NA,NA,8.075222095,NA,2299.2,1941.7,NA,,
2006-03-09,Pacific,American Samoa,Rose Atoll,1,29.2597,34.941,NA,NA,NA,8.075489832,NA,2297.8,1940.3,NA,,
2015-04-15,Pacific,Pacific Remote Islands Area,Palmyra Atoll,0.9,29.2633,34.811,NA,NA,NA,8.017076682,NA,2284,1965.9,NA,,
2017-05-30,Pacific,Guam and Marianas Islands,Agrihan,13.4,29.2664,34.6243,NA,NA,NA,8.035667936,NA,2278.2,1950.4,NA,,
2018-06-20,Pacific,American Samoa,Swains Island,1,29.27138824,34.82830588,NA,NA,NA,8.045366437,NA,2298.5,1961.1,NA,,
2012-04-02,Pacific,American Samoa,Tutuila,0.9,29.2721,35.468,NA,NA,NA,8.059039754,NA,2304.1,1952.2,NA,,
2018-08-09,Pacific,Pacific Remote Islands Area,Kingman Reef,1,29.27300606,34.13420152,NA,NA,NA,8.038498372,NA,2244,1922,NA,,
2017-05-29,Pacific,Guam and Marianas Islands,Agrihan,9.1,29.2756,34.6213,NA,NA,NA,8.038386581,NA,2278.5,1949,NA,,
2018-08-09,Pacific,Pacific Remote Islands Area,Kingman Reef,1,29.27857385,34.13892188,NA,NA,NA,8.029340231,NA,2242.8,1926.4,NA,,
2011-05-07,Pacific,Guam and Marianas Islands,Guam,0.9,29.2793,34.488,NA,NA,NA,8.035899608,NA,2246.6,1923.1,NA,,
2018-08-04,Pacific,Pacific Remote Islands Area,Palmyra Atoll,1,29.28222227,34.34235364,NA,NA,NA,8.038657921,NA,2261.4,1935.8,NA,,
2010-03-12,Pacific,American Samoa,Ofu and Olosega Islands,15.2,29.2849,35.67066054,NA,NA,NA,8.045402877,NA,2342.7,1993.5,NA,,
2006-02-28,Pacific,American Samoa,Ofu and Olosega Islands,1,29.2878,34.6526,NA,NA,NA,8.088245495,NA,2276.6,1915.3,NA,,
2018-06-21,Pacific,American Samoa,Swains Island,2,29.2961,34.86848889,NA,NA,NA,8.048135401,NA,2299.1,1959.3,NA,,
2018-06-21,Pacific,American Samoa,Swains Island,2,29.2961,34.86848889,NA,NA,NA,8.058080036,NA,2305.1,1958.3,NA,,
2012-04-20,Pacific,American Samoa,Rose Atoll,14.9,29.2965,35.435,NA,NA,NA,8.062117273,NA,2328.1,1971.3,NA,,
2018-08-08,Pacific,Pacific Remote Islands Area,Kingman Reef,1,29.2974561,NA,NA,NA,NA,NA,NA,2240.3,1926.5,NA,,
2018-08-05,Pacific,Pacific Remote Islands Area,Palmyra Atoll,13.0851,29.30028444,34.17141963,NA,NA,NA,8.031657094,NA,2238.8,1920.7,NA,,
2018-08-05,Pacific,Pacific Remote Islands Area,Palmyra Atoll,1,29.30028444,34.20752698,NA,NA,NA,8.033743808,NA,2238.8,1919.4,NA,,
2011-05-01,Pacific,Guam and Marianas Islands,Rota,0.9,29.3025,34.439,NA,NA,NA,8.06593789,NA,2260.7,1917.2,NA,,
2011-05-04,Pacific,Guam and Marianas Islands,Guam,12.8,29.3026,34.404,NA,NA,NA,8.027054534,NA,2238.6,1921.5,NA,,
2019-09-04,Pacific,Hawaiian Archipelago,Pearl and Hermes Atoll,1,29.30261362,35.43970704,NA,NA,NA,8.015495345,NA,2327.8,2001.1,NA,,
2019-08-31,Pacific,Hawaiian Archipelago,Lisianski Island,1,29.30531889,35.61094966,NA,NA,NA,7.925264077,NA,2222.3,1957,NA,,
2018-08-06,Pacific,Pacific Remote Islands Area,Palmyra Atoll,1,29.3060963,34.1639664,NA,NA,NA,8.053015377,NA,2244.2,1912.7,NA,,
2018-08-06,Pacific,Pacific Remote Islands Area,Palmyra Atoll,12.75436667,29.3060963,34.16952667,NA,NA,NA,8.035289555,NA,2240.4,1919.9,NA,,
2011-05-04,Pacific,Guam and Marianas Islands,Guam,0.9,29.3067,34.404,NA,NA,NA,8.049205727,NA,2255.7,1923.4,NA,,
2019-09-01,Pacific,Hawaiian Archipelago,Lisianski Island,1,29.30933513,35.6047484,NA,NA,NA,7.918722389,NA,2219.8,1958.3,NA,,
2010-03-15,Pacific,American Samoa,Ofu and Olosega Islands,0.9,29.3103,35.63216903,NA,NA,NA,8.062502522,NA,2343.3,1983.1,NA,,
2012-04-23,Pacific,American Samoa,Ta'u,0.9,29.3112,35.322,NA,NA,NA,8.056937708,NA,2317.3,1966.1,NA,,
2010-02-25,Pacific,American Samoa,Tutuila,0.9,29.312,35.38409519,NA,NA,NA,8.040862832,NA,2317,1975.7,NA,,
2012-04-20,Pacific,American Samoa,Rose Atoll,13.1,29.3123,35.439,NA,NA,NA,8.059522324,NA,2330.6,1975,NA,,
2018-08-04,Pacific,Pacific Remote Islands Area,Palmyra Atoll,1,29.31568333,33.96302083,NA,NA,NA,8.044310366,NA,2235.3,1911.6,NA,,
2017-05-08,Pacific,Guam and Marianas Islands,Guam,12.5,29.3174,34.1994,NA,NA,NA,8.041053498,NA,2245.6,1920.7,NA,,
2010-03-17,Pacific,American Samoa,Swains Island,14.6,29.3196,35.38036831,NA,NA,NA,8.023412123,NA,2315.5,1985.1,NA,,
2010-02-24,Pacific,American Samoa,Tutuila,0.9,29.3217,34.76157963,NA,NA,NA,8.058409531,NA,2285.3,1941.1,NA,,
2010-03-20,Pacific,American Samoa,Ta'u,14.9,29.3236,35.86793384,NA,NA,NA,8.039757479,NA,2352.9,2004.2,NA,,
2010-03-15,Pacific,American Samoa,Ofu and Olosega Islands,12.8,29.324,35.63668555,NA,NA,NA,8.059302956,NA,2338.1,1980.1,NA,,
2010-03-14,Pacific,American Samoa,Ta'u,13.7,29.3245,35.55893541,NA,NA,NA,8.061125612,NA,2338,1979.5,NA,,
2019-09-04,Pacific,Hawaiian Archipelago,Pearl and Hermes Atoll,1,29.3247371,35.41841889,NA,NA,NA,7.973881739,NA,2324.2,2023.3,NA,,
2010-03-14,Pacific,American Samoa,Ofu and Olosega Islands,13.4,29.3256,35.46139283,NA,NA,NA,8.036850855,NA,2320.4,1980.3,NA,,
2010-03-16,Pacific,American Samoa,Swains Island,13.7,29.3262,35.35918509,NA,NA,NA,8.066119337,NA,2325.2,1966.4,NA,,
2006-02-26,Pacific,American Samoa,Tutuila,1,29.3274,34.0595,NA,NA,NA,8.061077132,NA,2229.9,1895.5,NA,,
2006-02-26,Pacific,American Samoa,Tutuila,1,29.3274,34.0595,NA,NA,NA,8.064532665,NA,2233.6,1896.7,NA,,
2018-08-05,Pacific,Pacific Remote Islands Area,Palmyra Atoll,1,29.3278625,34.1658375,NA,NA,NA,8.025212679,NA,2230.1,1916.8,NA,,
2017-05-06,Pacific,Guam and Marianas Islands,Guam,0.9,29.3279,34.11,NA,NA,NA,8.044283668,NA,2238.6,1913.3,NA,,
2011-05-05,Pacific,Guam and Marianas Islands,Guam,12.2,29.3288,34.407,NA,NA,NA,8.068437877,NA,2255.4,1910.6,NA,,
2006-02-27,Pacific,American Samoa,Ofu and Olosega Islands,1,29.3293,34.5511,NA,NA,NA,8.073356662,NA,2272.8,1922,NA,,
2018-08-06,Pacific,Pacific Remote Islands Area,Palmyra Atoll,12.94678889,29.33055407,32.43366889,NA,NA,NA,8.050423713,NA,2248.4,1931.5,NA,,
2019-04-21,Pacific,Hawaiian Archipelago,Maui,1,29.33055407,34.61156222,NA,NA,NA,7.982536815,NA,2279,1983,NA,,
2018-08-06,Pacific,Pacific Remote Islands Area,Palmyra Atoll,12.65745185,29.33473963,32.66191,NA,NA,NA,8.045813337,NA,2252.5,1936.1,NA,,
2019-04-22,Pacific,Hawaiian Archipelago,Maui,1,29.33473963,34.60921707,NA,NA,NA,7.988928831,NA,2266.2,1967.6,NA,,
2010-03-16,Pacific,American Samoa,Swains Island,0.9,29.3354,35.30780442,NA,NA,NA,8.068953462,NA,2323.4,1963.5,NA,,
2018-08-08,Pacific,Pacific Remote Islands Area,Kingman Reef,1,29.33544633,34.08973283,NA,NA,NA,8.036781521,NA,2242.3,1921.3,NA,,
2018-08-06,Pacific,Pacific Remote Islands Area,Palmyra Atoll,1,29.34098667,34.17847952,NA,NA,NA,8.039514197,NA,2255.8,1931,NA,,
2018-06-21,Pacific,American Samoa,Swains Island,1,29.34186932,35.05136342,NA,NA,NA,8.054948331,NA,2307,1960.1,NA,,
2008-03-14,Pacific,American Samoa,Rose Atoll,2,29.3444,34.983,NA,NA,NA,8.086340569,NA,2278.2,1914.6,NA,,
2008-03-14,Pacific,American Samoa,Rose Atoll,2,29.3444,34.9993,NA,NA,NA,8.100568141,NA,2287.1,1912.8,NA,,
2008-03-14,Pacific,American Samoa,Rose Atoll,2,29.3444,34.9993,NA,NA,NA,8.104134849,NA,2288.8,1912,NA,,
2012-04-06,Pacific,American Samoa,Tutuila,0.9,29.3453,35.349,NA,NA,NA,8.040662281,NA,2305.1,1965.1,NA,,
2018-08-09,Pacific,Pacific Remote Islands Area,Kingman Reef,1,29.34548832,34.03954431,NA,NA,NA,8.033026052,NA,2237.2,1919.3,NA,,
2018-08-06,Pacific,Pacific Remote Islands Area,Palmyra Atoll,12.95062963,29.34588444,33.80789444,NA,NA,NA,8.033142309,NA,2250.1,1932.4,NA,,
2018-08-12,Pacific,Pacific Remote Islands Area,Kingman Reef,1,29.34588444,34.20648203,NA,NA,NA,8.046490421,NA,2249.3,1920.6,NA,,
2011-05-01,Pacific,Guam and Marianas Islands,Rota,0.9,29.3495,34.473,NA,NA,NA,8.045079627,NA,2259.3,1928.3,NA,,
2018-08-06,Pacific,Pacific Remote Islands Area,Palmyra Atoll,12.59189259,29.35231074,33.95934333,NA,NA,NA,8.01231811,NA,2240.6,1935.1,NA,,
2018-08-11,Pacific,Pacific Remote Islands Area,Kingman Reef,1,29.35231074,34.18509029,NA,NA,NA,8.021695664,NA,2236.6,1924.4,NA,,
2018-08-09,Pacific,Pacific Remote Islands Area,Kingman Reef,1,29.35284706,34.07113529,NA,NA,NA,8.028969509,NA,2236.6,1920.9,NA,,
2018-08-06,Pacific,Pacific Remote Islands Area,Palmyra Atoll,13.26522222,29.35336556,32.21057852,NA,NA,NA,8.053572075,NA,2242.4,1925.8,NA,,
2019-04-21,Pacific,Hawaiian Archipelago,Maui,1,29.35336556,34.54473082,NA,NA,NA,7.989536248,NA,2272.2,1973,NA,,
2008-03-14,Pacific,American Samoa,Rose Atoll,12.8,29.3546,35.0221,NA,NA,NA,8.092234806,NA,2287.7,1918.4,NA,,
2010-03-12,Pacific,American Samoa,Ta'u,0.9,29.355,35.2487899,NA,NA,NA,8.049785186,NA,2326.7,1979.3,NA,,
2015-03-06,Pacific,American Samoa,Tutuila,15.2,29.355,34.8898,NA,NA,NA,8.024057723,NA,2266.7,1944.3,NA,,
2018-08-06,Pacific,Pacific Remote Islands Area,Palmyra Atoll,12.78471852,29.35628296,32.68305778,NA,NA,NA,8.044094181,NA,2252.2,1936.5,NA,,
2019-04-21,Pacific,Hawaiian Archipelago,Maui,1,29.35628296,34.62345714,NA,NA,NA,7.981988004,NA,2280.2,1984.1,NA,,
2012-04-03,Pacific,American Samoa,Tutuila,0.9,29.3582,35.485,NA,NA,NA,8.060459581,NA,2325,1968.9,NA,,
2012-04-20,Pacific,American Samoa,Rose Atoll,9.1,29.359,35.466,NA,NA,NA,8.046751802,NA,2328.2,1980.6,NA,,
2018-08-08,Pacific,Pacific Remote Islands Area,Kingman Reef,1,29.37210476,34.06455952,NA,NA,NA,8.031708338,NA,2239.8,1922,NA,,
2018-06-20,Pacific,American Samoa,Swains Island,2,29.37713333,34.91752778,NA,NA,NA,8.059765565,NA,2310.9,1961.2,NA,,
2018-06-20,Pacific,American Samoa,Swains Island,2,29.37713333,34.91752778,NA,NA,NA,8.065099546,NA,2314,1960.5,NA,,
2018-08-03,Pacific,Pacific Remote Islands Area,Palmyra Atoll,1,29.38009063,34.26955014,NA,NA,NA,8.042883213,NA,2252.3,1924.7,NA,,
2018-06-19,Pacific,American Samoa,Swains Island,1,29.381517,34.99437267,NA,NA,NA,8.058625851,NA,2304.3,1955.4,NA,,
2010-03-13,Pacific,American Samoa,Ta'u,13.7,29.3822,35.48376306,NA,NA,NA,8.056000436,NA,2332.5,1978,NA,,
2012-04-20,Pacific,American Samoa,Rose Atoll,0.9,29.3871,35.441,NA,NA,NA,8.05595884,NA,2327.4,1974,NA,,
2015-02-28,Pacific,American Samoa,Tutuila,14.6,29.3872,34.9303,NA,NA,NA,8.053715598,NA,2295.2,1950.6,NA,,
2018-08-06,Pacific,Pacific Remote Islands Area,Palmyra Atoll,1,29.39139458,34.31092542,NA,NA,NA,8.039396572,NA,2255.4,1929.2,NA,,
2012-04-23,Pacific,American Samoa,Ta'u,13.1,29.3938,35.325,NA,NA,NA,8.049318898,NA,2321.1,1973.3,NA,,
2018-08-04,Pacific,Pacific Remote Islands Area,Palmyra Atoll,1,29.39406477,34.00230178,NA,NA,NA,8.069991521,NA,2188.6,1853,NA,,
2012-03-21,Pacific,American Samoa,Swains Island,0.9,29.3943,35.437,NA,NA,NA,8.068881801,NA,2333.4,1970.8,NA,,
2012-04-20,Pacific,American Samoa,Rose Atoll,13.1,29.3945,35.449,NA,NA,NA,8.051418822,NA,2324.9,1974.3,NA,,
2012-04-26,Pacific,American Samoa,Ofu and Olosega Islands,13.7,29.3958,35.42,NA,NA,NA,8.068139783,NA,2315.7,1955.4,NA,,
2012-04-26,Pacific,American Samoa,Ofu and Olosega Islands,15.8,29.3968,35.414,NA,NA,NA,8.076389542,NA,2325.3,1958.4,NA,,
2010-03-12,Pacific,American Samoa,Ta'u,13.7,29.3996,35.59819982,NA,NA,NA,8.056945281,NA,2342.2,1984.9,NA,,
2018-08-09,Pacific,Pacific Remote Islands Area,Kingman Reef,1,29.4039208,34.16494312,NA,NA,NA,8.038058244,NA,2243.3,1920.2,NA,,
2012-04-20,Pacific,American Samoa,Rose Atoll,13.1,29.4053,35.467,NA,NA,NA,8.05334641,NA,2331.1,1978.4,NA,,
2010-03-13,Pacific,American Samoa,Ta'u,13.7,29.4076,35.5897574,NA,NA,NA,8.060169787,NA,2343,1983.4,NA,,
2019-09-04,Pacific,Hawaiian Archipelago,Kure Atoll,1,29.41101315,35.48857669,NA,NA,NA,8.051650145,NA,2321,1970.5,NA,,
2010-02-27,Pacific,American Samoa,Tutuila,0.9,29.4122,35.41038127,NA,NA,NA,8.053185265,NA,2297.2,1948.9,NA,,
2019-09-01,Pacific,Hawaiian Archipelago,Lisianski Island,1,29.41258066,35.61859472,NA,NA,NA,7.920074971,NA,2217.8,1954.8,NA,,
2010-03-12,Pacific,American Samoa,Ofu and Olosega Islands,0.9,29.4172,35.67851675,NA,NA,NA,8.048570706,NA,2339.4,1987.3,NA,,
2018-06-22,Pacific,American Samoa,Swains Island,1,29.42147375,35.07469125,NA,NA,NA,8.057738496,NA,2294.4,1946.1,NA,,
2012-04-22,Pacific,American Samoa,Ta'u,0.9,29.4232,35.348,NA,NA,NA,8.056698606,NA,2322.6,1969.7,NA,,
2018-06-21,Pacific,American Samoa,Swains Island,1,29.42512022,34.95273258,NA,NA,NA,8.066073035,NA,2295.1,1942.3,NA,,
2017-06-16,Pacific,Guam and Marianas Islands,Pagan,12.2,29.42610074,34.69186568,NA,NA,NA,8.027555325,NA,2279.3,1954.4,NA,,
2017-06-16,Pacific,Guam and Marianas Islands,Pagan,13.7,29.42610074,34.69186568,NA,NA,NA,8.030097528,NA,2282.5,1955.7,NA,,
2012-04-23,Pacific,American Samoa,Ta'u,12.2,29.4267,35.312,NA,NA,NA,8.056088124,NA,2317.5,1965.5,NA,,
2010-03-04,Pacific,American Samoa,Rose Atoll,13.7,29.4273,35.83196386,NA,NA,NA,8.049496731,NA,2353.2,1997.4,NA,,
2010-03-14,Pacific,American Samoa,Ta'u,13.7,29.4279,35.5872051,NA,NA,NA,8.034580048,NA,2345.5,2002.2,NA,,
2018-06-20,Pacific,American Samoa,Swains Island,1,29.42840306,35.02867228,NA,NA,NA,8.0637425,NA,2309.3,1955.8,NA,,
2018-08-05,Pacific,Pacific Remote Islands Area,Palmyra Atoll,2,29.43082353,34.13270588,NA,NA,NA,8.039004288,NA,2242.4,1918.8,NA,,
2018-08-05,Pacific,Pacific Remote Islands Area,Palmyra Atoll,2,29.43082353,34.13270588,NA,NA,NA,8.045434673,NA,2244.8,1917,NA,,
2012-04-26,Pacific,American Samoa,Ofu and Olosega Islands,14.6,29.4311,35.374,NA,NA,NA,8.046709987,NA,2312.3,1966.3,NA,,
2012-04-26,Pacific,American Samoa,Ofu and Olosega Islands,14.6,29.4311,35.377,NA,NA,NA,8.054768118,NA,2316.7,1965,NA,,
2012-04-26,Pacific,American Samoa,Ofu and Olosega Islands,14.6,29.4311,35.379,NA,NA,NA,8.071873347,NA,2314.2,1951.6,NA,,
2012-04-22,Pacific,American Samoa,Ta'u,14.9,29.4332,35.378,NA,NA,NA,8.058265932,NA,2323.4,1968.7,NA,,
2012-04-23,Pacific,American Samoa,Ta'u,0.9,29.4334,35.297,NA,NA,NA,8.05968667,NA,2320,1965.7,NA,,
2015-04-28,Pacific,Pacific Remote Islands Area,Kingman Reef,7.6,29.43495,34.5714,NA,NA,NA,8.034477648,NA,2219.8,1897.7,NA,,
2010-03-12,Pacific,American Samoa,Ofu and Olosega Islands,14.3,29.4355,35.66084065,NA,NA,NA,8.051649734,NA,2337.6,1983.5,NA,,
2012-04-26,Pacific,American Samoa,Ofu and Olosega Islands,0.9,29.4399,35.381,NA,NA,NA,8.058983786,NA,2312.5,1958.8,NA,,
2012-04-26,Pacific,American Samoa,Ofu and Olosega Islands,0.9,29.4399,35.387,NA,NA,NA,8.062899401,NA,2312.9,1956.4,NA,,
2012-04-26,Pacific,American Samoa,Ofu and Olosega Islands,0.9,29.4399,35.392,NA,NA,NA,8.065848521,NA,2313.1,1954.6,NA,,
2006-02-26,Pacific,American Samoa,Tutuila,1,29.4423,34.6166,NA,NA,NA,8.061537895,NA,2252.1,1909.5,NA,,
2006-02-19,Pacific,American Samoa,Tutuila,1,29.4431,34.7578,NA,NA,NA,8.069377861,NA,2283.5,1931.3,NA,,
2012-04-22,Pacific,American Samoa,Ta'u,12.8,29.4432,35.365,NA,NA,NA,8.063753952,NA,2320.1,1962.2,NA,,
2006-02-26,Pacific,American Samoa,Tutuila,1,29.4438,34.5641,NA,NA,NA,8.06912822,NA,2265.8,1917.3,NA,,
2012-04-20,Pacific,American Samoa,Rose Atoll,0.9,29.447,35.436,NA,NA,NA,8.056930921,NA,2329,1974.2,NA,,
2010-02-20,Pacific,American Samoa,Tutuila,0.9,29.4471,35.41646281,NA,NA,NA,8.043378243,NA,2315.4,1971.1,NA,,
2018-08-05,Pacific,Pacific Remote Islands Area,Palmyra Atoll,1,29.44846786,34.15689643,NA,NA,NA,8.035319687,NA,2225.9,1905.9,NA,,
2012-04-19,Pacific,American Samoa,Rose Atoll,14.3,29.4509,35.457,NA,NA,NA,8.06310331,NA,2329.9,1970.5,NA,,
2018-08-11,Pacific,Pacific Remote Islands Area,Kingman Reef,1,29.45280863,34.17259176,NA,NA,NA,8.021106844,NA,2229,1917.1,NA,,
2012-04-20,Pacific,American Samoa,Rose Atoll,0.9,29.4546,35.438,NA,NA,NA,8.059113527,NA,2332,1975.4,NA,,
2015-03-29,Pacific,American Samoa,Tutuila,14.9,29.45517,34.89754,NA,NA,NA,8.033064964,NA,2279.5,1949.2,NA,,
2012-04-23,Pacific,American Samoa,Ta'u,13.1,29.4562,35.353,NA,NA,NA,8.071089313,NA,2318.4,1955.8,NA,,
2010-03-20,Pacific,American Samoa,Ta'u,0.9,29.4585,35.51320096,NA,NA,NA,8.032773793,NA,2333.8,1993.4,NA,,
2018-08-06,Pacific,Pacific Remote Islands Area,Palmyra Atoll,1,29.45964091,34.26064545,NA,NA,NA,8.028276897,NA,2234.4,1916.9,NA,,
2018-08-10,Pacific,Pacific Remote Islands Area,Kingman Reef,1,29.45994074,34.27160741,NA,NA,NA,8.047271238,NA,2248.7,1918,NA,,
2018-08-04,Pacific,Pacific Remote Islands Area,Palmyra Atoll,1,29.46174079,34.38149079,NA,NA,NA,8.031958396,NA,2256.1,1933.2,NA,,
2015-03-02,Pacific,American Samoa,Tutuila,13.1,29.4682,34.9472,NA,NA,NA,8.034462144,NA,2289,1956.4,NA,,
2010-03-02,Pacific,American Samoa,Rose Atoll,10.7,29.4686,35.79992984,NA,NA,NA,8.034466784,NA,2338.3,1993.8,NA,,
2012-04-23,Pacific,American Samoa,Ta'u,0.9,29.4703,35.301,NA,NA,NA,8.058256321,NA,2323.3,1969.2,NA,,
2012-04-24,Pacific,American Samoa,Ofu and Olosega Islands,11.3,29.4745,35.335,NA,NA,NA,8.076048688,NA,2316.5,1950.8,NA,,
2006-02-28,Pacific,American Samoa,Ofu and Olosega Islands,1,29.4783,34.6126,NA,NA,NA,8.100967159,NA,2245.3,1877.7,NA,,
2010-03-19,Pacific,American Samoa,Ofu and Olosega Islands,13.1,29.4865,35.53989462,NA,NA,NA,8.023260214,NA,2321.5,1987.8,NA,,
2006-03-05,Pacific,American Samoa,Rose Atoll,1,29.4875,34.9261,NA,NA,NA,8.086491788,NA,2302.8,1935.4,NA,,
2006-03-05,Pacific,American Samoa,Rose Atoll,1,29.4875,34.9261,NA,NA,NA,8.087542115,NA,2303.7,1935.4,NA,,
2006-02-19,Pacific,American Samoa,Tutuila,1,29.488,34.7299,NA,NA,NA,8.076606053,NA,2287.6,1930,NA,,
2010-03-20,Pacific,American Samoa,Ta'u,13.4,29.4888,35.63197266,NA,NA,NA,8.014581389,NA,2334.3,2004,NA,,
2017-05-20,Pacific,Guam and Marianas Islands,Saipan,0.9,29.4911,34.4937,NA,NA,NA,8.060667801,NA,2252.7,1911.1,NA,,
2012-04-23,Pacific,American Samoa,Ta'u,14,29.4914,35.295,NA,NA,NA,8.054928116,NA,2316.6,1965,NA,,
2012-04-06,Pacific,American Samoa,Tutuila,0.9,29.4933,35.238,NA,NA,NA,8.070942432,NA,2305.8,1945.6,NA,,
2010-03-18,Pacific,American Samoa,Swains Island,0.9,29.4945,35.38880292,NA,NA,NA,8.044928746,NA,2315,1969.5,NA,,
2012-04-21,Pacific,American Samoa,Rose Atoll,9.1,29.495,35.472,NA,NA,NA,8.062469657,NA,2323.9,1965.1,NA,,
2006-03-06,Pacific,American Samoa,Rose Atoll,1,29.4966,35.0582,NA,NA,NA,8.070334303,NA,2298.3,1940.8,NA,,
2012-04-03,Pacific,American Samoa,Tutuila,0.9,29.4985,35.409,NA,NA,NA,8.064828077,NA,2322,1962.5,NA,,
2018-08-10,Pacific,Pacific Remote Islands Area,Kingman Reef,1,29.50038466,34.2789135,NA,NA,NA,8.024408948,NA,2243.7,1927.1,NA,,
2010-03-17,Pacific,American Samoa,Swains Island,0.9,29.5016,35.37899526,NA,NA,NA,8.035546619,NA,2320.2,1980.2,NA,,
2010-03-20,Pacific,American Samoa,Ta'u,0.9,29.5049,35.52007035,NA,NA,NA,8.023965056,NA,2318.1,1984.5,NA,,
2006-02-27,Pacific,American Samoa,Ofu and Olosega Islands,1,29.506,34.616,NA,NA,NA,8.078360555,NA,2276.6,1919.9,NA,,
2018-06-20,Pacific,American Samoa,Swains Island,1,29.5066,35.037,NA,NA,NA,8.0627422,NA,2298.5,1946,NA,,
2018-06-21,Pacific,American Samoa,Swains Island,1,29.50891667,35.04396667,NA,NA,NA,8.048665374,NA,2302.2,1958.3,NA,,
2012-04-22,Pacific,American Samoa,Ta'u,0.9,29.5112,35.336,NA,NA,NA,8.069424048,NA,2315.1,1953.9,NA,,
2010-02-24,Pacific,American Samoa,Tutuila,0.9,29.5115,35.08476751,NA,NA,NA,8.005047011,NA,2297.1,1980.7,NA,,
2015-03-04,Pacific,American Samoa,Tutuila,15.5,29.5136,34.9155,NA,NA,NA,8.030240696,NA,2288.3,1958.2,NA,,
2012-04-23,Pacific,American Samoa,Ta'u,13.4,29.5188,35.315,NA,NA,NA,8.070026897,NA,2319.1,1956.9,NA,,
2006-02-20,Pacific,American Samoa,Tutuila,1,29.5223,34.6659,NA,NA,NA,8.070683037,NA,2286.3,1932.9,NA,,
2018-06-21,Pacific,American Samoa,Swains Island,1,29.53116868,35.05039559,NA,NA,NA,8.064172256,NA,2299.6,1945.7,NA,,
2012-04-25,Pacific,American Samoa,Ofu and Olosega Islands,15.2,29.5319,35.372,NA,NA,NA,8.075875368,NA,2320.4,1953.5,NA,,
2018-08-07,Pacific,Pacific Remote Islands Area,Palmyra Atoll,1,29.53394706,34.32427647,NA,NA,NA,8.037949352,NA,2259,1931.9,NA,,
2012-04-24,Pacific,American Samoa,Ofu and Olosega Islands,0.9,29.534300000000002,35.341,NA,NA,NA,8.077904057,NA,2322.9,1954.9,NA,,
2012-04-24,Pacific,American Samoa,Ofu and Olosega Islands,13.1,29.5401,35.336,NA,NA,NA,8.069975843,NA,2314.7,1952.6,NA,,
2015-03-28,Pacific,American Samoa,Tutuila,14.9,29.55293,34.8404,NA,NA,NA,8.024104004,NA,2283.7,1958.1,NA,,
2019-09-05,Pacific,Hawaiian Archipelago,Pearl and Hermes Atoll,1,29.5537603,35.4881352,NA,NA,NA,7.95737419,NA,2298.3,2007,NA,,
2012-04-20,Pacific,American Samoa,Rose Atoll,0.9,29.5548,35.454,NA,NA,NA,8.047035124,NA,2325.4,1976.3,NA,,
2010-03-12,Pacific,American Samoa,Ta'u,0.9,29.555,35.62235082,NA,NA,NA,8.075206809,NA,2338.7,1968.1,NA,,
2012-04-25,Pacific,American Samoa,Ofu and Olosega Islands,12.5,29.5561,35.337,NA,NA,NA,8.071878709,NA,2316.2,1952.5,NA,,
2008-03-13,Pacific,American Samoa,Rose Atoll,2.2,29.5576,34.9565,NA,NA,NA,8.122981121,NA,2283.9,1893.1,NA,,
2006-03-06,Pacific,American Samoa,Rose Atoll,1,29.5577,35.0413,NA,NA,NA,8.065379552,NA,2299,1944.2,NA,,
2010-03-14,Pacific,American Samoa,Ta'u,0.9,29.5609,35.56973245,NA,NA,NA,8.034087233,NA,2342.2,1998.7,NA,,
2015-03-27,Pacific,American Samoa,Tutuila,0.9,29.5637,34.5038,NA,NA,NA,8.048886611,NA,2273,1935.9,NA,,
2017-06-01,Pacific,Guam and Marianas Islands,Pagan,0.9,29.5683,34.7696,NA,NA,NA,8.02487172,NA,2280.2,1955.2,NA,,
2017-06-16,Pacific,Guam and Marianas Islands,Pagan,13.7,29.57033556,34.6869737,NA,NA,NA,8.022606096,NA,2274,1951.4,NA,,
2017-06-16,Pacific,Guam and Marianas Islands,Pagan,12.2,29.57033556,34.6869737,NA,NA,NA,8.0273154,NA,2275.9,1950.2,NA,,
2012-04-21,Pacific,American Samoa,Rose Atoll,0.9,29.5731,35.45,NA,NA,NA,8.064472254,NA,2333.3,1971.8,NA,,
2015-03-01,Pacific,American Samoa,Tutuila,13.7,29.583,34.8993,NA,NA,NA,8.044774315,NA,2275.4,1937,NA,,
2012-04-25,Pacific,American Samoa,Ofu and Olosega Islands,14.3,29.5872,35.342,NA,NA,NA,8.063135458,NA,2315.9,1957.6,NA,,
2010-03-17,Pacific,American Samoa,Swains Island,13.7,29.593,35.35938122,NA,NA,NA,8.057852468,NA,2321,1965.5,NA,,
2012-04-21,Pacific,American Samoa,Rose Atoll,13.1,29.5944,35.472,NA,NA,NA,8.063825777,NA,2335.8,1973.8,NA,,
2010-03-04,Pacific,American Samoa,Rose Atoll,13.7,29.5956,35.82410233,NA,NA,NA,8.061736314,NA,2357.5,1991.5,NA,,
2019-09-05,Pacific,Hawaiian Archipelago,Pearl and Hermes Atoll,1,29.59748672,35.48809065,NA,NA,NA,7.971566504,NA,2280.1,1981.7,NA,,
2018-08-10,Pacific,Pacific Remote Islands Area,Kingman Reef,1,29.59982917,34.22386667,NA,NA,NA,8.034731368,NA,2242.1,1918.9,NA,,
2010-03-12,Pacific,American Samoa,Ofu and Olosega Islands,0.9,29.6021,35.58799042,NA,NA,NA,8.072457159,NA,2296.4,1932.3,NA,,
2015-03-02,Pacific,American Samoa,Tutuila,13.7,29.6057,34.9105,NA,NA,NA,7.996375885,NA,2274.1,1965.4,NA,,
2010-03-03,Pacific,American Samoa,Rose Atoll,13.7,29.6111,35.82056473,NA,NA,NA,8.057060545,NA,2351.7,1989.3,NA,,
2012-04-03,Pacific,American Samoa,Tutuila,0.9,29.6117,35.409,NA,NA,NA,8.0517079,NA,2328,1975.4,NA,,
2012-04-26,Pacific,American Samoa,Ofu and Olosega Islands,13.1,29.6124,35.351,NA,NA,NA,8.074275111,NA,2321.6,1955,NA,,
2019-08-31,Pacific,Hawaiian Archipelago,Lisianski Island,1,29.6169263,35.706845,NA,NA,NA,7.914287663,NA,2163,1905.4,NA,,
2012-04-22,Pacific,American Samoa,Rose Atoll,5.5,29.6183,35.48,NA,NA,NA,8.074469025,NA,2311.6,1945,NA,,
2010-03-03,Pacific,American Samoa,Rose Atoll,14.6,29.6187,35.82999846,NA,NA,NA,8.060927424,NA,2356.4,1990.7,NA,,
2012-04-20,Pacific,American Samoa,Rose Atoll,0.9,29.6208,35.459,NA,NA,NA,8.050362268,NA,2327.1,1975,NA,,
2015-03-27,Pacific,American Samoa,Tutuila,14.6,29.622,34.5595,NA,NA,NA,8.043395696,NA,2270.7,1936,NA,,
2018-08-11,Pacific,Pacific Remote Islands Area,Kingman Reef,1,29.62235,34.32923571,NA,NA,NA,8.023879699,NA,2224,1908.2,NA,,
2015-03-28,Pacific,American Samoa,Tutuila,14.9,29.6251,34.8038,NA,NA,NA,8.039442696,NA,2282.9,1947.4,NA,,
2019-09-03,Pacific,Hawaiian Archipelago,Kure Atoll,1,29.62520247,35.54490696,NA,NA,NA,8.014927629,NA,2337.8,2006.6,NA,,
2010-03-13,Pacific,American Samoa,Ta'u,0.9,29.6266,35.53008041,NA,NA,NA,8.063543456,NA,2334.9,1972.6,NA,,
2012-04-21,Pacific,American Samoa,Rose Atoll,0.9,29.6325,35.474,NA,NA,NA,8.065098293,NA,2325.9,1964,NA,,
2012-04-26,Pacific,American Samoa,Ofu and Olosega Islands,0.9,29.6332,35.37,NA,NA,NA,8.073827481,NA,2318.6,1952.6,NA,,
2015-03-04,Pacific,American Samoa,Tutuila,12.2,29.6431,34.9018,NA,NA,NA,8.039873168,NA,2287.3,1950.2,NA,,
2015-03-29,Pacific,American Samoa,Tutuila,14.9,29.6451,34.80756,NA,NA,NA,8.015625611,NA,2278,1957.6,NA,,
2017-05-31,Pacific,Guam and Marianas Islands,Pagan,0.9,29.6475,34.3079,NA,NA,NA,8.041571937,NA,2279.5,1947.1,NA,,
2008-03-14,Pacific,American Samoa,Rose Atoll,2.2,29.6477,34.9625,NA,NA,NA,8.122189242,NA,2282.7,1891.6,NA,,
2010-03-14,Pacific,American Samoa,Ta'u,0.9,29.6486,35.32270753,NA,NA,NA,8.066524321,NA,2323.2,1961.7,NA,,
2008-03-13,Pacific,American Samoa,Rose Atoll,2.1,29.6512,34.936,NA,NA,NA,8.134248549,NA,2291.5,1891.2,NA,,
2015-03-28,Pacific,American Samoa,Tutuila,14.9,29.65176,34.78936,NA,NA,NA,8.02750399,NA,2279.4,1951.6,NA,,
2017-06-03,Pacific,Guam and Marianas Islands,Pagan,13.7,29.6616,34.6646,NA,NA,NA,8.034055295,NA,2280.9,1949.8,NA,,
2010-03-04,Pacific,American Samoa,Rose Atoll,0.9,29.6626,35.52281816,NA,NA,NA,8.060247,NA,2335.6,1975.1,NA,,
2019-09-04,Pacific,Hawaiian Archipelago,Kure Atoll,1,29.66468986,35.55900318,NA,NA,NA,8.017295669,NA,2340.9,2007.4,NA,,
2010-03-19,Pacific,American Samoa,Ofu and Olosega Islands,0.9,29.6668,35.53498746,NA,NA,NA,8.030282664,NA,2329.3,1988.8,NA,,
2010-03-20,Pacific,American Samoa,Ofu and Olosega Islands,14,29.6688,35.55402784,NA,NA,NA,8.051073384,NA,2337.3,1982.1,NA,,
2017-06-01,Pacific,Guam and Marianas Islands,Pagan,0.9,29.6771,34.5142,NA,NA,NA,8.036996087,NA,2276.9,1945.7,NA,,
2010-02-04,Pacific,Pacific Remote Islands Area,Howland Island,0.9,29.6776,34.27327651,NA,NA,NA,8.060657225,NA,2252.7,1911.1,NA,,
2012-04-19,Pacific,American Samoa,Rose Atoll,0.9,29.6805,35.458,NA,NA,NA,8.053017413,NA,2326.3,1971.9,NA,,
2012-04-03,Pacific,American Samoa,Tutuila,0.9,29.6813,35.188,NA,NA,NA,8.098550818,NA,2303.9,1924,NA,,
2019-09-01,Pacific,Hawaiian Archipelago,Lisianski Island,1,29.68594952,35.5632286,NA,NA,NA,7.917136577,NA,2194.3,1933,NA,,
2012-04-25,Pacific,American Samoa,Ofu and Olosega Islands,0.9,29.6868,35.342,NA,NA,NA,8.086103721,NA,2320,1945.3,NA,,
2010-03-13,Pacific,American Samoa,Ta'u,0.3,29.6896,35.19175067,NA,NA,NA,8.057503168,NA,2316.3,1962.2,NA,,
2015-03-29,Pacific,American Samoa,Tutuila,14.9,29.69251,34.78465,NA,NA,NA,8.019767923,NA,2282,1958.4,NA,,
2010-03-20,Pacific,American Samoa,Ofu and Olosega Islands,13.1,29.6958,35.54813889,NA,NA,NA,8.038143395,NA,2326.3,1980.5,NA,,
2012-04-25,Pacific,American Samoa,Ofu and Olosega Islands,0.9,29.7018,35.377,NA,NA,NA,8.073577988,NA,2323.6,1956.4,NA,,
2010-03-04,Pacific,American Samoa,Rose Atoll,12.8,29.7033,35.82410233,NA,NA,NA,8.042452601,NA,2352.6,1998.8,NA,,
2006-02-19,Pacific,American Samoa,Tutuila,1,29.7144,34.537,NA,NA,NA,8.082468984,NA,2240.6,1883.9,NA,,
2012-04-22,Pacific,American Samoa,Rose Atoll,0.9,29.7178,35.406,NA,NA,NA,8.103916547,NA,2314.7,1927.6,NA,,
2017-05-31,Pacific,Guam and Marianas Islands,Pagan,0.9,29.7186,34.6905,NA,NA,NA,8.031905247,NA,2280.7,1950.5,NA,,
2015-03-28,Pacific,American Samoa,Tutuila,14.9,29.72075,34.73062,NA,NA,NA,8.02446061,NA,2280.5,1954.3,NA,,
2017-06-10,Pacific,Guam and Marianas Islands,Maug,14.6,29.7231,34.6033,NA,NA,NA,8.033759123,NA,2276.8,1946.2,NA,,
2010-03-20,Pacific,American Samoa,Ofu and Olosega Islands,0.9,29.7233,35.55206484,NA,NA,NA,8.040114,NA,2319.4,1973,NA,,
2012-04-26,Pacific,American Samoa,Ofu and Olosega Islands,0.9,29.7273,35.346,NA,NA,NA,8.085088376,NA,2313.3,1939.6,NA,,
2015-03-28,Pacific,American Samoa,Tutuila,14.9,29.72875,34.72501,NA,NA,NA,8.025033424,NA,2277.7,1951.4,NA,,
2015-02-28,Pacific,American Samoa,Tutuila,15.2,29.731,34.844,NA,NA,NA,8.035025048,NA,2286.6,1952.2,NA,,
2018-08-10,Pacific,Pacific Remote Islands Area,Kingman Reef,1,29.73779667,34.14361333,NA,NA,NA,8.039936009,NA,2247.6,1920,NA,,
2015-03-28,Pacific,American Samoa,Tutuila,17.1,29.7378,34.7528,NA,NA,NA,8.028347364,NA,2276.9,1948.3,NA,,
2017-06-16,Pacific,Guam and Marianas Islands,Pagan,13.7,29.74206037,34.63658481,NA,NA,NA,8.030924649,NA,2280.3,1950.7,NA,,
2017-06-16,Pacific,Guam and Marianas Islands,Pagan,12.2,29.74206037,34.63658481,NA,NA,NA,8.032962284,NA,2279.6,1948.8,NA,,
2015-03-29,Pacific,American Samoa,Tutuila,14.9,29.7432,34.7811,NA,NA,NA,8.030145773,NA,2276.2,1946.3,NA,,
2006-02-18,Pacific,American Samoa,Tutuila,1,29.7442,NA,NA,NA,NA,NA,NA,2180.1,1845,NA,,
2010-03-06,Pacific,American Samoa,Rose Atoll,10.7,29.7553,35.8127036,NA,NA,NA,8.041946441,NA,2345.4,1992.3,NA,,
2010-03-14,Pacific,American Samoa,Ofu and Olosega Islands,0.9,29.7581,35.46433615,NA,NA,NA,8.07886793,NA,2323,1951,NA,,
2010-02-03,Pacific,Pacific Remote Islands Area,Howland Island,14,29.759,34.242244,NA,NA,NA,8.052417826,NA,2250.2,1913.3,NA,,
2017-06-17,Pacific,Guam and Marianas Islands,Pagan,12.2,29.76030593,34.62321556,NA,NA,NA,8.033937818,NA,2276,1944.9,NA,,
2017-06-17,Pacific,Guam and Marianas Islands,Pagan,13.7,29.76030593,34.62321556,NA,NA,NA,8.034737744,NA,2276,1944.4,NA,,
2015-03-29,Pacific,American Samoa,Tutuila,14.9,29.76615,34.79605,NA,NA,NA,8.031647734,NA,2283.3,1951.4,NA,,
2010-03-20,Pacific,American Samoa,Ofu and Olosega Islands,0.9,29.7675,35.54853148,NA,NA,NA,8.057403536,NA,2327,1968.1,NA,,
2015-03-28,Pacific,American Samoa,Tutuila,14.9,29.77122,34.7523,NA,NA,NA,7.986681436,NA,2261.2,1959.2,NA,,
2017-06-16,Pacific,Guam and Marianas Islands,Pagan,13.7,29.7714,34.6755,NA,NA,NA,8.029077374,NA,2272.1,1943.9,NA,,
2010-03-05,Pacific,American Samoa,Rose Atoll,5.5,29.773,35.80798705,NA,NA,NA,8.043363906,NA,2350.2,1995.7,NA,,
2006-03-04,Pacific,American Samoa,Ta'u,1,29.7757,34.685,NA,NA,NA,8.096650504,NA,2280.4,1908,NA,,
2010-02-04,Pacific,Pacific Remote Islands Area,Howland Island,14.6,29.7762,34.33027825,NA,NA,NA,8.048549435,NA,2255.9,1919.9,NA,,
2015-02-17,Pacific,American Samoa,Tutuila,0.9,29.7806,34.5136,NA,NA,NA,8.053163014,NA,2275.4,1933.2,NA,,
2015-02-17,Pacific,American Samoa,Tutuila,0.9,29.7806,34.5136,NA,NA,NA,8.053163014,NA,2275.4,1933.2,NA,,
2012-04-26,Pacific,American Samoa,Ofu and Olosega Islands,0.9,29.7866,35.379,NA,NA,NA,8.102700893,NA,2296.4,1911.9,NA,,
2010-02-04,Pacific,Pacific Remote Islands Area,Howland Island,13.7,29.789,34.24341496,NA,NA,NA,8.037975319,NA,2251.4,1923.1,NA,,
2015-03-24,Pacific,American Samoa,Ta'u,0.9,29.7901,NA,NA,NA,NA,NA,NA,2263.7,1914.6,NA,,
2018-08-06,Pacific,Pacific Remote Islands Area,Palmyra Atoll,1,29.7922881,34.19630238,NA,NA,NA,8.052652054,NA,2220,1886.5,NA,,
2015-03-05,Pacific,American Samoa,Tutuila,12.2,29.7925,34.7642,NA,NA,NA,8.023332579,NA,2266.3,1941.4,NA,,
2010-02-07,Pacific,Pacific Remote Islands Area,Baker Island,0.9,29.7945,34.22897354,NA,NA,NA,8.049048343,NA,2245.5,1911.3,NA,,
2017-06-16,Pacific,Guam and Marianas Islands,Pagan,12.2,29.79604613,34.61142325,NA,NA,NA,8.023615786,NA,2275.8,1950.9,NA,,
2017-06-16,Pacific,Guam and Marianas Islands,Pagan,13.7,29.79604613,34.61142325,NA,NA,NA,8.024213121,NA,2276.1,1950.8,NA,,
2010-02-04,Pacific,Pacific Remote Islands Area,Howland Island,0.91,29.7971,34.23287654,NA,NA,NA,8.047616651,NA,2245.9,1912.4,NA,,
2017-06-03,Pacific,Guam and Marianas Islands,Pagan,0.9,29.7992,34.6699,NA,NA,NA,8.025150959,NA,2279.9,1953.4,NA,,
2010-02-07,Pacific,Pacific Remote Islands Area,Baker Island,15.5,29.7995,34.22936384,NA,NA,NA,8.049294254,NA,2246.9,1912,NA,,
2010-03-04,Pacific,American Samoa,Rose Atoll,0.9,29.8001,35.81997514,NA,NA,NA,8.059162045,NA,2358.5,1992.4,NA,,
2010-02-07,Pacific,Pacific Remote Islands Area,Baker Island,0.9,29.8014,34.19248386,NA,NA,NA,8.060076682,NA,2244.3,1903.5,NA,,
2010-03-04,Pacific,American Samoa,Rose Atoll,12.2,29.8024,35.830195,NA,NA,NA,8.043113358,NA,2350.1,1995.1,NA,,
2010-03-03,Pacific,American Samoa,Rose Atoll,0.9,29.8057,35.84513254,NA,NA,NA,8.057971372,NA,2357.9,1992.3,NA,,
2015-02-27,Pacific,American Samoa,Tutuila,14.6,29.8057,34.7386,NA,NA,NA,8.04197793,NA,2282.3,1944.1,NA,,
2019-09-03,Pacific,Hawaiian Archipelago,Kure Atoll,1,29.80788383,35.5746781,NA,NA,NA,8.031949778,NA,2336.2,1992.3,NA,,
2019-09-05,Pacific,Hawaiian Archipelago,Pearl and Hermes Atoll,1,29.80863268,35.51850805,NA,NA,NA,7.972366422,NA,2292.4,1990.3,NA,,
2015-02-18,Pacific,American Samoa,Tutuila,14,29.8088,34.7368,NA,NA,NA,8.032126739,NA,2270.8,1940,NA,,
2015-02-18,Pacific,American Samoa,Tutuila,14,29.8088,34.7368,NA,NA,NA,8.032126739,NA,2270.8,1940,NA,,
2015-03-05,Pacific,American Samoa,Tutuila,14.9,29.8093,34.8254,NA,NA,NA,8.047973709,NA,2290.3,1946.7,NA,,
2010-02-04,Pacific,Pacific Remote Islands Area,Howland Island,14.3,29.8094,34.2617608,NA,NA,NA,8.062425096,NA,2250.9,1907,NA,,
2010-02-08,Pacific,Pacific Remote Islands Area,Baker Island,0.9,29.8102,34.21706984,NA,NA,NA,8.050348135,NA,2239.3,1904.8,NA,,
2010-02-08,Pacific,Pacific Remote Islands Area,Baker Island,11.58,29.8175,34.21453307,NA,NA,NA,8.051710535,NA,2243.4,1907.4,NA,,
2012-04-20,Pacific,American Samoa,Rose Atoll,0.9,29.8186,35.464,NA,NA,NA,8.067389148,NA,2315.5,1951.4,NA,,
2010-02-07,Pacific,Pacific Remote Islands Area,Baker Island,17.1,29.819,34.1981423,NA,NA,NA,8.05616317,NA,2237.5,1899.5,NA,,
2010-03-16,Pacific,American Samoa,Swains Island,0.9,29.8201,35.34879034,NA,NA,NA,8.064152074,NA,2321.7,1960,NA,,
2015-03-28,Pacific,American Samoa,Tutuila,14.9,29.83241,34.693,NA,NA,NA,8.032308895,NA,2270.5,1939.7,NA,,
2010-03-03,Pacific,American Samoa,Rose Atoll,13.72,29.8373,35.79737517,NA,NA,NA,8.047836744,NA,2351.9,1993.5,NA,,
2010-03-02,Pacific,American Samoa,Rose Atoll,0.9,29.8466,35.81761678,NA,NA,NA,8.042217039,NA,2344.2,1990.4,NA,,
2015-02-27,Pacific,American Samoa,Tutuila,16.2,29.8505,34.7977,NA,NA,NA,8.041189077,NA,2278.3,1940.1,NA,,
2018-08-06,Pacific,Pacific Remote Islands Area,Palmyra Atoll,1,29.85395599,34.14468693,NA,NA,NA,8.196794472,NA,2193.6,1767.9,NA,,
2015-02-17,Pacific,American Samoa,Tutuila,14.6,29.8545,34.6116,NA,NA,NA,8.044839409,NA,2263.9,1926.4,NA,,
2015-02-17,Pacific,American Samoa,Tutuila,14.6,29.8545,34.6116,NA,NA,NA,8.044839409,NA,2263.9,1926.4,NA,,
2015-03-27,Pacific,American Samoa,Tutuila,14.9,29.8616,34.6514,NA,NA,NA,8.048241062,NA,2278.3,1936.7,NA,,
2010-02-03,Pacific,Pacific Remote Islands Area,Howland Island,0.91,29.8619,34.23795053,NA,NA,NA,8.051653178,NA,2251.9,1914.6,NA,,
2015-03-29,Pacific,American Samoa,Tutuila,14.9,29.86923,34.63709,NA,NA,NA,8.02701374,NA,2282.2,1953.6,NA,,
2015-03-26,Pacific,American Samoa,Ofu and Olosega Islands,0.9,29.8695,34.1912,NA,NA,NA,8.060377971,NA,2268,1923.8,NA,,
2015-03-27,Pacific,American Samoa,Tutuila,14.9,29.87095,34.64622,NA,NA,NA,8.046263516,NA,2271.8,1932.1,NA,,
2015-02-27,Pacific,American Samoa,Tutuila,13.7,29.8787,34.7245,NA,NA,NA,8.045247376,NA,2282,1941.2,NA,,
2012-04-23,Pacific,American Samoa,Ta'u,0.9,29.8864,35.261,NA,NA,NA,8.085934426,NA,2303.5,1929.5,NA,,
2015-03-06,Pacific,American Samoa,Tutuila,15.5,29.887,34.7566,NA,NA,NA,8.00327059,NA,2269.5,1955.7,NA,,
2019-09-03,Pacific,Hawaiian Archipelago,Kure Atoll,1,29.89252282,35.53859956,NA,NA,NA,8.001937868,NA,2338,2012.5,NA,,
2017-06-11,Pacific,Guam and Marianas Islands,Maug,13.4,29.8927,34.6022,NA,NA,NA,8.039694534,NA,2276.2,1940.4,NA,,
2017-06-20,Pacific,Guam and Marianas Islands,Saipan,14,29.8946,34.2063,NA,NA,NA,8.041234916,NA,2247.3,1916.7,NA,,
2017-06-20,Pacific,Guam and Marianas Islands,Saipan,0.9,29.8965,34.2055,NA,NA,NA,8.039234443,NA,2245.4,1916.5,NA,,
2018-08-11,Pacific,Pacific Remote Islands Area,Kingman Reef,2,29.89675,34.089275,NA,NA,NA,8.027826243,NA,2245.5,1924.5,NA,,
2018-08-11,Pacific,Pacific Remote Islands Area,Kingman Reef,2,29.89675,34.089275,NA,NA,NA,8.032477129,NA,2247,1923,NA,,
2015-02-27,Pacific,American Samoa,Tutuila,0.9,29.897,34.7236,NA,NA,NA,8.054283732,NA,2286.1,1939.2,NA,,
2017-06-16,Pacific,Guam and Marianas Islands,Pagan,15.8,29.8993,34.5814,NA,NA,NA,8.030780123,NA,2272.6,1942.8,NA,,
2015-03-06,Pacific,American Samoa,Tutuila,15.5,29.90152,34.75464,NA,NA,NA,7.998711835,NA,2264.8,1954.1,NA,,
2017-06-10,Pacific,Guam and Marianas Islands,Maug,8.9,29.90288782,34.66394207,NA,NA,NA,8.009926401,NA,2277.8,1959.8,NA,,
2017-06-10,Pacific,Guam and Marianas Islands,Maug,10.4,29.90288782,34.66394207,NA,NA,NA,8.011739008,NA,2277.7,1958.6,NA,,
2010-03-17,Pacific,American Samoa,Swains Island,0.9,29.9033,35.35918509,NA,NA,NA,8.055238037,NA,2318.2,1961.9,NA,,
2006-03-06,Pacific,American Samoa,Rose Atoll,1,29.9048,35.0644,NA,NA,NA,8.067037732,NA,2296.8,1937.5,NA,,
2015-02-28,Pacific,American Samoa,Tutuila,14.6,29.9083,34.7377,NA,NA,NA,8.041131583,NA,2273.5,1935.8,NA,,
2015-03-15,Pacific,American Samoa,Ta'u,0.9,29.9086,34.3639,NA,NA,NA,8.036591465,NA,2264.3,1933.7,NA,,
2015-03-26,Pacific,American Samoa,Ofu and Olosega Islands,12.2,29.911,34.5368,NA,NA,NA,8.031105464,NA,2262.2,1933.6,NA,,
2017-06-16,Pacific,Guam and Marianas Islands,Pagan,13.7,29.91111037,34.65891333,NA,NA,NA,8.027200893,NA,2277.1,1948.4,NA,,
2017-06-16,Pacific,Guam and Marianas Islands,Pagan,12.2,29.91111037,34.65891333,NA,NA,NA,8.030694361,NA,2277.3,1946.4,NA,,
2006-02-18,Pacific,American Samoa,Tutuila,1,29.9116,NA,NA,NA,NA,NA,NA,1959.8,1711.8,NA,,
2006-02-18,Pacific,American Samoa,Tutuila,1,29.9116,NA,NA,NA,NA,NA,NA,1971.1,1716.6,NA,,
2015-03-26,Pacific,American Samoa,Ofu and Olosega Islands,0.9,29.9128,34.4195,NA,NA,NA,8.058952547,NA,2270,1924.2,NA,,
2015-03-17,Pacific,American Samoa,Rose Atoll,12.2,29.9147,34.531,NA,NA,NA,8.030398818,NA,2265.6,1937.1,NA,,
2017-06-10,Pacific,Guam and Marianas Islands,Maug,10.4,29.91887528,34.67111919,NA,NA,NA,8.016372582,NA,2282.2,1959.6,NA,,
2017-06-10,Pacific,Guam and Marianas Islands,Maug,8.9,29.91887528,34.67111919,NA,NA,NA,8.01689201,NA,2281,1958.2,NA,,
2015-03-03,Pacific,American Samoa,Tutuila,13.7,29.9225,34.6941,NA,NA,NA,8.036359323,NA,2272,1937.7,NA,,
2015-03-03,Pacific,American Samoa,Tutuila,13.7,29.923,34.835,NA,NA,NA,8.015027142,NA,2273.5,1951.2,NA,,
2015-03-15,Pacific,American Samoa,Ta'u,0.9,29.9364,34.283,NA,NA,NA,8.055874273,NA,2273.3,1930,NA,,
2017-06-10,Pacific,Guam and Marianas Islands,Maug,8.9,29.93899846,34.67017104,NA,NA,NA,8.013990717,NA,2279.1,1958.1,NA,,
2017-06-10,Pacific,Guam and Marianas Islands,Maug,10.4,29.93899846,34.67017104,NA,NA,NA,8.017153494,NA,2281.6,1958.4,NA,,
2012-04-23,Pacific,American Samoa,Ta'u,0.9,29.9423,35.294,NA,NA,NA,8.058678162,NA,2313.3,1955.4,NA,,
2010-02-08,Pacific,Pacific Remote Islands Area,Baker Island,13.7,29.9437,34.39295788,NA,NA,NA,8.054942032,NA,2256.8,1914.6,NA,,
2015-02-27,Pacific,American Samoa,Tutuila,0.9,29.9448,34.7222,NA,NA,NA,8.048236376,NA,2282.6,1939.5,NA,,
2015-03-26,Pacific,American Samoa,Ofu and Olosega Islands,15.2,29.9477,34.491,NA,NA,NA,8.034145944,NA,2261.9,1931.4,NA,,
2017-06-10,Pacific,Guam and Marianas Islands,Maug,13.7,29.9477,34.6443,NA,NA,NA,8.039995693,NA,2276.5,1939.6,NA,,
2015-02-19,Pacific,American Samoa,Swains Island,13.7,29.9479,34.5192,NA,NA,NA,8.055097206,NA,2268.8,1924.2,NA,,
2015-03-16,Pacific,American Samoa,Rose Atoll,9.8,29.9528,34.5564,NA,NA,NA,8.039465073,NA,2276.3,1940.5,NA,,
2015-03-01,Pacific,American Samoa,Tutuila,14.3,29.9552,34.7306,NA,NA,NA,8.036204584,NA,2275.8,1940.6,NA,,
2017-06-12,Pacific,Guam and Marianas Islands,Maug,8.8,29.9624,34.6445,NA,NA,NA,8.030371486,NA,2277.6,1946.6,NA,,
2015-03-03,Pacific,American Samoa,Tutuila,13.1,29.9629,34.7983,NA,NA,NA,8.022429281,NA,2279,1951.5,NA,,
2015-03-17,Pacific,American Samoa,Rose Atoll,14.6,29.968,34.5581,NA,NA,NA,8.042595527,NA,2273.1,1935.4,NA,,
2015-03-23,Pacific,American Samoa,Ta'u,13.7,29.9715,34.53,NA,NA,NA,8.023330556,NA,2269.7,1944.6,NA,,
2006-02-27,Pacific,American Samoa,Ofu and Olosega Islands,1,29.9744,34.5831,NA,NA,NA,8.141335671,NA,2230.6,1833,NA,,
2010-03-04,Pacific,American Samoa,Rose Atoll,0.9,29.9768,35.83294657,NA,NA,NA,8.057519687,NA,2351.6,1985.5,NA,,
2010-02-04,Pacific,Pacific Remote Islands Area,Howland Island,0.9,29.9783,34.25805247,NA,NA,NA,8.06142784,NA,2246.1,1902.1,NA,,
2015-03-17,Pacific,American Samoa,Rose Atoll,15.2,29.9814,34.546,NA,NA,NA,8.059372573,NA,2272.1,1923.8,NA,,
2012-04-25,Pacific,American Samoa,Ofu and Olosega Islands,0.9,29.9823,35.342,NA,NA,NA,8.090047191,NA,2298.3,1920.4,NA,,
2015-03-18,Pacific,American Samoa,Rose Atoll,12.8,29.985,34.5103,NA,NA,NA,8.031956798,NA,2265.8,1935.8,NA,,
2017-06-19,Pacific,Guam and Marianas Islands,Saipan,17.4,29.9851,34.2569,NA,NA,NA,8.034620611,NA,2248.2,1920.3,NA,,
2012-04-06,Pacific,American Samoa,Tutuila,0.9,29.9852,35.349,NA,NA,NA,8.065962457,NA,2302.5,1940.1,NA,,
2015-03-06,Pacific,American Samoa,Tutuila,15.5,29.9853,34.756100000000004,NA,NA,NA,8.012526402,NA,2276.1,1955.1,NA,,
2015-03-16,Pacific,American Samoa,Rose Atoll,11.6,29.9874,34.5475,NA,NA,NA,8.064041177,NA,2282.9,1930.4,NA,,
2015-02-19,Pacific,American Samoa,Swains Island,14,29.9878,34.512,NA,NA,NA,8.053293435,NA,2266.8,1923.2,NA,,
2015-03-07,Pacific,American Samoa,Tutuila,12.8,29.989,34.7683,NA,NA,NA,8.020687158,NA,2276.8,1950.6,NA,,
2010-02-08,Pacific,Pacific Remote Islands Area,Baker Island,0.9,29.9926,34.37616349,NA,NA,NA,8.062586424,NA,2250.6,1904.2,NA,,
2010-03-05,Pacific,American Samoa,Rose Atoll,0.9,29.9935,35.79776819,NA,NA,NA,8.029390621,NA,2344.3,1997.6,NA,,
2015-02-28,Pacific,American Samoa,Tutuila,0.9,29.9981,34.794,NA,NA,NA,8.048455809,NA,2286,1941.3,NA,,
2015-02-19,Pacific,American Samoa,Swains Island,13.7,30.0005,34.5285,NA,NA,NA,8.056393068,NA,2266.5,1920.7,NA,,
2015-03-17,Pacific,American Samoa,Rose Atoll,14.9,30.0011,34.548,NA,NA,NA,8.046562053,NA,2269.9,1929.8,NA,,
2015-03-24,Pacific,American Samoa,Ta'u,15.2,30.0022,34.5448,NA,NA,NA,8.045164545,NA,2269.9,1930.7,NA,,
2015-03-20,Pacific,American Samoa,Ta'u,12.5,30.0067,34.6393,NA,NA,NA,8.050174831,NA,2270.4,1927.2,NA,,
2017-06-10,Pacific,Guam and Marianas Islands,Maug,8.9,30.00775793,34.6674952,NA,NA,NA,8.017519154,NA,2280.3,1956.4,NA,,
2017-06-10,Pacific,Guam and Marianas Islands,Maug,10.4,30.00775793,34.6674952,NA,NA,NA,8.022769546,NA,2277.8,1950.9,NA,,
2015-03-24,Pacific,American Samoa,Ta'u,15.5,30.0127,34.5539,NA,NA,NA,8.043306009,NA,2265,1927.3,NA,,
2015-03-18,Pacific,American Samoa,Rose Atoll,12.2,30.0128,34.5092,NA,NA,NA,8.041094687,NA,2262.5,1926.9,NA,,
2015-03-25,Pacific,American Samoa,Ofu and Olosega Islands,11,30.014,34.5663,NA,NA,NA,8.041656475,NA,2269.3,1932.2,NA,,
2010-02-05,Pacific,Pacific Remote Islands Area,Howland Island,11,30.0149,34.24985535,NA,NA,NA,8.058606114,NA,2247.4,1904.5,NA,,
2015-02-19,Pacific,American Samoa,Swains Island,13.1,30.0156,34.51,NA,NA,NA,8.049788687,NA,2266.8,1925.2,NA,,
2015-03-25,Pacific,American Samoa,Ofu and Olosega Islands,13.4,30.0169,34.5427,NA,NA,NA,8.041110725,NA,2271.6,1934.7,NA,,
2015-03-19,Pacific,American Samoa,Rose Atoll,12.2,30.0182,34.5536,NA,NA,NA,8.038735558,NA,2265.1,1930.3,NA,,
2015-03-04,Pacific,American Samoa,Tutuila,12.2,30.0194,34.7821,NA,NA,NA,8.044527273,NA,2281,1939,NA,,
2015-03-15,Pacific,American Samoa,Ta'u,14.9,30.02,34.6219,NA,NA,NA,8.043354797,NA,2275.1,1935.7,NA,,
2017-06-19,Pacific,Guam and Marianas Islands,Saipan,0.9,30.0273,34.1221,NA,NA,NA,8.044681796,NA,2247,1914,NA,,
2017-06-19,Pacific,Guam and Marianas Islands,Saipan,0.9,30.0324,34.2349,NA,NA,NA,8.03363704,NA,2236.4,1910.4,NA,,
2015-02-20,Pacific,American Samoa,Swains Island,14.6,30.0326,34.4989,NA,NA,NA,8.035397699,NA,2260.6,1928.6,NA,,
2015-02-15,Pacific,American Samoa,Swains Island,12.8,30.0364,34.4574,NA,NA,NA,8.045043919,NA,2262.4,1924.5,NA,,
2015-03-23,Pacific,American Samoa,Ta'u,10.7,30.0383,34.5502,NA,NA,NA,7.955648607,NA,2281.3,1994.9,NA,,
2015-03-16,Pacific,American Samoa,Ta'u,14.6,30.0387,34.6327,NA,NA,NA,8.039142814,NA,2267.5,1931.3,NA,,
2015-03-15,Pacific,American Samoa,Ta'u,12.2,30.0397,34.609,NA,NA,NA,8.038654163,NA,2264.4,1929.1,NA,,
2015-03-18,Pacific,American Samoa,Rose Atoll,14,30.0414,34.562,NA,NA,NA,8.042986036,NA,2274.5,1935.7,NA,,
2010-03-03,Pacific,American Samoa,Rose Atoll,0.9,30.0423,35.8292123,NA,NA,NA,8.056473732,NA,2350,1984.1,NA,,
2015-03-13,Pacific,American Samoa,Ofu and Olosega Islands,13.7,30.0451,34.609,NA,NA,NA,8.046007869,NA,2271.4,1930.6,NA,,
2018-06-20,Pacific,American Samoa,Swains Island,1,30.0457,34.99671818,NA,NA,NA,8.041699646,NA,2291.8,1948.7,NA,,
2010-02-05,Pacific,Pacific Remote Islands Area,Howland Island,0.9,30.0458,34.25688144,NA,NA,NA,8.061491227,NA,2251.3,1905.9,NA,,
2015-03-01,Pacific,American Samoa,Tutuila,0.9,30.047,34.6899,NA,NA,NA,8.04097207,NA,2278.9,1940.1,NA,,
2015-03-17,Pacific,American Samoa,Rose Atoll,14.9,30.0506,34.4633,NA,NA,NA,8.037426964,NA,2258.2,1925.3,NA,,
2017-06-12,Pacific,Guam and Marianas Islands,Maug,14,30.0519,34.639,NA,NA,NA,8.040246673,NA,2272.7,1935.1,NA,,
2015-03-24,Pacific,American Samoa,Ta'u,12.2,30.0527,34.5843,NA,NA,NA,8.050374945,NA,2269.5,1926.3,NA,,
2015-03-23,Pacific,American Samoa,Ta'u,13.7,30.0532,34.5617,NA,NA,NA,8.030793941,NA,2271.2,1940.3,NA,,
2015-02-20,Pacific,American Samoa,Swains Island,14,30.0557,34.496,NA,NA,NA,8.047636651,NA,2261.9,1921.9,NA,,
2017-06-11,Pacific,Guam and Marianas Islands,Maug,10.4,30.05665593,34.66745852,NA,NA,NA,8.022981731,NA,2276,1948.7,NA,,
2017-06-11,Pacific,Guam and Marianas Islands,Maug,8.9,30.05665593,34.66745852,NA,NA,NA,8.024853437,NA,2278.3,1949.6,NA,,
2015-03-14,Pacific,American Samoa,Ofu and Olosega Islands,12.8,30.0655,34.6314,NA,NA,NA,8.049150639,NA,2273.7,1930.3,NA,,
2015-03-06,Pacific,American Samoa,Tutuila,15.5,30.0686,34.73672,NA,NA,NA,8.018770715,NA,2257.8,1934.2,NA,,
2015-03-07,Pacific,American Samoa,Tutuila,15.5,30.07189,34.72598,NA,NA,NA,7.998641586,NA,2272.4,1959.7,NA,,
2015-02-20,Pacific,American Samoa,Swains Island,0.9,30.072,34.1956,NA,NA,NA,8.059920761,NA,2270,1923.9,NA,,
2015-02-19,Pacific,American Samoa,Swains Island,12.8,30.073,34.4979,NA,NA,NA,8.059765119,NA,2268.5,1919.9,NA,,
2015-03-18,Pacific,American Samoa,Rose Atoll,14.3,30.0801,34.4912,NA,NA,NA,8.055429544,NA,2265.2,1919.7,NA,,
2015-03-01,Pacific,American Samoa,Tutuila,0.9,30.0808,34.6871,NA,NA,NA,8.048027995,NA,2280.9,1937.1,NA,,
2015-03-21,Pacific,American Samoa,Ofu and Olosega Islands,11.6,30.0818,34.6221,NA,NA,NA,8.037229007,NA,2272.7,1936.9,NA,,
2015-02-28,Pacific,American Samoa,Tutuila,0.9,30.088,34.7396,NA,NA,NA,8.041570699,NA,2277.3,1937.5,NA,,
2015-03-19,Pacific,American Samoa,Rose Atoll,13.7,30.0905,34.5218,NA,NA,NA,8.034577105,NA,2267.6,1934.7,NA,,
2017-06-13,Pacific,Guam and Marianas Islands,Maug,10.4,30.10127963,34.64680074,NA,NA,NA,8.024893571,NA,2274.6,1946,NA,,
2015-03-20,Pacific,American Samoa,Ta'u,12.2,30.1051,34.6175,NA,NA,NA,8.049671148,NA,2273,1929.1,NA,,
2017-06-13,Pacific,Guam and Marianas Islands,Maug,8.5,30.1065,34.653,NA,NA,NA,7.968158205,NA,2279.2,1984.4,NA,,
2019-09-05,Pacific,Hawaiian Archipelago,Pearl and Hermes Atoll,1,30.10676064,35.52654079,NA,NA,NA,7.98540952,NA,2275.7,1964.6,NA,,
2015-02-20,Pacific,American Samoa,Swains Island,0.9,30.1092,34.1687,NA,NA,NA,8.066880068,NA,2262.8,1912.9,NA,,
2015-03-15,Pacific,American Samoa,Ofu and Olosega Islands,14.6,30.1092,34.6123,NA,NA,NA,8.040915131,NA,2264.7,1927.2,NA,,
2015-03-21,Pacific,American Samoa,Ofu and Olosega Islands,14.3,30.1109,34.6085,NA,NA,NA,8.041037347,NA,2272.6,1934.2,NA,,
2017-06-16,Pacific,Guam and Marianas Islands,Pagan,0.9,30.1146,34.6513,NA,NA,NA,8.037613441,NA,2277.9,1941,NA,,
2015-02-27,Pacific,American Samoa,Tutuila,11.9,30.1185,34.6968,NA,NA,NA,8.021129276,NA,2271,1944.5,NA,,
2015-03-07,Pacific,American Samoa,Tutuila,15.5,30.13026,34.71645,NA,NA,NA,7.998298202,NA,2263.6,1951.5,NA,,
2015-03-24,Pacific,American Samoa,Ta'u,0.9,30.1406,34.2949,NA,NA,NA,8.055778988,NA,2265.1,1920.7,NA,,
2017-06-10,Pacific,Guam and Marianas Islands,Maug,8.9,30.14744,34.67048296,NA,NA,NA,8.009408711,NA,2268.2,1949.2,NA,,
2017-06-10,Pacific,Guam and Marianas Islands,Maug,10.4,30.14744,34.67048296,NA,NA,NA,8.042625697,NA,2289,1947.1,NA,,
2015-03-14,Pacific,American Samoa,Ofu and Olosega Islands,14.9,30.1678,34.6258,NA,NA,NA,8.040514328,NA,2259.7,1922.3,NA,,
2015-03-13,Pacific,American Samoa,Ofu and Olosega Islands,12.2,30.1701,34.6222,NA,NA,NA,8.010619703,NA,2268.9,1949.2,NA,,
2015-03-14,Pacific,American Samoa,Ofu and Olosega Islands,14.3,30.1771,34.6102,NA,NA,NA,7.978367868,NA,2250.1,1951.7,NA,,
2015-03-07,Pacific,American Samoa,Tutuila,15.5,30.18057,34.6911,NA,NA,NA,7.996235594,NA,2268.7,1957.1,NA,,
2015-03-07,Pacific,American Samoa,Tutuila,15.5,30.185,34.69576,NA,NA,NA,7.983981254,NA,2265.3,1961.3,NA,,
2017-06-10,Pacific,Guam and Marianas Islands,Maug,0.9,30.2023,34.4422,NA,NA,NA,8.037669503,NA,2279.6,1943.3,NA,,
2017-06-13,Pacific,Guam and Marianas Islands,Maug,10.4,30.20855704,34.64925778,NA,NA,NA,7.997755844,NA,2278.4,1965.1,NA,,
2015-03-06,Pacific,American Samoa,Tutuila,13.7,30.2136,34.6444,NA,NA,NA,8.039915827,NA,2272.1,1933.2,NA,,
2015-03-22,Pacific,American Samoa,Ofu and Olosega Islands,14,30.2187,34.6091,NA,NA,NA,8.026986191,NA,2261.1,1931.7,NA,,
2015-03-13,Pacific,American Samoa,Ofu and Olosega Islands,0.9,30.222,34.6173,NA,NA,NA,8.04698199,NA,2272.4,1929.4,NA,,
2017-06-13,Pacific,Guam and Marianas Islands,Maug,10.4,30.22571222,34.65127148,NA,NA,NA,7.984409295,NA,2275,1969.9,NA,,
2017-06-13,Pacific,Guam and Marianas Islands,Maug,8.9,30.22571222,34.65127148,NA,NA,NA,8.051687591,NA,2317.4,1966,NA,,
2010-03-04,Pacific,American Samoa,Rose Atoll,0.9,30.2304,35.83137424,NA,NA,NA,8.055262209,NA,2356.5,1988.7,NA,,
2015-02-20,Pacific,American Samoa,Swains Island,0.9,30.2354,34.5153,NA,NA,NA,8.060334348,NA,2261.1,1911.5,NA,,
2017-06-13,Pacific,Guam and Marianas Islands,Maug,10.4,30.24405037,34.64840815,NA,NA,NA,8.030125588,NA,2276.4,1943,NA,,
2017-06-13,Pacific,Guam and Marianas Islands,Maug,10.4,30.24797454,34.6504262,NA,NA,NA,8.016046702,NA,2279.5,1954.5,NA,,
2017-06-13,Pacific,Guam and Marianas Islands,Maug,10.4,30.26468524,34.65574613,NA,NA,NA,7.985484455,NA,2277.9,1971.5,NA,,
2017-06-14,Pacific,Guam and Marianas Islands,Maug,16.2,30.2787,34.59,NA,NA,NA,8.028270465,NA,2277,1944.7,NA,,
2015-03-07,Pacific,American Samoa,Tutuila,15.5,30.28328,34.70309,NA,NA,NA,8.020519543,NA,2263.7,1936.7,NA,,
2015-03-06,Pacific,American Samoa,Tutuila,0.9,30.2897,34.6376,NA,NA,NA,8.040620621,NA,2282.1,1941.3,NA,,
2017-06-13,Pacific,Guam and Marianas Islands,Maug,7.9,30.2937,34.6331,NA,NA,NA,7.939605447,NA,2281.5,2001.6,NA,,
2017-06-10,Pacific,Guam and Marianas Islands,Maug,0.9,30.2964,34.4316,NA,NA,NA,8.030848653,NA,2276.8,1944.3,NA,,
2017-06-12,Pacific,Guam and Marianas Islands,Maug,0.9,30.308,34.7531,NA,NA,NA,8.030900353,NA,2278.4,1943,NA,,
2006-02-19,Pacific,American Samoa,Tutuila,1,30.4838,34.0742,NA,NA,NA,8.069162023,NA,2195.6,1848.9,NA,,
2015-03-19,Pacific,American Samoa,Rose Atoll,6.1,30.4951,34.5002,NA,NA,NA,8.066354279,NA,2256.8,1901.3,NA,,
2017-06-16,Pacific,Guam and Marianas Islands,Pagan,0.9,30.5232,34.4727,NA,NA,NA,8.028601123,NA,2264.1,1931.9,NA,,
2015-03-13,Pacific,American Samoa,Ofu and Olosega Islands,0.9,30.54,34.6956,NA,NA,NA,8.055246109,NA,2278.7,1926,NA,,
2015-02-20,Pacific,American Samoa,Swains Island,0.9,30.5494,34.4558,NA,NA,NA,8.04877916,NA,2269.1,1923.5,NA,,
2010-03-06,Pacific,American Samoa,Rose Atoll,0.9,30.5818,35.80680793,NA,NA,NA,8.055352866,NA,2341,1971.6,NA,,
2010-03-03,Pacific,American Samoa,Rose Atoll,0.9,30.656,35.81211403,NA,NA,NA,8.065565117,NA,2340.3,1963.2,NA,,
2017-06-13,Pacific,Guam and Marianas Islands,Maug,0.9,30.6621,35.3288,NA,NA,NA,7.997520429,NA,2279.6,1957.1,NA,,
2017-06-14,Pacific,Guam and Marianas Islands,Maug,0.9,30.6834,34.6663,NA,NA,NA,8.02699034,NA,2280.5,1944.5,NA,,
2015-03-06,Pacific,American Samoa,Tutuila,0.9,30.7368,34.5538,NA,NA,NA,8.020919131,NA,2250.2,1921.6,NA,,
2017-06-14,Pacific,Guam and Marianas Islands,Maug,0.9,30.7469,34.3216,NA,NA,NA,8.028909296,NA,2275.6,1941.1,NA,,
2017-06-12,Pacific,Guam and Marianas Islands,Maug,0.9,30.876,34.4944,NA,NA,NA,8.026475176,NA,2278.7,1942.8,NA,,
2006-02-19,Pacific,American Samoa,Tutuila,1,30.9916,NA,NA,NA,NA,NA,NA,2091.1,1709.9,NA,,
2017-06-13,Pacific,Guam and Marianas Islands,Maug,0.9,31.1448,34.1096,NA,NA,NA,7.997116001,NA,2279.7,1962.5,NA,,
2017-06-12,Pacific,Guam and Marianas Islands,Maug,0.9,31.1908,33.9435,NA,NA,NA,8.018243767,NA,2280.1,1950.7,NA,,
2006-03-06,Pacific,American Samoa,Rose Atoll,1,31.203,35.124,NA,NA,NA,8.103869685,NA,2245.3,1853.9,NA,,
2024-08-29,Pacific,Marshall Islands,Oceanside Majuro,0,30.4,NA,0.06,0.48,1.7,8.59,NA,1066,NA,NA,,
2024-08-29,Pacific,Marshall Islands,Arno Atoll,0,NA,NA,NA,NA,NA,9.35,NA,1137,NA,NA,,
2024-08-29,Pacific,Marshall Islands,Arno Atoll,0,NA,NA,0.03,0.21,1.4,8.21,NA,1006,NA,0.024,,
2024-08-29,Pacific,Marshall Islands,Majuro Atoll,0,31.7,NA,NA,NA,NA,8.16,NA,1045,NA,NA,,
2024-08-29,Pacific,Marshall Islands,Majuro Atoll,0,31.3,NA,NA,NA,NA,8.29,NA,1026,NA,NA,,
