"sep=,",,,,,,,,,,,,,,,,,,,,
KorEXO MEASUREMENT DATA FILE EXPORT,,,,,,,,,,,,,,,,,,,,
,,,,,,,,,,,,,,,,,,,,
"FILE CREATED:,9/24/2020 11:08:11 PM",,,,,,,,,,,,,,,,,,,,
,,,,,,,,,,,,,,,,,,,,
",,,MEAN VALUE:,6.30,49785.2,49710.4,93.1,107.2,6.39,262.6,32.53,49717.4,0.32,32316,1.191,NA,-81.9,25.071,3.11,11.7",,,,,,,,,,,,,,,,,,,,
",,,STANDARD DEVIATION:,9.28,121.2,45.5,3.7,4.2,0.25,8.9,0.03,44.5,0.72,29,0.005,0.02,1.1,0.117,0.00,0.0",,,,,,,,,,,,,,,,,,,,
,,,,,,,,,,,,,,,,,,,,
,,,SENSOR SERIAL NUMBER:,20C000785,20B121032,20B121032,20C000323,20C000323,20C000323,20C202371,20B121032,20B121032,20C000785,20B121032,20B120857,20C202371,20C202371,20B121032,20C202414,20C202414
Date (MM/DD/YYYY),Time (HH:mm:ss),Time (Fract. Sec),Site Name,Chlorophyll RFU,Cond µS/cm,nLF Cond µS/cm,ODO % sat,ODO % local,ODO mg/L,ORP mV,Sal psu,SpCond µS/cm,TAL PC RFU,TDS mg/L,Wiper Position volt,pH,pH mV,Temp °C,Battery V,Cable Pwr V
8/21/20,14:15:00,0,Biosphere 2,-0.05,49748.8,49625.5,98.1,112.9,6.73,240.2,32.47,49637.1,-0.04,32264,1.192,8.26,-81.8,25.118,3.11,11.7
8/21/20,14:30:00,0,Biosphere 2,-0.06,49749.9,49631.4,98.2,113,6.74,238.5,32.47,49642.5,-0.01,32268,1.192,8.28,-82.7,25.113,3.11,11.7
8/21/20,14:45:00,0,Biosphere 2,-0.06,49750.9,49633.1,98.3,113.1,6.74,239.9,32.47,49644.2,-0.03,32269,1.193,8.28,-82.9,25.113,3.11,11.7
8/21/20,15:00:00,0,Biosphere 2,-0.06,49751.3,49630.6,98.5,113.3,6.75,241.3,32.47,49641.9,-0.03,32267,1.193,8.28,-83,25.115,3.11,11.7
8/21/20,15:15:00,0,Biosphere 2,-0.06,49748.4,49631.6,98.4,113.3,6.75,242.5,32.47,49642.5,-0.03,32268,1.184,8.28,-83,25.112,3.11,11.7
8/21/20,15:30:00,0,Biosphere 2,-0.06,49753.5,49632,98.5,113.3,6.75,243.3,32.47,49643.4,-0.03,32268,1.189,8.28,-83.1,25.116,3.11,11.7
8/21/20,15:45:00,0,Biosphere 2,-0.06,49753.6,49635.2,98.3,113.1,6.74,244,32.48,49646.3,-0.03,32270,1.19,8.28,-83.1,25.113,3.11,11.7
8/21/20,16:00:00,0,Biosphere 2,-0.06,49750.6,49635.3,98.2,113,6.73,243.1,32.48,49646.1,-0.04,32270,1.19,8.28,-83.2,25.11,3.11,11.7
8/21/20,16:15:00,0,Biosphere 2,-0.06,49745,49633.2,98,112.8,6.72,244.5,32.47,49643.7,-0.04,32268,1.198,8.28,-83.2,25.107,3.11,11.7
8/21/20,16:30:00,0,Biosphere 2,-0.06,49751.5,49635.9,97.9,112.7,6.72,244.6,32.48,49646.7,-0.04,32270,1.194,8.28,-83.2,25.111,3.11,11.7
8/21/20,16:45:00,0,Biosphere 2,-0.05,49751.7,49636.7,97.7,112.4,6.7,245.8,32.48,49647.5,-0.04,32271,1.191,8.28,-83.2,25.11,3.11,11.7
8/21/20,17:00:00,0,Biosphere 2,-0.04,49745.3,49632.6,97.5,112.2,6.69,245.8,32.47,49643.1,-0.03,32268,1.186,8.29,-83.3,25.108,3.11,11.7
8/21/20,17:15:00,0,Biosphere 2,-0.05,49749.3,49636.8,97.2,111.9,6.67,245.7,32.48,49647.3,-0.02,32271,1.183,8.28,-83.2,25.108,3.11,11.7
8/21/20,17:30:00,0,Biosphere 2,-0.06,49751.2,49637.4,97,111.6,6.65,245.8,32.48,49648,-0.02,32271,1.191,8.28,-83.3,25.109,3.11,11.7
8/21/20,17:45:00,0,Biosphere 2,-0.05,49746.2,49634.3,96.7,111.3,6.63,246.2,32.47,49644.8,-0.03,32269,1.2,8.28,-83.2,25.107,3.11,11.7
8/21/20,18:00:00,0,Biosphere 2,-0.05,49745.9,49634.8,96.4,110.9,6.61,245.7,32.47,49645.2,-0.03,32269,1.196,8.28,-83.2,25.106,3.11,11.7
8/21/20,18:15:00,0,Biosphere 2,-0.05,49746.9,49635.4,96.1,110.6,6.59,245.4,32.48,49645.9,-0.03,32270,1.19,8.28,-83.2,25.107,3.11,11.7
8/21/20,18:30:00,0,Biosphere 2,-0.06,49748.6,49638.1,95.8,110.2,6.57,246.3,32.48,49648.5,-0.01,32272,1.189,8.28,-83.2,25.106,3.11,11.7
8/21/20,18:45:00,0,Biosphere 2,-0.06,49747.4,49638.1,95.5,109.9,6.55,247.3,32.48,49648.3,-0.01,32271,1.192,8.28,-83.1,25.104,3.11,11.7
8/21/20,19:00:00,0,Biosphere 2,-0.06,49745,49638.1,95.2,109.6,6.53,247.3,32.48,49648.1,-0.02,32271,1.185,8.28,-83.1,25.102,3.11,11.7
8/21/20,19:15:00,0,Biosphere 2,-0.05,49741.2,49636.7,94.8,109.1,6.5,248,32.48,49646.5,-0.02,32270,1.19,8.28,-83.1,25.1,3.11,11.7
8/21/20,19:30:00,0,Biosphere 2,-0.06,49746.2,49639.7,94.6,108.9,6.49,248.1,32.48,49649.6,-0.02,32272,1.2,8.28,-83,25.102,3.11,11.7
8/21/20,19:45:00,0,Biosphere 2,-0.06,49743.4,49637.1,94.3,108.6,6.47,248.1,32.48,49647,-0.02,32271,1.192,8.28,-83,25.102,3.11,11.7
8/21/20,20:00:00,0,Biosphere 2,-0.05,49743.7,49637.3,94,108.2,6.45,247.1,32.48,49647.2,-0.02,32271,1.196,8.28,-82.9,25.102,3.11,11.7
8/21/20,20:15:00,0,Biosphere 2,-0.06,49747,49640.3,93.8,107.9,6.43,246.8,32.48,49650.3,-0.03,32273,1.189,8.28,-82.9,25.102,3.11,11.7
8/21/20,20:30:00,0,Biosphere 2,-0.06,49747,49641,93.2,107.3,6.39,245.8,32.48,49650.9,-0.02,32273,1.183,8.28,-82.8,25.101,3.11,11.7
8/21/20,20:45:00,0,Biosphere 2,-0.06,49747.2,49640.4,93.1,107.2,6.39,243.2,32.48,49650.4,-0.03,32273,1.198,8.28,-82.8,25.102,3.11,11.7
8/21/20,21:00:00,0,Biosphere 2,-0.07,49747.8,49640.7,92.9,106.9,6.37,244.5,32.48,49650.7,-0.02,32273,1.19,8.28,-82.7,25.102,3.11,11.7
8/21/20,21:15:00,0,Biosphere 2,-0.06,49748.2,49640.8,92.7,106.6,6.36,245.6,32.48,49650.9,-0.02,32273,1.193,8.28,-82.7,25.103,3.11,11.7
8/21/20,21:30:00,0,Biosphere 2,-0.06,49745.5,49638.9,92.4,106.3,6.34,246,32.48,49648.9,-0.01,32272,1.189,8.27,-82.6,25.102,3.11,11.7
8/21/20,21:45:00,0,Biosphere 2,-0.06,49748.8,49641.2,92.3,106.2,6.33,247.2,32.48,49651.3,-0.01,32273,1.192,8.27,-82.6,25.103,3.11,11.7
8/21/20,22:00:00,0,Biosphere 2,-0.06,49746.7,49639.3,92.1,106,6.32,247.1,32.48,49649.4,0,32272,1.2,8.27,-82.6,25.103,3.11,11.7
8/21/20,22:15:00,0,Biosphere 2,-0.06,49748.9,49641.4,91.9,105.8,6.3,247.7,32.48,49651.5,-0.01,32273,1.191,8.27,-82.5,25.103,3.11,11.7
8/21/20,22:30:00,0,Biosphere 2,-0.05,49749.1,49641.8,91.7,105.5,6.29,248,32.48,49651.8,-0.02,32274,1.19,8.27,-82.4,25.103,3.11,11.7
8/21/20,22:45:00,0,Biosphere 2,-0.06,49746,49638.8,91.5,105.3,6.27,248.4,32.48,49648.8,-0.02,32272,1.19,8.27,-82.4,25.102,3.11,11.7
8/21/20,23:00:00,0,Biosphere 2,-0.06,49745.8,49638.7,91.3,105.1,6.26,248.1,32.48,49648.8,-0.01,32272,1.181,8.27,-82.3,25.102,3.11,11.7
8/21/20,23:15:00,0,Biosphere 2,-0.07,49749,49641.9,91.1,104.8,6.25,247.8,32.48,49652,-0.02,32274,1.193,8.27,-82.3,25.102,3.11,11.7
8/21/20,23:30:00,0,Biosphere 2,-0.06,49749.2,49641.6,90.7,104.4,6.22,247.7,32.48,49651.7,-0.02,32274,1.19,8.27,-82.2,25.103,3.11,11.7
8/21/20,23:45:00,0,Biosphere 2,-0.07,49749.5,49642.6,90.8,104.5,6.23,201.6,32.48,49652.7,0,32274,1.192,8.27,-82.2,25.102,3.11,11.7
8/22/20,0:00:00,0,Biosphere 2,-0.07,49745.8,49639.5,90.7,104.3,6.22,228.2,32.48,49649.5,-0.03,32272,1.196,8.27,-82.1,25.102,3.11,11.7
8/22/20,0:15:00,0,Biosphere 2,-0.06,49745.3,49639.2,90.5,104.2,6.21,236.7,32.48,49649.2,-0.03,32272,1.192,8.26,-82,25.101,3.11,11.7
8/22/20,0:30:00,0,Biosphere 2,-0.06,49745.5,49639.8,90.4,104,6.2,240.5,32.48,49649.7,-0.02,32272,1.193,8.26,-82,25.101,3.11,11.7
8/22/20,0:45:00,0,Biosphere 2,-0.06,49748,49641.6,90.1,103.7,6.18,242.7,32.48,49651.5,-0.03,32273,1.184,8.26,-81.9,25.102,3.11,11.7
8/22/20,1:00:00,0,Biosphere 2,-0.06,49745.4,49639.5,90.1,103.7,6.18,243.3,32.48,49649.5,-0.01,32272,1.19,8.26,-81.9,25.101,3.11,11.7
8/22/20,1:15:00,0,Biosphere 2,-0.05,49746.4,49640.9,89.8,103.4,6.16,244.3,32.48,49650.8,-0.03,32273,1.192,8.26,-81.8,25.101,3.11,11.7
8/22/20,1:30:00,0,Biosphere 2,-0.06,49745.4,49640.1,89.7,103.2,6.15,244.9,32.48,49650,-0.02,32272,1.189,8.26,-81.7,25.101,3.11,11.7
8/22/20,1:45:00,0,Biosphere 2,-0.05,49744.8,49639.5,89.7,103.3,6.16,246,32.48,49649.3,-0.01,32272,1.184,8.26,-81.7,25.101,3.11,11.7
8/22/20,2:00:00,0,Biosphere 2,-0.06,49744.1,49639.3,89.5,103,6.14,246.7,32.48,49649.1,-0.02,32272,1.19,8.26,-81.6,25.1,3.11,11.7
8/22/20,2:15:00,0,Biosphere 2,-0.05,49744.4,49640.3,89.5,103,6.14,247.3,32.48,49650,-0.02,32273,1.189,8.26,-81.6,25.099,3.11,11.7
8/22/20,2:30:00,0,Biosphere 2,-0.06,49747.8,49643.1,89.4,102.9,6.13,247.5,32.48,49652.9,-0.02,32274,1.192,8.26,-81.6,25.1,3.11,11.7
8/22/20,2:45:00,0,Biosphere 2,-0.06,49746.4,49642.2,89.3,102.7,6.12,241.4,32.48,49652,-0.03,32274,1.2,8.25,-81.5,25.1,3.11,11.7
8/22/20,3:00:00,0,Biosphere 2,-0.06,49746.7,49643.1,89.2,102.7,6.12,244.1,32.48,49652.8,-0.02,32274,1.191,8.25,-81.4,25.099,3.11,11.7
8/22/20,3:15:00,0,Biosphere 2,-0.06,49743.7,49640.8,88.9,102.3,6.1,244.9,32.48,49650.4,-0.02,32273,1.19,8.25,-81.4,25.098,3.11,11.7
8/22/20,3:30:00,0,Biosphere 2,-0.06,49745.3,49642.6,89.1,102.5,6.11,245.9,32.48,49652.2,-0.03,32274,1.185,8.25,-81.3,25.098,3.11,11.7
8/22/20,3:45:00,0,Biosphere 2,-0.06,49744.6,49642.2,88.9,102.3,6.1,245.9,32.48,49651.8,-0.03,32274,1.2,8.25,-81.2,25.098,3.11,11.7
8/22/20,4:00:00,0,Biosphere 2,-0.05,49742.7,49641,88.9,102.3,6.1,246.8,32.48,49650.5,-0.01,32273,1.192,8.25,-81.2,25.097,3.11,11.7
8/22/20,4:15:00,0,Biosphere 2,-0.06,49745.4,49644.1,88.9,102.3,6.1,246.5,32.48,49653.6,-0.02,32275,1.19,8.25,-81.1,25.097,3.11,11.7
8/22/20,4:30:00,0,Biosphere 2,-0.06,49744.3,49644,88.6,102,6.08,245.9,32.48,49653.4,-0.03,32275,1.192,8.25,-81.1,25.096,3.11,11.7
8/22/20,4:45:00,0,Biosphere 2,-0.06,49740,49640.9,88.8,102.1,6.09,246.4,32.48,49650.1,-0.02,32273,1.185,8.25,-81,25.095,3.11,11.7
8/22/20,5:00:00,0,Biosphere 2,-0.05,49739.1,49640.3,88.6,102,6.08,246.9,32.48,49649.5,-0.02,32272,1.183,8.25,-81,25.094,3.11,11.7
8/22/20,5:15:00,0,Biosphere 2,-0.05,49740.5,49644.8,88.1,101.3,6.04,240.6,32.48,49653.7,-0.01,32275,1.184,8.24,-80.9,25.091,3.11,11.7
8/22/20,5:30:00,0,Biosphere 2,-0.05,49737.6,49642,88.4,101.8,6.07,244.2,32.48,49650.9,-0.02,32273,1.193,8.24,-80.9,25.091,3.11,11.7
8/22/20,5:45:00,0,Biosphere 2,-0.06,49736.4,49642.3,88.5,101.8,6.07,245.6,32.48,49651.1,-0.02,32273,1.197,8.24,-80.8,25.09,3.11,11.7
8/22/20,6:00:00,0,Biosphere 2,-0.06,49736.6,49644.2,88.3,101.6,6.06,246.1,32.48,49652.8,-0.01,32274,1.193,8.24,-80.7,25.088,3.11,11.7
8/22/20,6:15:00,0,Biosphere 2,-0.05,49736.7,49645.3,88.2,101.5,6.05,246.3,32.48,49653.9,-0.01,32275,1.188,8.24,-80.7,25.087,3.11,11.7
8/22/20,6:30:00,0,Biosphere 2,-0.04,49738,49646.3,88.4,101.7,6.06,247,32.48,49654.9,0,32276,1.194,8.24,-80.7,25.088,3.11,11.7
8/22/20,6:45:00,0,Biosphere 2,-0.04,49733.6,49645.5,87.9,101.2,6.03,246.7,32.48,49653.7,-0.01,32275,1.192,8.24,-80.5,25.084,3.11,11.7
8/22/20,7:00:00,0,Biosphere 2,-0.04,49732.2,49643.2,88.2,101.5,6.05,246.8,32.48,49651.5,-0.03,32273,1.186,8.24,-80.5,25.085,3.11,11.7
8/22/20,7:15:00,0,Biosphere 2,-0.04,49732,49643.3,88.2,101.5,6.05,246.8,32.48,49651.6,-0.01,32274,1.191,8.24,-80.5,25.085,3.11,11.7
8/22/20,7:30:00,0,Biosphere 2,-0.04,49733.9,49643.3,88.5,101.8,6.07,247.3,32.48,49651.7,-0.02,32274,1.201,8.24,-80.5,25.087,3.11,11.7
8/22/20,7:45:00,0,Biosphere 2,-0.04,49740,49645.7,88.4,101.8,6.07,247.4,32.48,49654.5,-0.02,32275,1.185,8.24,-80.5,25.09,3.11,11.7
8/22/20,8:00:00,0,Biosphere 2,-0.04,49739.5,49642.4,88.8,102.2,6.09,248.3,32.48,49651.5,-0.02,32273,1.192,8.24,-80.4,25.093,3.11,11.7
8/22/20,8:15:00,0,Biosphere 2,-0.03,49747.4,49643.5,89,102.4,6.1,248.4,32.48,49653.3,0,32275,1.199,8.24,-80.5,25.099,3.11,11.7
8/22/20,8:30:00,0,Biosphere 2,-0.03,49756.5,49644.7,89.3,102.8,6.13,248.6,32.48,49655.1,0,32276,1.189,8.24,-80.5,25.107,3.11,11.7
8/22/20,8:45:00,0,Biosphere 2,-0.03,49765.5,49644.1,89.7,103.3,6.15,248.9,32.48,49655.5,-0.01,32276,1.196,8.24,-80.5,25.116,3.11,11.7
8/22/20,9:00:00,0,Biosphere 2,-0.04,49768.5,49642.7,90.1,103.7,6.18,249.4,32.48,49654.5,-0.02,32275,1.19,8.24,-80.5,25.12,3.11,11.7
8/22/20,9:15:00,0,Biosphere 2,-0.04,49774.9,49640.9,90.8,104.5,6.22,249.6,32.48,49653.4,-0.01,32275,1.182,8.24,-80.6,25.128,3.11,11.7
8/22/20,9:30:00,0,Biosphere 2,-0.03,49782.7,49644.2,91.1,104.8,6.25,250.3,32.48,49657.2,-0.01,32277,1.193,8.24,-80.7,25.132,3.11,11.7
8/22/20,9:45:00,0,Biosphere 2,-0.02,49776.3,49644.5,91.5,105.3,6.27,247.5,32.48,49656.8,-0.03,32277,1.201,8.24,-80.7,25.126,3.11,11.7
8/22/20,10:00:00,0,Biosphere 2,-0.03,49786.9,49644.9,92.2,106.1,6.32,249.2,32.48,49658.2,-0.02,32278,1.195,8.24,-80.9,25.136,3.11,11.7
8/22/20,10:15:00,0,Biosphere 2,-0.03,49777.1,49637.1,92.9,106.9,6.37,250.6,32.48,49650.2,-0.03,32273,1.188,8.25,-81,25.134,3.11,11.7
8/22/20,10:30:00,0,Biosphere 2,-0.05,49770,49638.1,93.5,107.6,6.41,250.9,32.48,49650.4,-0.02,32273,1.192,8.25,-81.2,25.126,3.11,11.7
8/22/20,10:45:00,0,Biosphere 2,-0.04,49775.1,49645,93.9,108,6.44,251.5,32.48,49657.2,-0.02,32277,1.192,8.25,-81.3,25.124,3.11,11.7
8/22/20,11:00:00,0,Biosphere 2,-0.05,49769.3,49636.6,94.5,108.8,6.48,251.8,32.48,49649,-0.02,32272,1.183,8.25,-81.4,25.127,3.11,11.7
8/22/20,11:15:00,0,Biosphere 2,-0.04,49791.6,49637.5,95.4,109.7,6.54,252.3,32.48,49651.9,-0.01,32274,1.183,8.26,-81.6,25.147,3.11,11.7
8/22/20,11:30:00,0,Biosphere 2,-0.04,49786.4,49640.3,96.1,110.6,6.59,252.8,32.48,49654,-0.01,32275,1.191,8.26,-81.6,25.14,3.11,11.7
8/22/20,11:45:00,0,Biosphere 2,-0.05,49770.7,49642.3,96.4,110.9,6.61,252.7,32.48,49654.3,-0.02,32275,1.19,8.26,-81.8,25.123,3.11,11.7
8/22/20,12:00:00,0,Biosphere 2,-0.04,49777.1,49644.8,96.8,111.5,6.64,252.8,32.48,49657.2,0,32277,1.192,8.26,-81.9,25.126,3.11,11.7
8/22/20,12:15:00,0,Biosphere 2,-0.04,49786.5,49637.2,97.9,112.6,6.71,253,32.48,49651.2,-0.01,32273,1.196,8.27,-82.1,25.143,3.11,11.7
8/22/20,12:30:00,0,Biosphere 2,-0.05,49798.4,49641.9,98.6,113.5,6.76,253.1,32.48,49656.6,-0.02,32277,1.198,8.27,-82.3,25.15,3.11,11.7
8/22/20,12:45:00,0,Biosphere 2,-0.05,49759.2,49638.6,98.1,112.9,6.73,253.5,32.48,49649.9,-0.02,32272,1.198,8.27,-82.3,25.115,3.11,11.7
8/22/20,13:00:00,0,Biosphere 2,-0.04,49782.9,49641.4,99,114,6.79,253.5,32.48,49654.7,-0.01,32276,1.2,8.27,-82.5,25.135,3.11,11.7
8/22/20,13:15:00,0,Biosphere 2,-0.03,49777.5,49641.5,99.1,114,6.79,253.7,32.48,49654.2,-0.01,32275,1.196,8.27,-82.5,25.13,3.11,11.7
8/22/20,13:30:00,0,Biosphere 2,-0.04,49764.4,49640.9,99,113.9,6.78,253.6,32.48,49652.5,0,32274,1.189,8.27,-82.6,25.118,3.11,11.7
8/22/20,13:45:00,0,Biosphere 2,-0.03,49757.6,49639.8,99.2,114.2,6.8,253.6,32.48,49650.9,-0.01,32273,1.186,8.28,-82.7,25.113,3.11,11.7
8/22/20,14:00:00,0,Biosphere 2,-0.04,49752,49642.3,99.2,114.1,6.8,253.2,32.48,49652.5,0,32274,1.19,8.28,-82.8,25.105,3.11,11.7
8/22/20,14:15:00,0,Biosphere 2,-0.04,49750.6,49643.7,99.2,114.2,6.81,253.8,32.48,49653.7,0,32275,1.193,8.28,-82.9,25.102,3.11,11.7
8/22/20,14:30:00,0,Biosphere 2,-0.04,49757.8,49644.5,99.4,114.4,6.82,254.1,32.48,49655.1,-0.01,32276,1.192,8.28,-82.9,25.108,3.11,11.7
8/22/20,14:45:00,0,Biosphere 2,-0.04,49753.3,49643.1,99.4,114.4,6.82,254.1,32.48,49653.4,-0.01,32275,1.184,8.28,-83,25.105,3.11,11.7
8/22/20,15:00:00,0,Biosphere 2,-0.04,49770.4,49644.3,100,115.1,6.86,254.4,32.48,49656.1,-0.01,32276,1.19,8.28,-83.2,25.121,3.11,11.7
8/22/20,15:15:00,0,Biosphere 2,-0.04,49756.1,49643.6,99.5,114.5,6.82,254.1,32.48,49654.1,0.01,32275,1.191,8.28,-83.1,25.107,3.11,11.7
8/22/20,15:30:00,0,Biosphere 2,-0.04,49760.2,49644.3,99.6,114.6,6.83,254,32.48,49655.2,0,32276,1.184,8.28,-83.2,25.111,3.11,11.7
8/22/20,15:45:00,0,Biosphere 2,-0.04,49765.6,49643.5,99.7,114.7,6.83,253.7,32.48,49654.9,-0.01,32276,1.198,8.29,-83.3,25.117,3.11,11.7
8/22/20,16:00:00,0,Biosphere 2,-0.04,49758.3,49641.8,99.3,114.3,6.81,253.8,32.48,49652.7,-0.01,32274,1.197,8.29,-83.3,25.111,3.11,11.7
8/22/20,16:15:00,0,Biosphere 2,-0.05,49758,49646,99,114,6.79,254,32.48,49656.5,-0.01,32277,1.201,8.29,-83.3,25.107,3.11,11.7
8/22/20,16:30:00,0,Biosphere 2,-0.04,49753.7,49642.6,98.9,113.8,6.78,254.1,32.48,49653,-0.01,32274,1.195,8.29,-83.3,25.106,3.11,11.7
8/22/20,16:45:00,0,Biosphere 2,-0.03,49753.1,49642.9,98.5,113.4,6.76,253.6,32.48,49653.2,0,32275,1.187,8.29,-83.3,25.105,3.11,11.7
8/22/20,17:00:00,0,Biosphere 2,-0.04,49756.6,49645,98.3,113.1,6.74,253.4,32.48,49655.5,-0.02,32276,1.192,8.29,-83.3,25.107,3.11,11.7
8/22/20,17:15:00,0,Biosphere 2,-0.04,49756.3,49643.7,97.9,112.7,6.72,252.7,32.48,49654.2,-0.02,32275,1.19,8.29,-83.4,25.108,3.11,11.7
8/22/20,17:30:00,0,Biosphere 2,-0.05,49757,49645.4,97.7,112.4,6.7,253.4,32.48,49655.9,-0.01,32276,1.192,8.29,-83.4,25.107,3.11,11.7
8/22/20,17:45:00,0,Biosphere 2,-0.03,49754.3,49643.6,97.4,112.1,6.68,253.7,32.48,49654,-0.01,32275,1.199,8.29,-83.3,25.106,3.11,11.7
8/22/20,18:00:00,0,Biosphere 2,-0.05,49758.5,49646.5,97.1,111.8,6.66,254.1,32.48,49657,-0.01,32277,1.188,8.29,-83.3,25.107,3.11,11.7
8/22/20,18:15:00,0,Biosphere 2,-0.04,49756.9,49644.8,96.7,111.3,6.63,254.5,32.48,49655.3,-0.01,32276,1.183,8.29,-83.3,25.107,3.11,11.7
8/22/20,18:30:00,0,Biosphere 2,-0.05,49756.8,49644,96.5,111,6.62,253.2,32.48,49654.6,-0.03,32275,1.197,8.29,-83.3,25.108,3.11,11.7
8/22/20,18:45:00,0,Biosphere 2,-0.04,49754.4,49643.3,96.1,110.6,6.59,252.9,32.48,49653.7,-0.01,32275,1.2,8.28,-83.3,25.106,3.11,11.7
8/22/20,19:00:00,0,Biosphere 2,-0.04,49754.7,49644.1,95.8,110.3,6.57,252.3,32.48,49654.4,-0.01,32275,1.201,8.28,-83.2,25.106,3.11,11.7
8/22/20,19:15:00,0,Biosphere 2,-0.05,49757.8,49645.9,95.5,109.9,6.55,252.8,32.48,49656.4,-0.01,32277,1.191,8.28,-83.2,25.107,3.11,11.7
8/22/20,19:30:00,0,Biosphere 2,-0.05,49756.5,49644.3,95.2,109.6,6.53,252.9,32.48,49654.8,0,32276,1.184,8.28,-83.1,25.107,3.11,11.7
8/22/20,19:45:00,0,Biosphere 2,-0.04,49756.1,49644.3,94.8,109.1,6.5,253,32.48,49654.8,0,32276,1.187,8.28,-83.1,25.107,3.11,11.7
8/22/20,20:00:00,0,Biosphere 2,-0.05,49757.5,49644.6,94.5,108.8,6.48,252.2,32.48,49655.1,-0.02,32276,1.2,8.28,-83,25.108,3.11,11.7
8/22/20,20:15:00,0,Biosphere 2,-0.05,49759.9,49647.2,94.3,108.5,6.47,251.9,32.48,49657.7,-0.01,32278,1.19,8.28,-83,25.108,3.11,11.7
8/22/20,20:30:00,0,Biosphere 2,-0.05,49757.4,49644.6,93.9,108.1,6.44,251.9,32.48,49655.2,0.01,32276,1.193,8.28,-82.9,25.108,3.11,11.7
8/22/20,20:45:00,0,Biosphere 2,-0.04,49761.5,49647.4,93.6,107.7,6.42,251.2,32.48,49658.1,0,32278,1.192,8.28,-82.9,25.109,3.11,11.7
8/22/20,21:00:00,0,Biosphere 2,-0.06,49758.8,49644.6,93.4,107.5,6.4,251.6,32.48,49655.2,-0.01,32276,1.193,8.28,-82.9,25.109,3.11,11.7
8/22/20,21:15:00,0,Biosphere 2,-0.04,49759.3,49645.1,93.2,107.3,6.39,251.8,32.48,49655.8,0,32276,1.199,8.28,-82.8,25.109,3.11,11.7
8/22/20,21:30:00,0,Biosphere 2,-0.06,49762.9,49647.3,92.9,107,6.37,251.5,32.48,49658.1,0,32278,1.186,8.28,-82.7,25.11,3.11,11.7
8/22/20,21:45:00,0,Biosphere 2,-0.05,49760.9,49645.1,92.7,106.7,6.36,251.4,32.48,49655.9,-0.02,32276,1.184,8.28,-82.7,25.111,3.11,11.7
8/22/20,22:00:00,0,Biosphere 2,-0.05,49760.4,49645.1,92.4,106.3,6.34,251.9,32.48,49655.9,0,32276,1.195,8.27,-82.6,25.11,3.11,11.7
8/22/20,22:15:00,0,Biosphere 2,-0.05,49761.2,49645.3,92.2,106.1,6.32,249.7,32.48,49656.2,0,32277,1.192,8.27,-82.6,25.111,3.11,11.7
8/22/20,22:30:00,0,Biosphere 2,-0.04,49759.9,49644.7,92,105.9,6.31,250.3,32.48,49655.5,-0.01,32276,1.199,8.27,-82.5,25.11,3.11,11.7
8/22/20,22:45:00,0,Biosphere 2,-0.05,49760.1,49645,91.9,105.7,6.3,250.2,32.48,49655.8,0,32276,1.196,8.27,-82.5,25.11,3.11,11.7
8/22/20,23:00:00,0,Biosphere 2,-0.05,49760.8,49645.1,91.2,104.9,6.25,250.1,32.48,49655.9,0,32276,1.191,8.27,-82.4,25.111,3.11,11.7
8/22/20,23:15:00,0,Biosphere 2,-0.05,49760.1,49644.7,91.4,105.2,6.27,250.7,32.48,49655.5,0,32276,1.198,8.27,-82.4,25.11,3.11,11.7
8/22/20,23:30:00,0,Biosphere 2,-0.05,49759.8,49644.9,91.3,105,6.26,251.2,32.48,49655.7,-0.01,32276,1.194,8.27,-82.3,25.11,3.11,11.7
8/22/20,23:45:00,0,Biosphere 2,-0.05,49763.2,49648.3,91.1,104.9,6.25,251.7,32.48,49659.1,-0.01,32278,1.185,8.27,-82.3,25.11,3.11,11.7
8/23/20,0:00:00,0,Biosphere 2,-0.06,49763.8,49648.6,90.9,104.6,6.23,251.5,32.49,49659.4,-0.01,32279,1.184,8.27,-82.2,25.11,3.11,11.7
8/23/20,0:15:00,0,Biosphere 2,-0.04,49760.4,49645.8,90.8,104.4,6.22,251.5,32.48,49656.6,-0.01,32277,1.19,8.27,-82.1,25.11,3.11,11.7
8/23/20,0:30:00,0,Biosphere 2,-0.05,49762.2,49646.9,90.7,104.3,6.22,251.3,32.48,49657.7,-0.01,32277,1.184,8.27,-82.1,25.11,3.11,11.7
8/23/20,0:45:00,0,Biosphere 2,-0.05,49762.2,49648,90.4,104,6.2,251.1,32.48,49658.7,-0.02,32278,1.182,8.26,-82,25.109,3.11,11.7
8/23/20,1:00:00,0,Biosphere 2,-0.05,49763.3,49648.7,90.4,104,6.2,250,32.49,49659.4,-0.01,32279,1.182,8.26,-82,25.11,3.11,11.7
8/23/20,1:15:00,0,Biosphere 2,-0.04,49760.7,49646.3,90.1,103.6,6.18,250.3,32.48,49657,0,32277,1.196,8.26,-81.9,25.109,3.11,11.7
8/23/20,1:30:00,0,Biosphere 2,-0.05,49763.4,49648.8,90.1,103.7,6.18,250.9,32.49,49659.5,0,32279,1.19,8.26,-81.9,25.11,3.11,11.7
8/23/20,1:45:00,0,Biosphere 2,-0.04,49763.2,49648.9,90,103.6,6.17,251.3,32.49,49659.6,0,32279,1.185,8.26,-81.8,25.109,3.11,11.7
8/23/20,2:00:00,0,Biosphere 2,-0.04,49763.3,49648.9,89.9,103.4,6.16,251.8,32.49,49659.6,0,32279,1.2,8.26,-81.8,25.109,3.11,11.7
8/23/20,2:15:00,0,Biosphere 2,-0.05,49763.7,49649.2,89.8,103.3,6.16,251.4,32.49,49659.9,0,32279,1.197,8.26,-81.7,25.109,3.11,11.7
8/23/20,2:30:00,0,Biosphere 2,-0.05,49764.2,49649.6,89.6,103.1,6.15,251.2,32.49,49660.3,0.01,32279,1.195,8.26,-81.7,25.109,3.11,11.7
8/23/20,2:45:00,0,Biosphere 2,-0.05,49760.5,49646.7,89.6,103.1,6.14,250.1,32.48,49657.3,0,32277,1.195,8.26,-81.6,25.109,3.11,11.7
8/23/20,3:00:00,0,Biosphere 2,-0.04,49760,49646.7,89.5,103,6.14,250.8,32.48,49657.3,0,32277,1.196,8.26,-81.5,25.108,3.11,11.7
8/23/20,3:15:00,0,Biosphere 2,-0.04,49764,49649.9,89.4,102.8,6.13,251.1,32.49,49660.6,0,32279,1.199,8.25,-81.5,25.109,3.11,11.7
8/23/20,3:30:00,0,Biosphere 2,-0.04,49762.5,49648.6,89.2,102.7,6.12,251.3,32.48,49659.2,0.01,32279,1.191,8.25,-81.4,25.109,3.11,11.7
8/23/20,3:45:00,0,Biosphere 2,-0.04,49760.5,49647.3,89.2,102.6,6.11,251.8,32.48,49657.9,-0.01,32278,1.192,8.25,-81.4,25.108,3.11,11.7
8/23/20,4:00:00,0,Biosphere 2,-0.05,49759.8,49647.3,89.1,102.6,6.11,251.9,32.48,49657.8,-0.02,32278,1.186,8.25,-81.3,25.107,3.11,11.7
8/23/20,4:15:00,0,Biosphere 2,-0.04,49759.3,49647.4,88.8,102.2,6.09,251.9,32.48,49657.8,0.01,32278,1.199,8.25,-81.2,25.107,3.11,11.7
8/23/20,4:30:00,0,Biosphere 2,-0.04,49759.6,49647.6,89,102.4,6.1,251.6,32.48,49658.1,0,32278,1.191,8.25,-81.2,25.107,3.11,11.7
8/23/20,4:45:00,0,Biosphere 2,-0.04,49758.7,49647.6,88.9,102.3,6.1,251.4,32.48,49658,0,32278,1.186,8.25,-81.2,25.106,3.11,11.7
8/23/20,5:00:00,0,Biosphere 2,-0.04,49761.2,49650.6,88.6,102,6.08,251.1,32.49,49660.9,0,32280,1.192,8.25,-81.1,25.106,3.11,11.7
8/23/20,5:15:00,0,Biosphere 2,-0.05,49757.2,49647.7,88.6,102,6.08,249.5,32.48,49657.9,-0.01,32278,1.19,8.25,-81,25.105,3.11,11.7
8/23/20,5:30:00,0,Biosphere 2,-0.03,49757,49647.8,88.6,102,6.08,249.6,32.48,49658,0,32278,1.192,8.25,-81,25.104,3.11,11.7
8/23/20,5:45:00,0,Biosphere 2,-0.04,49756.5,49648.6,88.6,102,6.08,250.2,32.48,49658.7,0,32278,1.189,8.24,-80.9,25.103,3.11,11.7
8/23/20,6:00:00,0,Biosphere 2,-0.05,49755.5,49649.1,88.6,101.9,6.08,250.1,32.49,49659.1,0,32278,1.192,8.24,-80.9,25.102,3.11,11.7
8/23/20,6:15:00,0,Biosphere 2,-0.05,49757.1,49651.7,88.2,101.5,6.05,251,32.49,49661.6,0,32280,1.19,8.24,-80.7,25.101,3.11,11.7
8/23/20,6:30:00,0,Biosphere 2,-0.03,49755.9,49651,88.3,101.7,6.06,251,32.49,49660.8,0,32280,1.191,8.24,-80.7,25.1,3.11,11.7
8/23/20,6:45:00,0,Biosphere 2,-0.03,49756.4,49651,88.5,101.8,6.07,250.7,32.49,49660.9,0,32280,1.189,8.24,-80.7,25.101,3.11,11.7
8/23/20,7:00:00,0,Biosphere 2,-0.03,49755.2,49649.3,88.5,101.8,6.07,250.5,32.49,49659.2,0.01,32278,1.187,8.24,-80.6,25.101,3.11,11.7
8/23/20,7:15:00,0,Biosphere 2,-0.02,49756.9,49649.2,88.5,101.9,6.07,250.7,32.49,49659.3,0.02,32279,1.184,8.24,-80.6,25.103,3.11,11.7
8/23/20,7:30:00,0,Biosphere 2,-0.01,49760.7,49648.7,88.7,102.1,6.08,251.2,32.48,49659.2,0.01,32278,1.19,8.24,-80.6,25.107,3.11,11.7
8/23/20,7:45:00,0,Biosphere 2,0,49762.5,49647.2,88.9,102.3,6.09,251.7,32.48,49658,0,32278,1.196,8.24,-80.6,25.11,3.11,11.7
8/23/20,8:00:00,0,Biosphere 2,-0.02,49773.4,49651.2,89.2,102.6,6.11,252.2,32.49,49662.7,0,32281,1.193,8.24,-80.6,25.117,3.11,11.7
8/23/20,8:15:00,0,Biosphere 2,-0.01,49776.8,49648.9,89.4,102.9,6.13,252.9,32.49,49660.9,0,32280,1.191,8.24,-80.6,25.122,3.11,11.7
8/23/20,8:30:00,0,Biosphere 2,-0.01,49781.9,49648.7,89.8,103.3,6.15,253.8,32.49,49661.2,0.01,32280,1.181,8.24,-80.6,25.127,3.11,11.7
8/23/20,8:45:00,0,Biosphere 2,-0.02,49787.5,49646.7,90.3,103.9,6.19,245.2,32.48,49659.9,0,32279,1.192,8.24,-80.7,25.135,3.11,11.7
8/23/20,9:00:00,0,Biosphere 2,-0.01,49786.1,49647.5,90.7,104.3,6.21,249.3,32.49,49660.5,0.01,32279,1.192,8.24,-80.7,25.132,3.11,11.7
8/23/20,9:15:00,0,Biosphere 2,-0.02,49788.9,49649.3,91,104.7,6.24,251.8,32.49,49662.4,0,32281,1.194,8.24,-80.8,25.133,3.11,11.7
8/23/20,9:30:00,0,Biosphere 2,-0.01,49795,49652.8,91.8,105.6,6.29,252.8,32.49,49666.2,0.01,32283,1.183,8.24,-80.9,25.136,3.11,11.7
8/23/20,9:45:00,0,Biosphere 2,-0.02,49785.8,49650.3,92.2,106.1,6.32,253.8,32.49,49663,0,32281,1.189,8.25,-81,25.129,3.11,11.7
8/23/20,10:00:00,0,Biosphere 2,-0.02,49788.4,49650.4,92.8,106.8,6.36,254.3,32.49,49663.3,0,32281,1.187,8.25,-81.1,25.132,3.11,11.7
8/23/20,10:15:00,0,Biosphere 2,-0.03,49802.6,49648.5,93.9,108,6.43,254.6,32.49,49662.9,-0.01,32281,1.189,8.25,-81.3,25.147,3.11,11.7
8/23/20,10:30:00,0,Biosphere 2,-0.01,49792.6,49652.8,94.2,108.4,6.46,255,32.49,49665.9,0.01,32283,1.183,8.25,-81.4,25.134,3.11,11.7
8/23/20,10:45:00,0,Biosphere 2,-0.03,49791.5,49646.7,94.8,109,6.49,255.6,32.49,49660.2,0.01,32279,1.194,8.25,-81.5,25.138,3.11,11.7
8/23/20,11:00:00,0,Biosphere 2,-0.02,49789.4,49648.4,95.1,109.4,6.52,256.1,32.49,49661.6,0,32280,1.193,8.26,-81.6,25.135,3.11,11.7
8/23/20,11:15:00,0,Biosphere 2,-0.02,49782.7,49643.8,95.7,110.1,6.56,256.2,32.48,49656.8,0,32277,1.195,8.26,-81.7,25.133,3.11,11.7
8/23/20,11:30:00,0,Biosphere 2,-0.02,49783.5,49650.1,96.1,110.6,6.59,256.2,32.49,49662.6,0,32281,1.199,8.26,-81.8,25.128,3.11,11.7
8/23/20,11:45:00,0,Biosphere 2,-0.02,49788.3,49646,97,111.6,6.65,256.6,32.48,49659.3,-0.01,32279,1.188,8.26,-82,25.136,3.11,11.7
8/23/20,12:00:00,0,Biosphere 2,-0.02,49807.7,49647.2,98,112.8,6.72,256.8,32.49,49662.3,0,32280,1.182,8.27,-82.2,25.153,3.11,11.7
8/23/20,12:15:00,0,Biosphere 2,-0.02,49781.6,49653.3,97.6,112.3,6.69,256.7,32.49,49665.4,0,32282,1.191,8.27,-82.3,25.123,3.11,11.7
8/23/20,12:30:00,0,Biosphere 2,-0.03,49792.1,49654.8,98.5,113.4,6.75,257.3,32.49,49667.6,0,32284,1.19,8.27,-82.4,25.131,3.11,11.7
8/23/20,12:45:00,0,Biosphere 2,-0.03,49771.7,49645.4,98.6,113.4,6.76,257.2,32.48,49657.2,0,32277,1.192,8.27,-82.5,25.121,3.11,11.7
8/23/20,13:00:00,0,Biosphere 2,-0.03,49775.9,49654.1,98.8,113.7,6.78,257.6,32.49,49665.5,0,32283,1.193,8.27,-82.6,25.116,3.11,11.7
8/23/20,13:15:00,0,Biosphere 2,-0.03,49773.7,49650.1,99,114,6.79,257.8,32.49,49661.6,0.01,32280,1.19,8.28,-82.7,25.118,3.11,11.7
8/23/20,13:30:00,0,Biosphere 2,-0.03,49786.7,49653,99.6,114.6,6.83,257.3,32.49,49665.5,0.01,32283,1.192,8.28,-82.8,25.128,3.11,11.7
8/23/20,13:45:00,0,Biosphere 2,-0.01,49770.1,49651.5,99.6,114.7,6.83,257.4,32.49,49662.6,0,32281,1.182,8.28,-83,25.113,3.11,11.7
8/23/20,14:00:00,0,Biosphere 2,-0.03,49763.6,49652,99.5,114.6,6.83,258.2,32.49,49662.5,0.01,32281,1.183,8.28,-83,25.107,3.11,11.7
8/23/20,14:15:00,0,Biosphere 2,-0.02,49770.1,49654.4,99.9,114.9,6.85,258.4,32.49,49665.2,-0.01,32282,1.19,8.28,-83.1,25.111,3.11,11.7
8/23/20,14:30:00,0,Biosphere 2,-0.02,49761,49650.9,99.9,114.9,6.85,258.6,32.49,49661.2,0,32280,1.189,8.28,-83.2,25.105,3.11,11.7
8/23/20,14:45:00,0,Biosphere 2,-0.01,49766.9,49651.3,100,115.1,6.86,258.6,32.49,49662.1,0.01,32280,1.197,8.29,-83.3,25.11,3.11,11.7
8/23/20,15:00:00,0,Biosphere 2,-0.02,49761.3,49651.8,100,115.1,6.86,259,32.49,49662,0.01,32280,1.191,8.29,-83.3,25.105,3.11,11.7
8/23/20,15:15:00,0,Biosphere 2,-0.02,49766.1,49652.3,99.9,115,6.85,259.5,32.49,49663,-0.01,32281,1.187,8.29,-83.4,25.109,3.11,11.7
8/23/20,15:30:00,0,Biosphere 2,0,49766,49653.9,100.2,115.4,6.87,259.1,32.49,49664.4,0,32282,1.193,8.29,-83.5,25.107,3.11,11.7
8/23/20,15:45:00,0,Biosphere 2,-0.02,49760.9,49653.7,99.7,114.8,6.84,259.1,32.49,49663.7,0.01,32281,1.192,8.29,-83.5,25.102,3.11,11.7
8/23/20,16:00:00,0,Biosphere 2,-0.01,49762.7,49655.8,99.6,114.6,6.83,258.6,32.49,49665.8,0.01,32283,1.189,8.29,-83.5,25.102,3.11,11.7
8/23/20,16:15:00,0,Biosphere 2,-0.01,49758.3,49652.6,99.5,114.5,6.82,258.6,32.49,49662.5,0,32281,1.187,8.29,-83.5,25.101,3.11,11.7
8/23/20,16:30:00,0,Biosphere 2,-0.02,49760.7,49656.3,99.1,114.1,6.8,258.7,32.49,49666.1,0,32283,1.186,8.29,-83.6,25.1,3.11,11.7
8/23/20,16:45:00,0,Biosphere 2,0,49757.9,49652.7,98.8,113.7,6.78,258.7,32.49,49662.5,0,32281,1.191,8.29,-83.6,25.101,3.11,11.7
8/23/20,17:00:00,0,Biosphere 2,-0.01,49756.6,49654.1,98.5,113.4,6.76,259.3,32.49,49663.7,0,32281,1.187,8.29,-83.6,25.098,3.11,11.7
8/23/20,17:15:00,0,Biosphere 2,-0.01,49758,49652.6,98.3,113.1,6.74,259.6,32.49,49662.5,0.01,32281,1.181,8.29,-83.6,25.101,3.11,11.7
8/23/20,17:30:00,0,Biosphere 2,-0.02,49765.3,49657.7,98,112.7,6.72,259.6,32.49,49667.8,0.01,32284,1.2,8.29,-83.6,25.103,3.11,11.7
8/23/20,17:45:00,0,Biosphere 2,-0.01,49761.5,49654.2,97.7,112.4,6.7,259.5,32.49,49664.3,0.01,32282,1.192,8.29,-83.6,25.102,3.11,11.7
8/23/20,18:00:00,0,Biosphere 2,-0.01,49768.2,49656.4,97.5,112.2,6.68,259.8,32.49,49666.8,0,32283,1.188,8.29,-83.5,25.107,3.11,11.7
8/23/20,18:15:00,0,Biosphere 2,-0.02,49764,49653.6,97.1,111.7,6.66,259.7,32.49,49663.9,0,32282,1.188,8.29,-83.5,25.106,3.11,11.7
8/23/20,18:30:00,0,Biosphere 2,-0.02,49766.8,49656.1,96.8,111.4,6.64,259.4,32.49,49666.5,0,32283,1.19,8.29,-83.5,25.106,3.11,11.7
8/23/20,18:45:00,0,Biosphere 2,-0.03,49766,49654.2,96.5,111,6.62,259.1,32.49,49664.7,0,32282,1.19,8.29,-83.5,25.107,3.11,11.7
8/23/20,19:00:00,0,Biosphere 2,-0.02,49768.9,49657.2,96.1,110.6,6.59,259.1,32.49,49667.7,0,32284,1.189,8.29,-83.5,25.107,3.11,11.7
8/23/20,19:15:00,0,Biosphere 2,-0.03,49766,49654.4,95.8,110.2,6.57,258.6,32.49,49664.8,0,32282,1.183,8.29,-83.4,25.107,3.11,11.7
8/23/20,19:30:00,0,Biosphere 2,-0.03,49765.8,49654.1,95.4,109.8,6.55,258.3,32.49,49664.5,0.01,32282,1.191,8.29,-83.4,25.107,3.11,11.7
8/23/20,19:45:00,0,Biosphere 2,-0.02,49766.8,49654.1,95.1,109.5,6.52,258.4,32.49,49664.6,0.01,32282,1.201,8.29,-83.3,25.108,3.11,11.7
8/23/20,20:00:00,0,Biosphere 2,-0.03,49767.9,49654.7,94.7,109,6.5,258.5,32.49,49665.3,-0.01,32282,1.191,8.29,-83.3,25.108,3.11,11.7
8/23/20,20:15:00,0,Biosphere 2,-0.03,49770.3,49657.2,94.5,108.8,6.48,258.7,32.49,49667.8,-0.01,32284,1.184,8.28,-83.2,25.108,3.11,11.7
8/23/20,20:30:00,0,Biosphere 2,-0.03,49768.8,49658,94.2,108.4,6.46,258.4,32.49,49668.4,0,32284,1.183,8.28,-83.2,25.106,3.11,11.7
8/23/20,20:45:00,0,Biosphere 2,-0.03,49770.2,49658.1,93.9,108.1,6.44,257.8,32.49,49668.6,0.01,32285,1.2,8.28,-83.2,25.107,3.11,11.7
8/23/20,21:00:00,0,Biosphere 2,-0.04,49764.9,49655,93.6,107.7,6.42,257.9,32.49,49665.3,0,32282,1.193,8.28,-83.1,25.105,3.11,11.7
8/23/20,21:15:00,0,Biosphere 2,-0.03,49766,49654.7,93.2,107.3,6.39,258.6,32.49,49665.1,0,32282,1.193,8.28,-83,25.106,3.11,11.7
8/23/20,21:30:00,0,Biosphere 2,-0.03,49765.3,49655.2,93.1,107.2,6.39,258.7,32.49,49665.5,-0.01,32283,1.2,8.28,-83,25.105,3.11,11.7
8/23/20,21:45:00,0,Biosphere 2,-0.03,49767.8,49657,92.9,106.9,6.37,259,32.49,49667.4,-0.01,32284,1.197,8.28,-83,25.106,3.11,11.7
8/23/20,22:00:00,0,Biosphere 2,-0.03,49765.8,49654.9,92.5,106.5,6.35,259,32.49,49665.3,0,32282,1.19,8.28,-82.9,25.106,3.11,11.7
8/23/20,22:15:00,0,Biosphere 2,-0.03,49765.2,49655.2,92.4,106.3,6.34,258,32.49,49665.5,0,32283,1.19,8.28,-82.8,25.105,3.11,11.7
8/23/20,22:30:00,0,Biosphere 2,-0.02,49769.1,49658.3,92.2,106.1,6.32,257.6,32.49,49668.6,0,32285,1.186,8.28,-82.8,25.106,3.11,11.7
8/23/20,22:45:00,0,Biosphere 2,-0.03,49767.2,49656.8,91.9,105.8,6.31,257.8,32.49,49667.2,0,32284,1.192,8.28,-82.7,25.105,3.11,11.7
8/23/20,23:00:00,0,Biosphere 2,-0.03,49768.3,49657.4,91.8,105.6,6.29,257.5,32.49,49667.8,0.02,32284,1.2,8.28,-82.7,25.106,3.11,11.7
8/23/20,23:15:00,0,Biosphere 2,-0.04,49769,49658.6,91.6,105.5,6.28,257.4,32.49,49668.9,0.01,32285,1.182,8.27,-82.6,25.106,3.11,11.7
8/23/20,23:30:00,0,Biosphere 2,-0.02,49766,49655.3,91.4,105.2,6.27,257.5,32.49,49665.7,0.01,32283,1.192,8.27,-82.6,25.106,3.11,11.7
8/23/20,23:45:00,0,Biosphere 2,-0.03,49768.4,49658.3,91.2,104.9,6.25,257.3,32.49,49668.6,0.02,32285,1.191,8.27,-82.5,25.105,3.11,11.7
8/24/20,0:00:00,0,Biosphere 2,-0.03,49768.9,49658,91.1,104.8,6.24,257.3,32.49,49668.4,0,32284,1.192,8.27,-82.5,25.106,3.11,11.7
8/24/20,0:15:00,0,Biosphere 2,-0.03,49767.1,49656.1,90.9,104.6,6.24,257.6,32.49,49666.5,0,32283,1.191,8.27,-82.4,25.106,3.11,11.7
8/24/20,0:30:00,0,Biosphere 2,-0.03,49767.4,49655.9,90.7,104.3,6.22,254.9,32.49,49666.4,-0.01,32283,1.188,8.27,-82.3,25.107,3.11,11.7
8/24/20,0:45:00,0,Biosphere 2,-0.03,49770.1,49658,90.5,104.2,6.21,254.8,32.49,49668.5,0,32285,1.191,8.27,-82.3,25.107,3.11,11.7
8/24/20,1:00:00,0,Biosphere 2,-0.03,49767.4,49656.3,90.5,104.1,6.2,254.6,32.49,49666.7,0,32283,1.19,8.27,-82.2,25.106,3.11,11.7
8/24/20,1:15:00,0,Biosphere 2,-0.04,49767.5,49656,90.3,103.9,6.19,254.7,32.49,49666.4,0.01,32283,1.19,8.27,-82.2,25.107,3.11,11.7
8/24/20,1:30:00,0,Biosphere 2,-0.03,49767.9,49656.3,90.2,103.8,6.19,254.5,32.49,49666.7,0,32283,1.188,8.27,-82.1,25.107,3.11,11.7
8/24/20,1:45:00,0,Biosphere 2,-0.03,49767.7,49656.4,90,103.6,6.17,253.6,32.49,49666.8,0,32283,1.185,8.26,-82.1,25.106,3.11,11.7
8/24/20,2:00:00,0,Biosphere 2,-0.02,49770.9,49659,90,103.6,6.17,254.4,32.49,49669.5,0.01,32285,1.185,8.26,-82,25.107,3.11,11.7
8/24/20,2:15:00,0,Biosphere 2,-0.03,49768.3,49656.3,89.9,103.4,6.16,254.9,32.49,49666.8,0.01,32283,1.185,8.26,-82,25.107,3.11,11.7
8/24/20,2:30:00,0,Biosphere 2,-0.02,49771.9,49659.2,89.8,103.3,6.16,254.9,32.49,49669.8,0,32285,1.201,8.26,-81.9,25.108,3.11,11.7
8/24/20,2:45:00,0,Biosphere 2,-0.03,49769.5,49656.8,89.6,103.2,6.15,254.5,32.49,49667.4,0.02,32284,1.19,8.26,-81.8,25.108,3.11,11.7
8/24/20,3:00:00,0,Biosphere 2,-0.02,49773,49659.8,89.6,103.1,6.14,253.9,32.49,49670.4,-0.01,32286,1.191,8.26,-81.8,25.108,3.11,11.7
8/24/20,3:15:00,0,Biosphere 2,-0.02,49769.3,49656.7,89.5,102.9,6.13,253.2,32.49,49667.2,0.03,32284,1.199,8.26,-81.7,25.108,3.11,11.7
8/24/20,3:30:00,0,Biosphere 2,-0.02,49772,49659.1,89.4,102.9,6.13,252.8,32.49,49669.7,0.01,32285,1.193,8.26,-81.7,25.108,3.11,11.7
8/24/20,3:45:00,0,Biosphere 2,-0.02,49773.8,49660.7,89.3,102.7,6.12,253.3,32.49,49671.3,0.01,32286,1.193,8.26,-81.6,25.108,3.11,11.7
8/24/20,4:00:00,0,Biosphere 2,-0.02,49772,49659.5,89.2,102.6,6.12,253.8,32.49,49670,0.01,32285,1.193,8.26,-81.6,25.108,3.11,11.7
8/24/20,4:15:00,0,Biosphere 2,-0.03,49769,49657.4,89.1,102.6,6.11,253.4,32.49,49667.8,0,32284,1.191,8.25,-81.5,25.107,3.11,11.7
8/24/20,4:30:00,0,Biosphere 2,-0.02,49769,49657.7,89.1,102.5,6.11,253.5,32.49,49668.1,0,32284,1.19,8.25,-81.4,25.106,3.11,11.7
8/24/20,4:45:00,0,Biosphere 2,-0.02,49769,49657.8,88.7,102.1,6.09,252.8,32.49,49668.2,0.02,32284,1.189,8.25,-81.3,25.106,3.11,11.7
8/24/20,5:00:00,0,Biosphere 2,-0.02,49772.1,49660.8,88.8,102.2,6.09,252.7,32.49,49671.2,0.01,32286,1.181,8.25,-81.3,25.106,3.11,11.6
8/24/20,5:15:00,0,Biosphere 2,-0.02,49772.7,49661.4,88.5,101.9,6.07,253.1,32.49,49671.8,0.01,32287,1.191,8.25,-81.3,25.106,3.11,11.6
8/24/20,5:30:00,0,Biosphere 2,-0.02,49768.6,49658.1,88.7,102,6.08,253.7,32.49,49668.5,0.01,32285,1.191,8.25,-81.2,25.106,3.11,11.6
8/24/20,5:45:00,0,Biosphere 2,-0.01,49768.8,49658.5,88.7,102.1,6.08,253.9,32.49,49668.8,0.01,32285,1.192,8.25,-81.2,25.105,3.11,11.6
8/24/20,6:00:00,0,Biosphere 2,-0.01,49768,49658.3,88.6,102,6.08,254.4,32.49,49668.6,0.01,32285,1.198,8.25,-81.1,25.105,3.11,11.6
8/24/20,6:15:00,0,Biosphere 2,-0.01,49771.6,49661.5,88.6,102,6.08,254.5,32.49,49671.8,0,32287,1.182,8.25,-81.1,25.105,3.11,11.6
8/24/20,6:30:00,0,Biosphere 2,-0.01,49768.7,49658.8,88.6,101.9,6.07,254.4,32.49,49669.1,0.01,32285,1.192,8.25,-81,25.105,3.11,11.6
8/24/20,6:45:00,0,Biosphere 2,0.01,49769.3,49659.3,88.5,101.9,6.07,255,32.49,49669.5,0.01,32285,1.19,8.25,-81,25.105,3.11,11.6
8/24/20,7:00:00,0,Biosphere 2,0.01,49767.9,49659,88.5,101.9,6.07,255.4,32.49,49669.1,0.02,32285,1.192,8.25,-80.9,25.104,3.11,11.6
8/24/20,7:15:00,0,Biosphere 2,0.03,49769.3,49659.5,88.6,101.9,6.07,255.6,32.49,49669.8,0.02,32285,1.198,8.24,-80.9,25.105,3.11,11.6
8/24/20,7:30:00,0,Biosphere 2,0.03,49770.1,49658.7,88.6,102,6.08,254.7,32.49,49669.1,0.01,32285,1.181,8.24,-80.9,25.106,3.11,11.6
8/24/20,7:45:00,0,Biosphere 2,0.03,49776,49660.7,88.7,102,6.08,254.3,32.49,49671.5,0.01,32286,1.192,8.24,-80.8,25.11,3.11,11.6
8/24/20,8:00:00,0,Biosphere 2,0.03,49779.1,49661.2,89,102.4,6.1,252.8,32.49,49672.2,0.01,32287,1.189,8.24,-80.8,25.113,3.11,11.6
8/24/20,8:15:00,0,Biosphere 2,0.03,49778.8,49660.2,89.2,102.6,6.11,252.7,32.49,49671.3,0.01,32286,1.192,8.24,-80.8,25.113,3.11,11.6
8/24/20,8:30:00,0,Biosphere 2,0.03,49780.9,49659.3,89.4,102.9,6.13,251.5,32.49,49670.7,0.01,32286,1.2,8.24,-80.8,25.116,3.11,11.7
8/24/20,8:45:00,0,Biosphere 2,0.03,49787.6,49659.3,89.8,103.3,6.15,253.1,32.49,49671.3,0.02,32286,1.192,8.24,-80.9,25.123,3.11,11.7
8/24/20,9:00:00,0,Biosphere 2,0.03,49792.9,49659.7,90.1,103.7,6.17,254.5,32.49,49672.2,0.02,32287,1.2,8.24,-80.9,25.127,3.11,11.7
8/24/20,9:15:00,0,Biosphere 2,0.04,49800.4,49659.1,90.6,104.3,6.21,254.5,32.49,49672.3,0,32287,1.196,8.25,-81,25.135,3.11,11.7
8/24/20,9:30:00,0,Biosphere 2,0.03,49803,49663.2,91.1,104.8,6.24,254.6,32.5,49676.3,0.02,32290,1.189,8.25,-81,25.134,3.11,11.7
8/24/20,9:45:00,0,Biosphere 2,0.04,49796.7,49660.7,91.2,105,6.25,255,32.49,49673.5,0.02,32288,1.191,8.25,-81.1,25.13,3.11,11.7
8/24/20,10:00:00,0,Biosphere 2,0.04,49797.8,49661.7,91.5,105.4,6.28,255.5,32.5,49674.5,0.02,32288,1.189,8.25,-81.1,25.13,3.11,11.7
8/24/20,10:15:00,0,Biosphere 2,0.04,49799.5,49664.2,91.9,105.8,6.3,256.1,32.5,49676.8,0.03,32290,1.184,8.25,-81.1,25.129,3.11,11.7
8/24/20,10:30:00,0,Biosphere 2,0.03,49803.4,49661.4,92.4,106.4,6.34,256,32.5,49674.7,0.03,32289,1.192,8.25,-81.3,25.136,3.11,11.7
8/24/20,10:45:00,0,Biosphere 2,0.02,49800.3,49661.2,92.9,106.9,6.37,256.5,32.5,49674.2,0.01,32288,1.197,8.25,-81.3,25.133,3.11,11.7
8/24/20,11:00:00,0,Biosphere 2,0.04,49793.4,49662.2,93.2,107.3,6.39,256.8,32.5,49674.5,0.01,32288,1.195,8.25,-81.4,25.125,3.11,11.7
8/24/20,11:15:00,0,Biosphere 2,0.04,49794,49664.6,93.6,107.7,6.41,257,32.5,49676.7,0,32290,1.195,8.25,-81.5,25.124,3.11,11.7
8/24/20,11:30:00,0,Biosphere 2,0.05,49783,49662.7,93.8,107.9,6.43,256.7,32.5,49674,0.01,32288,1.195,8.26,-81.6,25.115,3.11,11.7
8/24/20,11:45:00,0,Biosphere 2,0.03,49785.7,49665.1,93.9,108.1,6.44,256,32.5,49676.4,0.01,32290,1.19,8.26,-81.6,25.115,3.11,11.7
8/24/20,12:00:00,0,Biosphere 2,0.04,49783.1,49664.6,94.2,108.4,6.46,256,32.5,49675.7,0.02,32289,1.188,8.26,-81.7,25.113,3.11,11.7
8/24/20,12:15:00,0,Biosphere 2,0.04,49782.7,49662.9,94.2,108.5,6.46,256.4,32.5,49674.1,0.03,32288,1.188,8.26,-81.7,25.114,3.11,11.7
8/24/20,12:30:00,0,Biosphere 2,0.06,49782.9,49662.6,94.4,108.7,6.47,256.7,32.5,49673.9,0.02,32288,1.185,8.26,-81.7,25.115,3.11,11.7
8/24/20,12:45:00,0,Biosphere 2,0.05,49784,49663,94.5,108.7,6.48,256.8,32.5,49674.3,0.02,32288,1.191,8.26,-81.7,25.116,3.11,11.7
8/24/20,13:00:00,0,Biosphere 2,0.04,49785,49666.1,94.4,108.7,6.47,256.8,32.5,49677.2,0.02,32290,1.195,8.26,-81.8,25.114,3.11,11.7
8/24/20,13:15:00,0,Biosphere 2,0.04,49789.3,49667,94.6,108.8,6.48,256.1,32.5,49678.5,0.02,32291,1.184,8.26,-81.8,25.117,3.11,11.7
8/24/20,13:30:00,0,Biosphere 2,0.05,49792.5,49666.1,94.6,108.9,6.49,255.3,32.5,49677.9,0.02,32291,1.192,8.26,-81.9,25.121,3.11,11.7
8/24/20,13:45:00,0,Biosphere 2,0.04,49800.3,49665.3,94.9,109.2,6.51,254.6,32.5,49678,0.03,32291,1.19,8.26,-81.9,25.129,3.11,11.7
8/24/20,14:00:00,0,Biosphere 2,0.05,49802.6,49665.6,95.1,109.4,6.52,253,32.5,49678.4,0.02,32291,1.192,8.26,-82,25.131,3.11,11.7
8/24/20,14:15:00,0,Biosphere 2,0.04,49802.5,49663.9,95.5,109.9,6.55,254.6,32.5,49676.9,0.02,32290,1.19,8.27,-82.1,25.132,3.11,11.7
8/24/20,14:30:00,0,Biosphere 2,0.04,49797.3,49664.3,95.7,110.2,6.56,254.3,32.5,49676.7,0.03,32290,1.185,8.27,-82.2,25.127,3.11,11.7
8/24/20,14:45:00,0,Biosphere 2,0.03,49799,49664.3,95.9,110.3,6.57,254.9,32.5,49676.9,0.01,32290,1.185,8.27,-82.2,25.129,3.11,11.7
8/24/20,15:00:00,0,Biosphere 2,0.05,49792.3,49663.6,96.1,110.6,6.59,254.5,32.5,49675.7,0.02,32289,1.184,8.27,-82.3,25.123,3.11,11.7
8/24/20,15:15:00,0,Biosphere 2,0.04,49794.9,49666.4,96.2,110.7,6.59,255.3,32.5,49678.5,0.02,32291,1.189,8.27,-82.3,25.123,3.11,11.7
8/24/20,15:30:00,0,Biosphere 2,0.03,49786.2,49663.4,96.3,110.8,6.6,255.5,32.5,49674.9,0.02,32289,1.193,8.27,-82.4,25.117,3.11,11.7
8/24/20,15:45:00,0,Biosphere 2,0.03,49778.9,49660,96.3,110.9,6.6,255.2,32.49,49671.1,0.02,32286,1.19,8.27,-82.5,25.114,3.11,11.7
8/24/20,16:00:00,0,Biosphere 2,0.04,49782.5,49664,96.3,110.8,6.6,255.5,32.5,49675.1,0.02,32289,1.192,8.27,-82.5,25.113,3.11,11.7
8/24/20,16:15:00,0,Biosphere 2,0.03,49785.8,49667.1,96.2,110.7,6.6,256,32.5,49678.2,0.02,32291,1.199,8.27,-82.5,25.113,3.11,11.7
8/24/20,16:30:00,0,Biosphere 2,0.03,49784.2,49666.3,96.2,110.7,6.59,256.3,32.5,49677.4,0.03,32290,1.188,8.27,-82.5,25.113,3.11,11.7
8/24/20,16:45:00,0,Biosphere 2,0.04,49785.4,49668.6,96,110.5,6.58,256.3,32.5,49679.6,0.02,32292,1.19,8.27,-82.5,25.112,3.11,11.7
8/24/20,17:00:00,0,Biosphere 2,0.03,49780.4,49666.8,95.9,110.3,6.57,255,32.5,49677.4,0.01,32290,1.2,8.27,-82.6,25.109,3.11,11.7
8/24/20,17:15:00,0,Biosphere 2,0.03,49784,49665.8,95.8,110.3,6.57,255.2,32.5,49676.8,0.01,32290,1.192,8.27,-82.6,25.113,3.11,11.7
8/24/20,17:30:00,0,Biosphere 2,0.03,49787,49667.7,95.6,110,6.55,255.3,32.5,49678.9,0.02,32291,1.194,8.27,-82.5,25.114,3.11,11.7
8/24/20,17:45:00,0,Biosphere 2,0.03,49782.7,49666.9,95.4,109.7,6.54,255.2,32.5,49677.8,0.02,32291,1.197,8.27,-82.5,25.111,3.11,11.7
8/24/20,18:00:00,0,Biosphere 2,0.02,49782.9,49667,95.1,109.5,6.52,255.3,32.5,49677.9,0.02,32291,1.198,8.27,-82.5,25.111,3.11,11.7
8/24/20,18:15:00,0,Biosphere 2,0.02,49786.3,49669.1,94.9,109.3,6.51,250.6,32.5,49680,0.01,32292,1.193,8.27,-82.5,25.112,3.11,11.7
8/24/20,18:30:00,0,Biosphere 2,0.02,49782.5,49666.9,94.7,109,6.49,253.1,32.5,49677.7,0.02,32291,1.192,8.27,-82.5,25.11,3.11,11.7
8/24/20,18:45:00,0,Biosphere 2,0.01,49783.3,49667.3,94.4,108.7,6.48,254.1,32.5,49678.1,0.01,32291,1.192,8.27,-82.4,25.111,3.11,11.7
8/24/20,19:00:00,0,Biosphere 2,0.01,49784.6,49667.7,94.2,108.4,6.46,254.9,32.5,49678.6,0.02,32291,1.188,8.27,-82.4,25.112,3.11,11.7
8/24/20,19:15:00,0,Biosphere 2,0.01,49786.5,49669.2,93.9,108.1,6.44,254.6,32.5,49680.2,0.02,32292,1.184,8.27,-82.4,25.112,3.11,11.7
8/24/20,19:30:00,0,Biosphere 2,0.01,49784.4,49667.7,93.7,107.8,6.42,255.2,32.5,49678.6,0.01,32291,1.188,8.27,-82.3,25.111,3.11,11.7
8/24/20,19:45:00,0,Biosphere 2,0,49786.9,49669.6,93.4,107.5,6.4,255.4,32.5,49680.6,0.01,32292,1.189,8.27,-82.3,25.112,3.11,11.7
8/24/20,20:00:00,0,Biosphere 2,0.01,49785.6,49667.7,93.2,107.2,6.39,255.9,32.5,49678.7,0.02,32291,1.182,8.27,-82.2,25.113,3.11,11.7
8/24/20,20:15:00,0,Biosphere 2,0,49785.7,49667.9,93,107,6.38,254,32.5,49678.9,0.02,32291,1.191,8.27,-82.2,25.113,3.11,11.7
8/24/20,20:30:00,0,Biosphere 2,0,49785.9,49668.2,92.8,106.8,6.36,254,32.5,49679.2,0.01,32291,1.195,8.27,-82.2,25.112,3.11,11.7
8/24/20,20:45:00,0,Biosphere 2,0,49786.1,49668.1,92.6,106.5,6.35,254.3,32.5,49679.1,0.02,32291,1.19,8.27,-82.1,25.113,3.11,11.7
8/24/20,21:00:00,0,Biosphere 2,0,49786.5,49668.3,92.4,106.3,6.33,254.7,32.5,49679.3,0.01,32292,1.192,8.26,-82.1,25.113,3.11,11.7
8/24/20,21:15:00,0,Biosphere 2,0,49786.9,49668.3,92.1,105.9,6.31,255.4,32.5,49679.4,0.01,32292,1.185,8.26,-82,25.113,3.11,11.7
8/24/20,21:30:00,0,Biosphere 2,0,49626.3,49506.8,91.9,105.7,6.3,255,32.39,49518,0.02,32187,1.192,8.26,-81.9,25.115,3.11,11.7
8/24/20,21:45:00,0,Biosphere 2,-0.01,49628.2,49508.3,91.7,105.6,6.29,254.6,32.39,49519.5,0.02,32188,1.201,8.26,-81.9,25.115,3.11,11.7
8/24/20,22:00:00,0,Biosphere 2,0,49523.6,49405.1,91.7,105.5,6.29,254.5,32.32,49416.2,0.01,32121,1.19,8.26,-81.9,25.114,3.11,11.7
8/24/20,22:15:00,0,Biosphere 2,-0.01,49588.1,49468.8,91.4,105.2,6.27,255.1,32.36,49480,0.01,32162,1.184,8.26,-81.8,25.114,3.11,11.7
8/24/20,22:30:00,0,Biosphere 2,0,49603.3,49483.4,91.3,105,6.26,253.2,32.37,49494.7,0,32172,1.192,8.26,-81.8,25.115,3.11,11.7
8/24/20,22:45:00,0,Biosphere 2,0,49387.6,49268.4,91,104.8,6.25,252.8,32.22,49279.6,0.01,32032,1.19,8.26,-81.7,25.115,3.11,11.7
8/24/20,23:00:00,0,Biosphere 2,0,49658.1,49539.5,90.9,104.6,6.23,252.6,32.41,49550.6,0.02,32208,1.186,8.26,-81.6,25.114,3.11,11.7
8/24/20,23:15:00,0,Biosphere 2,0,49639.9,49521.4,90.8,104.5,6.23,250.6,32.4,49532.5,0.01,32196,1.199,8.26,-81.6,25.114,3.11,11.7
8/24/20,23:30:00,0,Biosphere 2,0.01,49570.6,49452.1,90.7,104.3,6.22,251.2,32.35,49463.2,0.01,32151,1.2,8.26,-81.6,25.114,3.11,11.7
8/24/20,23:45:00,0,Biosphere 2,0,49521.5,49403.8,90.4,104,6.21,250.8,32.32,49414.8,0.01,32120,1.197,8.25,-81.5,25.113,3.11,11.7
8/25/20,0:00:00,0,Biosphere 2,0,49683.9,49566.7,90.2,103.8,6.18,250.7,32.43,49577.7,0.02,32225,1.193,8.25,-81.5,25.112,3.11,11.7
8/25/20,0:15:00,0,Biosphere 2,0,49738.2,49621.1,90.2,103.9,6.19,251.5,32.47,49632,0.02,32261,1.189,8.25,-81.4,25.112,3.11,11.7
8/25/20,0:30:00,0,Biosphere 2,-0.01,49784,49668.4,90,103.5,6.17,251.3,32.5,49679.2,0.01,32291,1.184,8.25,-81.3,25.11,3.11,11.7
8/25/20,0:45:00,0,Biosphere 2,0.01,49784.9,49668.8,89.9,103.5,6.17,252,32.5,49679.6,0.02,32292,1.184,8.25,-81.3,25.111,3.11,11.7
8/25/20,1:00:00,0,Biosphere 2,0,49689.9,49574.4,89.8,103.4,6.16,252.5,32.43,49585.2,0.01,32230,1.185,8.25,-81.2,25.111,3.11,11.7
8/25/20,1:15:00,0,Biosphere 2,0,49780.4,49666.9,89.8,103.4,6.16,252.9,32.5,49677.6,0.01,32290,1.195,8.25,-81.2,25.108,3.11,11.7
8/25/20,1:30:00,0,Biosphere 2,0.01,49785.4,49672.2,89.5,103,6.13,252.8,32.5,49682.8,0.01,32294,1.198,8.25,-81.1,25.108,3.11,11.7
8/25/20,1:45:00,0,Biosphere 2,0.01,49782.4,49670.1,89.5,103,6.13,251.7,32.5,49680.6,0.01,32292,1.196,8.25,-81.1,25.107,3.11,11.7
8/25/20,2:00:00,0,Biosphere 2,0.01,49781.7,49670.5,89.3,102.8,6.12,251.9,32.5,49681,0,32293,1.188,8.25,-81,25.106,3.11,11.7
8/25/20,2:15:00,0,Biosphere 2,0.01,49784.6,49673.1,89.4,102.9,6.13,252,32.5,49683.6,0.02,32294,1.192,8.25,-81,25.107,3.11,11.7
8/25/20,2:30:00,0,Biosphere 2,0,49784.4,49673.6,89.3,102.8,6.13,252.2,32.5,49683.9,0.01,32295,1.198,8.25,-80.9,25.106,3.11,11.7
8/25/20,2:45:00,0,Biosphere 2,0,49780.9,49671.5,89.3,102.8,6.12,252.8,32.5,49681.8,0.01,32293,1.19,8.24,-80.9,25.104,3.11,11.7
8/25/20,3:00:00,0,Biosphere 2,0.01,49779.9,49671.2,89.1,102.5,6.11,252.9,32.5,49681.4,0.02,32293,1.191,8.24,-80.8,25.104,3.11,11.7
8/25/20,3:15:00,0,Biosphere 2,0,49782.8,49674.5,89,102.5,6.11,252.9,32.5,49684.7,0.02,32295,1.199,8.24,-80.8,25.103,3.11,11.7
8/25/20,3:30:00,0,Biosphere 2,0.02,49780.8,49672.8,89.1,102.5,6.11,253.1,32.5,49682.9,0.02,32294,1.192,8.24,-80.7,25.103,3.11,11.7
8/25/20,3:45:00,0,Biosphere 2,0.01,49779.5,49672.1,88.9,102.4,6.1,252.9,32.5,49682.2,0.02,32293,1.195,8.24,-80.7,25.103,3.11,11.7
8/25/20,4:00:00,0,Biosphere 2,0.01,49779.1,49672.3,88.9,102.3,6.09,252.8,32.5,49682.3,0.02,32293,1.192,8.24,-80.6,25.102,3.11,11.7
8/25/20,4:15:00,0,Biosphere 2,0.01,49777.7,49671.6,88.8,102.2,6.09,252.8,32.5,49681.5,0.02,32293,1.195,8.24,-80.6,25.101,3.11,11.7
8/25/20,4:30:00,0,Biosphere 2,0.02,49777.6,49672,88.8,102.2,6.09,252,32.5,49681.9,0,32293,1.189,8.24,-80.5,25.101,3.11,11.7
8/25/20,4:45:00,0,Biosphere 2,0.02,49777.5,49672.5,88.7,102.1,6.08,251.5,32.5,49682.3,0.02,32294,1.187,8.24,-80.5,25.1,3.11,11.7
8/25/20,5:00:00,0,Biosphere 2,0.01,49779.6,49675,88.7,102.1,6.08,251.4,32.5,49684.8,0.01,32295,1.192,8.24,-80.4,25.1,3.11,11.7
8/25/20,5:15:00,0,Biosphere 2,0.02,49776,49672.3,88.7,102,6.08,251.5,32.5,49682,0.02,32293,1.19,8.24,-80.4,25.099,3.11,11.7
8/25/20,5:30:00,0,Biosphere 2,0.02,49775.4,49672.2,88.5,101.9,6.07,251.8,32.5,49681.8,0.03,32293,1.192,8.23,-80.3,25.099,3.11,11.7
8/25/20,5:45:00,0,Biosphere 2,0.02,49777.8,49676.1,88.5,101.9,6.07,252.3,32.5,49685.6,0.02,32296,1.197,8.23,-80.3,25.097,3.11,11.7
8/25/20,6:00:00,0,Biosphere 2,0.02,49774.1,49673.1,88.3,101.6,6.06,252.5,32.5,49682.6,0.02,32294,1.186,8.23,-80.2,25.096,3.11,11.7
8/25/20,6:15:00,0,Biosphere 2,0.02,49775.9,49675.7,88.4,101.7,6.06,252.7,32.5,49685.1,0.03,32295,1.198,8.23,-80.2,25.096,3.11,11.7
8/25/20,6:30:00,0,Biosphere 2,0.03,49776.9,49677,88.3,101.7,6.06,253.1,32.51,49686.3,0.01,32296,1.189,8.23,-80.1,25.095,3.11,11.7
8/25/20,6:45:00,0,Biosphere 2,0.03,49776.4,49677.3,88.4,101.8,6.07,253.4,32.51,49686.6,0.01,32296,1.192,8.23,-80.1,25.095,3.11,11.7
8/25/20,7:00:00,0,Biosphere 2,0.04,49773.5,49674.9,88.4,101.8,6.07,253.5,32.5,49684.1,0.02,32295,1.194,8.23,-80,25.094,3.11,11.7
8/25/20,7:15:00,0,Biosphere 2,0.06,49771.5,49673.6,88.4,101.8,6.07,254.7,32.5,49682.8,0.02,32294,1.183,8.23,-80,25.093,3.11,11.7
8/25/20,7:30:00,0,Biosphere 2,0.07,49774.4,49676.6,88.5,101.9,6.07,254.9,32.5,49685.7,0.03,32296,1.187,8.23,-80,25.093,3.11,11.7
8/25/20,7:45:00,0,Biosphere 2,0.08,49776.6,49677.6,88.6,101.9,6.08,254.4,32.51,49686.9,0.03,32296,1.191,8.23,-80,25.095,3.11,11.7
8/25/20,8:00:00,0,Biosphere 2,0.07,49775.3,49674.6,88.8,102.2,6.09,254.3,32.5,49684.1,0.03,32295,1.19,8.23,-79.9,25.096,3.11,11.7
8/25/20,8:15:00,0,Biosphere 2,0.09,49775.4,49674.8,89,102.4,6.1,252.3,32.5,49684.2,0.02,32295,1.183,8.23,-79.9,25.096,3.11,11.7
8/25/20,8:30:00,0,Biosphere 2,0.08,49781.4,49677.2,89.2,102.6,6.12,252.4,32.51,49687,0.04,32297,1.195,8.23,-79.9,25.099,3.11,11.7
8/25/20,8:45:00,0,Biosphere 2,0.07,49787,49677.5,89.5,103,6.14,253.4,32.51,49687.8,0.04,32297,1.194,8.23,-80,25.105,3.11,11.7
8/25/20,9:00:00,0,Biosphere 2,0.08,49794.5,49677.3,89.9,103.5,6.17,232.3,32.51,49688.3,0.03,32297,1.196,8.23,-80,25.112,3.11,11.7
8/25/20,9:15:00,0,Biosphere 2,0.06,49797.8,49675.9,90.2,103.8,6.18,245.1,32.51,49687.3,0.02,32297,1.198,8.23,-80.1,25.117,3.11,11.7
8/25/20,9:30:00,0,Biosphere 2,0.08,49804.1,49675.1,90.7,104.4,6.22,249.2,32.51,49687.2,0.02,32297,1.192,8.23,-80.1,25.123,3.11,11.7
8/25/20,9:45:00,0,Biosphere 2,0.06,49815.4,49675.9,91.3,105.1,6.26,251.3,32.51,49689,0.03,32298,1.196,8.23,-80.2,25.133,3.11,11.7
8/25/20,10:00:00,0,Biosphere 2,0.07,49816.2,49675.8,91.7,105.5,6.28,252.5,32.51,49689,0.02,32298,1.198,8.23,-80.3,25.134,3.11,11.7
8/25/20,10:15:00,0,Biosphere 2,0.06,49819.5,49674,92.4,106.4,6.33,253.9,32.51,49687.6,0.02,32297,1.195,8.24,-80.4,25.139,3.11,11.7
8/25/20,10:30:00,0,Biosphere 2,0.06,49828.3,49674.4,93.3,107.3,6.39,254,32.51,49688.8,0.03,32298,1.199,8.24,-80.6,25.147,3.11,11.7
8/25/20,10:45:00,0,Biosphere 2,0.06,49824.2,49673.9,93.8,107.9,6.42,254.8,32.51,49688,0.03,32297,1.191,8.24,-80.7,25.144,3.11,11.7
8/25/20,11:00:00,0,Biosphere 2,0.06,49806,49673.8,94,108.2,6.44,255.2,32.5,49686.2,0.02,32296,1.186,8.24,-80.8,25.126,3.11,11.7
8/25/20,11:15:00,0,Biosphere 2,0.06,49806.2,49675.1,94.4,108.6,6.47,256,32.51,49687.4,0.02,32297,1.2,8.24,-80.9,25.125,3.11,11.7
8/25/20,11:30:00,0,Biosphere 2,0.05,49802.8,49676.3,94.8,109.1,6.5,256.1,32.51,49688.1,0.03,32297,1.196,8.25,-81,25.121,3.11,11.7
8/25/20,11:45:00,0,Biosphere 2,0.06,49802.4,49676.3,95.4,109.8,6.54,255.5,32.51,49688.1,0.01,32297,1.19,8.25,-81.1,25.12,3.11,11.7
8/25/20,12:00:00,0,Biosphere 2,0.06,49805.6,49676.1,95.6,110,6.55,255.9,32.51,49688.3,0.02,32297,1.193,8.25,-81.2,25.124,3.11,11.7
8/25/20,12:15:00,0,Biosphere 2,0.08,49803.5,49675.8,95.7,110.2,6.56,255.9,32.51,49687.7,0.02,32297,1.192,8.25,-81.2,25.122,3.11,11.7
8/25/20,12:30:00,0,Biosphere 2,0.07,49800.2,49677.6,95.7,110.1,6.56,256.5,32.51,49689.1,0.02,32298,1.187,8.25,-81.3,25.117,3.11,11.7
8/25/20,12:45:00,0,Biosphere 2,0.08,49802.7,49678.9,95.7,110.1,6.56,256.7,32.51,49690.5,0.03,32299,1.197,8.25,-81.3,25.118,3.11,11.7
8/25/20,13:00:00,0,Biosphere 2,0.06,49808.8,49675.3,96.1,110.6,6.59,256.5,32.51,49687.8,0.04,32297,1.191,8.25,-81.4,25.127,3.11,11.7
8/25/20,13:15:00,0,Biosphere 2,0.07,49812.1,49674.4,96.4,111,6.61,256.2,32.51,49687.3,0.02,32297,1.185,8.26,-81.5,25.131,3.11,11.7
8/25/20,13:30:00,0,Biosphere 2,0.06,49812.1,49677.5,96.8,111.4,6.63,252.7,32.51,49690.1,0.03,32299,1.183,8.26,-81.6,25.129,3.11,11.7
8/25/20,13:45:00,0,Biosphere 2,0.08,49811.4,49679.8,97,111.7,6.65,253.9,32.51,49692.1,0.03,32300,1.191,8.26,-81.7,25.126,3.11,11.7
8/25/20,14:00:00,0,Biosphere 2,0.06,49802.2,49677.2,96.9,111.5,6.64,255.2,32.51,49688.9,0.02,32298,1.2,8.26,-81.8,25.119,3.11,11.7
8/25/20,14:15:00,0,Biosphere 2,0.08,49802.1,49676.4,97,111.6,6.65,255.9,32.51,49688.1,0.02,32297,1.189,8.26,-81.8,25.12,3.11,11.7
8/25/20,14:30:00,0,Biosphere 2,0.07,49803.2,49677.5,96.9,111.6,6.65,256.2,32.51,49689.2,0.02,32298,1.189,8.26,-81.9,25.12,3.11,11.7
8/25/20,14:45:00,0,Biosphere 2,0.06,49806.4,49677.7,97.2,111.8,6.66,256.5,32.51,49689.7,0.02,32298,1.195,8.26,-82,25.123,3.11,11.7
8/25/20,15:00:00,0,Biosphere 2,0.06,49806.5,49680.7,97.2,111.9,6.67,256.7,32.51,49692.5,0.01,32300,1.197,8.26,-82,25.12,3.11,11.7
8/25/20,15:15:00,0,Biosphere 2,0.07,49811.6,49677.9,97.6,112.3,6.69,257,32.51,49690.4,0.02,32299,1.191,8.27,-82.1,25.128,3.11,11.7
8/25/20,15:30:00,0,Biosphere 2,0.06,49808,49678.4,97.5,112.3,6.69,257.8,32.51,49690.5,0.02,32299,1.191,8.27,-82.2,25.124,3.11,11.7
8/25/20,15:45:00,0,Biosphere 2,0.07,49811,49680.4,97.7,112.4,6.7,258.6,32.51,49692.6,0.02,32300,1.198,8.27,-82.2,25.125,3.11,11.7
8/25/20,16:00:00,0,Biosphere 2,0.06,49808.4,49680.2,97.5,112.2,6.69,259.1,32.51,49692.2,0,32300,1.184,8.27,-82.3,25.122,3.11,11.7
8/25/20,16:15:00,0,Biosphere 2,0.07,49804.2,49682.3,97.3,112,6.67,259.3,32.51,49693.7,0.02,32301,1.186,8.27,-82.3,25.116,3.11,11.7
8/25/20,16:30:00,0,Biosphere 2,0.06,49803,49681.3,97.2,111.9,6.66,258.9,32.51,49692.7,0.01,32300,1.193,8.27,-82.3,25.116,3.11,11.7
8/25/20,16:45:00,0,Biosphere 2,0.06,49802,49682,97.1,111.7,6.65,258.7,32.51,49693.2,0.02,32301,1.19,8.27,-82.3,25.115,3.11,11.7
8/25/20,17:00:00,0,Biosphere 2,0.1,49796.9,49680.9,96.8,111.4,6.63,257.8,32.51,49691.8,0.02,32300,1.192,8.27,-82.3,25.111,3.11,11.7
8/25/20,17:15:00,0,Biosphere 2,0.06,49802.3,49684.2,96.6,111.1,6.62,258.3,32.51,49695.3,0.02,32302,1.2,8.27,-82.3,25.113,3.11,11.7
8/25/20,17:30:00,0,Biosphere 2,0.06,49801.5,49682.2,96.3,110.8,6.6,256.2,32.51,49693.4,0.01,32301,1.183,8.27,-82.3,25.114,3.11,11.7
8/25/20,17:45:00,0,Biosphere 2,0.05,49801.5,49680.7,96.1,110.6,6.59,254.8,32.51,49692,0.02,32300,1.192,8.27,-82.3,25.115,3.11,11.7
8/25/20,18:00:00,0,Biosphere 2,0.05,49800.7,49679.6,95.9,110.3,6.57,256,32.51,49690.9,0.02,32299,1.19,8.27,-82.3,25.116,3.11,11.7
8/25/20,18:15:00,0,Biosphere 2,0.05,49799.8,49680.5,95.6,110.1,6.56,257.3,32.51,49691.7,0.01,32300,1.193,8.27,-82.3,25.114,3.11,11.7
8/25/20,18:30:00,0,Biosphere 2,0.04,49798.5,49679.9,95.3,109.6,6.53,258.4,32.51,49691,0.01,32299,1.2,8.27,-82.3,25.113,3.11,11.7
8/25/20,18:45:00,0,Biosphere 2,0.04,49805.3,49683.8,95,109.3,6.51,254,32.51,49695.2,0.01,32302,1.19,8.27,-82.2,25.116,3.11,11.7
8/25/20,19:00:00,0,Biosphere 2,0.03,49803.6,49683.1,94.8,109.1,6.5,255.3,32.51,49694.4,0.02,32301,1.188,8.27,-82.2,25.115,3.11,11.7
8/25/20,19:15:00,0,Biosphere 2,0.03,49801.8,49681.2,94.5,108.7,6.48,256,32.51,49692.5,0.02,32300,1.191,8.27,-82.2,25.115,3.11,11.7
8/25/20,19:30:00,0,Biosphere 2,0.03,49804.3,49683.6,94.2,108.4,6.46,243.3,32.51,49694.9,0.02,32302,1.191,8.27,-82.1,25.115,3.11,11.7
8/25/20,19:45:00,0,Biosphere 2,0.03,49801.6,49680.8,94,108.1,6.44,250.3,32.51,49692.1,0.01,32300,1.189,8.27,-82.1,25.115,3.11,11.7
8/25/20,20:00:00,0,Biosphere 2,0.02,49805.6,49684.3,93.7,107.8,6.42,253.1,32.51,49695.7,0.01,32302,1.182,8.26,-82,25.116,3.11,11.7
8/25/20,20:15:00,0,Biosphere 2,0.02,49801,49681.5,93.4,107.5,6.4,254.5,32.51,49692.7,0.01,32300,1.181,8.26,-82,25.114,3.11,11.7
8/25/20,20:30:00,0,Biosphere 2,0.02,49803.7,49683.5,93.2,107.3,6.39,255.6,32.51,49694.8,0.01,32302,1.183,8.26,-82,25.115,3.11,11.7
8/25/20,20:45:00,0,Biosphere 2,0.02,49805.1,49684.5,92.9,106.9,6.37,256.1,32.51,49695.8,0.02,32302,1.192,8.26,-81.9,25.115,3.11,11.7
8/25/20,21:00:00,0,Biosphere 2,0.02,49805.4,49683.7,92.7,106.7,6.36,256.7,32.51,49695.1,0.02,32302,1.201,8.26,-81.9,25.116,3.11,11.7
8/25/20,21:15:00,0,Biosphere 2,0.02,49806.3,49685.3,92.5,106.4,6.34,256.5,32.51,49696.7,0,32303,1.189,8.26,-81.8,25.116,3.11,11.7
8/25/20,21:30:00,0,Biosphere 2,0.02,49802.9,49682.2,92.3,106.2,6.33,256.5,32.51,49693.5,0.01,32301,1.183,8.26,-81.8,25.115,3.11,11.7
8/25/20,21:45:00,0,Biosphere 2,0.02,49803.2,49681.9,92,105.9,6.31,257.1,32.51,49693.3,0.01,32301,1.184,8.26,-81.7,25.116,3.11,11.7
8/25/20,22:00:00,0,Biosphere 2,0.02,49805.7,49684.1,91.9,105.7,6.3,256.3,32.51,49695.5,0.01,32302,1.2,8.26,-81.7,25.116,3.11,11.7
8/25/20,22:15:00,0,Biosphere 2,0.02,49804.2,49682.1,91.6,105.4,6.28,257.3,32.51,49693.6,0.01,32301,1.197,8.26,-81.6,25.117,3.11,11.7
8/25/20,22:30:00,0,Biosphere 2,0.02,49806.4,49685.6,91.5,105.4,6.28,258.3,32.51,49696.9,0.01,32303,1.193,8.26,-81.6,25.115,3.11,11.7
8/25/20,22:45:00,0,Biosphere 2,0.03,49802.1,49682.1,91.4,105.1,6.26,258.6,32.51,49693.3,0.01,32301,1.183,8.25,-81.5,25.115,3.11,11.7
8/25/20,23:00:00,0,Biosphere 2,0.02,49805.9,49685.8,91,104.8,6.24,255.3,32.51,49697,0.01,32303,1.189,8.25,-81.4,25.115,3.11,11.7
8/25/20,23:15:00,0,Biosphere 2,0.03,49802.3,49683.2,91,104.7,6.24,255.3,32.51,49694.4,0.01,32301,1.198,8.25,-81.4,25.114,3.11,11.7
8/25/20,23:30:00,0,Biosphere 2,0.02,49805.7,49686,90.8,104.5,6.23,255.2,32.51,49697.2,0.02,32303,1.191,8.25,-81.3,25.114,3.11,11.7
8/25/20,23:45:00,0,Biosphere 2,0.02,49804.7,49685.5,90.7,104.4,6.22,255.4,32.51,49696.6,0.01,32303,1.186,8.25,-81.3,25.114,3.11,11.7
8/26/20,0:00:00,0,Biosphere 2,0.02,49805.7,49686,90.3,103.9,6.19,255.6,32.51,49697.2,0.01,32303,1.192,8.25,-81.2,25.114,3.11,11.7
8/26/20,0:15:00,0,Biosphere 2,0.02,49803.5,49685.2,90.4,104,6.19,255.6,32.51,49696.3,0.02,32303,1.196,8.25,-81.1,25.113,3.11,11.7
8/26/20,0:30:00,0,Biosphere 2,0.03,49801.5,49683.3,90.3,103.9,6.19,255.8,32.51,49694.4,0.02,32301,1.184,8.25,-81.1,25.113,3.11,11.7
8/26/20,0:45:00,0,Biosphere 2,0.03,49801.4,49683.5,90.1,103.7,6.18,255.9,32.51,49694.5,0.02,32301,1.192,8.25,-81.1,25.113,3.11,11.7
8/26/20,1:00:00,0,Biosphere 2,0.03,49801.4,49683.4,89.9,103.5,6.16,255.9,32.51,49694.5,0.02,32301,1.193,8.25,-81,25.113,3.11,11.7
8/26/20,1:15:00,0,Biosphere 2,0.02,49800.7,49683,89.6,103.1,6.14,255.2,32.51,49694,0.03,32301,1.189,8.24,-80.9,25.112,3.11,11.7
8/26/20,1:30:00,0,Biosphere 2,0.02,49800.9,49683.6,89.7,103.2,6.15,255.4,32.51,49694.6,0.02,32301,1.185,8.24,-80.9,25.112,3.11,11.7
8/26/20,1:45:00,0,Biosphere 2,0.04,49801.4,49684.4,89.6,103.1,6.14,255.6,32.51,49695.3,0.03,32302,1.199,8.24,-80.8,25.112,3.11,11.7
8/26/20,2:00:00,0,Biosphere 2,0.02,49801.5,49684.5,89.5,103,6.14,255.7,32.51,49695.5,0.03,32302,1.198,8.24,-80.8,25.112,3.11,11.7
8/26/20,2:15:00,0,Biosphere 2,0.03,49799.5,49683.6,89.4,102.9,6.13,256,32.51,49694.5,0.01,32301,1.193,8.24,-80.8,25.111,3.11,11.7
8/26/20,2:30:00,0,Biosphere 2,0.04,49801.8,49685.9,89.2,102.6,6.11,256.1,32.51,49696.7,0.01,32303,1.19,8.24,-80.7,25.111,3.11,11.7
8/26/20,2:45:00,0,Biosphere 2,0.03,49803.4,49688,89.2,102.6,6.11,255.9,32.51,49698.8,0.01,32304,1.192,8.24,-80.6,25.11,3.11,11.7
8/26/20,3:00:00,0,Biosphere 2,0.04,49799.2,49685.4,89.2,102.7,6.12,256.2,32.51,49696.1,0.01,32302,1.191,8.24,-80.6,25.109,3.11,11.7
8/26/20,3:15:00,0,Biosphere 2,0.03,49799.9,49687.1,89,102.4,6.1,256.4,32.51,49697.7,0.01,32304,1.194,8.24,-80.5,25.108,3.11,11.7
8/26/20,3:30:00,0,Biosphere 2,0.04,49797.2,49685.7,89,102.4,6.1,256.3,32.51,49696.1,0.01,32302,1.192,8.24,-80.5,25.107,3.11,11.7
8/26/20,3:45:00,0,Biosphere 2,0.03,49795.6,49685.9,88.9,102.3,6.1,256.1,32.51,49696.1,0.03,32302,1.19,8.24,-80.4,25.105,3.11,11.7
8/26/20,4:00:00,0,Biosphere 2,0.05,49798.3,49688.7,88.9,102.3,6.1,255.2,32.51,49699,0.02,32304,1.19,8.24,-80.3,25.105,3.11,11.7
8/26/20,4:15:00,0,Biosphere 2,0.03,49795.3,49687.9,88.5,101.9,6.07,254.6,32.51,49697.9,0.02,32304,1.2,8.23,-80.3,25.103,3.11,11.7
8/26/20,4:30:00,0,Biosphere 2,0.04,49796.1,49689.2,88.6,102,6.08,254.6,32.51,49699.2,0.02,32304,1.187,8.23,-80.2,25.102,3.11,11.7
8/26/20,4:45:00,0,Biosphere 2,0.05,49791.5,49686.4,88.7,102.1,6.08,254.9,32.51,49696.2,0.03,32303,1.192,8.23,-80.2,25.1,3.11,11.7
8/26/20,5:00:00,0,Biosphere 2,0.04,49790,49687.2,88.6,101.9,6.07,255.2,32.51,49696.8,0.03,32303,1.189,8.23,-80.1,25.098,3.11,11.7
8/26/20,5:15:00,0,Biosphere 2,0.05,49789.8,49687.4,88.5,101.9,6.07,255.3,32.51,49697,0.02,32303,1.192,8.23,-80.1,25.098,3.11,11.7
8/26/20,5:30:00,0,Biosphere 2,0.04,49791.9,49690.7,88.5,101.9,6.07,255.7,32.52,49700.2,0.02,32305,1.2,8.23,-80.1,25.097,3.11,11.7
8/26/20,5:45:00,0,Biosphere 2,0.04,49786.5,49687.8,88.3,101.6,6.05,255.7,32.51,49697,0.01,32303,1.188,8.23,-80,25.094,3.11,11.7
8/26/20,6:00:00,0,Biosphere 2,0.05,49786.2,49688.2,88.4,101.7,6.06,256.1,32.51,49697.4,0.01,32303,1.184,8.23,-80,25.094,3.11,11.7
8/26/20,6:15:00,0,Biosphere 2,0.06,49787.2,49690.9,88.2,101.5,6.05,252,32.52,49699.9,0.02,32305,1.192,8.23,-79.9,25.092,3.11,11.7
8/26/20,6:30:00,0,Biosphere 2,0.06,49785.6,49690.4,88.3,101.6,6.05,252.3,32.51,49699.3,0.02,32305,1.19,8.23,-79.8,25.091,3.11,11.7
8/26/20,6:45:00,0,Biosphere 2,0.06,49782.2,49688.8,88.1,101.3,6.04,253.2,32.51,49697.6,0.02,32303,1.19,8.23,-79.8,25.089,3.11,11.7
8/26/20,7:00:00,0,Biosphere 2,0.08,49782.1,49689.1,88.3,101.6,6.05,253.4,32.51,49697.8,0.02,32304,1.199,8.23,-79.8,25.089,3.11,11.7
8/26/20,7:15:00,0,Biosphere 2,0.08,49782.6,49689.5,88.4,101.7,6.06,254.1,32.51,49698.2,0.01,32304,1.191,8.22,-79.7,25.089,3.11,11.7
8/26/20,7:30:00,0,Biosphere 2,0.1,49785.8,49691.5,88.5,101.8,6.07,255.1,32.52,49700.4,0.02,32305,1.186,8.22,-79.7,25.09,3.11,11.7
8/26/20,7:45:00,0,Biosphere 2,0.11,49784.2,49688.4,88.6,102,6.08,255.3,32.51,49697.4,0.03,32303,1.19,8.22,-79.7,25.091,3.11,11.7
8/26/20,8:00:00,0,Biosphere 2,0.1,49786.7,49688.5,88.8,102.1,6.09,255.1,32.51,49697.7,0.03,32303,1.198,8.22,-79.7,25.094,3.11,11.7
8/26/20,8:15:00,0,Biosphere 2,0.14,49793.3,49691.2,89,102.5,6.11,255.4,32.52,49700.7,0.03,32305,1.19,8.22,-79.7,25.098,3.11,11.7
8/26/20,8:30:00,0,Biosphere 2,0.12,49795.8,49688.6,89.3,102.8,6.12,255.6,32.51,49698.7,0.03,32304,1.188,8.22,-79.7,25.102,3.11,11.7
8/26/20,8:45:00,0,Biosphere 2,0.12,49805.1,49691.6,89.7,103.3,6.15,256.1,32.52,49702.2,0.04,32306,1.184,8.23,-79.8,25.108,3.11,11.7
8/26/20,9:00:00,0,Biosphere 2,0.11,49805.6,49688.3,90,103.5,6.17,256.8,32.51,49699.3,0.03,32305,1.2,8.23,-79.8,25.112,3.11,11.7
8/26/20,9:15:00,0,Biosphere 2,0.1,49813.6,49688.2,90.4,104,6.2,257.4,32.51,49699.9,0.02,32305,1.197,8.23,-79.8,25.12,3.11,11.7
8/26/20,9:30:00,0,Biosphere 2,0.11,49828.1,49691.3,91.1,104.8,6.24,257.8,32.52,49704.1,0.03,32308,1.192,8.23,-80,25.131,3.11,11.7
8/26/20,9:45:00,0,Biosphere 2,0.1,49824.2,49689.1,91.4,105.2,6.26,258.4,32.52,49701.8,0.02,32306,1.2,8.23,-80,25.129,3.11,11.7
8/26/20,10:00:00,0,Biosphere 2,0.1,49820.2,49690.3,91.7,105.5,6.28,259,32.52,49702.4,0.03,32307,1.192,8.23,-80.1,25.124,3.11,11.7
8/26/20,10:15:00,0,Biosphere 2,0.11,49818.3,49689.3,91.9,105.8,6.3,258,32.52,49701.4,0.01,32306,1.185,8.23,-80.1,25.123,3.11,11.7
8/26/20,10:30:00,0,Biosphere 2,0.11,49825.5,49689.3,92.3,106.2,6.33,258.4,32.52,49702.1,0.02,32306,1.192,8.23,-80.2,25.13,3.11,11.7
8/26/20,10:45:00,0,Biosphere 2,0.1,49833,49690.5,92.8,106.8,6.36,258.2,32.52,49703.8,0.02,32307,1.19,8.23,-80.3,25.136,3.11,11.7
8/26/20,11:00:00,0,Biosphere 2,0.1,49831.6,49691.5,93.3,107.4,6.4,258.2,32.52,49704.6,0.03,32308,1.192,8.24,-80.4,25.134,3.11,11.7
8/26/20,11:15:00,0,Biosphere 2,0.11,49828.2,49691.4,93.5,107.7,6.41,257.2,32.52,49704.2,0.03,32308,1.201,8.24,-80.5,25.131,3.11,11.7
8/26/20,11:30:00,0,Biosphere 2,0.1,49828.2,49692.2,93.8,107.9,6.43,258.1,32.52,49704.9,0.02,32308,1.192,8.24,-80.6,25.13,3.11,11.7
8/26/20,11:45:00,0,Biosphere 2,0.11,49824,49689.9,94.1,108.3,6.45,258.6,32.52,49702.4,0.01,32307,1.197,8.24,-80.6,25.128,3.11,11.7
8/26/20,12:00:00,0,Biosphere 2,0.11,49826.4,49689.1,94.4,108.6,6.47,259.5,32.52,49701.9,0.01,32306,1.188,8.24,-80.7,25.131,3.11,11.7
8/26/20,12:15:00,0,Biosphere 2,0.13,49831.3,49693.3,94.5,108.8,6.48,260.1,32.52,49706.2,0.02,32309,1.19,8.24,-80.7,25.132,3.11,11.7
8/26/20,12:30:00,0,Biosphere 2,0.1,49829.7,49693,94.8,109.1,6.5,260.3,32.52,49705.8,0.03,32309,1.196,8.24,-80.8,25.13,3.11,11.7
8/26/20,12:45:00,0,Biosphere 2,0.12,49835.1,49694.2,95.2,109.6,6.52,260.7,32.52,49707.4,0.03,32310,1.191,8.25,-80.9,25.134,3.11,11.7
8/26/20,13:00:00,0,Biosphere 2,0.11,49834.5,49695.1,95.3,109.7,6.53,258.4,32.52,49708.1,0.03,32310,1.195,8.25,-81,25.133,3.11,11.7
8/26/20,13:15:00,0,Biosphere 2,0.11,49827.2,49694.3,95.5,109.9,6.55,258.8,32.52,49706.7,0.03,32309,1.193,8.25,-81.1,25.127,3.11,11.7
8/26/20,13:30:00,0,Biosphere 2,0.12,49828.4,49693,95.7,110.1,6.56,259,32.52,49705.7,0.02,32309,1.19,8.25,-81.1,25.129,3.11,11.7
8/26/20,13:45:00,0,Biosphere 2,0.11,49829,49692,95.9,110.4,6.57,259.3,32.52,49704.8,0.03,32308,1.19,8.25,-81.2,25.131,3.11,11.7
8/26/20,14:00:00,0,Biosphere 2,0.12,49824.6,49695.2,96,110.4,6.58,259,32.52,49707.3,0.03,32310,1.198,8.25,-81.3,25.123,3.11,11.7
8/26/20,14:15:00,0,Biosphere 2,0.12,49824,49694,96,110.5,6.58,259.3,32.52,49706.1,0.02,32309,1.195,8.25,-81.3,25.124,3.11,11.7
8/26/20,14:30:00,0,Biosphere 2,0.11,49820.3,49693.4,96,110.5,6.58,259.3,32.52,49705.3,0.02,32308,1.185,8.25,-81.4,25.121,3.11,11.7
8/26/20,14:45:00,0,Biosphere 2,0.1,49824.3,49693.7,95.9,110.4,6.58,259.4,32.52,49705.9,0.01,32309,1.185,8.25,-81.4,25.125,3.11,11.7
8/26/20,15:00:00,0,Biosphere 2,0.12,49829,49693.6,96.1,110.5,6.58,259.8,32.52,49706.3,0.01,32309,1.197,8.25,-81.5,25.129,3.11,11.7
8/26/20,15:15:00,0,Biosphere 2,0.1,49830.1,49694.2,96,110.5,6.58,259.6,32.52,49707,0.03,32310,1.194,8.25,-81.5,25.13,3.11,11.7
8/26/20,15:30:00,0,Biosphere 2,0.1,49835.1,49695.9,96.3,110.8,6.6,259.6,32.52,49708.9,0.03,32311,1.194,8.26,-81.6,25.133,3.11,11.7
8/26/20,15:45:00,0,Biosphere 2,0.1,49831.2,49696.7,96.1,110.6,6.59,260.1,32.52,49709.3,0.01,32311,1.198,8.26,-81.6,25.128,3.11,11.7
8/26/20,16:00:00,0,Biosphere 2,0.11,49828.7,49695.1,96.1,110.5,6.58,260.6,32.52,49707.6,0.01,32310,1.193,8.26,-81.6,25.128,3.11,11.7
8/26/20,16:15:00,0,Biosphere 2,0.1,49829.9,49698.4,96,110.5,6.58,258.9,32.52,49710.7,0.01,32312,1.192,8.26,-81.6,25.126,3.11,11.7
8/26/20,16:30:00,0,Biosphere 2,0.11,49830.4,49698.5,96,110.4,6.58,259.8,32.52,49710.9,0.03,32312,1.193,8.26,-81.7,25.126,3.11,11.7
8/26/20,16:45:00,0,Biosphere 2,0.1,49826.3,49697.5,95.9,110.4,6.57,253.4,32.52,49709.5,0.01,32311,1.19,8.26,-81.7,25.123,3.11,11.7
8/26/20,17:00:00,0,Biosphere 2,0.1,49828.7,49698.7,95.7,110.1,6.56,254.9,32.52,49710.8,0.03,32312,1.192,8.26,-81.7,25.124,3.11,11.7
8/26/20,17:15:00,0,Biosphere 2,0.09,49825.5,49696,95.5,109.9,6.55,256.5,32.52,49708.1,0.01,32310,1.19,8.26,-81.7,25.124,3.11,11.7
8/26/20,17:30:00,0,Biosphere 2,0.09,49829.8,49698.9,95.3,109.7,6.53,257.8,32.52,49711.2,0.01,32312,1.191,8.26,-81.7,25.125,3.11,11.7
8/26/20,17:45:00,0,Biosphere 2,0.09,49827.6,49696.9,95.2,109.5,6.52,258.7,32.52,49709.2,0.02,32311,1.189,8.26,-81.7,25.125,3.11,11.7
8/26/20,18:00:00,0,Biosphere 2,0.08,49825.2,49696.3,95,109.3,6.51,258.6,32.52,49708.4,0.02,32310,1.191,8.26,-81.7,25.123,3.11,11.7
8/26/20,18:15:00,0,Biosphere 2,0.07,49826.8,49697.8,94.7,109,6.49,259.2,32.52,49709.9,0.02,32311,1.19,8.26,-81.7,25.123,3.11,11.7
8/26/20,18:30:00,0,Biosphere 2,0.08,49824.1,49697.4,94.6,108.8,6.48,260.1,32.52,49709.3,0.01,32311,1.187,8.26,-81.6,25.121,3.11,11.7
8/26/20,18:45:00,0,Biosphere 2,0.08,49826.6,49699.1,94.3,108.5,6.46,260.6,32.52,49711.1,0.03,32312,1.186,8.26,-81.6,25.122,3.11,11.7
8/26/20,19:00:00,0,Biosphere 2,0.06,49823.2,49697,94.1,108.3,6.45,259.9,32.52,49708.8,0.02,32311,1.192,8.26,-81.6,25.12,3.11,11.7
8/26/20,19:15:00,0,Biosphere 2,0.06,49826.3,49698.6,93.9,108.1,6.44,259.9,32.52,49710.6,0.02,32312,1.2,8.26,-81.6,25.122,3.11,11.7
8/26/20,19:30:00,0,Biosphere 2,0.06,49823.1,49697.1,93.6,107.7,6.42,260,32.52,49708.9,0.02,32311,1.186,8.26,-81.6,25.12,3.11,11.7
8/26/20,19:45:00,0,Biosphere 2,0.06,49823.1,49696.8,93.3,107.4,6.4,257.7,32.52,49708.6,0.02,32311,1.185,8.26,-81.5,25.121,3.11,11.7
8/26/20,20:00:00,0,Biosphere 2,0.06,49822.8,49696.7,93.1,107.1,6.38,258.4,32.52,49708.5,0.01,32311,1.183,8.25,-81.4,25.12,3.11,11.7
8/26/20,20:15:00,0,Biosphere 2,0.05,49824.8,49699.5,93,107,6.37,259,32.52,49711.2,0.01,32312,1.184,8.25,-81.4,25.12,3.11,11.7
8/26/20,20:30:00,0,Biosphere 2,0.05,49823.1,49697.6,92.8,106.8,6.36,259.3,32.52,49709.3,0.02,32311,1.19,8.25,-81.4,25.12,3.11,11.7
8/26/20,20:45:00,0,Biosphere 2,0.04,49824.2,49699.2,92.4,106.4,6.34,259.7,32.52,49710.9,0.02,32312,1.192,8.25,-81.3,25.119,3.11,11.7
8/26/20,21:00:00,0,Biosphere 2,0.04,49824.1,49699.7,92.3,106.3,6.33,259.7,32.52,49711.3,0.02,32312,1.2,8.25,-81.3,25.119,3.11,11.7
8/26/20,21:15:00,0,Biosphere 2,0.05,49826,49700.7,92.1,106,6.31,259.8,32.52,49712.5,0.02,32313,1.188,8.25,-81.2,25.12,3.11,11.7
8/26/20,21:30:00,0,Biosphere 2,0.05,49822.3,49697.9,91.9,105.8,6.3,260.2,32.52,49709.6,0.01,32311,1.19,8.25,-81.2,25.119,3.11,11.7
8/26/20,21:45:00,0,Biosphere 2,0.05,49822.4,49698,91.7,105.5,6.29,259.5,32.52,49709.6,0,32311,1.188,8.25,-81.1,25.119,3.11,11.7
8/26/20,22:00:00,0,Biosphere 2,0.05,49824.6,49700.1,91.5,105.3,6.27,258.8,32.52,49711.8,0.02,32313,1.197,8.25,-81.1,25.119,3.11,11.7
8/26/20,22:15:00,0,Biosphere 2,0.06,49823.1,49698.4,91.3,105,6.26,256.5,32.52,49710,0.02,32312,1.192,8.25,-81,25.119,3.11,11.7
8/26/20,22:30:00,0,Biosphere 2,0.04,49826.1,49701.1,91.2,104.9,6.25,257.5,32.52,49712.8,0.02,32313,1.189,8.25,-81,25.119,3.11,11.7
8/26/20,22:45:00,0,Biosphere 2,0.05,49825,49699.8,91,104.7,6.24,257.7,32.52,49711.5,0.02,32312,1.19,8.24,-80.9,25.12,3.11,11.7
8/26/20,23:00:00,0,Biosphere 2,0.05,49823.5,49698.6,90.8,104.5,6.23,258,32.52,49710.3,0.02,32312,1.183,8.24,-80.9,25.119,3.11,11.7
8/26/20,23:15:00,0,Biosphere 2,0.06,49822.8,49698.1,90.7,104.4,6.22,257.8,32.52,49709.8,0.03,32311,1.192,8.24,-80.8,25.119,3.11,11.7
8/26/20,23:30:00,0,Biosphere 2,0.05,49822.5,49697.8,90.5,104.2,6.21,257.8,32.52,49709.5,0,32311,1.192,8.24,-80.8,25.119,3.11,11.7
8/26/20,23:45:00,0,Biosphere 2,0.06,49824.9,49700.1,90.4,104,6.19,258.6,32.52,49711.7,0.01,32313,1.189,8.24,-80.7,25.119,3.11,11.7
8/27/20,0:00:00,0,Biosphere 2,0.06,49825.1,49700.6,90.3,103.9,6.19,257.8,32.52,49712.3,0.02,32313,1.196,8.24,-80.7,25.119,3.11,11.7
8/27/20,0:15:00,0,Biosphere 2,0.05,49824.9,49701.1,89.9,103.5,6.16,257.8,32.52,49712.7,0.02,32313,1.193,8.24,-80.6,25.118,3.11,11.7
8/27/20,0:30:00,0,Biosphere 2,0.05,49821.9,49699.1,89.9,103.5,6.17,257.7,32.52,49710.6,0.02,32312,1.19,8.24,-80.6,25.117,3.11,11.7
8/27/20,0:45:00,0,Biosphere 2,0.05,49823.7,49701,89.8,103.3,6.15,258.2,32.52,49712.5,0.02,32313,1.199,8.24,-80.5,25.117,3.11,11.7
8/27/20,1:00:00,0,Biosphere 2,0.06,49820.7,49699.3,89.7,103.2,6.15,258.1,32.52,49710.6,0.02,32312,1.2,8.24,-80.4,25.116,3.11,11.7
8/27/20,1:15:00,0,Biosphere 2,0.05,49819.1,49699.2,89,102.4,6.1,257.7,32.52,49710.4,0.02,32312,1.191,8.23,-80.3,25.115,3.11,11.7
8/27/20,1:30:00,0,Biosphere 2,0.06,49822.7,49702.3,89.6,103.1,6.14,252.4,32.52,49713.6,0.03,32314,1.184,8.24,-80.4,25.115,3.11,11.7
8/27/20,1:45:00,0,Biosphere 2,0.06,49819.1,49700.1,89.4,102.9,6.13,254,32.52,49711.2,0.02,32312,1.187,8.23,-80.3,25.114,3.11,11.7
8/27/20,2:00:00,0,Biosphere 2,0.05,49818.6,49700.6,89.2,102.7,6.12,254.6,32.52,49711.6,0.02,32313,1.201,8.23,-80.3,25.113,3.11,11.7
8/27/20,2:15:00,0,Biosphere 2,0.06,49816.8,49699.5,89.3,102.8,6.12,256,32.52,49710.5,0.02,32312,1.191,8.23,-80.2,25.112,3.11,11.7
8/27/20,2:30:00,0,Biosphere 2,0.06,49820.1,49702.7,89.1,102.6,6.11,256.1,32.52,49713.7,0.02,32314,1.193,8.23,-80.1,25.112,3.11,11.7
8/27/20,2:45:00,0,Biosphere 2,0.08,49818.3,49702.2,89,102.4,6.1,256.6,32.52,49713.1,0.02,32314,1.196,8.23,-80.1,25.111,3.11,11.7
8/27/20,3:00:00,0,Biosphere 2,0.07,49819,49703.5,89,102.5,6.1,256.7,32.53,49714.3,0.03,32314,1.189,8.23,-80.1,25.11,3.11,11.7
8/27/20,3:15:00,0,Biosphere 2,0.07,49815,49700.9,88.9,102.3,6.1,257.4,32.52,49711.6,0.03,32313,1.19,8.23,-80,25.109,3.11,11.7
8/27/20,3:30:00,0,Biosphere 2,0.07,49816.6,49703.3,88.7,102.1,6.08,257.3,32.53,49713.9,0.01,32314,1.192,8.23,-80,25.108,3.11,11.7
8/27/20,3:45:00,0,Biosphere 2,0.07,49814.8,49702.6,88.8,102.1,6.09,255.6,32.52,49713.1,0.01,32314,1.2,8.23,-79.9,25.107,3.11,11.7
8/27/20,4:00:00,0,Biosphere 2,0.07,49812,49701.1,88.7,102.1,6.08,255.9,32.52,49711.5,0.02,32312,1.188,8.23,-79.8,25.106,3.11,11.7
8/27/20,4:15:00,0,Biosphere 2,0.08,49813.7,49703.3,88.6,102,6.08,256.3,32.52,49713.6,0.03,32314,1.193,8.23,-79.8,25.105,3.11,11.7
8/27/20,4:30:00,0,Biosphere 2,0.07,49812.1,49703.5,88.6,101.9,6.07,256.8,32.53,49713.7,0.02,32314,1.183,8.22,-79.8,25.104,3.11,11.7
8/27/20,4:45:00,0,Biosphere 2,0.07,49809.2,49702.2,88.5,101.9,6.07,257.1,32.52,49712.2,0.01,32313,1.187,8.22,-79.7,25.102,3.11,11.7
8/27/20,5:00:00,0,Biosphere 2,0.08,49807.6,49701.4,88.5,101.9,6.07,257.6,32.52,49711.4,0.03,32312,1.2,8.22,-79.6,25.101,3.11,11.7
8/27/20,5:15:00,0,Biosphere 2,0.08,49808.5,49704.9,88.3,101.7,6.06,257.8,32.53,49714.6,0.04,32315,1.198,8.22,-79.6,25.099,3.11,11.7
8/27/20,5:30:00,0,Biosphere 2,0.08,49806.1,49705.2,88.4,101.7,6.06,256.2,32.53,49714.6,0.02,32315,1.184,8.22,-79.5,25.096,3.11,11.7
8/27/20,5:45:00,0,Biosphere 2,0.09,49800.8,49704,88.2,101.5,6.05,256,32.52,49713,0.04,32313,1.188,8.22,-79.5,25.092,3.11,11.7
8/27/20,6:00:00,0,Biosphere 2,0.09,49798.1,49704.3,88.3,101.6,6.06,255.8,32.52,49713.1,0.02,32314,1.198,8.22,-79.5,25.09,3.11,11.7
8/27/20,6:15:00,0,Biosphere 2,0.1,49795.1,49703.9,88.2,101.4,6.05,256.3,32.52,49712.4,0.02,32313,1.189,8.22,-79.4,25.087,3.11,11.7
8/27/20,6:30:00,0,Biosphere 2,0.11,49792.3,49705.3,88,101.3,6.04,256,32.53,49713.4,0.04,32314,1.195,8.22,-79.3,25.083,3.11,11.7
8/27/20,6:45:00,0,Biosphere 2,0.12,49791.8,49707.5,88.2,101.5,6.05,256.5,32.53,49715.4,0.03,32315,1.192,8.22,-79.3,25.08,3.11,11.7
8/27/20,7:00:00,0,Biosphere 2,0.14,49791.4,49708.6,88.2,101.5,6.05,256.7,32.53,49716.4,0.02,32316,1.189,8.22,-79.2,25.079,3.11,11.7
8/27/20,7:15:00,0,Biosphere 2,0.13,49785.7,49706.5,88.1,101.4,6.05,256.9,32.53,49713.9,0.03,32314,1.186,8.22,-79.2,25.076,3.11,11.7
8/27/20,7:30:00,0,Biosphere 2,0.13,49786.5,49706.6,88.4,101.7,6.06,256.5,32.53,49714.1,0.04,32314,1.183,8.22,-79.2,25.076,3.11,11.7
8/27/20,7:45:00,0,Biosphere 2,0.17,49787.4,49706.1,88.6,101.9,6.07,252.5,32.53,49713.7,0.05,32314,1.192,8.22,-79.2,25.078,3.11,11.7
8/27/20,8:00:00,0,Biosphere 2,0.17,49791.5,49707.7,88.8,102.1,6.09,253.7,32.53,49715.5,0.04,32315,1.19,8.22,-79.2,25.08,3.11,11.7
8/27/20,8:15:00,0,Biosphere 2,0.18,49793.1,49705.8,89.1,102.5,6.11,253.5,32.53,49714,0.05,32314,1.188,8.22,-79.2,25.083,3.11,11.7
8/27/20,8:30:00,0,Biosphere 2,0.14,49798.1,49706.1,89.4,102.9,6.13,254.8,32.53,49714.7,0.03,32315,1.19,8.22,-79.3,25.088,3.11,11.7
8/27/20,8:45:00,0,Biosphere 2,0.16,49803.6,49705.6,89.8,103.4,6.16,255.5,32.53,49714.7,0.03,32315,1.192,8.22,-79.3,25.094,3.11,11.7
8/27/20,9:00:00,0,Biosphere 2,0.16,49811.3,49704.5,90.3,103.9,6.19,253,32.53,49714.5,0.04,32314,1.2,8.22,-79.4,25.102,3.11,11.7
8/27/20,9:15:00,0,Biosphere 2,0.15,49818.9,49705.1,90.5,104.2,6.21,250.3,32.53,49715.8,0.04,32315,1.188,8.22,-79.4,25.109,3.11,11.7
8/27/20,9:30:00,0,Biosphere 2,0.15,49833.1,49704.3,91.3,105,6.26,252.2,32.53,49716.4,0.04,32316,1.192,8.22,-79.5,25.123,3.11,11.7
8/27/20,9:45:00,0,Biosphere 2,0.15,49835.2,49703.2,91.6,105.4,6.28,254.6,32.53,49715.6,0.04,32315,1.19,8.22,-79.6,25.126,3.11,11.7
8/27/20,10:00:00,0,Biosphere 2,0.14,49846.3,49702.3,92.4,106.4,6.33,256.7,32.53,49715.8,0.03,32315,1.184,8.22,-79.8,25.137,3.11,11.7
8/27/20,10:15:00,0,Biosphere 2,0.13,49847.8,49705.6,92.7,106.7,6.35,257.9,32.53,49719,0.02,32317,1.197,8.23,-79.8,25.136,3.11,11.7
8/27/20,10:30:00,0,Biosphere 2,0.14,49846.3,49702.2,93.2,107.3,6.39,258.6,32.53,49715.7,0.03,32315,1.19,8.23,-79.9,25.138,3.11,11.7
8/27/20,10:45:00,0,Biosphere 2,0.13,49855.5,49706.4,94.1,108.2,6.44,258.4,32.53,49720.3,0.04,32318,1.192,8.23,-80.1,25.142,3.11,11.7
8/27/20,11:00:00,0,Biosphere 2,0.15,49842,49705.7,94.3,108.5,6.46,259,32.53,49718.4,0.04,32317,1.188,8.23,-80.2,25.13,3.11,11.7
8/27/20,11:15:00,0,Biosphere 2,0.16,49844.2,49703.3,94.9,109.2,6.5,259.8,32.53,49716.5,0.04,32316,1.188,8.23,-80.3,25.135,3.11,11.7
8/27/20,11:30:00,0,Biosphere 2,0.16,49846,49705.4,95.5,109.9,6.55,260.5,32.53,49718.6,0.03,32317,1.188,8.24,-80.5,25.134,3.11,11.7
8/27/20,11:45:00,0,Biosphere 2,0.15,49844.8,49706.2,96.1,110.6,6.59,260,32.53,49719.2,0.03,32317,1.188,8.24,-80.6,25.132,3.11,11.7
8/27/20,12:00:00,0,Biosphere 2,0.14,49832.8,49701.2,96.7,111.2,6.63,260.1,32.52,49713.5,0.03,32314,1.186,8.24,-80.8,25.126,3.11,11.7
8/27/20,12:15:00,0,Biosphere 2,0.15,49832.5,49704,96.9,111.5,6.64,258.7,32.53,49716.1,0.03,32315,1.183,8.24,-80.9,25.123,3.11,11.7
8/27/20,12:30:00,0,Biosphere 2,0.13,49841.1,49704.4,97.6,112.3,6.69,258.7,32.53,49717.2,0.04,32316,1.184,8.25,-81.1,25.13,3.11,11.7
8/27/20,12:45:00,0,Biosphere 2,0.13,49844.3,49704.6,98,112.8,6.72,258.7,32.53,49717.7,0.03,32317,1.181,8.25,-81.2,25.133,3.11,11.7
8/27/20,13:00:00,0,Biosphere 2,0.13,49837.3,49709.6,98.2,113,6.73,258.2,32.53,49721.5,0.03,32319,1.197,8.25,-81.3,25.122,3.11,11.7
8/27/20,13:15:00,0,Biosphere 2,0.15,49836.6,49706.5,98.6,113.4,6.76,257,32.53,49718.7,0.04,32317,1.192,8.25,-81.4,25.124,3.11,11.7
8/27/20,13:30:00,0,Biosphere 2,0.16,49842.1,49702.5,99.1,114.1,6.79,253.7,32.53,49715.6,0.03,32315,1.186,8.26,-81.6,25.133,3.11,11.7
8/27/20,13:45:00,0,Biosphere 2,0.15,49833.6,49701.4,99.4,114.4,6.81,256.3,32.52,49713.8,0.04,32314,1.186,8.26,-81.7,25.126,3.11,11.7
8/27/20,14:00:00,0,Biosphere 2,0.14,49841.6,49707.7,99.8,114.8,6.84,258.3,32.53,49720.2,0.04,32318,1.182,8.26,-81.8,25.128,3.11,11.7
8/27/20,14:15:00,0,Biosphere 2,0.14,49831.3,49707.9,99.5,114.5,6.82,260,32.53,49719.5,0.04,32318,1.19,8.26,-81.9,25.118,3.11,11.7
8/27/20,14:30:00,0,Biosphere 2,0.14,49835.9,49708.8,99.4,114.4,6.81,260.6,32.53,49720.7,0.03,32318,1.189,8.26,-81.9,25.121,3.11,11.7
8/27/20,14:45:00,0,Biosphere 2,0.14,49834.4,49705.9,99.7,114.7,6.83,261.2,32.53,49717.9,0.01,32317,1.183,8.26,-82.1,25.123,3.11,11.7
8/27/20,15:00:00,0,Biosphere 2,0.15,49833.7,49708.6,99.5,114.5,6.82,261.9,32.53,49720.3,0.03,32318,1.185,8.27,-82.1,25.119,3.11,11.7
8/27/20,15:15:00,0,Biosphere 2,0.14,49832.4,49710,99.2,114.1,6.8,261.9,32.53,49721.4,0.03,32319,1.184,8.27,-82.1,25.117,3.11,11.7
8/27/20,15:30:00,0,Biosphere 2,0.12,49825.7,49709.1,98.9,113.9,6.78,261.2,32.53,49720.1,0.02,32318,1.2,8.27,-82.1,25.111,3.11,11.7
8/27/20,15:45:00,0,Biosphere 2,0.15,49828.5,49709.5,98.7,113.6,6.76,261.9,32.53,49720.7,0.03,32318,1.185,8.27,-82.2,25.114,3.11,11.7
8/27/20,16:00:00,0,Biosphere 2,0.15,49829.9,49710.6,98.4,113.2,6.74,262.5,32.53,49721.7,0.03,32319,1.189,8.27,-82.1,25.114,3.11,11.7
8/27/20,16:15:00,0,Biosphere 2,0.15,49830.4,49711.4,98.1,112.9,6.73,262.1,32.53,49722.5,0.03,32320,1.199,8.27,-82.2,25.114,3.11,11.7
8/27/20,16:30:00,0,Biosphere 2,0.14,49831.9,49711.3,97.9,112.6,6.71,260.3,32.53,49722.6,0.03,32320,1.183,8.27,-82.2,25.115,3.11,11.7
8/27/20,16:45:00,0,Biosphere 2,0.13,49830.9,49708.9,97.7,112.4,6.69,260,32.53,49720.3,0.03,32318,1.191,8.27,-82.2,25.116,3.11,11.7
8/27/20,17:00:00,0,Biosphere 2,0.14,49833.8,49712,97.3,112,6.67,260.6,32.53,49723.4,0.03,32320,1.194,8.27,-82.2,25.116,3.11,11.7
8/27/20,17:15:00,0,Biosphere 2,0.12,49834.7,49710.9,97,111.7,6.65,260.8,32.53,49722.5,0.02,32320,1.182,8.27,-82.2,25.118,3.11,11.7
8/27/20,17:30:00,0,Biosphere 2,0.11,49834.1,49708.4,96.8,111.4,6.63,261.3,32.53,49720.1,0.02,32318,1.181,8.27,-82.2,25.12,3.11,11.7
8/27/20,17:45:00,0,Biosphere 2,0.12,49833.7,49709.1,96.4,111,6.61,261.4,32.53,49720.8,0.01,32318,1.195,8.27,-82.1,25.119,3.11,11.7
8/27/20,18:00:00,0,Biosphere 2,0.13,49834.7,49709.4,96.1,110.6,6.59,261.1,32.53,49721.1,0.03,32319,1.198,8.27,-82.1,25.12,3.11,11.7
8/27/20,18:15:00,0,Biosphere 2,0.12,49837.1,49711.2,95.8,110.2,6.56,261.1,32.53,49723,0.03,32320,1.194,8.26,-82.1,25.12,3.11,11.7
8/27/20,18:30:00,0,Biosphere 2,0.11,49836.9,49711.3,95.6,110,6.55,261.1,32.53,49723.1,0.04,32320,1.183,8.26,-82.1,25.12,3.11,11.7
8/27/20,18:45:00,0,Biosphere 2,0.1,49835.2,49709.1,95.3,109.6,6.53,259.9,32.53,49720.9,0.02,32319,1.19,8.26,-82,25.12,3.11,11.7
8/27/20,19:00:00,0,Biosphere 2,0.12,49835.5,49710.6,94.9,109.3,6.51,259.9,32.53,49722.3,0.04,32319,1.191,8.26,-82,25.119,3.11,11.7
8/27/20,19:15:00,0,Biosphere 2,0.1,49837.6,49712.3,94.6,108.9,6.49,259.9,32.53,49724,0.04,32321,1.19,8.26,-82,25.12,3.11,11.7
8/27/20,19:30:00,0,Biosphere 2,0.1,49834.4,49710.1,94.3,108.6,6.47,260.4,32.53,49721.7,0.03,32319,1.192,8.26,-81.9,25.119,3.11,11.7
8/27/20,19:45:00,0,Biosphere 2,0.09,49837.5,49712.4,94,108.2,6.44,260,32.53,49724.1,0.02,32321,1.192,8.26,-81.9,25.119,3.11,11.7
8/27/20,20:00:00,0,Biosphere 2,0.08,49836.4,49711.9,93.8,107.9,6.43,260.4,32.53,49723.6,0.03,32320,1.189,8.26,-81.8,25.119,3.11,11.7
8/27/20,20:15:00,0,Biosphere 2,0.08,49835.4,49712,93.5,107.6,6.41,261.1,32.53,49723.6,0.03,32320,1.182,8.26,-81.8,25.118,3.11,11.7
8/27/20,20:30:00,0,Biosphere 2,0.1,49834.7,49712.1,93.2,107.2,6.39,261.7,32.53,49723.6,0.02,32320,1.196,8.26,-81.7,25.117,3.11,11.7
8/27/20,20:45:00,0,Biosphere 2,0.09,49833.7,49710.4,92.9,107,6.37,261.3,32.53,49722,0.02,32319,1.2,8.26,-81.7,25.118,3.11,11.7
8/27/20,21:00:00,0,Biosphere 2,0.08,49834.1,49710.3,92.6,106.6,6.35,262,32.53,49721.9,0.04,32319,1.192,8.26,-81.6,25.118,3.11,11.7
8/27/20,21:15:00,0,Biosphere 2,0.09,49835.9,49712.4,92.5,106.5,6.34,261.8,32.53,49724,0.03,32321,1.192,8.26,-81.6,25.118,3.11,11.7
8/27/20,21:30:00,0,Biosphere 2,0.09,49833.8,49710.3,92.3,106.2,6.33,261.2,32.53,49721.9,0.02,32319,1.196,8.26,-81.5,25.118,3.11,11.7
8/27/20,21:45:00,0,Biosphere 2,0.09,49833.7,49710.2,92.1,106,6.31,261,32.53,49721.8,0.03,32319,1.189,8.25,-81.5,25.118,3.11,11.7
8/27/20,22:00:00,0,Biosphere 2,0.09,49833.9,49710.4,91.8,105.6,6.29,261.5,32.53,49721.9,0.03,32319,1.186,8.25,-81.4,25.118,3.11,11.6
8/27/20,22:15:00,0,Biosphere 2,0.09,49835.4,49712.2,91.7,105.5,6.29,261.4,32.53,49723.7,0.02,32320,1.198,8.25,-81.4,25.118,3.11,11.7
8/27/20,22:30:00,0,Biosphere 2,0.09,49833.6,49710.6,91.5,105.3,6.27,260.9,32.53,49722.1,0.01,32319,1.199,8.25,-81.3,25.117,3.11,11.7
8/27/20,22:45:00,0,Biosphere 2,0.08,49833.8,49711,91.2,105,6.25,260.4,32.53,49722.5,0.02,32320,1.2,8.25,-81.2,25.117,3.11,11.7
8/27/20,23:00:00,0,Biosphere 2,0.1,49833.4,49711,91,104.8,6.24,260.2,32.53,49722.4,0.04,32320,1.191,8.25,-81.2,25.117,3.11,11.7
8/27/20,23:15:00,0,Biosphere 2,0.1,49836.5,49713.8,90.9,104.6,6.23,258.3,32.53,49725.3,0.03,32321,1.19,8.25,-81.1,25.117,3.11,11.7
8/27/20,23:30:00,0,Biosphere 2,0.1,49836.5,49714.3,90.7,104.4,6.22,258.9,32.53,49725.8,0.03,32322,1.192,8.25,-81.1,25.117,3.11,11.7
8/27/20,23:45:00,0,Biosphere 2,0.09,49834.6,49713.1,90.6,104.2,6.21,259,32.53,49724.5,0.03,32321,1.192,8.25,-81,25.116,3.11,11.7
8/28/20,0:00:00,0,Biosphere 2,0.09,49833.9,49713,90.5,104.2,6.21,259.5,32.53,49724.3,0.03,32321,1.2,8.25,-81,25.115,3.11,11.7
8/28/20,0:15:00,0,Biosphere 2,0.1,49833.5,49713.4,90.2,103.8,6.19,259.8,32.53,49724.6,0.03,32321,1.196,8.24,-80.9,25.115,3.11,11.7
8/28/20,0:30:00,0,Biosphere 2,0.09,49834.2,49714,90.2,103.8,6.18,259.8,32.53,49725.3,0.03,32321,1.195,8.24,-80.9,25.115,3.11,11.7
8/28/20,0:45:00,0,Biosphere 2,0.1,49833.6,49714.5,90.1,103.7,6.18,259.8,32.53,49725.6,0.03,32322,1.197,8.24,-80.8,25.114,3.11,11.7
8/28/20,1:00:00,0,Biosphere 2,0.09,49832,49713.9,89.9,103.5,6.16,259.5,32.53,49724.9,0.03,32321,1.185,8.24,-80.8,25.113,3.11,11.7
8/28/20,1:15:00,0,Biosphere 2,0.09,49832.3,49715.2,89.7,103.2,6.15,253,32.53,49726.2,0.02,32322,1.19,8.24,-80.7,25.112,3.11,11.7
8/28/20,1:30:00,0,Biosphere 2,0.09,49831.8,49715.2,89.5,103,6.13,255.8,32.53,49726.1,0.02,32322,1.186,8.24,-80.6,25.111,3.11,11.7
8/28/20,1:45:00,0,Biosphere 2,0.1,49827.9,49712.6,89.6,103.1,6.14,257.7,32.53,49723.4,0.04,32320,1.189,8.24,-80.6,25.11,3.11,11.7
8/28/20,2:00:00,0,Biosphere 2,0.1,49827.2,49713.1,89.6,103.1,6.14,257.5,32.53,49723.8,0.03,32320,1.2,8.24,-80.6,25.109,3.11,11.7
8/28/20,2:15:00,0,Biosphere 2,0.11,49826.5,49713.7,89.4,102.9,6.13,258.2,32.53,49724.3,0.03,32321,1.193,8.24,-80.5,25.108,3.11,11.7
8/28/20,2:30:00,0,Biosphere 2,0.1,49824.9,49714,89.3,102.8,6.12,258.7,32.53,49724.4,0.02,32321,1.188,8.24,-80.4,25.106,3.11,11.7
8/28/20,2:45:00,0,Biosphere 2,0.1,49823.4,49713.7,89.1,102.6,6.11,258.9,32.53,49723.9,0.04,32321,1.19,8.24,-80.4,25.105,3.11,11.7
8/28/20,3:00:00,0,Biosphere 2,0.12,49826.5,49717.5,89.2,102.6,6.11,259.2,32.54,49727.7,0.02,32323,1.192,8.24,-80.4,25.104,3.11,11.7
8/28/20,3:15:00,0,Biosphere 2,0.11,49821.3,49714.4,89.1,102.5,6.11,259.6,32.53,49724.4,0.05,32321,1.189,8.23,-80.3,25.102,3.11,11.7
8/28/20,3:30:00,0,Biosphere 2,0.11,49819.5,49714.4,88.9,102.3,6.09,260.4,32.53,49724.2,0.04,32321,1.19,8.23,-80.2,25.1,3.11,11.7
8/28/20,3:45:00,0,Biosphere 2,0.13,49818.6,49714.8,88.9,102.3,6.09,261.1,32.53,49724.5,0.04,32321,1.191,8.23,-80.2,25.099,3.11,11.7
8/28/20,4:00:00,0,Biosphere 2,0.12,49816.6,49714.9,88.8,102.2,6.09,261,32.53,49724.4,0.03,32321,1.191,8.23,-80.1,25.097,3.11,11.7
8/28/20,4:15:00,0,Biosphere 2,0.12,49815.5,49715.4,88.7,102.1,6.09,262,32.53,49724.8,0.04,32321,1.195,8.23,-80.1,25.095,3.11,11.7
8/28/20,4:30:00,0,Biosphere 2,0.14,49816.5,49717.5,88.7,102.1,6.09,261.6,32.53,49726.8,0.04,32322,1.189,8.23,-80,25.095,3.11,11.7
8/28/20,4:45:00,0,Biosphere 2,0.14,49814.8,49719.8,88.6,102,6.08,262.2,32.54,49728.7,0.03,32324,1.186,8.23,-80,25.091,3.11,11.7
8/28/20,5:00:00,0,Biosphere 2,0.15,49809.7,49716.8,88.7,102,6.08,262.3,32.53,49725.5,0.03,32322,1.191,8.23,-79.9,25.089,3.11,11.7
8/28/20,5:15:00,0,Biosphere 2,0.11,49805.8,49717.3,88.3,101.7,6.06,261.4,32.53,49725.5,0.04,32322,1.2,8.23,-79.8,25.085,3.11,11.7
8/28/20,5:30:00,0,Biosphere 2,0.13,49805.3,49717.8,88.5,101.8,6.07,261.3,32.53,49726,0.03,32322,1.198,8.23,-79.8,25.083,3.11,11.7
8/28/20,5:45:00,0,Biosphere 2,0.14,49804.6,49719.8,88.5,101.8,6.07,261.4,32.54,49727.7,0.03,32323,1.19,8.23,-79.8,25.081,3.11,11.7
8/28/20,6:00:00,0,Biosphere 2,0.13,49799.5,49720.6,88.1,101.4,6.04,261.3,32.54,49728,0.05,32323,1.192,8.22,-79.7,25.075,3.11,11.7
8/28/20,6:15:00,0,Biosphere 2,0.14,49799.1,49722,88.2,101.5,6.05,261.6,32.54,49729.2,0.03,32324,1.198,8.22,-79.6,25.074,3.11,11.7
8/28/20,6:30:00,0,Biosphere 2,0.15,49794.4,49723.1,88.2,101.5,6.05,258.7,32.54,49729.8,0.04,32324,1.191,8.22,-79.6,25.068,3.11,11.7
8/28/20,6:45:00,0,Biosphere 2,0.19,49789.3,49722.8,87.8,101,6.02,259.2,32.54,49729.1,0.04,32324,1.184,8.22,-79.5,25.063,3.11,11.7
8/28/20,7:00:00,0,Biosphere 2,0.2,49788.1,49720.1,88.2,101.5,6.05,260,32.54,49726.4,0.05,32322,1.192,8.22,-79.5,25.065,3.11,11.7
8/28/20,7:15:00,0,Biosphere 2,0.21,49788.4,49719.4,88.3,101.7,6.06,260.4,32.53,49725.8,0.05,32322,1.191,8.22,-79.5,25.066,3.11,11.7
8/28/20,7:30:00,0,Biosphere 2,0.18,49789.9,49720.2,88.4,101.8,6.07,260.7,32.54,49726.7,0.05,32322,1.193,8.22,-79.4,25.067,3.11,11.7
8/28/20,7:45:00,0,Biosphere 2,0.26,49792.2,49719.6,88.7,102.1,6.09,261.4,32.54,49726.4,0.05,32322,1.197,8.22,-79.5,25.069,3.11,11.7
8/28/20,8:00:00,0,Biosphere 2,0.22,49802.8,49722.7,89,102.5,6.11,261.1,32.54,49730.2,0.05,32325,1.191,8.22,-79.5,25.076,3.11,11.7
8/28/20,8:15:00,0,Biosphere 2,0.23,49804.8,49721.1,89.2,102.7,6.12,260.7,32.54,49729,0.05,32324,1.189,8.22,-79.5,25.08,3.11,11.7
8/28/20,8:30:00,0,Biosphere 2,0.21,49809,49718.6,89.6,103.1,6.14,261.1,32.54,49727.1,0.05,32323,1.192,8.22,-79.5,25.086,3.11,11.7
8/28/20,8:45:00,0,Biosphere 2,0.23,49816.6,49718.4,90,103.6,6.17,262.1,32.54,49727.6,0.05,32323,1.183,8.22,-79.6,25.094,3.11,11.7
8/28/20,9:00:00,0,Biosphere 2,0.23,49828.2,49717.3,90.6,104.2,6.21,263,32.54,49727.7,0.06,32323,1.188,8.22,-79.7,25.106,3.11,11.7
8/28/20,9:15:00,0,Biosphere 2,0.2,49837.4,49718.3,90.8,104.5,6.23,263.2,32.54,49729.5,0.04,32324,1.189,8.22,-79.7,25.114,3.11,11.7
8/28/20,9:30:00,0,Biosphere 2,0.2,49848.2,49716,91.6,105.4,6.28,263.5,32.54,49728.4,0.05,32323,1.186,8.23,-79.8,25.126,3.11,11.7
8/28/20,9:45:00,0,Biosphere 2,0.21,49857.8,49718.8,92,105.8,6.3,263.9,32.54,49731.8,0.05,32326,1.2,8.23,-79.9,25.133,3.11,11.7
8/28/20,10:00:00,0,Biosphere 2,0.19,49856.8,49717.8,92.4,106.4,6.33,264.6,32.54,49730.8,0.03,32325,1.19,8.23,-80,25.133,3.11,11.7
8/28/20,10:15:00,0,Biosphere 2,0.16,49867.8,49715.7,93.4,107.4,6.4,264.2,32.54,49730,0.04,32324,1.191,8.23,-80.2,25.145,3.11,11.7
8/28/20,10:30:00,0,Biosphere 2,0.19,49865.4,49719.5,93.7,107.9,6.42,257.9,32.54,49733.2,0.06,32327,1.186,8.23,-80.3,25.139,3.11,11.7
8/28/20,10:45:00,0,Biosphere 2,0.17,49864.7,49720.2,94.4,108.7,6.47,259.4,32.54,49733.8,0.03,32327,1.191,8.24,-80.4,25.138,3.11,11.7
8/28/20,11:00:00,0,Biosphere 2,0.2,49858.8,49719.6,94.9,109.2,6.5,259.9,32.54,49732.7,0.04,32326,1.201,8.24,-80.5,25.133,3.11,11.7
8/28/20,11:15:00,0,Biosphere 2,0.22,49853.6,49719.2,95.6,110.1,6.55,260.9,32.54,49731.8,0.06,32326,1.184,8.24,-80.7,25.128,3.11,11.7
8/28/20,11:30:00,0,Biosphere 2,0.2,49837,49717.8,96,110.5,6.58,261.5,32.54,49728.9,0.05,32324,1.192,8.24,-80.8,25.114,3.11,11.7
8/28/20,11:45:00,0,Biosphere 2,0.18,49834.4,49716.5,96.4,111,6.61,262.3,32.54,49727.6,0.03,32323,1.189,8.24,-80.9,25.112,3.11,11.7
8/28/20,12:00:00,0,Biosphere 2,0.19,49859.5,49724.4,97.5,112.2,6.68,263,32.54,49737,0.04,32329,1.192,8.25,-81.2,25.129,3.11,11.7
8/28/20,12:15:00,0,Biosphere 2,0.2,49845.8,49720.1,97.5,112.3,6.69,263.3,32.54,49731.8,0.04,32326,1.201,8.25,-81.3,25.12,3.11,11.7
8/28/20,12:30:00,0,Biosphere 2,0.16,49850.3,49720.1,98.1,112.9,6.73,263.5,32.54,49732.3,0.05,32326,1.189,8.25,-81.4,25.124,3.11,11.7
8/28/20,12:45:00,0,Biosphere 2,0.17,49847.4,49720.9,98.4,113.3,6.75,263.2,32.54,49732.8,0.05,32326,1.185,8.26,-81.5,25.121,3.11,11.7
8/28/20,13:00:00,0,Biosphere 2,0.21,49846,49721.4,98.5,113.4,6.75,263.4,32.54,49733,0.02,32326,1.201,8.26,-81.6,25.119,3.11,11.7
8/28/20,13:15:00,0,Biosphere 2,0.2,49843.9,49714.5,99,114,6.79,263.3,32.53,49726.6,0.05,32322,1.199,8.26,-81.8,25.124,3.11,11.7
8/28/20,13:30:00,0,Biosphere 2,0.18,49840,49716.8,99.2,114.1,6.8,262.9,32.54,49728.3,0.04,32323,1.199,8.26,-81.9,25.118,3.11,11.7
8/28/20,13:45:00,0,Biosphere 2,0.17,49853.8,49718.7,99.7,114.7,6.83,263.6,32.54,49731.4,0.05,32325,1.2,8.26,-82,25.129,3.11,11.7
8/28/20,14:00:00,0,Biosphere 2,0.17,49841.3,49721.7,99.7,114.8,6.84,263.7,32.54,49732.9,0.04,32326,1.193,8.26,-82.1,25.114,3.11,11.7
8/28/20,14:15:00,0,Biosphere 2,0.21,49841,49722.6,99.6,114.6,6.83,262.5,32.54,49733.7,0.04,32327,1.192,8.27,-82.1,25.113,3.11,11.7
8/28/20,14:30:00,0,Biosphere 2,0.2,49841.4,49720.2,99.6,114.7,6.83,263.4,32.54,49731.6,0.05,32326,1.191,8.27,-82.2,25.116,3.11,11.7
8/28/20,14:45:00,0,Biosphere 2,0.18,49848.4,49721.3,99.7,114.7,6.83,263.7,32.54,49733.1,0.03,32327,1.192,8.27,-82.3,25.121,3.11,11.7
8/28/20,15:00:00,0,Biosphere 2,0.2,49836.6,49721.6,99.3,114.2,6.8,264.5,32.54,49732.4,0.04,32326,1.194,8.27,-82.3,25.11,3.11,11.7
8/28/20,15:15:00,0,Biosphere 2,0.18,49839.4,49725,99.2,114.1,6.8,264.7,32.54,49735.7,0.05,32328,1.182,8.27,-82.3,25.109,3.11,11.7
8/28/20,15:30:00,0,Biosphere 2,0.2,49840,49725.8,99,113.9,6.79,264.7,32.54,49736.5,0.03,32329,1.191,8.27,-82.4,25.109,3.11,11.7
8/28/20,15:45:00,0,Biosphere 2,0.19,49835.7,49725.8,98.7,113.6,6.77,264.5,32.54,49736.1,0.02,32328,1.19,8.27,-82.4,25.105,3.11,11.7
8/28/20,16:00:00,0,Biosphere 2,0.18,49837.8,49726,98.7,113.6,6.77,264.1,32.54,49736.5,0.04,32329,1.198,8.27,-82.4,25.107,3.11,11.7
8/28/20,16:15:00,0,Biosphere 2,0.18,49834.8,49726.7,98.2,113,6.73,263,32.54,49736.8,0.04,32329,1.19,8.27,-82.4,25.103,3.11,11.7
8/28/20,16:30:00,0,Biosphere 2,0.17,49835.6,49727.8,98,112.7,6.72,263.2,32.54,49737.9,0.04,32330,1.182,8.27,-82.4,25.103,3.11,11.7
8/28/20,16:45:00,0,Biosphere 2,0.18,49831.9,49725.1,97.6,112.3,6.69,263.4,32.54,49735.1,0.04,32328,1.191,8.27,-82.4,25.102,3.11,11.7
8/28/20,17:00:00,0,Biosphere 2,0.18,49831.1,49725.2,97.2,111.9,6.67,263.8,32.54,49735.1,0.05,32328,1.201,8.27,-82.4,25.101,3.11,11.7
8/28/20,17:15:00,0,Biosphere 2,0.17,49834.3,49727.8,97,111.6,6.65,263.5,32.54,49737.8,0.04,32330,1.192,8.27,-82.4,25.102,3.11,11.7
8/28/20,17:30:00,0,Biosphere 2,0.16,49832.8,49725.3,96.6,111.2,6.63,263.7,32.54,49735.4,0.04,32328,1.2,8.27,-82.3,25.103,3.11,11.7
8/28/20,17:45:00,0,Biosphere 2,0.16,49834.5,49726,96.3,110.8,6.6,263.1,32.54,49736.2,0.03,32329,1.186,8.27,-82.3,25.104,3.11,11.7
8/28/20,18:00:00,0,Biosphere 2,0.14,49836.1,49726.3,95.9,110.3,6.57,262.4,32.54,49736.6,0.03,32329,1.182,8.27,-82.3,25.105,3.11,11.7
8/28/20,18:15:00,0,Biosphere 2,0.14,49835.8,49725.6,95.6,110,6.56,262.6,32.54,49735.9,0.03,32328,1.182,8.27,-82.3,25.105,3.11,11.7
8/28/20,18:30:00,0,Biosphere 2,0.13,49835.9,49725.7,95.3,109.7,6.53,262.8,32.54,49736,0.03,32328,1.19,8.27,-82.2,25.105,3.11,11.7
8/28/20,18:45:00,0,Biosphere 2,0.13,49839.1,49729.1,95,109.3,6.51,261.6,32.54,49739.4,0.03,32331,1.185,8.27,-82.2,25.105,3.11,11.7
8/28/20,19:00:00,0,Biosphere 2,0.13,49837.9,49729,94.6,108.9,6.48,261.8,32.54,49739.2,0.03,32330,1.195,8.27,-82.1,25.104,3.11,11.7
8/28/20,19:15:00,0,Biosphere 2,0.14,49834.9,49726.8,94.4,108.6,6.47,261.2,32.54,49737,0.04,32329,1.196,8.27,-82.1,25.103,3.11,11.7
8/28/20,19:30:00,0,Biosphere 2,0.13,49837.3,49729,94.1,108.3,6.45,261.2,32.54,49739.1,0.03,32330,1.193,8.26,-82,25.103,3.11,11.7
8/28/20,19:45:00,0,Biosphere 2,0.12,49835.4,49727.4,93.9,108,6.43,260.7,32.54,49737.5,0.04,32329,1.2,8.26,-82,25.103,3.11,11.7
8/28/20,20:00:00,0,Biosphere 2,0.13,49835.7,49727.2,93.5,107.6,6.41,261.2,32.54,49737.3,0.03,32329,1.195,8.26,-81.9,25.104,3.11,11.7
8/28/20,20:15:00,0,Biosphere 2,0.12,49836.4,49729,93.3,107.3,6.39,261.6,32.54,49739,0.04,32330,1.187,8.26,-81.9,25.102,3.11,11.7
8/28/20,20:30:00,0,Biosphere 2,0.13,49836.5,49729.7,92.9,106.9,6.37,261.2,32.54,49739.7,0.03,32331,1.19,8.26,-81.8,25.102,3.11,11.7
8/28/20,20:45:00,0,Biosphere 2,0.12,49835.6,49729.3,92.7,106.7,6.36,254.7,32.54,49739.3,0.04,32331,1.199,8.26,-81.8,25.101,3.11,11.7
8/28/20,21:00:00,0,Biosphere 2,0.12,49833.2,49728,92.4,106.3,6.34,255.7,32.54,49737.9,0.03,32330,1.183,8.26,-81.7,25.1,3.11,11.7
8/28/20,21:15:00,0,Biosphere 2,0.13,49836.9,49731.2,92.3,106.2,6.33,257.4,32.55,49741.1,0.04,32332,1.192,8.26,-81.7,25.101,3.11,11.7
8/28/20,21:30:00,0,Biosphere 2,0.13,49837.9,49732.2,92.1,106,6.31,258.3,32.55,49742.1,0.03,32332,1.189,8.26,-81.6,25.101,3.11,11.7
8/28/20,21:45:00,0,Biosphere 2,0.12,49836.2,49731,91.8,105.7,6.3,256.3,32.55,49740.8,0.04,32332,1.192,8.26,-81.6,25.1,3.11,11.7
8/28/20,22:00:00,0,Biosphere 2,0.12,49836,49731.3,91.7,105.5,6.29,256.5,32.55,49741.1,0.03,32332,1.189,8.26,-81.5,25.1,3.11,11.7
8/28/20,22:15:00,0,Biosphere 2,0.13,49832.6,49728.4,91.6,105.4,6.28,257.7,32.54,49738.2,0.03,32330,1.192,8.25,-81.5,25.099,3.11,11.7
8/28/20,22:30:00,0,Biosphere 2,0.12,49836.2,49731.7,91.2,105,6.26,258.9,32.55,49741.5,0.03,32332,1.193,8.25,-81.4,25.1,3.11,11.7
8/28/20,22:45:00,0,Biosphere 2,0.12,49837,49732.4,91.2,105,6.26,259.7,32.55,49742.2,0.02,32332,1.192,8.25,-81.4,25.1,3.11,11.7
8/28/20,23:00:00,0,Biosphere 2,0.12,49836.5,49732.3,91.1,104.8,6.25,259.8,32.55,49742,0.02,32332,1.191,8.25,-81.3,25.099,3.11,11.7
8/28/20,23:15:00,0,Biosphere 2,0.12,49836.5,49732.5,90.9,104.6,6.23,260.2,32.55,49742.3,0.03,32332,1.192,8.25,-81.3,25.099,3.11,11.7
8/28/20,23:30:00,0,Biosphere 2,0.13,49836.6,49732.8,90.7,104.4,6.22,260.4,32.55,49742.5,0.04,32333,1.2,8.25,-81.2,25.099,3.11,11.7
8/28/20,23:45:00,0,Biosphere 2,0.13,49831.7,49729.1,90.5,104.2,6.21,260.4,32.54,49738.7,0.03,32330,1.184,8.25,-81.2,25.098,3.11,11.7
8/29/20,0:00:00,0,Biosphere 2,0.12,49831.6,49729.6,90.5,104.1,6.2,261.3,32.54,49739.2,0.03,32330,1.183,8.25,-81.1,25.097,3.11,11.7
8/29/20,0:15:00,0,Biosphere 2,0.12,49834.1,49732,90.3,104,6.19,262.2,32.55,49741.5,0.03,32332,1.2,8.25,-81,25.097,3.11,11.7
8/29/20,0:30:00,0,Biosphere 2,0.12,49834.9,49733,90.2,103.8,6.18,262.8,32.55,49742.6,0.02,32333,1.197,8.25,-81,25.097,3.11,11.7
8/29/20,0:45:00,0,Biosphere 2,0.14,49833.2,49732.3,90.1,103.7,6.18,262.4,32.55,49741.7,0.03,32332,1.185,8.25,-80.9,25.096,3.11,11.7
8/29/20,1:00:00,0,Biosphere 2,0.12,49832.3,49731.9,89.8,103.3,6.16,261.9,32.55,49741.3,0.04,32332,1.192,8.24,-80.8,25.096,3.11,11.7
8/29/20,1:15:00,0,Biosphere 2,0.12,49829.9,49730.5,89.8,103.4,6.16,261.6,32.54,49739.8,0.03,32331,1.195,8.24,-80.8,25.095,3.11,11.7
8/29/20,1:30:00,0,Biosphere 2,0.12,49828.9,49730.2,89.6,103.1,6.14,262.1,32.54,49739.4,0.04,32331,1.185,8.24,-80.8,25.094,3.11,11.7
8/29/20,1:45:00,0,Biosphere 2,0.12,49828.8,49730.6,89.6,103.1,6.14,261.4,32.54,49739.8,0.03,32331,1.187,8.24,-80.7,25.094,3.11,11.7
8/29/20,2:00:00,0,Biosphere 2,0.12,49828,49730.6,89.5,103,6.14,261.4,32.54,49739.7,0.04,32331,1.184,8.24,-80.7,25.093,3.11,11.7
8/29/20,2:15:00,0,Biosphere 2,0.12,49829.9,49732.5,89.4,102.9,6.13,261.2,32.55,49741.6,0.02,32332,1.2,8.24,-80.6,25.093,3.11,11.7
8/29/20,2:30:00,0,Biosphere 2,0.13,49827.5,49731.2,89.4,102.8,6.13,261.4,32.54,49740.3,0.04,32331,1.19,8.24,-80.5,25.092,3.11,11.7
8/29/20,2:45:00,0,Biosphere 2,0.13,49826,49730.9,89.4,102.9,6.13,261.5,32.54,49739.8,0.03,32331,1.191,8.24,-80.5,25.091,3.11,11.7
8/29/20,3:00:00,0,Biosphere 2,0.12,49825.2,49731,89.1,102.5,6.11,261.8,32.54,49739.8,0.04,32331,1.192,8.24,-80.4,25.09,3.11,11.7
8/29/20,3:15:00,0,Biosphere 2,0.16,49827.3,49733.2,89.1,102.5,6.11,262.2,32.55,49742,0.04,32332,1.184,8.24,-80.4,25.09,3.11,11.7
8/29/20,3:30:00,0,Biosphere 2,0.14,49826.7,49733.8,89,102.5,6.11,262.4,32.55,49742.5,0.03,32333,1.196,8.23,-80.3,25.089,3.11,11.7
8/29/20,3:45:00,0,Biosphere 2,0.15,49823.5,49731.9,88.8,102.1,6.09,263,32.55,49740.4,0.03,32331,1.201,8.23,-80.3,25.087,3.11,11.7
8/29/20,4:00:00,0,Biosphere 2,0.14,49823,49732.5,89,102.4,6.1,262.9,32.55,49741,0.03,32332,1.192,8.23,-80.2,25.086,3.11,11.7
8/29/20,4:15:00,0,Biosphere 2,0.14,49825.1,49735.5,88.8,102.2,6.09,262.7,32.55,49743.9,0.04,32334,1.184,8.23,-80.2,25.086,3.11,11.7
8/29/20,4:30:00,0,Biosphere 2,0.16,49823.3,49734.4,88.7,102.1,6.08,262.9,32.55,49742.7,0.04,32333,1.192,8.23,-80.1,25.085,3.11,11.7
8/29/20,4:45:00,0,Biosphere 2,0.16,49823.1,49735.1,88.6,102,6.08,262.7,32.55,49743.3,0.04,32333,1.2,8.23,-80.1,25.084,3.11,11.7
8/29/20,5:00:00,0,Biosphere 2,0.17,49818,49732.6,88.5,101.9,6.07,262.7,32.55,49740.6,0.05,32331,1.189,8.23,-80,25.082,3.11,11.7
8/29/20,5:15:00,0,Biosphere 2,0.15,49816.6,49733.4,88.3,101.6,6.06,262.8,32.55,49741.2,0.04,32332,1.185,8.23,-79.9,25.079,3.11,11.7
8/29/20,5:30:00,0,Biosphere 2,0.16,49818.8,49735.4,88.5,101.9,6.07,263.2,32.55,49743.3,0.04,32333,1.193,8.23,-79.9,25.08,3.11,11.7
8/29/20,5:45:00,0,Biosphere 2,0.17,49815.7,49733.1,88.5,101.8,6.07,264.2,32.55,49740.8,0.04,32332,1.19,8.23,-79.8,25.079,3.11,11.7
8/29/20,6:00:00,0,Biosphere 2,0.18,49814.5,49733.4,88.5,101.9,6.07,264.2,32.55,49741,0.05,32332,1.182,8.23,-79.8,25.077,3.11,11.7
8/29/20,6:15:00,0,Biosphere 2,0.17,49813.2,49733.8,88.5,101.9,6.07,262.3,32.55,49741.3,0.05,32332,1.192,8.22,-79.7,25.076,3.11,11.7
8/29/20,6:30:00,0,Biosphere 2,0.2,49812.8,49734,88.4,101.7,6.06,263,32.55,49741.4,0.04,32332,1.196,8.22,-79.7,25.075,3.11,11.7
8/29/20,6:45:00,0,Biosphere 2,0.19,49811.5,49734.1,88.5,101.8,6.07,263.8,32.55,49741.4,0.05,32332,1.192,8.22,-79.7,25.074,3.11,11.7
8/29/20,7:00:00,0,Biosphere 2,0.19,49812.7,49734.6,88.4,101.8,6.07,264.2,32.55,49741.9,0.03,32332,1.183,8.22,-79.6,25.075,3.11,11.7
8/29/20,7:15:00,0,Biosphere 2,0.19,49811.8,49734.5,88.5,101.9,6.07,264.7,32.55,49741.8,0.05,32332,1.19,8.22,-79.6,25.074,3.11,11.7
8/29/20,7:30:00,0,Biosphere 2,0.19,49812.4,49735.4,88.6,102,6.08,265.1,32.55,49742.6,0.04,32333,1.195,8.22,-79.5,25.073,3.11,11.7
8/29/20,7:45:00,0,Biosphere 2,0.22,49813.7,49736.3,88.4,101.7,6.06,262.3,32.55,49743.6,0.05,32333,1.19,8.22,-79.5,25.074,3.11,11.7
8/29/20,8:00:00,0,Biosphere 2,0.22,49815.9,49737.7,88.8,102.2,6.09,263.4,32.55,49745,0.05,32334,1.197,8.22,-79.5,25.075,3.11,11.7
8/29/20,8:15:00,0,Biosphere 2,0.23,49813.6,49735,89,102.4,6.1,263.8,32.55,49742.3,0.05,32333,1.184,8.22,-79.5,25.075,3.11,11.7
8/29/20,8:30:00,0,Biosphere 2,0.29,49814.2,49735.1,89.2,102.6,6.12,264.8,32.55,49742.5,0.05,32333,1.191,8.22,-79.5,25.075,3.11,11.7
8/29/20,8:45:00,0,Biosphere 2,0.25,49816,49734.7,89.4,102.9,6.13,265.6,32.55,49742.3,0.04,32333,1.197,8.22,-79.5,25.078,3.11,11.7
8/29/20,9:00:00,0,Biosphere 2,0.24,49819.1,49737,89.6,103.1,6.14,266.4,32.55,49744.7,0.04,32334,1.2,8.22,-79.5,25.078,3.11,11.7
8/29/20,9:15:00,0,Biosphere 2,0.3,49818.3,49734.5,89.8,103.3,6.16,265.3,32.55,49742.3,0.06,32333,1.193,8.22,-79.5,25.08,3.11,11.7
8/29/20,9:30:00,0,Biosphere 2,0.23,49827.8,49733.7,90.1,103.7,6.18,265.9,32.55,49742.5,0.06,32333,1.185,8.22,-79.5,25.09,3.11,11.7
8/29/20,9:45:00,0,Biosphere 2,0.23,49841.6,49737.4,90.7,104.4,6.22,266,32.55,49747.2,0.05,32336,1.183,8.22,-79.6,25.099,3.11,11.7
8/29/20,10:00:00,0,Biosphere 2,0.26,49847.3,49733.1,91.2,104.9,6.25,264.1,32.55,49743.8,0.06,32333,1.192,8.22,-79.7,25.109,3.11,11.7
8/29/20,10:15:00,0,Biosphere 2,0.21,49865.4,49731.4,91.9,105.8,6.3,265,32.55,49744,0.05,32334,1.2,8.23,-79.8,25.128,3.11,11.7
8/29/20,10:30:00,0,Biosphere 2,0.23,49869.2,49730.4,92.4,106.4,6.33,266.1,32.55,49743.4,0.04,32333,1.191,8.23,-79.9,25.132,3.11,11.7
8/29/20,10:45:00,0,Biosphere 2,0.19,49877.4,49730.6,93.2,107.2,6.38,266.9,32.55,49744.3,0.04,32334,1.186,8.23,-80,25.14,3.11,11.7
8/29/20,11:00:00,0,Biosphere 2,0.22,49871.1,49734.1,93.6,107.7,6.41,267.3,32.55,49746.9,0.04,32335,1.19,8.23,-80.2,25.131,3.11,11.7
8/29/20,11:15:00,0,Biosphere 2,0.24,49872.4,49730.9,94.2,108.5,6.46,267.9,32.55,49744.1,0.05,32334,1.2,8.23,-80.3,25.135,3.11,11.7
8/29/20,11:30:00,0,Biosphere 2,0.23,49878.5,49731.8,94.7,109,6.49,267.9,32.55,49745.5,0.05,32335,1.187,8.24,-80.4,25.14,3.11,11.7
8/29/20,11:45:00,0,Biosphere 2,0.22,49881.1,49731.2,95.5,109.8,6.54,264.9,32.55,49745.2,0.04,32334,1.192,8.24,-80.5,25.143,3.11,11.7
8/29/20,12:00:00,0,Biosphere 2,0.23,49877.7,49731.6,96,110.5,6.58,265.4,32.55,49745.3,0.03,32334,1.197,8.24,-80.7,25.139,3.11,11.7
8/29/20,12:15:00,0,Biosphere 2,0.23,49885.4,49734.8,96.6,111.2,6.62,266.7,32.55,49748.9,0.05,32337,1.183,8.24,-80.8,25.144,3.11,11.6
8/29/20,12:30:00,0,Biosphere 2,0.23,49876.9,49733.5,96.8,111.4,6.64,267.7,32.55,49747,0.03,32336,1.193,8.24,-80.9,25.137,3.11,11.6
8/29/20,12:45:00,0,Biosphere 2,0.24,49866.9,49731.7,97.4,112.1,6.67,268,32.55,49744.3,0.03,32334,1.19,8.25,-81.1,25.129,3.11,11.6
8/29/20,13:00:00,0,Biosphere 2,0.23,49869.1,49730.7,98,112.8,6.71,267.9,32.55,49743.7,0.05,32333,1.192,8.25,-81.2,25.132,3.11,11.6
8/29/20,13:15:00,0,Biosphere 2,0.22,49872.3,49732.5,98.5,113.3,6.75,268,32.55,49745.6,0.03,32335,1.197,8.25,-81.4,25.133,3.11,11.6
8/29/20,13:30:00,0,Biosphere 2,0.23,49870.3,49733.5,98.6,113.5,6.76,268.7,32.55,49746.3,0.04,32335,1.182,8.25,-81.5,25.131,3.11,11.6
8/29/20,13:45:00,0,Biosphere 2,0.21,49874.2,49734,98.8,113.7,6.77,268.5,32.55,49747.1,0.04,32336,1.192,8.26,-81.6,25.134,3.11,11.6
8/29/20,14:00:00,0,Biosphere 2,0.23,49866.5,49732.9,99,113.9,6.78,268.8,32.55,49745.4,0.05,32334,1.19,8.26,-81.7,25.127,3.11,11.6
8/29/20,14:15:00,0,Biosphere 2,0.23,49875.1,49735,99.1,114.1,6.79,269.1,32.55,49748.2,0.05,32336,1.188,8.26,-81.8,25.134,3.11,11.6
8/29/20,14:30:00,0,Biosphere 2,0.25,49864.6,49733.1,99,114,6.79,269.3,32.55,49745.4,0.05,32334,1.187,8.26,-81.8,25.126,3.11,11.6
8/29/20,14:45:00,0,Biosphere 2,0.22,49859.1,49734.9,99.1,114.1,6.79,269.2,32.55,49746.5,0.05,32335,1.201,8.26,-81.9,25.118,3.11,11.6
8/29/20,15:00:00,0,Biosphere 2,0.2,49866,49735.2,99.4,114.4,6.81,269.1,32.55,49747.5,0.05,32336,1.196,8.26,-82,25.125,3.11,11.6
8/29/20,15:15:00,0,Biosphere 2,0.22,49860.6,49734.8,99.3,114.3,6.81,267.5,32.55,49746.6,0.04,32335,1.19,8.26,-82.1,25.12,3.11,11.6
8/29/20,15:30:00,0,Biosphere 2,0.23,49861.7,49737.8,99.1,114,6.79,267.9,32.55,49749.4,0.05,32337,1.191,8.27,-82.1,25.118,3.11,11.6
8/29/20,15:45:00,0,Biosphere 2,0.23,49860.2,49733.7,99.1,114.1,6.8,268.4,32.55,49745.6,0.06,32335,1.192,8.27,-82.2,25.121,3.11,11.6
8/29/20,16:00:00,0,Biosphere 2,0.22,49859.7,49734.1,98.9,113.8,6.78,268.4,32.55,49745.8,0.04,32335,1.2,8.27,-82.2,25.12,3.11,11.6
8/29/20,16:15:00,0,Biosphere 2,0.23,49862.5,49736.6,98.7,113.6,6.77,268.9,32.55,49748.3,0.04,32336,1.194,8.27,-82.2,25.12,3.11,11.6
8/29/20,16:30:00,0,Biosphere 2,0.22,49857.7,49734.3,98.6,113.4,6.76,268.7,32.55,49745.8,0.04,32335,1.182,8.27,-82.2,25.118,3.11,11.7
8/29/20,16:45:00,0,Biosphere 2,0.23,49857.9,49736,98.4,113.3,6.75,267.4,32.55,49747.5,0.04,32336,1.192,8.27,-82.3,25.116,3.11,11.7
8/29/20,17:00:00,0,Biosphere 2,0.23,49858.3,49737.7,98.2,113,6.73,268,32.55,49749,0.05,32337,1.191,8.27,-82.2,25.115,3.11,11.7
8/29/20,17:15:00,0,Biosphere 2,0.2,49859.4,49736.5,97.9,112.7,6.71,268.6,32.55,49748,0.05,32336,1.184,8.27,-82.3,25.117,3.11,11.7
8/29/20,17:30:00,0,Biosphere 2,0.21,49856.7,49735.7,97.5,112.3,6.69,269,32.55,49747,0.05,32336,1.183,8.27,-82.3,25.115,3.11,11.7
8/29/20,17:45:00,0,Biosphere 2,0.2,49858.1,49738.2,97.3,111.9,6.67,268.9,32.55,49749.4,0.03,32337,1.192,8.27,-82.2,25.114,3.11,11.7
8/29/20,18:00:00,0,Biosphere 2,0.18,49860.8,49740.3,97,111.6,6.65,268.5,32.55,49751.6,0.05,32339,1.188,8.27,-82.2,25.115,3.11,11.7
8/29/20,18:15:00,0,Biosphere 2,0.19,49856.1,49737.3,96.6,111.2,6.62,268.5,32.55,49748.4,0.04,32336,1.189,8.27,-82.2,25.113,3.11,11.7
8/29/20,18:30:00,0,Biosphere 2,0.17,49859.3,49739.7,96.3,110.8,6.6,269.2,32.55,49750.9,0.03,32338,1.185,8.27,-82.2,25.114,3.11,11.7
8/29/20,18:45:00,0,Biosphere 2,0.18,49854.9,49736.7,95.9,110.4,6.58,269,32.55,49747.8,0.04,32336,1.189,8.27,-82.1,25.113,3.11,11.7
8/29/20,19:00:00,0,Biosphere 2,0.18,49854.7,49736.1,95.6,110.1,6.55,269.2,32.55,49747.2,0.04,32336,1.186,8.27,-82.1,25.113,3.11,11.7
8/29/20,19:15:00,0,Biosphere 2,0.19,49854.1,49736,95.4,109.7,6.54,270.1,32.55,49747,0.04,32336,1.189,8.26,-82.1,25.113,3.11,11.7
8/29/20,19:30:00,0,Biosphere 2,0.16,49856.4,49738.6,95,109.3,6.51,270.1,32.55,49749.6,0.03,32337,1.191,8.26,-82,25.112,3.11,11.7
8/29/20,19:45:00,0,Biosphere 2,0.14,49855.3,49738.5,94.7,109,6.49,270.4,32.55,49749.5,0.04,32337,1.191,8.26,-82,25.111,3.11,11.7
8/29/20,20:00:00,0,Biosphere 2,0.17,49852.4,49737,94.4,108.6,6.47,270.5,32.55,49747.8,0.03,32336,1.192,8.26,-81.9,25.11,3.11,11.7
8/29/20,20:15:00,0,Biosphere 2,0.15,49850.8,49736.5,94,108.2,6.45,270.1,32.55,49747.2,0.05,32336,1.196,8.26,-81.9,25.109,3.11,11.7
8/29/20,20:30:00,0,Biosphere 2,0.18,49850.4,49736.6,93.9,108,6.44,270,32.55,49747.3,0.04,32336,1.189,8.26,-81.9,25.109,3.11,11.7
8/29/20,20:45:00,0,Biosphere 2,0.15,49848.2,49736.6,93.5,107.6,6.41,269.9,32.55,49747,0.04,32336,1.182,8.26,-81.8,25.106,3.11,11.7
8/29/20,21:00:00,0,Biosphere 2,0.15,49846.8,49737.1,93.3,107.3,6.39,269,32.55,49747.4,0.03,32336,1.186,8.26,-81.8,25.105,3.11,11.7
8/29/20,21:15:00,0,Biosphere 2,0.14,49844.5,49737.6,93.1,107.2,6.38,268.1,32.55,49747.6,0.03,32336,1.2,8.26,-81.7,25.102,3.11,11.7
8/29/20,21:30:00,0,Biosphere 2,0.16,49844.8,49739.1,92.8,106.8,6.36,267.4,32.55,49749,0.04,32337,1.189,8.26,-81.6,25.101,3.11,11.7
8/29/20,21:45:00,0,Biosphere 2,0.17,49843.6,49740.7,92.6,106.6,6.35,267.4,32.55,49750.4,0.04,32338,1.186,8.26,-81.6,25.098,3.11,11.7
8/29/20,22:00:00,0,Biosphere 2,0.16,49842.4,49741.4,92.4,106.3,6.34,267.9,32.55,49750.8,0.04,32338,1.19,8.26,-81.5,25.096,3.11,11.7
8/29/20,22:15:00,0,Biosphere 2,0.15,49837.4,49739.9,92.1,106,6.32,268.2,32.55,49749,0.02,32337,1.181,8.25,-81.5,25.093,3.11,11.7
8/29/20,22:30:00,0,Biosphere 2,0.17,49834,49740.3,91.8,105.6,6.29,268.8,32.55,49749,0.04,32337,1.181,8.25,-81.4,25.089,3.11,11.7
8/29/20,22:45:00,0,Biosphere 2,0.15,49834.2,49742.1,91.8,105.6,6.29,268.7,32.55,49750.7,0.05,32338,1.192,8.25,-81.4,25.088,3.11,11.6
8/29/20,23:00:00,0,Biosphere 2,0.14,49827,49739.5,91.5,105.3,6.28,268.1,32.55,49747.7,0.04,32336,1.192,8.25,-81.3,25.084,3.11,11.7
8/29/20,23:15:00,0,Biosphere 2,0.16,49824.6,49739.2,91.3,105.1,6.26,267.8,32.55,49747.2,0.04,32336,1.194,8.25,-81.2,25.082,3.11,11.6
8/29/20,23:30:00,0,Biosphere 2,0.16,49828,49743.1,91.1,104.9,6.25,267.5,32.55,49751,0.03,32338,1.195,8.25,-81.2,25.081,3.11,11.7
8/29/20,23:45:00,0,Biosphere 2,0.16,49824.1,49742,91,104.8,6.24,267.5,32.55,49749.7,0.03,32337,1.196,8.25,-81.2,25.078,3.11,11.7
8/30/20,0:00:00,0,Biosphere 2,0.18,49823.7,49743.4,91,104.7,6.24,268.3,32.55,49751,0.04,32338,1.194,8.25,-81.1,25.077,3.11,11.7
8/30/20,0:15:00,0,Biosphere 2,0.17,49817.8,49742,90.7,104.4,6.22,268.5,32.55,49749.1,0.03,32337,1.198,8.25,-81,25.072,3.11,11.7
8/30/20,0:30:00,0,Biosphere 2,0.18,49818.2,49744.3,90.5,104.2,6.21,269.4,32.55,49751.2,0.04,32338,1.195,8.25,-81,25.07,3.11,11.7
8/30/20,0:45:00,0,Biosphere 2,0.17,49808.1,49741,90.2,103.8,6.19,269.5,32.55,49747.3,0.04,32336,1.192,8.24,-80.9,25.064,3.11,11.7
8/30/20,1:00:00,0,Biosphere 2,0.15,49810.1,49743.6,90.2,103.8,6.19,268.8,32.55,49749.8,0.03,32337,1.195,8.24,-80.9,25.063,3.11,11.7
8/30/20,1:15:00,0,Biosphere 2,0.17,49804.8,49742.5,90.1,103.7,6.18,266.8,32.55,49748.4,0.04,32336,1.195,8.24,-80.8,25.059,3.11,11.7
8/30/20,1:30:00,0,Biosphere 2,0.15,49802.1,49743.9,90,103.6,6.18,267.1,32.55,49749.3,0.04,32337,1.192,8.24,-80.8,25.056,3.11,11.7
8/30/20,1:45:00,0,Biosphere 2,0.18,49800.1,49745.5,89.8,103.4,6.16,267.8,32.55,49750.6,0.04,32338,1.19,8.24,-80.7,25.052,3.11,11.7
8/30/20,2:00:00,0,Biosphere 2,0.15,49795.8,49745.4,89.7,103.3,6.16,268.4,32.55,49750.1,0.02,32338,1.188,8.24,-80.7,25.048,3.11,11.7
8/30/20,2:15:00,0,Biosphere 2,0.17,49795.2,49746.8,89.7,103.2,6.16,269.3,32.55,49751.3,0.03,32338,1.184,8.24,-80.6,25.046,3.11,11.7
8/30/20,2:30:00,0,Biosphere 2,0.19,49791,49745.6,89.6,103.1,6.15,266.9,32.55,49749.8,0.04,32337,1.193,8.24,-80.6,25.043,3.11,11.7
8/30/20,2:45:00,0,Biosphere 2,0.17,49785.1,49744.5,89.4,102.9,6.14,266.8,32.55,49748.3,0.04,32336,1.2,8.24,-80.5,25.039,3.11,11.7
8/30/20,3:00:00,0,Biosphere 2,0.17,49781.1,49744.7,89.3,102.7,6.13,267,32.55,49748.1,0.04,32336,1.182,8.24,-80.4,25.035,3.11,11.7
8/30/20,3:15:00,0,Biosphere 2,0.17,49780.1,49744.9,89.3,102.8,6.13,267.6,32.55,49748.2,0.04,32336,1.182,8.24,-80.4,25.034,3.11,11.7
8/30/20,3:30:00,0,Biosphere 2,0.19,49573,49541.1,89.2,102.7,6.13,268,32.41,49544.1,0.05,32204,1.189,8.24,-80.4,25.031,3.11,11.7
8/30/20,3:45:00,0,Biosphere 2,0.19,49549.5,49521.2,89,102.4,6.12,268.8,32.4,49523.9,0.03,32191,1.19,8.23,-80.3,25.027,3.11,11.7
8/30/20,4:00:00,0,Biosphere 2,0.23,49391.2,49366.6,89,102.4,6.12,268.7,32.29,49368.9,0.04,32090,1.183,8.23,-80.3,25.024,3.11,11.7
8/30/20,4:15:00,0,Biosphere 2,0.19,49631.4,49610.3,89,102.4,6.11,268.7,32.46,49612.3,0.03,32248,1.182,8.23,-80.2,25.02,3.11,11.7
8/30/20,4:30:00,0,Biosphere 2,0.21,49589.7,49571,88.9,102.3,6.11,269.9,32.43,49572.7,0.05,32222,1.2,8.23,-80.2,25.018,3.11,11.7
8/30/20,4:45:00,0,Biosphere 2,0.21,49635.9,49621,88.7,102.1,6.1,270,32.47,49622.4,0.04,32255,1.191,8.23,-80.1,25.014,3.11,11.7
8/30/20,5:00:00,0,Biosphere 2,0.21,49630.5,49618,88.8,102.2,6.1,270.5,32.46,49619.2,0.04,32252,1.182,8.23,-80.1,25.012,3.11,11.7
8/30/20,5:15:00,0,Biosphere 2,0.2,49572.8,49564.9,88.6,101.9,6.09,270.6,32.43,49565.7,0.04,32218,1.185,8.23,-80,25.007,3.11,11.7
8/30/20,5:30:00,0,Biosphere 2,0.2,49625.2,49617.8,88.6,102,6.09,266,32.46,49618.5,0.03,32252,1.185,8.23,-80,25.007,3.11,11.7
8/30/20,5:45:00,0,Biosphere 2,0.2,49522,49519.8,88.2,101.5,6.06,268.3,32.4,49520,0.05,32188,1.199,8.23,-79.9,25.002,3.11,11.7
8/30/20,6:00:00,0,Biosphere 2,0.2,49593.4,49589.3,88.5,101.8,6.08,266.5,32.44,49589.6,0.04,32233,1.199,8.23,-79.9,25.004,3.11,11.7
8/30/20,6:15:00,0,Biosphere 2,0.23,49705.4,49705,88.1,101.4,6.05,267.2,32.52,49705.1,0.05,32308,1.187,8.23,-79.8,25,3.11,11.7
8/30/20,6:30:00,0,Biosphere 2,0.22,49639.8,49641,88.3,101.7,6.07,268,32.48,49640.9,0.05,32267,1.183,8.23,-79.8,24.999,3.11,11.7
8/30/20,6:45:00,0,Biosphere 2,0.24,49697,49697.4,88.3,101.6,6.07,267.8,32.52,49697.3,0.03,32303,1.194,8.22,-79.7,25,3.11,11.7
8/30/20,7:00:00,0,Biosphere 2,0.25,49747.4,49747.5,88.3,101.7,6.07,269.1,32.55,49747.5,0.05,32336,1.189,8.22,-79.7,25,3.11,11.7
8/30/20,7:15:00,0,Biosphere 2,0.34,49753.4,49749.4,88.5,101.8,6.07,268.2,32.55,49749.7,0.05,32337,1.183,8.22,-79.6,25.004,3.11,11.7
8/30/20,7:30:00,0,Biosphere 2,0.27,49628.7,49619.8,88.6,102,6.09,268.6,32.46,49620.6,0.06,32253,1.188,8.22,-79.6,25.009,3.11,11.7
8/30/20,7:45:00,0,Biosphere 2,0.29,49666.6,49654.2,88.8,102.2,6.1,268.8,32.49,49655.4,0.04,32276,1.195,8.22,-79.6,25.012,3.11,11.7
8/30/20,8:00:00,0,Biosphere 2,0.3,49757.7,49744,89.1,102.5,6.12,269.5,32.55,49745.3,0.05,32334,1.192,8.22,-79.6,25.013,3.11,11.7
8/30/20,8:15:00,0,Biosphere 2,0.3,49762.2,49746.3,89.3,102.8,6.13,270.3,32.55,49747.7,0.05,32336,1.188,8.22,-79.6,25.015,3.11,11.7
8/30/20,8:30:00,0,Biosphere 2,0.34,49767.7,49746.6,89.7,103.3,6.16,271.4,32.55,49748.5,0.06,32337,1.181,8.22,-79.7,25.02,3.11,11.7
8/30/20,8:45:00,0,Biosphere 2,0.38,49773.6,49749.7,89.9,103.5,6.17,272.1,32.55,49751.9,0.06,32339,1.192,8.22,-79.7,25.023,3.11,11.7
8/30/20,9:00:00,0,Biosphere 2,0.28,49783,49747.4,90.4,104.1,6.21,271,32.55,49750.7,0.05,32338,1.2,8.23,-79.8,25.034,3.11,11.7
8/30/20,9:15:00,0,Biosphere 2,0.28,49790.5,49749.4,90.7,104.4,6.23,270.1,32.56,49753.2,0.05,32340,1.182,8.23,-79.8,25.039,3.11,11.7
8/30/20,9:30:00,0,Biosphere 2,0.29,49796.7,49746.5,91.2,105,6.26,267.2,32.55,49751.2,0.06,32338,1.183,8.23,-79.9,25.048,3.11,11.7
8/30/20,9:45:00,0,Biosphere 2,0.34,49803,49744.3,91.7,105.5,6.29,269.5,32.55,49749.8,0.06,32337,1.191,8.23,-80,25.056,3.11,11.7
8/30/20,10:00:00,0,Biosphere 2,0.34,49811.5,49744.6,92.2,106.1,6.33,270.4,32.55,49750.9,0.05,32338,1.189,8.23,-80.1,25.064,3.11,11.7
8/30/20,10:15:00,0,Biosphere 2,0.29,49819.7,49742.1,92.8,106.8,6.36,269.5,32.55,49749.3,0.04,32337,1.193,8.23,-80.2,25.074,3.11,11.7
8/30/20,10:30:00,0,Biosphere 2,0.36,49830.5,49745,93,107.1,6.38,267.8,32.55,49753,0.05,32339,1.199,8.23,-80.3,25.082,3.11,11.7
8/30/20,10:45:00,0,Biosphere 2,0.26,49845.5,49741,93.7,107.9,6.43,269.9,32.55,49750.8,0.05,32338,1.183,8.24,-80.4,25.1,3.11,11.7
8/30/20,11:00:00,0,Biosphere 2,0.31,49859.4,49742,94.2,108.4,6.46,271.4,32.55,49753,0.05,32339,1.183,8.24,-80.5,25.112,3.11,11.7
8/30/20,11:15:00,0,Biosphere 2,0.28,49871.9,49744.4,95.2,109.6,6.52,271,32.56,49756.3,0.04,32342,1.181,8.24,-80.7,25.122,3.11,11.7
8/30/20,11:30:00,0,Biosphere 2,0.27,49870.6,49742.9,95.4,109.8,6.54,271.8,32.55,49754.9,0.04,32341,1.189,8.24,-80.8,25.122,3.11,11.7
8/30/20,11:45:00,0,Biosphere 2,0.28,49864.8,49736.7,95.9,110.4,6.57,272.6,32.55,49748.7,0.04,32337,1.19,8.25,-81,25.122,3.11,11.7
8/30/20,12:00:00,0,Biosphere 2,0.33,49867.4,49739.4,96.2,110.7,6.59,273.3,32.55,49751.4,0.04,32338,1.199,8.25,-81.1,25.122,3.11,11.7
8/30/20,12:15:00,0,Biosphere 2,0.27,49869.8,49740.5,96.6,111.2,6.62,273.9,32.55,49752.6,0.04,32339,1.182,8.25,-81.2,25.123,3.11,11.7
8/30/20,12:30:00,0,Biosphere 2,0.28,49873.6,49741.4,97,111.6,6.64,274.6,32.55,49753.8,0.04,32340,1.185,8.25,-81.3,25.126,3.11,11.7
8/30/20,12:45:00,0,Biosphere 2,0.29,49869.9,49741.5,97.4,112.1,6.67,275.2,32.55,49753.5,0.05,32340,1.187,8.25,-81.4,25.123,3.11,11.7
8/30/20,13:00:00,0,Biosphere 2,0.31,49870.9,49742.3,97.6,112.3,6.69,275.5,32.55,49754.3,0.05,32340,1.197,8.26,-81.6,25.123,3.11,11.7
8/30/20,13:15:00,0,Biosphere 2,0.31,49873.8,49739.5,97.8,112.6,6.7,275.9,32.55,49752,0.06,32339,1.186,8.26,-81.6,25.128,3.11,11.7
8/30/20,13:30:00,0,Biosphere 2,0.27,49876.3,49739.3,98.2,113,6.73,276.5,32.55,49752.1,0.04,32339,1.19,8.26,-81.8,25.131,3.11,11.7
8/30/20,13:45:00,0,Biosphere 2,0.28,49882.1,49739.8,98.4,113.2,6.74,276.9,32.55,49753.1,0.04,32340,1.198,8.26,-81.8,25.136,3.11,11.7
8/30/20,14:00:00,0,Biosphere 2,0.3,49881.8,49738.8,98.5,113.3,6.75,277.1,32.55,49752.2,0.07,32339,1.191,8.26,-81.9,25.136,3.11,11.7
8/30/20,14:15:00,0,Biosphere 2,0.25,49878.1,49742.5,98.4,113.2,6.74,276.9,32.55,49755.2,0.05,32341,1.193,8.26,-82,25.129,3.11,11.7
8/30/20,14:30:00,0,Biosphere 2,0.26,49884.6,49740.4,98.8,113.7,6.77,276.6,32.55,49753.9,0.06,32340,1.2,8.26,-82.1,25.138,3.11,11.7
8/30/20,14:45:00,0,Biosphere 2,0.3,49873.1,49738.1,98.7,113.6,6.76,276.5,32.55,49750.8,0.06,32338,1.194,8.27,-82.1,25.129,3.11,11.7
8/30/20,15:00:00,0,Biosphere 2,0.32,49880.2,49741.7,98.8,113.7,6.77,276,32.55,49754.7,0.04,32341,1.19,8.27,-82.2,25.132,3.11,11.7
8/30/20,15:15:00,0,Biosphere 2,0.28,49879.1,49741.6,98.8,113.7,6.77,276.2,32.55,49754.5,0.05,32340,1.182,8.27,-82.3,25.131,3.11,11.7
8/30/20,15:30:00,0,Biosphere 2,0.28,49875.8,49739.1,98.8,113.7,6.77,276.8,32.55,49751.9,0.04,32339,1.192,8.27,-82.4,25.13,3.11,11.7
8/30/20,15:45:00,0,Biosphere 2,0.25,49874.1,49739.9,98.6,113.5,6.76,259.8,32.55,49752.5,0.03,32339,1.191,8.27,-82.4,25.128,3.11,11.7
8/30/20,16:00:00,0,Biosphere 2,0.28,49870.6,49738.7,98.4,113.3,6.75,266.7,32.55,49751.1,0.04,32338,1.192,8.27,-82.4,25.126,3.11,11.7
8/30/20,16:15:00,0,Biosphere 2,0.3,49872,49742.7,98.2,113,6.73,269,32.55,49754.8,0.04,32341,1.197,8.27,-82.4,25.123,3.11,11.7
8/30/20,16:30:00,0,Biosphere 2,0.28,49869.6,49738.8,98.1,112.9,6.72,271.2,32.55,49751,0.05,32338,1.187,8.27,-82.5,25.125,3.11,11.7
8/30/20,16:45:00,0,Biosphere 2,0.32,49867.9,49739.9,97.8,112.6,6.71,272.9,32.55,49751.9,0.05,32339,1.188,8.27,-82.5,25.122,3.11,11.7
8/30/20,17:00:00,0,Biosphere 2,0.29,49864.5,49739.7,97.6,112.3,6.69,273.6,32.55,49751.4,0.04,32338,1.197,8.27,-82.4,25.119,3.11,11.7
8/30/20,17:15:00,0,Biosphere 2,0.25,49868.9,49741.2,97.3,112,6.67,274.3,32.55,49753.1,0.05,32340,1.186,8.27,-82.5,25.122,3.11,11.7
8/30/20,17:30:00,0,Biosphere 2,0.28,49868.3,49739.6,97,111.7,6.65,275.1,32.55,49751.6,0.06,32339,1.189,8.27,-82.4,25.123,3.11,11.7
8/30/20,17:45:00,0,Biosphere 2,0.23,49866.3,49738.9,96.7,111.2,6.62,275.5,32.55,49750.8,0.03,32338,1.197,8.27,-82.4,25.121,3.11,11.7
8/30/20,18:00:00,0,Biosphere 2,0.25,49868.1,49739.8,96.4,110.9,6.6,276.3,32.55,49751.9,0.04,32339,1.192,8.27,-82.4,25.122,3.11,11.7
8/30/20,18:15:00,0,Biosphere 2,0.23,49867.9,49739.5,96,110.5,6.58,276.6,32.55,49751.5,0.03,32338,1.198,8.27,-82.4,25.122,3.11,11.7
8/30/20,18:30:00,0,Biosphere 2,0.2,49871.3,49742.2,95.7,110.2,6.56,276.2,32.55,49754.3,0.04,32340,1.194,8.27,-82.3,25.123,3.11,11.7
8/30/20,18:45:00,0,Biosphere 2,0.18,49866.5,49739.5,95.5,109.8,6.54,275.8,32.55,49751.4,0.03,32338,1.185,8.27,-82.3,25.121,3.11,11.7
8/30/20,19:00:00,0,Biosphere 2,0.23,49868.2,49741.2,95,109.3,6.51,275.7,32.55,49753.1,0.04,32340,1.19,8.27,-82.3,25.121,3.11,11.7
8/30/20,19:15:00,0,Biosphere 2,0.19,49868.7,49741.3,94.8,109.1,6.5,276.1,32.55,49753.2,0.04,32340,1.199,8.27,-82.2,25.122,3.11,11.7
8/30/20,19:30:00,0,Biosphere 2,0.17,49863.8,49738.9,94.3,108.6,6.47,276.5,32.55,49750.6,0.03,32338,1.197,8.27,-82.2,25.119,3.11,11.7
8/30/20,19:45:00,0,Biosphere 2,0.23,49864.3,49739,94.2,108.5,6.46,276.8,32.55,49750.8,0.04,32338,1.189,8.27,-82.2,25.12,3.11,11.7
8/30/20,20:00:00,0,Biosphere 2,0.18,49866.3,49740.9,94,108.1,6.44,277.5,32.55,49752.6,0.05,32339,1.191,8.27,-82.1,25.12,3.11,11.7
8/30/20,20:15:00,0,Biosphere 2,0.19,49864,49739.2,93.7,107.8,6.42,278.5,32.55,49750.9,0.04,32338,1.192,8.26,-82.1,25.119,3.11,11.7
8/30/20,20:30:00,0,Biosphere 2,0.21,49865,49741.8,93.5,107.6,6.41,278.8,32.55,49753.4,0.03,32340,1.189,8.26,-82,25.118,3.11,11.7
8/30/20,20:45:00,0,Biosphere 2,0.22,49861.6,49739.7,93.1,107.2,6.38,278.8,32.55,49751.1,0.03,32338,1.19,8.26,-81.9,25.116,3.11,11.7
8/30/20,21:00:00,0,Biosphere 2,0.2,49861.4,49739.5,92.9,106.9,6.37,278.9,32.55,49750.9,0.03,32338,1.191,8.26,-81.9,25.116,3.11,11.7
8/30/20,21:15:00,0,Biosphere 2,0.2,49860.7,49740,92.6,106.5,6.35,278.2,32.55,49751.3,0.03,32338,1.198,8.26,-81.8,25.115,3.11,11.7
8/30/20,21:30:00,0,Biosphere 2,0.19,49859.2,49740.2,92.5,106.4,6.34,278.7,32.55,49751.4,0.04,32338,1.184,8.26,-81.8,25.113,3.11,11.7
8/30/20,21:45:00,0,Biosphere 2,0.25,49860.8,49742.1,92.3,106.2,6.32,278.6,32.55,49753.2,0.03,32340,1.192,8.26,-81.8,25.113,3.11,11.7
8/30/20,22:00:00,0,Biosphere 2,0.21,49860.9,49744.1,92,105.9,6.31,278.4,32.56,49755,0.04,32341,1.2,8.26,-81.7,25.111,3.11,11.7
8/30/20,22:15:00,0,Biosphere 2,0.19,49859.9,49743.3,91.6,105.5,6.28,278,32.55,49754.2,0.03,32340,1.19,8.26,-81.6,25.111,3.11,11.7
8/30/20,22:30:00,0,Biosphere 2,0.21,49859,49743.7,91.5,105.3,6.27,277.4,32.55,49754.5,0.04,32340,1.191,8.26,-81.5,25.11,3.11,11.7
8/30/20,22:45:00,0,Biosphere 2,0.16,49853.9,49741,91.3,105.1,6.26,276.6,32.55,49751.6,0.03,32339,1.191,8.26,-81.5,25.108,3.11,11.7
8/30/20,23:00:00,0,Biosphere 2,0.18,49855.8,49743.7,91.2,105,6.25,276.8,32.55,49754.2,0.05,32340,1.198,8.25,-81.5,25.107,3.11,11.7
8/30/20,23:15:00,0,Biosphere 2,0.21,49852.3,49741.8,91.1,104.8,6.24,277.6,32.55,49752.1,0.03,32339,1.183,8.25,-81.4,25.105,3.11,11.7
8/30/20,23:30:00,0,Biosphere 2,0.21,49849.8,49741.1,90.8,104.5,6.23,278,32.55,49751.3,0.04,32338,1.183,8.25,-81.3,25.104,3.11,11.7
8/30/20,23:45:00,0,Biosphere 2,0.21,49851.9,49744.6,90.5,104.2,6.21,278.2,32.56,49754.6,0.05,32341,1.199,8.25,-81.3,25.102,3.11,11.7
8/31/20,0:00:00,0,Biosphere 2,0.19,49849.6,49744.3,90.7,104.3,6.22,278.4,32.55,49754.1,0.02,32340,1.191,8.25,-81.3,25.1,3.11,11.7
8/31/20,0:15:00,0,Biosphere 2,0.21,49846,49741.9,90.4,104.1,6.2,269.1,32.55,49751.7,0.04,32339,1.193,8.25,-81.2,25.099,3.11,11.7
8/31/20,0:30:00,0,Biosphere 2,0.21,49843.6,49742,90.4,104,6.2,272.5,32.55,49751.5,0.04,32338,1.193,8.25,-81.1,25.097,3.11,11.7
8/31/20,0:45:00,0,Biosphere 2,0.22,49841.4,49743,90.1,103.7,6.18,274.3,32.55,49752.2,0.04,32339,1.191,8.25,-81.1,25.094,3.11,11.7
8/31/20,1:00:00,0,Biosphere 2,0.23,49840.7,49742.9,90,103.5,6.17,275.5,32.55,49752,0.05,32339,1.195,8.25,-81,25.093,3.11,11.7
8/31/20,1:15:00,0,Biosphere 2,0.21,49842,49745.6,90,103.6,6.17,276.5,32.56,49754.6,0.03,32340,1.184,8.25,-81,25.092,3.11,11.7
8/31/20,1:30:00,0,Biosphere 2,0.22,49839.3,49746.3,89.8,103.3,6.16,276.8,32.56,49755,0.03,32341,1.19,8.25,-80.9,25.089,3.11,11.7
8/31/20,1:45:00,0,Biosphere 2,0.22,49833.9,49744.5,89.7,103.2,6.15,276.6,32.55,49752.9,0.04,32339,1.198,8.24,-80.9,25.085,3.11,11.7
8/31/20,2:00:00,0,Biosphere 2,0.22,49835.5,49747.2,89.6,103.1,6.14,276.9,32.56,49755.5,0.04,32341,1.186,8.24,-80.8,25.084,3.11,11.7
8/31/20,2:15:00,0,Biosphere 2,0.24,49831.5,49745.9,89.5,103,6.14,277.7,32.56,49753.9,0.04,32340,1.19,8.24,-80.8,25.082,3.11,11.7
8/31/20,2:30:00,0,Biosphere 2,0.2,49827.7,49743.8,89.4,102.9,6.13,278.4,32.55,49751.7,0.03,32339,1.186,8.24,-80.7,25.08,3.11,11.7
8/31/20,2:45:00,0,Biosphere 2,0.25,49825.9,49744.7,89.2,102.7,6.12,278.9,32.55,49752.3,0.04,32339,1.184,8.24,-80.7,25.077,3.11,11.7
8/31/20,3:00:00,0,Biosphere 2,0.26,49824.9,49744.9,89.2,102.7,6.12,278.7,32.55,49752.4,0.04,32339,1.2,8.24,-80.6,25.076,3.11,11.7
8/31/20,3:15:00,0,Biosphere 2,0.25,49821.5,49745.8,89,102.4,6.1,278,32.55,49752.9,0.04,32339,1.193,8.24,-80.5,25.072,3.11,11.7
8/31/20,3:30:00,0,Biosphere 2,0.21,49818.9,49745.4,89,102.4,6.1,277.8,32.55,49752.2,0.05,32339,1.189,8.24,-80.5,25.07,3.11,11.7
8/31/20,3:45:00,0,Biosphere 2,0.24,49820.3,49747.6,88.9,102.3,6.1,278.2,32.56,49754.4,0.04,32340,1.196,8.24,-80.4,25.069,3.11,11.7
8/31/20,4:00:00,0,Biosphere 2,0.19,49815.1,49747.2,88.5,101.9,6.07,278.6,32.56,49753.5,0.04,32340,1.195,8.24,-80.3,25.065,3.11,11.7
8/31/20,4:15:00,0,Biosphere 2,0.2,49816.5,49749.4,88.7,102,6.08,279.2,32.56,49755.7,0.05,32341,1.2,8.23,-80.3,25.064,3.11,11.7
8/31/20,4:30:00,0,Biosphere 2,0.29,49811.4,49745.7,88.6,101.9,6.08,279.3,32.55,49751.9,0.04,32339,1.198,8.23,-80.3,25.063,3.11,11.7
8/31/20,4:45:00,0,Biosphere 2,0.25,49809.8,49746.1,88.7,102.1,6.09,279.5,32.55,49752,0.04,32339,1.194,8.23,-80.2,25.061,3.11,11.7
8/31/20,5:00:00,0,Biosphere 2,0.26,49808.2,49747.4,88.7,102,6.08,279.3,32.55,49753.1,0.04,32339,1.181,8.23,-80.2,25.058,3.11,11.7
8/31/20,5:15:00,0,Biosphere 2,0.28,49808.6,49749.1,88.5,101.9,6.07,279.1,32.56,49754.7,0.04,32341,1.194,8.23,-80.1,25.057,3.11,11.7
8/31/20,5:30:00,0,Biosphere 2,0.29,49806.2,49750,88.3,101.6,6.06,279.1,32.56,49755.3,0.03,32341,1.198,8.23,-80,25.054,3.11,11.7
8/31/20,5:45:00,0,Biosphere 2,0.24,49802.5,49749.1,88.4,101.7,6.06,279.1,32.56,49754.1,0.03,32340,1.191,8.23,-80,25.051,3.11,11.7
8/31/20,6:00:00,0,Biosphere 2,0.26,49800,49749.5,88.3,101.7,6.06,278.6,32.56,49754.2,0.03,32340,1.187,8.23,-80,25.048,3.11,11.7
8/31/20,6:15:00,0,Biosphere 2,0.28,49797.5,49751.6,88,101.3,6.04,278,32.56,49755.9,0.04,32341,1.191,8.23,-79.9,25.044,3.11,11.7
8/31/20,6:30:00,0,Biosphere 2,0.35,49798,49751.1,88.3,101.6,6.06,278.6,32.56,49755.5,0.06,32341,1.195,8.23,-79.9,25.045,3.11,11.7
8/31/20,6:45:00,0,Biosphere 2,0.29,49791.8,49748.3,88.2,101.5,6.05,279,32.55,49752.4,0.05,32339,1.195,8.23,-79.8,25.042,3.11,11.7
8/31/20,7:00:00,0,Biosphere 2,0.32,49794.8,49750.9,88.3,101.6,6.06,279.5,32.56,49755,0.05,32341,1.191,8.23,-79.8,25.042,3.11,11.7
8/31/20,7:15:00,0,Biosphere 2,0.45,49798.3,49751.9,88.3,101.6,6.06,280.2,32.56,49756.2,0.06,32342,1.186,8.23,-79.7,25.044,3.11,11.7
8/31/20,7:30:00,0,Biosphere 2,0.4,49798,49748.4,88.7,102.1,6.09,280.6,32.56,49753,0.07,32339,1.184,8.23,-79.8,25.047,3.11,11.7
8/31/20,7:45:00,0,Biosphere 2,0.27,49806,49751.5,88.8,102.2,6.1,280.5,32.56,49756.6,0.04,32342,1.189,8.23,-79.8,25.052,3.11,11.7
8/31/20,8:00:00,0,Biosphere 2,0.37,49807.6,49748.6,89.2,102.6,6.12,278.4,32.56,49754.1,0.06,32340,1.2,8.23,-79.8,25.056,3.11,11.7
8/31/20,8:15:00,0,Biosphere 2,0.41,49818.6,49751.2,89.6,103.1,6.15,278.8,32.56,49757.5,0.06,32342,1.194,8.23,-79.8,25.064,3.11,11.7
8/31/20,8:30:00,0,Biosphere 2,0.34,49827.4,49750,90.1,103.7,6.18,278.9,32.56,49757.2,0.06,32342,1.182,8.23,-79.9,25.074,3.11,11.7
8/31/20,8:45:00,0,Biosphere 2,0.32,49831,49745.8,90.4,104.1,6.2,279.5,32.55,49753.7,0.07,32340,1.192,8.23,-79.9,25.081,3.11,11.7
8/31/20,9:00:00,0,Biosphere 2,0.39,49842,49746.4,90.8,104.5,6.22,280.7,32.56,49755.4,0.06,32341,1.19,8.23,-80,25.091,3.11,11.7
8/31/20,9:15:00,0,Biosphere 2,0.31,49855.7,49746.4,91.4,105.2,6.27,280.5,32.56,49756.7,0.06,32342,1.192,8.23,-80.1,25.104,3.11,11.7
8/31/20,9:30:00,0,Biosphere 2,0.33,49865.1,49742.2,91.8,105.6,6.29,280.3,32.55,49753.7,0.05,32340,1.189,8.23,-80.1,25.117,3.11,11.7
8/31/20,9:45:00,0,Biosphere 2,0.28,49875.2,49741.9,92.5,106.5,6.34,280.4,32.55,49754.4,0.06,32340,1.191,8.23,-80.3,25.127,3.11,11.7
8/31/20,10:00:00,0,Biosphere 2,0.31,49876.2,49742,92.9,106.9,6.36,280.5,32.55,49754.6,0.05,32340,1.185,8.24,-80.4,25.128,3.11,11.7
8/31/20,10:15:00,0,Biosphere 2,0.37,49883.1,49740.4,93.5,107.7,6.41,280.7,32.55,49753.8,0.06,32340,1.185,8.24,-80.5,25.136,3.11,11.7
8/31/20,10:30:00,0,Biosphere 2,0.34,49879.9,49737.7,94.1,108.3,6.45,281,32.55,49751.1,0.06,32338,1.185,8.24,-80.6,25.136,3.11,11.7
8/31/20,10:45:00,0,Biosphere 2,0.3,49893.8,49744.6,94.8,109.1,6.5,281.4,32.56,49758.6,0.05,32343,1.191,8.24,-80.8,25.142,3.11,11.7
8/31/20,11:00:00,0,Biosphere 2,0.36,49890.2,49745.6,95.7,110.1,6.55,281.2,32.56,49759.1,0.05,32343,1.2,8.25,-81,25.138,3.11,11.7
8/31/20,11:15:00,0,Biosphere 2,0.33,49876.2,49742.5,95.9,110.4,6.57,280.8,32.55,49755,0.04,32341,1.183,8.25,-81.1,25.128,3.11,11.7
8/31/20,11:30:00,0,Biosphere 2,0.32,49877.8,49745,96.5,111.1,6.61,280.6,32.56,49757.4,0.04,32342,1.185,8.25,-81.2,25.127,3.11,11.7
8/31/20,11:45:00,0,Biosphere 2,0.39,49869.4,49741.4,97,111.6,6.65,281.3,32.55,49753.4,0.06,32340,1.19,8.25,-81.4,25.122,3.11,11.7
8/31/20,12:00:00,0,Biosphere 2,0.31,49885.3,49741.2,97.6,112.3,6.69,280.5,32.55,49754.7,0.05,32341,1.19,8.25,-81.5,25.137,3.11,11.7
8/31/20,12:15:00,0,Biosphere 2,0.43,49862.9,49743.4,97.5,112.2,6.68,280.5,32.55,49754.5,0.05,32340,1.183,8.26,-81.6,25.114,3.11,11.7
8/31/20,12:30:00,0,Biosphere 2,0.33,49863.9,49737.8,97.8,112.6,6.7,281.1,32.55,49749.6,0.05,32337,1.2,8.26,-81.6,25.12,3.11,11.7
8/31/20,12:45:00,0,Biosphere 2,0.34,49862.7,49745.5,97.8,112.5,6.7,278.5,32.56,49756.5,0.05,32342,1.193,8.26,-81.7,25.112,3.11,11.7
8/31/20,13:00:00,0,Biosphere 2,0.33,49872,49743,98,112.8,6.72,279,32.55,49755.1,0.06,32341,1.181,8.26,-81.8,25.123,3.11,11.7
8/31/20,13:15:00,0,Biosphere 2,0.33,49873.5,49743.3,98.4,113.2,6.74,279.5,32.56,49755.5,0.04,32341,1.182,8.26,-81.9,25.124,3.11,11.7
8/31/20,13:30:00,0,Biosphere 2,0.38,49862.6,49745.2,98.2,113,6.73,279.8,32.56,49756.2,0.06,32342,1.2,8.26,-81.9,25.112,3.11,11.7
8/31/20,13:45:00,0,Biosphere 2,0.34,49872.1,49742.9,98.5,113.4,6.75,279.9,32.55,49755,0.06,32341,1.192,8.26,-82.1,25.123,3.11,11.7
8/31/20,14:00:00,0,Biosphere 2,0.31,49875.1,49740.9,98.9,113.8,6.77,279.9,32.55,49753.4,0.05,32340,1.192,8.27,-82.2,25.128,3.11,11.7
8/31/20,14:15:00,0,Biosphere 2,0.31,49873.2,49741.3,98.7,113.6,6.76,278.6,32.55,49753.7,0.05,32340,1.197,8.27,-82.2,25.126,3.11,11.7
8/31/20,14:30:00,0,Biosphere 2,0.3,49874.6,49740.6,99.1,114.1,6.79,278.7,32.55,49753.1,0.05,32340,1.187,8.27,-82.3,25.128,3.11,11.7
8/31/20,14:45:00,0,Biosphere 2,0.48,49872,49743.7,99,113.9,6.78,279.2,32.56,49755.7,0.05,32341,1.185,8.27,-82.4,25.122,3.11,11.7
8/31/20,15:00:00,0,Biosphere 2,0.3,49869.8,49743.9,99.1,114.1,6.79,279.4,32.56,49755.7,0.05,32341,1.2,8.27,-82.4,25.12,3.11,11.7
8/31/20,15:15:00,0,Biosphere 2,0.38,49860.4,49740.6,99,114,6.79,277.5,32.55,49751.8,0.06,32339,1.2,8.27,-82.5,25.114,3.11,11.7
8/31/20,15:30:00,0,Biosphere 2,0.36,49863.7,49743.1,98.8,113.6,6.77,277.8,32.55,49754.4,0.05,32340,1.192,8.27,-82.5,25.115,3.11,11.7
8/31/20,15:45:00,0,Biosphere 2,0.29,49863.1,49741.4,98.7,113.6,6.77,278.4,32.55,49752.8,0.05,32339,1.189,8.27,-82.6,25.116,3.11,11.7
8/31/20,16:00:00,0,Biosphere 2,0.33,49861.6,49742.2,98.6,113.5,6.76,278.7,32.55,49753.4,0.04,32340,1.192,8.27,-82.6,25.114,3.11,11.7
8/31/20,16:15:00,0,Biosphere 2,0.34,49864.6,49744.6,98.4,113.3,6.75,279.2,32.56,49755.8,0.05,32341,1.198,8.27,-82.6,25.115,3.11,11.7
8/31/20,16:30:00,0,Biosphere 2,0.4,49865,49744.3,98.2,113,6.73,279.6,32.56,49755.6,0.06,32341,1.192,8.27,-82.7,25.115,3.11,11.7
8/31/20,16:45:00,0,Biosphere 2,0.28,49864.4,49745.9,98,112.7,6.71,279.8,32.56,49757,0.04,32342,1.191,8.28,-82.7,25.113,3.11,11.7
8/31/20,17:00:00,0,Biosphere 2,0.26,49863.3,49745.3,97.7,112.4,6.7,279.7,32.56,49756.3,0.06,32342,1.196,8.28,-82.7,25.113,3.11,11.7
8/31/20,17:15:00,0,Biosphere 2,0.26,49866.5,49745.8,97.4,112.1,6.68,279.7,32.56,49757.1,0.03,32342,1.198,8.27,-82.7,25.115,3.11,11.7
8/31/20,17:30:00,0,Biosphere 2,0.31,49865.6,49743.7,97.1,111.8,6.66,279.3,32.56,49755.1,0.05,32341,1.191,8.27,-82.7,25.116,3.11,11.7
8/31/20,17:45:00,0,Biosphere 2,0.27,49867.6,49746.1,96.8,111.4,6.64,279.9,32.56,49757.5,0.04,32342,1.189,8.27,-82.6,25.116,3.11,11.7
8/31/20,18:00:00,0,Biosphere 2,0.3,49866,49743.7,96.5,111.1,6.61,280.1,32.56,49755.1,0.05,32341,1.188,8.27,-82.6,25.117,3.11,11.7
8/31/20,18:15:00,0,Biosphere 2,0.29,49867.6,49745.2,96.2,110.7,6.59,280.2,32.56,49756.7,0.06,32342,1.192,8.27,-82.6,25.117,3.11,11.7
8/31/20,18:30:00,0,Biosphere 2,0.31,49866.3,49745.1,95.8,110.3,6.57,280.7,32.56,49756.4,0.05,32342,1.196,8.27,-82.6,25.116,3.11,11.7
8/31/20,18:45:00,0,Biosphere 2,0.27,49868.1,49745.7,95.6,110.1,6.55,281.1,32.56,49757.1,0.06,32342,1.19,8.27,-82.6,25.117,3.11,11.7
8/31/20,19:00:00,0,Biosphere 2,0.24,49868.5,49746.2,95.2,109.6,6.53,280,32.56,49757.7,0.04,32342,1.186,8.27,-82.5,25.117,3.11,11.7
8/31/20,19:15:00,0,Biosphere 2,0.24,49865.2,49743.6,95,109.3,6.51,279.7,32.56,49755,0.04,32341,1.189,8.27,-82.5,25.116,3.11,11.7
8/31/20,19:30:00,0,Biosphere 2,0.25,49866.8,49745.8,94.7,109,6.49,280,32.56,49757.2,0.05,32342,1.189,8.27,-82.4,25.115,3.11,11.7
8/31/20,19:45:00,0,Biosphere 2,0.23,49864.3,49743.2,94.4,108.6,6.47,280.6,32.55,49754.6,0.04,32340,1.192,8.27,-82.4,25.115,3.11,11.7
8/31/20,20:00:00,0,Biosphere 2,0.26,49866.6,49745.7,94.1,108.3,6.45,280.8,32.56,49757,0.04,32342,1.199,8.27,-82.3,25.115,3.11,11.7
8/31/20,20:15:00,0,Biosphere 2,0.27,49867.3,49746.3,93.8,108,6.43,280.7,32.56,49757.6,0.04,32342,1.185,8.27,-82.3,25.115,3.11,11.7
8/31/20,20:30:00,0,Biosphere 2,0.28,49863.9,49743.5,93.6,107.7,6.41,281,32.55,49754.8,0.02,32341,1.185,8.27,-82.3,25.115,3.11,11.7
8/31/20,20:45:00,0,Biosphere 2,0.24,49865.9,49745.3,93.3,107.4,6.39,281.2,32.56,49756.6,0.03,32342,1.186,8.27,-82.2,25.115,3.11,11.7
8/31/20,21:00:00,0,Biosphere 2,0.28,49867.1,49746.6,93.1,107.1,6.38,280.4,32.56,49757.9,0.05,32343,1.197,8.27,-82.1,25.115,3.11,11.7
8/31/20,21:15:00,0,Biosphere 2,0.2,49866.4,49746.7,92.7,106.7,6.35,280.7,32.56,49757.9,0.03,32343,1.194,8.26,-82.1,25.114,3.11,11.7
8/31/20,21:30:00,0,Biosphere 2,0.24,49865.2,49746.4,92.4,106.3,6.33,279.2,32.56,49757.5,0.03,32342,1.192,8.26,-82,25.113,3.11,11.7
8/31/20,21:45:00,0,Biosphere 2,0.28,49865,49746.9,92.2,106.1,6.32,279.4,32.56,49757.9,0.03,32343,1.191,8.26,-82,25.113,3.11,11.7
8/31/20,22:00:00,0,Biosphere 2,0.25,49862.2,49745.5,92.1,105.9,6.31,278,32.56,49756.5,0.04,32342,1.189,8.26,-81.9,25.111,3.11,11.7
8/31/20,22:15:00,0,Biosphere 2,0.21,49861.7,49746,91.9,105.7,6.3,278.1,32.56,49756.8,0.04,32342,1.191,8.26,-81.9,25.11,3.11,11.7
8/31/20,22:30:00,0,Biosphere 2,0.23,49857.5,49743.7,91.6,105.4,6.28,278.8,32.55,49754.3,0.04,32340,1.194,8.26,-81.8,25.109,3.11,11.7
8/31/20,22:45:00,0,Biosphere 2,0.25,49861.1,49747.5,91.6,105.4,6.28,279.5,32.56,49758.1,0.04,32343,1.195,8.26,-81.8,25.108,3.11,11.7
8/31/20,23:00:00,0,Biosphere 2,0.28,49856.9,49744.5,91.4,105.1,6.26,279.5,32.56,49755,0.03,32341,1.193,8.26,-81.7,25.107,3.11,11.7
8/31/20,23:15:00,0,Biosphere 2,0.25,49857.9,49745.8,91,104.8,6.24,277.4,32.56,49756.3,0.05,32342,1.193,8.26,-81.7,25.107,3.11,11.7
8/31/20,23:30:00,0,Biosphere 2,0.25,49859.2,49747.7,91,104.7,6.24,277.4,32.56,49758.1,0.04,32343,1.195,8.26,-81.6,25.106,3.11,11.7
8/31/20,23:45:00,0,Biosphere 2,0.21,49857.3,49747.5,90.8,104.5,6.22,277,32.56,49757.8,0.04,32343,1.192,8.26,-81.6,25.105,3.11,11.7
9/1/20,0:00:00,0,Biosphere 2,0.23,49854.5,49746.9,90.7,104.4,6.22,277.1,32.56,49757,0.03,32342,1.191,8.25,-81.5,25.103,3.11,11.7
9/1/20,0:15:00,0,Biosphere 2,0.25,49854.8,49748,90.4,104.1,6.2,277,32.56,49758,0.04,32343,1.188,8.25,-81.4,25.102,3.11,11.7
9/1/20,0:30:00,0,Biosphere 2,0.25,49850.6,49744.8,90.4,104,6.19,277.2,32.56,49754.7,0.03,32341,1.19,8.25,-81.4,25.101,3.11,11.7
9/1/20,0:45:00,0,Biosphere 2,0.31,49850.4,49746.1,90.3,103.9,6.19,277.6,32.56,49755.9,0.04,32341,1.184,8.25,-81.3,25.099,3.11,11.7
9/1/20,1:00:00,0,Biosphere 2,0.3,49851.8,49748.6,90.2,103.7,6.18,277.9,32.56,49758.3,0.04,32343,1.193,8.25,-81.3,25.098,3.11,11.7
9/1/20,1:15:00,0,Biosphere 2,0.24,49847.9,49747.8,90,103.5,6.17,278.6,32.56,49757.2,0.04,32342,1.201,8.25,-81.2,25.095,3.11,11.7
9/1/20,1:30:00,0,Biosphere 2,0.27,49844.9,49747,89.6,103.1,6.14,278.1,32.56,49756.2,0.04,32342,1.192,8.25,-81.2,25.093,3.11,11.7
9/1/20,1:45:00,0,Biosphere 2,0.29,49846.9,49749.5,89.7,103.2,6.15,279.5,32.56,49758.6,0.05,32343,1.193,8.25,-81.1,25.093,3.11,11.7
9/1/20,2:00:00,0,Biosphere 2,0.25,49842.2,49747.1,89.7,103.2,6.15,278.2,32.56,49756,0.05,32341,1.192,8.25,-81.1,25.091,3.11,11.7
9/1/20,2:15:00,0,Biosphere 2,0.27,49840.3,49747.2,89.4,102.9,6.13,277.5,32.56,49755.9,0.04,32341,1.197,8.25,-81,25.089,3.11,11.7
9/1/20,2:30:00,0,Biosphere 2,0.3,49842.2,49749.3,89.5,103,6.14,277.9,32.56,49758,0.05,32343,1.192,8.25,-81,25.089,3.11,11.7
9/1/20,2:45:00,0,Biosphere 2,0.29,49839.8,49750.3,89.3,102.8,6.12,278,32.56,49758.7,0.05,32343,1.195,8.24,-80.9,25.085,3.11,11.7
9/1/20,3:00:00,0,Biosphere 2,0.27,49838.1,49750.6,89.3,102.8,6.12,277.9,32.56,49758.8,0.05,32343,1.184,8.24,-80.8,25.083,3.11,11.7
9/1/20,3:15:00,0,Biosphere 2,0.31,49837.4,49751.5,89.2,102.6,6.12,277.5,32.56,49759.5,0.04,32344,1.192,8.24,-80.8,25.082,3.11,11.7
9/1/20,3:30:00,0,Biosphere 2,0.3,49830.1,49749,88.8,102.2,6.09,277.3,32.56,49756.6,0.04,32342,1.19,8.24,-80.7,25.077,3.11,11.7
9/1/20,3:45:00,0,Biosphere 2,0.27,49831.4,49749.7,89,102.4,6.1,277.7,32.56,49757.3,0.05,32342,1.189,8.24,-80.7,25.078,3.11,11.7
9/1/20,4:00:00,0,Biosphere 2,0.28,49830.7,49752.1,88.9,102.3,6.1,278.1,32.56,49759.5,0.04,32344,1.201,8.24,-80.6,25.075,3.11,11.7
9/1/20,4:15:00,0,Biosphere 2,0.3,49826.8,49749.7,88.9,102.3,6.1,278.7,32.56,49756.9,0.03,32342,1.191,8.24,-80.6,25.074,3.11,11.7
9/1/20,4:30:00,0,Biosphere 2,0.26,49824.4,49750.6,88.7,102.1,6.09,279,32.56,49757.5,0.04,32342,1.19,8.24,-80.5,25.07,3.11,11.7
9/1/20,4:45:00,0,Biosphere 2,0.33,49822.6,49750,88.9,102.3,6.1,279.2,32.56,49756.8,0.04,32342,1.192,8.24,-80.5,25.069,3.11,11.7
9/1/20,5:00:00,0,Biosphere 2,0.31,49822.9,49752.8,88.5,101.9,6.07,279.7,32.56,49759.4,0.04,32344,1.189,8.24,-80.4,25.067,3.11,11.7
9/1/20,5:15:00,0,Biosphere 2,0.33,49819.4,49752.6,88.4,101.7,6.06,279.2,32.56,49758.8,0.05,32343,1.192,8.24,-80.3,25.064,3.11,11.7
9/1/20,5:30:00,0,Biosphere 2,0.3,49819.8,49753.6,88.6,102,6.08,279.5,32.56,49759.8,0.05,32344,1.198,8.23,-80.3,25.063,3.11,11.7
9/1/20,5:45:00,0,Biosphere 2,0.29,49811,49750.5,88.2,101.5,6.05,279.4,32.56,49756.2,0.03,32342,1.19,8.23,-80.2,25.058,3.11,11.7
9/1/20,6:00:00,0,Biosphere 2,0.34,49813.4,49752.1,88.5,101.8,6.07,279.5,32.56,49757.9,0.03,32343,1.184,8.23,-80.2,25.058,3.11,11.7
9/1/20,6:15:00,0,Biosphere 2,0.31,49808.6,49753.4,87.9,101.1,6.03,279.8,32.56,49758.6,0.07,32343,1.196,8.23,-80.1,25.053,3.11,11.7
9/1/20,6:30:00,0,Biosphere 2,0.37,49807.5,49752,88.4,101.7,6.06,280.5,32.56,49757.2,0.04,32342,1.183,8.23,-80.1,25.053,3.11,11.7
9/1/20,6:45:00,0,Biosphere 2,0.4,49808.9,49753.5,88.4,101.8,6.07,280.5,32.56,49758.7,0.05,32343,1.184,8.23,-80.1,25.053,3.11,11.7
9/1/20,7:00:00,0,Biosphere 2,0.45,49809.6,49754,88.5,101.8,6.07,281.5,32.56,49759.2,0.04,32343,1.193,8.23,-80,25.053,3.11,11.7
9/1/20,7:15:00,0,Biosphere 2,0.38,49805.9,49751.9,88.5,101.9,6.08,281.5,32.56,49757,0.05,32342,1.193,8.23,-80,25.051,3.11,11.7
9/1/20,7:30:00,0,Biosphere 2,0.43,49805.7,49751.7,88.6,102,6.08,281.3,32.56,49756.8,0.05,32342,1.2,8.23,-79.9,25.051,3.11,11.7
9/1/20,7:45:00,0,Biosphere 2,0.54,49809.1,49751.6,88.8,102.2,6.09,279.4,32.56,49757,0.06,32342,1.197,8.23,-80,25.055,3.11,11.7
9/1/20,8:00:00,0,Biosphere 2,0.4,49811.2,49751.5,89,102.4,6.1,279,32.56,49757.1,0.06,32342,1.192,8.23,-80,25.057,3.11,11.7
9/1/20,8:15:00,0,Biosphere 2,0.44,49818,49753.3,89.3,102.7,6.12,279.3,32.56,49759.3,0.04,32344,1.195,8.23,-80,25.062,3.11,11.7
9/1/20,8:30:00,0,Biosphere 2,0.49,49828.3,49753.3,89.8,103.3,6.16,279.6,32.56,49760.3,0.06,32344,1.193,8.23,-80,25.072,3.11,11.7
9/1/20,8:45:00,0,Biosphere 2,0.46,49830.4,49750,90,103.6,6.17,280.6,32.56,49757.6,0.05,32342,1.19,8.23,-80,25.077,3.11,11.7
9/1/20,9:00:00,0,Biosphere 2,0.39,49848.1,49751.2,90.8,104.5,6.23,281.3,32.56,49760.3,0.07,32344,1.192,8.23,-80.1,25.092,3.11,11.7
9/1/20,9:15:00,0,Biosphere 2,0.43,49852.4,49748.5,91.1,104.8,6.24,281.7,32.56,49758.2,0.08,32343,1.195,8.23,-80.2,25.099,3.11,11.7
9/1/20,9:30:00,0,Biosphere 2,0.39,49866.6,49749.5,91.5,105.4,6.27,282.1,32.56,49760.5,0.07,32344,1.198,8.23,-80.2,25.112,3.11,11.7
9/1/20,9:45:00,0,Biosphere 2,0.44,49874.6,49749.5,91.8,105.7,6.29,282.2,32.56,49761.2,0.05,32345,1.186,8.23,-80.3,25.119,3.11,11.7
9/1/20,10:00:00,0,Biosphere 2,0.37,49888.4,49748.6,92.8,106.8,6.36,282.5,32.56,49761.6,0.06,32345,1.188,8.24,-80.5,25.133,3.11,11.7
9/1/20,10:15:00,0,Biosphere 2,0.46,49879.4,49746.5,93.2,107.3,6.39,282.8,32.56,49758.9,0.06,32343,1.19,8.24,-80.6,25.127,3.11,11.7
9/1/20,10:30:00,0,Biosphere 2,0.38,49892.8,49748.5,93.8,107.9,6.43,283.1,32.56,49762,0.05,32345,1.199,8.24,-80.7,25.138,3.11,11.7
9/1/20,10:45:00,0,Biosphere 2,0.37,49897,49746.9,94.7,109,6.49,283.2,32.56,49761,0.06,32345,1.184,8.24,-80.9,25.143,3.11,11.7
9/1/20,11:00:00,0,Biosphere 2,0.4,49887.5,49746.7,95.1,109.4,6.52,283.6,32.56,49759.9,0.07,32344,1.192,8.25,-81,25.134,3.11,11.7
9/1/20,11:15:00,0,Biosphere 2,0.46,49884.3,49745.1,95.6,110,6.55,283.8,32.56,49758.1,0.06,32343,1.191,8.25,-81.1,25.133,3.11,11.7
9/1/20,11:30:00,0,Biosphere 2,0.35,49889.3,49743.8,96.4,110.9,6.6,283.7,32.56,49757.4,0.07,32342,1.192,8.25,-81.3,25.139,3.11,11.7
9/1/20,11:45:00,0,Biosphere 2,0.4,49880.5,49741.5,96.6,111.1,6.62,283.8,32.55,49754.5,0.07,32340,1.198,8.25,-81.4,25.133,3.11,11.7
9/1/20,12:00:00,0,Biosphere 2,0.38,49894.9,49747.5,97.5,112.2,6.68,282.5,32.56,49761.3,0.06,32345,1.192,8.26,-81.6,25.141,3.11,11.7
9/1/20,12:15:00,0,Biosphere 2,0.45,49874,49743.8,97.3,112,6.67,282.6,32.56,49756,0.07,32341,1.184,8.26,-81.6,25.124,3.11,11.7
9/1/20,12:30:00,0,Biosphere 2,0.44,49878.6,49741.1,98.2,113,6.73,282.8,32.55,49754,0.07,32340,1.184,8.26,-81.8,25.131,3.11,11.7
9/1/20,12:45:00,0,Biosphere 2,0.38,49872,49744.6,98.8,113.7,6.77,283.2,32.56,49756.5,0.06,32342,1.201,8.26,-82,25.122,3.11,11.7
9/1/20,13:00:00,0,Biosphere 2,0.35,49883,49752.4,99,113.9,6.78,283.3,32.56,49764.6,0.08,32347,1.19,8.27,-82.1,25.125,3.11,11.7
9/1/20,13:15:00,0,Biosphere 2,0.39,49875.2,49746.2,99,113.9,6.78,283.1,32.56,49758.3,0.06,32343,1.186,8.27,-82.2,25.123,3.11,11.7
9/1/20,13:30:00,0,Biosphere 2,0.37,49885.3,49744.8,99.5,114.6,6.82,283.5,32.56,49758,0.08,32343,1.2,8.27,-82.3,25.134,3.11,11.7
9/1/20,13:45:00,0,Biosphere 2,0.48,49875.7,49742.2,99.5,114.5,6.82,283.9,32.55,49754.7,0.07,32341,1.19,8.27,-82.4,25.127,3.11,11.7
9/1/20,14:00:00,0,Biosphere 2,0.49,49863.4,49743.6,99.2,114.2,6.8,283.9,32.55,49754.8,0.05,32341,1.191,8.27,-82.4,25.114,3.11,11.7
9/1/20,14:15:00,0,Biosphere 2,0.48,49872.1,49745.1,99.5,114.5,6.82,284,32.56,49757,0.07,32342,1.191,8.27,-82.5,25.121,3.11,11.7
9/1/20,14:30:00,0,Biosphere 2,0.33,49874.8,49744,99.5,114.5,6.82,283.1,32.56,49756.2,0.05,32342,1.192,8.27,-82.6,25.125,3.11,11.7
9/1/20,14:45:00,0,Biosphere 2,0.46,49867.6,49744.4,99.5,114.5,6.82,283.6,32.56,49755.9,0.05,32341,1.198,8.27,-82.6,25.117,3.11,11.7
9/1/20,15:00:00,0,Biosphere 2,0.49,49868,49744.3,99.3,114.3,6.81,283.8,32.56,49755.9,0.04,32341,1.191,8.28,-82.7,25.118,3.11,11.7
9/1/20,15:15:00,0,Biosphere 2,0.38,49871.1,49745.2,99.4,114.3,6.81,284,32.56,49757,0.07,32342,1.189,8.28,-82.7,25.12,3.11,11.7
9/1/20,15:30:00,0,Biosphere 2,0.45,49874.4,49748,99.4,114.4,6.81,284.4,32.56,49759.9,0.05,32344,1.191,8.28,-82.8,25.121,3.11,11.7
9/1/20,15:45:00,0,Biosphere 2,0.45,49870.1,49745.9,99.1,114.1,6.79,284.4,32.56,49757.5,0.05,32342,1.191,8.28,-82.8,25.119,3.11,11.7
9/1/20,16:00:00,0,Biosphere 2,0.5,49866.2,49744.6,98.9,113.8,6.78,284.1,32.56,49756,0.05,32341,1.2,8.28,-82.8,25.116,3.11,11.7
9/1/20,16:15:00,0,Biosphere 2,0.48,49868.8,49745.9,98.7,113.6,6.76,284.5,32.56,49757.4,0.04,32342,1.198,8.28,-82.9,25.117,3.11,11.7
9/1/20,16:30:00,0,Biosphere 2,0.34,49866,49745.6,98.4,113.3,6.75,285.1,32.56,49756.9,0.05,32342,1.191,8.28,-82.9,25.115,3.11,11.7
9/1/20,16:45:00,0,Biosphere 2,0.43,49868.6,49746.3,98.3,113.1,6.73,285.4,32.56,49757.7,0.05,32343,1.183,8.28,-82.9,25.117,3.11,11.7
9/1/20,17:00:00,0,Biosphere 2,0.49,49863.2,49743.7,97.9,112.7,6.71,283.7,32.56,49754.9,0.06,32341,1.191,8.28,-82.9,25.114,3.11,11.7
9/1/20,17:15:00,0,Biosphere 2,0.47,49865.6,49743.6,97.6,112.4,6.69,284.4,32.56,49755,0.06,32341,1.193,8.28,-82.9,25.116,3.11,11.7
9/1/20,17:30:00,0,Biosphere 2,0.31,49866.7,49743.6,97.3,112,6.67,284.8,32.56,49755.1,0.04,32341,1.181,8.28,-82.9,25.117,3.11,11.7
9/1/20,17:45:00,0,Biosphere 2,0.49,49866.6,49743.4,97,111.7,6.65,283.3,32.55,49754.9,0.06,32341,1.184,8.28,-82.8,25.118,3.11,11.7
9/1/20,18:00:00,0,Biosphere 2,0.42,49868.5,49745,96.7,111.3,6.63,283.1,32.56,49756.6,0.05,32342,1.195,8.28,-82.8,25.118,3.11,11.7
9/1/20,18:15:00,0,Biosphere 2,0.33,49871.1,49746.8,96.4,111,6.61,282.7,32.56,49758.4,0.05,32343,1.19,8.28,-82.8,25.119,3.11,11.7
9/1/20,18:30:00,0,Biosphere 2,0.47,49867.7,49743.3,96.2,110.7,6.59,282.3,32.55,49754.9,0.05,32341,1.182,8.28,-82.8,25.119,3.11,11.7
9/1/20,18:45:00,0,Biosphere 2,0.24,49870.6,49745.2,95.9,110.3,6.57,282.3,32.56,49757,0.04,32342,1.191,8.28,-82.8,25.12,3.11,11.7
9/1/20,19:00:00,0,Biosphere 2,0.32,49870.4,49745.6,95.6,110,6.55,282.9,32.56,49757.3,0.04,32342,1.2,8.28,-82.7,25.119,3.11,11.7
9/1/20,19:15:00,0,Biosphere 2,0.34,49870.5,49745.6,95.2,109.5,6.52,283.4,32.56,49757.3,0.04,32342,1.184,8.28,-82.7,25.119,3.11,11.7
9/1/20,19:30:00,0,Biosphere 2,0.35,49868.4,49744.1,94.9,109.2,6.5,282.4,32.56,49755.7,0.04,32341,1.183,8.27,-82.6,25.119,3.11,11.7
9/1/20,19:45:00,0,Biosphere 2,0.27,49870.9,49746.2,94.6,108.9,6.49,282.4,32.56,49757.9,0.04,32343,1.183,8.27,-82.6,25.119,3.11,11.7
9/1/20,20:00:00,0,Biosphere 2,0.31,49868.6,49744.8,94.4,108.6,6.47,282.3,32.56,49756.3,0.06,32342,1.19,8.27,-82.5,25.118,3.11,11.7
9/1/20,20:15:00,0,Biosphere 2,0.34,49869.8,49745.5,94.1,108.3,6.45,283,32.56,49757.2,0.04,32342,1.183,8.27,-82.5,25.118,3.11,11.7
9/1/20,20:30:00,0,Biosphere 2,0.36,49868.7,49745,93.9,108.1,6.44,282.9,32.56,49756.6,0.05,32342,1.19,8.27,-82.5,25.118,3.11,11.7
9/1/20,20:45:00,0,Biosphere 2,0.39,49866.7,49743.1,93.5,107.6,6.41,283,32.55,49754.7,0.05,32341,1.196,8.27,-82.4,25.118,3.11,11.7
9/1/20,21:00:00,0,Biosphere 2,0.38,49870,49746.5,93.3,107.3,6.39,281.5,32.56,49758.1,0.05,32343,1.192,8.27,-82.4,25.118,3.11,11.7
9/1/20,21:15:00,0,Biosphere 2,0.39,49865.8,49743.6,93,107,6.37,280.9,32.56,49755.1,0.06,32341,1.198,8.27,-82.3,25.117,3.11,11.7
9/1/20,21:30:00,0,Biosphere 2,0.3,49868.2,49745.9,92.9,106.9,6.37,275.2,32.56,49757.4,0.03,32342,1.19,8.27,-82.3,25.117,3.11,11.7
9/1/20,21:45:00,0,Biosphere 2,0.36,49865,49744.1,92.6,106.5,6.34,276.1,32.56,49755.4,0.05,32341,1.192,8.27,-82.2,25.115,3.11,11.7
9/1/20,22:00:00,0,Biosphere 2,0.31,49864.2,49744.2,92.3,106.2,6.32,276.5,32.56,49755.5,0.06,32341,1.192,8.27,-82.1,25.114,3.11,11.7
9/1/20,22:15:00,0,Biosphere 2,0.28,49863.1,49744.4,92.1,106,6.31,277.3,32.56,49755.5,0.05,32341,1.192,8.26,-82.1,25.113,3.11,11.7
9/1/20,22:30:00,0,Biosphere 2,0.35,49864.9,49746.3,92,105.9,6.31,277.1,32.56,49757.4,0.04,32342,1.2,8.26,-82,25.113,3.11,11.7
9/1/20,22:45:00,0,Biosphere 2,0.32,49863.4,49746.5,91.8,105.7,6.29,276.7,32.56,49757.4,0.05,32342,1.195,8.26,-82,25.112,3.11,11.7
9/1/20,23:00:00,0,Biosphere 2,0.33,49862.6,49747.3,91.5,105.3,6.27,276.9,32.56,49758.1,0.05,32343,1.194,8.26,-81.9,25.11,3.11,11.7
9/1/20,23:15:00,0,Biosphere 2,0.29,49862.5,49748.5,91.4,105.2,6.26,277.6,32.56,49759.2,0.05,32343,1.187,8.26,-81.9,25.109,3.11,11.7
9/1/20,23:30:00,0,Biosphere 2,0.36,49858.3,49745.6,91.3,105.1,6.26,275.6,32.56,49756.2,0.04,32342,1.185,8.26,-81.8,25.107,3.11,11.7
9/1/20,23:45:00,0,Biosphere 2,0.31,49855.8,49745.3,91,104.8,6.24,275.9,32.56,49755.6,0.05,32341,1.186,8.26,-81.7,25.105,3.11,11.7
9/2/20,0:00:00,0,Biosphere 2,0.33,49855,49745.9,90.9,104.6,6.23,276,32.56,49756.1,0.06,32341,1.193,8.26,-81.7,25.104,3.11,11.7
9/2/20,0:15:00,0,Biosphere 2,0.35,49853.3,49746,90.8,104.5,6.22,276.7,32.56,49756.1,0.04,32341,1.19,8.26,-81.6,25.102,3.11,11.7
9/2/20,0:30:00,0,Biosphere 2,0.32,49851.6,49746.8,90.4,104,6.2,277.3,32.56,49756.6,0.04,32342,1.192,8.26,-81.5,25.1,3.11,11.7
9/2/20,0:45:00,0,Biosphere 2,0.37,49851.1,49746.8,90.5,104.1,6.2,277.8,32.56,49756.6,0.05,32342,1.19,8.26,-81.5,25.099,3.11,11.7
9/2/20,1:00:00,0,Biosphere 2,0.38,49852.6,49749.1,90.4,104.1,6.2,278.3,32.56,49758.8,0.04,32343,1.191,8.25,-81.5,25.099,3.11,11.7
9/2/20,1:15:00,0,Biosphere 2,0.37,49850.1,49749.5,90.1,103.7,6.18,278.8,32.56,49758.9,0.05,32343,1.196,8.25,-81.4,25.096,3.11,11.7
9/2/20,1:30:00,0,Biosphere 2,0.37,49848.9,49749,90.1,103.7,6.18,278.1,32.56,49758.3,0.05,32343,1.19,8.25,-81.4,25.095,3.11,11.7
9/2/20,1:45:00,0,Biosphere 2,0.28,49848.3,49750.5,90.1,103.7,6.18,278.3,32.56,49759.7,0.05,32344,1.188,8.25,-81.3,25.093,3.11,11.7
9/2/20,2:00:00,0,Biosphere 2,0.34,49846.3,49749.9,90,103.6,6.17,279,32.56,49759,0.06,32343,1.2,8.25,-81.3,25.092,3.11,11.7
9/2/20,2:15:00,0,Biosphere 2,0.3,49844.1,49750.3,89.8,103.3,6.16,279.2,32.56,49759.1,0.05,32343,1.2,8.25,-81.2,25.089,3.11,11.7
9/2/20,2:30:00,0,Biosphere 2,0.38,49844.1,49751.1,89.8,103.3,6.15,273.9,32.56,49759.8,0.06,32344,1.195,8.25,-81.2,25.089,3.11,11.7
9/2/20,2:45:00,0,Biosphere 2,0.45,49838.7,49749.1,89.5,103,6.14,274.5,32.56,49757.5,0.05,32342,1.192,8.25,-81.1,25.085,3.11,11.7
9/2/20,3:00:00,0,Biosphere 2,0.42,49839.4,49751.3,89.5,102.9,6.13,275.4,32.56,49759.5,0.05,32344,1.193,8.25,-81.1,25.084,3.11,11.7
9/2/20,3:15:00,0,Biosphere 2,0.4,49836.6,49751.3,89.5,103,6.14,276.2,32.56,49759.3,0.04,32344,1.189,8.25,-81,25.081,3.11,11.7
9/2/20,3:30:00,0,Biosphere 2,0.31,49832.3,49748.6,89.4,102.9,6.13,275.6,32.56,49756.4,0.05,32342,1.191,8.25,-80.9,25.08,3.11,11.7
9/2/20,3:45:00,0,Biosphere 2,0.31,49832.3,49750.8,89.4,102.8,6.13,276,32.56,49758.4,0.05,32343,1.197,8.24,-80.9,25.078,3.11,11.7
9/2/20,4:00:00,0,Biosphere 2,0.47,49828.6,49749.4,89.2,102.6,6.11,276.2,32.56,49756.8,0.05,32342,1.189,8.24,-80.8,25.076,3.11,11.7
9/2/20,4:15:00,0,Biosphere 2,0.45,49829.5,49752.5,89.2,102.7,6.12,275.1,32.56,49759.7,0.07,32344,1.186,8.24,-80.8,25.073,3.11,11.7
9/2/20,4:30:00,0,Biosphere 2,0.38,49824.4,49750.5,89.1,102.5,6.11,275.3,32.56,49757.4,0.06,32342,1.192,8.24,-80.7,25.071,3.11,11.7
9/2/20,4:45:00,0,Biosphere 2,0.43,49824.7,49751.6,89.1,102.5,6.11,276.6,32.56,49758.5,0.05,32343,1.195,8.24,-80.7,25.07,3.11,11.7
9/2/20,5:00:00,0,Biosphere 2,0.39,49819.7,49750.2,89,102.4,6.11,277.1,32.56,49756.7,0.05,32342,1.196,8.24,-80.6,25.066,3.11,11.7
9/2/20,5:15:00,0,Biosphere 2,0.46,49818.8,49751.6,88.9,102.3,6.1,277.1,32.56,49757.9,0.06,32343,1.198,8.24,-80.6,25.064,3.11,11.7
9/2/20,5:30:00,0,Biosphere 2,0.43,49819.3,49754.6,88.9,102.3,6.1,277,32.56,49760.6,0.07,32344,1.192,8.24,-80.5,25.062,3.11,11.7
9/2/20,5:45:00,0,Biosphere 2,0.41,49816.4,49753.2,88.8,102.2,6.09,277.4,32.56,49759.1,0.05,32343,1.186,8.24,-80.5,25.06,3.11,11.7
9/2/20,6:00:00,0,Biosphere 2,0.44,49814.5,49755.9,88.6,101.9,6.08,277.8,32.56,49761.4,0.06,32345,1.181,8.24,-80.4,25.056,3.11,11.7
9/2/20,6:15:00,0,Biosphere 2,0.49,49811.4,49753.8,88.8,102.2,6.09,273.8,32.56,49759.2,0.05,32343,1.2,8.24,-80.4,25.055,3.11,11.7
9/2/20,6:30:00,0,Biosphere 2,0.5,49807,49752.6,88.7,102.1,6.09,276.2,32.56,49757.7,0.07,32342,1.201,8.23,-80.3,25.052,3.11,11.7
9/2/20,6:45:00,0,Biosphere 2,0.52,49806.2,49752,88.8,102.2,6.09,276.6,32.56,49757,0.06,32342,1.196,8.23,-80.3,25.052,3.11,11.7
9/2/20,7:00:00,0,Biosphere 2,0.48,49806.4,49752.1,88.8,102.2,6.1,276.2,32.56,49757.2,0.06,32342,1.192,8.23,-80.2,25.052,3.11,11.7
9/2/20,7:15:00,0,Biosphere 2,0.51,49807,49751.6,88.9,102.3,6.1,276.6,32.56,49756.8,0.07,32342,1.185,8.23,-80.2,25.053,3.11,11.7
9/2/20,7:30:00,0,Biosphere 2,0.57,49809.7,49751.8,89,102.5,6.11,276.7,32.56,49757.2,0.06,32342,1.19,8.23,-80.2,25.055,3.11,11.7
9/2/20,7:45:00,0,Biosphere 2,0.56,49815.7,49753.4,89.2,102.7,6.12,277.3,32.56,49759.2,0.07,32343,1.19,8.23,-80.2,25.059,3.11,11.7
9/2/20,8:00:00,0,Biosphere 2,0.56,49818.5,49751.2,89.5,103,6.14,276.7,32.56,49757.5,0.07,32342,1.192,8.23,-80.2,25.064,3.11,11.7
9/2/20,8:15:00,0,Biosphere 2,0.54,49827.6,49752.4,90,103.5,6.17,278,32.56,49759.4,0.07,32344,1.195,8.23,-80.2,25.072,3.11,11.7
9/2/20,8:30:00,0,Biosphere 2,0.54,49831.5,49749.9,90.2,103.8,6.18,278.9,32.56,49757.6,0.09,32342,1.184,8.23,-80.3,25.078,3.11,11.7
9/2/20,8:45:00,0,Biosphere 2,0.44,49840.2,49749.2,90.6,104.2,6.21,279.6,32.56,49757.8,0.06,32343,1.191,8.23,-80.3,25.087,3.11,11.7
9/2/20,9:00:00,0,Biosphere 2,0.51,49853.8,49749.5,91.1,104.8,6.24,279.7,32.56,49759.3,0.08,32344,1.19,8.24,-80.4,25.099,3.11,11.7
9/2/20,9:15:00,0,Biosphere 2,0.58,49862.2,49750.5,91.5,105.3,6.27,280.6,32.56,49760.9,0.07,32345,1.19,8.24,-80.4,25.107,3.11,11.7
9/2/20,9:30:00,0,Biosphere 2,0.56,49873.5,49748.9,92.2,106.1,6.32,281.2,32.56,49760.5,0.07,32344,1.189,8.24,-80.6,25.119,3.11,11.7
9/2/20,9:45:00,0,Biosphere 2,0.48,49879.6,49744.2,92.6,106.6,6.35,282.2,32.56,49756.8,0.06,32342,1.192,8.24,-80.6,25.129,3.11,11.7
9/2/20,10:00:00,0,Biosphere 2,0.51,49882.7,49748.4,93,107,6.37,282.7,32.56,49761,0.05,32345,1.184,8.24,-80.7,25.128,3.11,11.7
9/2/20,10:15:00,0,Biosphere 2,0.52,49897.2,49745.1,93.9,108,6.43,282.8,32.56,49759.3,0.07,32344,1.189,8.24,-80.9,25.145,3.11,11.7
9/2/20,10:30:00,0,Biosphere 2,0.53,49893.1,49744.8,94.2,108.4,6.45,282.7,32.56,49758.7,0.07,32343,1.19,8.25,-80.9,25.141,3.11,11.7
9/2/20,10:45:00,0,Biosphere 2,0.54,49888.2,49748.3,94.5,108.8,6.48,280.8,32.56,49761.4,0.07,32345,1.192,8.25,-81.1,25.133,3.11,11.7
9/2/20,11:00:00,0,Biosphere 2,0.43,49897.3,49746.5,95.3,109.6,6.53,281.4,32.56,49760.6,0.06,32344,1.187,8.25,-81.2,25.144,3.11,11.7
9/2/20,11:15:00,0,Biosphere 2,0.58,49885.2,49745,95.7,110.1,6.56,282.1,32.56,49758.1,0.06,32343,1.188,8.25,-81.3,25.134,3.11,11.7
9/2/20,11:30:00,0,Biosphere 2,0.49,49880.5,49747.1,96.3,110.9,6.6,282,32.56,49759.6,0.05,32344,1.187,8.25,-81.5,25.127,3.11,11.7
9/2/20,11:45:00,0,Biosphere 2,0.42,49889.8,49745,96.9,111.5,6.64,282.1,32.56,49758.5,0.05,32343,1.183,8.26,-81.6,25.138,3.11,11.7
9/2/20,12:00:00,0,Biosphere 2,0.54,49885.1,49743.8,97.5,112.2,6.68,282.4,32.56,49757,0.07,32342,1.185,8.26,-81.8,25.135,3.11,11.7
9/2/20,12:15:00,0,Biosphere 2,0.47,49887.9,49746.1,98.1,112.9,6.72,282.1,32.56,49759.4,0.07,32344,1.192,8.26,-81.9,25.135,3.11,11.7
9/2/20,12:30:00,0,Biosphere 2,0.47,49882.1,49746.2,98.1,112.9,6.72,280.4,32.56,49758.9,0.05,32343,1.192,8.26,-82,25.13,3.11,11.7
9/2/20,12:45:00,0,Biosphere 2,0.36,49883.5,49746.2,98.7,113.5,6.76,279.8,32.56,49759.1,0.05,32343,1.192,8.27,-82.2,25.131,3.11,11.7
9/2/20,13:00:00,0,Biosphere 2,0.61,49874.1,49745.7,98.6,113.5,6.76,279.7,32.56,49757.7,0.06,32343,1.189,8.27,-82.2,25.122,3.11,11.7
9/2/20,13:15:00,0,Biosphere 2,0.48,49869.6,49745.3,98.9,113.8,6.78,279.7,32.56,49757,0.06,32342,1.191,8.27,-82.3,25.119,3.11,11.7
9/2/20,13:30:00,0,Biosphere 2,0.53,49867.4,49749.2,98.9,113.9,6.78,279.7,32.56,49760.3,0.08,32344,1.19,8.27,-82.4,25.113,3.11,11.7
9/2/20,13:45:00,0,Biosphere 2,0.5,49868.1,49746.6,99.1,114,6.79,278.9,32.56,49758,0.07,32343,1.191,8.27,-82.5,25.116,3.11,11.7
9/2/20,14:00:00,0,Biosphere 2,0.58,49862.9,49744.2,99.2,114.1,6.8,278.4,32.56,49755.3,0.06,32341,1.189,8.27,-82.5,25.113,3.11,11.7
9/2/20,14:15:00,0,Biosphere 2,0.46,49871.5,49748.9,99.6,114.6,6.82,278.4,32.56,49760.4,0.05,32344,1.182,8.27,-82.7,25.117,3.11,11.7
9/2/20,14:30:00,0,Biosphere 2,0.62,49866.6,49747,99.5,114.5,6.82,278.5,32.56,49758.2,0.06,32343,1.195,8.28,-82.7,25.114,3.11,11.7
9/2/20,14:45:00,0,Biosphere 2,0.47,49869.2,49745.2,99.5,114.5,6.82,278.8,32.56,49756.8,0.04,32342,1.195,8.28,-82.8,25.118,3.11,11.7
9/2/20,15:00:00,0,Biosphere 2,0.44,49872.4,49747.3,99.7,114.8,6.83,278.9,32.56,49759,0.07,32343,1.192,8.28,-82.9,25.119,3.11,11.7
9/2/20,15:15:00,0,Biosphere 2,0.44,49868.9,49745.6,99.7,114.7,6.83,278.8,32.56,49757.1,0.06,32342,1.192,8.28,-82.9,25.118,3.11,11.7
9/2/20,15:30:00,0,Biosphere 2,0.61,49872,49747.7,99.5,114.5,6.82,277.1,32.56,49759.4,0.06,32344,1.198,8.28,-83,25.119,3.11,11.7
9/2/20,15:45:00,0,Biosphere 2,0.66,49864.7,49746,99.2,114.2,6.8,277.2,32.56,49757.1,0.07,32342,1.199,8.28,-83,25.113,3.11,11.7
9/2/20,16:00:00,0,Biosphere 2,0.6,49867.7,49749,99.1,114,6.79,277.2,32.56,49760.1,0.06,32344,1.191,8.28,-83,25.113,3.11,11.7
9/2/20,16:15:00,0,Biosphere 2,0.57,49867.6,49748.4,98.9,113.8,6.78,277.9,32.56,49759.5,0.06,32344,1.187,8.28,-83,25.114,3.11,11.7
9/2/20,16:30:00,0,Biosphere 2,0.42,49864.6,49745.8,98.7,113.5,6.76,278,32.56,49756.9,0.06,32342,1.186,8.28,-83.1,25.113,3.11,11.7
9/2/20,16:45:00,0,Biosphere 2,0.45,49863.9,49745.6,98.4,113.2,6.74,277.5,32.56,49756.7,0.05,32342,1.201,8.28,-83,25.113,3.11,11.7
9/2/20,17:00:00,0,Biosphere 2,0.62,49867.1,49749.1,98.1,112.9,6.72,277.6,32.56,49760.1,0.07,32344,1.198,8.28,-83,25.113,3.11,11.7
9/2/20,17:15:00,0,Biosphere 2,0.63,49865.6,49746.6,97.8,112.5,6.7,277.6,32.56,49757.8,0.07,32343,1.196,8.28,-83,25.113,3.11,11.7
9/2/20,17:30:00,0,Biosphere 2,0.59,49871.1,49749.6,97.5,112.2,6.68,278,32.56,49761,0.06,32345,1.191,8.28,-83,25.116,3.11,11.7
9/2/20,17:45:00,0,Biosphere 2,0.34,49872.1,49748.4,97.2,111.9,6.66,277.6,32.56,49760,0.06,32344,1.189,8.28,-83,25.118,3.11,11.7
9/2/20,18:00:00,0,Biosphere 2,0.51,49868.9,49746.5,96.9,111.5,6.64,272.2,32.56,49758,0.06,32343,1.197,8.28,-83,25.117,3.11,11.7
9/2/20,18:15:00,0,Biosphere 2,0.52,49873.9,49749.5,96.6,111.1,6.62,275.2,32.56,49761.2,0.05,32345,1.192,8.28,-83,25.119,3.11,11.7
9/2/20,18:30:00,0,Biosphere 2,0.43,49869.6,49745.5,96.4,110.9,6.61,276.2,32.56,49757.1,0.07,32342,1.193,8.28,-83,25.118,3.11,11.7
9/2/20,18:45:00,0,Biosphere 2,0.55,49868.1,49745.6,96,110.5,6.58,277,32.56,49757.1,0.04,32342,1.192,8.28,-82.9,25.117,3.11,11.7
9/2/20,19:00:00,0,Biosphere 2,0.38,49868.9,49745.4,95.7,110.1,6.56,277.8,32.56,49757,0.06,32342,1.188,8.28,-82.9,25.118,3.11,11.7
9/2/20,19:15:00,0,Biosphere 2,0.49,49869.2,49746.2,95.4,109.8,6.54,277.5,32.56,49757.7,0.05,32342,1.183,8.28,-82.9,25.117,3.11,11.7
9/2/20,19:30:00,0,Biosphere 2,0.53,49868.6,49745.9,95.1,109.4,6.52,277.6,32.56,49757.3,0.06,32342,1.19,8.28,-82.8,25.117,3.11,11.7
9/2/20,19:45:00,0,Biosphere 2,0.47,49868.9,49745.9,94.8,109.1,6.5,277.5,32.56,49757.4,0.05,32342,1.199,8.28,-82.8,25.117,3.11,11.7
9/2/20,20:00:00,0,Biosphere 2,0.42,49868.4,49745.6,94.5,108.8,6.48,278.1,32.56,49757.1,0.06,32342,1.197,8.28,-82.7,25.117,3.11,11.7
9/2/20,20:15:00,0,Biosphere 2,0.51,49867.8,49745.7,94.3,108.5,6.46,277.6,32.56,49757.2,0.06,32342,1.192,8.28,-82.7,25.116,3.11,11.7
9/2/20,20:30:00,0,Biosphere 2,0.35,49870.6,49747.5,93.8,107.9,6.43,276.1,32.56,49759.1,0.06,32343,1.195,8.27,-82.6,25.117,3.11,11.7
9/2/20,20:45:00,0,Biosphere 2,0.34,49866.5,49744.4,93.5,107.6,6.41,275.3,32.56,49755.9,0.05,32341,1.184,8.27,-82.6,25.116,3.11,11.7
9/2/20,21:00:00,0,Biosphere 2,0.47,49868.5,49745.6,93.4,107.5,6.4,275.3,32.56,49757.1,0.05,32342,1.19,8.27,-82.5,25.117,3.11,11.7
9/2/20,21:15:00,0,Biosphere 2,0.33,49869.3,49746.2,93.1,107.2,6.38,272.7,32.56,49757.7,0.05,32343,1.188,8.27,-82.4,25.117,3.11,11.7
9/2/20,21:30:00,0,Biosphere 2,0.43,49866.6,49744.3,93,107,6.37,272.4,32.56,49755.7,0.05,32341,1.197,8.27,-82.4,25.117,3.11,11.7
9/2/20,21:45:00,0,Biosphere 2,0.43,49868.4,49746.1,92.7,106.7,6.36,272.7,32.56,49757.6,0.05,32342,1.191,8.27,-82.4,25.117,3.11,11.7
9/2/20,22:00:00,0,Biosphere 2,0.43,49865.5,49743.8,92.4,106.4,6.33,272.8,32.56,49755.2,0.06,32341,1.195,8.27,-82.3,25.116,3.11,11.7
9/2/20,22:15:00,0,Biosphere 2,0.48,49867.3,49745.5,92.3,106.2,6.33,274,32.56,49756.9,0.05,32342,1.191,8.27,-82.3,25.116,3.11,11.7
9/2/20,22:30:00,0,Biosphere 2,0.46,49865.4,49745.5,92.1,106,6.31,274,32.56,49756.7,0.06,32342,1.196,8.27,-82.2,25.114,3.11,11.7
9/2/20,22:45:00,0,Biosphere 2,0.51,49864.7,49745,91.9,105.7,6.3,274.1,32.56,49756.2,0.05,32342,1.195,8.27,-82.1,25.114,3.11,11.7
9/2/20,23:00:00,0,Biosphere 2,0.38,49864.6,49746.4,91.7,105.5,6.28,273.2,32.56,49757.5,0.05,32342,1.193,8.26,-82,25.113,3.11,11.7
9/2/20,23:15:00,0,Biosphere 2,0.39,49861,49743.9,91.5,105.3,6.27,273.1,32.56,49754.9,0.06,32341,1.194,8.26,-82,25.112,3.11,11.7
9/2/20,23:30:00,0,Biosphere 2,0.49,49860.8,49744.7,91.4,105.2,6.26,273.2,32.56,49755.5,0.06,32341,1.195,8.26,-82,25.111,3.11,11.7
9/2/20,23:45:00,0,Biosphere 2,0.43,49859.8,49744.5,91.2,104.9,6.25,273,32.56,49755.3,0.06,32341,1.197,8.26,-81.9,25.11,3.11,11.7
9/3/20,0:00:00,0,Biosphere 2,0.32,49860.6,49746.5,90.8,104.5,6.22,272.6,32.56,49757.2,0.05,32342,1.192,8.26,-81.8,25.109,3.11,11.7
9/3/20,0:15:00,0,Biosphere 2,0.41,49860.5,49748.1,90.8,104.5,6.22,272.5,32.56,49758.6,0.05,32343,1.19,8.26,-81.8,25.107,3.11,11.7
9/3/20,0:30:00,0,Biosphere 2,0.48,49856.1,49745.1,90.7,104.3,6.21,272.1,32.56,49755.5,0.06,32341,1.187,8.26,-81.7,25.106,3.11,11.7
9/3/20,0:45:00,0,Biosphere 2,0.43,49858.5,49748.1,90.5,104.1,6.2,272.8,32.56,49758.5,0.06,32343,1.194,8.26,-81.7,25.105,3.11,11.7
9/3/20,1:00:00,0,Biosphere 2,0.46,49854.7,49746.7,90.4,104.1,6.2,273.6,32.56,49756.8,0.06,32342,1.194,8.26,-81.6,25.103,3.11,11.7
9/3/20,1:15:00,0,Biosphere 2,0.49,49853.3,49746.2,90.4,104.1,6.2,274.9,32.56,49756.2,0.06,32342,1.195,8.26,-81.6,25.102,3.11,11.7
9/3/20,1:30:00,0,Biosphere 2,0.5,49850.9,49745.8,90.1,103.7,6.18,273.7,32.56,49755.6,0.06,32341,1.194,8.26,-81.5,25.1,3.11,11.7
9/3/20,1:45:00,0,Biosphere 2,0.34,49850.4,49746.5,90.2,103.8,6.18,273.8,32.56,49756.3,0.06,32342,1.2,8.25,-81.5,25.099,3.11,11.7
9/3/20,2:00:00,0,Biosphere 2,0.5,49849,49746.1,90.1,103.7,6.18,274.2,32.56,49755.8,0.05,32341,1.197,8.25,-81.4,25.098,3.11,11.7
9/3/20,2:15:00,0,Biosphere 2,0.41,49846.7,49747.2,89.7,103.2,6.15,272,32.56,49756.5,0.04,32342,1.192,8.25,-81.3,25.095,3.11,11.7
9/3/20,2:30:00,0,Biosphere 2,0.46,49845.6,49746.9,89.9,103.4,6.16,272.5,32.56,49756.2,0.04,32342,1.189,8.25,-81.3,25.094,3.11,11.7
9/3/20,2:45:00,0,Biosphere 2,0.5,49847.7,49750.5,89.9,103.4,6.16,272.9,32.56,49759.6,0.05,32344,1.182,8.25,-81.2,25.093,3.11,11.7
9/3/20,3:00:00,0,Biosphere 2,0.32,49844,49750,89.6,103.1,6.15,272.7,32.56,49758.8,0.05,32343,1.182,8.25,-81.2,25.09,3.11,11.7
9/3/20,3:15:00,0,Biosphere 2,0.51,49840.3,49747.8,89.6,103.1,6.14,273.1,32.56,49756.4,0.05,32342,1.19,8.25,-81.2,25.088,3.11,11.7
9/3/20,3:30:00,0,Biosphere 2,0.52,49838.6,49748.1,89.5,103,6.13,273.8,32.56,49756.5,0.06,32342,1.2,8.25,-81.1,25.086,3.11,11.7
9/3/20,3:45:00,0,Biosphere 2,0.38,49836.2,49747.9,89.3,102.8,6.13,274.4,32.56,49756.2,0.05,32342,1.187,8.25,-81,25.084,3.11,11.7
9/3/20,4:00:00,0,Biosphere 2,0.62,49839.4,49752.1,89.3,102.8,6.12,275.4,32.56,49760.3,0.07,32344,1.192,8.25,-81,25.083,3.11,11.7
9/3/20,4:15:00,0,Biosphere 2,0.53,49832.5,49748.6,89.2,102.6,6.12,275.7,32.56,49756.4,0.06,32342,1.201,8.24,-80.9,25.08,3.11,11.7
9/3/20,4:30:00,0,Biosphere 2,0.52,49830.4,49748.1,89.2,102.7,6.12,276.1,32.56,49755.8,0.06,32341,1.192,8.24,-80.9,25.078,3.11,11.7
9/3/20,4:45:00,0,Biosphere 2,0.6,49830.6,49750.7,89,102.5,6.11,275.6,32.56,49758.1,0.07,32343,1.185,8.24,-80.8,25.076,3.11,11.7
9/3/20,5:00:00,0,Biosphere 2,0.46,49825.3,49749.7,88.9,102.3,6.1,273.7,32.56,49756.8,0.06,32342,1.182,8.24,-80.7,25.072,3.11,11.7
9/3/20,5:15:00,0,Biosphere 2,0.56,49824.4,49750.7,88.9,102.3,6.1,273.4,32.56,49757.6,0.07,32342,1.198,8.24,-80.7,25.07,3.11,11.7
9/3/20,5:30:00,0,Biosphere 2,0.61,49825,49752,88.9,102.3,6.1,274.2,32.56,49758.8,0.07,32343,1.195,8.24,-80.6,25.07,3.11,11.7
9/3/20,5:45:00,0,Biosphere 2,0.5,49822.5,49753.6,88.6,102,6.08,273.9,32.56,49760,0.07,32344,1.196,8.24,-80.6,25.066,3.11,11.7
9/3/20,6:00:00,0,Biosphere 2,0.48,49820.7,49753.8,88.7,102.1,6.09,273.9,32.56,49760.1,0.06,32344,1.193,8.24,-80.5,25.064,3.11,11.7
9/3/20,6:15:00,0,Biosphere 2,0.65,49815.2,49751.4,88.7,102.1,6.09,274.3,32.56,49757.3,0.08,32342,1.188,8.24,-80.5,25.061,3.11,11.7
9/3/20,6:30:00,0,Biosphere 2,0.61,49816,49753.3,88.7,102,6.08,274.2,32.56,49759.2,0.07,32343,1.19,8.24,-80.4,25.06,3.11,11.7
9/3/20,6:45:00,0,Biosphere 2,0.74,49815.5,49753.7,88.7,102.1,6.09,274.5,32.56,49759.5,0.07,32344,1.194,8.24,-80.4,25.059,3.11,11.7
9/3/20,7:00:00,0,Biosphere 2,0.49,49815.7,49754.1,88.7,102.1,6.09,273.7,32.56,49759.8,0.06,32344,1.193,8.24,-80.4,25.059,3.11,11.7
9/3/20,7:15:00,0,Biosphere 2,0.53,49815.8,49751.8,88.9,102.3,6.1,273.4,32.56,49757.8,0.08,32343,1.19,8.23,-80.3,25.061,3.11,11.7
9/3/20,7:30:00,0,Biosphere 2,0.78,49821,49752.5,89.1,102.6,6.11,274.1,32.56,49758.9,0.09,32343,1.182,8.24,-80.3,25.065,3.11,11.7
9/3/20,7:45:00,0,Biosphere 2,0.49,49823.3,49750.7,89.3,102.8,6.13,274.9,32.56,49757.5,0.08,32342,1.192,8.23,-80.3,25.069,3.11,11.7
9/3/20,8:00:00,0,Biosphere 2,0.79,49827.6,49750.1,89.5,103.1,6.14,275.5,32.56,49757.4,0.08,32342,1.184,8.23,-80.3,25.074,3.11,11.7
9/3/20,8:15:00,0,Biosphere 2,0.72,49834.6,49749.9,89.9,103.4,6.16,275.3,32.56,49757.9,0.08,32343,1.185,8.24,-80.4,25.081,3.11,11.7
9/3/20,8:30:00,0,Biosphere 2,0.85,49844.7,49750.3,90.3,103.9,6.19,272.2,32.56,49759.1,0.09,32343,1.19,8.24,-80.4,25.09,3.11,11.7
9/3/20,8:45:00,0,Biosphere 2,0.7,49852.8,49750.4,90.6,104.3,6.21,272.8,32.56,49760,0.07,32344,1.198,8.24,-80.4,25.098,3.11,11.7
9/3/20,9:00:00,0,Biosphere 2,0.68,49860,49745,91,104.7,6.24,273.8,32.56,49755.8,0.07,32341,1.188,8.24,-80.5,25.11,3.11,11.7
9/3/20,9:15:00,0,Biosphere 2,0.52,49874.2,49745.7,91.7,105.6,6.29,274.5,32.56,49757.7,0.07,32343,1.193,8.24,-80.6,25.123,3.11,11.7
9/3/20,9:30:00,0,Biosphere 2,0.55,49879.4,49745.5,92,105.9,6.3,274.1,32.56,49758,0.08,32343,1.187,8.24,-80.7,25.128,3.11,11.7
9/3/20,9:45:00,0,Biosphere 2,0.71,49883.8,49746.8,92.5,106.4,6.34,274.8,32.56,49759.6,0.07,32344,1.189,8.24,-80.7,25.131,3.11,11.7
9/3/20,10:00:00,0,Biosphere 2,0.56,49885.2,49743.7,93.2,107.2,6.38,275.6,32.56,49757,0.09,32342,1.197,8.24,-80.9,25.135,3.11,11.7
9/3/20,10:15:00,0,Biosphere 2,0.46,49902.9,49746.8,94.3,108.5,6.46,275.9,32.56,49761.4,0.08,32345,1.186,8.25,-81.1,25.149,3.11,11.7
9/3/20,10:30:00,0,Biosphere 2,0.56,49894.5,49742.3,94.5,108.8,6.47,276.5,32.56,49756.5,0.06,32342,1.19,8.25,-81.2,25.145,3.11,11.7
9/3/20,10:45:00,0,Biosphere 2,0.43,49900.3,49747.7,95.1,109.5,6.52,276.5,32.56,49762,0.07,32345,1.199,8.25,-81.3,25.146,3.11,11.7
9/3/20,11:00:00,0,Biosphere 2,0.44,49891.1,49748,95.7,110.2,6.56,274.6,32.56,49761.4,0.07,32345,1.194,8.25,-81.4,25.137,3.11,11.7
9/3/20,11:15:00,0,Biosphere 2,0.51,49914.9,49747.2,96.9,111.5,6.64,273.4,32.56,49762.9,0.07,32346,1.19,8.26,-81.7,25.16,3.11,11.7
9/3/20,11:30:00,0,Biosphere 2,0.47,49904,49745.4,97.1,111.8,6.65,272.2,32.56,49760.2,0.05,32344,1.185,8.26,-81.7,25.151,3.11,11.7
9/3/20,11:45:00,0,Biosphere 2,0.56,49897.4,49742.3,97.3,112,6.67,272.2,32.56,49756.8,0.07,32342,1.191,8.26,-81.8,25.148,3.11,11.7
9/3/20,12:00:00,0,Biosphere 2,0.7,49899.7,49743.6,98.1,112.9,6.72,272.3,32.56,49758.2,0.07,32343,1.192,8.26,-82,25.149,3.11,11.6
9/3/20,12:15:00,0,Biosphere 2,0.63,49886.2,49740.8,98.4,113.3,6.74,273.1,32.55,49754.4,0.07,32340,1.187,8.27,-82.1,25.139,3.11,11.6
9/3/20,12:30:00,0,Biosphere 2,0.48,49889,49738.3,99,113.9,6.78,273.4,32.55,49752.4,0.07,32339,1.19,8.27,-82.2,25.144,3.11,11.6
9/3/20,12:45:00,0,Biosphere 2,0.68,49875.6,49745.8,98.8,113.7,6.77,273.6,32.56,49758,0.08,32343,1.186,8.27,-82.3,25.124,3.11,11.6
9/3/20,13:00:00,0,Biosphere 2,0.7,49864.9,49746,99.1,114.1,6.79,273.5,32.56,49757.2,0.08,32342,1.182,8.27,-82.4,25.113,3.11,11.6
9/3/20,13:15:00,0,Biosphere 2,0.53,49884.7,49747.9,99.8,114.9,6.84,273.4,32.56,49760.7,0.07,32344,1.186,8.27,-82.6,25.131,3.11,11.6
9/3/20,13:30:00,0,Biosphere 2,0.7,49880.2,49744.8,100.2,115.3,6.87,274.2,32.56,49757.5,0.08,32342,1.191,8.28,-82.7,25.129,3.11,11.6
9/3/20,13:45:00,0,Biosphere 2,0.59,49868.3,49747.9,100,115,6.85,274.2,32.56,49759.2,0.09,32343,1.19,8.28,-82.8,25.115,3.11,11.6
9/3/20,14:00:00,0,Biosphere 2,0.55,49748.3,49627.2,100.1,115.1,6.86,273.7,32.47,49638.5,0.07,32265,1.19,8.28,-82.8,25.116,3.11,11.6
9/3/20,14:15:00,0,Biosphere 2,0.59,49858.5,49743.1,100.2,115.3,6.87,274.3,32.55,49753.9,0.07,32340,1.193,8.28,-82.9,25.11,3.11,11.6
9/3/20,14:30:00,0,Biosphere 2,0.58,49749.2,49630.9,100.1,115.2,6.87,274.3,32.48,49641.9,0.05,32267,1.19,8.28,-83,25.113,3.11,11.6
9/3/20,14:45:00,0,Biosphere 2,0.42,49776,49658.6,100.1,115.2,6.86,274.9,32.5,49669.6,0.06,32285,1.187,8.28,-83,25.112,3.11,11.6
9/3/20,15:00:00,0,Biosphere 2,0.58,49763.9,49639.3,100.2,115.4,6.87,275,32.48,49651,0.07,32273,1.188,8.28,-83.1,25.119,3.11,11.6
9/3/20,15:15:00,0,Biosphere 2,0.48,49758.9,49630.2,100.2,115.3,6.87,273.6,32.48,49642.2,0.05,32267,1.19,8.28,-83.2,25.123,3.11,11.6
9/3/20,15:30:00,0,Biosphere 2,0.44,49771,49646.1,100.1,115.2,6.86,274.2,32.49,49657.8,0.06,32278,1.188,8.28,-83.2,25.119,3.11,11.6
9/3/20,15:45:00,0,Biosphere 2,0.57,49726.1,49601.7,99.8,114.9,6.85,274.3,32.46,49613.4,0.08,32249,1.189,8.28,-83.2,25.119,3.11,11.6
9/3/20,16:00:00,0,Biosphere 2,0.38,49759.9,49637.5,99.6,114.6,6.83,274,32.48,49649,0.07,32272,1.185,8.29,-83.3,25.117,3.11,11.6
9/3/20,16:15:00,0,Biosphere 2,0.45,49865.6,49748.3,99.3,114.3,6.81,274.1,32.56,49759.2,0.06,32344,1.183,8.29,-83.3,25.112,3.11,11.7
9/3/20,16:30:00,0,Biosphere 2,0.72,49864,49745.2,99,113.9,6.78,273.1,32.56,49756.3,0.07,32342,1.19,8.29,-83.3,25.113,3.11,11.7
9/3/20,16:45:00,0,Biosphere 2,0.78,49864.2,49747.2,98.7,113.5,6.76,272.8,32.56,49758.1,0.08,32343,1.2,8.29,-83.3,25.112,3.11,11.7
9/3/20,17:00:00,0,Biosphere 2,0.7,49861.5,49745.7,98.4,113.2,6.74,272.6,32.56,49756.5,0.08,32342,1.19,8.29,-83.3,25.11,3.11,11.7
9/3/20,17:15:00,0,Biosphere 2,0.7,49862.5,49744.7,98.1,112.9,6.72,270.5,32.56,49755.7,0.09,32341,1.192,8.29,-83.3,25.112,3.11,11.7
9/3/20,17:30:00,0,Biosphere 2,0.6,49863.9,49744.4,97.8,112.5,6.7,271.6,32.56,49755.5,0.08,32341,1.186,8.29,-83.3,25.114,3.11,11.7
9/3/20,17:45:00,0,Biosphere 2,0.82,49866.7,49747.2,97.4,112.1,6.68,272.4,32.56,49758.4,0.08,32343,1.191,8.29,-83.3,25.114,3.11,11.7
9/3/20,18:00:00,0,Biosphere 2,0.8,49864.4,49744.4,97.1,111.8,6.66,273.2,32.56,49755.6,0.08,32341,1.199,8.28,-83.2,25.114,3.11,11.7
9/3/20,18:15:00,0,Biosphere 2,0.67,49867,49746.3,96.8,111.4,6.63,270.6,32.56,49757.6,0.08,32342,1.189,8.28,-83.2,25.115,3.11,11.7
9/3/20,18:30:00,0,Biosphere 2,0.7,49866.9,49746.4,96.5,111,6.61,271.1,32.56,49757.7,0.08,32343,1.184,8.28,-83.2,25.115,3.11,11.7
9/3/20,18:45:00,0,Biosphere 2,0.78,49864.5,49744.1,96.1,110.6,6.59,271.7,32.56,49755.4,0.08,32341,1.194,8.28,-83.2,25.115,3.11,11.7
9/3/20,19:00:00,0,Biosphere 2,0.73,49867.7,49747.5,95.8,110.3,6.57,271.8,32.56,49758.7,0.08,32343,1.196,8.28,-83.1,25.115,3.11,11.7
9/3/20,19:15:00,0,Biosphere 2,0.67,49863.9,49743.9,95.5,109.9,6.55,272,32.56,49755.1,0.08,32341,1.194,8.28,-83.1,25.114,3.11,11.7
9/3/20,19:30:00,0,Biosphere 2,0.67,49865.3,49744.1,95.2,109.5,6.52,272.7,32.56,49755.5,0.07,32341,1.193,8.28,-83,25.116,3.11,11.7
9/3/20,19:45:00,0,Biosphere 2,0.52,49863.5,49742.4,94.9,109.2,6.5,273.1,32.55,49753.8,0.06,32340,1.193,8.28,-83,25.116,3.11,11.7
9/3/20,20:00:00,0,Biosphere 2,0.48,49864.8,49742.5,94.7,108.9,6.49,273.3,32.55,49754,0.07,32340,1.193,8.28,-83,25.117,3.11,11.7
9/3/20,20:15:00,0,Biosphere 2,0.67,49864.6,49742.8,94.4,108.6,6.47,273.4,32.55,49754.2,0.08,32340,1.19,8.28,-82.9,25.116,3.11,11.7
9/3/20,20:30:00,0,Biosphere 2,0.51,49867.8,49745.7,94,108.2,6.44,273.3,32.56,49757.2,0.07,32342,1.189,8.28,-82.9,25.116,3.11,11.7
9/3/20,20:45:00,0,Biosphere 2,0.57,49867.6,49746.2,93.8,107.9,6.43,273.1,32.56,49757.6,0.08,32342,1.188,8.28,-82.8,25.116,3.11,11.7
9/3/20,21:00:00,0,Biosphere 2,0.71,49864.8,49743.6,93.5,107.7,6.41,272.7,32.56,49755,0.08,32341,1.185,8.28,-82.8,25.116,3.11,11.7
9/3/20,21:15:00,0,Biosphere 2,0.58,49866,49745.1,93.3,107.3,6.39,272.4,32.56,49756.4,0.07,32342,1.189,8.28,-82.7,25.115,3.11,11.7
9/3/20,21:30:00,0,Biosphere 2,0.46,49863.4,49743.1,92.9,107,6.37,272.6,32.55,49754.3,0.08,32340,1.2,8.27,-82.6,25.115,3.11,11.7
9/3/20,21:45:00,0,Biosphere 2,0.47,49863.6,49743.1,92.8,106.8,6.36,272.1,32.55,49754.4,0.07,32340,1.192,8.27,-82.6,25.115,3.11,11.7
9/3/20,22:00:00,0,Biosphere 2,0.54,49865.3,49744.9,92.5,106.5,6.34,272.2,32.56,49756.2,0.08,32342,1.198,8.27,-82.5,25.115,3.11,11.7
9/3/20,22:15:00,0,Biosphere 2,0.8,49862.3,49742,92.4,106.3,6.33,270.7,32.55,49753.2,0.07,32340,1.183,8.27,-82.5,25.115,3.11,11.7
9/3/20,22:30:00,0,Biosphere 2,0.6,49861.8,49742.6,92.2,106.1,6.32,270.3,32.55,49753.7,0.08,32340,1.187,8.27,-82.5,25.114,3.11,11.7
9/3/20,22:45:00,0,Biosphere 2,0.41,49861.9,49742.4,91.9,105.7,6.3,270.8,32.55,49753.6,0.07,32340,1.19,8.27,-82.4,25.114,3.11,11.7
9/3/20,23:00:00,0,Biosphere 2,0.6,49660.7,49542.3,91.7,105.5,6.29,271.1,32.41,49553.3,0.1,32210,1.186,8.27,-82.3,25.113,3.11,11.7
9/3/20,23:15:00,0,Biosphere 2,0.57,49651,49533.4,91.5,105.3,6.28,270.4,32.41,49544.4,0.08,32204,1.196,8.27,-82.3,25.113,3.11,11.7
9/3/20,23:30:00,0,Biosphere 2,0.54,49664.5,49546.7,91.2,105,6.26,270.6,32.42,49557.7,0.07,32213,1.201,8.27,-82.2,25.113,3.11,11.7
9/3/20,23:45:00,0,Biosphere 2,0.73,49699.8,49582.9,91.2,105,6.26,271.3,32.44,49593.9,0.07,32236,1.191,8.27,-82.2,25.112,3.11,11.7
9/4/20,0:00:00,0,Biosphere 2,0.61,49649.6,49534.2,91.1,104.9,6.25,272.2,32.41,49545,0.08,32204,1.19,8.27,-82.1,25.111,3.11,11.7
9/4/20,0:15:00,0,Biosphere 2,0.71,49700.4,49585.7,90.9,104.6,6.24,271.9,32.45,49596.5,0.08,32238,1.192,8.26,-82.1,25.11,3.11,11.7
9/4/20,0:30:00,0,Biosphere 2,0.7,49726.6,49612.8,90.9,104.6,6.23,272.8,32.46,49623.5,0.07,32255,1.194,8.26,-82,25.109,3.11,11.7
9/4/20,0:45:00,0,Biosphere 2,0.62,49681.5,49568.5,90.6,104.3,6.22,273.3,32.43,49579.1,0.08,32226,1.182,8.26,-82,25.108,3.11,11.7
9/4/20,1:00:00,0,Biosphere 2,0.46,49690.1,49578.9,90.3,103.9,6.19,273.2,32.44,49589.3,0.07,32233,1.187,8.26,-81.9,25.106,3.11,11.7
9/4/20,1:15:00,0,Biosphere 2,0.48,49741.7,49632.4,90.4,104,6.2,273.4,32.48,49642.6,0.08,32268,1.189,8.26,-81.9,25.104,3.11,11.7
9/4/20,1:30:00,0,Biosphere 2,0.36,49795.8,49688.1,90.1,103.7,6.18,273.4,32.52,49698.2,0.08,32304,1.2,8.26,-81.7,25.103,3.11,11.7
9/4/20,1:45:00,0,Biosphere 2,0.4,49747.9,49640.5,90.1,103.7,6.18,274.1,32.48,49650.5,0.08,32273,1.2,8.26,-81.7,25.103,3.11,11.7
9/4/20,2:00:00,0,Biosphere 2,0.55,49844.9,49738.9,90.1,103.6,6.17,274.7,32.55,49748.8,0.08,32337,1.199,8.26,-81.7,25.101,3.11,11.7
9/4/20,2:15:00,0,Biosphere 2,0.62,49846.6,49742.3,89.9,103.4,6.16,275,32.55,49752.1,0.09,32339,1.19,8.26,-81.6,25.099,3.11,11.7
9/4/20,2:30:00,0,Biosphere 2,0.65,49772.5,49669.6,89.9,103.4,6.16,275.1,32.5,49679.2,0.08,32291,1.184,8.26,-81.5,25.098,3.11,11.7
9/4/20,2:45:00,0,Biosphere 2,0.51,49839.2,49738.9,89.5,103,6.14,274.7,32.55,49748.3,0.08,32336,1.195,8.26,-81.5,25.096,3.11,11.7
9/4/20,3:00:00,0,Biosphere 2,0.56,49840.9,49741.3,89.7,103.2,6.15,274.1,32.55,49750.6,0.07,32338,1.189,8.25,-81.5,25.095,3.11,11.7
9/4/20,3:15:00,0,Biosphere 2,0.53,49840.6,49743.7,89.3,102.7,6.12,273.8,32.55,49752.7,0.08,32339,1.182,8.25,-81.4,25.092,3.11,11.7
9/4/20,3:30:00,0,Biosphere 2,0.64,49840.9,49744.1,89.5,103,6.14,273.7,32.55,49753.2,0.09,32340,1.192,8.25,-81.4,25.092,3.11,11.7
9/4/20,3:45:00,0,Biosphere 2,0.82,49838.4,49743.6,89.5,103,6.14,273.7,32.55,49752.5,0.08,32339,1.195,8.25,-81.3,25.09,3.11,11.7
9/4/20,4:00:00,0,Biosphere 2,0.79,49838.2,49744.4,89.4,102.9,6.13,274.3,32.55,49753.2,0.08,32340,1.182,8.25,-81.3,25.089,3.11,11.7
9/4/20,4:15:00,0,Biosphere 2,0.79,49833.6,49742.6,89.3,102.7,6.12,274.6,32.55,49751.1,0.08,32338,1.192,8.25,-81.2,25.087,3.11,11.7
9/4/20,4:30:00,0,Biosphere 2,0.64,49833.2,49744.8,89.1,102.5,6.11,274.2,32.55,49753.1,0.09,32340,1.189,8.25,-81.1,25.084,3.11,11.7
9/4/20,4:45:00,0,Biosphere 2,0.7,49832.2,49745.4,89.1,102.5,6.11,274.7,32.55,49753.6,0.09,32340,1.192,8.25,-81.1,25.083,3.11,11.7
9/4/20,5:00:00,0,Biosphere 2,0.65,49828,49743.3,89,102.5,6.11,275.3,32.55,49751.2,0.08,32338,1.19,8.25,-81,25.081,3.11,11.7
9/4/20,5:15:00,0,Biosphere 2,0.74,49829,49746.1,89,102.5,6.11,274.7,32.56,49753.9,0.09,32340,1.192,8.25,-81,25.079,3.11,11.7
9/4/20,5:30:00,0,Biosphere 2,0.82,49824.8,49743.9,88.9,102.3,6.09,275,32.55,49751.5,0.09,32338,1.197,8.24,-80.9,25.077,3.11,11.7
9/4/20,5:45:00,0,Biosphere 2,0.7,49824.7,49745.9,88.9,102.3,6.1,275.3,32.55,49753.3,0.08,32340,1.189,8.24,-80.9,25.075,3.11,11.7
9/4/20,6:00:00,0,Biosphere 2,0.96,49823,49746.7,88.9,102.3,6.1,275.3,32.56,49753.8,0.09,32340,1.19,8.24,-80.8,25.073,3.11,11.7
9/4/20,6:15:00,0,Biosphere 2,0.63,49820,49746.1,88.8,102.2,6.09,275.4,32.55,49753,0.09,32339,1.191,8.24,-80.8,25.07,3.11,11.7
9/4/20,6:30:00,0,Biosphere 2,0.72,49818.5,49748.2,88.5,101.9,6.07,274.1,32.56,49754.8,0.08,32341,1.189,8.24,-80.7,25.067,3.11,11.7
9/4/20,6:45:00,0,Biosphere 2,0.89,49814.4,49744.7,88.7,102.1,6.08,273.6,32.55,49751.2,0.09,32338,1.192,8.24,-80.7,25.067,3.11,11.7
9/4/20,7:00:00,0,Biosphere 2,0.6,49814.9,49745.1,88.9,102.3,6.1,274,32.55,49751.7,0.09,32339,1.201,8.24,-80.6,25.067,3.11,11.7
9/4/20,7:15:00,0,Biosphere 2,0.66,49816.2,49745.1,89.1,102.5,6.11,274.1,32.55,49751.7,0.09,32339,1.192,8.24,-80.6,25.068,3.11,11.7
9/4/20,7:30:00,0,Biosphere 2,0.93,49816.6,49744.3,89.1,102.5,6.11,274.9,32.55,49751.1,0.09,32338,1.184,8.24,-80.6,25.069,3.11,11.7
9/4/20,7:45:00,0,Biosphere 2,0.79,49822.7,49745.9,89.2,102.7,6.12,273.2,32.55,49753.1,0.11,32339,1.188,8.24,-80.6,25.073,3.11,11.7
9/4/20,8:00:00,0,Biosphere 2,0.91,49830.7,49747.9,89.6,103.1,6.14,273.4,32.56,49755.7,0.1,32341,1.191,8.24,-80.6,25.079,3.11,11.7
9/4/20,8:15:00,0,Biosphere 2,0.96,49831.6,49744,89.9,103.4,6.16,274.1,32.55,49752.2,0.1,32339,1.191,8.24,-80.6,25.084,3.11,11.7
9/4/20,8:30:00,0,Biosphere 2,0.8,49837.9,49742.9,90.2,103.8,6.19,275.2,32.55,49751.8,0.1,32339,1.192,8.24,-80.7,25.091,3.11,11.7
9/4/20,8:45:00,0,Biosphere 2,0.83,49842.8,49738.6,90.7,104.4,6.22,275.6,32.55,49748.3,0.1,32336,1.182,8.24,-80.7,25.099,3.11,11.7
9/4/20,9:00:00,0,Biosphere 2,0.88,49856.1,49741.1,91.2,104.9,6.25,275.9,32.55,49751.9,0.12,32339,1.192,8.24,-80.8,25.11,3.11,11.7
9/4/20,9:15:00,0,Biosphere 2,0.79,49865.4,49739.6,91.6,105.4,6.28,270.6,32.55,49751.4,0.1,32338,1.187,8.24,-80.9,25.12,3.11,11.7
9/4/20,9:30:00,0,Biosphere 2,0.9,49869.5,49736.5,92.1,106,6.31,272.4,32.55,49749,0.11,32337,1.191,8.25,-80.9,25.127,3.11,11.7
9/4/20,9:45:00,0,Biosphere 2,0.55,49870.5,49736.8,92.5,106.4,6.34,273.8,32.55,49749.3,0.08,32337,1.198,8.25,-81,25.128,3.11,11.7
9/4/20,10:00:00,0,Biosphere 2,0.62,49688.9,49538.5,93.4,107.5,6.4,274.5,32.41,49552.5,0.09,32209,1.192,8.25,-81.1,25.144,3.11,11.7
9/4/20,10:15:00,0,Biosphere 2,0.94,49869.1,49733.3,93.8,107.9,6.43,274.8,32.55,49746,0.11,32335,1.191,8.25,-81.3,25.13,3.11,11.7
9/4/20,10:30:00,0,Biosphere 2,0.64,49881.7,49738.9,94.4,108.6,6.47,274.4,32.55,49752.2,0.1,32339,1.186,8.25,-81.4,25.136,3.11,11.7
9/4/20,10:45:00,0,Biosphere 2,0.84,49869.7,49732.9,95.2,109.5,6.52,271.1,32.55,49745.7,0.09,32335,1.183,8.26,-81.6,25.13,3.11,11.7
9/4/20,11:00:00,0,Biosphere 2,0.95,49867,49735.2,95.4,109.8,6.54,272.2,32.55,49747.6,0.09,32336,1.191,8.26,-81.6,25.126,3.11,11.7
9/4/20,11:15:00,0,Biosphere 2,1.08,49863.4,49740,96,110.5,6.58,273.6,32.55,49751.6,0.12,32339,1.184,8.26,-81.8,25.118,3.11,11.7
9/4/20,11:30:00,0,Biosphere 2,0.46,49887.8,49737.8,97.1,111.7,6.65,274.2,32.55,49751.8,0.09,32339,1.192,8.26,-82,25.143,3.11,11.7
9/4/20,11:45:00,0,Biosphere 2,0.73,49867.3,49735.7,97.3,111.9,6.67,275.3,32.55,49748,0.09,32336,1.199,8.27,-82.1,25.126,3.11,11.7
9/4/20,12:00:00,0,Biosphere 2,0.63,49869.8,49737.1,97.7,112.4,6.69,275.3,32.55,49749.6,0.09,32337,1.19,8.27,-82.2,25.127,3.11,11.7
9/4/20,12:15:00,0,Biosphere 2,0.9,49868.7,49737.9,97.8,112.5,6.7,275.9,32.55,49750.1,0.11,32338,1.188,8.27,-82.3,25.125,3.11,11.7
9/4/20,12:30:00,0,Biosphere 2,0.75,49866.9,49734,98.2,113.1,6.73,274.8,32.55,49746.5,0.1,32335,1.189,8.27,-82.4,25.127,3.11,11.7
9/4/20,12:45:00,0,Biosphere 2,0.62,49868.7,49737,98.6,113.5,6.76,274.9,32.55,49749.4,0.1,32337,1.19,8.27,-82.6,25.126,3.11,11.7
9/4/20,13:00:00,0,Biosphere 2,0.89,49857.3,49734.7,98.7,113.6,6.77,275.1,32.55,49746.2,0.1,32335,1.193,8.27,-82.6,25.117,3.11,11.7
9/4/20,13:15:00,0,Biosphere 2,1,49857.2,49736.1,99.1,114,6.79,274.7,32.55,49747.5,0.12,32336,1.19,8.28,-82.7,25.116,3.11,11.7
9/4/20,13:30:00,0,Biosphere 2,0.67,49866.4,49736.9,99.8,114.8,6.84,274.8,32.55,49749,0.1,32337,1.182,8.28,-82.9,25.124,3.11,11.7
9/4/20,13:45:00,0,Biosphere 2,0.78,49864.9,49735.8,99.8,114.8,6.84,274.8,32.55,49747.9,0.1,32336,1.191,8.28,-83,25.123,3.11,11.7
9/4/20,14:00:00,0,Biosphere 2,1.09,49852.1,49733.2,99.8,114.8,6.84,274.6,32.55,49744.3,0.13,32334,1.201,8.28,-83.1,25.113,3.11,11.7
9/4/20,14:15:00,0,Biosphere 2,0.65,49858.7,49733.6,99.9,115,6.85,274.6,32.55,49745.3,0.1,32334,1.191,8.28,-83.2,25.119,3.11,11.7
9/4/20,14:30:00,0,Biosphere 2,0.81,49866.5,49738.1,100.1,115.2,6.86,273.6,32.55,49750.1,0.1,32338,1.19,8.28,-83.2,25.123,3.11,11.7
9/4/20,14:45:00,0,Biosphere 2,0.83,49860,49732.7,100.2,115.4,6.87,274,32.55,49744.6,0.1,32334,1.189,8.29,-83.4,25.121,3.11,11.7
9/4/20,15:00:00,0,Biosphere 2,1.03,49859.3,49737.6,100.1,115.2,6.86,274.4,32.55,49749,0.1,32337,1.197,8.29,-83.4,25.116,3.11,11.7
9/4/20,15:15:00,0,Biosphere 2,0.72,49857.7,49737.3,100.1,115.2,6.86,273.6,32.55,49748.6,0.11,32337,1.191,8.29,-83.5,25.115,3.11,11.7
9/4/20,15:30:00,0,Biosphere 2,0.81,49855.3,49738,100,115,6.85,273.6,32.55,49749,0.11,32337,1.187,8.29,-83.5,25.112,3.11,11.7
9/4/20,15:45:00,0,Biosphere 2,0.72,49853.2,49736.2,99.8,114.9,6.84,274.1,32.55,49747.1,0.1,32336,1.186,8.29,-83.6,25.112,3.11,11.7
9/4/20,16:00:00,0,Biosphere 2,0.83,49853.6,49737.2,99.5,114.5,6.82,274.1,32.55,49748.1,0.1,32336,1.19,8.29,-83.6,25.111,3.11,11.7
9/4/20,16:15:00,0,Biosphere 2,0.52,49858,49740.9,99.3,114.3,6.81,274.2,32.55,49751.9,0.11,32339,1.188,8.29,-83.6,25.112,3.11,11.7
9/4/20,16:30:00,0,Biosphere 2,0.91,49851,49736.2,99,113.9,6.79,274.5,32.55,49746.9,0.12,32336,1.198,8.29,-83.6,25.109,3.11,11.7
9/4/20,16:45:00,0,Biosphere 2,0.63,49848.8,49736.3,98.7,113.6,6.77,274.2,32.55,49746.8,0.09,32335,1.192,8.29,-83.6,25.107,3.11,11.7
9/4/20,17:00:00,0,Biosphere 2,0.84,49853.1,49738.8,98.4,113.2,6.74,274,32.55,49749.5,0.13,32337,1.189,8.29,-83.6,25.109,3.11,11.7
9/4/20,17:15:00,0,Biosphere 2,0.51,49857.2,49740,98.1,112.9,6.73,273.6,32.55,49751,0.09,32338,1.183,8.29,-83.6,25.112,3.11,11.7
9/4/20,17:30:00,0,Biosphere 2,0.47,49855.5,49736.2,97.7,112.5,6.7,272.9,32.55,49747.4,0.09,32336,1.181,8.29,-83.6,25.114,3.11,11.7
9/4/20,17:45:00,0,Biosphere 2,0.86,49855,49736.5,97.4,112.1,6.68,273.3,32.55,49747.6,0.11,32336,1.181,8.29,-83.5,25.113,3.11,11.7
9/4/20,18:00:00,0,Biosphere 2,0.79,49860,49739.3,97.1,111.8,6.66,270.2,32.55,49750.6,0.1,32338,1.194,8.29,-83.5,25.115,3.11,11.7
9/4/20,18:15:00,0,Biosphere 2,0.7,49857.9,49738.8,96.8,111.4,6.64,270.2,32.55,49750,0.09,32337,1.19,8.29,-83.5,25.114,3.11,11.7
9/4/20,18:30:00,0,Biosphere 2,0.51,49858.5,49738.1,96.5,111,6.61,270.9,32.55,49749.4,0.09,32337,1.192,8.29,-83.5,25.115,3.11,11.7
9/4/20,18:45:00,0,Biosphere 2,0.68,49854.6,49735.8,96.2,110.7,6.59,272,32.55,49747,0.08,32336,1.197,8.29,-83.4,25.113,3.11,11.7
9/4/20,19:00:00,0,Biosphere 2,0.79,49858.8,49739.2,95.8,110.2,6.56,270.6,32.55,49750.4,0.1,32338,1.184,8.29,-83.4,25.114,3.11,11.7
9/4/20,19:15:00,0,Biosphere 2,0.72,49857.9,49738.6,95.5,109.9,6.54,271.5,32.55,49749.8,0.09,32337,1.183,8.29,-83.3,25.114,3.11,11.7
9/4/20,19:30:00,0,Biosphere 2,0.76,49859.6,49739.6,95.2,109.5,6.52,272,32.55,49750.8,0.09,32338,1.184,8.29,-83.3,25.114,3.11,11.7
9/4/20,19:45:00,0,Biosphere 2,0.64,49858.7,49738.9,95,109.3,6.51,272.5,32.55,49750.1,0.1,32338,1.193,8.29,-83.3,25.114,3.11,11.7
9/4/20,20:00:00,0,Biosphere 2,0.79,49857,49737.8,94.5,108.8,6.48,272.6,32.55,49749,0.09,32337,1.2,8.28,-83.2,25.114,3.11,11.7
9/4/20,20:15:00,0,Biosphere 2,0.74,49857.6,49738.7,94.3,108.5,6.46,271.8,32.55,49749.9,0.09,32337,1.192,8.28,-83.2,25.113,3.11,11.7
9/4/20,20:30:00,0,Biosphere 2,0.74,49857.6,49739.4,94.1,108.3,6.45,271.9,32.55,49750.5,0.11,32338,1.183,8.28,-83.1,25.113,3.11,11.7
9/4/20,20:45:00,0,Biosphere 2,0.71,49856.5,49738.2,93.8,107.9,6.43,271.9,32.55,49749.3,0.09,32337,1.191,8.28,-83.1,25.113,3.11,11.7
9/4/20,21:00:00,0,Biosphere 2,0.78,49856,49738.7,93.6,107.7,6.41,271.9,32.55,49749.7,0.09,32337,1.201,8.28,-83,25.112,3.11,11.7
9/4/20,21:15:00,0,Biosphere 2,0.62,49851.6,49735,93.3,107.4,6.4,271,32.55,49746,0.09,32335,1.19,8.28,-83,25.111,3.11,11.7
9/4/20,21:30:00,0,Biosphere 2,0.78,49853.9,49737.8,93,107,6.38,271.2,32.55,49748.6,0.1,32337,1.192,8.28,-82.9,25.111,3.11,11.7
9/4/20,21:45:00,0,Biosphere 2,0.71,49853,49737.4,92.7,106.6,6.35,271.8,32.55,49748.2,0.1,32336,1.198,8.28,-82.8,25.11,3.11,11.7
9/4/20,22:00:00,0,Biosphere 2,0.72,49850.1,49735.1,92.4,106.4,6.34,272.2,32.55,49745.8,0.1,32335,1.189,8.28,-82.8,25.11,3.11,11.7
9/4/20,22:15:00,0,Biosphere 2,0.94,49849.4,49735.6,92.3,106.3,6.33,272.8,32.55,49746.3,0.11,32335,1.181,8.28,-82.8,25.109,3.11,11.7
9/4/20,22:30:00,0,Biosphere 2,0.54,49848,49737.3,91.7,105.5,6.28,273.3,32.55,49747.7,0.09,32336,1.19,8.27,-82.6,25.106,3.11,11.7
9/4/20,22:45:00,0,Biosphere 2,0.69,49848.6,49737.8,91.9,105.8,6.3,274.2,32.55,49748.2,0.1,32336,1.193,8.27,-82.6,25.106,3.11,11.7
9/4/20,23:00:00,0,Biosphere 2,0.76,49847.3,49737.6,91.7,105.6,6.29,274.4,32.55,49747.9,0.09,32336,1.189,8.27,-82.6,25.105,3.11,11.7
9/4/20,23:15:00,0,Biosphere 2,0.83,49847.6,49739.1,91.6,105.5,6.28,274.7,32.55,49749.3,0.09,32337,1.19,8.27,-82.6,25.103,3.11,11.7
9/4/20,23:30:00,0,Biosphere 2,0.78,49844.9,49738.6,91.5,105.3,6.27,274.3,32.55,49748.6,0.11,32337,1.2,8.27,-82.5,25.101,3.11,11.7
9/4/20,23:45:00,0,Biosphere 2,1.05,49842,49736.9,91.3,105,6.26,273.5,32.55,49746.8,0.11,32335,1.184,8.27,-82.4,25.1,3.11,11.7
9/5/20,0:00:00,0,Biosphere 2,0.78,49843.4,49739.3,91.2,104.9,6.25,273.4,32.55,49749.1,0.09,32337,1.192,8.27,-82.4,25.099,3.11,11.7
9/5/20,0:15:00,0,Biosphere 2,0.76,49840.8,49739.5,90.8,104.5,6.23,272.6,32.55,49749,0.1,32337,1.191,8.27,-82.3,25.097,3.11,11.7
9/5/20,0:30:00,0,Biosphere 2,0.62,49839.2,49739.3,90.5,104.2,6.21,270.2,32.55,49748.6,0.08,32337,1.187,8.27,-82.2,25.095,3.11,11.7
9/5/20,0:45:00,0,Biosphere 2,1.29,49840.3,49740.3,90.8,104.5,6.22,270.7,32.55,49749.7,0.09,32337,1.189,8.27,-82.2,25.095,3.11,11.7
9/5/20,1:00:00,0,Biosphere 2,1.02,49839.8,49740.8,90.6,104.2,6.21,271.5,32.55,49750.1,0.09,32338,1.189,8.27,-82.1,25.094,3.11,11.7
9/5/20,1:15:00,0,Biosphere 2,0.63,49834.5,49737.5,90.4,104.1,6.2,271.8,32.55,49746.5,0.1,32335,1.2,8.27,-82.1,25.093,3.11,11.7
9/5/20,1:30:00,0,Biosphere 2,1.01,49836.3,49740.6,90.4,104,6.2,271.7,32.55,49749.6,0.1,32337,1.187,8.26,-82.1,25.091,3.11,11.7
9/5/20,1:45:00,0,Biosphere 2,0.51,49832,49738.7,90.2,103.8,6.19,270.3,32.55,49747.4,0.1,32336,1.183,8.26,-82,25.089,3.11,11.7
9/5/20,2:00:00,0,Biosphere 2,0.95,49833.3,49740.6,90.2,103.8,6.19,269.4,32.55,49749.3,0.1,32337,1.188,8.26,-82,25.088,3.11,11.7
9/5/20,2:15:00,0,Biosphere 2,0.65,49827.4,49737.9,90.1,103.6,6.18,267.1,32.55,49746.3,0.09,32335,1.187,8.26,-81.9,25.085,3.11,11.7
9/5/20,2:30:00,0,Biosphere 2,1.01,49826.8,49738.1,90,103.6,6.17,267.3,32.55,49746.4,0.1,32335,1.195,8.26,-81.8,25.085,3.11,11.7
9/5/20,2:45:00,0,Biosphere 2,0.83,49827.7,49740.9,89.9,103.5,6.17,268.1,32.55,49749.1,0.09,32337,1.194,8.26,-81.8,25.083,3.11,11.7
9/5/20,3:00:00,0,Biosphere 2,0.9,49824.3,49739.8,89.9,103.4,6.16,268.5,32.55,49747.7,0.09,32336,1.198,8.26,-81.8,25.081,3.11,11.7
9/5/20,3:15:00,0,Biosphere 2,0.93,49823.5,49741,89.8,103.3,6.16,268.7,32.55,49748.7,0.09,32337,1.195,8.26,-81.7,25.079,3.11,11.7
9/5/20,3:30:00,0,Biosphere 2,0.62,49818.4,49740,89.4,102.8,6.13,267.3,32.55,49747.3,0.11,32336,1.196,8.26,-81.6,25.075,3.11,11.7
9/5/20,3:45:00,0,Biosphere 2,0.8,49817.7,49740.6,89.5,103,6.14,267.4,32.55,49747.8,0.1,32336,1.199,8.26,-81.6,25.074,3.11,11.7
9/5/20,4:00:00,0,Biosphere 2,0.85,49815.9,49740.8,89.4,102.9,6.13,267.9,32.55,49747.8,0.09,32336,1.193,8.26,-81.5,25.072,3.11,11.7
9/5/20,4:15:00,0,Biosphere 2,0.88,49814.9,49741.1,89.5,103,6.14,268.1,32.55,49748,0.11,32336,1.192,8.25,-81.5,25.07,3.11,11.7
9/5/20,4:30:00,0,Biosphere 2,0.97,49816.8,49744.8,89.4,102.9,6.13,268.6,32.55,49751.5,0.11,32338,1.189,8.25,-81.4,25.069,3.11,11.7
9/5/20,4:45:00,0,Biosphere 2,0.64,49811.7,49744.1,89.1,102.6,6.11,267.6,32.55,49750.4,0.11,32338,1.183,8.25,-81.3,25.064,3.11,11.7
9/5/20,5:00:00,0,Biosphere 2,0.88,49808,49742.2,89.3,102.8,6.13,267.9,32.55,49748.3,0.11,32336,1.191,8.25,-81.3,25.063,3.11,11.7
9/5/20,5:15:00,0,Biosphere 2,1.05,49809.2,49744.3,89.2,102.6,6.12,268.2,32.55,49750.4,0.12,32338,1.201,8.25,-81.3,25.062,3.11,11.7
9/5/20,5:30:00,0,Biosphere 2,0.71,49804.9,49742.5,89.2,102.6,6.12,268.5,32.55,49748.3,0.11,32336,1.192,8.25,-81.2,25.06,3.11,11.7
9/5/20,5:45:00,0,Biosphere 2,0.92,49805.2,49746.2,89.2,102.7,6.12,269.4,32.55,49751.7,0.1,32339,1.19,8.25,-81.2,25.056,3.11,11.7
9/5/20,6:00:00,0,Biosphere 2,1.09,49800.1,49744.3,88.9,102.3,6.1,269.9,32.55,49749.5,0.12,32337,1.19,8.25,-81.1,25.053,3.11,11.7
9/5/20,6:15:00,0,Biosphere 2,0.72,49797.4,49743.3,89,102.4,6.1,270.2,32.55,49748.4,0.09,32336,1.198,8.25,-81,25.052,3.11,11.7
9/5/20,6:30:00,0,Biosphere 2,1.04,49796.8,49744.1,89,102.4,6.11,267.1,32.55,49749,0.13,32337,1.191,8.25,-81,25.05,3.11,11.7
9/5/20,6:45:00,0,Biosphere 2,1.11,49797.6,49745.6,88.9,102.3,6.1,267.3,32.55,49750.5,0.11,32338,1.184,8.25,-80.9,25.05,3.11,11.7
9/5/20,7:00:00,0,Biosphere 2,0.73,49791,49744.2,88.9,102.3,6.1,267.4,32.55,49748.6,0.11,32337,1.181,8.25,-80.9,25.045,3.11,11.7
9/5/20,7:15:00,0,Biosphere 2,1.38,49792.1,49744.1,89.2,102.6,6.12,268.3,32.55,49748.6,0.13,32337,1.186,8.25,-80.9,25.046,3.11,11.7
9/5/20,7:30:00,0,Biosphere 2,0.81,49795.5,49746.5,89.4,102.9,6.13,269.1,32.55,49751.1,0.11,32338,1.187,8.24,-80.9,25.047,3.11,11.7
9/5/20,7:45:00,0,Biosphere 2,1.07,49791.5,49742,89.5,103.1,6.14,268.9,32.55,49746.6,0.14,32335,1.182,8.24,-80.9,25.047,3.11,11.7
9/5/20,8:00:00,0,Biosphere 2,0.54,49793.4,49741.5,89.9,103.4,6.17,269,32.55,49746.3,0.11,32335,1.19,8.25,-80.9,25.05,3.11,11.7
9/5/20,8:15:00,0,Biosphere 2,1.11,49795.4,49742.1,90,103.6,6.18,269.6,32.55,49747.1,0.13,32336,1.189,8.24,-80.9,25.051,3.11,11.7
9/5/20,8:30:00,0,Biosphere 2,1.09,49800.2,49744.5,90.4,104,6.2,270.1,32.55,49749.7,0.1,32337,1.192,8.25,-81,25.053,3.11,11.7
9/5/20,8:45:00,0,Biosphere 2,1.12,49802.6,49742,90.9,104.6,6.24,271.3,32.55,49747.6,0.13,32336,1.194,8.25,-81,25.058,3.11,11.7
9/5/20,9:00:00,0,Biosphere 2,1.14,49811,49744.8,91.2,104.9,6.25,271.7,32.55,49751,0.14,32338,1.183,8.25,-81,25.063,3.11,11.7
9/5/20,9:15:00,0,Biosphere 2,0.86,49812.3,49740,91.6,105.5,6.29,272.5,32.55,49746.8,0.13,32335,1.196,8.25,-81.1,25.069,3.11,11.7
9/5/20,9:30:00,0,Biosphere 2,1.19,49822.1,49742.8,92,105.9,6.31,273.5,32.55,49750.2,0.12,32338,1.19,8.25,-81.2,25.076,3.11,11.7
9/5/20,9:45:00,0,Biosphere 2,1.17,49828.5,49739.5,92.6,106.6,6.35,273.7,32.55,49747.9,0.11,32336,1.187,8.25,-81.3,25.085,3.11,11.7
9/5/20,10:00:00,0,Biosphere 2,0.68,49839.2,49738.2,93.4,107.4,6.4,273.5,32.55,49747.7,0.12,32336,1.185,8.25,-81.4,25.096,3.11,11.7
9/5/20,10:15:00,0,Biosphere 2,0.79,49850,49737.1,93.9,108.1,6.44,273.7,32.55,49747.7,0.12,32336,1.182,8.26,-81.5,25.108,3.11,11.7
9/5/20,10:30:00,0,Biosphere 2,0.57,49860.5,49736.5,94.6,108.8,6.48,274.1,32.55,49748.1,0.1,32336,1.19,8.26,-81.6,25.118,3.11,11.7
9/5/20,10:45:00,0,Biosphere 2,0.89,49860.3,49737.5,94.9,109.3,6.51,274,32.55,49749,0.11,32337,1.199,8.26,-81.8,25.117,3.11,11.7
9/5/20,11:00:00,0,Biosphere 2,0.68,49871.2,49740.1,95.6,110.1,6.55,274,32.55,49752.4,0.11,32339,1.193,8.26,-81.9,25.125,3.11,11.7
9/5/20,11:15:00,0,Biosphere 2,0.48,49873.7,49737.4,96.3,110.8,6.6,273.8,32.55,49750.2,0.11,32338,1.185,8.26,-82.1,25.13,3.11,11.7
9/5/20,11:30:00,0,Biosphere 2,0.7,49871,49736.1,96.6,111.2,6.62,273.6,32.55,49748.8,0.11,32337,1.192,8.27,-82.1,25.129,3.11,11.7
9/5/20,11:45:00,0,Biosphere 2,0.72,49875.6,49737.1,97.2,111.8,6.66,273.5,32.55,49750.1,0.11,32338,1.186,8.27,-82.3,25.132,3.11,11.7
9/5/20,12:00:00,0,Biosphere 2,0.84,49874.2,49736,97.8,112.6,6.7,273.7,32.55,49748.9,0.11,32337,1.191,8.27,-82.4,25.132,3.11,11.7
9/5/20,12:15:00,0,Biosphere 2,0.62,49875.6,49737.9,98.3,113.1,6.73,274.2,32.55,49750.8,0.1,32338,1.2,8.27,-82.6,25.131,3.11,11.7
9/5/20,12:30:00,0,Biosphere 2,0.99,49857.1,49736.1,98.4,113.2,6.74,274.5,32.55,49747.5,0.13,32336,1.188,8.27,-82.7,25.115,3.11,11.7
9/5/20,12:45:00,0,Biosphere 2,1.28,49871.6,49737.8,98.9,113.8,6.78,274.5,32.55,49750.3,0.14,32338,1.189,8.28,-82.8,25.128,3.11,11.7
9/5/20,13:00:00,0,Biosphere 2,1.31,49864.8,49736.6,99.1,114,6.79,265.8,32.55,49748.6,0.14,32337,1.189,8.28,-82.9,25.122,3.11,11.7
9/5/20,13:15:00,0,Biosphere 2,0.92,49873.3,49739.5,99.5,114.6,6.82,268,32.55,49752,0.13,32339,1.186,8.28,-83,25.128,3.11,11.7
9/5/20,13:30:00,0,Biosphere 2,1.17,49865.1,49737.1,99.6,114.7,6.83,269.6,32.55,49749.1,0.14,32337,1.19,8.28,-83.1,25.122,3.11,11.7
9/5/20,13:45:00,0,Biosphere 2,0.66,49869.2,49739.1,100,115.1,6.85,271,32.55,49751.3,0.12,32338,1.19,8.28,-83.2,25.124,3.11,11.7
9/5/20,14:00:00,0,Biosphere 2,1.27,49863.5,49738.4,99.8,114.8,6.84,271.4,32.55,49750.1,0.15,32338,1.192,8.29,-83.3,25.119,3.11,11.7
9/5/20,14:15:00,0,Biosphere 2,1.49,49865.5,49739.4,99.8,114.8,6.84,271.1,32.55,49751.2,0.12,32338,1.201,8.29,-83.3,25.12,3.11,11.7
9/5/20,14:30:00,0,Biosphere 2,1.56,49864,49736.7,100.1,115.2,6.86,270.9,32.55,49748.6,0.11,32337,1.198,8.29,-83.5,25.121,3.11,11.7
9/5/20,14:45:00,0,Biosphere 2,1.1,49863,49737.8,100.2,115.3,6.86,272.2,32.55,49749.5,0.11,32337,1.199,8.29,-83.5,25.119,3.11,11.7
9/5/20,15:00:00,0,Biosphere 2,0.55,49860.6,49736,100.1,115.2,6.86,273.3,32.55,49747.7,0.1,32336,1.193,8.29,-83.6,25.119,3.11,11.7
9/5/20,15:15:00,0,Biosphere 2,0.6,49860.2,49736.7,100,115.1,6.85,273.8,32.55,49748.2,0.12,32336,1.184,8.29,-83.6,25.118,3.11,11.7
9/5/20,15:30:00,0,Biosphere 2,0.95,49861.3,49739.6,99.9,115,6.85,274.2,32.55,49751,0.1,32338,1.182,8.29,-83.7,25.116,3.11,11.7
9/5/20,15:45:00,0,Biosphere 2,1.42,49862.6,49739.9,99.7,114.7,6.83,274.5,32.55,49751.4,0.13,32338,1.19,8.29,-83.7,25.117,3.11,11.7
9/5/20,16:00:00,0,Biosphere 2,0.63,49853.6,49737,99.5,114.6,6.82,274.5,32.55,49748,0.12,32336,1.189,8.29,-83.8,25.111,3.11,11.7
9/5/20,16:15:00,0,Biosphere 2,1.32,49856.2,49738.3,99.2,114.2,6.8,274.5,32.55,49749.4,0.12,32337,1.194,8.29,-83.8,25.112,3.11,11.7
9/5/20,16:30:00,0,Biosphere 2,0.85,49854.5,49738.5,99,114,6.79,271.5,32.55,49749.4,0.12,32337,1.188,8.29,-83.8,25.111,3.11,11.7
9/5/20,16:45:00,0,Biosphere 2,1.41,49851.8,49735.6,98.7,113.6,6.77,272.4,32.55,49746.5,0.13,32335,1.19,8.29,-83.7,25.111,3.11,11.7
9/5/20,17:00:00,0,Biosphere 2,0.97,49849.5,49736,98.5,113.3,6.75,273.3,32.55,49746.7,0.11,32335,1.184,8.29,-83.8,25.108,3.11,11.7
9/5/20,17:15:00,0,Biosphere 2,1.34,49854.3,49739.2,98.1,112.9,6.72,271.3,32.55,49750,0.13,32338,1.192,8.29,-83.7,25.11,3.11,11.7
9/5/20,17:30:00,0,Biosphere 2,0.85,49853.5,49736.8,97.8,112.6,6.71,271.6,32.55,49747.7,0.11,32336,1.186,8.29,-83.7,25.111,3.11,11.7
9/5/20,17:45:00,0,Biosphere 2,1.22,49856.4,49738.4,97.5,112.2,6.68,271.9,32.55,49749.4,0.13,32337,1.183,8.29,-83.7,25.113,3.11,11.7
9/5/20,18:00:00,0,Biosphere 2,0.74,49856.9,49738.1,97.2,111.9,6.66,271.8,32.55,49749.3,0.09,32337,1.187,8.29,-83.7,25.113,3.11,11.7
9/5/20,18:15:00,0,Biosphere 2,0.88,49856,49737.9,96.9,111.5,6.64,271.9,32.55,49749,0.09,32337,1.183,8.29,-83.7,25.113,3.11,11.7
9/5/20,18:30:00,0,Biosphere 2,1.03,49854,49736.6,96.6,111.2,6.62,272.1,32.55,49747.6,0.12,32336,1.192,8.29,-83.7,25.112,3.11,11.7
9/5/20,18:45:00,0,Biosphere 2,1.13,49853.2,49735,96.3,110.8,6.6,271.9,32.55,49746.1,0.11,32335,1.191,8.29,-83.6,25.113,3.11,11.7
9/5/20,19:00:00,0,Biosphere 2,0.76,49857.1,49738.4,96.1,110.5,6.58,271.7,32.55,49749.5,0.1,32337,1.188,8.29,-83.6,25.113,3.11,11.7
9/5/20,19:15:00,0,Biosphere 2,0.87,49853.8,49735.7,95.7,110.1,6.56,272.2,32.55,49746.7,0.1,32335,1.193,8.29,-83.5,25.113,3.11,11.7
9/5/20,19:30:00,0,Biosphere 2,0.78,49852.7,49735.6,95.4,109.8,6.54,271.2,32.55,49746.6,0.1,32335,1.192,8.29,-83.5,25.112,3.11,11.7
9/5/20,19:45:00,0,Biosphere 2,0.54,49854.7,49737.2,95.1,109.4,6.52,271,32.55,49748.2,0.11,32336,1.201,8.29,-83.4,25.112,3.11,11.7
9/5/20,20:00:00,0,Biosphere 2,0.56,49852.6,49735.5,94.7,109,6.49,270.8,32.55,49746.4,0.1,32335,1.184,8.29,-83.4,25.112,3.11,11.7
9/5/20,20:15:00,0,Biosphere 2,0.74,49851.8,49734.6,94.5,108.7,6.48,270.4,32.55,49745.5,0.1,32335,1.183,8.29,-83.4,25.112,3.11,11.7
9/5/20,20:30:00,0,Biosphere 2,0.78,49853.6,49736.2,94.3,108.6,6.47,262.2,32.55,49747.2,0.09,32336,1.2,8.29,-83.3,25.112,3.11,11.7
9/5/20,20:45:00,0,Biosphere 2,1.15,49850.8,49734.1,93.9,108.1,6.44,265.1,32.55,49745.1,0.11,32334,1.191,8.29,-83.3,25.111,3.11,11.7
9/5/20,21:00:00,0,Biosphere 2,1.01,49854,49737.4,93.7,107.9,6.43,266.7,32.55,49748.4,0.12,32336,1.184,8.28,-83.2,25.111,3.11,11.7
9/5/20,21:15:00,0,Biosphere 2,1.06,49852.9,49736.8,93.6,107.7,6.41,267.2,32.55,49747.6,0.1,32336,1.19,8.28,-83.2,25.111,3.11,11.7
9/5/20,21:30:00,0,Biosphere 2,0.93,49851.9,49736.5,93.2,107.3,6.39,268.2,32.55,49747.3,0.1,32336,1.181,8.28,-83.1,25.11,3.11,11.7
9/5/20,21:45:00,0,Biosphere 2,1.08,49849.2,49735,92.9,106.9,6.37,268.7,32.55,49745.7,0.11,32335,1.189,8.28,-83.1,25.109,3.11,11.7
9/5/20,22:00:00,0,Biosphere 2,0.64,49848.1,49735,92.6,106.6,6.35,269.7,32.55,49745.6,0.11,32335,1.181,8.28,-83,25.108,3.11,11.7
9/5/20,22:15:00,0,Biosphere 2,0.8,49851.5,49737.9,92.6,106.6,6.35,270.4,32.55,49748.5,0.11,32337,1.193,8.28,-82.9,25.108,3.11,11.7
9/5/20,22:30:00,0,Biosphere 2,0.81,49847.8,49735.3,92.4,106.3,6.33,269.3,32.55,49745.8,0.11,32335,1.2,8.28,-82.9,25.107,3.11,11.7
9/5/20,22:45:00,0,Biosphere 2,0.78,49850.1,49738.1,92.1,106,6.32,269.8,32.55,49748.6,0.1,32337,1.191,8.28,-82.8,25.107,3.11,11.7
9/5/20,23:00:00,0,Biosphere 2,1.02,49846.1,49735.8,91.8,105.6,6.29,270.4,32.55,49746.1,0.11,32335,1.185,8.28,-82.8,25.105,3.11,11.7
9/5/20,23:15:00,0,Biosphere 2,1.11,49845,49735.4,91.9,105.7,6.3,270.8,32.55,49745.7,0.14,32335,1.183,8.28,-82.8,25.105,3.11,11.7
9/5/20,23:30:00,0,Biosphere 2,0.69,49843.5,49735.5,91.6,105.4,6.28,270.5,32.55,49745.6,0.13,32335,1.19,8.28,-82.7,25.103,3.11,11.7
9/5/20,23:45:00,0,Biosphere 2,0.73,49845.5,49738,91.4,105.2,6.26,269.6,32.55,49748,0.12,32336,1.2,8.27,-82.6,25.103,3.11,11.7
9/6/20,0:00:00,0,Biosphere 2,0.97,49844.7,49737.8,91.4,105.2,6.27,269.3,32.55,49747.8,0.11,32336,1.2,8.27,-82.6,25.102,3.11,11.7
9/6/20,0:15:00,0,Biosphere 2,0.82,49841.3,49735.7,91.3,105,6.26,268.8,32.55,49745.6,0.11,32335,1.182,8.27,-82.5,25.101,3.11,11.7
9/6/20,0:30:00,0,Biosphere 2,0.59,49843.3,49738.9,90.9,104.6,6.23,268.7,32.55,49748.7,0.12,32337,1.192,8.27,-82.5,25.1,3.11,11.7
9/6/20,0:45:00,0,Biosphere 2,0.98,49839.5,49736.4,90.9,104.6,6.23,268.9,32.55,49746,0.12,32335,1.2,8.27,-82.4,25.098,3.11,11.7
9/6/20,1:00:00,0,Biosphere 2,1.2,49841.9,49739.8,90.8,104.5,6.23,268.7,32.55,49749.3,0.12,32337,1.186,8.27,-82.4,25.097,3.11,11.7
9/6/20,1:15:00,0,Biosphere 2,1.08,49839.7,49738.8,90.7,104.3,6.22,269.3,32.55,49748.3,0.11,32336,1.186,8.27,-82.3,25.096,3.11,11.7
9/6/20,1:30:00,0,Biosphere 2,0.93,49837.6,49738.3,90.6,104.3,6.21,268.2,32.55,49747.6,0.1,32336,1.182,8.27,-82.3,25.095,3.11,11.7
9/6/20,1:45:00,0,Biosphere 2,1.39,49836.9,49739.2,90.5,104.2,6.21,268.4,32.55,49748.3,0.12,32336,1.2,8.27,-82.2,25.093,3.11,11.7
9/6/20,2:00:00,0,Biosphere 2,1.13,49833.2,49737.4,90.4,104.1,6.2,268.4,32.55,49746.4,0.12,32335,1.192,8.27,-82.2,25.091,3.11,11.7
9/6/20,2:15:00,0,Biosphere 2,1.18,49833.6,49738.9,90.3,103.9,6.19,268.7,32.55,49747.8,0.11,32336,1.183,8.27,-82.1,25.09,3.11,11.7
9/6/20,2:30:00,0,Biosphere 2,0.76,49829.4,49736.8,90.2,103.8,6.18,268.9,32.55,49745.5,0.11,32335,1.184,8.26,-82.1,25.088,3.11,11.7
9/6/20,2:45:00,0,Biosphere 2,1.25,49828.2,49737,90.2,103.8,6.18,269.3,32.55,49745.5,0.13,32335,1.189,8.26,-82,25.087,3.11,11.7
9/6/20,3:00:00,0,Biosphere 2,1.18,49828.3,49739.7,89.8,103.4,6.16,268.3,32.55,49748,0.13,32336,1.19,8.26,-81.9,25.085,3.11,11.7
9/6/20,3:15:00,0,Biosphere 2,1.06,49828.2,49740,89.9,103.5,6.17,268.8,32.55,49748.2,0.13,32336,1.192,8.26,-81.9,25.084,3.11,11.7
9/6/20,3:30:00,0,Biosphere 2,1.2,49822.8,49738.1,89.8,103.4,6.16,269.9,32.55,49746,0.11,32335,1.194,8.26,-81.8,25.081,3.11,11.7
9/6/20,3:45:00,0,Biosphere 2,0.88,49817.8,49737.6,89,102.4,6.1,269.4,32.55,49745.1,0.12,32334,1.184,8.26,-81.7,25.077,3.11,11.7
9/6/20,4:00:00,0,Biosphere 2,1.22,49821,49740.2,89.8,103.3,6.16,268.9,32.55,49747.8,0.1,32336,1.189,8.26,-81.8,25.077,3.11,11.7
9/6/20,4:15:00,0,Biosphere 2,0.81,49816.7,49738.4,89.5,103,6.14,269.1,32.55,49745.7,0.12,32335,1.19,8.26,-81.6,25.075,3.11,11.7
9/6/20,4:30:00,0,Biosphere 2,1.41,49815.7,49738.6,89.5,103,6.14,269.2,32.55,49745.8,0.13,32335,1.184,8.26,-81.6,25.073,3.11,11.7
9/6/20,4:45:00,0,Biosphere 2,1.35,49812.5,49738.6,89.3,102.8,6.13,267.9,32.55,49745.5,0.13,32335,1.191,8.26,-81.6,25.07,3.11,11.7
9/6/20,5:00:00,0,Biosphere 2,0.73,49810.5,49738.9,89.3,102.8,6.13,268.1,32.55,49745.6,0.15,32335,1.19,8.25,-81.5,25.068,3.11,11.7
9/6/20,5:15:00,0,Biosphere 2,0.71,49809.1,49738.8,89.2,102.7,6.12,268.8,32.55,49745.4,0.13,32335,1.192,8.25,-81.5,25.067,3.11,11.7
9/6/20,5:30:00,0,Biosphere 2,2.22,49811.1,49742.2,89.2,102.7,6.12,269.7,32.55,49748.6,0.14,32337,1.2,8.25,-81.4,25.066,3.11,11.7
9/6/20,5:45:00,0,Biosphere 2,1.62,49804.9,49738.5,89.3,102.7,6.12,270.2,32.55,49744.7,0.12,32334,1.181,8.25,-81.3,25.063,3.11,11.7
9/6/20,6:00:00,0,Biosphere 2,1.07,49806.7,49742.4,89.2,102.6,6.12,270.4,32.55,49748.5,0.12,32336,1.192,8.25,-81.3,25.061,3.11,11.7
9/6/20,6:15:00,0,Biosphere 2,1.13,49800.1,49738.8,89,102.4,6.11,270.6,32.55,49744.5,0.13,32334,1.19,8.25,-81.2,25.058,3.11,11.7
9/6/20,6:30:00,0,Biosphere 2,1.53,49799,49739.4,89,102.4,6.11,270.7,32.55,49745,0.14,32334,1.185,8.25,-81.2,25.057,3.11,11.7
9/6/20,6:45:00,0,Biosphere 2,1.25,49801.1,49742.2,89.2,102.6,6.12,271.1,32.55,49747.7,0.12,32336,1.191,8.25,-81.2,25.056,3.11,11.7
9/6/20,7:00:00,0,Biosphere 2,0.73,49796.6,49738.6,89.1,102.5,6.11,271.1,32.55,49744.1,0.14,32334,1.192,8.25,-81.1,25.055,3.11,11.7
9/6/20,7:15:00,0,Biosphere 2,1.69,49799.6,49740.9,89.3,102.8,6.13,270.8,32.55,49746.4,0.14,32335,1.189,8.25,-81.1,25.056,3.11,11.7
9/6/20,7:30:00,0,Biosphere 2,1.96,49797.5,49738,89.3,102.8,6.13,270.3,32.55,49743.6,0.14,32333,1.187,8.25,-81.1,25.057,3.11,11.7
9/6/20,7:45:00,0,Biosphere 2,1.54,49801,49737.9,89.6,103.1,6.15,270,32.55,49743.8,0.15,32333,1.192,8.25,-81.1,25.06,3.11,11.7
9/6/20,8:00:00,0,Biosphere 2,1.37,49805.4,49737.1,89.9,103.5,6.17,270.5,32.55,49743.5,0.12,32333,1.189,8.25,-81.1,25.065,3.11,11.7
9/6/20,8:15:00,0,Biosphere 2,1.29,49813.2,49739.7,90.2,103.8,6.19,268.8,32.55,49746.6,0.15,32335,1.182,8.25,-81.1,25.07,3.11,11.7
9/6/20,8:30:00,0,Biosphere 2,1.85,49818.3,49739.8,90.5,104.1,6.21,265,32.55,49747.2,0.15,32336,1.187,8.25,-81.2,25.075,3.11,11.7
9/6/20,8:45:00,0,Biosphere 2,1.99,49824.2,49738.7,90.8,104.5,6.23,267.3,32.55,49746.6,0.14,32335,1.189,8.25,-81.2,25.082,3.11,11.7
9/6/20,9:00:00,0,Biosphere 2,1.44,49831,49736.2,91.3,105.1,6.26,269.1,32.55,49745.1,0.17,32334,1.182,8.25,-81.2,25.091,3.11,11.7
9/6/20,9:15:00,0,Biosphere 2,1.33,49839.6,49735.3,91.7,105.5,6.29,270.5,32.55,49745,0.13,32334,1.192,8.25,-81.3,25.1,3.11,11.7
9/6/20,9:30:00,0,Biosphere 2,2.77,49843.1,49730.7,92.1,105.9,6.31,271.6,32.55,49741.3,0.15,32332,1.195,8.25,-81.3,25.107,3.11,11.7
9/6/20,9:45:00,0,Biosphere 2,1.22,49858.7,49732.9,92.6,106.6,6.35,272.3,32.55,49744.7,0.13,32334,1.191,8.25,-81.5,25.12,3.11,11.7
9/6/20,10:00:00,0,Biosphere 2,1,49870.5,49732.2,93.3,107.3,6.39,270.4,32.55,49745.2,0.12,32334,1.194,8.26,-81.6,25.132,3.11,11.7
9/6/20,10:15:00,0,Biosphere 2,1.08,49873.1,49729.8,94,108.2,6.44,270.7,32.55,49743.3,0.13,32333,1.191,8.26,-81.7,25.137,3.11,11.7
9/6/20,10:30:00,0,Biosphere 2,0.79,49880.5,49729.4,94.7,108.9,6.49,271.3,32.55,49743.6,0.11,32333,1.188,8.26,-81.9,25.144,3.11,11.7
9/6/20,10:45:00,0,Biosphere 2,1.54,49879,49729.6,95,109.3,6.51,268.5,32.55,49743.6,0.14,32333,1.188,8.26,-82,25.143,3.11,11.7
9/6/20,11:00:00,0,Biosphere 2,1.68,49878,49724.2,95.9,110.3,6.57,269.9,32.54,49738.6,0.12,32330,1.192,8.27,-82.1,25.147,3.11,11.7
9/6/20,11:15:00,0,Biosphere 2,1.27,49873.3,49726.7,96.1,110.5,6.58,271.1,32.54,49740.4,0.12,32331,1.188,8.27,-82.2,25.14,3.11,11.7
9/6/20,11:30:00,0,Biosphere 2,1.99,49874.6,49727.2,96.7,111.3,6.63,270.8,32.54,49741,0.17,32332,1.199,8.27,-82.4,25.141,3.11,11.7
9/6/20,11:45:00,0,Biosphere 2,1.02,49874.1,49722.4,97.2,111.9,6.66,271.5,32.54,49736.6,0.12,32329,1.192,8.27,-82.5,25.145,3.11,11.7
9/6/20,12:00:00,0,Biosphere 2,1.41,49870.3,49727.3,97.6,112.3,6.69,271.8,32.54,49740.7,0.13,32331,1.192,8.27,-82.6,25.136,3.11,11.7
9/6/20,12:15:00,0,Biosphere 2,1.56,49862.5,49730.2,98,112.8,6.72,272.3,32.55,49742.6,0.14,32333,1.193,8.28,-82.8,25.126,3.11,11.7
9/6/20,12:30:00,0,Biosphere 2,0.84,49866.9,49729.3,98.8,113.7,6.77,272.6,32.55,49742.2,0.12,32332,1.189,8.28,-82.9,25.131,3.11,11.7
9/6/20,12:45:00,0,Biosphere 2,0.88,49868.9,49731.3,99.2,114.2,6.8,273.1,32.55,49744.2,0.13,32334,1.186,8.28,-83.1,25.131,3.11,11.7
9/6/20,13:00:00,0,Biosphere 2,0.87,49865.2,49730.5,99.4,114.4,6.81,273.2,32.55,49743.1,0.13,32333,1.19,8.28,-83.1,25.129,3.11,11.7
9/6/20,13:15:00,0,Biosphere 2,1.73,49850.9,49727.8,99.3,114.3,6.81,273.6,32.54,49739.3,0.16,32331,1.182,8.28,-83.2,25.117,3.11,11.7
9/6/20,13:30:00,0,Biosphere 2,2.6,49851.5,49727.5,99.6,114.6,6.83,273.8,32.54,49739.1,0.17,32330,1.19,8.29,-83.3,25.118,3.11,11.7
9/6/20,13:45:00,0,Biosphere 2,0.76,49862.6,49728.1,100.1,115.2,6.86,273.8,32.54,49740.7,0.13,32331,1.19,8.29,-83.5,25.128,3.11,11.7
9/6/20,14:00:00,0,Biosphere 2,0.74,49867.4,49730.3,99.8,114.9,6.84,274.2,32.55,49743.1,0.15,32333,1.192,8.29,-83.5,25.131,3.11,11.7
9/6/20,14:15:00,0,Biosphere 2,1.1,49862.7,49729.8,99.9,114.9,6.84,274.5,32.55,49742.2,0.13,32332,1.19,8.29,-83.5,25.127,3.11,11.7
9/6/20,14:30:00,0,Biosphere 2,0.65,49872.9,49729.7,100.4,115.5,6.88,273.4,32.55,49743.1,0.12,32333,1.183,8.29,-83.7,25.137,3.11,11.7
9/6/20,14:45:00,0,Biosphere 2,1.42,49867.9,49729.5,100.1,115.2,6.86,272.5,32.55,49742.4,0.12,32333,1.198,8.29,-83.7,25.132,3.11,11.7
9/6/20,15:00:00,0,Biosphere 2,1.11,49865.5,49729.1,100.1,115.2,6.86,272.5,32.55,49741.9,0.12,32332,1.194,8.29,-83.8,25.13,3.11,11.7
9/6/20,15:15:00,0,Biosphere 2,1.61,49862,49728,99.9,115,6.85,272.8,32.54,49740.6,0.16,32331,1.193,8.29,-83.8,25.128,3.11,11.7
9/6/20,15:30:00,0,Biosphere 2,1.91,49864.7,49730.4,99.9,114.9,6.84,272.7,32.55,49743,0.14,32333,1.192,8.3,-83.9,25.128,3.11,11.7
9/6/20,15:45:00,0,Biosphere 2,1.77,49864.7,49729.2,99.6,114.6,6.83,273,32.55,49741.9,0.14,32332,1.19,8.3,-83.9,25.129,3.11,11.7
9/6/20,16:00:00,0,Biosphere 2,1.45,49863.8,49730.5,99.5,114.5,6.82,273.7,32.55,49743,0.11,32333,1.191,8.3,-84,25.127,3.11,11.7
9/6/20,16:15:00,0,Biosphere 2,1.47,49858.3,49727.1,99.2,114.1,6.8,273,32.54,49739.3,0.15,32331,1.189,8.3,-83.9,25.125,3.11,11.7
9/6/20,16:30:00,0,Biosphere 2,0.92,49859.2,49728.3,99,114,6.79,272.5,32.54,49740.6,0.13,32331,1.19,8.3,-84,25.125,3.11,11.7
9/6/20,16:45:00,0,Biosphere 2,1.48,49859.7,49730.4,98.6,113.5,6.76,272.2,32.55,49742.5,0.16,32333,1.188,8.3,-83.9,25.123,3.11,11.7
9/6/20,17:00:00,0,Biosphere 2,1.74,49856.5,49728.9,98.4,113.2,6.74,272.4,32.54,49740.9,0.15,32332,1.189,8.3,-83.9,25.122,3.11,11.7
9/6/20,17:15:00,0,Biosphere 2,1.61,49860.5,49731,98.1,112.8,6.72,272.9,32.55,49743.1,0.13,32333,1.19,8.3,-83.9,25.124,3.11,11.7
9/6/20,17:30:00,0,Biosphere 2,0.95,49859.4,49729.8,97.7,112.5,6.7,271.6,32.55,49742,0.12,32332,1.191,8.3,-83.9,25.124,3.11,11.7
9/6/20,17:45:00,0,Biosphere 2,1.41,49859.8,49732.3,97.4,112.1,6.68,271.4,32.55,49744.2,0.11,32334,1.191,8.3,-83.9,25.122,3.11,11.7
9/6/20,18:00:00,0,Biosphere 2,1.47,49857.5,49731.3,97.1,111.7,6.65,271,32.55,49743.1,0.13,32333,1.188,8.3,-83.9,25.12,3.11,11.7
9/6/20,18:15:00,0,Biosphere 2,1.88,49856,49729.7,96.7,111.3,6.63,270.2,32.55,49741.6,0.13,32332,1.189,8.3,-83.8,25.12,3.11,11.7
9/6/20,18:30:00,0,Biosphere 2,0.61,49851.6,49727.5,96.5,111,6.61,270.4,32.54,49739.1,0.11,32330,1.189,8.29,-83.8,25.118,3.11,11.7
9/6/20,18:45:00,0,Biosphere 2,0.77,49857.3,49731.5,96.1,110.6,6.59,269.9,32.55,49743.3,0.09,32333,1.187,8.29,-83.8,25.12,3.11,11.7
9/6/20,19:00:00,0,Biosphere 2,1.78,49851.9,49729.5,95.8,110.2,6.56,270,32.54,49741,0.15,32332,1.185,8.29,-83.8,25.117,3.11,11.7
9/6/20,19:15:00,0,Biosphere 2,2.04,49853.6,49730.4,95.5,109.9,6.54,270.1,32.55,49741.9,0.12,32332,1.183,8.29,-83.7,25.118,3.11,11.7
9/6/20,19:30:00,0,Biosphere 2,1.11,49850.1,49728.6,95.2,109.6,6.53,270.4,32.54,49740,0.12,32331,1.19,8.29,-83.7,25.116,3.11,11.7
9/6/20,19:45:00,0,Biosphere 2,1.28,49849.5,49728.7,94.9,109.2,6.5,269.5,32.54,49740,0.11,32331,1.196,8.29,-83.6,25.115,3.11,11.7
9/6/20,20:00:00,0,Biosphere 2,0.62,49853.1,49731.7,94.5,108.8,6.48,269.7,32.55,49743,0.1,32333,1.191,8.29,-83.6,25.116,3.11,11.7
9/6/20,20:15:00,0,Biosphere 2,1.82,49850.6,49730.5,94.3,108.5,6.47,269.9,32.55,49741.7,0.1,32332,1.19,8.29,-83.5,25.115,3.11,11.7
9/6/20,20:30:00,0,Biosphere 2,0.95,49851.4,49731.2,94.1,108.3,6.45,270.1,32.55,49742.4,0.09,32333,1.19,8.29,-83.5,25.115,3.11,11.7
9/6/20,20:45:00,0,Biosphere 2,0.92,49846.5,49727.5,93.8,107.9,6.43,270.9,32.54,49738.6,0.12,32330,1.198,8.29,-83.4,25.114,3.11,11.7
9/6/20,21:00:00,0,Biosphere 2,1.98,49848.9,49730.4,93.5,107.6,6.41,271.6,32.55,49741.5,0.13,32332,1.195,8.29,-83.4,25.113,3.11,11.7
9/6/20,21:15:00,0,Biosphere 2,0.89,49845.4,49726.7,93.3,107.3,6.39,271.5,32.54,49737.8,0.11,32330,1.183,8.29,-83.3,25.113,3.11,11.7
9/6/20,21:30:00,0,Biosphere 2,2.58,49845.8,49727.3,93.1,107.1,6.38,271.3,32.54,49738.4,0.15,32330,1.182,8.29,-83.3,25.113,3.11,11.7
9/6/20,21:45:00,0,Biosphere 2,1.25,49848.7,49730.1,92.7,106.7,6.36,271.1,32.55,49741.2,0.12,32332,1.197,8.28,-83.2,25.113,3.11,11.7
9/6/20,22:00:00,0,Biosphere 2,1.12,49848.4,49730,92.4,106.3,6.33,271.1,32.54,49741.1,0.09,32332,1.198,8.28,-83.2,25.113,3.11,11.7
9/6/20,22:15:00,0,Biosphere 2,1.37,49848.1,49729.9,92.3,106.2,6.33,270.5,32.54,49741,0.12,32332,1.183,8.28,-83.1,25.113,3.11,11.7
9/6/20,22:30:00,0,Biosphere 2,0.71,49848.4,49730.2,91.9,105.8,6.3,269,32.55,49741.3,0.09,32332,1.193,8.28,-83.1,25.113,3.11,11.7
9/6/20,22:45:00,0,Biosphere 2,1.25,49844.3,49727.4,91.9,105.8,6.3,268.7,32.54,49738.4,0.13,32330,1.19,8.28,-83,25.112,3.11,11.7
9/6/20,23:00:00,0,Biosphere 2,1.24,49843.7,49727.8,91.7,105.5,6.29,268.7,32.54,49738.6,0.11,32330,1.192,8.28,-83,25.111,3.11,11.7
9/6/20,23:15:00,0,Biosphere 2,1.54,49846.6,49730.8,91.6,105.4,6.28,269,32.55,49741.7,0.13,32332,1.2,8.28,-82.9,25.11,3.11,11.7
9/6/20,23:30:00,0,Biosphere 2,0.91,49844.5,49729.9,91.3,105,6.26,269.1,32.54,49740.6,0.09,32331,1.183,8.28,-82.8,25.109,3.11,11.7
9/6/20,23:45:00,0,Biosphere 2,0.97,49841.2,49727.9,91.1,104.8,6.24,269.1,32.54,49738.5,0.12,32330,1.192,8.28,-82.8,25.108,3.11,11.7
9/7/20,0:00:00,0,Biosphere 2,0.97,49840.6,49728.4,91.1,104.8,6.24,268.8,32.54,49738.9,0.11,32330,1.19,8.28,-82.7,25.107,3.11,11.7
9/7/20,0:15:00,0,Biosphere 2,1.67,49842.3,49730.5,91,104.7,6.24,269,32.55,49741,0.15,32332,1.192,8.28,-82.7,25.107,3.11,11.7
9/7/20,0:30:00,0,Biosphere 2,0.66,49839.4,49729.3,90.8,104.5,6.22,269.1,32.54,49739.7,0.08,32331,1.2,8.27,-82.6,25.105,3.11,11.7
9/7/20,0:45:00,0,Biosphere 2,2.06,49838.8,49729.2,90.7,104.3,6.22,269,32.54,49739.5,0.12,32331,1.194,8.27,-82.6,25.105,3.11,11.7
9/7/20,1:00:00,0,Biosphere 2,1.25,49837.8,49729.3,90.5,104.1,6.2,269.2,32.54,49739.5,0.11,32331,1.184,8.27,-82.5,25.104,3.11,11.7
9/7/20,1:15:00,0,Biosphere 2,1.8,49836.7,49729.6,90.4,104,6.2,268.8,32.54,49739.6,0.14,32331,1.19,8.27,-82.5,25.102,3.11,11.7
9/7/20,1:30:00,0,Biosphere 2,0.83,49834.8,49729.2,90.2,103.8,6.19,268.6,32.54,49739.1,0.1,32330,1.192,8.27,-82.4,25.101,3.11,11.7
9/7/20,1:45:00,0,Biosphere 2,1.46,49834.6,49730.3,90,103.6,6.17,264.6,32.54,49740,0.12,32331,1.194,8.27,-82.3,25.1,3.11,11.7
9/7/20,2:00:00,0,Biosphere 2,1.74,49833.2,49729.6,90,103.6,6.17,265.9,32.54,49739.3,0.15,32331,1.185,8.27,-82.3,25.099,3.11,11.7
9/7/20,2:15:00,0,Biosphere 2,1.69,49831.3,49729.4,90,103.6,6.17,266.3,32.54,49739,0.12,32330,1.185,8.27,-82.3,25.097,3.11,11.7
9/7/20,2:30:00,0,Biosphere 2,0.82,49828.6,49729.3,89.7,103.2,6.15,266.6,32.54,49738.6,0.1,32330,1.197,8.27,-82.1,25.095,3.11,11.7
9/7/20,2:45:00,0,Biosphere 2,1.24,49827.7,49730.2,89.6,103.1,6.14,266.8,32.54,49739.3,0.13,32331,1.193,8.27,-82.1,25.093,3.11,11.7
9/7/20,3:00:00,0,Biosphere 2,0.96,49825.6,49729.8,89.3,102.8,6.12,266.6,32.54,49738.7,0.12,32330,1.192,8.26,-82,25.091,3.11,11.7
9/7/20,3:15:00,0,Biosphere 2,2.18,49824.6,49730.1,89.5,103,6.14,265.9,32.54,49739,0.12,32330,1.19,8.26,-82,25.09,3.11,11.7
9/7/20,3:30:00,0,Biosphere 2,2.4,49824.4,49733,89.3,102.7,6.12,266.2,32.55,49741.5,0.13,32332,1.19,8.26,-82,25.087,3.11,11.7
9/7/20,3:45:00,0,Biosphere 2,0.94,49819.9,49730.5,89.3,102.8,6.13,266.8,32.54,49738.8,0.11,32330,1.188,8.26,-81.9,25.085,3.11,11.7
9/7/20,4:00:00,0,Biosphere 2,2.03,49822.2,49734.7,89.3,102.8,6.12,265.9,32.55,49742.8,0.14,32333,1.184,8.26,-81.9,25.084,3.11,11.7
9/7/20,4:15:00,0,Biosphere 2,1.37,49817.9,49733.5,89.2,102.6,6.12,267,32.55,49741.4,0.1,32332,1.188,8.26,-81.8,25.081,3.11,11.7
9/7/20,4:30:00,0,Biosphere 2,1.88,49811.4,49727.8,89.2,102.6,6.12,267.6,32.54,49735.7,0.16,32328,1.192,8.26,-81.7,25.08,3.11,11.7
9/7/20,4:45:00,0,Biosphere 2,1.39,49813.8,49735.2,88.8,102.2,6.09,268.1,32.55,49742.6,0.12,32333,1.189,8.26,-81.7,25.075,3.11,11.7
9/7/20,5:00:00,0,Biosphere 2,1.39,49808.3,49732.2,88.8,102.2,6.09,267.1,32.54,49739.3,0.11,32331,1.191,8.26,-81.6,25.073,3.11,11.7
9/7/20,5:15:00,0,Biosphere 2,1.95,49810.1,49734.6,88.9,102.3,6.1,266.5,32.55,49741.7,0.13,32332,1.193,8.26,-81.6,25.072,3.11,11.7
9/7/20,5:30:00,0,Biosphere 2,0.87,49805.9,49734.4,88.8,102.2,6.09,266.8,32.55,49741.1,0.11,32332,1.188,8.26,-81.6,25.068,3.11,11.7
9/7/20,5:45:00,0,Biosphere 2,1.62,49805.5,49735.3,88.8,102.2,6.09,267.8,32.55,49741.9,0.14,32332,1.194,8.25,-81.5,25.067,3.11,11.7
9/7/20,6:00:00,0,Biosphere 2,1.14,49799,49733.2,88.6,102,6.08,267.6,32.54,49739.4,0.13,32331,1.187,8.25,-81.4,25.063,3.11,11.7
9/7/20,6:15:00,0,Biosphere 2,1.58,49799.5,49736.7,88.5,101.8,6.07,267.9,32.55,49742.5,0.12,32333,1.183,8.25,-81.4,25.06,3.11,11.7
9/7/20,6:30:00,0,Biosphere 2,2.27,49796.1,49734,88.7,102.1,6.08,268.4,32.55,49739.8,0.15,32331,1.181,8.25,-81.3,25.059,3.11,11.7
9/7/20,6:45:00,0,Biosphere 2,2.17,49793.1,49733.2,88.5,101.9,6.07,269,32.54,49738.8,0.15,32330,1.19,8.25,-81.3,25.057,3.11,11.7
9/7/20,7:00:00,0,Biosphere 2,2.59,49798,49736.9,88.6,102,6.08,268.3,32.55,49742.7,0.12,32333,1.191,8.25,-81.2,25.058,3.11,11.7
9/7/20,7:15:00,0,Biosphere 2,1.26,49795.1,49732.1,88.7,102,6.08,268.8,32.54,49738,0.13,32330,1.19,8.25,-81.2,25.06,3.11,11.7
9/7/20,7:30:00,0,Biosphere 2,0.91,49803.3,49735.4,88.9,102.3,6.1,268.7,32.55,49741.7,0.11,32332,1.191,8.25,-81.2,25.065,3.11,11.7
9/7/20,7:45:00,0,Biosphere 2,1.13,49803.1,49731.2,89,102.4,6.1,269.3,32.54,49737.9,0.12,32330,1.184,8.25,-81.2,25.069,3.11,11.7
9/7/20,8:00:00,0,Biosphere 2,2.75,49809.7,49733.1,89.3,102.7,6.12,270,32.55,49740.3,0.17,32331,1.189,8.25,-81.2,25.073,3.11,11.7
9/7/20,8:15:00,0,Biosphere 2,1.11,49820.1,49731.4,89.6,103.1,6.14,270.2,32.54,49739.7,0.13,32331,1.2,8.25,-81.2,25.085,3.11,11.7
9/7/20,8:30:00,0,Biosphere 2,2.52,49824,49730.7,89.9,103.5,6.17,270.6,32.54,49739.5,0.16,32331,1.199,8.25,-81.2,25.089,3.11,11.7
9/7/20,8:45:00,0,Biosphere 2,0.66,49843.7,49731,90.6,104.3,6.21,271.3,32.55,49741.5,0.1,32332,1.19,8.25,-81.3,25.108,3.11,11.7
9/7/20,9:00:00,0,Biosphere 2,1.59,49833.8,49727.5,90.7,104.4,6.22,271.8,32.54,49737.4,0.14,32329,1.181,8.25,-81.3,25.101,3.11,11.7
9/7/20,9:15:00,0,Biosphere 2,2.58,49844.6,49727.5,91.2,105,6.25,272,32.54,49738.5,0.16,32330,1.182,8.25,-81.4,25.112,3.11,11.7
9/7/20,9:30:00,0,Biosphere 2,1.53,49847.4,49727.2,92,105.8,6.3,272.4,32.54,49738.4,0.14,32330,1.2,8.26,-81.5,25.115,3.11,11.7
9/7/20,9:45:00,0,Biosphere 2,1.78,49835.6,49725.2,92.3,106.2,6.33,272.8,32.54,49735.6,0.14,32328,1.193,8.26,-81.6,25.105,3.11,11.7
9/7/20,10:00:00,0,Biosphere 2,3.02,49835.2,49726,92.9,106.9,6.37,273,32.54,49736.2,0.15,32329,1.185,8.26,-81.7,25.104,3.11,11.7
9/7/20,10:15:00,0,Biosphere 2,2.03,49831,49727.2,93.3,107.4,6.4,272.8,32.54,49736.9,0.14,32329,1.189,8.26,-81.8,25.099,3.11,11.7
9/7/20,10:30:00,0,Biosphere 2,1.99,49847.3,49726,94.3,108.6,6.47,272.9,32.54,49737.3,0.1,32329,1.191,8.26,-82,25.116,3.11,11.7
9/7/20,10:45:00,0,Biosphere 2,0.69,49854.8,49731.6,94.8,109.1,6.5,273.5,32.55,49743.1,0.09,32333,1.19,8.27,-82.1,25.118,3.11,11.7
9/7/20,11:00:00,0,Biosphere 2,0.77,49865.1,49730.4,95.7,110.1,6.56,273.8,32.55,49743,0.1,32333,1.194,8.27,-82.3,25.129,3.11,11.7
9/7/20,11:15:00,0,Biosphere 2,1.16,49856.1,49719.8,96.1,110.5,6.58,273.7,32.54,49732.5,0.09,32326,1.192,8.27,-82.4,25.13,3.11,11.7
9/7/20,11:30:00,0,Biosphere 2,1.81,49849,49724.8,96.2,110.7,6.59,273.2,32.54,49736.5,0.15,32329,1.196,8.27,-82.4,25.118,3.11,11.7
9/7/20,11:45:00,0,Biosphere 2,0.99,49859.7,49726.2,96.9,111.5,6.64,273.2,32.54,49738.7,0.13,32330,1.19,8.27,-82.6,25.127,3.11,11.7
9/7/20,12:00:00,0,Biosphere 2,0.89,49864.6,49721.4,97.6,112.4,6.69,272.9,32.54,49734.9,0.1,32328,1.184,8.28,-82.8,25.137,3.11,11.7
9/7/20,12:15:00,0,Biosphere 2,3.14,49854.9,49722.7,97.6,112.3,6.69,270.5,32.54,49735.1,0.17,32328,1.185,8.28,-82.9,25.126,3.11,11.7
9/7/20,12:30:00,0,Biosphere 2,2.43,49847.6,49726.5,98,112.8,6.72,271,32.54,49737.8,0.19,32330,1.201,8.28,-83,25.116,3.11,11.7
9/7/20,12:45:00,0,Biosphere 2,1.15,49856.5,49725.6,98.3,113.2,6.74,271.3,32.54,49737.8,0.11,32330,1.19,8.28,-83.1,25.125,3.11,11.7
9/7/20,13:00:00,0,Biosphere 2,0.76,49865.2,49721.6,98.9,113.8,6.78,271.8,32.54,49735,0.11,32328,1.192,8.29,-83.3,25.137,3.11,11.7
9/7/20,13:15:00,0,Biosphere 2,1.75,49858.6,49724.2,99,113.9,6.78,272.1,32.54,49736.8,0.15,32329,1.189,8.29,-83.3,25.128,3.11,11.7
9/7/20,13:30:00,0,Biosphere 2,2.56,49855.6,49730.8,98.9,113.8,6.78,272.4,32.55,49742.5,0.18,32333,1.192,8.29,-83.4,25.119,3.11,11.7
9/7/20,13:45:00,0,Biosphere 2,0.74,49873.9,49731.4,99.3,114.3,6.81,272.6,32.55,49744.7,0.1,32334,1.201,8.29,-83.5,25.136,3.11,11.7
9/7/20,14:00:00,0,Biosphere 2,3.18,49859.6,49726.2,99.6,114.7,6.83,271.4,32.54,49738.6,0.2,32330,1.19,8.29,-83.6,25.127,3.11,11.7
9/7/20,14:15:00,0,Biosphere 2,1.22,49859.4,49728.6,99.5,114.5,6.82,271.6,32.54,49740.8,0.11,32332,1.192,8.29,-83.7,25.125,3.11,11.7
9/7/20,14:30:00,0,Biosphere 2,1.5,49854,49729.6,99.5,114.5,6.82,272,32.54,49741.2,0.11,32332,1.186,8.29,-83.7,25.119,3.11,11.7
9/7/20,14:45:00,0,Biosphere 2,1.68,49851.2,49728.4,99.2,114.2,6.8,269,32.54,49739.9,0.15,32331,1.191,8.29,-83.8,25.117,3.11,11.7
9/7/20,15:00:00,0,Biosphere 2,1.09,49857.9,49729.4,99.4,114.4,6.81,270.1,32.54,49741.4,0.11,32332,1.19,8.3,-83.9,25.123,3.11,11.7
9/7/20,15:15:00,0,Biosphere 2,2.26,49853.6,49727.8,99.4,114.3,6.81,259.8,32.54,49739.6,0.16,32331,1.193,8.3,-83.9,25.12,3.11,11.7
9/7/20,15:30:00,0,Biosphere 2,2,49854.6,49730.1,99.3,114.3,6.8,264.7,32.55,49741.8,0.17,32332,1.198,8.3,-84,25.119,3.11,11.7
9/7/20,15:45:00,0,Biosphere 2,1.47,49853.2,49729.8,99,113.9,6.79,266.7,32.55,49741.3,0.15,32332,1.19,8.3,-84,25.118,3.11,11.7
9/7/20,16:00:00,0,Biosphere 2,3.91,49852,49731.2,98.7,113.6,6.77,268,32.55,49742.5,0.21,32333,1.187,8.3,-84,25.115,3.11,11.7
9/7/20,16:15:00,0,Biosphere 2,3.41,49850.6,49731.5,98.6,113.5,6.76,269.2,32.55,49742.6,0.19,32333,1.186,8.3,-84,25.114,3.11,11.7
9/7/20,16:30:00,0,Biosphere 2,1.27,49843.8,49728.3,98.3,113.2,6.74,269.5,32.54,49739.1,0.1,32330,1.194,8.3,-84,25.11,3.11,11.7
9/7/20,16:45:00,0,Biosphere 2,1.99,49844.6,49730.3,98,112.8,6.72,269.9,32.54,49741,0.14,32332,1.198,8.3,-84,25.109,3.11,11.7
9/7/20,17:00:00,0,Biosphere 2,1.34,49843.8,49730.1,97.8,112.5,6.7,270.3,32.54,49740.8,0.13,32331,1.196,8.3,-84,25.109,3.11,11.7
9/7/20,17:15:00,0,Biosphere 2,2.43,49842.1,49728.8,97.4,112.1,6.68,270.1,32.54,49739.4,0.17,32331,1.19,8.3,-84,25.108,3.11,11.7
9/7/20,17:30:00,0,Biosphere 2,1.39,49844.7,49729.7,97,111.6,6.65,269.7,32.54,49740.5,0.14,32331,1.189,8.3,-84,25.11,3.11,11.7
9/7/20,17:45:00,0,Biosphere 2,2.4,49846.2,49730.3,96.7,111.3,6.63,269.9,32.55,49741.2,0.16,32332,1.19,8.3,-84,25.111,3.11,11.7
9/7/20,18:00:00,0,Biosphere 2,1.12,49846.7,49730.6,96.4,111,6.61,270,32.55,49741.4,0.12,32332,1.181,8.3,-84,25.111,3.11,11.7
9/7/20,18:15:00,0,Biosphere 2,2.16,49843.6,49728,96.2,110.7,6.59,270.3,32.54,49738.8,0.16,32330,1.181,8.3,-83.9,25.11,3.11,11.7
9/7/20,18:30:00,0,Biosphere 2,2.86,49843.4,49728.3,95.7,110.2,6.56,267.7,32.54,49739,0.17,32330,1.198,8.3,-83.9,25.11,3.11,11.7
9/7/20,18:45:00,0,Biosphere 2,1.38,49846.5,49730.4,95.5,109.9,6.54,267.7,32.55,49741.3,0.13,32332,1.189,8.3,-83.9,25.111,3.11,11.7
9/7/20,19:00:00,0,Biosphere 2,2.23,49847,49730.4,95.2,109.5,6.52,268,32.55,49741.3,0.14,32332,1.191,8.3,-83.9,25.111,3.11,11.7
9/7/20,19:15:00,0,Biosphere 2,1.86,49845.1,49729.1,94.9,109.2,6.5,267.6,32.54,49740,0.1,32331,1.196,8.29,-83.8,25.111,3.11,11.7
9/7/20,19:30:00,0,Biosphere 2,1.29,49846.1,49729.5,94.5,108.7,6.48,266.4,32.54,49740.4,0.11,32331,1.192,8.29,-83.8,25.111,3.11,11.7
9/7/20,19:45:00,0,Biosphere 2,1.22,49845,49728.5,94.3,108.5,6.46,265.6,32.54,49739.5,0.11,32331,1.198,8.29,-83.7,25.111,3.11,11.7
9/7/20,20:00:00,0,Biosphere 2,2.79,49844.5,49728.4,93.9,108.1,6.44,265.9,32.54,49739.3,0.17,32331,1.191,8.29,-83.7,25.111,3.11,11.7
9/7/20,20:15:00,0,Biosphere 2,3.1,49843.1,49727.2,93.7,107.8,6.42,266.1,32.54,49738,0.14,32330,1.191,8.29,-83.6,25.111,3.11,11.7
9/7/20,20:30:00,0,Biosphere 2,1.05,49843.3,49726.9,93.3,107.4,6.4,265.9,32.54,49737.8,0.11,32330,1.183,8.29,-83.6,25.111,3.11,11.7
9/7/20,20:45:00,0,Biosphere 2,2.51,49844.1,49726.8,93.1,107.1,6.38,265.4,32.54,49737.8,0.15,32330,1.19,8.29,-83.5,25.112,3.11,11.7
9/7/20,21:00:00,0,Biosphere 2,0.88,49844.3,49727.2,92.8,106.8,6.36,265.8,32.54,49738.2,0.1,32330,1.197,8.29,-83.5,25.112,3.11,11.7
9/7/20,21:15:00,0,Biosphere 2,2.01,49846.7,49729.3,92.5,106.5,6.34,262.7,32.54,49740.2,0.13,32331,1.2,8.29,-83.4,25.112,3.11,11.7
9/7/20,21:30:00,0,Biosphere 2,2.3,49844.7,49727.2,92.4,106.3,6.33,263.4,32.54,49738.2,0.16,32330,1.182,8.29,-83.4,25.112,3.11,11.7
9/7/20,21:45:00,0,Biosphere 2,2.52,49844.9,49726.8,92.1,106,6.31,264.2,32.54,49737.8,0.14,32330,1.192,8.29,-83.3,25.113,3.11,11.7
9/7/20,22:00:00,0,Biosphere 2,2.15,49845.3,49726.7,91.9,105.7,6.3,264.6,32.54,49737.8,0.16,32330,1.201,8.29,-83.3,25.113,3.11,11.7
9/7/20,22:15:00,0,Biosphere 2,2.68,49847.4,49728.2,91.7,105.5,6.29,264.8,32.54,49739.4,0.15,32331,1.184,8.28,-83.3,25.114,3.11,11.7
9/7/20,22:30:00,0,Biosphere 2,3.33,49849.1,49729.7,91.5,105.3,6.27,265.1,32.54,49740.9,0.15,32332,1.19,8.28,-83.2,25.114,3.11,11.7
9/7/20,22:45:00,0,Biosphere 2,2.61,49845,49726.3,91.3,105.1,6.26,265.4,32.54,49737.4,0.15,32329,1.192,8.28,-83.1,25.113,3.11,11.7
9/7/20,23:00:00,0,Biosphere 2,0.94,49847.1,49727.8,91.1,104.8,6.24,265.3,32.54,49739,0.11,32330,1.188,8.28,-83.1,25.114,3.11,11.7
9/7/20,23:15:00,0,Biosphere 2,2.45,49845.3,49726.6,91,104.7,6.24,265.7,32.54,49737.7,0.13,32329,1.183,8.28,-83,25.113,3.11,11.7
9/7/20,23:30:00,0,Biosphere 2,3.21,49847.7,49728.5,90.7,104.4,6.22,265.9,32.54,49739.7,0.15,32331,1.19,8.28,-83,25.114,3.11,11.7
9/7/20,23:45:00,0,Biosphere 2,2.11,49845.2,49726.1,90.6,104.2,6.21,265.3,32.54,49737.2,0.13,32329,1.2,8.28,-82.9,25.114,3.11,11.7
9/8/20,0:00:00,0,Biosphere 2,2.98,49845.2,49726.5,90.5,104.1,6.2,265.3,32.54,49737.6,0.17,32329,1.187,8.28,-82.8,25.113,3.11,11.7
9/8/20,0:15:00,0,Biosphere 2,1.94,49845.3,49726.8,90.4,104,6.2,265.5,32.54,49737.8,0.14,32330,1.192,8.28,-82.8,25.113,3.11,11.7
9/8/20,0:30:00,0,Biosphere 2,4.68,49848.3,49729.2,90.1,103.7,6.18,265.4,32.54,49740.4,0.17,32331,1.2,8.28,-82.7,25.114,3.11,11.7
9/8/20,0:45:00,0,Biosphere 2,0.75,49844.7,49726.4,89.9,103.5,6.17,265.9,32.54,49737.5,0.1,32329,1.185,8.28,-82.7,25.113,3.11,11.7
9/8/20,1:00:00,0,Biosphere 2,2.29,49844.6,49726.8,89.9,103.4,6.16,266.3,32.54,49737.9,0.17,32330,1.184,8.27,-82.7,25.112,3.11,11.7
9/8/20,1:15:00,0,Biosphere 2,2.78,49846.4,49728.7,89.8,103.3,6.15,267,32.54,49739.7,0.16,32331,1.2,8.27,-82.6,25.112,3.11,11.7
9/8/20,1:30:00,0,Biosphere 2,1.43,49844.3,49727.2,89.7,103.2,6.15,267.4,32.54,49738.1,0.12,32330,1.19,8.27,-82.5,25.112,3.11,11.7
9/8/20,1:45:00,0,Biosphere 2,1.74,49843.6,49726.9,89.6,103.1,6.14,268.1,32.54,49737.8,0.12,32330,1.189,8.27,-82.5,25.111,3.11,11.7
9/8/20,2:00:00,0,Biosphere 2,2.95,49843.1,49727.2,89.2,102.6,6.11,268.9,32.54,49738.1,0.15,32330,1.183,8.27,-82.4,25.111,3.11,11.7
9/8/20,2:15:00,0,Biosphere 2,1.83,49842.8,49727.6,89.3,102.8,6.12,269.7,32.54,49738.4,0.11,32330,1.182,8.27,-82.4,25.11,3.11,11.7
9/8/20,2:30:00,0,Biosphere 2,1.61,49844,49729.6,89.2,102.6,6.11,269.9,32.54,49740.3,0.1,32331,1.184,8.27,-82.3,25.109,3.11,11.7
9/8/20,2:45:00,0,Biosphere 2,0.84,49843,49729.4,89,102.4,6.1,270.3,32.54,49740.1,0.11,32331,1.184,8.27,-82.2,25.108,3.11,11.7
9/8/20,3:00:00,0,Biosphere 2,2.54,49839.7,49727.3,88.9,102.4,6.1,269.6,32.54,49737.9,0.12,32330,1.181,8.27,-82.2,25.107,3.11,11.7
9/8/20,3:15:00,0,Biosphere 2,3.37,49839,49727.3,89,102.4,6.1,269.6,32.54,49737.8,0.18,32330,1.191,8.27,-82.2,25.107,3.11,11.7
9/8/20,3:30:00,0,Biosphere 2,1.94,49837.8,49728.2,88.6,101.9,6.07,269.8,32.54,49738.4,0.13,32330,1.189,8.26,-82.1,25.105,3.11,11.7
9/8/20,3:45:00,0,Biosphere 2,3.07,49836.3,49727.6,88.7,102,6.08,268.6,32.54,49737.7,0.16,32330,1.192,8.26,-82.1,25.104,3.11,11.7
9/8/20,4:00:00,0,Biosphere 2,1,49839.3,49730.6,88.7,102.1,6.08,267.8,32.54,49740.8,0.11,32332,1.194,8.26,-82,25.104,3.11,11.7
9/8/20,4:15:00,0,Biosphere 2,2.03,49837.5,49730.8,88.6,102,6.08,267.6,32.54,49740.8,0.14,32332,1.182,8.26,-82,25.102,3.11,11.7
9/8/20,4:30:00,0,Biosphere 2,2.61,49836.1,49730.4,88.6,102,6.08,266.7,32.54,49740.3,0.17,32331,1.184,8.26,-81.9,25.101,3.11,11.7
9/8/20,4:45:00,0,Biosphere 2,1.81,49834.2,49730.5,88.5,101.9,6.07,266.5,32.54,49740.2,0.12,32331,1.2,8.26,-81.9,25.099,3.11,11.7
9/8/20,5:00:00,0,Biosphere 2,1.4,49831.6,49729.2,88.4,101.7,6.06,266.5,32.54,49738.8,0.12,32330,1.191,8.26,-81.8,25.098,3.11,11.7
9/8/20,5:15:00,0,Biosphere 2,2.51,49830.8,49729.2,88.4,101.8,6.06,266.6,32.54,49738.7,0.18,32330,1.188,8.26,-81.8,25.097,3.11,11.7
9/8/20,5:30:00,0,Biosphere 2,3.91,49829.6,49729.4,88.4,101.7,6.06,267.3,32.54,49738.8,0.2,32330,1.192,8.26,-81.7,25.096,3.11,11.7
9/8/20,5:45:00,0,Biosphere 2,3.08,49827.8,49729.9,88.1,101.4,6.04,267.8,32.54,49739.1,0.16,32330,1.182,8.26,-81.6,25.093,3.11,11.7
9/8/20,6:00:00,0,Biosphere 2,1.33,49829.4,49731.7,88,101.3,6.04,267.8,32.55,49740.9,0.11,32332,1.184,8.26,-81.6,25.093,3.11,11.7
9/8/20,6:15:00,0,Biosphere 2,2.66,49828.5,49733.1,88.2,101.5,6.05,267.6,32.55,49742,0.12,32332,1.191,8.26,-81.5,25.091,3.11,11.7
9/8/20,6:30:00,0,Biosphere 2,2.02,49827.6,49732.8,88.2,101.5,6.05,267.2,32.55,49741.7,0.14,32332,1.181,8.25,-81.5,25.09,3.11,11.7
9/8/20,6:45:00,0,Biosphere 2,0.95,49824.8,49731.7,88,101.3,6.03,267.1,32.55,49740.5,0.11,32331,1.19,8.25,-81.4,25.089,3.11,11.7
9/8/20,7:00:00,0,Biosphere 2,1.88,49824,49731.6,87.9,101.2,6.03,267,32.54,49740.2,0.14,32331,1.195,8.25,-81.4,25.088,3.11,11.7
9/8/20,7:15:00,0,Biosphere 2,1.31,49822.6,49732,87.7,100.9,6.01,267.1,32.55,49740.5,0.11,32331,1.193,8.25,-81.3,25.086,3.11,11.7
9/8/20,7:30:00,0,Biosphere 2,2.47,49821,49730,88.1,101.4,6.04,267.3,32.54,49738.5,0.16,32330,1.2,8.25,-81.3,25.087,3.11,11.7
9/8/20,7:45:00,0,Biosphere 2,4.98,49823.7,49731.3,88.1,101.4,6.04,267.4,32.54,49740,0.18,32331,1.194,8.25,-81.3,25.088,3.11,11.7
9/8/20,8:00:00,0,Biosphere 2,4.41,49824.9,49731.4,88.2,101.5,6.05,266.2,32.54,49740.2,0.17,32331,1.192,8.25,-81.3,25.089,3.11,11.7
9/8/20,8:15:00,0,Biosphere 2,3.75,49823.9,49729.4,88.4,101.7,6.06,266,32.54,49738.3,0.19,32330,1.195,8.25,-81.2,25.09,3.11,11.7
9/8/20,8:30:00,0,Biosphere 2,2.02,49826,49729.3,88.5,101.9,6.07,263.2,32.54,49738.3,0.12,32330,1.192,8.25,-81.2,25.092,3.11,11.7
9/8/20,8:45:00,0,Biosphere 2,1.93,49827.6,49728.9,88.7,102.1,6.08,263.2,32.54,49738.1,0.12,32330,1.195,8.25,-81.2,25.094,3.11,11.7
9/8/20,9:00:00,0,Biosphere 2,2.51,49833,49730.2,88.9,102.3,6.1,263.9,32.54,49739.8,0.14,32331,1.19,8.25,-81.2,25.098,3.11,11.7
9/8/20,9:15:00,0,Biosphere 2,5.15,49835.6,49728.5,89.2,102.6,6.11,265.3,32.54,49738.5,0.2,32330,1.2,8.25,-81.2,25.102,3.11,11.7
9/8/20,9:30:00,0,Biosphere 2,3.88,49842.1,49730.8,89.5,103,6.14,266.8,32.55,49741.2,0.2,32332,1.189,8.25,-81.3,25.106,3.11,11.7
9/8/20,9:45:00,0,Biosphere 2,4.74,49847.6,49728.1,89.9,103.4,6.16,268.1,32.54,49739.3,0.25,32331,1.182,8.25,-81.3,25.114,3.11,11.7
9/8/20,10:00:00,0,Biosphere 2,1.86,49857.8,49726.4,90.4,104,6.2,266.9,32.54,49738.7,0.13,32330,1.191,8.25,-81.4,25.125,3.11,11.7
9/8/20,10:15:00,0,Biosphere 2,3.59,49865.4,49730.3,90.6,104.2,6.21,268.3,32.55,49742.9,0.17,32333,1.201,8.25,-81.4,25.129,3.11,11.7
9/8/20,10:30:00,0,Biosphere 2,3.19,49866,49725.6,91,104.7,6.24,269.3,32.54,49738.7,0.21,32330,1.182,8.25,-81.5,25.134,3.11,11.7
9/8/20,10:45:00,0,Biosphere 2,3.28,49869.6,49728.8,91.5,105.3,6.27,268.7,32.55,49742,0.18,32332,1.192,8.26,-81.6,25.134,3.11,11.7
9/8/20,11:00:00,0,Biosphere 2,3.49,49871.9,49726.9,91.9,105.8,6.3,269.9,32.54,49740.5,0.19,32331,1.19,8.26,-81.7,25.138,3.11,11.7
9/8/20,11:15:00,0,Biosphere 2,1.4,49877.9,49730.5,92.4,106.3,6.33,267.9,32.55,49744.3,0.12,32334,1.192,8.26,-81.8,25.141,3.11,11.7
9/8/20,11:30:00,0,Biosphere 2,4.31,49874.8,49726.9,93.2,107.2,6.38,261.2,32.54,49740.8,0.2,32331,1.2,8.26,-81.9,25.141,3.11,11.7
9/8/20,11:45:00,0,Biosphere 2,2.72,49874,49726.4,93.5,107.6,6.4,262,32.54,49740.2,0.16,32331,1.192,8.26,-82,25.141,3.11,11.7
9/8/20,12:00:00,0,Biosphere 2,2.62,49873.8,49726.7,94.4,108.6,6.47,265.3,32.54,49740.5,0.14,32331,1.189,8.27,-82.2,25.14,3.11,11.6
9/8/20,12:15:00,0,Biosphere 2,5.58,49864.4,49726.3,94.4,108.6,6.47,267.3,32.54,49739.2,0.25,32330,1.2,8.27,-82.2,25.132,3.11,11.7
9/8/20,12:30:00,0,Biosphere 2,1.74,49867.4,49725.8,95.1,109.4,6.52,268.4,32.54,49739.1,0.15,32330,1.19,8.27,-82.4,25.135,3.11,11.7
9/8/20,12:45:00,0,Biosphere 2,7.96,49859.7,49725.5,95.5,109.8,6.54,269.2,32.54,49738.1,0.25,32330,1.185,8.27,-82.5,25.128,3.11,11.7
9/8/20,13:00:00,0,Biosphere 2,5.94,49853.4,49726.5,95.7,110.1,6.56,264.6,32.54,49738.4,0.15,32330,1.194,8.27,-82.6,25.121,3.11,11.7
9/8/20,13:15:00,0,Biosphere 2,1.05,49867.9,49727.7,96.3,110.8,6.6,267.3,32.54,49740.8,0.11,32332,1.182,8.28,-82.7,25.134,3.11,11.7
9/8/20,13:30:00,0,Biosphere 2,1.37,49860.5,49728.3,96.3,110.8,6.6,268.4,32.54,49740.7,0.12,32331,1.183,8.28,-82.8,25.126,3.11,11.7
9/8/20,13:45:00,0,Biosphere 2,1.07,49863.3,49729.1,96.7,111.3,6.63,269.3,32.55,49741.7,0.13,32332,1.189,8.28,-82.9,25.128,3.11,11.7
9/8/20,14:00:00,0,Biosphere 2,2.68,49857.3,49727,96.8,111.4,6.64,269.5,32.54,49739.2,0.16,32330,1.19,8.28,-83,25.124,3.11,11.7
9/8/20,14:15:00,0,Biosphere 2,1.7,49855.2,49728.5,97,111.6,6.65,268.7,32.54,49740.4,0.16,32331,1.198,8.28,-83,25.121,3.11,11.7
9/8/20,14:30:00,0,Biosphere 2,5.59,49853,49726.4,97,111.6,6.65,269.5,32.54,49738.2,0.27,32330,1.19,8.28,-83.1,25.121,3.11,11.7
9/8/20,14:45:00,0,Biosphere 2,5.37,49852.9,49725.9,97,111.6,6.65,270.4,32.54,49737.8,0.24,32330,1.19,8.28,-83.2,25.121,3.11,11.7
9/8/20,15:00:00,0,Biosphere 2,1.2,49857.4,49729.7,97.1,111.8,6.66,270.7,32.55,49741.7,0.12,32332,1.184,8.28,-83.2,25.122,3.11,11.7
9/8/20,15:15:00,0,Biosphere 2,2.71,49850.9,49727,97,111.6,6.65,270.9,32.54,49738.6,0.18,32330,1.185,8.29,-83.3,25.118,3.11,11.7
9/8/20,15:30:00,0,Biosphere 2,1.85,49852.2,49726.8,96.9,111.5,6.64,271.4,32.54,49738.6,0.14,32330,1.191,8.29,-83.3,25.12,3.11,11.7
9/8/20,15:45:00,0,Biosphere 2,3.75,49852.7,49727,96.9,111.5,6.64,271.5,32.54,49738.8,0.19,32330,1.185,8.29,-83.3,25.12,3.11,11.7
9/8/20,16:00:00,0,Biosphere 2,2.13,49855.9,49733.4,96.7,111.3,6.63,271.3,32.55,49744.8,0.13,32334,1.181,8.29,-83.4,25.117,3.11,11.7
9/8/20,16:15:00,0,Biosphere 2,2.15,49851.1,49729.1,96.5,111.1,6.62,271.1,32.54,49740.5,0.17,32331,1.192,8.29,-83.4,25.116,3.11,11.7
9/8/20,16:30:00,0,Biosphere 2,1.85,49849.6,49727.5,96.5,111.1,6.62,271.2,32.54,49738.9,0.13,32330,1.201,8.29,-83.4,25.117,3.11,11.7
9/8/20,16:45:00,0,Biosphere 2,2.97,49849.6,49727.9,96.3,110.9,6.6,270.3,32.54,49739.2,0.12,32331,1.182,8.29,-83.4,25.116,3.11,11.7
9/8/20,17:00:00,0,Biosphere 2,1.92,49850.7,49728.8,96,110.5,6.58,270.5,32.54,49740.2,0.14,32331,1.192,8.29,-83.5,25.116,3.11,11.6
9/8/20,17:15:00,0,Biosphere 2,3.66,49852.1,49729,95.8,110.2,6.57,270.8,32.54,49740.5,0.21,32331,1.19,8.29,-83.4,25.117,3.11,11.6
9/8/20,17:30:00,0,Biosphere 2,2.71,49851,49727.1,95.5,109.9,6.55,270.5,32.54,49738.7,0.2,32330,1.192,8.29,-83.4,25.118,3.11,11.6
9/8/20,17:45:00,0,Biosphere 2,3.61,49851.2,49727.3,95.3,109.7,6.53,270.9,32.54,49738.9,0.26,32330,1.201,8.29,-83.4,25.118,3.11,11.6
9/8/20,18:00:00,0,Biosphere 2,2.49,49853.9,49729.5,95.1,109.4,6.52,271.1,32.54,49741.1,0.15,32332,1.189,8.29,-83.4,25.119,3.11,11.6
9/8/20,18:15:00,0,Biosphere 2,3.34,49851.2,49727.5,94.8,109.1,6.5,271,32.54,49739,0.2,32330,1.186,8.29,-83.4,25.118,3.11,11.6
9/8/20,18:30:00,0,Biosphere 2,5.1,49850.9,49727.9,94.6,108.8,6.48,270.8,32.54,49739.4,0.25,32331,1.198,8.29,-83.3,25.117,3.11,11.6
9/8/20,18:45:00,0,Biosphere 2,5.33,49854.9,49730.5,94.3,108.5,6.46,270.5,32.55,49742.2,0.24,32332,1.192,8.29,-83.3,25.119,3.11,11.6
9/8/20,19:00:00,0,Biosphere 2,1.92,49853.5,49729.8,94.1,108.2,6.45,270.6,32.55,49741.3,0.15,32332,1.191,8.29,-83.3,25.118,3.11,11.6
9/8/20,19:15:00,0,Biosphere 2,3.24,49850.7,49727.5,93.7,107.9,6.42,266.5,32.54,49739,0.21,32330,1.197,8.28,-83.2,25.118,3.11,11.6
9/8/20,19:30:00,0,Biosphere 2,2.67,49852.5,49729.4,93.5,107.6,6.41,267.7,32.54,49740.9,0.19,32332,1.186,8.28,-83.2,25.117,3.11,11.6
9/8/20,19:45:00,0,Biosphere 2,0.68,49850.7,49728.2,93.2,107.3,6.39,268.1,32.54,49739.7,0.08,32331,1.185,8.28,-83.1,25.117,3.11,11.6
9/8/20,20:00:00,0,Biosphere 2,4.33,49849.1,49728.3,93,107,6.37,267.9,32.54,49739.6,0.28,32331,1.188,8.28,-83.1,25.115,3.11,11.6
9/8/20,20:15:00,0,Biosphere 2,1.48,49851.7,49731.3,92.7,106.7,6.35,268.2,32.55,49742.6,0.14,32333,1.196,8.28,-83,25.115,3.11,11.6
9/8/20,20:30:00,0,Biosphere 2,4.39,49850.4,49731.6,92.4,106.4,6.34,265.6,32.55,49742.8,0.17,32333,1.2,8.28,-83,25.113,3.11,11.6
9/8/20,20:45:00,0,Biosphere 2,3.6,49846.1,49729,92.2,106.1,6.32,265,32.54,49739.9,0.21,32331,1.193,8.28,-83,25.112,3.11,11.7
9/8/20,21:00:00,0,Biosphere 2,2.49,49846,49730.1,92,105.9,6.31,264.1,32.54,49740.9,0.13,32332,1.183,8.28,-82.9,25.111,3.11,11.7
9/8/20,21:15:00,0,Biosphere 2,3.33,49847.3,49732.4,91.9,105.7,6.3,263.9,32.55,49743.2,0.18,32333,1.189,8.28,-82.9,25.11,3.11,11.6
9/8/20,21:30:00,0,Biosphere 2,2.2,49845.9,49732.1,91.6,105.5,6.28,264.9,32.55,49742.7,0.16,32333,1.201,8.28,-82.8,25.109,3.11,11.7
9/8/20,21:45:00,0,Biosphere 2,3.35,49843.2,49733.1,91.4,105.2,6.26,265.1,32.55,49743.4,0.21,32333,1.194,8.28,-82.8,25.105,3.11,11.7
9/8/20,22:00:00,0,Biosphere 2,3.33,49839.3,49731.7,91.3,105.1,6.26,265.3,32.55,49741.8,0.17,32332,1.19,8.28,-82.7,25.103,3.11,11.7
9/8/20,22:15:00,0,Biosphere 2,1.45,49831.6,49730.1,91,104.7,6.24,266,32.54,49739.6,0.15,32331,1.2,8.27,-82.6,25.097,3.11,11.7
9/8/20,22:30:00,0,Biosphere 2,2.5,49829.8,49730.1,90.9,104.6,6.23,266.5,32.54,49739.5,0.19,32331,1.188,8.27,-82.6,25.095,3.11,11.7
9/8/20,22:45:00,0,Biosphere 2,3.08,49825.4,49731.4,90.7,104.4,6.22,265.5,32.54,49740.2,0.18,32331,1.182,8.27,-82.6,25.09,3.11,11.7
9/8/20,23:00:00,0,Biosphere 2,1.92,49821.6,49730.8,90.5,104.2,6.21,265.5,32.54,49739.3,0.14,32331,1.195,8.27,-82.5,25.087,3.11,11.7
9/8/20,23:15:00,0,Biosphere 2,0.95,49820.6,49733.5,90.4,104.1,6.2,265.5,32.55,49741.6,0.11,32332,1.194,8.27,-82.5,25.083,3.11,11.7
9/8/20,23:30:00,0,Biosphere 2,1.19,49813.9,49732.9,90.2,103.8,6.19,265.7,32.55,49740.5,0.11,32331,1.19,8.27,-82.4,25.077,3.11,11.7
9/8/20,23:45:00,0,Biosphere 2,0.64,49810.6,49733.7,90.1,103.7,6.18,265,32.55,49740.9,0.09,32332,1.183,8.27,-82.4,25.073,3.11,11.7
9/9/20,0:00:00,0,Biosphere 2,5.83,49806.3,49733.6,90,103.6,6.18,264.6,32.55,49740.4,0.22,32331,1.184,8.27,-82.3,25.069,3.11,11.7
9/9/20,0:15:00,0,Biosphere 2,2.71,49802.2,49736.7,89.7,103.2,6.15,263,32.55,49742.8,0.15,32333,1.192,8.27,-82.2,25.063,3.11,11.7
9/9/20,0:30:00,0,Biosphere 2,2.88,49800.3,49738,89.6,103.1,6.15,263.6,32.55,49743.8,0.22,32334,1.191,8.27,-82.1,25.059,3.11,11.7
9/9/20,0:45:00,0,Biosphere 2,5.1,49793.1,49735.8,89.5,103,6.14,263.2,32.55,49741.1,0.23,32332,1.192,8.27,-82.1,25.055,3.11,11.7
9/9/20,1:00:00,0,Biosphere 2,1.74,49786,49736.2,89.2,102.7,6.12,263.2,32.55,49740.8,0.16,32332,1.2,8.26,-82,25.047,3.11,11.7
9/9/20,1:15:00,0,Biosphere 2,4.57,49786,49737.9,89.4,102.8,6.13,264.1,32.55,49742.4,0.17,32333,1.193,8.26,-82,25.046,3.11,11.7
9/9/20,1:30:00,0,Biosphere 2,2.29,49777.1,49739.2,89,102.4,6.11,263.4,32.55,49742.7,0.11,32333,1.186,8.26,-82,25.036,3.11,11.7
9/9/20,1:45:00,0,Biosphere 2,4.51,49776.7,49740.7,89.1,102.5,6.12,262.7,32.55,49744,0.24,32334,1.198,8.26,-81.9,25.034,3.11,11.7
9/9/20,2:00:00,0,Biosphere 2,3.87,49769.9,49738.4,89.1,102.6,6.12,262.2,32.55,49741.4,0.21,32332,1.192,8.26,-81.9,25.03,3.11,11.7
9/9/20,2:15:00,0,Biosphere 2,7.1,49763.6,49738.8,89,102.5,6.11,263.1,32.55,49741.1,0.27,32332,1.191,8.26,-81.8,25.024,3.11,11.7
9/9/20,2:30:00,0,Biosphere 2,1.75,49756.5,49739,88.9,102.3,6.11,263.9,32.55,49740.6,0.12,32331,1.187,8.26,-81.8,25.017,3.11,11.7
9/9/20,2:45:00,0,Biosphere 2,2.92,49753,49739.8,88.8,102.2,6.1,264.2,32.55,49741.1,0.21,32332,1.192,8.26,-81.7,25.013,3.11,11.7
9/9/20,3:00:00,0,Biosphere 2,5.71,49750.4,49741.7,88.6,102,6.09,264.7,32.55,49742.5,0.24,32333,1.187,8.26,-81.6,25.008,3.11,11.7
9/9/20,3:15:00,0,Biosphere 2,3.79,49747.1,49741.2,88.6,102,6.09,265.9,32.55,49741.7,0.23,32332,1.183,8.26,-81.6,25.006,3.11,11.7
9/9/20,3:30:00,0,Biosphere 2,1.67,49743.7,49743.4,88.6,102,6.09,266.2,32.55,49743.4,0.11,32333,1.19,8.26,-81.6,25,3.11,11.7
9/9/20,3:45:00,0,Biosphere 2,3.02,49743.6,49743.5,88.5,101.9,6.08,266.6,32.55,49743.5,0.21,32333,1.195,8.26,-81.5,25,3.11,11.7
9/9/20,4:00:00,0,Biosphere 2,3.68,49737.2,49744,88.4,101.7,6.07,266.1,32.55,49743.4,0.16,32333,1.197,8.25,-81.4,24.993,3.11,11.7
9/9/20,4:15:00,0,Biosphere 2,3.84,49737.8,49745.8,88.4,101.7,6.07,266.3,32.55,49745.1,0.18,32334,1.184,8.25,-81.4,24.992,3.11,11.7
9/9/20,4:30:00,0,Biosphere 2,2.96,49738.4,49742.4,88.4,101.7,6.07,266.6,32.55,49742,0.14,32332,1.186,8.25,-81.4,24.996,3.11,11.7
9/9/20,4:45:00,0,Biosphere 2,5.44,49741.3,49745.3,88.3,101.6,6.06,266.7,32.55,49744.9,0.26,32334,1.199,8.25,-81.3,24.996,3.11,11.7
9/9/20,5:00:00,0,Biosphere 2,3.97,49743.9,49745.2,88.3,101.6,6.06,265.9,32.55,49745.1,0.25,32334,1.193,8.25,-81.3,24.999,3.11,11.7
9/9/20,5:15:00,0,Biosphere 2,1.57,49733.1,49742.7,88.1,101.4,6.05,265,32.55,49741.8,0.12,32332,1.193,8.25,-81.2,24.991,3.11,11.7
9/9/20,5:30:00,0,Biosphere 2,4.07,49740.1,49746.5,88.1,101.4,6.05,265,32.55,49745.9,0.23,32335,1.183,8.25,-81.2,24.994,3.11,11.7
9/9/20,5:45:00,0,Biosphere 2,6,49742.5,49747.7,88,101.3,6.05,265,32.55,49747.2,0.2,32336,1.182,8.25,-81.1,24.995,3.11,11.7
9/9/20,6:00:00,0,Biosphere 2,4.98,49735.7,49750.1,87.8,101,6.03,264.7,32.55,49748.8,0.24,32337,1.188,8.25,-81.1,24.986,3.11,11.6
9/9/20,6:15:00,0,Biosphere 2,2.35,49737.4,49746.4,87.8,101,6.03,265.7,32.55,49745.6,0.13,32335,1.193,8.25,-81,24.991,3.11,11.7
9/9/20,6:30:00,0,Biosphere 2,5.36,49742.2,49749.1,87.9,101.2,6.04,265.7,32.55,49748.5,0.19,32337,1.192,8.25,-81,24.993,3.11,11.7
9/9/20,6:45:00,0,Biosphere 2,3.4,49739.5,49747.1,87.9,101.1,6.04,265.4,32.55,49746.3,0.24,32335,1.198,8.25,-80.9,24.993,3.11,11.7
9/9/20,7:00:00,0,Biosphere 2,3.24,49737,49746.1,87.8,101,6.03,265.7,32.55,49745.3,0.23,32334,1.192,8.24,-80.9,24.991,3.11,11.7
9/9/20,7:15:00,0,Biosphere 2,6.1,49744.3,49744.3,88.1,101.3,6.05,265.7,32.55,49744.3,0.24,32334,1.189,8.24,-80.9,25,3.11,11.7
9/9/20,7:30:00,0,Biosphere 2,3.41,49740.4,49748.8,88,101.3,6.05,264.8,32.55,49748,0.18,32336,1.192,8.24,-80.9,24.992,3.11,11.7
9/9/20,7:45:00,0,Biosphere 2,3.8,49743,49744.6,88.3,101.6,6.06,264.9,32.55,49744.4,0.18,32334,1.192,8.24,-80.9,24.999,3.11,11.7
9/9/20,8:00:00,0,Biosphere 2,2.86,49743.8,49743.8,88.5,101.8,6.08,265.7,32.55,49743.8,0.17,32334,1.196,8.24,-80.8,25,3.11,11.7
9/9/20,8:15:00,0,Biosphere 2,6.23,49753.6,49747.1,88.8,102.2,6.1,266.6,32.55,49747.7,0.26,32336,1.193,8.24,-80.9,25.006,3.11,11.7
9/9/20,8:30:00,0,Biosphere 2,5.39,49754.5,49743.2,89.1,102.6,6.12,265.5,32.55,49744.3,0.25,32334,1.2,8.24,-80.9,25.011,3.11,11.7
9/9/20,8:45:00,0,Biosphere 2,4.14,49756.6,49744,89.5,103,6.15,266,32.55,49745.2,0.28,32334,1.191,8.25,-80.9,25.012,3.11,11.7
9/9/20,9:00:00,0,Biosphere 2,6.23,49762.5,49744.3,90,103.5,6.18,266.8,32.55,49746,0.26,32335,1.191,8.25,-81,25.017,3.11,11.6
9/9/20,9:15:00,0,Biosphere 2,7.58,49767,49743.3,90.4,104,6.2,267.4,32.55,49745.5,0.31,32335,1.193,8.25,-81,25.023,3.11,11.7
9/9/20,9:30:00,0,Biosphere 2,6.93,49768.6,49741,90.9,104.6,6.24,268.4,32.55,49743.6,0.25,32333,1.184,8.25,-81.1,25.026,3.11,11.6
9/9/20,9:45:00,0,Biosphere 2,3.73,49581.1,49548.2,91.4,105.1,6.28,268.6,32.41,49551.3,0.2,32208,1.192,8.25,-81.3,25.032,3.11,11.7
9/9/20,10:00:00,0,Biosphere 2,3.95,49561,49520.2,91.8,105.6,6.3,269,32.4,49524,0.24,32191,1.19,8.25,-81.3,25.039,3.11,11.7
9/9/20,10:15:00,0,Biosphere 2,1.58,49647.9,49593.9,92.4,106.3,6.34,268.3,32.45,49598.9,0.14,32239,1.192,8.25,-81.4,25.052,3.11,11.7
9/9/20,10:30:00,0,Biosphere 2,0.92,49547,49482.1,93,107,6.39,268.9,32.37,49488.2,0.11,32167,1.2,8.26,-81.5,25.062,3.11,11.7
9/9/20,10:45:00,0,Biosphere 2,3.68,49589.6,49516.2,93.5,107.6,6.42,269.4,32.4,49523.1,0.21,32190,1.19,8.26,-81.7,25.07,3.11,11.7
9/9/20,11:00:00,0,Biosphere 2,7.19,49587,49502.9,93.9,108,6.44,269.6,32.39,49510.7,0.27,32182,1.193,8.26,-81.8,25.081,3.11,11.7
9/9/20,11:15:00,0,Biosphere 2,5.5,49504.1,49408,94.8,109.1,6.51,269.4,32.32,49417,0.26,32121,1.198,8.26,-81.9,25.092,3.11,11.7
9/9/20,11:30:00,0,Biosphere 2,2.84,49694.3,49581.4,95.3,109.6,6.53,269.7,32.44,49591.9,0.13,32235,1.187,8.26,-82.1,25.108,3.11,11.7
9/9/20,11:45:00,0,Biosphere 2,3.51,49681.5,49570.9,95.4,109.8,6.55,270,32.43,49581.3,0.25,32228,1.182,8.27,-82.1,25.106,3.11,11.7
9/9/20,12:00:00,0,Biosphere 2,1.22,49713.8,49596.3,95.9,110.3,6.58,270,32.45,49607.3,0.14,32245,1.197,8.27,-82.3,25.112,3.11,11.7
9/9/20,12:15:00,0,Biosphere 2,5.24,49588.1,49467.1,95.9,110.4,6.58,270.5,32.36,49478.4,0.31,32161,1.192,8.27,-82.3,25.116,3.11,11.7
9/9/20,12:30:00,0,Biosphere 2,4.21,49718.2,49585.6,96.4,110.9,6.61,270.6,32.45,49598,0.19,32239,1.194,8.27,-82.5,25.127,3.11,11.7
9/9/20,12:45:00,0,Biosphere 2,0.74,49503.2,49364.7,97,111.6,6.65,270.5,32.29,49377.7,0.09,32096,1.197,8.27,-82.7,25.133,3.11,11.7
9/9/20,13:00:00,0,Biosphere 2,5.54,49696,49554.8,97,111.7,6.65,270.7,32.43,49568,0.27,32219,1.194,8.28,-82.7,25.135,3.11,11.7
9/9/20,13:15:00,0,Biosphere 2,5.58,49716.3,49578.3,97.1,111.7,6.66,270.3,32.44,49591.2,0.32,32234,1.193,8.28,-82.7,25.132,3.11,11.7
9/9/20,13:30:00,0,Biosphere 2,2.15,49790.5,49649.6,97.6,112.4,6.69,260.2,32.49,49662.8,0.16,32281,1.195,8.28,-82.9,25.135,3.11,11.7
9/9/20,13:45:00,0,Biosphere 2,1.71,49769.4,49622.9,98,112.8,6.72,264.5,32.47,49636.7,0.16,32264,1.189,8.28,-83.1,25.14,3.11,11.7
9/9/20,14:00:00,0,Biosphere 2,4.34,49729.8,49590.8,97.9,112.6,6.71,266.6,32.45,49603.8,0.19,32242,1.187,8.28,-83.1,25.133,3.11,11.7
9/9/20,14:15:00,0,Biosphere 2,4.63,49652,49514.4,97.9,112.7,6.72,262.6,32.4,49527.3,0.24,32193,1.2,8.28,-83.1,25.132,3.11,11.7
9/9/20,14:30:00,0,Biosphere 2,4.34,49715.6,49574.5,98.2,113,6.73,264.1,32.44,49587.8,0.23,32232,1.189,8.28,-83.3,25.135,3.11,11.7
9/9/20,14:45:00,0,Biosphere 2,2.05,49466.8,49326.4,98.2,113.1,6.74,264.3,32.27,49339.6,0.16,32071,1.192,8.29,-83.3,25.135,3.11,11.7
9/9/20,15:00:00,0,Biosphere 2,4.17,49720.4,49577.3,98.3,113.1,6.74,265.7,32.44,49590.7,0.2,32234,1.2,8.29,-83.4,25.137,3.11,11.7
9/9/20,15:15:00,0,Biosphere 2,5.68,49747.4,49606.8,98.3,113.1,6.74,266.4,32.46,49619.9,0.27,32253,1.198,8.29,-83.5,25.134,3.11,11.7
9/9/20,15:30:00,0,Biosphere 2,5.88,49773.1,49633,98.1,112.9,6.72,266.7,32.48,49646.1,0.25,32270,1.191,8.29,-83.5,25.134,3.11,11.7
9/9/20,15:45:00,0,Biosphere 2,0.97,49816.5,49680.1,98,112.8,6.72,267.3,32.51,49692.9,0.1,32300,1.192,8.29,-83.5,25.13,3.11,11.7
9/9/20,16:00:00,0,Biosphere 2,0.75,49743.4,49608.4,97.9,112.7,6.71,267.9,32.46,49621,0.1,32254,1.193,8.29,-83.5,25.129,3.11,11.7
9/9/20,16:15:00,0,Biosphere 2,0.8,49810.2,49679.4,97.8,112.6,6.7,267.8,32.51,49691.6,0.08,32300,1.184,8.29,-83.6,25.125,3.11,11.7
9/9/20,16:30:00,0,Biosphere 2,5.78,49548.3,49417.5,97.5,112.2,6.69,267,32.33,49429.8,0.25,32129,1.191,8.29,-83.6,25.126,3.11,11.7
9/9/20,16:45:00,0,Biosphere 2,4.92,49585.2,49458.4,97.2,111.9,6.67,265.8,32.36,49470.3,0.29,32156,1.2,8.29,-83.5,25.122,3.11,11.7
9/9/20,17:00:00,0,Biosphere 2,5.65,49846.3,49725.5,97,111.6,6.65,266,32.54,49736.8,0.27,32329,1.2,8.29,-83.6,25.115,3.11,11.7
9/9/20,17:15:00,0,Biosphere 2,2.53,49848.2,49731.3,96.9,111.5,6.64,265.8,32.55,49742.2,0.18,32332,1.199,8.29,-83.6,25.112,3.11,11.7
9/9/20,17:30:00,0,Biosphere 2,3.54,49849.9,49734,96.6,111.1,6.62,265.8,32.55,49744.8,0.16,32334,1.201,8.29,-83.6,25.111,3.11,11.7
9/9/20,17:45:00,0,Biosphere 2,3.01,49847.3,49734.1,96.5,111.1,6.62,265.8,32.55,49744.7,0.13,32334,1.196,8.29,-83.6,25.108,3.11,11.7
9/9/20,18:00:00,0,Biosphere 2,7.93,49751.4,49639.8,96.1,110.6,6.59,265.8,32.48,49650.3,0.3,32273,1.195,8.29,-83.5,25.107,3.11,11.7
9/9/20,18:15:00,0,Biosphere 2,4.5,49691.9,49584.5,95.8,110.3,6.57,265.4,32.44,49594.6,0.2,32236,1.191,8.29,-83.5,25.103,3.11,11.7
9/9/20,18:30:00,0,Biosphere 2,3.82,49836,49731.1,95.6,110,6.55,265.1,32.55,49741,0.24,32332,1.185,8.29,-83.5,25.1,3.11,11.7
9/9/20,18:45:00,0,Biosphere 2,4.37,49832.5,49733,95.2,109.6,6.53,265.4,32.55,49742.3,0.18,32332,1.191,8.29,-83.5,25.095,3.11,11.7
9/9/20,19:00:00,0,Biosphere 2,1.48,49830.8,49735.7,94.9,109.2,6.5,264.8,32.55,49744.6,0.12,32334,1.193,8.29,-83.4,25.091,3.11,11.7
9/9/20,19:15:00,0,Biosphere 2,1.52,49823.2,49734.5,94.6,108.9,6.49,262.8,32.55,49742.8,0.13,32333,1.199,8.29,-83.3,25.085,3.11,11.7
9/9/20,19:30:00,0,Biosphere 2,1.15,49823.1,49738.1,94.4,108.7,6.48,258.1,32.55,49746,0.1,32335,1.192,8.29,-83.3,25.081,3.11,11.7
9/9/20,19:45:00,0,Biosphere 2,4.83,49817.1,49737.5,94,108.2,6.45,260.1,32.55,49745,0.25,32334,1.192,8.29,-83.2,25.076,3.11,11.7
9/9/20,20:00:00,0,Biosphere 2,5.35,49812.2,49738.2,93.8,107.9,6.43,261.5,32.55,49745.1,0.25,32334,1.19,8.28,-83.2,25.071,3.11,11.7
9/9/20,20:15:00,0,Biosphere 2,4.31,49804.6,49738.4,93.5,107.6,6.41,262.3,32.55,49744.6,0.21,32334,1.184,8.28,-83.2,25.063,3.11,11.7
9/9/20,20:30:00,0,Biosphere 2,7.12,49798.9,49737.3,93.3,107.4,6.4,262.7,32.55,49743.1,0.24,32333,1.192,8.28,-83.2,25.059,3.11,11.7
9/9/20,20:45:00,0,Biosphere 2,3.14,49791,49738.3,93.1,107.1,6.39,263.5,32.55,49743.3,0.14,32333,1.2,8.28,-83.1,25.05,3.11,11.7
9/9/20,21:00:00,0,Biosphere 2,0.84,49780.6,49743.1,92.1,106,6.32,262.9,32.55,49746.6,0.1,32335,1.185,8.28,-83,25.036,3.11,11.7
9/9/20,21:15:00,0,Biosphere 2,4.42,49781.3,49742.4,92.5,106.5,6.35,263.1,32.55,49746,0.24,32335,1.19,8.28,-83,25.037,3.11,11.7
9/9/20,21:30:00,0,Biosphere 2,0.79,49769.4,49738,92.2,106.2,6.33,262.7,32.55,49741,0.11,32332,1.191,8.28,-82.9,25.03,3.11,11.7
9/9/20,21:45:00,0,Biosphere 2,4.31,49762.3,49738.9,91.9,105.8,6.31,262.8,32.55,49741.1,0.23,32332,1.189,8.28,-82.9,25.022,3.11,11.7
9/9/20,22:00:00,0,Biosphere 2,2.98,49762.5,49740.8,91.8,105.6,6.3,263.8,32.55,49742.8,0.24,32333,1.19,8.28,-82.8,25.021,3.11,11.7
9/9/20,22:15:00,0,Biosphere 2,1.87,49758.3,49741.5,91.6,105.5,6.29,264.4,32.55,49743,0.15,32333,1.19,8.28,-82.8,25.016,3.11,11.7
9/9/20,22:30:00,0,Biosphere 2,0.85,49753.2,49739.7,91.5,105.3,6.28,264.8,32.55,49740.9,0.08,32332,1.192,8.28,-82.7,25.013,3.11,11.7
9/9/20,22:45:00,0,Biosphere 2,3.69,49747.4,49738.2,91.2,105,6.27,264.5,32.55,49739.1,0.19,32330,1.192,8.28,-82.7,25.009,3.11,11.7
9/9/20,23:00:00,0,Biosphere 2,5.65,49747.1,49738,91.1,104.8,6.26,263.9,32.55,49738.8,0.25,32330,1.198,8.27,-82.6,25.009,3.11,11.7
9/9/20,23:15:00,0,Biosphere 2,6.34,49745.8,49741,90.8,104.5,6.23,264,32.55,49741.4,0.25,32332,1.198,8.27,-82.6,25.005,3.11,11.7
9/9/20,23:30:00,0,Biosphere 2,4.32,49747.2,49740.5,90.8,104.5,6.24,262.6,32.55,49741.1,0.25,32332,1.191,8.27,-82.6,25.006,3.11,11.7
9/9/20,23:45:00,0,Biosphere 2,2.93,49748.2,49741.5,90.7,104.4,6.23,262.9,32.55,49742.1,0.24,32332,1.199,8.27,-82.5,25.006,3.11,11.7
9/10/20,0:00:00,0,Biosphere 2,3.05,49746.2,49741.8,90.5,104.2,6.22,263.1,32.55,49742.2,0.18,32332,1.192,8.27,-82.5,25.004,3.11,11.7
9/10/20,0:15:00,0,Biosphere 2,5.63,49740.7,49738.8,90.3,103.9,6.2,263.1,32.55,49739,0.24,32330,1.188,8.27,-82.4,25.002,3.11,11.7
9/10/20,0:30:00,0,Biosphere 2,4.68,49746.4,49739.4,90.2,103.8,6.19,262.8,32.55,49740,0.21,32331,1.188,8.27,-82.4,25.007,3.11,11.7
9/10/20,0:45:00,0,Biosphere 2,2.65,49747.4,49742.5,90.1,103.7,6.19,261.9,32.55,49742.9,0.15,32333,1.2,8.27,-82.3,25.005,3.11,11.7
9/10/20,1:00:00,0,Biosphere 2,4.02,49748.3,49742.6,90,103.6,6.18,261.9,32.55,49743.1,0.21,32333,1.199,8.27,-82.2,25.005,3.11,11.7
9/10/20,1:15:00,0,Biosphere 2,6.3,49752.9,49741.1,90,103.5,6.18,262.8,32.55,49742.2,0.26,32332,1.201,8.27,-82.2,25.011,3.11,11.7
9/10/20,1:30:00,0,Biosphere 2,4.7,49748.5,49742.8,89.9,103.4,6.17,262.8,32.55,49743.3,0.17,32333,1.192,8.27,-82.2,25.005,3.11,11.7
9/10/20,1:45:00,0,Biosphere 2,4.44,49746.4,49741.5,89.7,103.2,6.16,263.4,32.55,49741.9,0.2,32332,1.191,8.27,-82.1,25.005,3.11,11.7
9/10/20,2:00:00,0,Biosphere 2,4.88,49745.6,49743.2,89.4,102.9,6.14,263.2,32.55,49743.4,0.23,32333,1.194,8.26,-82,25.002,3.11,11.7
9/10/20,2:15:00,0,Biosphere 2,1.76,49742.5,49743.7,89.2,102.7,6.13,263.2,32.55,49743.6,0.15,32333,1.189,8.26,-82,24.999,3.11,11.7
9/10/20,2:30:00,0,Biosphere 2,5.07,49750.1,49741.8,89.5,103,6.14,263.2,32.55,49742.6,0.26,32333,1.183,8.26,-82,25.008,3.11,11.7
9/10/20,2:45:00,0,Biosphere 2,5.59,49745.6,49743.3,89.2,102.7,6.13,263.9,32.55,49743.5,0.23,32333,1.192,8.26,-81.9,25.002,3.11,11.7
9/10/20,3:00:00,0,Biosphere 2,4.75,49746.8,49741.1,89.2,102.7,6.13,264.5,32.55,49741.6,0.27,32332,1.2,8.26,-81.8,25.005,3.11,11.7
9/10/20,3:15:00,0,Biosphere 2,4.58,49746.5,49740.8,89.2,102.7,6.13,264,32.55,49741.3,0.23,32332,1.182,8.26,-81.8,25.005,3.11,11.7
9/10/20,3:30:00,0,Biosphere 2,2.42,49729.7,49735.3,88.5,101.8,6.08,264,32.54,49734.8,0.15,32328,1.192,8.26,-81.7,24.995,3.11,11.7
9/10/20,3:45:00,0,Biosphere 2,5.95,49746.1,49741.7,89,102.5,6.11,263.9,32.55,49742.1,0.21,32332,1.189,8.26,-81.7,25.004,3.11,11.7
9/10/20,4:00:00,0,Biosphere 2,4.98,49748.1,49746.2,88.9,102.3,6.1,264.1,32.55,49746.4,0.25,32335,1.185,8.26,-81.7,25.002,3.11,11.7
9/10/20,4:15:00,0,Biosphere 2,6.7,49750.9,49745.7,88.9,102.3,6.1,264.2,32.55,49746.2,0.26,32335,1.196,8.26,-81.6,25.005,3.11,11.7
9/10/20,4:30:00,0,Biosphere 2,3.44,49735.2,49743.4,88.4,101.7,6.07,259.5,32.55,49742.6,0.18,32333,1.191,8.26,-81.5,24.992,3.11,11.7
9/10/20,4:45:00,0,Biosphere 2,4.15,49750.9,49742.5,88.9,102.3,6.1,261.5,32.55,49743.2,0.28,32333,1.185,8.26,-81.5,25.008,3.11,11.7
9/10/20,5:00:00,0,Biosphere 2,2.82,49740.4,49745.3,88.4,101.7,6.07,262.5,32.55,49744.8,0.14,32334,1.193,8.25,-81.4,24.995,3.11,11.7
9/10/20,5:15:00,0,Biosphere 2,6.26,49751.4,49746.9,88.6,101.9,6.08,263.6,32.55,49747.3,0.26,32336,1.188,8.25,-81.4,25.004,3.11,11.7
9/10/20,5:30:00,0,Biosphere 2,3.12,49746.9,49746.4,88.5,101.8,6.08,262.4,32.55,49746.5,0.14,32335,1.187,8.25,-81.3,25,3.11,11.7
9/10/20,5:45:00,0,Biosphere 2,7.53,49754.7,49747.3,88.6,102,6.08,262.4,32.55,49748,0.23,32336,1.195,8.25,-81.3,25.007,3.11,11.7
9/10/20,6:00:00,0,Biosphere 2,3.24,49750.1,49744.1,88.5,101.8,6.08,262.5,32.55,49744.7,0.21,32334,1.2,8.25,-81.2,25.006,3.11,11.7
9/10/20,6:15:00,0,Biosphere 2,4.18,49750.2,49745,88.5,101.8,6.07,263.1,32.55,49745.5,0.26,32335,1.194,8.25,-81.2,25.005,3.11,11.7
9/10/20,6:30:00,0,Biosphere 2,5.86,49746.2,49745.9,88.2,101.5,6.06,263.6,32.55,49745.9,0.25,32335,1.191,8.25,-81.1,25,3.11,11.7
9/10/20,6:45:00,0,Biosphere 2,9.27,49734.1,49749,87.9,101.1,6.04,261.7,32.55,49747.6,0.35,32336,1.192,8.25,-81.1,24.986,3.11,11.7
9/10/20,7:00:00,0,Biosphere 2,5.88,49728.5,49746.1,88.2,101.5,6.06,261.7,32.55,49744.4,0.35,32334,1.19,8.25,-81.1,24.983,3.11,11.7
9/10/20,7:15:00,0,Biosphere 2,6.96,49722.9,49744.7,88.4,101.7,6.07,261.6,32.55,49742.7,0.35,32333,1.184,8.25,-81,24.979,3.11,11.7
9/10/20,7:30:00,0,Biosphere 2,5.77,49728.5,49744.6,88.5,101.8,6.08,261.1,32.55,49743,0.36,32333,1.186,8.25,-81.1,24.985,3.11,11.7
9/10/20,7:45:00,0,Biosphere 2,7.93,49744.7,49740.6,88.8,102.2,6.1,261.2,32.55,49741,0.35,32332,1.2,8.25,-81.1,25.004,3.11,11.7
9/10/20,8:00:00,0,Biosphere 2,5.72,49758.6,49743.5,89.1,102.5,6.12,261.5,32.55,49744.9,0.37,32334,1.185,8.25,-81.1,25.014,3.11,11.7
9/10/20,8:15:00,0,Biosphere 2,5.7,49760.4,49738.4,89.4,102.9,6.14,261.8,32.55,49740.4,0.25,32331,1.184,8.25,-81.1,25.021,3.11,11.7
9/10/20,8:30:00,0,Biosphere 2,9.07,49766.9,49741.9,89.8,103.4,6.17,262.2,32.55,49744.3,0.4,32334,1.195,8.25,-81.1,25.024,3.11,11.7
9/10/20,8:45:00,0,Biosphere 2,7.51,49771.1,49739.8,90.2,103.8,6.19,263.2,32.55,49742.7,0.33,32333,1.186,8.25,-81.2,25.03,3.11,11.7
9/10/20,9:00:00,0,Biosphere 2,4.82,49771.9,49738.5,90.8,104.5,6.23,264,32.55,49741.6,0.2,32332,1.19,8.25,-81.3,25.032,3.11,11.7
9/10/20,9:15:00,0,Biosphere 2,1.11,49781,49737.9,91.3,105.1,6.27,264.3,32.55,49741.9,0.12,32332,1.197,8.25,-81.3,25.041,3.11,11.7
9/10/20,9:30:00,0,Biosphere 2,4.38,49788.2,49737.1,91.8,105.6,6.3,265.2,32.55,49741.8,0.23,32332,1.191,8.25,-81.4,25.049,3.11,11.7
9/10/20,9:45:00,0,Biosphere 2,3.16,49794.3,49736.2,92.2,106.1,6.32,263.3,32.55,49741.7,0.17,32332,1.19,8.25,-81.5,25.055,3.11,11.7
9/10/20,10:00:00,0,Biosphere 2,9.92,49802.3,49732.1,92.7,106.6,6.36,264.1,32.54,49738.7,0.38,32330,1.183,8.26,-81.6,25.067,3.11,11.7
9/10/20,10:15:00,0,Biosphere 2,5.58,49814.6,49732.1,93.3,107.4,6.4,264.8,32.54,49739.8,0.21,32331,1.185,8.26,-81.7,25.079,3.11,11.7
9/10/20,10:30:00,0,Biosphere 2,1.75,49832.2,49732.1,94.1,108.3,6.45,265.7,32.55,49741.5,0.15,32332,1.191,8.26,-81.9,25.096,3.11,11.7
9/10/20,10:45:00,0,Biosphere 2,6.6,49838.6,49728.3,94.5,108.7,6.48,267,32.54,49738.6,0.24,32330,1.19,8.26,-81.9,25.105,3.11,11.7
9/10/20,11:00:00,0,Biosphere 2,4.31,49850.5,49726.5,95,109.3,6.51,267.7,32.54,49738.1,0.19,32330,1.191,8.27,-82.1,25.118,3.11,11.7
9/10/20,11:15:00,0,Biosphere 2,1.08,49857.1,49724.6,95.6,110,6.55,267.7,32.54,49737,0.09,32329,1.19,8.27,-82.2,25.127,3.11,11.7
9/10/20,11:30:00,0,Biosphere 2,2.85,49867.3,49726.1,96,110.5,6.58,267.5,32.54,49739.4,0.17,32331,1.192,8.27,-82.4,25.135,3.11,11.7
9/10/20,11:45:00,0,Biosphere 2,5.33,49866.3,49724.1,96.6,111.2,6.62,265.6,32.54,49737.4,0.18,32329,1.2,8.27,-82.5,25.136,3.11,11.7
9/10/20,12:00:00,0,Biosphere 2,4.3,49871.2,49723.7,97,111.6,6.64,265,32.54,49737.5,0.15,32329,1.191,8.27,-82.6,25.141,3.11,11.7
9/10/20,12:15:00,0,Biosphere 2,7.72,49878.2,49729.5,97.4,112.1,6.68,262.7,32.55,49743.5,0.23,32333,1.197,8.28,-82.7,25.142,3.11,11.7
9/10/20,12:30:00,0,Biosphere 2,7.42,49865.4,49724.6,97.9,112.6,6.71,264.8,32.54,49737.8,0.27,32330,1.192,8.28,-82.9,25.134,3.11,11.7
9/10/20,12:45:00,0,Biosphere 2,5.26,49865.4,49728.4,98.2,113,6.73,264.7,32.54,49741.2,0.32,32332,1.186,8.28,-83,25.131,3.11,11.7
9/10/20,13:00:00,0,Biosphere 2,3.05,49865.9,49725.5,98.5,113.3,6.75,265.7,32.54,49738.6,0.17,32330,1.183,8.28,-83.1,25.134,3.11,11.7
9/10/20,13:15:00,0,Biosphere 2,4.29,49868.8,49723.5,98.9,113.9,6.78,266.5,32.54,49737.1,0.19,32329,1.188,8.28,-83.2,25.139,3.11,11.7
9/10/20,13:30:00,0,Biosphere 2,0.94,49876.6,49727.3,99.2,114.1,6.79,267.1,32.54,49741.3,0.1,32332,1.191,8.29,-83.3,25.142,3.11,11.7
9/10/20,13:45:00,0,Biosphere 2,8.79,49867.7,49724.6,99.3,114.2,6.8,267.7,32.54,49738,0.38,32330,1.192,8.29,-83.4,25.137,3.11,11.7
9/10/20,14:00:00,0,Biosphere 2,7.19,49868.4,49722.8,99.6,114.6,6.82,267.2,32.54,49736.4,0.27,32329,1.191,8.29,-83.5,25.139,3.11,11.7
9/10/20,14:15:00,0,Biosphere 2,9.74,49864.4,49723.3,99.6,114.6,6.82,266.2,32.54,49736.5,0.39,32329,1.198,8.29,-83.6,25.135,3.11,11.7
9/10/20,14:30:00,0,Biosphere 2,1.14,49871.4,49727,99.7,114.7,6.83,266.4,32.54,49740.5,0.11,32331,1.186,8.29,-83.7,25.138,3.11,11.7
9/10/20,14:45:00,0,Biosphere 2,2.44,49870.1,49727,99.5,114.5,6.82,266.9,32.54,49740.4,0.15,32331,1.19,8.29,-83.7,25.137,3.11,11.7
9/10/20,15:00:00,0,Biosphere 2,3.73,49864.8,49724.2,99.7,114.7,6.83,266.7,32.54,49737.4,0.17,32329,1.192,8.29,-83.8,25.134,3.11,11.7
9/10/20,15:15:00,0,Biosphere 2,6.53,49864.5,49723.9,99.5,114.5,6.81,267.4,32.54,49737.1,0.31,32329,1.184,8.29,-83.8,25.134,3.11,11.7
9/10/20,15:30:00,0,Biosphere 2,4.17,49861.2,49725,99.3,114.2,6.8,267.3,32.54,49737.7,0.19,32330,1.187,8.3,-83.9,25.13,3.11,11.7
9/10/20,15:45:00,0,Biosphere 2,7.11,49862.7,49725,99.1,114,6.79,267.4,32.54,49737.9,0.32,32330,1.192,8.3,-83.9,25.131,3.11,11.7
9/10/20,16:00:00,0,Biosphere 2,2.87,49860.1,49727.1,98.9,113.9,6.78,267.3,32.54,49739.5,0.13,32331,1.186,8.3,-83.9,25.127,3.11,11.7
9/10/20,16:15:00,0,Biosphere 2,4.89,49858.6,49725.7,98.7,113.6,6.76,265.2,32.54,49738.1,0.28,32330,1.182,8.3,-83.9,25.127,3.11,11.7
9/10/20,16:30:00,0,Biosphere 2,5.63,49856.2,49726.7,98.5,113.3,6.75,265.4,32.54,49738.8,0.24,32330,1.191,8.3,-83.9,25.124,3.11,11.7
9/10/20,16:45:00,0,Biosphere 2,6.65,49853.1,49725.8,98.2,113,6.73,265.9,32.54,49737.7,0.31,32330,1.198,8.3,-83.9,25.122,3.11,11.7
9/10/20,17:00:00,0,Biosphere 2,7.47,49854,49728.1,97.9,112.6,6.71,266,32.54,49739.9,0.29,32331,1.187,8.3,-83.9,25.12,3.11,11.7
9/10/20,17:15:00,0,Biosphere 2,4.51,49849.6,49728.2,97.8,112.6,6.71,265.9,32.54,49739.6,0.24,32331,1.194,8.3,-83.9,25.116,3.11,11.7
9/10/20,17:30:00,0,Biosphere 2,2.07,49846.6,49725.6,97.4,112.1,6.68,266.3,32.54,49736.9,0.14,32329,1.191,8.3,-83.9,25.115,3.11,11.7
9/10/20,17:45:00,0,Biosphere 2,6.47,49849.6,49729.7,97.1,111.8,6.66,266.4,32.54,49740.9,0.34,32332,1.2,8.3,-83.9,25.114,3.11,11.7
9/10/20,18:00:00,0,Biosphere 2,6.4,49845.7,49728.8,96.9,111.5,6.64,266.5,32.54,49739.7,0.33,32331,1.19,8.3,-83.9,25.112,3.11,11.7
9/10/20,18:15:00,0,Biosphere 2,1.37,49840.2,49725.7,96.6,111.2,6.62,266,32.54,49736.5,0.12,32329,1.191,8.3,-83.9,25.109,3.11,11.7
9/10/20,18:30:00,0,Biosphere 2,4.26,49838.5,49727.3,96.2,110.7,6.6,266.4,32.54,49737.7,0.25,32330,1.19,8.29,-83.8,25.106,3.11,11.7
9/10/20,18:45:00,0,Biosphere 2,4.51,49835.6,49726.7,95.9,110.4,6.57,266.2,32.54,49736.9,0.18,32329,1.192,8.29,-83.8,25.104,3.11,11.7
9/10/20,19:00:00,0,Biosphere 2,2.99,49833.1,49726.9,95.7,110.1,6.56,265.8,32.54,49736.8,0.19,32329,1.201,8.29,-83.7,25.101,3.11,11.7
9/10/20,19:15:00,0,Biosphere 2,3.66,49832.8,49730.9,95.4,109.7,6.54,265.2,32.54,49740.4,0.19,32331,1.191,8.29,-83.7,25.097,3.11,11.7
9/10/20,19:30:00,0,Biosphere 2,4.45,49825.1,49727.8,95,109.3,6.52,263,32.54,49736.9,0.25,32329,1.19,8.29,-83.7,25.093,3.11,11.7
9/10/20,19:45:00,0,Biosphere 2,3.26,49820,49727.2,94.7,109,6.49,263.5,32.54,49735.9,0.23,32328,1.192,8.29,-83.6,25.089,3.11,11.7
9/10/20,20:00:00,0,Biosphere 2,5.73,49820.2,49730.3,94.5,108.7,6.48,263.6,32.54,49738.7,0.25,32330,1.192,8.29,-83.6,25.086,3.11,11.7
9/10/20,20:15:00,0,Biosphere 2,6.46,49816.2,49731.9,94.2,108.4,6.46,264.1,32.54,49739.8,0.24,32331,1.189,8.29,-83.5,25.081,3.11,11.7
9/10/20,20:30:00,0,Biosphere 2,4.02,49809.8,49732.8,93.8,107.9,6.43,264.4,32.55,49740,0.24,32331,1.194,8.29,-83.5,25.073,3.11,11.7
9/10/20,20:45:00,0,Biosphere 2,2.52,49799.8,49728.1,93.5,107.6,6.41,263.1,32.54,49734.9,0.18,32328,1.195,8.29,-83.4,25.068,3.11,11.7
9/10/20,21:00:00,0,Biosphere 2,9.2,49797,49732.7,93.1,107.1,6.39,262.7,32.54,49738.7,0.32,32330,1.19,8.29,-83.4,25.061,3.11,11.7
9/10/20,21:15:00,0,Biosphere 2,9,49793,49730.1,93.1,107.1,6.38,262.6,32.54,49736,0.23,32328,1.183,8.29,-83.3,25.06,3.11,11.7
9/10/20,21:30:00,0,Biosphere 2,2.71,49784.1,49728.6,92.7,106.7,6.36,263.1,32.54,49733.8,0.17,32327,1.192,8.29,-83.3,25.053,3.11,11.7
9/10/20,21:45:00,0,Biosphere 2,5.85,49783.6,49734,92.7,106.7,6.36,262.7,32.54,49738.7,0.3,32330,1.19,8.28,-83.2,25.047,3.11,11.7
9/10/20,22:00:00,0,Biosphere 2,4.09,49775.8,49733.9,92.3,106.2,6.33,262.4,32.54,49737.8,0.24,32330,1.192,8.28,-83.2,25.04,3.11,11.7
9/10/20,22:15:00,0,Biosphere 2,5.64,49770.2,49732.4,92.1,106,6.32,262.8,32.54,49735.9,0.22,32328,1.193,8.28,-83.1,25.036,3.11,11.7
9/10/20,22:30:00,0,Biosphere 2,6.63,49760.9,49732.7,91.9,105.8,6.31,261.4,32.54,49735.3,0.32,32328,1.192,8.28,-83.1,25.027,3.11,11.7
9/10/20,22:45:00,0,Biosphere 2,6.74,49762,49735.9,91.9,105.7,6.31,261.7,32.54,49738.3,0.35,32330,1.194,8.28,-83,25.025,3.11,11.7
9/10/20,23:00:00,0,Biosphere 2,6.98,49755.2,49737.4,91.5,105.3,6.28,262.7,32.55,49739.1,0.26,32330,1.191,8.28,-82.9,25.017,3.11,11.7
9/10/20,23:15:00,0,Biosphere 2,6.06,49743.6,49736,90.9,104.6,6.24,262.6,32.54,49736.7,0.25,32329,1.199,8.28,-82.8,25.007,3.11,11.7
9/10/20,23:30:00,0,Biosphere 2,5.15,49745.2,49734.8,91.2,105,6.26,263.1,32.54,49735.8,0.19,32328,1.199,8.28,-82.8,25.01,3.11,11.7
9/10/20,23:45:00,0,Biosphere 2,6.67,49741.8,49734.2,90.9,104.6,6.24,262.9,32.54,49734.9,0.25,32328,1.191,8.28,-82.8,25.007,3.11,11.7
9/11/20,0:00:00,0,Biosphere 2,7.11,49749.3,49738,91,104.7,6.25,262.7,32.55,49739.1,0.31,32330,1.192,8.28,-82.8,25.011,3.11,11.7
9/11/20,0:15:00,0,Biosphere 2,7.15,49745.7,49737.5,90.8,104.5,6.23,262.9,32.55,49738.3,0.28,32330,1.19,8.28,-82.7,25.008,3.11,11.7
9/11/20,0:30:00,0,Biosphere 2,7.27,49741.3,49735.3,90.6,104.3,6.22,261.9,32.54,49735.8,0.29,32328,1.19,8.27,-82.6,25.006,3.11,11.7
9/11/20,0:45:00,0,Biosphere 2,5.3,49737.9,49739.8,90.2,103.9,6.2,261.1,32.55,49739.7,0.25,32331,1.195,8.27,-82.6,24.998,3.11,11.7
9/11/20,1:00:00,0,Biosphere 2,5.86,49736.7,49736.8,90.2,103.8,6.2,261.3,32.54,49736.8,0.33,32329,1.191,8.27,-82.5,25,3.11,11.7
9/11/20,1:15:00,0,Biosphere 2,4.76,49735.7,49737.3,90.1,103.7,6.19,261.8,32.54,49737.1,0.22,32329,1.19,8.27,-82.4,24.999,3.11,11.7
9/11/20,1:30:00,0,Biosphere 2,7.99,49743.3,49739.5,90.2,103.8,6.2,262.4,32.55,49739.9,0.39,32331,1.188,8.27,-82.4,25.004,3.11,11.7
9/11/20,1:45:00,0,Biosphere 2,3.49,49737.6,49738.9,89.8,103.3,6.17,263.2,32.55,49738.7,0.17,32330,1.182,8.27,-82.4,24.999,3.11,11.7
9/11/20,2:00:00,0,Biosphere 2,8.35,49744.1,49741.8,89.8,103.4,6.17,263.5,32.55,49742,0.34,32332,1.186,8.27,-82.3,25.002,3.11,11.7
9/11/20,2:15:00,0,Biosphere 2,5.58,49737,49737.6,89.9,103.4,6.17,263.3,32.54,49737.6,0.28,32329,1.19,8.27,-82.3,24.999,3.11,11.7
9/11/20,2:30:00,0,Biosphere 2,6.77,49735.9,49740.5,89.8,103.3,6.17,263.1,32.55,49740.1,0.3,32331,1.184,8.27,-82.2,24.996,3.11,11.7
9/11/20,2:45:00,0,Biosphere 2,7.89,49738.8,49739.6,89.7,103.3,6.16,262.5,32.55,49739.5,0.25,32331,1.192,8.27,-82.1,24.999,3.11,11.7
9/11/20,3:00:00,0,Biosphere 2,3.38,49734.6,49737.8,89.6,103.2,6.16,262.8,32.54,49737.5,0.21,32329,1.191,8.27,-82.1,24.997,3.11,11.7
9/11/20,3:15:00,0,Biosphere 2,6.15,49740.1,49742.2,89.5,103,6.15,263.3,32.55,49742,0.32,32332,1.192,8.27,-82.1,24.998,3.11,11.7
9/11/20,3:30:00,0,Biosphere 2,8.47,49736.5,49736.8,89.5,102.9,6.14,263.8,32.54,49736.8,0.4,32329,1.195,8.26,-82,25,3.11,11.7
9/11/20,3:45:00,0,Biosphere 2,8.14,49733.2,49734.1,89.2,102.7,6.13,263.7,32.54,49734,0.32,32327,1.194,8.26,-81.9,24.999,3.11,11.7
9/11/20,4:00:00,0,Biosphere 2,2.15,49735.3,49739.3,89.2,102.6,6.12,263.5,32.55,49738.9,0.13,32330,1.192,8.26,-81.9,24.996,3.11,11.7
9/11/20,4:15:00,0,Biosphere 2,6.99,49740.8,49737.1,89.3,102.7,6.13,263.7,32.54,49737.5,0.29,32329,1.195,8.26,-81.9,25.004,3.11,11.7
9/11/20,4:30:00,0,Biosphere 2,3.28,49736,49736.9,89.1,102.6,6.12,262.4,32.54,49736.8,0.27,32329,1.198,8.26,-81.8,24.999,3.11,11.7
9/11/20,4:45:00,0,Biosphere 2,5.32,49741.8,49740.1,89.1,102.5,6.12,262.7,32.55,49740.2,0.31,32331,1.199,8.26,-81.8,25.002,3.11,11.7
9/11/20,5:00:00,0,Biosphere 2,8.7,49740,49736.4,89,102.4,6.11,263.5,32.54,49736.7,0.36,32329,1.192,8.26,-81.7,25.003,3.11,11.7
9/11/20,5:15:00,0,Biosphere 2,10.25,49739.5,49739.9,88.8,102.2,6.1,263.9,32.55,49739.8,0.42,32331,1.186,8.26,-81.6,25,3.11,11.7
9/11/20,5:30:00,0,Biosphere 2,7.3,49737.4,49738.7,88.9,102.3,6.1,264.5,32.55,49738.6,0.33,32330,1.191,8.26,-81.6,24.999,3.11,11.7
9/11/20,5:45:00,0,Biosphere 2,4.55,49743.9,49740.4,88.8,102.2,6.1,265,32.55,49740.7,0.21,32331,1.2,8.26,-81.6,25.003,3.11,11.7
9/11/20,6:00:00,0,Biosphere 2,9.52,49744.5,49735.6,88.9,102.3,6.1,265.6,32.54,49736.4,0.33,32329,1.185,8.26,-81.5,25.009,3.11,11.7
9/11/20,6:15:00,0,Biosphere 2,5.87,49744,49738.6,88.7,102,6.09,265.6,32.55,49739.1,0.31,32330,1.191,8.26,-81.5,25.005,3.11,11.7
9/11/20,6:30:00,0,Biosphere 2,9.86,49743.4,49738.4,88.8,102.1,6.09,265.8,32.55,49738.8,0.42,32330,1.2,8.25,-81.4,25.005,3.11,11.7
9/11/20,6:45:00,0,Biosphere 2,7.54,49740,49739.3,88.4,101.8,6.07,265.3,32.55,49739.4,0.36,32331,1.187,8.25,-81.4,25.001,3.11,11.7
9/11/20,7:00:00,0,Biosphere 2,12.38,49749.5,49738,88.7,102.1,6.09,265,32.55,49739.1,0.46,32330,1.187,8.25,-81.3,25.011,3.11,11.7
9/11/20,7:15:00,0,Biosphere 2,9.84,49747.8,49736.7,88.7,102.1,6.09,265.4,32.54,49737.7,0.38,32330,1.19,8.25,-81.3,25.011,3.11,11.7
9/11/20,7:30:00,0,Biosphere 2,10.67,49753.2,49736.4,88.8,102.2,6.1,265.4,32.54,49737.9,0.39,32330,1.196,8.25,-81.2,25.016,3.11,11.7
9/11/20,7:45:00,0,Biosphere 2,4.86,49742.4,49735.3,88.8,102.1,6.1,265.9,32.54,49736,0.23,32328,1.189,8.25,-81.2,25.007,3.11,11.7
9/11/20,8:00:00,0,Biosphere 2,6.35,49759.5,49736.4,89,102.4,6.11,265.9,32.55,49738.5,0.32,32330,1.19,8.25,-81.2,25.022,3.11,11.7
9/11/20,8:15:00,0,Biosphere 2,8.63,49758.7,49738.1,89.2,102.6,6.12,265.9,32.55,49740,0.42,32331,1.193,8.25,-81.2,25.02,3.11,11.7
9/11/20,8:30:00,0,Biosphere 2,3.86,49757.5,49738.9,89.2,102.6,6.12,265.9,32.55,49740.6,0.13,32331,1.192,8.25,-81.2,25.018,3.11,11.7
9/11/20,8:45:00,0,Biosphere 2,7.67,49764.3,49734.3,89.4,102.9,6.14,266.6,32.54,49737.1,0.25,32329,1.198,8.25,-81.2,25.029,3.11,11.7
9/11/20,9:00:00,0,Biosphere 2,8.09,49767.5,49735.3,89.7,103.2,6.16,267,32.54,49738.4,0.29,32330,1.193,8.25,-81.2,25.031,3.11,11.7
9/11/20,9:15:00,0,Biosphere 2,10.49,49774.8,49738.4,89.9,103.4,6.17,267.6,32.55,49741.8,0.46,32332,1.195,8.25,-81.2,25.035,3.11,11.7
9/11/20,9:30:00,0,Biosphere 2,6.88,49771.8,49735.9,90.1,103.7,6.19,268,32.55,49739.3,0.36,32331,1.188,8.25,-81.2,25.034,3.11,11.7
9/11/20,9:45:00,0,Biosphere 2,5.6,49772.6,49736.3,90.5,104.1,6.21,268.1,32.55,49739.7,0.33,32331,1.191,8.25,-81.3,25.035,3.11,11.7
9/11/20,10:00:00,0,Biosphere 2,4.72,49777.3,49739.7,90.8,104.6,6.24,268.7,32.55,49743.2,0.25,32333,1.19,8.25,-81.3,25.036,3.11,11.7
9/11/20,10:15:00,0,Biosphere 2,10.75,49776.1,49737.9,91.1,104.8,6.25,269.2,32.55,49741.4,0.48,32332,1.192,8.25,-81.3,25.036,3.11,11.7
9/11/20,10:30:00,0,Biosphere 2,7.5,49780.3,49740.4,91.4,105.1,6.27,267.1,32.55,49744.1,0.27,32334,1.201,8.25,-81.3,25.038,3.11,11.7
9/11/20,10:45:00,0,Biosphere 2,3.9,49779.8,49737.9,91.7,105.5,6.29,267.6,32.55,49741.8,0.21,32332,1.185,8.25,-81.4,25.04,3.11,11.7
9/11/20,11:00:00,0,Biosphere 2,5.35,49781,49738.2,92,105.8,6.31,268.1,32.55,49742.2,0.37,32332,1.185,8.25,-81.4,25.041,3.11,11.7
9/11/20,11:15:00,0,Biosphere 2,6.61,49786.1,49739.2,92.3,106.3,6.34,267.3,32.55,49743.6,0.4,32333,1.191,8.26,-81.5,25.045,3.11,11.7
9/11/20,11:30:00,0,Biosphere 2,3.57,49789.9,49739.4,92.6,106.5,6.35,266.4,32.55,49744.1,0.16,32334,1.2,8.26,-81.6,25.048,3.11,11.7
9/11/20,11:45:00,0,Biosphere 2,1.75,49791.6,49738.4,92.8,106.8,6.37,266.7,32.55,49743.3,0.16,32333,1.184,8.26,-81.6,25.051,3.11,11.7
9/11/20,12:00:00,0,Biosphere 2,9.44,49796.4,49739.2,93.1,107.2,6.39,266.5,32.55,49744.6,0.3,32334,1.192,8.26,-81.7,25.055,3.11,11.7
9/11/20,12:15:00,0,Biosphere 2,9.68,49799.5,49738.9,93.4,107.5,6.41,267.4,32.55,49744.6,0.4,32334,1.191,8.26,-81.7,25.058,3.11,11.7
9/11/20,12:30:00,0,Biosphere 2,7.64,49804.9,49740.2,93.9,108,6.44,268.3,32.55,49746.2,0.33,32335,1.192,8.26,-81.8,25.062,3.11,11.7
9/11/20,12:45:00,0,Biosphere 2,7.56,49802.6,49736.9,93.7,107.9,6.43,268.5,32.55,49743.1,0.4,32333,1.2,8.26,-81.8,25.063,3.11,11.7
9/11/20,13:00:00,0,Biosphere 2,11.89,49804.8,49736.6,93.9,108.1,6.44,267.1,32.55,49743,0.42,32333,1.181,8.26,-81.9,25.065,3.11,11.7
9/11/20,13:15:00,0,Biosphere 2,7.57,49811.4,49739.4,94.2,108.4,6.46,267.5,32.55,49746.2,0.3,32335,1.189,8.26,-81.9,25.069,3.11,11.7
9/11/20,13:30:00,0,Biosphere 2,7.36,49811.9,49737.3,94.4,108.6,6.47,268.1,32.55,49744.2,0.27,32334,1.192,8.26,-82,25.071,3.11,11.7
9/11/20,13:45:00,0,Biosphere 2,8.77,49817.3,49739.9,94.5,108.8,6.48,268.4,32.55,49747.1,0.41,32336,1.19,8.26,-82,25.074,3.11,11.7
9/11/20,14:00:00,0,Biosphere 2,5.74,49820.5,49741.3,94.5,108.8,6.48,268.5,32.55,49748.7,0.37,32337,1.192,8.27,-82.1,25.076,3.11,11.7
9/11/20,14:15:00,0,Biosphere 2,9.9,49821.1,49739.7,94.8,109.1,6.5,266.6,32.55,49747.3,0.33,32336,1.199,8.27,-82.1,25.078,3.11,11.7
9/11/20,14:30:00,0,Biosphere 2,8.11,49823.1,49740.5,94.8,109.1,6.5,266.4,32.55,49748.2,0.26,32336,1.191,8.27,-82.2,25.079,3.11,11.7
9/11/20,14:45:00,0,Biosphere 2,7.37,49820.2,49737.3,95,109.4,6.52,266.6,32.55,49745.1,0.32,32334,1.189,8.27,-82.2,25.079,3.11,11.7
9/11/20,15:00:00,0,Biosphere 2,7.37,49823.1,49740.1,94.9,109.2,6.51,266.6,32.55,49747.9,0.34,32336,1.192,8.27,-82.2,25.079,3.11,11.7
9/11/20,15:15:00,0,Biosphere 2,6.97,49820.6,49738.5,94.9,109.2,6.51,266.6,32.55,49746.2,0.29,32335,1.189,8.27,-82.2,25.078,3.11,11.7
9/11/20,15:30:00,0,Biosphere 2,1.06,49816.9,49735.9,95,109.3,6.51,266.3,32.55,49743.5,0.1,32333,1.186,8.27,-82.3,25.077,3.11,11.7
9/11/20,15:45:00,0,Biosphere 2,6.01,49814.5,49734.7,94.9,109.2,6.51,264.8,32.55,49742.2,0.29,32332,1.189,8.27,-82.3,25.076,3.11,11.7
9/11/20,16:00:00,0,Biosphere 2,3.82,49812.9,49736.1,94.9,109.2,6.51,264.7,32.55,49743.3,0.18,32333,1.2,8.27,-82.3,25.073,3.11,11.7
9/11/20,16:15:00,0,Biosphere 2,9.4,49811,49735.2,94.8,109.1,6.5,265.4,32.55,49742.3,0.32,32332,1.182,8.27,-82.3,25.072,3.11,11.7
9/11/20,16:30:00,0,Biosphere 2,7.05,49806.4,49735.3,94.8,109.1,6.5,265.5,32.55,49742,0.24,32332,1.192,8.27,-82.4,25.068,3.11,11.7
9/11/20,16:45:00,0,Biosphere 2,2.38,49802.7,49736.3,94.7,109,6.5,265,32.55,49742.5,0.12,32333,1.201,8.27,-82.4,25.063,3.11,11.7
9/11/20,17:00:00,0,Biosphere 2,4.68,49802.9,49738.6,94.5,108.8,6.48,264.8,32.55,49744.6,0.23,32334,1.19,8.27,-82.4,25.061,3.11,11.7
9/11/20,17:15:00,0,Biosphere 2,4.72,49797.8,49737.5,94.4,108.7,6.48,265.2,32.55,49743.1,0.22,32333,1.183,8.27,-82.3,25.058,3.11,11.7
9/11/20,17:30:00,0,Biosphere 2,8.47,49796.1,49737.9,94.2,108.5,6.47,265.4,32.55,49743.3,0.29,32333,1.192,8.27,-82.3,25.055,3.11,11.7
9/11/20,17:45:00,0,Biosphere 2,1.53,49792.3,49738.8,94,108.2,6.45,264.5,32.55,49743.8,0.1,32333,1.19,8.27,-82.3,25.051,3.11,11.7
9/11/20,18:00:00,0,Biosphere 2,4.9,49788.3,49738.2,93.9,108,6.44,264.4,32.55,49742.8,0.18,32333,1.194,8.27,-82.3,25.048,3.11,11.7
9/11/20,18:15:00,0,Biosphere 2,8.25,49786.8,49739.3,93.6,107.8,6.43,264.5,32.55,49743.8,0.4,32333,1.199,8.27,-82.2,25.045,3.11,11.7
9/11/20,18:30:00,0,Biosphere 2,11.13,49783.2,49739.3,93.5,107.6,6.41,264.8,32.55,49743.4,0.4,32333,1.181,8.27,-82.2,25.042,3.11,11.7
9/11/20,18:45:00,0,Biosphere 2,8.43,49781.8,49741.9,93.2,107.3,6.4,264.7,32.55,49745.6,0.38,32335,1.191,8.27,-82.2,25.038,3.11,11.7
9/11/20,19:00:00,0,Biosphere 2,6.07,49774.5,49737.4,93,107.1,6.39,264.9,32.55,49740.9,0.28,32332,1.192,8.27,-82.1,25.035,3.11,11.7
9/11/20,19:15:00,0,Biosphere 2,4,49772.4,49739.9,92.9,106.9,6.37,265,32.55,49742.9,0.15,32333,1.183,8.27,-82.1,25.031,3.11,11.7
9/11/20,19:30:00,0,Biosphere 2,4.94,49766.7,49739.4,92.7,106.6,6.36,265.2,32.55,49742,0.22,32332,1.184,8.26,-82,25.026,3.11,11.7
9/11/20,19:45:00,0,Biosphere 2,10.39,49767.3,49741.6,92.5,106.5,6.35,265.1,32.55,49744,0.35,32334,1.182,8.26,-82,25.025,3.11,11.7
9/11/20,20:00:00,0,Biosphere 2,7.43,49761.2,49740.2,92.3,106.2,6.33,265.3,32.55,49742.2,0.36,32332,1.195,8.26,-81.9,25.02,3.11,11.7
9/11/20,20:15:00,0,Biosphere 2,8.71,49757,49740.5,92,105.9,6.32,265.8,32.55,49742,0.33,32332,1.197,8.26,-81.9,25.016,3.11,11.7
9/11/20,20:30:00,0,Biosphere 2,7.25,49756,49741.6,91.8,105.6,6.3,266,32.55,49742.9,0.27,32333,1.191,8.26,-81.8,25.014,3.11,11.7
9/11/20,20:45:00,0,Biosphere 2,3.84,49753.8,49741.7,91.7,105.5,6.29,266,32.55,49742.8,0.23,32333,1.201,8.26,-81.8,25.012,3.11,11.7
9/11/20,21:00:00,0,Biosphere 2,4.47,49746.9,49739,91.3,105.1,6.27,264.2,32.55,49739.7,0.15,32331,1.194,8.26,-81.7,25.008,3.11,11.7
9/11/20,21:15:00,0,Biosphere 2,10.21,49748.4,49738,91.4,105.2,6.27,263.8,32.55,49739,0.45,32330,1.195,8.26,-81.7,25.01,3.11,11.7
9/11/20,21:30:00,0,Biosphere 2,8.9,49746,49739.2,91.1,104.9,6.26,262.1,32.55,49739.9,0.34,32331,1.184,8.26,-81.7,25.006,3.11,11.7
9/11/20,21:45:00,0,Biosphere 2,11.1,49746.2,49737.4,91.1,104.8,6.25,262.3,32.55,49738.2,0.45,32330,1.184,8.26,-81.6,25.008,3.11,11.7
9/11/20,22:00:00,0,Biosphere 2,7.14,49744.3,49738.1,90.9,104.6,6.24,262.8,32.55,49738.7,0.39,32330,1.191,8.26,-81.6,25.006,3.11,11.7
9/11/20,22:15:00,0,Biosphere 2,4.3,49748.9,49741.1,90.9,104.6,6.24,263.3,32.55,49741.8,0.34,32332,1.188,8.26,-81.5,25.007,3.11,11.7
9/11/20,22:30:00,0,Biosphere 2,4.49,49746.4,49742.1,90.6,104.3,6.23,259.6,32.55,49742.5,0.19,32333,1.194,8.25,-81.5,25.004,3.11,11.7
9/11/20,22:45:00,0,Biosphere 2,10.57,49743.2,49736.6,90.5,104.2,6.22,260.5,32.54,49737.2,0.47,32329,1.2,8.25,-81.4,25.006,3.11,11.7
9/11/20,23:00:00,0,Biosphere 2,6.28,49749.5,49739.2,90.4,104.1,6.21,258.2,32.55,49740.1,0.33,32331,1.192,8.25,-81.4,25.01,3.11,11.7
9/11/20,23:15:00,0,Biosphere 2,10.63,49747.1,49737.8,90.3,104,6.2,258.8,32.55,49738.6,0.46,32330,1.184,8.25,-81.4,25.009,3.11,11.7
9/11/20,23:30:00,0,Biosphere 2,5.06,49741.8,49738.3,90,103.6,6.18,260.1,32.55,49738.6,0.3,32330,1.195,8.25,-81.2,25.003,3.11,11.7
9/11/20,23:45:00,0,Biosphere 2,7.3,49746.2,49737.7,90.2,103.8,6.19,261,32.55,49738.5,0.38,32330,1.193,8.25,-81.3,25.008,3.11,11.7
9/12/20,0:00:00,0,Biosphere 2,6.34,49746.7,49737.8,90.1,103.6,6.18,261.6,32.55,49738.6,0.25,32330,1.188,8.25,-81.2,25.008,3.11,11.7
9/12/20,0:15:00,0,Biosphere 2,7.05,49750.3,49740,90,103.5,6.18,261.4,32.55,49741,0.38,32332,1.186,8.25,-81.1,25.01,3.11,11.7
9/12/20,0:30:00,0,Biosphere 2,7.8,49746.6,49737.4,90,103.5,6.18,261.2,32.55,49738.3,0.31,32330,1.2,8.25,-81.1,25.009,3.11,11.7
9/12/20,0:45:00,0,Biosphere 2,10.5,49744.8,49736.3,89.8,103.4,6.17,261.2,32.54,49737.1,0.37,32329,1.19,8.25,-81.1,25.008,3.11,11.7
9/12/20,1:00:00,0,Biosphere 2,3.02,49746.1,49736.6,89.7,103.2,6.16,261.4,32.54,49737.5,0.19,32329,1.185,8.25,-81,25.009,3.11,11.7
9/12/20,1:15:00,0,Biosphere 2,3.97,49752.3,49737.9,89.7,103.3,6.16,261.7,32.55,49739.2,0.18,32331,1.182,8.25,-81,25.014,3.11,11.7
9/12/20,1:30:00,0,Biosphere 2,6.88,49749.7,49738,89.6,103.1,6.15,261.8,32.55,49739.1,0.45,32330,1.19,8.25,-80.9,25.011,3.11,11.7
9/12/20,1:45:00,0,Biosphere 2,1.48,49741.8,49734,89.4,102.9,6.14,262.1,32.54,49734.7,0.12,32328,1.201,8.24,-80.8,25.007,3.11,11.7
9/12/20,2:00:00,0,Biosphere 2,8.14,49745.4,49736.7,89.5,103.1,6.15,262,32.54,49737.5,0.41,32329,1.19,8.24,-80.9,25.008,3.11,11.7
9/12/20,2:15:00,0,Biosphere 2,5.95,49742.3,49737.1,89.2,102.6,6.12,262.9,32.54,49737.6,0.22,32329,1.191,8.24,-80.7,25.005,3.11,11.7
9/12/20,2:30:00,0,Biosphere 2,10.75,49749.5,49740,89.2,102.6,6.12,263.2,32.55,49740.9,0.39,32332,1.186,8.24,-80.7,25.009,3.11,11.7
9/12/20,2:45:00,0,Biosphere 2,6.83,49747.3,49736.3,89.3,102.7,6.13,263.8,32.54,49737.3,0.19,32329,1.197,8.24,-80.7,25.011,3.11,11.7
9/12/20,3:00:00,0,Biosphere 2,9.95,49753.4,49740.6,89.3,102.7,6.13,263.9,32.55,49741.8,0.4,32332,1.195,8.24,-80.7,25.012,3.11,11.7
9/12/20,3:15:00,0,Biosphere 2,2.25,49752.4,49741.6,89.1,102.6,6.12,263.6,32.55,49742.6,0.14,32333,1.188,8.24,-80.6,25.01,3.11,11.7
9/12/20,3:30:00,0,Biosphere 2,10.29,49752.7,49739.9,89.2,102.6,6.12,263.6,32.55,49741.1,0.41,32332,1.189,8.24,-80.6,25.012,3.11,11.7
9/12/20,3:45:00,0,Biosphere 2,5.76,49754,49740.4,89,102.4,6.11,263.5,32.55,49741.7,0.33,32332,1.184,8.24,-80.5,25.013,3.11,11.7
9/12/20,4:00:00,0,Biosphere 2,10.18,49753.3,49740,89.1,102.5,6.12,263.7,32.55,49741.2,0.31,32332,1.182,8.24,-80.5,25.013,3.11,11.7
9/12/20,4:15:00,0,Biosphere 2,4.77,49745.4,49740.4,88.5,101.9,6.08,263.5,32.55,49740.8,0.22,32332,1.184,8.24,-80.4,25.005,3.11,11.7
9/12/20,4:30:00,0,Biosphere 2,4.36,49751.9,49741.4,88.7,102.1,6.09,262.7,32.55,49742.3,0.19,32333,1.189,8.24,-80.3,25.01,3.11,11.7
9/12/20,4:45:00,0,Biosphere 2,6.47,49750.4,49742.6,88.7,102.1,6.09,262.9,32.55,49743.3,0.3,32333,1.181,8.23,-80.3,25.007,3.11,11.7
9/12/20,5:00:00,0,Biosphere 2,4.94,49752.3,49739.2,88.8,102.2,6.1,263.6,32.55,49740.5,0.27,32331,1.2,8.23,-80.3,25.012,3.11,11.7
9/12/20,5:15:00,0,Biosphere 2,6.97,49751.7,49738.8,88.7,102.1,6.09,264,32.55,49740,0.35,32331,1.189,8.23,-80.2,25.012,3.11,11.7
9/12/20,5:30:00,0,Biosphere 2,10.61,49751.4,49738.4,88.8,102.2,6.1,264.1,32.55,49739.7,0.41,32331,1.192,8.23,-80.2,25.012,3.11,11.7
9/12/20,5:45:00,0,Biosphere 2,12.64,49746.8,49736.4,88.8,102.2,6.1,264.1,32.54,49737.3,0.36,32329,1.2,8.23,-80.1,25.01,3.11,11.7
9/12/20,6:00:00,0,Biosphere 2,13.51,49751.5,49739.8,88.8,102.1,6.09,263.9,32.55,49740.9,0.47,32332,1.189,8.23,-80.1,25.011,3.11,11.7
9/12/20,6:15:00,0,Biosphere 2,10.23,49751.5,49737.7,88.7,102.1,6.09,264.5,32.55,49739,0.37,32330,1.181,8.23,-80,25.013,3.11,11.7
9/12/20,6:30:00,0,Biosphere 2,6.49,49744.5,49737.2,88.6,102,6.09,264.4,32.54,49737.9,0.15,32330,1.185,8.23,-80,25.007,3.11,11.7
9/12/20,6:45:00,0,Biosphere 2,5.92,49748.2,49737.5,88.6,101.9,6.08,264.4,32.55,49738.5,0.29,32330,1.187,8.23,-80,25.01,3.11,11.7
9/12/20,7:00:00,0,Biosphere 2,11.55,49753.6,49739.6,88.7,102,6.09,264.6,32.55,49740.9,0.34,32332,1.2,8.23,-79.9,25.013,3.11,11.7
9/12/20,7:15:00,0,Biosphere 2,7.29,49752.4,49740.4,88.7,102,6.09,264.7,32.55,49741.5,0.31,32332,1.192,8.23,-79.9,25.011,3.11,11.7
9/12/20,7:30:00,0,Biosphere 2,9.99,49753.1,49741.8,88.5,101.9,6.08,262.3,32.55,49742.9,0.31,32333,1.182,8.23,-79.8,25.011,3.11,11.7
9/12/20,7:45:00,0,Biosphere 2,2.2,49749.8,49738.6,88.6,102,6.09,261.9,32.55,49739.6,0.11,32331,1.188,8.23,-79.8,25.011,3.11,11.7
9/12/20,8:00:00,0,Biosphere 2,10.49,49755.5,49736.6,88.9,102.3,6.1,262.6,32.55,49738.4,0.34,32330,1.191,8.23,-79.8,25.018,3.11,11.7
9/12/20,8:15:00,0,Biosphere 2,7.57,49756.2,49736.2,89,102.5,6.11,262.1,32.54,49738.1,0.41,32330,1.189,8.23,-79.8,25.019,3.11,11.7
9/12/20,8:30:00,0,Biosphere 2,7.31,49761.7,49737.9,89.2,102.7,6.12,263,32.55,49740.1,0.3,32331,1.182,8.23,-79.8,25.023,3.11,11.7
9/12/20,8:45:00,0,Biosphere 2,5.85,49765.1,49738.4,89.4,102.9,6.14,263.8,32.55,49740.9,0.2,32332,1.185,8.23,-79.8,25.026,3.11,11.7
9/12/20,9:00:00,0,Biosphere 2,5.93,49767,49736.6,89.6,103.2,6.15,264.3,32.55,49739.5,0.24,32331,1.191,8.23,-79.8,25.029,3.11,11.7
9/12/20,9:15:00,0,Biosphere 2,10.4,49767,49736.5,89.9,103.4,6.17,264.7,32.55,49739.3,0.53,32331,1.196,8.23,-79.8,25.029,3.11,11.7
9/12/20,9:30:00,0,Biosphere 2,12.7,49772.1,49738.2,90.1,103.7,6.18,265,32.55,49741.4,0.48,32332,1.2,8.23,-79.9,25.032,3.11,11.7
9/12/20,9:45:00,0,Biosphere 2,8.11,49772.4,49738.1,90.4,104,6.2,265.6,32.55,49741.3,0.35,32332,1.191,8.23,-79.9,25.033,3.11,11.7
9/12/20,10:00:00,0,Biosphere 2,8.38,49771.2,49734.1,90.8,104.5,6.23,266.7,32.54,49737.6,0.37,32329,1.189,8.23,-79.9,25.035,3.11,11.7
9/12/20,10:15:00,0,Biosphere 2,9.11,49773.7,49735.5,91.2,104.9,6.26,267.1,32.55,49739.1,0.33,32330,1.184,8.23,-80,25.036,3.11,11.7
9/12/20,10:30:00,0,Biosphere 2,6.99,49777.5,49737.5,91.3,105.1,6.27,267.3,32.55,49741.2,0.28,32332,1.187,8.23,-80,25.038,3.11,11.7
9/12/20,10:45:00,0,Biosphere 2,8.77,49776.5,49733.6,91.7,105.6,6.3,267.4,32.54,49737.6,0.34,32329,1.2,8.23,-80.1,25.041,3.11,11.7
9/12/20,11:00:00,0,Biosphere 2,4.33,49782.1,49735.7,92.1,106,6.32,266.1,32.55,49740,0.26,32331,1.186,8.23,-80.1,25.044,3.11,11.7
9/12/20,11:15:00,0,Biosphere 2,1.49,49785.1,49734.9,92.4,106.4,6.34,266.2,32.55,49739.6,0.13,32331,1.192,8.23,-80.2,25.048,3.11,11.7
9/12/20,11:30:00,0,Biosphere 2,7.89,49790.1,49736.6,92.7,106.7,6.36,266.6,32.55,49741.6,0.43,32332,1.201,8.23,-80.2,25.051,3.11,11.7
9/12/20,11:45:00,0,Biosphere 2,2.03,49793.2,49734.5,93.1,107.1,6.39,267,32.55,49740,0.12,32331,1.191,8.24,-80.4,25.056,3.11,11.7
9/12/20,12:00:00,0,Biosphere 2,8.31,49793.2,49730.5,93.6,107.7,6.42,267.8,32.54,49736.4,0.41,32329,1.196,8.24,-80.4,25.06,3.11,11.7
9/12/20,12:15:00,0,Biosphere 2,3.54,49801.7,49733.5,93.9,108,6.44,267.3,32.55,49739.9,0.11,32331,1.189,8.24,-80.5,25.065,3.11,11.7
9/12/20,12:30:00,0,Biosphere 2,5.81,49804.8,49732.5,94.2,108.4,6.46,267.2,32.54,49739.3,0.19,32331,1.183,8.24,-80.6,25.069,3.11,11.7
9/12/20,12:45:00,0,Biosphere 2,4.37,49806.6,49729.7,94.6,108.9,6.49,266.8,32.54,49736.9,0.16,32329,1.185,8.24,-80.7,25.073,3.11,11.7
9/12/20,13:00:00,0,Biosphere 2,11.82,49814.3,49732.2,95,109.3,6.51,262.8,32.54,49739.9,0.47,32331,1.2,8.24,-80.8,25.078,3.11,11.7
9/12/20,13:15:00,0,Biosphere 2,6.48,49815.4,49729.8,95.1,109.4,6.52,264.3,32.54,49737.9,0.36,32330,1.198,8.24,-80.9,25.082,3.11,11.7
9/12/20,13:30:00,0,Biosphere 2,12.1,49821.8,49730.6,95.2,109.6,6.53,264.3,32.54,49739.1,0.3,32330,1.2,8.25,-80.9,25.087,3.11,11.7
9/12/20,13:45:00,0,Biosphere 2,4.24,49823.4,49728,95.7,110.1,6.56,264.1,32.54,49736.9,0.22,32329,1.19,8.25,-81,25.091,3.11,11.7
9/12/20,14:00:00,0,Biosphere 2,8.92,49826.3,49726.5,95.7,110.2,6.56,264.3,32.54,49735.9,0.3,32328,1.192,8.25,-81.1,25.095,3.11,11.7
9/12/20,14:15:00,0,Biosphere 2,5.43,49830.3,49726.7,95.9,110.4,6.58,261.2,32.54,49736.4,0.29,32329,1.2,8.25,-81.2,25.099,3.11,11.7
9/12/20,14:30:00,0,Biosphere 2,3.78,49832.6,49725.9,96.1,110.5,6.59,261.6,32.54,49735.9,0.15,32328,1.184,8.25,-81.2,25.102,3.11,11.7
9/12/20,14:45:00,0,Biosphere 2,6.93,49837.8,49728.2,96.1,110.6,6.59,262.9,32.54,49738.5,0.29,32330,1.192,8.25,-81.3,25.105,3.11,11.7
9/12/20,15:00:00,0,Biosphere 2,8.18,49837.1,49726,96.3,110.8,6.6,263.2,32.54,49736.4,0.41,32329,1.201,8.25,-81.3,25.106,3.11,11.7
9/12/20,15:15:00,0,Biosphere 2,5.2,49839.5,49726,96.4,111,6.61,264.1,32.54,49736.6,0.23,32329,1.191,8.25,-81.5,25.108,3.11,11.7
9/12/20,15:30:00,0,Biosphere 2,6.05,49842.8,49728.2,96.5,111.1,6.62,264.8,32.54,49738.9,0.24,32330,1.193,8.26,-81.5,25.109,3.11,11.7
9/12/20,15:45:00,0,Biosphere 2,10.92,49839.6,49725.6,96.4,111,6.61,264.9,32.54,49736.3,0.31,32329,1.2,8.26,-81.5,25.109,3.11,11.7
9/12/20,16:00:00,0,Biosphere 2,11.31,49842.7,49728.2,96.4,110.9,6.61,264.5,32.54,49738.9,0.44,32330,1.19,8.26,-81.6,25.109,3.11,11.7
9/12/20,16:15:00,0,Biosphere 2,9.5,49838.7,49725.6,96.2,110.7,6.6,265.1,32.54,49736.2,0.43,32329,1.191,8.26,-81.6,25.108,3.11,11.7
9/12/20,16:30:00,0,Biosphere 2,8.87,49839.3,49727.6,96.1,110.6,6.59,265.6,32.54,49738,0.29,32330,1.184,8.26,-81.6,25.107,3.11,11.7
9/12/20,16:45:00,0,Biosphere 2,11.57,49837.8,49728.2,96.1,110.6,6.59,265.9,32.54,49738.4,0.44,32330,1.191,8.26,-81.7,25.105,3.11,11.7
9/12/20,17:00:00,0,Biosphere 2,7.38,49834.5,49726.6,95.9,110.4,6.58,266,32.54,49736.7,0.42,32329,1.196,8.26,-81.6,25.103,3.11,11.7
9/12/20,17:15:00,0,Biosphere 2,11.91,49833.4,49727.4,95.8,110.2,6.57,265.8,32.54,49737.3,0.36,32329,1.183,8.26,-81.7,25.101,3.11,11.7
9/12/20,17:30:00,0,Biosphere 2,14.94,49831.3,49725.8,95.6,110,6.56,265.4,32.54,49735.7,0.51,32328,1.191,8.26,-81.7,25.101,3.11,11.7
9/12/20,17:45:00,0,Biosphere 2,9.68,49831.2,49726.2,95.4,109.8,6.54,265.3,32.54,49736,0.28,32328,1.19,8.26,-81.6,25.1,3.11,11.7
9/12/20,18:00:00,0,Biosphere 2,3.1,49832.4,49728.8,95.3,109.6,6.53,263.8,32.54,49738.5,0.19,32330,1.193,8.26,-81.7,25.099,3.11,11.7
9/12/20,18:15:00,0,Biosphere 2,5.04,49828.8,49727.1,95,109.3,6.51,263.5,32.54,49736.7,0.26,32329,1.2,8.26,-81.6,25.097,3.11,11.7
9/12/20,18:30:00,0,Biosphere 2,8.94,49828.7,49729.5,94.8,109.1,6.5,263.2,32.54,49738.8,0.32,32330,1.189,8.26,-81.6,25.095,3.11,11.7
9/12/20,18:45:00,0,Biosphere 2,2.61,49826,49730.1,94.5,108.8,6.48,263.1,32.54,49739.1,0.14,32330,1.192,8.26,-81.6,25.091,3.11,11.7
9/12/20,19:00:00,0,Biosphere 2,2.72,49823.8,49730.7,94.3,108.5,6.47,263.3,32.54,49739.4,0.16,32331,1.193,8.26,-81.6,25.089,3.11,11.7
9/12/20,19:15:00,0,Biosphere 2,9.93,49818.7,49728.6,94.1,108.3,6.45,263.7,32.54,49737,0.45,32329,1.2,8.26,-81.5,25.086,3.11,11.7
9/12/20,19:30:00,0,Biosphere 2,4.09,49815.7,49728.9,93.8,108,6.44,264,32.54,49737,0.2,32329,1.188,8.25,-81.5,25.083,3.11,11.7
9/12/20,19:45:00,0,Biosphere 2,4.59,49811.4,49729.6,93.4,107.5,6.41,264.3,32.54,49737.3,0.26,32329,1.181,8.25,-81.4,25.078,3.11,11.7
9/12/20,20:00:00,0,Biosphere 2,6.55,49807,49729.8,93.3,107.4,6.4,264.8,32.54,49737,0.31,32329,1.186,8.25,-81.4,25.074,3.11,11.7
9/12/20,20:15:00,0,Biosphere 2,3.73,49807,49732.7,93.2,107.2,6.39,265.5,32.54,49739.7,0.17,32331,1.199,8.25,-81.3,25.071,3.11,11.7
9/12/20,20:30:00,0,Biosphere 2,6.37,49801.5,49730.7,93,107,6.38,265.8,32.54,49737.3,0.36,32329,1.191,8.25,-81.3,25.068,3.11,11.7
9/12/20,20:45:00,0,Biosphere 2,4.1,49796.4,49731.5,92.6,106.6,6.36,265.8,32.54,49737.6,0.11,32329,1.191,8.25,-81.2,25.062,3.11,11.7
9/12/20,21:00:00,0,Biosphere 2,8.45,49795.2,49732.3,92.5,106.5,6.35,265.3,32.54,49738.2,0.35,32330,1.192,8.25,-81.3,25.06,3.11,11.7
9/12/20,21:15:00,0,Biosphere 2,6.5,49787.7,49730.8,92.3,106.2,6.33,264,32.54,49736.1,0.33,32328,1.2,8.25,-81.1,25.054,3.11,11.7
9/12/20,21:30:00,0,Biosphere 2,10.65,49783.8,49731.3,92.1,105.9,6.32,263.3,32.54,49736.2,0.41,32329,1.187,8.25,-81.1,25.05,3.11,11.7
9/12/20,21:45:00,0,Biosphere 2,5.52,49778.5,49732.6,91.8,105.6,6.3,262.1,32.54,49736.9,0.28,32329,1.188,8.25,-81,25.044,3.11,11.7
9/12/20,22:00:00,0,Biosphere 2,7.8,49773.6,49731.2,91.8,105.7,6.3,260.9,32.54,49735.2,0.3,32328,1.182,8.25,-81,25.04,3.11,11.7
9/12/20,22:15:00,0,Biosphere 2,5.79,49771.9,49732.1,91.7,105.5,6.29,259.2,32.54,49735.8,0.31,32328,1.19,8.25,-81,25.038,3.11,11.7
9/12/20,22:30:00,0,Biosphere 2,6.55,49770.9,49736.8,91.4,105.2,6.28,260.3,32.55,49740,0.39,32331,1.199,8.25,-80.9,25.033,3.11,11.7
9/12/20,22:45:00,0,Biosphere 2,3.64,49760.3,49733.9,91.1,104.8,6.25,259.3,32.54,49736.4,0.18,32329,1.19,8.24,-80.9,25.025,3.11,11.7
9/12/20,23:00:00,0,Biosphere 2,7.53,49758,49734.9,91,104.8,6.25,258.6,32.54,49737.1,0.36,32329,1.188,8.24,-80.8,25.022,3.11,11.7
9/12/20,23:15:00,0,Biosphere 2,4.06,49757.6,49736,91,104.7,6.24,258.5,32.54,49738,0.24,32330,1.198,8.24,-80.8,25.021,3.11,11.7
9/12/20,23:30:00,0,Biosphere 2,3.37,49759.3,49737.3,90.9,104.6,6.24,258.2,32.55,49739.3,0.16,32331,1.191,8.24,-80.7,25.021,3.11,11.7
9/12/20,23:45:00,0,Biosphere 2,6.65,49755.7,49736.9,90.6,104.3,6.22,258,32.55,49738.6,0.34,32330,1.185,8.24,-80.7,25.018,3.11,11.7
9/13/20,0:00:00,0,Biosphere 2,4.53,49749.1,49737.5,90,103.6,6.18,258,32.55,49738.6,0.3,32330,1.19,8.24,-80.6,25.011,3.11,11.7
9/13/20,0:15:00,0,Biosphere 2,11.25,49753.1,49735.2,90.5,104.1,6.21,258.7,32.54,49736.9,0.4,32329,1.198,8.24,-80.6,25.017,3.11,11.7
9/13/20,0:30:00,0,Biosphere 2,7.72,49752.1,49735.1,90.4,104,6.21,259,32.54,49736.7,0.48,32329,1.19,8.24,-80.6,25.016,3.11,11.7
9/13/20,0:45:00,0,Biosphere 2,4.63,49749,49735.7,89.9,103.5,6.17,259.3,32.54,49737,0.2,32329,1.183,8.24,-80.5,25.013,3.11,11.7
9/13/20,1:00:00,0,Biosphere 2,2.32,49757.5,49737.6,90.2,103.7,6.19,258.9,32.55,49739.4,0.12,32331,1.189,8.24,-80.5,25.019,3.11,11.7
9/13/20,1:15:00,0,Biosphere 2,2.06,49752.9,49738.9,90.1,103.7,6.19,259.4,32.55,49740.2,0.09,32331,1.19,8.24,-80.4,25.013,3.11,11.7
9/13/20,1:30:00,0,Biosphere 2,7.19,49750.2,49735.5,90,103.6,6.18,260,32.54,49736.9,0.4,32329,1.182,8.24,-80.4,25.014,3.11,11.7
9/13/20,1:45:00,0,Biosphere 2,11.01,49751.2,49735.6,89.9,103.4,6.17,260.2,32.54,49737.1,0.48,32329,1.194,8.24,-80.3,25.015,3.11,11.7
9/13/20,2:00:00,0,Biosphere 2,4.23,49748.2,49736,89.6,103.1,6.15,260.6,32.54,49737.2,0.19,32329,1.191,8.23,-80.2,25.012,3.11,11.7
9/13/20,2:15:00,0,Biosphere 2,2.6,49748.9,49736,89.7,103.2,6.16,261.3,32.54,49737.2,0.16,32329,1.19,8.23,-80.2,25.012,3.11,11.7
9/13/20,2:30:00,0,Biosphere 2,6.43,49746.9,49735.6,89.3,102.8,6.13,260.7,32.54,49736.6,0.26,32329,1.181,8.23,-80.1,25.011,3.11,11.7
9/13/20,2:45:00,0,Biosphere 2,6.11,49756.4,49738.1,89.7,103.2,6.16,257.9,32.55,49739.8,0.29,32331,1.191,8.23,-80.2,25.017,3.11,11.7
9/13/20,3:00:00,0,Biosphere 2,6.31,49752.9,49739.1,89.5,102.9,6.14,258.5,32.55,49740.4,0.4,32331,1.194,8.23,-80.1,25.013,3.11,11.7
9/13/20,3:15:00,0,Biosphere 2,8.57,49751.9,49735.2,89.5,103,6.15,258.7,32.54,49736.8,0.27,32329,1.195,8.23,-80.1,25.016,3.11,11.7
9/13/20,3:30:00,0,Biosphere 2,9.58,49749.5,49734,89.5,103,6.14,258.5,32.54,49735.4,0.35,32328,1.191,8.23,-80,25.015,3.11,11.7
9/13/20,3:45:00,0,Biosphere 2,11.76,49752.8,49738.5,89.2,102.7,6.13,257.4,32.55,49739.9,0.39,32331,1.192,8.23,-80,25.014,3.11,11.7
9/13/20,4:00:00,0,Biosphere 2,8.39,49749.2,49735.5,89.3,102.8,6.13,258.9,32.54,49736.8,0.41,32329,1.189,8.23,-79.9,25.013,3.11,11.7
9/13/20,4:15:00,0,Biosphere 2,5.01,49752.8,49738.4,89.3,102.7,6.13,259.6,32.55,49739.7,0.19,32331,1.182,8.23,-79.9,25.014,3.11,11.7
9/13/20,4:30:00,0,Biosphere 2,6.31,49747.5,49735.2,89.2,102.7,6.13,259.9,32.54,49736.3,0.24,32329,1.2,8.23,-79.9,25.012,3.11,11.7
9/13/20,4:45:00,0,Biosphere 2,14.53,49750.6,49737.1,89.2,102.6,6.12,260.8,32.55,49738.3,0.56,32330,1.19,8.23,-79.8,25.013,3.11,11.7
9/13/20,5:00:00,0,Biosphere 2,8.22,49751.3,49736,89.2,102.6,6.12,261.1,32.54,49737.4,0.42,32329,1.182,8.23,-79.7,25.015,3.11,11.7
9/13/20,5:15:00,0,Biosphere 2,7.28,49745.3,49735.8,89,102.5,6.11,261.5,32.54,49736.7,0.33,32329,1.184,8.22,-79.7,25.009,3.11,11.7
9/13/20,5:30:00,0,Biosphere 2,7.52,49746.3,49734.8,89,102.4,6.11,261.4,32.54,49735.8,0.39,32328,1.201,8.22,-79.6,25.011,3.11,11.7
9/13/20,5:45:00,0,Biosphere 2,9.41,49746.2,49733.9,89,102.4,6.11,260.9,32.54,49735.1,0.33,32328,1.187,8.22,-79.6,25.012,3.11,11.7
9/13/20,6:00:00,0,Biosphere 2,12.1,49748.9,49737.7,88.9,102.3,6.1,261.5,32.55,49738.7,0.34,32330,1.193,8.22,-79.6,25.011,3.11,11.7
9/13/20,6:15:00,0,Biosphere 2,11.82,49744.3,49737.6,88.5,101.9,6.08,260.1,32.55,49738.2,0.38,32330,1.199,8.22,-79.5,25.006,3.11,11.7
9/13/20,6:30:00,0,Biosphere 2,10.03,49749.6,49738.3,88.9,102.3,6.1,259.9,32.55,49739.3,0.45,32331,1.189,8.22,-79.5,25.011,3.11,11.7
9/13/20,6:45:00,0,Biosphere 2,12.13,49744.4,49734.3,88.8,102.2,6.1,260.2,32.54,49735.3,0.52,32328,1.183,8.22,-79.4,25.01,3.11,11.7
9/13/20,7:00:00,0,Biosphere 2,11.1,49750.8,49733.7,89,102.4,6.11,260.8,32.54,49735.3,0.52,32328,1.19,8.22,-79.4,25.016,3.11,11.7
9/13/20,7:15:00,0,Biosphere 2,11.32,49753.2,49735.9,89,102.4,6.11,261,32.54,49737.6,0.5,32329,1.19,8.22,-79.4,25.016,3.11,11.7
9/13/20,7:30:00,0,Biosphere 2,12.64,49756.6,49737.2,89.1,102.5,6.12,260.6,32.55,49739,0.55,32330,1.192,8.22,-79.4,25.019,3.11,11.7
9/13/20,7:45:00,0,Biosphere 2,12.11,49759.3,49737.8,89.2,102.6,6.12,261.3,32.55,49739.8,0.56,32331,1.2,8.22,-79.3,25.021,3.11,11.7
9/13/20,8:00:00,0,Biosphere 2,3.53,49756.5,49733.6,89.4,102.8,6.13,261.5,32.54,49735.8,0.25,32328,1.192,8.22,-79.4,25.022,3.11,11.7
9/13/20,8:15:00,0,Biosphere 2,7.69,49761.3,49734.2,89.7,103.2,6.16,261.8,32.54,49736.7,0.42,32329,1.189,8.22,-79.3,25.026,3.11,11.7
9/13/20,8:30:00,0,Biosphere 2,4.87,49763.2,49734.2,89.9,103.5,6.17,262,32.54,49736.9,0.23,32329,1.19,8.22,-79.4,25.028,3.11,11.7
9/13/20,8:45:00,0,Biosphere 2,2.86,49766.7,49735,90.3,103.9,6.2,261.6,32.54,49738,0.16,32330,1.193,8.22,-79.4,25.03,3.11,11.7
9/13/20,9:00:00,0,Biosphere 2,14.29,49776.9,49739,90.7,104.4,6.23,261.6,32.55,49742.6,0.5,32333,1.19,8.22,-79.5,25.036,3.11,11.7
9/13/20,9:15:00,0,Biosphere 2,13,49779.9,49738.1,91,104.7,6.25,262.1,32.55,49742,0.58,32332,1.189,8.22,-79.5,25.04,3.11,11.7
9/13/20,9:30:00,0,Biosphere 2,11.16,49783.3,49738.2,91.5,105.4,6.28,262.3,32.55,49742.4,0.46,32333,1.194,8.22,-79.6,25.043,3.11,11.7
9/13/20,9:45:00,0,Biosphere 2,8.6,49785.9,49737.2,91.9,105.8,6.31,261.9,32.55,49741.7,0.52,32332,1.194,8.22,-79.7,25.046,3.11,11.7
9/13/20,10:00:00,0,Biosphere 2,7.41,49790.4,49734.4,92.5,106.4,6.35,258.8,32.55,49739.6,0.32,32331,1.191,8.23,-79.8,25.053,3.11,11.7
9/13/20,10:15:00,0,Biosphere 2,1.75,49800.3,49736.4,92.8,106.8,6.37,259.8,32.55,49742.4,0.13,32333,1.19,8.23,-79.9,25.061,3.11,11.7
9/13/20,10:30:00,0,Biosphere 2,6.66,49808.3,49735.8,93.6,107.7,6.42,260.4,32.55,49742.6,0.36,32333,1.188,8.23,-80,25.069,3.11,11.7
9/13/20,10:45:00,0,Biosphere 2,9.42,49814.4,49735.8,93.9,108.1,6.44,261.1,32.55,49743.2,0.48,32333,1.191,8.23,-80.1,25.075,3.11,11.7
9/13/20,11:00:00,0,Biosphere 2,4.23,49820.1,49731.4,94.4,108.6,6.47,261.2,32.54,49739.7,0.27,32331,1.194,8.23,-80.2,25.085,3.11,11.7
9/13/20,11:15:00,0,Biosphere 2,10.74,49827.3,49731.2,94.8,109.1,6.5,261.9,32.54,49740.2,0.54,32331,1.185,8.23,-80.3,25.092,3.11,11.7
9/13/20,11:30:00,0,Biosphere 2,12.14,49836.3,49729,95.2,109.5,6.53,262.3,32.54,49739,0.46,32330,1.192,8.24,-80.5,25.102,3.11,11.7
9/13/20,11:45:00,0,Biosphere 2,4.93,49847.1,49729,95.9,110.4,6.57,262.6,32.54,49740.1,0.28,32331,1.191,8.24,-80.6,25.113,3.11,11.7
9/13/20,12:00:00,0,Biosphere 2,6.62,49852.6,49726.4,96.3,110.8,6.6,263,32.54,49738.2,0.45,32330,1.184,8.24,-80.7,25.12,3.11,11.7
9/13/20,12:15:00,0,Biosphere 2,12.49,49863.5,49728.4,96.6,111.1,6.62,263.5,32.54,49741,0.46,32332,1.183,8.24,-80.9,25.129,3.11,11.7
9/13/20,12:30:00,0,Biosphere 2,9.29,49867.8,49728.4,96.8,111.5,6.64,264,32.54,49741.5,0.35,32332,1.189,8.25,-81,25.133,3.11,11.7
9/13/20,12:45:00,0,Biosphere 2,3.31,49872.6,49728.1,97.5,112.2,6.68,263.9,32.54,49741.7,0.14,32332,1.192,8.25,-81.1,25.138,3.11,11.7
9/13/20,13:00:00,0,Biosphere 2,14.26,49873.4,49728.7,97.6,112.3,6.69,264.2,32.55,49742.2,0.54,32332,1.189,8.25,-81.2,25.138,3.11,11.7
9/13/20,13:15:00,0,Biosphere 2,3.14,49875.3,49728.9,98.1,112.9,6.72,263.8,32.55,49742.6,0.19,32333,1.193,8.25,-81.4,25.14,3.11,11.7
9/13/20,13:30:00,0,Biosphere 2,2.46,49873.8,49726.4,98.3,113.1,6.73,263.8,32.54,49740.2,0.1,32331,1.199,8.25,-81.5,25.141,3.11,11.7
9/13/20,13:45:00,0,Biosphere 2,12.68,49872.1,49724.1,98.2,113.1,6.73,264,32.54,49738,0.45,32330,1.188,8.25,-81.5,25.141,3.11,11.7
9/13/20,14:00:00,0,Biosphere 2,15.1,49869.9,49723.6,98.4,113.2,6.74,263.8,32.54,49737.3,0.51,32329,1.191,8.26,-81.6,25.14,3.11,11.7
9/13/20,14:15:00,0,Biosphere 2,7.27,49873.7,49726.9,98.5,113.4,6.75,264.2,32.54,49740.6,0.29,32331,1.2,8.26,-81.7,25.14,3.11,11.7
9/13/20,14:30:00,0,Biosphere 2,4.18,49875.7,49724.2,98.9,113.9,6.78,264.4,32.54,49738.4,0.23,32330,1.191,8.26,-81.9,25.145,3.11,11.7
9/13/20,14:45:00,0,Biosphere 2,9.86,49877.1,49725.5,98.9,113.8,6.78,264.6,32.54,49739.7,0.43,32331,1.189,8.26,-81.9,25.145,3.11,11.7
9/13/20,15:00:00,0,Biosphere 2,1.19,49871.2,49723.5,98.7,113.6,6.76,264.7,32.54,49737.4,0.1,32329,1.19,8.26,-81.9,25.141,3.11,11.7
9/13/20,15:15:00,0,Biosphere 2,9.35,49872.7,49722.8,98.6,113.4,6.75,264.8,32.54,49736.8,0.31,32329,1.19,8.26,-82,25.143,3.11,11.7
9/13/20,15:30:00,0,Biosphere 2,8.01,49869.9,49722.5,98.7,113.5,6.76,265.3,32.54,49736.3,0.3,32329,1.192,8.26,-82.1,25.141,3.11,11.7
9/13/20,15:45:00,0,Biosphere 2,11.94,49871.2,49724.4,98.4,113.3,6.74,265.2,32.54,49738.1,0.36,32330,1.199,8.26,-82,25.14,3.11,11.7
9/13/20,16:00:00,0,Biosphere 2,11.11,49868,49722.1,98.3,113.1,6.73,264.6,32.54,49735.8,0.48,32328,1.19,8.26,-82.1,25.139,3.11,11.7
9/13/20,16:15:00,0,Biosphere 2,10.89,49869,49723.7,98.1,112.9,6.72,263.9,32.54,49737.3,0.29,32329,1.191,8.27,-82.1,25.139,3.11,11.7
9/13/20,16:30:00,0,Biosphere 2,7.74,49864.5,49720.8,97.9,112.6,6.71,263.1,32.54,49734.2,0.32,32327,1.191,8.27,-82.1,25.137,3.11,11.7
9/13/20,16:45:00,0,Biosphere 2,8.39,49866.4,49724.6,97.7,112.5,6.7,262.8,32.54,49737.9,0.34,32330,1.193,8.27,-82.1,25.135,3.11,11.7
9/13/20,17:00:00,0,Biosphere 2,8.63,49859.9,49722.1,97.5,112.2,6.68,263,32.54,49735,0.35,32328,1.192,8.27,-82.2,25.131,3.11,11.7
9/13/20,17:15:00,0,Biosphere 2,8.39,49861.6,49724.3,97.3,112,6.67,263.8,32.54,49737.2,0.34,32329,1.19,8.27,-82.2,25.131,3.11,11.7
9/13/20,17:30:00,0,Biosphere 2,8.47,49856.9,49721.4,97.2,111.8,6.66,263.9,32.54,49734.1,0.29,32327,1.185,8.27,-82.2,25.129,3.11,11.7
9/13/20,17:45:00,0,Biosphere 2,3.69,49855.8,49722.2,96.9,111.5,6.64,263.2,32.54,49734.7,0.15,32328,1.193,8.27,-82.2,25.127,3.11,11.7
9/13/20,18:00:00,0,Biosphere 2,16.01,49851.7,49719.5,96.5,111,6.61,262.7,32.54,49731.8,0.45,32326,1.192,8.27,-82.1,25.126,3.11,11.7
9/13/20,18:15:00,0,Biosphere 2,18.49,49849.4,49720.3,96.3,110.8,6.6,263.3,32.54,49732.4,0.52,32326,1.191,8.27,-82.1,25.123,3.11,11.7
9/13/20,18:30:00,0,Biosphere 2,4.49,49845.7,49720.6,96,110.5,6.58,263.6,32.54,49732.3,0.18,32326,1.181,8.27,-82.1,25.119,3.11,11.7
9/13/20,18:45:00,0,Biosphere 2,8.86,49843.2,49719.7,95.7,110.1,6.56,263.9,32.54,49731.3,0.34,32325,1.197,8.26,-82,25.118,3.11,11.7
9/13/20,19:00:00,0,Biosphere 2,8.57,49840.6,49720.7,95.4,109.7,6.54,264.1,32.54,49732,0.35,32326,1.19,8.26,-82,25.114,3.11,11.7
9/13/20,19:15:00,0,Biosphere 2,3.11,49835.4,49721.9,94.9,109.3,6.51,263.7,32.54,49732.5,0.19,32326,1.194,8.26,-82,25.108,3.11,11.7
9/13/20,19:30:00,0,Biosphere 2,10.64,49833.1,49721.3,94.8,109.1,6.5,263.2,32.54,49731.8,0.47,32326,1.181,8.26,-82,25.107,3.11,11.7
9/13/20,19:45:00,0,Biosphere 2,4.73,49833.1,49725.6,94.5,108.7,6.48,262.9,32.54,49735.7,0.14,32328,1.201,8.26,-81.9,25.103,3.11,11.7
9/13/20,20:00:00,0,Biosphere 2,12.73,49830,49724.5,94.3,108.5,6.46,262.9,32.54,49734.4,0.49,32327,1.189,8.26,-81.8,25.101,3.11,11.7
9/13/20,20:15:00,0,Biosphere 2,8.17,49823.8,49723.1,94,108.1,6.44,262.9,32.54,49732.5,0.25,32326,1.184,8.26,-81.8,25.096,3.11,11.7
9/13/20,20:30:00,0,Biosphere 2,7.43,49823,49727,93.6,107.8,6.42,263,32.54,49736,0.35,32328,1.184,8.26,-81.8,25.092,3.11,11.7
9/13/20,20:45:00,0,Biosphere 2,5.76,49815.7,49725.3,93.4,107.5,6.41,262.8,32.54,49733.7,0.3,32327,1.189,8.26,-81.7,25.086,3.11,11.7
9/13/20,21:00:00,0,Biosphere 2,10.6,49813,49725.1,93.2,107.3,6.39,259.4,32.54,49733.3,0.27,32327,1.191,8.26,-81.7,25.084,3.11,11.7
9/13/20,21:15:00,0,Biosphere 2,7.2,49810.3,49726.5,93.1,107.1,6.38,259.5,32.54,49734.4,0.41,32327,1.192,8.26,-81.6,25.08,3.11,11.7
9/13/20,21:30:00,0,Biosphere 2,5.38,49802.7,49725,92.8,106.8,6.37,259.9,32.54,49732.3,0.34,32326,1.181,8.26,-81.6,25.074,3.11,11.7
9/13/20,21:45:00,0,Biosphere 2,3.45,49801.5,49727.4,92.6,106.6,6.35,260.6,32.54,49734.3,0.22,32327,1.193,8.25,-81.5,25.071,3.11,11.7
9/13/20,22:00:00,0,Biosphere 2,8.19,49797.8,49729.7,92.3,106.3,6.33,260.8,32.54,49736.1,0.34,32328,1.184,8.25,-81.4,25.065,3.11,11.7
9/13/20,22:15:00,0,Biosphere 2,14.7,49791.8,49728.4,92.2,106.1,6.33,261,32.54,49734.3,0.48,32327,1.185,8.25,-81.4,25.06,3.11,11.7
9/13/20,22:30:00,0,Biosphere 2,12.68,49790.2,49731,92,105.9,6.31,259.2,32.54,49736.6,0.46,32329,1.186,8.25,-81.4,25.056,3.11,11.7
9/13/20,22:45:00,0,Biosphere 2,12.72,49783.7,49729.9,91.9,105.7,6.3,259.7,32.54,49734.9,0.39,32328,1.185,8.25,-81.3,25.051,3.11,11.7
9/13/20,23:00:00,0,Biosphere 2,17,49778.8,49729.9,91.8,105.6,6.3,260.5,32.54,49734.5,0.52,32327,1.186,8.25,-81.3,25.047,3.11,11.7
9/13/20,23:15:00,0,Biosphere 2,5.29,49777.9,49733.7,91.5,105.3,6.28,260.6,32.54,49737.9,0.34,32330,1.188,8.25,-81.2,25.042,3.11,11.7
9/13/20,23:30:00,0,Biosphere 2,15.48,49773.8,49734.1,91.5,105.3,6.28,260.7,32.54,49737.8,0.64,32330,1.191,8.25,-81.2,25.038,3.11,11.7
9/13/20,23:45:00,0,Biosphere 2,18.08,49764.9,49730.9,91.2,105,6.26,260.9,32.54,49734.1,0.58,32327,1.195,8.25,-81.1,25.032,3.11,11.7
9/14/20,0:00:00,0,Biosphere 2,9.65,49764.7,49734.6,91.1,104.9,6.26,260.9,32.54,49737.4,0.46,32329,1.194,8.25,-81.1,25.029,3.11,11.7
9/14/20,0:15:00,0,Biosphere 2,14.45,49760.9,49733.6,91,104.8,6.25,260.4,32.54,49736.1,0.61,32328,1.192,8.25,-81.1,25.026,3.11,11.7
9/14/20,0:30:00,0,Biosphere 2,10.26,49755.9,49732.3,90.9,104.6,6.24,260.5,32.54,49734.6,0.49,32327,1.2,8.25,-80.9,25.023,3.11,11.7
9/14/20,0:45:00,0,Biosphere 2,8.83,49756.4,49735.1,90.7,104.4,6.23,260,32.54,49737.1,0.43,32329,1.191,8.25,-80.9,25.02,3.11,11.7
9/14/20,1:00:00,0,Biosphere 2,9.64,49751.2,49732.7,90.7,104.4,6.23,260.2,32.54,49734.4,0.5,32327,1.193,8.24,-80.9,25.018,3.11,11.7
9/14/20,1:15:00,0,Biosphere 2,2.91,49752,49733.4,90.6,104.2,6.22,260.5,32.54,49735.1,0.18,32328,1.183,8.24,-80.8,25.018,3.11,11.7
9/14/20,1:30:00,0,Biosphere 2,10.29,49748.5,49732.5,90.4,104,6.21,260.6,32.54,49734,0.49,32327,1.189,8.24,-80.7,25.015,3.11,11.7
9/14/20,1:45:00,0,Biosphere 2,15.04,49748.9,49733,90.3,104,6.2,255.4,32.54,49734.4,0.55,32327,1.201,8.24,-80.7,25.015,3.11,11.7
9/14/20,2:00:00,0,Biosphere 2,8.67,49744.4,49732.2,90.2,103.8,6.19,256.7,32.54,49733.3,0.34,32327,1.191,8.24,-80.7,25.012,3.11,11.7
9/14/20,2:15:00,0,Biosphere 2,6.33,49747.1,49734.8,90.1,103.6,6.18,257.6,32.54,49735.9,0.26,32328,1.192,8.24,-80.7,25.012,3.11,11.7
9/14/20,2:30:00,0,Biosphere 2,13.97,49748.8,49736,90,103.5,6.18,258.4,32.54,49737.2,0.43,32329,1.197,8.24,-80.6,25.012,3.11,11.7
9/14/20,2:45:00,0,Biosphere 2,6.62,49744,49733.4,89.9,103.4,6.17,258.3,32.54,49734.4,0.28,32327,1.189,8.24,-80.5,25.01,3.11,11.7
9/14/20,3:00:00,0,Biosphere 2,8.31,49742.6,49734.7,89.7,103.2,6.16,258.7,32.54,49735.4,0.41,32328,1.182,8.24,-80.5,25.007,3.11,11.7
9/14/20,3:15:00,0,Biosphere 2,10.59,49745.7,49733.2,89.8,103.3,6.17,257.9,32.54,49734.4,0.41,32327,1.191,8.24,-80.5,25.012,3.11,11.7
9/14/20,3:30:00,0,Biosphere 2,5.09,49738.6,49733.5,89.4,102.9,6.14,258.2,32.54,49734,0.25,32327,1.19,8.24,-80.3,25.005,3.11,11.7
9/14/20,3:45:00,0,Biosphere 2,4.44,49743,49733.3,89.7,103.2,6.16,258.8,32.54,49734.2,0.24,32327,1.192,8.24,-80.4,25.009,3.11,11.7
9/14/20,4:00:00,0,Biosphere 2,5.75,49743.4,49735.4,89.5,103,6.15,259.7,32.54,49736.1,0.33,32328,1.2,8.23,-80.3,25.008,3.11,11.7
9/14/20,4:15:00,0,Biosphere 2,6.98,49745,49735.4,89.6,103.1,6.15,260.4,32.54,49736.3,0.36,32329,1.189,8.23,-80.2,25.009,3.11,11.7
9/14/20,4:30:00,0,Biosphere 2,7.81,49745.7,49736.5,89.3,102.7,6.13,260.4,32.54,49737.3,0.38,32329,1.197,8.23,-80.2,25.009,3.11,11.7
9/14/20,4:45:00,0,Biosphere 2,3.05,49744.4,49735.8,89.3,102.8,6.13,261.3,32.54,49736.6,0.14,32329,1.184,8.23,-80.1,25.008,3.11,11.7
9/14/20,5:00:00,0,Biosphere 2,18.7,49741.6,49733.9,89.3,102.7,6.13,261.8,32.54,49734.6,0.44,32328,1.194,8.23,-80.1,25.007,3.11,11.7
9/14/20,5:15:00,0,Biosphere 2,16.75,49745.4,49733.5,89.4,102.8,6.14,261.5,32.54,49734.6,0.6,32328,1.189,8.23,-80.1,25.011,3.11,11.7
9/14/20,5:30:00,0,Biosphere 2,8.09,49744.3,49732.8,89.3,102.7,6.13,261.4,32.54,49733.9,0.28,32327,1.182,8.23,-80,25.011,3.11,11.7
9/14/20,5:45:00,0,Biosphere 2,8.86,49746.3,49736.8,89,102.5,6.11,261.3,32.54,49737.7,0.42,32330,1.198,8.23,-80,25.009,3.11,11.7
9/14/20,6:00:00,0,Biosphere 2,7.29,49751,49737.2,89.2,102.7,6.13,260.9,32.55,49738.5,0.29,32330,1.2,8.23,-79.9,25.013,3.11,11.7
9/14/20,6:15:00,0,Biosphere 2,8.32,49747.7,49734.7,89.3,102.7,6.13,261.1,32.54,49735.9,0.4,32328,1.187,8.23,-79.9,25.012,3.11,11.7
9/14/20,6:30:00,0,Biosphere 2,12.92,49748.1,49734.9,89.2,102.6,6.12,260.9,32.54,49736.1,0.61,32328,1.188,8.23,-79.8,25.013,3.11,11.7
9/14/20,6:45:00,0,Biosphere 2,6.38,49747,49731.6,89.2,102.6,6.12,261,32.54,49733.1,0.36,32327,1.185,8.23,-79.8,25.015,3.11,11.7
9/14/20,7:00:00,0,Biosphere 2,13.51,49748.5,49732.5,89.1,102.6,6.12,261,32.54,49734,0.57,32327,1.189,8.23,-79.8,25.015,3.11,11.7
9/14/20,7:15:00,0,Biosphere 2,2.31,49741.1,49733.1,88.7,102.1,6.09,261.3,32.54,49733.8,0.15,32327,1.192,8.22,-79.7,25.008,3.11,11.7
9/14/20,7:30:00,0,Biosphere 2,8.33,49749.5,49734.6,89.2,102.7,6.13,261.8,32.54,49736,0.39,32328,1.195,8.22,-79.7,25.014,3.11,11.7
9/14/20,7:45:00,0,Biosphere 2,1.81,49748.7,49737.4,89.1,102.6,6.12,261.6,32.55,49738.5,0.13,32330,1.2,8.22,-79.7,25.011,3.11,11.7
9/14/20,8:00:00,0,Biosphere 2,21.2,49748.4,49733.7,89.6,103.1,6.15,261.1,32.54,49735.1,0.79,32328,1.191,8.22,-79.7,25.014,3.11,11.7
9/14/20,8:15:00,0,Biosphere 2,9.89,49745.9,49735,89.9,103.4,6.17,261.5,32.54,49736,0.52,32328,1.185,8.23,-79.7,25.01,3.11,11.7
9/14/20,8:30:00,0,Biosphere 2,4.96,49654,49726.1,90.1,103.7,6.2,262.7,32.53,49719.3,0.19,32318,1.188,8.23,-79.7,24.931,3.11,11.7
9/14/20,8:45:00,0,Biosphere 2,1.87,49627,49748.6,90.5,104.1,6.23,262.5,32.55,49737.2,0.16,32329,1.184,8.23,-79.8,24.884,3.11,11.7
9/14/20,9:00:00,0,Biosphere 2,15.24,49578.9,49742.2,91,104.7,6.27,263,32.54,49726.9,0.57,32323,1.186,8.23,-79.8,24.844,3.11,11.7
9/14/20,9:15:00,0,Biosphere 2,12.83,49495.6,49747.8,91.4,105.2,6.3,263.6,32.54,49724.4,0.36,32321,1.195,8.23,-79.8,24.759,3.11,11.7
9/14/20,9:30:00,0,Biosphere 2,9.65,49456.1,49747.3,91.8,105.6,6.33,262.6,32.54,49720.2,0.44,32318,1.196,8.23,-79.9,24.722,3.11,11.7
9/14/20,9:45:00,0,Biosphere 2,5.82,49494.8,49744.5,92.2,106.1,6.36,262.3,32.54,49721.2,0.17,32319,1.189,8.23,-80,24.762,3.11,11.7
9/14/20,10:00:00,0,Biosphere 2,4.69,49510.1,49747,92.7,106.7,6.39,262.2,32.54,49725,0.29,32321,1.184,8.23,-80.1,24.774,3.11,11.7
9/14/20,10:15:00,0,Biosphere 2,14.06,49512.6,49741.3,93.1,107.1,6.42,260.7,32.54,49720,0.56,32318,1.182,8.23,-80.2,24.782,3.11,11.7
9/14/20,10:30:00,0,Biosphere 2,11.65,49526.4,49741.6,93.6,107.7,6.45,261.2,32.54,49721.5,0.53,32319,1.181,8.24,-80.3,24.795,3.11,11.7
9/14/20,10:45:00,0,Biosphere 2,8.33,49537.6,49739.3,94.2,108.4,6.49,261.8,32.54,49720.5,0.41,32318,1.182,8.24,-80.5,24.807,3.11,11.7
9/14/20,11:00:00,0,Biosphere 2,8.37,49552.8,49742.9,94.6,108.9,6.52,262.6,32.54,49725.1,0.23,32321,1.19,8.24,-80.6,24.819,3.11,11.7
9/14/20,11:15:00,0,Biosphere 2,2.68,49561.7,49739,95.3,109.7,6.57,259.6,32.54,49722.5,0.17,32320,1.19,8.24,-80.7,24.831,3.11,11.7
9/14/20,11:30:00,0,Biosphere 2,1.35,49573.7,49739.1,95.9,110.4,6.61,260,32.54,49723.6,0.11,32320,1.187,8.25,-80.9,24.842,3.11,11.7
9/14/20,11:45:00,0,Biosphere 2,2.84,49584.2,49736.1,96.5,111,6.64,260.5,32.54,49721.9,0.17,32319,1.196,8.25,-81.1,24.855,3.11,11.7
9/14/20,12:00:00,0,Biosphere 2,11.1,49592.6,49736.5,96.7,111.3,6.66,261,32.54,49723.1,0.57,32320,1.193,8.25,-81.1,24.863,3.11,11.7
9/14/20,12:15:00,0,Biosphere 2,3.84,49600.7,49732.8,97.4,112,6.7,261.3,32.54,49720.5,0.2,32318,1.198,8.25,-81.3,24.874,3.11,11.7
9/14/20,12:30:00,0,Biosphere 2,16.39,49608.6,49732.6,97.4,112.1,6.7,261.6,32.54,49721,0.59,32319,1.182,8.25,-81.4,24.882,3.11,11.7
9/14/20,12:45:00,0,Biosphere 2,11.89,49616.3,49730.8,97.8,112.6,6.73,261.9,32.53,49720.1,0.58,32318,1.192,8.26,-81.5,24.891,3.11,11.7
9/14/20,13:00:00,0,Biosphere 2,10.58,49623.6,49732.5,98.1,112.9,6.75,261.6,32.54,49722.3,0.48,32320,1.191,8.26,-81.6,24.896,3.11,11.7
9/14/20,13:15:00,0,Biosphere 2,5.96,49660,49730.6,98.4,113.2,6.76,261.9,32.54,49724,0.23,32321,1.193,8.26,-81.8,24.933,3.11,11.7
9/14/20,13:30:00,0,Biosphere 2,9.85,49668.3,49730.3,98.7,113.6,6.78,262.2,32.54,49724.6,0.4,32321,1.194,8.26,-81.8,24.941,3.11,11.7
9/14/20,13:45:00,0,Biosphere 2,14.46,49684.8,49730.1,98.8,113.7,6.79,262.4,32.54,49725.9,0.41,32322,1.192,8.26,-82,24.957,3.11,11.7
9/14/20,14:00:00,0,Biosphere 2,14.82,49692.6,49726.1,99.4,114.4,6.83,260.3,32.53,49722.9,0.64,32320,1.197,8.27,-82.1,24.968,3.11,11.7
9/14/20,14:15:00,0,Biosphere 2,2.73,49700.7,49727.3,99.2,114.1,6.81,260.9,32.54,49724.8,0.18,32321,1.183,8.27,-82.1,24.975,3.11,11.7
9/14/20,14:30:00,0,Biosphere 2,2.73,49709.3,49727.3,99.5,114.5,6.83,259.8,32.54,49725.6,0.17,32322,1.184,8.27,-82.3,24.983,3.11,11.7
9/14/20,14:45:00,0,Biosphere 2,9.73,49714.2,49727.8,99.4,114.4,6.83,260.6,32.54,49726.5,0.55,32322,1.196,8.27,-82.3,24.987,3.11,11.7
9/14/20,15:00:00,0,Biosphere 2,9.49,49719.1,49727.2,99.4,114.4,6.83,260.7,32.54,49726.5,0.49,32322,1.188,8.27,-82.4,24.992,3.11,11.7
9/14/20,15:15:00,0,Biosphere 2,10.23,49720.5,49724.4,99.4,114.4,6.83,261.1,32.54,49724,0.36,32321,1.189,8.27,-82.5,24.996,3.11,11.7
9/14/20,15:30:00,0,Biosphere 2,3.23,49725.6,49727.4,99.4,114.4,6.83,261.5,32.54,49727.2,0.23,32323,1.191,8.27,-82.5,24.998,3.11,11.7
9/14/20,15:45:00,0,Biosphere 2,2.76,49727,49727.5,99.3,114.3,6.82,262,32.54,49727.5,0.15,32323,1.182,8.27,-82.6,24.999,3.11,11.7
9/14/20,16:00:00,0,Biosphere 2,15.04,49731.1,49727.7,99.2,114.2,6.81,261.9,32.54,49728,0.51,32323,1.188,8.27,-82.6,25.003,3.11,11.7
9/14/20,16:15:00,0,Biosphere 2,9.34,49730.3,49726.2,99,113.9,6.8,262,32.54,49726.6,0.33,32322,1.19,8.27,-82.6,25.004,3.11,11.7
9/14/20,16:30:00,0,Biosphere 2,10.69,49731.4,49725.4,98.7,113.6,6.78,260.8,32.54,49726,0.55,32322,1.193,8.28,-82.7,25.006,3.11,11.7
9/14/20,16:45:00,0,Biosphere 2,5.88,49732.8,49725.5,98.6,113.5,6.77,260.8,32.54,49726.2,0.3,32322,1.199,8.28,-82.7,25.007,3.11,11.7
9/14/20,17:00:00,0,Biosphere 2,8.75,49733.7,49725.7,98.3,113.2,6.75,261,32.54,49726.5,0.32,32322,1.182,8.28,-82.7,25.008,3.11,11.7
9/14/20,17:15:00,0,Biosphere 2,12.28,49736.3,49722.5,98.1,112.9,6.73,261,32.53,49723.8,0.5,32320,1.192,8.28,-82.7,25.013,3.11,11.7
9/14/20,17:30:00,0,Biosphere 2,7.18,49735.3,49722.4,97.9,112.6,6.72,260.6,32.53,49723.6,0.35,32320,1.201,8.28,-82.7,25.012,3.11,11.7
9/14/20,17:45:00,0,Biosphere 2,13.84,49739.3,49725.1,97.7,112.4,6.71,260.3,32.54,49726.4,0.51,32322,1.192,8.28,-82.7,25.014,3.11,11.7
9/14/20,18:00:00,0,Biosphere 2,9.7,49740.5,49726.5,97.3,112,6.68,260.4,32.54,49727.8,0.45,32323,1.189,8.28,-82.7,25.013,3.11,11.7
9/14/20,18:15:00,0,Biosphere 2,10.65,49739.3,49725.7,97.1,111.7,6.66,260.7,32.54,49727,0.46,32323,1.196,8.27,-82.6,25.013,3.11,11.7
9/14/20,18:30:00,0,Biosphere 2,12.28,49738.6,49724.1,96.7,111.3,6.64,260.2,32.54,49725.5,0.48,32322,1.198,8.27,-82.6,25.014,3.11,11.7
9/14/20,18:45:00,0,Biosphere 2,9.59,49736.4,49724.4,96.4,111,6.62,260.4,32.54,49725.5,0.44,32322,1.191,8.27,-82.6,25.012,3.11,11.7
9/14/20,19:00:00,0,Biosphere 2,10.23,49741.3,49727.7,96.1,110.6,6.6,260.1,32.54,49729,0.42,32324,1.185,8.27,-82.6,25.013,3.11,11.7
9/14/20,19:15:00,0,Biosphere 2,9.36,49737,49724.8,95.9,110.3,6.58,259.7,32.54,49726,0.42,32322,1.184,8.27,-82.5,25.012,3.11,11.7
9/14/20,19:30:00,0,Biosphere 2,13.08,49734.5,49724.6,95.4,109.8,6.55,260.4,32.54,49725.5,0.48,32322,1.185,8.27,-82.4,25.009,3.11,11.7
9/14/20,19:45:00,0,Biosphere 2,11.5,49737.3,49726,95.2,109.6,6.54,260.2,32.54,49727,0.46,32323,1.2,8.27,-82.4,25.011,3.11,11.7
9/14/20,20:00:00,0,Biosphere 2,12.67,49735.7,49725.1,94.8,109.2,6.51,260.7,32.54,49726.1,0.43,32322,1.196,8.27,-82.4,25.01,3.11,11.7
9/14/20,20:15:00,0,Biosphere 2,16.14,49730.3,49723.9,94.3,108.5,6.48,260.9,32.54,49724.5,0.4,32321,1.198,8.27,-82.3,25.006,3.11,11.7
9/14/20,20:30:00,0,Biosphere 2,3.89,49731.7,49724,94.2,108.5,6.47,261.1,32.54,49724.7,0.27,32321,1.192,8.27,-82.3,25.007,3.11,11.7
9/14/20,20:45:00,0,Biosphere 2,10.55,49736.4,49725.5,94,108.2,6.45,261.7,32.54,49726.5,0.51,32322,1.192,8.27,-82.2,25.01,3.11,11.7
9/14/20,21:00:00,0,Biosphere 2,6.53,49730.4,49726.4,93.7,107.8,6.43,261.8,32.54,49726.8,0.3,32322,1.183,8.27,-82.2,25.004,3.11,11.7
9/14/20,21:15:00,0,Biosphere 2,12.71,49733.7,49726.5,93.6,107.7,6.43,262,32.54,49727.1,0.45,32323,1.182,8.27,-82.2,25.007,3.11,11.7
9/14/20,21:30:00,0,Biosphere 2,3.86,49733.7,49727.7,93.2,107.2,6.4,261.9,32.54,49728.3,0.25,32323,1.188,8.27,-82.1,25.006,3.11,11.7
9/14/20,21:45:00,0,Biosphere 2,4.66,49731.4,49726,93,107,6.39,262.6,32.54,49726.6,0.21,32322,1.19,8.26,-82,25.005,3.11,11.7
9/14/20,22:00:00,0,Biosphere 2,3.83,49731.9,49727,92.7,106.7,6.36,262.2,32.54,49727.4,0.22,32323,1.189,8.26,-82,25.005,3.11,11.7
9/14/20,22:15:00,0,Biosphere 2,8.1,49732.1,49724.8,92.6,106.5,6.36,262.6,32.54,49725.4,0.33,32322,1.196,8.26,-81.9,25.007,3.11,11.7
9/14/20,22:30:00,0,Biosphere 2,0.93,49730.9,49722,92.3,106.3,6.34,262.5,32.53,49722.9,0.09,32320,1.201,8.26,-81.8,25.008,3.11,11.7
9/14/20,22:45:00,0,Biosphere 2,5.55,49732.8,49723.2,92.2,106.1,6.33,262,32.53,49724.1,0.18,32321,1.19,8.26,-81.8,25.009,3.11,11.7
9/14/20,23:00:00,0,Biosphere 2,10.75,49735.4,49724.2,92.1,106,6.32,261.3,32.54,49725.3,0.41,32321,1.19,8.26,-81.8,25.011,3.11,11.7
9/14/20,23:15:00,0,Biosphere 2,12.07,49738.8,49728.2,91.6,105.5,6.29,260.3,32.54,49729.2,0.51,32324,1.19,8.26,-81.7,25.01,3.11,11.7
9/14/20,23:30:00,0,Biosphere 2,1.71,49735.1,49723.8,91.5,105.3,6.28,260.5,32.54,49724.9,0.13,32321,1.189,8.26,-81.7,25.011,3.11,11.7
9/14/20,23:45:00,0,Biosphere 2,5.34,49736.8,49725.1,91.5,105.3,6.28,260.3,32.54,49726.2,0.3,32322,1.191,8.26,-81.6,25.011,3.11,11.7
9/15/20,0:00:00,0,Biosphere 2,11.11,49737.8,49725.8,91.2,105,6.26,260,32.54,49726.9,0.45,32323,1.186,8.26,-81.6,25.011,3.11,11.7
9/15/20,0:15:00,0,Biosphere 2,9.54,49739.6,49726.7,91.2,105,6.26,259.7,32.54,49727.9,0.44,32323,1.2,8.26,-81.5,25.012,3.11,11.7
9/15/20,0:30:00,0,Biosphere 2,2.28,49734.6,49724.4,91,104.7,6.25,259.9,32.54,49725.4,0.16,32321,1.196,8.25,-81.5,25.01,3.11,11.7
9/15/20,0:45:00,0,Biosphere 2,9.44,49739.7,49724.5,91.1,104.8,6.25,260.2,32.54,49725.9,0.36,32322,1.19,8.25,-81.4,25.014,3.11,11.7
9/15/20,1:00:00,0,Biosphere 2,1.51,49743.6,49727,90.9,104.6,6.24,260.2,32.54,49728.5,0.14,32324,1.191,8.25,-81.4,25.016,3.11,11.7
9/15/20,1:15:00,0,Biosphere 2,10.39,49743.4,49727.1,90.7,104.4,6.23,260.3,32.54,49728.6,0.39,32324,1.19,8.25,-81.3,25.016,3.11,11.7
9/15/20,1:30:00,0,Biosphere 2,5.08,49735.1,49726.9,90.4,104.1,6.21,260.8,32.54,49727.7,0.25,32323,1.19,8.25,-81.3,25.008,3.11,11.7
9/15/20,1:45:00,0,Biosphere 2,7.75,49743.3,49727.8,90.6,104.3,6.22,261.4,32.54,49729.3,0.58,32324,1.191,8.25,-81.2,25.015,3.11,11.7
9/15/20,2:00:00,0,Biosphere 2,10.63,49743,49728,90.3,104,6.2,261.3,32.54,49729.4,0.44,32324,1.189,8.25,-81.2,25.014,3.11,11.7
9/15/20,2:15:00,0,Biosphere 2,9.24,49739.6,49728.4,90,103.6,6.18,259.6,32.54,49729.4,0.43,32324,1.199,8.25,-81.1,25.011,3.11,11.7
9/15/20,2:30:00,0,Biosphere 2,13.6,49740.9,49724.5,90.3,103.9,6.2,260,32.54,49726,0.65,32322,1.19,8.25,-81.1,25.016,3.11,11.7
9/15/20,2:45:00,0,Biosphere 2,6.66,49736.4,49726.8,89.9,103.5,6.17,260.3,32.54,49727.7,0.32,32323,1.184,8.25,-81,25.009,3.11,11.7
9/15/20,3:00:00,0,Biosphere 2,16.97,49734.1,49725.5,89.8,103.4,6.17,259.4,32.54,49726.3,0.65,32322,1.191,8.25,-80.9,25.008,3.11,11.7
9/15/20,3:15:00,0,Biosphere 2,14.66,49738.2,49724.8,89.9,103.5,6.17,259.8,32.54,49726,0.59,32322,1.2,8.24,-80.9,25.013,3.11,11.7
9/15/20,3:30:00,0,Biosphere 2,19.4,49739.2,49725.1,89.8,103.4,6.17,260,32.54,49726.4,0.69,32322,1.193,8.24,-80.9,25.013,3.11,11.7
9/15/20,3:45:00,0,Biosphere 2,6.91,49741,49726.6,89.9,103.5,6.17,260.1,32.54,49727.9,0.33,32323,1.191,8.24,-80.8,25.014,3.11,11.7
9/15/20,4:00:00,0,Biosphere 2,10.22,49743.5,49728.1,89.7,103.3,6.16,260.4,32.54,49729.6,0.43,32324,1.192,8.24,-80.8,25.015,3.11,11.7
9/15/20,4:15:00,0,Biosphere 2,14.3,49737,49726.4,89.7,103.3,6.16,260.6,32.54,49727.3,0.52,32323,1.191,8.24,-80.7,25.01,3.11,11.7
9/15/20,4:30:00,0,Biosphere 2,17.08,49740.9,49728.3,89.8,103.3,6.17,261.1,32.54,49729.5,0.58,32324,1.182,8.24,-80.7,25.012,3.11,11.7
9/15/20,4:45:00,0,Biosphere 2,12.61,49735.3,49725.5,89.5,103.1,6.15,261.7,32.54,49726.4,0.43,32322,1.184,8.24,-80.6,25.009,3.11,11.7
9/15/20,5:00:00,0,Biosphere 2,13.48,49737.2,49725.6,89.6,103.1,6.15,261.3,32.54,49726.7,0.55,32322,1.2,8.24,-80.6,25.011,3.11,11.7
9/15/20,5:15:00,0,Biosphere 2,9.63,49739.2,49729.5,89.4,102.9,6.14,260.7,32.54,49730.4,0.59,32325,1.192,8.24,-80.5,25.009,3.11,11.7
9/15/20,5:30:00,0,Biosphere 2,9.83,49738.4,49729.7,89.4,102.8,6.14,260.7,32.54,49730.5,0.46,32325,1.189,8.24,-80.5,25.008,3.11,11.7
9/15/20,5:45:00,0,Biosphere 2,10.6,49740.5,49728.4,89.3,102.8,6.13,260.1,32.54,49729.5,0.44,32324,1.19,8.24,-80.4,25.012,3.11,11.7
9/15/20,6:00:00,0,Biosphere 2,14.23,49730.4,49724.8,89.1,102.6,6.12,260,32.54,49725.4,0.5,32321,1.191,8.24,-80.4,25.005,3.11,11.7
9/15/20,6:15:00,0,Biosphere 2,9.79,49737,49725.1,89.4,102.8,6.14,260,32.54,49726.2,0.33,32322,1.197,8.24,-80.3,25.011,3.11,11.7
9/15/20,6:30:00,0,Biosphere 2,15.48,49744.1,49727.3,89.4,102.9,6.14,260.5,32.54,49728.8,0.69,32324,1.192,8.23,-80.3,25.016,3.11,11.7
9/15/20,6:45:00,0,Biosphere 2,10.03,49740.2,49725.8,89.3,102.8,6.13,260.3,32.54,49727.2,0.41,32323,1.197,8.23,-80.2,25.014,3.11,11.7
9/15/20,7:00:00,0,Biosphere 2,8.68,49737.5,49729,89,102.5,6.11,260.7,32.54,49729.8,0.34,32324,1.191,8.23,-80.2,25.008,3.11,11.7
9/15/20,7:15:00,0,Biosphere 2,14.51,49749.8,49727.9,89.4,102.9,6.14,261,32.54,49730,0.73,32324,1.19,8.23,-80.2,25.021,3.11,11.7
9/15/20,7:30:00,0,Biosphere 2,7.86,49750.3,49728.1,89.7,103.2,6.16,260.8,32.54,49730.1,0.27,32325,1.199,8.23,-80.2,25.021,3.11,11.7
9/15/20,7:45:00,0,Biosphere 2,5.54,49747,49723.7,89.9,103.4,6.17,261.4,32.54,49725.8,0.4,32322,1.19,8.23,-80.2,25.022,3.11,11.7
9/15/20,8:00:00,0,Biosphere 2,15.48,49750.2,49723.7,90.1,103.7,6.19,262,32.54,49726.2,0.5,32322,1.188,8.23,-80.2,25.025,3.11,11.7
9/15/20,8:15:00,0,Biosphere 2,16.32,49751.6,49722.9,90.3,103.9,6.2,262.5,32.54,49725.5,0.61,32322,1.187,8.23,-80.2,25.027,3.11,11.7
9/15/20,8:30:00,0,Biosphere 2,10.35,49758,49722.5,90.7,104.3,6.22,262.5,32.54,49725.8,0.34,32322,1.189,8.23,-80.3,25.034,3.11,11.7
9/15/20,8:45:00,0,Biosphere 2,15.57,49762.4,49720.6,91.1,104.8,6.25,263.1,32.53,49724.5,0.83,32321,1.19,8.23,-80.3,25.04,3.11,11.7
9/15/20,9:00:00,0,Biosphere 2,20.28,49771.6,49723.7,91.4,105.2,6.28,263.7,32.54,49728.2,0.86,32323,1.193,8.24,-80.4,25.046,3.11,11.7
9/15/20,9:15:00,0,Biosphere 2,10.29,49780.9,49718.4,91.9,105.8,6.31,264,32.53,49724.2,0.69,32321,1.2,8.24,-80.4,25.06,3.11,11.7
9/15/20,9:30:00,0,Biosphere 2,4.32,49798.6,49723.5,92.6,106.6,6.35,264.2,32.54,49730.6,0.24,32325,1.189,8.24,-80.6,25.072,3.11,11.7
9/15/20,9:45:00,0,Biosphere 2,15.23,49805,49719.9,93.1,107.2,6.39,264.3,32.54,49727.8,0.61,32323,1.192,8.24,-80.6,25.081,3.11,11.7
9/15/20,10:00:00,0,Biosphere 2,16.3,49811.5,49714.8,93.5,107.6,6.41,264.4,32.53,49723.9,0.48,32321,1.192,8.24,-80.7,25.092,3.11,11.7
9/15/20,10:15:00,0,Biosphere 2,13.79,49826.3,49716.7,94,108.2,6.44,264.7,32.53,49727,0.83,32323,1.19,8.24,-80.8,25.105,3.11,11.7
9/15/20,10:30:00,0,Biosphere 2,5.58,49835.9,49713.3,94.6,108.9,6.48,265.1,32.53,49724.7,0.31,32321,1.184,8.25,-81,25.117,3.11,11.7
9/15/20,10:45:00,0,Biosphere 2,7.26,49844.8,49712.8,95.5,109.8,6.54,265.4,32.53,49725.1,0.32,32321,1.182,8.25,-81.1,25.126,3.11,11.7
9/15/20,11:00:00,0,Biosphere 2,12.94,49844.5,49712,95.8,110.2,6.57,265.4,32.53,49724.4,0.54,32321,1.185,8.25,-81.2,25.126,3.11,11.7
9/15/20,11:15:00,0,Biosphere 2,1.31,49844.8,49711.2,96.5,111,6.61,261.2,32.53,49723.7,0.12,32320,1.19,8.25,-81.4,25.127,3.11,11.7
9/15/20,11:30:00,0,Biosphere 2,10.43,49853.1,49710.7,97,111.6,6.65,262.4,32.53,49724.1,0.42,32321,1.195,8.26,-81.5,25.136,3.11,11.7
9/15/20,11:45:00,0,Biosphere 2,15.11,49841.7,49712.5,97.2,111.8,6.66,261.5,32.53,49724.6,0.52,32321,1.195,8.26,-81.7,25.123,3.11,11.7
9/15/20,12:00:00,0,Biosphere 2,8.64,49859.5,49715.1,98.3,113.1,6.73,262.1,32.54,49728.6,0.44,32324,1.199,8.26,-81.9,25.138,3.11,11.7
9/15/20,12:15:00,0,Biosphere 2,6.63,49849.2,49714.4,98.3,113.1,6.73,262.5,32.53,49727.1,0.4,32323,1.191,8.26,-81.9,25.129,3.11,11.7
9/15/20,12:30:00,0,Biosphere 2,1.49,49859,49716.9,98.9,113.8,6.78,263.7,32.54,49730.2,0.12,32325,1.186,8.27,-82.1,25.136,3.11,11.7
9/15/20,12:45:00,0,Biosphere 2,0.88,49850.7,49711.9,99.4,114.3,6.81,258.7,32.53,49724.9,0.11,32321,1.183,8.27,-82.2,25.132,3.11,11.7
9/15/20,13:00:00,0,Biosphere 2,11.78,49843.3,49713.7,99.1,114,6.79,258.8,32.53,49725.8,0.48,32322,1.186,8.27,-82.3,25.124,3.11,11.7
9/15/20,13:15:00,0,Biosphere 2,4.31,49842,49717.5,99.4,114.3,6.81,260.3,32.54,49729.2,0.29,32324,1.193,8.27,-82.4,25.119,3.11,11.7
9/15/20,13:30:00,0,Biosphere 2,10.75,49841.2,49714.6,99.6,114.6,6.82,261.9,32.53,49726.5,0.43,32322,1.192,8.27,-82.5,25.121,3.11,11.7
9/15/20,13:45:00,0,Biosphere 2,10.21,49842.2,49718.1,99.6,114.7,6.83,263,32.54,49729.8,0.46,32324,1.19,8.27,-82.6,25.118,3.11,11.7
9/15/20,14:00:00,0,Biosphere 2,2.25,49849.9,49715.6,100.1,115.3,6.86,261.9,32.54,49728.2,0.16,32323,1.185,8.28,-82.7,25.128,3.11,11.7
9/15/20,14:15:00,0,Biosphere 2,6.88,49846.2,49717.6,99.7,114.8,6.84,262.3,32.54,49729.6,0.45,32324,1.183,8.28,-82.7,25.123,3.11,11.7
9/15/20,14:30:00,0,Biosphere 2,10.57,49842.3,49714.4,99.9,115,6.85,262.4,32.53,49726.4,0.43,32322,1.191,8.28,-82.8,25.122,3.11,11.7
9/15/20,14:45:00,0,Biosphere 2,2.53,49850.2,49716.4,100.1,115.2,6.86,263,32.54,49729,0.11,32324,1.191,8.28,-82.9,25.128,3.11,11.7
9/15/20,15:00:00,0,Biosphere 2,9.62,49847.5,49716.2,99.8,114.8,6.84,262.4,32.54,49728.5,0.39,32324,1.191,8.28,-82.9,25.125,3.11,11.7
9/15/20,15:15:00,0,Biosphere 2,16.12,49845.3,49716.5,99.7,114.7,6.83,262.1,32.54,49728.5,0.45,32324,1.19,8.28,-83,25.123,3.11,11.7
9/15/20,15:30:00,0,Biosphere 2,11.95,49846,49716.7,99.5,114.6,6.82,262.5,32.54,49728.8,0.58,32324,1.187,8.28,-83,25.123,3.11,11.7
9/15/20,15:45:00,0,Biosphere 2,10.31,49845.9,49717.8,99.4,114.4,6.81,262.7,32.54,49729.8,0.46,32324,1.181,8.28,-83.1,25.122,3.11,11.7
9/15/20,16:00:00,0,Biosphere 2,8.44,49846.2,49717.7,99.2,114.2,6.8,263,32.54,49729.7,0.39,32324,1.187,8.28,-83,25.123,3.11,11.7
9/15/20,16:15:00,0,Biosphere 2,16.69,49847,49719.6,98.9,113.9,6.78,263.1,32.54,49731.6,0.55,32326,1.195,8.28,-83.1,25.122,3.11,11.7
9/15/20,16:30:00,0,Biosphere 2,5.52,49843.6,49717.5,98.8,113.7,6.77,263.2,32.54,49729.3,0.17,32324,1.185,8.28,-83.1,25.12,3.11,11.7
9/15/20,16:45:00,0,Biosphere 2,2.52,49847.9,49721.5,98.4,113.2,6.74,263.3,32.54,49733.3,0.21,32327,1.181,8.28,-83.1,25.121,3.11,11.7
9/15/20,17:00:00,0,Biosphere 2,3.38,49847.1,49722.2,98.1,112.9,6.73,263.4,32.54,49733.9,0.16,32327,1.182,8.28,-83.1,25.119,3.11,11.7
9/15/20,17:15:00,0,Biosphere 2,3.1,49847,49722.6,97.9,112.6,6.71,263.5,32.54,49734.3,0.2,32327,1.195,8.28,-83.1,25.119,3.11,11.7
9/15/20,17:30:00,0,Biosphere 2,11.56,49844.4,49719.4,97.6,112.3,6.69,263.3,32.54,49731.1,0.37,32325,1.2,8.28,-83.1,25.119,3.11,11.7
9/15/20,17:45:00,0,Biosphere 2,13.8,49846.4,49720.6,97.3,112,6.67,263.3,32.54,49732.4,0.3,32326,1.191,8.28,-83.1,25.12,3.11,11.7
9/15/20,18:00:00,0,Biosphere 2,9.14,49843.5,49718.4,97,111.6,6.65,261.9,32.54,49730.1,0.48,32325,1.185,8.28,-83.1,25.119,3.11,11.7
9/15/20,18:15:00,0,Biosphere 2,10.98,49845.5,49720.4,96.7,111.3,6.63,262.2,32.54,49732.1,0.63,32326,1.192,8.28,-83,25.119,3.11,11.7
9/15/20,18:30:00,0,Biosphere 2,8.73,49843.2,49718.4,96.4,111,6.61,262.8,32.54,49730.1,0.35,32325,1.181,8.28,-83,25.119,3.11,11.7
9/15/20,18:45:00,0,Biosphere 2,6.69,49845.8,49720.9,96.1,110.6,6.58,261.5,32.54,49732.6,0.39,32326,1.193,8.28,-83,25.119,3.11,11.7
9/15/20,19:00:00,0,Biosphere 2,4.17,49844.4,49719.8,95.7,110.2,6.56,261.8,32.54,49731.5,0.26,32325,1.2,8.28,-82.9,25.119,3.11,11.7
9/15/20,19:15:00,0,Biosphere 2,9.99,49842.7,49718.3,95.5,109.9,6.55,262.2,32.54,49730,0.36,32324,1.19,8.28,-82.9,25.119,3.11,11.7
9/15/20,19:30:00,0,Biosphere 2,13.57,49841.4,49718.2,95.1,109.5,6.52,262.6,32.54,49729.7,0.43,32324,1.191,8.28,-82.8,25.118,3.11,11.7
9/15/20,19:45:00,0,Biosphere 2,20.44,49838.6,49716.5,94.8,109.1,6.5,263,32.54,49728,0.8,32323,1.192,8.28,-82.8,25.117,3.11,11.7
9/15/20,20:00:00,0,Biosphere 2,14.72,49840.7,49719.5,94.6,108.8,6.48,261.3,32.54,49730.9,0.5,32325,1.2,8.28,-82.8,25.116,3.11,11.7
9/15/20,20:15:00,0,Biosphere 2,10.64,49837.7,49718.5,94.3,108.5,6.47,261.4,32.54,49729.7,0.6,32324,1.193,8.28,-82.7,25.114,3.11,11.7
9/15/20,20:30:00,0,Biosphere 2,11.91,49833,49715.9,94.1,108.3,6.45,261.7,32.53,49726.9,0.48,32322,1.19,8.27,-82.7,25.112,3.11,11.7
9/15/20,20:45:00,0,Biosphere 2,15.66,49830.4,49716,93.8,107.9,6.43,257.7,32.53,49726.7,0.62,32322,1.183,8.27,-82.6,25.109,3.11,11.7
9/15/20,21:00:00,0,Biosphere 2,6.44,49830.8,49719.3,93.6,107.7,6.42,257,32.54,49729.7,0.43,32324,1.184,8.27,-82.6,25.106,3.11,11.7
9/15/20,21:15:00,0,Biosphere 2,13.47,49824.2,49716.6,93.3,107.4,6.4,257.4,32.53,49726.7,0.42,32322,1.192,8.27,-82.5,25.103,3.11,11.7
9/15/20,21:30:00,0,Biosphere 2,5.1,49821.1,49715.6,93,107,6.38,257.6,32.53,49725.5,0.26,32322,1.19,8.27,-82.4,25.101,3.11,11.7
9/15/20,21:45:00,0,Biosphere 2,7.72,49823.3,49719.8,92.8,106.8,6.37,257.6,32.54,49729.5,0.34,32324,1.192,8.27,-82.4,25.099,3.11,11.7
9/15/20,22:00:00,0,Biosphere 2,8.88,49819.7,49719.7,92.7,106.7,6.35,258,32.54,49729,0.27,32324,1.198,8.27,-82.4,25.095,3.11,11.7
9/15/20,22:15:00,0,Biosphere 2,17.14,49814.8,49717.7,92.5,106.5,6.34,258.6,32.53,49726.8,0.78,32322,1.19,8.27,-82.3,25.093,3.11,11.7
9/15/20,22:30:00,0,Biosphere 2,13.89,49811.9,49718,92.3,106.3,6.33,258.2,32.53,49726.8,0.68,32322,1.192,8.27,-82.3,25.09,3.11,11.7
9/15/20,22:45:00,0,Biosphere 2,16.37,49812.6,49720.9,92.1,106,6.32,258.4,32.54,49729.5,0.72,32324,1.19,8.27,-82.2,25.088,3.11,11.7
9/15/20,23:00:00,0,Biosphere 2,17.16,49807.3,49720,91.9,105.8,6.3,258.2,32.54,49728.1,0.76,32323,1.193,8.27,-82.2,25.083,3.11,11.7
9/15/20,23:15:00,0,Biosphere 2,7.52,49805.1,49721.3,91.8,105.6,6.3,258,32.54,49729.2,0.33,32324,1.195,8.27,-82.1,25.08,3.11,11.7
9/15/20,23:30:00,0,Biosphere 2,13.4,49796.9,49717.6,91.5,105.3,6.27,257.1,32.53,49725,0.51,32321,1.182,8.26,-82,25.076,3.11,11.7
9/15/20,23:45:00,0,Biosphere 2,12.26,49793.7,49719,91.4,105.1,6.27,257.3,32.53,49726,0.34,32322,1.181,8.26,-81.9,25.071,3.11,11.7
9/16/20,0:00:00,0,Biosphere 2,8.44,49794.2,49720.4,91.2,105,6.26,257.5,32.54,49727.3,0.28,32323,1.182,8.26,-81.9,25.07,3.11,11.7
9/16/20,0:15:00,0,Biosphere 2,17.42,49791.8,49721.5,91.1,104.9,6.25,257.8,32.54,49728.1,0.59,32323,1.19,8.26,-81.9,25.067,3.11,11.7
9/16/20,0:30:00,0,Biosphere 2,13.95,49786.4,49721.5,91,104.8,6.25,257.7,32.54,49727.6,0.53,32323,1.198,8.26,-81.8,25.062,3.11,11.7
9/16/20,0:45:00,0,Biosphere 2,8.15,49782.7,49721.9,90.9,104.6,6.24,257.2,32.54,49727.5,0.33,32323,1.2,8.26,-81.8,25.058,3.11,11.7
9/16/20,1:00:00,0,Biosphere 2,16.67,49776.6,49719.5,90.8,104.5,6.23,256.6,32.53,49724.8,0.47,32321,1.188,8.26,-81.7,25.055,3.11,11.7
9/16/20,1:15:00,0,Biosphere 2,9.88,49774.9,49721.6,90.5,104.2,6.21,257,32.54,49726.6,0.44,32322,1.192,8.26,-81.7,25.051,3.11,11.7
9/16/20,1:30:00,0,Biosphere 2,1.72,49767.8,49719.4,90.5,104.1,6.21,257.7,32.53,49723.9,0.14,32321,1.191,8.26,-81.6,25.046,3.11,11.7
9/16/20,1:45:00,0,Biosphere 2,15.14,49768.9,49722.6,90.4,104,6.2,257.3,32.54,49727,0.46,32323,1.194,8.26,-81.5,25.044,3.11,11.7
9/16/20,2:00:00,0,Biosphere 2,11.05,49760,49720.5,90.2,103.8,6.19,257.8,32.53,49724.2,0.32,32321,1.193,8.26,-81.5,25.038,3.11,11.7
9/16/20,2:15:00,0,Biosphere 2,14.69,49760.9,49724.2,90.2,103.8,6.19,257,32.54,49727.6,0.57,32323,1.186,8.25,-81.4,25.035,3.11,11.7
9/16/20,2:30:00,0,Biosphere 2,13.53,49756.7,49724.2,90.1,103.7,6.19,257.1,32.54,49727.3,0.72,32323,1.181,8.25,-81.4,25.031,3.11,11.7
9/16/20,2:45:00,0,Biosphere 2,16.92,49753,49724.2,90.1,103.7,6.18,257.6,32.54,49726.9,0.69,32322,1.193,8.25,-81.4,25.027,3.11,11.7
9/16/20,3:00:00,0,Biosphere 2,17.92,49745.7,49723,90,103.6,6.18,257.7,32.54,49725.2,0.71,32321,1.198,8.25,-81.3,25.022,3.11,11.7
9/16/20,3:15:00,0,Biosphere 2,2.32,49744.3,49726.2,89.8,103.4,6.17,258.4,32.54,49727.9,0.14,32323,1.199,8.25,-81.2,25.017,3.11,11.7
9/16/20,3:30:00,0,Biosphere 2,8.92,49741.7,49726.1,89.9,103.4,6.17,258.6,32.54,49727.5,0.44,32323,1.192,8.25,-81.2,25.015,3.11,11.7
9/16/20,3:45:00,0,Biosphere 2,7.87,49734.8,49723.8,89.7,103.2,6.16,258.8,32.54,49724.8,0.39,32321,1.184,8.25,-81.1,25.011,3.11,11.7
9/16/20,4:00:00,0,Biosphere 2,7.09,49738.6,49726.5,89.6,103.1,6.15,258.7,32.54,49727.7,0.29,32323,1.191,8.25,-81.1,25.011,3.11,11.7
9/16/20,4:15:00,0,Biosphere 2,17.19,49734.1,49723.6,89.6,103.1,6.16,257.9,32.54,49724.6,0.47,32321,1.193,8.25,-81,25.01,3.11,11.7
9/16/20,4:30:00,0,Biosphere 2,11.98,49734.3,49726.5,89.6,103.1,6.15,258.5,32.54,49727.2,0.37,32323,1.182,8.25,-81,25.008,3.11,11.7
9/16/20,4:45:00,0,Biosphere 2,15.2,49733,49726.3,89.5,103,6.15,258.7,32.54,49726.9,0.55,32323,1.195,8.25,-81,25.006,3.11,11.7
9/16/20,5:00:00,0,Biosphere 2,7.19,49729.9,49726.2,89.4,102.9,6.14,259,32.54,49726.5,0.4,32322,1.193,8.24,-80.9,25.004,3.11,11.7
9/16/20,5:15:00,0,Biosphere 2,12.72,49728.4,49723.7,89.4,102.9,6.14,257.8,32.53,49724.2,0.56,32321,1.201,8.24,-80.8,25.005,3.11,11.7
9/16/20,5:30:00,0,Biosphere 2,18.37,49726.8,49724.8,89.3,102.8,6.13,257.1,32.54,49725,0.64,32321,1.2,8.24,-80.8,25.002,3.11,11.7
9/16/20,5:45:00,0,Biosphere 2,6.18,49722.9,49723.8,88.9,102.3,6.11,257.4,32.53,49723.7,0.18,32320,1.198,8.24,-80.7,24.999,3.11,11.7
9/16/20,6:00:00,0,Biosphere 2,17.93,49725.6,49727.2,89.2,102.6,6.12,257.7,32.54,49727.1,0.63,32323,1.182,8.24,-80.7,24.998,3.11,11.7
9/16/20,6:15:00,0,Biosphere 2,15.74,49725.5,49725.2,89.1,102.6,6.12,257.7,32.54,49725.2,0.74,32321,1.185,8.24,-80.7,25,3.11,11.7
9/16/20,6:30:00,0,Biosphere 2,8.34,49723.3,49725.6,88.9,102.3,6.11,258.1,32.54,49725.4,0.36,32322,1.192,8.24,-80.6,24.998,3.11,11.7
9/16/20,6:45:00,0,Biosphere 2,21.18,49727.7,49726.4,89.1,102.5,6.12,258.4,32.54,49726.6,0.77,32322,1.19,8.24,-80.6,25.001,3.11,11.7
9/16/20,7:00:00,0,Biosphere 2,14.96,49725.3,49724.5,89,102.5,6.12,258.8,32.54,49724.6,0.64,32321,1.185,8.24,-80.5,25.001,3.11,11.7
9/16/20,7:15:00,0,Biosphere 2,23.26,49724.9,49727.5,88.7,102,6.09,259,32.54,49727.3,0.88,32323,1.191,8.24,-80.4,24.997,3.11,11.7
9/16/20,7:30:00,0,Biosphere 2,16.84,49731.8,49725.7,89.3,102.8,6.13,259.4,32.54,49726.3,0.56,32322,1.19,8.24,-80.4,25.006,3.11,11.7
9/16/20,7:45:00,0,Biosphere 2,11.38,49729.8,49723.7,89.5,103,6.15,259.8,32.54,49724.3,0.52,32321,1.184,8.24,-80.5,25.006,3.11,11.7
9/16/20,8:00:00,0,Biosphere 2,17.82,49734.8,49724.1,89.7,103.2,6.16,259.7,32.54,49725.1,0.56,32321,1.195,8.24,-80.5,25.01,3.11,11.7
9/16/20,8:15:00,0,Biosphere 2,13.81,49736.7,49724.6,89.9,103.5,6.18,259.8,32.54,49725.8,0.55,32322,1.197,8.24,-80.5,25.011,3.11,11.7
9/16/20,8:30:00,0,Biosphere 2,12.56,49739.5,49722.6,90.3,103.9,6.2,260.2,32.53,49724.1,0.52,32321,1.195,8.24,-80.5,25.016,3.11,11.7
9/16/20,8:45:00,0,Biosphere 2,15.98,49745,49722.4,90.6,104.2,6.22,260.1,32.53,49724.5,0.47,32321,1.191,8.24,-80.5,25.022,3.11,11.7
9/16/20,9:00:00,0,Biosphere 2,15.03,49752.7,49725.3,91,104.7,6.25,260.7,32.54,49727.9,0.47,32323,1.189,8.24,-80.6,25.026,3.11,11.7
9/16/20,9:15:00,0,Biosphere 2,15.56,49740.9,49718.2,91.6,105.4,6.29,261,32.53,49720.3,0.59,32318,1.188,8.24,-80.7,25.022,3.11,11.7
9/16/20,9:30:00,0,Biosphere 2,7.18,49731.6,49726.1,92.1,106,6.33,260.9,32.54,49726.6,0.22,32322,1.189,8.24,-80.8,25.005,3.11,11.7
9/16/20,9:45:00,0,Biosphere 2,12.67,49741.7,49722.1,92.4,106.3,6.34,260.8,32.53,49723.9,0.57,32321,1.188,8.24,-80.8,25.019,3.11,11.7
9/16/20,10:00:00,0,Biosphere 2,8.6,49750.6,49719.8,93.1,107.1,6.39,261.1,32.53,49722.7,0.31,32320,1.189,8.25,-81,25.029,3.11,11.7
9/16/20,10:15:00,0,Biosphere 2,1.44,49680.5,49723.7,93.7,107.8,6.44,261.5,32.53,49719.7,0.09,32318,1.183,8.25,-81.1,24.959,3.11,11.7
9/16/20,10:30:00,0,Biosphere 2,7.76,49629.6,49728.6,94.3,108.6,6.49,258.8,32.53,49719.4,0.26,32318,1.192,8.25,-81.2,24.905,3.11,11.7
9/16/20,10:45:00,0,Biosphere 2,15.4,49575.8,49727.7,94.9,109.2,6.53,259.8,32.53,49713.6,0.43,32314,1.195,8.25,-81.3,24.855,3.11,11.7
9/16/20,11:00:00,0,Biosphere 2,4.54,49508.9,49742.9,95.3,109.6,6.57,260.6,32.54,49721.1,0.19,32319,1.197,8.25,-81.4,24.777,3.11,11.7
9/16/20,11:15:00,0,Biosphere 2,4.02,49453.8,49737.9,95.8,110.3,6.61,259.8,32.53,49711.5,0.26,32312,1.197,8.26,-81.6,24.729,3.11,11.7
9/16/20,11:30:00,0,Biosphere 2,5.54,49406.9,49738.9,96.3,110.8,6.65,259.9,32.53,49708,0.4,32310,1.189,8.26,-81.7,24.683,3.11,11.7
9/16/20,11:45:00,0,Biosphere 2,0.84,49390.6,49729.9,96.7,111.3,6.68,260.3,32.52,49698.3,0.1,32304,1.182,8.26,-81.8,24.676,3.11,11.7
9/16/20,12:00:00,0,Biosphere 2,2.04,49326.4,49747,97.4,112,6.73,258.7,32.53,49708,0.1,32310,1.189,8.27,-82,24.598,3.11,11.7
9/16/20,12:15:00,0,Biosphere 2,9.8,49298.7,49738.6,97.6,112.3,6.75,260.1,32.52,49697.8,0.32,32304,1.191,8.27,-82,24.58,3.11,11.7
9/16/20,12:30:00,0,Biosphere 2,16.59,49224.6,49746,98,112.8,6.79,260.6,32.53,49697.7,0.58,32303,1.191,8.27,-82.2,24.502,3.11,11.7
9/16/20,12:45:00,0,Biosphere 2,13.54,49189.9,49743.2,98.4,113.2,6.82,261.3,32.52,49691.9,0.44,32300,1.192,8.27,-82.3,24.471,3.11,11.7
9/16/20,13:00:00,0,Biosphere 2,17.59,49129.5,49749.1,98.2,113,6.81,261,32.52,49691.8,0.78,32300,1.186,8.27,-82.4,24.408,3.11,11.7
9/16/20,13:15:00,0,Biosphere 2,1.22,49151.8,49753.3,99,114,6.87,261,32.53,49697.6,0.1,32303,1.192,8.28,-82.6,24.425,3.11,11.7
9/16/20,13:30:00,0,Biosphere 2,1.74,49125.6,49743.3,98.3,113.1,6.82,261.7,32.52,49686.1,0.1,32296,1.186,8.27,-82.5,24.409,3.11,11.7
9/16/20,13:45:00,0,Biosphere 2,19,49070.5,49753.3,98.6,113.4,6.85,262.2,32.52,49690.1,0.63,32299,1.19,8.28,-82.6,24.347,3.11,11.7
9/16/20,14:00:00,0,Biosphere 2,16.09,48997.5,49756.4,98.8,113.7,6.87,262.3,32.52,49686.3,0.54,32296,1.197,8.28,-82.8,24.274,3.11,11.7
9/16/20,14:15:00,0,Biosphere 2,3.06,49006.9,49778.4,98.8,113.7,6.87,262.8,32.54,49707.2,0.16,32310,1.189,8.28,-82.6,24.262,3.11,11.7
9/16/20,14:30:00,0,Biosphere 2,11.56,48932.8,49762.5,99.3,114.3,6.92,262.6,32.52,49685.9,0.47,32296,1.182,8.28,-83,24.206,3.11,11.7
9/16/20,14:45:00,0,Biosphere 2,17.14,48907.6,49758.6,99,114,6.9,260.8,32.52,49680.1,0.79,32292,1.19,8.28,-83,24.186,3.11,11.7
9/16/20,15:00:00,0,Biosphere 2,4.72,48871.6,49773.1,99.4,114.4,6.93,261,32.53,49690,0.29,32298,1.189,8.29,-83.1,24.138,3.11,11.7
9/16/20,15:15:00,0,Biosphere 2,19.66,48808.3,49759.7,99.2,114.2,6.92,261.3,32.52,49672.1,0.58,32287,1.193,8.29,-83.2,24.089,3.11,11.7
9/16/20,15:30:00,0,Biosphere 2,18.53,48784.5,49766.7,98.9,113.8,6.9,260.5,32.52,49676.3,0.59,32290,1.2,8.29,-83.2,24.06,3.11,11.7
9/16/20,15:45:00,0,Biosphere 2,11.29,48761.9,49767.7,98.6,113.5,6.89,259.5,32.52,49675.2,0.35,32289,1.183,8.29,-83.2,24.037,3.11,11.7
9/16/20,16:00:00,0,Biosphere 2,18.4,48727.4,49761.6,98.2,113.1,6.86,259.4,32.51,49666.5,0.51,32283,1.192,8.29,-83.3,24.01,3.11,11.7
9/16/20,16:15:00,0,Biosphere 2,3.51,48734.9,49778.8,98.1,112.9,6.86,260.1,32.53,49682.8,0.23,32294,1.195,8.29,-83.2,24.001,3.11,11.7
9/16/20,16:30:00,0,Biosphere 2,8.92,48775.2,49772.7,98,112.8,6.84,258.9,32.52,49680.9,0.38,32293,1.193,8.29,-83.2,24.045,3.11,11.7
9/16/20,16:45:00,0,Biosphere 2,12.52,48776.2,49771.4,97.8,112.5,6.83,258.3,32.52,49679.8,0.53,32292,1.189,8.29,-83.2,24.048,3.11,11.7
9/16/20,17:00:00,0,Biosphere 2,5.19,48786.4,49770.3,97.5,112.2,6.81,257.6,32.52,49679.7,0.33,32292,1.181,8.29,-83.3,24.059,3.11,11.7
9/16/20,17:15:00,0,Biosphere 2,12.06,48798.7,49770.9,97.3,111.9,6.79,257.8,32.52,49681.4,0.54,32293,1.195,8.29,-83.2,24.07,3.11,11.7
9/16/20,17:30:00,0,Biosphere 2,11.54,48810.4,49768.4,97,111.6,6.77,258.2,32.52,49680.1,0.3,32292,1.192,8.29,-83.3,24.083,3.11,11.7
9/16/20,17:45:00,0,Biosphere 2,7.5,48827.7,49766.3,96.7,111.3,6.74,257.8,32.52,49679.9,0.28,32292,1.186,8.29,-83.2,24.102,3.11,11.7
9/16/20,18:00:00,0,Biosphere 2,10.27,48845.8,49767.5,96.5,111,6.73,257.9,32.52,49682.6,0.34,32294,1.192,8.29,-83.2,24.118,3.11,11.7
9/16/20,18:15:00,0,Biosphere 2,9.06,48857.6,49765.2,96.2,110.7,6.7,256.2,32.52,49681.6,0.39,32293,1.195,8.29,-83.2,24.132,3.11,11.7
9/16/20,18:30:00,0,Biosphere 2,18.87,48871.9,49763.7,95.9,110.4,6.68,256.6,32.52,49681.5,0.82,32293,1.196,8.29,-83.2,24.147,3.11,11.7
9/16/20,18:45:00,0,Biosphere 2,9.14,48881.8,49764.1,95.5,109.9,6.65,256.4,32.52,49682.8,0.47,32294,1.19,8.29,-83.2,24.156,3.11,11.7
9/16/20,19:00:00,0,Biosphere 2,12.77,48901.9,49762.4,95.4,109.8,6.65,255.5,32.52,49683.1,0.71,32294,1.191,8.29,-83.1,24.177,3.11,11.7
9/16/20,19:15:00,0,Biosphere 2,17.61,48917.6,49761.6,95.1,109.5,6.63,255.2,32.52,49683.7,0.68,32294,1.195,8.29,-83.1,24.193,3.11,11.7
9/16/20,19:30:00,0,Biosphere 2,8.13,48932.5,49760.5,94.8,109.1,6.6,254.9,32.52,49684.1,0.35,32295,1.19,8.28,-83,24.208,3.11,11.7
9/16/20,19:45:00,0,Biosphere 2,3.6,48945.8,49757.6,94.4,108.7,6.57,254.6,32.52,49682.7,0.28,32294,1.183,8.28,-83,24.223,3.11,11.7
9/16/20,20:00:00,0,Biosphere 2,16.97,48962.2,49758.2,94.2,108.4,6.55,255,32.52,49684.7,0.68,32295,1.189,8.28,-82.9,24.239,3.11,11.6
9/16/20,20:15:00,0,Biosphere 2,18.29,48982.7,49758.3,94,108.2,6.54,255.5,32.52,49686.7,0.81,32296,1.2,8.28,-82.9,24.258,3.11,11.6
9/16/20,20:30:00,0,Biosphere 2,19.4,48989.1,49756.7,93.8,107.9,6.52,255.9,32.52,49685.8,0.79,32296,1.192,8.28,-82.9,24.266,3.11,11.6
9/16/20,20:45:00,0,Biosphere 2,22.34,49004.7,49755.7,93.5,107.6,6.5,255.9,32.52,49686.3,0.91,32296,1.189,8.28,-82.8,24.282,3.11,11.6
9/16/20,21:00:00,0,Biosphere 2,17.51,49031.4,49756.9,93.2,107.2,6.48,256.1,32.52,49689.8,0.79,32298,1.193,8.28,-82.8,24.306,3.11,11.6
9/16/20,21:15:00,0,Biosphere 2,17.97,49043.8,49757.2,92.6,106.5,6.43,256.5,32.53,49691.2,0.66,32299,1.19,8.28,-82.7,24.318,3.11,11.6
9/16/20,21:30:00,0,Biosphere 2,10.86,49061.5,49756.5,92.7,106.7,6.44,257.1,32.53,49692.2,0.42,32300,1.185,8.28,-82.7,24.336,3.11,11.6
9/16/20,21:45:00,0,Biosphere 2,12.65,49090.2,49750.3,92.5,106.5,6.42,257.5,32.52,49689.2,0.42,32298,1.2,8.28,-82.6,24.369,3.11,11.6
9/16/20,22:00:00,0,Biosphere 2,10.3,49116.6,49751.6,92.5,106.4,6.42,258.1,32.52,49692.8,0.44,32300,1.199,8.28,-82.6,24.393,3.11,11.6
9/16/20,22:15:00,0,Biosphere 2,13.29,49120.5,49747.7,92.1,106,6.39,259,32.52,49689.6,0.59,32298,1.19,8.28,-82.6,24.4,3.11,11.6
9/16/20,22:30:00,0,Biosphere 2,24.16,49156.6,49751.3,92.1,105.9,6.39,259.6,32.53,49696.2,0.78,32303,1.183,8.28,-82.5,24.432,3.11,11.6
9/16/20,22:45:00,0,Biosphere 2,17.78,49168.1,49745.7,91.8,105.7,6.37,257.8,32.52,49692.2,0.71,32300,1.192,8.27,-82.5,24.448,3.11,11.6
9/16/20,23:00:00,0,Biosphere 2,12.68,49187.1,49746.1,91.8,105.6,6.36,258.5,32.52,49694.3,0.66,32301,1.193,8.27,-82.5,24.466,3.11,11.6
9/16/20,23:15:00,0,Biosphere 2,21.8,49211.4,49742.5,91.7,105.5,6.35,257.9,32.52,49693.3,0.79,32301,1.186,8.27,-82.4,24.492,3.11,11.6
9/16/20,23:30:00,0,Biosphere 2,14.52,49224.4,49741.7,91.5,105.2,6.34,258.5,32.52,49693.7,0.75,32301,1.195,8.27,-82.4,24.506,3.11,11.6
9/16/20,23:45:00,0,Biosphere 2,13.29,49250.4,49740,91.4,105.2,6.33,258.4,32.52,49694.6,0.73,32302,1.2,8.27,-82.3,24.532,3.11,11.6
9/17/20,0:00:00,0,Biosphere 2,11.95,49264.3,49743.6,91.3,105.1,6.32,259.3,32.53,49699.1,0.59,32304,1.19,8.27,-82.3,24.542,3.11,11.6
9/17/20,0:15:00,0,Biosphere 2,18.35,49302.6,49740.8,91.1,104.9,6.3,259.6,32.53,49700.2,0.81,32305,1.187,8.27,-82.2,24.581,3.11,11.6
9/17/20,0:30:00,0,Biosphere 2,17.53,49320.3,49740.6,91.1,104.8,6.3,260,32.53,49701.6,0.88,32306,1.2,8.27,-82.2,24.598,3.11,11.6
9/17/20,0:45:00,0,Biosphere 2,10.79,49333.8,49738.6,90.9,104.6,6.29,259.1,32.53,49701,0.46,32306,1.189,8.27,-82.1,24.613,3.11,11.7
9/17/20,1:00:00,0,Biosphere 2,6.57,49362.7,49737.2,90.9,104.6,6.28,258.2,32.53,49702.4,0.28,32307,1.182,8.27,-82.1,24.642,3.11,11.7
9/17/20,1:15:00,0,Biosphere 2,14.66,49378.7,49738.5,90.7,104.4,6.27,258.4,32.53,49705,0.42,32308,1.184,8.27,-82.1,24.656,3.11,11.7
9/17/20,1:30:00,0,Biosphere 2,11.49,49390.3,49734,90.8,104.5,6.27,259,32.53,49702.1,0.42,32306,1.19,8.27,-82,24.672,3.11,11.7
9/17/20,1:45:00,0,Biosphere 2,17.2,49416.6,49737.4,90.4,104.1,6.25,259.3,32.53,49707.6,0.57,32310,1.191,8.26,-81.9,24.694,3.11,11.7
9/17/20,2:00:00,0,Biosphere 2,18.25,49439.2,49729.6,90.5,104.2,6.25,258.8,32.53,49702.6,0.59,32307,1.193,8.26,-81.9,24.723,3.11,11.7
9/17/20,2:15:00,0,Biosphere 2,12.04,49447.6,49730.4,90.1,103.7,6.22,258.6,32.53,49704.1,0.32,32308,1.188,8.26,-81.8,24.73,3.11,11.7
9/17/20,2:30:00,0,Biosphere 2,17.5,49480.1,49729.5,90.3,103.9,6.23,259,32.53,49706.3,0.71,32309,1.186,8.26,-81.8,24.762,3.11,11.7
9/17/20,2:45:00,0,Biosphere 2,18.91,49513.8,49726.6,90.2,103.8,6.22,257.9,32.53,49706.8,0.76,32309,1.182,8.26,-81.8,24.797,3.11,11.7
9/17/20,3:00:00,0,Biosphere 2,19.15,49543.8,49730.7,90.1,103.7,6.21,258.2,32.53,49713.3,0.69,32314,1.2,8.26,-81.7,24.822,3.11,11.7
9/17/20,3:15:00,0,Biosphere 2,12.99,49556.4,49727.1,89.9,103.5,6.19,258.5,32.53,49711.2,0.73,32312,1.201,8.26,-81.6,24.837,3.11,11.7
9/17/20,3:30:00,0,Biosphere 2,18.78,49589.7,49728.6,89.8,103.4,6.18,258.8,32.53,49715.6,0.65,32315,1.197,8.26,-81.6,24.867,3.11,11.7
9/17/20,3:45:00,0,Biosphere 2,19.76,49595,49723.1,89.8,103.3,6.18,258.9,32.53,49711.1,0.84,32312,1.192,8.26,-81.6,24.878,3.11,11.7
9/17/20,4:00:00,0,Biosphere 2,14.66,49623.6,49722.1,89.7,103.2,6.17,259.8,32.53,49712.9,0.56,32313,1.189,8.26,-81.5,24.906,3.11,11.7
9/17/20,4:15:00,0,Biosphere 2,9.43,49634.7,49719.2,89.6,103.2,6.17,259.2,32.53,49711.3,0.47,32312,1.187,8.26,-81.5,24.919,3.11,11.7
9/17/20,4:30:00,0,Biosphere 2,16.65,49659.4,49721.6,89.7,103.2,6.17,259.1,32.53,49715.8,0.66,32315,1.201,8.25,-81.4,24.941,3.11,11.7
9/17/20,4:45:00,0,Biosphere 2,20.79,49683.8,49720.6,89.6,103.2,6.16,259,32.53,49717.2,0.8,32316,1.193,8.25,-81.4,24.965,3.11,11.7
9/17/20,5:00:00,0,Biosphere 2,15.85,49703.2,49721.1,89.6,103.2,6.16,259.1,32.53,49719.4,0.57,32318,1.192,8.25,-81.4,24.983,3.11,11.7
9/17/20,5:15:00,0,Biosphere 2,13.27,49702.5,49717.8,89.4,102.9,6.14,259.8,32.53,49716.4,0.71,32316,1.191,8.25,-81.3,24.985,3.11,11.7
9/17/20,5:30:00,0,Biosphere 2,15.75,49726.7,49718.9,89.4,102.9,6.14,260.1,32.53,49719.6,0.77,32318,1.182,8.25,-81.3,25.007,3.11,11.7
9/17/20,5:45:00,0,Biosphere 2,13.47,49744.7,49718.6,89.2,102.7,6.13,260.8,32.53,49721,0.6,32319,1.193,8.25,-81.1,25.025,3.11,11.7
9/17/20,6:00:00,0,Biosphere 2,9.4,49763.2,49713.7,89.2,102.7,6.12,260.6,32.53,49718.3,0.56,32317,1.198,8.25,-81.1,25.047,3.11,11.7
9/17/20,6:15:00,0,Biosphere 2,3.64,49775.1,49719.1,89.2,102.7,6.12,260.2,32.53,49724.4,0.2,32321,1.196,8.25,-81.1,25.053,3.11,11.7
9/17/20,6:30:00,0,Biosphere 2,13.49,49784,49710.4,89.3,102.7,6.12,260.5,32.53,49717.3,0.56,32316,1.199,8.25,-81,25.07,3.11,11.7
9/17/20,6:45:00,0,Biosphere 2,20.27,49820.1,49714.7,89.3,102.8,6.13,260,32.53,49724.6,0.78,32321,1.19,8.25,-81,25.101,3.11,11.7
9/17/20,7:00:00,0,Biosphere 2,7.07,49782.8,49714.7,89.1,102.5,6.11,259.9,32.53,49721,0.38,32319,1.191,8.25,-80.9,25.065,3.11,11.7
9/17/20,7:15:00,0,Biosphere 2,16.89,49782.1,49715.1,89.3,102.8,6.13,260.6,32.53,49721.4,0.78,32319,1.192,8.25,-80.9,25.064,3.11,11.7
9/17/20,7:30:00,0,Biosphere 2,9.88,49778.4,49717.5,89.4,102.9,6.14,260.6,32.53,49723.2,0.42,32320,1.2,8.24,-80.9,25.058,3.11,11.7
9/17/20,7:45:00,0,Biosphere 2,20.68,49775.8,49716.3,89.7,103.2,6.16,260.9,32.53,49721.9,0.77,32319,1.196,8.24,-80.9,25.057,3.11,11.7
9/17/20,8:00:00,0,Biosphere 2,21.03,49776.2,49717.1,89.9,103.5,6.17,260.8,32.53,49722.7,0.82,32320,1.192,8.24,-80.9,25.056,3.11,11.7
9/17/20,8:15:00,0,Biosphere 2,4.21,49771.3,49715.8,90.3,103.9,6.19,261.1,32.53,49721,0.22,32319,1.193,8.24,-80.9,25.053,3.11,11.7
9/17/20,8:30:00,0,Biosphere 2,14.57,49773.6,49718,90.5,104.2,6.21,261.6,32.53,49723.2,0.77,32320,1.19,8.24,-80.9,25.053,3.11,11.7
9/17/20,8:45:00,0,Biosphere 2,12.38,49775.9,49718.6,90.9,104.6,6.24,261.8,32.53,49723.9,0.57,32321,1.191,8.25,-80.9,25.055,3.11,11.7
9/17/20,9:00:00,0,Biosphere 2,9.98,49778.3,49719.3,91.3,105.1,6.27,262.5,32.53,49724.9,0.39,32321,1.19,8.25,-81,25.056,3.11,11.7
9/17/20,9:15:00,0,Biosphere 2,7.51,49779,49716.1,91.8,105.7,6.3,263.5,32.53,49722,0.32,32319,1.184,8.25,-81,25.06,3.11,11.7
9/17/20,9:30:00,0,Biosphere 2,8.87,49786.6,49718.5,92.6,106.5,6.35,264.3,32.53,49724.8,0.32,32321,1.191,8.25,-81.1,25.065,3.11,11.7
9/17/20,9:45:00,0,Biosphere 2,4.53,49788.9,49714.4,92.7,106.6,6.36,263.8,32.53,49721.4,0.22,32319,1.19,8.25,-81.2,25.071,3.11,11.7
9/17/20,10:00:00,0,Biosphere 2,22.34,49799.3,49718.5,93.1,107.1,6.39,263.6,32.53,49726,0.84,32322,1.192,8.25,-81.3,25.077,3.11,11.6
9/17/20,10:15:00,0,Biosphere 2,12.79,49805.1,49716.9,93.6,107.7,6.42,264.3,32.53,49725.1,0.55,32321,1.192,8.25,-81.3,25.084,3.11,11.7
9/17/20,10:30:00,0,Biosphere 2,16.49,49814.1,49714.3,94.3,108.6,6.47,263.9,32.53,49723.7,0.85,32320,1.186,8.26,-81.5,25.095,3.11,11.6
9/17/20,10:45:00,0,Biosphere 2,11.98,49823,49713.1,94.9,109.3,6.51,264.2,32.53,49723.4,0.52,32320,1.198,8.26,-81.6,25.105,3.11,11.7
9/17/20,11:00:00,0,Biosphere 2,19.13,49830.7,49711.6,95.5,109.9,6.54,264.7,32.53,49722.7,0.57,32320,1.196,8.26,-81.8,25.114,3.11,11.7
9/17/20,11:15:00,0,Biosphere 2,6.24,49833.6,49711.3,95.9,110.4,6.57,264.6,32.53,49722.8,0.26,32320,1.195,8.26,-81.8,25.117,3.11,11.7
9/17/20,11:30:00,0,Biosphere 2,8.67,49836.6,49709,96.6,111.2,6.62,264.1,32.53,49720.9,0.45,32319,1.197,8.26,-82,25.122,3.11,11.7
9/17/20,11:45:00,0,Biosphere 2,1.27,49838.8,49707.7,97,111.7,6.65,264.3,32.53,49719.9,0.09,32318,1.182,8.27,-82.1,25.125,3.11,11.6
9/17/20,12:00:00,0,Biosphere 2,20.15,49825,49708.9,97.2,111.9,6.67,264.7,32.53,49719.7,0.79,32318,1.188,8.27,-82.2,25.111,3.11,11.7
9/17/20,12:15:00,0,Biosphere 2,4.87,49833.6,49711.9,97.8,112.6,6.71,261.9,32.53,49723.3,0.26,32320,1.188,8.27,-82.4,25.116,3.11,11.7
9/17/20,12:30:00,0,Biosphere 2,1.7,49847.5,49712.2,98.6,113.5,6.76,262.5,32.53,49724.9,0.13,32321,1.191,8.27,-82.6,25.129,3.11,11.6
9/17/20,12:45:00,0,Biosphere 2,14.74,49834.7,49709,98.9,113.8,6.78,262.7,32.53,49720.8,0.51,32318,1.192,8.27,-82.7,25.12,3.11,11.7
9/17/20,13:00:00,0,Biosphere 2,15.14,49824.8,49708.9,99,113.9,6.79,263.3,32.53,49719.7,0.76,32318,1.191,8.28,-82.7,25.111,3.11,11.7
9/17/20,13:15:00,0,Biosphere 2,11.43,49842.6,49707.6,99.3,114.3,6.81,263.4,32.53,49720.2,0.53,32318,1.187,8.28,-82.9,25.129,3.11,11.7
9/17/20,13:30:00,0,Biosphere 2,14.14,49853.9,49710.2,99.2,114.2,6.8,263.4,32.53,49723.7,0.68,32320,1.182,8.28,-82.9,25.137,3.11,11.6
9/17/20,13:45:00,0,Biosphere 2,14.71,49860.9,49705.4,99.8,114.8,6.83,263.6,32.53,49720,0.43,32318,1.195,8.28,-83.1,25.148,3.11,11.7
9/17/20,14:00:00,0,Biosphere 2,20.11,49865.1,49706.8,99.5,114.5,6.82,263.9,32.53,49721.6,0.95,32319,1.195,8.28,-83.1,25.151,3.11,11.7
9/17/20,14:15:00,0,Biosphere 2,22.08,49858.4,49708.2,99.7,114.7,6.83,264,32.53,49722.3,1.02,32319,1.188,8.28,-83.2,25.143,3.11,11.7
9/17/20,14:30:00,0,Biosphere 2,7.02,49850.5,49707.8,99.7,114.8,6.83,264.2,32.53,49721.2,0.39,32319,1.188,8.29,-83.3,25.136,3.11,11.7
9/17/20,14:45:00,0,Biosphere 2,2.62,49846,49707.1,99.8,114.8,6.84,263.6,32.53,49720.1,0.18,32318,1.194,8.29,-83.4,25.133,3.11,11.6
9/17/20,15:00:00,0,Biosphere 2,20.23,49849.6,49709.6,99.9,115,6.85,263.6,32.53,49722.7,0.5,32320,1.189,8.29,-83.4,25.134,3.11,11.7
9/17/20,15:15:00,0,Biosphere 2,15.33,49847.5,49709.3,99.9,114.9,6.84,263,32.53,49722.3,0.44,32319,1.2,8.29,-83.5,25.132,3.11,11.7
9/17/20,15:30:00,0,Biosphere 2,8.83,49841.3,49707.6,99.5,114.5,6.82,263.3,32.53,49720.1,0.7,32318,1.196,8.29,-83.5,25.128,3.11,11.7
9/17/20,15:45:00,0,Biosphere 2,16.58,49839.8,49707,99.4,114.4,6.82,263.3,32.53,49719.5,0.67,32318,1.193,8.29,-83.5,25.127,3.11,11.7
9/17/20,16:00:00,0,Biosphere 2,16.64,49836.6,49707.8,99.1,114,6.79,262.9,32.53,49719.9,0.53,32318,1.191,8.29,-83.5,25.123,3.11,11.7
9/17/20,16:15:00,0,Biosphere 2,13.82,49836.8,49708,99,113.9,6.78,263.6,32.53,49720,0.55,32318,1.189,8.29,-83.6,25.123,3.11,11.7
9/17/20,16:30:00,0,Biosphere 2,11.47,49838.1,49711.3,98.7,113.5,6.76,264.1,32.53,49723.1,0.35,32320,1.2,8.29,-83.5,25.121,3.11,11.7
9/17/20,16:45:00,0,Biosphere 2,14.14,49836.6,49711.6,98.4,113.3,6.75,263.2,32.53,49723.3,0.4,32320,1.198,8.29,-83.6,25.119,3.11,11.7
9/17/20,17:00:00,0,Biosphere 2,9.18,49834.4,49712.9,98.1,112.9,6.72,263.6,32.53,49724.3,0.34,32321,1.195,8.29,-83.5,25.116,3.11,11.7
9/17/20,17:15:00,0,Biosphere 2,22.05,49831.2,49709.6,97.8,112.6,6.71,263,32.53,49721,0.84,32319,1.196,8.29,-83.5,25.116,3.11,11.7
9/17/20,17:30:00,0,Biosphere 2,19.37,49833.9,49711.6,97.6,112.3,6.69,262.1,32.53,49723,0.78,32320,1.198,8.29,-83.5,25.117,3.11,11.7
9/17/20,17:45:00,0,Biosphere 2,8.72,49709.9,49587.6,97.3,112,6.68,262,32.45,49599.1,0.18,32239,1.197,8.29,-83.5,25.117,3.11,11.7
9/17/20,18:00:00,0,Biosphere 2,9.56,49665.2,49543.5,97.1,111.7,6.66,259.6,32.42,49554.9,0.32,32211,1.2,8.29,-83.5,25.117,3.11,11.7
9/17/20,18:15:00,0,Biosphere 2,7.23,49582,49461.6,96.8,111.4,6.64,259.7,32.36,49472.9,0.22,32157,1.191,8.29,-83.5,25.115,3.11,11.7
9/17/20,18:30:00,0,Biosphere 2,8.25,49287.6,49168.9,96.4,111,6.62,259.9,32.16,49180,0.35,31967,1.194,8.29,-83.5,25.114,3.11,11.7
9/17/20,18:45:00,0,Biosphere 2,9.18,49501.7,49383.6,96,110.5,6.59,260.2,32.3,49394.6,0.31,32107,1.184,8.29,-83.4,25.114,3.11,11.7
9/17/20,19:00:00,0,Biosphere 2,22.07,49619.8,49501.8,95.8,110.2,6.57,260.3,32.39,49512.9,0.79,32183,1.185,8.29,-83.4,25.113,3.11,11.7
9/17/20,19:15:00,0,Biosphere 2,17.47,49643.3,49527.5,95.5,109.9,6.55,260.6,32.4,49538.3,0.56,32200,1.184,8.29,-83.3,25.111,3.11,11.7
9/17/20,19:30:00,0,Biosphere 2,21.61,49671.9,49558.6,95.1,109.4,6.52,260.3,32.42,49569.2,0.89,32220,1.196,8.29,-83.3,25.108,3.11,11.7
9/17/20,19:45:00,0,Biosphere 2,2.62,49496.5,49385.5,94.9,109.2,6.52,259,32.31,49395.9,0.13,32107,1.197,8.29,-83.3,25.107,3.11,11.7
9/17/20,20:00:00,0,Biosphere 2,16.37,49736.4,49627.7,94.6,108.9,6.49,257.9,32.47,49637.9,0.64,32265,1.189,8.28,-83.2,25.104,3.11,11.7
9/17/20,20:15:00,0,Biosphere 2,18.88,49630.4,49524,94.4,108.6,6.48,257.6,32.4,49534,0.82,32197,1.189,8.28,-83.2,25.102,3.11,11.7
9/17/20,20:30:00,0,Biosphere 2,14.45,49613.3,49509.5,94,108.2,6.45,258.2,32.39,49519.3,0.71,32188,1.194,8.28,-83.1,25.099,3.11,11.7
9/17/20,20:45:00,0,Biosphere 2,1.5,49594.9,49495,93.8,107.9,6.44,256.1,32.38,49504.4,0.1,32178,1.184,8.28,-83.1,25.096,3.11,11.7
9/17/20,21:00:00,0,Biosphere 2,19.66,49713.1,49615.6,93.5,107.6,6.42,256.5,32.46,49624.7,0.71,32256,1.189,8.28,-83,25.093,3.11,11.7
9/17/20,21:15:00,0,Biosphere 2,12.75,49757.8,49663.3,93.4,107.5,6.41,256.5,32.5,49672.1,0.62,32287,1.189,8.28,-83,25.09,3.11,11.7
9/17/20,21:30:00,0,Biosphere 2,7.61,49694.7,49603.2,93.1,107.1,6.39,257.1,32.46,49611.8,0.34,32248,1.19,8.28,-82.9,25.088,3.11,11.7
9/17/20,21:45:00,0,Biosphere 2,9.26,49660.9,49573.3,92.9,106.9,6.37,257.1,32.44,49581.5,0.47,32228,1.192,8.28,-82.9,25.084,3.11,11.7
9/17/20,22:00:00,0,Biosphere 2,13.85,49513.3,49428.9,92.7,106.7,6.36,257.3,32.34,49436.8,0.66,32134,1.198,8.28,-82.8,25.081,3.11,11.7
9/17/20,22:15:00,0,Biosphere 2,15.59,49787,49705.8,92.5,106.4,6.34,255.4,32.53,49713.4,0.45,32314,1.181,8.28,-82.7,25.078,3.11,11.7
9/17/20,22:30:00,0,Biosphere 2,6.62,49794.4,49717,92.3,106.3,6.33,256.1,32.53,49724.3,0.24,32321,1.184,8.28,-82.7,25.074,3.11,11.7
9/17/20,22:45:00,0,Biosphere 2,7,49690.6,49617.8,92.1,106,6.32,257,32.46,49624.6,0.4,32256,1.196,8.27,-82.6,25.07,3.11,11.7
9/17/20,23:00:00,0,Biosphere 2,19.7,49694.6,49624.5,91.9,105.8,6.31,257.4,32.47,49631,0.77,32260,1.194,8.27,-82.5,25.067,3.11,11.7
9/17/20,23:15:00,0,Biosphere 2,15.21,49778.2,49713.5,91.8,105.6,6.3,257.9,32.53,49719.6,0.49,32318,1.185,8.27,-82.6,25.062,3.11,11.7
9/17/20,23:30:00,0,Biosphere 2,18.84,49778.3,49717.3,91.6,105.4,6.29,256.7,32.53,49723,0.79,32320,1.184,8.27,-82.5,25.058,3.11,11.7
9/17/20,23:45:00,0,Biosphere 2,19.07,49769.5,49716.9,91.3,105.1,6.27,257,32.53,49721.8,0.72,32319,1.182,8.27,-82.4,25.05,3.11,11.7
9/18/20,0:00:00,0,Biosphere 2,10.63,49769.9,49718.3,91.3,105.1,6.27,257.2,32.53,49723.2,0.44,32320,1.184,8.27,-82.4,25.049,3.11,11.7
9/18/20,0:15:00,0,Biosphere 2,18.06,49766.6,49719.8,91.1,104.8,6.25,257.8,32.53,49724.2,0.66,32321,1.2,8.27,-82.3,25.045,3.11,11.7
9/18/20,0:30:00,0,Biosphere 2,23.73,49762.3,49718.6,91.1,104.9,6.26,258.1,32.53,49722.7,0.8,32320,1.182,8.27,-82.3,25.042,3.11,11.7
9/18/20,0:45:00,0,Biosphere 2,20.08,49755.1,49718.3,90.9,104.6,6.24,258.5,32.53,49721.7,0.83,32319,1.192,8.27,-82.3,25.035,3.11,11.7
9/18/20,1:00:00,0,Biosphere 2,11.39,49753.4,49719.7,90.8,104.5,6.23,258.6,32.53,49722.8,0.41,32320,1.19,8.27,-82.2,25.032,3.11,11.7
9/18/20,1:15:00,0,Biosphere 2,9.77,49747.5,49719.7,90.7,104.4,6.23,257.7,32.53,49722.3,0.29,32320,1.192,8.27,-82.2,25.027,3.11,11.7
9/18/20,1:30:00,0,Biosphere 2,27.13,49742.6,49718.4,90.6,104.3,6.22,257.5,32.53,49720.6,0.92,32318,1.198,8.27,-82.1,25.023,3.11,11.7
9/18/20,1:45:00,0,Biosphere 2,11.91,49742.2,49720.1,90.6,104.2,6.22,257.4,32.53,49722.2,0.38,32319,1.188,8.26,-82,25.021,3.11,11.7
9/18/20,2:00:00,0,Biosphere 2,19.82,49739.1,49722.4,90.4,104,6.21,257.2,32.53,49724,0.6,32321,1.192,8.26,-82,25.016,3.11,11.7
9/18/20,2:15:00,0,Biosphere 2,12.11,49732.4,49719.1,90.3,103.9,6.2,257.6,32.53,49720.3,0.48,32318,1.192,8.26,-82,25.013,3.11,11.7
9/18/20,2:30:00,0,Biosphere 2,28.87,49728.7,49720.1,90.2,103.8,6.19,254.4,32.53,49720.9,0.94,32319,1.195,8.26,-81.9,25.008,3.11,11.7
9/18/20,2:45:00,0,Biosphere 2,19.38,49727.8,49721.3,90.3,103.9,6.2,254.4,32.53,49721.9,0.91,32319,1.193,8.26,-81.9,25.006,3.11,11.7
9/18/20,3:00:00,0,Biosphere 2,22.1,49725.6,49722.8,90,103.6,6.18,255,32.53,49723.1,0.95,32320,1.183,8.26,-81.8,25.003,3.11,11.7
9/18/20,3:15:00,0,Biosphere 2,19.91,49725.7,49723.7,90.1,103.7,6.19,255.4,32.53,49723.9,0.86,32321,1.19,8.26,-81.8,25.002,3.11,11.7
9/18/20,3:30:00,0,Biosphere 2,22.65,49723.9,49724.7,89.8,103.3,6.17,255.2,32.54,49724.6,0.86,32321,1.19,8.26,-81.7,24.999,3.11,11.7
9/18/20,3:45:00,0,Biosphere 2,15.42,49723.8,49725.4,89.9,103.4,6.17,254.8,32.54,49725.2,0.87,32321,1.192,8.26,-81.7,24.998,3.11,11.7
9/18/20,4:00:00,0,Biosphere 2,29.21,49722.9,49724,89.7,103.3,6.16,255.4,32.53,49723.9,1.26,32321,1.199,8.26,-81.6,24.999,3.11,11.7
9/18/20,4:15:00,0,Biosphere 2,24.19,49719.7,49723.5,89.7,103.3,6.16,254.8,32.53,49723.1,1.04,32320,1.191,8.26,-81.6,24.996,3.11,11.7
9/18/20,4:30:00,0,Biosphere 2,25.23,49719.7,49724.7,89.6,103.1,6.16,255,32.54,49724.3,0.79,32321,1.193,8.26,-81.5,24.995,3.11,11.7
9/18/20,4:45:00,0,Biosphere 2,18.29,49712.9,49723.6,89.3,102.8,6.14,255.2,32.53,49722.6,0.63,32320,1.189,8.26,-81.5,24.99,3.11,11.7
9/18/20,5:00:00,0,Biosphere 2,21.93,49719.5,49724.5,89.6,103.1,6.15,255.8,32.54,49724,0.84,32321,1.196,8.25,-81.4,24.995,3.11,11.7
9/18/20,5:15:00,0,Biosphere 2,18.15,49720.4,49723.6,89.5,103.1,6.15,255.7,32.53,49723.3,0.79,32320,1.187,8.25,-81.4,24.997,3.11,11.7
9/18/20,5:30:00,0,Biosphere 2,15.5,49723.1,49725.9,89.5,103,6.15,255.4,32.54,49725.6,0.46,32322,1.193,8.25,-81.4,24.997,3.11,11.7
9/18/20,5:45:00,0,Biosphere 2,23.37,49725.2,49728.6,89.2,102.7,6.13,256,32.54,49728.3,1.03,32323,1.192,8.25,-81.3,24.997,3.11,11.7
9/18/20,6:00:00,0,Biosphere 2,4.58,49717.1,49722.6,89.1,102.5,6.12,256.1,32.53,49722,0.17,32319,1.191,8.25,-81.3,24.995,3.11,11.7
9/18/20,6:15:00,0,Biosphere 2,14.38,49728.4,49724.4,89.1,102.6,6.12,255.2,32.54,49724.8,0.51,32321,1.2,8.25,-81.2,25.004,3.11,11.7
9/18/20,6:30:00,0,Biosphere 2,28.45,49734.5,49730.9,89,102.4,6.11,256.1,32.54,49731.2,0.87,32325,1.189,8.25,-81.1,25.004,3.11,11.7
9/18/20,6:45:00,0,Biosphere 2,17.24,49727.4,49726.9,88.9,102.4,6.11,256.7,32.54,49727,0.64,32323,1.183,8.25,-81.1,25,3.11,11.7
9/18/20,7:00:00,0,Biosphere 2,23.24,49732,49727.4,89.1,102.5,6.12,255.6,32.54,49727.9,0.99,32323,1.2,8.25,-81,25.004,3.11,11.7
9/18/20,7:15:00,0,Biosphere 2,28.85,49733,49725.7,89.2,102.6,6.12,253.6,32.54,49726.4,1.08,32322,1.19,8.25,-81,25.007,3.11,11.7
9/18/20,7:30:00,0,Biosphere 2,19.46,49731.4,49723.4,89.3,102.8,6.13,250.5,32.53,49724.2,1.01,32321,1.184,8.25,-81.1,25.008,3.11,11.7
9/18/20,7:45:00,0,Biosphere 2,23.15,49735.3,49723.8,89.4,102.9,6.14,252.9,32.54,49724.9,0.79,32321,1.197,8.25,-81,25.011,3.11,11.7
9/18/20,8:00:00,0,Biosphere 2,22.41,49733.5,49724.5,89.6,103.1,6.15,252.5,32.54,49725.3,0.82,32321,1.195,8.25,-81,25.009,3.11,11.7
9/18/20,8:15:00,0,Biosphere 2,28.16,49737,49723.9,89.9,103.5,6.17,252.9,32.54,49725.1,1.07,32321,1.201,8.25,-81,25.012,3.11,11.7
9/18/20,8:30:00,0,Biosphere 2,24.66,49737.3,49719.5,90.3,103.9,6.2,253.6,32.53,49721.2,0.88,32319,1.19,8.25,-81.1,25.017,3.11,11.7
9/18/20,8:45:00,0,Biosphere 2,9.99,49737.1,49718.3,90.6,104.3,6.22,254,32.53,49720,0.43,32318,1.184,8.25,-81.1,25.018,3.11,11.7
9/18/20,9:00:00,0,Biosphere 2,27.02,49740.2,49719,91,104.7,6.25,254.8,32.53,49721,0.92,32319,1.191,8.25,-81.2,25.02,3.11,11.7
9/18/20,9:15:00,0,Biosphere 2,5.94,49742.1,49717.2,91.5,105.3,6.28,255.3,32.53,49719.5,0.16,32318,1.197,8.25,-81.2,25.024,3.11,11.7
9/18/20,9:30:00,0,Biosphere 2,10.17,49747.5,49717.9,91.8,105.7,6.3,255.3,32.53,49720.7,0.39,32318,1.199,8.25,-81.3,25.028,3.11,11.7
9/18/20,9:45:00,0,Biosphere 2,10.07,49755.8,49720.2,92.5,106.4,6.35,256.3,32.53,49723.5,0.38,32320,1.199,8.25,-81.4,25.034,3.11,11.7
9/18/20,10:00:00,0,Biosphere 2,18.14,49761.1,49720,92.6,106.6,6.36,257.6,32.53,49723.9,0.6,32321,1.196,8.25,-81.4,25.039,3.11,11.7
9/18/20,10:15:00,0,Biosphere 2,17.52,49767.3,49719.3,93.3,107.4,6.4,258.1,32.53,49723.8,0.71,32320,1.184,8.26,-81.5,25.046,3.11,11.7
9/18/20,10:30:00,0,Biosphere 2,15.33,49769.5,49715.4,93.8,108,6.44,258.3,32.53,49720.5,0.57,32318,1.187,8.26,-81.6,25.052,3.11,11.7
9/18/20,10:45:00,0,Biosphere 2,7.85,49782.5,49718,94.6,108.9,6.49,258.8,32.53,49724.1,0.39,32321,1.185,8.26,-81.8,25.062,3.11,11.7
9/18/20,11:00:00,0,Biosphere 2,13.17,49785.7,49715.3,94.8,109.2,6.51,259.5,32.53,49721.9,0.3,32319,1.2,8.26,-81.9,25.067,3.11,11.7
9/18/20,11:15:00,0,Biosphere 2,14.27,49794.4,49717.2,95.4,109.8,6.55,259.6,32.53,49724.4,0.59,32321,1.192,8.26,-82,25.074,3.11,11.7
9/18/20,11:30:00,0,Biosphere 2,11.04,49806.1,49720.2,95.9,110.4,6.58,259.7,32.54,49728.2,0.34,32323,1.183,8.27,-82.1,25.082,3.11,11.7
9/18/20,11:45:00,0,Biosphere 2,6.63,49808.4,49715.1,96.3,110.8,6.6,259.3,32.53,49723.8,0.29,32320,1.196,8.27,-82.2,25.089,3.11,11.7
9/18/20,12:00:00,0,Biosphere 2,13.47,49816.1,49715.4,96.8,111.3,6.63,258.9,32.53,49724.9,0.47,32321,1.197,8.27,-82.4,25.096,3.11,11.7
9/18/20,12:15:00,0,Biosphere 2,3.53,49824.2,49714.4,97.3,111.9,6.67,258.4,32.53,49724.6,0.21,32321,1.195,8.27,-82.6,25.105,3.11,11.7
9/18/20,12:30:00,0,Biosphere 2,10.59,49827.5,49713.6,97.5,112.2,6.68,257.8,32.53,49724.3,0.62,32321,1.192,8.27,-82.6,25.109,3.11,11.7
9/18/20,12:45:00,0,Biosphere 2,13.22,49833.3,49711.9,98,112.8,6.72,251.7,32.53,49723.3,0.39,32320,1.192,8.28,-82.7,25.116,3.11,11.7
9/18/20,13:00:00,0,Biosphere 2,18.2,49838.2,49713.9,98.1,112.9,6.73,253.2,32.53,49725.6,0.9,32322,1.191,8.28,-82.8,25.119,3.11,11.7
9/18/20,13:15:00,0,Biosphere 2,33.46,49837.3,49711,98.4,113.3,6.75,254.6,32.53,49722.8,1.13,32320,1.192,8.28,-83,25.121,3.11,11.7
9/18/20,13:30:00,0,Biosphere 2,29.44,49837.8,49711.2,98.6,113.5,6.76,255.7,32.53,49723.1,1.04,32320,1.193,8.28,-83,25.121,3.11,11.7
9/18/20,13:45:00,0,Biosphere 2,29.8,49837.2,49710.7,98.9,113.8,6.78,256.5,32.53,49722.5,1.08,32320,1.19,8.28,-83.2,25.121,3.11,11.7
9/18/20,14:00:00,0,Biosphere 2,25.39,49841.2,49713.6,99.1,114,6.79,256.7,32.53,49725.6,0.79,32322,1.2,8.28,-83.3,25.122,3.11,11.7
9/18/20,14:15:00,0,Biosphere 2,20.93,49842.7,49711.3,99.4,114.4,6.81,257,32.53,49723.6,0.71,32320,1.191,8.29,-83.3,25.125,3.11,11.7
9/18/20,14:30:00,0,Biosphere 2,13.99,49839.5,49710.8,99.4,114.4,6.81,257.5,32.53,49722.8,0.85,32320,1.188,8.29,-83.5,25.123,3.11,11.7
9/18/20,14:45:00,0,Biosphere 2,21.21,49836.8,49710.9,99.3,114.3,6.81,257.6,32.53,49722.7,0.62,32320,1.188,8.29,-83.5,25.12,3.11,11.7
9/18/20,15:00:00,0,Biosphere 2,3.07,49838.8,49714.4,99.3,114.3,6.81,258.1,32.53,49726,0.2,32322,1.192,8.29,-83.5,25.119,3.11,11.7
9/18/20,15:15:00,0,Biosphere 2,20.62,49838.3,49713.9,99.1,114.1,6.79,256.5,32.53,49725.6,0.75,32322,1.196,8.29,-83.6,25.119,3.11,11.7
9/18/20,15:30:00,0,Biosphere 2,18.52,49834.1,49710.3,99,113.9,6.79,256.8,32.53,49721.9,0.88,32319,1.193,8.29,-83.6,25.118,3.11,11.7
9/18/20,15:45:00,0,Biosphere 2,14.3,49831.5,49710.1,98.8,113.7,6.77,256.6,32.53,49721.5,0.73,32319,1.187,8.29,-83.6,25.116,3.11,11.7
9/18/20,16:00:00,0,Biosphere 2,21.46,49831.8,49711.1,98.7,113.6,6.77,257.2,32.53,49722.4,0.68,32320,1.186,8.29,-83.7,25.115,3.11,11.7
9/18/20,16:15:00,0,Biosphere 2,9.63,49827.4,49708,98.5,113.3,6.75,256.8,32.53,49719.2,0.26,32317,1.189,8.29,-83.7,25.114,3.11,11.7
9/18/20,16:30:00,0,Biosphere 2,14.47,49825.2,49707.6,98.2,113.1,6.74,256.8,32.53,49718.6,0.78,32317,1.184,8.29,-83.7,25.112,3.11,11.7
9/18/20,16:45:00,0,Biosphere 2,11.89,49822.6,49707.3,98,112.8,6.72,256.9,32.53,49718.1,0.45,32317,1.191,8.29,-83.7,25.11,3.11,11.7
9/18/20,17:00:00,0,Biosphere 2,10.82,49824.2,49709.9,97.8,112.5,6.7,257.5,32.53,49720.6,0.73,32318,1.195,8.29,-83.7,25.109,3.11,11.7
9/18/20,17:15:00,0,Biosphere 2,17.58,49823.7,49710.3,97.5,112.2,6.69,257.6,32.53,49720.9,0.85,32319,1.182,8.29,-83.7,25.108,3.11,11.7
9/18/20,17:30:00,0,Biosphere 2,14.47,49823.6,49711,97.3,112,6.67,257.4,32.53,49721.5,0.73,32319,1.192,8.29,-83.7,25.107,3.11,11.7
9/18/20,17:45:00,0,Biosphere 2,16.35,49818.5,49708,97,111.6,6.65,257.5,32.53,49718.3,0.5,32317,1.19,8.29,-83.7,25.106,3.11,11.7
9/18/20,18:00:00,0,Biosphere 2,19.51,49817.6,49708.8,96.8,111.4,6.64,257,32.53,49719,0.83,32317,1.192,8.29,-83.7,25.104,3.11,11.7
9/18/20,18:15:00,0,Biosphere 2,9,49814.9,49708.2,96.5,111.1,6.62,257.3,32.53,49718.2,0.35,32317,1.198,8.29,-83.7,25.102,3.11,11.7
9/18/20,18:30:00,0,Biosphere 2,1.95,49812.9,49708.2,96.2,110.7,6.6,257.2,32.53,49718,0.13,32317,1.197,8.29,-83.6,25.1,3.11,11.7
9/18/20,18:45:00,0,Biosphere 2,13.01,49811.7,49708.8,95.8,110.3,6.57,257.5,32.53,49718.4,0.33,32317,1.188,8.29,-83.6,25.098,3.11,11.7
9/18/20,19:00:00,0,Biosphere 2,12.98,49808.8,49708.8,95.6,110,6.55,256.8,32.53,49718.2,0.88,32317,1.189,8.29,-83.5,25.095,3.11,11.7
9/18/20,19:15:00,0,Biosphere 2,11.74,49807.7,49709.7,95.3,109.6,6.53,256.7,32.53,49718.9,0.54,32317,1.184,8.29,-83.5,25.094,3.11,11.7
9/18/20,19:30:00,0,Biosphere 2,13.58,49806.4,49712.3,95,109.3,6.51,256.3,32.53,49721.1,0.54,32319,1.191,8.29,-83.5,25.09,3.11,11.7
9/18/20,19:45:00,0,Biosphere 2,13.23,49802.1,49710.6,94.7,108.9,6.49,256.4,32.53,49719.1,0.59,32317,1.191,8.29,-83.4,25.087,3.11,11.7
9/18/20,20:00:00,0,Biosphere 2,9.91,49799.2,49712.6,94.3,108.5,6.47,255.8,32.53,49720.7,0.41,32318,1.182,8.29,-83.4,25.083,3.11,11.7
9/18/20,20:15:00,0,Biosphere 2,16.23,49795.4,49711.7,94.1,108.3,6.46,255.8,32.53,49719.5,0.54,32318,1.182,8.29,-83.3,25.08,3.11,11.7
9/18/20,20:30:00,0,Biosphere 2,8.81,49795.1,49714.6,93.8,107.9,6.43,256.1,32.53,49722.1,0.42,32319,1.187,8.29,-83.3,25.077,3.11,11.7
9/18/20,20:45:00,0,Biosphere 2,3.81,49789.8,49711.6,93.5,107.6,6.42,236.7,32.53,49718.9,0.2,32317,1.2,8.28,-83.2,25.075,3.11,11.7
9/18/20,21:00:00,0,Biosphere 2,8.01,49787,49713.6,93.4,107.5,6.41,244.7,32.53,49720.5,0.35,32318,1.182,8.28,-83.2,25.07,3.11,11.7
9/18/20,21:15:00,0,Biosphere 2,22.4,49780.3,49712.5,93.1,107.1,6.39,249,32.53,49718.8,0.85,32317,1.192,8.28,-83.1,25.065,3.11,11.7
9/18/20,21:30:00,0,Biosphere 2,15.02,49779.5,49715.8,92.8,106.7,6.36,251.3,32.53,49721.7,0.78,32319,1.196,8.28,-83,25.061,3.11,11.7
9/18/20,21:45:00,0,Biosphere 2,17.51,49776.8,49716.8,92.7,106.6,6.36,252.4,32.53,49722.4,0.91,32320,1.192,8.28,-83,25.057,3.11,11.7
9/18/20,22:00:00,0,Biosphere 2,12.55,49768.7,49718.1,92.2,106.1,6.32,253,32.53,49722.8,0.42,32320,1.196,8.28,-82.9,25.048,3.11,11.7
9/18/20,22:15:00,0,Biosphere 2,24.54,49764.2,49714.2,92.3,106.2,6.33,253.9,32.53,49718.9,0.8,32317,1.191,8.28,-82.9,25.048,3.11,11.7
9/18/20,22:30:00,0,Biosphere 2,9.15,49762.1,49716.1,92.1,106,6.32,254.7,32.53,49720.4,0.42,32318,1.185,8.28,-82.9,25.044,3.11,11.7
9/18/20,22:45:00,0,Biosphere 2,9.14,49755,49714.8,91.9,105.8,6.31,254.9,32.53,49718.6,0.52,32317,1.182,8.28,-82.8,25.038,3.11,11.7
9/18/20,23:00:00,0,Biosphere 2,13.83,49750.5,49716,91.7,105.5,6.29,255.1,32.53,49719.2,0.57,32317,1.19,8.28,-82.8,25.033,3.11,11.7
9/18/20,23:15:00,0,Biosphere 2,13.77,49749.9,49718.6,91.5,105.2,6.28,255.3,32.53,49721.5,0.88,32319,1.191,8.28,-82.7,25.03,3.11,11.7
9/18/20,23:30:00,0,Biosphere 2,16.64,49745.8,49718.4,91.4,105.2,6.27,255.7,32.53,49721,0.74,32319,1.2,8.28,-82.7,25.026,3.11,11.7
9/18/20,23:45:00,0,Biosphere 2,19.32,49738.4,49718.3,91.1,104.9,6.26,255.3,32.53,49720.2,0.68,32318,1.193,8.27,-82.6,25.019,3.11,11.7
9/19/20,0:00:00,0,Biosphere 2,9.91,49731.8,49715.5,91.1,104.9,6.26,254.4,32.53,49717,0.46,32316,1.184,8.27,-82.5,25.016,3.11,11.7
9/19/20,0:15:00,0,Biosphere 2,15.06,49724.9,49718.4,90.4,104,6.21,254.2,32.53,49719,0.47,32317,1.191,8.27,-82.5,25.006,3.11,11.7
9/19/20,0:30:00,0,Biosphere 2,15.48,49722.7,49715.9,90.8,104.5,6.24,254.2,32.53,49716.5,0.82,32316,1.191,8.27,-82.5,25.007,3.11,11.7
9/19/20,0:45:00,0,Biosphere 2,22.8,49717.7,49717,90.5,104.2,6.22,254.2,32.53,49717,0.46,32316,1.188,8.27,-82.4,25.001,3.11,11.7
9/19/20,1:00:00,0,Biosphere 2,18.35,49717,49716.1,90.7,104.3,6.23,254.8,32.53,49716.1,0.89,32315,1.195,8.27,-82.3,25.001,3.11,11.7
9/19/20,1:15:00,0,Biosphere 2,25.07,49717.6,49721.4,90.4,104,6.21,254.9,32.53,49721,0.98,32319,1.19,8.27,-82.3,24.996,3.11,11.7
9/19/20,1:30:00,0,Biosphere 2,19.24,49715.1,49719.7,90.4,104,6.21,255.1,32.53,49719.3,0.83,32318,1.19,8.27,-82.2,24.996,3.11,11.7
9/19/20,1:45:00,0,Biosphere 2,9.72,49706.6,49716.8,90.1,103.7,6.19,255.4,32.53,49715.8,0.41,32315,1.185,8.27,-82.2,24.99,3.11,11.7
9/19/20,2:00:00,0,Biosphere 2,18.03,49715.6,49721.2,90.2,103.8,6.19,255.4,32.53,49720.7,0.8,32318,1.183,8.27,-82.1,24.995,3.11,11.7
9/19/20,2:15:00,0,Biosphere 2,18.39,49707.4,49718,89.9,103.4,6.17,255.7,32.53,49717,0.76,32316,1.189,8.27,-82.1,24.99,3.11,11.7
9/19/20,2:30:00,0,Biosphere 2,21.11,49713.2,49721.5,90,103.6,6.18,256,32.53,49720.7,0.84,32318,1.19,8.27,-82.1,24.992,3.11,11.7
9/19/20,2:45:00,0,Biosphere 2,16.51,49708.4,49719,89.9,103.4,6.17,256.2,32.53,49718,0.61,32317,1.187,8.26,-82,24.99,3.11,11.7
9/19/20,3:00:00,0,Biosphere 2,19.78,49704.2,49716.7,89.6,103.2,6.16,255.3,32.53,49715.6,0.73,32315,1.183,8.26,-81.9,24.988,3.11,11.7
9/19/20,3:15:00,0,Biosphere 2,20.12,49706.1,49719,89.6,103.1,6.16,255.9,32.53,49717.8,0.61,32317,1.184,8.26,-81.9,24.988,3.11,11.7
9/19/20,3:30:00,0,Biosphere 2,14.25,49706.4,49716.9,89.5,103,6.15,255.7,32.53,49716,0.73,32315,1.191,8.26,-81.9,24.99,3.11,11.7
9/19/20,3:45:00,0,Biosphere 2,20.82,49710.6,49719.3,89.6,103.1,6.15,255.9,32.53,49718.5,0.98,32317,1.198,8.26,-81.8,24.992,3.11,11.7
9/19/20,4:00:00,0,Biosphere 2,16.01,49707.5,49717.8,89.4,102.9,6.14,256.5,32.53,49716.8,0.88,32316,1.183,8.26,-81.8,24.99,3.11,11.7
9/19/20,4:15:00,0,Biosphere 2,10.88,49708.7,49720.3,89.3,102.8,6.13,255.7,32.53,49719.2,0.53,32317,1.193,8.26,-81.7,24.989,3.11,11.7
9/19/20,4:30:00,0,Biosphere 2,8.94,49707.1,49716.3,89.4,102.9,6.14,255.9,32.53,49715.4,0.34,32315,1.19,8.26,-81.7,24.991,3.11,11.7
9/19/20,4:45:00,0,Biosphere 2,18.8,49703.6,49716.2,89.1,102.6,6.12,256.4,32.53,49715.1,0.8,32315,1.188,8.26,-81.6,24.988,3.11,11.7
9/19/20,5:00:00,0,Biosphere 2,11.02,49711,49721.7,89.2,102.6,6.13,256,32.53,49720.7,0.42,32318,1.191,8.26,-81.6,24.99,3.11,11.7
9/19/20,5:15:00,0,Biosphere 2,22.21,49707.4,49721.1,89,102.4,6.11,256.3,32.53,49719.8,1.03,32318,1.189,8.25,-81.5,24.987,3.11,11.7
9/19/20,5:30:00,0,Biosphere 2,16.16,49709.1,49721.3,89.1,102.5,6.12,256.7,32.53,49720.2,0.65,32318,1.184,8.25,-81.4,24.988,3.11,11.7
9/19/20,5:45:00,0,Biosphere 2,16.9,49705.9,49716.9,89.1,102.5,6.12,257.4,32.53,49715.8,0.82,32315,1.185,8.25,-81.4,24.99,3.11,11.7
9/19/20,6:00:00,0,Biosphere 2,18.63,49708.8,49720.8,89,102.5,6.12,257.4,32.53,49719.7,0.63,32318,1.19,8.25,-81.4,24.989,3.11,11.7
9/19/20,6:15:00,0,Biosphere 2,10.4,49708.8,49720.7,89.1,102.5,6.12,257.7,32.53,49719.6,0.69,32318,1.19,8.25,-81.3,24.989,3.11,11.7
9/19/20,6:30:00,0,Biosphere 2,8.23,49699.1,49717.6,88.5,101.8,6.08,257.7,32.53,49715.9,0.51,32315,1.191,8.25,-81.2,24.982,3.11,11.7
9/19/20,6:45:00,0,Biosphere 2,16.31,49707.7,49719.4,89,102.4,6.11,253.8,32.53,49718.3,0.68,32317,1.194,8.25,-81.2,24.989,3.11,11.7
9/19/20,7:00:00,0,Biosphere 2,17.45,49699.7,49717.9,88.6,101.9,6.09,255.2,32.53,49716.2,0.6,32316,1.196,8.25,-81.2,24.983,3.11,11.7
9/19/20,7:15:00,0,Biosphere 2,18.44,49704.5,49718.6,88.9,102.3,6.11,256.5,32.53,49717.2,0.95,32316,1.196,8.25,-81.2,24.987,3.11,11.7
9/19/20,7:30:00,0,Biosphere 2,12.97,49707.8,49717.6,88.9,102.3,6.11,256.9,32.53,49716.6,0.6,32316,1.198,8.25,-81.1,24.991,3.11,11.7
9/19/20,7:45:00,0,Biosphere 2,14.75,49705.5,49716.5,88.9,102.4,6.11,257.1,32.53,49715.5,0.56,32315,1.191,8.25,-81.1,24.989,3.11,11.7
9/19/20,8:00:00,0,Biosphere 2,18.45,49714.8,49713,89.5,103,6.15,257.5,32.53,49713.2,1.04,32314,1.19,8.25,-81.2,25.002,3.11,11.7
9/19/20,8:15:00,0,Biosphere 2,23.08,49713.2,49707.4,89.8,103.3,6.16,258.1,32.52,49707.9,0.94,32310,1.189,8.25,-81.1,25.006,3.11,11.7
9/19/20,8:30:00,0,Biosphere 2,21.48,49712,49703,90,103.5,6.18,258,32.52,49703.8,0.65,32307,1.19,8.25,-81.2,25.009,3.11,11.7
9/19/20,8:45:00,0,Biosphere 2,9.92,49714.9,49702.5,90.4,104,6.21,258.3,32.52,49703.7,0.44,32307,1.191,8.25,-81.2,25.012,3.11,11.7
9/19/20,9:00:00,0,Biosphere 2,27.09,49722,49706.3,90.7,104.4,6.23,258.6,32.52,49707.8,0.76,32310,1.192,8.25,-81.3,25.015,3.11,11.7
9/19/20,9:15:00,0,Biosphere 2,8.42,49723.8,49704.4,91.3,105,6.27,258,32.52,49706.2,0.42,32309,1.197,8.25,-81.3,25.019,3.11,11.7
9/19/20,9:30:00,0,Biosphere 2,5,49730.1,49705,91.7,105.5,6.29,258.6,32.52,49707.3,0.26,32310,1.188,8.25,-81.4,25.024,3.11,11.7
9/19/20,9:45:00,0,Biosphere 2,18.82,49735.9,49705.8,92.3,106.2,6.34,259.7,32.52,49708.6,1.01,32311,1.189,8.25,-81.5,25.029,3.11,11.7
9/19/20,10:00:00,0,Biosphere 2,3.81,49748.3,49706.9,92.8,106.8,6.37,259.9,32.52,49710.8,0.19,32312,1.192,8.26,-81.6,25.04,3.11,11.7
9/19/20,10:15:00,0,Biosphere 2,12.51,49759,49707,93.4,107.5,6.41,260.2,32.52,49711.8,0.6,32313,1.2,8.26,-81.6,25.05,3.11,11.7
9/19/20,10:30:00,0,Biosphere 2,19.69,49767.5,49706.8,93.8,107.9,6.44,259.9,32.53,49712.5,0.9,32313,1.19,8.26,-81.8,25.058,3.11,11.7
9/19/20,10:45:00,0,Biosphere 2,7.87,49782.3,49706.1,94.6,108.8,6.49,259.3,32.53,49713.3,0.18,32314,1.195,8.26,-82,25.073,3.11,11.7
9/19/20,11:00:00,0,Biosphere 2,16.71,49787.2,49704.2,94.9,109.2,6.51,260,32.52,49712,0.73,32313,1.183,8.26,-82.1,25.079,3.11,11.7
9/19/20,11:15:00,0,Biosphere 2,21.85,49799.8,49706.4,95.3,109.7,6.54,260.3,32.53,49715.1,1.1,32315,1.189,8.27,-82.1,25.089,3.11,11.7
9/19/20,11:30:00,0,Biosphere 2,11.72,49813,49705.8,95.9,110.3,6.57,260.9,32.53,49715.8,0.45,32315,1.19,8.27,-82.3,25.102,3.11,11.7
9/19/20,11:45:00,0,Biosphere 2,7.37,49819.5,49704.9,96.4,111,6.61,261.3,32.53,49715.6,0.4,32315,1.185,8.27,-82.5,25.109,3.11,11.7
9/19/20,12:00:00,0,Biosphere 2,3.7,49821.8,49705.9,96.7,111.2,6.63,261.8,32.53,49716.8,0.11,32316,1.197,8.27,-82.6,25.111,3.11,11.7
9/19/20,12:15:00,0,Biosphere 2,2.82,49826.9,49704.6,97.3,112,6.67,261.8,32.53,49716,0.17,32315,1.194,8.28,-82.7,25.117,3.11,11.7
9/19/20,12:30:00,0,Biosphere 2,2.49,49833.3,49703.5,97.9,112.7,6.71,262.3,32.53,49715.7,0.09,32315,1.2,8.28,-82.8,25.124,3.11,11.7
9/19/20,12:45:00,0,Biosphere 2,4.99,49833.4,49703.3,98.6,113.4,6.76,261.9,32.53,49715.5,0.27,32315,1.185,8.28,-83.1,25.124,3.11,11.7
9/19/20,13:00:00,0,Biosphere 2,22.44,49829.5,49704.5,98.4,113.2,6.74,261.8,32.53,49716.1,0.81,32316,1.192,8.28,-83.1,25.119,3.11,11.7
9/19/20,13:15:00,0,Biosphere 2,19.19,49828.1,49703.8,98.6,113.5,6.76,262.2,32.53,49715.4,0.71,32315,1.192,8.28,-83.2,25.119,3.11,11.7
9/19/20,13:30:00,0,Biosphere 2,16.15,49825.6,49705.3,98.7,113.6,6.77,262.5,32.53,49716.5,0.87,32316,1.192,8.29,-83.3,25.115,3.11,11.7
9/19/20,13:45:00,0,Biosphere 2,9.55,49817.7,49701.6,99,113.9,6.78,262.9,32.52,49712.5,0.38,32313,1.194,8.29,-83.4,25.111,3.11,11.7
9/19/20,14:00:00,0,Biosphere 2,13.26,49820.2,49702.1,99.2,114.1,6.8,262.9,32.52,49713.1,0.68,32314,1.182,8.29,-83.5,25.113,3.11,11.7
9/19/20,14:15:00,0,Biosphere 2,1.75,49828,49703,99.4,114.4,6.81,262.7,32.53,49714.7,0.14,32315,1.185,8.29,-83.6,25.119,3.11,11.7
9/19/20,14:30:00,0,Biosphere 2,10.99,49826,49704.8,99.2,114.2,6.8,263,32.53,49716.2,0.28,32316,1.2,8.29,-83.6,25.116,3.11,11.7
9/19/20,14:45:00,0,Biosphere 2,11.02,49826.6,49703.5,99.2,114.2,6.8,262.9,32.53,49715,0.35,32315,1.191,8.29,-83.6,25.117,3.11,11.7
9/19/20,15:00:00,0,Biosphere 2,14.9,49822.5,49702,99.3,114.2,6.8,262.8,32.52,49713.3,0.7,32314,1.182,8.29,-83.7,25.115,3.11,11.7
9/19/20,15:15:00,0,Biosphere 2,15.05,49822.4,49701.3,99.1,114.1,6.8,262.2,32.52,49712.7,0.4,32313,1.192,8.29,-83.8,25.116,3.11,11.7
9/19/20,15:30:00,0,Biosphere 2,5.78,49822.3,49701.6,99.1,114,6.79,262.7,32.52,49712.9,0.25,32313,1.191,8.29,-83.8,25.115,3.11,11.7
9/19/20,15:45:00,0,Biosphere 2,24.65,49826.4,49705,99,113.9,6.78,260.9,32.53,49716.3,1.09,32316,1.192,8.3,-83.9,25.116,3.11,11.7
9/19/20,16:00:00,0,Biosphere 2,13.29,49819.3,49703,98.7,113.5,6.76,260.7,32.53,49713.9,0.49,32314,1.19,8.3,-83.9,25.111,3.11,11.7
9/19/20,16:15:00,0,Biosphere 2,9.81,49820.5,49702.7,98.5,113.3,6.75,259.5,32.52,49713.7,0.31,32314,1.185,8.3,-83.9,25.112,3.11,11.7
9/19/20,16:30:00,0,Biosphere 2,7.69,49818.4,49703.8,98.2,113,6.73,260.2,32.53,49714.6,0.33,32314,1.195,8.3,-83.9,25.109,3.11,11.7
9/19/20,16:45:00,0,Biosphere 2,19.23,49819.6,49704.9,97.9,112.7,6.71,259.3,32.53,49715.6,0.95,32315,1.195,8.3,-83.9,25.11,3.11,11.7
9/19/20,17:00:00,0,Biosphere 2,6.88,49816.7,49704.6,97.6,112.3,6.69,259.1,32.53,49715.1,0.34,32315,1.188,8.3,-83.9,25.107,3.11,11.7
9/19/20,17:15:00,0,Biosphere 2,11.68,49816.5,49704.6,97.4,112.1,6.68,259.7,32.53,49715.1,0.6,32315,1.184,8.3,-83.9,25.107,3.11,11.7
9/19/20,17:30:00,0,Biosphere 2,6.43,49818.1,49705.1,97.1,111.7,6.66,260.1,32.53,49715.6,0.31,32315,1.196,8.29,-83.8,25.108,3.11,11.7
9/19/20,17:45:00,0,Biosphere 2,6.27,49820.6,49706.7,96.8,111.4,6.64,259.8,32.53,49717.3,0.19,32316,1.184,8.29,-83.8,25.109,3.11,11.7
9/19/20,18:00:00,0,Biosphere 2,7.35,49818.1,49705.3,96.6,111.1,6.62,256.8,32.53,49715.8,0.21,32315,1.181,8.29,-83.8,25.108,3.11,11.7
9/19/20,18:15:00,0,Biosphere 2,11.68,49820.7,49708.1,96.2,110.8,6.6,257.1,32.53,49718.6,0.53,32317,1.189,8.29,-83.8,25.108,3.11,11.7
9/19/20,18:30:00,0,Biosphere 2,19.2,49816.8,49705.8,95.9,110.4,6.58,255,32.53,49716.2,0.65,32316,1.197,8.29,-83.7,25.106,3.11,11.7
9/19/20,18:45:00,0,Biosphere 2,10.67,49815.3,49705.5,95.6,110.1,6.56,255.5,32.53,49715.8,0.43,32315,1.189,8.29,-83.7,25.105,3.11,11.7
9/19/20,19:00:00,0,Biosphere 2,12.08,49813.8,49705.7,95.4,109.7,6.54,254.9,32.53,49715.8,0.42,32315,1.188,8.29,-83.7,25.103,3.11,11.7
9/19/20,19:15:00,0,Biosphere 2,6.25,49815.6,49708.5,95,109.3,6.51,254.8,32.53,49718.5,0.35,32317,1.196,8.29,-83.7,25.102,3.11,11.7
9/19/20,19:30:00,0,Biosphere 2,7.11,49811.1,49705.6,94.8,109.1,6.5,255.6,32.53,49715.5,0.31,32315,1.192,8.29,-83.6,25.101,3.11,11.7
9/19/20,19:45:00,0,Biosphere 2,18.28,49813.4,49709.3,94.4,108.6,6.47,255.5,32.53,49719,0.75,32317,1.2,8.29,-83.5,25.099,3.11,11.7
9/19/20,20:00:00,0,Biosphere 2,14.03,49808.1,49705.9,94.1,108.3,6.46,255.9,32.53,49715.4,0.35,32315,1.184,8.29,-83.5,25.098,3.11,11.7
9/19/20,20:15:00,0,Biosphere 2,20.62,49805.6,49704.8,93.8,108,6.43,255.6,32.53,49714.3,0.83,32314,1.181,8.29,-83.5,25.096,3.11,11.7
9/19/20,20:30:00,0,Biosphere 2,13.08,49803.6,49704.7,93.7,107.8,6.43,255.2,32.53,49713.9,0.48,32314,1.192,8.29,-83.4,25.094,3.11,11.7
9/19/20,20:45:00,0,Biosphere 2,13.71,49800.9,49705.5,93.2,107.3,6.39,255.6,32.53,49714.4,0.76,32314,1.193,8.29,-83.3,25.091,3.11,11.7
9/19/20,21:00:00,0,Biosphere 2,12.77,49802,49708,93.2,107.2,6.39,256.1,32.53,49716.8,0.34,32316,1.192,8.29,-83.3,25.09,3.11,11.7
9/19/20,21:15:00,0,Biosphere 2,17.98,49797,49705.8,92.9,106.9,6.37,256.7,32.53,49714.3,0.56,32314,1.188,8.29,-83.3,25.087,3.11,11.7
9/19/20,21:30:00,0,Biosphere 2,22.95,49794.4,49705.3,92.8,106.8,6.36,256.6,32.53,49713.6,1.01,32314,1.184,8.28,-83.2,25.085,3.11,11.7
9/19/20,21:45:00,0,Biosphere 2,12.2,49793.3,49707,92.5,106.4,6.34,254,32.53,49715,0.69,32315,1.19,8.28,-83.2,25.082,3.11,11.7
9/19/20,22:00:00,0,Biosphere 2,13.23,49790.8,49707.8,92.2,106.1,6.32,254.6,32.53,49715.6,0.34,32315,1.196,8.28,-83.1,25.079,3.11,11.7
9/19/20,22:15:00,0,Biosphere 2,24.1,49786.1,49706.1,92.1,106,6.32,254.9,32.53,49713.6,1.08,32314,1.193,8.28,-83.1,25.076,3.11,11.7
9/19/20,22:30:00,0,Biosphere 2,16.07,49783.2,49706.5,92,105.9,6.31,255.2,32.53,49713.7,0.45,32314,1.19,8.28,-83,25.073,3.11,11.7
9/19/20,22:45:00,0,Biosphere 2,19.22,49784.3,49709.9,91.8,105.7,6.3,255.7,32.53,49716.9,0.85,32316,1.188,8.28,-83,25.071,3.11,11.7
9/19/20,23:00:00,0,Biosphere 2,8.92,49776.9,49708.8,91.4,105.2,6.27,255.9,32.53,49715.2,0.24,32315,1.182,8.28,-82.9,25.065,3.11,11.7
9/19/20,23:15:00,0,Biosphere 2,21.67,49777.5,49709.7,91.5,105.3,6.28,256.5,32.53,49716.1,0.59,32315,1.185,8.28,-82.9,25.065,3.11,11.7
9/19/20,23:30:00,0,Biosphere 2,23.19,49772.3,49709.8,91.1,104.8,6.25,256.8,32.53,49715.7,0.77,32315,1.19,8.28,-82.8,25.06,3.11,11.7
9/19/20,23:45:00,0,Biosphere 2,20.12,49765.1,49706.2,91.1,104.8,6.25,252.2,32.52,49711.8,0.79,32313,1.189,8.28,-82.7,25.056,3.11,11.7
9/20/20,0:00:00,0,Biosphere 2,23.81,49766.4,49710.3,91,104.7,6.24,252.9,32.53,49715.5,0.8,32315,1.182,8.28,-82.7,25.054,3.11,11.7
9/20/20,0:15:00,0,Biosphere 2,23.72,49757.9,49706,90.8,104.5,6.23,253.9,32.52,49710.9,0.82,32312,1.19,8.28,-82.7,25.05,3.11,11.7
9/20/20,0:30:00,0,Biosphere 2,20.53,49755.4,49706.9,90.6,104.3,6.22,254.2,32.52,49711.5,0.99,32312,1.2,8.27,-82.6,25.046,3.11,11.7
9/20/20,0:45:00,0,Biosphere 2,22.96,49753.6,49709.7,90.5,104.2,6.21,254.9,32.53,49713.8,0.89,32314,1.19,8.27,-82.5,25.042,3.11,11.7
9/20/20,1:00:00,0,Biosphere 2,32.3,49750.8,49710,90.5,104.1,6.21,252.7,32.53,49713.8,1.42,32314,1.182,8.27,-82.5,25.039,3.11,11.7
9/20/20,1:15:00,0,Biosphere 2,13.93,49744.3,49708.3,90.4,104.1,6.21,253,32.53,49711.6,0.49,32313,1.187,8.27,-82.5,25.034,3.11,11.7
9/20/20,1:30:00,0,Biosphere 2,14.74,49738.9,49707.4,90.2,103.8,6.19,253.3,32.52,49710.3,0.67,32312,1.185,8.27,-82.4,25.03,3.11,11.7
9/20/20,1:45:00,0,Biosphere 2,21.86,49736.6,49708.2,90.1,103.6,6.18,253.9,32.52,49710.8,1.02,32312,1.192,8.27,-82.3,25.027,3.11,11.7
9/20/20,2:00:00,0,Biosphere 2,6.85,49732.5,49708.5,90,103.6,6.18,253.9,32.52,49710.7,0.33,32312,1.2,8.27,-82.3,25.023,3.11,11.7
9/20/20,2:15:00,0,Biosphere 2,11.7,49732.1,49710.3,90,103.6,6.18,253.9,32.53,49712.3,0.62,32313,1.193,8.27,-82.3,25.021,3.11,11.7
9/20/20,2:30:00,0,Biosphere 2,20.89,49726.3,49708.7,89.9,103.4,6.17,254.2,32.52,49710.4,0.95,32312,1.182,8.27,-82.2,25.017,3.11,11.7
9/20/20,2:45:00,0,Biosphere 2,18,49727,49712.2,89.7,103.3,6.16,254.2,32.53,49713.6,0.94,32314,1.19,8.27,-82.1,25.014,3.11,11.7
9/20/20,3:00:00,0,Biosphere 2,15.28,49718.5,49709.1,89.7,103.3,6.16,254.5,32.52,49710,0.7,32311,1.183,8.27,-82.1,25.009,3.11,11.7
9/20/20,3:15:00,0,Biosphere 2,14.68,49718,49712,89.6,103.2,6.16,254.5,32.53,49712.5,0.64,32313,1.192,8.27,-82.1,25.006,3.11,11.7
9/20/20,3:30:00,0,Biosphere 2,9.63,49715,49712.3,89.6,103.1,6.15,254.1,32.53,49712.5,0.42,32313,1.196,8.26,-82,25.003,3.11,11.7
9/20/20,3:45:00,0,Biosphere 2,3.89,49713.3,49712.9,89.4,102.9,6.14,254.7,32.53,49712.9,0.26,32313,1.192,8.26,-82,25,3.11,11.7
9/20/20,4:00:00,0,Biosphere 2,11.28,49711.9,49713.1,89.2,102.7,6.13,255.1,32.53,49713,0.69,32313,1.191,8.26,-81.9,24.999,3.11,11.7
9/20/20,4:15:00,0,Biosphere 2,9.07,49708,49712.1,89.3,102.7,6.13,254.6,32.53,49711.7,0.31,32313,1.182,8.26,-81.9,24.996,3.11,11.7
9/20/20,4:30:00,0,Biosphere 2,17.31,49710.7,49715.5,89,102.4,6.11,253.8,32.53,49715,0.67,32315,1.185,8.26,-81.8,24.995,3.11,11.7
9/20/20,4:45:00,0,Biosphere 2,22.9,49707.9,49713,89,102.5,6.12,252.8,32.53,49712.5,0.77,32313,1.201,8.26,-81.7,24.995,3.11,11.7
9/20/20,5:00:00,0,Biosphere 2,6.56,49708.7,49712.5,89.1,102.6,6.12,253.1,32.53,49712.2,0.37,32313,1.184,8.26,-81.7,24.996,3.11,11.7
9/20/20,5:15:00,0,Biosphere 2,19.87,49705.4,49713.2,88.9,102.3,6.11,248.2,32.53,49712.4,0.58,32313,1.192,8.26,-81.7,24.993,3.11,11.7
9/20/20,5:30:00,0,Biosphere 2,18.22,49704.9,49711.9,89.1,102.5,6.12,251.3,32.53,49711.3,1.04,32312,1.19,8.26,-81.6,24.993,3.11,11.7
9/20/20,5:45:00,0,Biosphere 2,6.78,49701.9,49712.6,88.9,102.3,6.11,252,32.53,49711.6,0.19,32313,1.181,8.26,-81.6,24.99,3.11,11.7
9/20/20,6:00:00,0,Biosphere 2,22.03,49704.5,49713,88.9,102.3,6.11,252.6,32.53,49712.2,0.71,32313,1.201,8.26,-81.5,24.992,3.11,11.7
9/20/20,6:15:00,0,Biosphere 2,12.5,49708.1,49715.4,88.9,102.3,6.11,253.3,32.53,49714.7,0.38,32315,1.2,8.25,-81.5,24.993,3.11,11.7
9/20/20,6:30:00,0,Biosphere 2,24.14,49704.7,49711,88.9,102.3,6.1,254,32.53,49710.5,1.19,32312,1.19,8.25,-81.4,24.994,3.11,11.7
9/20/20,6:45:00,0,Biosphere 2,22.92,49703.7,49712.4,88.7,102,6.09,253.4,32.53,49711.6,0.73,32313,1.192,8.25,-81.4,24.992,3.11,11.7
9/20/20,7:00:00,0,Biosphere 2,19.04,49706.5,49711.8,88.7,102.1,6.09,253.8,32.53,49711.3,0.99,32312,1.19,8.25,-81.3,24.995,3.11,11.7
9/20/20,7:15:00,0,Biosphere 2,20.77,49709.9,49714.2,88.9,102.3,6.11,252.6,32.53,49713.8,0.85,32314,1.189,8.25,-81.3,24.996,3.11,11.7
9/20/20,7:30:00,0,Biosphere 2,27.28,49704.6,49712.2,88.7,102.1,6.09,253.1,32.53,49711.5,0.87,32312,1.191,8.25,-81.3,24.993,3.11,11.7
9/20/20,7:45:00,0,Biosphere 2,6.28,49705.5,49711.5,89,102.4,6.11,254.5,32.53,49710.9,0.42,32312,1.2,8.25,-81.2,24.994,3.11,11.7
9/20/20,8:00:00,0,Biosphere 2,25.1,49708,49711.7,89.2,102.6,6.12,255.1,32.53,49711.4,0.98,32312,1.192,8.25,-81.2,24.996,3.11,11.7
9/20/20,8:15:00,0,Biosphere 2,14.51,49709.6,49713.2,89.3,102.8,6.14,255.5,32.53,49712.9,0.88,32313,1.199,8.25,-81.2,24.997,3.11,11.7
9/20/20,8:30:00,0,Biosphere 2,2.69,49711.8,49714.5,89.6,103.1,6.15,256.1,32.53,49714.2,0.18,32314,1.196,8.25,-81.2,24.998,3.11,11.7
9/20/20,8:45:00,0,Biosphere 2,25.69,49708.5,49710.6,89.8,103.4,6.17,255.4,32.52,49710.4,1.12,32312,1.187,8.25,-81.2,24.998,3.11,11.7
9/20/20,9:00:00,0,Biosphere 2,23.27,49715.9,49713,90.2,103.8,6.19,254.9,32.53,49713.3,0.86,32314,1.185,8.25,-81.3,25.003,3.11,11.7
9/20/20,9:15:00,0,Biosphere 2,10.66,49716.9,49710.3,90.4,104,6.21,255.7,32.53,49710.9,0.57,32312,1.195,8.25,-81.3,25.006,3.11,11.7
9/20/20,9:30:00,0,Biosphere 2,14.92,49724.2,49710,90.8,104.5,6.24,256.7,32.53,49711.3,0.61,32312,1.2,8.25,-81.4,25.014,3.11,11.7
9/20/20,9:45:00,0,Biosphere 2,10.48,49734.3,49708.8,91.2,104.9,6.26,257.8,32.52,49711.2,0.49,32312,1.2,8.25,-81.4,25.024,3.11,11.7
9/20/20,10:00:00,0,Biosphere 2,18.24,49743.1,49706.8,91.8,105.6,6.3,258.2,32.52,49710.2,0.85,32312,1.185,8.25,-81.5,25.035,3.11,11.7
9/20/20,10:15:00,0,Biosphere 2,2.41,49761.4,49702.7,92.5,106.4,6.35,258.4,32.52,49708.2,0.15,32310,1.181,8.26,-81.6,25.056,3.11,11.7
9/20/20,10:30:00,0,Biosphere 2,2.02,49778.7,49704.1,92.8,106.8,6.37,258.7,32.52,49711.1,0.18,32312,1.193,8.26,-81.7,25.071,3.11,11.7
9/20/20,10:45:00,0,Biosphere 2,14.26,49788.8,49705.9,93.5,107.6,6.42,256.7,32.53,49713.6,0.72,32314,1.191,8.26,-81.8,25.079,3.11,11.7
9/20/20,11:00:00,0,Biosphere 2,12.81,49791.5,49704.3,94,108.2,6.45,257,32.52,49712.5,0.32,32313,1.189,8.26,-81.9,25.083,3.11,11.7
9/20/20,11:15:00,0,Biosphere 2,19.41,49792.4,49704.5,94.6,108.9,6.49,257.2,32.52,49712.7,1.06,32313,1.192,8.27,-82.1,25.084,3.11,11.7
9/20/20,11:30:00,0,Biosphere 2,25.3,49784.1,49702.5,95,109.3,6.52,258.3,32.52,49710.1,1.13,32312,1.2,8.27,-82.1,25.078,3.11,11.7
9/20/20,11:45:00,0,Biosphere 2,3.98,49782.2,49697.7,95.6,110,6.55,257.1,32.52,49705.6,0.15,32309,1.185,8.27,-82.3,25.081,3.11,11.7
9/20/20,12:00:00,0,Biosphere 2,22.77,49779.3,49700.5,96.1,110.6,6.6,256.3,32.52,49707.9,1.3,32310,1.192,8.27,-82.5,25.075,3.11,11.7
9/20/20,12:15:00,0,Biosphere 2,10.68,49778.4,49701.1,96.7,111.3,6.63,257.9,32.52,49708.3,0.47,32310,1.197,8.27,-82.5,25.074,3.11,11.7
9/20/20,12:30:00,0,Biosphere 2,7.23,49782.5,49702.3,97,111.6,6.65,225.6,32.52,49709.8,0.2,32311,1.19,8.27,-82.7,25.077,3.11,11.7
9/20/20,12:45:00,0,Biosphere 2,13.11,49774.5,49700.8,97.4,112,6.68,240.6,32.52,49707.7,0.6,32310,1.185,8.28,-82.8,25.07,3.11,11.7
9/20/20,13:00:00,0,Biosphere 2,7.16,49781.8,49702.3,97.9,112.6,6.71,248,32.52,49709.7,0.42,32311,1.186,8.28,-82.9,25.076,3.11,11.7
9/20/20,13:15:00,0,Biosphere 2,18.36,49779.9,49702.8,98.1,112.9,6.73,251.6,32.52,49710,1.35,32312,1.191,8.28,-83,25.074,3.11,11.7
9/20/20,13:30:00,0,Biosphere 2,19.7,49761,49700.6,98.1,112.9,6.73,253.4,32.52,49706.2,1.24,32309,1.192,8.28,-83.1,25.058,3.11,11.7
9/20/20,13:45:00,0,Biosphere 2,12.56,49777.3,49703.2,98.5,113.4,6.76,255.2,32.52,49710.2,0.51,32312,1.199,8.28,-83.2,25.071,3.11,11.7
9/20/20,14:00:00,0,Biosphere 2,10.02,49773.8,49698.6,98.6,113.4,6.76,256.5,32.52,49705.6,0.37,32309,1.192,8.29,-83.3,25.072,3.11,11.7
9/20/20,14:15:00,0,Biosphere 2,28.5,49776.6,49700.4,98.4,113.2,6.75,254,32.52,49707.5,1.41,32310,1.191,8.29,-83.3,25.073,3.11,11.7
9/20/20,14:30:00,0,Biosphere 2,15.29,49783.4,49702.3,98.4,113.2,6.75,255.6,32.52,49709.9,0.91,32311,1.191,8.29,-83.4,25.077,3.11,11.7
9/20/20,14:45:00,0,Biosphere 2,17.47,49784.4,49700.7,98.3,113.1,6.74,256,32.52,49708.6,0.67,32311,1.189,8.29,-83.4,25.08,3.11,11.7
9/20/20,15:00:00,0,Biosphere 2,18.62,49787.3,49701.7,98.1,112.9,6.73,256.2,32.52,49709.7,0.58,32311,1.19,8.29,-83.4,25.082,3.11,11.7
9/20/20,15:15:00,0,Biosphere 2,6.02,49787.2,49700.7,98,112.7,6.72,257.1,32.52,49708.8,0.25,32311,1.19,8.29,-83.5,25.083,3.11,11.7
9/20/20,15:30:00,0,Biosphere 2,8.8,49792.3,49703.4,97.8,112.6,6.71,257.8,32.52,49711.7,0.48,32313,1.19,8.29,-83.5,25.085,3.11,11.7
9/20/20,15:45:00,0,Biosphere 2,6.44,49789.1,49701,97.7,112.4,6.7,258.3,32.52,49709.3,0.41,32311,1.191,8.29,-83.5,25.084,3.11,11.7
9/20/20,16:00:00,0,Biosphere 2,3.31,49791.5,49703.1,97.6,112.3,6.69,258.6,32.52,49711.4,0.3,32312,1.188,8.29,-83.5,25.084,3.11,11.7
9/20/20,16:15:00,0,Biosphere 2,21.63,49794.5,49704.6,97.3,112,6.68,258.7,32.52,49713,0.77,32313,1.182,8.29,-83.5,25.086,3.11,11.7
9/20/20,16:30:00,0,Biosphere 2,28.78,49792.5,49703.7,97.2,111.8,6.66,259,32.52,49712,1.35,32313,1.19,8.29,-83.5,25.085,3.11,11.7
9/20/20,16:45:00,0,Biosphere 2,14.25,49793.3,49703.7,96.9,111.5,6.64,259.3,32.52,49712.1,0.54,32313,1.196,8.29,-83.5,25.085,3.11,11.7
9/20/20,17:00:00,0,Biosphere 2,17.42,49792.8,49703.6,96.8,111.4,6.64,256.4,32.52,49712,0.52,32313,1.196,8.29,-83.5,25.085,3.11,11.7
9/20/20,17:15:00,0,Biosphere 2,1.64,49795.6,49705.2,96.6,111.1,6.62,257.5,32.53,49713.7,0.12,32314,1.185,8.29,-83.5,25.086,3.11,11.7
9/20/20,17:30:00,0,Biosphere 2,20.98,49793.5,49702.6,96.3,110.8,6.61,258.4,32.52,49711.1,1.12,32312,1.189,8.29,-83.5,25.087,3.11,11.7
9/20/20,17:45:00,0,Biosphere 2,14.87,49796.8,49702,96.2,110.7,6.6,258.8,32.52,49710.9,0.53,32312,1.191,8.29,-83.5,25.091,3.11,11.7
9/20/20,18:00:00,0,Biosphere 2,6.95,49797.7,49701.3,95.9,110.3,6.57,258.9,32.52,49710.3,0.42,32312,1.191,8.29,-83.5,25.092,3.11,11.7
9/20/20,18:15:00,0,Biosphere 2,30.9,49798.8,49702,95.6,110.1,6.56,258.7,32.52,49711,1.44,32312,1.182,8.29,-83.5,25.092,3.11,11.7
9/20/20,18:30:00,0,Biosphere 2,26.92,49803.4,49705,95.4,109.8,6.54,258.1,32.53,49714.2,1.11,32314,1.184,8.29,-83.5,25.094,3.11,11.7
9/20/20,18:45:00,0,Biosphere 2,24.44,49803,49704.1,95.1,109.5,6.52,258.5,32.52,49713.3,0.98,32314,1.197,8.29,-83.4,25.094,3.11,11.7
9/20/20,19:00:00,0,Biosphere 2,6.32,49802.9,49703.6,94.9,109.2,6.51,258.3,32.52,49712.9,0.21,32313,1.184,8.29,-83.4,25.095,3.11,11.7
9/20/20,19:15:00,0,Biosphere 2,31.52,49804.3,49704.3,94.7,108.9,6.49,258.1,32.53,49713.6,1.01,32314,1.182,8.29,-83.3,25.096,3.11,11.7
9/20/20,19:30:00,0,Biosphere 2,19.6,49801.2,49701.4,94.4,108.7,6.47,257.8,32.52,49710.8,0.8,32312,1.198,8.29,-83.3,25.095,3.11,11.7
9/20/20,19:45:00,0,Biosphere 2,5.83,49800.8,49700.6,94.1,108.3,6.45,257.3,32.52,49710,0.15,32311,1.198,8.28,-83.2,25.096,3.11,11.7
9/20/20,20:00:00,0,Biosphere 2,9.87,49800,49700.5,93.9,108,6.44,256.9,32.52,49709.8,0.36,32311,1.19,8.28,-83.2,25.095,3.11,11.7
9/20/20,20:15:00,0,Biosphere 2,5.41,49800.2,49701.6,93.4,107.5,6.41,257.1,32.52,49710.8,0.1,32312,1.189,8.28,-83.2,25.094,3.11,11.7
9/20/20,20:30:00,0,Biosphere 2,15.17,49797.7,49701,93.3,107.4,6.4,257.4,32.52,49710,0.55,32311,1.188,8.28,-83.1,25.092,3.11,11.7
9/20/20,20:45:00,0,Biosphere 2,16.36,49795.9,49701.2,93.2,107.2,6.39,255.7,32.52,49710,0.83,32312,1.192,8.28,-83.1,25.09,3.11,11.7
9/20/20,21:00:00,0,Biosphere 2,4.34,49794.4,49701.2,92.9,106.9,6.37,255.9,32.52,49709.9,0.34,32311,1.192,8.28,-83,25.089,3.11,11.7
9/20/20,21:15:00,0,Biosphere 2,9.52,49792.5,49700.7,92.7,106.7,6.36,256.2,32.52,49709.3,0.54,32311,1.182,8.28,-83,25.088,3.11,11.7
9/20/20,21:30:00,0,Biosphere 2,21.64,49793.5,49703.3,92.5,106.5,6.35,256.2,32.52,49711.8,0.93,32313,1.192,8.28,-83,25.086,3.11,11.7
9/20/20,21:45:00,0,Biosphere 2,21.67,49789.2,49701.4,92.3,106.2,6.33,256.6,32.52,49709.6,0.59,32311,1.2,8.28,-82.8,25.084,3.11,11.7
9/20/20,22:00:00,0,Biosphere 2,3.42,49790.5,49704.3,92.1,106,6.31,256.8,32.52,49712.4,0.13,32313,1.189,8.28,-82.8,25.082,3.11,11.7
9/20/20,22:15:00,0,Biosphere 2,21.46,49787.1,49703.3,92,105.9,6.31,257.2,32.52,49711.2,1.07,32312,1.182,8.28,-82.8,25.08,3.11,11.7
9/20/20,22:30:00,0,Biosphere 2,10.93,49782.3,49701.2,91.8,105.7,6.3,252,32.52,49708.8,0.42,32311,1.192,8.28,-82.8,25.077,3.11,11.7
9/20/20,22:45:00,0,Biosphere 2,29.47,49782.9,49703.3,91.7,105.6,6.29,253.4,32.52,49710.7,1.3,32312,1.191,8.27,-82.7,25.076,3.11,11.7
9/20/20,23:00:00,0,Biosphere 2,3.2,49779.5,49703.3,91.5,105.3,6.28,254.5,32.52,49710.4,0.19,32312,1.185,8.27,-82.6,25.073,3.11,11.7
9/20/20,23:15:00,0,Biosphere 2,29.08,49778.7,49705.8,91,104.7,6.24,254.8,32.53,49712.6,1.08,32313,1.185,8.27,-82.5,25.07,3.11,11.7
9/20/20,23:30:00,0,Biosphere 2,24.62,49776.2,49703.9,91.2,104.9,6.26,255.3,32.52,49710.7,1.12,32312,1.192,8.27,-82.6,25.069,3.11,11.7
9/20/20,23:45:00,0,Biosphere 2,8.66,49773.1,49704.7,91,104.7,6.24,255.4,32.52,49711.1,0.34,32312,1.191,8.27,-82.4,25.065,3.11,11.7
9/21/20,0:00:00,0,Biosphere 2,26.36,49769.5,49703.6,91,104.7,6.24,255.4,32.52,49709.7,1.48,32311,1.192,8.27,-82.5,25.063,3.11,11.7
9/21/20,0:15:00,0,Biosphere 2,23.15,49768.6,49705.7,90.8,104.5,6.23,256,32.52,49711.6,1.03,32313,1.201,8.27,-82.3,25.06,3.11,11.7
9/21/20,0:30:00,0,Biosphere 2,10.67,49763.1,49704.9,90.6,104.3,6.22,255.9,32.52,49710.3,0.48,32312,1.196,8.27,-82.3,25.056,3.11,11.7
9/21/20,0:45:00,0,Biosphere 2,2.22,49760.1,49704.8,90.5,104.2,6.21,255.6,32.52,49710,0.18,32311,1.19,8.27,-82.3,25.053,3.11,11.7
9/21/20,1:00:00,0,Biosphere 2,12.5,49756.7,49706.2,90.4,104.1,6.21,254.2,32.52,49710.9,0.28,32312,1.198,8.27,-82.2,25.048,3.11,11.7
9/21/20,1:15:00,0,Biosphere 2,11.17,49756.9,49708.1,90.4,104.1,6.21,254.7,32.53,49712.7,0.55,32313,1.189,8.27,-82.2,25.047,3.11,11.7
9/21/20,1:30:00,0,Biosphere 2,29.87,49750.8,49706.5,90.3,103.9,6.2,255.1,32.52,49710.7,0.85,32312,1.191,8.27,-82.1,25.042,3.11,11.7
9/21/20,1:45:00,0,Biosphere 2,2.91,49750,49710.1,90.2,103.8,6.19,255,32.53,49713.9,0.15,32314,1.199,8.26,-82.1,25.038,3.11,11.7
9/21/20,2:00:00,0,Biosphere 2,27.06,49745.8,49709.9,90,103.5,6.17,254.8,32.53,49713.2,0.77,32314,1.198,8.26,-82,25.034,3.11,11.7
9/21/20,2:15:00,0,Biosphere 2,14.05,49742.7,49711.3,89.9,103.4,6.17,254.7,32.53,49714.2,0.51,32314,1.201,8.26,-81.9,25.03,3.11,11.7
9/21/20,2:30:00,0,Biosphere 2,16.92,49737.3,49709.2,89.9,103.5,6.18,253.7,32.53,49711.8,0.47,32313,1.197,8.26,-81.9,25.027,3.11,11.7
9/21/20,2:45:00,0,Biosphere 2,18.88,49736.2,49712.3,89.9,103.4,6.17,254,32.53,49714.6,1.15,32314,1.195,8.26,-81.9,25.023,3.11,11.7
9/21/20,3:00:00,0,Biosphere 2,15.09,49728.7,49709.3,89.7,103.3,6.16,254,32.53,49711.1,0.33,32312,1.194,8.26,-81.8,25.018,3.11,11.7
9/21/20,3:15:00,0,Biosphere 2,19.06,49728.6,49713.4,89.7,103.3,6.16,254.4,32.53,49714.9,1.06,32315,1.197,8.26,-81.8,25.014,3.11,11.7
9/21/20,3:30:00,0,Biosphere 2,4.52,49719.4,49709.8,89.6,103.1,6.15,254.4,32.52,49710.7,0.21,32312,1.196,8.26,-81.7,25.009,3.11,11.7
9/21/20,3:45:00,0,Biosphere 2,14.56,49719.4,49712.1,89.6,103.1,6.15,254.7,32.53,49712.8,1.14,32313,1.196,8.26,-81.7,25.007,3.11,11.7
9/21/20,4:00:00,0,Biosphere 2,5.94,49713.5,49712.8,89.3,102.8,6.14,254.9,32.53,49712.8,0.31,32313,1.19,8.26,-81.6,25.001,3.11,11.7
9/21/20,4:15:00,0,Biosphere 2,19.14,49714.7,49715.4,89.3,102.7,6.13,253.5,32.53,49715.3,1.35,32315,1.185,8.26,-81.6,24.999,3.11,11.7
9/21/20,4:30:00,0,Biosphere 2,22.11,49709.9,49710.7,89.2,102.7,6.13,253.8,32.53,49710.6,0.98,32312,1.182,8.25,-81.5,24.999,3.11,11.7
9/21/20,4:45:00,0,Biosphere 2,27.81,49709.7,49710.6,89.4,102.8,6.14,254.4,32.53,49710.5,1.33,32312,1.182,8.25,-81.5,24.999,3.11,11.7
9/21/20,5:00:00,0,Biosphere 2,32.07,49713,49713.2,89.3,102.7,6.13,254.8,32.53,49713.2,1.2,32314,1.19,8.25,-81.4,25,3.11,11.7
9/21/20,5:15:00,0,Biosphere 2,30.89,49712.5,49714.6,89.2,102.7,6.13,254.9,32.53,49714.4,1.28,32314,1.186,8.25,-81.4,24.998,3.11,11.7
9/21/20,5:30:00,0,Biosphere 2,15.78,49709.1,49712.1,89.2,102.7,6.13,251,32.53,49711.9,0.81,32313,1.19,8.25,-81.3,24.997,3.11,11.7
9/21/20,5:45:00,0,Biosphere 2,31.62,49709.6,49714.6,89,102.4,6.11,251.9,32.53,49714.2,1.28,32314,1.191,8.25,-81.3,24.995,3.11,11.7
9/21/20,6:00:00,0,Biosphere 2,23.94,49709,49716,89,102.4,6.11,252.5,32.53,49715.3,0.98,32315,1.19,8.25,-81.2,24.993,3.11,11.7
9/21/20,6:15:00,0,Biosphere 2,5.9,49702.5,49716.2,88.7,102.1,6.09,252.7,32.53,49714.9,0.22,32315,1.188,8.25,-81.1,24.987,3.11,11.7
9/21/20,6:30:00,0,Biosphere 2,13.79,49709.2,49716.6,89,102.4,6.11,252.6,32.53,49716,1,32315,1.191,8.25,-81.1,24.993,3.11,11.7
9/21/20,6:45:00,0,Biosphere 2,9.11,49704.6,49713.9,89,102.5,6.12,253.5,32.53,49713,0.47,32313,1.192,8.25,-81.1,24.991,3.11,11.7
9/21/20,7:00:00,0,Biosphere 2,13.19,49703.3,49710.6,89,102.4,6.11,253.8,32.52,49709.9,0.66,32311,1.194,8.25,-81,24.993,3.11,11.7
9/21/20,7:15:00,0,Biosphere 2,26.27,49708,49712.9,89,102.5,6.12,254.2,32.53,49712.4,1.17,32313,1.185,8.25,-81,24.995,3.11,11.7
9/21/20,7:30:00,0,Biosphere 2,16.24,49713.8,49711.5,89.3,102.7,6.13,254.9,32.53,49711.7,0.77,32313,1.181,8.25,-81,25.002,3.11,11.7
9/21/20,7:45:00,0,Biosphere 2,20.59,49714,49710.9,89.4,102.9,6.14,254.9,32.53,49711.2,0.73,32312,1.192,8.25,-81,25.003,3.11,11.7
9/21/20,8:00:00,0,Biosphere 2,17.06,49717.9,49710.8,89.7,103.2,6.16,253.9,32.53,49711.5,0.41,32312,1.185,8.25,-81,25.007,3.11,11.7
9/21/20,8:15:00,0,Biosphere 2,11,49720.7,49710.3,90,103.5,6.18,252.1,32.53,49711.3,0.31,32312,1.189,8.25,-81.1,25.01,3.11,11.7
9/21/20,8:30:00,0,Biosphere 2,21.92,49727,49712.2,90.3,103.9,6.2,253.4,32.53,49713.6,1.07,32314,1.2,8.25,-81,25.014,3.11,11.7
9/21/20,8:45:00,0,Biosphere 2,11.21,49727.5,49709.8,90.6,104.3,6.22,254.2,32.53,49711.5,0.71,32312,1.193,8.25,-81.1,25.017,3.11,11.7
9/21/20,9:00:00,0,Biosphere 2,8.07,49736.6,49711.8,91.1,104.8,6.25,254.9,32.53,49714.1,0.47,32314,1.193,8.25,-81.2,25.024,3.11,11.7
9/21/20,9:15:00,0,Biosphere 2,11.85,49741.3,49709.7,91.6,105.5,6.29,254.8,32.53,49712.6,0.52,32313,1.182,8.25,-81.2,25.03,3.11,11.7
9/21/20,9:30:00,0,Biosphere 2,15.35,49746.4,49706.7,92.1,106,6.32,248.3,32.52,49710.4,0.59,32312,1.193,8.25,-81.3,25.038,3.11,11.7
9/21/20,9:45:00,0,Biosphere 2,19.98,49758.7,49707.5,92.7,106.7,6.36,250.7,32.53,49712.3,0.88,32313,1.19,8.25,-81.4,25.049,3.11,11.7
9/21/20,10:00:00,0,Biosphere 2,9.02,49763.3,49705.4,93,107,6.38,252.4,32.52,49710.9,0.61,32312,1.184,8.26,-81.5,25.055,3.11,11.7
9/21/20,10:15:00,0,Biosphere 2,6.51,49781,49706.5,93.6,107.7,6.42,253.4,32.53,49713.4,0.38,32314,1.198,8.26,-81.6,25.071,3.11,11.7
9/21/20,10:30:00,0,Biosphere 2,20.26,49790.2,49705.1,94.1,108.3,6.45,254.4,32.53,49713,0.85,32313,1.191,8.26,-81.7,25.081,3.11,11.7
9/21/20,10:45:00,0,Biosphere 2,21.75,49796,49701.8,94.4,108.6,6.47,255.3,32.52,49710.6,1.27,32312,1.191,8.26,-81.8,25.09,3.11,11.7
9/21/20,11:00:00,0,Biosphere 2,6.48,49809.5,49700.4,95.2,109.6,6.53,255.6,32.52,49710.7,0.22,32312,1.191,8.26,-82,25.104,3.11,11.7
9/21/20,11:15:00,0,Biosphere 2,14.08,49817.8,49700.7,95.7,110.1,6.56,255.6,32.52,49711.7,0.75,32313,1.192,8.27,-82.1,25.112,3.11,11.7
9/21/20,11:30:00,0,Biosphere 2,13.06,49821.3,49700.3,96.1,110.6,6.59,254.6,32.52,49711.6,0.67,32313,1.185,8.27,-82.3,25.116,3.11,11.7
9/21/20,11:45:00,0,Biosphere 2,16.55,49820.6,49698.8,96.7,111.3,6.63,255.6,32.52,49710.2,1.04,32312,1.19,8.27,-82.4,25.116,3.11,11.7
9/21/20,12:00:00,0,Biosphere 2,3.28,49828.8,49698.2,97.3,112,6.67,255.1,32.52,49710.4,0.12,32312,1.188,8.27,-82.5,25.125,3.11,11.7
9/21/20,12:15:00,0,Biosphere 2,1.08,49823.1,49698.1,97.8,112.5,6.7,255.1,32.52,49709.8,0.09,32311,1.19,8.27,-82.7,25.119,3.11,11.7
9/21/20,12:30:00,0,Biosphere 2,11.54,49820.9,49699.7,98.1,112.9,6.72,254.7,32.52,49711,0.48,32312,1.187,8.28,-82.8,25.116,3.11,11.7
9/21/20,12:45:00,0,Biosphere 2,24.56,49812.9,49697.4,98.2,113,6.73,255.2,32.52,49708.2,0.9,32310,1.192,8.28,-82.9,25.11,3.11,11.7
9/21/20,13:00:00,0,Biosphere 2,10.34,49813.1,49697.3,98.6,113.5,6.76,255.5,32.52,49708.2,0.48,32310,1.196,8.28,-83,25.111,3.11,11.7
9/21/20,13:15:00,0,Biosphere 2,13.85,49818.6,49700.9,98.8,113.7,6.77,255.6,32.52,49711.9,0.93,32313,1.188,8.28,-83.1,25.112,3.11,11.7
9/21/20,13:30:00,0,Biosphere 2,18.19,49817.8,49702.2,98.9,113.9,6.78,256.1,32.52,49713,0.88,32313,1.188,8.28,-83.2,25.11,3.11,11.7
9/21/20,13:45:00,0,Biosphere 2,6.58,49817.3,49699.5,99,113.9,6.79,256.5,32.52,49710.5,0.32,32312,1.191,8.29,-83.3,25.112,3.11,11.7
9/21/20,14:00:00,0,Biosphere 2,13.79,49820.4,49701.8,98.9,113.8,6.78,256.9,32.52,49712.9,0.46,32313,1.195,8.29,-83.3,25.113,3.11,11.7
9/21/20,14:15:00,0,Biosphere 2,22.02,49819.3,49701.5,98.7,113.5,6.76,256.7,32.52,49712.5,1.34,32313,1.181,8.29,-83.3,25.113,3.11,11.7
9/21/20,14:30:00,0,Biosphere 2,8.89,49819.3,49700.2,98.7,113.5,6.76,256.4,32.52,49711.4,0.56,32312,1.192,8.29,-83.4,25.114,3.11,11.7
9/21/20,14:45:00,0,Biosphere 2,7.08,49822.5,49700.7,98.4,113.3,6.75,256.3,32.52,49712.1,0.5,32313,1.191,8.29,-83.4,25.116,3.11,11.7
9/21/20,15:00:00,0,Biosphere 2,25.72,49821,49700.4,98.3,113.1,6.74,256.5,32.52,49711.7,1.03,32313,1.192,8.29,-83.5,25.115,3.11,11.7
9/21/20,15:15:00,0,Biosphere 2,19.23,49819.3,49698,98.1,112.9,6.73,256.4,32.52,49709.3,0.45,32311,1.198,8.29,-83.4,25.116,3.11,11.7
9/21/20,15:30:00,0,Biosphere 2,20.95,49819.6,49697.7,98,112.7,6.72,256,32.52,49709.1,0.63,32311,1.188,8.29,-83.5,25.116,3.11,11.7
9/21/20,15:45:00,0,Biosphere 2,17.94,49820.3,49697.5,97.9,112.6,6.71,255.6,32.52,49709,0.91,32311,1.19,8.29,-83.5,25.117,3.11,11.7
9/21/20,16:00:00,0,Biosphere 2,26.12,49823.1,49700,97.7,112.4,6.7,255.4,32.52,49711.5,1.37,32312,1.192,8.29,-83.6,25.118,3.11,11.7
9/21/20,16:15:00,0,Biosphere 2,7.79,49824,49701,97.6,112.4,6.69,255.1,32.52,49712.5,0.5,32313,1.192,8.29,-83.5,25.117,3.11,11.7
9/21/20,16:30:00,0,Biosphere 2,13.44,49818.5,49697,97.4,112.1,6.68,254.9,32.52,49708.4,0.67,32310,1.181,8.29,-83.5,25.116,3.11,11.7
9/21/20,16:45:00,0,Biosphere 2,21.93,49816,49696.4,97.2,111.8,6.66,254.7,32.52,49707.6,0.48,32310,1.194,8.29,-83.5,25.114,3.11,11.7
9/21/20,17:00:00,0,Biosphere 2,1.34,49812.4,49698.1,96.9,111.5,6.64,255.1,32.52,49708.8,0.09,32311,1.197,8.29,-83.6,25.109,3.11,11.7
9/21/20,17:15:00,0,Biosphere 2,31.64,49813.1,49698.3,96.7,111.3,6.63,255.1,32.52,49709.1,1.73,32311,1.197,8.29,-83.5,25.11,3.11,11.7
9/21/20,17:30:00,0,Biosphere 2,22.82,49810.8,49696.8,96.5,111,6.61,255,32.52,49707.5,1.09,32310,1.201,8.29,-83.5,25.109,3.11,11.7
9/21/20,17:45:00,0,Biosphere 2,25.52,49813,49699.2,96.3,110.8,6.6,255.2,32.52,49709.9,1.22,32311,1.194,8.29,-83.5,25.109,3.11,11.7
9/21/20,18:00:00,0,Biosphere 2,18.81,49811.5,49697.9,95.9,110.4,6.58,255.3,32.52,49708.5,0.49,32311,1.19,8.29,-83.5,25.108,3.11,11.7
9/21/20,18:15:00,0,Biosphere 2,9.05,49812.2,49698.8,95.7,110.1,6.56,255.7,32.52,49709.4,0.61,32311,1.19,8.29,-83.4,25.108,3.11,11.7
9/21/20,18:30:00,0,Biosphere 2,20.39,49809.6,49697.6,95.4,109.8,6.54,255.3,32.52,49708.1,1.08,32310,1.182,8.29,-83.4,25.107,3.11,11.7
9/21/20,18:45:00,0,Biosphere 2,18.21,49811.1,49700.4,95.2,109.5,6.53,255,32.52,49710.7,0.77,32312,1.182,8.29,-83.3,25.106,3.11,11.7
9/21/20,19:00:00,0,Biosphere 2,10.4,49807.8,49698.1,94.8,109.2,6.5,254.9,32.52,49708.4,0.42,32310,1.19,8.29,-83.4,25.105,3.11,11.7
9/21/20,19:15:00,0,Biosphere 2,26.91,49808.3,49700.3,94.6,108.8,6.48,255.2,32.52,49710.4,1.6,32312,1.192,8.29,-83.3,25.103,3.11,11.7
9/21/20,19:30:00,0,Biosphere 2,11.67,49804.9,49699,94.4,108.6,6.47,256,32.52,49708.9,0.58,32311,1.199,8.28,-83.2,25.101,3.11,11.7
9/21/20,19:45:00,0,Biosphere 2,21.73,49804.8,49701.5,94,108.2,6.45,255.8,32.52,49711.2,0.97,32312,1.197,8.28,-83.2,25.099,3.11,11.7
9/21/20,20:00:00,0,Biosphere 2,5,49800.9,49699.2,93.8,107.9,6.43,255.1,32.52,49708.7,0.23,32311,1.196,8.28,-83.1,25.097,3.11,11.7
9/21/20,20:15:00,0,Biosphere 2,19.02,49798.4,49699.8,93.5,107.6,6.41,254,32.52,49709,0.93,32311,1.184,8.28,-83.1,25.094,3.11,11.7
9/21/20,20:30:00,0,Biosphere 2,18.16,49796.7,49700.2,93.1,107.2,6.39,254.1,32.52,49709.2,0.47,32311,1.19,8.28,-83,25.092,3.11,11.7
9/21/20,20:45:00,0,Biosphere 2,2.89,49799.5,49703.5,93.1,107.1,6.38,254.4,32.52,49712.5,0.24,32313,1.2,8.28,-83,25.092,3.11,11.7
9/21/20,21:00:00,0,Biosphere 2,5.87,49798.1,49704.5,93,107,6.38,254.6,32.53,49713.3,0.31,32314,1.187,8.28,-83,25.089,3.11,11.7
9/21/20,21:15:00,0,Biosphere 2,9.89,49795.9,49703.4,92.7,106.7,6.36,255.1,32.52,49712.1,0.39,32313,1.192,8.28,-83,25.088,3.11,11.7
9/21/20,21:30:00,0,Biosphere 2,22.33,49792.3,49701.9,92.5,106.5,6.35,254.8,32.52,49710.4,1.26,32312,1.19,8.28,-82.9,25.086,3.11,11.7
9/21/20,21:45:00,0,Biosphere 2,12.15,49789.9,49701.4,92.4,106.3,6.34,254.7,32.52,49709.7,0.47,32311,1.192,8.28,-82.9,25.084,3.11,11.7
9/21/20,22:00:00,0,Biosphere 2,9.29,49787.8,49701.7,92.2,106.1,6.32,255,32.52,49709.8,0.65,32311,1.201,8.28,-82.7,25.082,3.11,11.7
9/21/20,22:15:00,0,Biosphere 2,10.46,49790.7,49705.7,92,105.8,6.31,254.3,32.53,49713.7,0.62,32314,1.189,8.28,-82.7,25.081,3.11,11.7
9/21/20,22:30:00,0,Biosphere 2,17.57,49787.1,49704.5,91.9,105.7,6.3,254.2,32.52,49712.2,0.6,32313,1.195,8.27,-82.6,25.079,3.11,11.7
9/21/20,22:45:00,0,Biosphere 2,17.8,49786.4,49706.1,91.6,105.4,6.28,254.3,32.53,49713.6,0.99,32314,1.184,8.27,-82.6,25.077,3.11,11.7
9/21/20,23:00:00,0,Biosphere 2,12.55,49784.3,49706.1,91.5,105.4,6.28,254.6,32.53,49713.4,0.56,32314,1.191,8.27,-82.6,25.075,3.11,11.7
9/21/20,23:15:00,0,Biosphere 2,19.11,49779.2,49703.1,91.4,105.2,6.27,253.6,32.52,49710.2,0.72,32312,1.2,8.27,-82.5,25.073,3.11,11.7
9/21/20,23:30:00,0,Biosphere 2,16.17,49778.2,49704.5,91.2,104.9,6.25,253.9,32.52,49711.4,0.62,32312,1.192,8.27,-82.5,25.07,3.11,11.7
9/21/20,23:45:00,0,Biosphere 2,21.39,49775.6,49703.6,91.1,104.8,6.25,252.5,32.52,49710.4,1.13,32312,1.193,8.27,-82.4,25.069,3.11,11.7
9/22/20,0:00:00,0,Biosphere 2,13.15,49774.1,49705.3,91.1,104.8,6.25,253.3,32.52,49711.7,0.58,32313,1.185,8.27,-82.4,25.066,3.11,11.7
9/22/20,0:15:00,0,Biosphere 2,6.87,49768.9,49703.8,90.8,104.5,6.23,253.6,32.52,49709.9,0.28,32311,1.186,8.27,-82.3,25.062,3.11,11.7
9/22/20,0:30:00,0,Biosphere 2,31.39,49769.6,49705.9,90.9,104.6,6.24,253.7,32.52,49711.8,1.56,32313,1.201,8.27,-82.3,25.061,3.11,11.7
9/22/20,0:45:00,0,Biosphere 2,18.19,49766.3,49706.6,90.6,104.3,6.22,252.7,32.52,49712.1,0.83,32313,1.194,8.27,-82.2,25.057,3.11,11.7
9/22/20,1:00:00,0,Biosphere 2,17.69,49760.9,49703.9,90.7,104.3,6.22,252.7,32.52,49709.2,1.09,32311,1.184,8.27,-82.2,25.054,3.11,11.7
9/22/20,1:15:00,0,Biosphere 2,26.17,49762.2,49707.1,90.5,104.1,6.21,252.7,32.53,49712.2,1.17,32313,1.189,8.27,-82.1,25.053,3.11,11.7
9/22/20,1:30:00,0,Biosphere 2,17.31,49756.8,49705.8,90.3,103.9,6.2,253.4,32.52,49710.6,0.64,32312,1.198,8.26,-82,25.049,3.11,11.7
9/22/20,1:45:00,0,Biosphere 2,4.29,49754.3,49706.9,90.3,103.9,6.2,253.7,32.52,49711.3,0.3,32312,1.189,8.26,-82,25.045,3.11,11.7
9/22/20,2:00:00,0,Biosphere 2,28.06,49747.4,49704.8,90.1,103.6,6.18,253.9,32.52,49708.8,1.28,32311,1.183,8.26,-81.9,25.041,3.11,11.7
9/22/20,2:15:00,0,Biosphere 2,8.1,49746.1,49707.4,90.1,103.7,6.18,253.9,32.52,49711,0.33,32312,1.187,8.26,-81.9,25.037,3.11,11.7
9/22/20,2:30:00,0,Biosphere 2,25.51,49742.6,49706.8,90,103.6,6.18,254,32.52,49710.1,1.29,32312,1.2,8.26,-81.8,25.034,3.11,11.7
9/22/20,2:45:00,0,Biosphere 2,21.09,49737,49706.6,89.9,103.4,6.17,253.5,32.52,49709.4,0.7,32311,1.189,8.26,-81.8,25.029,3.11,11.7
9/22/20,3:00:00,0,Biosphere 2,12.61,49735.4,49707.4,90,103.6,6.18,253.5,32.52,49710,0.22,32312,1.189,8.26,-81.8,25.027,3.11,11.7
9/22/20,3:15:00,0,Biosphere 2,2.95,49735.1,49710.9,89.8,103.4,6.17,254.3,32.53,49713.2,0.12,32314,1.199,8.26,-81.7,25.023,3.11,11.7
9/22/20,3:30:00,0,Biosphere 2,20.04,49732,49711.5,89.7,103.3,6.16,253.9,32.53,49713.5,1.24,32314,1.19,8.26,-81.6,25.02,3.11,11.7
9/22/20,3:45:00,0,Biosphere 2,39.17,49723.1,49708.9,89.6,103.2,6.16,253.9,32.52,49710.2,1.61,32312,1.19,8.26,-81.6,25.014,3.11,11.7
9/22/20,4:00:00,0,Biosphere 2,30.98,49721,49708.5,89.6,103.1,6.15,253.9,32.52,49709.6,0.91,32311,1.197,8.26,-81.5,25.012,3.11,11.7
9/22/20,4:15:00,0,Biosphere 2,21.36,49715.7,49709.2,89.6,103.1,6.15,252.6,32.52,49709.8,0.34,32311,1.189,8.26,-81.5,25.006,3.11,11.7
9/22/20,4:30:00,0,Biosphere 2,14.53,49715.8,49711.4,89.5,103,6.15,253,32.53,49711.8,0.42,32313,1.191,8.25,-81.4,25.004,3.11,11.7
9/22/20,4:45:00,0,Biosphere 2,21.88,49709.8,49710,89.4,102.9,6.14,253.1,32.52,49710,1.19,32312,1.192,8.25,-81.4,25,3.11,11.7
9/22/20,5:00:00,0,Biosphere 2,23.09,49710.3,49713,89.4,102.9,6.14,253.9,32.53,49712.7,0.95,32313,1.191,8.25,-81.3,24.997,3.11,11.7
9/22/20,5:15:00,0,Biosphere 2,21.23,49706.6,49713.9,89.4,102.9,6.14,254.1,32.53,49713.2,1.09,32314,1.189,8.25,-81.3,24.993,3.11,11.7
9/22/20,5:30:00,0,Biosphere 2,23.77,49701.9,49714.4,89.2,102.6,6.13,253.9,32.53,49713.3,0.64,32314,1.2,8.25,-81.2,24.988,3.11,11.7
9/22/20,5:45:00,0,Biosphere 2,24.38,49709.2,49715.1,89.1,102.6,6.12,254.4,32.53,49714.6,1.26,32314,1.193,8.25,-81.2,24.994,3.11,11.7
9/22/20,6:00:00,0,Biosphere 2,19.44,49712.2,49714.3,89.3,102.8,6.14,252.4,32.53,49714.1,1.16,32314,1.186,8.25,-81.2,24.998,3.11,11.7
9/22/20,6:15:00,0,Biosphere 2,22.81,49711.6,49712.2,89.3,102.8,6.13,252.1,32.53,49712.2,1.23,32313,1.185,8.25,-81.2,24.999,3.11,11.7
9/22/20,6:30:00,0,Biosphere 2,26.74,49711.4,49711,89.3,102.7,6.13,252.2,32.53,49711.1,0.94,32312,1.2,8.25,-81.1,25,3.11,11.7
9/22/20,6:45:00,0,Biosphere 2,8.32,49709.2,49711.3,89.3,102.8,6.14,252.1,32.53,49711.1,0.52,32312,1.199,8.25,-81,24.998,3.11,11.7
9/22/20,7:00:00,0,Biosphere 2,22.46,49714.3,49713.7,89.3,102.8,6.13,252.9,32.53,49713.7,1.16,32314,1.2,8.25,-81,25.001,3.11,11.7
9/22/20,7:15:00,0,Biosphere 2,17.51,49714,49710.9,89.4,102.9,6.14,253.2,32.53,49711.2,0.43,32312,1.19,8.25,-81,25.003,3.11,11.7
9/22/20,7:30:00,0,Biosphere 2,19.08,49715.2,49714.7,89.5,103,6.14,252.7,32.53,49714.8,1.32,32315,1.192,8.25,-81,25,3.11,11.7
9/22/20,7:45:00,0,Biosphere 2,4.33,49714.8,49712.3,89.3,102.8,6.13,253.2,32.53,49712.5,0.33,32313,1.2,8.25,-80.9,25.002,3.11,11.7
9/22/20,8:00:00,0,Biosphere 2,17.96,49717,49713.7,89.6,103.1,6.15,253.6,32.53,49714,1.08,32314,1.182,8.24,-80.9,25.003,3.11,11.7
9/22/20,8:15:00,0,Biosphere 2,13.77,49713.7,49713.7,89.7,103.2,6.16,253.6,32.53,49713.7,0.5,32314,1.189,8.25,-80.9,25,3.11,11.7
9/22/20,8:30:00,0,Biosphere 2,28.16,49717.1,49715.4,90.1,103.7,6.19,254.6,32.53,49715.6,1.38,32315,1.185,8.25,-81,25.002,3.11,11.7
9/22/20,8:45:00,0,Biosphere 2,20.05,49714.6,49712.2,90.4,104.1,6.21,255.3,32.53,49712.4,1.4,32313,1.201,8.25,-80.9,25.002,3.11,11.7
9/22/20,9:00:00,0,Biosphere 2,25.61,49727,49715.3,91.1,104.9,6.26,254.8,32.53,49716.3,0.9,32316,1.199,8.25,-81,25.011,3.11,11.7
9/22/20,9:15:00,0,Biosphere 2,8.99,49730.7,49711.6,91.6,105.5,6.29,252.1,32.53,49713.4,0.37,32314,1.198,8.25,-81.1,25.018,3.11,11.7
9/22/20,9:30:00,0,Biosphere 2,19.32,49734.7,49710.6,92,105.8,6.31,252.4,32.53,49712.8,0.91,32313,1.19,8.25,-81.1,25.023,3.11,11.7
9/22/20,9:45:00,0,Biosphere 2,14.2,49747.3,49714.8,92.5,106.4,6.35,253.2,32.53,49717.8,1.03,32317,1.182,8.25,-81.2,25.031,3.11,11.7
9/22/20,10:00:00,0,Biosphere 2,25.02,49758.6,49711.6,93.1,107.1,6.39,254.2,32.53,49716,1.18,32315,1.19,8.25,-81.4,25.045,3.11,11.7
9/22/20,10:15:00,0,Biosphere 2,25.41,49770.1,49711.1,93.7,107.8,6.43,254.5,32.53,49716.6,1.05,32316,1.199,8.25,-81.4,25.056,3.11,11.7
9/22/20,10:30:00,0,Biosphere 2,17.84,49781.5,49710.9,94.2,108.4,6.46,254.9,32.53,49717.5,0.7,32316,1.184,8.26,-81.6,25.067,3.11,11.7
9/22/20,10:45:00,0,Biosphere 2,28.3,49787.1,49707.7,94.8,109.1,6.5,255.6,32.53,49715.1,1.37,32315,1.189,8.26,-81.6,25.076,3.11,11.7
9/22/20,11:00:00,0,Biosphere 2,15.25,49801.8,49708.1,95.6,110,6.56,255.7,32.53,49716.8,0.88,32316,1.188,8.26,-81.8,25.089,3.11,11.7
9/22/20,11:15:00,0,Biosphere 2,21.36,49820,49707.2,96.5,111.1,6.62,252.9,32.53,49717.8,0.52,32317,1.19,8.26,-82,25.108,3.11,11.7
9/22/20,11:30:00,0,Biosphere 2,17.32,49826.8,49705.9,96.8,111.4,6.64,251,32.53,49717.2,1.31,32316,1.182,8.27,-82.1,25.115,3.11,11.7
9/22/20,11:45:00,0,Biosphere 2,11.76,49840.7,49705.9,97.5,112.2,6.68,251.9,32.53,49718.5,0.42,32317,1.188,8.27,-82.2,25.129,3.11,11.7
9/22/20,12:00:00,0,Biosphere 2,17.2,49850.3,49706.4,98.1,112.9,6.72,252.1,32.53,49719.9,1.04,32318,1.192,8.27,-82.4,25.137,3.11,11.7
9/22/20,12:15:00,0,Biosphere 2,17.2,49862,49705.5,98.7,113.6,6.76,252.9,32.53,49720.2,0.73,32318,1.181,8.27,-82.5,25.149,3.11,11.7
9/22/20,12:30:00,0,Biosphere 2,17.02,49871.1,49706.1,98.7,113.5,6.76,253,32.53,49721.6,0.73,32319,1.193,8.27,-82.6,25.157,3.11,11.7
9/22/20,12:45:00,0,Biosphere 2,5.32,49885.4,49704.4,99.5,114.5,6.81,252.7,32.53,49721.3,0.21,32319,1.19,8.27,-82.7,25.173,3.11,11.7
9/22/20,13:00:00,0,Biosphere 2,14.01,49895.1,49703.5,99.9,115,6.84,253.1,32.53,49721.4,0.39,32319,1.192,8.28,-82.9,25.183,3.11,11.7
9/22/20,13:15:00,0,Biosphere 2,12.76,49906.8,49704,100.2,115.3,6.86,253.4,32.53,49723,0.54,32320,1.199,8.28,-82.9,25.194,3.11,11.7
9/22/20,13:30:00,0,Biosphere 2,20.86,49913.1,49704,100.6,115.7,6.88,253.6,32.53,49723.6,1.35,32320,1.184,8.28,-83,25.2,3.11,11.7
9/22/20,13:45:00,0,Biosphere 2,23.76,49917.1,49701.9,100.4,115.6,6.87,254,32.53,49722.1,1.16,32319,1.192,8.28,-83.1,25.205,3.11,11.7
9/22/20,14:00:00,0,Biosphere 2,23.51,49927.5,49701.5,101.1,116.4,6.92,254,32.53,49722.7,1.28,32320,1.199,8.28,-83.2,25.216,3.11,11.7
9/22/20,14:15:00,0,Biosphere 2,19.08,49931.3,49700.6,101.1,116.4,6.92,253.4,32.53,49722.2,1.04,32319,1.191,8.28,-83.3,25.22,3.11,11.7
9/22/20,14:30:00,0,Biosphere 2,26.44,49940.4,49701.8,101.5,116.8,6.94,252.3,32.53,49724.2,1.02,32321,1.185,8.29,-83.4,25.228,3.11,11.7
9/22/20,14:45:00,0,Biosphere 2,17.48,49943.9,49701.1,101.4,116.7,6.94,252.7,32.53,49723.8,0.72,32320,1.181,8.29,-83.4,25.232,3.11,11.7
9/22/20,15:00:00,0,Biosphere 2,20.13,49945,49699.2,101.5,116.8,6.94,253.2,32.53,49722.3,0.69,32319,1.191,8.29,-83.5,25.235,3.11,11.7
9/22/20,15:15:00,0,Biosphere 2,14.83,49950.2,49701.9,101.5,116.8,6.94,252.9,32.53,49725.2,0.52,32321,1.188,8.29,-83.6,25.237,3.11,11.7
9/22/20,15:30:00,0,Biosphere 2,2.03,49951.3,49701.9,101.4,116.6,6.93,252.9,32.53,49725.3,0.15,32321,1.183,8.29,-83.6,25.238,3.11,11.7
9/22/20,15:45:00,0,Biosphere 2,29.85,49947.5,49699.3,101,116.3,6.91,252.9,32.53,49722.6,2.75,32320,1.189,8.29,-83.6,25.237,3.11,11.7
9/22/20,16:00:00,0,Biosphere 2,5.34,49950.8,49701.8,101.1,116.3,6.91,252.4,32.53,49725.2,0.37,32321,1.19,8.29,-83.6,25.238,3.11,11.7
9/22/20,16:15:00,0,Biosphere 2,11.63,49947,49699.6,100.8,116,6.9,252.3,32.53,49722.8,0.48,32320,1.193,8.29,-83.7,25.236,3.11,11.7
9/22/20,16:30:00,0,Biosphere 2,21.95,49945.4,49699.7,100.7,115.9,6.89,252.7,32.53,49722.7,0.75,32320,1.195,8.29,-83.6,25.234,3.11,11.7
9/22/20,16:45:00,0,Biosphere 2,3.09,49944,49699.1,100.5,115.6,6.87,252.5,32.53,49722.1,0.18,32319,1.198,8.29,-83.7,25.234,3.11,11.7
9/22/20,17:00:00,0,Biosphere 2,15.22,49945.9,49702.5,100.3,115.4,6.86,252.4,32.53,49725.4,0.27,32321,1.194,8.29,-83.7,25.232,3.11,11.7
9/22/20,17:15:00,0,Biosphere 2,11.28,49940.2,49700.2,100,115.1,6.84,252.2,32.53,49722.8,0.44,32320,1.192,8.29,-83.7,25.229,3.11,11.7
9/22/20,17:30:00,0,Biosphere 2,23.66,49941.2,49702.7,99.6,114.6,6.82,252.5,32.53,49725.1,1.22,32321,1.19,8.29,-83.6,25.228,3.11,11.7
9/22/20,17:45:00,0,Biosphere 2,29.11,49939.3,49700.6,99.6,114.6,6.81,252.2,32.53,49723,1.47,32320,1.187,8.29,-83.6,25.228,3.11,11.7
9/22/20,18:00:00,0,Biosphere 2,23.43,49941,49702.9,99.3,114.3,6.79,252.3,32.53,49725.3,1.29,32321,1.191,8.29,-83.6,25.227,3.11,11.7
9/22/20,18:15:00,0,Biosphere 2,22.75,49936.9,49700.7,99.1,114,6.78,252.2,32.53,49722.8,1.17,32320,1.187,8.29,-83.6,25.225,3.11,11.7
9/22/20,18:30:00,0,Biosphere 2,21.73,49937.6,49702,98.7,113.5,6.75,252.8,32.53,49724.1,0.91,32321,1.181,8.29,-83.6,25.225,3.11,11.7
9/22/20,18:45:00,0,Biosphere 2,26.58,49936.8,49703.3,98.5,113.3,6.74,253,32.53,49725.2,1.51,32321,1.19,8.29,-83.5,25.223,3.11,11.7
9/22/20,19:00:00,0,Biosphere 2,16.46,49932.7,49701.6,98.1,112.9,6.72,252.8,32.53,49723.3,0.85,32320,1.197,8.29,-83.5,25.221,3.11,11.7
9/22/20,19:15:00,0,Biosphere 2,4.45,49933.2,49704,97.7,112.5,6.69,252.7,32.53,49725.5,0.25,32322,1.196,8.29,-83.4,25.219,3.11,11.7
9/22/20,19:30:00,0,Biosphere 2,22.25,49928.3,49701.1,97.6,112.3,6.68,253.2,32.53,49722.4,0.8,32320,1.201,8.29,-83.4,25.217,3.11,11.7
9/22/20,19:45:00,0,Biosphere 2,23.63,49928.6,49703.6,97.2,111.8,6.65,253.7,32.53,49724.7,1.3,32321,1.197,8.29,-83.4,25.215,3.11,11.7
9/22/20,20:00:00,0,Biosphere 2,13.01,49926.7,49704,96.9,111.5,6.63,252.7,32.53,49724.9,0.43,32321,1.189,8.29,-83.3,25.213,3.11,11.7
9/22/20,20:15:00,0,Biosphere 2,10.53,49924,49704.2,96.6,111.2,6.61,252.5,32.53,49724.8,0.49,32321,1.191,8.28,-83.3,25.21,3.11,11.7
9/22/20,20:30:00,0,Biosphere 2,1.23,49915.9,49701.8,96.3,110.8,6.59,252.1,32.53,49721.8,0.07,32319,1.192,8.28,-83.2,25.204,3.11,11.7
9/22/20,20:45:00,0,Biosphere 2,25.72,49912.3,49701.8,96,110.5,6.57,252.7,32.53,49721.5,1.31,32319,1.199,8.28,-83.1,25.201,3.11,11.7
9/22/20,21:00:00,0,Biosphere 2,2.68,49908.1,49705.6,95.5,109.9,6.54,252.9,32.53,49724.6,0.17,32321,1.197,8.28,-83.1,25.193,3.11,11.7
9/22/20,21:15:00,0,Biosphere 2,26.89,49905.5,49705.9,95.4,109.8,6.53,252.9,32.53,49724.6,0.98,32321,1.2,8.28,-83,25.19,3.11,11.7
9/22/20,21:30:00,0,Biosphere 2,22.7,49903.7,49708.1,95.2,109.6,6.52,252.6,32.53,49726.4,1.32,32322,1.201,8.28,-83,25.187,3.11,11.7
9/22/20,21:45:00,0,Biosphere 2,22.9,49892.2,49704.4,94.8,109.1,6.49,252.3,32.53,49722,1.08,32319,1.2,8.28,-82.9,25.179,3.11,11.7
9/22/20,22:00:00,0,Biosphere 2,21.67,49889.8,49704.9,94.7,109,6.49,251.8,32.53,49722.2,1.39,32319,1.194,8.28,-82.9,25.177,3.11,11.7
9/22/20,22:15:00,0,Biosphere 2,22.02,49888.1,49706.6,94.5,108.7,6.47,251.6,32.53,49723.6,1.06,32320,1.182,8.28,-82.9,25.173,3.11,11.7
9/22/20,22:30:00,0,Biosphere 2,22.42,49879,49706.4,94.1,108.3,6.45,251.9,32.53,49722.6,1.11,32320,1.186,8.28,-82.8,25.165,3.11,11.7
9/22/20,22:45:00,0,Biosphere 2,10.95,49875.8,49706.2,94,108.2,6.44,252.2,32.53,49722.1,0.29,32319,1.199,8.28,-82.7,25.162,3.11,11.7
9/22/20,23:00:00,0,Biosphere 2,19.91,49872.3,49708.1,93.8,108,6.43,251.3,32.53,49723.4,0.95,32320,1.182,8.27,-82.7,25.157,3.11,11.7
9/22/20,23:15:00,0,Biosphere 2,20.61,49870.7,49712,93.4,107.4,6.4,250.5,32.53,49726.8,0.71,32322,1.182,8.27,-82.6,25.151,3.11,11.7
9/22/20,23:30:00,0,Biosphere 2,18.57,49867.5,49711.5,93.3,107.3,6.39,247.5,32.53,49726.2,1.27,32322,1.191,8.27,-82.6,25.149,3.11,11.7
9/22/20,23:45:00,0,Biosphere 2,14.63,49860.4,49708.9,93.2,107.2,6.38,248,32.53,49723.1,0.93,32320,1.193,8.27,-82.5,25.145,3.11,11.7
9/23/20,0:00:00,0,Biosphere 2,25.68,49858,49711,92.9,107,6.37,249,32.53,49724.7,1.49,32321,1.192,8.27,-82.5,25.14,3.11,11.7
9/23/20,0:15:00,0,Biosphere 2,25.01,49851.1,49709.3,92.6,106.6,6.35,250.1,32.53,49722.6,1.44,32320,1.197,8.27,-82.4,25.135,3.11,11.7
9/23/20,0:30:00,0,Biosphere 2,5.49,49851.8,49712.6,92.6,106.5,6.34,249.5,32.53,49725.6,0.3,32322,1.196,8.27,-82.4,25.133,3.11,11.7
9/23/20,0:45:00,0,Biosphere 2,15.3,49844.3,49710.3,92.4,106.4,6.33,249.3,32.53,49722.8,0.6,32320,1.186,8.27,-82.3,25.128,3.11,11.7
9/23/20,1:00:00,0,Biosphere 2,20.22,49844.1,49712.5,92.4,106.4,6.34,249.2,32.53,49724.8,1.48,32321,1.19,8.27,-82.3,25.126,3.11,11.7
9/23/20,1:15:00,0,Biosphere 2,2.67,49840.3,49712,92.1,105.9,6.31,250.2,32.53,49724,0.18,32321,1.2,8.27,-82.2,25.122,3.11,11.7
9/23/20,1:30:00,0,Biosphere 2,22.7,49833.5,49710.8,92.1,106,6.31,250.4,32.53,49722.3,1.03,32319,1.192,8.27,-82.2,25.117,3.11,11.7
9/23/20,1:45:00,0,Biosphere 2,25.61,49833.6,49714.1,91.8,105.7,6.3,243.1,32.53,49725.2,1.11,32321,1.186,8.27,-82.1,25.114,3.11,11.7
9/23/20,2:00:00,0,Biosphere 2,8.67,49826.1,49714.2,91.6,105.5,6.28,246.1,32.53,49724.7,0.26,32321,1.191,8.26,-82.1,25.107,3.11,11.7
9/23/20,2:15:00,0,Biosphere 2,15.22,49823.9,49712.9,91.4,105.2,6.27,248.4,32.53,49723.3,0.33,32320,1.192,8.26,-82,25.106,3.11,11.7
9/23/20,2:30:00,0,Biosphere 2,13.73,49814.8,49711.9,91.2,105,6.25,248.9,32.53,49721.5,0.29,32319,1.192,8.26,-82,25.098,3.11,11.7
9/23/20,2:45:00,0,Biosphere 2,14.03,49810.1,49712.4,91.2,104.9,6.25,247.6,32.53,49721.5,0.46,32319,1.192,8.26,-81.9,25.093,3.11,11.7
9/23/20,3:00:00,0,Biosphere 2,23.23,49811.3,49715.8,91.3,105.1,6.26,247.6,32.53,49724.7,1.29,32321,1.191,8.26,-81.9,25.091,3.11,11.7
9/23/20,3:15:00,0,Biosphere 2,23.86,49802.6,49712.4,91.1,104.9,6.25,248.6,32.53,49720.8,1.51,32319,1.2,8.26,-81.8,25.086,3.11,11.7
9/23/20,3:30:00,0,Biosphere 2,15.85,49801,49715.2,91,104.7,6.24,249.3,32.53,49723.2,1.06,32320,1.189,8.26,-81.8,25.082,3.11,11.7
9/23/20,3:45:00,0,Biosphere 2,27.43,49793.4,49713.6,90.8,104.5,6.23,249.3,32.53,49721,1.35,32319,1.191,8.26,-81.7,25.076,3.11,11.7
9/23/20,4:00:00,0,Biosphere 2,31.46,49790,49713.4,90.8,104.5,6.23,249.3,32.53,49720.5,1.05,32318,1.195,8.26,-81.7,25.073,3.11,11.7
9/23/20,4:15:00,0,Biosphere 2,23.03,49786.7,49717.1,90.5,104.2,6.21,248.6,32.53,49723.6,1.02,32320,1.182,8.26,-81.6,25.066,3.11,11.7
9/23/20,4:30:00,0,Biosphere 2,18.79,49780.3,49715.2,90.6,104.3,6.22,248.7,32.53,49721.3,1.02,32319,1.191,8.26,-81.6,25.062,3.11,11.7
9/23/20,4:45:00,0,Biosphere 2,30.16,49778.7,49717.4,90.5,104.2,6.21,249.6,32.53,49723.1,1.23,32320,1.193,8.26,-81.5,25.059,3.11,11.7
9/23/20,5:00:00,0,Biosphere 2,4.25,49771.4,49714.5,90.4,104,6.2,250.2,32.53,49719.8,0.23,32318,1.188,8.25,-81.5,25.054,3.11,11.7
9/23/20,5:15:00,0,Biosphere 2,28.6,49770,49717.8,90.3,104,6.2,250.2,32.53,49722.7,1.25,32320,1.192,8.25,-81.4,25.05,3.11,11.7
9/23/20,5:30:00,0,Biosphere 2,10.09,49758.3,49714.8,90,103.5,6.17,250.7,32.53,49718.8,0.32,32317,1.192,8.25,-81.3,25.042,3.11,11.7
9/23/20,5:45:00,0,Biosphere 2,24.92,49757.6,49715.9,90.2,103.8,6.19,250.1,32.53,49719.8,1.27,32318,1.192,8.25,-81.3,25.04,3.11,11.7
9/23/20,6:00:00,0,Biosphere 2,24.39,49754.2,49719,89.9,103.4,6.17,250.2,32.53,49722.3,1.31,32320,1.194,8.25,-81.2,25.034,3.11,11.7
9/23/20,6:15:00,0,Biosphere 2,101.74,49746.5,49718,89.7,103.3,6.16,249.7,32.53,49720.7,20.92,32318,1.2,8.25,-81.2,25.027,3.11,11.7
9/23/20,6:30:00,0,Biosphere 2,53.96,49742.2,49716.2,89.9,103.5,6.17,250.4,32.53,49718.7,5.62,32317,1.197,8.25,-81.2,25.025,3.11,11.7
9/23/20,6:45:00,0,Biosphere 2,54.49,49739.7,49717.9,89.8,103.4,6.17,250.4,32.53,49720,2.66,32318,1.19,8.25,-81.1,25.021,3.11,11.7
9/23/20,7:00:00,0,Biosphere 2,26.81,49734.8,49717.3,90,103.5,6.18,250.8,32.53,49719,1.73,32317,1.184,8.25,-81.1,25.017,3.11,11.7
9/23/20,7:15:00,0,Biosphere 2,33.39,49733.9,49718.7,90,103.5,6.18,251,32.53,49720.1,1.93,32318,1.2,8.25,-81,25.014,3.11,11.7
9/23/20,7:30:00,0,Biosphere 2,49.48,49730,49716.8,90.1,103.7,6.19,246,32.53,49718,3.33,32317,1.183,8.25,-81.1,25.013,3.11,11.7
9/23/20,7:45:00,0,Biosphere 2,22.7,49731.3,49720.4,90,103.5,6.18,244.7,32.53,49721.4,1.11,32319,1.191,8.25,-81.1,25.01,3.11,11.7
9/23/20,8:00:00,0,Biosphere 2,3.49,49732.3,49717,90.5,104.2,6.22,246.6,32.53,49718.4,0.19,32317,1.199,8.25,-81,25.015,3.11,11.7
9/23/20,8:15:00,0,Biosphere 2,26.5,49735.2,49716.7,90.8,104.5,6.24,246,32.53,49718.4,1.67,32317,1.184,8.25,-81.1,25.018,3.11,11.7
9/23/20,8:30:00,0,Biosphere 2,44.15,49738,49717,91.1,104.8,6.25,247.6,32.53,49719,1.64,32317,1.195,8.25,-81.1,25.02,3.11,11.7
9/23/20,8:45:00,0,Biosphere 2,63.55,49740,49715,91.5,105.3,6.28,249,32.53,49717.3,3.2,32316,1.195,8.25,-81.1,25.024,3.11,11.7
9/23/20,9:00:00,0,Biosphere 2,56.66,49744.5,49713.5,92,105.8,6.31,250.8,32.53,49716.4,3.73,32316,1.19,8.25,-81.2,25.03,3.11,11.7
9/23/20,9:15:00,0,Biosphere 2,26.72,49753.1,49714.9,92.4,106.3,6.34,251.7,32.53,49718.4,0.82,32317,1.2,8.25,-81.3,25.037,3.11,11.7
9/23/20,9:30:00,0,Biosphere 2,59.05,49754.9,49712.2,92.7,106.7,6.37,251.9,32.53,49716.2,3.25,32316,1.2,8.25,-81.4,25.041,3.11,11.7
9/23/20,9:45:00,0,Biosphere 2,49.57,49766.7,49713.6,93.2,107.3,6.4,253,32.53,49718.6,2.05,32317,1.186,8.25,-81.5,25.051,3.11,11.7
9/23/20,10:00:00,0,Biosphere 2,68.78,49779.1,49711.1,94.1,108.2,6.45,253.8,32.53,49717.5,5.93,32316,1.183,8.26,-81.6,25.065,3.11,11.7
9/23/20,10:15:00,0,Biosphere 2,69.05,49791,49709.5,94.8,109.1,6.5,254.3,32.53,49717.1,5.76,32316,1.2,8.26,-81.7,25.078,3.11,11.7
9/23/20,10:30:00,0,Biosphere 2,16.87,49803.5,49709.6,95.3,109.7,6.54,254.7,32.53,49718.4,1.06,32317,1.197,8.26,-81.8,25.09,3.11,11.7
9/23/20,10:45:00,0,Biosphere 2,20.42,49811.7,49707,96,110.4,6.58,255,32.53,49716.8,1.55,32316,1.186,8.26,-82,25.1,3.11,11.7
9/23/20,11:00:00,0,Biosphere 2,42.37,49825.2,49706.6,96.5,111,6.61,254.4,32.53,49717.7,2.41,32317,1.19,8.26,-82.1,25.113,3.11,11.7
9/23/20,11:15:00,0,Biosphere 2,27.22,49837,49704.3,97,111.6,6.65,254.6,32.53,49716.8,1.45,32316,1.191,8.27,-82.2,25.127,3.11,11.7
9/23/20,11:30:00,0,Biosphere 2,56.55,49848,49704,97.4,112.1,6.67,254.6,32.53,49717.5,2.95,32316,1.19,8.27,-82.3,25.137,3.11,11.7
9/23/20,11:45:00,0,Biosphere 2,18.48,49863.8,49704.5,98,112.8,6.71,254.9,32.53,49719.4,1.2,32318,1.186,8.27,-82.5,25.152,3.11,11.7
9/23/20,12:00:00,0,Biosphere 2,78.68,49870.2,49703.4,98.2,113,6.72,255.5,32.53,49719,4.59,32317,1.188,8.27,-82.6,25.159,3.11,11.7
9/23/20,12:15:00,0,Biosphere 2,46.39,49880.6,49700.7,98.9,113.8,6.77,256,32.53,49717.6,3.07,32316,1.189,8.27,-82.7,25.172,3.11,11.7
9/23/20,12:30:00,0,Biosphere 2,50.29,49890.4,49701.2,99.1,114,6.78,256,32.53,49718.9,3.17,32317,1.181,8.28,-82.7,25.181,3.11,11.7
9/23/20,12:45:00,0,Biosphere 2,53.98,49900.6,49700.4,99.6,114.6,6.82,254.1,32.53,49719.1,2.86,32317,1.192,8.28,-82.9,25.191,3.11,11.7
9/23/20,13:00:00,0,Biosphere 2,42.27,49910.3,49700.1,100,115.1,6.85,254.8,32.53,49719.8,2.1,32318,1.19,8.28,-83,25.201,3.11,11.7
9/23/20,13:15:00,0,Biosphere 2,43.34,49918.4,49699.2,100.2,115.3,6.86,255.3,32.53,49719.8,2.55,32318,1.183,8.28,-83.1,25.209,3.11,11.7
9/23/20,13:30:00,0,Biosphere 2,32.51,49921.1,49697.7,100.6,115.8,6.89,255.9,32.53,49718.6,1.87,32317,1.188,8.28,-83.3,25.213,3.11,11.7
9/23/20,13:45:00,0,Biosphere 2,44.05,49930.6,49698.9,100.7,115.9,6.89,255.7,32.53,49720.7,2.43,32318,1.183,8.28,-83.3,25.221,3.11,11.7
9/23/20,14:00:00,0,Biosphere 2,16.74,49939.1,49698.6,101.1,116.3,6.91,255.8,32.53,49721.1,0.7,32319,1.183,8.29,-83.4,25.229,3.11,11.7
9/23/20,14:15:00,0,Biosphere 2,41.52,49944.1,49698.4,101.5,116.8,6.94,256.2,32.53,49721.5,3.69,32319,1.2,8.29,-83.5,25.234,3.11,11.7
9/23/20,14:30:00,0,Biosphere 2,48.93,49941.9,49696.7,101,116.2,6.91,256,32.53,49719.7,3.42,32318,1.199,8.29,-83.5,25.234,3.11,11.7
9/23/20,14:45:00,0,Biosphere 2,54.27,49949.4,49696.6,101.2,116.5,6.92,255.8,32.53,49720.3,4,32318,1.195,8.29,-83.6,25.241,3.11,11.7
9/23/20,15:00:00,0,Biosphere 2,75.94,49950.4,49696.1,101,116.2,6.91,255.6,32.53,49719.9,5.87,32318,1.187,8.29,-83.6,25.243,3.11,11.7
9/23/20,15:15:00,0,Biosphere 2,49.56,49952.3,49696.1,101.2,116.4,6.92,256.3,32.53,49720.1,5.93,32318,1.182,8.29,-83.7,25.244,3.11,11.7
9/23/20,15:30:00,0,Biosphere 2,18.65,49955.9,49699,101,116.2,6.91,256.2,32.53,49723.1,0.99,32320,1.191,8.29,-83.7,25.245,3.11,11.7
9/23/20,15:45:00,0,Biosphere 2,33.06,49955.8,49699.8,100.9,116.2,6.9,256.3,32.53,49723.8,3.06,32320,1.2,8.29,-83.7,25.244,3.11,11.7
9/23/20,16:00:00,0,Biosphere 2,29.91,49954.2,49699.3,100.7,115.8,6.88,256.2,32.53,49723.2,2.41,32320,1.197,8.29,-83.7,25.243,3.11,11.7
9/23/20,16:15:00,0,Biosphere 2,42.66,49954.8,49701.1,100.6,115.7,6.88,256.2,32.53,49724.9,2.75,32321,1.191,8.29,-83.7,25.242,3.11,11.7
9/23/20,16:30:00,0,Biosphere 2,24.36,49949.2,49699.3,100.3,115.5,6.86,255.3,32.53,49722.7,1.29,32320,1.191,8.29,-83.7,25.238,3.11,11.7
9/23/20,16:45:00,0,Biosphere 2,59.05,49945.4,49698.9,100.1,115.3,6.85,255.1,32.53,49722,3.88,32319,1.193,8.29,-83.7,25.235,3.11,11.7
9/23/20,17:00:00,0,Biosphere 2,58.38,49944.9,49700.3,99.9,114.9,6.83,255,32.53,49723.3,3.46,32320,1.186,8.29,-83.7,25.233,3.11,11.7
9/23/20,17:15:00,0,Biosphere 2,35.06,49942.1,49700.5,99.7,114.8,6.82,254.9,32.53,49723.1,1.15,32320,1.182,8.29,-83.7,25.231,3.11,11.7
9/23/20,17:30:00,0,Biosphere 2,21.28,49939.9,49699.3,99.4,114.4,6.8,253.9,32.53,49721.8,1.19,32319,1.19,8.29,-83.7,25.23,3.11,11.7
9/23/20,17:45:00,0,Biosphere 2,19.58,49934.2,49695.4,99.2,114.2,6.79,253.2,32.53,49717.8,1.16,32317,1.184,8.29,-83.7,25.228,3.11,11.7
9/23/20,18:00:00,0,Biosphere 2,36.68,49922.2,49686.6,98.8,113.7,6.76,251.6,32.52,49708.6,3.05,32311,1.196,8.29,-83.6,25.225,3.11,11.7
9/23/20,18:15:00,0,Biosphere 2,41.72,49911.2,49680.4,98.6,113.5,6.75,251.4,32.51,49702.1,2.73,32306,1.191,8.29,-83.7,25.22,3.11,11.7
9/23/20,18:30:00,0,Biosphere 2,9.18,49897.9,49670.6,98.2,113,6.72,252,32.51,49691.9,0.44,32300,1.196,8.29,-83.6,25.217,3.11,11.7
9/23/20,18:45:00,0,Biosphere 2,25.16,49886.5,49664.6,97.9,112.6,6.7,251.7,32.5,49685.5,1.44,32296,1.184,8.29,-83.5,25.212,3.11,11.7
9/23/20,19:00:00,0,Biosphere 2,21.82,49877.3,49661,97.5,112.2,6.68,251.3,32.5,49681.3,1.01,32293,1.194,8.29,-83.5,25.207,3.11,11.7
9/23/20,19:15:00,0,Biosphere 2,17.86,49862.9,49652.6,97.2,111.9,6.66,250.8,32.49,49672.3,0.62,32287,1.182,8.29,-83.4,25.201,3.11,11.7
9/23/20,19:30:00,0,Biosphere 2,27.4,49857.2,49651.1,96.8,111.4,6.63,250.4,32.49,49670.4,1.09,32286,1.184,8.29,-83.4,25.197,3.11,11.7
9/23/20,19:45:00,0,Biosphere 2,25.46,49843.7,49644,96.4,110.9,6.6,250.3,32.49,49662.7,0.79,32281,1.184,8.29,-83.3,25.191,3.11,11.7
9/23/20,20:00:00,0,Biosphere 2,33.12,49838.1,49642.1,96.3,110.8,6.59,249.6,32.48,49660.5,1.23,32279,1.183,8.29,-83.3,25.187,3.11,11.7
9/23/20,20:15:00,0,Biosphere 2,4.49,49828,49641.6,95.8,110.2,6.56,250.2,32.48,49659.1,0.23,32278,1.189,8.28,-83.2,25.178,3.11,11.7
9/23/20,20:30:00,0,Biosphere 2,21.79,49824.4,49641.5,95.5,109.9,6.54,247.5,32.48,49658.7,1.16,32278,1.195,8.28,-83.1,25.175,3.11,11.7
9/23/20,20:45:00,0,Biosphere 2,28.24,49814.8,49635.4,95.3,109.7,6.53,247.3,32.48,49652.2,1.1,32274,1.2,8.28,-83.1,25.171,3.11,11.7
9/23/20,21:00:00,0,Biosphere 2,10.55,49808.6,49634.5,95,109.3,6.51,247.9,32.48,49650.8,0.63,32273,1.189,8.28,-83.1,25.166,3.11,11.7
9/23/20,21:15:00,0,Biosphere 2,23.43,49807.1,49636,94.9,109.2,6.5,248,32.48,49652.1,1.35,32274,1.184,8.28,-83,25.164,3.11,11.7
9/23/20,21:30:00,0,Biosphere 2,12.22,49795.5,49631.7,94.5,108.8,6.48,246.5,32.47,49647,0.6,32271,1.184,8.28,-83,25.157,3.11,11.7
9/23/20,21:45:00,0,Biosphere 2,22.56,49788.1,49628.3,94.3,108.5,6.46,247.3,32.47,49643.3,1.13,32268,1.184,8.28,-83,25.153,3.11,11.7
9/23/20,22:00:00,0,Biosphere 2,26.8,49783.3,49628.1,94.1,108.3,6.45,247.2,32.47,49642.6,1.54,32268,1.191,8.28,-82.8,25.148,3.11,11.7
9/23/20,22:15:00,0,Biosphere 2,22.71,49779.8,49631.8,93.8,108,6.43,245.5,32.47,49645.7,1.05,32270,1.192,8.28,-82.8,25.141,3.11,11.7
9/23/20,22:30:00,0,Biosphere 2,12.76,49778.2,49630.9,93.6,107.7,6.42,246.8,32.47,49644.7,0.42,32269,1.183,8.28,-82.7,25.141,3.11,11.7
9/23/20,22:45:00,0,Biosphere 2,12.26,49768.9,49628.9,93.4,107.4,6.4,247.3,32.47,49642,0.41,32267,1.197,8.28,-82.7,25.134,3.11,11.7
9/23/20,23:00:00,0,Biosphere 2,21.55,49764.2,49631.3,93.1,107.1,6.38,247.6,32.47,49643.7,0.96,32268,1.19,8.27,-82.6,25.127,3.11,11.7
9/23/20,23:15:00,0,Biosphere 2,15.92,49757.6,49628,92.8,106.8,6.36,248,32.47,49640.1,0.5,32266,1.183,8.27,-82.6,25.124,3.11,11.7
9/23/20,23:30:00,0,Biosphere 2,18.3,49754.8,49629.8,92.8,106.8,6.36,247.4,32.47,49641.5,0.76,32267,1.185,8.27,-82.6,25.119,3.11,11.7
9/23/20,23:45:00,0,Biosphere 2,31.59,49748.9,49627.4,92.7,106.7,6.36,248.4,32.47,49638.8,1.53,32265,1.193,8.27,-82.4,25.116,3.11,11.7
9/24/20,0:00:00,0,Biosphere 2,25.15,49741.8,49625,92.4,106.4,6.34,248.2,32.47,49635.9,1.34,32263,1.199,8.27,-82.5,25.112,3.11,11.7
9/24/20,0:15:00,0,Biosphere 2,13.68,49739.8,49627,92.3,106.2,6.33,248.5,32.47,49637.5,0.82,32264,1.2,8.27,-82.4,25.108,3.11,11.7
9/24/20,0:30:00,0,Biosphere 2,15.98,49732.2,49625.6,92,105.9,6.31,248.4,32.47,49635.6,0.86,32263,1.189,8.27,-82.3,25.102,3.11,11.7
9/24/20,0:45:00,0,Biosphere 2,14.6,49729.8,49625.7,91.9,105.7,6.3,248.2,32.47,49635.4,0.37,32263,1.192,8.27,-82.3,25.1,3.11,11.7
9/24/20,1:00:00,0,Biosphere 2,23.33,49729.1,49629.2,91.7,105.5,6.29,248.3,32.47,49638.6,1.23,32265,1.189,8.27,-82.2,25.096,3.11,11.7
9/24/20,1:15:00,0,Biosphere 2,25.87,49726.6,49629.5,91.7,105.5,6.29,248.2,32.47,49638.6,1.11,32265,1.193,8.27,-82.2,25.093,3.11,11.7
9/24/20,1:30:00,0,Biosphere 2,18.37,49716.2,49626.1,91.4,105.2,6.27,248.2,32.47,49634.5,0.8,32262,1.2,8.27,-82.1,25.086,3.11,11.7
9/24/20,1:45:00,0,Biosphere 2,17.4,49713.4,49625.9,91.4,105.2,6.27,248.9,32.47,49634.1,1.08,32262,1.184,8.27,-82.1,25.084,3.11,11.7
9/24/20,2:00:00,0,Biosphere 2,23.14,49709.7,49627.8,91.2,104.9,6.26,249.9,32.47,49635.4,1.32,32263,1.189,8.26,-82,25.078,3.11,11.7
9/24/20,2:15:00,0,Biosphere 2,25.47,49708.7,49629.5,91.2,104.9,6.26,249.5,32.47,49636.9,1.2,32264,1.193,8.26,-82,25.076,3.11,11.7
9/24/20,2:30:00,0,Biosphere 2,22.65,49705.3,49629.5,91.1,104.9,6.25,249.4,32.47,49636.6,1.04,32264,1.19,8.26,-82,25.073,3.11,11.7
9/24/20,2:45:00,0,Biosphere 2,30.9,49696.9,49625.8,91.1,104.8,6.25,249.4,32.47,49632.4,1.71,32261,1.192,8.26,-81.9,25.068,3.11,11.7
9/24/20,3:00:00,0,Biosphere 2,33.16,49692.6,49625.4,90.8,104.5,6.23,249.6,32.47,49631.7,1.7,32261,1.19,8.26,-81.8,25.064,3.11,11.7
9/24/20,3:15:00,0,Biosphere 2,21.96,49690.1,49627.8,90.7,104.4,6.23,249.6,32.47,49633.6,1.52,32262,1.191,8.26,-81.8,25.06,3.11,11.7
9/24/20,3:30:00,0,Biosphere 2,32.42,49685.2,49628.8,90.3,104,6.2,249.6,32.47,49634.1,1.26,32262,1.191,8.26,-81.7,25.054,3.11,11.7
9/24/20,3:45:00,0,Biosphere 2,23.12,49682.1,49628,90.4,104.1,6.21,250,32.47,49633.1,0.79,32261,1.192,8.26,-81.7,25.052,3.11,11.7
9/24/20,4:00:00,0,Biosphere 2,20.05,49679.5,49629.5,90.4,104,6.2,250,32.47,49634.2,0.95,32262,1.2,8.26,-81.6,25.048,3.11,11.7
9/24/20,4:15:00,0,Biosphere 2,26.02,49671.8,49626.2,90.4,104,6.21,249.7,32.47,49630.4,1.25,32260,1.191,8.26,-81.7,25.044,3.11,11.7
9/24/20,4:30:00,0,Biosphere 2,35.15,49666.7,49626.1,90.1,103.7,6.19,250.2,32.47,49629.9,2.26,32259,1.189,8.26,-81.5,25.039,3.11,11.7
9/24/20,4:45:00,0,Biosphere 2,11.93,49663.8,49629,90,103.6,6.18,250.7,32.47,49632.3,0.41,32261,1.185,8.26,-81.5,25.033,3.11,11.7
9/24/20,5:00:00,0,Biosphere 2,22.64,49658.1,49626.5,90,103.6,6.18,250.6,32.46,49629.5,0.4,32259,1.198,8.25,-81.5,25.03,3.11,11.7
9/24/20,5:15:00,0,Biosphere 2,15.57,49652.5,49624.9,89.9,103.5,6.18,250.9,32.46,49627.4,0.45,32258,1.19,8.25,-81.4,25.026,3.11,11.7
9/24/20,5:30:00,0,Biosphere 2,15.91,49646.4,49625.5,89.6,103.1,6.16,251.3,32.46,49627.5,0.71,32258,1.184,8.25,-81.3,25.02,3.11,11.7
9/24/20,5:45:00,0,Biosphere 2,27.77,49643.4,49625.2,89.8,103.4,6.17,251.1,32.46,49626.9,1.13,32258,1.19,8.25,-81.3,25.017,3.11,11.7
9/24/20,6:00:00,0,Biosphere 2,35.96,49637,49626.5,89.5,103,6.15,251.2,32.46,49627.4,1.62,32258,1.194,8.25,-81.2,25.01,3.11,11.7
9/24/20,6:15:00,0,Biosphere 2,31.54,49634.6,49627.3,89.6,103.1,6.15,251.1,32.46,49627.9,1.67,32258,1.191,8.25,-81.2,25.007,3.11,11.7
9/24/20,6:30:00,0,Biosphere 2,21.36,49629.1,49628.3,89.5,102.9,6.15,250.4,32.46,49628.4,0.89,32258,1.182,8.25,-81.2,25.001,3.11,11.7
9/24/20,6:45:00,0,Biosphere 2,14.04,49624.6,49626.1,89.5,102.9,6.15,250.3,32.46,49626,0.76,32257,1.191,8.25,-81.1,24.999,3.11,11.7
9/24/20,7:00:00,0,Biosphere 2,27.72,49622.3,49628.6,89.5,102.9,6.15,250.2,32.46,49628,1.35,32258,1.198,8.25,-81.1,24.994,3.11,11.7
9/24/20,7:15:00,0,Biosphere 2,25.26,49619.7,49627.6,89.6,103.1,6.16,250,32.46,49626.9,1.52,32257,1.184,8.25,-81.1,24.992,3.11,11.7
9/24/20,7:30:00,0,Biosphere 2,18.83,49619.8,49628.9,89.8,103.3,6.17,250.9,32.46,49628,1.46,32258,1.189,8.25,-81,24.991,3.11,11.7
9/24/20,7:45:00,0,Biosphere 2,14.46,49620.4,49627.5,90,103.6,6.19,251.3,32.46,49626.8,0.7,32257,1.19,8.25,-81.1,24.993,3.11,11.7
9/24/20,8:00:00,0,Biosphere 2,25.22,49621.5,49627.5,90.1,103.7,6.19,251.5,32.46,49627,1.63,32258,1.2,8.25,-81,24.994,3.11,11.7
9/24/20,8:15:00,0,Biosphere 2,39.09,49623.8,49627.3,90.5,104.1,6.22,251.9,32.46,49626.9,1.96,32258,1.197,8.25,-81.1,24.997,3.11,11.7
9/24/20,8:30:00,0,Biosphere 2,28.81,49624.7,49626.7,90.8,104.4,6.24,252,32.46,49626.5,1.54,32257,1.191,8.25,-81.1,24.998,3.11,11.7
9/24/20,8:45:00,0,Biosphere 2,32.66,49623.6,49623.2,91.1,104.8,6.26,252.6,32.46,49623.3,1.69,32255,1.195,8.25,-81.1,25,3.11,11.7
9/24/20,9:00:00,0,Biosphere 2,23.6,49630.7,49620.5,91.7,105.5,6.3,252.9,32.46,49621.4,0.8,32254,1.19,8.25,-81.2,25.01,3.11,11.7
9/24/20,9:15:00,0,Biosphere 2,13.85,49637.7,49622.2,92,105.9,6.32,252.8,32.46,49623.7,0.94,32255,1.192,8.25,-81.3,25.015,3.11,11.7
9/24/20,9:30:00,0,Biosphere 2,24.55,49642.6,49620.4,92.5,106.4,6.35,253.5,32.46,49622.4,1.23,32255,1.201,8.25,-81.3,25.021,3.11,11.7
9/24/20,9:45:00,0,Biosphere 2,36.02,49652.5,49621.1,93,107,6.39,253.6,32.46,49624,1.74,32256,1.192,8.25,-81.5,25.03,3.11,11.7
9/24/20,10:00:00,0,Biosphere 2,21.77,49654.7,49616.3,93.7,107.8,6.43,253.6,32.46,49619.9,1.35,32253,1.182,8.26,-81.5,25.037,3.11,11.7
9/24/20,10:15:00,0,Biosphere 2,15.57,49672.4,49615.5,94.3,108.5,6.47,253.5,32.46,49620.8,0.5,32254,1.181,8.26,-81.6,25.054,3.11,11.7
9/24/20,10:30:00,0,Biosphere 2,24.38,49679.2,49614.8,94.7,108.9,6.5,253.4,32.46,49620.8,1.25,32254,1.196,8.26,-81.8,25.062,3.11,11.7
9/24/20,10:45:00,0,Biosphere 2,39.24,49689,49610.7,95.5,110,6.56,253.3,32.46,49618,2.55,32252,1.194,8.26,-81.9,25.075,3.11,11.7
9/24/20,11:00:00,0,Biosphere 2,20.67,49699.5,49612.5,95.7,110.1,6.57,252.4,32.46,49620.6,1.2,32253,1.193,8.26,-82,25.083,3.11,11.7
9/24/20,11:15:00,0,Biosphere 2,7.55,49720.3,49615.7,96.7,111.3,6.63,252.4,32.46,49625.5,0.42,32257,1.195,8.27,-82.2,25.1,3.11,11.7
9/24/20,11:30:00,0,Biosphere 2,8.5,49741.7,49617,97.3,111.9,6.67,252.8,32.46,49628.7,0.35,32259,1.195,8.27,-82.3,25.119,3.11,11.7
9/24/20,11:45:00,0,Biosphere 2,27.3,49736.6,49610.8,97.5,112.3,6.69,253.1,32.46,49622.5,1.33,32255,1.189,8.27,-82.5,25.12,3.11,11.7
9/24/20,12:00:00,0,Biosphere 2,9.24,49749.8,49611.3,98.1,112.9,6.73,253.4,32.46,49624.3,0.29,32256,1.187,8.27,-82.5,25.132,3.11,11.7
9/24/20,12:15:00,0,Biosphere 2,22.15,49760.5,49608.2,98.6,113.5,6.76,253.7,32.46,49622.4,0.57,32255,1.189,8.27,-82.7,25.146,3.11,11.7
9/24/20,12:30:00,0,Biosphere 2,20.53,49767.1,49607.5,99,113.9,6.78,254,32.46,49622.4,1.08,32255,1.183,8.28,-82.8,25.153,3.11,11.7
9/24/20,12:45:00,0,Biosphere 2,100.36,49779.1,49608.3,99.4,114.4,6.81,253.3,32.46,49624.3,23.02,32256,1.183,8.28,-82.9,25.163,3.11,11.7
9/24/20,13:00:00,0,Biosphere 2,21.22,49788.7,49605.3,99.8,114.9,6.84,253.6,32.46,49622.5,1.2,32255,1.191,8.28,-83,25.175,3.11,11.7
9/24/20,13:15:00,0,Biosphere 2,17.55,49799.3,49604.1,100.6,115.8,6.89,253.8,32.46,49622.4,0.72,32255,1.189,8.28,-83.2,25.187,3.11,11.7
9/24/20,13:30:00,0,Biosphere 2,8.89,49806.5,49604.1,100.5,115.6,6.88,253.4,32.46,49623,0.39,32255,1.184,8.28,-83.2,25.194,3.11,11.7
9/24/20,13:45:00,0,Biosphere 2,32.95,49816,49605.9,100.8,116,6.9,252.9,32.46,49625.6,1.22,32257,1.19,8.29,-83.4,25.201,3.11,11.7
9/24/20,14:00:00,0,Biosphere 2,36.2,49818.8,49604.9,100.7,115.9,6.89,253.3,32.46,49624.9,1.48,32256,1.195,8.29,-83.4,25.204,3.11,11.7
9/24/20,14:15:00,0,Biosphere 2,28.61,49829.1,49605.4,101.3,116.6,6.94,253.4,32.46,49626.4,1.12,32257,1.201,8.29,-83.5,25.214,3.11,11.7
9/24/20,14:30:00,0,Biosphere 2,25.46,49831,49604.7,101.1,116.4,6.92,253.4,32.46,49625.9,0.83,32257,1.195,8.29,-83.5,25.216,3.11,11.7
9/24/20,14:45:00,0,Biosphere 2,24.31,49830.2,49601.7,101.3,116.5,6.93,253.3,32.46,49623.1,1.21,32255,1.198,8.29,-83.7,25.218,3.11,11.7
9/24/20,15:00:00,0,Biosphere 2,26.21,49833.8,49603.4,101,116.2,6.91,253.8,32.46,49625,1.31,32256,1.194,8.29,-83.6,25.22,3.11,11.7
9/24/20,15:15:00,0,Biosphere 2,28.52,49833.6,49602.2,101,116.2,6.91,252.7,32.46,49623.9,1.4,32256,1.196,8.29,-83.7,25.221,3.11,11.7