Time,\\b2cdaqp\b2cdaq\DES_SAV_PLC.Ocean_Temp_Crabwalk_F,\\b2cdaqp\b2cdaq\DES_SAV_PLC.Ocean_Temp_C,\\b2cdaqp\b2cdaq\DES_SAV_PLC.Ocean_pH,\\b2cdaqp\b2cdaq\DES_SAV_PLC.Ocean_Salinity,\\b2cdaqp\b2cdaq\DES_SAV_PLC.Ocean_Conductivity,\\b2cdaqp\b2cdaq\DES_SAV_PLC.Ocean_ORP,\\b2cdaqp\b2cdaq\DES_SAV_PLC.Ocean_AlgaePE,\\b2cdaqp\b2cdaq\DES_SAV_PLC.Ocean_AlgaePC,\\b2cdaqp\b2cdaq\DES_SAV_PLC.Ocean_Chlorophyll
7/11/16 8:30,79.1375,26.2,7.9,25.2,40.6,128,11,484,0
7/11/16 8:45,79.1938,26.2,7.9,25.2,40.6,128,16,458,0
7/11/16 9:00,79.1938,26.2,7.9,25.3,40.7,127,14,496,0
7/11/16 9:15,79.1938,26.2,7.9,25.3,40.8,128,18,368,0
7/11/16 9:30,79.25,26.2,7.9,25.3,40.8,128,18,473,0
7/11/16 9:45,79.25,24.2,7.8,0.8,1.6,132,5,66,0
7/11/16 10:00,79.25,26.3,7.9,25.4,40.8,133,4,163,0
7/11/16 10:15,79.25,26.3,7.9,25.4,40.8,129,3,165,0
7/11/16 10:30,79.3063,26.3,7.9,25.4,40.8,129,4,138,0
7/11/16 10:45,79.3063,26.3,7.9,25.4,40.8,129,3,245,0
7/11/16 11:00,79.3063,26.3,7.9,25.4,40.8,129,4,301,0
7/11/16 11:15,79.3625,26.3,7.9,25.4,40.9,129,4,277,0
7/11/16 11:30,79.3625,26.3,7.9,25.4,40.9,129,5,289,0
7/11/16 11:45,79.4188,26.3,7.9,25.4,40.9,129,3,303,0
7/11/16 12:00,79.4188,26.3,7.9,25.4,40.9,129,4,328,0
7/11/16 12:15,79.475,26.3,7.9,25.4,40.9,129,4,262,0
7/11/16 12:30,79.475,26.4,7.9,25.4,40.9,128,5,160,0
7/11/16 12:45,79.475,26.4,7.9,25.4,40.9,128,6,164,0
7/11/16 13:00,79.5313,26.4,7.9,25.4,40.9,129,5,157,0
7/11/16 13:15,79.5313,26.4,7.9,25.4,40.9,128,6,124,0
7/11/16 13:30,79.5313,26.4,7.9,25.4,40.9,128,5,342,0
7/11/16 13:45,79.5313,26.4,7.9,25.4,40.9,128,5,247,0
7/11/16 14:00,79.5313,26.4,7.9,25.4,40.9,129,5,343,0
7/11/16 14:15,79.5313,26.4,7.9,25.4,40.9,129,4,330,0
7/11/16 14:30,79.5313,26.4,7.9,25.4,41,129,6,392,0
7/11/16 14:45,79.5875,26.4,7.9,25.4,41,129,7,316,0
7/11/16 15:00,79.5875,26.4,7.9,25.4,41,129,5,370,0
7/11/16 15:15,79.5875,26.4,7.9,25.4,41,127,5,355,0
7/11/16 15:30,79.5875,26.4,7.9,25.4,41,127,5,130,0
7/11/16 15:45,79.5875,26.4,7.9,25.4,41,127,4,157,0
7/11/16 16:00,79.5875,26.4,7.9,25.4,41,128,5,108,0
7/11/16 16:15,79.5875,26.4,7.9,25.4,41,128,4,158,0
7/11/16 16:30,79.5875,26.4,7.9,25.4,41,128,7,346,0
7/11/16 16:45,79.5875,26.4,7.9,25.4,41,127,5,401,0
7/11/16 17:00,79.5313,26.4,7.9,25.4,41,127,5,288,0
7/11/16 17:15,79.5875,26.4,7.9,25.4,41,127,7,291,0
7/11/16 17:30,79.5313,26.4,7.9,25.4,41,128,5,192,0
7/11/16 17:45,79.5313,26.4,7.9,25.4,40.9,129,8,156,0
7/11/16 18:00,79.475,26.4,7.9,25.4,40.9,128,5,191,0
7/11/16 18:15,79.5313,26.4,7.9,25.4,40.9,127,6,249,0
7/11/16 18:30,79.5313,26.4,7.9,25.4,40.9,127,6,169,0
7/11/16 18:45,79.475,26.4,7.9,25.4,40.9,127,18,117,0
7/11/16 19:00,79.475,26.4,7.9,25.4,40.9,127,9,126,0
7/11/16 19:15,79.475,26.4,7.9,25.4,40.9,127,5,161,0
7/11/16 19:30,79.4188,26.4,7.9,25.4,40.9,128,7,122,0
7/11/16 19:45,79.4188,26.4,7.9,25.4,40.9,128,4,138,0
7/11/16 20:00,79.4188,26.4,7.9,25.4,40.9,126,7,136,0
7/11/16 20:15,79.3625,26.3,7.9,25.4,40.9,130,7,147,0
7/11/16 20:30,79.3625,26.3,7.9,25.4,40.9,127,8,100,0
7/11/16 20:45,79.3625,26.3,7.9,25.4,40.9,126,8,96,0
7/11/16 21:00,79.3625,26.3,7.9,25.4,40.9,127,12,82,0
7/11/16 21:15,79.3625,26.3,7.9,25.4,40.9,127,8,122,0
7/11/16 21:30,79.3063,26.3,7.9,25.4,40.9,126,11,133,0
7/11/16 21:45,79.3063,26.3,7.9,25.4,40.9,127,9,187,0
7/11/16 22:00,79.3625,26.3,7.9,25.4,40.9,126,9,149,0
7/11/16 22:15,79.3063,26.3,7.9,25.4,40.9,126,13,115,0
7/11/16 22:30,79.3063,26.3,7.9,25.4,40.8,128,11,75,0
7/11/16 22:45,79.3063,26.3,7.9,25.4,40.8,128,7,86,0
7/11/16 23:00,79.3063,26.3,7.9,25.4,40.8,128,11,86,0
7/11/16 23:15,79.3063,26.3,7.9,25.4,40.8,126,9,78,0
7/11/16 23:30,79.3063,26.3,7.9,25.4,40.8,127,11,147,0
7/11/16 23:45,79.25,26.3,7.9,25.4,40.8,127,12,151,0
7/12/16 0:00,79.25,26.3,7.9,25.4,40.8,128,7,140,0
7/12/16 0:15,79.25,26.3,7.9,25.4,40.8,127,7,105,0
7/12/16 0:30,79.25,26.3,7.9,25.4,40.8,128,6,106,0
7/12/16 0:45,79.25,26.3,7.9,25.4,40.8,128,11,180,0
7/12/16 1:00,79.1938,26.3,7.9,25.4,40.8,129,15,74,0
7/12/16 1:15,79.25,26.3,7.9,25.4,40.8,127,13,71,0
7/12/16 1:30,79.25,26.3,7.9,25.4,40.8,126,9,135,0
7/12/16 1:45,79.1938,26.2,7.9,25.4,40.8,128,12,110,0
7/12/16 2:00,79.25,26.2,7.9,25.4,40.8,137,10,150,0
7/12/16 2:15,79.1938,26.2,7.9,25.4,40.8,136,8,120,0
7/12/16 2:30,79.1375,26.2,7.9,25.4,40.8,133,14,146,0
7/12/16 2:45,79.1938,26.2,7.9,25.4,40.8,132,10,142,0
7/12/16 3:00,79.1938,26.2,7.9,25.4,40.8,132,12,127,0
7/12/16 3:15,79.1938,26.2,7.9,25.4,40.8,134,10,115,0
7/12/16 3:30,79.1375,26.2,7.9,25.4,40.8,132,10,69,0
7/12/16 3:45,79.1375,26.2,7.9,25.4,40.8,133,13,72,0
7/12/16 4:00,79.1375,26.2,7.9,25.4,40.8,133,12,66,0
7/12/16 4:15,79.1375,26.2,7.9,25.4,40.8,133,8,95,0
7/12/16 4:30,79.1375,26.2,7.9,25.4,40.8,133,11,62,0
7/12/16 4:45,79.1375,26.2,7.9,25.4,40.8,134,8,77,0
7/12/16 5:00,79.1375,26.2,7.9,25.4,40.8,134,10,67,0
7/12/16 5:15,79.1375,26.2,7.9,25.4,40.8,135,8,69,0
7/12/16 5:30,79.0812,26.2,7.9,25.4,40.8,135,11,86,0
7/12/16 5:45,79.0812,26.2,7.9,25.4,40.8,136,8,100,0
7/12/16 6:00,79.0812,26.2,7.9,25.4,40.8,135,8,93,0
7/12/16 6:15,79.0812,26.2,7.9,25.4,40.8,134,14,163,0
7/12/16 6:30,79.0812,26.2,7.9,25.4,40.8,134,10,200,0
7/12/16 6:45,79.0812,26.2,7.9,25.4,40.8,135,8,307,0
7/12/16 7:00,79.0812,26.2,7.9,25.4,40.8,134,10,202,0
7/12/16 7:15,79.0812,26.2,7.9,25.4,40.8,134,9,268,0
7/12/16 7:30,79.0812,26.2,7.9,25.4,40.7,134,17,172,0
7/12/16 7:45,79.025,26.1,7.9,25.4,40.8,134,7,266,0
7/12/16 8:00,79.025,26.1,7.9,25.4,40.8,134,10,171,0
7/12/16 8:15,79.025,26.1,7.9,25.4,40.8,135,8,191,0
7/12/16 8:30,79.025,26.1,7.9,25.4,40.8,135,7,343,0
7/12/16 8:45,79.025,26.1,7.9,25.4,40.8,134,6,246,0
7/12/16 9:00,79.0812,26.1,7.9,25.4,40.8,134,6,267,0
7/12/16 9:15,79.0812,26.1,7.9,25.4,40.8,133,6,246,0
7/12/16 9:30,79.0812,26.1,7.9,25.4,40.8,132,6,248,0
7/12/16 9:45,79.0812,26.2,7.9,25.4,40.8,132,6,258,0
7/12/16 10:00,79.0812,26.2,7.9,25.4,40.8,132,6,320,0
7/12/16 10:15,79.0812,26.2,7.9,25.4,40.8,133,4,260,0
7/12/16 10:30,79.1375,26.2,7.9,25.4,40.8,135,3,217,0
7/12/16 10:45,79.1375,26.2,7.9,25.4,40.8,133,7,201,0
7/12/16 11:00,79.1938,26.2,7.9,25.4,40.8,132,8,164,0
7/12/16 11:15,79.25,26.2,7.9,25.4,40.8,133,7,219,0
7/12/16 11:30,79.25,26.2,7.9,25.4,40.9,133,7,187,0
7/12/16 11:45,79.25,26.3,7.9,25.4,40.9,131,8,234,0
7/12/16 12:00,79.3063,26.3,7.9,25.4,40.9,130,9,189,0
7/12/16 12:15,79.3063,26.3,7.9,25.4,40.9,131,6,309,0
7/12/16 12:30,79.3063,26.3,7.9,25.4,40.9,131,6,344,0
7/12/16 12:45,79.3625,26.3,7.9,25.4,40.9,131,9,263,0
7/12/16 13:00,79.3625,26.3,7.9,25.4,40.9,130,5,242,0
7/12/16 13:15,79.3625,26.3,7.9,25.4,40.9,131,8,253,0
7/12/16 13:30,79.4188,26.3,7.9,25.4,41,130,10,269,0
7/12/16 13:45,79.4188,26.3,7.9,25.4,41,130,6,322,0
7/12/16 14:00,79.4188,26.4,7.9,25.4,41,130,7,278,0
7/12/16 14:15,79.4188,26.4,7.9,25.4,41,129,6,206,0
7/12/16 14:30,79.475,26.4,7.9,25.4,41,129,4,196,0
7/12/16 14:45,79.475,26.4,7.9,25.4,41,129,9,167,0
7/12/16 15:00,79.475,26.4,7.9,25.4,41,129,5,239,0
7/12/16 15:15,79.475,26.4,7.9,25.4,41,129,6,214,0
7/12/16 15:30,79.475,26.4,7.9,25.4,41,129,7,216,0
7/12/16 15:45,79.475,26.4,7.9,25.4,41,129,6,159,0
7/12/16 16:00,79.475,26.4,7.9,25.4,41,129,6,196,0
7/12/16 16:15,79.475,26.4,7.9,25.4,41,128,5,161,0
7/12/16 16:30,79.475,26.4,7.9,25.4,41,128,6,95,0
7/12/16 16:45,79.475,26.4,7.9,25.4,41,129,4,114,0
7/12/16 17:00,79.475,26.4,7.9,25.4,41,129,4,93,0
7/12/16 17:15,79.475,26.4,7.9,25.4,41,131,5,71,0
7/12/16 17:30,79.475,26.4,7.9,25.4,41,129,8,130,0
7/12/16 17:45,79.4188,26.4,7.9,25.4,41,129,15,133,0
7/12/16 18:00,79.4188,26.4,7.9,25.4,41,129,9,153,0
7/12/16 18:15,79.4188,26.4,7.9,25.4,40.9,129,13,174,0
7/12/16 18:30,79.4188,26.4,7.9,25.4,40.9,127,12,184,0
7/12/16 18:45,79.3625,26.4,7.9,25.4,40.9,126,21,172,0
7/12/16 19:00,79.3625,26.3,7.9,25.4,40.9,129,11,127,0
7/12/16 19:15,79.3625,26.3,7.9,25.4,40.9,129,9,133,0
7/12/16 19:30,79.3063,26.3,7.9,25.4,40.9,128,9,70,0
7/12/16 19:45,79.3063,26.3,7.9,25.4,40.9,129,10,88,0
7/12/16 20:00,79.3063,26.3,7.9,25.4,40.9,129,10,81,0
7/12/16 20:15,79.3063,26.3,7.9,25.4,40.9,129,11,60,0
7/12/16 20:30,79.25,26.3,7.9,25.4,40.9,129,8,183,0
7/12/16 20:45,79.3063,26.3,7.9,25.4,40.9,129,11,216,0
7/12/16 21:00,79.25,26.3,7.9,25.4,40.9,131,8,256,0
7/12/16 21:15,79.25,26.3,7.9,25.4,40.9,130,11,269,0
7/12/16 21:30,79.25,26.3,7.9,25.4,40.9,129,11,112,0
7/12/16 21:45,79.3063,26.3,7.9,25.4,40.9,129,8,114,0
7/12/16 22:00,79.25,26.3,7.9,25.4,40.9,129,9,99,0
7/12/16 22:15,79.25,26.3,7.9,25.4,40.9,129,10,101,0
7/12/16 22:30,79.25,26.3,7.9,25.4,40.9,127,8,98,0
7/12/16 22:45,79.25,26.3,7.9,25.4,40.9,129,9,94,0
7/12/16 23:00,79.1938,26.3,7.9,25.4,40.9,129,10,86,0
7/12/16 23:15,79.25,26.3,7.9,25.4,40.9,129,15,75,0
7/12/16 23:30,79.1938,26.3,7.9,25.4,40.9,129,9,184,0
7/12/16 23:45,79.1938,26.2,7.9,25.4,40.9,129,13,79,0
7/13/16 0:00,79.1938,26.2,7.9,25.4,40.8,129,15,107,0
7/13/16 0:15,79.1938,26.2,7.9,25.4,40.8,128,10,98,0
7/13/16 0:30,79.1938,26.2,7.9,25.4,40.8,129,17,59,0
7/13/16 0:45,79.1938,26.2,7.9,25.4,40.8,129,7,81,0
7/13/16 1:00,79.1375,26.2,7.9,25.4,40.8,129,10,76,0
7/13/16 1:15,79.1938,26.2,7.9,25.4,40.8,129,7,103,0
7/13/16 1:30,79.1375,26.2,7.9,25.4,40.8,129,13,211,0
7/13/16 1:45,79.1375,26.2,7.9,25.4,40.8,129,15,176,0
7/13/16 2:00,79.1375,26.2,7.9,25.4,40.8,129,14,184,0
7/13/16 2:15,79.1375,26.2,7.9,25.4,40.8,128,9,139,0
7/13/16 2:30,79.1375,26.2,7.9,25.4,40.8,129,10,55,0
7/13/16 2:45,79.1375,26.2,7.9,25.4,40.8,128,11,60,0
7/13/16 3:00,79.1375,26.2,7.9,25.4,40.8,130,9,56,0
7/13/16 3:15,79.1375,26.2,7.9,25.4,40.8,129,11,57,0
7/13/16 3:30,79.0812,26.2,7.9,25.4,40.8,129,19,145,0
7/13/16 3:45,79.0812,26.2,7.9,25.4,40.8,129,21,193,0
7/13/16 4:00,79.0812,26.2,7.9,25.4,40.8,129,15,326,0
7/13/16 4:15,79.0812,26.2,7.9,25.4,40.8,130,16,150,0
7/13/16 4:30,79.0812,26.2,7.9,25.4,40.8,129,14,136,0
7/13/16 4:45,79.0812,26.2,7.9,25.4,40.8,129,13,93,0
7/13/16 5:00,79.0812,26.2,7.9,25.4,40.8,129,10,115,0
7/13/16 5:15,79.0812,26.2,7.9,25.4,40.8,129,20,104,0
7/13/16 5:30,79.025,26.1,7.9,25.4,40.8,129,12,136,0
7/13/16 5:45,79.0812,26.1,7.9,25.4,40.8,131,12,255,0
7/13/16 6:00,79.025,26.1,7.9,25.4,40.8,129,20,165,0
7/13/16 6:15,79.025,26.1,7.9,25.4,40.8,129,18,177,0
7/13/16 6:30,79.025,26.1,7.9,25.4,40.8,128,26,130,0
7/13/16 6:45,79.025,26.1,7.9,25.4,40.8,129,14,148,0
7/13/16 7:00,79.025,26.1,7.9,25.4,40.8,129,17,126,0
7/13/16 7:15,79.025,26.1,7.9,25.4,40.8,126,11,199,0
7/13/16 7:30,79.025,26.1,7.9,25.4,40.8,129,17,238,0
7/13/16 7:45,79.025,26.1,7.9,25.4,40.8,129,15,268,0
7/13/16 8:00,78.9688,26.1,7.9,25.4,40.8,129,13,331,0
7/13/16 8:15,79.025,26.1,7.9,25.4,40.8,129,10,286,0
7/13/16 8:30,79.025,26.1,7.9,25.4,40.8,129,9,176,0
7/13/16 8:45,79.025,26.1,7.9,25.4,40.8,129,12,168,0
7/13/16 9:00,79.025,26.1,7.9,25.4,40.7,129,7,185,0
7/13/16 9:15,79.025,26.1,7.9,25.4,40.7,129,6,236,0
7/13/16 9:30,79.025,26.1,7.9,25.4,40.7,129,10,183,0
7/13/16 9:45,79.025,26.1,7.9,25.4,40.7,129,9,200,0
7/13/16 10:00,79.025,26.1,7.9,25.4,40.8,129,7,257,0
7/13/16 10:15,79.025,26.1,7.9,25.4,40.8,129,7,323,0
7/13/16 10:30,79.0812,26.2,7.9,25.4,40.8,129,6,127,0
7/13/16 10:45,79.0812,26.2,7.9,25.4,40.8,132,7,130,0
7/13/16 11:00,79.1375,26.2,7.9,25.4,40.8,129,7,128,0
7/13/16 11:15,79.1375,26.2,7.9,25.4,40.8,129,7,127,0
7/13/16 11:30,79.1375,26.2,7.9,25.4,40.8,129,7,219,0
7/13/16 11:45,79.1375,26.2,7.9,25.4,40.8,129,7,383,0
7/13/16 12:00,79.1938,26.2,7.9,25.4,40.8,129,5,364,0
7/13/16 12:15,79.1938,26.2,7.9,25.4,40.8,129,8,294,0
7/13/16 12:30,79.25,26.2,7.9,25.4,40.8,129,9,381,0
7/13/16 12:45,79.25,26.3,7.9,25.4,40.8,129,6,423,0
7/13/16 13:00,79.25,26.3,7.9,25.4,40.9,129,8,287,0
7/13/16 13:15,79.25,26.3,7.9,25.4,40.9,129,8,346,0
7/13/16 13:30,79.3063,26.3,7.9,25.4,40.9,128,7,243,0
7/13/16 13:45,79.3625,26.3,7.9,25.4,40.9,127,7,313,0
7/13/16 14:00,79.3625,26.3,7.9,25.4,40.9,130,10,264,0
7/13/16 14:15,79.3625,26.3,7.9,25.4,40.9,129,7,311,0
7/13/16 14:30,79.3625,26.3,7.9,25.4,40.9,127,7,339,0
7/13/16 14:45,79.3625,26.3,7.9,25.4,40.9,128,9,397,0
7/13/16 15:00,79.3625,26.3,7.9,25.4,40.9,128,8,334,0
7/13/16 15:15,79.3625,26.3,7.9,25.4,40.9,127,8,351,0
7/13/16 15:30,79.4188,26.3,7.9,25.4,40.9,128,9,283,0
7/13/16 15:45,79.3625,26.3,7.9,25.4,40.9,128,12,306,0
7/13/16 16:00,79.3625,26.3,7.9,25.4,40.9,127,7,271,0
7/13/16 16:15,79.3625,26.3,7.9,25.4,40.9,127,9,219,0
7/13/16 16:30,79.4188,26.3,7.9,25.4,40.9,127,9,139,0
7/13/16 16:45,79.3625,26.3,7.9,25.4,40.9,127,8,129,0
7/13/16 17:00,79.3625,26.3,7.9,25.4,40.9,126,8,135,0
7/13/16 17:15,79.3625,26.3,7.9,25.4,40.9,128,9,152,0
7/13/16 17:30,79.3625,26.3,7.9,25.4,40.9,127,8,226,0
7/13/16 17:45,79.3625,26.3,7.9,25.4,40.9,127,9,233,0
7/13/16 18:00,79.3063,26.3,7.9,25.4,40.9,127,8,279,0
7/13/16 18:15,79.3625,26.3,7.9,25.4,40.9,128,9,235,0
7/13/16 18:30,79.3625,26.3,7.9,25.4,40.9,125,7,496,0
7/13/16 18:45,79.3063,26.3,7.9,25.4,40.9,125,10,463,0
7/13/16 19:00,79.3063,26.3,7.9,25.4,40.9,127,10,324,0
7/13/16 19:15,79.25,26.3,7.9,25.4,40.9,125,10,210,0
7/13/16 19:30,79.25,26.3,7.9,25.4,40.9,126,8,210,0
7/13/16 19:45,79.25,26.3,7.9,25.4,40.8,125,9,176,0
7/13/16 20:00,79.25,26.3,7.9,25.4,40.8,125,10,217,0
7/13/16 20:15,79.25,26.3,7.9,25.4,40.8,124,11,128,0
7/13/16 20:30,79.1938,26.2,7.9,25.4,40.8,124,6,172,0
7/13/16 20:45,79.1938,26.2,7.9,25.4,40.8,124,9,196,0
7/13/16 21:00,79.1938,26.2,7.9,25.4,40.8,126,12,181,0
7/13/16 21:15,79.1375,26.2,7.9,25.4,40.8,125,9,219,0
7/13/16 21:30,79.1938,26.2,7.9,25.4,40.8,126,14,124,0
7/13/16 21:45,79.1938,26.2,7.9,25.4,40.8,126,17,135,0
7/13/16 22:00,79.1375,26.2,7.9,25.4,40.8,126,14,157,0
7/13/16 22:15,79.1938,26.2,7.9,25.4,40.8,125,19,91,0
7/13/16 22:30,79.1938,26.2,7.9,25.4,40.8,125,12,248,0
7/13/16 22:45,79.1375,26.2,7.9,25.4,40.8,124,11,190,0
7/13/16 23:00,79.1375,26.2,7.9,25.4,40.8,124,10,274,0
7/13/16 23:15,79.1375,26.2,7.9,25.4,40.8,125,11,224,0
7/13/16 23:30,79.1375,26.2,7.9,25.4,40.8,124,12,235,0
7/13/16 23:45,79.1375,26.2,7.9,25.4,40.8,125,10,213,0
7/14/16 0:00,79.1375,26.2,7.9,25.4,40.8,126,15,134,0
7/14/16 0:15,79.0812,26.2,7.9,25.4,40.8,125,13,147,0
7/14/16 0:30,79.1375,26.2,7.9,25.4,40.8,126,12,178,0
7/14/16 0:45,79.1375,26.2,7.9,25.4,40.8,125,12,175,0
7/14/16 1:00,79.1375,26.2,7.9,25.4,40.8,125,14,267,0
7/14/16 1:15,79.1375,26.2,7.9,25.4,40.8,128,15,265,0
7/14/16 1:30,79.0812,26.2,7.9,25.4,40.8,126,8,339,0
7/14/16 1:45,79.1375,26.2,7.9,25.4,40.8,127,10,318,0
7/14/16 2:00,79.0812,26.2,7.9,25.4,40.8,125,11,353,0
7/14/16 2:15,79.0812,26.2,7.9,25.4,40.8,125,11,277,0
7/14/16 2:30,79.0812,26.2,7.9,25.4,40.8,125,14,200,0
7/14/16 2:45,79.0812,26.2,7.9,25.4,40.8,125,14,300,0
7/14/16 3:00,79.0812,26.2,7.9,25.4,40.8,125,13,314,0
7/14/16 3:15,79.0812,26.2,7.9,25.4,40.8,126,15,227,0
7/14/16 3:30,79.025,26.2,7.9,25.4,40.8,125,12,175,0
7/14/16 3:45,79.0812,26.2,7.9,25.4,40.8,125,11,177,0
7/14/16 4:00,79.0812,26.1,7.9,25.4,40.8,125,11,233,0
7/14/16 4:15,79.025,26.1,7.9,25.4,40.8,130,10,252,0
7/14/16 4:30,79.025,26.1,7.9,25.4,40.8,131,15,122,0
7/14/16 4:45,79.025,26.1,7.9,25.4,40.8,130,20,67,0
7/14/16 5:00,79.025,26.1,7.9,25.4,40.7,131,13,160,0
7/14/16 5:15,79.025,26.1,7.9,25.4,40.7,132,15,86,0
7/14/16 5:30,79.025,26.1,7.9,25.4,40.7,131,14,136,0
7/14/16 5:45,79.025,26.1,7.9,25.4,40.7,133,15,136,0
7/14/16 6:00,79.025,26.1,7.9,25.4,40.7,131,14,142,0
7/14/16 6:15,78.9688,26.1,7.9,25.4,40.7,132,16,245,0
7/14/16 6:30,79.025,26.1,7.9,25.4,40.7,133,25,164,0
7/14/16 6:45,79.025,26.1,7.9,25.4,40.7,133,27,197,0
7/14/16 7:00,79.025,26.1,7.9,25.4,40.7,133,19,432,0
7/14/16 7:15,79.025,26.1,7.9,25.4,40.7,133,22,285,0
7/14/16 7:30,78.9688,26.1,7.9,25.4,40.7,132,26,344,0
7/14/16 7:45,79.025,26.1,7.9,25.4,40.8,132,23,370,0
7/14/16 8:00,78.9688,26.1,7.9,25.4,40.7,132,14,294,0
7/14/16 8:15,79.025,26.1,7.9,25.4,40.8,132,10,302,0
7/14/16 8:30,79.025,26.1,7.9,25.4,40.8,131,12,513,0
7/14/16 8:45,79.025,26.1,7.9,25.4,40.8,130,8,449,0
7/14/16 9:00,79.025,26.1,7.9,25.4,40.8,131,8,449,0
7/14/16 9:15,79.0812,26.1,7.9,25.4,40.8,133,10,491,0
7/14/16 9:30,79.0812,26.1,7.9,25.4,40.8,134,8,326,0
7/14/16 9:45,79.0812,26.2,7.9,25.4,40.8,132,8,425,0
7/14/16 10:00,79.0812,26.2,7.9,25.4,40.8,131,8,369,0
7/14/16 10:15,79.0812,26.2,7.9,25.4,40.8,131,8,340,0
7/14/16 10:30,79.1375,26.2,7.9,25.4,40.8,131,7,199,0
7/14/16 10:45,79.1375,26.2,7.9,25.4,40.8,132,6,279,0
7/14/16 11:00,79.1938,26.2,8,25.4,40.9,128,6,322,0
7/14/16 11:15,79.1375,26.2,8,25.4,40.8,130,9,254,0
7/14/16 11:30,79.1938,26.2,8,25.4,40.8,131,8,312,0
7/14/16 11:45,79.1938,26.2,8,25.4,40.8,131,8,288,0
7/14/16 12:00,79.25,26.3,8,25.4,40.9,130,7,363,0
7/14/16 12:15,79.25,26.3,8,25.4,40.9,131,8,326,0
7/14/16 12:30,79.25,26.3,8,25.4,40.9,130,7,339,0
7/14/16 12:45,79.3063,26.3,8,25.4,40.9,130,7,278,0
7/14/16 13:00,79.3063,26.3,8,25.4,40.9,130,8,353,0
7/14/16 13:15,79.3625,26.3,8,25.4,40.9,129,8,398,0
7/14/16 13:30,79.3625,26.3,8,25.5,41,130,79,272,0
7/14/16 13:45,79.3625,26.3,8,25.5,41,131,6,59,0
7/14/16 14:00,79.3625,26.3,8,25.5,41.1,130,4,64,0
7/14/16 14:15,79.4188,26.3,8,25.5,41.1,129,4,68,0
7/14/16 14:30,79.4188,26.3,8,25.5,41.1,130,5,88,0
7/14/16 14:45,79.4188,26.3,8,25.5,41.1,130,4,71,0
7/14/16 15:00,79.4188,26.3,8,25.5,41.1,129,4,86,0
7/14/16 15:15,79.4188,26.4,8,25.5,41.1,129,5,62,0
7/14/16 15:30,79.4188,26.4,8,25.5,41.1,129,5,89,0
7/14/16 15:45,79.475,26.4,8,25.5,41.1,128,5,74,0
7/14/16 16:00,79.475,26.4,8,25.5,41.1,127,6,80,0
7/14/16 16:15,79.475,26.4,8,25.5,41.1,127,5,89,0
7/14/16 16:30,79.475,26.4,8,25.5,41.1,127,5,110,0
7/14/16 16:45,79.475,26.4,8,25.5,41.1,127,4,102,0
7/14/16 17:00,79.475,26.4,8,25.5,41.1,126,4,78,0
7/14/16 17:15,79.475,26.4,8,25.5,41.1,126,4,102,0
7/14/16 17:30,79.4188,26.4,8,25.5,41.1,126,3,83,0
7/14/16 17:45,79.4188,26.4,8,25.5,41.1,129,6,54,0
7/14/16 18:00,79.4188,26.4,8,25.5,41.1,126,4,64,0
7/14/16 18:15,79.4188,26.4,8,25.5,41.1,126,4,75,0
7/14/16 18:30,79.4188,26.4,8,25.5,41.1,129,5,59,0
7/14/16 18:45,79.4188,26.4,8,25.5,41.1,127,4,60,0
7/14/16 19:00,79.3625,26.4,8,25.5,41,129,6,52,0
7/14/16 19:15,79.3625,26.3,8,25.5,41,129,6,57,0
7/14/16 19:30,79.3625,26.3,8,25.5,41,129,6,59,0
7/14/16 19:45,79.3625,26.3,8,25.5,41,129,4,62,0
7/14/16 20:00,79.3625,26.3,8,25.5,41,129,6,60,0
7/14/16 20:15,79.3063,26.3,8,25.5,41,128,6,60,0
7/14/16 20:30,79.3063,26.3,8,25.5,41,131,4,83,0
7/14/16 20:45,79.3063,26.3,8,25.5,41,130,5,51,0
7/14/16 21:00,79.25,26.3,8,25.5,41,129,4,87,0
7/14/16 21:15,79.25,26.3,8,25.5,41,129,5,119,0
7/14/16 21:30,79.25,26.3,8,25.5,41,129,6,83,0
7/14/16 21:45,79.25,26.3,8,25.5,41,129,6,75,0
7/14/16 22:00,79.25,26.3,8,25.5,41,129,5,59,0
7/14/16 22:15,79.25,26.3,8,25.5,41,129,6,58,0
7/14/16 22:30,79.25,26.3,8,25.5,41,129,5,65,0
7/14/16 22:45,79.25,26.3,8,25.5,41,129,6,62,0
7/14/16 23:00,79.25,26.3,8,25.5,41,128,5,88,0
7/14/16 23:15,79.1938,26.3,8,25.5,41,129,6,79,0
7/14/16 23:30,79.25,26.3,8,25.5,41,129,5,86,0
7/14/16 23:45,79.1938,26.2,8,25.5,41,131,8,76,0
7/15/16 0:00,79.1938,26.2,8,25.5,41,129,8,63,0
7/15/16 0:15,79.1938,26.2,8,25.5,41,129,6,75,0
7/15/16 0:30,79.1938,26.2,8,25.5,41,129,6,66,0
7/15/16 0:45,79.1938,26.2,8,25.5,41,130,5,78,0
7/15/16 1:00,79.1938,26.2,8,25.5,41,132,8,75,0
7/15/16 1:15,79.1938,26.2,8,25.5,41,130,6,82,0
7/15/16 1:30,79.1375,26.2,8,25.5,41,130,5,69,0
7/15/16 1:45,79.1938,26.2,8,25.5,40.9,130,5,77,0
7/15/16 2:00,79.1938,26.2,8,25.5,40.9,130,6,86,0
7/15/16 2:15,79.1375,26.2,8,25.5,40.9,130,5,66,0
7/15/16 2:30,79.1375,26.2,8,25.5,40.9,130,4,68,0
7/15/16 2:45,79.1375,26.2,8,25.5,40.9,130,4,89,0
7/15/16 3:00,79.1375,26.2,8,25.5,40.9,130,5,97,0
7/15/16 3:15,79.1375,26.2,8,25.5,40.9,130,5,94,0
7/15/16 3:30,79.0812,26.2,8,25.5,40.9,132,6,91,0
7/15/16 3:45,79.1375,26.2,8,25.5,40.9,130,5,109,0
7/15/16 4:00,79.1375,26.2,8,25.5,40.9,129,8,92,0
7/15/16 4:15,79.0812,26.2,8,25.5,40.9,131,7,85,0
7/15/16 4:30,79.0812,26.2,8,25.5,40.9,130,6,103,0
7/15/16 4:45,79.1375,26.2,8,25.5,40.9,131,7,103,0
7/15/16 5:00,79.0812,26.2,8,25.5,40.9,131,6,89,0
7/15/16 5:15,79.0812,26.2,8,25.5,40.9,131,12,63,0
7/15/16 5:30,79.0812,26.2,8,25.5,40.9,131,6,79,0
7/15/16 5:45,79.0812,26.2,8,25.5,40.9,131,6,73,0
7/15/16 6:00,79.0812,26.2,7.9,25.5,40.9,132,6,79,0
7/15/16 6:15,79.0812,26.2,7.9,25.5,40.9,131,6,109,0
7/15/16 6:30,79.0812,26.2,7.9,25.5,40.9,131,9,93,0
7/15/16 6:45,79.0812,26.2,7.9,25.5,40.9,131,9,113,0
7/15/16 7:00,79.0812,26.2,7.9,25.5,40.9,132,8,120,0
7/15/16 7:15,79.0812,26.2,7.9,25.5,41,131,8,97,0
7/15/16 7:30,79.025,26.2,7.9,25.5,40.9,131,12,69,0
7/15/16 7:45,79.0812,26.2,7.9,25.5,40.9,131,14,79,0
7/15/16 8:00,79.025,26.2,7.9,25.5,40.9,130,7,100,0
7/15/16 8:15,79.025,25.7,7.9,0.9,1.8,131,215,8,0
7/15/16 8:30,79.0812,23.8,7.9,0.5,1,93,9,24,0
7/15/16 8:45,79.025,23.9,7.9,0.5,0.9,141,7,15,0
7/15/16 9:00,79.0812,23.8,7.9,0.4,0.9,143,28,24,0
7/15/16 9:15,79.0812,24.2,8,0.4,0.8,136,256,26,0
7/15/16 9:30,79.1375,23.6,7.9,0.4,0.8,142,106,7,0
7/15/16 9:45,79.1375,23.8,7.8,0.4,0.8,147,24,242,0
7/15/16 10:00,79.1938,22.3,7.8,0.4,0.7,138,56,15,0
7/15/16 10:15,79.1375,21.4,7.6,0.3,0.6,142,51,12,0
7/15/16 10:30,79.1938,21.5,7.5,0.3,0.6,163,301,4,0
7/15/16 10:45,79.1938,21.6,7.3,0.3,0.5,122,300,36,0
7/15/16 11:00,79.1938,23.4,7.3,0.2,0.4,125,310,27,0
7/15/16 11:15,79.25,24.6,7.2,0.1,0.3,124,171,17,0
7/15/16 11:30,79.3063,24.8,7,0.1,0.2,137,149,4,0
7/15/16 11:45,79.25,25.1,6.8,0,0.1,153,119,5,0
7/15/16 12:00,79.25,26.2,6.7,0,0.1,156,58,4,0
7/15/16 12:15,79.3063,26.2,6.4,0,0,162,31,1,0
7/15/16 12:30,79.3063,26.3,6.2,0,0,173,10,3,0
7/15/16 12:45,79.3063,26.7,6,0,0,170,23,11,0
7/15/16 13:00,79.3625,26,5.9,0,0,173,13,6,0
7/15/16 13:15,79.4188,26.3,5.9,0,0,173,10,2,0
7/15/16 13:30,79.3625,26.3,5.8,0,0,177,7,1,0
7/15/16 13:45,79.4188,26,5.7,0,0,173,4,3,0
7/15/16 14:00,79.4188,25.8,5.7,0,0,169,4,4,0
7/15/16 14:15,79.4188,25.7,5.7,0,0,170,3,3,0
7/15/16 14:30,79.4188,25.7,5.7,0,0,175,4,2,0
7/15/16 14:45,79.4188,25.5,5.7,0,0,171,3,3,0
7/15/16 15:00,79.4188,25.8,5.7,0,0,172,4,2,0
7/15/16 15:15,79.475,25.6,5.7,0,0,174,3,4,0
7/15/16 15:30,79.475,25.7,5.7,0,0,168,3,3,0
7/15/16 15:45,79.475,25.4,5.7,0,0,173,4,4,0
7/15/16 16:00,79.475,25.4,5.7,0,0,173,4,3,0
7/15/16 16:15,79.475,25.1,5.7,0,0,172,3,3,0
7/15/16 16:30,79.475,25.1,5.7,0,0,170,3,2,0
7/15/16 16:45,79.4188,25.5,5.8,0,0,166,3,4,0
7/15/16 17:00,79.4188,25.5,5.8,0,0,167,2,2,0
7/15/16 17:15,79.4188,25.6,5.7,0,0,170,4,3,0
7/15/16 17:30,79.4188,25.8,5.6,0,0,178,4,3,0
7/15/16 17:45,79.4188,25.6,5.6,0,0,183,4,4,0
7/15/16 18:00,79.4188,25.8,5.5,0,0,185,4,3,0
7/15/16 18:15,79.4188,25.3,5.5,0,0,187,3,3,0
7/15/16 18:30,79.4188,25.4,5.5,0,0,186,3,3,0
7/15/16 18:45,79.4188,25.2,5.5,0,0,191,3,2,0
7/15/16 19:00,79.3625,25,5.5,0,0,191,3,2,0
7/15/16 19:15,79.3625,24.8,5.5,0,0,187,4,2,0
7/15/16 19:30,79.3063,24,5.8,0,0,168,4,2,0
7/15/16 19:45,79.3063,23.7,6,0,0,160,3,2,0
7/15/16 20:00,79.3063,23.5,6.2,0,0,152,2,3,0
7/15/16 20:15,79.3063,23.3,6.3,0,0,148,3,2,0
7/15/16 20:30,79.3063,23.2,6.4,0,0,182,2,2,0
7/15/16 20:45,79.25,23.8,6.5,0,0,193,2,2,0
7/15/16 21:00,79.25,24.9,6.6,0,0,191,3,2,0
7/15/16 21:15,79.25,25.6,6.6,0,0,185,2,2,0
7/15/16 21:30,79.25,25.9,6.6,0,0,184,2,2,0
7/15/16 21:45,79.1938,26.1,6.6,0,0,181,3,2,0
7/15/16 22:00,79.25,26.2,6.6,0,0,182,2,1,0
7/15/16 22:15,79.1938,26.2,6.6,0,0,183,3,3,0
7/15/16 22:30,79.1938,26.2,6.6,0,0,183,2,4,0
7/15/16 22:45,79.1938,26.2,6.5,0,0,184,2,3,0
7/15/16 23:00,79.1938,26.2,6.5,0,0,185,2,3,0
7/15/16 23:15,79.1938,26.1,6.5,0,0,185,3,2,0
7/15/16 23:30,79.1938,26,6.4,0,0,185,2,3,0
7/15/16 23:45,79.1938,26,6.4,0,0,186,2,4,0
7/16/16 0:00,79.1938,26,6.4,0,0,185,2,2,0
7/16/16 0:15,79.25,26.1,6.3,0,0,183,4,2,0
7/16/16 0:30,79.1938,26.2,6.3,0,0,181,2,3,0
7/16/16 0:45,79.1375,26.3,6.3,0,0,179,3,2,0
7/16/16 1:00,79.1938,26.2,6.3,0,0,177,3,2,0
7/16/16 1:15,79.1375,25.6,6.2,0,0,184,2,2,0
7/16/16 1:30,79.1375,26.1,6.1,0,0,194,3,2,0
7/16/16 1:45,79.1938,24.9,5.8,0,0,211,3,3,0
7/16/16 2:00,79.1375,22,5.6,0,0,234,4,3,0
7/16/16 2:15,79.1375,22,5.9,0,0,213,3,3,0
7/16/16 2:30,79.1375,23.6,6.3,0,0,183,3,2,0
7/16/16 2:45,79.1375,24.1,6.3,0,0,185,2,3,0
7/16/16 3:00,79.1375,24.7,6.2,0,0,181,2,2,0
7/16/16 3:15,79.1375,24.9,6.2,0,0,180,3,2,0
7/16/16 3:30,79.0812,25.1,6.1,0,0,181,3,3,0
7/16/16 3:45,79.0812,25.3,6.1,0,0,183,3,2,0
7/16/16 4:00,79.0812,25.2,5.9,0,0,190,2,2,0
7/16/16 4:15,79.025,22.9,6.1,0,0,179,2,2,0
7/16/16 4:30,79.0812,22.7,6.3,0,0,177,1,2,0
7/16/16 4:45,79.025,22.4,6.3,0,0.1,173,1,1,0
7/16/16 5:00,79.0812,22.3,6.3,0,0.1,174,0,1,0
7/16/16 5:15,79.025,22.2,6.4,0,0.1,175,0,1,0
7/16/16 5:30,79.025,22,6.4,0,0.1,178,1,2,0
7/16/16 5:45,79.025,22,6.4,0,0.1,179,2,2,0
7/16/16 6:00,78.9688,21.9,6.4,0.1,0.1,181,1,1,0
7/16/16 6:15,79.025,22.1,6.4,0.1,0.1,183,3,2,0
7/16/16 6:30,78.9688,22.4,6.4,0.1,0.1,187,2,2,0
7/16/16 6:45,78.9688,22.6,6.3,0.1,0.1,191,1,3,0
7/16/16 7:00,78.9688,22.9,6.3,0.1,0.2,195,2,2,0
7/16/16 7:15,78.9688,23.1,6.2,0.1,0.2,199,5,2,0
7/16/16 7:30,78.9125,23.7,6.2,0.1,0.2,200,14,2,0
7/16/16 7:45,78.9688,24.2,6.1,0.1,0.2,201,26,2,0
7/16/16 8:00,78.9688,24.7,6,0.1,0.2,192,22,0,0
7/16/16 8:15,78.9125,24.9,5.9,0.1,0.2,190,20,2,0
7/16/16 8:30,78.9688,25.1,5.9,0.1,0.2,187,33,2,0
7/16/16 8:45,78.9688,26.4,5.9,0.1,0.1,162,56,1,0
7/16/16 9:00,78.9688,27.4,5.9,0.1,0.1,146,116,3,0
7/16/16 9:15,79.025,27.3,5.6,0,0.1,121,204,0,0
7/16/16 9:30,78.9688,27.2,5.6,0,0.1,113,200,2,0
7/16/16 9:45,79.025,26.5,5.6,0,0.1,117,262,3,0
7/16/16 10:00,79.025,27.3,5.3,0,0,147,98,1,0
7/16/16 10:15,79.025,27.6,5,0,0,166,94,2,0
7/16/16 10:30,79.025,27.8,4.8,0,0,187,299,1,0
7/16/16 10:45,79.025,27.3,4.9,0,0,187,242,2,0
7/16/16 11:00,79.0812,27.6,4.9,0,0,194,130,1,0
7/16/16 11:15,79.1375,27.5,4.9,0,0,188,132,1,0
7/16/16 11:30,79.1375,27.8,4.9,0,0,189,104,0,0
7/16/16 11:45,79.1938,27.8,4.9,0,0,189,149,2,0
7/16/16 12:00,79.1938,27.7,4.9,0,0,187,157,1,0
7/16/16 12:15,79.1938,28,4.9,0,0,190,122,1,0
7/16/16 12:30,79.1938,28.1,5,0,0,192,136,4,0
7/16/16 12:45,79.25,28.1,5,0,0,191,115,0,0
7/16/16 13:00,79.25,28,5,0,0,186,87,0,0
7/16/16 13:15,79.25,27.6,5,0,0,187,83,1,0
7/16/16 13:30,79.3063,27.2,5.1,0,0,188,78,2,0
7/16/16 13:45,79.3063,27.2,5,0,0,188,55,0,0
7/16/16 14:00,79.3063,27.1,5,0,0,187,26,4,0
7/16/16 14:15,79.3063,26.8,5,0,0,191,9,2,0
7/16/16 14:30,79.3625,26.5,5,0,0,188,6,4,0
7/16/16 14:45,79.3625,26.3,5,0,0,185,7,2,0
7/16/16 15:00,79.3625,26.3,5,0,0,186,5,2,0
7/16/16 15:15,79.3625,26.3,5.1,0,0,185,5,2,0
7/16/16 15:30,79.4188,26.4,5.1,0,0,183,6,3,0
7/16/16 15:45,79.4188,26.4,5.1,0,0,183,6,2,0
7/16/16 16:00,79.4188,26.3,5.2,0,0,174,5,2,0
7/16/16 16:15,79.4188,26.3,5.2,0,0,177,5,2,0
7/16/16 16:30,79.4188,26.1,5.1,0,0,181,3,4,0
7/16/16 16:45,79.4188,26,5.1,0,0,182,4,3,0
7/16/16 17:00,79.4188,25.8,5.1,0,0,186,4,3,0
7/16/16 17:15,79.4188,25.9,5.1,0,0,180,4,2,0
7/16/16 17:30,79.3625,25.8,5.1,0,0,186,4,2,0
7/16/16 17:45,79.3625,25.7,5.1,0,0,189,5,3,0
7/16/16 18:00,79.3625,25.6,5,0,0,192,3,4,0
7/16/16 18:15,79.3625,25.6,5,0,0,195,5,3,0
7/16/16 18:30,79.3625,25.3,5,0,0,194,4,4,0
7/16/16 18:45,79.3625,25,5,0,0,201,5,3,0
7/16/16 19:00,79.3625,24.9,5,0,0,199,3,2,0
7/16/16 19:15,79.3063,24.9,5,0,0,200,4,2,0
7/16/16 19:30,79.3625,24.8,5,0,0,196,4,3,0
7/16/16 19:45,79.3063,24.8,5,0,0,192,4,3,0
7/16/16 20:00,79.3063,25.6,5.3,0,0,163,4,3,0
7/16/16 20:15,79.25,26.1,5.5,0,0,152,4,2,0
7/16/16 20:30,79.25,26.4,5.6,0,0,143,4,2,0
7/16/16 20:45,79.25,26.5,5.6,0,0,140,3,2,0
7/16/16 21:00,79.25,26.6,5.6,0,0,140,3,3,0
7/16/16 21:15,79.1938,26.7,5.6,0,0,139,4,2,0
7/16/16 21:30,79.1938,26.7,5.6,0,0,139,3,2,0
7/16/16 21:45,79.25,26.8,5.6,0,0,138,3,2,0
7/16/16 22:00,79.25,26.8,5.6,0,0,137,3,2,0
7/16/16 22:15,79.1938,26.7,5.6,0,0,139,3,2,0
7/16/16 22:30,79.1938,26.7,5.6,0,0,143,4,2,0
7/16/16 22:45,79.25,26.7,5.5,0,0,149,4,3,0
7/16/16 23:00,79.1938,26.8,5.5,0,0,148,3,3,0
7/16/16 23:15,79.1938,26.8,5.5,0,0,152,4,2,0
7/16/16 23:30,79.1938,26.6,5,0,0,188,4,2,0
7/16/16 23:45,79.1938,26.6,4.9,0,0,201,4,2,0
7/17/16 0:00,79.1375,26.7,4.8,0,0,207,4,3,0
7/17/16 0:15,79.1938,26.7,4.9,0,0,201,4,5,0
7/17/16 0:30,79.1375,26.8,5,0,0,187,5,3,0
7/17/16 0:45,79.1938,22.3,4.9,0,0,196,4,4,0
7/17/16 1:00,79.1375,21.6,5,0,0,175,4,3,0
7/17/16 1:15,79.0812,21.4,5.1,0,0,155,5,3,0
7/17/16 1:30,79.0812,23,5.7,0,0,113,4,2,0
7/17/16 1:45,79.1375,24.4,5.8,0,0,103,3,2,0
7/17/16 2:00,79.0812,24.6,5.8,0,0,104,4,3,0
7/17/16 2:15,79.0812,24.9,5.8,0,0,110,3,3,0
7/17/16 2:30,79.0812,25.2,5.8,0,0,112,3,1,0
7/17/16 2:45,79.0812,25.3,5.7,0,0,119,5,2,0
7/17/16 3:00,79.0812,25.6,5.6,0,0,125,5,1,0
7/17/16 3:15,79.0812,23.8,5.5,0,0,126,4,3,0
7/17/16 3:30,79.0812,22.8,5.7,0,0,114,1,2,0
7/17/16 3:45,79.0812,22.5,5.9,0,0,109,1,0,0
7/17/16 4:00,79.0812,22.2,5.9,0,0,109,2,1,0
7/17/16 4:15,79.025,22.1,6,0,0,110,1,2,0
7/17/16 4:30,79.025,21.8,6,0,0.1,112,1,1,0
7/17/16 4:45,79.025,21.7,6,0,0.1,130,0,2,0
7/17/16 5:00,79.025,21.9,6.1,0,0.1,142,0,3,0
7/17/16 5:15,78.9688,22,6.1,0,0.1,143,1,1,0
7/17/16 5:30,78.9688,22.2,6.1,0,0.1,143,1,1,0
7/17/16 5:45,78.9688,22.3,6.1,0,0.1,144,1,1,0
7/17/16 6:00,78.9125,22.4,6.1,0,0.1,145,0,2,0
7/17/16 6:15,78.9125,22.5,6.1,0,0.1,147,0,2,0
7/17/16 6:30,78.9125,22.6,6.1,0,0.1,150,2,1,0
7/17/16 6:45,78.9125,22.7,6.1,0,0.1,153,1,1,0
7/17/16 7:00,78.9125,22.7,6.1,0,0.1,159,2,1,0
7/17/16 7:15,78.9125,22.7,6.1,0,0.1,163,1,0,0
7/17/16 7:30,78.8563,22.7,6.1,0,0.1,165,1,1,0
7/17/16 7:45,78.8563,22.8,6.1,0,0.1,167,2,1,0
7/17/16 8:00,78.8,22.8,6,0,0.2,170,1,2,0
7/17/16 8:15,78.8,22.9,6,0,0.2,172,0,2,0
7/17/16 8:30,78.8,22.8,6,0,0.2,174,1,2,0
7/17/16 8:45,78.8,22.9,6,0,0.2,175,0,2,0
7/17/16 9:00,78.8,22.7,6,0.1,0.2,177,2,1,0
7/17/16 9:15,78.8,23.1,6,0.1,0.2,175,1,2,0
7/17/16 9:30,78.7438,23.2,6,0.1,0.2,174,5,2,0
7/17/16 9:45,78.7438,23.6,6,0.1,0.2,170,97,3,0
7/17/16 10:00,78.6875,23.9,5.9,0.1,0.2,168,6,2,0
7/17/16 10:15,78.7438,24.1,5.8,0.1,0.2,167,19,3,0
7/17/16 10:30,78.7438,24.9,5.8,0.1,0.2,160,80,2,0
7/17/16 10:45,78.7438,25.3,5.7,0.1,0.1,156,47,3,0
7/17/16 11:00,78.7438,25.7,5.7,0.1,0.1,157,95,2,0
7/17/16 11:15,78.7438,26.1,5.6,0,0.1,158,17,3,0
7/17/16 11:30,78.7438,25.9,5.6,0,0.1,159,21,1,0
7/17/16 11:45,78.7438,25.8,5.6,0,0.1,154,7,2,0
7/17/16 12:00,78.7438,25.8,5.6,0,0.1,154,15,3,0
7/17/16 12:15,78.7438,25.8,5.6,0,0.1,152,41,2,0
7/17/16 12:30,78.7438,26.3,5.6,0,0.1,151,85,1,0
7/17/16 12:45,78.8,26.7,5.6,0,0.1,141,135,2,0
7/17/16 13:00,78.8,27.1,5.6,0,0.1,141,96,2,0
7/17/16 13:15,78.8,27.2,5.6,0,0.1,142,106,2,0
7/17/16 13:30,78.8563,27.1,5.6,0,0.1,141,94,0,0
7/17/16 13:45,78.8,27,5.6,0,0.1,143,51,3,0
7/17/16 14:00,78.8563,26.6,5.6,0,0.1,146,29,3,0
7/17/16 14:15,78.9125,26.2,5.6,0,0.1,143,3,2,0
7/17/16 14:30,78.8563,26.4,5.6,0,0.1,143,9,1,0
7/17/16 14:45,78.9125,26.3,5.6,0,0.1,143,8,2,0
7/17/16 15:00,78.9125,26.3,5.6,0,0.1,144,9,3,0
7/17/16 15:15,78.8563,26.2,5.6,0,0.1,143,8,1,0
7/17/16 15:30,78.9125,26.1,5.6,0,0.1,143,9,2,0
7/17/16 15:45,78.9125,25.9,5.6,0,0.1,142,5,1,0
7/17/16 16:00,78.9125,25.8,5.6,0,0.1,142,5,0,0
7/17/16 16:15,78.9125,25.8,5.6,0,0.1,144,9,2,0
7/17/16 16:30,78.9125,25.9,5.6,0,0.1,145,4,2,0
7/17/16 16:45,78.9125,25.7,5.6,0,0.1,144,4,2,0
7/17/16 17:00,78.9125,25.6,5.6,0,0.1,145,4,2,0
7/17/16 17:15,78.9125,25.4,5.6,0,0.1,147,3,0,0
7/17/16 17:30,78.9125,25.3,5.6,0,0.1,142,3,2,0
7/17/16 17:45,78.9125,25.3,5.6,0,0.1,140,3,2,0
7/17/16 18:00,78.9125,25.1,5.6,0,0.1,140,3,1,0
7/17/16 18:15,78.9125,25,5.6,0,0.1,140,1,1,0
7/17/16 18:30,78.9125,24.9,5.7,0,0.1,139,2,1,0
7/17/16 18:45,78.9125,25,5.7,0,0.1,138,2,3,0
7/17/16 19:00,78.8563,24.8,5.7,0,0.1,140,1,2,0
7/17/16 19:15,78.8563,24.5,5.7,0,0.1,145,0,2,0
7/17/16 19:30,78.8563,24.3,5.7,0,0.1,152,0,2,0
7/17/16 19:45,78.8563,24.1,5.7,0,0.1,156,1,1,0
7/17/16 20:00,78.8563,24.2,5.8,0,0.1,160,1,1,0
7/17/16 20:15,78.8563,24.9,5.8,0,0.1,161,0,2,0
7/17/16 20:30,78.8,25.2,5.9,0,0.1,163,0,2,0
7/17/16 20:45,78.8,25.3,5.9,0,0.1,163,1,2,0
7/17/16 21:00,78.8,25.4,5.9,0,0.1,160,0,2,0
7/17/16 21:15,78.8,25.5,5.9,0,0.1,158,1,2,0
7/17/16 21:30,78.8,25.6,5.9,0,0.1,155,0,0,0
7/17/16 21:45,78.8,25.7,5.9,0,0.1,153,0,1,0
7/17/16 22:00,78.8,25.8,5.9,0,0.1,153,0,2,0
7/17/16 22:15,78.8,25.8,5.8,0,0.1,152,1,1,0
7/17/16 22:30,78.8,25.4,5.8,0,0.1,152,0,1,0
7/17/16 22:45,78.7438,25.7,5.8,0,0.1,151,1,1,0
7/17/16 23:00,78.8,25.6,5.8,0,0.1,150,0,2,0
7/17/16 23:15,78.7438,25.7,5.8,0,0.1,149,1,1,0
7/17/16 23:30,78.8,25.6,5.8,0,0.1,148,1,2,0
7/17/16 23:45,78.7438,25.3,5.8,0,0.1,149,1,2,0
7/18/16 0:00,78.7438,25.7,5.8,0,0.1,148,1,2,0
7/18/16 0:15,78.7438,25.4,5.8,0,0.1,148,1,1,0
7/18/16 0:30,78.7438,25.6,5.8,0,0.1,145,0,2,0
7/18/16 0:45,78.7438,25.9,5.8,0,0.1,142,0,2,0
7/18/16 1:00,78.6875,25.3,5.7,0,0.1,141,0,1,0
7/18/16 1:15,78.7438,25.3,5.7,0,0.1,141,1,1,0
7/18/16 1:30,78.6875,25.4,5.7,0,0.1,140,1,1,0
7/18/16 1:45,78.7438,25.6,5.7,0,0.1,141,1,1,0
7/18/16 2:00,78.7438,25.5,5.7,0,0.1,143,0,2,0
7/18/16 2:15,78.6875,25.3,5.7,0,0.1,145,0,2,0
7/18/16 2:30,78.7438,24.9,5.7,0,0.1,144,1,2,0
7/18/16 2:45,78.6875,25.3,5.7,0,0.1,143,1,2,0
7/18/16 3:00,78.6875,25.3,5.7,0,0.1,145,1,1,0
7/18/16 3:15,78.6875,25.4,5.7,0,0.1,144,1,2,0
7/18/16 3:30,78.7438,24.7,5.7,0,0.1,143,1,1,0
7/18/16 3:45,78.6875,23.6,5.7,0,0.1,157,0,2,0
7/18/16 4:00,78.6875,23.1,5.7,0,0.1,167,1,1,0
7/18/16 4:15,78.6875,22.7,5.7,0,0.1,178,1,1,0
7/18/16 4:30,78.6875,22.6,5.8,0,0.2,181,1,1,0
7/18/16 4:45,78.6313,22.5,5.9,0.1,0.2,182,0,1,0
7/18/16 5:00,78.6875,22.4,5.9,0.1,0.2,183,1,2,0
7/18/16 5:15,78.6313,22.3,5.9,0.1,0.2,183,1,2,0
7/18/16 5:30,78.6313,22.1,5.9,0.1,0.2,185,1,1,0
7/18/16 5:45,78.6313,21.9,5.9,0.1,0.2,186,0,2,0
7/18/16 6:00,78.6313,21.6,6,0.1,0.2,186,0,1,0
7/18/16 6:15,78.6313,21.5,6,0.1,0.2,183,0,2,0
7/18/16 6:30,78.6313,21.5,6,0.1,0.2,182,0,2,0
7/18/16 6:45,78.575,21.5,6,0.1,0.2,181,0,1,0
7/18/16 7:00,78.575,21.7,6,0.1,0.2,182,2,2,0
7/18/16 7:15,78.575,22.1,6,0.1,0.2,178,2,1,0
7/18/16 7:30,78.5187,22.3,6,0.1,0.2,175,1,1,0
7/18/16 7:45,78.5187,22.6,6,0.1,0.2,175,1,1,0
7/18/16 8:00,78.5187,22.7,5.9,0.1,0.2,175,0,1,0
7/18/16 8:15,78.5187,23,5.9,0.1,0.2,173,1,1,0
7/18/16 8:30,78.5187,23.3,5.8,0.1,0.2,172,2,3,0
7/18/16 8:45,78.575,24.3,5.8,0.1,0.2,161,8,2,0
7/18/16 9:00,78.575,25,5.6,0.1,0.2,148,10,2,0
7/18/16 9:15,78.575,25.8,5.5,0.1,0.2,144,32,1,0
7/18/16 9:30,78.5187,26.2,5.5,0.1,0.1,147,81,3,0
7/18/16 9:45,78.575,25.9,7.2,25.4,40.6,195,4,7,0
7/18/16 10:00,78.575,25.9,7.3,25.4,40.7,191,6,6,0
7/18/16 10:15,78.575,25.9,7.4,25.5,40.7,185,4,7,0
7/18/16 10:30,78.575,25.9,7.4,25.5,40.7,182,3,8,0
7/18/16 10:45,78.6313,25.9,7.5,25.5,40.8,180,5,5,0
7/18/16 11:00,78.6313,25.9,7.5,25.5,40.8,179,3,7,0
7/18/16 11:15,78.6875,25.9,7.5,25.5,40.8,178,2,6,0
7/18/16 11:30,78.6875,26,7.5,25.5,40.8,177,3,6,0
7/18/16 11:45,78.7438,26,7.5,25.5,40.8,177,3,7,0
7/18/16 12:00,78.7438,26,7.5,25.5,40.8,177,4,6,0
7/18/16 12:15,78.8,26,7.5,25.5,40.8,176,3,6,0
7/18/16 12:30,78.8,26,7.5,25.6,40.9,175,21,8,0
7/18/16 12:45,78.8,26,7.5,25.6,41,176,3,6,0
7/18/16 13:00,78.8,26,7.5,25.6,41,176,3,8,0
7/18/16 13:15,78.8563,26,7.5,25.6,41,176,3,9,0
7/18/16 13:30,78.8563,26,7.6,25.6,41,177,3,8,0
7/18/16 13:45,78.8563,26,7.6,25.6,41,177,3,7,0
7/18/16 14:00,78.8563,26,7.6,25.6,41,177,3,8,0
7/18/16 14:15,78.8563,26,7.6,25.6,41,177,2,9,0
7/18/16 14:30,78.8563,26,7.6,25.6,41,176,2,6,0
7/18/16 14:45,78.8563,26,7.6,25.6,41,175,2,8,0
7/18/16 15:00,78.8563,26,7.6,25.6,41,176,3,8,0
7/18/16 15:15,78.8563,26,7.6,25.6,41,175,3,10,0
7/18/16 15:30,78.8563,26,7.6,25.6,41,176,4,10,0
7/18/16 15:45,78.8563,26,7.6,25.6,41,177,3,9,0
7/18/16 16:00,78.8563,26,7.6,25.6,41,178,3,8,0
7/18/16 16:15,78.8563,26,7.6,25.6,41,179,2,9,0
7/18/16 16:30,78.8563,26,7.6,25.6,41,179,2,6,0
7/18/16 16:45,78.8563,26,7.6,25.6,41,178,3,9,0
7/18/16 17:00,78.8563,26,7.6,25.6,41,178,2,9,0
7/18/16 17:15,78.8563,26,7.6,25.6,41,178,2,8,0
7/18/16 17:30,78.8563,26,7.6,25.6,41,178,2,6,0
7/18/16 17:45,78.8,26,7.6,25.6,41,178,2,9,0
7/18/16 18:00,78.8,26,7.6,25.6,41,178,3,7,0
7/18/16 18:15,78.8,26,7.6,25.6,41,178,2,7,0
7/18/16 18:30,78.7438,26,7.6,25.6,41,178,2,7,0
7/18/16 18:45,78.7438,26,7.6,25.6,40.9,179,3,7,0
7/18/16 19:00,78.7438,26,7.6,25.6,40.9,179,2,7,0
7/18/16 19:15,78.6875,26,7.6,25.6,40.9,178,2,8,0
7/18/16 19:30,78.6875,26,7.6,25.6,40.9,179,3,8,0
7/18/16 19:45,78.7438,26,7.6,25.6,40.9,179,2,6,0
7/18/16 20:00,78.6875,26,7.6,25.6,40.9,179,3,7,0
7/18/16 20:15,78.6875,26,7.6,25.6,40.9,179,3,7,0
7/18/16 20:30,78.6875,26,7.6,25.6,40.9,179,3,7,0
7/18/16 20:45,78.6313,26,7.6,25.6,40.9,178,2,6,0
7/18/16 21:00,78.6313,26,7.6,25.6,40.9,180,3,7,0
7/18/16 21:15,78.6875,26,7.6,25.6,40.9,180,3,8,0
7/18/16 21:30,78.6313,25.9,7.6,25.6,40.9,179,3,6,0
7/18/16 21:45,78.6313,25.9,7.6,25.6,40.9,179,2,6,0
7/18/16 22:00,78.6313,25.9,7.6,25.6,40.9,180,2,7,0
7/18/16 22:15,78.6313,25.9,7.6,25.6,40.9,179,3,6,0
7/18/16 22:30,78.6313,25.9,7.6,25.6,40.9,178,3,7,0
7/18/16 22:45,78.575,25.9,7.6,25.6,40.9,178,2,7,0
7/18/16 23:00,78.6313,25.9,7.6,25.6,40.9,180,2,7,0
7/18/16 23:15,78.6313,25.9,7.6,25.6,40.9,179,3,7,0
7/18/16 23:30,78.575,25.9,7.6,25.6,40.9,174,4,7,0
7/18/16 23:45,78.6313,25.9,7.6,25.6,40.9,173,2,6,0
7/19/16 0:00,78.575,25.9,7.6,25.6,40.9,173,3,9,0
7/19/16 0:15,78.575,25.9,7.6,25.6,40.9,172,2,7,0
7/19/16 0:30,78.575,25.9,7.6,25.6,40.9,173,3,7,0
7/19/16 0:45,78.575,25.9,7.6,25.6,40.9,173,3,5,0
7/19/16 1:00,78.575,25.9,7.6,25.6,40.9,173,3,6,0
7/19/16 1:15,78.575,25.9,7.6,25.6,40.9,173,4,6,0
7/19/16 1:30,78.5187,25.9,7.6,25.6,40.9,172,2,7,0
7/19/16 1:45,78.575,25.9,7.6,25.6,40.9,171,4,7,0
7/19/16 2:00,78.5187,25.9,7.6,25.6,40.9,171,3,6,0
7/19/16 2:15,78.575,25.9,7.6,25.6,40.9,171,3,6,0
7/19/16 2:30,78.5187,25.9,7.6,25.6,40.9,171,3,6,0
7/19/16 2:45,78.575,25.9,7.6,25.6,40.8,171,3,6,0
7/19/16 3:00,78.5187,25.9,7.6,25.6,40.8,172,3,6,0
7/19/16 3:15,78.5187,25.9,7.6,25.6,40.8,171,3,7,0
7/19/16 3:30,78.5187,25.9,7.6,25.6,40.8,171,2,6,0
7/19/16 3:45,78.5187,25.9,7.6,25.6,40.8,171,2,8,0
7/19/16 4:00,78.5187,25.9,7.6,25.6,40.8,173,2,8,0
7/19/16 4:15,78.5187,25.8,7.6,25.6,40.8,171,3,8,0
7/19/16 4:30,78.5187,25.8,7.6,25.6,40.8,172,3,6,0
7/19/16 4:45,78.5187,25.8,7.6,25.6,40.8,170,4,6,0
7/19/16 5:00,78.4625,25.8,7.6,25.6,40.8,170,4,7,0
7/19/16 5:15,78.4625,25.8,7.6,25.6,40.8,169,3,6,0
7/19/16 5:30,78.4625,25.8,7.6,25.6,40.8,169,3,7,0
7/19/16 5:45,78.4625,25.8,7.6,25.6,40.8,169,3,8,0
7/19/16 6:00,78.4063,25.8,7.6,25.6,40.8,168,4,8,0
7/19/16 6:15,78.4063,25.8,7.6,25.6,40.8,169,3,8,0
7/19/16 6:30,78.4063,25.8,7.6,25.6,40.8,168,3,8,0
7/19/16 6:45,78.4063,25.8,7.6,25.6,40.8,168,4,8,0
7/19/16 7:00,78.4063,25.8,7.6,25.6,40.8,169,3,7,0
7/19/16 7:15,78.4063,25.8,7.6,25.6,40.8,168,3,8,0
7/19/16 7:30,78.4063,25.8,7.6,25.6,40.8,168,3,6,0
7/19/16 7:45,78.35,25.8,7.6,25.6,40.8,170,4,7,0
7/19/16 8:00,78.35,25.8,7.6,25.6,40.8,170,3,8,0
7/19/16 8:15,78.35,25.8,7.6,25.6,40.8,170,4,6,0
7/19/16 8:30,78.35,25.8,7.6,25.6,40.8,170,5,6,0
7/19/16 8:45,78.4063,25.8,7.6,25.6,40.8,171,3,7,0
7/19/16 9:00,78.4063,25.8,7.6,25.6,40.8,171,5,7,0
7/19/16 9:15,78.4063,25.8,7.6,25.6,40.8,171,3,7,0
7/19/16 9:30,78.4063,25.8,7.6,25.7,40.8,172,6,7,0
7/19/16 9:45,78.4063,25.8,7.6,25.7,40.8,172,5,6,0
7/19/16 10:00,78.4063,25.8,7.6,25.6,40.8,172,3,7,0
7/19/16 10:15,78.4625,25.8,7.6,25.6,40.8,171,1,9,0
7/19/16 10:30,78.4625,25.8,7.6,25.6,40.9,171,5,11,0
7/19/16 10:45,78.5187,25.8,7.6,25.6,40.9,171,4,8,0
7/19/16 11:00,78.5187,25.8,7.6,25.6,40.9,172,4,8,0
7/19/16 11:15,78.5187,25.9,7.6,25.6,40.9,171,4,8,0
7/19/16 11:30,78.5187,25.9,7.6,25.6,40.9,172,3,8,0
7/19/16 11:45,78.575,25.9,7.6,25.6,40.9,171,2,9,0
7/19/16 12:00,78.575,25.9,7.6,25.6,40.9,171,2,9,0
7/19/16 12:15,78.575,25.9,7.6,25.6,40.9,170,2,7,0
7/19/16 12:30,78.6313,25.9,7.6,25.6,40.9,169,4,7,0
7/19/16 12:45,78.6313,25.9,7.6,25.6,41,169,3,10,0
7/19/16 13:00,78.6875,25.9,7.6,25.6,41,169,2,8,0
7/19/16 13:15,78.6875,25.9,7.6,25.6,41,167,2,11,0
7/19/16 13:30,78.6875,25.9,7.6,25.6,41,168,1,12,0
7/19/16 13:45,78.7438,25.9,7.6,25.6,41,169,3,12,0
7/19/16 14:00,78.6875,25.9,7.6,25.6,41,169,3,12,0
7/19/16 14:15,78.6875,25.9,7.6,25.6,41,169,2,12,0
7/19/16 14:30,78.6875,25.9,7.6,25.6,41,168,2,12,0
7/19/16 14:45,78.7438,25.9,7.6,25.6,40.9,167,3,14,0
7/19/16 15:00,78.6875,25.9,7.6,25.6,40.9,166,1,12,0
7/19/16 15:15,78.6313,25.9,7.6,25.6,40.9,166,3,10,0
7/19/16 15:30,78.6875,25.9,7.6,25.6,41,166,2,14,0
7/19/16 15:45,78.6875,25.9,7.6,25.6,40.9,167,3,12,0
7/19/16 16:00,78.6875,25.9,7.6,25.6,40.9,166,3,14,0
7/19/16 16:15,78.6875,25.9,7.6,25.6,40.9,166,3,10,0
7/19/16 16:30,78.6313,25.9,7.6,25.6,40.9,166,4,13,0
7/19/16 16:45,78.6313,25.9,7.6,25.6,40.9,167,3,14,0
7/19/16 17:00,78.6313,25.9,7.6,25.6,40.9,167,3,12,0
7/19/16 17:15,78.6313,25.9,7.6,25.6,40.9,167,2,11,0
7/19/16 17:30,78.6313,25.9,7.6,25.6,40.9,167,3,16,0
7/19/16 17:45,78.6313,25.9,7.6,25.6,40.9,167,2,17,0
7/19/16 18:00,78.575,25.9,7.6,25.6,40.9,167,2,18,0
7/19/16 18:15,78.575,25.9,7.6,25.6,40.9,167,2,15,0
7/19/16 18:30,78.575,25.9,7.6,25.6,40.9,169,3,17,0
7/19/16 18:45,78.5187,25.9,7.6,25.6,40.9,168,4,33,0
7/19/16 19:00,78.575,25.9,7.6,25.6,40.9,166,3,16,0
7/19/16 19:15,78.575,25.9,7.6,25.6,40.9,165,2,15,0
7/19/16 19:30,78.575,25.9,7.6,25.6,40.9,166,3,14,0
7/19/16 19:45,78.5187,25.9,7.6,25.6,40.9,166,2,14,0
7/19/16 20:00,78.575,25.9,7.6,25.6,40.9,167,3,13,0
7/19/16 20:15,78.5187,25.9,7.6,25.6,40.9,167,3,12,0
7/19/16 20:30,78.5187,25.9,7.6,25.6,40.9,168,3,13,0
7/19/16 20:45,78.4625,25.9,7.6,25.6,40.9,167,2,12,0
7/19/16 21:00,78.5187,25.9,7.6,25.6,40.9,154,3,11,0
7/19/16 21:15,78.5187,25.9,7.6,25.6,40.9,136,2,12,0
7/19/16 21:30,78.5187,25.9,7.7,25.6,40.9,123,3,12,0
7/19/16 21:45,78.5187,25.9,7.7,25.6,40.9,123,3,10,0
7/19/16 22:00,78.4625,25.8,7.7,25.6,40.8,121,3,13,0
7/19/16 22:15,78.4625,25.8,7.7,25.6,40.9,119,4,13,0
7/19/16 22:30,78.4625,25.8,7.7,25.6,40.9,118,2,12,0
7/19/16 22:45,78.4625,25.8,7.7,25.6,40.9,118,2,14,0
7/19/16 23:00,78.4625,25.8,7.7,25.6,40.8,117,2,13,0
7/19/16 23:15,78.4625,25.8,7.7,25.6,40.8,120,3,13,0
7/19/16 23:30,78.4625,25.8,7.7,25.6,40.8,120,3,14,0
7/19/16 23:45,78.4625,25.8,7.7,25.6,40.8,119,3,13,0
7/20/16 0:00,78.4625,25.8,7.7,25.6,40.8,120,4,12,0
7/20/16 0:15,78.4625,25.8,7.7,25.6,40.8,120,3,14,0
7/20/16 0:30,78.4063,25.8,7.7,25.6,40.8,119,4,17,0
7/20/16 0:45,78.4063,25.8,7.7,25.6,40.8,122,3,13,0
7/20/16 1:00,78.4063,25.8,7.7,25.6,40.8,122,3,14,0
7/20/16 1:15,78.4063,25.8,7.7,25.6,40.8,123,3,13,0
7/20/16 1:30,78.4063,25.8,7.7,25.6,40.8,124,3,13,0
7/20/16 1:45,78.4063,25.8,7.7,25.6,40.8,125,3,13,0
7/20/16 2:00,78.4063,25.8,7.7,25.6,40.8,125,3,14,0
7/20/16 2:15,78.4063,25.8,7.7,25.6,40.8,125,3,12,0
7/20/16 2:30,78.4063,25.8,7.7,25.6,40.8,126,3,11,0
7/20/16 2:45,78.35,25.8,7.7,25.6,40.8,127,2,13,0
7/20/16 3:00,78.35,25.8,7.7,25.6,40.8,127,3,10,0
7/20/16 3:15,78.35,25.8,7.7,25.6,40.8,128,2,12,0
7/20/16 3:30,78.35,25.8,7.7,25.6,40.8,135,4,13,0
7/20/16 3:45,78.35,25.8,7.7,25.6,40.8,135,4,12,0
7/20/16 4:00,78.35,25.8,7.7,25.6,40.8,137,3,13,0
7/20/16 4:15,78.35,25.8,7.7,25.6,40.8,138,4,11,0
7/20/16 4:30,78.35,25.8,7.7,25.6,40.8,139,4,12,0
7/20/16 4:45,78.2938,25.8,7.7,25.6,40.8,142,3,10,0
7/20/16 5:00,78.2938,25.7,7.7,25.6,40.8,144,3,12,0
7/20/16 5:15,78.2938,25.7,7.7,25.6,40.8,144,3,10,0
7/20/16 5:30,78.2938,25.7,7.7,25.6,40.8,145,3,15,0
7/20/16 5:45,78.2375,25.7,7.7,25.6,40.8,145,2,14,0
7/20/16 6:00,78.2938,25.7,7.7,25.6,40.8,147,3,17,0
7/20/16 6:15,78.2938,25.7,7.7,25.6,40.8,149,3,18,0
7/20/16 6:30,78.2938,25.7,7.7,25.6,40.8,151,2,17,0
7/20/16 6:45,78.2938,25.7,7.7,25.6,40.8,151,3,19,0
7/20/16 7:00,78.2938,25.7,7.7,25.6,40.8,152,4,17,0
7/20/16 7:15,78.2938,25.7,7.7,25.6,40.8,152,3,14,0
7/20/16 7:30,78.2938,25.7,7.7,25.6,40.8,152,3,12,0
7/20/16 7:45,78.2375,25.7,7.7,25.6,40.7,152,3,12,0
7/20/16 8:00,78.2938,25.7,7.7,25.6,40.7,155,3,15,0
7/20/16 8:15,78.2938,25.7,7.7,25.6,40.7,156,3,13,0
7/20/16 8:30,78.2938,25.7,7.7,25.6,40.7,157,6,12,0
7/20/16 8:45,78.2938,25.7,7.7,25.6,40.7,158,5,13,0
7/20/16 9:00,78.2938,25.7,7.7,25.6,40.7,160,11,13,0
7/20/16 9:15,78.35,25.7,7.7,25.5,40.6,159,2,13,0
7/20/16 9:30,78.4063,25.8,7.7,25.5,40.6,160,6,11,0
7/20/16 9:45,78.4063,25.8,7.7,25.5,40.6,160,2,12,0
7/20/16 10:00,78.4063,25.8,7.7,25.6,40.8,159,3,11,0
7/20/16 10:15,78.4063,25.8,7.7,25.6,40.8,160,3,11,0
7/20/16 10:30,78.4625,25.8,7.7,25.6,40.8,161,4,10,0
7/20/16 10:45,78.4625,25.8,7.7,25.6,40.8,161,2,10,0
7/20/16 11:00,78.5187,25.8,7.7,25.6,40.8,162,3,9,0
7/20/16 11:15,78.5187,25.8,7.7,25.6,40.8,162,3,9,0
7/20/16 11:30,78.5187,25.8,7.7,25.6,40.8,163,4,10,0
7/20/16 11:45,78.575,25.9,7.7,25.6,40.8,163,5,11,0
7/20/16 12:00,78.575,25.9,7.7,25.6,40.8,164,3,11,0
7/20/16 12:15,78.6313,25.9,7.7,25.6,40.8,163,4,9,0
7/20/16 12:30,78.6313,25.9,7.7,25.6,40.8,163,3,10,0
7/20/16 12:45,78.6313,25.9,7.7,25.6,40.9,163,3,10,0
7/20/16 13:00,78.6875,25.9,7.7,25.6,40.9,164,4,11,0
7/20/16 13:15,78.6875,26,7.7,25.6,40.9,164,2,12,0
7/20/16 13:30,78.7438,26,7.7,25.6,40.9,164,2,12,0
7/20/16 13:45,78.8,26,7.7,25.6,40.9,164,2,11,0
7/20/16 14:00,78.8,26,7.7,25.6,40.9,164,2,12,0
7/20/16 14:15,78.8,26,7.7,25.6,40.9,164,2,13,0
7/20/16 14:30,78.8,26,7.7,25.6,40.9,164,2,14,0
7/20/16 14:45,78.7438,26,7.7,25.6,40.9,164,3,14,0
7/20/16 15:00,78.8,26,7.7,25.6,40.9,165,3,12,0
7/20/16 15:15,78.8,26,7.7,25.6,40.9,165,3,15,0
7/20/16 15:30,78.7438,26,7.7,25.6,40.9,165,4,15,0
7/20/16 15:45,78.8,26,7.7,25.6,40.9,164,4,14,0
7/20/16 16:00,78.7438,26,7.6,25.5,40.9,165,2,12,0
7/20/16 16:15,78.8,26,7.6,25.5,40.9,168,2,13,0
7/20/16 16:30,78.7438,26,7.6,25.5,40.9,167,3,13,0
7/20/16 16:45,78.8,26,7.6,25.5,40.9,166,3,14,0
7/20/16 17:00,78.8,26,7.6,25.5,40.9,166,3,16,0
7/20/16 17:15,78.8,26,7.6,25.5,40.9,165,3,18,0
7/20/16 17:30,78.8,26,7.6,25.5,40.8,165,3,15,0
7/20/16 17:45,78.7438,26,7.6,25.5,40.8,165,6,14,0
7/20/16 18:00,78.7438,26,7.6,25.5,40.8,165,8,13,0
7/20/16 18:15,78.7438,26,7.6,25.5,40.8,165,2,18,0
7/20/16 18:30,78.7438,26,7.6,25.5,40.8,164,4,14,0
7/20/16 18:45,78.7438,26,7.6,25.5,40.8,165,3,14,0
7/20/16 19:00,78.6875,26,7.6,25.5,40.8,167,3,14,0
7/20/16 19:15,78.8,26,7.6,25.5,40.8,165,3,17,0
7/20/16 19:30,78.7438,26,7.6,25.5,40.8,165,3,12,0
7/20/16 19:45,78.7438,26,7.6,25.5,40.8,164,4,22,0
7/20/16 20:00,78.7438,26,7.6,25.5,40.8,165,3,21,0
7/20/16 20:15,78.7438,26,7.6,25.5,40.8,165,8,14,0
7/20/16 20:30,78.6875,26,7.6,25.5,40.8,165,7,12,0
7/20/16 20:45,78.6875,26,7.6,25.5,40.8,166,4,14,0
7/20/16 21:00,78.7438,26,7.6,25.5,40.8,166,3,13,0
7/20/16 21:15,78.7438,26,7.6,25.5,40.8,165,3,15,0
7/20/16 21:30,78.6875,26,7.6,25.5,40.8,166,3,12,0
7/20/16 21:45,78.7438,26,7.6,25.5,40.8,165,6,18,0
7/20/16 22:00,78.7438,26,7.6,25.5,40.8,165,5,12,0
7/20/16 22:15,78.7438,26,7.6,25.5,40.8,165,3,12,0
7/20/16 22:30,78.6875,26,7.6,25.5,40.8,164,2,14,0
7/20/16 22:45,78.6875,26,7.6,25.5,40.8,164,6,14,0
7/20/16 23:00,78.7438,26,7.6,25.5,40.8,165,2,15,0
7/20/16 23:15,78.6875,26,7.6,25.5,40.8,164,3,17,0
7/20/16 23:30,78.7438,26,7.6,25.5,40.8,164,3,12,0
7/20/16 23:45,78.6875,26,7.6,25.5,40.8,163,3,14,0
7/21/16 0:00,78.6875,26,7.6,25.5,40.8,164,4,13,0
7/21/16 0:15,78.6875,26,7.6,25.5,40.8,164,4,15,0
7/21/16 0:30,78.6875,26,7.6,25.5,40.8,164,4,14,0
7/21/16 0:45,78.6875,26,7.6,25.5,40.8,164,3,14,0
7/21/16 1:00,78.6875,26,7.6,25.5,40.8,164,3,15,0
7/21/16 1:15,78.6875,26,7.6,25.5,40.8,164,3,14,0
7/21/16 1:30,78.6875,25.9,7.6,25.5,40.8,165,3,13,0
7/21/16 1:45,78.6875,25.9,7.6,25.5,40.8,163,2,18,0
7/21/16 2:00,78.6875,25.9,7.6,25.5,40.8,164,5,16,0
7/21/16 2:15,78.6875,25.9,7.6,25.5,40.8,164,3,16,0
7/21/16 2:30,78.6875,25.9,7.6,25.5,40.8,164,3,18,0
7/21/16 2:45,78.6313,25.9,7.6,25.5,40.8,162,2,22,0
7/21/16 3:00,78.6313,25.9,7.6,25.5,40.8,163,3,20,0
7/21/16 3:15,78.6313,25.9,7.6,25.5,40.8,163,3,19,0
7/21/16 3:30,78.6313,25.9,7.6,25.5,40.8,162,4,19,0
7/21/16 3:45,78.6313,25.9,7.6,25.5,40.8,157,4,18,0
7/21/16 4:00,78.6313,25.9,7.7,25.5,40.8,141,5,16,0
7/21/16 4:15,78.6313,25.9,7.7,25.5,40.8,157,4,16,0
7/21/16 4:30,78.6313,25.9,7.7,25.5,40.8,156,8,14,0
7/21/16 4:45,78.575,25.9,7.7,25.5,40.8,154,3,17,0
7/21/16 5:00,78.575,25.9,7.7,25.5,40.8,145,3,18,0
7/21/16 5:15,78.6313,25.9,7.7,25.5,40.8,139,3,17,0
7/21/16 5:30,78.575,25.9,7.7,25.5,40.8,136,4,17,0
7/21/16 5:45,78.575,25.9,7.7,25.5,40.8,139,3,19,0
7/21/16 6:00,78.6313,25.9,7.7,25.5,40.8,149,4,25,0
7/21/16 6:15,78.6313,25.9,7.7,25.5,40.7,155,3,24,0
7/21/16 6:30,78.6313,25.9,7.7,25.5,40.7,158,4,25,0
7/21/16 6:45,78.575,25.9,7.7,25.5,40.7,160,3,24,0
7/21/16 7:00,78.575,25.9,7.7,25.5,40.8,159,3,27,0
7/21/16 7:15,78.575,25.9,7.7,25.5,40.8,159,2,21,0
7/21/16 7:30,78.5187,25.9,7.7,25.5,40.8,159,3,15,0
7/21/16 7:45,78.5187,25.9,7.7,25.5,40.8,159,4,16,0
7/21/16 8:00,78.5187,25.9,7.7,25.5,40.8,160,4,15,0
7/21/16 8:15,78.575,25.9,7.7,25.5,40.7,159,2,13,0
7/21/16 8:30,78.575,25.9,7.7,25.5,40.7,159,4,11,0
7/21/16 8:45,78.575,25.9,7.7,25.5,40.7,159,4,12,0
7/21/16 9:00,78.6313,25.9,7.7,25.5,40.7,160,4,12,0
7/21/16 9:15,78.6313,25.9,7.7,25.5,40.7,159,3,10,0
7/21/16 9:30,78.6313,25.9,7.7,25.5,40.7,159,5,11,0
7/21/16 9:45,78.6313,25.9,7.7,25.5,40.7,159,4,11,0
7/21/16 10:00,78.6875,25.9,7.7,25.5,40.7,159,4,10,0
7/21/16 10:15,78.6875,25.9,7.7,25.5,40.7,159,4,11,0
7/21/16 10:30,78.7438,26,7.7,25.5,40.7,159,4,11,0
7/21/16 10:45,78.7438,26,7.7,25.5,40.7,159,3,12,0
7/21/16 11:00,78.8,26,7.7,25.5,40.7,159,4,11,0
7/21/16 11:15,78.8,26,7.7,25.5,40.8,158,4,13,0
7/21/16 11:30,78.8563,26,7.7,25.5,40.8,151,4,12,0
7/21/16 11:45,78.8563,26,7.7,25.5,40.8,145,2,12,0
7/21/16 12:00,78.9125,26.1,7.7,25.4,40.8,140,3,14,0
7/21/16 12:15,78.9125,26.1,7.7,25.4,40.8,140,3,17,0
7/21/16 12:30,78.9688,26.1,7.7,25.4,40.8,142,3,20,0
7/21/16 12:45,78.9688,26.1,7.7,25.4,40.8,141,3,17,0
7/21/16 13:00,79.025,26.1,7.7,25.4,40.8,140,3,21,0
7/21/16 13:15,79.025,26.1,7.7,25.4,40.8,138,3,15,0
7/21/16 13:30,79.025,26.1,7.7,25.4,40.8,137,2,13,0
7/21/16 13:45,79.025,26.1,7.7,25.4,40.8,137,2,16,0
7/21/16 14:00,79.0812,26.2,7.7,25.4,40.8,137,3,16,0
7/21/16 14:15,79.0812,26.2,7.7,25.4,40.8,137,2,15,0
7/21/16 14:30,79.0812,26.2,7.7,25.4,40.8,135,4,16,0
7/21/16 14:45,79.0812,26.2,7.7,25.4,40.8,136,4,14,0
7/21/16 15:00,79.0812,26.2,7.7,25.4,40.8,137,4,13,0
7/21/16 15:15,79.0812,26.2,7.7,25.4,40.8,139,2,19,0
7/21/16 15:30,79.0812,26.2,7.7,25.4,40.8,140,3,12,0
7/21/16 15:45,79.1375,26.2,7.7,25.4,40.8,140,3,12,0
7/21/16 16:00,79.1375,26.2,7.7,25.4,40.8,142,2,12,0
7/21/16 16:15,79.1375,26.2,7.7,25.4,40.8,141,3,12,0
7/21/16 16:30,79.0812,26.2,7.7,25.4,40.8,142,3,12,0
7/21/16 16:45,79.0812,26.2,7.7,25.4,40.8,142,2,19,0
7/21/16 17:00,79.0812,26.2,7.7,25.4,40.8,146,3,14,0
7/21/16 17:15,79.1375,26.2,7.7,25.4,40.8,150,3,13,0
7/21/16 17:30,79.0812,26.2,7.7,25.4,40.8,152,2,12,0
7/21/16 17:45,79.0812,26.2,7.7,25.4,40.8,154,4,13,0
7/21/16 18:00,79.0812,26.2,7.7,25.4,40.8,155,3,13,0
7/21/16 18:15,79.0812,26.2,7.7,25.4,40.8,156,3,11,0
7/21/16 18:30,79.0812,26.2,7.7,25.4,40.8,157,3,15,0
7/21/16 18:45,79.0812,26.2,7.7,25.4,40.8,157,3,14,0
7/21/16 19:00,79.025,26.2,7.7,25.4,40.8,157,3,13,0
7/21/16 19:15,79.025,26.2,7.7,25.4,40.8,158,3,20,0
7/21/16 19:30,79.025,26.2,7.7,25.4,40.8,160,2,15,0
7/21/16 19:45,79.025,26.1,7.7,25.4,40.8,159,3,23,0
7/21/16 20:00,78.9688,26.1,7.7,25.4,40.8,160,4,21,0
7/21/16 20:15,79.025,26.1,7.7,25.4,40.8,160,2,18,0
7/21/16 20:30,78.9688,26.1,7.7,25.4,40.7,159,3,27,0
7/21/16 20:45,78.9688,26.1,7.7,25.4,40.7,160,3,23,0
7/21/16 21:00,78.9688,26.1,7.7,25.4,40.7,160,3,19,0
7/21/16 21:15,78.9688,26.1,7.7,25.4,40.7,159,3,22,0
7/21/16 21:30,78.9688,26.1,7.7,25.4,40.7,161,5,23,0
7/21/16 21:45,78.9125,26.1,7.7,25.4,40.7,160,5,23,0
7/21/16 22:00,78.9688,26.1,7.7,25.4,40.7,160,5,22,0
7/21/16 22:15,78.9125,26.1,7.7,25.4,40.7,160,4,20,0
7/21/16 22:30,78.9688,26.1,7.7,25.4,40.7,159,3,20,0
7/21/16 22:45,78.9125,26.1,7.7,25.4,40.7,160,2,17,0
7/21/16 23:00,78.9688,26.1,7.7,25.4,40.7,160,3,24,0
7/21/16 23:15,78.9125,26.1,7.7,25.4,40.7,159,3,18,0
7/21/16 23:30,78.9125,26.1,7.7,25.4,40.7,159,3,12,0
7/21/16 23:45,78.9125,26.1,7.7,25.4,40.7,160,4,14,0
7/22/16 0:00,78.9125,26.1,7.7,25.4,40.7,160,2,13,0
7/22/16 0:15,78.9125,26.1,7.7,25.4,40.7,159,3,21,0
7/22/16 0:30,78.9125,26.1,7.7,25.4,40.7,158,3,18,0
7/22/16 0:45,78.9125,26.1,7.7,25.4,40.7,158,4,14,0
7/22/16 1:00,78.9125,26.1,7.7,25.4,40.7,160,3,17,0
7/22/16 1:15,78.9125,26.1,7.7,25.4,40.7,154,4,23,0
7/22/16 1:30,78.9125,26.1,7.7,25.4,40.7,154,5,14,0
7/22/16 1:45,78.9125,26.1,7.7,25.4,40.7,148,4,11,0
7/22/16 2:00,78.8563,26.1,7.7,25.4,40.7,147,3,12,0
7/22/16 2:15,78.8563,26.1,7.7,25.4,40.7,147,4,15,0
7/22/16 2:30,78.8563,26.1,7.7,25.4,40.7,146,3,16,0
7/22/16 2:45,78.9125,26.1,7.7,25.4,40.7,148,3,12,0
7/22/16 3:00,78.8563,26.1,7.7,25.4,40.7,150,2,10,0
7/22/16 3:15,78.9125,26,7.7,25.4,40.7,151,3,13,0
7/22/16 3:30,78.8563,26,7.7,25.4,40.7,151,3,11,0
7/22/16 3:45,78.8563,26,7.7,25.4,40.7,153,2,12,0
7/22/16 4:00,78.8,26,7.7,25.4,40.7,153,3,17,0
7/22/16 4:15,78.8563,26,7.7,25.4,40.7,151,2,16,0
7/22/16 4:30,78.8,26,7.7,25.4,40.7,153,2,15,0
7/22/16 4:45,78.8,26,7.7,25.4,40.7,146,4,11,0
7/22/16 5:00,78.8563,26,7.7,25.4,40.7,142,2,12,0
7/22/16 5:15,78.8,26,7.7,25.4,40.7,142,3,12,0
7/22/16 5:30,78.8,26,7.7,25.4,40.7,136,3,14,0
7/22/16 5:45,78.8,26,7.7,25.4,40.7,137,4,14,0
7/22/16 6:00,78.8,26,7.7,25.4,40.7,136,2,19,0
7/22/16 6:15,78.8,26,7.6,25.4,40.6,139,4,19,0
7/22/16 6:30,78.7438,26,7.6,25.4,40.7,140,2,14,0
7/22/16 6:45,78.8,26,7.6,25.4,40.7,141,4,16,0
7/22/16 7:00,78.8,26,7.6,25.4,40.7,141,3,20,0
7/22/16 7:15,78.8,26,7.6,25.4,40.7,140,3,16,0
7/22/16 7:30,78.8,26,7.6,25.4,40.7,139,3,13,0
7/22/16 7:45,78.8,26,7.6,25.4,40.7,135,3,14,0
7/22/16 8:00,78.8,26,7.6,25.4,40.7,133,2,13,0
7/22/16 8:15,78.8,26,7.6,25.4,40.7,133,5,12,0
7/22/16 8:30,78.8563,26,7.6,25.4,40.7,132,3,9,0
7/22/16 8:45,78.8,26,7.6,25.4,40.7,134,3,13,0
7/22/16 9:00,78.8563,26,7.6,25.4,40.7,135,4,14,0
7/22/16 9:15,78.9125,26,7.6,25.4,40.7,135,6,24,0
7/22/16 9:30,78.9125,26.1,7.7,25.4,40.7,136,4,17,0
7/22/16 9:45,78.9125,26.1,7.7,25.4,40.7,137,6,14,0
7/22/16 10:00,78.9125,26.1,7.7,25.4,40.7,137,3,11,0
7/22/16 10:15,78.9688,26.1,7.7,25.4,40.7,132,4,10,0
7/22/16 10:30,78.9688,26.1,7.7,25.4,40.8,132,7,11,0
7/22/16 10:45,79.025,26.1,7.7,25.4,40.8,135,5,9,0
7/22/16 11:00,79.0812,26.1,7.7,25.4,40.8,136,5,14,0
7/22/16 11:15,79.0812,26.2,7.7,25.4,40.8,137,5,24,0
7/22/16 11:30,79.1375,26.2,7.7,25.4,40.8,139,4,13,0
7/22/16 11:45,79.1375,26.2,7.7,25.4,40.8,140,5,20,0
7/22/16 12:00,79.1375,26.2,7.7,25.4,40.8,142,4,25,0
7/22/16 12:15,79.1375,26.2,7.7,25.4,40.8,142,5,20,0
7/22/16 12:30,79.1938,26.2,7.7,25.4,40.8,144,5,15,0
7/22/16 12:45,79.1938,26.2,7.7,25.4,40.9,143,5,11,0
7/22/16 13:00,79.25,26.2,7.7,25.4,40.9,146,5,13,0
7/22/16 13:15,79.25,26.3,7.7,25.4,40.9,148,5,11,0
7/22/16 13:30,79.25,26.3,7.7,25.4,40.9,147,4,12,0
7/22/16 13:45,79.3063,26.3,7.7,25.4,40.9,150,4,12,0
7/22/16 14:00,79.3063,26.3,7.7,25.4,40.9,150,4,11,0
7/22/16 14:15,79.3625,26.3,7.7,25.4,40.9,149,3,10,0
7/22/16 14:30,79.3063,26.3,7.7,25.4,40.9,150,4,10,0
7/22/16 14:45,79.3625,26.3,7.7,25.4,40.9,151,4,11,0
7/22/16 15:00,79.3625,26.3,7.7,25.4,40.9,151,5,11,0
7/22/16 15:15,79.3625,26.3,7.7,25.4,40.9,151,4,12,0
7/22/16 15:30,79.3625,26.3,7.7,25.4,40.9,152,4,11,0
7/22/16 15:45,79.3625,26.3,7.7,25.4,41,153,3,10,0
7/22/16 16:00,79.4188,26.3,7.7,25.4,41,153,2,10,0
7/22/16 16:15,79.4188,26.3,7.7,25.4,41,152,3,10,0
7/22/16 16:30,79.4188,26.3,7.7,25.4,41,152,2,13,0
7/22/16 16:45,79.4188,26.3,7.7,25.4,41,153,3,11,0
7/22/16 17:00,79.3625,26.3,7.7,25.4,41,154,3,12,0
7/22/16 17:15,79.3625,26.3,7.7,25.4,41,154,2,12,0
7/22/16 17:30,79.4188,26.3,7.7,25.4,41,155,2,11,0
7/22/16 17:45,79.3625,26.3,7.7,25.4,41,154,3,10,0
7/22/16 18:00,79.3625,26.3,7.7,25.4,40.9,155,3,11,0
7/22/16 18:15,79.3625,26.3,7.7,25.4,40.9,156,3,10,0
7/22/16 18:30,79.3063,26.3,7.7,25.4,40.9,156,3,9,0
7/22/16 18:45,79.3625,26.3,7.7,25.4,40.9,155,3,10,0
7/22/16 19:00,79.3063,26.3,7.7,25.4,40.9,155,3,9,0
7/22/16 19:15,79.3063,26.3,7.7,25.4,40.9,155,2,12,0
7/22/16 19:30,79.3063,26.3,7.7,25.4,40.9,154,2,11,0
7/22/16 19:45,79.3063,26.3,7.7,25.4,40.9,154,2,10,0
7/22/16 20:00,79.3063,26.3,7.7,25.4,40.9,154,3,9,0
7/22/16 20:15,79.25,26.3,7.7,25.4,40.9,154,3,10,0
7/22/16 20:30,79.25,26.3,7.7,25.4,40.9,153,3,11,0
7/22/16 20:45,79.25,26.3,7.7,25.4,40.9,155,4,10,0
7/22/16 21:00,79.25,26.3,7.7,25.4,40.9,154,3,10,0
7/22/16 21:15,79.25,26.3,7.7,25.4,40.9,152,2,9,0
7/22/16 21:30,79.25,26.3,7.7,25.4,40.9,149,3,12,0
7/22/16 21:45,79.25,26.3,7.7,25.4,40.9,152,3,13,0
7/22/16 22:00,79.1938,26.3,7.7,25.4,40.9,152,3,12,0
7/22/16 22:15,79.1938,26.3,7.7,25.4,40.9,151,3,8,0
7/22/16 22:30,79.1938,26.2,7.7,25.4,40.9,151,3,9,0
7/22/16 22:45,79.1938,26.2,7.7,25.4,40.9,151,3,8,0
7/22/16 23:00,79.1938,26.2,7.7,25.4,40.9,151,3,10,0
7/22/16 23:15,79.1938,26.2,7.7,25.4,40.9,151,2,11,0
7/22/16 23:30,79.1938,26.2,7.7,25.4,40.9,150,3,11,0
7/22/16 23:45,79.1938,26.2,7.7,25.4,40.9,151,3,8,0
7/23/16 0:00,79.1938,26.2,7.7,25.4,40.9,151,3,11,0
7/23/16 0:15,79.1375,26.2,7.7,25.4,40.9,153,3,12,0
7/23/16 0:30,79.1938,26.2,7.7,25.4,40.9,153,2,12,0
7/23/16 0:45,79.1938,26.2,7.7,25.4,40.9,151,3,10,0
7/23/16 1:00,79.1938,26.2,7.7,25.4,40.9,152,3,10,0
7/23/16 1:15,79.1375,26.2,7.7,25.4,40.9,152,4,12,0
7/23/16 1:30,79.1375,26.2,7.7,25.4,40.9,151,4,9,0
7/23/16 1:45,79.1938,26.2,7.7,25.5,40.9,151,3,10,0
7/23/16 2:00,79.1375,26.2,7.7,25.5,40.9,152,3,10,0
7/23/16 2:15,79.1375,26.2,7.7,25.5,40.9,152,4,9,0
7/23/16 2:30,79.1375,26.2,7.7,25.5,40.9,154,3,13,0
7/23/16 2:45,79.0812,26.2,7.7,25.5,40.9,155,3,9,0
7/23/16 3:00,79.1375,26.2,7.7,25.5,40.9,154,2,9,0
7/23/16 3:15,79.1375,26.2,7.7,25.5,40.9,153,3,13,0
7/23/16 3:30,79.0812,26.2,7.7,25.5,40.9,155,5,10,0
7/23/16 3:45,79.0812,26.2,7.7,25.5,40.9,153,4,12,0
7/23/16 4:00,79.0812,26.2,7.7,25.5,40.9,152,7,13,0
7/23/16 4:15,79.025,26.1,7.7,25.5,40.9,152,7,11,0
7/23/16 4:30,79.025,26.1,7.7,25.5,40.8,152,4,9,0
7/23/16 4:45,79.025,26.1,7.7,25.5,40.8,152,6,10,0
7/23/16 5:00,78.9688,26.1,7.7,25.5,40.8,154,6,11,0
7/23/16 5:15,78.9688,26.1,7.7,25.5,40.8,154,2,10,0
7/23/16 5:30,78.9688,26.1,7.7,25.5,40.8,153,5,9,0
7/23/16 5:45,78.9125,26.1,7.7,25.5,40.8,154,4,10,0
7/23/16 6:00,78.9125,26.1,7.7,25.5,40.8,153,4,10,0
7/23/16 6:15,78.9125,26.1,7.7,25.5,40.8,153,5,14,0
7/23/16 6:30,78.9125,26.1,7.7,25.5,40.8,153,4,16,0
7/23/16 6:45,78.9125,26.1,7.7,25.5,40.8,153,3,21,0
7/23/16 7:00,78.8563,26.1,7.7,25.5,40.8,153,4,12,0
7/23/16 7:15,78.9125,26.1,7.7,25.5,40.8,154,5,10,0
7/23/16 7:30,78.9125,26.1,7.7,25.5,40.8,154,2,12,0
7/23/16 7:45,78.9125,26.1,7.7,25.5,40.8,154,4,9,0
7/23/16 8:00,78.8563,26.1,7.7,25.5,40.8,155,5,9,0
7/23/16 8:15,78.8563,26.1,7.7,25.5,40.8,155,4,7,0
7/23/16 8:30,78.9125,26.1,7.7,25.5,40.8,155,4,10,0
7/23/16 8:45,78.9125,26.1,7.7,25.5,40.8,155,4,9,0
7/23/16 9:00,78.9125,26.1,7.7,25.5,40.8,155,5,9,0
7/23/16 9:15,78.9125,26.1,7.7,25.5,40.8,155,7,8,0
7/23/16 9:30,78.9688,26.1,7.7,25.5,40.8,155,5,8,0
7/23/16 9:45,78.9688,26.1,7.7,25.5,40.8,155,4,8,0
7/23/16 10:00,79.025,26.1,7.7,25.5,40.8,155,3,9,0
7/23/16 10:15,79.025,26.1,7.7,25.5,40.8,154,5,10,0
7/23/16 10:30,79.025,26.1,7.7,25.5,40.9,155,7,8,0
7/23/16 10:45,79.0812,26.1,7.7,25.5,40.9,154,5,10,0
7/23/16 11:00,79.0812,26.1,7.7,25.5,40.9,155,6,9,0
7/23/16 11:15,79.0812,26.2,7.7,25.5,40.9,158,5,6,0
7/23/16 11:30,79.1375,26.2,7.7,25.5,40.9,158,4,11,0
7/23/16 11:45,79.1938,26.2,7.7,25.5,40.9,157,8,9,0
7/23/16 12:00,79.1375,26.2,7.7,25.5,40.9,158,8,9,0
7/23/16 12:15,79.1938,26.2,7.7,25.5,40.9,158,6,9,0
7/23/16 12:30,79.25,26.2,7.7,25.5,41,158,4,9,0
7/23/16 12:45,79.25,26.2,7.7,25.5,41,157,5,8,0
7/23/16 13:00,79.3063,26.3,7.7,25.5,41,154,4,9,0
7/23/16 13:15,79.3063,26.3,7.7,25.5,41,154,4,9,0
7/23/16 13:30,79.3063,26.3,7.7,25.5,41,154,5,9,0
7/23/16 13:45,79.3625,26.3,7.7,25.5,41,154,4,10,0
7/23/16 14:00,79.3625,26.3,7.7,25.5,41,150,6,11,0
7/23/16 14:15,79.3625,26.3,7.7,25.5,41,148,5,10,0
7/23/16 14:30,79.3625,26.3,7.7,25.5,41,149,5,10,0
7/23/16 14:45,79.3625,26.3,7.7,25.5,41,151,5,10,0
7/23/16 15:00,79.4188,26.3,7.7,25.5,41,149,4,9,0
7/23/16 15:15,79.4188,26.3,7.7,25.5,41,149,4,10,0
7/23/16 15:30,79.4188,26.3,7.7,25.5,41,149,3,10,0
7/23/16 15:45,79.4188,26.3,7.7,25.5,41,149,3,10,0
7/23/16 16:00,79.4188,26.3,7.7,25.5,41,149,3,10,0
7/23/16 16:15,79.4188,26.3,7.7,25.5,41,149,4,10,0
7/23/16 16:30,79.4188,26.3,7.7,25.5,41,148,3,10,0
7/23/16 16:45,79.4188,26.3,7.7,25.5,41,148,3,10,0
7/23/16 17:00,79.4188,26.3,7.7,25.5,41,148,7,9,0
7/23/16 17:15,79.4188,26.3,7.7,25.5,41,148,3,10,0
7/23/16 17:30,79.4188,26.3,7.7,25.5,41,147,5,12,0
7/23/16 17:45,79.4188,26.3,7.7,25.5,41,149,4,9,0
7/23/16 18:00,79.4188,26.3,7.7,25.5,41,146,6,10,0
7/23/16 18:15,79.3625,26.3,7.7,25.5,41,147,6,9,0
7/23/16 18:30,79.4188,26.3,7.7,25.5,41,147,5,15,0
7/23/16 18:45,79.4188,26.3,7.7,25.5,41,147,3,9,0
7/23/16 19:00,79.4188,26.3,7.7,25.5,41,147,4,11,0
7/23/16 19:15,79.4188,26.3,7.7,25.5,41,147,4,10,0
7/23/16 19:30,79.4188,26.3,7.7,25.5,41,146,5,11,0
7/23/16 19:45,79.4188,26.3,7.7,25.5,41,146,5,11,0
7/23/16 20:00,79.4188,26.3,7.7,25.5,41,149,5,11,0
7/23/16 20:15,79.4188,26.3,7.7,25.5,41,147,3,9,0
7/23/16 20:30,79.4188,26.3,7.7,25.5,41.1,146,3,8,0
7/23/16 20:45,79.4188,26.3,7.7,25.5,41,146,3,9,0
7/23/16 21:00,79.4188,26.3,7.7,25.5,41,146,4,11,0
7/23/16 21:15,79.4188,26.3,7.7,25.5,41,146,4,10,0
7/23/16 21:30,79.3625,26.3,7.7,25.5,41,145,6,11,0
7/23/16 21:45,79.4188,26.3,7.7,25.5,41,145,5,10,0
7/23/16 22:00,79.4188,26.3,7.7,25.5,41,145,4,11,0
7/23/16 22:15,79.4188,26.3,7.7,25.5,41,145,3,11,0
7/23/16 22:30,79.4188,26.3,7.7,25.5,41,145,4,13,0
7/23/16 22:45,79.3625,26.3,7.7,25.5,41,145,3,12,0
7/23/16 23:00,79.4188,26.3,7.7,25.5,41,145,7,10,0
7/23/16 23:15,79.4188,26.3,7.7,25.5,41,146,7,13,0
7/23/16 23:30,79.4188,26.3,7.7,25.5,41,146,6,10,0
7/23/16 23:45,79.4188,26.3,7.7,25.5,41,144,4,9,0
7/24/16 0:00,79.3625,26.3,7.7,25.5,41,144,4,12,0
7/24/16 0:15,79.3625,26.3,7.7,25.5,41,144,5,11,0
7/24/16 0:30,79.4188,26.3,7.7,25.5,41,144,5,8,0
7/24/16 0:45,79.3625,26.3,7.7,25.5,41,144,4,11,0
7/24/16 1:00,79.3625,26.3,7.7,25.5,41,144,5,11,0
7/24/16 1:15,79.3625,26.3,7.7,25.5,41,144,5,9,0
7/24/16 1:30,79.3625,26.3,7.7,25.5,41,144,5,9,0
7/24/16 1:45,79.3625,26.3,7.7,25.5,41,144,5,8,0
7/24/16 2:00,79.3625,26.3,7.7,25.5,41,144,5,8,0
7/24/16 2:15,79.3625,26.3,7.7,25.5,41,144,7,9,0
7/24/16 2:30,79.3625,26.3,7.7,25.5,41,144,7,9,0
7/24/16 2:45,79.3625,26.3,7.7,25.5,41,146,8,8,0
7/24/16 3:00,79.3625,26.3,7.7,25.5,41,144,9,8,0
7/24/16 3:15,79.3625,26.3,7.7,25.5,41,144,9,8,0
7/24/16 3:30,79.3063,26.3,7.7,25.5,41,142,5,7,0
7/24/16 3:45,79.3625,26.3,7.7,25.5,41,144,8,8,0
7/24/16 4:00,79.3063,26.3,7.7,25.5,41,144,7,10,0
7/24/16 4:15,79.3625,26.3,7.7,25.5,41,144,9,7,0
7/24/16 4:30,79.3063,26.3,7.7,25.5,41,144,12,10,0
7/24/16 4:45,79.3063,26.3,7.7,25.5,41,144,9,9,0
7/24/16 5:00,79.3063,26.3,7.7,25.5,41,145,14,9,0
7/24/16 5:15,79.3063,26.3,7.7,25.5,41,144,11,10,0
7/24/16 5:30,79.3063,26.3,7.7,25.5,41,146,13,10,0
7/24/16 5:45,79.3063,26.3,7.7,25.5,41,146,10,8,0
7/24/16 6:00,79.3063,26.3,7.7,25.5,41,144,11,8,0
7/24/16 6:15,79.25,26.3,7.7,25.5,41,145,11,10,0
7/24/16 6:30,79.25,26.3,7.7,25.5,41,144,12,10,0
7/24/16 6:45,79.1938,26.3,7.7,25.5,41,145,9,10,0
7/24/16 7:00,79.1938,26.3,7.7,25.5,41,144,7,8,0
7/24/16 7:15,79.1938,26.2,7.7,25.5,41,143,10,8,0
7/24/16 7:30,79.1938,26.2,7.7,25.5,41,143,9,8,0
7/24/16 7:45,79.1375,26.2,7.7,25.5,41,143,11,7,0
7/24/16 8:00,79.1938,26.2,7.7,25.5,41,144,10,8,0
7/24/16 8:15,79.1938,26.2,7.7,25.5,41,144,6,7,0
7/24/16 8:30,79.1938,26.2,7.7,25.5,41,144,7,8,0
7/24/16 8:45,79.1938,26.2,7.7,25.5,41,144,6,9,0
7/24/16 9:00,79.25,26.2,7.7,25.5,41,145,8,8,0
7/24/16 9:15,79.1938,26.2,7.7,25.5,41,145,12,8,0
7/24/16 9:30,79.25,26.2,7.7,25.5,41,145,9,8,0
7/24/16 9:45,79.25,26.2,7.7,25.5,41,145,11,8,0
7/24/16 10:00,79.25,26.3,7.7,25.5,41,146,8,8,0
7/24/16 10:15,79.25,26.3,7.7,25.5,41,145,9,8,0
7/24/16 10:30,79.3063,26.3,7.7,25.5,41.1,146,11,8,0
7/24/16 10:45,79.3063,26.3,7.7,25.5,41.1,145,8,8,0
7/24/16 11:00,79.3063,26.3,7.7,25.5,41.1,146,10,10,0
7/24/16 11:15,79.3063,26.3,7.7,25.5,41.1,145,13,7,0
7/24/16 11:30,79.3063,26.3,7.7,25.5,41.1,145,12,7,0
7/24/16 11:45,79.4188,26.3,7.7,25.5,41.1,145,8,8,0
7/24/16 12:00,79.4188,26.3,7.7,25.5,41.1,145,11,9,0
7/24/16 12:15,79.4188,26.4,7.7,25.5,41.1,146,10,8,0
7/24/16 12:30,79.4188,26.4,7.7,25.5,41.1,145,8,8,0
7/24/16 12:45,79.4188,26.4,7.7,25.5,41.1,147,9,9,0
7/24/16 13:00,79.475,26.4,7.7,25.5,41.1,146,11,8,0
7/24/16 13:15,79.475,26.4,7.7,25.5,41.2,145,9,8,0
7/24/16 13:30,79.475,26.4,7.7,25.5,41.2,149,11,9,0
7/24/16 13:45,79.5313,26.4,7.7,25.5,41.2,149,9,10,0
7/24/16 14:00,79.5313,26.4,7.7,25.5,41.2,149,8,10,0
7/24/16 14:15,79.5313,26.4,7.7,25.5,41.2,148,9,9,0
7/24/16 14:30,79.5313,26.4,7.7,25.5,41.2,150,11,9,0
7/24/16 14:45,79.5875,26.4,7.7,25.5,41.2,149,12,8,0
7/24/16 15:00,79.5875,26.4,7.7,25.5,41.2,149,7,9,0
7/24/16 15:15,79.5875,26.4,7.7,25.5,41.2,149,10,10,0
7/24/16 15:30,79.6437,26.4,7.7,25.5,41.2,146,11,9,0
7/24/16 15:45,79.6437,26.4,7.7,25.5,41.2,146,7,10,0
7/24/16 16:00,79.5875,26.4,7.7,25.5,41.2,146,10,10,0
7/24/16 16:15,79.6437,26.4,7.7,25.5,41.2,147,12,10,0
7/24/16 16:30,79.5875,26.4,7.7,25.5,41.2,148,12,9,0
7/24/16 16:45,79.6437,26.4,7.7,25.5,41.2,146,14,9,0
7/24/16 17:00,79.6437,26.4,7.7,25.5,41.2,146,12,10,0
7/24/16 17:15,79.5875,26.4,7.7,25.5,41.2,146,12,10,0
7/24/16 17:30,79.5875,26.4,7.7,25.5,41.2,145,13,9,0
7/24/16 17:45,79.5875,26.4,7.7,25.5,41.2,145,10,9,0
7/24/16 18:00,79.5875,26.4,7.7,25.5,41.2,145,10,9,0
7/24/16 18:15,79.5875,26.4,7.7,25.5,41.2,145,10,11,0
7/24/16 18:30,79.5875,26.4,7.7,25.5,41.2,145,12,8,0
7/24/16 18:45,79.5875,26.4,7.7,25.5,41.2,145,12,10,0
7/24/16 19:00,79.5875,26.4,7.7,25.5,41.2,145,19,10,0
7/24/16 19:15,79.5875,26.4,7.7,25.5,41.2,145,11,11,0
7/24/16 19:30,79.5875,26.4,7.7,25.5,41.2,147,11,8,0
7/24/16 19:45,79.5875,26.4,7.7,25.5,41.2,137,10,8,0
7/24/16 20:00,79.5875,26.4,7.7,25.5,41.2,139,14,9,0
7/24/16 20:15,79.6437,26.4,7.7,25.5,41.2,139,10,8,0
7/24/16 20:30,79.5875,26.4,7.7,25.5,41.2,139,10,9,0
7/24/16 20:45,79.6437,26.4,7.7,25.5,41.2,140,11,10,0
7/24/16 21:00,79.5875,26.4,7.7,25.5,41.2,140,7,8,0
7/24/16 21:15,79.5875,26.4,7.7,25.5,41.2,140,9,9,0
7/24/16 21:30,79.6437,26.4,7.7,25.5,41.2,140,10,9,0
7/24/16 21:45,79.5875,26.4,7.7,25.5,41.2,140,9,8,0
7/24/16 22:00,79.5875,26.4,7.7,25.6,41.2,141,14,8,0
7/24/16 22:15,79.6437,26.4,7.7,25.5,41.2,141,17,8,0
7/24/16 22:30,79.5875,26.4,7.7,25.5,41.2,141,14,7,0
7/24/16 22:45,79.5313,26.4,7.7,25.5,41.2,143,16,8,0
7/24/16 23:00,79.5875,26.4,7.7,25.5,41.2,142,16,8,0
7/24/16 23:15,79.5875,26.4,7.7,25.5,41.2,142,14,11,0
7/24/16 23:30,79.5875,26.4,7.7,25.5,41.2,143,21,9,0
7/24/16 23:45,79.5875,26.4,7.7,25.5,41.2,143,11,11,0
7/25/16 0:00,79.5875,26.4,7.7,25.5,41.2,144,9,8,0
7/25/16 0:15,79.5875,26.4,7.7,25.5,41.2,145,13,10,0
7/25/16 0:30,79.5875,26.4,7.7,25.5,41.2,145,12,8,0
7/25/16 0:45,79.5875,26.4,7.7,25.5,41.2,145,10,9,0
7/25/16 1:00,79.5313,26.4,7.7,25.5,41.2,144,12,7,0
7/25/16 1:15,79.5875,26.4,7.7,25.5,41.2,144,12,6,0
7/25/16 1:30,79.5313,26.4,7.7,25.5,41.2,143,15,9,0
7/25/16 1:45,79.5875,26.4,7.7,25.5,41.2,140,16,8,0
7/25/16 2:00,79.5875,26.4,7.7,25.5,41.2,140,11,8,0
7/25/16 2:15,79.5875,26.4,7.7,25.5,41.2,139,10,8,0
7/25/16 2:30,79.5313,26.4,7.7,25.5,41.2,140,11,9,0
7/25/16 2:45,79.5313,26.4,7.7,25.5,41.2,140,12,9,0
7/25/16 3:00,79.5313,26.4,7.7,25.5,41.2,140,12,8,0
7/25/16 3:15,79.5313,26.4,7.7,25.5,41.2,140,13,8,0
7/25/16 3:30,79.5313,26.4,7.7,25.5,41.2,140,10,8,0
7/25/16 3:45,79.475,26.4,7.7,25.5,41.2,140,11,8,0
7/25/16 4:00,79.5313,26.4,7.7,25.5,41.2,140,14,10,0
7/25/16 4:15,79.5313,26.4,7.7,25.5,41.1,140,12,8,0
7/25/16 4:30,79.475,26.4,7.7,25.5,41.1,142,15,8,0
7/25/16 4:45,79.475,26.4,7.7,25.5,41.1,139,13,8,0
7/25/16 5:00,79.475,26.4,7.7,25.5,41.1,139,14,10,0
7/25/16 5:15,79.475,26.4,7.7,25.5,41.1,139,16,8,0
7/25/16 5:30,79.475,26.4,7.7,25.5,41.1,139,14,8,0
7/25/16 5:45,79.475,26.4,7.7,25.5,41.1,139,21,10,0
7/25/16 6:00,79.475,26.4,7.7,25.5,41.1,140,25,11,0
7/25/16 6:15,79.475,26.4,7.7,25.5,41.1,140,29,11,0
7/25/16 6:30,79.475,26.4,7.7,25.5,41.1,140,25,8,0
7/25/16 6:45,79.475,26.4,7.7,25.5,41.1,142,30,11,0
7/25/16 7:00,79.475,26.3,7.6,25.5,41.1,141,21,8,0
7/25/16 7:15,79.475,26.3,7.7,25.5,41.1,141,28,6,0
7/25/16 7:30,79.475,26.3,7.7,25.5,41.1,140,29,9,0
7/25/16 7:45,79.475,26.3,7.7,25.5,41.1,140,16,7,0
7/25/16 8:00,79.4188,26.3,7.7,25.5,41.1,140,14,7,0
7/25/16 8:15,79.4188,26.3,7.7,25.5,41.1,139,14,9,0
7/25/16 8:30,79.475,26.3,7.7,25.5,41,140,9,8,0
7/25/16 8:45,79.4188,26.3,7.7,25.5,41,140,13,7,0
7/25/16 9:00,79.475,26.4,7.7,25.4,41,140,12,8,0
7/25/16 9:15,79.475,26.3,7.7,25.4,41,165,2,6,0
7/25/16 9:30,79.475,26.4,7.7,25.5,41.2,133,2,6,0
7/25/16 9:45,79.475,26.4,7.7,25.5,41.2,131,3,6,0
7/25/16 10:00,79.475,26.4,7.7,25.5,41.2,126,2,7,0
7/25/16 10:15,79.5313,26.4,7.7,25.5,41.2,124,2,7,0
7/25/16 10:30,79.5313,26.4,7.7,25.5,41.2,124,4,8,0
7/25/16 10:45,79.5313,26.4,7.7,25.5,41.2,123,2,7,0
7/25/16 11:00,79.5313,26.4,7.7,25.5,41.2,122,2,5,0
7/25/16 11:15,79.5875,26.4,7.7,25.5,41.2,124,2,5,0
7/25/16 11:30,79.5875,26.4,7.7,25.5,41.2,122,3,6,0
7/25/16 11:45,79.6437,26.5,7.7,25.5,41.2,122,4,8,0
7/25/16 12:00,79.6437,26.5,7.7,25.5,41.2,122,2,7,0
7/25/16 12:15,79.7,26.5,7.7,25.5,41.2,121,2,6,0
7/25/16 12:30,79.7,26.5,7.7,25.5,41.1,120,2,6,0
7/25/16 12:45,79.7,26.5,7.7,25.5,41.2,120,2,9,0
7/25/16 13:00,79.7563,26.5,7.7,25.5,41.2,121,2,6,0
7/25/16 13:15,79.8125,26.5,7.7,25.4,41.2,123,2,7,0
7/25/16 13:30,79.7563,26.5,7.7,25.4,41.2,124,2,6,0
7/25/16 13:45,79.8125,26.5,7.7,25.4,41.1,124,2,10,0
7/25/16 14:00,79.8125,26.6,7.7,25.4,41.1,124,2,8,0
7/25/16 14:15,79.8125,26.6,7.7,25.4,41.2,124,2,7,0
7/25/16 14:30,79.7563,26.6,7.7,25.4,41.2,124,2,8,0
7/25/16 14:45,79.8125,26.6,7.7,25.4,41.2,125,2,8,0
7/25/16 15:00,79.8688,26.6,7.7,25.4,41.2,125,2,8,0
7/25/16 15:15,79.8125,26.6,7.7,25.4,41.2,126,3,9,0
7/25/16 15:30,79.8688,26.6,7.7,25.4,41.2,123,2,8,0
7/25/16 15:45,79.8688,26.6,7.7,25.4,41.2,123,1,8,0
7/25/16 16:00,79.8688,26.6,7.7,25.4,41.2,123,2,7,0
7/25/16 16:15,79.8688,26.6,7.7,25.4,41.2,123,3,7,0
7/25/16 16:30,79.8688,26.6,7.7,25.4,41.2,123,1,8,0
7/25/16 16:45,79.8688,26.6,7.7,25.4,41.2,123,3,5,0
7/25/16 17:00,79.8688,26.6,7.7,25.4,41.2,123,2,7,0
7/25/16 17:15,79.8688,26.6,7.7,25.4,41.2,123,1,7,0
7/25/16 17:30,79.8125,26.6,7.7,25.4,41.2,122,2,7,0
7/25/16 17:45,79.8125,26.6,7.7,25.4,41.2,123,3,7,0
7/25/16 18:00,79.8125,26.6,7.7,25.4,41.2,122,3,8,0
7/25/16 18:15,79.8125,26.6,7.7,25.4,41.2,122,2,5,0
7/25/16 18:30,79.8125,26.6,7.7,25.4,41.2,122,2,8,0
7/25/16 18:45,79.8125,26.6,7.7,25.4,41.2,122,3,7,0
7/25/16 19:00,79.8125,26.6,7.7,25.4,41.2,122,1,8,0
7/25/16 19:15,79.8125,26.6,7.7,25.4,41.2,124,2,7,0
7/25/16 19:30,79.8125,26.6,7.7,25.4,41.2,124,3,5,0
7/25/16 19:45,79.8125,26.6,7.7,25.4,41.2,122,1,6,0
7/25/16 20:00,79.8125,26.6,7.7,25.4,41.2,123,2,7,0
7/25/16 20:15,79.8688,26.6,7.7,25.4,41.2,122,2,8,0
7/25/16 20:30,79.8125,26.6,7.7,25.4,41.2,122,1,6,0
7/25/16 20:45,79.8125,26.6,7.7,25.4,41.2,121,2,6,0
7/25/16 21:00,79.8125,26.6,7.7,25.5,41.2,121,2,7,0
7/25/16 21:15,79.8125,26.6,7.7,25.5,41.3,121,2,6,0
7/25/16 21:30,79.8125,26.6,7.7,25.5,41.3,121,2,5,0
7/25/16 21:45,79.8125,26.6,7.7,25.5,41.3,121,2,7,0
7/25/16 22:00,79.8125,26.6,7.7,25.6,41.3,121,2,6,0
7/25/16 22:15,79.8688,26.6,7.7,25.6,41.4,121,1,6,0
7/25/16 22:30,79.8125,26.6,7.7,25.6,41.4,121,2,7,0
7/25/16 22:45,79.8125,26.6,7.7,25.6,41.4,121,3,6,0
7/25/16 23:00,79.8125,26.6,7.7,25.6,41.4,121,2,6,0
7/25/16 23:15,79.8125,26.6,7.7,25.6,41.4,121,2,6,0
7/25/16 23:30,79.8125,26.6,7.7,25.6,41.4,120,3,6,0
7/25/16 23:45,79.7563,26.6,7.7,25.6,41.4,120,2,6,0
7/26/16 0:00,79.8125,26.6,7.7,25.6,41.4,120,3,7,0
7/26/16 0:15,79.8125,26.6,7.7,25.6,41.4,119,2,7,0
7/26/16 0:30,79.8125,26.6,7.7,25.6,41.4,120,2,5,0
7/26/16 0:45,79.7563,26.6,7.7,25.6,41.4,120,2,8,0
7/26/16 1:00,79.7563,26.6,7.7,25.6,41.4,120,2,6,0
7/26/16 1:15,79.7563,26.6,7.7,25.6,41.4,119,2,7,0
7/26/16 1:30,79.7563,26.6,7.7,25.6,41.4,119,3,6,0
7/26/16 1:45,79.7563,26.6,7.7,25.6,41.4,119,2,5,0
7/26/16 2:00,79.7563,26.6,7.7,25.6,41.4,118,2,8,0
7/26/16 2:15,79.7563,26.6,7.7,25.6,41.4,119,2,6,0
7/26/16 2:30,79.7563,26.6,7.7,25.6,41.4,118,2,6,0
7/26/16 2:45,79.7563,26.6,7.7,25.6,41.4,119,2,7,0
7/26/16 3:00,79.7563,26.5,7.7,25.6,41.4,119,2,6,0
7/26/16 3:15,79.7,26.5,7.7,25.6,41.4,121,3,6,0
7/26/16 3:30,79.7563,26.5,7.7,25.6,41.4,121,2,5,0
7/26/16 3:45,79.7,26.5,7.7,25.6,41.3,119,2,7,0
7/26/16 4:00,79.7,26.5,7.7,25.6,41.4,118,2,6,0
7/26/16 4:15,79.7,26.5,7.7,25.6,41.4,118,2,5,0
7/26/16 4:30,79.7,26.5,7.7,25.6,41.3,118,4,6,0
7/26/16 4:45,79.7,26.5,7.7,25.6,41.3,118,2,4,0
7/26/16 5:00,79.7,26.5,7.7,25.6,41.3,119,2,6,0
7/26/16 5:15,79.7,26.5,7.7,25.6,41.3,119,2,6,0
7/26/16 5:30,79.7,26.5,7.7,25.6,41.3,118,2,7,0
7/26/16 5:45,79.7,26.5,7.7,25.6,41.3,119,2,5,0
7/26/16 6:00,79.7,26.5,7.7,25.6,41.3,119,3,7,0
7/26/16 6:15,79.7,26.5,7.7,25.6,41.3,119,2,6,0
7/26/16 6:30,79.6437,26.5,7.7,25.6,41.3,119,2,7,0
7/26/16 6:45,79.7,26.5,7.7,25.6,41.3,119,2,7,0
7/26/16 7:00,79.6437,26.5,7.7,25.6,41.3,119,3,6,0
7/26/16 7:15,79.6437,26.5,7.7,25.6,41.2,119,3,7,0
7/26/16 7:30,79.5875,26.5,7.7,25.5,41.2,118,4,7,0
7/26/16 7:45,79.6437,26.5,7.7,25.5,41.2,118,2,6,0
7/26/16 8:00,79.6437,26.5,7.7,25.6,41.3,119,4,7,0
7/26/16 8:15,79.6437,26.5,7.7,25.6,41.3,119,3,7,0
7/26/16 8:30,79.6437,26.5,7.7,25.5,41.2,119,3,7,0
7/26/16 8:45,79.7,26.5,7.7,25.5,41.2,118,3,7,0
7/26/16 9:00,79.6437,26.5,7.7,25.5,41.2,118,3,6,0
7/26/16 9:15,79.7,26.5,7.7,25.5,41.3,118,1,6,0
7/26/16 9:30,79.7,26.5,7.7,25.5,41.3,118,3,7,0
7/26/16 9:45,79.7,26.5,7.7,25.5,41.3,118,2,7,0
7/26/16 10:00,79.7,26.5,7.7,25.5,41.3,118,3,7,0
7/26/16 10:15,79.7,26.5,7.7,25.5,41.3,122,2,8,0
7/26/16 10:30,79.7563,26.5,7.7,25.5,41.3,121,2,8,0
7/26/16 10:45,79.7563,26.6,7.7,25.5,41.3,124,2,7,0
7/26/16 11:00,79.8125,26.6,7.7,25.5,41.3,121,1,7,0
7/26/16 11:15,79.8125,26.6,7.7,25.5,41.4,121,2,8,0
7/26/16 11:30,79.8688,26.6,7.7,25.5,41.4,120,3,8,0
7/26/16 11:45,79.8688,26.6,7.7,25.5,41.4,118,2,8,0
7/26/16 12:00,79.925,26.6,7.7,25.5,41.4,117,2,6,0
7/26/16 12:15,79.925,26.6,7.7,25.5,41.4,118,2,7,0
7/26/16 12:30,79.925,26.7,7.7,25.5,41.4,118,2,8,0
7/26/16 12:45,79.9813,26.7,7.7,25.5,41.4,117,1,7,0
7/26/16 13:00,79.9813,26.7,7.7,25.5,41.4,117,3,7,0
7/26/16 13:15,80.0375,26.7,7.7,25.5,41.4,118,2,8,0
7/26/16 13:30,80.0375,26.7,7.7,25.5,41.4,118,1,7,0
7/26/16 13:45,80.0375,26.7,7.7,25.5,41.4,118,3,7,0
7/26/16 14:00,80.0938,26.7,7.7,25.5,41.4,117,1,9,0
7/26/16 14:15,80.0938,26.7,7.7,25.5,41.4,118,2,9,0
7/26/16 14:30,80.0938,26.8,7.7,25.5,41.5,116,2,9,0
7/26/16 14:45,80.15,26.8,7.7,25.5,41.5,118,3,8,0
7/26/16 15:00,80.15,26.8,7.7,25.5,41.5,118,3,7,0
7/26/16 15:15,80.15,26.8,7.7,25.5,41.5,118,1,9,0
7/26/16 15:30,80.15,26.8,7.7,25.5,41.5,118,1,9,0
7/26/16 15:45,80.2062,26.8,7.7,25.5,41.5,117,2,9,0
7/26/16 16:00,80.2062,26.8,7.7,25.5,41.5,117,2,8,0
7/26/16 16:15,80.2062,26.8,7.7,25.6,41.6,116,2,9,0
7/26/16 16:30,80.15,26.8,7.7,25.6,41.5,117,3,9,0
7/26/16 16:45,80.2062,26.8,7.7,25.6,41.5,116,2,9,0
7/26/16 17:00,80.15,26.8,7.7,25.6,41.5,117,3,9,0
7/26/16 17:15,80.2062,26.8,7.7,25.6,41.5,117,2,11,0
7/26/16 17:30,80.2062,26.8,7.7,25.6,41.5,119,2,9,0
7/26/16 17:45,80.15,26.8,7.7,25.6,41.5,119,2,10,0
7/26/16 18:00,80.2062,26.8,7.7,25.6,41.5,117,2,8,0
7/26/16 18:15,80.2062,26.8,7.7,25.6,41.5,116,1,10,0
7/26/16 18:30,80.15,26.8,7.7,25.6,41.5,117,2,9,0
7/26/16 18:45,80.15,26.8,7.7,25.6,41.5,117,1,8,0
7/26/16 19:00,80.15,26.8,7.7,25.6,41.5,116,3,9,0
7/26/16 19:15,80.15,26.8,7.7,25.6,41.5,117,3,10,0
7/26/16 19:30,80.15,26.8,7.7,25.6,41.5,116,2,10,0
7/26/16 19:45,80.15,26.8,7.7,25.6,41.5,116,2,9,0
7/26/16 20:00,80.0938,26.8,7.7,25.6,41.5,115,2,10,0
7/26/16 20:15,80.15,26.8,7.7,25.5,41.5,115,2,8,0
7/26/16 20:30,80.15,26.8,7.7,25.5,41.5,116,2,12,0
7/26/16 20:45,80.15,26.8,7.7,25.5,41.5,116,2,11,0
7/26/16 21:00,80.15,26.8,7.7,25.5,41.5,114,3,7,0
7/26/16 21:15,80.15,26.8,7.7,25.5,41.5,116,2,13,0
7/26/16 21:30,80.15,26.8,7.7,25.5,41.5,115,2,11,0
7/26/16 21:45,80.0938,26.8,7.7,25.6,41.5,116,2,13,0
7/26/16 22:00,80.0938,26.8,7.7,25.6,41.5,115,1,5,0
7/26/16 22:15,80.15,26.8,7.7,25.6,41.5,115,2,7,0
7/26/16 22:30,80.0375,26.7,7.7,25.6,41.5,116,3,6,0
7/26/16 22:45,80.0938,26.7,7.7,25.6,41.5,116,2,8,0
7/26/16 23:00,80.0375,26.7,7.7,25.6,41.5,119,2,7,0
7/26/16 23:15,80.0938,26.7,7.7,25.6,41.5,118,3,8,0
7/26/16 23:30,80.0938,26.7,7.7,25.6,41.5,115,1,6,0
7/26/16 23:45,80.0938,26.7,7.7,25.6,41.5,113,2,6,0
7/27/16 0:00,80.0938,26.7,7.7,25.6,41.5,116,2,6,0
7/27/16 0:15,80.0938,26.7,7.7,25.6,41.5,116,2,7,0
7/27/16 0:30,80.0938,26.7,7.7,25.6,41.5,117,2,8,0
7/27/16 0:45,80.0938,26.7,7.7,25.6,41.5,116,2,6,0
7/27/16 1:00,80.0375,26.7,7.7,25.6,41.5,116,2,7,0
7/27/16 1:15,80.0375,26.7,7.7,25.6,41.5,117,3,8,0
7/27/16 1:30,80.0375,26.7,7.7,25.6,41.5,111,3,7,0
7/27/16 1:45,80.0375,26.7,7.7,25.6,41.4,109,2,8,0
7/27/16 2:00,80.0375,26.7,7.7,25.6,41.4,110,1,6,0
7/27/16 2:15,80.0375,26.7,7.7,25.6,41.4,113,2,7,0
7/27/16 2:30,80.0938,26.7,7.7,25.6,41.4,115,2,8,0
7/27/16 2:45,80.0375,26.7,7.7,25.6,41.4,115,2,7,0
7/27/16 3:00,80.0375,26.7,7.7,25.6,41.4,113,2,7,0
7/27/16 3:15,80.0375,26.7,7.7,25.6,41.4,114,2,5,0
7/27/16 3:30,80.0375,26.7,7.7,25.6,41.4,113,3,6,0
7/27/16 3:45,79.9813,26.7,7.7,25.6,41.4,114,3,8,0
7/27/16 4:00,80.0375,26.7,7.7,25.6,41.4,112,2,7,0
7/27/16 4:15,80.0375,26.7,7.7,25.6,41.5,112,3,9,0
7/27/16 4:30,79.9813,26.7,7.7,25.6,41.4,113,3,8,0
7/27/16 4:45,79.9813,26.7,7.7,25.6,41.4,113,2,7,0
7/27/16 5:00,79.9813,26.7,7.7,25.6,41.4,114,2,10,0
7/27/16 5:15,79.9813,26.7,7.7,25.6,41.4,113,2,6,0
7/27/16 5:30,80.0375,26.7,7.7,25.6,41.4,114,2,7,0
7/27/16 5:45,80.0375,26.7,7.7,25.6,41.4,113,2,8,0
7/27/16 6:00,80.0375,26.7,7.7,25.6,41.4,115,2,9,0
7/27/16 6:15,79.9813,26.7,7.7,25.6,41.4,114,4,10,0
7/27/16 6:30,80.0375,26.7,7.7,25.6,41.4,114,3,9,0
7/27/16 6:45,79.9813,26.7,7.7,25.6,41.4,113,3,8,0
7/27/16 7:00,79.9813,26.7,7.7,25.6,41.4,115,2,7,0
7/27/16 7:15,79.9813,26.7,7.7,25.6,41.4,115,2,8,0
7/27/16 7:30,79.9813,26.7,7.7,25.6,41.4,111,1,9,0
7/27/16 7:45,79.9813,26.7,7.7,25.6,41.4,115,1,6,0
7/27/16 8:00,79.9813,26.7,7.7,25.6,41.4,115,1,10,0
7/27/16 8:15,79.9813,26.7,7.7,25.6,41.4,114,2,9,0
7/27/16 8:30,79.9813,26.7,7.7,25.6,41.4,115,1,7,0
7/27/16 8:45,79.9813,26.7,7.7,25.6,41.4,115,3,7,0
7/27/16 9:00,79.9813,26.7,7.7,25.6,41.4,115,2,7,0
7/27/16 9:15,79.9813,26.7,7.7,25.6,41.5,116,3,8,0
7/27/16 9:30,79.9813,26.7,7.7,25.6,41.4,115,3,7,0
7/27/16 9:45,80.0375,26.7,7.7,25.6,41.4,116,3,9,0
7/27/16 10:00,80.0375,26.7,7.7,25.6,41.5,116,3,6,0
7/27/16 10:15,80.0375,26.7,7.7,25.6,41.5,116,3,8,0
7/27/16 10:30,80.0938,26.7,7.7,25.6,41.5,116,3,9,0
7/27/16 10:45,80.0938,26.7,7.7,25.6,41.5,116,3,7,0
7/27/16 11:00,80.15,26.8,7.7,25.6,41.5,116,2,8,0
7/27/16 11:15,80.0938,26.8,7.7,25.6,41.5,116,3,8,0
7/27/16 11:30,80.15,26.8,7.7,25.6,41.5,117,2,6,0
7/27/16 11:45,80.15,26.8,7.7,25.6,41.5,116,2,8,0
7/27/16 12:00,80.2062,26.8,7.7,25.6,41.6,117,2,7,0
7/27/16 12:15,80.2062,26.8,7.7,25.6,41.6,116,2,7,0
7/27/16 12:30,80.2625,26.8,7.7,25.6,41.6,116,2,8,0
7/27/16 12:45,80.2625,26.8,7.7,25.6,41.7,116,1,9,0
7/27/16 13:00,80.2625,26.9,7.7,25.6,41.6,116,2,8,0
7/27/16 13:15,80.3188,26.9,7.7,25.6,41.6,116,2,9,0
7/27/16 13:30,80.3188,26.9,7.7,25.6,41.6,117,3,8,0
7/27/16 13:45,80.375,26.9,7.7,25.6,41.6,116,3,10,0
7/27/16 14:00,80.375,26.9,7.7,25.6,41.6,115,2,10,0
7/27/16 14:15,80.375,26.9,7.7,25.6,41.6,116,2,9,0
7/27/16 14:30,80.375,26.9,7.8,25.6,41.6,116,2,9,0
7/27/16 14:45,80.375,26.9,7.8,25.6,41.7,116,2,10,0
7/27/16 15:00,80.375,26.9,7.8,25.6,41.7,118,4,8,0
7/27/16 15:15,80.375,26.9,7.8,25.6,41.7,117,2,10,0
7/27/16 15:30,80.4313,26.9,7.8,25.6,41.7,119,3,11,0
7/27/16 15:45,80.4313,26.9,7.8,25.6,41.6,117,3,10,0
7/27/16 16:00,80.4875,26.9,7.8,25.6,41.6,117,2,14,0
7/27/16 16:15,80.4313,26.9,7.8,25.6,41.6,117,1,13,0
7/27/16 16:30,80.4313,26.9,7.8,25.6,41.6,117,1,15,0
7/27/16 16:45,80.4313,26.9,7.8,25.6,41.6,117,2,16,0
7/27/16 17:00,80.4313,26.9,7.8,25.6,41.6,117,3,14,0
7/27/16 17:15,80.375,26.9,7.8,25.6,41.6,117,3,18,0
7/27/16 17:30,80.375,26.9,7.8,25.6,41.6,117,2,12,0
7/27/16 17:45,80.375,26.9,7.8,25.6,41.6,115,2,13,0
7/27/16 18:00,80.4313,26.9,7.8,25.6,41.6,116,2,14,0
7/27/16 18:15,80.375,26.9,7.8,25.6,41.6,117,3,14,0
7/27/16 18:30,80.375,26.9,7.8,25.6,41.6,118,2,11,0
7/27/16 18:45,80.375,26.9,7.8,25.6,41.6,116,3,13,0
7/27/16 19:00,80.375,26.9,7.8,25.6,41.6,116,2,14,0
7/27/16 19:15,80.375,26.9,7.8,25.6,41.6,116,2,11,0
7/27/16 19:30,80.3188,26.9,7.8,25.6,41.6,120,2,10,0
7/27/16 19:45,80.3188,26.9,7.8,25.6,41.6,120,3,16,0
7/27/16 20:00,80.3188,26.9,7.8,25.6,41.6,119,2,14,0
7/27/16 20:15,80.2625,26.9,7.8,25.6,41.6,120,2,13,0
7/27/16 20:30,80.3188,26.9,7.8,25.6,41.7,119,1,18,0
7/27/16 20:45,80.3188,26.9,7.8,25.7,41.8,120,1,14,0
7/27/16 21:00,80.2625,26.8,7.8,25.8,41.9,114,3,7,0
7/27/16 21:15,80.2625,26.8,7.8,25.8,42,112,2,7,0
7/27/16 21:30,80.2625,26.8,7.8,25.8,42,112,3,6,0
7/27/16 21:45,80.2625,26.8,7.8,25.9,42,113,3,6,0
7/27/16 22:00,80.2062,26.8,7.8,25.9,42,112,2,5,0
7/27/16 22:15,80.2062,26.8,7.8,25.9,42,113,2,5,0
7/27/16 22:30,80.2625,26.8,7.8,25.9,42,113,3,7,0
7/27/16 22:45,80.2062,26.8,7.8,25.9,42,113,2,7,0
7/27/16 23:00,80.2062,26.8,7.8,25.9,42,112,3,6,0
7/27/16 23:15,80.2625,26.8,7.8,25.9,42,114,2,6,0
7/27/16 23:30,80.2062,26.8,7.8,25.9,42,115,2,6,0
7/27/16 23:45,80.2062,26.8,7.8,25.9,42,113,3,8,0
7/28/16 0:00,80.2062,26.8,7.8,25.9,42,113,3,5,0
7/28/16 0:15,80.2062,26.8,7.8,25.9,42,113,3,6,0
7/28/16 0:30,80.2062,26.8,7.8,25.9,42,113,2,6,0
7/28/16 0:45,80.2062,26.8,7.8,25.9,42,113,3,7,0
7/28/16 1:00,80.15,26.8,7.8,25.9,42,113,1,7,0
7/28/16 1:15,80.2062,26.8,7.8,25.9,42,113,2,7,0
7/28/16 1:30,80.2062,26.8,7.8,25.9,42,113,3,5,0
7/28/16 1:45,80.15,26.8,7.8,25.9,42,112,2,5,0
7/28/16 2:00,80.15,26.8,7.8,25.9,42,112,2,6,0
7/28/16 2:15,80.15,26.8,7.8,25.9,42,112,3,6,0
7/28/16 2:30,80.15,26.8,7.8,25.9,42,112,2,6,0
7/28/16 2:45,80.15,26.8,7.8,25.9,42,112,3,8,0
7/28/16 3:00,80.0938,26.8,7.8,25.9,42,112,3,7,0
7/28/16 3:15,80.0938,26.8,7.8,25.9,42,112,2,6,0
7/28/16 3:30,80.0938,26.7,7.8,25.9,42,113,2,5,0
7/28/16 3:45,80.0938,26.7,7.8,25.9,42,113,3,7,0
7/28/16 4:00,80.0938,26.7,7.8,25.9,42,113,3,6,0
7/28/16 4:15,80.0938,26.7,7.8,25.9,42,113,3,7,0
7/28/16 4:30,80.0938,26.7,7.8,25.9,42,115,3,6,0
7/28/16 4:45,80.0938,26.7,7.8,25.9,42,113,3,8,0
7/28/16 5:00,80.0938,26.7,7.8,25.9,42,113,1,7,0
7/28/16 5:15,80.0938,26.7,7.8,25.9,42,112,3,6,0
7/28/16 5:30,80.0375,26.7,7.8,25.9,42,112,4,7,0
7/28/16 5:45,80.0938,26.7,7.8,25.9,42,112,2,7,0
7/28/16 6:00,80.0375,26.7,7.8,25.9,42,113,2,6,0
7/28/16 6:15,80.0375,26.7,7.8,25.9,42,113,2,8,0
7/28/16 6:30,80.0375,26.7,7.8,25.9,41.9,114,2,7,0
7/28/16 6:45,80.0375,26.7,7.8,25.9,42,114,3,8,0
7/28/16 7:00,80.0375,26.7,7.8,25.9,41.9,113,3,6,0
7/28/16 7:15,79.9813,26.7,7.8,25.9,41.9,113,3,6,0
7/28/16 7:30,79.9813,26.7,7.8,25.9,41.9,113,3,6,0
7/28/16 7:45,79.9813,26.7,7.8,25.9,41.9,114,3,6,0
7/28/16 8:00,79.9813,26.7,7.8,25.9,42,114,4,7,0
7/28/16 8:15,79.9813,26.7,7.8,25.9,42,114,4,8,0
7/28/16 8:30,79.9813,26.7,7.8,25.9,42,113,4,5,0
7/28/16 8:45,79.9813,26.7,7.8,25.9,42,114,3,7,0
7/28/16 9:00,79.9813,26.7,7.8,25.9,42,114,4,8,0
7/28/16 9:15,79.9813,26.7,7.8,25.9,42,114,3,7,0
7/28/16 9:30,79.9813,26.7,7.8,25.9,42,114,3,6,0
7/28/16 9:45,79.9813,26.7,7.8,25.9,42,114,3,7,0
7/28/16 10:00,79.9813,26.7,7.8,25.9,42,114,3,6,0
7/28/16 10:15,80.0375,26.7,7.8,25.9,42,114,3,8,0
7/28/16 10:30,80.0375,26.7,7.8,26,42.1,113,2,8,0
7/28/16 10:45,80.0938,26.7,7.8,26,42,114,4,7,0
7/28/16 11:00,80.0938,26.7,7.8,25.9,42,113,1,7,0
7/28/16 11:15,80.15,26.8,7.8,25.9,42,114,3,7,0
7/28/16 11:30,80.15,26.8,7.8,25.9,42,112,2,6,0
7/28/16 11:45,80.15,26.8,7.8,25.9,42.1,114,2,6,0
7/28/16 12:00,80.2062,26.8,7.8,25.9,42.1,113,2,7,0
7/28/16 12:15,80.2062,26.8,7.8,25.9,42.1,114,2,7,0
7/28/16 12:30,80.2062,26.8,7.8,25.9,42.1,114,2,6,0
7/28/16 12:45,80.2062,26.8,7.8,25.9,42.1,116,2,8,0
7/28/16 13:00,80.2625,26.8,7.8,25.9,42.1,116,1,8,0
7/28/16 13:15,80.3188,26.9,7.8,25.9,42.2,124,2,7,0
7/28/16 13:30,80.3188,26.9,7.8,25.9,42.2,120,2,7,0
7/28/16 13:45,80.3188,26.9,7.8,25.9,42.2,118,4,8,0
7/28/16 14:00,80.3188,26.9,7.8,25.9,42.2,117,2,7,0
7/28/16 14:15,80.3188,26.9,7.8,25.9,42.2,117,3,8,0
7/28/16 14:30,80.375,26.9,7.8,25.9,42.2,116,2,8,0
7/28/16 14:45,80.375,26.9,7.8,25.9,42.2,115,2,8,0
7/28/16 15:00,80.375,26.9,7.8,25.9,42.2,114,2,9,0
7/28/16 15:15,80.375,26.9,7.8,25.9,42.2,114,3,8,0
7/28/16 15:30,80.375,26.9,7.8,25.9,42.2,115,4,9,0
7/28/16 15:45,80.375,26.9,7.8,25.9,42.2,114,3,7,0
7/28/16 16:00,80.4313,26.9,7.8,25.9,42.2,114,2,7,0
7/28/16 16:15,80.375,26.9,7.8,25.9,42.2,114,3,8,0
7/28/16 16:30,80.4313,26.9,7.8,25.9,42.2,114,2,8,0
7/28/16 16:45,80.4313,26.9,7.8,25.9,42.2,114,2,8,0
7/28/16 17:00,80.375,26.9,7.8,25.9,42.2,114,2,9,0
7/28/16 17:15,80.375,26.9,7.8,25.9,42.2,114,3,8,0
7/28/16 17:30,80.4313,26.9,7.8,25.9,42.2,114,2,7,0
7/28/16 17:45,80.375,26.9,7.8,25.9,42.2,114,2,7,0
7/28/16 18:00,80.375,26.9,7.8,25.9,42.2,114,2,8,0
7/28/16 18:15,80.375,26.9,7.8,25.9,42.2,114,1,8,0
7/28/16 18:30,80.375,26.9,7.8,25.9,42.2,115,2,8,0
7/28/16 18:45,80.3188,26.9,7.8,25.9,42.2,115,2,7,0
7/28/16 19:00,80.3188,26.9,7.8,25.9,42.2,115,3,7,0
7/28/16 19:15,80.3188,26.9,7.8,25.9,42.2,114,3,8,0
7/28/16 19:30,80.3188,26.9,7.8,25.9,42.2,114,3,8,0
7/28/16 19:45,80.3188,26.9,7.8,25.9,42.2,114,2,7,0
7/28/16 20:00,80.3188,26.9,7.8,25.9,42.1,114,3,8,0
7/28/16 20:15,80.2625,26.8,7.8,25.9,42.1,115,1,8,0
7/28/16 20:30,80.2062,26.8,7.8,25.9,42.1,115,3,5,0
7/28/16 20:45,80.2625,26.8,7.8,25.9,42.1,113,2,8,0
7/28/16 21:00,80.2062,26.8,7.8,25.9,42.1,114,2,6,0
7/28/16 21:15,80.2062,26.8,7.8,25.9,42.1,113,2,8,0
7/28/16 21:30,80.2062,26.8,7.8,25.9,42.1,113,2,8,0
7/28/16 21:45,80.2625,26.8,7.8,25.9,42.1,114,2,6,0
7/28/16 22:00,80.2625,26.8,7.8,25.9,42.1,113,3,7,0
7/28/16 22:15,80.2062,26.8,7.8,25.9,42.1,113,2,7,0
7/28/16 22:30,80.2062,26.8,7.8,25.9,42.1,114,3,6,0
7/28/16 22:45,80.2062,26.8,7.8,25.9,42.1,113,3,6,0
7/28/16 23:00,80.2062,26.8,7.8,25.9,42.1,113,2,8,0
7/28/16 23:15,80.2062,26.8,7.8,25.9,42.1,113,3,7,0
7/28/16 23:30,80.2062,26.8,7.8,25.9,42.1,115,2,6,0
7/28/16 23:45,80.2062,26.8,7.8,25.9,42.1,113,3,8,0
7/29/16 0:00,80.2062,26.8,7.8,25.9,42.1,112,3,8,0
7/29/16 0:15,80.2062,26.8,7.8,25.9,42.1,113,3,8,0
7/29/16 0:30,80.2062,26.8,7.8,25.9,42.1,113,2,7,0
7/29/16 0:45,80.2062,26.8,7.8,25.9,42.1,113,2,6,0
7/29/16 1:00,80.2062,26.8,7.8,25.9,42.1,113,3,5,0
7/29/16 1:15,80.2062,26.8,7.8,25.9,42.1,113,2,6,0
7/29/16 1:30,80.15,26.8,7.8,25.9,42.1,113,3,8,0
7/29/16 1:45,80.2062,26.8,7.8,25.9,42.1,113,2,5,0
7/29/16 2:00,80.2062,26.8,7.8,25.9,42.1,113,2,7,0
7/29/16 2:15,80.2062,26.8,7.8,25.9,42.1,113,3,8,0
7/29/16 2:30,80.2062,26.8,7.8,25.9,42.1,115,4,6,0
7/29/16 2:45,80.15,26.8,7.8,25.9,42.1,114,3,9,0
7/29/16 3:00,80.15,26.8,7.8,25.9,42.1,113,3,6,0
7/29/16 3:15,80.15,26.8,7.8,25.9,42.1,113,3,6,0
7/29/16 3:30,80.15,26.8,7.8,25.9,42.1,113,3,8,0
7/29/16 3:45,80.15,26.8,7.8,26,42.1,112,2,8,0
7/29/16 4:00,80.15,26.8,7.8,26,42.1,112,3,8,0
7/29/16 4:15,80.15,26.8,7.8,26,42.1,112,3,8,0
7/29/16 4:30,80.0938,26.8,7.8,26,42.1,112,2,8,0
7/29/16 4:45,80.15,26.8,7.8,26,42,113,3,11,0
7/29/16 5:00,80.0938,26.7,7.8,26,42,113,3,9,0
7/29/16 5:15,80.0938,26.7,7.8,26,42,113,4,7,0
7/29/16 5:30,80.0375,26.7,7.8,26,42,117,3,7,0
7/29/16 5:45,80.0938,26.7,7.8,26,42,116,3,9,0
7/29/16 6:00,80.0938,26.7,7.8,26,42,117,3,8,0
7/29/16 6:15,80.0938,26.7,7.8,26,42,119,2,9,0
7/29/16 6:30,80.0938,26.7,7.8,26,42.1,119,3,8,0
7/29/16 6:45,80.0375,26.7,7.8,26,42,116,1,10,0
7/29/16 7:00,80.0375,26.7,7.8,26,42,115,4,7,0
7/29/16 7:15,80.0375,26.7,7.8,26,42,114,3,6,0
7/29/16 7:30,80.0375,26.7,7.8,25.9,42,114,2,7,0
7/29/16 7:45,80.0375,26.7,7.8,25.9,41.9,113,5,7,0
7/29/16 8:00,80.0375,22.6,7.1,0,0.1,149,27,31,0
7/29/16 8:15,80.0375,22.7,7.1,0,0,175,8,1,0
7/29/16 8:30,80.0375,-5,0,0,0,-999,0,0,0
7/29/16 8:45,80.0375,-5,0,0,0,-999,0,0,0
7/29/16 9:00,80.0375,-5,0,0,0,-999,0,0,0
7/29/16 9:15,80.0938,-5,0,0,0,-999,0,0,0
7/29/16 9:30,80.0938,-5,0,0,0,-999,0,0,0
7/29/16 9:45,80.0938,-5,0,0,0,-999,0,0,0
7/29/16 10:00,80.15,-5,0,0,0,-999,0,0,0
7/29/16 10:15,80.15,-5,0,0,0,-999,0,0,0
7/29/16 10:30,80.15,-5,0,0,0,-999,0,0,0
7/29/16 10:45,80.2062,-5,0,0,0,-999,0,0,0
7/29/16 11:00,80.2062,-5,0,0,0,-999,0,0,0
7/29/16 11:15,80.2062,-5,0,0,0,-999,0,0,0
7/29/16 11:30,80.2062,-5,0,0,0,-999,0,0,0
7/29/16 11:45,80.2625,-5,0,0,0,-999,0,0,0
7/29/16 12:00,80.3188,-5,0,0,0,-999,0,0,0
7/29/16 12:15,80.3188,-5,0,0,0,-999,0,0,0
7/29/16 12:30,80.3188,-5,0,0,0,-999,0,0,0
7/29/16 12:45,80.375,-5,0,0,0,-999,0,0,0
7/29/16 13:00,80.375,-5,0,0,0,-999,0,0,0
7/29/16 13:15,80.4313,-5,0,0,0,-999,0,0,0
7/29/16 13:30,80.4313,-5,0,0,0,-999,0,0,0
7/29/16 13:45,80.4313,-5,0,0,0,-999,0,0,0
7/29/16 14:00,80.4875,-5,0,0,0,-999,0,0,0
7/29/16 14:15,80.4875,-5,0,0,0,-999,0,0,0
7/29/16 14:30,80.4875,-5,0,0,0,-999,0,0,0
7/29/16 14:45,80.4875,-5,0,0,0,-999,0,0,0
7/29/16 15:00,80.4875,-5,0,0,0,-999,0,0,0
7/29/16 15:15,80.5438,-5,0,0,0,-999,0,0,0
7/29/16 15:30,80.5438,-5,0,0,0,-999,0,0,0
7/29/16 15:45,80.5438,-5,0,0,0,-999,0,0,0
7/29/16 16:00,80.5438,-5,0,0,0,-999,0,0,0
7/29/16 16:15,80.5438,-5,0,0,0,-999,0,0,0
7/29/16 16:30,80.5438,-5,0,0,0,-999,0,0,0
7/29/16 16:45,80.5438,-5,0,0,0,-999,0,0,0
7/29/16 17:00,80.5438,-5,0,0,0,-999,0,0,0
7/29/16 17:15,80.5438,-5,0,0,0,-999,0,0,0
7/29/16 17:30,80.5438,-5,0,0,0,-999,0,0,0
7/29/16 17:45,80.5438,-5,0,0,0,-999,0,0,0
7/29/16 18:00,80.5438,-5,0,0,0,-999,0,0,0
7/29/16 18:15,80.4875,-5,0,0,0,-999,0,0,0
7/29/16 18:30,80.5438,-5,0,0,0,-999,0,0,0
7/29/16 18:45,80.4875,-5,0,0,0,-999,0,0,0
7/29/16 19:00,80.4313,-5,0,0,0,-999,0,0,0
7/29/16 19:15,80.4875,-5,0,0,0,-999,0,0,0
7/29/16 19:30,80.4313,-5,0,0,0,-999,0,0,0
7/29/16 19:45,80.4313,-5,0,0,0,-999,0,0,0
7/29/16 20:00,80.4313,-5,0,0,0,-999,0,0,0
7/29/16 20:15,80.375,-5,0,0,0,-999,0,0,0
7/29/16 20:30,80.375,-5,0,0,0,-999,0,0,0
7/29/16 20:45,80.375,-5,0,0,0,-999,0,0,0
7/29/16 21:00,80.375,-5,0,0,0,-999,0,0,0
7/29/16 21:15,80.375,-5,0,0,0,-999,0,0,0
7/29/16 21:30,80.375,-5,0,0,0,-999,0,0,0
7/29/16 21:45,80.3188,-5,0,0,0,-999,0,0,0
7/29/16 22:00,80.3188,-5,0,0,0,-999,0,0,0
7/29/16 22:15,80.3188,-5,0,0,0,-999,0,0,0
7/29/16 22:30,80.3188,-5,0,0,0,-999,0,0,0
7/29/16 22:45,80.2625,-5,0,0,0,-999,0,0,0
7/29/16 23:00,80.2625,-5,0,0,0,-999,0,0,0
7/29/16 23:15,80.2625,-5,0,0,0,-999,0,0,0
7/29/16 23:30,80.2625,-5,0,0,0,-999,0,0,0
7/29/16 23:45,80.2625,-5,0,0,0,-999,0,0,0
7/30/16 0:00,80.2625,-5,0,0,0,-999,0,0,0
7/30/16 0:15,80.2625,-5,0,0,0,-999,0,0,0
7/30/16 0:30,80.2625,-5,0,0,0,-999,0,0,0
7/30/16 0:45,80.2062,-5,0,0,0,-999,0,0,0
7/30/16 1:00,80.2062,-5,0,0,0,-999,0,0,0
7/30/16 1:15,80.2062,-5,0,0,0,-999,0,0,0
7/30/16 1:30,80.2062,-5,0,0,0,-999,0,0,0
7/30/16 1:45,80.2062,-5,0,0,0,-999,0,0,0
7/30/16 2:00,80.2062,-5,0,0,0,-999,0,0,0
7/30/16 2:15,80.15,-5,0,0,0,-999,0,0,0
7/30/16 2:30,80.15,-5,0,0,0,-999,0,0,0
7/30/16 2:45,80.15,-5,0,0,0,-999,0,0,0
7/30/16 3:00,80.15,-5,0,0,0,-999,0,0,0
7/30/16 3:15,80.15,-5,0,0,0,-999,0,0,0
7/30/16 3:30,80.15,-5,0,0,0,-999,0,0,0
7/30/16 3:45,80.15,-5,0,0,0,-999,0,0,0
7/30/16 4:00,80.15,-5,0,0,0,-999,0,0,0
7/30/16 4:15,80.15,-5,0,0,0,-999,0,0,0
7/30/16 4:30,80.0938,-5,0,0,0,-999,0,0,0
7/30/16 4:45,80.0375,-5,0,0,0,-999,0,0,0
7/30/16 5:00,80.0375,-5,0,0,0,-999,0,0,0
7/30/16 5:15,79.9813,-5,0,0,0,-999,0,0,0
7/30/16 5:30,79.9813,-5,0,0,0,-999,0,0,0
7/30/16 5:45,79.9813,-5,0,0,0,-999,0,0,0
7/30/16 6:00,79.925,-5,0,0,0,-999,0,0,0
7/30/16 6:15,79.9813,-5,0,0,0,-999,0,0,0
7/30/16 6:30,79.8688,-5,0,0,0,-999,0,0,0
7/30/16 6:45,79.925,-5,0,0,0,-999,0,0,0
7/30/16 7:00,79.925,-5,0,0,0,-999,0,0,0
7/30/16 7:15,79.8688,-5,0,0,0,-999,0,0,0
7/30/16 7:30,79.8688,-5,0,0,0,-999,0,0,0
7/30/16 7:45,79.8688,-5,0,0,0,-999,0,0,0
7/30/16 8:00,79.8688,-5,0,0,0,-999,0,0,0
7/30/16 8:15,79.8688,-5,0,0,0,-999,0,0,0
7/30/16 8:30,79.8688,-5,0,0,0,-999,0,0,0
7/30/16 8:45,79.8688,-5,0,0,0,-999,0,0,0
7/30/16 9:00,79.8688,-5,0,0,0,-999,0,0,0
7/30/16 9:15,79.8688,-5,0,0,0,-999,0,0,0
7/30/16 9:30,79.925,-5,0,0,0,-999,0,0,0
7/30/16 9:45,79.925,-5,0,0,0,-999,0,0,0
7/30/16 10:00,79.925,-5,0,0,0,-999,0,0,0
7/30/16 10:15,79.925,-5,0,0,0,-999,0,0,0
7/30/16 10:30,79.925,-5,0,0,0,-999,0,0,0
7/30/16 10:45,79.925,-5,0,0,0,-999,0,0,0
7/30/16 11:00,79.9813,-5,0,0,0,-999,0,0,0
7/30/16 11:15,79.9813,-5,0,0,0,-999,0,0,0
7/30/16 11:30,80.0375,-5,0,0,0,-999,0,0,0
7/30/16 11:45,80.0375,-5,0,0,0,-999,0,0,0
7/30/16 12:00,80.0375,-5,0,0,0,-999,0,0,0
7/30/16 12:15,80.0375,-5,0,0,0,-999,0,0,0
7/30/16 12:30,80.0938,-5,0,0,0,-999,0,0,0
7/30/16 12:45,80.0938,-5,0,0,0,-999,0,0,0
7/30/16 13:00,80.0938,-5,0,0,0,-999,0,0,0
7/30/16 13:15,80.0938,-5,0,0,0,-999,0,0,0
7/30/16 13:30,80.15,-5,0,0,0,-999,0,0,0
7/30/16 13:45,80.15,-5,0,0,0,-999,0,0,0
7/30/16 14:00,80.2062,-5,0,0,0,-999,0,0,0
7/30/16 14:15,80.2062,-5,0,0,0,-999,0,0,0
7/30/16 14:30,80.2062,-5,0,0,0,-999,0,0,0
7/30/16 14:45,80.2062,-5,0,0,0,-999,0,0,0
7/30/16 15:00,80.2062,-5,0,0,0,-999,0,0,0
7/30/16 15:15,80.2625,-5,0,0,0,-999,0,0,0
7/30/16 15:30,80.2625,-5,0,0,0,-999,0,0,0
7/30/16 15:45,80.2625,-5,0,0,0,-999,0,0,0
7/30/16 16:00,80.3188,-5,0,0,0,-999,0,0,0
7/30/16 16:15,80.3188,-5,0,0,0,-999,0,0,0
7/30/16 16:30,80.2625,-5,0,0,0,-999,0,0,0
7/30/16 16:45,80.2625,-5,0,0,0,-999,0,0,0
7/30/16 17:00,80.3188,-5,0,0,0,-999,0,0,0
7/30/16 17:15,80.3188,-5,0,0,0,-999,0,0,0
7/30/16 17:30,80.3188,-5,0,0,0,-999,0,0,0
7/30/16 17:45,80.3188,-5,0,0,0,-999,0,0,0
7/30/16 18:00,80.3188,-5,0,0,0,-999,0,0,0
7/30/16 18:15,80.3188,-5,0,0,0,-999,0,0,0
7/30/16 18:30,80.2625,-5,0,0,0,-999,0,0,0
7/30/16 18:45,80.2625,-5,0,0,0,-999,0,0,0
7/30/16 19:00,80.2625,-5,0,0,0,-999,0,0,0
7/30/16 19:15,80.2625,-5,0,0,0,-999,0,0,0
7/30/16 19:30,80.2625,-5,0,0,0,-999,0,0,0
7/30/16 19:45,80.2062,-5,0,0,0,-999,0,0,0
7/30/16 20:00,80.2062,-5,0,0,0,-999,0,0,0
7/30/16 20:15,80.2062,-5,0,0,0,-999,0,0,0
7/30/16 20:30,80.2062,-5,0,0,0,-999,0,0,0
7/30/16 20:45,80.2062,-5,0,0,0,-999,0,0,0
7/30/16 21:00,80.2625,-5,0,0,0,-999,0,0,0
7/30/16 21:15,80.2062,-5,0,0,0,-999,0,0,0
7/30/16 21:30,80.15,-5,0,0,0,-999,0,0,0
7/30/16 21:45,80.15,-5,0,0,0,-999,0,0,0
7/30/16 22:00,80.15,-5,0,0,0,-999,0,0,0
7/30/16 22:15,80.15,-5,0,0,0,-999,0,0,0
7/30/16 22:30,80.15,-5,0,0,0,-999,0,0,0
7/30/16 22:45,80.15,-5,0,0,0,-999,0,0,0
7/30/16 23:00,80.15,-5,0,0,0,-999,0,0,0
7/30/16 23:15,80.15,-5,0,0,0,-999,0,0,0
7/30/16 23:30,80.15,-5,0,0,0,-999,0,0,0
7/30/16 23:45,80.15,-5,0,0,0,-999,0,0,0
7/31/16 0:00,80.15,-5,0,0,0,-999,0,0,0
7/31/16 0:15,80.15,-5,0,0,0,-999,0,0,0
7/31/16 0:30,80.15,-5,0,0,0,-999,0,0,0
7/31/16 0:45,80.15,-5,0,0,0,-999,0,0,0
7/31/16 1:00,80.15,-5,0,0,0,-999,0,0,0
7/31/16 1:15,80.0938,-5,0,0,0,-999,0,0,0
7/31/16 1:30,80.0938,-5,0,0,0,-999,0,0,0
7/31/16 1:45,80.15,-5,0,0,0,-999,0,0,0
7/31/16 2:00,80.0938,-5,0,0,0,-999,0,0,0
7/31/16 2:15,80.0938,-5,0,0,0,-999,0,0,0
7/31/16 2:30,80.0938,-5,0,0,0,-999,0,0,0
7/31/16 2:45,80.0938,-5,0,0,0,-999,0,0,0
7/31/16 3:00,80.0938,-5,0,0,0,-999,0,0,0
7/31/16 3:15,80.0938,-5,0,0,0,-999,0,0,0
7/31/16 3:30,80.0938,-5,0,0,0,-999,0,0,0
7/31/16 3:45,80.0938,-5,0,0,0,-999,0,0,0
7/31/16 4:00,80.0938,-5,0,0,0,-999,0,0,0
7/31/16 4:15,80.0938,-5,0,0,0,-999,0,0,0
7/31/16 4:30,80.0938,-5,0,0,0,-999,0,0,0
7/31/16 4:45,80.0375,-5,0,0,0,-999,0,0,0
7/31/16 5:00,79.9813,-5,0,0,0,-999,0,0,0
7/31/16 5:15,79.925,-5,0,0,0,-999,0,0,0
7/31/16 5:30,79.925,-5,0,0,0,-999,0,0,0
7/31/16 5:45,79.8688,-5,0,0,0,-999,0,0,0
7/31/16 6:00,79.8688,-5,0,0,0,-999,0,0,0
7/31/16 6:15,79.8688,-5,0,0,0,-999,0,0,0
7/31/16 6:30,79.8125,-5,0,0,0,-999,0,0,0
7/31/16 6:45,79.8125,-5,0,0,0,-999,0,0,0
7/31/16 7:00,79.8125,-5,0,0,0,-999,0,0,0
7/31/16 7:15,79.7563,-5,0,0,0,-999,0,0,0
7/31/16 7:30,79.7563,-5,0,0,0,-999,0,0,0
7/31/16 7:45,79.7563,-5,0,0,0,-999,0,0,0
7/31/16 8:00,79.7563,-5,0,0,0,-999,0,0,0
7/31/16 8:15,79.7563,-5,0,0,0,-999,0,0,0
7/31/16 8:30,79.7563,-5,0,0,0,-999,0,0,0
7/31/16 8:45,79.7563,-5,0,0,0,-999,0,0,0
7/31/16 9:00,79.7563,-5,0,0,0,-999,0,0,0
7/31/16 9:15,79.7563,-5,0,0,0,-999,0,0,0
7/31/16 9:30,79.7563,-5,0,0,0,-999,0,0,0
7/31/16 9:45,79.7563,-5,0,0,0,-999,0,0,0
7/31/16 10:00,79.7563,-5,0,0,0,-999,0,0,0
7/31/16 10:15,79.7563,-5,0,0,0,-999,0,0,0
7/31/16 10:30,79.8125,-5,0,0,0,-999,0,0,0
7/31/16 10:45,79.7563,-5,0,0,0,-999,0,0,0
7/31/16 11:00,79.8125,-5,0,0,0,-999,0,0,0
7/31/16 11:15,79.8125,-5,0,0,0,-999,0,0,0
7/31/16 11:30,79.8688,-5,0,0,0,-999,0,0,0
7/31/16 11:45,79.8688,-5,0,0,0,-999,0,0,0
7/31/16 12:00,79.8688,-5,0,0,0,-999,0,0,0
7/31/16 12:15,79.8688,-5,0,0,0,-999,0,0,0
7/31/16 12:30,79.8688,-5,0,0,0,-999,0,0,0
7/31/16 12:45,79.8688,-5,0,0,0,-999,0,0,0
7/31/16 13:00,79.925,-5,0,0,0,-999,0,0,0
7/31/16 13:15,79.925,-5,0,0,0,-999,0,0,0
7/31/16 13:30,79.925,-5,0,0,0,-999,0,0,0
7/31/16 13:45,79.925,-5,0,0,0,-999,0,0,0
7/31/16 14:00,79.925,-5,0,0,0,-999,0,0,0
7/31/16 14:15,79.9813,-5,0,0,0,-999,0,0,0
7/31/16 14:30,80.0375,-5,0,0,0,-999,0,0,0
7/31/16 14:45,79.9813,-5,0,0,0,-999,0,0,0
7/31/16 15:00,79.9813,-5,0,0,0,-999,0,0,0
7/31/16 15:15,79.9813,-5,0,0,0,-999,0,0,0
7/31/16 15:30,79.9813,-5,0,0,0,-999,0,0,0
7/31/16 15:45,79.9813,-5,0,0,0,-999,0,0,0
7/31/16 16:00,79.9813,-5,0,0,0,-999,0,0,0
7/31/16 16:15,80.0375,-5,0,0,0,-999,0,0,0
7/31/16 16:30,80.0938,-5,0,0,0,-999,0,0,0
7/31/16 16:45,80.0375,-5,0,0,0,-999,0,0,0
7/31/16 17:00,80.0375,-5,0,0,0,-999,0,0,0
7/31/16 17:15,80.0375,-5,0,0,0,-999,0,0,0
7/31/16 17:30,80.0375,-5,0,0,0,-999,0,0,0
7/31/16 17:45,80.0375,-5,0,0,0,-999,0,0,0
7/31/16 18:00,80.0375,-5,0,0,0,-999,0,0,0
7/31/16 18:15,79.9813,-5,0,0,0,-999,0,0,0
7/31/16 18:30,79.9813,-5,0,0,0,-999,0,0,0
7/31/16 18:45,80.0375,-5,0,0,0,-999,0,0,0
7/31/16 19:00,80.0375,-5,0,0,0,-999,0,0,0
7/31/16 19:15,80.0375,-5,0,0,0,-999,0,0,0
7/31/16 19:30,80.0375,-5,0,0,0,-999,0,0,0
7/31/16 19:45,80.0375,-5,0,0,0,-999,0,0,0
7/31/16 20:00,80.0375,-5,0,0,0,-999,0,0,0
7/31/16 20:15,80.0375,-5,0,0,0,-999,0,0,0
7/31/16 20:30,80.0375,-5,0,0,0,-999,0,0,0
7/31/16 20:45,80.0375,-5,0,0,0,-999,0,0,0
7/31/16 21:00,80.0375,-5,0,0,0,-999,0,0,0
7/31/16 21:15,80.0375,-5,0,0,0,-999,0,0,0
7/31/16 21:30,80.0375,-5,0,0,0,-999,0,0,0
7/31/16 21:45,80.0375,-5,0,0,0,-999,0,0,0
7/31/16 22:00,80.0375,-5,0,0,0,-999,0,0,0
7/31/16 22:15,80.0375,-5,0,0,0,-999,0,0,0
7/31/16 22:30,79.9813,-5,0,0,0,-999,0,0,0
7/31/16 22:45,80.0375,-5,0,0,0,-999,0,0,0
7/31/16 23:00,80.0375,-5,0,0,0,-999,0,0,0
7/31/16 23:15,79.9813,-5,0,0,0,-999,0,0,0
7/31/16 23:30,79.9813,-5,0,0,0,-999,0,0,0
7/31/16 23:45,79.9813,-5,0,0,0,-999,0,0,0
8/1/16 0:00,79.9813,-5,0,0,0,-999,0,0,0
8/1/16 0:15,79.9813,-5,0,0,0,-999,0,0,0
8/1/16 0:30,79.9813,-5,0,0,0,-999,0,0,0
8/1/16 0:45,79.9813,-5,0,0,0,-999,0,0,0
8/1/16 1:00,79.925,-5,0,0,0,-999,0,0,0
8/1/16 1:15,79.925,-5,0,0,0,-999,0,0,0
8/1/16 1:30,79.925,-5,0,0,0,-999,0,0,0
8/1/16 1:45,79.925,-5,0,0,0,-999,0,0,0
8/1/16 2:00,79.925,-5,0,0,0,-999,0,0,0
8/1/16 2:15,79.925,-5,0,0,0,-999,0,0,0
8/1/16 2:30,79.8688,-5,0,0,0,-999,0,0,0
8/1/16 2:45,79.8688,-5,0,0,0,-999,0,0,0
8/1/16 3:00,79.925,-5,0,0,0,-999,0,0,0
8/1/16 3:15,79.8688,-5,0,0,0,-999,0,0,0
8/1/16 3:30,79.925,-5,0,0,0,-999,0,0,0
8/1/16 3:45,79.8688,-5,0,0,0,-999,0,0,0
8/1/16 4:00,79.8688,-5,0,0,0,-999,0,0,0
8/1/16 4:15,79.925,-5,0,0,0,-999,0,0,0
8/1/16 4:30,79.8688,-5,0,0,0,-999,0,0,0
8/1/16 4:45,79.8688,-5,0,0,0,-999,0,0,0
8/1/16 5:00,79.8125,-5,0,0,0,-999,0,0,0
8/1/16 5:15,79.8125,-5,0,0,0,-999,0,0,0
8/1/16 5:30,79.7563,-5,0,0,0,-999,0,0,0
8/1/16 5:45,79.8125,-5,0,0,0,-999,0,0,0
8/1/16 6:00,79.8125,-5,0,0,0,-999,0,0,0
8/1/16 6:15,79.7563,-5,0,0,0,-999,0,0,0
8/1/16 6:30,79.8125,-5,0,0,0,-999,0,0,0
8/1/16 6:45,79.7563,-5,0,0,0,-999,0,0,0
8/1/16 7:00,79.7563,-5,0,0,0,-999,0,0,0
8/1/16 7:15,79.7563,-5,0,0,0,-999,0,0,0
8/1/16 7:30,79.7,-5,0,0,0,-999,0,0,0
8/1/16 7:45,79.7,-5,0,0,0,-999,0,0,0
8/1/16 8:00,79.7,-5,0,0,0,-999,0,0,0
8/1/16 8:15,79.7,-5,0,0,0,-999,0,0,0
8/1/16 8:30,79.7,-5,0,0,0,-999,0,0,0
8/1/16 8:45,79.7,-5,0,0,0,-999,0,0,0
8/1/16 9:00,79.6437,-5,0,0,0,-999,0,0,0
8/1/16 9:15,79.6437,-5,0,0,0,-999,0,0,0
8/1/16 9:30,79.6437,-5,0,0,0,-999,0,0,0
8/1/16 9:45,79.6437,-5,0,0,0,-999,0,0,0
8/1/16 10:00,79.7,-5,0,0,0,-999,0,0,0
8/1/16 10:15,79.7,-5,0,0,0,-999,0,0,0
8/1/16 10:30,79.7,-5,0,0,0,-999,0,0,0
8/1/16 10:45,79.7,-5,0,0,0,-999,0,0,0
8/1/16 11:00,79.7563,-5,0,0,0,-999,0,0,0
8/1/16 11:15,79.7563,-5,0,0,0,-999,0,0,0
8/1/16 11:30,79.7563,-5,0,0,0,-999,0,0,0
8/1/16 11:45,79.7563,-5,0,0,0,-999,0,0,0
8/1/16 12:00,79.8125,-5,0,0,0,-999,0,0,0
8/1/16 12:15,79.8688,-5,0,0,0,-999,0,0,0
8/1/16 12:30,79.8688,-5,0,0,0,-999,0,0,0
8/1/16 12:45,79.8688,-5,0,0,0,-999,0,0,0
8/1/16 13:00,79.8688,-5,0,0,0,-999,0,0,0
8/1/16 13:15,79.925,-5,0,0,0,-999,0,0,0
8/1/16 13:30,79.925,-5,0,0,0,-999,0,0,0
8/1/16 13:45,79.925,-5,0,0,0,-999,0,0,0
8/1/16 14:00,79.925,-5,0,0,0,-999,0,0,0
8/1/16 14:15,79.925,-5,0,0,0,-999,0,0,0
8/1/16 14:30,79.925,-5,0,0,0,-999,0,0,0
8/1/16 14:45,79.925,-5,0,0,0,-999,0,0,0
8/1/16 15:00,79.925,-5,0,0,0,-999,0,0,0
8/1/16 15:15,79.925,-5,0,0,0,-999,0,0,0
8/1/16 15:30,79.8688,-5,0,0,0,-999,0,0,0
8/1/16 15:45,79.9813,-5,0,0,0,-999,0,0,0
8/1/16 16:00,79.925,-5,0,0,0,-999,0,0,0
8/1/16 16:15,79.925,-5,0,0,0,-999,0,0,0
8/1/16 16:30,79.925,-5,0,0,0,-999,0,0,0
8/1/16 16:45,79.925,-5,0,0,0,-999,0,0,0
8/1/16 17:00,79.925,-5,0,0,0,-999,0,0,0
8/1/16 17:15,79.925,-5,0,0,0,-999,0,0,0
8/1/16 17:30,79.8688,-5,0,0,0,-999,0,0,0
8/1/16 17:45,79.8688,-5,0,0,0,-999,0,0,0
8/1/16 18:00,79.8688,-5,0,0,0,-999,0,0,0
8/1/16 18:15,79.8688,-5,0,0,0,-999,0,0,0
8/1/16 18:30,79.8688,-5,0,0,0,-999,0,0,0
8/1/16 18:45,79.8688,-5,0,0,0,-999,0,0,0
8/1/16 19:00,79.8688,-5,0,0,0,-999,0,0,0
8/1/16 19:15,79.8688,-5,0,0,0,-999,0,0,0
8/1/16 19:30,79.8688,-5,0,0,0,-999,0,0,0
8/1/16 19:45,79.8688,-5,0,0,0,-999,0,0,0
8/1/16 20:00,79.8125,-5,0,0,0,-999,0,0,0
8/1/16 20:15,79.8688,-5,0,0,0,-999,0,0,0
8/1/16 20:30,79.8125,-5,0,0,0,-999,0,0,0
8/1/16 20:45,79.8125,-5,0,0,0,-999,0,0,0
8/1/16 21:00,79.8125,-5,0,0,0,-999,0,0,0
8/1/16 21:15,79.8125,-5,0,0,0,-999,0,0,0
8/1/16 21:30,79.7563,-5,0,0,0,-999,0,0,0
8/1/16 21:45,79.7563,-5,0,0,0,-999,0,0,0
8/1/16 22:00,79.7563,-5,0,0,0,-999,0,0,0
8/1/16 22:15,79.8125,-5,0,0,0,-999,0,0,0
8/1/16 22:30,79.8125,-5,0,0,0,-999,0,0,0
8/1/16 22:45,79.7563,-5,0,0,0,-999,0,0,0
8/1/16 23:00,79.7563,-5,0,0,0,-999,0,0,0
8/1/16 23:15,79.7563,-5,0,0,0,-999,0,0,0
8/1/16 23:30,79.7563,-5,0,0,0,-999,0,0,0
8/1/16 23:45,79.7563,-5,0,0,0,-999,0,0,0
8/2/16 0:00,79.7563,-5,0,0,0,-999,0,0,0
8/2/16 0:15,79.7563,-5,0,0,0,-999,0,0,0
8/2/16 0:30,79.7563,-5,0,0,0,-999,0,0,0
8/2/16 0:45,79.7563,-5,0,0,0,-999,0,0,0
8/2/16 1:00,79.7,-5,0,0,0,-999,0,0,0
8/2/16 1:15,79.7563,-5,0,0,0,-999,0,0,0
8/2/16 1:30,79.7,-5,0,0,0,-999,0,0,0
8/2/16 1:45,79.7,-5,0,0,0,-999,0,0,0
8/2/16 2:00,79.7,-5,0,0,0,-999,0,0,0
8/2/16 2:15,79.7,-5,0,0,0,-999,0,0,0
8/2/16 2:30,79.7,-5,0,0,0,-999,0,0,0
8/2/16 2:45,79.7,-5,0,0,0,-999,0,0,0
8/2/16 3:00,79.7,-5,0,0,0,-999,0,0,0
8/2/16 3:15,79.7,-5,0,0,0,-999,0,0,0
8/2/16 3:30,79.7,-5,0,0,0,-999,0,0,0
8/2/16 3:45,79.6437,-5,0,0,0,-999,0,0,0
8/2/16 4:00,79.6437,-5,0,0,0,-999,0,0,0
8/2/16 4:15,79.6437,-5,0,0,0,-999,0,0,0
8/2/16 4:30,79.6437,-5,0,0,0,-999,0,0,0
8/2/16 4:45,79.7,-5,0,0,0,-999,0,0,0
8/2/16 5:00,79.5875,-5,0,0,0,-999,0,0,0
8/2/16 5:15,79.6437,-5,0,0,0,-999,0,0,0
8/2/16 5:30,79.6437,-5,0,0,0,-999,0,0,0
8/2/16 5:45,79.5875,-5,0,0,0,-999,0,0,0
8/2/16 6:00,79.5875,-5,0,0,0,-999,0,0,0
8/2/16 6:15,79.6437,-5,0,0,0,-999,0,0,0
8/2/16 6:30,79.5875,-5,0,0,0,-999,0,0,0
8/2/16 6:45,79.5875,-5,0,0,0,-999,0,0,0
8/2/16 7:00,79.5313,-5,0,0,0,-999,0,0,0
8/2/16 7:15,79.5313,-5,0,0,0,-999,0,0,0
8/2/16 7:30,79.5875,-5,0,0,0,-999,0,0,0
8/2/16 7:45,79.5313,-5,0,0,0,-999,0,0,0
8/2/16 8:00,79.5313,-5,0,0,0,-999,0,0,0
8/2/16 8:15,79.5313,-5,0,0,0,-999,0,0,0
8/2/16 8:30,79.5313,-5,0,0,0,-999,0,0,0
8/2/16 8:45,79.5313,-5,0,0,0,-999,0,0,0
8/2/16 9:00,79.5313,-5,0,0,0,-999,0,0,0
8/2/16 9:15,79.475,-5,0,0,0,-999,0,0,0
8/2/16 9:30,79.5313,-5,0,0,0,-999,0,0,0
8/2/16 9:45,79.5313,-5,0,0,0,-999,0,0,0
8/2/16 10:00,79.5313,-5,0,0,0,-999,0,0,0
8/2/16 10:15,79.5313,-5,0,0,0,-999,0,0,0
8/2/16 10:30,79.475,-5,0,0,0,-999,0,0,0
8/2/16 10:45,79.475,-5,0,0,0,-999,0,0,0
8/2/16 11:00,79.5313,-5,0,0,0,-999,0,0,0
8/2/16 11:15,79.475,-5,0,0,0,-999,0,0,0
8/2/16 11:30,79.475,-5,0,0,0,-999,0,0,0
8/2/16 11:45,79.475,-5,0,0,0,-999,0,0,0
8/2/16 12:00,79.475,-5,0,0,0,-999,0,0,0
8/2/16 12:15,79.475,-5,0,0,0,-999,0,0,0
8/2/16 12:30,79.475,-5,0,0,0,-999,0,0,0
8/2/16 12:45,79.475,-5,0,0,0,-999,0,0,0
8/2/16 13:00,79.475,-5,0,0,0,-999,0,0,0
8/2/16 13:15,79.475,-5,0,0,0,-999,0,0,0
8/2/16 13:30,79.4188,-5,0,0,0,-999,0,0,0
8/2/16 13:45,79.4188,-5,0,0,0,-999,0,0,0
8/2/16 14:00,79.4188,-5,0,0,0,-999,0,0,0
8/2/16 14:15,79.4188,-5,0,0,0,-999,0,0,0
8/2/16 14:30,79.3625,-5,0,0,0,-999,0,0,0
8/2/16 14:45,79.4188,-5,0,0,0,-999,0,0,0
8/2/16 15:00,79.4188,-5,0,0,0,-999,0,0,0
8/2/16 15:15,79.4188,-5,0,0,0,-999,0,0,0
8/2/16 15:30,79.4188,-5,0,0,0,-999,0,0,0
8/2/16 15:45,79.4188,-5,0,0,0,-999,0,0,0
8/2/16 16:00,79.4188,-5,0,0,0,-999,0,0,0
8/2/16 16:15,79.4188,-5,0,0,0,-999,0,0,0
8/2/16 16:30,79.4188,-5,0,0,0,-999,0,0,0
8/2/16 16:45,79.4188,-5,0,0,0,-999,0,0,0
8/2/16 17:00,79.4188,-5,0,0,0,-999,0,0,0
8/2/16 17:15,79.4188,-5,0,0,0,-999,0,0,0
8/2/16 17:30,79.4188,-5,0,0,0,-999,0,0,0
8/2/16 17:45,79.4188,-5,0,0,0,-999,0,0,0
8/2/16 18:00,79.4188,-5,0,0,0,-999,0,0,0
8/2/16 18:15,79.3625,-5,0,0,0,-999,0,0,0
8/2/16 18:30,79.4188,-5,0,0,0,-999,0,0,0
8/2/16 18:45,79.4188,-5,0,0,0,-999,0,0,0
8/2/16 19:00,79.4188,-5,0,0,0,-999,0,0,0
8/2/16 19:15,79.4188,-5,0,0,0,-999,0,0,0
8/2/16 19:30,79.4188,-5,0,0,0,-999,0,0,0
8/2/16 19:45,79.4188,-5,0,0,0,-999,0,0,0
8/2/16 20:00,79.4188,-5,0,0,0,-999,0,0,0
8/2/16 20:15,79.4188,-5,0,0,0,-999,0,0,0
8/2/16 20:30,79.4188,-5,0,0,0,-999,0,0,0
8/2/16 20:45,79.4188,-5,0,0,0,-999,0,0,0
8/2/16 21:00,79.3625,-5,0,0,0,-999,0,0,0
8/2/16 21:15,79.3625,-5,0,0,0,-999,0,0,0
8/2/16 21:30,79.3625,-5,0,0,0,-999,0,0,0
8/2/16 21:45,79.3625,-5,0,0,0,-999,0,0,0
8/2/16 22:00,79.3625,-5,0,0,0,-999,0,0,0
8/2/16 22:15,79.3625,-5,0,0,0,-999,0,0,0
8/2/16 22:30,79.3625,-5,0,0,0,-999,0,0,0
8/2/16 22:45,79.3625,-5,0,0,0,-999,0,0,0
8/2/16 23:00,79.3625,-5,0,0,0,-999,0,0,0
8/2/16 23:15,79.3625,-5,0,0,0,-999,0,0,0
8/2/16 23:30,79.3625,-5,0,0,0,-999,0,0,0
8/2/16 23:45,79.3625,-5,0,0,0,-999,0,0,0
8/3/16 0:00,79.3063,-5,0,0,0,-999,0,0,0
8/3/16 0:15,79.3625,-5,0,0,0,-999,0,0,0
8/3/16 0:30,79.3063,-5,0,0,0,-999,0,0,0
8/3/16 0:45,79.3625,-5,0,0,0,-999,0,0,0
8/3/16 1:00,79.3063,-5,0,0,0,-999,0,0,0
8/3/16 1:15,79.3063,-5,0,0,0,-999,0,0,0
8/3/16 1:30,79.3063,-5,0,0,0,-999,0,0,0
8/3/16 1:45,79.3063,-5,0,0,0,-999,0,0,0
8/3/16 2:00,79.3063,-5,0,0,0,-999,0,0,0
8/3/16 2:15,79.25,-5,0,0,0,-999,0,0,0
8/3/16 2:30,79.25,-5,0,0,0,-999,0,0,0
8/3/16 2:45,79.25,-5,0,0,0,-999,0,0,0
8/3/16 3:00,79.3063,-5,0,0,0,-999,0,0,0
8/3/16 3:15,79.25,-5,0,0,0,-999,0,0,0
8/3/16 3:30,79.25,-5,0,0,0,-999,0,0,0
8/3/16 3:45,79.25,-5,0,0,0,-999,0,0,0
8/3/16 4:00,79.1938,-5,0,0,0,-999,0,0,0
8/3/16 4:15,79.25,-5,0,0,0,-999,0,0,0
8/3/16 4:30,79.25,-5,0,0,0,-999,0,0,0
8/3/16 4:45,79.25,-5,0,0,0,-999,0,0,0
8/3/16 5:00,79.25,-5,0,0,0,-999,0,0,0
8/3/16 5:15,79.25,-5,0,0,0,-999,0,0,0
8/3/16 5:30,79.1938,-5,0,0,0,-999,0,0,0
8/3/16 5:45,79.25,-5,0,0,0,-999,0,0,0
8/3/16 6:00,79.1938,-5,0,0,0,-999,0,0,0
8/3/16 6:15,79.1375,-5,0,0,0,-999,0,0,0
8/3/16 6:30,79.1375,-5,0,0,0,-999,0,0,0
8/3/16 6:45,79.1375,-5,0,0,0,-999,0,0,0
8/3/16 7:00,79.1375,-5,0,0,0,-999,0,0,0
8/3/16 7:15,79.1375,-5,0,0,0,-999,0,0,0
8/3/16 7:30,79.1375,-5,0,0,0,-999,0,0,0
8/3/16 7:45,79.0812,-5,0,0,0,-999,0,0,0
8/3/16 8:00,79.1375,-5,0,0,0,-999,0,0,0
8/3/16 8:15,79.0812,-5,0,0,0,-999,0,0,0
8/3/16 8:30,79.0812,-5,0,0,0,-999,0,0,0
8/3/16 8:45,79.0812,-5,0,0,0,-999,0,0,0
8/3/16 9:00,79.1375,-5,0,0,0,-999,0,0,0
8/3/16 9:15,79.0812,-5,0,0,0,-999,0,0,0
8/3/16 9:30,79.1375,-5,0,0,0,-999,0,0,0
8/3/16 9:45,79.1375,-5,0,0,0,-999,0,0,0
8/3/16 10:00,79.1375,-5,0,0,0,-999,0,0,0
8/3/16 10:15,79.1375,-5,0,0,0,-999,0,0,0
8/3/16 10:30,79.1375,-5,0,0,0,-999,0,0,0
8/3/16 10:45,79.1375,-5,0,0,0,-999,0,0,0
8/3/16 11:00,79.1375,-5,0,0,0,-999,0,0,0
8/3/16 11:15,79.1375,-5,0,0,0,-999,0,0,0
8/3/16 11:30,79.1375,-5,0,0,0,-999,0,0,0
8/3/16 11:45,79.1375,-5,0,0,0,-999,0,0,0
8/3/16 12:00,79.1375,-5,0,0,0,-999,0,0,0
8/3/16 12:15,79.1938,-5,0,0,0,-999,0,0,0
8/3/16 12:30,79.1938,-5,0,0,0,-999,0,0,0
8/3/16 12:45,79.1938,-5,0,0,0,-999,0,0,0
8/3/16 13:00,79.1938,-5,0,0,0,-999,0,0,0
8/3/16 13:15,79.25,-5,0,0,0,-999,0,0,0
8/3/16 13:30,79.25,-5,0,0,0,-999,0,0,0
8/3/16 13:45,79.25,-5,0,0,0,-999,0,0,0
8/3/16 14:00,79.3063,-5,0,0,0,-999,0,0,0
8/3/16 14:15,79.3063,-5,0,0,0,-999,0,0,0
8/3/16 14:30,79.3625,-5,0,0,0,-999,0,0,0
8/3/16 14:45,79.3625,-5,0,0,0,-999,0,0,0
8/3/16 15:00,79.4188,-5,0,0,0,-999,0,0,0
8/3/16 15:15,79.4188,-5,0,0,0,-999,0,0,0
8/3/16 15:30,79.4188,-5,0,0,0,-999,0,0,0
8/3/16 15:45,79.4188,-5,0,0,0,-999,0,0,0
8/3/16 16:00,79.475,-5,0,0,0,-999,0,0,0
8/3/16 16:15,79.475,-5,0,0,0,-999,0,0,0
8/3/16 16:30,79.475,-5,0,0,0,-999,0,0,0
8/3/16 16:45,79.475,-5,0,0,0,-999,0,0,0
8/3/16 17:00,79.475,-5,0,0,0,-999,0,0,0
8/3/16 17:15,79.475,-5,0,0,0,-999,0,0,0
8/3/16 17:30,79.4188,-5,0,0,0,-999,0,0,0
8/3/16 17:45,79.4188,-5,0,0,0,-999,0,0,0
8/3/16 18:00,79.4188,-5,0,0,0,-999,0,0,0
8/3/16 18:15,79.3625,-5,0,0,0,-999,0,0,0
8/3/16 18:30,79.4188,-5,0,0,0,-999,0,0,0
8/3/16 18:45,79.4188,-5,0,0,0,-999,0,0,0
8/3/16 19:00,79.4188,-5,0,0,0,-999,0,0,0
8/3/16 19:15,79.3625,-5,0,0,0,-999,0,0,0
8/3/16 19:30,79.3625,-5,0,0,0,-999,0,0,0
8/3/16 19:45,79.3625,-5,0,0,0,-999,0,0,0
8/3/16 20:00,79.3625,-5,0,0,0,-999,0,0,0
8/3/16 20:15,79.3625,-5,0,0,0,-999,0,0,0
8/3/16 20:30,79.3625,-5,0,0,0,-999,0,0,0
8/3/16 20:45,79.3625,-5,0,0,0,-999,0,0,0
8/3/16 21:00,79.3625,-5,0,0,0,-999,0,0,0
8/3/16 21:15,79.3625,-5,0,0,0,-999,0,0,0
8/3/16 21:30,79.3625,-5,0,0,0,-999,0,0,0
8/3/16 21:45,79.4188,-5,0,0,0,-999,0,0,0
8/3/16 22:00,79.3625,-5,0,0,0,-999,0,0,0
8/3/16 22:15,79.3625,-5,0,0,0,-999,0,0,0
8/3/16 22:30,79.3625,-5,0,0,0,-999,0,0,0
8/3/16 22:45,79.3625,-5,0,0,0,-999,0,0,0
8/3/16 23:00,79.3625,-5,0,0,0,-999,0,0,0
8/3/16 23:15,79.3625,-5,0,0,0,-999,0,0,0
8/3/16 23:30,79.3625,-5,0,0,0,-999,0,0,0
8/3/16 23:45,79.3063,-5,0,0,0,-999,0,0,0
8/4/16 0:00,79.3625,-5,0,0,0,-999,0,0,0
8/4/16 0:15,79.3063,-5,0,0,0,-999,0,0,0
8/4/16 0:30,79.3063,-5,0,0,0,-999,0,0,0
8/4/16 0:45,79.3063,-5,0,0,0,-999,0,0,0
8/4/16 1:00,79.3063,-5,0,0,0,-999,0,0,0
8/4/16 1:15,79.3063,-5,0,0,0,-999,0,0,0
8/4/16 1:30,79.3063,-5,0,0,0,-999,0,0,0
8/4/16 1:45,79.3063,-5,0,0,0,-999,0,0,0
8/4/16 2:00,79.3063,-5,0,0,0,-999,0,0,0
8/4/16 2:15,79.25,-5,0,0,0,-999,0,0,0
8/4/16 2:30,79.3063,-5,0,0,0,-999,0,0,0
8/4/16 2:45,79.25,-5,0,0,0,-999,0,0,0
8/4/16 3:00,79.25,-5,0,0,0,-999,0,0,0
8/4/16 3:15,79.25,-5,0,0,0,-999,0,0,0
8/4/16 3:30,79.25,-5,0,0,0,-999,0,0,0
8/4/16 3:45,79.25,-5,0,0,0,-999,0,0,0
8/4/16 4:00,79.25,-5,0,0,0,-999,0,0,0
8/4/16 4:15,79.1938,-5,0,0,0,-999,0,0,0
8/4/16 4:30,79.1938,-5,0,0,0,-999,0,0,0
8/4/16 4:45,79.1938,-5,0,0,0,-999,0,0,0
8/4/16 5:00,79.1938,-5,0,0,0,-999,0,0,0
8/4/16 5:15,79.1938,-5,0,0,0,-999,0,0,0
8/4/16 5:30,79.1938,-5,0,0,0,-999,0,0,0
8/4/16 5:45,79.1938,-5,0,0,0,-999,0,0,0
8/4/16 6:00,79.1938,-5,0,0,0,-999,0,0,0
8/4/16 6:15,79.1938,-5,0,0,0,-999,0,0,0
8/4/16 6:30,79.1375,-5,0,0,0,-999,0,0,0
8/4/16 6:45,79.1375,-5,0,0,0,-999,0,0,0
8/4/16 7:00,79.1375,-5,0,0,0,-999,0,0,0
8/4/16 7:15,79.1375,-5,0,0,0,-999,0,0,0
8/4/16 7:30,79.1375,-5,0,0,0,-999,0,0,0
8/4/16 7:45,79.0812,-5,0,0,0,-999,0,0,0
8/4/16 8:00,79.1375,-5,0,0,0,-999,0,0,0
8/4/16 8:15,79.1375,-5,0,0,0,-999,0,0,0
8/4/16 8:30,79.0812,-5,0,0,0,-999,0,0,0
8/4/16 8:45,79.1375,-5,0,0,0,-999,0,0,0
8/4/16 9:00,79.0812,-5,0,0,0,-999,0,0,0
8/4/16 9:15,79.1375,-5,0,0,0,-999,0,0,0
8/4/16 9:30,79.1375,-5,0,0,0,-999,0,0,0
8/4/16 9:45,79.1375,-5,0,0,0,-999,0,0,0
8/4/16 10:00,79.1375,-5,0,0,0,-999,0,0,0
8/4/16 10:15,79.1938,-5,0,0,0,-999,0,0,0
8/4/16 10:30,79.1375,-5,0,0,0,-999,0,0,0
8/4/16 10:45,79.1938,-5,0,0,0,-999,0,0,0
8/4/16 11:00,79.1938,-5,0,0,0,-999,0,0,0
8/4/16 11:15,79.25,-5,0,0,0,-999,0,0,0
8/4/16 11:30,79.1938,-5,0,0,0,-999,0,0,0
8/4/16 11:45,79.1938,-5,0,0,0,-999,0,0,0
8/4/16 12:00,79.1938,-5,0,0,0,-999,0,0,0
8/4/16 12:15,79.1938,-5,0,0,0,-999,0,0,0
8/4/16 12:30,79.1938,-5,0,0,0,-999,0,0,0
8/4/16 12:45,79.1938,-5,0,0,0,-999,0,0,0
8/4/16 13:00,79.1938,-5,0,0,0,-999,0,0,0
8/4/16 13:15,79.1938,-5,0,0,0,-999,0,0,0
8/4/16 13:30,79.1938,-5,0,0,0,-999,0,0,0
8/4/16 13:45,79.1938,-5,0,0,0,-999,0,0,0
8/4/16 14:00,79.1938,-5,0,0,0,-999,0,0,0
8/4/16 14:15,79.1938,-5,0,0,0,-999,0,0,0
8/4/16 14:30,79.1938,-5,0,0,0,-999,0,0,0
8/4/16 14:45,79.1938,-5,0,0,0,-999,0,0,0
8/4/16 15:00,79.1938,-5,0,0,0,-999,0,0,0
8/4/16 15:15,79.1938,-5,0,0,0,-999,0,0,0
8/4/16 15:30,79.1938,-5,0,0,0,-999,0,0,0
8/4/16 15:45,79.1938,-5,0,0,0,-999,0,0,0
8/4/16 16:00,79.1938,-5,0,0,0,-999,0,0,0
8/4/16 16:15,79.1938,-5,0,0,0,-999,0,0,0
8/4/16 16:30,79.1938,-5,0,0,0,-999,0,0,0
8/4/16 16:45,79.1938,-5,0,0,0,-999,0,0,0
8/4/16 17:00,79.1938,-5,0,0,0,-999,0,0,0
8/4/16 17:15,79.1938,-5,0,0,0,-999,0,0,0
8/4/16 17:30,79.25,-5,0,0,0,-999,0,0,0
8/4/16 17:45,79.1938,-5,0,0,0,-999,0,0,0
8/4/16 18:00,79.1938,-5,0,0,0,-999,0,0,0
8/4/16 18:15,79.1938,-5,0,0,0,-999,0,0,0
8/4/16 18:30,79.1938,-5,0,0,0,-999,0,0,0
8/4/16 18:45,79.1938,-5,0,0,0,-999,0,0,0
8/4/16 19:00,79.1938,-5,0,0,0,-999,0,0,0
8/4/16 19:15,79.1938,-5,0,0,0,-999,0,0,0
8/4/16 19:30,79.1375,-5,0,0,0,-999,0,0,0
8/4/16 19:45,79.1375,-5,0,0,0,-999,0,0,0
8/4/16 20:00,79.1375,-5,0,0,0,-999,0,0,0
8/4/16 20:15,79.1375,-5,0,0,0,-999,0,0,0
8/4/16 20:30,79.1375,-5,0,0,0,-999,0,0,0
8/4/16 20:45,79.1375,-5,0,0,0,-999,0,0,0
8/4/16 21:00,79.1375,-5,0,0,0,-999,0,0,0
8/4/16 21:15,79.1375,-5,0,0,0,-999,0,0,0
8/4/16 21:30,79.1375,-5,0,0,0,-999,0,0,0
8/4/16 21:45,79.1375,-5,0,0,0,-999,0,0,0
8/4/16 22:00,79.1375,-5,0,0,0,-999,0,0,0
8/4/16 22:15,79.1375,-5,0,0,0,-999,0,0,0
8/4/16 22:30,79.1375,-5,0,0,0,-999,0,0,0
8/4/16 22:45,79.0812,-5,0,0,0,-999,0,0,0
8/4/16 23:00,79.0812,-5,0,0,0,-999,0,0,0
8/4/16 23:15,79.0812,-5,0,0,0,-999,0,0,0
8/4/16 23:30,79.1375,-5,0,0,0,-999,0,0,0
8/4/16 23:45,79.0812,-5,0,0,0,-999,0,0,0
8/5/16 0:00,79.0812,-5,0,0,0,-999,0,0,0
8/5/16 0:15,79.0812,-5,0,0,0,-999,0,0,0
8/5/16 0:30,79.0812,-5,0,0,0,-999,0,0,0
8/5/16 0:45,79.0812,-5,0,0,0,-999,0,0,0
8/5/16 1:00,79.0812,-5,0,0,0,-999,0,0,0
8/5/16 1:15,79.0812,-5,0,0,0,-999,0,0,0
8/5/16 1:30,79.0812,-5,0,0,0,-999,0,0,0
8/5/16 1:45,79.0812,-5,0,0,0,-999,0,0,0
8/5/16 2:00,79.0812,-5,0,0,0,-999,0,0,0
8/5/16 2:15,79.0812,-5,0,0,0,-999,0,0,0
8/5/16 2:30,79.025,-5,0,0,0,-999,0,0,0
8/5/16 2:45,79.025,-5,0,0,0,-999,0,0,0
8/5/16 3:00,79.0812,-5,0,0,0,-999,0,0,0
8/5/16 3:15,79.025,-5,0,0,0,-999,0,0,0
8/5/16 3:30,79.025,-5,0,0,0,-999,0,0,0
8/5/16 3:45,78.9688,-5,0,0,0,-999,0,0,0
8/5/16 4:00,78.9688,-5,0,0,0,-999,0,0,0
8/5/16 4:15,78.9125,-5,0,0,0,-999,0,0,0
8/5/16 4:30,78.9125,-5,0,0,0,-999,0,0,0
8/5/16 4:45,78.9125,-5,0,0,0,-999,0,0,0
8/5/16 5:00,78.8563,-5,0,0,0,-999,0,0,0
8/5/16 5:15,78.8,-5,0,0,0,-999,0,0,0
8/5/16 5:30,78.8,-5,0,0,0,-999,0,0,0
8/5/16 5:45,78.8,-5,0,0,0,-999,0,0,0
8/5/16 6:00,78.8,-5,0,0,0,-999,0,0,0
8/5/16 6:15,78.8,-5,0,0,0,-999,0,0,0
8/5/16 6:30,78.8,-5,0,0,0,-999,0,0,0
8/5/16 6:45,78.7438,-5,0,0,0,-999,0,0,0
8/5/16 7:00,78.7438,-5,0,0,0,-999,0,0,0
8/5/16 7:15,78.7438,-5,0,0,0,-999,0,0,0
8/5/16 7:30,78.7438,-5,0,0,0,-999,0,0,0
8/5/16 7:45,78.7438,-5,0,0,0,-999,0,0,0
8/5/16 8:00,78.7438,-5,0,0,0,-999,0,0,0
8/5/16 8:15,78.7438,-5,0,0,0,-999,0,0,0
8/5/16 8:30,78.7438,-5,0,0,0,-999,0,0,0
8/5/16 8:45,78.7438,-5,0,0,0,-999,0,0,0
8/5/16 9:00,78.8,-5,0,0,0,-999,0,0,0
8/5/16 9:15,78.8,-5,0,0,0,-999,0,0,0
8/5/16 9:30,78.8,-5,0,0,0,-999,0,0,0
8/5/16 9:45,78.8563,-5,0,0,0,-999,0,0,0
8/5/16 10:00,78.9125,-5,0,0,0,-999,0,0,0
8/5/16 10:15,78.9125,-5,0,0,0,-999,0,0,0
8/5/16 10:30,78.9125,-5,0,0,0,-999,0,0,0
8/5/16 10:45,78.9125,-5,0,0,0,-999,0,0,0
8/5/16 11:00,78.9688,-5,0,0,0,-999,0,0,0
8/5/16 11:15,78.9688,-5,0,0,0,-999,0,0,0
8/5/16 11:30,79.025,-5,0,0,0,-999,0,0,0
8/5/16 11:45,79.025,-5,0,0,0,-999,0,0,0
8/5/16 12:00,79.0812,-5,0,0,0,-999,0,0,0
8/5/16 12:15,79.0812,-5,0,0,0,-999,0,0,0
8/5/16 12:30,79.0812,-5,0,0,0,-999,0,0,0
8/5/16 12:45,79.1375,-5,0,0,0,-999,0,0,0
8/5/16 13:00,79.1375,-5,0,0,0,-999,0,0,0
8/5/16 13:15,79.1375,-5,0,0,0,-999,0,0,0
8/5/16 13:30,79.1938,-5,0,0,0,-999,0,0,0
8/5/16 13:45,79.1938,-5,0,0,0,-999,0,0,0
8/5/16 14:00,79.25,-5,0,0,0,-999,0,0,0
8/5/16 14:15,79.25,-5,0,0,0,-999,0,0,0
8/5/16 14:30,79.25,-5,0,0,0,-999,0,0,0
8/5/16 14:45,79.3063,-5,0,0,0,-999,0,0,0
8/5/16 15:00,79.3063,-5,0,0,0,-999,0,0,0
8/5/16 15:15,79.3063,-5,0,0,0,-999,0,0,0
8/5/16 15:30,79.3063,-5,0,0,0,-999,0,0,0
8/5/16 15:45,79.3063,-5,0,0,0,-999,0,0,0
8/5/16 16:00,79.3063,-5,0,0,0,-999,0,0,0
8/5/16 16:15,79.3625,-5,0,0,0,-999,0,0,0
8/5/16 16:30,79.3625,-5,0,0,0,-999,0,0,0
8/5/16 16:45,79.3063,-5,0,0,0,-999,0,0,0
8/5/16 17:00,79.3063,-5,0,0,0,-999,0,0,0
8/5/16 17:15,79.3625,-5,0,0,0,-999,0,0,0
8/5/16 17:30,79.3625,-5,0,0,0,-999,0,0,0
8/5/16 17:45,79.3625,-5,0,0,0,-999,0,0,0
8/5/16 18:00,79.3063,-5,0,0,0,-999,0,0,0
8/5/16 18:15,79.3063,-5,0,0,0,-999,0,0,0
8/5/16 18:30,79.3063,-5,0,0,0,-999,0,0,0
8/5/16 18:45,79.3063,-5,0,0,0,-999,0,0,0
8/5/16 19:00,79.25,-5,0,0,0,-999,0,0,0
8/5/16 19:15,79.25,-5,0,0,0,-999,0,0,0
8/5/16 19:30,79.1938,-5,0,0,0,-999,0,0,0
8/5/16 19:45,79.25,-5,0,0,0,-999,0,0,0
8/5/16 20:00,79.1938,-5,0,0,0,-999,0,0,0
8/5/16 20:15,79.1938,-5,0,0,0,-999,0,0,0
8/5/16 20:30,79.1375,-5,0,0,0,-999,0,0,0
8/5/16 20:45,79.1375,-5,0,0,0,-999,0,0,0
8/5/16 21:00,79.1375,-5,0,0,0,-999,0,0,0
8/5/16 21:15,79.1375,-5,0,0,0,-999,0,0,0
8/5/16 21:30,79.1375,-5,0,0,0,-999,0,0,0
8/5/16 21:45,79.1375,-5,0,0,0,-999,0,0,0
8/5/16 22:00,79.1375,-5,0,0,0,-999,0,0,0
8/5/16 22:15,79.1375,-5,0,0,0,-999,0,0,0
8/5/16 22:30,79.1375,-5,0,0,0,-999,0,0,0
8/5/16 22:45,79.0812,-5,0,0,0,-999,0,0,0
8/5/16 23:00,79.1375,-5,0,0,0,-999,0,0,0
8/5/16 23:15,79.0812,-5,0,0,0,-999,0,0,0
8/5/16 23:30,79.1375,-5,0,0,0,-999,0,0,0
8/5/16 23:45,79.0812,-5,0,0,0,-999,0,0,0
8/6/16 0:00,79.0812,-5,0,0,0,-999,0,0,0
8/6/16 0:15,79.0812,-5,0,0,0,-999,0,0,0
8/6/16 0:30,79.0812,-5,0,0,0,-999,0,0,0
8/6/16 0:45,79.0812,-5,0,0,0,-999,0,0,0
8/6/16 1:00,79.0812,-5,0,0,0,-999,0,0,0
8/6/16 1:15,79.025,-5,0,0,0,-999,0,0,0
8/6/16 1:30,79.0812,-5,0,0,0,-999,0,0,0
8/6/16 1:45,79.025,-5,0,0,0,-999,0,0,0
8/6/16 2:00,79.0812,-5,0,0,0,-999,0,0,0
8/6/16 2:15,79.025,-5,0,0,0,-999,0,0,0
8/6/16 2:30,79.025,-5,0,0,0,-999,0,0,0
8/6/16 2:45,79.025,-5,0,0,0,-999,0,0,0
8/6/16 3:00,79.025,-5,0,0,0,-999,0,0,0
8/6/16 3:15,79.025,-5,0,0,0,-999,0,0,0
8/6/16 3:30,79.025,-5,0,0,0,-999,0,0,0
8/6/16 3:45,79.025,-5,0,0,0,-999,0,0,0
8/6/16 4:00,79.025,-5,0,0,0,-999,0,0,0
8/6/16 4:15,78.9688,-5,0,0,0,-999,0,0,0
8/6/16 4:30,78.9688,-5,0,0,0,-999,0,0,0
8/6/16 4:45,78.9125,-5,0,0,0,-999,0,0,0
8/6/16 5:00,78.9688,-5,0,0,0,-999,0,0,0
8/6/16 5:15,78.9125,-5,0,0,0,-999,0,0,0
8/6/16 5:30,78.9125,-5,0,0,0,-999,0,0,0
8/6/16 5:45,78.8563,-5,0,0,0,-999,0,0,0
8/6/16 6:00,78.8563,-5,0,0,0,-999,0,0,0
8/6/16 6:15,78.8563,-5,0,0,0,-999,0,0,0
8/6/16 6:30,78.8,-5,0,0,0,-999,0,0,0
8/6/16 6:45,78.8,-5,0,0,0,-999,0,0,0
8/6/16 7:00,78.8,-5,0,0,0,-999,0,0,0
8/6/16 7:15,78.8,-5,0,0,0,-999,0,0,0
8/6/16 7:30,78.8,-5,0,0,0,-999,0,0,0
8/6/16 7:45,78.8,-5,0,0,0,-999,0,0,0
8/6/16 8:00,78.8,-5,0,0,0,-999,0,0,0
8/6/16 8:15,78.8,-5,0,0,0,-999,0,0,0
8/6/16 8:30,78.8,-5,0,0,0,-999,0,0,0
8/6/16 8:45,78.8,-5,0,0,0,-999,0,0,0
8/6/16 9:00,78.8,-5,0,0,0,-999,0,0,0
8/6/16 9:15,78.8563,-5,0,0,0,-999,0,0,0
8/6/16 9:30,78.8,-5,0,0,0,-999,0,0,0
8/6/16 9:45,78.8,-5,0,0,0,-999,0,0,0
8/6/16 10:00,78.9125,-5,0,0,0,-999,0,0,0
8/6/16 10:15,78.9125,-5,0,0,0,-999,0,0,0
8/6/16 10:30,78.9125,-5,0,0,0,-999,0,0,0
8/6/16 10:45,78.9688,-5,0,0,0,-999,0,0,0
8/6/16 11:00,78.9688,-5,0,0,0,-999,0,0,0
8/6/16 11:15,79.025,-5,0,0,0,-999,0,0,0
8/6/16 11:30,79.025,-5,0,0,0,-999,0,0,0
8/6/16 11:45,79.0812,-5,0,0,0,-999,0,0,0
8/6/16 12:00,79.1375,-5,0,0,0,-999,0,0,0
8/6/16 12:15,79.1375,-5,0,0,0,-999,0,0,0
8/6/16 12:30,79.1938,-5,0,0,0,-999,0,0,0
8/6/16 12:45,79.1938,-5,0,0,0,-999,0,0,0
8/6/16 13:00,79.25,-5,0,0,0,-999,0,0,0
8/6/16 13:15,79.25,-5,0,0,0,-999,0,0,0
8/6/16 13:30,79.3063,-5,0,0,0,-999,0,0,0
8/6/16 13:45,79.3063,-5,0,0,0,-999,0,0,0
8/6/16 14:00,79.3625,-5,0,0,0,-999,0,0,0
8/6/16 14:15,79.3625,-5,0,0,0,-999,0,0,0
8/6/16 14:30,79.3625,-5,0,0,0,-999,0,0,0
8/6/16 14:45,79.4188,-5,0,0,0,-999,0,0,0
8/6/16 15:00,79.4188,-5,0,0,0,-999,0,0,0
8/6/16 15:15,79.4188,-5,0,0,0,-999,0,0,0
8/6/16 15:30,79.4188,-5,0,0,0,-999,0,0,0
8/6/16 15:45,79.4188,-5,0,0,0,-999,0,0,0
8/6/16 16:00,79.475,-5,0,0,0,-999,0,0,0
8/6/16 16:15,79.4188,-5,0,0,0,-999,0,0,0
8/6/16 16:30,79.475,-5,0,0,0,-999,0,0,0
8/6/16 16:45,79.475,-5,0,0,0,-999,0,0,0
8/6/16 17:00,79.475,-5,0,0,0,-999,0,0,0
8/6/16 17:15,79.475,-5,0,0,0,-999,0,0,0
8/6/16 17:30,79.4188,-5,0,0,0,-999,0,0,0
8/6/16 17:45,79.4188,-5,0,0,0,-999,0,0,0
8/6/16 18:00,79.475,-5,0,0,0,-999,0,0,0
8/6/16 18:15,79.4188,-5,0,0,0,-999,0,0,0
8/6/16 18:30,79.4188,-5,0,0,0,-999,0,0,0
8/6/16 18:45,79.4188,-5,0,0,0,-999,0,0,0
8/6/16 19:00,79.3625,-5,0,0,0,-999,0,0,0
8/6/16 19:15,79.4188,-5,0,0,0,-999,0,0,0
8/6/16 19:30,79.3625,-5,0,0,0,-999,0,0,0
8/6/16 19:45,79.4188,-5,0,0,0,-999,0,0,0
8/6/16 20:00,79.3625,-5,0,0,0,-999,0,0,0
8/6/16 20:15,79.3625,-5,0,0,0,-999,0,0,0
8/6/16 20:30,79.3625,-5,0,0,0,-999,0,0,0
8/6/16 20:45,79.3625,-5,0,0,0,-999,0,0,0
8/6/16 21:00,79.3625,-5,0,0,0,-999,0,0,0
8/6/16 21:15,79.3063,-5,0,0,0,-999,0,0,0
8/6/16 21:30,79.3625,-5,0,0,0,-999,0,0,0
8/6/16 21:45,79.3063,-5,0,0,0,-999,0,0,0
8/6/16 22:00,79.3625,-5,0,0,0,-999,0,0,0
8/6/16 22:15,79.3063,-5,0,0,0,-999,0,0,0
8/6/16 22:30,79.3063,-5,0,0,0,-999,0,0,0
8/6/16 22:45,79.3063,-5,0,0,0,-999,0,0,0
8/6/16 23:00,79.3063,-5,0,0,0,-999,0,0,0
8/6/16 23:15,79.3625,-5,0,0,0,-999,0,0,0
8/6/16 23:30,79.3063,-5,0,0,0,-999,0,0,0
8/6/16 23:45,79.3063,-5,0,0,0,-999,0,0,0
8/7/16 0:00,79.3063,-5,0,0,0,-999,0,0,0
8/7/16 0:15,79.3063,-5,0,0,0,-999,0,0,0
8/7/16 0:30,79.3063,-5,0,0,0,-999,0,0,0
8/7/16 0:45,79.3063,-5,0,0,0,-999,0,0,0
8/7/16 1:00,79.3063,-5,0,0,0,-999,0,0,0
8/7/16 1:15,79.25,-5,0,0,0,-999,0,0,0
8/7/16 1:30,79.3063,-5,0,0,0,-999,0,0,0
8/7/16 1:45,79.25,-5,0,0,0,-999,0,0,0
8/7/16 2:00,79.3063,-5,0,0,0,-999,0,0,0
8/7/16 2:15,79.25,-5,0,0,0,-999,0,0,0
8/7/16 2:30,79.25,-5,0,0,0,-999,0,0,0
8/7/16 2:45,79.25,-5,0,0,0,-999,0,0,0
8/7/16 3:00,79.25,-5,0,0,0,-999,0,0,0
8/7/16 3:15,79.25,-5,0,0,0,-999,0,0,0
8/7/16 3:30,79.25,-5,0,0,0,-999,0,0,0
8/7/16 3:45,79.25,-5,0,0,0,-999,0,0,0
8/7/16 4:00,79.1938,-5,0,0,0,-999,0,0,0
8/7/16 4:15,79.25,-5,0,0,0,-999,0,0,0
8/7/16 4:30,79.25,-5,0,0,0,-999,0,0,0
8/7/16 4:45,79.1375,-5,0,0,0,-999,0,0,0
8/7/16 5:00,79.1375,-5,0,0,0,-999,0,0,0
8/7/16 5:15,79.1375,-5,0,0,0,-999,0,0,0
8/7/16 5:30,79.0812,-5,0,0,0,-999,0,0,0
8/7/16 5:45,79.0812,-5,0,0,0,-999,0,0,0
8/7/16 6:00,79.0812,-5,0,0,0,-999,0,0,0
8/7/16 6:15,79.025,-5,0,0,0,-999,0,0,0
8/7/16 6:30,79.025,-5,0,0,0,-999,0,0,0
8/7/16 6:45,79.025,-5,0,0,0,-999,0,0,0
8/7/16 7:00,79.025,-5,0,0,0,-999,0,0,0
8/7/16 7:15,78.9688,-5,0,0,0,-999,0,0,0
8/7/16 7:30,78.9688,-5,0,0,0,-999,0,0,0
8/7/16 7:45,79.025,-5,0,0,0,-999,0,0,0
8/7/16 8:00,78.9688,-5,0,0,0,-999,0,0,0
8/7/16 8:15,79.025,-5,0,0,0,-999,0,0,0
8/7/16 8:30,79.025,-5,0,0,0,-999,0,0,0
8/7/16 8:45,78.9688,-5,0,0,0,-999,0,0,0
8/7/16 9:00,79.025,-5,0,0,0,-999,0,0,0
8/7/16 9:15,79.025,-5,0,0,0,-999,0,0,0
8/7/16 9:30,79.0812,-5,0,0,0,-999,0,0,0
8/7/16 9:45,79.0812,-5,0,0,0,-999,0,0,0
8/7/16 10:00,79.1375,-5,0,0,0,-999,0,0,0
8/7/16 10:15,79.1375,-5,0,0,0,-999,0,0,0
8/7/16 10:30,79.1375,-5,0,0,0,-999,0,0,0
8/7/16 10:45,79.1938,-5,0,0,0,-999,0,0,0
8/7/16 11:00,79.25,-5,0,0,0,-999,0,0,0
8/7/16 11:15,79.25,-5,0,0,0,-999,0,0,0
8/7/16 11:30,79.25,-5,0,0,0,-999,0,0,0
8/7/16 11:45,79.3063,-5,0,0,0,-999,0,0,0
8/7/16 12:00,79.3625,-5,0,0,0,-999,0,0,0
8/7/16 12:15,79.3625,-5,0,0,0,-999,0,0,0
8/7/16 12:30,79.4188,-5,0,0,0,-999,0,0,0
8/7/16 12:45,79.4188,-5,0,0,0,-999,0,0,0
8/7/16 13:00,79.475,-5,0,0,0,-999,0,0,0
8/7/16 13:15,79.475,-5,0,0,0,-999,0,0,0
8/7/16 13:30,79.475,-5,0,0,0,-999,0,0,0
8/7/16 13:45,79.5313,-5,0,0,0,-999,0,0,0
8/7/16 14:00,79.5313,-5,0,0,0,-999,0,0,0
8/7/16 14:15,79.5875,-5,0,0,0,-999,0,0,0
8/7/16 14:30,79.5875,-5,0,0,0,-999,0,0,0
8/7/16 14:45,79.5875,-5,0,0,0,-999,0,0,0
8/7/16 15:00,79.5875,-5,0,0,0,-999,0,0,0
8/7/16 15:15,79.6437,-5,0,0,0,-999,0,0,0
8/7/16 15:30,79.6437,-5,0,0,0,-999,0,0,0
8/7/16 15:45,79.6437,-5,0,0,0,-999,0,0,0
8/7/16 16:00,79.7,-5,0,0,0,-999,0,0,0
8/7/16 16:15,79.6437,-5,0,0,0,-999,0,0,0
8/7/16 16:30,79.6437,-5,0,0,0,-999,0,0,0
8/7/16 16:45,79.6437,-5,0,0,0,-999,0,0,0
8/7/16 17:00,79.6437,-5,0,0,0,-999,0,0,0
8/7/16 17:15,79.5875,-5,0,0,0,-999,0,0,0
8/7/16 17:30,79.5875,-5,0,0,0,-999,0,0,0
8/7/16 17:45,79.6437,-5,0,0,0,-999,0,0,0
8/7/16 18:00,79.5313,-5,0,0,0,-999,0,0,0
8/7/16 18:15,79.5313,-5,0,0,0,-999,0,0,0
8/7/16 18:30,79.5313,-5,0,0,0,-999,0,0,0
8/7/16 18:45,79.5313,-5,0,0,0,-999,0,0,0
8/7/16 19:00,79.5313,-5,0,0,0,-999,0,0,0
8/7/16 19:15,79.5313,-5,0,0,0,-999,0,0,0
8/7/16 19:30,79.5313,-5,0,0,0,-999,0,0,0
8/7/16 19:45,79.475,-5,0,0,0,-999,0,0,0
8/7/16 20:00,79.5313,-5,0,0,0,-999,0,0,0
8/7/16 20:15,79.475,-5,0,0,0,-999,0,0,0
8/7/16 20:30,79.475,-5,0,0,0,-999,0,0,0
8/7/16 20:45,79.475,-5,0,0,0,-999,0,0,0
8/7/16 21:00,79.475,-5,0,0,0,-999,0,0,0
8/7/16 21:15,79.475,-5,0,0,0,-999,0,0,0
8/7/16 21:30,79.475,-5,0,0,0,-999,0,0,0
8/7/16 21:45,79.475,-5,0,0,0,-999,0,0,0
8/7/16 22:00,79.475,-5,0,0,0,-999,0,0,0
8/7/16 22:15,79.475,-5,0,0,0,-999,0,0,0
8/7/16 22:30,79.475,-5,0,0,0,-999,0,0,0
8/7/16 22:45,79.475,-5,0,0,0,-999,0,0,0
8/7/16 23:00,79.475,-5,0,0,0,-999,0,0,0
8/7/16 23:15,79.475,-5,0,0,0,-999,0,0,0
8/7/16 23:30,79.475,-5,0,0,0,-999,0,0,0
8/7/16 23:45,79.475,-5,0,0,0,-999,0,0,0
8/8/16 0:00,79.4188,-5,0,0,0,-999,0,0,0
8/8/16 0:15,79.475,-5,0,0,0,-999,0,0,0
8/8/16 0:30,79.475,-5,0,0,0,-999,0,0,0
8/8/16 0:45,79.4188,-5,0,0,0,-999,0,0,0
8/8/16 1:00,79.4188,-5,0,0,0,-999,0,0,0
8/8/16 1:15,79.475,-5,0,0,0,-999,0,0,0
8/8/16 1:30,79.4188,-5,0,0,0,-999,0,0,0
8/8/16 1:45,79.475,-5,0,0,0,-999,0,0,0
8/8/16 2:00,79.4188,-5,0,0,0,-999,0,0,0
8/8/16 2:15,79.4188,-5,0,0,0,-999,0,0,0
8/8/16 2:30,79.4188,-5,0,0,0,-999,0,0,0
8/8/16 2:45,79.4188,-5,0,0,0,-999,0,0,0
8/8/16 3:00,79.4188,-5,0,0,0,-999,0,0,0
8/8/16 3:15,79.3625,-5,0,0,0,-999,0,0,0
8/8/16 3:30,79.3625,-5,0,0,0,-999,0,0,0
8/8/16 3:45,79.3063,-5,0,0,0,-999,0,0,0
8/8/16 4:00,79.3063,-5,0,0,0,-999,0,0,0
8/8/16 4:15,79.3063,-5,0,0,0,-999,0,0,0
8/8/16 4:30,79.25,-5,0,0,0,-999,0,0,0
8/8/16 4:45,79.25,-5,0,0,0,-999,0,0,0
8/8/16 5:00,79.25,-5,0,0,0,-999,0,0,0
8/8/16 5:15,79.1938,-5,0,0,0,-999,0,0,0
8/8/16 5:30,79.1375,-5,0,0,0,-999,0,0,0
8/8/16 5:45,79.1375,-5,0,0,0,-999,0,0,0
8/8/16 6:00,79.1375,-5,0,0,0,-999,0,0,0
8/8/16 6:15,79.1375,-5,0,0,0,-999,0,0,0
8/8/16 6:30,79.1375,-5,0,0,0,-999,0,0,0
8/8/16 6:45,79.0812,-5,0,0,0,-999,0,0,0
8/8/16 7:00,79.1375,-5,0,0,0,-999,0,0,0
8/8/16 7:15,79.1375,-5,0,0,0,-999,0,0,0
8/8/16 7:30,79.0812,-5,0,0,0,-999,0,0,0
8/8/16 7:45,79.0812,-5,0,0,0,-999,0,0,0
8/8/16 8:00,79.0812,-5,0,0,0,-999,0,0,0
8/8/16 8:15,79.0812,-5,0,0,0,-999,0,0,0
8/8/16 8:30,79.0812,-5,0,0,0,-999,0,0,0
8/8/16 8:45,79.0812,-5,0,0,0,-999,0,0,0
8/8/16 9:00,79.0812,-5,0,0,0,-999,0,0,0
8/8/16 9:15,79.0812,-5,0,0,0,-999,0,0,0
8/8/16 9:30,79.0812,-5,0,0,0,-999,0,0,0
8/8/16 9:45,79.0812,-5,0,0,0,-999,0,0,0
8/8/16 10:00,79.1375,-5,0,0,0,-999,0,0,0
8/8/16 10:15,79.1375,-5,0,0,0,-999,0,0,0
8/8/16 10:30,79.1375,-5,0,0,0,-999,0,0,0
8/8/16 10:45,79.1938,-5,0,0,0,-999,0,0,0
8/8/16 11:00,79.25,-5,0,0,0,-999,0,0,0
8/8/16 11:15,79.25,-5,0,0,0,-999,0,0,0
8/8/16 11:30,79.3063,-5,0,0,0,-999,0,0,0
8/8/16 11:45,79.3063,-5,0,0,0,-999,0,0,0
8/8/16 12:00,79.3063,-5,0,0,0,-999,0,0,0
8/8/16 12:15,79.3625,-5,0,0,0,-999,0,0,0
8/8/16 12:30,79.3625,-5,0,0,0,-999,0,0,0
8/8/16 12:45,79.3625,-5,0,0,0,-999,0,0,0
8/8/16 13:00,79.4188,-5,0,0,0,-999,0,0,0
8/8/16 13:15,79.4188,-5,0,0,0,-999,0,0,0
8/8/16 13:30,79.475,-5,0,0,0,-999,0,0,0
8/8/16 13:45,79.475,-5,0,0,0,-999,0,0,0
8/8/16 14:00,79.475,-5,0,0,0,-999,0,0,0
8/8/16 14:15,79.475,-5,0,0,0,-999,0,0,0
8/8/16 14:30,79.475,-5,0,0,0,-999,0,0,0
8/8/16 14:45,79.5313,-5,0,0,0,-999,0,0,0
8/8/16 15:00,79.5313,-5,0,0,0,-999,0,0,0
8/8/16 15:15,79.5313,-5,0,0,0,-999,0,0,0
8/8/16 15:30,79.5313,-5,0,0,0,-999,0,0,0
8/8/16 15:45,79.5875,-5,0,0,0,-999,0,0,0
8/8/16 16:00,79.5875,-5,0,0,0,-999,0,0,0
8/8/16 16:15,79.5875,-5,0,0,0,-999,0,0,0
8/8/16 16:30,79.5875,-5,0,0,0,-999,0,0,0
8/8/16 16:45,79.5875,-5,0,0,0,-999,0,0,0
8/8/16 17:00,79.5313,-5,0,0,0,-999,0,0,0
8/8/16 17:15,79.5875,-5,0,0,0,-999,0,0,0
8/8/16 17:30,79.5875,-5,0,0,0,-999,0,0,0
8/8/16 17:45,79.5313,-5,0,0,0,-999,0,0,0
8/8/16 18:00,79.5313,-5,0,0,0,-999,0,0,0
8/8/16 18:15,79.5313,-5,0,0,0,-999,0,0,0
8/8/16 18:30,79.5313,-5,0,0,0,-999,0,0,0
8/8/16 18:45,79.5313,-5,0,0,0,-999,0,0,0
8/8/16 19:00,79.5313,-5,0,0,0,-999,0,0,0
8/8/16 19:15,79.5313,-5,0,0,0,-999,0,0,0
8/8/16 19:30,79.5313,-5,0,0,0,-999,0,0,0
8/8/16 19:45,79.5313,-5,0,0,0,-999,0,0,0
8/8/16 20:00,79.5313,-5,0,0,0,-999,0,0,0
8/8/16 20:15,79.5313,-5,0,0,0,-999,0,0,0
8/8/16 20:30,79.5313,-5,0,0,0,-999,0,0,0
8/8/16 20:45,79.5313,-5,0,0,0,-999,0,0,0
8/8/16 21:00,79.5313,-5,0,0,0,-999,0,0,0
8/8/16 21:15,79.5313,-5,0,0,0,-999,0,0,0
8/8/16 21:30,79.5313,-5,0,0,0,-999,0,0,0
8/8/16 21:45,79.5313,-5,0,0,0,-999,0,0,0
8/8/16 22:00,79.5313,-5,0,0,0,-999,0,0,0
8/8/16 22:15,79.5313,-5,0,0,0,-999,0,0,0
8/8/16 22:30,79.5313,-5,0,0,0,-999,0,0,0
8/8/16 22:45,79.475,-5,0,0,0,-999,0,0,0
8/8/16 23:00,79.5313,-5,0,0,0,-999,0,0,0
8/8/16 23:15,79.475,-5,0,0,0,-999,0,0,0
8/8/16 23:30,79.5313,-5,0,0,0,-999,0,0,0
8/8/16 23:45,79.475,-5,0,0,0,-999,0,0,0
8/9/16 0:00,79.475,-5,0,0,0,-999,0,0,0
8/9/16 0:15,79.5313,-5,0,0,0,-999,0,0,0
8/9/16 0:30,79.475,-5,0,0,0,-999,0,0,0
8/9/16 0:45,79.475,-5,0,0,0,-999,0,0,0
8/9/16 1:00,79.475,-5,0,0,0,-999,0,0,0
8/9/16 1:15,79.475,-5,0,0,0,-999,0,0,0
8/9/16 1:30,79.475,-5,0,0,0,-999,0,0,0
8/9/16 1:45,79.475,-5,0,0,0,-999,0,0,0
8/9/16 2:00,79.475,-5,0,0,0,-999,0,0,0
8/9/16 2:15,79.475,-5,0,0,0,-999,0,0,0
8/9/16 2:30,79.475,-5,0,0,0,-999,0,0,0
8/9/16 2:45,79.4188,-5,0,0,0,-999,0,0,0
8/9/16 3:00,79.475,-5,0,0,0,-999,0,0,0
8/9/16 3:15,79.475,-5,0,0,0,-999,0,0,0
8/9/16 3:30,79.4188,-5,0,0,0,-999,0,0,0
8/9/16 3:45,79.4188,-5,0,0,0,-999,0,0,0
8/9/16 4:00,79.4188,-5,0,0,0,-999,0,0,0
8/9/16 4:15,79.4188,-5,0,0,0,-999,0,0,0
8/9/16 4:30,79.4188,-5,0,0,0,-999,0,0,0
8/9/16 4:45,79.4188,-5,0,0,0,-999,0,0,0
8/9/16 5:00,79.4188,-5,0,0,0,-999,0,0,0
8/9/16 5:15,79.4188,-5,0,0,0,-999,0,0,0
8/9/16 5:30,79.4188,-5,0,0,0,-999,0,0,0
8/9/16 5:45,79.4188,-5,0,0,0,-999,0,0,0
8/9/16 6:00,79.4188,-5,0,0,0,-999,0,0,0
8/9/16 6:15,79.3625,-5,0,0,0,-999,0,0,0
8/9/16 6:30,79.4188,-5,0,0,0,-999,0,0,0
8/9/16 6:45,79.4188,-5,0,0,0,-999,0,0,0
8/9/16 7:00,79.4188,-5,0,0,0,-999,0,0,0
8/9/16 7:15,79.3625,-5,0,0,0,-999,0,0,0
8/9/16 7:30,79.4188,-5,0,0,0,-999,0,0,0
8/9/16 7:45,79.4188,-5,0,0,0,-999,0,0,0
8/9/16 8:00,79.3625,-5,0,0,0,-999,0,0,0
8/9/16 8:15,79.3625,-5,0,0,0,-999,0,0,0
8/9/16 8:30,79.3625,-5,0,0,0,-999,0,0,0
8/9/16 8:45,79.3625,-5,0,0,0,-999,0,0,0
8/9/16 9:00,79.3625,-5,0,0,0,-999,0,0,0
8/9/16 9:15,79.3063,-5,0,0,0,-999,0,0,0
8/9/16 9:30,79.3063,-5,0,0,0,-999,0,0,0
8/9/16 9:45,79.3063,-5,0,0,0,-999,0,0,0
8/9/16 10:00,79.3063,-5,0,0,0,-999,0,0,0
8/9/16 10:15,79.25,-5,0,0,0,-999,0,0,0
8/9/16 10:30,79.25,-5,0,0,0,-999,0,0,0
8/9/16 10:45,79.3063,-5,0,0,0,-999,0,0,0
8/9/16 11:00,79.25,-5,0,0,0,-999,0,0,0
8/9/16 11:15,79.25,-5,0,0,0,-999,0,0,0
8/9/16 11:30,79.25,-5,0,0,0,-999,0,0,0
8/9/16 11:45,79.25,-5,0,0,0,-999,0,0,0
8/9/16 12:00,79.25,-5,0,0,0,-999,0,0,0
8/9/16 12:15,79.25,-5,0,0,0,-999,0,0,0
8/9/16 12:30,79.1938,-5,0,0,0,-999,0,0,0
8/9/16 12:45,79.1938,-5,0,0,0,-999,0,0,0
8/9/16 13:00,79.1938,-5,0,0,0,-999,0,0,0
8/9/16 13:15,79.25,-5,0,0,0,-999,0,0,0
8/9/16 13:30,79.25,-5,0,0,0,-999,0,0,0
8/9/16 13:45,79.25,-5,0,0,0,-999,0,0,0
8/9/16 14:00,79.25,-5,0,0,0,-999,0,0,0
8/9/16 14:15,79.1938,-5,0,0,0,-999,0,0,0
8/9/16 14:30,79.25,-5,0,0,0,-999,0,0,0
8/9/16 14:45,79.25,-5,0,0,0,-999,0,0,0
8/9/16 15:00,79.25,-5,0,0,0,-999,0,0,0
8/9/16 15:15,79.3063,-5,0,0,0,-999,0,0,0
8/9/16 15:30,79.3063,-5,0,0,0,-999,0,0,0
8/9/16 15:45,79.3063,-5,0,0,0,-999,0,0,0
8/9/16 16:00,79.3063,-5,0,0,0,-999,0,0,0
8/9/16 16:15,79.3063,-5,0,0,0,-999,0,0,0
8/9/16 16:30,79.3063,-5,0,0,0,-999,0,0,0
8/9/16 16:45,79.3063,-5,0,0,0,-999,0,0,0
8/9/16 17:00,79.3063,-5,0,0,0,-999,0,0,0
8/9/16 17:15,79.3063,-5,0,0,0,-999,0,0,0
8/9/16 17:30,79.3063,-5,0,0,0,-999,0,0,0
8/9/16 17:45,79.3625,-5,0,0,0,-999,0,0,0
8/9/16 18:00,79.3625,-5,0,0,0,-999,0,0,0
8/9/16 18:15,79.3625,-5,0,0,0,-999,0,0,0
8/9/16 18:30,79.3625,-5,0,0,0,-999,0,0,0
8/9/16 18:45,79.3625,-5,0,0,0,-999,0,0,0
8/9/16 19:00,79.3625,-5,0,0,0,-999,0,0,0
8/9/16 19:15,79.3625,-5,0,0,0,-999,0,0,0
8/9/16 19:30,79.3625,-5,0,0,0,-999,0,0,0
8/9/16 19:45,79.3625,-5,0,0,0,-999,0,0,0
8/9/16 20:00,79.3063,-5,0,0,0,-999,0,0,0
8/9/16 20:15,79.3625,-5,0,0,0,-999,0,0,0
8/9/16 20:30,79.3625,-5,0,0,0,-999,0,0,0
8/9/16 20:45,79.3625,-5,0,0,0,-999,0,0,0
8/9/16 21:00,79.3625,-5,0,0,0,-999,0,0,0
8/9/16 21:15,79.3625,-5,0,0,0,-999,0,0,0
8/9/16 21:30,79.3063,-5,0,0,0,-999,0,0,0
8/9/16 21:45,79.3063,-5,0,0,0,-999,0,0,0
8/9/16 22:00,79.3063,-5,0,0,0,-999,0,0,0
8/9/16 22:15,79.3063,-5,0,0,0,-999,0,0,0
8/9/16 22:30,79.3625,-5,0,0,0,-999,0,0,0
8/9/16 22:45,79.3063,-5,0,0,0,-999,0,0,0
8/9/16 23:00,79.3625,-5,0,0,0,-999,0,0,0
8/9/16 23:15,79.3063,-5,0,0,0,-999,0,0,0
8/9/16 23:30,79.3063,-5,0,0,0,-999,0,0,0
8/9/16 23:45,79.3063,-5,0,0,0,-999,0,0,0
8/10/16 0:00,79.3625,-5,0,0,0,-999,0,0,0
8/10/16 0:15,79.3063,-5,0,0,0,-999,0,0,0
8/10/16 0:30,79.25,-5,0,0,0,-999,0,0,0
8/10/16 0:45,79.25,-5,0,0,0,-999,0,0,0
8/10/16 1:00,79.3063,-5,0,0,0,-999,0,0,0
8/10/16 1:15,79.25,-5,0,0,0,-999,0,0,0
8/10/16 1:30,79.3063,-5,0,0,0,-999,0,0,0
8/10/16 1:45,79.3063,-5,0,0,0,-999,0,0,0
8/10/16 2:00,79.3063,-5,0,0,0,-999,0,0,0
8/10/16 2:15,79.3063,-5,0,0,0,-999,0,0,0
8/10/16 2:30,79.25,-5,0,0,0,-999,0,0,0
8/10/16 2:45,79.25,-5,0,0,0,-999,0,0,0
8/10/16 3:00,79.25,-5,0,0,0,-999,0,0,0
8/10/16 3:15,79.1938,-5,0,0,0,-999,0,0,0
8/10/16 3:30,79.1938,-5,0,0,0,-999,0,0,0
8/10/16 3:45,79.25,-5,0,0,0,-999,0,0,0
8/10/16 4:00,79.25,-5,0,0,0,-999,0,0,0
8/10/16 4:15,79.1938,-5,0,0,0,-999,0,0,0
8/10/16 4:30,79.25,-5,0,0,0,-999,0,0,0
8/10/16 4:45,79.1938,-5,0,0,0,-999,0,0,0
8/10/16 5:00,79.1938,-5,0,0,0,-999,0,0,0
8/10/16 5:15,79.1938,-5,0,0,0,-999,0,0,0
8/10/16 5:30,79.1938,-5,0,0,0,-999,0,0,0
8/10/16 5:45,79.1938,-5,0,0,0,-999,0,0,0
8/10/16 6:00,79.1938,-5,0,0,0,-999,0,0,0
8/10/16 6:15,79.1938,-5,0,0,0,-999,0,0,0
8/10/16 6:30,79.1938,-5,0,0,0,-999,0,0,0
8/10/16 6:45,79.1375,-5,0,0,0,-999,0,0,0
8/10/16 7:00,79.1375,-5,0,0,0,-999,0,0,0
8/10/16 7:15,79.1938,-5,0,0,0,-999,0,0,0
8/10/16 7:30,79.1375,-5,0,0,0,-999,0,0,0
8/10/16 7:45,79.1375,-5,0,0,0,-999,0,0,0
8/10/16 8:00,79.1375,-5,0,0,0,-999,0,0,0
8/10/16 8:15,79.1375,-5,0,0,0,-999,0,0,0
8/10/16 8:30,79.1375,-5,0,0,0,-999,0,0,0
8/10/16 8:45,79.1375,-5,0,0,0,-999,0,0,0
8/10/16 9:00,79.1375,-5,0,0,0,-999,0,0,0
8/10/16 9:15,79.1375,-5,0,0,0,-999,0,0,0
8/10/16 9:30,79.1375,-5,0,0,0,-999,0,0,0
8/10/16 9:45,79.1375,-5,0,0,0,-999,0,0,0
8/10/16 10:00,79.1938,-5,0,0,0,-999,0,0,0
8/10/16 10:15,79.1375,-5,0,0,0,-999,0,0,0
8/10/16 10:30,79.1938,-5,0,0,0,-999,0,0,0
8/10/16 10:45,79.1938,-5,0,0,0,-999,0,0,0
8/10/16 11:00,79.1938,-5,0,0,0,-999,0,0,0
8/10/16 11:15,79.1938,-5,0,0,0,-999,0,0,0
8/10/16 11:30,79.25,-5,0,0,0,-999,0,0,0
8/10/16 11:45,79.25,-5,0,0,0,-999,0,0,0
8/10/16 12:00,79.3063,-5,0,0,0,-999,0,0,0
8/10/16 12:15,79.3063,-5,0,0,0,-999,0,0,0
8/10/16 12:30,79.3063,-5,0,0,0,-999,0,0,0
8/10/16 12:45,79.3625,-5,0,0,0,-999,0,0,0
8/10/16 13:00,79.3625,-5,0,0,0,-999,0,0,0
8/10/16 13:15,79.3625,-5,0,0,0,-999,0,0,0
8/10/16 13:30,79.3625,-5,0,0,0,-999,0,0,0
8/10/16 13:45,79.3625,-5,0,0,0,-999,0,0,0
8/10/16 14:00,79.3625,-5,0,0,0,-999,0,0,0
8/10/16 14:15,79.3625,-5,0,0,0,-999,0,0,0
8/10/16 14:30,79.3625,-5,0,0,0,-999,0,0,0
8/10/16 14:45,79.3625,-5,0,0,0,-999,0,0,0
8/10/16 15:00,79.3625,-5,0,0,0,-999,0,0,0
8/10/16 15:15,79.4188,-5,0,0,0,-999,0,0,0
8/10/16 15:30,79.3625,-5,0,0,0,-999,0,0,0
8/10/16 15:45,79.4188,-5,0,0,0,-999,0,0,0
8/10/16 16:00,79.4188,-5,0,0,0,-999,0,0,0
8/10/16 16:15,79.4188,-5,0,0,0,-999,0,0,0
8/10/16 16:30,79.4188,-5,0,0,0,-999,0,0,0
8/10/16 16:45,79.3625,-5,0,0,0,-999,0,0,0
8/10/16 17:00,79.4188,-5,0,0,0,-999,0,0,0
8/10/16 17:15,79.4188,-5,0,0,0,-999,0,0,0
8/10/16 17:30,79.4188,-5,0,0,0,-999,0,0,0
8/10/16 17:45,79.3625,-5,0,0,0,-999,0,0,0
8/10/16 18:00,79.3625,-5,0,0,0,-999,0,0,0
8/10/16 18:15,79.3625,-5,0,0,0,-999,0,0,0
8/10/16 18:30,79.3625,-5,0,0,0,-999,0,0,0
8/10/16 18:45,79.3625,-5,0,0,0,-999,0,0,0
8/10/16 19:00,79.3625,-5,0,0,0,-999,0,0,0
8/10/16 19:15,79.3625,-5,0,0,0,-999,0,0,0
8/10/16 19:30,79.4188,-5,0,0,0,-999,0,0,0
8/10/16 19:45,79.3625,-5,0,0,0,-999,0,0,0
8/10/16 20:00,79.3625,-5,0,0,0,-999,0,0,0
8/10/16 20:15,79.3625,-5,0,0,0,-999,0,0,0
8/10/16 20:30,79.3625,-5,0,0,0,-999,0,0,0
8/10/16 20:45,79.3625,-5,0,0,0,-999,0,0,0
8/10/16 21:00,79.3625,-5,0,0,0,-999,0,0,0
8/10/16 21:15,79.3625,-5,0,0,0,-999,0,0,0
8/10/16 21:30,79.3625,-5,0,0,0,-999,0,0,0
8/10/16 21:45,79.3625,-5,0,0,0,-999,0,0,0
8/10/16 22:00,79.3625,-5,0,0,0,-999,0,0,0
8/10/16 22:15,79.3625,-5,0,0,0,-999,0,0,0
8/10/16 22:30,79.3625,-5,0,0,0,-999,0,0,0
8/10/16 22:45,79.3625,-5,0,0,0,-999,0,0,0
8/10/16 23:00,79.3625,-5,0,0,0,-999,0,0,0
8/10/16 23:15,79.3625,-5,0,0,0,-999,0,0,0
8/10/16 23:30,79.3063,-5,0,0,0,-999,0,0,0
8/10/16 23:45,79.3063,-5,0,0,0,-999,0,0,0
8/11/16 0:00,79.3063,-5,0,0,0,-999,0,0,0
8/11/16 0:15,79.3063,-5,0,0,0,-999,0,0,0
8/11/16 0:30,79.3063,-5,0,0,0,-999,0,0,0
8/11/16 0:45,79.3063,-5,0,0,0,-999,0,0,0
8/11/16 1:00,79.3063,-5,0,0,0,-999,0,0,0
8/11/16 1:15,79.3063,-5,0,0,0,-999,0,0,0
8/11/16 1:30,79.3063,-5,0,0,0,-999,0,0,0
8/11/16 1:45,79.3063,-5,0,0,0,-999,0,0,0
8/11/16 2:00,79.3063,-5,0,0,0,-999,0,0,0
8/11/16 2:15,79.3063,-5,0,0,0,-999,0,0,0
8/11/16 2:30,79.3063,-5,0,0,0,-999,0,0,0
8/11/16 2:45,79.3063,-5,0,0,0,-999,0,0,0
8/11/16 3:00,79.25,-5,0,0,0,-999,0,0,0
8/11/16 3:15,79.25,-5,0,0,0,-999,0,0,0
8/11/16 3:30,79.25,-5,0,0,0,-999,0,0,0
8/11/16 3:45,79.25,-5,0,0,0,-999,0,0,0
8/11/16 4:00,79.25,-5,0,0,0,-999,0,0,0
8/11/16 4:15,79.25,-5,0,0,0,-999,0,0,0
8/11/16 4:30,79.25,-5,0,0,0,-999,0,0,0
8/11/16 4:45,79.25,-5,0,0,0,-999,0,0,0
8/11/16 5:00,79.1938,-5,0,0,0,-999,0,0,0
8/11/16 5:15,79.1938,-5,0,0,0,-999,0,0,0
8/11/16 5:30,79.25,-5,0,0,0,-999,0,0,0
8/11/16 5:45,79.25,-5,0,0,0,-999,0,0,0
8/11/16 6:00,79.25,-5,0,0,0,-999,0,0,0
8/11/16 6:15,79.1938,-5,0,0,0,-999,0,0,0
8/11/16 6:30,79.1938,-5,0,0,0,-999,0,0,0
8/11/16 6:45,79.1938,-5,0,0,0,-999,0,0,0
8/11/16 7:00,79.25,-5,0,0,0,-999,0,0,0
8/11/16 7:15,79.1938,-5,0,0,0,-999,0,0,0
8/11/16 7:30,79.1938,-5,0,0,0,-999,0,0,0
8/11/16 7:45,79.1938,-5,0,0,0,-999,0,0,0
8/11/16 8:00,79.1375,-5,0,0,0,-999,0,0,0
8/11/16 8:15,79.1938,-5,0,0,0,-999,0,0,0
8/11/16 8:30,79.1375,-5,0,0,0,-999,0,0,0
8/11/16 8:45,79.1375,-5,0,0,0,-999,0,0,0
8/11/16 9:00,79.1375,-5,0,0,0,-999,0,0,0
8/11/16 9:15,79.0812,-5,0,0,0,-999,0,0,0
8/11/16 9:30,79.0812,-5,0,0,0,-999,0,0,0
8/11/16 9:45,79.0812,-5,0,0,0,-999,0,0,0
8/11/16 10:00,79.0812,-5,0,0,0,-999,0,0,0
8/11/16 10:15,79.025,-5,0,0,0,-999,0,0,0
8/11/16 10:30,78.9688,-5,0,0,0,-999,0,0,0
8/11/16 10:45,78.9688,-5,0,0,0,-999,0,0,0
8/11/16 11:00,78.9688,-5,0,0,0,-999,0,0,0
8/11/16 11:15,78.9688,-5,0,0,0,-999,0,0,0
8/11/16 11:30,78.9688,-5,0,0,0,-999,0,0,0
8/11/16 11:45,78.9688,-5,0,0,0,-999,0,0,0
8/11/16 12:00,78.9688,-5,0,0,0,-999,0,0,0
8/11/16 12:15,78.9688,-5,0,0,0,-999,0,0,0
8/11/16 12:30,78.9688,-5,0,0,0,-999,0,0,0
8/11/16 12:45,79.025,-5,0,0,0,-999,0,0,0
8/11/16 13:00,79.025,-5,0,0,0,-999,0,0,0
8/11/16 13:15,79.025,-5,0,0,0,-999,0,0,0
8/11/16 13:30,79.0812,-5,0,0,0,-999,0,0,0
8/11/16 13:45,79.0812,-5,0,0,0,-999,0,0,0
8/11/16 14:00,79.0812,-5,0,0,0,-999,0,0,0
8/11/16 14:15,79.0812,-5,0,0,0,-999,0,0,0
8/11/16 14:30,79.0812,-5,0,0,0,-999,0,0,0
8/11/16 14:45,79.1375,-5,0,0,0,-999,0,0,0
8/11/16 15:00,79.1375,-5,0,0,0,-999,0,0,0
8/11/16 15:15,79.0812,-5,0,0,0,-999,0,0,0
8/11/16 15:30,79.1375,-5,0,0,0,-999,0,0,0
8/11/16 15:45,79.1375,-5,0,0,0,-999,0,0,0
8/11/16 16:00,79.1375,-5,0,0,0,-999,0,0,0
8/11/16 16:15,79.1375,-5,0,0,0,-999,0,0,0
8/11/16 16:30,79.1375,-5,0,0,0,-999,0,0,0
8/11/16 16:45,79.1375,-5,0,0,0,-999,0,0,0
8/11/16 17:00,79.1375,-5,0,0,0,-999,0,0,0
8/11/16 17:15,79.1375,-5,0,0,0,-999,0,0,0
8/11/16 17:30,79.1375,-5,0,0,0,-999,0,0,0
8/11/16 17:45,79.1375,-5,0,0,0,-999,0,0,0
8/11/16 18:00,79.1375,-5,0,0,0,-999,0,0,0
8/11/16 18:15,79.1375,-5,0,0,0,-999,0,0,0
8/11/16 18:30,79.1375,-5,0,0,0,-999,0,0,0
8/11/16 18:45,79.1375,-5,0,0,0,-999,0,0,0
8/11/16 19:00,79.1375,-5,0,0,0,-999,0,0,0
8/11/16 19:15,79.0812,-5,0,0,0,-999,0,0,0
8/11/16 19:30,79.0812,-5,0,0,0,-999,0,0,0
8/11/16 19:45,79.0812,-5,0,0,0,-999,0,0,0
8/11/16 20:00,79.1375,-5,0,0,0,-999,0,0,0
8/11/16 20:15,79.0812,-5,0,0,0,-999,0,0,0
8/11/16 20:30,79.0812,-5,0,0,0,-999,0,0,0
8/11/16 20:45,79.0812,-5,0,0,0,-999,0,0,0
8/11/16 21:00,79.0812,-5,0,0,0,-999,0,0,0
8/11/16 21:15,79.0812,-5,0,0,0,-999,0,0,0
8/11/16 21:30,79.0812,-5,0,0,0,-999,0,0,0
8/11/16 21:45,79.0812,-5,0,0,0,-999,0,0,0
8/11/16 22:00,79.0812,-5,0,0,0,-999,0,0,0
8/11/16 22:15,79.0812,-5,0,0,0,-999,0,0,0
8/11/16 22:30,79.0812,-5,0,0,0,-999,0,0,0
8/11/16 22:45,79.0812,-5,0,0,0,-999,0,0,0
8/11/16 23:00,79.025,-5,0,0,0,-999,0,0,0
8/11/16 23:15,79.025,-5,0,0,0,-999,0,0,0
8/11/16 23:30,79.025,-5,0,0,0,-999,0,0,0
8/11/16 23:45,79.025,-5,0,0,0,-999,0,0,0
8/12/16 0:00,79.025,-5,0,0,0,-999,0,0,0
8/12/16 0:15,78.9688,-5,0,0,0,-999,0,0,0
8/12/16 0:30,79.025,-5,0,0,0,-999,0,0,0
8/12/16 0:45,79.025,-5,0,0,0,-999,0,0,0
8/12/16 1:00,78.9688,-5,0,0,0,-999,0,0,0
8/12/16 1:15,78.9688,-5,0,0,0,-999,0,0,0
8/12/16 1:30,78.9688,-5,0,0,0,-999,0,0,0
8/12/16 1:45,78.9688,-5,0,0,0,-999,0,0,0
8/12/16 2:00,78.9688,-5,0,0,0,-999,0,0,0
8/12/16 2:15,78.9688,-5,0,0,0,-999,0,0,0
8/12/16 2:30,78.9688,-5,0,0,0,-999,0,0,0
8/12/16 2:45,78.9688,-5,0,0,0,-999,0,0,0
8/12/16 3:00,78.9688,-5,0,0,0,-999,0,0,0
8/12/16 3:15,78.9125,-5,0,0,0,-999,0,0,0
8/12/16 3:30,78.9125,-5,0,0,0,-999,0,0,0
8/12/16 3:45,78.9125,-5,0,0,0,-999,0,0,0
8/12/16 4:00,78.9125,-5,0,0,0,-999,0,0,0
8/12/16 4:15,78.9125,-5,0,0,0,-999,0,0,0
8/12/16 4:30,78.9125,-5,0,0,0,-999,0,0,0
8/12/16 4:45,78.9125,-5,0,0,0,-999,0,0,0
8/12/16 5:00,78.8563,-5,0,0,0,-999,0,0,0
8/12/16 5:15,78.9125,-5,0,0,0,-999,0,0,0
8/12/16 5:30,78.8563,-5,0,0,0,-999,0,0,0
8/12/16 5:45,78.8563,-5,0,0,0,-999,0,0,0
8/12/16 6:00,78.8,-5,0,0,0,-999,0,0,0
8/12/16 6:15,78.8,-5,0,0,0,-999,0,0,0
8/12/16 6:30,78.8,-5,0,0,0,-999,0,0,0
8/12/16 6:45,78.7438,-5,0,0,0,-999,0,0,0
8/12/16 7:00,78.6875,-5,0,0,0,-999,0,0,0
8/12/16 7:15,78.6875,-5,0,0,0,-999,0,0,0
8/12/16 7:30,78.6875,-5,0,0,0,-999,0,0,0
8/12/16 7:45,78.6875,-5,0,0,0,-999,0,0,0
8/12/16 8:00,78.6875,-5,0,0,0,-999,0,0,0
8/12/16 8:15,78.6875,-5,0,0,0,-999,0,0,0
8/12/16 8:30,78.6875,-5,0,0,0,-999,0,0,0
8/12/16 8:45,78.6875,-5,0,0,0,-999,0,0,0
8/12/16 9:00,78.6875,-5,0,0,0,-999,0,0,0
8/12/16 9:15,78.7438,-5,0,0,0,-999,0,0,0
8/12/16 9:30,78.7438,-5,0,0,0,-999,0,0,0
8/12/16 9:45,78.8,-5,0,0,0,-999,0,0,0
8/12/16 10:00,78.8,-5,0,0,0,-999,0,0,0
8/12/16 10:15,78.8563,-5,0,0,0,-999,0,0,0
8/12/16 10:30,78.8563,-5,0,0,0,-999,0,0,0
8/12/16 10:45,78.8563,-5,0,0,0,-999,0,0,0
8/12/16 11:00,78.9125,-5,0,0,0,-999,0,0,0
8/12/16 11:15,78.9688,-5,0,0,0,-999,0,0,0
8/12/16 11:30,78.9688,-5,0,0,0,-999,0,0,0
8/12/16 11:45,78.9688,-5,0,0,0,-999,0,0,0
8/12/16 12:00,79.025,-5,0,0,0,-999,0,0,0
8/12/16 12:15,79.025,-5,0,0,0,-999,0,0,0
8/12/16 12:30,79.0812,-5,0,0,0,-999,0,0,0
8/12/16 12:45,79.1375,-5,0,0,0,-999,0,0,0
8/12/16 13:00,79.1375,-5,0,0,0,-999,0,0,0
8/12/16 13:15,79.1375,-5,0,0,0,-999,0,0,0
8/12/16 13:30,79.1938,-5,0,0,0,-999,0,0,0
8/12/16 13:45,79.25,-5,0,0,0,-999,0,0,0
8/12/16 14:00,79.25,-5,0,0,0,-999,0,0,0
8/12/16 14:15,79.3063,-5,0,0,0,-999,0,0,0
8/12/16 14:30,79.3063,-5,0,0,0,-999,0,0,0
8/12/16 14:45,79.3063,-5,0,0,0,-999,0,0,0
8/12/16 15:00,79.3063,-5,0,0,0,-999,0,0,0
8/12/16 15:15,79.3625,-5,0,0,0,-999,0,0,0
8/12/16 15:30,79.3625,-5,0,0,0,-999,0,0,0
8/12/16 15:45,79.3625,-5,0,0,0,-999,0,0,0
8/12/16 16:00,79.3625,-5,0,0,0,-999,0,0,0
8/12/16 16:15,79.3625,-5,0,0,0,-999,0,0,0
8/12/16 16:30,79.4188,-5,0,0,0,-999,0,0,0
8/12/16 16:45,79.4188,-5,0,0,0,-999,0,0,0
8/12/16 17:00,79.4188,-5,0,0,0,-999,0,0,0
8/12/16 17:15,79.3625,-5,0,0,0,-999,0,0,0
8/12/16 17:30,79.4188,-5,0,0,0,-999,0,0,0
8/12/16 17:45,79.4188,-5,0,0,0,-999,0,0,0
8/12/16 18:00,79.4188,-5,0,0,0,-999,0,0,0
8/12/16 18:15,79.3625,-5,0,0,0,-999,0,0,0
8/12/16 18:30,79.4188,-5,0,0,0,-999,0,0,0
8/12/16 18:45,79.3625,-5,0,0,0,-999,0,0,0
8/12/16 19:00,79.3625,-5,0,0,0,-999,0,0,0
8/12/16 19:15,79.3625,-5,0,0,0,-999,0,0,0
8/12/16 19:30,79.3625,-5,0,0,0,-999,0,0,0
8/12/16 19:45,79.3625,-5,0,0,0,-999,0,0,0
8/12/16 20:00,79.3625,-5,0,0,0,-999,0,0,0
8/12/16 20:15,79.3625,-5,0,0,0,-999,0,0,0
8/12/16 20:30,79.3625,-5,0,0,0,-999,0,0,0
8/12/16 20:45,79.3625,-5,0,0,0,-999,0,0,0
8/12/16 21:00,79.3625,-5,0,0,0,-999,0,0,0
8/12/16 21:15,79.3063,-5,0,0,0,-999,0,0,0
8/12/16 21:30,79.3063,-5,0,0,0,-999,0,0,0
8/12/16 21:45,79.3063,-5,0,0,0,-999,0,0,0
8/12/16 22:00,79.3063,-5,0,0,0,-999,0,0,0
8/12/16 22:15,79.3063,-5,0,0,0,-999,0,0,0
8/12/16 22:30,79.3063,-5,0,0,0,-999,0,0,0
8/12/16 22:45,79.3063,-5,0,0,0,-999,0,0,0
8/12/16 23:00,79.3063,-5,0,0,0,-999,0,0,0
8/12/16 23:15,79.3063,-5,0,0,0,-999,0,0,0
8/12/16 23:30,79.3063,-5,0,0,0,-999,0,0,0
8/12/16 23:45,79.3063,-5,0,0,0,-999,0,0,0
8/13/16 0:00,79.3063,-5,0,0,0,-999,0,0,0
8/13/16 0:15,79.25,-5,0,0,0,-999,0,0,0
8/13/16 0:30,79.25,-5,0,0,0,-999,0,0,0
8/13/16 0:45,79.3063,-5,0,0,0,-999,0,0,0
8/13/16 1:00,79.25,-5,0,0,0,-999,0,0,0
8/13/16 1:15,79.25,-5,0,0,0,-999,0,0,0
8/13/16 1:30,79.25,-5,0,0,0,-999,0,0,0
8/13/16 1:45,79.25,-5,0,0,0,-999,0,0,0
8/13/16 2:00,79.25,-5,0,0,0,-999,0,0,0
8/13/16 2:15,79.25,-5,0,0,0,-999,0,0,0
8/13/16 2:30,79.1938,-5,0,0,0,-999,0,0,0
8/13/16 2:45,79.25,-5,0,0,0,-999,0,0,0
8/13/16 3:00,79.1938,-5,0,0,0,-999,0,0,0
8/13/16 3:15,79.25,-5,0,0,0,-999,0,0,0
8/13/16 3:30,79.1938,-5,0,0,0,-999,0,0,0
8/13/16 3:45,79.25,-5,0,0,0,-999,0,0,0
8/13/16 4:00,79.1938,-5,0,0,0,-999,0,0,0
8/13/16 4:15,79.1938,-5,0,0,0,-999,0,0,0
8/13/16 4:30,79.1938,-5,0,0,0,-999,0,0,0
8/13/16 4:45,79.1938,-5,0,0,0,-999,0,0,0
8/13/16 5:00,79.1938,-5,0,0,0,-999,0,0,0
8/13/16 5:15,79.1938,-5,0,0,0,-999,0,0,0
8/13/16 5:30,79.1375,-5,0,0,0,-999,0,0,0
8/13/16 5:45,79.1375,-5,0,0,0,-999,0,0,0
8/13/16 6:00,79.1375,-5,0,0,0,-999,0,0,0
8/13/16 6:15,79.0812,-5,0,0,0,-999,0,0,0
8/13/16 6:30,79.0812,-5,0,0,0,-999,0,0,0
8/13/16 6:45,79.1375,-5,0,0,0,-999,0,0,0
8/13/16 7:00,79.0812,-5,0,0,0,-999,0,0,0
8/13/16 7:15,79.0812,-5,0,0,0,-999,0,0,0
8/13/16 7:30,79.0812,-5,0,0,0,-999,0,0,0
8/13/16 7:45,79.0812,-5,0,0,0,-999,0,0,0
8/13/16 8:00,79.0812,-5,0,0,0,-999,0,0,0
8/13/16 8:15,79.0812,-5,0,0,0,-999,0,0,0
8/13/16 8:30,79.0812,-5,0,0,0,-999,0,0,0
8/13/16 8:45,79.1375,-5,0,0,0,-999,0,0,0
8/13/16 9:00,79.1375,-5,0,0,0,-999,0,0,0
8/13/16 9:15,79.1375,-5,0,0,0,-999,0,0,0
8/13/16 9:30,79.1375,-5,0,0,0,-999,0,0,0
8/13/16 9:45,79.1938,-5,0,0,0,-999,0,0,0
8/13/16 10:00,79.1938,-5,0,0,0,-999,0,0,0
8/13/16 10:15,79.25,-5,0,0,0,-999,0,0,0
8/13/16 10:30,79.25,-5,0,0,0,-999,0,0,0
8/13/16 10:45,79.3063,-5,0,0,0,-999,0,0,0
8/13/16 11:00,79.3063,-5,0,0,0,-999,0,0,0
8/13/16 11:15,79.3625,-5,0,0,0,-999,0,0,0
8/13/16 11:30,79.3625,-5,0,0,0,-999,0,0,0
8/13/16 11:45,79.4188,-5,0,0,0,-999,0,0,0
8/13/16 12:00,79.475,-5,0,0,0,-999,0,0,0
8/13/16 12:15,79.475,-5,0,0,0,-999,0,0,0
8/13/16 12:30,79.5313,-5,0,0,0,-999,0,0,0
8/13/16 12:45,79.5313,-5,0,0,0,-999,0,0,0
8/13/16 13:00,79.5875,-5,0,0,0,-999,0,0,0
8/13/16 13:15,79.5875,-5,0,0,0,-999,0,0,0
8/13/16 13:30,79.7,-5,0,0,0,-999,0,0,0
8/13/16 13:45,79.7,-5,0,0,0,-999,0,0,0
8/13/16 14:00,79.7,-5,0,0,0,-999,0,0,0
8/13/16 14:15,79.7,-5,0,0,0,-999,0,0,0
8/13/16 14:30,79.7563,-5,0,0,0,-999,0,0,0
8/13/16 14:45,79.7563,-5,0,0,0,-999,0,0,0
8/13/16 15:00,79.7563,-5,0,0,0,-999,0,0,0
8/13/16 15:15,79.8125,-5,0,0,0,-999,0,0,0
8/13/16 15:30,79.8125,-5,0,0,0,-999,0,0,0
8/13/16 15:45,79.8125,-5,0,0,0,-999,0,0,0
8/13/16 16:00,79.8125,-5,0,0,0,-999,0,0,0
8/13/16 16:15,79.8125,-5,0,0,0,-999,0,0,0
8/13/16 16:30,79.7563,-5,0,0,0,-999,0,0,0
8/13/16 16:45,79.8125,-5,0,0,0,-999,0,0,0
8/13/16 17:00,79.8125,-5,0,0,0,-999,0,0,0
8/13/16 17:15,79.8125,-5,0,0,0,-999,0,0,0
8/13/16 17:30,79.8125,-5,0,0,0,-999,0,0,0
8/13/16 17:45,79.8125,-5,0,0,0,-999,0,0,0
8/13/16 18:00,79.8125,-5,0,0,0,-999,0,0,0
8/13/16 18:15,79.8125,-5,0,0,0,-999,0,0,0
8/13/16 18:30,79.8125,-5,0,0,0,-999,0,0,0
8/13/16 18:45,79.8125,-5,0,0,0,-999,0,0,0
8/13/16 19:00,79.7563,-5,0,0,0,-999,0,0,0
8/13/16 19:15,79.8125,-5,0,0,0,-999,0,0,0
8/13/16 19:30,79.7563,-5,0,0,0,-999,0,0,0
8/13/16 19:45,79.7563,-5,0,0,0,-999,0,0,0
8/13/16 20:00,79.7563,-5,0,0,0,-999,0,0,0
8/13/16 20:15,79.7563,-5,0,0,0,-999,0,0,0
8/13/16 20:30,79.7563,-5,0,0,0,-999,0,0,0
8/13/16 20:45,79.7563,-5,0,0,0,-999,0,0,0
8/13/16 21:00,79.7563,-5,0,0,0,-999,0,0,0
8/13/16 21:15,79.7563,-5,0,0,0,-999,0,0,0
8/13/16 21:30,79.7563,-5,0,0,0,-999,0,0,0
8/13/16 21:45,79.7563,-5,0,0,0,-999,0,0,0
8/13/16 22:00,79.7563,-5,0,0,0,-999,0,0,0
8/13/16 22:15,79.7,-5,0,0,0,-999,0,0,0
8/13/16 22:30,79.7,-5,0,0,0,-999,0,0,0
8/13/16 22:45,79.7,-5,0,0,0,-999,0,0,0
8/13/16 23:00,79.7,-5,0,0,0,-999,0,0,0
8/13/16 23:15,79.6437,-5,0,0,0,-999,0,0,0
8/13/16 23:30,79.6437,-5,0,0,0,-999,0,0,0
8/13/16 23:45,79.6437,-5,0,0,0,-999,0,0,0
8/14/16 0:00,79.6437,-5,0,0,0,-999,0,0,0
8/14/16 0:15,79.6437,-5,0,0,0,-999,0,0,0
8/14/16 0:30,79.6437,-5,0,0,0,-999,0,0,0
8/14/16 0:45,79.5875,-5,0,0,0,-999,0,0,0
8/14/16 1:00,79.5875,-5,0,0,0,-999,0,0,0
8/14/16 1:15,79.5875,-5,0,0,0,-999,0,0,0
8/14/16 1:30,79.5875,-5,0,0,0,-999,0,0,0
8/14/16 1:45,79.5875,-5,0,0,0,-999,0,0,0
8/14/16 2:00,79.5875,-5,0,0,0,-999,0,0,0
8/14/16 2:15,79.5313,-5,0,0,0,-999,0,0,0
8/14/16 2:30,79.5313,-5,0,0,0,-999,0,0,0
8/14/16 2:45,79.5313,-5,0,0,0,-999,0,0,0
8/14/16 3:00,79.5313,-5,0,0,0,-999,0,0,0
8/14/16 3:15,79.5313,-5,0,0,0,-999,0,0,0
8/14/16 3:30,79.5313,-5,0,0,0,-999,0,0,0
8/14/16 3:45,79.475,-5,0,0,0,-999,0,0,0
8/14/16 4:00,79.4188,-5,0,0,0,-999,0,0,0
8/14/16 4:15,79.4188,-5,0,0,0,-999,0,0,0
8/14/16 4:30,79.4188,-5,0,0,0,-999,0,0,0
8/14/16 4:45,79.3625,-5,0,0,0,-999,0,0,0
8/14/16 5:00,79.3625,-5,0,0,0,-999,0,0,0
8/14/16 5:15,79.3625,-5,0,0,0,-999,0,0,0
8/14/16 5:30,79.3625,-5,0,0,0,-999,0,0,0
8/14/16 5:45,79.3063,-5,0,0,0,-999,0,0,0
8/14/16 6:00,79.3063,-5,0,0,0,-999,0,0,0
8/14/16 6:15,79.3063,-5,0,0,0,-999,0,0,0
8/14/16 6:30,79.3063,-5,0,0,0,-999,0,0,0
8/14/16 6:45,79.25,-5,0,0,0,-999,0,0,0
8/14/16 7:00,79.25,-5,0,0,0,-999,0,0,0
8/14/16 7:15,79.1938,-5,0,0,0,-999,0,0,0
8/14/16 7:30,79.1938,-5,0,0,0,-999,0,0,0
8/14/16 7:45,79.25,-5,0,0,0,-999,0,0,0
8/14/16 8:00,79.25,-5,0,0,0,-999,0,0,0
8/14/16 8:15,79.1938,-5,0,0,0,-999,0,0,0
8/14/16 8:30,79.1938,-5,0,0,0,-999,0,0,0
8/14/16 8:45,79.25,-5,0,0,0,-999,0,0,0
8/14/16 9:00,79.25,-5,0,0,0,-999,0,0,0
8/14/16 9:15,79.25,-5,0,0,0,-999,0,0,0
8/14/16 9:30,79.25,-5,0,0,0,-999,0,0,0
8/14/16 9:45,79.25,-5,0,0,0,-999,0,0,0
8/14/16 10:00,79.3063,-5,0,0,0,-999,0,0,0
8/14/16 10:15,79.3063,-5,0,0,0,-999,0,0,0
8/14/16 10:30,79.3625,-5,0,0,0,-999,0,0,0
8/14/16 10:45,79.3625,-5,0,0,0,-999,0,0,0
8/14/16 11:00,79.3625,-5,0,0,0,-999,0,0,0
8/14/16 11:15,79.4188,-5,0,0,0,-999,0,0,0
8/14/16 11:30,79.4188,-5,0,0,0,-999,0,0,0
8/14/16 11:45,79.475,-5,0,0,0,-999,0,0,0
8/14/16 12:00,79.5313,-5,0,0,0,-999,0,0,0
8/14/16 12:15,79.5313,-5,0,0,0,-999,0,0,0
8/14/16 12:30,79.5313,-5,0,0,0,-999,0,0,0
8/14/16 12:45,79.5875,-5,0,0,0,-999,0,0,0
8/14/16 13:00,79.6437,-5,0,0,0,-999,0,0,0
8/14/16 13:15,79.6437,-5,0,0,0,-999,0,0,0
8/14/16 13:30,79.6437,-5,0,0,0,-999,0,0,0
8/14/16 13:45,79.7,-5,0,0,0,-999,0,0,0
8/14/16 14:00,79.7,-5,0,0,0,-999,0,0,0
8/14/16 14:15,79.7,-5,0,0,0,-999,0,0,0
8/14/16 14:30,79.7563,-5,0,0,0,-999,0,0,0
8/14/16 14:45,79.7563,-5,0,0,0,-999,0,0,0
8/14/16 15:00,79.7563,-5,0,0,0,-999,0,0,0
8/14/16 15:15,79.7563,-5,0,0,0,-999,0,0,0
8/14/16 15:30,79.8125,-5,0,0,0,-999,0,0,0
8/14/16 15:45,79.7563,-5,0,0,0,-999,0,0,0
8/14/16 16:00,79.8125,-5,0,0,0,-999,0,0,0
8/14/16 16:15,79.8125,-5,0,0,0,-999,0,0,0
8/14/16 16:30,79.8125,-5,0,0,0,-999,0,0,0
8/14/16 16:45,79.8125,-5,0,0,0,-999,0,0,0
8/14/16 17:00,79.8125,-5,0,0,0,-999,0,0,0
8/14/16 17:15,79.8125,-5,0,0,0,-999,0,0,0
8/14/16 17:30,79.7563,-5,0,0,0,-999,0,0,0
8/14/16 17:45,79.8125,-5,0,0,0,-999,0,0,0
8/14/16 18:00,79.8125,-5,0,0,0,-999,0,0,0
8/14/16 18:15,79.8125,-5,0,0,0,-999,0,0,0
8/14/16 18:30,79.7563,-5,0,0,0,-999,0,0,0
8/14/16 18:45,79.8125,-5,0,0,0,-999,0,0,0
8/14/16 19:00,79.7563,-5,0,0,0,-999,0,0,0
8/14/16 19:15,79.7563,-5,0,0,0,-999,0,0,0
8/14/16 19:30,79.7563,-5,0,0,0,-999,0,0,0
8/14/16 19:45,79.7563,-5,0,0,0,-999,0,0,0
8/14/16 20:00,79.7,-5,0,0,0,-999,0,0,0
8/14/16 20:15,79.7,-5,0,0,0,-999,0,0,0
8/14/16 20:30,79.7,-5,0,0,0,-999,0,0,0
8/14/16 20:45,79.7,-5,0,0,0,-999,0,0,0
8/14/16 21:00,79.6437,-5,0,0,0,-999,0,0,0
8/14/16 21:15,79.7,-5,0,0,0,-999,0,0,0
8/14/16 21:30,79.7,-5,0,0,0,-999,0,0,0
8/14/16 21:45,79.6437,-5,0,0,0,-999,0,0,0
8/14/16 22:00,79.7,-5,0,0,0,-999,0,0,0
8/14/16 22:15,79.6437,-5,0,0,0,-999,0,0,0
8/14/16 22:30,79.5875,-5,0,0,0,-999,0,0,0
8/14/16 22:45,79.6437,-5,0,0,0,-999,0,0,0
8/14/16 23:00,79.6437,-5,0,0,0,-999,0,0,0
8/14/16 23:15,79.6437,-5,0,0,0,-999,0,0,0
8/14/16 23:30,79.5875,-5,0,0,0,-999,0,0,0
8/14/16 23:45,79.5875,-5,0,0,0,-999,0,0,0
8/15/16 0:00,79.5875,-5,0,0,0,-999,0,0,0
8/15/16 0:15,79.5875,-5,0,0,0,-999,0,0,0
8/15/16 0:30,79.5875,-5,0,0,0,-999,0,0,0
8/15/16 0:45,79.5875,-5,0,0,0,-999,0,0,0
8/15/16 1:00,79.5875,-5,0,0,0,-999,0,0,0
8/15/16 1:15,79.5875,-5,0,0,0,-999,0,0,0
8/15/16 1:30,79.5313,-5,0,0,0,-999,0,0,0
8/15/16 1:45,79.5313,-5,0,0,0,-999,0,0,0
8/15/16 2:00,79.5313,-5,0,0,0,-999,0,0,0
8/15/16 2:15,79.5875,-5,0,0,0,-999,0,0,0
8/15/16 2:30,79.5875,-5,0,0,0,-999,0,0,0
8/15/16 2:45,79.5875,-5,0,0,0,-999,0,0,0
8/15/16 3:00,79.5875,-5,0,0,0,-999,0,0,0
8/15/16 3:15,79.5875,-5,0,0,0,-999,0,0,0
8/15/16 3:30,79.5875,-5,0,0,0,-999,0,0,0
8/15/16 3:45,79.5313,-5,0,0,0,-999,0,0,0
8/15/16 4:00,79.475,-5,0,0,0,-999,0,0,0
8/15/16 4:15,79.4188,-5,0,0,0,-999,0,0,0
8/15/16 4:30,79.4188,-5,0,0,0,-999,0,0,0
8/15/16 4:45,79.3625,-5,0,0,0,-999,0,0,0
8/15/16 5:00,79.3625,-5,0,0,0,-999,0,0,0
8/15/16 5:15,79.3063,-5,0,0,0,-999,0,0,0
8/15/16 5:30,79.3063,-5,0,0,0,-999,0,0,0
8/15/16 5:45,79.3063,-5,0,0,0,-999,0,0,0
8/15/16 6:00,79.3063,-5,0,0,0,-999,0,0,0
8/15/16 6:15,79.3063,-5,0,0,0,-999,0,0,0
8/15/16 6:30,79.3063,-5,0,0,0,-999,0,0,0
8/15/16 6:45,79.25,-5,0,0,0,-999,0,0,0
8/15/16 7:00,79.25,-5,0,0,0,-999,0,0,0
8/15/16 7:15,79.25,-5,0,0,0,-999,0,0,0
8/15/16 7:30,79.25,-5,0,0,0,-999,0,0,0
8/15/16 7:45,79.25,-5,0,0,0,-999,0,0,0
8/15/16 8:00,79.25,-5,0,0,0,-999,0,0,0
8/15/16 8:15,79.1938,-5,0,0,0,-999,0,0,0
8/15/16 8:30,79.1938,-5,0,0,0,-999,0,0,0
8/15/16 8:45,79.25,-5,0,0,0,-999,0,0,0
8/15/16 9:00,79.25,-5,0,0,0,-999,0,0,0
8/15/16 9:15,79.25,-5,0,0,0,-999,0,0,0
8/15/16 9:30,79.25,-5,0,0,0,-999,0,0,0
8/15/16 9:45,79.3063,-5,0,0,0,-999,0,0,0
8/15/16 10:00,79.3063,-5,0,0,0,-999,0,0,0
8/15/16 10:15,79.3063,-5,0,0,0,-999,0,0,0
8/15/16 10:30,79.3625,-5,0,0,0,-999,0,0,0
8/15/16 10:45,79.3625,-5,0,0,0,-999,0,0,0
8/15/16 11:00,79.4188,-5,0,0,0,-999,0,0,0
8/15/16 11:15,79.4188,-5,0,0,0,-999,0,0,0
8/15/16 11:30,79.475,-5,0,0,0,-999,0,0,0
8/15/16 11:45,79.475,-5,0,0,0,-999,0,0,0
8/15/16 12:00,79.5313,-5,0,0,0,-999,0,0,0
8/15/16 12:15,79.5313,-5,0,0,0,-999,0,0,0
8/15/16 12:30,79.5313,-5,0,0,0,-999,0,0,0
8/15/16 12:45,79.5875,-5,0,0,0,-999,0,0,0
8/15/16 13:00,79.5875,-5,0,0,0,-999,0,0,0
8/15/16 13:15,79.5875,-5,0,0,0,-999,0,0,0
8/15/16 13:30,79.6437,-5,0,0,0,-999,0,0,0
8/15/16 13:45,79.5875,-5,0,0,0,-999,0,0,0
8/15/16 14:00,79.6437,-5,0,0,0,-999,0,0,0
8/15/16 14:15,79.7,-5,0,0,0,-999,0,0,0
8/15/16 14:30,79.6437,-5,0,0,0,-999,0,0,0
8/15/16 14:45,79.7,-5,0,0,0,-999,0,0,0
8/15/16 15:00,79.7,-5,0,0,0,-999,0,0,0
8/15/16 15:15,79.7,-5,0,0,0,-999,0,0,0
8/15/16 15:30,79.7,-5,0,0,0,-999,0,0,0
8/15/16 15:45,79.7,-5,0,0,0,-999,0,0,0
8/15/16 16:00,79.7,-5,0,0,0,-999,0,0,0
8/15/16 16:15,79.7563,-5,0,0,0,-999,0,0,0
8/15/16 16:30,79.7,-5,0,0,0,-999,0,0,0
8/15/16 16:45,79.7,-5,0,0,0,-999,0,0,0
8/15/16 17:00,79.7,-5,0,0,0,-999,0,0,0
8/15/16 17:15,79.7,-5,0,0,0,-999,0,0,0
8/15/16 17:30,79.7,-5,0,0,0,-999,0,0,0
8/15/16 17:45,79.7,-5,0,0,0,-999,0,0,0
8/15/16 18:00,79.7,-5,0,0,0,-999,0,0,0
8/15/16 18:15,79.7,-5,0,0,0,-999,0,0,0
8/15/16 18:30,79.7,-5,0,0,0,-999,0,0,0
8/15/16 18:45,79.6437,-5,0,0,0,-999,0,0,0
8/15/16 19:00,79.6437,-5,0,0,0,-999,0,0,0
8/15/16 19:15,79.6437,-5,0,0,0,-999,0,0,0
8/15/16 19:30,79.6437,-5,0,0,0,-999,0,0,0
8/15/16 19:45,79.6437,-5,0,0,0,-999,0,0,0
8/15/16 20:00,79.6437,-5,0,0,0,-999,0,0,0
8/15/16 20:15,79.6437,-5,0,0,0,-999,0,0,0
8/15/16 20:30,79.6437,-5,0,0,0,-999,0,0,0
8/15/16 20:45,79.6437,-5,0,0,0,-999,0,0,0
8/15/16 21:00,79.6437,-5,0,0,0,-999,0,0,0
8/15/16 21:15,79.5875,-5,0,0,0,-999,0,0,0
8/15/16 21:30,79.5875,-5,0,0,0,-999,0,0,0
8/15/16 21:45,79.6437,-5,0,0,0,-999,0,0,0
8/15/16 22:00,79.5875,-5,0,0,0,-999,0,0,0
8/15/16 22:15,79.5875,-5,0,0,0,-999,0,0,0
8/15/16 22:30,79.5875,-5,0,0,0,-999,0,0,0
8/15/16 22:45,79.5875,-5,0,0,0,-999,0,0,0
8/15/16 23:00,79.6437,-5,0,0,0,-999,0,0,0
8/15/16 23:15,79.5875,-5,0,0,0,-999,0,0,0
8/15/16 23:30,79.5875,-5,0,0,0,-999,0,0,0
8/15/16 23:45,79.5875,-5,0,0,0,-999,0,0,0
8/16/16 0:00,79.5875,-5,0,0,0,-999,0,0,0
8/16/16 0:15,79.5313,-5,0,0,0,-999,0,0,0
8/16/16 0:30,79.5875,-5,0,0,0,-999,0,0,0
8/16/16 0:45,79.5313,-5,0,0,0,-999,0,0,0
8/16/16 1:00,79.5313,-5,0,0,0,-999,0,0,0
8/16/16 1:15,79.5313,-5,0,0,0,-999,0,0,0
8/16/16 1:30,79.5875,-5,0,0,0,-999,0,0,0
8/16/16 1:45,79.5313,-5,0,0,0,-999,0,0,0
8/16/16 2:00,79.5313,-5,0,0,0,-999,0,0,0
8/16/16 2:15,79.5313,-5,0,0,0,-999,0,0,0
8/16/16 2:30,79.5313,-5,0,0,0,-999,0,0,0
8/16/16 2:45,79.5875,-5,0,0,0,-999,0,0,0
8/16/16 3:00,79.5313,-5,0,0,0,-999,0,0,0
8/16/16 3:15,79.5313,-5,0,0,0,-999,0,0,0
8/16/16 3:30,79.5313,-5,0,0,0,-999,0,0,0
8/16/16 3:45,79.5313,-5,0,0,0,-999,0,0,0
8/16/16 4:00,79.475,-5,0,0,0,-999,0,0,0
8/16/16 4:15,79.5313,-5,0,0,0,-999,0,0,0
8/16/16 4:30,79.475,-5,0,0,0,-999,0,0,0
8/16/16 4:45,79.475,-5,0,0,0,-999,0,0,0
8/16/16 5:00,79.475,-5,0,0,0,-999,0,0,0
8/16/16 5:15,79.4188,-5,0,0,0,-999,0,0,0
8/16/16 5:30,79.4188,-5,0,0,0,-999,0,0,0
8/16/16 5:45,79.4188,-5,0,0,0,-999,0,0,0
8/16/16 6:00,79.4188,-5,0,0,0,-999,0,0,0
8/16/16 6:15,79.3625,-5,0,0,0,-999,0,0,0
8/16/16 6:30,79.3625,-5,0,0,0,-999,0,0,0
8/16/16 6:45,79.3625,-5,0,0,0,-999,0,0,0
8/16/16 7:00,79.3625,-5,0,0,0,-999,0,0,0
8/16/16 7:15,79.3625,-5,0,0,0,-999,0,0,0
8/16/16 7:30,79.3625,-5,0,0,0,-999,0,0,0
8/16/16 7:45,79.3625,-5,0,0,0,-999,0,0,0
8/16/16 8:00,79.3625,-5,0,0,0,-999,0,0,0
8/16/16 8:15,79.3625,-5,0,0,0,-999,0,0,0
8/16/16 8:30,79.3063,-5,0,0,0,-999,0,0,0
8/16/16 8:45,79.3625,-5,0,0,0,-999,0,0,0
8/16/16 9:00,79.3625,-5,0,0,0,-999,0,0,0
8/16/16 9:15,79.3625,-5,0,0,0,-999,0,0,0
8/16/16 9:30,79.4188,-5,0,0,0,-999,0,0,0
8/16/16 9:45,79.4188,-5,0,0,0,-999,0,0,0
8/16/16 10:00,79.475,-5,0,0,0,-999,0,0,0
8/16/16 10:15,79.475,-5,0,0,0,-999,0,0,0
8/16/16 10:30,79.5313,-5,0,0,0,-999,0,0,0
8/16/16 10:45,79.5313,-5,0,0,0,-999,0,0,0
8/16/16 11:00,79.5313,-5,0,0,0,-999,0,0,0
8/16/16 11:15,79.5875,-5,0,0,0,-999,0,0,0
8/16/16 11:30,79.5875,-5,0,0,0,-999,0,0,0
8/16/16 11:45,79.6437,-5,0,0,0,-999,0,0,0
8/16/16 12:00,79.7,-5,0,0,0,-999,0,0,0
8/16/16 12:15,79.7563,-5,0,0,0,-999,0,0,0
8/16/16 12:30,79.7,-5,0,0,0,-999,0,0,0
8/16/16 12:45,79.7563,-5,0,0,0,-999,0,0,0
8/16/16 13:00,79.7563,-5,0,0,0,-999,0,0,0
8/16/16 13:15,79.8125,-5,0,0,0,-999,0,0,0
8/16/16 13:30,79.8125,-5,0,0,0,-999,0,0,0
8/16/16 13:45,79.8688,-5,0,0,0,-999,0,0,0
8/16/16 14:00,79.8688,-5,0,0,0,-999,0,0,0
8/16/16 14:15,79.925,-5,0,0,0,-999,0,0,0
8/16/16 14:30,79.925,-5,0,0,0,-999,0,0,0
8/16/16 14:45,79.925,-5,0,0,0,-999,0,0,0
8/16/16 15:00,79.9813,-5,0,0,0,-999,0,0,0
8/16/16 15:15,79.9813,-5,0,0,0,-999,0,0,0
8/16/16 15:30,79.9813,-5,0,0,0,-999,0,0,0
8/16/16 15:45,80.0375,-5,0,0,0,-999,0,0,0
8/16/16 16:00,79.9813,-5,0,0,0,-999,0,0,0
8/16/16 16:15,79.9813,-5,0,0,0,-999,0,0,0
8/16/16 16:30,80.0375,-5,0,0,0,-999,0,0,0
8/16/16 16:45,80.0375,-5,0,0,0,-999,0,0,0
8/16/16 17:00,80.0375,-5,0,0,0,-999,0,0,0
8/16/16 17:15,80.0375,-5,0,0,0,-999,0,0,0
8/16/16 17:30,80.0375,-5,0,0,0,-999,0,0,0
8/16/16 17:45,80.0375,-5,0,0,0,-999,0,0,0
8/16/16 18:00,80.0375,-5,0,0,0,-999,0,0,0
8/16/16 18:15,80.0375,-5,0,0,0,-999,0,0,0
8/16/16 18:30,80.0375,-5,0,0,0,-999,0,0,0
8/16/16 18:45,80.0375,-5,0,0,0,-999,0,0,0
8/16/16 19:00,80.0375,-5,0,0,0,-999,0,0,0
8/16/16 19:15,79.9813,-5,0,0,0,-999,0,0,0
8/16/16 19:30,80.0375,-5,0,0,0,-999,0,0,0
8/16/16 19:45,79.9813,-5,0,0,0,-999,0,0,0
8/16/16 20:00,80.0375,-5,0,0,0,-999,0,0,0
8/16/16 20:15,79.9813,-5,0,0,0,-999,0,0,0
8/16/16 20:30,79.9813,-5,0,0,0,-999,0,0,0
8/16/16 20:45,79.9813,-5,0,0,0,-999,0,0,0
8/16/16 21:00,79.9813,-5,0,0,0,-999,0,0,0
8/16/16 21:15,80.0375,-5,0,0,0,-999,0,0,0
8/16/16 21:30,79.925,-5,0,0,0,-999,0,0,0
8/16/16 21:45,80.0375,-5,0,0,0,-999,0,0,0
8/16/16 22:00,79.925,-5,0,0,0,-999,0,0,0
8/16/16 22:15,79.9813,-5,0,0,0,-999,0,0,0
8/16/16 22:30,79.925,-5,0,0,0,-999,0,0,0
8/16/16 22:45,79.925,-5,0,0,0,-999,0,0,0
8/16/16 23:00,79.925,-5,0,0,0,-999,0,0,0
8/16/16 23:15,79.925,-5,0,0,0,-999,0,0,0
8/16/16 23:30,79.925,-5,0,0,0,-999,0,0,0
8/16/16 23:45,79.925,-5,0,0,0,-999,0,0,0
8/17/16 0:00,79.925,-5,0,0,0,-999,0,0,0
8/17/16 0:15,79.8688,-5,0,0,0,-999,0,0,0
8/17/16 0:30,79.8688,-5,0,0,0,-999,0,0,0
8/17/16 0:45,79.8688,-5,0,0,0,-999,0,0,0
8/17/16 1:00,79.8688,-5,0,0,0,-999,0,0,0
8/17/16 1:15,79.8688,-5,0,0,0,-999,0,0,0
8/17/16 1:30,79.8688,-5,0,0,0,-999,0,0,0
8/17/16 1:45,79.8688,-5,0,0,0,-999,0,0,0
8/17/16 2:00,79.8688,-5,0,0,0,-999,0,0,0
8/17/16 2:15,79.8125,-5,0,0,0,-999,0,0,0
8/17/16 2:30,79.8125,-5,0,0,0,-999,0,0,0
8/17/16 2:45,79.8125,-5,0,0,0,-999,0,0,0
8/17/16 3:00,79.8125,-5,0,0,0,-999,0,0,0
8/17/16 3:15,79.8125,-5,0,0,0,-999,0,0,0
8/17/16 3:30,79.8125,-5,0,0,0,-999,0,0,0
8/17/16 3:45,79.7563,-5,0,0,0,-999,0,0,0
8/17/16 4:00,79.7563,-5,0,0,0,-999,0,0,0
8/17/16 4:15,79.8125,-5,0,0,0,-999,0,0,0
8/17/16 4:30,79.8125,-5,0,0,0,-999,0,0,0
8/17/16 4:45,79.8125,-5,0,0,0,-999,0,0,0
8/17/16 5:00,79.7563,-5,0,0,0,-999,0,0,0
8/17/16 5:15,79.7563,-5,0,0,0,-999,0,0,0
8/17/16 5:30,79.7563,-5,0,0,0,-999,0,0,0
8/17/16 5:45,79.7563,-5,0,0,0,-999,0,0,0
8/17/16 6:00,79.7563,-5,0,0,0,-999,0,0,0
8/17/16 6:15,79.7563,-5,0,0,0,-999,0,0,0
8/17/16 6:30,79.7,-5,0,0,0,-999,0,0,0
8/17/16 6:45,79.7,-5,0,0,0,-999,0,0,0
8/17/16 7:00,79.6437,-5,0,0,0,-999,0,0,0
8/17/16 7:15,79.6437,-5,0,0,0,-999,0,0,0
8/17/16 7:30,79.6437,-5,0,0,0,-999,0,0,0
8/17/16 7:45,79.6437,-5,0,0,0,-999,0,0,0
8/17/16 8:00,79.5875,-5,0,0,0,-999,0,0,0
8/17/16 8:15,79.5875,-5,0,0,0,-999,0,0,0
8/17/16 8:30,79.5875,-5,0,0,0,-999,0,0,0
8/17/16 8:45,79.6437,-5,0,0,0,-999,0,0,0
8/17/16 9:00,79.6437,-5,0,0,0,-999,0,0,0
8/17/16 9:15,79.6437,-5,0,0,0,-999,0,0,0
8/17/16 9:30,79.6437,-5,0,0,0,-999,0,0,0
8/17/16 9:45,79.7,-5,0,0,0,-999,0,0,0
8/17/16 10:00,79.7,-5,0,0,0,-999,0,0,0
8/17/16 10:15,79.7,-5,0,0,0,-999,0,0,0
8/17/16 10:30,79.7,-5,0,0,0,-999,0,0,0
8/17/16 10:45,79.7563,-5,0,0,0,-999,0,0,0
8/17/16 11:00,79.7563,-5,0,0,0,-999,0,0,0
8/17/16 11:15,79.8125,-5,0,0,0,-999,0,0,0
8/17/16 11:30,79.8688,-5,0,0,0,-999,0,0,0
8/17/16 11:45,79.8688,-5,0,0,0,-999,0,0,0
8/17/16 12:00,79.925,-5,0,0,0,-999,0,0,0
8/17/16 12:15,79.925,-5,0,0,0,-999,0,0,0
8/17/16 12:30,79.9813,-5,0,0,0,-999,0,0,0
8/17/16 12:45,79.9813,-5,0,0,0,-999,0,0,0
8/17/16 13:00,80.0375,-5,0,0,0,-999,0,0,0
8/17/16 13:15,80.0375,-5,0,0,0,-999,0,0,0
8/17/16 13:30,80.0938,-5,0,0,0,-999,0,0,0
8/17/16 13:45,80.0938,-5,0,0,0,-999,0,0,0
8/17/16 14:00,80.0938,-5,0,0,0,-999,0,0,0
8/17/16 14:15,80.15,-5,0,0,0,-999,0,0,0
8/17/16 14:30,80.15,-5,0,0,0,-999,0,0,0
8/17/16 14:45,80.15,-5,0,0,0,-999,0,0,0
8/17/16 15:00,80.15,-5,0,0,0,-999,0,0,0
8/17/16 15:15,80.15,-5,0,0,0,-999,0,0,0
8/17/16 15:30,80.2062,-5,0,0,0,-999,0,0,0
8/17/16 15:45,80.15,-5,0,0,0,-999,0,0,0
8/17/16 16:00,80.15,-5,0,0,0,-999,0,0,0
8/17/16 16:15,80.2062,-5,0,0,0,-999,0,0,0
8/17/16 16:30,80.2062,-5,0,0,0,-999,0,0,0
8/17/16 16:45,80.2062,-5,0,0,0,-999,0,0,0
8/17/16 17:00,80.15,-5,0,0,0,-999,0,0,0
8/17/16 17:15,80.15,-5,0,0,0,-999,0,0,0
8/17/16 17:30,80.15,-5,0,0,0,-999,0,0,0
8/17/16 17:45,80.15,-5,0,0,0,-999,0,0,0
8/17/16 18:00,80.15,-5,0,0,0,-999,0,0,0
8/17/16 18:15,80.15,-5,0,0,0,-999,0,0,0
8/17/16 18:30,80.15,-5,0,0,0,-999,0,0,0
8/17/16 18:45,80.15,-5,0,0,0,-999,0,0,0
8/17/16 19:00,80.15,-5,0,0,0,-999,0,0,0
8/17/16 19:15,80.15,-5,0,0,0,-999,0,0,0
8/17/16 19:30,80.15,-5,0,0,0,-999,0,0,0
8/17/16 19:45,80.15,-5,0,0,0,-999,0,0,0
8/17/16 20:00,80.15,-5,0,0,0,-999,0,0,0
8/17/16 20:15,80.15,-5,0,0,0,-999,0,0,0
8/17/16 20:30,80.15,-5,0,0,0,-999,0,0,0
8/17/16 20:45,80.0938,-5,0,0,0,-999,0,0,0
8/17/16 21:00,80.15,-5,0,0,0,-999,0,0,0
8/17/16 21:15,80.15,-5,0,0,0,-999,0,0,0
8/17/16 21:30,80.15,-5,0,0,0,-999,0,0,0
8/17/16 21:45,80.0938,-5,0,0,0,-999,0,0,0
8/17/16 22:00,80.0938,-5,0,0,0,-999,0,0,0
8/17/16 22:15,80.0938,-5,0,0,0,-999,0,0,0
8/17/16 22:30,80.0938,-5,0,0,0,-999,0,0,0
8/17/16 22:45,80.0938,-5,0,0,0,-999,0,0,0
8/17/16 23:00,80.0938,-5,0,0,0,-999,0,0,0
8/17/16 23:15,80.0938,-5,0,0,0,-999,0,0,0
8/17/16 23:30,80.0938,-5,0,0,0,-999,0,0,0
8/17/16 23:45,80.0938,-5,0,0,0,-999,0,0,0
8/18/16 0:00,80.0938,-5,0,0,0,-999,0,0,0
8/18/16 0:15,80.0375,-5,0,0,0,-999,0,0,0
8/18/16 0:30,80.0375,-5,0,0,0,-999,0,0,0
8/18/16 0:45,80.0375,-5,0,0,0,-999,0,0,0
8/18/16 1:00,80.0375,-5,0,0,0,-999,0,0,0
8/18/16 1:15,80.0375,-5,0,0,0,-999,0,0,0
8/18/16 1:30,80.0375,-5,0,0,0,-999,0,0,0
8/18/16 1:45,80.0375,-5,0,0,0,-999,0,0,0
8/18/16 2:00,80.0375,-5,0,0,0,-999,0,0,0
8/18/16 2:15,80.0375,-5,0,0,0,-999,0,0,0
8/18/16 2:30,79.9813,-5,0,0,0,-999,0,0,0
8/18/16 2:45,79.9813,-5,0,0,0,-999,0,0,0
8/18/16 3:00,79.9813,-5,0,0,0,-999,0,0,0
8/18/16 3:15,79.9813,-5,0,0,0,-999,0,0,0
8/18/16 3:30,79.9813,-5,0,0,0,-999,0,0,0
8/18/16 3:45,79.9813,-5,0,0,0,-999,0,0,0
8/18/16 4:00,79.925,-5,0,0,0,-999,0,0,0
8/18/16 4:15,79.9813,-5,0,0,0,-999,0,0,0
8/18/16 4:30,79.9813,-5,0,0,0,-999,0,0,0
8/18/16 4:45,79.9813,-5,0,0,0,-999,0,0,0
8/18/16 5:00,79.9813,-5,0,0,0,-999,0,0,0
8/18/16 5:15,79.9813,-5,0,0,0,-999,0,0,0
8/18/16 5:30,79.925,-5,0,0,0,-999,0,0,0
8/18/16 5:45,79.925,-5,0,0,0,-999,0,0,0
8/18/16 6:00,79.925,-5,0,0,0,-999,0,0,0
8/18/16 6:15,79.925,-5,0,0,0,-999,0,0,0
8/18/16 6:30,79.8688,-5,0,0,0,-999,0,0,0
8/18/16 6:45,79.8688,-5,0,0,0,-999,0,0,0
8/18/16 7:00,79.8688,-5,0,0,0,-999,0,0,0
8/18/16 7:15,79.8688,-5,0,0,0,-999,0,0,0
8/18/16 7:30,79.8688,-5,0,0,0,-999,0,0,0
8/18/16 7:45,79.8688,-5,0,0,0,-999,0,0,0
8/18/16 8:00,79.925,-5,0,0,0,-999,0,0,0
8/18/16 8:15,79.8688,-5,0,0,0,-999,0,0,0
8/18/16 8:30,79.8688,-5,0,0,0,-999,0,0,0
8/18/16 8:45,79.8688,-5,0,0,0,-999,0,0,0
8/18/16 9:00,79.8688,-5,0,0,0,-999,0,0,0
8/18/16 9:15,79.8688,-5,0,0,0,-999,0,0,0
8/18/16 9:30,79.8688,-5,0,0,0,-999,0,0,0
8/18/16 9:45,79.925,-5,0,0,0,-999,0,0,0
8/18/16 10:00,79.8688,-5,0,0,0,-999,0,0,0
8/18/16 10:15,79.925,-5,0,0,0,-999,0,0,0
8/18/16 10:30,79.9813,-5,0,0,0,-999,0,0,0
8/18/16 10:45,79.925,-5,0,0,0,-999,0,0,0
8/18/16 11:00,79.9813,-5,0,0,0,-999,0,0,0
8/18/16 11:15,79.9813,-5,0,0,0,-999,0,0,0
8/18/16 11:30,79.9813,-5,0,0,0,-999,0,0,0
8/18/16 11:45,80.0375,-5,0,0,0,-999,0,0,0
8/18/16 12:00,80.0375,-5,0,0,0,-999,0,0,0
8/18/16 12:15,80.0375,-5,0,0,0,-999,0,0,0
8/18/16 12:30,80.0375,-5,0,0,0,-999,0,0,0
8/18/16 12:45,80.0938,-5,0,0,0,-999,0,0,0
8/18/16 13:00,80.0938,-5,0,0,0,-999,0,0,0
8/18/16 13:15,80.0938,-5,0,0,0,-999,0,0,0
8/18/16 13:30,80.15,-5,0,0,0,-999,0,0,0
8/18/16 13:45,80.15,-5,0,0,0,-999,0,0,0
8/18/16 14:00,80.15,-5,0,0,0,-999,0,0,0
8/18/16 14:15,80.15,-5,0,0,0,-999,0,0,0
8/18/16 14:30,80.2062,-5,0,0,0,-999,0,0,0
8/18/16 14:45,80.15,-5,0,0,0,-999,0,0,0
8/18/16 15:00,80.2062,-5,0,0,0,-999,0,0,0
8/18/16 15:15,80.2062,-5,0,0,0,-999,0,0,0
8/18/16 15:30,80.2062,-5,0,0,0,-999,0,0,0
8/18/16 15:45,80.2062,-5,0,0,0,-999,0,0,0
8/18/16 16:00,80.2062,-5,0,0,0,-999,0,0,0
8/18/16 16:15,80.2062,-5,0,0,0,-999,0,0,0
8/18/16 16:30,80.2062,-5,0,0,0,-999,0,0,0
8/18/16 16:45,80.2062,-5,0,0,0,-999,0,0,0
8/18/16 17:00,80.15,-5,0,0,0,-999,0,0,0
8/18/16 17:15,80.15,-5,0,0,0,-999,0,0,0
8/18/16 17:30,80.15,-5,0,0,0,-999,0,0,0
8/18/16 17:45,80.15,-5,0,0,0,-999,0,0,0
8/18/16 18:00,80.15,-5,0,0,0,-999,0,0,0
8/18/16 18:15,80.15,-5,0,0,0,-999,0,0,0
8/18/16 18:30,80.15,-5,0,0,0,-999,0,0,0
8/18/16 18:45,80.15,-5,0,0,0,-999,0,0,0
8/18/16 19:00,80.15,-5,0,0,0,-999,0,0,0
8/18/16 19:15,80.15,-5,0,0,0,-999,0,0,0
8/18/16 19:30,80.0938,-5,0,0,0,-999,0,0,0
8/18/16 19:45,80.15,-5,0,0,0,-999,0,0,0
8/18/16 20:00,80.15,-5,0,0,0,-999,0,0,0
8/18/16 20:15,80.15,-5,0,0,0,-999,0,0,0
8/18/16 20:30,80.0938,-5,0,0,0,-999,0,0,0
8/18/16 20:45,80.0938,-5,0,0,0,-999,0,0,0
8/18/16 21:00,80.0938,-5,0,0,0,-999,0,0,0
8/18/16 21:15,80.15,-5,0,0,0,-999,0,0,0
8/18/16 21:30,80.15,-5,0,0,0,-999,0,0,0
8/18/16 21:45,80.0938,-5,0,0,0,-999,0,0,0
8/18/16 22:00,80.0938,-5,0,0,0,-999,0,0,0
8/18/16 22:15,80.0375,-5,0,0,0,-999,0,0,0
8/18/16 22:30,80.0375,-5,0,0,0,-999,0,0,0
8/18/16 22:45,80.0375,-5,0,0,0,-999,0,0,0
8/18/16 23:00,80.0938,-5,0,0,0,-999,0,0,0
8/18/16 23:15,80.0375,-5,0,0,0,-999,0,0,0
8/18/16 23:30,80.0375,-5,0,0,0,-999,0,0,0
8/18/16 23:45,80.0375,-5,0,0,0,-999,0,0,0
8/19/16 0:00,80.0375,-5,0,0,0,-999,0,0,0
8/19/16 0:15,80.0375,-5,0,0,0,-999,0,0,0
8/19/16 0:30,80.0375,-5,0,0,0,-999,0,0,0
8/19/16 0:45,79.9813,-5,0,0,0,-999,0,0,0
8/19/16 1:00,79.9813,-5,0,0,0,-999,0,0,0
8/19/16 1:15,79.9813,-5,0,0,0,-999,0,0,0
8/19/16 1:30,79.9813,-5,0,0,0,-999,0,0,0
8/19/16 1:45,79.9813,-5,0,0,0,-999,0,0,0
8/19/16 2:00,79.9813,-5,0,0,0,-999,0,0,0
8/19/16 2:15,79.925,-5,0,0,0,-999,0,0,0
8/19/16 2:30,79.9813,-5,0,0,0,-999,0,0,0
8/19/16 2:45,79.925,-5,0,0,0,-999,0,0,0
8/19/16 3:00,79.925,-5,0,0,0,-999,0,0,0
8/19/16 3:15,79.925,-5,0,0,0,-999,0,0,0
8/19/16 3:30,79.925,-5,0,0,0,-999,0,0,0
8/19/16 3:45,79.8688,-5,0,0,0,-999,0,0,0
8/19/16 4:00,79.8688,-5,0,0,0,-999,0,0,0
8/19/16 4:15,79.925,-5,0,0,0,-999,0,0,0
8/19/16 4:30,79.8688,-5,0,0,0,-999,0,0,0
8/19/16 4:45,79.8688,-5,0,0,0,-999,0,0,0
8/19/16 5:00,79.8688,-5,0,0,0,-999,0,0,0
8/19/16 5:15,79.8688,-5,0,0,0,-999,0,0,0
8/19/16 5:30,79.8688,-5,0,0,0,-999,0,0,0
8/19/16 5:45,79.8125,-5,0,0,0,-999,0,0,0
8/19/16 6:00,79.8125,-5,0,0,0,-999,0,0,0
8/19/16 6:15,79.7563,-5,0,0,0,-999,0,0,0
8/19/16 6:30,79.7563,-5,0,0,0,-999,0,0,0
8/19/16 6:45,79.7563,-5,0,0,0,-999,0,0,0
8/19/16 7:00,79.7563,-5,0,0,0,-999,0,0,0
8/19/16 7:15,79.7563,-5,0,0,0,-999,0,0,0
8/19/16 7:30,79.7,-5,0,0,0,-999,0,0,0
8/19/16 7:45,79.7563,-5,0,0,0,-999,0,0,0
8/19/16 8:00,79.7,-5,0,0,0,-999,0,0,0
8/19/16 8:15,79.7,-5,0,0,0,-999,0,0,0
8/19/16 8:30,79.7,-5,0,0,0,-999,0,0,0
8/19/16 8:45,79.7563,-5,0,0,0,-999,0,0,0
8/19/16 9:00,79.7563,-5,0,0,0,-999,0,0,0
8/19/16 9:15,79.7563,-5,0,0,0,-999,0,0,0
8/19/16 9:30,79.7563,-5,0,0,0,-999,0,0,0
8/19/16 9:45,79.8125,-5,0,0,0,-999,0,0,0
8/19/16 10:00,79.8125,-5,0,0,0,-999,0,0,0
8/19/16 10:15,79.8688,-5,0,0,0,-999,0,0,0
8/19/16 10:30,79.8688,-5,0,0,0,-999,0,0,0
8/19/16 10:45,79.8688,-5,0,0,0,-999,0,0,0
8/19/16 11:00,79.925,-5,0,0,0,-999,0,0,0
8/19/16 11:15,79.925,-5,0,0,0,-999,0,0,0
8/19/16 11:30,79.925,-5,0,0,0,-999,0,0,0
8/19/16 11:45,79.9813,-5,0,0,0,-999,0,0,0
8/19/16 12:00,79.9813,-5,0,0,0,-999,0,0,0
8/19/16 12:15,79.9813,-5,0,0,0,-999,0,0,0
8/19/16 12:30,80.0375,-5,0,0,0,-999,0,0,0
8/19/16 12:45,80.0375,-5,0,0,0,-999,0,0,0
8/19/16 13:00,80.0938,-5,0,0,0,-999,0,0,0
8/19/16 13:15,80.0938,-5,0,0,0,-999,0,0,0
8/19/16 13:30,80.0938,-5,0,0,0,-999,0,0,0
8/19/16 13:45,80.15,-5,0,0,0,-999,0,0,0
8/19/16 14:00,80.15,-5,0,0,0,-999,0,0,0
8/19/16 14:15,80.15,-5,0,0,0,-999,0,0,0
8/19/16 14:30,80.15,-5,0,0,0,-999,0,0,0
8/19/16 14:45,80.15,-5,0,0,0,-999,0,0,0
8/19/16 15:00,80.15,-5,0,0,0,-999,0,0,0
8/19/16 15:15,80.2062,-5,0,0,0,-999,0,0,0
8/19/16 15:30,80.15,-5,0,0,0,-999,0,0,0
8/19/16 15:45,80.2062,-5,0,0,0,-999,0,0,0
8/19/16 16:00,80.2062,-5,0,0,0,-999,0,0,0
8/19/16 16:15,80.2062,-5,0,0,0,-999,0,0,0
8/19/16 16:30,80.2062,-5,0,0,0,-999,0,0,0
8/19/16 16:45,80.15,-5,0,0,0,-999,0,0,0
8/19/16 17:00,80.15,-5,0,0,0,-999,0,0,0
8/19/16 17:15,80.15,-5,0,0,0,-999,0,0,0
8/19/16 17:30,80.15,-5,0,0,0,-999,0,0,0
8/19/16 17:45,80.15,-5,0,0,0,-999,0,0,0
8/19/16 18:00,80.15,-5,0,0,0,-999,0,0,0
8/19/16 18:15,80.0938,-5,0,0,0,-999,0,0,0
8/19/16 18:30,80.0938,-5,0,0,0,-999,0,0,0
8/19/16 18:45,80.0938,-5,0,0,0,-999,0,0,0
8/19/16 19:00,80.0938,-5,0,0,0,-999,0,0,0
8/19/16 19:15,80.0938,-5,0,0,0,-999,0,0,0
8/19/16 19:30,80.0938,-5,0,0,0,-999,0,0,0
8/19/16 19:45,80.0938,-5,0,0,0,-999,0,0,0
8/19/16 20:00,80.0375,-5,0,0,0,-999,0,0,0
8/19/16 20:15,80.0938,-5,0,0,0,-999,0,0,0
8/19/16 20:30,80.0938,-5,0,0,0,-999,0,0,0
8/19/16 20:45,80.0938,-5,0,0,0,-999,0,0,0
8/19/16 21:00,80.0375,-5,0,0,0,-999,0,0,0
8/19/16 21:15,80.0375,-5,0,0,0,-999,0,0,0
8/19/16 21:30,80.0938,-5,0,0,0,-999,0,0,0
8/19/16 21:45,80.0375,-5,0,0,0,-999,0,0,0
8/19/16 22:00,80.0375,-5,0,0,0,-999,0,0,0
8/19/16 22:15,80.0375,-5,0,0,0,-999,0,0,0
8/19/16 22:30,80.0375,-5,0,0,0,-999,0,0,0
8/19/16 22:45,79.9813,-5,0,0,0,-999,0,0,0
8/19/16 23:00,80.0375,-5,0,0,0,-999,0,0,0
8/19/16 23:15,80.0375,-5,0,0,0,-999,0,0,0
8/19/16 23:30,79.9813,-5,0,0,0,-999,0,0,0
8/19/16 23:45,79.9813,-5,0,0,0,-999,0,0,0
8/20/16 0:00,79.9813,-5,0,0,0,-999,0,0,0
8/20/16 0:15,79.9813,-5,0,0,0,-999,0,0,0
8/20/16 0:30,79.9813,-5,0,0,0,-999,0,0,0
8/20/16 0:45,79.9813,-5,0,0,0,-999,0,0,0
8/20/16 1:00,79.925,-5,0,0,0,-999,0,0,0
8/20/16 1:15,79.9813,-5,0,0,0,-999,0,0,0
8/20/16 1:30,79.925,-5,0,0,0,-999,0,0,0
8/20/16 1:45,79.9813,-5,0,0,0,-999,0,0,0
8/20/16 2:00,79.925,-5,0,0,0,-999,0,0,0
8/20/16 2:15,79.925,-5,0,0,0,-999,0,0,0
8/20/16 2:30,79.925,-5,0,0,0,-999,0,0,0
8/20/16 2:45,79.925,-5,0,0,0,-999,0,0,0
8/20/16 3:00,79.8688,-5,0,0,0,-999,0,0,0
8/20/16 3:15,79.8688,-5,0,0,0,-999,0,0,0
8/20/16 3:30,79.8688,-5,0,0,0,-999,0,0,0
8/20/16 3:45,79.8688,-5,0,0,0,-999,0,0,0
8/20/16 4:00,79.8125,-5,0,0,0,-999,0,0,0
8/20/16 4:15,79.8125,-5,0,0,0,-999,0,0,0
8/20/16 4:30,79.8688,-5,0,0,0,-999,0,0,0
8/20/16 4:45,79.7563,-5,0,0,0,-999,0,0,0
8/20/16 5:00,79.8125,-5,0,0,0,-999,0,0,0
8/20/16 5:15,79.8125,-5,0,0,0,-999,0,0,0
8/20/16 5:30,79.8125,-5,0,0,0,-999,0,0,0
8/20/16 5:45,79.7563,-5,0,0,0,-999,0,0,0
8/20/16 6:00,79.7563,-5,0,0,0,-999,0,0,0
8/20/16 6:15,79.7563,-5,0,0,0,-999,0,0,0
8/20/16 6:30,79.7,-5,0,0,0,-999,0,0,0
8/20/16 6:45,79.7,-5,0,0,0,-999,0,0,0
8/20/16 7:00,79.7563,-5,0,0,0,-999,0,0,0
8/20/16 7:15,79.6437,-5,0,0,0,-999,0,0,0
8/20/16 7:30,79.7,-5,0,0,0,-999,0,0,0
8/20/16 7:45,79.7,-5,0,0,0,-999,0,0,0
8/20/16 8:00,79.6437,-5,0,0,0,-999,0,0,0
8/20/16 8:15,79.6437,-5,0,0,0,-999,0,0,0
8/20/16 8:30,79.5875,-5,0,0,0,-999,0,0,0
8/20/16 8:45,79.6437,-5,0,0,0,-999,0,0,0
8/20/16 9:00,79.6437,-5,0,0,0,-999,0,0,0
8/20/16 9:15,79.5875,-5,0,0,0,-999,0,0,0
8/20/16 9:30,79.6437,-5,0,0,0,-999,0,0,0
8/20/16 9:45,79.6437,-5,0,0,0,-999,0,0,0
8/20/16 10:00,79.6437,-5,0,0,0,-999,0,0,0
8/20/16 10:15,79.6437,-5,0,0,0,-999,0,0,0
8/20/16 10:30,79.7,-5,0,0,0,-999,0,0,0
8/20/16 10:45,79.7,-5,0,0,0,-999,0,0,0
8/20/16 11:00,79.7,-5,0,0,0,-999,0,0,0
8/20/16 11:15,79.7563,-5,0,0,0,-999,0,0,0
8/20/16 11:30,79.8125,-5,0,0,0,-999,0,0,0
8/20/16 11:45,79.8125,-5,0,0,0,-999,0,0,0
8/20/16 12:00,79.8125,-5,0,0,0,-999,0,0,0
8/20/16 12:15,79.8688,-5,0,0,0,-999,0,0,0
8/20/16 12:30,79.8688,-5,0,0,0,-999,0,0,0
8/20/16 12:45,79.925,-5,0,0,0,-999,0,0,0
8/20/16 13:00,79.925,-5,0,0,0,-999,0,0,0
8/20/16 13:15,79.9813,-5,0,0,0,-999,0,0,0
8/20/16 13:30,79.925,-5,0,0,0,-999,0,0,0
8/20/16 13:45,79.9813,-5,0,0,0,-999,0,0,0
8/20/16 14:00,79.9813,-5,0,0,0,-999,0,0,0
8/20/16 14:15,80.0375,-5,0,0,0,-999,0,0,0
8/20/16 14:30,79.9813,-5,0,0,0,-999,0,0,0
8/20/16 14:45,80.0375,-5,0,0,0,-999,0,0,0
8/20/16 15:00,80.0375,-5,0,0,0,-999,0,0,0
8/20/16 15:15,80.0375,-5,0,0,0,-999,0,0,0
8/20/16 15:30,80.0938,-5,0,0,0,-999,0,0,0
8/20/16 15:45,80.0375,-5,0,0,0,-999,0,0,0
8/20/16 16:00,80.0938,-5,0,0,0,-999,0,0,0
8/20/16 16:15,80.0938,-5,0,0,0,-999,0,0,0
8/20/16 16:30,80.0375,-5,0,0,0,-999,0,0,0
8/20/16 16:45,80.0938,-5,0,0,0,-999,0,0,0
8/20/16 17:00,80.0375,-5,0,0,0,-999,0,0,0
8/20/16 17:15,80.0375,-5,0,0,0,-999,0,0,0
8/20/16 17:30,80.0938,-5,0,0,0,-999,0,0,0
8/20/16 17:45,80.0375,-5,0,0,0,-999,0,0,0
8/20/16 18:00,80.0375,-5,0,0,0,-999,0,0,0
8/20/16 18:15,79.9813,-5,0,0,0,-999,0,0,0
8/20/16 18:30,79.9813,-5,0,0,0,-999,0,0,0
8/20/16 18:45,80.0375,-5,0,0,0,-999,0,0,0
8/20/16 19:00,79.9813,-5,0,0,0,-999,0,0,0
8/20/16 19:15,79.9813,-5,0,0,0,-999,0,0,0
8/20/16 19:30,79.925,-5,0,0,0,-999,0,0,0
8/20/16 19:45,79.925,-5,0,0,0,-999,0,0,0
8/20/16 20:00,79.925,-5,0,0,0,-999,0,0,0
8/20/16 20:15,79.925,-5,0,0,0,-999,0,0,0
8/20/16 20:30,79.925,-5,0,0,0,-999,0,0,0
8/20/16 20:45,79.8688,-5,0,0,0,-999,0,0,0
8/20/16 21:00,79.925,-5,0,0,0,-999,0,0,0
8/20/16 21:15,79.8688,-5,0,0,0,-999,0,0,0
8/20/16 21:30,79.8688,-5,0,0,0,-999,0,0,0
8/20/16 21:45,79.8688,-5,0,0,0,-999,0,0,0
8/20/16 22:00,79.8688,-5,0,0,0,-999,0,0,0
8/20/16 22:15,79.925,-5,0,0,0,-999,0,0,0
8/20/16 22:30,79.8688,-5,0,0,0,-999,0,0,0
8/20/16 22:45,79.8688,-5,0,0,0,-999,0,0,0
8/20/16 23:00,79.8688,-5,0,0,0,-999,0,0,0
8/20/16 23:15,79.8688,-5,0,0,0,-999,0,0,0
8/20/16 23:30,79.8125,-5,0,0,0,-999,0,0,0
8/20/16 23:45,79.8125,-5,0,0,0,-999,0,0,0
8/21/16 0:00,79.8125,-5,0,0,0,-999,0,0,0
8/21/16 0:15,79.7563,-5,0,0,0,-999,0,0,0
8/21/16 0:30,79.8125,-5,0,0,0,-999,0,0,0
8/21/16 0:45,79.7563,-5,0,0,0,-999,0,0,0
8/21/16 1:00,79.8125,-5,0,0,0,-999,0,0,0
8/21/16 1:15,79.7563,-5,0,0,0,-999,0,0,0
8/21/16 1:30,79.8125,-5,0,0,0,-999,0,0,0
8/21/16 1:45,79.7563,-5,0,0,0,-999,0,0,0
8/21/16 2:00,79.7563,-5,0,0,0,-999,0,0,0
8/21/16 2:15,79.7563,-5,0,0,0,-999,0,0,0
8/21/16 2:30,79.7563,-5,0,0,0,-999,0,0,0
8/21/16 2:45,79.7,-5,0,0,0,-999,0,0,0
8/21/16 3:00,79.7,-5,0,0,0,-999,0,0,0
8/21/16 3:15,79.7,-5,0,0,0,-999,0,0,0
8/21/16 3:30,79.7,-5,0,0,0,-999,0,0,0
8/21/16 3:45,79.7,-5,0,0,0,-999,0,0,0
8/21/16 4:00,79.7,-5,0,0,0,-999,0,0,0
8/21/16 4:15,79.6437,-5,0,0,0,-999,0,0,0
8/21/16 4:30,79.6437,-5,0,0,0,-999,0,0,0
8/21/16 4:45,79.6437,-5,0,0,0,-999,0,0,0
8/21/16 5:00,79.5875,-5,0,0,0,-999,0,0,0
8/21/16 5:15,79.5875,-5,0,0,0,-999,0,0,0
8/21/16 5:30,79.5875,-5,0,0,0,-999,0,0,0
8/21/16 5:45,79.5875,-5,0,0,0,-999,0,0,0
8/21/16 6:00,79.5313,-5,0,0,0,-999,0,0,0
8/21/16 6:15,79.5313,-5,0,0,0,-999,0,0,0
8/21/16 6:30,79.5313,-5,0,0,0,-999,0,0,0
8/21/16 6:45,79.5313,-5,0,0,0,-999,0,0,0
8/21/16 7:00,79.475,-5,0,0,0,-999,0,0,0
8/21/16 7:15,79.475,-5,0,0,0,-999,0,0,0
8/21/16 7:30,79.475,-5,0,0,0,-999,0,0,0
8/21/16 7:45,79.475,-5,0,0,0,-999,0,0,0
8/21/16 8:00,79.475,-5,0,0,0,-999,0,0,0
8/21/16 8:15,79.475,-5,0,0,0,-999,0,0,0
8/21/16 8:30,79.4188,-5,0,0,0,-999,0,0,0
8/21/16 8:45,79.475,-5,0,0,0,-999,0,0,0
8/21/16 9:00,79.475,-5,0,0,0,-999,0,0,0
8/21/16 9:15,79.475,-5,0,0,0,-999,0,0,0
8/21/16 9:30,79.475,-5,0,0,0,-999,0,0,0
8/21/16 9:45,79.5313,-5,0,0,0,-999,0,0,0
8/21/16 10:00,79.5313,-5,0,0,0,-999,0,0,0
8/21/16 10:15,79.5313,-5,0,0,0,-999,0,0,0
8/21/16 10:30,79.5313,-5,0,0,0,-999,0,0,0
8/21/16 10:45,79.5875,-5,0,0,0,-999,0,0,0
8/21/16 11:00,79.6437,-5,0,0,0,-999,0,0,0
8/21/16 11:15,79.6437,-5,0,0,0,-999,0,0,0
8/21/16 11:30,79.7,-5,0,0,0,-999,0,0,0
8/21/16 11:45,79.7,-5,0,0,0,-999,0,0,0
8/21/16 12:00,79.7563,-5,0,0,0,-999,0,0,0
8/21/16 12:15,79.7563,-5,0,0,0,-999,0,0,0
8/21/16 12:30,79.7563,-5,0,0,0,-999,0,0,0
8/21/16 12:45,79.8125,-5,0,0,0,-999,0,0,0
8/21/16 13:00,79.8125,-5,0,0,0,-999,0,0,0
8/21/16 13:15,79.8688,-5,0,0,0,-999,0,0,0
8/21/16 13:30,79.8688,-5,0,0,0,-999,0,0,0
8/21/16 13:45,79.8688,-5,0,0,0,-999,0,0,0
8/21/16 14:00,79.8688,-5,0,0,0,-999,0,0,0
8/21/16 14:15,79.8688,-5,0,0,0,-999,0,0,0
8/21/16 14:30,79.925,-5,0,0,0,-999,0,0,0
8/21/16 14:45,79.8688,-5,0,0,0,-999,0,0,0
8/21/16 15:00,79.8688,-5,0,0,0,-999,0,0,0
8/21/16 15:15,79.8688,-5,0,0,0,-999,0,0,0
8/21/16 15:30,79.925,-5,0,0,0,-999,0,0,0
8/21/16 15:45,79.8688,-5,0,0,0,-999,0,0,0
8/21/16 16:00,79.8688,-5,0,0,0,-999,0,0,0
8/21/16 16:15,79.8688,-5,0,0,0,-999,0,0,0
8/21/16 16:30,79.8688,-5,0,0,0,-999,0,0,0
8/21/16 16:45,79.8688,-5,0,0,0,-999,0,0,0
8/21/16 17:00,79.8688,-5,0,0,0,-999,0,0,0
8/21/16 17:15,79.8125,-5,0,0,0,-999,0,0,0
8/21/16 17:30,79.8125,-5,0,0,0,-999,0,0,0
8/21/16 17:45,79.8125,-5,0,0,0,-999,0,0,0
8/21/16 18:00,79.7563,-5,0,0,0,-999,0,0,0
8/21/16 18:15,79.8125,-5,0,0,0,-999,0,0,0
8/21/16 18:30,79.7563,-5,0,0,0,-999,0,0,0
8/21/16 18:45,79.7563,-5,0,0,0,-999,0,0,0
8/21/16 19:00,79.7563,-5,0,0,0,-999,0,0,0
8/21/16 19:15,79.7,-5,0,0,0,-999,0,0,0
8/21/16 19:30,79.7563,-5,0,0,0,-999,0,0,0
8/21/16 19:45,79.7,-5,0,0,0,-999,0,0,0
8/21/16 20:00,79.7,-5,0,0,0,-999,0,0,0
8/21/16 20:15,79.7,-5,0,0,0,-999,0,0,0
8/21/16 20:30,79.7,-5,0,0,0,-999,0,0,0
8/21/16 20:45,79.7,-5,0,0,0,-999,0,0,0
8/21/16 21:00,79.7,-5,0,0,0,-999,0,0,0
8/21/16 21:15,79.7,-5,0,0,0,-999,0,0,0
8/21/16 21:30,79.6437,-5,0,0,0,-999,0,0,0
8/21/16 21:45,79.6437,-5,0,0,0,-999,0,0,0
8/21/16 22:00,79.6437,-5,0,0,0,-999,0,0,0
8/21/16 22:15,79.7,-5,0,0,0,-999,0,0,0
8/21/16 22:30,79.5875,-5,0,0,0,-999,0,0,0
8/21/16 22:45,79.5875,-5,0,0,0,-999,0,0,0
8/21/16 23:00,79.5875,-5,0,0,0,-999,0,0,0
8/21/16 23:15,79.5875,-5,0,0,0,-999,0,0,0
8/21/16 23:30,79.5313,-5,0,0,0,-999,0,0,0
8/21/16 23:45,79.5875,-5,0,0,0,-999,0,0,0
8/22/16 0:00,79.5875,-5,0,0,0,-999,0,0,0
8/22/16 0:15,79.5313,-5,0,0,0,-999,0,0,0
8/22/16 0:30,79.5313,-5,0,0,0,-999,0,0,0
8/22/16 0:45,79.5313,-5,0,0,0,-999,0,0,0
8/22/16 1:00,79.5313,-5,0,0,0,-999,0,0,0
8/22/16 1:15,79.5313,-5,0,0,0,-999,0,0,0
8/22/16 1:30,79.475,-5,0,0,0,-999,0,0,0
8/22/16 1:45,79.475,-5,0,0,0,-999,0,0,0
8/22/16 2:00,79.475,-5,0,0,0,-999,0,0,0
8/22/16 2:15,79.475,-5,0,0,0,-999,0,0,0
8/22/16 2:30,79.475,-5,0,0,0,-999,0,0,0
8/22/16 2:45,79.475,-5,0,0,0,-999,0,0,0
8/22/16 3:00,79.4188,-5,0,0,0,-999,0,0,0
8/22/16 3:15,79.4188,-5,0,0,0,-999,0,0,0
8/22/16 3:30,79.4188,-5,0,0,0,-999,0,0,0
8/22/16 3:45,79.3625,-5,0,0,0,-999,0,0,0
8/22/16 4:00,79.4188,-5,0,0,0,-999,0,0,0
8/22/16 4:15,79.3625,-5,0,0,0,-999,0,0,0
8/22/16 4:30,79.4188,-5,0,0,0,-999,0,0,0
8/22/16 4:45,79.4188,-5,0,0,0,-999,0,0,0
8/22/16 5:00,79.3625,-5,0,0,0,-999,0,0,0
8/22/16 5:15,79.3625,-5,0,0,0,-999,0,0,0
8/22/16 5:30,79.3063,-5,0,0,0,-999,0,0,0
8/22/16 5:45,79.3063,-5,0,0,0,-999,0,0,0
8/22/16 6:00,79.3063,-5,0,0,0,-999,0,0,0
8/22/16 6:15,79.3063,-5,0,0,0,-999,0,0,0
8/22/16 6:30,79.3063,-5,0,0,0,-999,0,0,0
8/22/16 6:45,79.25,-5,0,0,0,-999,0,0,0
8/22/16 7:00,79.25,-5,0,0,0,-999,0,0,0
8/22/16 7:15,79.25,-5,0,0,0,-999,0,0,0
8/22/16 7:30,79.1938,-5,0,0,0,-999,0,0,0
8/22/16 7:45,79.25,-5,0,0,0,-999,0,0,0
8/22/16 8:00,79.1938,-5,0,0,0,-999,0,0,0
8/22/16 8:15,79.25,-5,0,0,0,-999,0,0,0
8/22/16 8:30,79.1938,-5,0,0,0,-999,0,0,0
8/22/16 8:45,79.1938,-5,0,0,0,-999,0,0,0
8/22/16 9:00,79.1938,-5,0,0,0,-999,0,0,0
8/22/16 9:15,79.25,-5,0,0,0,-999,0,0,0
8/22/16 9:30,79.25,-5,0,0,0,-999,0,0,0
8/22/16 9:45,79.25,-5,0,0,0,-999,0,0,0
8/22/16 10:00,79.25,-5,0,0,0,-999,0,0,0
8/22/16 10:15,79.3063,-5,0,0,0,-999,0,0,0
8/22/16 10:30,79.3063,-5,0,0,0,-999,0,0,0
8/22/16 10:45,79.3625,-5,0,0,0,-999,0,0,0
8/22/16 11:00,79.3625,-5,0,0,0,-999,0,0,0
8/22/16 11:15,79.4188,-5,0,0,0,-999,0,0,0
8/22/16 11:30,79.4188,-5,0,0,0,-999,0,0,0
8/22/16 11:45,79.4188,-5,0,0,0,-999,0,0,0
8/22/16 12:00,79.475,-5,0,0,0,-999,0,0,0
8/22/16 12:15,79.475,-5,0,0,0,-999,0,0,0
8/22/16 12:30,79.475,-5,0,0,0,-999,0,0,0
8/22/16 12:45,79.475,-5,0,0,0,-999,0,0,0
8/22/16 13:00,79.5313,-5,0,0,0,-999,0,0,0
8/22/16 13:15,79.5313,-5,0,0,0,-999,0,0,0
8/22/16 13:30,79.5313,-5,0,0,0,-999,0,0,0
8/22/16 13:45,79.5313,-5,0,0,0,-999,0,0,0
8/22/16 14:00,79.475,-5,0,0,0,-999,0,0,0
8/22/16 14:15,79.5313,-5,0,0,0,-999,0,0,0
8/22/16 14:30,79.5313,-5,0,0,0,-999,0,0,0
8/22/16 14:45,79.5313,-5,0,0,0,-999,0,0,0
8/22/16 15:00,79.5313,-5,0,0,0,-999,0,0,0
8/22/16 15:15,79.5313,-5,0,0,0,-999,0,0,0
8/22/16 15:30,79.5313,-5,0,0,0,-999,0,0,0
8/22/16 15:45,79.5313,-5,0,0,0,-999,0,0,0
8/22/16 16:00,79.5313,-5,0,0,0,-999,0,0,0
8/22/16 16:15,79.5313,-5,0,0,0,-999,0,0,0
8/22/16 16:30,79.5313,-5,0,0,0,-999,0,0,0
8/22/16 16:45,79.475,-5,0,0,0,-999,0,0,0
8/22/16 17:00,79.475,-5,0,0,0,-999,0,0,0
8/22/16 17:15,79.475,-5,0,0,0,-999,0,0,0
8/22/16 17:30,79.5313,-5,0,0,0,-999,0,0,0
8/22/16 17:45,79.475,-5,0,0,0,-999,0,0,0
8/22/16 18:00,79.4188,-5,0,0,0,-999,0,0,0
8/22/16 18:15,79.4188,-5,0,0,0,-999,0,0,0
8/22/16 18:30,79.4188,-5,0,0,0,-999,0,0,0
8/22/16 18:45,79.4188,-5,0,0,0,-999,0,0,0
8/22/16 19:00,79.4188,-5,0,0,0,-999,0,0,0
8/22/16 19:15,79.3625,-5,0,0,0,-999,0,0,0
8/22/16 19:30,79.3625,-5,0,0,0,-999,0,0,0
8/22/16 19:45,79.3625,-5,0,0,0,-999,0,0,0
8/22/16 20:00,79.3625,-5,0,0,0,-999,0,0,0
8/22/16 20:15,79.3625,-5,0,0,0,-999,0,0,0
8/22/16 20:30,79.3625,-5,0,0,0,-999,0,0,0
8/22/16 20:45,79.3063,-5,0,0,0,-999,0,0,0
8/22/16 21:00,79.3063,-5,0,0,0,-999,0,0,0
8/22/16 21:15,79.3625,-5,0,0,0,-999,0,0,0
8/22/16 21:30,79.3063,-5,0,0,0,-999,0,0,0
8/22/16 21:45,79.3063,-5,0,0,0,-999,0,0,0
8/22/16 22:00,79.3063,-5,0,0,0,-999,0,0,0
8/22/16 22:15,79.3063,-5,0,0,0,-999,0,0,0
8/22/16 22:30,79.25,-5,0,0,0,-999,0,0,0
8/22/16 22:45,79.3063,-5,0,0,0,-999,0,0,0
8/22/16 23:00,79.3063,-5,0,0,0,-999,0,0,0
8/22/16 23:15,79.3063,-5,0,0,0,-999,0,0,0
8/22/16 23:30,79.25,-5,0,0,0,-999,0,0,0
8/22/16 23:45,79.25,-5,0,0,0,-999,0,0,0
8/23/16 0:00,79.1938,-5,0,0,0,-999,0,0,0
8/23/16 0:15,79.25,-5,0,0,0,-999,0,0,0
8/23/16 0:30,79.25,-5,0,0,0,-999,0,0,0
8/23/16 0:45,79.25,-5,0,0,0,-999,0,0,0
8/23/16 1:00,79.1938,-5,0,0,0,-999,0,0,0
8/23/16 1:15,79.1938,-5,0,0,0,-999,0,0,0
8/23/16 1:30,79.1938,-5,0,0,0,-999,0,0,0
8/23/16 1:45,79.1938,-5,0,0,0,-999,0,0,0
8/23/16 2:00,79.1938,-5,0,0,0,-999,0,0,0
8/23/16 2:15,79.1938,-5,0,0,0,-999,0,0,0
8/23/16 2:30,79.1938,-5,0,0,0,-999,0,0,0
8/23/16 2:45,79.1375,-5,0,0,0,-999,0,0,0
8/23/16 3:00,79.1938,-5,0,0,0,-999,0,0,0
8/23/16 3:15,79.1375,-5,0,0,0,-999,0,0,0
8/23/16 3:30,79.1375,-5,0,0,0,-999,0,0,0
8/23/16 3:45,79.0812,-5,0,0,0,-999,0,0,0
8/23/16 4:00,79.1375,-5,0,0,0,-999,0,0,0
8/23/16 4:15,79.1375,-5,0,0,0,-999,0,0,0
8/23/16 4:30,79.1375,-5,0,0,0,-999,0,0,0
8/23/16 4:45,79.1375,-5,0,0,0,-999,0,0,0
8/23/16 5:00,79.0812,-5,0,0,0,-999,0,0,0
8/23/16 5:15,79.0812,-5,0,0,0,-999,0,0,0
8/23/16 5:30,79.0812,-5,0,0,0,-999,0,0,0
8/23/16 5:45,79.0812,-5,0,0,0,-999,0,0,0
8/23/16 6:00,79.0812,-5,0,0,0,-999,0,0,0
8/23/16 6:15,79.0812,-5,0,0,0,-999,0,0,0
8/23/16 6:30,79.025,-5,0,0,0,-999,0,0,0
8/23/16 6:45,79.0812,-5,0,0,0,-999,0,0,0
8/23/16 7:00,79.025,-5,0,0,0,-999,0,0,0
8/23/16 7:15,78.9688,-5,0,0,0,-999,0,0,0
8/23/16 7:30,78.9688,-5,0,0,0,-999,0,0,0
8/23/16 7:45,78.9688,-5,0,0,0,-999,0,0,0
8/23/16 8:00,79.025,-5,0,0,0,-999,0,0,0
8/23/16 8:15,78.9688,-5,0,0,0,-999,0,0,0
8/23/16 8:30,78.9688,-5,0,0,0,-999,0,0,0
8/23/16 8:45,78.9688,-5,0,0,0,-999,0,0,0
8/23/16 9:00,78.9688,-5,0,0,0,-999,0,0,0
8/23/16 9:15,79.025,-5,0,0,0,-999,0,0,0
8/23/16 9:30,79.025,-5,0,0,0,-999,0,0,0
8/23/16 9:45,79.0812,-5,0,0,0,-999,0,0,0
8/23/16 10:00,79.025,-5,0,0,0,-999,0,0,0
8/23/16 10:15,79.0812,-5,0,0,0,-999,0,0,0
8/23/16 10:30,79.0812,-5,0,0,0,-999,0,0,0
8/23/16 10:45,79.1375,-5,0,0,0,-999,0,0,0
8/23/16 11:00,79.1375,-5,0,0,0,-999,0,0,0
8/23/16 11:15,79.1375,-5,0,0,0,-999,0,0,0
8/23/16 11:30,79.1375,-5,0,0,0,-999,0,0,0
8/23/16 11:45,79.1938,-5,0,0,0,-999,0,0,0
8/23/16 12:00,79.1938,-5,0,0,0,-999,0,0,0
8/23/16 12:15,79.1938,-5,0,0,0,-999,0,0,0
8/23/16 12:30,79.25,-5,0,0,0,-999,0,0,0
8/23/16 12:45,79.1938,-5,0,0,0,-999,0,0,0
8/23/16 13:00,79.1938,-5,0,0,0,-999,0,0,0
8/23/16 13:15,79.25,-5,0,0,0,-999,0,0,0
8/23/16 13:30,79.25,-5,0,0,0,-999,0,0,0
8/23/16 13:45,79.25,-5,0,0,0,-999,0,0,0
8/23/16 14:00,79.3063,-5,0,0,0,-999,0,0,0
8/23/16 14:15,79.3063,-5,0,0,0,-999,0,0,0
8/23/16 14:30,79.3063,-5,0,0,0,-999,0,0,0
8/23/16 14:45,79.3063,-5,0,0,0,-999,0,0,0
8/23/16 15:00,79.3063,-5,0,0,0,-999,0,0,0
8/23/16 15:15,79.3063,-5,0,0,0,-999,0,0,0
8/23/16 15:30,79.3063,-5,0,0,0,-999,0,0,0
8/23/16 15:45,79.3063,-5,0,0,0,-999,0,0,0
8/23/16 16:00,79.3063,-5,0,0,0,-999,0,0,0
8/23/16 16:15,79.3063,-5,0,0,0,-999,0,0,0
8/23/16 16:30,79.3063,-5,0,0,0,-999,0,0,0
8/23/16 16:45,79.3063,-5,0,0,0,-999,0,0,0
8/23/16 17:00,79.3063,-5,0,0,0,-999,0,0,0
8/23/16 17:15,79.3063,-5,0,0,0,-999,0,0,0
8/23/16 17:30,79.3063,-5,0,0,0,-999,0,0,0
8/23/16 17:45,79.25,-5,0,0,0,-999,0,0,0
8/23/16 18:00,79.25,-5,0,0,0,-999,0,0,0
8/23/16 18:15,79.25,-5,0,0,0,-999,0,0,0
8/23/16 18:30,79.25,-5,0,0,0,-999,0,0,0
8/23/16 18:45,79.1938,-5,0,0,0,-999,0,0,0
8/23/16 19:00,79.1938,-5,0,0,0,-999,0,0,0
8/23/16 19:15,79.1938,-5,0,0,0,-999,0,0,0
8/23/16 19:30,79.1375,-5,0,0,0,-999,0,0,0
8/23/16 19:45,79.1938,-5,0,0,0,-999,0,0,0
8/23/16 20:00,79.1375,-5,0,0,0,-999,0,0,0
8/23/16 20:15,79.1938,-5,0,0,0,-999,0,0,0
8/23/16 20:30,79.1375,-5,0,0,0,-999,0,0,0
8/23/16 20:45,79.1375,-5,0,0,0,-999,0,0,0
8/23/16 21:00,79.0812,-5,0,0,0,-999,0,0,0
8/23/16 21:15,79.1375,-5,0,0,0,-999,0,0,0
8/23/16 21:30,79.1375,-5,0,0,0,-999,0,0,0
8/23/16 21:45,79.1375,-5,0,0,0,-999,0,0,0
8/23/16 22:00,79.1375,-5,0,0,0,-999,0,0,0
8/23/16 22:15,79.0812,-5,0,0,0,-999,0,0,0
8/23/16 22:30,79.0812,-5,0,0,0,-999,0,0,0
8/23/16 22:45,79.0812,-5,0,0,0,-999,0,0,0
8/23/16 23:00,79.0812,-5,0,0,0,-999,0,0,0
8/23/16 23:15,79.0812,-5,0,0,0,-999,0,0,0
8/23/16 23:30,79.0812,-5,0,0,0,-999,0,0,0
8/23/16 23:45,79.0812,-5,0,0,0,-999,0,0,0
8/24/16 0:00,79.025,-5,0,0,0,-999,0,0,0
8/24/16 0:15,79.025,-5,0,0,0,-999,0,0,0
8/24/16 0:30,79.0812,-5,0,0,0,-999,0,0,0
8/24/16 0:45,79.025,-5,0,0,0,-999,0,0,0
8/24/16 1:00,79.025,-5,0,0,0,-999,0,0,0
8/24/16 1:15,79.025,-5,0,0,0,-999,0,0,0
8/24/16 1:30,78.9688,-5,0,0,0,-999,0,0,0
8/24/16 1:45,78.9688,-5,0,0,0,-999,0,0,0
8/24/16 2:00,78.9688,-5,0,0,0,-999,0,0,0
8/24/16 2:15,78.9688,-5,0,0,0,-999,0,0,0
8/24/16 2:30,78.9688,-5,0,0,0,-999,0,0,0
8/24/16 2:45,78.9688,-5,0,0,0,-999,0,0,0
8/24/16 3:00,78.9688,-5,0,0,0,-999,0,0,0
8/24/16 3:15,78.9688,-5,0,0,0,-999,0,0,0
8/24/16 3:30,78.9688,-5,0,0,0,-999,0,0,0
8/24/16 3:45,78.9125,-5,0,0,0,-999,0,0,0
8/24/16 4:00,78.9125,-5,0,0,0,-999,0,0,0
8/24/16 4:15,78.9125,-5,0,0,0,-999,0,0,0
8/24/16 4:30,78.9125,-5,0,0,0,-999,0,0,0
8/24/16 4:45,78.9125,-5,0,0,0,-999,0,0,0
8/24/16 5:00,78.9125,-5,0,0,0,-999,0,0,0
8/24/16 5:15,78.9125,-5,0,0,0,-999,0,0,0
8/24/16 5:30,78.9125,-5,0,0,0,-999,0,0,0
8/24/16 5:45,78.8563,-5,0,0,0,-999,0,0,0
8/24/16 6:00,78.8563,-5,0,0,0,-999,0,0,0
8/24/16 6:15,78.8,-5,0,0,0,-999,0,0,0
8/24/16 6:30,78.8,-5,0,0,0,-999,0,0,0
8/24/16 6:45,78.8,-5,0,0,0,-999,0,0,0
8/24/16 7:00,78.8,-5,0,0,0,-999,0,0,0
8/24/16 7:15,78.7438,-5,0,0,0,-999,0,0,0
8/24/16 7:30,78.7438,-5,0,0,0,-999,0,0,0
8/24/16 7:45,78.7438,-5,0,0,0,-999,0,0,0
8/24/16 8:00,78.7438,-5,0,0,0,-999,0,0,0
8/24/16 8:15,78.7438,-5,0,0,0,-999,0,0,0
8/24/16 8:30,78.7438,-5,0,0,0,-999,0,0,0
8/24/16 8:45,78.7438,-5,0,0,0,-999,0,0,0
8/24/16 9:00,78.8,-5,0,0,0,-999,0,0,0
8/24/16 9:15,78.8,-5,0,0,0,-999,0,0,0
8/24/16 9:30,78.8,-5,0,0,0,-999,0,0,0
8/24/16 9:45,78.8,-5,0,0,0,-999,0,0,0
8/24/16 10:00,78.8,-5,0,0,0,-999,0,0,0
8/24/16 10:15,78.8563,-5,0,0,0,-999,0,0,0
8/24/16 10:30,78.8563,-5,0,0,0,-999,0,0,0
8/24/16 10:45,78.8563,-5,0,0,0,-999,0,0,0
8/24/16 11:00,78.9125,-5,0,0,0,-999,0,0,0
8/24/16 11:15,78.9125,-5,0,0,0,-999,0,0,0
8/24/16 11:30,78.9688,-5,0,0,0,-999,0,0,0
8/24/16 11:45,78.9688,-5,0,0,0,-999,0,0,0
8/24/16 12:00,79.025,-5,0,0,0,-999,0,0,0
8/24/16 12:15,79.025,-5,0,0,0,-999,0,0,0
8/24/16 12:30,79.0812,-5,0,0,0,-999,0,0,0
8/24/16 12:45,79.0812,-5,0,0,0,-999,0,0,0
8/24/16 13:00,79.1375,-5,0,0,0,-999,0,0,0
8/24/16 13:15,79.1375,-5,0,0,0,-999,0,0,0
8/24/16 13:30,79.1375,-5,0,0,0,-999,0,0,0
8/24/16 13:45,79.1375,-5,0,0,0,-999,0,0,0
8/24/16 14:00,79.1938,-5,0,0,0,-999,0,0,0
8/24/16 14:15,79.1938,-5,0,0,0,-999,0,0,0
8/24/16 14:30,79.1938,-5,0,0,0,-999,0,0,0
8/24/16 14:45,79.1938,-5,0,0,0,-999,0,0,0
8/24/16 15:00,79.1938,-5,0,0,0,-999,0,0,0
8/24/16 15:15,79.25,-5,0,0,0,-999,0,0,0
8/24/16 15:30,79.1938,-5,0,0,0,-999,0,0,0
8/24/16 15:45,79.1938,-5,0,0,0,-999,0,0,0
8/24/16 16:00,79.1938,-5,0,0,0,-999,0,0,0
8/24/16 16:15,79.1938,-5,0,0,0,-999,0,0,0
8/24/16 16:30,79.1938,-5,0,0,0,-999,0,0,0
8/24/16 16:45,79.1938,-5,0,0,0,-999,0,0,0
8/24/16 17:00,79.1938,-5,0,0,0,-999,0,0,0
8/24/16 17:15,79.1938,-5,0,0,0,-999,0,0,0
8/24/16 17:30,79.1938,-5,0,0,0,-999,0,0,0
8/24/16 17:45,79.1938,-5,0,0,0,-999,0,0,0
8/24/16 18:00,79.1938,-5,0,0,0,-999,0,0,0
8/24/16 18:15,79.1375,-5,0,0,0,-999,0,0,0
8/24/16 18:30,79.1375,-5,0,0,0,-999,0,0,0
8/24/16 18:45,79.1375,-5,0,0,0,-999,0,0,0
8/24/16 19:00,79.1375,-5,0,0,0,-999,0,0,0
8/24/16 19:15,79.1375,-5,0,0,0,-999,0,0,0
8/24/16 19:30,79.1375,-5,0,0,0,-999,0,0,0
8/24/16 19:45,79.1375,-5,0,0,0,-999,0,0,0
8/24/16 20:00,79.1375,-5,0,0,0,-999,0,0,0
8/24/16 20:15,79.1375,-5,0,0,0,-999,0,0,0
8/24/16 20:30,79.1375,-5,0,0,0,-999,0,0,0
8/24/16 20:45,79.1375,-5,0,0,0,-999,0,0,0
8/24/16 21:00,79.0812,-5,0,0,0,-999,0,0,0
8/24/16 21:15,79.0812,-5,0,0,0,-999,0,0,0
8/24/16 21:30,79.1375,-5,0,0,0,-999,0,0,0
8/24/16 21:45,79.0812,-5,0,0,0,-999,0,0,0
8/24/16 22:00,79.0812,-5,0,0,0,-999,0,0,0
8/24/16 22:15,79.0812,-5,0,0,0,-999,0,0,0
8/24/16 22:30,79.0812,-5,0,0,0,-999,0,0,0
8/24/16 22:45,79.0812,-5,0,0,0,-999,0,0,0
8/24/16 23:00,79.0812,-5,0,0,0,-999,0,0,0
8/24/16 23:15,79.025,-5,0,0,0,-999,0,0,0
8/24/16 23:30,79.025,-5,0,0,0,-999,0,0,0
8/24/16 23:45,79.025,-5,0,0,0,-999,0,0,0
8/25/16 0:00,79.0812,-5,0,0,0,-999,0,0,0
8/25/16 0:15,79.025,-5,0,0,0,-999,0,0,0
8/25/16 0:30,79.025,-5,0,0,0,-999,0,0,0
8/25/16 0:45,78.9688,-5,0,0,0,-999,0,0,0
8/25/16 1:00,79.025,-5,0,0,0,-999,0,0,0
8/25/16 1:15,79.025,-5,0,0,0,-999,0,0,0
8/25/16 1:30,78.9688,-5,0,0,0,-999,0,0,0
8/25/16 1:45,78.9688,-5,0,0,0,-999,0,0,0
8/25/16 2:00,78.9688,-5,0,0,0,-999,0,0,0
8/25/16 2:15,78.9688,-5,0,0,0,-999,0,0,0
8/25/16 2:30,78.9688,-5,0,0,0,-999,0,0,0
8/25/16 2:45,78.9688,-5,0,0,0,-999,0,0,0
8/25/16 3:00,78.9688,-5,0,0,0,-999,0,0,0
8/25/16 3:15,78.9125,-5,0,0,0,-999,0,0,0
8/25/16 3:30,78.9125,-5,0,0,0,-999,0,0,0
8/25/16 3:45,78.9125,-5,0,0,0,-999,0,0,0
8/25/16 4:00,78.9125,-5,0,0,0,-999,0,0,0
8/25/16 4:15,78.9125,-5,0,0,0,-999,0,0,0
8/25/16 4:30,78.9125,-5,0,0,0,-999,0,0,0
8/25/16 4:45,78.8563,-5,0,0,0,-999,0,0,0
8/25/16 5:00,78.8563,-5,0,0,0,-999,0,0,0
8/25/16 5:15,78.9125,-5,0,0,0,-999,0,0,0
8/25/16 5:30,78.8563,-5,0,0,0,-999,0,0,0
8/25/16 5:45,78.8563,-5,0,0,0,-999,0,0,0
8/25/16 6:00,78.8563,-5,0,0,0,-999,0,0,0
8/25/16 6:15,78.8563,-5,0,0,0,-999,0,0,0
8/25/16 6:30,78.8563,-5,0,0,0,-999,0,0,0
8/25/16 6:45,78.8563,-5,0,0,0,-999,0,0,0
8/25/16 7:00,78.8563,-5,0,0,0,-999,0,0,0
8/25/16 7:15,78.8563,-5,0,0,0,-999,0,0,0
8/25/16 7:30,78.8,-5,0,0,0,-999,0,0,0
8/25/16 7:45,78.8563,-5,0,0,0,-999,0,0,0
8/25/16 8:00,78.8,-5,0,0,0,-999,0,0,0
8/25/16 8:15,78.8,-5,0,0,0,-999,0,0,0
8/25/16 8:30,78.8,-5,0,0,0,-999,0,0,0
8/25/16 8:45,78.8563,-5,0,0,0,-999,0,0,0
8/25/16 9:00,78.8,-5,0,0,0,-999,0,0,0
8/25/16 9:15,78.8563,-5,0,0,0,-999,0,0,0
8/25/16 9:30,78.8563,-5,0,0,0,-999,0,0,0
8/25/16 9:45,78.8563,-5,0,0,0,-999,0,0,0
8/25/16 10:00,78.8563,-5,0,0,0,-999,0,0,0
8/25/16 10:15,78.9125,-5,0,0,0,-999,0,0,0
8/25/16 10:30,78.9125,-5,0,0,0,-999,0,0,0
8/25/16 10:45,78.9125,-5,0,0,0,-999,0,0,0
8/25/16 11:00,78.9688,-5,0,0,0,-999,0,0,0
8/25/16 11:15,78.9688,-5,0,0,0,-999,0,0,0
8/25/16 11:30,79.025,-5,0,0,0,-999,0,0,0
8/25/16 11:45,79.025,-5,0,0,0,-999,0,0,0
8/25/16 12:00,79.0812,-5,0,0,0,-999,0,0,0
8/25/16 12:15,79.0812,-5,0,0,0,-999,0,0,0
8/25/16 12:30,79.0812,-5,0,0,0,-999,0,0,0
8/25/16 12:45,79.0812,-5,0,0,0,-999,0,0,0
8/25/16 13:00,79.1375,-5,0,0,0,-999,0,0,0
8/25/16 13:15,79.1938,-5,0,0,0,-999,0,0,0
8/25/16 13:30,79.1375,-5,0,0,0,-999,0,0,0
8/25/16 13:45,79.1938,-5,0,0,0,-999,0,0,0
8/25/16 14:00,79.1938,-5,0,0,0,-999,0,0,0
8/25/16 14:15,79.25,-5,0,0,0,-999,0,0,0
8/25/16 14:30,79.1938,-5,0,0,0,-999,0,0,0
8/25/16 14:45,79.25,-5,0,0,0,-999,0,0,0
8/25/16 15:00,79.25,-5,0,0,0,-999,0,0,0
8/25/16 15:15,79.25,-5,0,0,0,-999,0,0,0
8/25/16 15:30,79.25,-5,0,0,0,-999,0,0,0
8/25/16 15:45,79.25,-5,0,0,0,-999,0,0,0
8/25/16 16:00,79.25,-5,0,0,0,-999,0,0,0
8/25/16 16:15,79.25,-5,0,0,0,-999,0,0,0
8/25/16 16:30,79.25,-5,0,0,0,-999,0,0,0
8/25/16 16:45,79.25,-5,0,0,0,-999,0,0,0
8/25/16 17:00,79.25,-5,0,0,0,-999,0,0,0
8/25/16 17:15,79.25,-5,0,0,0,-999,0,0,0
8/25/16 17:30,79.1938,-5,0,0,0,-999,0,0,0
8/25/16 17:45,79.1938,-5,0,0,0,-999,0,0,0
8/25/16 18:00,79.1938,-5,0,0,0,-999,0,0,0
8/25/16 18:15,79.1938,-5,0,0,0,-999,0,0,0
8/25/16 18:30,79.1938,-5,0,0,0,-999,0,0,0
8/25/16 18:45,79.1938,-5,0,0,0,-999,0,0,0
8/25/16 19:00,79.1938,-5,0,0,0,-999,0,0,0
8/25/16 19:15,79.1938,-5,0,0,0,-999,0,0,0
8/25/16 19:30,79.1938,-5,0,0,0,-999,0,0,0
8/25/16 19:45,79.1938,-5,0,0,0,-999,0,0,0
8/25/16 20:00,79.1938,-5,0,0,0,-999,0,0,0
8/25/16 20:15,79.1938,-5,0,0,0,-999,0,0,0
8/25/16 20:30,79.1938,-5,0,0,0,-999,0,0,0
8/25/16 20:45,79.1938,-5,0,0,0,-999,0,0,0
8/25/16 21:00,79.1938,-5,0,0,0,-999,0,0,0
8/25/16 21:15,79.1375,-5,0,0,0,-999,0,0,0
8/25/16 21:30,79.1375,-5,0,0,0,-999,0,0,0
8/25/16 21:45,79.1375,-5,0,0,0,-999,0,0,0
8/25/16 22:00,79.1375,-5,0,0,0,-999,0,0,0
8/25/16 22:15,79.1375,-5,0,0,0,-999,0,0,0
8/25/16 22:30,79.0812,-5,0,0,0,-999,0,0,0
8/25/16 22:45,79.1938,-5,0,0,0,-999,0,0,0
8/25/16 23:00,79.1375,-5,0,0,0,-999,0,0,0
8/25/16 23:15,79.1375,-5,0,0,0,-999,0,0,0
8/25/16 23:30,79.1375,-5,0,0,0,-999,0,0,0
8/25/16 23:45,79.025,-5,0,0,0,-999,0,0,0
8/26/16 0:00,79.1375,-5,0,0,0,-999,0,0,0
8/26/16 0:15,79.1375,-5,0,0,0,-999,0,0,0
8/26/16 0:30,79.0812,-5,0,0,0,-999,0,0,0
8/26/16 0:45,79.0812,-5,0,0,0,-999,0,0,0
8/26/16 1:00,79.0812,-5,0,0,0,-999,0,0,0
8/26/16 1:15,79.0812,-5,0,0,0,-999,0,0,0
8/26/16 1:30,79.0812,-5,0,0,0,-999,0,0,0
8/26/16 1:45,79.0812,-5,0,0,0,-999,0,0,0
8/26/16 2:00,79.0812,-5,0,0,0,-999,0,0,0
8/26/16 2:15,79.0812,-5,0,0,0,-999,0,0,0
8/26/16 2:30,79.025,-5,0,0,0,-999,0,0,0
8/26/16 2:45,79.0812,-5,0,0,0,-999,0,0,0
8/26/16 3:00,79.025,-5,0,0,0,-999,0,0,0
8/26/16 3:15,79.025,-5,0,0,0,-999,0,0,0
8/26/16 3:30,79.025,-5,0,0,0,-999,0,0,0
8/26/16 3:45,79.025,-5,0,0,0,-999,0,0,0
8/26/16 4:00,79.025,-5,0,0,0,-999,0,0,0
8/26/16 4:15,78.9688,-5,0,0,0,-999,0,0,0
8/26/16 4:30,78.9688,-5,0,0,0,-999,0,0,0
8/26/16 4:45,78.9688,-5,0,0,0,-999,0,0,0
8/26/16 5:00,78.9688,-5,0,0,0,-999,0,0,0
8/26/16 5:15,78.9688,-5,0,0,0,-999,0,0,0
8/26/16 5:30,78.9688,-5,0,0,0,-999,0,0,0
8/26/16 5:45,78.9688,-5,0,0,0,-999,0,0,0
8/26/16 6:00,78.9688,-5,0,0,0,-999,0,0,0
8/26/16 6:15,78.9688,-5,0,0,0,-999,0,0,0
8/26/16 6:30,78.9125,-5,0,0,0,-999,0,0,0
8/26/16 6:45,78.9125,-5,0,0,0,-999,0,0,0
8/26/16 7:00,78.9125,-5,0,0,0,-999,0,0,0
8/26/16 7:15,78.9125,-5,0,0,0,-999,0,0,0
8/26/16 7:30,78.9125,-5,0,0,0,-999,0,0,0
8/26/16 7:45,78.9125,-5,0,0,0,-999,0,0,0
8/26/16 8:00,78.8563,-5,0,0,0,-999,0,0,0
8/26/16 8:15,78.8563,-5,0,0,0,-999,0,0,0
8/26/16 8:30,78.8563,-5,0,0,0,-999,0,0,0
8/26/16 8:45,78.8563,-5,0,0,0,-999,0,0,0
8/26/16 9:00,78.9125,-5,0,0,0,-999,0,0,0
8/26/16 9:15,78.9125,-5,0,0,0,-999,0,0,0
8/26/16 9:30,78.8563,-5,0,0,0,-999,0,0,0
8/26/16 9:45,78.9125,-5,0,0,0,-999,0,0,0
8/26/16 10:00,78.9125,-5,0,0,0,-999,0,0,0
8/26/16 10:15,78.9125,-5,0,0,0,-999,0,0,0
8/26/16 10:30,78.9688,-5,0,0,0,-999,0,0,0
8/26/16 10:45,78.9688,-5,0,0,0,-999,0,0,0
8/26/16 11:00,79.025,-5,0,0,0,-999,0,0,0
8/26/16 11:15,79.025,-5,0,0,0,-999,0,0,0
8/26/16 11:30,79.025,-5,0,0,0,-999,0,0,0
8/26/16 11:45,79.0812,-5,0,0,0,-999,0,0,0
8/26/16 12:00,79.0812,-5,0,0,0,-999,0,0,0
8/26/16 12:15,79.0812,-5,0,0,0,-999,0,0,0
8/26/16 12:30,79.1375,-5,0,0,0,-999,0,0,0
8/26/16 12:45,79.1375,-5,0,0,0,-999,0,0,0
8/26/16 13:00,79.1938,-5,0,0,0,-999,0,0,0
8/26/16 13:15,79.1938,-5,0,0,0,-999,0,0,0
8/26/16 13:30,79.1938,-5,0,0,0,-999,0,0,0
8/26/16 13:45,79.1938,-5,0,0,0,-999,0,0,0
8/26/16 14:00,79.1938,-5,0,0,0,-999,0,0,0
8/26/16 14:15,79.1938,-5,0,0,0,-999,0,0,0
8/26/16 14:30,79.1938,-5,0,0,0,-999,0,0,0
8/26/16 14:45,79.1938,-5,0,0,0,-999,0,0,0
8/26/16 15:00,79.1938,-5,0,0,0,-999,0,0,0
8/26/16 15:15,79.1375,-5,0,0,0,-999,0,0,0
8/26/16 15:30,79.1375,-5,0,0,0,-999,0,0,0
8/26/16 15:45,79.1375,-5,0,0,0,-999,0,0,0
8/26/16 16:00,79.1375,-5,0,0,0,-999,0,0,0
8/26/16 16:15,79.1375,-5,0,0,0,-999,0,0,0
8/26/16 16:30,79.1375,-5,0,0,0,-999,0,0,0
8/26/16 16:45,79.1375,-5,0,0,0,-999,0,0,0
8/26/16 17:00,79.1375,-5,0,0,0,-999,0,0,0
8/26/16 17:15,79.0812,-5,0,0,0,-999,0,0,0
8/26/16 17:30,79.1375,-5,0,0,0,-999,0,0,0
8/26/16 17:45,79.0812,-5,0,0,0,-999,0,0,0
8/26/16 18:00,79.0812,-5,0,0,0,-999,0,0,0
8/26/16 18:15,79.0812,-5,0,0,0,-999,0,0,0
8/26/16 18:30,79.0812,-5,0,0,0,-999,0,0,0
8/26/16 18:45,79.0812,-5,0,0,0,-999,0,0,0
8/26/16 19:00,79.0812,-5,0,0,0,-999,0,0,0
8/26/16 19:15,79.025,-5,0,0,0,-999,0,0,0
8/26/16 19:30,79.025,-5,0,0,0,-999,0,0,0
8/26/16 19:45,79.025,-5,0,0,0,-999,0,0,0
8/26/16 20:00,79.025,-5,0,0,0,-999,0,0,0
8/26/16 20:15,79.025,-5,0,0,0,-999,0,0,0
8/26/16 20:30,79.025,-5,0,0,0,-999,0,0,0
8/26/16 20:45,79.025,-5,0,0,0,-999,0,0,0
8/26/16 21:00,78.9688,-5,0,0,0,-999,0,0,0
8/26/16 21:15,78.9688,-5,0,0,0,-999,0,0,0
8/26/16 21:30,78.9688,-5,0,0,0,-999,0,0,0
8/26/16 21:45,78.9688,-5,0,0,0,-999,0,0,0
8/26/16 22:00,78.9688,-5,0,0,0,-999,0,0,0
8/26/16 22:15,78.9125,-5,0,0,0,-999,0,0,0
8/26/16 22:30,78.9125,-5,0,0,0,-999,0,0,0
8/26/16 22:45,78.9125,-5,0,0,0,-999,0,0,0
8/26/16 23:00,78.9125,-5,0,0,0,-999,0,0,0
8/26/16 23:15,78.9125,-5,0,0,0,-999,0,0,0
8/26/16 23:30,78.8563,-5,0,0,0,-999,0,0,0
8/26/16 23:45,78.8563,-5,0,0,0,-999,0,0,0
8/27/16 0:00,78.8563,-5,0,0,0,-999,0,0,0
8/27/16 0:15,78.8563,-5,0,0,0,-999,0,0,0
8/27/16 0:30,78.8,-5,0,0,0,-999,0,0,0
8/27/16 0:45,78.8563,-5,0,0,0,-999,0,0,0
8/27/16 1:00,78.8,-5,0,0,0,-999,0,0,0
8/27/16 1:15,78.8,-5,0,0,0,-999,0,0,0
8/27/16 1:30,78.8,-5,0,0,0,-999,0,0,0
8/27/16 1:45,78.8,-5,0,0,0,-999,0,0,0
8/27/16 2:00,78.8,-5,0,0,0,-999,0,0,0
8/27/16 2:15,78.8,-5,0,0,0,-999,0,0,0
8/27/16 2:30,78.8,-5,0,0,0,-999,0,0,0
8/27/16 2:45,78.8,-5,0,0,0,-999,0,0,0
8/27/16 3:00,78.7438,-5,0,0,0,-999,0,0,0
8/27/16 3:15,78.7438,-5,0,0,0,-999,0,0,0
8/27/16 3:30,78.6875,-5,0,0,0,-999,0,0,0
8/27/16 3:45,78.7438,-5,0,0,0,-999,0,0,0
8/27/16 4:00,78.6875,-5,0,0,0,-999,0,0,0
8/27/16 4:15,78.7438,-5,0,0,0,-999,0,0,0
8/27/16 4:30,78.6875,-5,0,0,0,-999,0,0,0
8/27/16 4:45,78.6875,-5,0,0,0,-999,0,0,0
8/27/16 5:00,78.7438,-5,0,0,0,-999,0,0,0
8/27/16 5:15,78.6875,-5,0,0,0,-999,0,0,0
8/27/16 5:30,78.6875,-5,0,0,0,-999,0,0,0
8/27/16 5:45,78.6313,-5,0,0,0,-999,0,0,0
8/27/16 6:00,78.6313,-5,0,0,0,-999,0,0,0
8/27/16 6:15,78.6313,-5,0,0,0,-999,0,0,0
8/27/16 6:30,78.6313,-5,0,0,0,-999,0,0,0
8/27/16 6:45,78.6313,-5,0,0,0,-999,0,0,0
8/27/16 7:00,78.575,-5,0,0,0,-999,0,0,0
8/27/16 7:15,78.575,-5,0,0,0,-999,0,0,0
8/27/16 7:30,78.575,-5,0,0,0,-999,0,0,0
8/27/16 7:45,78.5187,-5,0,0,0,-999,0,0,0
8/27/16 8:00,78.5187,-5,0,0,0,-999,0,0,0
8/27/16 8:15,78.575,-5,0,0,0,-999,0,0,0
8/27/16 8:30,78.5187,-5,0,0,0,-999,0,0,0
8/27/16 8:45,78.575,-5,0,0,0,-999,0,0,0
8/27/16 9:00,78.5187,-5,0,0,0,-999,0,0,0
8/27/16 9:15,78.5187,-5,0,0,0,-999,0,0,0
8/27/16 9:30,78.575,-5,0,0,0,-999,0,0,0
8/27/16 9:45,78.575,-5,0,0,0,-999,0,0,0
8/27/16 10:00,78.575,-5,0,0,0,-999,0,0,0
8/27/16 10:15,78.6313,-5,0,0,0,-999,0,0,0
8/27/16 10:30,78.6313,-5,0,0,0,-999,0,0,0
8/27/16 10:45,78.6313,-5,0,0,0,-999,0,0,0
8/27/16 11:00,78.6875,-5,0,0,0,-999,0,0,0
8/27/16 11:15,78.6875,-5,0,0,0,-999,0,0,0
8/27/16 11:30,78.6875,-5,0,0,0,-999,0,0,0
8/27/16 11:45,78.7438,-5,0,0,0,-999,0,0,0
8/27/16 12:00,78.7438,-5,0,0,0,-999,0,0,0
8/27/16 12:15,78.8,-5,0,0,0,-999,0,0,0
8/27/16 12:30,78.8,-5,0,0,0,-999,0,0,0
8/27/16 12:45,78.8,-5,0,0,0,-999,0,0,0
8/27/16 13:00,78.8,-5,0,0,0,-999,0,0,0
8/27/16 13:15,78.8563,-5,0,0,0,-999,0,0,0
8/27/16 13:30,78.8563,-5,0,0,0,-999,0,0,0
8/27/16 13:45,78.9125,-5,0,0,0,-999,0,0,0
8/27/16 14:00,78.9125,-5,0,0,0,-999,0,0,0
8/27/16 14:15,78.9125,-5,0,0,0,-999,0,0,0
8/27/16 14:30,78.9125,-5,0,0,0,-999,0,0,0
8/27/16 14:45,78.9125,-5,0,0,0,-999,0,0,0
8/27/16 15:00,78.9125,-5,0,0,0,-999,0,0,0
8/27/16 15:15,78.9125,-5,0,0,0,-999,0,0,0
8/27/16 15:30,78.9125,-5,0,0,0,-999,0,0,0
8/27/16 15:45,78.9125,-5,0,0,0,-999,0,0,0
8/27/16 16:00,78.9125,-5,0,0,0,-999,0,0,0
8/27/16 16:15,78.9125,-5,0,0,0,-999,0,0,0
8/27/16 16:30,78.9125,-5,0,0,0,-999,0,0,0
8/27/16 16:45,78.9125,-5,0,0,0,-999,0,0,0
8/27/16 17:00,78.9125,-5,0,0,0,-999,0,0,0
8/27/16 17:15,78.8563,-5,0,0,0,-999,0,0,0
8/27/16 17:30,78.8563,-5,0,0,0,-999,0,0,0
8/27/16 17:45,78.8563,-5,0,0,0,-999,0,0,0
8/27/16 18:00,78.8563,-5,0,0,0,-999,0,0,0
8/27/16 18:15,78.8563,-5,0,0,0,-999,0,0,0
8/27/16 18:30,78.8563,-5,0,0,0,-999,0,0,0
8/27/16 18:45,78.8563,-5,0,0,0,-999,0,0,0
8/27/16 19:00,78.8,-5,0,0,0,-999,0,0,0
8/27/16 19:15,78.8,-5,0,0,0,-999,0,0,0
8/27/16 19:30,78.8,-5,0,0,0,-999,0,0,0
8/27/16 19:45,78.8,-5,0,0,0,-999,0,0,0
8/27/16 20:00,78.8,-5,0,0,0,-999,0,0,0
8/27/16 20:15,78.8,-5,0,0,0,-999,0,0,0
8/27/16 20:30,78.8,-5,0,0,0,-999,0,0,0
8/27/16 20:45,78.7438,-5,0,0,0,-999,0,0,0
8/27/16 21:00,78.7438,-5,0,0,0,-999,0,0,0
8/27/16 21:15,78.7438,-5,0,0,0,-999,0,0,0
8/27/16 21:30,78.7438,-5,0,0,0,-999,0,0,0
8/27/16 21:45,78.7438,-5,0,0,0,-999,0,0,0
8/27/16 22:00,78.7438,-5,0,0,0,-999,0,0,0
8/27/16 22:15,78.7438,-5,0,0,0,-999,0,0,0
8/27/16 22:30,78.6875,-5,0,0,0,-999,0,0,0
8/27/16 22:45,78.6875,-5,0,0,0,-999,0,0,0
8/27/16 23:00,78.6875,-5,0,0,0,-999,0,0,0
8/27/16 23:15,78.6313,-5,0,0,0,-999,0,0,0
8/27/16 23:30,78.6875,-5,0,0,0,-999,0,0,0
8/27/16 23:45,78.6313,-5,0,0,0,-999,0,0,0
8/28/16 0:00,78.6313,-5,0,0,0,-999,0,0,0
8/28/16 0:15,78.6313,-5,0,0,0,-999,0,0,0
8/28/16 0:30,78.6313,-5,0,0,0,-999,0,0,0
8/28/16 0:45,78.6313,-5,0,0,0,-999,0,0,0
8/28/16 1:00,78.6313,-5,0,0,0,-999,0,0,0
8/28/16 1:15,78.575,-5,0,0,0,-999,0,0,0
8/28/16 1:30,78.575,-5,0,0,0,-999,0,0,0
8/28/16 1:45,78.575,-5,0,0,0,-999,0,0,0
8/28/16 2:00,78.5187,-5,0,0,0,-999,0,0,0
8/28/16 2:15,78.5187,-5,0,0,0,-999,0,0,0
8/28/16 2:30,78.5187,-5,0,0,0,-999,0,0,0
8/28/16 2:45,78.5187,-5,0,0,0,-999,0,0,0
8/28/16 3:00,78.5187,-5,0,0,0,-999,0,0,0
8/28/16 3:15,78.5187,-5,0,0,0,-999,0,0,0
8/28/16 3:30,78.4625,-5,0,0,0,-999,0,0,0
8/28/16 3:45,78.4625,-5,0,0,0,-999,0,0,0
8/28/16 4:00,78.4625,-5,0,0,0,-999,0,0,0
8/28/16 4:15,78.4625,-5,0,0,0,-999,0,0,0
8/28/16 4:30,78.4063,-5,0,0,0,-999,0,0,0
8/28/16 4:45,78.4063,-5,0,0,0,-999,0,0,0
8/28/16 5:00,78.4063,-5,0,0,0,-999,0,0,0
8/28/16 5:15,78.4063,-5,0,0,0,-999,0,0,0
8/28/16 5:30,78.4063,-5,0,0,0,-999,0,0,0
8/28/16 5:45,78.35,-5,0,0,0,-999,0,0,0
8/28/16 6:00,78.35,-5,0,0,0,-999,0,0,0
8/28/16 6:15,78.35,-5,0,0,0,-999,0,0,0
8/28/16 6:30,78.35,-5,0,0,0,-999,0,0,0
8/28/16 6:45,78.35,-5,0,0,0,-999,0,0,0
8/28/16 7:00,78.2938,-5,0,0,0,-999,0,0,0
8/28/16 7:15,78.2938,-5,0,0,0,-999,0,0,0
8/28/16 7:30,78.2938,-5,0,0,0,-999,0,0,0
8/28/16 7:45,78.2375,-5,0,0,0,-999,0,0,0
8/28/16 8:00,78.2938,-5,0,0,0,-999,0,0,0
8/28/16 8:15,78.2375,-5,0,0,0,-999,0,0,0
8/28/16 8:30,78.2375,-5,0,0,0,-999,0,0,0
8/28/16 8:45,78.2375,-5,0,0,0,-999,0,0,0
8/28/16 9:00,78.2375,-5,0,0,0,-999,0,0,0
8/28/16 9:15,78.2375,-5,0,0,0,-999,0,0,0
8/28/16 9:30,78.2375,-5,0,0,0,-999,0,0,0
8/28/16 9:45,78.2938,-5,0,0,0,-999,0,0,0
8/28/16 10:00,78.2938,-5,0,0,0,-999,0,0,0
8/28/16 10:15,78.2938,-5,0,0,0,-999,0,0,0
8/28/16 10:30,78.2938,-5,0,0,0,-999,0,0,0
8/28/16 10:45,78.35,-5,0,0,0,-999,0,0,0
8/28/16 11:00,78.35,-5,0,0,0,-999,0,0,0
8/28/16 11:15,78.35,-5,0,0,0,-999,0,0,0
8/28/16 11:30,78.4063,-5,0,0,0,-999,0,0,0
8/28/16 11:45,78.4625,-5,0,0,0,-999,0,0,0
8/28/16 12:00,78.4063,-5,0,0,0,-999,0,0,0
8/28/16 12:15,78.4625,-5,0,0,0,-999,0,0,0
8/28/16 12:30,78.5187,-5,0,0,0,-999,0,0,0
8/28/16 12:45,78.5187,-5,0,0,0,-999,0,0,0
8/28/16 13:00,78.5187,-5,0,0,0,-999,0,0,0
8/28/16 13:15,78.5187,-5,0,0,0,-999,0,0,0
8/28/16 13:30,78.5187,-5,0,0,0,-999,0,0,0
8/28/16 13:45,78.575,-5,0,0,0,-999,0,0,0
8/28/16 14:00,78.575,-5,0,0,0,-999,0,0,0
8/28/16 14:15,78.575,-5,0,0,0,-999,0,0,0
8/28/16 14:30,78.6313,-5,0,0,0,-999,0,0,0
8/28/16 14:45,78.6313,-5,0,0,0,-999,0,0,0
8/28/16 15:00,78.6313,-5,0,0,0,-999,0,0,0
8/28/16 15:15,78.6313,-5,0,0,0,-999,0,0,0
8/28/16 15:30,78.6313,-5,0,0,0,-999,0,0,0
8/28/16 15:45,78.6313,-5,0,0,0,-999,0,0,0
8/28/16 16:00,78.6313,-5,0,0,0,-999,0,0,0
8/28/16 16:15,78.6313,-5,0,0,0,-999,0,0,0
8/28/16 16:30,78.6313,-5,0,0,0,-999,0,0,0
8/28/16 16:45,78.6313,-5,0,0,0,-999,0,0,0
8/28/16 17:00,78.575,-5,0,0,0,-999,0,0,0
8/28/16 17:15,78.6313,-5,0,0,0,-999,0,0,0
8/28/16 17:30,78.6313,-5,0,0,0,-999,0,0,0
8/28/16 17:45,78.575,-5,0,0,0,-999,0,0,0
8/28/16 18:00,78.575,-5,0,0,0,-999,0,0,0
8/28/16 18:15,78.575,-5,0,0,0,-999,0,0,0
8/28/16 18:30,78.575,-5,0,0,0,-999,0,0,0
8/28/16 18:45,78.5187,-5,0,0,0,-999,0,0,0
8/28/16 19:00,78.5187,-5,0,0,0,-999,0,0,0
8/28/16 19:15,78.5187,-5,0,0,0,-999,0,0,0
8/28/16 19:30,78.5187,-5,0,0,0,-999,0,0,0
8/28/16 19:45,78.4625,-5,0,0,0,-999,0,0,0
8/28/16 20:00,78.4625,-5,0,0,0,-999,0,0,0
8/28/16 20:15,78.4625,-5,0,0,0,-999,0,0,0
8/28/16 20:30,78.4625,-5,0,0,0,-999,0,0,0
8/28/16 20:45,78.4625,-5,0,0,0,-999,0,0,0
8/28/16 21:00,78.4625,-5,0,0,0,-999,0,0,0
8/28/16 21:15,78.4063,-5,0,0,0,-999,0,0,0
8/28/16 21:30,78.4625,-5,0,0,0,-999,0,0,0
8/28/16 21:45,78.4063,-5,0,0,0,-999,0,0,0
8/28/16 22:00,78.4063,-5,0,0,0,-999,0,0,0
8/28/16 22:15,78.4063,-5,0,0,0,-999,0,0,0
8/28/16 22:30,78.4063,-5,0,0,0,-999,0,0,0
8/28/16 22:45,78.35,-5,0,0,0,-999,0,0,0
8/28/16 23:00,78.35,-5,0,0,0,-999,0,0,0
8/28/16 23:15,78.35,-5,0,0,0,-999,0,0,0
8/28/16 23:30,78.35,-5,0,0,0,-999,0,0,0
8/28/16 23:45,78.35,-5,0,0,0,-999,0,0,0
8/29/16 0:00,78.35,-5,0,0,0,-999,0,0,0
8/29/16 0:15,78.35,-5,0,0,0,-999,0,0,0
8/29/16 0:30,78.2938,-5,0,0,0,-999,0,0,0
8/29/16 0:45,78.2938,-5,0,0,0,-999,0,0,0
8/29/16 1:00,78.35,-5,0,0,0,-999,0,0,0
8/29/16 1:15,78.2938,-5,0,0,0,-999,0,0,0
8/29/16 1:30,78.2938,-5,0,0,0,-999,0,0,0
8/29/16 1:45,78.2938,-5,0,0,0,-999,0,0,0
8/29/16 2:00,78.2938,-5,0,0,0,-999,0,0,0
8/29/16 2:15,78.2375,-5,0,0,0,-999,0,0,0
8/29/16 2:30,78.2375,-5,0,0,0,-999,0,0,0
8/29/16 2:45,78.2375,-5,0,0,0,-999,0,0,0
8/29/16 3:00,78.2375,-5,0,0,0,-999,0,0,0
8/29/16 3:15,78.2375,-5,0,0,0,-999,0,0,0
8/29/16 3:30,78.1813,-5,0,0,0,-999,0,0,0
8/29/16 3:45,78.2375,-5,0,0,0,-999,0,0,0
8/29/16 4:00,78.2375,-5,0,0,0,-999,0,0,0
8/29/16 4:15,78.1813,-5,0,0,0,-999,0,0,0
8/29/16 4:30,78.1813,-5,0,0,0,-999,0,0,0
8/29/16 4:45,78.1813,-5,0,0,0,-999,0,0,0
8/29/16 5:00,78.125,-5,0,0,0,-999,0,0,0
8/29/16 5:15,78.1813,-5,0,0,0,-999,0,0,0
8/29/16 5:30,78.125,-5,0,0,0,-999,0,0,0
8/29/16 5:45,78.125,-5,0,0,0,-999,0,0,0
8/29/16 6:00,78.0688,-5,0,0,0,-999,0,0,0
8/29/16 6:15,78.0688,-5,0,0,0,-999,0,0,0
8/29/16 6:30,78.0125,-5,0,0,0,-999,0,0,0
8/29/16 6:45,78.0688,-5,0,0,0,-999,0,0,0
8/29/16 7:00,78.0125,-5,0,0,0,-999,0,0,0
8/29/16 7:15,78.0125,-5,0,0,0,-999,0,0,0
8/29/16 7:30,77.9562,-5,0,0,0,-999,0,0,0
8/29/16 7:45,77.9562,-5,0,0,0,-999,0,0,0
8/29/16 8:00,77.9562,-5,0,0,0,-999,0,0,0
8/29/16 8:15,77.9562,-5,0,0,0,-999,0,0,0
8/29/16 8:30,77.9562,-5,0,0,0,-999,0,0,0
8/29/16 8:45,77.9562,-5,0,0,0,-999,0,0,0
8/29/16 9:00,77.9562,-5,0,0,0,-999,0,0,0
8/29/16 9:15,78.0125,-5,0,0,0,-999,0,0,0
8/29/16 9:30,77.9562,-5,0,0,0,-999,0,0,0
8/29/16 9:45,78.0125,-5,0,0,0,-999,0,0,0
8/29/16 10:00,78.0688,-5,0,0,0,-999,0,0,0
8/29/16 10:15,78.0125,-5,0,0,0,-999,0,0,0
8/29/16 10:30,78.0688,-5,0,0,0,-999,0,0,0
8/29/16 10:45,78.0688,-5,0,0,0,-999,0,0,0
8/29/16 11:00,78.125,-5,0,0,0,-999,0,0,0
8/29/16 11:15,78.1813,-5,0,0,0,-999,0,0,0
8/29/16 11:30,78.1813,-5,0,0,0,-999,0,0,0
8/29/16 11:45,78.1813,-5,0,0,0,-999,0,0,0
8/29/16 12:00,78.1813,-5,0,0,0,-999,0,0,0
8/29/16 12:15,78.2375,-5,0,0,0,-999,0,0,0
8/29/16 12:30,78.2938,-5,0,0,0,-999,0,0,0
8/29/16 12:45,78.2938,-5,0,0,0,-999,0,0,0
8/29/16 13:00,78.2938,-5,0,0,0,-999,0,0,0
8/29/16 13:15,78.35,-5,0,0,0,-999,0,0,0
8/29/16 13:30,78.35,-5,0,0,0,-999,0,0,0
8/29/16 13:45,78.4063,-5,0,0,0,-999,0,0,0
8/29/16 14:00,78.35,-5,0,0,0,-999,0,0,0
8/29/16 14:15,78.4063,-5,0,0,0,-999,0,0,0
8/29/16 14:30,78.4063,-5,0,0,0,-999,0,0,0
8/29/16 14:45,78.4063,-5,0,0,0,-999,0,0,0
8/29/16 15:00,78.4063,-5,0,0,0,-999,0,0,0
8/29/16 15:15,78.4063,-5,0,0,0,-999,0,0,0
8/29/16 15:30,78.4063,-5,0,0,0,-999,0,0,0
8/29/16 15:45,78.4625,-5,0,0,0,-999,0,0,0
8/29/16 16:00,78.4063,-5,0,0,0,-999,0,0,0
8/29/16 16:15,78.4625,-5,0,0,0,-999,0,0,0
8/29/16 16:30,78.4063,-5,0,0,0,-999,0,0,0
8/29/16 16:45,78.4063,-5,0,0,0,-999,0,0,0
8/29/16 17:00,78.4063,-5,0,0,0,-999,0,0,0
8/29/16 17:15,78.4063,-5,0,0,0,-999,0,0,0
8/29/16 17:30,78.4063,-5,0,0,0,-999,0,0,0
8/29/16 17:45,78.4063,-5,0,0,0,-999,0,0,0
8/29/16 18:00,78.4063,-5,0,0,0,-999,0,0,0
8/29/16 18:15,78.35,-5,0,0,0,-999,0,0,0
8/29/16 18:30,78.4063,-5,0,0,0,-999,0,0,0
8/29/16 18:45,78.35,-5,0,0,0,-999,0,0,0
8/29/16 19:00,78.35,-5,0,0,0,-999,0,0,0
8/29/16 19:15,78.35,-5,0,0,0,-999,0,0,0
8/29/16 19:30,78.35,-5,0,0,0,-999,0,0,0
8/29/16 19:45,78.35,-5,0,0,0,-999,0,0,0
8/29/16 20:00,78.35,-5,0,0,0,-999,0,0,0
8/29/16 20:15,78.35,-5,0,0,0,-999,0,0,0
8/29/16 20:30,78.35,-5,0,0,0,-999,0,0,0
8/29/16 20:45,78.35,-5,0,0,0,-999,0,0,0
8/29/16 21:00,78.2938,-5,0,0,0,-999,0,0,0
8/29/16 21:15,78.35,-5,0,0,0,-999,0,0,0
8/29/16 21:30,78.2938,-5,0,0,0,-999,0,0,0
8/29/16 21:45,78.35,-5,0,0,0,-999,0,0,0
8/29/16 22:00,78.2938,-5,0,0,0,-999,0,0,0
8/29/16 22:15,78.35,-5,0,0,0,-999,0,0,0
8/29/16 22:30,78.2375,-5,0,0,0,-999,0,0,0
8/29/16 22:45,78.2938,-5,0,0,0,-999,0,0,0
8/29/16 23:00,78.2938,-5,0,0,0,-999,0,0,0
8/29/16 23:15,78.2938,-5,0,0,0,-999,0,0,0
8/29/16 23:30,78.2938,-5,0,0,0,-999,0,0,0
8/29/16 23:45,78.2375,-5,0,0,0,-999,0,0,0
8/30/16 0:00,78.2375,-5,0,0,0,-999,0,0,0
8/30/16 0:15,78.2938,-5,0,0,0,-999,0,0,0
8/30/16 0:30,78.2375,-5,0,0,0,-999,0,0,0
8/30/16 0:45,78.2375,-5,0,0,0,-999,0,0,0
8/30/16 1:00,78.2375,-5,0,0,0,-999,0,0,0
8/30/16 1:15,78.2375,-5,0,0,0,-999,0,0,0
8/30/16 1:30,78.2375,-5,0,0,0,-999,0,0,0
8/30/16 1:45,78.1813,-5,0,0,0,-999,0,0,0
8/30/16 2:00,78.1813,-5,0,0,0,-999,0,0,0
8/30/16 2:15,78.1813,-5,0,0,0,-999,0,0,0
8/30/16 2:30,78.1813,-5,0,0,0,-999,0,0,0
8/30/16 2:45,78.1813,-5,0,0,0,-999,0,0,0
8/30/16 3:00,78.1813,-5,0,0,0,-999,0,0,0
8/30/16 3:15,78.125,-5,0,0,0,-999,0,0,0
8/30/16 3:30,78.125,-5,0,0,0,-999,0,0,0
8/30/16 3:45,78.1813,-5,0,0,0,-999,0,0,0
8/30/16 4:00,78.125,-5,0,0,0,-999,0,0,0
8/30/16 4:15,78.125,-5,0,0,0,-999,0,0,0
8/30/16 4:30,78.125,-5,0,0,0,-999,0,0,0
8/30/16 4:45,78.125,-5,0,0,0,-999,0,0,0
8/30/16 5:00,78.125,-5,0,0,0,-999,0,0,0
8/30/16 5:15,78.125,-5,0,0,0,-999,0,0,0
8/30/16 5:30,78.125,-5,0,0,0,-999,0,0,0
8/30/16 5:45,78.0688,-5,0,0,0,-999,0,0,0
8/30/16 6:00,78.0688,-5,0,0,0,-999,0,0,0
8/30/16 6:15,78.0688,-5,0,0,0,-999,0,0,0
8/30/16 6:30,78.0688,-5,0,0,0,-999,0,0,0
8/30/16 6:45,78.0688,-5,0,0,0,-999,0,0,0
8/30/16 7:00,78.0125,-5,0,0,0,-999,0,0,0
8/30/16 7:15,78.0125,-5,0,0,0,-999,0,0,0
8/30/16 7:30,78.0125,-5,0,0,0,-999,0,0,0
8/30/16 7:45,78.0125,-5,0,0,0,-999,0,0,0
8/30/16 8:00,77.9562,-5,0,0,0,-999,0,0,0
8/30/16 8:15,78.0125,-5,0,0,0,-999,0,0,0
8/30/16 8:30,78.0125,-5,0,0,0,-999,0,0,0
8/30/16 8:45,78.0125,-5,0,0,0,-999,0,0,0
8/30/16 9:00,78.0125,-5,0,0,0,-999,0,0,0
8/30/16 9:15,78.0125,-5,0,0,0,-999,0,0,0
8/30/16 9:30,78.0688,-5,0,0,0,-999,0,0,0
8/30/16 9:45,78.0688,-5,0,0,0,-999,0,0,0
8/30/16 10:00,78.0688,-5,0,0,0,-999,0,0,0
8/30/16 10:15,78.125,-5,0,0,0,-999,0,0,0
8/30/16 10:30,78.0688,-5,0,0,0,-999,0,0,0
8/30/16 10:45,78.125,-5,0,0,0,-999,0,0,0
8/30/16 11:00,78.1813,-5,0,0,0,-999,0,0,0
8/30/16 11:15,78.1813,-5,0,0,0,-999,0,0,0
8/30/16 11:30,78.2375,-5,0,0,0,-999,0,0,0
8/30/16 11:45,78.2375,-5,0,0,0,-999,0,0,0
8/30/16 12:00,78.2938,-5,0,0,0,-999,0,0,0
8/30/16 12:15,78.2938,-5,0,0,0,-999,0,0,0
8/30/16 12:30,78.2938,-5,0,0,0,-999,0,0,0
8/30/16 12:45,78.35,-5,0,0,0,-999,0,0,0
8/30/16 13:00,78.35,-5,0,0,0,-999,0,0,0
8/30/16 13:15,78.35,-5,0,0,0,-999,0,0,0
8/30/16 13:30,78.4063,-5,0,0,0,-999,0,0,0
8/30/16 13:45,78.4063,-5,0,0,0,-999,0,0,0
8/30/16 14:00,78.4625,-5,0,0,0,-999,0,0,0
8/30/16 14:15,78.4063,-5,0,0,0,-999,0,0,0
8/30/16 14:30,78.4625,-5,0,0,0,-999,0,0,0
8/30/16 14:45,78.4625,-5,0,0,0,-999,0,0,0
8/30/16 15:00,78.4625,-5,0,0,0,-999,0,0,0
8/30/16 15:15,78.4625,-5,0,0,0,-999,0,0,0
8/30/16 15:30,78.4625,-5,0,0,0,-999,0,0,0
8/30/16 15:45,78.4625,-5,0,0,0,-999,0,0,0
8/30/16 16:00,78.4063,-5,0,0,0,-999,0,0,0
8/30/16 16:15,78.4625,-5,0,0,0,-999,0,0,0
8/30/16 16:30,78.4625,-5,0,0,0,-999,0,0,0
8/30/16 16:45,78.4063,-5,0,0,0,-999,0,0,0
8/30/16 17:00,78.4063,-5,0,0,0,-999,0,0,0
8/30/16 17:15,78.4625,-5,0,0,0,-999,0,0,0
8/30/16 17:30,78.35,-5,0,0,0,-999,0,0,0
8/30/16 17:45,78.4063,-5,0,0,0,-999,0,0,0
8/30/16 18:00,78.4063,-5,0,0,0,-999,0,0,0
8/30/16 18:15,78.4063,-5,0,0,0,-999,0,0,0
8/30/16 18:30,78.4063,-5,0,0,0,-999,0,0,0
8/30/16 18:45,78.4063,-5,0,0,0,-999,0,0,0
8/30/16 19:00,78.4063,-5,0,0,0,-999,0,0,0
8/30/16 19:15,78.35,-5,0,0,0,-999,0,0,0
8/30/16 19:30,78.35,-5,0,0,0,-999,0,0,0
8/30/16 19:45,78.35,-5,0,0,0,-999,0,0,0
8/30/16 20:00,78.2938,-5,0,0,0,-999,0,0,0
8/30/16 20:15,78.2938,-5,0,0,0,-999,0,0,0
8/30/16 20:30,78.2938,-5,0,0,0,-999,0,0,0
8/30/16 20:45,78.2938,-5,0,0,0,-999,0,0,0
8/30/16 21:00,78.2938,-5,0,0,0,-999,0,0,0
8/30/16 21:15,78.2938,-5,0,0,0,-999,0,0,0
8/30/16 21:30,78.2938,-5,0,0,0,-999,0,0,0
8/30/16 21:45,78.2375,-5,0,0,0,-999,0,0,0
8/30/16 22:00,78.2375,-5,0,0,0,-999,0,0,0
8/30/16 22:15,78.2375,-5,0,0,0,-999,0,0,0
8/30/16 22:30,78.1813,-5,0,0,0,-999,0,0,0
8/30/16 22:45,78.1813,-5,0,0,0,-999,0,0,0
8/30/16 23:00,78.1813,-5,0,0,0,-999,0,0,0
8/30/16 23:15,78.1813,-5,0,0,0,-999,0,0,0
8/30/16 23:30,78.1813,-5,0,0,0,-999,0,0,0
8/30/16 23:45,78.125,-5,0,0,0,-999,0,0,0
8/31/16 0:00,78.1813,-5,0,0,0,-999,0,0,0
8/31/16 0:15,78.1813,-5,0,0,0,-999,0,0,0
8/31/16 0:30,78.125,-5,0,0,0,-999,0,0,0
8/31/16 0:45,78.125,-5,0,0,0,-999,0,0,0
8/31/16 1:00,78.0688,-5,0,0,0,-999,0,0,0
8/31/16 1:15,78.125,-5,0,0,0,-999,0,0,0
8/31/16 1:30,78.125,-5,0,0,0,-999,0,0,0
8/31/16 1:45,78.125,-5,0,0,0,-999,0,0,0
8/31/16 2:00,78.125,-5,0,0,0,-999,0,0,0
8/31/16 2:15,78.0688,-5,0,0,0,-999,0,0,0
8/31/16 2:30,78.125,-5,0,0,0,-999,0,0,0
8/31/16 2:45,78.0688,-5,0,0,0,-999,0,0,0
8/31/16 3:00,78.0688,-5,0,0,0,-999,0,0,0
8/31/16 3:15,78.0688,-5,0,0,0,-999,0,0,0
8/31/16 3:30,78.0688,-5,0,0,0,-999,0,0,0
8/31/16 3:45,78.0688,-5,0,0,0,-999,0,0,0
8/31/16 4:00,78.0688,-5,0,0,0,-999,0,0,0
8/31/16 4:15,78.0688,-5,0,0,0,-999,0,0,0
8/31/16 4:30,78.0688,-5,0,0,0,-999,0,0,0
8/31/16 4:45,78.0125,-5,0,0,0,-999,0,0,0
8/31/16 5:00,78.0125,-5,0,0,0,-999,0,0,0
8/31/16 5:15,78.0125,-5,0,0,0,-999,0,0,0
8/31/16 5:30,78.0125,-5,0,0,0,-999,0,0,0
8/31/16 5:45,77.9562,-5,0,0,0,-999,0,0,0
8/31/16 6:00,77.9562,-5,0,0,0,-999,0,0,0
8/31/16 6:15,77.9562,-5,0,0,0,-999,0,0,0
8/31/16 6:30,77.9562,-5,0,0,0,-999,0,0,0
8/31/16 6:45,77.9562,-5,0,0,0,-999,0,0,0
8/31/16 7:00,77.9562,-5,0,0,0,-999,0,0,0
8/31/16 7:15,77.9,-5,0,0,0,-999,0,0,0
8/31/16 7:30,77.9,-5,0,0,0,-999,0,0,0
8/31/16 7:45,77.9,-5,0,0,0,-999,0,0,0
8/31/16 8:00,77.9,-5,0,0,0,-999,0,0,0
8/31/16 8:15,77.9,-5,0,0,0,-999,0,0,0
8/31/16 8:30,77.9,-5,0,0,0,-999,0,0,0
8/31/16 8:45,77.9,-5,0,0,0,-999,0,0,0
8/31/16 9:00,77.9562,-5,0,0,0,-999,0,0,0
8/31/16 9:15,77.9,-5,0,0,0,-999,0,0,0
8/31/16 9:30,77.9562,-5,0,0,0,-999,0,0,0
8/31/16 9:45,77.9562,-5,0,0,0,-999,0,0,0
8/31/16 10:00,77.9562,-5,0,0,0,-999,0,0,0
8/31/16 10:15,78.0125,-5,0,0,0,-999,0,0,0
8/31/16 10:30,78.0125,-5,0,0,0,-999,0,0,0
8/31/16 10:45,78.0688,-5,0,0,0,-999,0,0,0
8/31/16 11:00,78.0688,-5,0,0,0,-999,0,0,0
8/31/16 11:15,78.0688,-5,0,0,0,-999,0,0,0
8/31/16 11:30,78.125,-5,0,0,0,-999,0,0,0
8/31/16 11:45,78.1813,-5,0,0,0,-999,0,0,0
8/31/16 12:00,78.1813,-5,0,0,0,-999,0,0,0
8/31/16 12:15,78.2375,-5,0,0,0,-999,0,0,0
8/31/16 12:30,78.2375,-5,0,0,0,-999,0,0,0
8/31/16 12:45,78.2375,-5,0,0,0,-999,0,0,0
8/31/16 13:00,78.2938,-5,0,0,0,-999,0,0,0
8/31/16 13:15,78.2938,-5,0,0,0,-999,0,0,0
8/31/16 13:30,78.2938,-5,0,0,0,-999,0,0,0
8/31/16 13:45,78.35,-5,0,0,0,-999,0,0,0
8/31/16 14:00,78.35,-5,0,0,0,-999,0,0,0
8/31/16 14:15,78.35,-5,0,0,0,-999,0,0,0
8/31/16 14:30,78.35,-5,0,0,0,-999,0,0,0
8/31/16 14:45,78.35,-5,0,0,0,-999,0,0,0
8/31/16 15:00,78.35,-5,0,0,0,-999,0,0,0
8/31/16 15:15,78.35,-5,0,0,0,-999,0,0,0
8/31/16 15:30,78.4063,-5,0,0,0,-999,0,0,0
8/31/16 15:45,78.4063,-5,0,0,0,-999,0,0,0
8/31/16 16:00,78.35,-5,0,0,0,-999,0,0,0
8/31/16 16:15,78.4063,-5,0,0,0,-999,0,0,0
8/31/16 16:30,78.35,-5,0,0,0,-999,0,0,0
8/31/16 16:45,78.4063,-5,0,0,0,-999,0,0,0
8/31/16 17:00,78.4063,-5,0,0,0,-999,0,0,0
8/31/16 17:15,78.4063,-5,0,0,0,-999,0,0,0
8/31/16 17:30,78.4063,-5,0,0,0,-999,0,0,0
8/31/16 17:45,78.4063,-5,0,0,0,-999,0,0,0
8/31/16 18:00,78.4063,-5,0,0,0,-999,0,0,0
8/31/16 18:15,78.4063,-5,0,0,0,-999,0,0,0
8/31/16 18:30,78.35,-5,0,0,0,-999,0,0,0
8/31/16 18:45,78.35,-5,0,0,0,-999,0,0,0
8/31/16 19:00,78.35,-5,0,0,0,-999,0,0,0
8/31/16 19:15,78.4063,-5,0,0,0,-999,0,0,0
8/31/16 19:30,78.4063,-5,0,0,0,-999,0,0,0
8/31/16 19:45,78.4063,-5,0,0,0,-999,0,0,0
8/31/16 20:00,78.35,-5,0,0,0,-999,0,0,0
8/31/16 20:15,78.35,-5,0,0,0,-999,0,0,0
8/31/16 20:30,78.4063,-5,0,0,0,-999,0,0,0
8/31/16 20:45,78.35,-5,0,0,0,-999,0,0,0
8/31/16 21:00,78.35,-5,0,0,0,-999,0,0,0
8/31/16 21:15,78.35,-5,0,0,0,-999,0,0,0
8/31/16 21:30,78.2938,-5,0,0,0,-999,0,0,0
8/31/16 21:45,78.35,-5,0,0,0,-999,0,0,0
8/31/16 22:00,78.35,-5,0,0,0,-999,0,0,0
8/31/16 22:15,78.4063,-5,0,0,0,-999,0,0,0
8/31/16 22:30,78.2938,-5,0,0,0,-999,0,0,0
8/31/16 22:45,78.2938,-5,0,0,0,-999,0,0,0
8/31/16 23:00,78.2938,-5,0,0,0,-999,0,0,0
8/31/16 23:15,78.2938,-5,0,0,0,-999,0,0,0
8/31/16 23:30,78.2938,-5,0,0,0,-999,0,0,0
8/31/16 23:45,78.2938,-5,0,0,0,-999,0,0,0
9/1/16 0:00,78.2938,-5,0,0,0,-999,0,0,0
9/1/16 0:15,78.2938,-5,0,0,0,-999,0,0,0
9/1/16 0:30,78.2938,-5,0,0,0,-999,0,0,0
9/1/16 0:45,78.2938,-5,0,0,0,-999,0,0,0
9/1/16 1:00,78.2938,-5,0,0,0,-999,0,0,0
9/1/16 1:15,78.2938,-5,0,0,0,-999,0,0,0
9/1/16 1:30,78.2938,-5,0,0,0,-999,0,0,0
9/1/16 1:45,78.2938,-5,0,0,0,-999,0,0,0
9/1/16 2:00,78.2938,-5,0,0,0,-999,0,0,0
9/1/16 2:15,78.2938,-5,0,0,0,-999,0,0,0
9/1/16 2:30,78.2375,-5,0,0,0,-999,0,0,0
9/1/16 2:45,78.2938,-5,0,0,0,-999,0,0,0
9/1/16 3:00,78.2938,-5,0,0,0,-999,0,0,0
9/1/16 3:15,78.2375,-5,0,0,0,-999,0,0,0
9/1/16 3:30,78.2375,-5,0,0,0,-999,0,0,0
9/1/16 3:45,78.2375,-5,0,0,0,-999,0,0,0
9/1/16 4:00,78.2375,-5,0,0,0,-999,0,0,0
9/1/16 4:15,78.1813,-5,0,0,0,-999,0,0,0
9/1/16 4:30,78.1813,-5,0,0,0,-999,0,0,0
9/1/16 4:45,78.1813,-5,0,0,0,-999,0,0,0
9/1/16 5:00,78.1813,-5,0,0,0,-999,0,0,0
9/1/16 5:15,78.125,-5,0,0,0,-999,0,0,0
9/1/16 5:30,78.125,-5,0,0,0,-999,0,0,0
9/1/16 5:45,78.125,-5,0,0,0,-999,0,0,0
9/1/16 6:00,78.125,-5,0,0,0,-999,0,0,0
9/1/16 6:15,78.125,-5,0,0,0,-999,0,0,0
9/1/16 6:30,78.125,-5,0,0,0,-999,0,0,0
9/1/16 6:45,78.125,-5,0,0,0,-999,0,0,0
9/1/16 7:00,78.125,-5,0,0,0,-999,0,0,0
9/1/16 7:15,78.0688,-5,0,0,0,-999,0,0,0
9/1/16 7:30,78.0688,-5,0,0,0,-999,0,0,0
9/1/16 7:45,78.0688,-5,0,0,0,-999,0,0,0
9/1/16 8:00,78.0688,-5,0,0,0,-999,0,0,0
9/1/16 8:15,78.0125,-5,0,0,0,-999,0,0,0
9/1/16 8:30,78.0688,-5,0,0,0,-999,0,0,0
9/1/16 8:45,78.0688,-5,0,0,0,-999,0,0,0
9/1/16 9:00,78.0688,-5,0,0,0,-999,0,0,0
9/1/16 9:15,78.0688,-5,0,0,0,-999,0,0,0
9/1/16 9:30,78.0688,-5,0,0,0,-999,0,0,0
9/1/16 9:45,78.125,25.6,8.2,22.3,35.8,189,1,4,0
9/1/16 10:00,78.125,25.6,8.3,22.2,35.8,238,1,4,0
9/1/16 10:15,78.125,25.6,8.3,22.2,35.8,252,1,4,0
9/1/16 10:30,78.1813,25.6,8.3,22.2,35.8,261,1,5,0
9/1/16 10:45,78.1813,25.6,8.3,22.2,35.8,268,1,5,0
9/1/16 11:00,78.1813,-5,0,0,0,-999,0,0,0
9/1/16 11:15,78.1813,25.6,8.3,22.2,35.8,269,1,3,0
9/1/16 11:30,78.1813,25.6,8.3,22.2,35.8,275,1,4,0
9/1/16 11:45,78.1813,25.6,8.3,22.2,35.8,280,1,5,0
9/1/16 12:00,78.2375,25.6,8.3,22.2,35.8,282,1,4,0
9/1/16 12:15,78.2375,25.6,8.3,22.2,35.8,285,1,5,0
9/1/16 12:30,78.2375,25.7,8.3,22.2,35.8,287,1,4,0
9/1/16 12:45,78.2375,25.7,8.3,22.2,35.8,290,2,6,0
9/1/16 13:00,78.2375,25.7,8.3,22.2,35.8,291,0,4,0
9/1/16 13:15,78.1813,25.7,8.3,22.2,35.8,291,1,5,0
9/1/16 13:30,78.2375,25.7,8.3,22.2,35.8,296,1,5,0
9/1/16 13:45,78.2938,25.7,8.3,22.2,35.8,297,1,4,0
9/1/16 14:00,78.2938,25.7,8.3,22.2,35.8,298,1,5,0
9/1/16 14:15,78.2938,25.7,8.3,22.2,35.8,300,1,5,0
9/1/16 14:30,78.35,25.7,8.3,22.2,35.8,301,1,5,0
9/1/16 14:45,78.2938,25.7,8.3,22.2,35.8,303,0,5,0
9/1/16 15:00,78.35,25.7,8.3,22.2,35.8,305,1,5,0
9/1/16 15:15,78.35,25.7,8.4,22.2,35.9,307,1,4,0
9/1/16 15:30,78.35,25.7,8.4,22.2,35.9,305,1,5,0
9/1/16 15:45,78.35,25.7,8.4,22.2,35.9,309,1,5,0
9/1/16 16:00,78.4063,25.7,8.4,22.2,35.9,309,0,4,0
9/1/16 16:15,78.4063,25.7,8.4,22.2,35.9,310,0,4,0
9/1/16 16:30,78.4063,25.7,8.3,22.2,35.9,311,1,4,0
9/1/16 16:45,78.4063,25.8,8.3,22.2,35.9,311,1,4,0
9/1/16 17:00,78.4063,25.8,8.3,22.2,35.9,312,1,5,0
9/1/16 17:15,78.4063,25.8,8.3,22.2,35.9,312,0,5,0
9/1/16 17:30,78.4063,25.8,8.3,22.2,35.9,314,0,5,0
9/1/16 17:45,78.4625,25.8,8.3,22.2,35.9,312,1,5,0
9/1/16 18:00,78.4063,25.8,8.3,22.2,35.9,313,1,5,0
9/1/16 18:15,78.4063,25.8,8.3,22.2,35.9,313,1,5,0
9/1/16 18:30,78.4625,25.8,8.3,22.2,35.9,314,1,6,0
9/1/16 18:45,78.4063,25.8,8.3,22.2,35.9,316,1,5,0
9/1/16 19:00,78.4063,25.8,8.3,22.2,35.9,316,1,3,0
9/1/16 19:15,78.4063,25.8,8.3,22.2,35.9,316,1,4,0
9/1/16 19:30,78.4063,25.8,8.3,22.2,35.9,318,1,5,0
9/1/16 19:45,78.4063,25.8,8.3,22.2,35.9,316,1,4,0
9/1/16 20:00,78.4625,25.8,8.3,22.2,35.9,318,1,4,0
9/1/16 20:15,78.4625,25.8,8.3,22.2,35.9,319,1,3,0
9/1/16 20:30,78.4063,25.8,8.3,22.2,35.9,320,0,4,0
9/1/16 20:45,78.4063,25.8,8.3,22.2,35.9,320,1,5,0
9/1/16 21:00,78.35,25.8,8.3,22.2,35.9,321,0,5,0
9/1/16 21:15,78.4063,25.8,8.3,22.2,35.9,321,0,4,0
9/1/16 21:30,78.4063,25.8,8.3,22.2,35.9,321,0,4,0
9/1/16 21:45,78.4063,25.8,8.3,22.2,35.9,320,0,3,0
9/1/16 22:00,78.4063,25.8,8.3,22.2,35.9,321,0,4,0
9/1/16 22:15,78.35,25.8,8.3,22.2,35.9,322,0,4,0
9/1/16 22:30,78.35,25.8,8.3,22.2,35.9,324,1,4,0
9/1/16 22:45,78.35,25.8,8.3,22.2,35.9,325,0,3,0
9/1/16 23:00,78.35,25.7,8.3,22.2,35.9,324,0,3,0
9/1/16 23:15,78.35,25.7,8.3,22.2,35.9,324,1,3,0
9/1/16 23:30,78.35,25.7,8.3,22.2,35.9,323,0,2,0
9/1/16 23:45,78.35,25.7,8.3,22.2,35.9,325,0,3,0
9/2/16 0:00,78.35,25.7,8.3,22.2,35.9,325,0,3,0
9/2/16 0:15,78.35,25.7,8.3,22.2,35.9,324,1,3,0
9/2/16 0:30,78.35,25.7,8.3,22.2,35.9,326,1,3,0
9/2/16 0:45,78.2938,25.7,8.3,22.2,35.9,326,1,2,0
9/2/16 1:00,78.2938,25.7,8.3,22.2,35.9,326,0,3,0
9/2/16 1:15,78.2938,25.7,8.3,22.2,35.9,329,0,3,0
9/2/16 1:30,78.2938,25.7,8.3,22.2,35.9,328,0,3,0
9/2/16 1:45,78.2938,25.7,8.3,22.2,35.9,329,0,3,0
9/2/16 2:00,78.2938,25.7,8.3,22.2,35.9,330,1,2,0
9/2/16 2:15,78.2938,25.7,8.3,22.2,35.9,329,0,4,0
9/2/16 2:30,78.2938,25.7,8.3,22.2,35.9,329,1,3,0
9/2/16 2:45,78.2938,25.7,8.3,22.2,35.9,330,0,2,0
9/2/16 3:00,78.2938,25.7,8.3,22.2,35.9,329,1,3,0
9/2/16 3:15,78.2375,25.7,8.3,22.2,35.9,331,0,4,0
9/2/16 3:30,78.2375,25.7,8.3,22.2,35.9,331,0,3,0
9/2/16 3:45,78.2375,25.7,8.3,22.2,35.9,333,1,4,0
9/2/16 4:00,78.2375,25.7,8.3,22.2,35.9,335,0,4,0
9/2/16 4:15,78.2375,25.7,8.3,22.2,35.9,332,0,3,0
9/2/16 4:30,78.2375,25.7,8.3,22.2,35.9,330,0,3,0
9/2/16 4:45,78.1813,25.7,8.3,22.2,35.9,335,0,3,0
9/2/16 5:00,78.1813,25.7,8.3,22.2,35.9,334,1,3,0
9/2/16 5:15,78.1813,25.7,8.3,22.2,35.8,336,0,3,0
9/2/16 5:30,78.1813,25.6,8.3,22.2,35.8,332,0,5,0
9/2/16 5:45,78.125,25.6,8.3,22.2,35.8,333,1,3,0
9/2/16 6:00,78.125,25.6,8.3,22.2,35.8,335,1,3,0
9/2/16 6:15,78.125,25.6,8.3,22.2,35.8,336,1,4,0
9/2/16 6:30,78.125,25.6,8.3,22.2,35.8,335,0,3,0
9/2/16 6:45,78.0688,25.6,8.3,22.2,35.8,334,0,4,0
9/2/16 7:00,78.0688,25.6,8.3,22.2,35.8,335,0,3,0
9/2/16 7:15,78.0688,25.6,8.3,22.2,35.8,334,1,3,0
9/2/16 7:30,78.0688,25.6,8.3,22.2,35.8,334,0,3,0
9/2/16 7:45,78.0688,25.6,8.3,22.2,35.8,334,1,3,0
9/2/16 8:00,78.0688,25.6,8.3,22.2,35.8,335,1,3,0
9/2/16 8:15,78.0688,25.6,8.3,22.2,35.8,334,1,4,0
9/2/16 8:30,78.0688,25.6,8.3,22.2,35.8,333,1,5,0
9/2/16 8:45,78.0688,25.6,8.3,22.2,35.8,332,0,5,0
9/2/16 9:00,78.0688,25.6,8.3,22.2,35.8,334,0,4,0
9/2/16 9:15,78.0688,25.6,8.3,22.2,35.8,335,1,4,0
9/2/16 9:30,78.125,25.6,8.3,22.2,35.8,335,1,5,0
9/2/16 9:45,78.125,25.6,8.3,22.2,35.8,335,1,5,0
9/2/16 10:00,78.125,25.6,8.3,22.2,35.8,335,1,4,0
9/2/16 10:15,78.1813,25.6,8.3,22.2,35.8,336,1,4,0
9/2/16 10:30,78.1813,25.6,8.3,22.2,35.8,336,1,5,0
9/2/16 10:45,78.2375,25.6,8.3,22.2,35.8,335,1,5,0
9/2/16 11:00,78.2938,25.7,8.3,22.2,35.8,336,1,5,0
9/2/16 11:15,78.2938,25.7,8.3,22.2,35.9,336,1,3,0
9/2/16 11:30,78.2938,25.7,8.3,22.2,35.9,336,0,5,0
9/2/16 11:45,78.4063,25.7,8.3,22.2,35.9,337,2,4,0
9/2/16 12:00,78.35,25.7,8.3,22.2,35.9,337,2,4,0
9/2/16 12:15,78.4063,25.7,8.3,22.2,35.9,339,2,4,0
9/2/16 12:30,78.4063,25.8,8.3,22.2,35.9,340,1,5,0
9/2/16 12:45,78.4625,25.8,8.3,22.2,35.9,339,1,5,0
9/2/16 13:00,78.5187,25.8,8.3,22.2,35.9,340,1,4,0
9/2/16 13:15,78.5187,25.8,8.3,22.2,35.9,337,2,5,0
9/2/16 13:30,78.5187,25.8,8.3,22.2,36,338,2,5,0
9/2/16 13:45,78.575,25.8,8.3,22.2,36,337,1,5,0
9/2/16 14:00,78.575,25.8,8.3,22.2,36,339,1,5,0
9/2/16 14:15,78.6313,25.9,8.3,22.2,36,339,1,6,0
9/2/16 14:30,78.575,25.9,8.4,22.2,36,339,1,6,0
9/2/16 14:45,78.6313,25.9,8.4,22.2,36,338,2,5,0
9/2/16 15:00,78.6313,25.9,8.4,22.2,36,338,1,5,0
9/2/16 15:15,78.6313,25.9,8.4,22.2,36,338,1,6,0
9/2/16 15:30,78.6313,25.9,8.4,22.2,36,339,1,5,0
9/2/16 15:45,78.6313,25.9,8.4,22.2,36,339,1,6,0
9/2/16 16:00,78.6875,25.9,8.4,22.2,36,339,1,6,0
9/2/16 16:15,78.6875,25.9,8.4,22.2,36,341,1,5,0
9/2/16 16:30,78.6875,25.9,8.4,22.2,36,341,1,5,0
9/2/16 16:45,78.6875,25.9,8.4,22.2,36,342,1,5,0
9/2/16 17:00,78.6875,25.9,8.4,22.2,36,343,1,5,0
9/2/16 17:15,78.6875,25.9,8.4,22.2,36,343,1,5,0
9/2/16 17:30,78.6875,25.9,8.4,22.2,36,341,1,4,0
9/2/16 17:45,78.6313,25.9,8.4,22.2,36,343,1,5,0
9/2/16 18:00,78.6875,25.9,8.4,22.2,36,345,1,5,0
9/2/16 18:15,78.6875,25.9,8.4,22.2,36,344,1,4,0
9/2/16 18:30,78.6875,25.9,8.4,22.2,36,344,2,4,0
9/2/16 18:45,78.6875,25.9,8.4,22.2,36,345,1,4,0
9/2/16 19:00,78.6875,25.9,8.4,22.2,36,345,1,4,0
9/2/16 19:15,78.6875,25.9,8.4,22.2,36,345,1,4,0
9/2/16 19:30,78.6875,25.9,8.4,22.2,36,345,1,5,0
9/2/16 19:45,78.6875,25.9,8.4,22.2,36,345,1,4,0
9/2/16 20:00,78.6875,25.9,8.4,22.2,36,346,1,5,0
9/2/16 20:15,78.6875,25.9,8.4,22.2,36,345,1,3,0
9/2/16 20:30,78.6875,25.9,8.4,22.2,36,345,1,5,0
9/2/16 20:45,78.6875,25.9,8.4,22.2,36,345,2,4,0
9/2/16 21:00,78.6875,25.9,8.4,22.2,36,345,1,4,0
9/2/16 21:15,78.6313,25.9,8.4,22.2,36,346,2,3,0
9/2/16 21:30,78.6313,25.9,8.4,22.2,36,346,1,3,0
9/2/16 21:45,78.6875,25.9,8.4,22.2,36,346,1,4,0
9/2/16 22:00,78.6313,25.9,8.4,22.2,36,343,1,4,0
9/2/16 22:15,78.6313,25.9,8.4,22.2,36,344,1,3,0
9/2/16 22:30,78.6313,25.9,8.4,22.2,36,344,1,4,0
9/2/16 22:45,78.6313,25.9,8.4,22.2,36,344,2,4,0
9/2/16 23:00,78.6313,25.9,8.4,22.2,36,344,1,3,0
9/2/16 23:15,78.6313,25.9,8.4,22.2,36,345,1,3,0
9/2/16 23:30,78.6313,25.9,8.4,22.2,36,345,1,3,0
9/2/16 23:45,78.6313,25.9,8.4,22.2,36,347,1,2,0
9/3/16 0:00,78.6313,25.9,8.4,22.2,36,347,1,3,0
9/3/16 0:15,78.6313,25.9,8.4,22.2,36,347,1,3,0
9/3/16 0:30,78.6313,25.9,8.4,22.2,36,347,1,2,0
9/3/16 0:45,78.6313,25.9,8.4,22.2,36,347,1,5,0
9/3/16 1:00,78.6313,25.9,8.4,22.2,36,349,1,3,0
9/3/16 1:15,78.6313,25.9,8.4,22.2,36,348,1,3,0
9/3/16 1:30,78.575,25.9,8.4,22.2,36,346,1,4,0
9/3/16 1:45,78.575,25.9,8.4,22.2,36,347,2,3,0
9/3/16 2:00,78.575,25.9,8.4,22.2,36,349,1,3,0
9/3/16 2:15,78.575,25.9,8.4,22.2,36,349,1,3,0
9/3/16 2:30,78.575,25.9,8.4,22.2,36,349,1,2,0
9/3/16 2:45,78.5187,25.9,8.4,22.2,36,349,1,2,0
9/3/16 3:00,78.575,25.9,8.4,22.2,36,350,2,3,0
9/3/16 3:15,78.5187,25.9,8.4,22.2,36,352,1,3,0
9/3/16 3:30,78.5187,25.9,8.4,22.2,36,352,2,3,0
9/3/16 3:45,78.5187,25.9,8.4,22.2,36,348,2,2,0
9/3/16 4:00,78.5187,25.8,8.4,22.2,36,352,1,4,0
9/3/16 4:15,78.5187,25.8,8.4,22.2,36,353,2,2,0
9/3/16 4:30,78.5187,25.8,8.4,22.2,36,354,1,3,0
9/3/16 4:45,78.5187,25.8,8.4,22.2,36,353,2,3,0
9/3/16 5:00,78.4625,25.8,8.4,22.2,36,353,1,4,0
9/3/16 5:15,78.5187,25.8,8.4,22.2,36,354,2,3,0
9/3/16 5:30,78.4625,25.8,8.4,22.2,36,355,1,3,0
9/3/16 5:45,78.4625,25.8,8.4,22.2,36,355,1,3,0
9/3/16 6:00,78.4063,25.8,8.4,22.2,36,354,2,2,0
9/3/16 6:15,78.4063,25.8,8.4,22.2,36,355,2,2,0
9/3/16 6:30,78.4063,25.8,8.4,22.2,36,355,1,3,0
9/3/16 6:45,78.4063,25.8,8.4,22.2,36,354,2,3,0
9/3/16 7:00,78.4063,25.8,8.4,22.2,36,354,1,4,0
9/3/16 7:15,78.35,25.8,8.4,22.2,35.9,354,2,4,0
9/3/16 7:30,78.4063,25.8,8.4,22.2,35.9,355,1,3,0
9/3/16 7:45,78.4063,25.8,8.4,22.2,35.9,354,1,4,0
9/3/16 8:00,78.4063,25.8,8.4,22.2,35.9,356,1,4,0
9/3/16 8:15,78.35,25.8,8.4,22.2,35.9,357,1,3,0
9/3/16 8:30,78.35,25.8,8.4,22.2,35.9,355,1,3,0
9/3/16 8:45,78.35,25.8,8.4,22.2,35.9,356,1,3,0
9/3/16 9:00,78.4063,25.8,8.4,22.2,35.9,354,1,4,0
9/3/16 9:15,78.4063,25.8,8.4,22.2,35.9,355,1,4,0
9/3/16 9:30,78.4063,25.8,8.4,22.2,35.9,354,1,4,0
9/3/16 9:45,78.4063,25.8,8.4,22.2,35.9,354,1,4,0
9/3/16 10:00,78.4625,25.8,8.4,22.2,35.9,354,1,4,0
9/3/16 10:15,78.4625,25.8,8.4,22.2,35.9,355,1,4,0
9/3/16 10:30,78.4625,25.8,8.4,22.2,35.9,355,0,3,0
9/3/16 10:45,78.4625,25.8,8.4,22.2,35.9,355,1,4,0
9/3/16 11:00,78.5187,25.8,8.4,22.2,35.9,356,1,5,0
9/3/16 11:15,78.5187,25.8,8.4,22.2,36,354,1,4,0
9/3/16 11:30,78.575,25.8,8.4,22.2,36,360,0,4,0
9/3/16 11:45,78.575,25.8,8.4,22.2,36,362,1,4,0
9/3/16 12:00,78.6313,25.9,8.4,22.2,36,361,2,5,0
9/3/16 12:15,78.6313,25.9,8.4,22.2,36,361,1,4,0
9/3/16 12:30,78.6875,25.9,8.4,22.2,36,360,1,5,0
9/3/16 12:45,78.6875,25.9,8.4,22.2,36,360,1,3,0
9/3/16 13:00,78.6875,25.9,8.4,22.2,36,361,1,5,0
9/3/16 13:15,78.7438,25.9,8.4,22.2,36,363,1,4,0
9/3/16 13:30,78.6875,25.9,8.4,22.2,36.1,365,0,4,0
9/3/16 13:45,78.7438,25.9,8.4,22.2,36.1,363,2,5,0
9/3/16 14:00,78.7438,25.9,8.4,22.2,36.1,363,1,5,0
9/3/16 14:15,78.8,26,8.4,22.2,36.1,363,1,4,0
9/3/16 14:30,78.8,26,8.4,22.2,36.1,367,1,5,0
9/3/16 14:45,78.8,26,8.4,22.2,36.1,367,1,5,0
9/3/16 15:00,78.8,26,8.4,22.2,36.1,365,2,4,0
9/3/16 15:15,78.8563,26,8.4,22.2,36.1,364,1,5,0
9/3/16 15:30,78.8563,26,8.4,22.2,36.1,367,1,5,0
9/3/16 15:45,78.8563,26,8.4,22.2,36.1,368,0,4,0
9/3/16 16:00,78.8563,26,8.4,22.2,36.1,364,2,5,0
9/3/16 16:15,78.8563,26,8.4,22.2,36.1,366,1,8,0
9/3/16 16:30,78.8,26,8.4,22.2,36.1,367,1,4,0
9/3/16 16:45,78.8,26,8.4,22.2,36.1,365,1,4,0
9/3/16 17:00,78.8563,26,8.4,22.2,36.1,365,1,5,0
9/3/16 17:15,78.8563,26,8.4,22.2,36.1,365,1,5,0
9/3/16 17:30,78.8,26,8.4,22.2,36.1,365,2,4,0
9/3/16 17:45,78.8,26,8.4,22.2,36.1,366,1,3,0
9/3/16 18:00,78.8563,26,8.4,22.2,36.1,364,1,4,0
9/3/16 18:15,78.8,26,8.4,22.2,36.1,364,0,4,0
9/3/16 18:30,78.8,26,8.4,22.2,36.1,366,0,4,0
9/3/16 18:45,78.8,26,8.4,22.2,36.1,364,0,3,0
9/3/16 19:00,78.8,26,8.4,22.2,36.1,365,1,4,0
9/3/16 19:15,78.8,26,8.4,22.2,36.1,365,1,3,0
9/3/16 19:30,78.8,26,8.4,22.2,36.1,366,1,4,0
9/3/16 19:45,78.8,26,8.4,22.2,36.1,365,1,4,0
9/3/16 20:00,78.8,26,8.4,22.2,36.1,363,1,4,0
9/3/16 20:15,78.8,26,8.4,22.2,36.1,367,1,3,0
9/3/16 20:30,78.8,26,8.4,22.2,36.1,365,0,4,0
9/3/16 20:45,78.7438,26,8.4,22.2,36.1,365,0,4,0
9/3/16 21:00,78.7438,26,8.4,22.2,36.1,364,1,2,0
9/3/16 21:15,78.8,26,8.4,22.2,36.1,365,1,3,0
9/3/16 21:30,78.7438,26,8.4,22.2,36.1,364,1,2,0
9/3/16 21:45,78.7438,26,8.4,22.2,36.1,364,1,3,0
9/3/16 22:00,78.6875,26,8.4,22.2,36.1,362,1,3,0
9/3/16 22:15,78.8,26,8.4,22.2,36.1,364,1,2,0
9/3/16 22:30,78.7438,26,8.4,22.2,36.1,365,1,3,0
9/3/16 22:45,78.7438,26,8.4,22.2,36.1,365,1,3,0
9/3/16 23:00,78.6875,26,8.4,22.2,36.1,365,1,4,0
9/3/16 23:15,78.6875,26,8.4,22.2,36.1,365,1,3,0
9/3/16 23:30,78.6875,26,8.4,22.2,36.1,368,1,2,0
9/3/16 23:45,78.6875,26,8.4,22.2,36.1,365,1,2,0
9/4/16 0:00,78.6875,25.9,8.4,22.2,36.1,369,1,2,0
9/4/16 0:15,78.6875,25.9,8.4,22.2,36.1,366,1,2,0
9/4/16 0:30,78.6875,25.9,8.4,22.2,36.1,365,1,3,0
9/4/16 0:45,78.6875,25.9,8.4,22.2,36.1,364,1,2,0
9/4/16 1:00,78.6313,25.9,8.4,22.2,36.1,364,1,2,0
9/4/16 1:15,78.6313,25.9,8.4,22.2,36,365,2,3,0
9/4/16 1:30,78.6313,25.9,8.4,22.2,36,364,1,3,0
9/4/16 1:45,78.6313,25.9,8.4,22.2,36,365,1,2,0
9/4/16 2:00,78.575,25.9,8.4,22.2,36,368,1,4,0
9/4/16 2:15,78.6313,25.9,8.4,22.2,36,367,1,2,0
9/4/16 2:30,78.6313,25.9,8.4,22.2,36,370,1,2,0
9/4/16 2:45,78.575,25.9,8.4,22.2,36,367,1,2,0
9/4/16 3:00,78.575,25.9,8.4,22.2,36,367,2,2,0
9/4/16 3:15,78.575,25.9,8.4,22.2,36,366,1,3,0
9/4/16 3:30,78.5187,25.9,8.4,22.2,36,366,1,2,0
9/4/16 3:45,78.5187,25.9,8.4,22.2,36,367,1,2,0
9/4/16 4:00,78.5187,25.9,8.4,22.2,36,366,1,1,0
9/4/16 4:15,78.5187,25.8,8.4,22.2,36,369,1,2,0
9/4/16 4:30,78.5187,25.8,8.4,22.2,36,367,0,2,0
9/4/16 4:45,78.5187,25.8,8.4,22.2,36,369,1,2,0
9/4/16 5:00,78.5187,25.8,8.4,22.2,36,368,1,2,0
9/4/16 5:15,78.4625,25.8,8.4,22.2,36,366,1,2,0
9/4/16 5:30,78.4063,25.8,8.4,22.2,36,367,1,3,0
9/4/16 5:45,78.4625,25.8,8.4,22.2,36,367,1,2,0
9/4/16 6:00,78.4063,25.8,8.4,22.2,36,367,2,2,0
9/4/16 6:15,78.4063,25.8,8.4,22.2,36,365,1,2,0
9/4/16 6:30,78.4063,25.8,8.4,22.2,35.9,367,2,3,0
9/4/16 6:45,78.35,25.8,8.4,22.2,35.9,370,1,3,0
9/4/16 7:00,78.35,25.7,8.4,22.2,35.9,367,1,2,0
9/4/16 7:15,78.35,25.7,8.4,22.2,35.9,369,1,3,0
9/4/16 7:30,78.35,25.7,8.4,22.2,35.9,369,1,3,0
9/4/16 7:45,78.35,25.7,8.4,22.2,35.9,367,1,4,0
9/4/16 8:00,78.2938,25.7,8.4,22.2,35.9,369,1,3,0
9/4/16 8:15,78.2938,25.7,8.4,22.2,35.9,370,2,3,0
9/4/16 8:30,78.2938,25.7,8.4,22.2,35.9,372,1,4,0
9/4/16 8:45,78.2938,25.7,8.4,22.2,35.9,373,1,4,0
9/4/16 9:00,78.2938,25.7,8.4,22.2,35.9,373,0,4,0
9/4/16 9:15,78.35,25.7,8.4,22.2,35.9,373,1,4,0
9/4/16 9:30,78.2938,25.7,8.4,22.2,35.9,373,1,3,0
9/4/16 9:45,78.2938,25.7,8.4,22.2,35.9,371,1,3,0
9/4/16 10:00,78.2938,25.7,8.4,22.2,35.9,372,1,4,0
9/4/16 10:15,78.35,25.7,8.4,22.2,35.9,371,1,4,0
9/4/16 10:30,78.35,25.7,8.4,22.2,35.9,371,0,3,0
9/4/16 10:45,78.4063,25.7,8.4,22.2,35.9,373,1,3,0
9/4/16 11:00,78.4063,25.8,8.4,22.2,35.9,373,0,4,0
9/4/16 11:15,78.4063,25.8,8.4,22.2,35.9,370,0,3,0
9/4/16 11:30,78.4063,25.8,8.4,22.2,35.9,370,1,4,0
9/4/16 11:45,78.4625,25.8,8.4,22.2,35.9,371,1,3,0
9/4/16 12:00,78.4625,25.8,8.4,22.2,35.9,370,1,4,0
9/4/16 12:15,78.4625,25.8,8.4,22.2,35.9,370,1,4,0
9/4/16 12:30,78.5187,25.8,8.4,22.2,36,369,1,4,0
9/4/16 12:45,78.5187,25.8,8.4,22.2,36,372,1,4,0
9/4/16 13:00,78.5187,25.8,8.4,22.2,36,370,1,4,0
9/4/16 13:15,78.5187,25.8,8.4,22.2,36,369,0,4,0
9/4/16 13:30,78.5187,25.8,8.4,22.2,36,370,0,4,0
9/4/16 13:45,78.5187,25.8,8.4,22.2,36,369,1,5,0
9/4/16 14:00,78.575,25.8,8.4,22.2,36,370,1,6,0
9/4/16 14:15,78.575,25.8,8.4,22.2,36,369,1,4,0
9/4/16 14:30,78.5187,25.8,8.4,22.2,36,371,1,5,0
9/4/16 14:45,78.575,25.9,8.4,22.2,36,371,0,5,0
9/4/16 15:00,78.575,25.9,8.4,22.2,36,370,1,4,0
9/4/16 15:15,78.575,25.9,8.4,22.2,36,372,1,3,0
9/4/16 15:30,78.575,25.9,8.4,22.2,36,370,1,3,0
9/4/16 15:45,78.5187,25.9,8.4,22.2,36,370,1,5,0
9/4/16 16:00,78.575,25.9,8.4,22.2,36,371,1,5,0
9/4/16 16:15,78.575,25.9,8.4,22.2,36,372,0,5,0
9/4/16 16:30,78.575,25.9,8.4,22.2,36,370,1,4,0
9/4/16 16:45,78.5187,25.9,8.4,22.2,36,370,1,4,0
9/4/16 17:00,78.5187,25.9,8.4,22.2,36,369,1,4,0
9/4/16 17:15,78.5187,25.9,8.4,22.2,36,374,1,4,0
9/4/16 17:30,78.5187,25.9,8.4,22.2,36,375,0,5,0
9/4/16 17:45,78.4625,25.9,8.4,22.2,36,373,1,3,0
9/4/16 18:00,78.4625,25.8,8.4,22.2,36,373,1,4,0
9/4/16 18:15,78.4625,25.8,8.4,22.2,36,375,1,4,0
9/4/16 18:30,78.4625,25.8,8.4,22.2,35.9,373,1,4,0
9/4/16 18:45,78.4625,25.8,8.4,22.2,35.9,371,1,3,0
9/4/16 19:00,78.4625,25.8,8.4,22.2,35.9,371,1,4,0
9/4/16 19:15,78.4625,25.8,8.4,22.2,35.9,371,0,2,0
9/4/16 19:30,78.4063,25.8,8.4,22.2,35.9,372,1,3,0
9/4/16 19:45,78.4625,25.8,8.4,22.2,35.9,370,1,4,0
9/4/16 20:00,78.4063,25.8,8.4,22.2,35.9,370,1,2,0
9/4/16 20:15,78.4063,25.8,8.4,22.2,35.9,370,1,4,0
9/4/16 20:30,78.4063,25.8,8.4,22.2,35.9,371,1,4,0
9/4/16 20:45,78.4063,25.8,8.4,22.2,35.9,371,0,3,0
9/4/16 21:00,78.4063,25.8,8.4,22.2,35.9,370,1,3,0
9/4/16 21:15,78.35,25.8,8.4,22.2,35.9,368,0,2,0
9/4/16 21:30,78.35,25.8,8.4,22.2,35.9,365,1,3,0
9/4/16 21:45,78.35,25.8,8.4,22.2,35.9,367,1,2,0
9/4/16 22:00,78.35,25.8,8.4,22.2,35.9,369,0,3,0
9/4/16 22:15,78.35,25.8,8.4,22.2,35.9,371,1,3,0
9/4/16 22:30,78.35,25.8,8.4,22.2,35.9,371,1,2,0
9/4/16 22:45,78.35,25.7,8.4,22.2,35.9,373,1,3,0
9/4/16 23:00,78.2938,25.7,8.4,22.2,35.9,374,1,2,0
9/4/16 23:15,78.35,25.7,8.4,22.2,35.9,374,1,2,0
9/4/16 23:30,78.2938,25.7,8.4,22.2,35.9,376,1,2,0
9/4/16 23:45,78.2938,25.7,8.4,22.2,35.9,376,0,3,0
9/5/16 0:00,78.2938,25.7,8.4,22.2,35.9,375,1,3,0
9/5/16 0:15,78.2938,25.7,8.4,22.2,35.9,376,1,1,0
9/5/16 0:30,78.2938,25.7,8.4,22.2,35.9,376,1,3,0
9/5/16 0:45,78.2938,25.7,8.4,22.2,35.9,376,1,2,0
9/5/16 1:00,78.2375,25.7,8.4,22.2,35.9,376,1,2,0
9/5/16 1:15,78.1813,25.7,8.4,22.2,35.9,377,1,3,0
9/5/16 1:30,78.2375,25.7,8.4,22.2,35.8,378,0,3,0
9/5/16 1:45,78.1813,25.7,8.4,22.2,35.8,376,1,1,0
9/5/16 2:00,78.1813,25.7,8.4,22.2,35.8,376,1,3,0
9/5/16 2:15,78.1813,25.7,8.4,22.2,35.8,378,1,2,0
9/5/16 2:30,78.1813,25.7,8.4,22.2,35.8,379,2,1,0
9/5/16 2:45,78.125,25.6,8.4,22.2,35.8,378,1,3,0
9/5/16 3:00,78.125,25.6,8.4,22.2,35.8,377,1,3,0
9/5/16 3:15,78.125,25.6,8.4,22.2,35.8,378,1,1,0
9/5/16 3:30,78.125,25.6,8.4,22.2,35.8,379,1,1,0
9/5/16 3:45,78.125,25.6,8.4,22.2,35.8,379,1,2,0
9/5/16 4:00,78.0688,25.6,8.4,22.2,35.8,378,2,2,0
9/5/16 4:15,78.0688,25.6,8.4,22.2,35.8,377,1,2,0
9/5/16 4:30,78.0688,25.6,8.4,22.2,35.8,378,2,2,0
9/5/16 4:45,78.0688,25.6,8.4,22.2,35.8,377,1,2,0
9/5/16 5:00,78.0125,25.6,8.4,22.2,35.8,376,1,3,0
9/5/16 5:15,78.0125,25.6,8.4,22.2,35.8,377,1,1,0
9/5/16 5:30,78.0125,25.6,8.4,22.2,35.8,376,1,2,0
9/5/16 5:45,78.0125,25.6,8.4,22.2,35.8,377,1,1,0
9/5/16 6:00,78.0125,25.6,8.4,22.2,35.8,376,1,3,0
9/5/16 6:15,77.9562,25.6,8.4,22.2,35.8,376,1,2,0
9/5/16 6:30,77.9562,25.6,8.4,22.2,35.7,378,2,3,0
9/5/16 6:45,77.9562,25.6,8.4,22.2,35.7,377,1,2,0
9/5/16 7:00,77.9562,25.5,8.4,22.2,35.7,378,1,3,0
9/5/16 7:15,78.0125,25.5,8.4,22.2,35.7,379,2,3,0
9/5/16 7:30,78.0125,25.5,8.4,22.2,35.7,380,1,2,0
9/5/16 7:45,77.9562,25.5,8.4,22.2,35.7,381,1,2,0
9/5/16 8:00,78.0125,25.5,8.4,22.2,35.7,380,2,3,0
9/5/16 8:15,77.9562,25.5,8.4,22.2,35.7,381,1,4,0
9/5/16 8:30,77.9562,25.5,8.4,22.2,35.7,379,1,2,0
9/5/16 8:45,77.9562,25.5,8.4,22.2,35.7,379,0,4,0
9/5/16 9:00,77.9562,25.5,8.4,22.2,35.7,380,1,3,0
9/5/16 9:15,77.9562,25.5,8.4,22.2,35.7,380,1,3,0
9/5/16 9:30,77.9562,25.5,8.4,22.2,35.7,381,1,3,0
9/5/16 9:45,78.0125,25.5,8.4,22.2,35.7,379,1,3,0
9/5/16 10:00,78.0125,25.5,8.4,22.2,35.7,381,1,3,0
9/5/16 10:15,78.0125,25.5,8.4,22.2,35.8,381,1,3,0
9/5/16 10:30,78.0125,25.5,8.4,22.2,35.8,382,1,2,0
9/5/16 10:45,78.0125,25.6,8.4,22.2,35.8,382,1,4,0
9/5/16 11:00,78.0688,25.6,8.4,22.2,35.8,381,1,4,0
9/5/16 11:15,78.0688,25.6,8.4,22.2,35.8,383,1,3,0
9/5/16 11:30,78.0688,25.6,8.4,22.2,35.8,382,1,3,0
9/5/16 11:45,78.0688,25.6,8.4,22.2,35.8,382,1,4,0
9/5/16 12:00,78.125,25.6,8.4,22.2,35.8,385,1,3,0
9/5/16 12:15,78.125,25.6,8.4,22.2,35.8,385,0,2,0
9/5/16 12:30,78.125,25.6,8.4,22.2,35.8,383,1,3,0
9/5/16 12:45,78.1813,25.6,8.4,22.2,35.8,383,1,3,0
9/5/16 13:00,78.1813,25.6,8.4,22.2,35.8,382,0,4,0
9/5/16 13:15,78.1813,25.6,8.4,22.2,35.8,384,1,3,0
9/5/16 13:30,78.1813,25.6,8.4,22.2,35.8,383,1,5,0
9/5/16 13:45,78.2375,25.7,8.4,22.2,35.8,383,1,4,0
9/5/16 14:00,78.1813,25.7,8.4,22.2,35.8,381,1,4,0
9/5/16 14:15,78.2375,25.7,8.4,22.2,35.8,381,2,5,0
9/5/16 14:30,78.2375,25.7,8.4,22.2,35.8,380,1,4,0
9/5/16 14:45,78.2375,25.7,8.4,22.2,35.8,381,1,4,0
9/5/16 15:00,78.2375,25.7,8.4,22.2,35.8,381,0,4,0
9/5/16 15:15,78.2938,25.7,8.4,22.2,35.8,381,1,4,0
9/5/16 15:30,78.2375,25.7,8.4,22.2,35.8,380,1,4,0
9/5/16 15:45,78.2938,25.7,8.4,22.2,35.8,382,1,4,0
9/5/16 16:00,78.2375,25.7,8.4,22.2,35.8,381,2,3,0
9/5/16 16:15,78.2375,25.7,8.4,22.2,35.8,381,1,3,0
9/5/16 16:30,78.2375,25.7,8.4,22.2,35.8,380,2,5,0
9/5/16 16:45,78.2375,25.7,8.4,22.2,35.8,380,0,3,0
9/5/16 17:00,78.2375,25.7,8.4,22.2,35.8,381,1,3,0
9/5/16 17:15,78.1813,25.7,8.4,22.2,35.8,383,1,4,0
9/5/16 17:30,78.1813,25.7,8.4,22.2,35.8,380,0,3,0
9/5/16 17:45,78.1813,25.7,8.4,22.2,35.8,381,1,2,0
9/5/16 18:00,78.1813,25.7,8.4,22.2,35.8,382,1,4,0
9/5/16 18:15,78.125,25.7,8.4,22.2,35.8,382,1,3,0
9/5/16 18:30,78.125,25.7,8.4,22.2,35.8,382,0,4,0
9/5/16 18:45,78.125,25.6,8.4,22.2,35.8,383,0,3,0
9/5/16 19:00,78.125,25.6,8.4,22.2,35.8,381,1,3,0
9/5/16 19:15,78.125,25.6,8.4,22.2,35.8,384,0,2,0
9/5/16 19:30,78.125,25.6,8.4,22.2,35.8,382,0,3,0
9/5/16 19:45,78.0688,25.6,8.4,22.2,35.8,383,1,2,0
9/5/16 20:00,78.0688,25.6,8.4,22.2,35.8,382,1,2,0
9/5/16 20:15,78.125,25.6,8.4,22.2,35.8,383,1,3,0
9/5/16 20:30,78.0688,25.6,8.4,22.2,35.8,385,0,3,0
9/5/16 20:45,78.0688,25.6,8.4,22.2,35.8,384,0,2,0
9/5/16 21:00,78.0125,25.6,8.4,22.2,35.8,384,1,5,0
9/5/16 21:15,78.0125,25.6,8.4,22.2,35.8,384,1,3,0
9/5/16 21:30,78.0688,25.6,8.4,22.2,35.8,384,1,3,0
9/5/16 21:45,78.0125,25.6,8.4,22.2,35.8,383,1,1,0
9/5/16 22:00,78.0125,25.6,8.4,22.2,35.8,383,1,2,0
9/5/16 22:15,78.0125,25.6,8.4,22.2,35.8,384,1,2,0
9/5/16 22:30,78.0125,25.6,8.4,22.2,35.8,385,1,2,0
9/5/16 22:45,78.0125,25.6,8.4,22.2,35.8,382,1,3,0
9/5/16 23:00,78.0125,25.6,8.4,22.2,35.8,383,1,2,0
9/5/16 23:15,78.0125,25.6,8.4,22.2,35.8,384,1,2,0
9/5/16 23:30,78.0125,25.6,8.4,22.2,35.8,383,1,2,0
9/5/16 23:45,78.0125,25.6,8.4,22.2,35.8,385,1,3,0
9/6/16 0:00,77.9562,25.6,8.4,22.2,35.8,383,1,1,0
9/6/16 0:15,77.9562,25.6,8.4,22.2,35.8,383,1,2,0
9/6/16 0:30,77.9562,25.5,8.4,22.2,35.8,381,1,1,0
9/6/16 0:45,77.9562,25.5,8.4,22.2,35.7,383,1,2,0
9/6/16 1:00,77.9562,25.5,8.4,22.2,35.7,381,1,2,0
9/6/16 1:15,77.9,25.5,8.4,22.2,35.7,380,1,1,0
9/6/16 1:30,77.9,25.5,8.4,22.2,35.7,382,1,2,0
9/6/16 1:45,77.9,25.5,8.4,22.2,35.7,383,1,2,0
9/6/16 2:00,77.9562,25.5,8.4,22.2,35.7,383,1,2,0
9/6/16 2:15,77.9,25.5,8.4,22.2,35.7,384,2,3,0
9/6/16 2:30,77.8438,25.5,8.4,22.2,35.7,383,1,2,0
9/6/16 2:45,77.8438,25.5,8.4,22.2,35.7,383,1,2,0
9/6/16 3:00,77.9,25.5,8.4,22.2,35.7,384,1,2,0
9/6/16 3:15,77.8438,25.5,8.4,22.2,35.7,385,1,2,0
9/6/16 3:30,77.8438,25.5,8.4,22.2,35.7,386,1,2,0
9/6/16 3:45,77.8438,25.5,8.4,22.2,35.7,384,1,2,0
9/6/16 4:00,77.7875,25.5,8.4,22.2,35.7,385,1,2,0
9/6/16 4:15,77.8438,25.5,8.4,22.2,35.7,383,1,2,0
9/6/16 4:30,77.8438,25.5,8.4,22.2,35.7,384,1,2,0
9/6/16 4:45,77.7875,25.4,8.4,22.2,35.7,385,2,2,0
9/6/16 5:00,77.7875,25.4,8.4,22.2,35.7,387,1,1,0
9/6/16 5:15,77.7875,25.4,8.4,22.2,35.7,388,1,1,0
9/6/16 5:30,77.7875,25.4,8.4,22.2,35.7,390,1,2,0
9/6/16 5:45,77.7875,25.4,8.4,22.2,35.7,388,1,3,0
9/6/16 6:00,77.7313,25.4,8.4,22.2,35.6,389,1,2,0
9/6/16 6:15,77.7313,25.4,8.4,22.2,35.6,388,1,1,0
9/6/16 6:30,77.7313,25.4,8.4,22.2,35.6,388,1,3,0
9/6/16 6:45,77.675,25.4,8.4,22.2,35.6,386,1,2,0
9/6/16 7:00,77.675,25.4,8.4,22.2,35.6,388,1,2,0
9/6/16 7:15,77.675,25.4,8.4,22.2,35.6,389,1,2,0
9/6/16 7:30,77.675,25.4,8.4,22.2,35.6,385,1,3,0
9/6/16 7:45,77.6188,25.4,8.4,22.2,35.6,387,1,3,0
9/6/16 8:00,77.675,25.4,8.4,22.2,35.6,387,1,4,0
9/6/16 8:15,77.6188,25.4,8.4,22.2,35.6,387,1,4,0
9/6/16 8:30,77.6188,25.4,8.4,22.2,35.6,386,1,3,0
9/6/16 8:45,77.6188,25.4,8.4,22.2,35.6,387,0,3,0
9/6/16 9:00,77.6188,25.4,8.4,22.2,35.6,384,1,4,0
9/6/16 9:15,77.6188,25.4,8.4,22.2,35.6,387,2,2,0
9/6/16 9:30,77.6188,25.4,8.4,22.2,35.6,387,1,3,0
9/6/16 9:45,77.6188,25.4,8.4,22.2,35.6,386,1,3,0
9/6/16 10:00,77.6188,25.4,8.4,22.2,35.6,386,0,4,0
9/6/16 10:15,77.6188,25.4,8.4,22.2,35.6,386,0,2,0
9/6/16 10:30,77.675,25.4,8.4,22.2,35.6,385,1,3,0
9/6/16 10:45,77.675,25.4,8.4,22.2,35.6,387,0,2,0
9/6/16 11:00,77.7313,25.4,8.4,22.2,35.6,388,0,4,0
9/6/16 11:15,77.7313,25.4,8.4,22.2,35.6,388,1,3,0
9/6/16 11:30,77.7313,25.4,8.4,22.2,35.6,390,0,4,0
9/6/16 11:45,77.7313,25.4,8.4,22.2,35.6,389,0,4,0
9/6/16 12:00,77.7313,25.4,8.4,22.2,35.7,388,1,4,0
9/6/16 12:15,77.7313,25.4,8.4,22.2,35.7,388,1,3,0
9/6/16 12:30,77.7313,25.4,8.4,22.2,35.7,387,1,4,0
9/6/16 12:45,77.7875,25.4,8.4,22.2,35.7,389,1,4,0
9/6/16 13:00,77.7875,25.4,8.4,22.2,35.7,390,500,4,0
9/6/16 13:15,77.7313,25.4,8.4,22.3,35.7,391,500,0,0
9/6/16 13:30,77.7875,25.4,8.4,22.3,35.7,392,500,0,375
9/6/16 13:45,77.7875,25.4,8.4,22.3,35.7,391,500,0,349
9/6/16 14:00,77.7875,25.4,8.4,22.3,35.7,392,480,0,400
9/6/16 14:15,77.7313,25.4,8.4,22.3,35.7,391,500,0,400
9/6/16 14:30,77.7313,25.4,8.4,22.3,35.7,391,500,0,435
9/6/16 14:45,77.7875,25.4,8.4,22.3,35.7,392,500,0,428
9/6/16 15:00,77.7875,25.4,8.4,22.3,35.7,391,500,0,499
9/6/16 15:15,77.7875,25.4,8.4,22.3,35.7,389,500,0,350
9/6/16 15:30,77.7313,25.4,8.4,22.3,35.7,389,500,0,424
9/6/16 15:45,77.7313,25.4,8.4,22.3,35.7,390,500,0,399
9/6/16 16:00,77.7875,25.4,8.4,22.3,35.7,392,500,0,375
9/6/16 16:15,77.7875,25.4,8.4,22.3,35.7,390,500,0,300
9/6/16 16:30,77.7313,25.4,8.4,22.3,35.7,390,500,0,449
9/6/16 16:45,77.7313,25.4,8.4,22.3,35.7,391,500,0,250
9/6/16 17:00,77.7313,25.4,8.4,22.3,35.7,391,500,0,351
9/6/16 17:15,77.7313,25.4,8.4,22.3,35.7,392,500,0,350
9/6/16 17:30,77.7313,25.4,8.4,22.3,35.7,392,500,0,399
9/6/16 17:45,77.7313,25.4,8.4,22.3,35.7,392,500,0,399
9/6/16 18:00,77.675,25.4,8.4,22.3,35.7,394,500,0,318
9/6/16 18:15,77.675,25.4,8.4,22.3,35.7,392,459,0,263
9/6/16 18:30,77.7313,25.4,8.4,22.3,35.7,393,500,0,345
9/6/16 18:45,77.675,25.4,8.4,22.3,35.7,392,500,0,274
9/6/16 19:00,77.675,25.4,8.4,22.3,35.7,390,500,0,249
9/6/16 19:15,77.675,25.4,8.4,22.3,35.7,391,500,0,324
9/6/16 19:30,77.675,25.4,8.4,22.3,35.7,389,378,0,350
9/6/16 19:45,77.6188,25.4,8.4,22.3,35.7,387,500,0,274
9/6/16 20:00,77.675,25.4,8.4,22.3,35.7,389,500,0,256
9/6/16 20:15,77.675,25.4,8.4,22.3,35.6,392,500,0,325
9/6/16 20:30,77.675,25.4,8.4,22.3,35.6,388,500,0,223
9/6/16 20:45,77.675,25.4,8.4,22.3,35.6,392,500,0,274
9/6/16 21:00,77.675,25.4,8.4,22.3,35.6,390,500,0,350
9/6/16 21:15,77.675,25.4,8.4,22.3,35.6,390,500,0,349
9/6/16 21:30,77.675,25.4,8.4,22.3,35.6,387,500,0,249
9/6/16 21:45,77.6188,25.4,8.4,22.3,35.6,386,500,0,450
9/6/16 22:00,77.6188,25.4,8.4,22.3,35.6,386,500,0,295
9/6/16 22:15,77.6188,25.4,8.4,22.3,35.6,385,500,0,310
9/6/16 22:30,77.6188,25.4,8.4,22.3,35.6,387,500,0,271
9/6/16 22:45,77.6188,25.4,8.4,22.3,35.6,390,444,0,109
9/6/16 23:00,77.6188,25.4,8.4,22.3,35.6,391,500,0,274
9/6/16 23:15,77.6188,25.4,8.4,22.3,35.6,393,500,0,251
9/6/16 23:30,77.6188,25.4,8.4,22.3,35.6,392,500,0,274
9/6/16 23:45,77.6188,25.3,8.4,22.3,35.6,389,500,0,299
9/7/16 0:00,77.6188,25.3,8.4,22.3,35.6,390,500,0,199
9/7/16 0:15,77.6188,25.3,8.4,22.3,35.6,389,500,0,301
9/7/16 0:30,77.6188,25.3,8.4,22.3,35.6,387,500,0,173
9/7/16 0:45,77.6188,25.3,8.4,22.3,35.6,389,500,0,249
9/7/16 1:00,77.5625,25.3,8.4,22.3,35.6,389,500,0,200
9/7/16 1:15,77.5625,25.3,8.4,22.3,35.6,390,500,0,223
9/7/16 1:30,77.5625,25.3,8.4,22.3,35.6,391,500,0,199
9/7/16 1:45,77.6188,25.3,8.4,22.3,35.6,389,452,0,249
9/7/16 2:00,77.6188,25.3,8.4,22.3,35.6,388,500,0,274
9/7/16 2:15,77.5625,25.3,8.4,22.3,35.6,386,500,0,299
9/7/16 2:30,77.5625,25.3,8.4,22.3,35.6,389,500,0,274
9/7/16 2:45,77.5625,25.3,8.4,22.3,35.6,390,500,0,174
9/7/16 3:00,77.5625,25.3,8.4,22.3,35.6,390,500,0,199
9/7/16 3:15,77.5625,25.3,8.4,22.3,35.6,389,500,0,224
9/7/16 3:30,77.5625,25.3,8.4,22.3,35.6,390,500,0,249
9/7/16 3:45,77.5625,25.3,8.4,22.3,35.6,394,500,0,302
9/7/16 4:00,77.5063,25.3,8.4,22.3,35.6,393,500,0,199
9/7/16 4:15,77.5625,25.3,8.4,22.3,35.6,392,500,0,131
9/7/16 4:30,77.5625,25.3,8.4,22.3,35.6,393,500,0,227
9/7/16 4:45,77.5063,25.3,8.4,22.3,35.6,393,500,0,199
9/7/16 5:00,77.5063,25.3,8.4,22.3,35.6,389,500,0,275
9/7/16 5:15,77.45,25.3,8.4,22.3,35.6,389,500,0,174
9/7/16 5:30,77.45,25.3,8.4,22.3,35.6,390,500,0,224
9/7/16 5:45,77.45,25.3,8.4,22.3,35.6,391,500,0,213
9/7/16 6:00,77.45,25.3,8.4,22.3,35.6,391,500,0,224
9/7/16 6:15,77.45,25.2,8.4,22.3,35.6,391,500,0,200
9/7/16 6:30,77.45,25.2,8.4,22.3,35.6,388,500,0,274
9/7/16 6:45,77.3937,25.2,8.4,22.3,35.6,392,500,0,249
9/7/16 7:00,77.3937,25.2,8.4,22.3,35.6,392,500,0,417
9/7/16 7:15,77.3937,25.2,8.4,22.3,35.5,389,500,0,850
9/7/16 7:30,77.3937,25.2,8.3,22.2,35.5,392,500,0,474
9/7/16 7:45,77.3937,25.2,8.3,22.2,35.5,389,500,0,399
9/7/16 8:00,77.3937,25.2,8.3,22.2,35.5,388,500,0,324
9/7/16 8:15,77.3937,25.2,8.3,22.2,35.5,393,500,0,363
9/7/16 8:30,77.3375,25.2,8.3,22.2,35.5,389,500,0,449
9/7/16 8:45,77.3375,25.2,8.3,22.2,35.5,391,500,0,0
9/7/16 9:00,77.3375,-5,8.3,22.2,35.5,392,500,0,0
9/7/16 9:15,77.2813,-5,8.3,22.2,35.5,390,500,0,0
9/7/16 9:30,77.2813,-5,8.3,22.2,35.5,391,500,0,0
9/7/16 9:45,77.2813,-5,8.3,22.2,35.5,391,500,0,0
9/7/16 10:00,77.2813,-5,8.3,22.2,35.5,393,500,0,0
9/7/16 10:15,77.225,-5,8.3,22.2,35.5,389,500,0,0
9/7/16 10:30,77.225,-5,8.3,22.2,35.5,392,500,0,0
9/7/16 10:45,77.225,-5,8.3,22.2,35.5,390,498,0,0
9/7/16 11:00,77.225,-5,8.3,22.2,35.5,392,500,0,0
9/7/16 11:15,77.225,-5,8.3,22.2,35.5,393,500,0,0
9/7/16 11:30,77.225,-5,8.3,22.2,35.5,392,500,0,0
9/7/16 11:45,77.1688,-5,8.3,22.2,35.5,392,159,0,3
9/7/16 12:00,77.225,-5,8.3,22.2,35.5,390,1,0,4
9/7/16 12:15,77.225,-5,8.3,22.2,35.5,394,1,0,4
9/7/16 12:30,77.1688,-5,8.3,22.2,35.5,387,1,0,4
9/7/16 12:45,77.225,-5,8.3,22.2,35.5,391,1,0,3
9/7/16 13:00,77.1688,-5,8.3,22.2,35.5,392,1,0,4
9/7/16 13:15,77.225,-5,8.3,22.2,35.4,392,1,0,2
9/7/16 13:30,77.225,-5,8.3,22.2,35.4,394,1,0,4
9/7/16 13:45,77.1688,-5,8.3,22.2,35.4,393,1,0,4
9/7/16 14:00,77.225,-3.8,8.3,22.2,35.4,395,0,7,4
9/7/16 14:15,77.225,-3.7,8.3,22.2,35.4,393,0,7,4
9/7/16 14:30,77.225,-3.7,8.3,22.2,35.4,393,0,6,4
9/7/16 14:45,77.1688,25.1,8.3,22.2,35.4,397,0,6,3
9/7/16 15:00,77.225,25.1,8.3,22.2,35.4,394,0,8,4
9/7/16 15:15,77.225,25.1,8.3,22.2,35.4,395,0,6,3
9/7/16 15:30,77.225,25.1,8.3,22.2,35.4,399,0,6,4
9/7/16 15:45,77.225,25.1,8.3,22.2,35.4,397,0,7,3
9/7/16 16:00,77.225,25.1,8.3,22.2,35.4,396,0,6,4
9/7/16 16:15,77.225,25.1,8.3,22.2,35.4,398,0,7,2
9/7/16 16:30,77.225,25.1,8.3,22.2,35.4,398,0,7,3
9/7/16 16:45,77.225,25.1,8.3,22.2,35.4,399,0,6,3
9/7/16 17:00,77.225,25.1,8.3,22.2,35.4,397,0,10,3
9/7/16 17:15,77.225,25.1,8.3,22.2,35.4,402,0,8,2
9/7/16 17:30,77.225,25.1,8.3,22.2,35.4,400,0,4,2
9/7/16 17:45,77.225,25.1,8.3,22.2,35.4,399,0,7,2
9/7/16 18:00,77.225,25.1,8.3,22.2,35.4,396,0,6,3
9/7/16 18:15,77.225,25.1,8.3,22.2,35.4,400,0,7,2
9/7/16 18:30,77.225,25.1,8.3,22.2,35.4,399,0,5,2
9/7/16 18:45,77.225,25.1,8.3,22.2,35.4,399,0,8,2
9/7/16 19:00,77.1688,25.1,8.3,22.2,35.4,400,0,7,2
9/7/16 19:15,77.225,25.1,8.3,22.2,35.4,400,0,5,1
9/7/16 19:30,77.1688,25.1,8.3,22.2,35.4,400,0,7,1
9/7/16 19:45,77.1688,25.1,8.3,22.2,35.4,397,0,7,2
9/7/16 20:00,77.225,25.1,8.3,22.2,35.4,399,0,7,2
9/7/16 20:15,77.1688,25.1,8.3,22.2,35.4,397,0,6,1
9/7/16 20:30,77.1688,25.1,8.3,22.2,35.4,401,0,5,1
9/7/16 20:45,77.1688,25.1,8.3,22.2,35.4,399,0,7,1
9/7/16 21:00,77.1688,25.1,8.3,22.2,35.4,400,0,7,2
9/7/16 21:15,77.1688,25.1,8.3,22.2,35.4,399,0,6,1
9/7/16 21:30,77.1688,25.1,8.3,22.2,35.4,399,0,6,2
9/7/16 21:45,77.1688,25.1,8.3,22.2,35.4,401,0,7,0
9/7/16 22:00,77.1688,25.1,8.3,22.2,35.4,397,0,6,1
9/7/16 22:15,77.1125,25.1,8.3,22.2,35.4,399,0,8,1
9/7/16 22:30,77.1688,25.1,8.3,22.2,35.4,400,0,5,0
9/7/16 22:45,77.1688,25.1,8.3,22.2,35.4,401,0,7,1
9/7/16 23:00,77.1125,25.1,8.3,22.2,35.4,403,0,5,2
9/7/16 23:15,77.1125,25.1,8.3,22.2,35.4,401,0,7,1
9/7/16 23:30,77.1125,25.1,8.3,22.2,35.4,401,0,6,1
9/7/16 23:45,77.1125,25.1,8.3,22.2,35.4,402,0,7,1
9/8/16 0:00,77.1125,25.1,8.3,22.2,35.4,401,0,7,1
9/8/16 0:15,77.1125,25.1,8.3,22.2,35.4,401,0,6,0
9/8/16 0:30,77.0563,25.1,8.3,22.2,35.4,400,0,7,0
9/8/16 0:45,77.1125,25.1,8.3,22.2,35.4,399,0,7,0
9/8/16 1:00,77.1125,25,8.3,22.2,35.4,398,0,7,1
9/8/16 1:15,77.0563,25,8.3,22.2,35.4,402,0,6,1
9/8/16 1:30,77.0563,25,8.3,22.2,35.4,400,0,6,0
9/8/16 1:45,77.0563,25,8.3,22.2,35.4,401,0,6,0
9/8/16 2:00,77.0563,25,8.3,22.2,35.4,403,0,6,1
9/8/16 2:15,77.0563,25,8.3,22.2,35.4,401,0,8,0
9/8/16 2:30,77.0563,25,8.3,22.2,35.4,403,0,7,0
9/8/16 2:45,77.0563,25,8.3,22.2,35.4,404,0,8,1
9/8/16 3:00,77,25,8.3,22.2,35.4,402,0,8,1
9/8/16 3:15,77,25,8.3,22.2,35.4,401,0,6,1
9/8/16 3:30,77,25,8.3,22.2,35.4,401,0,7,0
9/8/16 3:45,77,25,8.3,22.2,35.4,402,0,7,1
9/8/16 4:00,77,25,8.3,22.2,35.4,400,0,6,1
9/8/16 4:15,77,25,8.3,22.2,35.4,402,0,6,1
9/8/16 4:30,77,25,8.3,22.2,35.4,400,0,5,0
9/8/16 4:45,76.9438,25,8.3,22.2,35.4,400,0,6,2
9/8/16 5:00,77,25,8.3,22.2,35.4,401,0,9,0
9/8/16 5:15,76.9438,25,8.3,22.2,35.4,401,0,8,1
9/8/16 5:30,77,25,8.3,22.2,35.4,404,0,8,1
9/8/16 5:45,76.9438,25,8.3,22.2,35.4,401,0,7,0
9/8/16 6:00,76.9438,25,8.3,22.2,35.4,395,0,7,2
9/8/16 6:15,76.9438,25,8.3,22.2,35.3,401,0,8,1
9/8/16 6:30,76.9438,25,8.3,22.2,35.3,398,0,8,3
9/8/16 6:45,76.9438,25,8.3,22.2,35.3,400,0,7,2
9/8/16 7:00,76.9438,25,8.3,22.2,35.3,398,0,8,2
9/8/16 7:15,76.9438,25,8.3,22.2,35.3,402,0,10,1
9/8/16 7:30,76.8875,25,8.3,22.2,35.3,399,0,8,2
9/8/16 7:45,76.8875,24.9,8.3,22.2,35.3,398,0,8,2
9/8/16 8:00,76.8875,24.9,8.3,22.2,35.3,400,1,7,0
9/8/16 8:15,76.8875,24.9,8.3,22.2,35.3,399,1,5,0
9/8/16 8:30,76.9438,24.9,8.3,22.2,35.3,400,1,7,0
9/8/16 8:45,76.9438,24.9,8.3,22.2,35.3,399,1,6,0
9/8/16 9:00,76.8875,24.9,8.3,22.2,35.3,397,1,6,0
9/8/16 9:15,76.9438,25,8.3,22.2,35.2,396,1,5,0
9/8/16 9:30,76.9438,25,8.3,22.2,35.2,394,1,0,2
9/8/16 9:45,76.9438,24.9,8.3,22.2,35.2,368,1,0,4
9/8/16 10:00,76.9438,24.9,8.3,22.2,35.2,387,1,0,4
9/8/16 10:15,76.9438,24.9,8.3,22.2,35.2,386,0,0,2
9/8/16 10:30,76.9438,25,8.3,22.2,35.2,380,1,0,3
9/8/16 10:45,76.9438,25,8.3,22.2,35.2,377,1,0,3
9/8/16 11:00,77,25,8.3,22.2,35.2,372,1,0,3
9/8/16 11:15,77,25,8.3,22.2,35.2,375,1,0,3
9/8/16 11:30,77.0563,25,8.3,22.2,35.2,376,1,0,4
9/8/16 11:45,77.0563,25,8.3,22.2,35.3,375,0,0,2
9/8/16 12:00,77.1125,25,8.3,22.2,35.3,373,1,0,2
9/8/16 12:15,77.1688,25,8.3,22.2,35.3,375,1,0,2
9/8/16 12:30,77.1688,25,8.3,22.2,35.3,379,1,0,3
9/8/16 12:45,77.1688,25,8.3,22.2,35.3,379,1,0,3
9/8/16 13:00,77.225,25.1,8.3,22.2,35.3,380,0,0,4
9/8/16 13:15,77.225,25.1,8.3,22.2,35.3,382,1,0,2
9/8/16 13:30,77.225,25.1,8.3,22.2,35.3,381,1,0,4
9/8/16 13:45,77.2813,25.1,8.3,22.2,35.3,378,1,4,1
9/8/16 14:00,77.2813,25.1,8.3,22.2,35.4,380,1,4,0
9/8/16 14:15,77.2813,25.1,8.3,22.2,35.4,379,1,5,0
9/8/16 14:30,77.3375,25.1,8.3,22.2,35.4,382,1,3,0
9/8/16 14:45,77.3375,25.2,8.3,22.2,35.4,380,1,4,0
9/8/16 15:00,77.3375,25.2,8.3,22.2,35.4,381,1,5,0
9/8/16 15:15,77.3937,25.2,8.3,22.2,35.4,382,1,3,0
9/8/16 15:30,77.3937,25.2,8.3,22.2,35.4,380,2,4,0
9/8/16 15:45,77.3937,25.2,8.3,22.2,35.4,381,1,4,0
9/8/16 16:00,77.3937,25.2,8.3,22.2,35.4,378,1,4,0
9/8/16 16:15,77.3937,25.2,8.3,22.2,35.4,376,0,5,0
9/8/16 16:30,77.3937,25.2,8.3,22.2,35.4,377,1,3,0
9/8/16 16:45,77.3937,25.2,8.3,22.2,35.4,379,1,5,0
9/8/16 17:00,77.3937,25.2,8.3,22.2,35.4,377,1,4,0
9/8/16 17:15,77.3937,25.2,8.3,22.2,35.4,380,1,2,0
9/8/16 17:30,77.3937,25.2,8.3,22.2,35.4,377,1,4,0
9/8/16 17:45,77.3937,25.2,8.3,22.2,35.4,379,2,4,0
9/8/16 18:00,77.3937,25.2,8.3,22.2,35.4,380,1,2,0
9/8/16 18:15,77.3937,25.2,8.3,22.2,35.4,380,1,3,0
9/8/16 18:30,77.3937,25.2,8.3,22.2,35.4,378,1,4,0
9/8/16 18:45,77.3937,25.2,8.3,22.2,35.4,379,0,4,0
9/8/16 19:00,77.3937,25.2,8.3,22.2,35.4,382,0,3,0
9/8/16 19:15,77.3937,25.2,8.3,22.2,35.4,380,1,2,0
9/8/16 19:30,77.3937,25.2,8.3,22.2,35.4,378,1,4,0
9/8/16 19:45,77.3937,25.2,8.3,22.2,35.4,378,1,3,0
9/8/16 20:00,77.3937,25.2,8.3,22.2,35.4,381,0,4,0
9/8/16 20:15,77.3937,25.2,8.3,22.2,35.4,381,1,3,0
9/8/16 20:30,77.3937,25.2,8.3,22.2,35.4,384,1,2,0
9/8/16 20:45,77.3937,25.2,8.3,22.2,35.4,382,1,2,0
9/8/16 21:00,77.3937,25.2,8.3,22.2,35.4,379,1,3,0
9/8/16 21:15,77.3937,25.2,8.3,22.2,35.4,381,1,3,0
9/8/16 21:30,77.3937,25.2,8.3,22.2,35.4,380,1,2,0
9/8/16 21:45,77.3937,25.2,8.3,22.2,35.4,383,1,3,0
9/8/16 22:00,77.3937,25.2,8.3,22.2,35.4,383,2,1,0
9/8/16 22:15,77.3937,25.2,8.3,22.2,35.4,380,1,2,0
9/8/16 22:30,77.3937,25.2,8.3,22.2,35.4,379,1,2,0
9/8/16 22:45,77.3375,25.2,8.3,22.2,35.4,381,0,1,0
9/8/16 23:00,77.3375,25.2,8.3,22.2,35.4,381,1,2,0
9/8/16 23:15,77.3937,25.2,8.3,22.2,35.4,378,1,2,0
9/8/16 23:30,77.3375,25.2,8.3,22.2,35.4,377,1,3,0
9/8/16 23:45,77.3937,25.2,8.3,22.2,35.4,378,0,1,0
9/9/16 0:00,77.3375,25.2,8.3,22.2,35.4,378,1,2,0
9/9/16 0:15,77.3375,25.2,8.3,22.2,35.4,380,0,3,0
9/9/16 0:30,77.3375,25.2,8.3,22.2,35.4,379,1,3,0
9/9/16 0:45,77.3375,25.2,8.3,22.2,35.4,380,1,1,0
9/9/16 1:00,77.3375,25.2,8.3,22.2,35.4,378,1,2,0
9/9/16 1:15,77.2813,25.2,8.3,22.2,35.4,380,1,1,0
9/9/16 1:30,77.2813,25.2,8.3,22.2,35.4,380,1,2,0
9/9/16 1:45,77.2813,25.2,8.3,22.2,35.4,380,1,2,0
9/9/16 2:00,77.2813,25.2,8.3,22.2,35.4,380,1,3,0
9/9/16 2:15,77.225,25.2,8.3,22.2,35.4,380,1,1,0
9/9/16 2:30,77.2813,25.2,8.3,22.2,35.4,379,2,3,0
9/9/16 2:45,77.2813,25.2,8.3,22.2,35.4,381,1,2,0
9/9/16 3:00,77.2813,25.2,8.3,22.2,35.3,381,1,2,0
9/9/16 3:15,77.2813,25.1,8.3,22.2,35.3,380,1,1,0
9/9/16 3:30,77.225,25.1,8.3,22.2,35.3,380,1,2,0
9/9/16 3:45,77.225,25.1,8.3,22.2,35.3,382,1,1,0
9/9/16 4:00,77.225,25.1,8.3,22.2,35.3,383,1,1,0
9/9/16 4:15,77.1688,25.1,8.3,22.2,35.3,384,1,3,0
9/9/16 4:30,77.1688,25.1,8.3,22.2,35.3,382,1,2,0
9/9/16 4:45,77.1688,25.1,8.3,22.2,35.3,381,0,2,131
9/9/16 5:00,77.1688,25.1,8.3,22.2,35.3,382,1,2,0
9/9/16 5:15,77.1125,25.1,8.3,22.2,35.3,383,1,2,131
9/9/16 5:30,77.1688,25.1,8.3,22.2,35.3,383,1,1,0
9/9/16 5:45,77.1125,25.1,8.3,22.2,35.3,383,1,2,0
9/9/16 6:00,77.1125,25,8.3,22.2,35.3,386,1,3,0
9/9/16 6:15,77.0563,25,8.3,22.2,35.3,389,1,2,0
9/9/16 6:30,77.0563,25,8.3,22.2,35.3,385,1,3,135
9/9/16 6:45,77,25,8.3,22.2,35.3,386,2,1,0
9/9/16 7:00,77,25,8.3,22.2,35.3,387,1,2,0
9/9/16 7:15,77,25,8.3,22.2,35.3,385,1,2,0
9/9/16 7:30,77,25,8.3,22.2,35.2,383,1,3,132
9/9/16 7:45,77,25,8.3,22.2,35.2,383,0,4,0
9/9/16 8:00,77,25,8.3,22.2,35.2,384,0,3,133
9/9/16 8:15,77,25,8.3,22.2,35.2,384,1,5,0
9/9/16 8:30,77,25,8.3,22.2,35.2,385,1,4,0
9/9/16 8:45,77.0563,25,8.3,22.2,35.2,384,1,4,0
9/9/16 9:00,77.0563,25,8.3,22.2,35.2,387,1,3,0
9/9/16 9:15,77.0563,25,8.3,22.2,35.2,386,1,4,0
9/9/16 9:30,77.0563,25,8.3,22.2,35.2,388,1,2,0
9/9/16 9:45,77.0563,25,8.3,22.2,35.3,390,1,4,0
9/9/16 10:00,77.1125,25,8.3,22.2,35.3,390,1,4,0
9/9/16 10:15,77.1688,25,8.3,22.2,35.3,391,0,3,0
9/9/16 10:30,77.1688,25,8.3,22.2,35.3,395,1,3,0
9/9/16 10:45,77.1688,25.1,8.3,22.2,35.3,396,1,3,0
9/9/16 11:00,77.225,25.1,8.3,22.2,35.3,393,2,4,0
9/9/16 11:15,77.225,25.1,8.3,22.2,35.3,390,1,2,0
9/9/16 11:30,77.2813,25.1,8.3,22.2,35.4,393,1,3,0
9/9/16 11:45,77.2813,25.1,8.3,22.2,35.4,390,1,5,0
9/9/16 12:00,77.3375,25.1,8.3,22.2,35.4,390,1,3,0
9/9/16 12:15,77.3375,25.2,8.3,22.2,35.4,390,1,2,0
9/9/16 12:30,77.3937,25.2,8.3,22.2,35.4,391,1,3,0
9/9/16 12:45,77.3937,25.2,8.3,22.2,35.4,391,1,4,0
9/9/16 13:00,77.3937,25.2,8.3,22.2,35.4,394,1,5,0
9/9/16 13:15,77.45,25.2,8.3,22.2,35.4,392,1,3,0
9/9/16 13:30,77.45,25.2,8.3,22.2,35.4,391,1,4,0
9/9/16 13:45,77.5063,25.2,8.3,22.2,35.4,393,1,3,0
9/9/16 14:00,77.5063,25.2,8.3,22.2,35.4,394,2,3,0
9/9/16 14:15,77.5063,25.2,8.3,22.2,35.4,397,1,5,0
9/9/16 14:30,77.5063,25.3,8.3,22.2,35.4,399,1,4,0
9/9/16 14:45,77.5063,25.3,8.3,22.2,35.4,397,0,5,0
9/9/16 15:00,77.5625,25.3,8.3,22.2,35.4,398,1,3,0
9/9/16 15:15,77.5625,25.3,8.3,22.2,35.4,398,1,4,0
9/9/16 15:30,77.5625,25.3,8.3,22.2,35.4,396,2,3,0
9/9/16 15:45,77.5625,25.3,8.3,22.2,35.4,401,1,5,0
9/9/16 16:00,77.5625,25.3,8.3,22.2,35.4,400,1,4,0
9/9/16 16:15,77.5625,25.3,8.3,22.2,35.4,400,1,3,0
9/9/16 16:30,77.5625,25.3,8.3,22.2,35.4,400,1,4,142
9/9/16 16:45,77.5625,25.3,8.3,22.2,35.4,401,1,5,0
9/9/16 17:00,77.5625,25.3,8.3,22.2,35.4,404,1,4,0
9/9/16 17:15,77.5625,25.3,8.3,22.2,35.4,404,0,4,0
9/9/16 17:30,77.5625,25.3,8.3,22.2,35.4,403,1,2,0
9/9/16 17:45,77.5625,25.3,8.3,22.2,35.4,404,0,4,0
9/9/16 18:00,77.5625,25.3,8.3,22.2,35.4,403,1,3,0
9/9/16 18:15,77.5625,25.3,8.3,22.2,35.4,403,1,3,0
9/9/16 18:30,77.5625,25.3,8.3,22.2,35.4,402,1,3,0
9/9/16 18:45,77.5625,25.3,8.3,22.2,35.4,402,0,3,132
9/9/16 19:00,77.5063,25.3,8.3,22.2,35.4,403,1,3,0
9/9/16 19:15,77.5625,25.3,8.3,22.2,35.4,402,1,3,0
9/9/16 19:30,77.5625,25.3,8.3,22.2,35.4,404,0,3,0
9/9/16 19:45,77.5063,25.3,8.3,22.2,35.4,405,1,2,0
9/9/16 20:00,77.5625,25.3,8.3,22.2,35.4,404,1,3,0
9/9/16 20:15,77.5625,25.3,8.3,22.2,35.4,403,1,3,0
9/9/16 20:30,77.5063,25.3,8.3,22.2,35.4,404,1,3,0
9/9/16 20:45,77.5625,25.3,8.3,22.1,35.4,404,1,2,0
9/9/16 21:00,77.5063,25.3,8.3,22.1,35.4,403,1,2,0
9/9/16 21:15,77.5625,25.3,8.3,22.1,35.4,404,1,3,0
9/9/16 21:30,77.5625,25.3,8.3,22.1,35.4,404,1,3,0
9/9/16 21:45,77.5063,25.3,8.3,22.1,35.4,404,0,3,0
9/9/16 22:00,77.5063,25.3,8.3,22.1,35.4,407,0,5,0
9/9/16 22:15,77.5063,25.3,8.3,22.1,35.4,403,1,3,0
9/9/16 22:30,77.5063,25.3,8.3,22.1,35.4,406,0,3,0
9/9/16 22:45,77.45,25.3,8.3,22.1,35.4,407,1,2,0
9/9/16 23:00,77.5063,25.3,8.3,22.1,35.4,408,0,2,0
9/9/16 23:15,77.5063,25.3,8.3,22.1,35.4,404,0,3,0
9/9/16 23:30,77.45,25.3,8.3,22.1,35.4,404,0,2,0
9/9/16 23:45,77.45,25.3,8.3,22.1,35.4,406,2,2,0
9/10/16 0:00,77.45,25.3,8.3,22.1,35.4,406,1,1,0
9/10/16 0:15,77.45,25.3,8.3,22.1,35.4,408,1,2,0
9/10/16 0:30,77.45,25.3,8.3,22.1,35.4,406,1,4,0
9/10/16 0:45,77.45,25.3,8.3,22.1,35.4,402,1,1,0
9/10/16 1:00,77.45,25.3,8.3,22.1,35.4,401,1,3,0
9/10/16 1:15,77.45,25.3,8.3,22.1,35.4,402,0,2,0
9/10/16 1:30,77.45,25.3,8.3,22.1,35.4,399,1,2,0
9/10/16 1:45,77.45,25.3,8.3,22.1,35.4,400,1,2,0
9/10/16 2:00,77.45,25.2,8.3,22.1,35.4,400,1,2,0
9/10/16 2:15,77.45,25.2,8.3,22.1,35.4,403,0,2,0
9/10/16 2:30,77.45,25.2,8.3,22.1,35.4,400,1,2,0
9/10/16 2:45,77.45,25.2,8.3,22.1,35.4,402,1,3,0
9/10/16 3:00,77.45,25.2,8.3,22.1,35.4,400,0,4,0
9/10/16 3:15,77.3937,25.2,8.3,22.1,35.4,403,1,1,0
9/10/16 3:30,77.3937,25.2,8.3,22.1,35.4,401,1,2,0
9/10/16 3:45,77.3937,25.2,8.3,22.1,35.4,402,1,2,0
9/10/16 4:00,77.3937,25.2,8.3,22.1,35.4,403,1,2,0
9/10/16 4:15,77.3937,25.2,8.3,22.1,35.4,402,0,2,0
9/10/16 4:30,77.3375,25.2,8.3,22.1,35.4,399,0,2,0
9/10/16 4:45,77.3375,25.2,8.3,22.1,35.4,399,1,1,0
9/10/16 5:00,77.3375,25.2,8.3,22.1,35.4,405,1,3,0
9/10/16 5:15,77.3375,25.2,8.3,22.1,35.4,404,1,2,0
9/10/16 5:30,77.3375,25.2,8.3,22.1,35.4,406,1,2,0
9/10/16 5:45,77.3375,25.2,8.3,22.1,35.4,407,1,3,0
9/10/16 6:00,77.2813,25.2,8.3,22.1,35.4,405,2,3,0
9/10/16 6:15,77.2813,25.2,8.3,22.1,35.4,405,1,2,0
9/10/16 6:30,77.2813,25.2,8.3,22.1,35.4,405,1,2,0
9/10/16 6:45,77.2813,25.2,8.3,22.1,35.4,405,1,1,0
9/10/16 7:00,77.2813,25.2,8.3,22.1,35.4,404,0,2,0
9/10/16 7:15,77.2813,25.2,8.3,22.1,35.4,405,1,2,0
9/10/16 7:30,77.2813,25.2,8.3,22.1,35.4,403,1,3,0
9/10/16 7:45,77.2813,25.2,8.3,22.1,35.4,405,1,3,0
9/10/16 8:00,77.2813,25.1,8.3,22.1,35.4,404,0,3,0
9/10/16 8:15,77.2813,25.1,8.3,22.1,35.4,406,0,3,0
9/10/16 8:30,77.2813,25.1,8.3,22.1,35.4,409,1,4,0
9/10/16 8:45,77.2813,25.1,8.3,22.1,35.4,410,1,2,135
9/10/16 9:00,77.2813,25.1,8.3,22.1,35.4,408,1,3,0
9/10/16 9:15,77.2813,25.1,8.3,22.1,35.4,410,0,3,0
9/10/16 9:30,77.3375,25.1,8.3,22.1,35.4,408,0,4,0
9/10/16 9:45,77.3375,25.2,8.3,22.1,35.4,412,1,4,0
9/10/16 10:00,77.3375,25.2,8.3,22.1,35.4,414,1,2,0
9/10/16 10:15,77.3937,25.2,8.3,22.1,35.4,411,1,3,0
9/10/16 10:30,77.3937,25.2,8.3,22.1,35.4,414,0,3,0
9/10/16 10:45,77.45,25.2,8.3,22.1,35.4,413,0,3,0
9/10/16 11:00,77.45,25.2,8.3,22.1,35.4,412,1,4,0
9/10/16 11:15,77.5063,25.2,8.3,22.1,35.4,410,0,3,0
9/10/16 11:30,77.5063,25.2,8.3,22.1,35.4,411,0,3,0
9/10/16 11:45,77.5625,25.3,8.3,22.1,35.4,411,1,3,0
9/10/16 12:00,77.5625,25.3,8.3,22.1,35.4,411,0,2,0
9/10/16 12:15,77.5063,25.3,8.3,22.1,35.5,412,1,3,0
9/10/16 12:30,77.6188,25.3,8.3,22.1,35.5,415,0,3,0
9/10/16 12:45,77.5625,25.3,8.3,22.1,35.5,414,1,3,0
9/10/16 13:00,77.6188,25.3,8.3,22.1,35.5,414,0,3,0
9/10/16 13:15,77.675,25.3,8.3,22.1,35.5,414,0,3,0
9/10/16 13:30,77.675,25.3,8.3,22.1,35.5,415,1,5,0
9/10/16 13:45,77.675,25.3,8.3,22.1,35.5,416,0,3,0
9/10/16 14:00,77.675,25.4,8.3,22.1,35.5,416,0,4,0
9/10/16 14:15,77.675,25.4,8.3,22.1,35.5,414,1,4,0
9/10/16 14:30,77.675,25.4,8.3,22.1,35.5,416,0,5,0
9/10/16 14:45,77.675,25.4,8.3,22.1,35.5,416,1,5,0
9/10/16 15:00,77.7313,25.4,8.3,22.1,35.5,416,1,4,0
9/10/16 15:15,77.675,25.4,8.3,22.1,35.5,419,0,5,0
9/10/16 15:30,77.675,25.4,8.3,22.1,35.5,419,1,4,0
9/10/16 15:45,77.675,25.4,8.3,22.1,35.5,421,0,4,0
9/10/16 16:00,77.7313,25.4,8.3,22.1,35.5,420,1,3,0
9/10/16 16:15,77.7313,25.4,8.3,22.1,35.5,420,1,4,0
9/10/16 16:30,77.7313,25.4,8.3,22.1,35.5,422,1,3,0
9/10/16 16:45,77.675,25.4,8.3,22.1,35.5,421,0,3,0
9/10/16 17:00,77.675,25.4,8.3,22.1,35.5,421,0,4,134
9/10/16 17:15,77.7313,25.4,8.3,22.1,35.5,421,0,2,0
9/10/16 17:30,77.675,25.4,8.3,22.1,35.5,425,0,3,0
9/10/16 17:45,77.6188,25.4,8.3,22.1,35.5,423,1,3,0
9/10/16 18:00,77.675,25.4,8.3,22.1,35.5,424,1,4,0
9/10/16 18:15,77.675,25.4,8.3,22.1,35.5,424,1,3,0
9/10/16 18:30,77.6188,25.4,8.3,22.1,35.5,422,1,3,0
9/10/16 18:45,77.675,25.4,8.3,22.1,35.5,423,1,3,0
9/10/16 19:00,77.675,25.4,8.3,22.1,35.5,423,0,2,0
9/10/16 19:15,77.675,25.4,8.3,22.1,35.5,424,0,3,0
9/10/16 19:30,77.6188,25.4,8.3,22.1,35.5,423,1,2,0
9/10/16 19:45,77.6188,25.4,8.3,22.1,35.5,426,0,3,0
9/10/16 20:00,77.6188,25.4,8.3,22.1,35.5,425,1,3,0
9/10/16 20:15,77.675,25.4,8.3,22.1,35.5,424,0,3,0
9/10/16 20:30,77.6188,25.4,8.3,22.1,35.5,423,0,3,0
9/10/16 20:45,77.6188,25.4,8.3,22.1,35.5,425,1,2,0
9/10/16 21:00,77.6188,25.4,8.3,22.1,35.5,425,0,3,0
9/10/16 21:15,77.6188,25.4,8.3,22.1,35.5,424,1,4,0
9/10/16 21:30,77.6188,25.4,8.3,22.1,35.5,423,0,2,0
9/10/16 21:45,77.6188,25.4,8.3,22.1,35.5,422,1,3,0
9/10/16 22:00,77.6188,25.3,8.3,22.1,35.5,421,1,2,0
9/10/16 22:15,77.6188,25.3,8.3,22.1,35.5,420,1,2,0
9/10/16 22:30,77.6188,25.3,8.3,22.1,35.5,417,1,2,0
9/10/16 22:45,77.6188,25.3,8.3,22.1,35.5,419,0,2,0
9/10/16 23:00,77.5625,25.3,8.3,22.1,35.5,419,1,1,0
9/10/16 23:15,77.5625,25.3,8.3,22.1,35.5,418,1,2,0
9/10/16 23:30,77.5625,25.3,8.3,22.1,35.5,417,1,2,0
9/10/16 23:45,77.5625,25.3,8.3,22.1,35.5,416,0,2,0
9/11/16 0:00,77.5625,25.3,8.3,22.1,35.5,418,1,2,0
9/11/16 0:15,77.5625,25.3,8.3,22.1,35.4,420,1,1,0
9/11/16 0:30,77.5625,25.3,8.3,22.1,35.4,421,0,2,0
9/11/16 0:45,77.5625,25.3,8.3,22.1,35.4,421,2,3,131
9/11/16 1:00,77.5625,25.3,8.3,22.1,35.4,421,1,3,0
9/11/16 1:15,77.5625,25.3,8.3,22.1,35.4,419,1,2,0
9/11/16 1:30,77.5063,25.3,8.3,22.1,35.4,417,1,0,0
9/11/16 1:45,77.5625,25.3,8.3,22.1,35.4,415,1,2,0
9/11/16 2:00,77.5063,25.3,8.3,22.1,35.4,419,0,1,0
9/11/16 2:15,77.5063,25.3,8.3,22.1,35.4,417,0,2,0
9/11/16 2:30,77.5063,25.3,8.3,22.1,35.4,420,1,2,0
9/11/16 2:45,77.5063,25.3,8.3,22.1,35.4,419,1,2,0
9/11/16 3:00,77.5063,25.3,8.3,22.1,35.4,413,0,2,0
9/11/16 3:15,77.5063,25.3,8.3,22.1,35.4,419,0,3,0
9/11/16 3:30,77.5063,25.3,8.3,22.1,35.4,419,1,2,0
9/11/16 3:45,77.45,25.3,8.3,22.1,35.4,418,1,1,131
9/11/16 4:00,77.5063,25.3,8.3,22.1,35.4,419,1,2,0
9/11/16 4:15,77.45,25.3,8.3,22.1,35.4,420,1,2,0
9/11/16 4:30,77.45,25.3,8.3,22.1,35.4,420,1,1,0
9/11/16 4:45,77.45,25.3,8.3,22.1,35.4,418,1,2,0
9/11/16 5:00,77.45,25.3,8.3,22.1,35.4,420,1,0,0
9/11/16 5:15,77.45,25.3,8.3,22.1,35.4,422,1,1,0
9/11/16 5:30,77.45,25.3,8.3,22.1,35.4,421,0,3,0
9/11/16 5:45,77.3937,25.3,8.3,22.1,35.4,421,0,3,0
9/11/16 6:00,77.45,25.3,8.3,22.1,35.4,422,1,2,0
9/11/16 6:15,77.45,25.2,8.3,22.1,35.4,421,1,2,131
9/11/16 6:30,77.45,25.2,8.3,22.1,35.4,416,1,3,0
9/11/16 6:45,77.45,25.2,8.3,22.1,35.4,419,0,3,138
9/11/16 7:00,77.3937,25.2,8.3,22.1,35.4,420,0,2,0
9/11/16 7:15,77.3937,25.2,8.3,22.1,35.4,419,1,2,0
9/11/16 7:30,77.3937,25.2,8.3,22.1,35.4,423,0,3,0
9/11/16 7:45,77.3937,25.2,8.3,22.1,35.4,420,1,3,0
9/11/16 8:00,77.3937,25.2,8.3,22.1,35.4,421,0,3,0
9/11/16 8:15,77.3375,25.2,8.3,22.1,35.4,421,1,4,0
9/11/16 8:30,77.3937,25.2,8.3,22.1,35.4,418,0,3,0
9/11/16 8:45,77.3937,25.2,8.3,22.1,35.4,420,1,3,0
9/11/16 9:00,77.3937,25.2,8.3,22.1,35.4,424,0,3,0
9/11/16 9:15,77.3937,25.2,8.3,22.1,35.4,425,0,3,0
9/11/16 9:30,77.3937,25.2,8.3,22.1,35.4,424,1,3,0
9/11/16 9:45,77.3937,25.2,8.3,22.1,35.4,425,1,4,0
9/11/16 10:00,77.45,25.2,8.3,22.1,35.4,425,1,3,0
9/11/16 10:15,77.5063,25.2,8.3,22.1,35.4,424,0,3,0
9/11/16 10:30,77.5063,25.2,8.3,22.1,35.4,423,0,2,0
9/11/16 10:45,77.5063,25.3,8.3,22.1,35.4,424,1,3,0
9/11/16 11:00,77.5625,25.3,8.3,22.1,35.4,423,0,4,0
9/11/16 11:15,77.5625,25.3,8.3,22.1,35.4,420,1,3,0
9/11/16 11:30,77.6188,25.3,8.3,22.1,35.5,424,1,3,0
9/11/16 11:45,77.6188,25.3,8.3,22.1,35.5,426,1,4,0
9/11/16 12:00,77.675,25.3,8.3,22.1,35.5,425,1,4,0
9/11/16 12:15,77.675,25.3,8.3,22.1,35.5,425,0,4,0
9/11/16 12:30,77.675,25.4,8.3,22.1,35.5,419,1,4,0
9/11/16 12:45,77.7313,25.4,8.3,22.1,35.5,424,0,4,0
9/11/16 13:00,77.7313,25.4,8.3,22.1,35.5,426,1,3,0
9/11/16 13:15,77.7875,25.4,8.3,22.1,35.5,426,1,4,0
9/11/16 13:30,77.7875,25.4,8.3,22.1,35.5,427,0,3,0
9/11/16 13:45,77.7875,25.4,8.3,22.1,35.6,420,1,4,0
9/11/16 14:00,77.8438,25.4,8.3,22.1,35.6,425,1,3,0
9/11/16 14:15,77.8438,25.4,8.3,22.1,35.6,424,0,3,0
9/11/16 14:30,77.8438,25.4,8.3,22.1,35.6,426,1,4,0
9/11/16 14:45,77.8438,25.5,8.3,22.1,35.6,426,1,4,0
9/11/16 15:00,77.8438,25.5,8.3,22.1,35.6,424,1,5,0
9/11/16 15:15,77.9,25.5,8.3,22.1,35.6,425,1,4,0
9/11/16 15:30,77.9,25.5,8.3,22.1,35.6,425,0,4,0
9/11/16 15:45,77.9,25.5,8.3,22.1,35.6,422,1,4,0
9/11/16 16:00,77.9,25.5,8.3,22.1,35.6,425,0,3,139
9/11/16 16:15,77.8438,25.5,8.3,22.1,35.6,427,0,3,0
9/11/16 16:30,77.9,25.5,8.3,22.1,35.6,425,1,4,0
9/11/16 16:45,77.8438,25.5,8.3,22.1,35.6,422,1,4,0
9/11/16 17:00,77.8438,25.5,8.3,22.1,35.6,424,1,3,0
9/11/16 17:15,77.8438,25.5,8.3,22.1,35.6,423,1,2,0
9/11/16 17:30,77.8438,25.5,8.3,22.1,35.6,424,1,2,0
9/11/16 17:45,77.8438,25.5,8.3,22.1,35.6,425,1,4,0
9/11/16 18:00,77.7875,25.5,8.3,22.1,35.6,424,1,4,0
9/11/16 18:15,77.8438,25.5,8.3,22.1,35.6,429,1,3,0
9/11/16 18:30,77.7875,25.5,8.3,22.1,35.6,427,0,4,0
9/11/16 18:45,77.7875,25.5,8.3,22.1,35.6,425,0,3,0
9/11/16 19:00,77.7875,25.5,8.3,22.1,35.6,427,1,3,0
9/11/16 19:15,77.7875,25.5,8.3,22.1,35.6,425,0,3,0
9/11/16 19:30,77.8438,25.5,8.3,22.1,35.6,425,0,4,0
9/11/16 19:45,77.7875,25.5,8.3,22.1,35.6,425,1,3,0
9/11/16 20:00,77.7875,25.5,8.3,22.1,35.6,426,1,2,0
9/11/16 20:15,77.7875,25.5,8.3,22.1,35.6,428,1,4,0
9/11/16 20:30,77.7875,25.5,8.3,22.1,35.6,428,1,3,0
9/11/16 20:45,77.7875,25.5,8.3,22.1,35.6,428,0,2,0
9/11/16 21:00,77.8438,25.5,8.3,22.1,35.6,429,0,2,0
9/11/16 21:15,77.7875,25.5,8.3,22.1,35.6,428,1,3,133
9/11/16 21:30,77.7875,25.4,8.3,22.1,35.6,430,0,2,0
9/11/16 21:45,77.7313,25.4,8.3,22.1,35.6,431,0,2,0
9/11/16 22:00,77.7875,25.4,8.3,22.1,35.6,430,1,2,0
9/11/16 22:15,77.7313,25.4,8.3,22.1,35.6,429,1,2,0
9/11/16 22:30,77.7875,25.4,8.3,22.1,35.6,427,0,2,0
9/11/16 22:45,77.7875,25.4,8.3,22.1,35.6,430,0,2,0
9/11/16 23:00,77.7875,25.4,8.3,22.1,35.5,430,0,2,0
9/11/16 23:15,77.7313,25.4,8.3,22.1,35.5,427,0,1,0
9/11/16 23:30,77.7313,25.4,8.3,22.1,35.5,431,1,3,0
9/11/16 23:45,77.7313,25.4,8.3,22.1,35.5,433,0,2,0
9/12/16 0:00,77.7313,25.4,8.3,22.1,35.5,430,1,2,0
9/12/16 0:15,77.7313,25.4,8.3,22.1,35.5,432,1,1,0
9/12/16 0:30,77.675,25.4,8.3,22.1,35.5,434,1,2,0
9/12/16 0:45,77.675,25.4,8.3,22.1,35.5,429,0,1,0
9/12/16 1:00,77.675,25.4,8.3,22.1,35.5,430,1,2,0
9/12/16 1:15,77.675,25.4,8.3,22.1,35.5,430,1,2,0
9/12/16 1:30,77.675,25.4,8.3,22.1,35.5,429,1,2,0
9/12/16 1:45,77.675,25.4,8.3,22.1,35.5,427,1,1,0
9/12/16 2:00,77.675,25.4,8.3,22.1,35.5,428,1,1,0
9/12/16 2:15,77.675,25.4,8.3,22.1,35.5,433,0,2,0
9/12/16 2:30,77.675,25.4,8.3,22.1,35.5,431,1,2,0
9/12/16 2:45,77.6188,25.4,8.3,22.1,35.5,433,1,3,0
9/12/16 3:00,77.6188,25.4,8.3,22.1,35.5,431,1,2,0
9/12/16 3:15,77.6188,25.4,8.3,22.1,35.5,434,1,1,0
9/12/16 3:30,77.6188,25.4,8.3,22.1,35.5,434,0,2,0
9/12/16 3:45,77.6188,25.4,8.3,22.1,35.5,434,1,2,138
9/12/16 4:00,77.6188,25.4,8.3,22.1,35.5,435,1,1,0
9/12/16 4:15,77.6188,25.3,8.3,22.1,35.5,433,2,2,0
9/12/16 4:30,77.5625,25.3,8.3,22.1,35.5,437,0,2,0
9/12/16 4:45,77.5625,25.3,8.3,22.1,35.5,436,1,1,0
9/12/16 5:00,77.5625,25.3,8.3,22.1,35.5,432,0,2,0
9/12/16 5:15,77.5625,25.3,8.3,22.1,35.5,433,1,1,0
9/12/16 5:30,77.5625,25.3,8.3,22.1,35.5,431,1,2,0
9/12/16 5:45,77.5625,25.3,8.3,22.1,35.5,427,1,3,0
9/12/16 6:00,77.5063,25.3,8.3,22.1,35.5,430,0,2,0
9/12/16 6:15,77.5625,25.3,8.3,22.1,35.4,436,1,2,0
9/12/16 6:30,77.5625,25.3,8.3,22.1,35.4,435,1,2,0
9/12/16 6:45,77.5625,25.3,8.3,22.1,35.4,436,0,2,0
9/12/16 7:00,77.5063,25.3,8.3,22.1,35.4,433,1,3,0
9/12/16 7:15,77.5063,25.3,8.3,22.1,35.4,435,1,2,126
9/12/16 7:30,77.5063,25.3,8.3,22.1,35.4,436,1,2,0
9/12/16 7:45,77.5063,25.3,8.3,22.1,35.4,438,1,3,131
9/12/16 8:00,77.5063,25.3,8.3,22.1,35.4,437,0,3,0
9/12/16 8:15,77.5063,25.3,8.3,22.1,35.4,439,0,3,0
9/12/16 8:30,77.5063,25.3,8.3,22.1,35.4,439,0,3,0
9/12/16 8:45,77.5625,25.3,8.3,22.1,35.4,437,0,3,0
9/12/16 9:00,77.6188,25.3,8.3,22.1,35.4,437,0,3,0
9/12/16 9:15,77.5625,25.3,8.3,22.1,35.4,437,0,3,0
9/12/16 9:30,77.6188,25.3,8.3,22.1,35.4,438,1,4,0
9/12/16 9:45,77.5625,25.3,8.3,22.1,35.5,442,1,4,0
9/12/16 10:00,77.6188,25.3,8.3,22.1,35.5,440,0,4,0
9/12/16 10:15,77.6188,25.3,8.3,22.1,35.5,441,1,3,0
9/12/16 10:30,77.6188,25.3,8.3,22.1,35.5,443,1,3,0
9/12/16 10:45,77.6188,25.3,8.3,22.1,35.5,439,0,4,0
9/12/16 11:00,77.6188,25.3,8.3,22.1,35.5,439,0,2,0
9/12/16 11:15,77.6188,25.3,8.3,22.1,35.5,440,1,4,0
9/12/16 11:30,77.6188,25.3,8.3,22.1,35.5,443,0,4,0
9/12/16 11:45,77.675,25.3,8.3,22.1,35.5,442,0,3,0
9/12/16 12:00,77.675,25.3,8.3,22.1,35.5,441,1,4,0
9/12/16 12:15,77.675,25.3,8.3,22.1,35.5,442,1,4,0
9/12/16 12:30,77.675,25.3,8.3,22.1,35.5,446,0,4,0
9/12/16 12:45,77.675,25.4,8.3,22.1,35.5,437,1,3,0
9/12/16 13:00,77.7313,25.4,8.3,22.1,35.5,442,0,3,0
9/12/16 13:15,77.675,25.4,8.3,22.1,35.5,444,0,4,0
9/12/16 13:30,77.7313,25.4,8.3,22.1,35.5,443,1,5,0
9/12/16 13:45,77.7313,25.4,8.3,22.1,35.5,443,0,4,0
9/12/16 14:00,77.7313,25.4,8.3,22.1,35.5,446,1,4,0
9/12/16 14:15,77.7313,25.4,8.3,22.1,35.5,447,1,4,0
9/12/16 14:30,77.7313,25.4,8.3,22.1,35.5,446,0,4,0
9/12/16 14:45,77.7313,25.4,8.3,22.1,35.5,444,0,3,0
9/12/16 15:00,77.7313,25.4,8.3,22.1,35.5,447,0,4,0
9/12/16 15:15,77.675,25.4,8.3,22.1,35.5,446,0,3,0
9/12/16 15:30,77.7313,25.4,8.3,22.1,35.5,447,0,4,0
9/12/16 15:45,77.675,25.4,8.3,22.1,35.5,446,0,4,0
9/12/16 16:00,77.675,25.4,8.3,22.1,35.5,448,1,2,0
9/12/16 16:15,77.675,25.4,8.3,22.1,35.5,443,0,2,0
9/12/16 16:30,77.675,25.4,8.3,22.1,35.5,447,1,3,0
9/12/16 16:45,77.675,25.4,8.3,22.1,35.5,447,0,3,0
9/12/16 17:00,77.675,25.4,8.3,22.1,35.5,456,1,3,0
9/12/16 17:15,77.675,25.3,8.3,22.1,35.5,454,0,3,0
9/12/16 17:30,77.6188,25.3,8.3,22.1,35.5,452,0,3,0
9/12/16 17:45,77.675,25.3,8.3,22.1,35.5,457,1,2,0
9/12/16 18:00,77.675,25.3,8.3,22.1,35.5,452,0,4,0
9/12/16 18:15,77.675,25.3,8.3,22.1,35.5,454,0,2,0
9/12/16 18:30,77.675,25.3,8.3,22.1,35.5,455,1,3,0
9/12/16 18:45,77.6188,25.3,8.3,22.1,35.5,449,0,4,0
9/12/16 19:00,77.675,25.3,8.3,22.1,35.5,451,2,2,0
9/12/16 19:15,77.6188,25.3,8.3,22.1,35.5,448,1,3,0
9/12/16 19:30,77.6188,25.3,8.3,22.1,35.5,452,0,2,0
9/12/16 19:45,77.6188,25.3,8.3,22.1,35.5,452,8,3,0
9/12/16 20:00,77.6188,25.3,8.3,22.1,35.5,450,0,2,0
9/12/16 20:15,77.6188,25.3,8.3,22.1,35.5,450,0,4,0
9/12/16 20:30,77.5625,25.3,8.3,22.1,35.5,456,0,4,0
9/12/16 20:45,77.5625,25.3,8.3,22.1,35.4,459,1,3,0
9/12/16 21:00,77.5625,25.3,8.3,22.1,35.4,457,1,2,0
9/12/16 21:15,77.5625,25.3,8.3,22.1,35.4,455,1,3,0
9/12/16 21:30,77.5625,25.3,8.3,22.1,35.4,461,1,2,0
9/12/16 21:45,77.5625,25.3,8.3,22.1,35.4,460,1,3,0
9/12/16 22:00,77.5625,25.3,8.3,22.1,35.4,457,0,3,0
9/12/16 22:15,77.5063,25.3,8.3,22.1,35.4,459,0,3,0
9/12/16 22:30,77.5063,25.3,8.3,22.1,35.4,460,1,3,0
9/12/16 22:45,77.5063,25.3,8.3,22.1,35.4,456,2,1,0
9/12/16 23:00,77.5063,25.3,8.3,22.1,35.4,464,12,2,0
9/12/16 23:15,77.5063,25.3,8.3,22.1,35.4,462,0,2,0
9/12/16 23:30,77.45,25.3,8.3,22.1,35.4,458,2,2,0
9/12/16 23:45,77.5063,25.3,8.3,22.1,35.4,460,0,1,0
9/13/16 0:00,77.45,25.3,8.3,22.1,35.4,463,0,2,0
9/13/16 0:15,77.45,25.3,8.3,22.1,35.4,462,0,1,0
9/13/16 0:30,77.45,25.3,8.3,22.1,35.4,465,0,2,0
9/13/16 0:45,77.45,25.3,8.3,22.1,35.4,463,1,2,0
9/13/16 1:00,77.3937,25.3,8.3,22.1,35.4,461,4,1,0
9/13/16 1:15,77.45,25.3,8.3,22.1,35.4,460,4,1,0
9/13/16 1:30,77.3937,25.2,8.3,22.1,35.4,457,4,2,0
9/13/16 1:45,77.3937,25.2,8.3,22.1,35.4,460,1,1,0
9/13/16 2:00,77.3937,25.2,8.3,22.1,35.4,462,0,2,0
9/13/16 2:15,77.3937,25.2,8.3,22.1,35.4,462,0,1,0
9/13/16 2:30,77.3937,25.2,8.3,22.1,35.4,464,0,2,0
9/13/16 2:45,77.3937,25.2,8.3,22.1,35.4,458,0,2,0
9/13/16 3:00,77.3937,25.2,8.3,22.1,35.4,462,0,2,0
9/13/16 3:15,77.3937,25.2,8.3,22.1,35.4,466,0,1,0
9/13/16 3:30,77.3937,25.2,8.3,22.1,35.4,467,0,2,0
9/13/16 3:45,77.3375,25.2,8.3,22.1,35.4,464,1,1,0
9/13/16 4:00,77.3375,25.2,8.3,22.1,35.4,467,1,1,0
9/13/16 4:15,77.3375,25.2,8.3,22.1,35.4,462,0,1,0
9/13/16 4:30,77.3375,25.2,8.3,22.1,35.4,465,0,2,0
9/13/16 4:45,77.3375,25.2,8.3,22.1,35.4,462,1,2,0
9/13/16 5:00,77.3375,25.2,8.3,22.1,35.4,462,0,2,0
9/13/16 5:15,77.2813,25.2,8.3,22.1,35.4,461,0,2,0
9/13/16 5:30,77.3375,25.2,8.3,22.1,35.4,462,0,2,0
9/13/16 5:45,77.2813,25.2,8.3,22.1,35.4,464,0,1,0
9/13/16 6:00,77.2813,25.2,8.3,22.1,35.4,458,0,2,0
9/13/16 6:15,77.2813,25.2,8.3,22.1,35.3,461,1,2,0
9/13/16 6:30,77.2813,25.2,8.3,22.1,35.3,457,0,2,0
9/13/16 6:45,77.2813,25.2,8.3,22.1,35.3,456,0,1,0
9/13/16 7:00,77.2813,25.1,8.3,22.1,35.3,455,1,2,0
9/13/16 7:15,77.2813,25.1,8.3,22.1,35.3,454,0,3,0
9/13/16 7:30,77.225,25.1,8.3,22.1,35.3,458,1,3,143
9/13/16 7:45,77.225,25.1,8.3,22.1,35.3,456,0,2,0
9/13/16 8:00,77.225,25.1,8.3,22.1,35.3,455,1,3,0
9/13/16 8:15,77.2813,25.1,8.3,22.1,35.3,457,0,3,0
9/13/16 8:30,77.225,25.1,8.3,22.1,35.3,459,0,4,0
9/13/16 8:45,77.225,25.1,8.3,22.1,35.3,462,0,3,0
9/13/16 9:00,77.225,25.1,8.3,22.1,35.3,460,0,4,0
9/13/16 9:15,77.2813,25.1,8.3,22.1,35.3,457,0,4,0
9/13/16 9:30,77.225,25.1,8.3,22.1,35.3,455,0,3,0
9/13/16 9:45,77.2813,25.1,8.3,22.1,35.3,455,0,4,0
9/13/16 10:00,77.2813,25.1,8.3,22.1,35.3,456,1,4,0
9/13/16 10:15,77.2813,25.1,8.3,22.1,35.3,455,1,4,0
9/13/16 10:30,77.2813,25.1,8.3,22.1,35.4,458,0,3,0
9/13/16 10:45,77.2813,25.1,8.3,22.1,35.4,458,1,3,0
9/13/16 11:00,77.2813,25.1,8.3,22.1,35.4,453,1,5,0
9/13/16 11:15,77.3375,25.2,8.3,22.1,35.4,453,1,3,0
9/13/16 11:30,77.3375,25.2,8.3,22.1,35.4,457,1,3,0
9/13/16 11:45,77.3937,25.2,8.3,22.1,35.4,457,1,3,0
9/13/16 12:00,77.3937,25.2,8.3,22.1,35.4,458,1,4,0
9/13/16 12:15,77.3937,25.2,8.3,22.1,35.4,458,1,4,0
9/13/16 12:30,77.3937,25.2,8.3,22.1,35.4,454,1,4,0
9/13/16 12:45,77.3937,25.2,8.3,22.1,35.4,451,1,5,0
9/13/16 13:00,77.3937,25.2,8.3,22.1,35.4,450,1,4,0
9/13/16 13:15,77.45,25.2,8.3,22.1,35.4,454,0,5,0
9/13/16 13:30,77.45,25.2,8.3,22.1,35.4,453,1,4,0
9/13/16 13:45,77.45,25.2,8.3,22.1,35.4,455,1,3,0
9/13/16 14:00,77.45,25.2,8.3,22.1,35.4,455,3,4,0
9/13/16 14:15,77.3937,25.2,8.3,22.1,35.4,456,2,4,0
9/13/16 14:30,77.3937,25.2,8.3,22.1,35.4,450,2,4,0
9/13/16 14:45,77.3937,25.2,8.3,22.1,35.4,455,3,5,0
9/13/16 15:00,77.3937,25.2,8.3,22.1,35.4,458,2,5,0
9/13/16 15:15,77.3937,25.2,8.3,22.1,35.4,434,2,4,0
9/13/16 15:30,77.3937,25.2,8.3,22.1,35.4,455,5,4,0
9/13/16 15:45,77.3937,25.2,8.3,22.1,35.4,451,26,5,0
9/13/16 16:00,77.3937,25.2,8.3,22.1,35.4,457,3,4,0
9/13/16 16:15,77.3937,25.2,8.3,22.1,35.4,459,3,3,0
9/13/16 16:30,77.3375,25.2,8.3,22.1,35.4,462,2,4,0
9/13/16 16:45,77.3375,25.2,8.3,22.1,35.4,464,2,4,0
9/13/16 17:00,77.3375,25.2,8.3,22.1,35.4,452,2,3,0
9/13/16 17:15,77.3375,25.2,8.3,22.1,35.4,457,1,4,0
9/13/16 17:30,77.3375,25.2,8.3,22.1,35.4,462,2,3,0
9/13/16 17:45,77.3375,25.2,8.3,22.1,35.4,450,2,2,0
9/13/16 18:00,77.3375,25.2,8.3,22.1,35.4,456,1,4,0
9/13/16 18:15,77.3375,25.2,8.3,22.1,35.4,458,2,3,0
9/13/16 18:30,77.2813,25.2,8.3,22.1,35.4,460,2,3,0
9/13/16 18:45,77.3375,25.2,8.3,22.1,35.4,461,12,3,0
9/13/16 19:00,77.3375,25.2,8.3,22.1,35.4,461,9,3,0
9/13/16 19:15,77.2813,25.2,8.3,22.1,35.4,455,10,3,0
9/13/16 19:30,77.2813,25.2,8.3,22.1,35.4,462,3,3,0
9/13/16 19:45,77.3375,25.2,8.3,22.1,35.4,463,1,4,0
9/13/16 20:00,77.2813,25.2,8.3,22.1,35.4,461,2,2,0
9/13/16 20:15,77.2813,25.2,8.3,22.1,35.4,459,3,3,0
9/13/16 20:30,77.2813,25.2,8.3,22.1,35.4,465,4,2,0
9/13/16 20:45,77.225,25.2,8.3,22.1,35.4,461,13,3,0
9/13/16 21:00,77.2813,25.2,8.3,22.1,35.4,461,7,3,0
9/13/16 21:15,77.225,25.2,8.3,22.1,35.4,459,4,5,0
9/13/16 21:30,77.2813,25.1,8.3,22.1,35.4,456,3,2,0
9/13/16 21:45,77.225,25.1,8.3,22.1,35.3,460,3,2,0
9/13/16 22:00,77.225,25.1,8.3,22.1,35.3,459,3,3,0
9/13/16 22:15,77.225,25.1,8.3,22.1,35.3,459,3,1,0
9/13/16 22:30,77.225,25.1,8.3,22.1,35.3,461,5,3,0
9/13/16 22:45,77.225,25.1,8.3,22.1,35.3,459,2,3,0
9/13/16 23:00,77.225,25.1,8.3,22.1,35.3,462,2,2,0
9/13/16 23:15,77.1688,25.1,8.3,22.1,35.3,465,2,2,0
9/13/16 23:30,77.225,25.1,8.3,22.1,35.3,464,3,3,0
9/13/16 23:45,77.1688,25.1,8.3,22.1,35.3,466,4,3,0
9/14/16 0:00,77.1688,25.1,8.3,22.1,35.3,464,3,2,0
9/14/16 0:15,77.1688,25.1,8.3,22.1,35.3,463,2,3,0
9/14/16 0:30,77.1688,25.1,8.3,22.1,35.3,467,2,2,0
9/14/16 0:45,77.1688,25.1,8.3,22.1,35.3,462,3,3,0
9/14/16 1:00,77.1688,25.1,8.3,22.1,35.3,466,2,3,0
9/14/16 1:15,77.1688,25.1,8.3,22.1,35.3,466,3,3,0
9/14/16 1:30,77.1688,25.1,8.3,22.1,35.3,466,3,2,0
9/14/16 1:45,77.1688,25.1,8.3,22.1,35.3,466,2,3,0
9/14/16 2:00,77.1688,25.1,8.3,22.1,35.3,468,3,7,0
9/14/16 2:15,77.1688,25.1,8.3,22.1,35.3,468,3,2,0
9/14/16 2:30,77.1688,25.1,8.3,22.1,35.3,466,3,2,0
9/14/16 2:45,77.1125,25.1,8.3,22.1,35.3,469,3,1,0
9/14/16 3:00,77.1125,25.1,8.3,22.1,35.3,470,2,3,0
9/14/16 3:15,77.1125,25.1,8.3,22.1,35.3,473,2,3,0
9/14/16 3:30,77.1125,25.1,8.3,22.1,35.3,471,2,2,0
9/14/16 3:45,77.1125,25.1,8.3,22.1,35.3,470,3,3,0
9/14/16 4:00,77.1125,25.1,8.3,22.1,35.3,473,3,2,0
9/14/16 4:15,77.1125,25,8.3,22.1,35.3,473,4,2,0
9/14/16 4:30,77.1125,25,8.3,22.1,35.3,473,3,2,0
9/14/16 4:45,77.0563,25,8.3,22.1,35.3,473,3,2,0
9/14/16 5:00,77.0563,25,8.3,22.1,35.3,472,3,1,0
9/14/16 5:15,77.0563,25,8.3,22.1,35.3,472,3,3,0
9/14/16 5:30,77.0563,25,8.3,22.1,35.3,475,3,2,0
9/14/16 5:45,77.0563,25,8.3,22.1,35.3,476,2,3,0
9/14/16 6:00,77,25,8.3,22.1,35.3,471,3,1,0
9/14/16 6:15,77,25,8.3,22.1,35.2,474,2,2,0
9/14/16 6:30,77,25,8.3,22.1,35.2,474,3,2,0
9/14/16 6:45,77,25,8.3,22.1,35.2,474,5,2,0
9/14/16 7:00,76.9438,25,8.3,22.1,35.2,474,4,3,38
9/14/16 7:15,76.9438,25,8.3,22.1,35.2,470,2,2,39
9/14/16 7:30,76.9438,25,8.3,22.1,35.2,470,3,3,40
9/14/16 7:45,76.9438,25,8.3,22.1,35.2,471,2,4,39
9/14/16 8:00,76.9438,25,8.3,22.1,35.2,469,3,4,44
9/14/16 8:15,77,25,8.3,22.1,35.2,469,3,4,38
9/14/16 8:30,76.9438,25,8.3,22.1,35.2,469,3,3,3
9/14/16 8:45,76.9438,25,8.3,22.1,35.2,471,3,3,3
9/14/16 9:00,77,25,8.3,22.1,35.2,475,3,3,3
9/14/16 9:15,77.0563,25,8.3,22.1,35.2,478,3,3,3
9/14/16 9:30,77.0563,25,8.3,22.1,35.2,477,3,3,3
9/14/16 9:45,77.0563,25,8.3,22.1,35.2,473,3,3,3
9/14/16 10:00,77.0563,25,8.3,22.1,35.2,477,3,3,3
9/14/16 10:15,77.0563,25,8.3,22.1,35.2,473,3,3,3
9/14/16 10:30,77.1125,25,8.3,22.1,35.2,471,3,3,3
9/14/16 10:45,77.0563,25,8.3,22.1,35.2,474,3,3,3
9/14/16 11:00,77.1688,25,8.3,22.1,35.2,472,3,3,3
9/14/16 11:15,77.1125,25,8.3,22.1,35.2,472,3,3,3
9/14/16 11:30,77.1125,25,8.3,22.1,35.2,476,3,3,3
9/14/16 11:45,77.1688,25.1,8.3,22.1,35.2,475,3,3,3
9/14/16 12:00,77.1688,25.1,8.3,22.1,35.2,476,3,3,3
9/14/16 12:15,77.1688,25.1,8.3,22.1,35.2,478,3,3,3
9/14/16 12:30,77.225,25.1,8.3,22.1,35.2,475,3,3,3
9/14/16 12:45,77.225,25.1,8.3,22.1,35.2,478,3,3,3
9/14/16 13:00,77.225,25.1,8.3,22.1,35.2,475,3,3,3
9/14/16 13:15,77.225,25.1,8.3,22.1,35.2,479,3,3,3
9/14/16 13:30,77.2813,25.1,8.3,22.1,35.2,471,3,3,3
9/14/16 13:45,77.2813,25.1,8.3,22.1,35.2,475,3,3,3
9/14/16 14:00,77.3375,25.1,8.3,22.1,35.2,466,3,3,3
9/14/16 14:15,77.2813,25.2,8.3,22.1,35.2,469,3,3,3
9/14/16 14:30,77.3375,25.2,8.3,22.1,35.2,471,3,3,3
9/14/16 14:45,77.3375,25.2,8.3,22.1,35.2,473,3,3,3
9/14/16 15:00,77.3375,25.2,8.3,22.1,35.2,467,3,3,3
9/14/16 15:15,77.3375,25.2,8.3,22.1,35.2,473,3,3,3
9/14/16 15:30,77.3375,25.2,8.3,22.1,35.3,471,3,3,3
9/14/16 15:45,77.3375,25.2,8.3,22.1,35.3,475,3,3,3
9/14/16 16:00,77.3375,25.2,8.3,22.1,35.3,474,3,3,3
9/14/16 16:15,77.3375,25.2,8.3,22.1,35.3,470,3,3,3
9/14/16 16:30,77.3937,25.2,8.3,22.1,35.3,476,3,3,3
9/14/16 16:45,77.3375,25.2,8.3,22.1,35.3,476,3,3,3
9/14/16 17:00,77.3375,25.2,8.3,22.1,35.3,476,3,3,3
9/14/16 17:15,77.3375,25.2,8.3,22.1,35.3,479,3,3,3
9/14/16 17:30,77.3375,25.2,8.3,22.1,35.3,479,3,3,3
9/14/16 17:45,77.3375,25.2,8.3,22.1,35.3,477,3,3,3
9/14/16 18:00,77.3375,25.2,8.3,22.1,35.3,478,3,3,3
9/14/16 18:15,77.3375,25.2,8.3,22.1,35.3,481,3,3,3
9/14/16 18:30,77.3375,25.2,8.3,22.1,35.3,481,3,3,3
9/14/16 18:45,77.3375,25.2,8.3,22.1,35.3,482,3,3,3
9/14/16 19:00,77.3375,25.2,8.3,22.1,35.3,482,3,3,3
9/14/16 19:15,77.2813,25.2,8.3,22.1,35.3,485,3,3,3
9/14/16 19:30,77.2813,25.2,8.3,22.1,35.2,486,3,3,3
9/14/16 19:45,77.225,25.2,8.3,22.1,35.2,490,3,3,3
9/14/16 20:00,77.2813,25.2,8.3,22.1,35.2,488,3,3,3
9/14/16 20:15,77.225,25.2,8.3,22.1,35.2,486,3,3,3
9/14/16 20:30,77.225,25.1,8.3,22.1,35.2,484,3,3,3
9/14/16 20:45,77.225,25.1,8.3,22.1,35.2,477,3,3,3
9/14/16 21:00,77.225,25.1,8.3,22.1,35.2,484,3,3,3
9/14/16 21:15,77.225,25.1,8.3,22.1,35.2,486,3,3,3
9/14/16 21:30,77.225,25.1,8.3,22.1,35.2,488,3,3,3
9/14/16 21:45,77.225,25.1,8.3,22.1,35.2,488,3,3,3
9/14/16 22:00,77.225,25.1,8.3,22.1,35.2,488,3,3,3
9/14/16 22:15,77.225,25.1,8.3,22.1,35.2,484,3,3,3
9/14/16 22:30,77.225,25.1,8.3,22.1,35.2,485,3,3,3
9/14/16 22:45,77.225,25.1,8.3,22.1,35.2,485,3,3,3
9/14/16 23:00,77.1688,25.1,8.3,22.1,35.2,488,3,3,3
9/14/16 23:15,77.1688,25.1,8.3,22.1,35.2,484,3,3,3
9/14/16 23:30,77.1688,25.1,8.3,22.1,35.2,483,3,3,3
9/14/16 23:45,77.1688,25.1,8.3,22.1,35.2,481,3,3,3
9/15/16 0:00,77.1688,25.1,8.3,22.1,35.2,482,3,3,3
9/15/16 0:15,77.1688,25.1,8.3,22.1,35.2,483,3,3,3
9/15/16 0:30,77.1688,25.1,8.3,22.1,35.2,484,3,3,3
9/15/16 0:45,77.1688,25.1,8.3,22.1,35.2,485,3,3,3
9/15/16 1:00,77.1688,25.1,8.3,22.1,35.2,480,3,3,3
9/15/16 1:15,77.1125,25.1,8.3,22.1,35.2,483,3,3,3
9/15/16 1:30,77.1125,25.1,8.3,22.1,35.2,480,3,3,3
9/15/16 1:45,77.1688,25.1,8.3,22.1,35.2,481,3,3,3
9/15/16 2:00,77.1125,25.1,8.3,22.1,35.2,482,3,3,3
9/15/16 2:15,77.1125,25.1,8.3,22.1,35.2,491,3,3,3
9/15/16 2:30,77.1125,25.1,8.3,22.1,35.2,490,3,3,3
9/15/16 2:45,77.1125,25.1,8.3,22.1,35.2,491,3,3,3
9/15/16 3:00,77.0563,25,8.3,22.1,35.2,492,3,3,3
9/15/16 3:15,77.0563,25,8.3,22.1,35.1,493,3,3,3
9/15/16 3:30,77.0563,25,8.3,22.1,35.1,490,3,3,3
9/15/16 3:45,77.0563,25,8.3,22.1,35.1,488,3,3,3
9/15/16 4:00,77.0563,25,8.3,22.1,35.1,487,3,3,3
9/15/16 4:15,77.0563,25,8.3,22.1,35.1,491,3,3,3
9/15/16 4:30,77.0563,25,8.3,22.1,35.1,490,3,3,3
9/15/16 4:45,77,25,8.3,22.1,35.1,490,3,3,3
9/15/16 5:00,77,25,8.3,22.1,35.1,493,3,3,3
9/15/16 5:15,76.9438,25,8.3,22.1,35.1,489,3,3,3
9/15/16 5:30,77,25,8.3,22.1,35.1,488,3,3,3
9/15/16 5:45,76.9438,25,8.3,22.1,35.1,489,3,3,3
9/15/16 6:00,76.9438,25,8.3,22.1,35.1,486,3,3,3
9/15/16 6:15,76.9438,25,8.3,22.1,35.1,489,3,3,3
9/15/16 6:30,76.9438,25,8.3,22.1,35.1,488,3,3,3
9/15/16 6:45,76.8875,24.9,8.3,22.1,35.1,490,3,3,3
9/15/16 7:00,76.9438,24.9,8.3,22.1,35.1,489,3,3,3
9/15/16 7:15,76.9438,24.9,8.3,22.1,35.1,487,3,3,3
9/15/16 7:30,76.8875,24.9,8.3,22.1,35.1,489,3,3,3
9/15/16 7:45,76.8875,24.9,8.3,22.1,35.1,486,3,3,3
9/15/16 8:00,76.8875,24.9,8.3,22.1,35.1,486,3,3,3
9/15/16 8:15,76.9438,24.9,8.3,22.1,35.1,488,3,3,3
9/15/16 8:30,76.8875,24.9,8.3,22.1,35.1,488,3,3,3
9/15/16 8:45,76.8875,24.9,8.3,22.1,35.1,490,3,3,3
9/15/16 9:00,76.8875,24.9,8.3,22.1,35.1,489,3,3,3
9/15/16 9:15,76.9438,24.9,8.3,22.1,35.1,489,3,3,3
9/15/16 9:30,76.9438,24.9,8.3,22.1,35.1,488,3,3,3
9/15/16 9:45,76.9438,24.9,8.3,22.1,35.1,487,3,3,3
9/15/16 10:00,76.9438,24.9,8.3,22.1,35.1,490,3,3,3
9/15/16 10:15,76.9438,24.9,8.3,22.1,35.1,485,3,3,3
9/15/16 10:30,77,25,8.3,22.1,35.1,487,3,3,3
9/15/16 10:45,76.9438,25,8.3,22.1,35.1,485,3,3,3
9/15/16 11:00,77.0563,25,8.3,22.1,35.1,484,3,3,3
9/15/16 11:15,77.0563,25,8.3,22.1,35.1,487,3,3,3
9/15/16 11:30,77.0563,25,8.3,22.1,35.1,483,3,3,3
9/15/16 11:45,77.0563,25,8.3,22.1,35.1,481,3,3,3
9/15/16 12:00,77.1125,25,8.3,22.1,35.2,483,3,3,3
9/15/16 12:15,77.1125,25,8.3,22.1,35.2,484,3,3,3
9/15/16 12:30,77.1125,25,8.3,22.1,35.2,482,3,3,3
9/15/16 12:45,77.1125,25,8.3,22.1,35.2,479,3,3,3
9/15/16 13:00,77.1125,25,8.3,22.1,35.2,481,3,3,3
9/15/16 13:15,77.1688,25.1,8.3,22.1,35.2,480,3,3,3
9/15/16 13:30,77.1688,25.1,8.3,22.1,35.2,481,3,3,3
9/15/16 13:45,77.1688,25.1,8.3,22.1,35.2,481,3,3,3
9/15/16 14:00,77.225,25.1,8.3,22.1,35.2,478,3,3,3
9/15/16 14:15,77.225,25.1,8.3,22.1,35.2,483,3,3,3
9/15/16 14:30,77.225,25.1,8.3,22.1,35.2,478,3,3,3
9/15/16 14:45,77.225,25.1,8.3,22.1,35.2,479,3,3,3
9/15/16 15:00,77.225,25.1,8.3,22.1,35.2,473,3,3,3
9/15/16 15:15,77.225,25.1,8.3,22.1,35.2,478,3,3,3
9/15/16 15:30,77.225,25.1,8.3,22.1,35.2,479,3,3,3
9/15/16 15:45,77.225,25.1,8.3,22.1,35.2,477,3,3,3
9/15/16 16:00,77.225,25.1,8.3,22.1,35.2,481,3,3,3
9/15/16 16:15,77.1688,25.1,8.3,22.1,35.2,482,3,3,3
9/15/16 16:30,77.1688,25.1,8.3,22.1,35.2,482,3,3,3
9/15/16 16:45,77.1688,25.1,8.3,22.1,35.2,477,3,3,3
9/15/16 17:00,77.1688,25.1,8.3,22.1,35.2,481,3,3,3
9/15/16 17:15,77.1688,25.1,8.3,22.1,35.2,476,3,3,3
9/15/16 17:30,77.1688,25.1,8.3,22.1,35.2,478,3,3,3
9/15/16 17:45,77.1688,25.1,8.3,22.1,35.2,479,3,3,3
9/15/16 18:00,77.1688,25.1,8.3,22.1,35.2,481,3,3,3
9/15/16 18:15,77.1125,25.1,8.3,22.1,35.2,481,3,3,3
9/15/16 18:30,77.1125,25.1,8.3,22.1,35.2,480,3,3,3
9/15/16 18:45,77.1125,25.1,8.3,22.1,35.2,481,3,3,3
9/15/16 19:00,77.1125,25,8.3,22.1,35.2,483,3,3,3
9/15/16 19:15,77.0563,25,8.3,22.1,35.2,484,3,3,3
9/15/16 19:30,77.0563,25,8.3,22.1,35.2,481,3,3,3
9/15/16 19:45,77.0563,25,8.3,22.1,35.1,481,3,3,3
9/15/16 20:00,77,25,8.3,22.1,35.1,480,3,3,3
9/15/16 20:15,77,25,8.3,22.1,35.1,480,3,3,3
9/15/16 20:30,76.9438,25,8.3,22.1,35.1,475,3,3,3
9/15/16 20:45,76.9438,25,8.3,22.1,35.1,478,3,3,3
9/15/16 21:00,76.9438,25,8.3,22.1,35.1,479,3,3,3
9/15/16 21:15,76.8875,25,8.3,22.1,35.1,482,3,3,3
9/15/16 21:30,76.9438,25,8.3,22.1,35.1,480,3,3,3
9/15/16 21:45,76.8875,25,8.3,22.1,35.1,478,3,3,3
9/15/16 22:00,76.8875,25,8.3,22.1,35.1,481,3,3,3
9/15/16 22:15,76.8875,24.9,8.3,22.1,35.1,483,3,3,3
9/15/16 22:30,76.8875,24.9,8.3,22.1,35.1,484,3,3,3
9/15/16 22:45,76.8875,24.9,8.3,22.1,35.1,484,3,3,3
9/15/16 23:00,76.8312,24.9,8.3,22.1,35.1,482,3,3,3
9/15/16 23:15,76.8875,24.9,8.3,22.1,35.1,485,3,3,3
9/15/16 23:30,76.8312,24.9,8.3,22.1,35.1,486,3,3,3
9/15/16 23:45,76.8312,24.9,8.3,22.1,35.1,484,3,3,3
9/16/16 0:00,76.8312,24.9,8.3,22.1,35.1,484,3,3,3
9/16/16 0:15,76.8312,24.9,8.3,22.1,35.1,483,3,3,3
9/16/16 0:30,76.8312,24.9,8.3,22.1,35.1,489,3,3,3
9/16/16 0:45,76.775,24.9,8.3,22.1,35.1,485,3,3,3
9/16/16 1:00,76.775,24.9,8.3,22.1,35.1,482,3,3,3
9/16/16 1:15,76.775,24.9,8.3,22.1,35.1,485,3,3,3
9/16/16 1:30,76.775,24.9,8.3,22.1,35,485,3,3,3
9/16/16 1:45,76.775,24.9,8.3,22.1,35,485,3,3,3
9/16/16 2:00,76.7188,24.9,8.3,22.1,35,488,3,3,3
9/16/16 2:15,76.7188,24.9,8.3,22.1,35,488,3,3,3
9/16/16 2:30,76.7188,24.8,8.3,22.1,35,483,3,3,3
9/16/16 2:45,76.7188,24.8,8.3,22.1,35,485,3,3,3
9/16/16 3:00,76.6625,24.8,8.3,22.1,35,482,3,3,3
9/16/16 3:15,76.6625,24.8,8.3,22.1,35,481,3,3,3
9/16/16 3:30,76.6625,24.8,8.3,22.1,35,481,3,3,3
9/16/16 3:45,76.6625,24.8,8.3,22.1,35,483,3,3,3
9/16/16 4:00,76.6625,24.8,8.3,22.1,35,482,3,3,3
9/16/16 4:15,76.6063,24.8,8.3,22.1,35,480,3,3,3
9/16/16 4:30,76.6063,24.8,8.3,22.1,35,480,3,3,3
9/16/16 4:45,76.6063,24.8,8.3,22.1,35,483,3,3,3
9/16/16 5:00,76.55,24.8,8.3,22.1,35,482,3,3,3
9/16/16 5:15,76.55,24.8,8.3,22.1,35,481,3,3,3
9/16/16 5:30,76.55,24.8,8.3,22.1,35,483,3,3,3
9/16/16 5:45,76.55,24.8,8.3,22.1,35,481,3,3,3
9/16/16 6:00,76.55,24.7,8.3,22.1,35,482,3,3,3
9/16/16 6:15,76.4938,24.7,8.3,22.1,35,479,3,3,3
9/16/16 6:30,76.4938,24.7,8.3,22.1,35,481,3,3,3
9/16/16 6:45,76.4938,24.7,8.3,22.1,35,478,3,3,3
9/16/16 7:00,76.4375,24.7,8.3,22.1,35,477,3,3,3
9/16/16 7:15,76.4375,24.7,8.3,22.1,34.9,478,3,3,3
9/16/16 7:30,76.4938,24.7,8.3,22.1,34.9,482,3,3,3
9/16/16 7:45,76.4375,24.7,8.3,22.1,34.9,481,3,3,3
9/16/16 8:00,76.4375,24.6,8.3,22,34.9,483,3,3,3
9/16/16 8:15,76.3813,24.6,8.3,22,34.9,486,3,3,3
9/16/16 8:30,76.4375,24.7,8.3,22,34.9,482,3,3,3
9/16/16 8:45,76.3813,24.7,8.3,22,34.9,478,3,3,3
9/16/16 9:00,76.4375,24.7,8.3,22,34.9,479,3,3,3
9/16/16 9:15,76.3813,24.7,8.3,22,34.9,481,3,3,3
9/16/16 9:30,76.4375,24.7,8.3,22,34.9,479,3,3,3
9/16/16 9:45,76.4375,24.7,8.3,22,34.9,477,3,3,3
9/16/16 10:00,76.4375,24.7,8.3,22,34.9,481,3,3,3
9/16/16 10:15,76.4375,24.7,8.3,22,34.9,479,3,3,3
9/16/16 10:30,76.4938,24.7,8.3,22,34.9,477,3,3,3
9/16/16 10:45,76.4938,24.7,8.3,22,34.9,475,3,3,3
9/16/16 11:00,76.4938,24.7,8.3,22,34.9,481,3,3,3
9/16/16 11:15,76.55,24.7,8.3,22,34.9,478,3,3,3
9/16/16 11:30,76.55,24.7,8.3,22,34.9,473,3,3,3
9/16/16 11:45,76.6063,24.7,8.3,22,34.9,479,3,3,3
9/16/16 12:00,76.55,24.8,8.3,22,34.9,482,3,3,3
9/16/16 12:15,76.6063,24.8,8.3,22,34.9,481,3,3,3
9/16/16 12:30,76.6625,24.8,8.3,22,35,481,3,3,3
9/16/16 12:45,76.6625,24.8,8.3,22,35,478,3,3,3
9/16/16 13:00,76.6625,24.8,8.3,22,35,483,3,3,3
9/16/16 13:15,76.7188,24.8,8.3,22,35,477,3,3,3
9/16/16 13:30,76.7188,24.8,8.3,22,35,481,3,3,3
9/16/16 13:45,76.7188,24.8,8.3,22,35,477,3,3,3
9/16/16 14:00,76.775,24.8,8.3,22,35,477,3,3,3
9/16/16 14:15,76.775,24.8,8.3,22.1,35,479,3,3,3
9/16/16 14:30,76.775,24.9,8.3,22.1,35,478,3,3,3
9/16/16 14:45,76.775,24.9,8.3,22.1,35,478,3,3,3
9/16/16 15:00,76.775,24.9,8.3,22.1,35.1,478,3,3,3
9/16/16 15:15,76.775,24.9,8.3,22.1,35.1,474,3,3,3
9/16/16 15:30,76.775,24.9,8.3,22.1,35.1,478,3,3,3
9/16/16 15:45,76.775,24.9,8.3,22.1,35.1,481,3,3,3
9/16/16 16:00,76.775,24.9,8.3,22.1,35.1,480,3,3,3
9/16/16 16:15,76.7188,24.9,8.3,22.1,35.1,481,3,3,3
9/16/16 16:30,76.775,24.9,8.3,22.1,35.1,484,3,3,3
9/16/16 16:45,76.775,24.9,8.3,22.1,35.1,484,3,3,3
9/16/16 17:00,76.775,24.9,8.3,22.1,35.1,482,3,3,3
9/16/16 17:15,76.775,24.9,8.3,22.1,35.1,480,3,3,3
9/16/16 17:30,76.7188,24.9,8.3,22.1,35.1,483,3,3,3
9/16/16 17:45,76.7188,24.9,8.3,22.1,35.1,482,3,3,3
9/16/16 18:00,76.7188,24.8,8.3,22.1,35.1,482,3,3,3
9/16/16 18:15,76.7188,24.8,8.3,22.1,35.1,483,3,3,3
9/16/16 18:30,76.7188,24.8,8.3,22.1,35.1,480,3,3,3
9/16/16 18:45,76.7188,24.8,8.3,22.1,35.1,482,3,3,3
9/16/16 19:00,76.6625,24.8,8.3,22.1,35.1,489,3,3,3
9/16/16 19:15,76.6625,24.8,8.3,22.1,35.1,490,3,3,3
9/16/16 19:30,76.6625,24.8,8.3,22.1,35.1,490,3,3,3
9/16/16 19:45,76.6063,24.8,8.3,22.1,35.1,494,3,3,3
9/16/16 20:00,76.6625,24.8,8.3,22.1,35.1,494,3,3,3
9/16/16 20:15,76.55,24.8,8.3,22.1,35,492,3,3,3
9/16/16 20:30,76.55,24.8,8.3,22.1,35,492,3,3,3
9/16/16 20:45,76.55,24.8,8.3,22.1,35,492,3,3,3
9/16/16 21:00,76.55,24.8,8.3,22.1,35,495,3,3,3
9/16/16 21:15,76.4938,24.7,8.3,22.1,35,492,3,3,3
9/16/16 21:30,76.4938,24.7,8.3,22.1,35,490,3,3,3
9/16/16 21:45,76.4938,24.7,8.3,22.1,35,490,3,3,3
9/16/16 22:00,76.4938,24.7,8.3,22.1,35,488,3,3,3
9/16/16 22:15,76.4938,24.7,8.3,22.1,35,489,3,3,3
9/16/16 22:30,76.4938,24.7,8.3,22.1,35,487,3,3,3
9/16/16 22:45,76.4375,24.7,8.3,22.1,35,484,3,3,3
9/16/16 23:00,76.4375,24.7,8.3,22.1,35,488,3,3,3
9/16/16 23:15,76.3813,24.7,8.3,22.1,35,488,3,3,3
9/16/16 23:30,76.4375,24.7,8.3,22.1,35,487,3,3,3
9/16/16 23:45,76.4375,24.7,8.3,22.1,35,489,3,3,3
9/17/16 0:00,76.4375,24.7,8.3,22.1,35,488,3,3,3
9/17/16 0:15,76.3813,24.7,8.3,22.1,35,491,3,3,3
9/17/16 0:30,76.3813,24.7,8.3,22.1,35,488,3,3,3
9/17/16 0:45,76.3813,24.7,8.3,22.1,35,491,3,3,3
9/17/16 1:00,76.325,24.7,8.3,22.1,35,489,3,3,3
9/17/16 1:15,76.3813,24.7,8.3,22.1,35,489,3,3,3
9/17/16 1:30,76.3813,24.7,8.3,22.1,34.9,490,3,3,3
9/17/16 1:45,76.3813,24.6,8.3,22.1,34.9,490,3,3,3
9/17/16 2:00,76.325,24.6,8.3,22.1,34.9,488,3,3,3
9/17/16 2:15,76.325,24.6,8.3,22.1,34.9,489,3,3,3
9/17/16 2:30,76.325,24.6,8.3,22.1,34.9,488,3,3,3
9/17/16 2:45,76.325,24.6,8.3,22.1,34.9,488,3,3,3
9/17/16 3:00,76.2687,24.6,8.3,22.1,34.9,489,3,3,3
9/17/16 3:15,76.325,24.6,8.3,22.1,34.9,487,3,3,3
9/17/16 3:30,76.325,24.6,8.3,22.1,34.9,486,3,3,3
9/17/16 3:45,76.2687,24.6,8.3,22.1,34.9,491,3,3,3
9/17/16 4:00,76.2687,24.6,8.3,22.1,34.9,489,3,3,3
9/17/16 4:15,76.2687,24.6,8.3,22.1,34.9,488,3,3,3
9/17/16 4:30,76.2125,24.6,8.3,22.1,34.9,488,3,3,3
9/17/16 4:45,76.2687,24.6,8.3,22.1,34.9,489,3,3,3
9/17/16 5:00,76.2125,24.6,8.3,22.1,34.9,489,3,3,3
9/17/16 5:15,76.2125,24.6,8.3,22.1,34.9,489,3,3,3
9/17/16 5:30,76.2125,24.6,8.3,22.1,34.9,487,3,3,3
9/17/16 5:45,76.2125,24.6,8.3,22.1,34.9,494,3,3,3
9/17/16 6:00,76.2125,24.6,8.3,22.1,34.9,492,3,3,3
9/17/16 6:15,76.2125,24.6,8.3,22.1,34.9,491,3,3,3
9/17/16 6:30,76.1563,24.5,8.3,22.1,34.9,491,3,3,3
9/17/16 6:45,76.1563,24.5,8.3,22.1,34.9,491,3,3,3
9/17/16 7:00,76.1563,24.5,8.3,22.1,34.9,488,3,3,3
9/17/16 7:15,76.1563,24.5,8.3,22.1,34.8,489,3,3,3
9/17/16 7:30,76.1563,24.5,8.3,22.1,34.8,487,3,3,3
9/17/16 7:45,76.1,24.5,8.3,22.1,34.8,487,3,3,3
9/17/16 8:00,76.1563,24.5,8.3,22.1,34.8,488,3,3,3
9/17/16 8:15,76.1563,24.5,8.3,22.1,34.8,488,3,3,3
9/17/16 8:30,76.1,24.5,8.3,22.1,34.8,490,3,3,3
9/17/16 8:45,76.1,24.5,8.3,22.1,34.8,491,3,3,3
9/17/16 9:00,76.1,24.5,8.3,22.1,34.8,491,3,3,3
9/17/16 9:15,76.1,24.5,8.3,22.1,34.8,488,3,3,3
9/17/16 9:30,76.1563,24.5,8.3,22.1,34.8,484,3,3,3
9/17/16 9:45,76.1563,24.5,8.3,22.1,34.8,489,3,3,3
9/17/16 10:00,76.1563,24.5,8.3,22.1,34.8,493,3,3,3
9/17/16 10:15,76.1563,24.5,8.3,22.1,34.8,496,3,3,3
9/17/16 10:30,76.2125,24.5,8.3,22.1,34.8,492,3,3,3
9/17/16 10:45,76.2125,24.5,8.3,22.1,34.8,491,3,3,3
9/17/16 11:00,76.2125,24.5,8.3,22.1,34.8,492,3,3,3
9/17/16 11:15,76.2687,24.6,8.3,22.1,34.8,489,3,3,3
9/17/16 11:30,76.2687,24.6,8.3,22.1,34.9,490,3,3,3
9/17/16 11:45,76.2687,24.6,8.3,22.1,34.9,489,3,3,3
9/17/16 12:00,76.325,24.6,8.3,22.1,34.9,490,3,3,3
9/17/16 12:15,76.325,24.6,8.3,22.1,34.9,493,3,3,3
9/17/16 12:30,76.3813,24.6,8.3,22.1,34.9,491,3,3,3
9/17/16 12:45,76.3813,24.6,8.3,22.1,34.9,490,3,3,3
9/17/16 13:00,76.3813,24.6,8.3,22.1,34.9,489,3,3,3
9/17/16 13:15,76.4375,24.6,8.3,22.1,34.9,488,3,3,3
9/17/16 13:30,76.4375,24.7,8.3,22.1,34.9,490,3,3,3
9/17/16 13:45,76.4375,24.7,8.3,22.1,34.9,491,3,3,3
9/17/16 14:00,76.4375,24.7,8.3,22.1,34.9,495,3,3,3
9/17/16 14:15,76.4938,24.7,8.3,22.1,34.9,497,3,3,3
9/17/16 14:30,76.4938,24.7,8.3,22.1,34.9,492,3,3,3
9/17/16 14:45,76.4938,24.7,8.3,22.1,34.9,493,3,3,3
9/17/16 15:00,76.4938,24.7,8.3,22.1,34.9,495,3,3,3
9/17/16 15:15,76.4938,24.7,8.3,22.1,34.9,494,3,3,3
9/17/16 15:30,76.4938,24.7,8.3,22.1,34.9,493,3,3,3
9/17/16 15:45,76.55,24.7,8.3,22.1,34.9,494,3,3,3
9/17/16 16:00,76.4938,24.7,8.3,22.1,34.9,494,3,3,3
9/17/16 16:15,76.4938,24.7,8.3,22.1,34.9,496,3,3,3
9/17/16 16:30,76.4938,24.7,8.3,22.1,34.9,496,3,3,3
9/17/16 16:45,76.4938,24.7,8.3,22.1,34.9,493,3,3,3
9/17/16 17:00,76.4938,24.7,8.3,22.1,34.9,493,3,3,3
9/17/16 17:15,76.4938,24.7,8.3,22.1,34.9,496,3,3,3
9/17/16 17:30,76.4938,24.7,8.3,22.1,34.9,497,3,3,3
9/17/16 17:45,76.4375,24.7,8.3,22.1,34.9,488,3,3,3
9/17/16 18:00,76.4375,24.7,8.3,22.1,34.9,495,3,3,3
9/17/16 18:15,76.4938,24.7,8.3,22.1,34.9,497,3,3,3
9/17/16 18:30,76.4375,24.7,8.3,22.1,34.9,499,3,3,3
9/17/16 18:45,76.4375,24.7,8.3,22.1,34.9,498,3,3,3
9/17/16 19:00,76.4375,24.7,8.3,22.1,34.9,497,3,3,3
9/17/16 19:15,76.4375,24.7,8.3,22.1,34.9,494,3,3,3
9/17/16 19:30,76.4375,24.7,8.3,22.1,34.9,501,3,3,3
9/17/16 19:45,76.4375,24.7,8.3,22.1,34.9,501,3,3,3
9/17/16 20:00,76.4375,24.7,8.3,22.1,34.9,497,3,3,3
9/17/16 20:15,76.4375,24.7,8.3,22.1,34.9,498,3,3,3
9/17/16 20:30,76.4375,24.7,8.3,22.1,34.9,495,3,3,3
9/17/16 20:45,76.4375,24.7,8.3,22.1,34.9,497,3,3,3
9/17/16 21:00,76.3813,24.7,8.3,22.1,34.9,500,3,3,3
9/17/16 21:15,76.3813,24.7,8.3,22.1,34.9,497,3,3,3
9/17/16 21:30,76.3813,24.7,8.3,22.1,34.9,497,3,3,3
9/17/16 21:45,76.3813,24.7,8.3,22.1,34.9,502,3,3,3
9/17/16 22:00,76.3813,24.7,8.3,22.1,34.9,502,3,3,3
9/17/16 22:15,76.3813,24.7,8.3,22.1,34.9,503,3,3,3
9/17/16 22:30,76.3813,24.7,8.3,22.1,34.9,499,3,3,3
9/17/16 22:45,76.3813,24.7,8.3,22.1,34.9,501,3,3,3
9/17/16 23:00,76.325,24.7,8.3,22.1,34.9,500,3,3,3
9/17/16 23:15,76.325,24.7,8.3,22.1,34.9,500,3,3,3
9/17/16 23:30,76.3813,24.6,8.3,22.1,34.9,499,3,3,3
9/17/16 23:45,76.3813,24.6,8.3,22.1,34.9,502,3,3,3
9/18/16 0:00,76.3813,24.6,8.3,22.1,34.9,502,3,3,3
9/18/16 0:15,76.325,24.6,8.3,22.1,34.9,502,3,3,3
9/18/16 0:30,76.325,24.6,8.3,22.1,34.9,502,3,3,3
9/18/16 0:45,76.325,24.6,8.3,22.1,34.9,502,3,3,3
9/18/16 1:00,76.2687,24.6,8.3,22.1,34.9,503,3,3,3
9/18/16 1:15,76.2687,24.6,8.3,22.1,34.9,506,3,3,3
9/18/16 1:30,76.2687,24.6,8.3,22.1,34.9,504,3,3,3
9/18/16 1:45,76.2125,24.6,8.3,22.1,34.8,504,3,3,3
9/18/16 2:00,76.2687,24.6,8.3,22.1,34.8,500,3,3,3
9/18/16 2:15,76.2687,24.6,8.3,22.1,34.8,501,3,3,3
9/18/16 2:30,76.2125,24.6,8.3,22.1,34.8,498,3,3,3
9/18/16 2:45,76.2125,24.6,8.3,22.1,34.8,502,3,3,3
9/18/16 3:00,76.2687,24.6,8.3,22.1,34.8,502,3,3,3
9/18/16 3:15,76.2125,24.6,8.3,22.1,34.8,502,3,3,3
9/18/16 3:30,76.2125,24.6,8.3,22.1,34.8,502,3,3,3
9/18/16 3:45,76.2125,24.6,8.3,22.1,34.8,503,3,3,3
9/18/16 4:00,76.1563,24.6,8.3,22.1,34.8,505,3,3,3
9/18/16 4:15,76.1563,24.6,8.3,22.1,34.8,503,3,3,3
9/18/16 4:30,76.1563,24.5,8.3,22.1,34.8,504,3,3,3
9/18/16 4:45,76.1563,24.5,8.3,22.1,34.8,501,3,3,3
9/18/16 5:00,76.1563,24.5,8.3,22.1,34.8,501,3,3,3
9/18/16 5:15,76.1563,24.5,8.3,22.1,34.8,502,3,3,3
9/18/16 5:30,76.1,24.5,8.3,22.1,34.8,503,3,3,3
9/18/16 5:45,76.1,24.5,8.3,22.1,34.8,504,3,3,3
9/18/16 6:00,76.1,24.5,8.3,22.1,34.8,506,3,3,3
9/18/16 6:15,76.0438,24.5,8.3,22.1,34.8,504,3,3,3
9/18/16 6:30,76.1,24.5,8.3,22.1,34.8,501,3,3,3
9/18/16 6:45,76.1,24.5,8.3,22.1,34.8,501,3,3,3
9/18/16 7:00,76.1,24.5,8.3,22.1,34.8,502,3,3,3
9/18/16 7:15,76.1,24.5,8.3,22.1,34.8,501,3,3,3
9/18/16 7:30,76.0438,24.5,8.3,22.1,34.8,502,3,3,3
9/18/16 7:45,76.0438,24.5,8.3,22.1,34.8,501,3,3,3
9/18/16 8:00,76.0438,24.5,8.3,22.1,34.8,501,3,3,3
9/18/16 8:15,76.0438,24.5,8.3,22.1,34.8,499,3,3,3
9/18/16 8:30,76.0438,24.5,8.3,22.1,34.8,503,3,3,3
9/18/16 8:45,76.0438,24.5,8.3,22.1,34.8,504,3,3,3
9/18/16 9:00,76.0438,24.5,8.3,22.1,34.8,504,3,3,3
9/18/16 9:15,76.0438,24.5,8.3,22.1,34.8,503,3,3,3
9/18/16 9:30,76.1,24.5,8.3,22.1,34.8,503,3,3,3
9/18/16 9:45,76.1,24.5,8.3,22.1,34.8,503,3,3,3
9/18/16 10:00,76.1,24.5,8.3,22.1,34.8,499,3,3,3
9/18/16 10:15,76.1,24.5,8.3,22.1,34.8,499,3,3,3
9/18/16 10:30,76.1563,24.5,8.3,22.1,34.8,500,3,3,3
9/18/16 10:45,76.1563,24.5,8.3,22.1,34.8,499,3,3,3
9/18/16 11:00,76.1563,24.5,8.3,22.1,34.8,499,3,3,3
9/18/16 11:15,76.2125,24.5,8.3,22.1,34.8,503,3,3,3
9/18/16 11:30,76.2125,24.5,8.3,22.1,34.8,501,3,3,3
9/18/16 11:45,76.2125,24.6,8.3,22.1,34.9,495,3,3,3
9/18/16 12:00,76.2687,24.6,8.3,22.1,34.9,492,3,3,3
9/18/16 12:15,76.2687,24.6,8.3,22.1,34.9,499,3,3,3
9/18/16 12:30,76.325,24.6,8.3,22.1,34.9,496,3,3,3
9/18/16 12:45,76.325,24.6,8.3,22.1,34.9,499,3,3,3
9/18/16 13:00,76.3813,24.6,8.3,22.1,34.9,497,3,3,3
9/18/16 13:15,76.3813,24.6,8.3,22.1,34.9,499,3,3,3
9/18/16 13:30,76.3813,24.6,8.3,22.1,34.9,499,3,3,3
9/18/16 13:45,76.3813,24.6,8.3,22.1,34.9,501,3,3,3
9/18/16 14:00,76.4375,24.7,8.3,22.1,34.9,496,3,3,3
9/18/16 14:15,76.4375,24.7,8.3,22.1,34.9,497,3,3,3
9/18/16 14:30,76.4375,24.7,8.3,22.1,34.9,501,3,3,3
9/18/16 14:45,76.4375,24.7,8.3,22.1,35,499,3,3,3
9/18/16 15:00,76.4375,24.7,8.3,22.1,35,502,3,3,3
9/18/16 15:15,76.4375,24.7,8.3,22.1,35,506,3,3,3
9/18/16 15:30,76.4938,24.7,8.3,22.1,35,509,3,3,3
9/18/16 15:45,76.4938,24.7,8.3,22.1,35,508,3,3,3
9/18/16 16:00,76.4375,24.7,8.3,22.1,35,509,3,3,3
9/18/16 16:15,76.4375,24.7,8.3,22.1,35,512,3,3,3
9/18/16 16:30,76.4375,24.7,8.3,22.1,35,513,3,3,3
9/18/16 16:45,76.4375,24.7,8.3,22.1,35,509,3,3,3
9/18/16 17:00,76.4375,24.7,8.3,22.1,35,514,3,3,3
9/18/16 17:15,76.3813,24.7,8.3,22.1,35,514,3,3,3
9/18/16 17:30,76.4375,24.7,8.3,22.1,35,514,3,3,3
9/18/16 17:45,76.4375,24.7,8.3,22.1,35,515,3,3,3
9/18/16 18:00,76.3813,24.7,8.3,22.1,35,514,3,3,3
9/18/16 18:15,76.3813,24.7,8.3,22.1,35,512,3,3,3
9/18/16 18:30,76.325,24.7,8.3,22.1,35,511,3,3,3
9/18/16 18:45,76.3813,24.7,8.3,22.1,35,511,3,3,3
9/18/16 19:00,76.3813,24.7,8.3,22.1,35,511,3,3,3
9/18/16 19:15,76.3813,24.7,8.3,22.1,35,513,3,3,3
9/18/16 19:30,76.3813,24.7,8.3,22.1,35,514,3,3,3
9/18/16 19:45,76.3813,24.7,8.3,22.1,35,511,3,3,3
9/18/16 20:00,76.3813,24.7,8.3,22.1,35,511,3,3,3
9/18/16 20:15,76.3813,24.7,8.3,22.1,35,514,3,3,3
9/18/16 20:30,76.3813,24.7,8.3,22.1,35,511,3,3,3
9/18/16 20:45,76.3813,24.7,8.3,22.1,34.9,511,3,3,3
9/18/16 21:00,76.3813,24.7,8.3,22.1,34.9,509,3,3,3
9/18/16 21:15,76.3813,24.7,8.3,22.1,34.9,514,3,3,3
9/18/16 21:30,76.325,24.6,8.3,22.1,34.9,514,3,3,3
9/18/16 21:45,76.325,24.6,8.3,22.1,34.9,508,3,3,3
9/18/16 22:00,76.325,24.6,8.3,22.1,34.9,512,3,3,3
9/18/16 22:15,76.325,24.6,8.3,22.1,34.9,511,3,3,3
9/18/16 22:30,76.325,24.6,8.3,22.1,34.9,511,3,3,3
9/18/16 22:45,76.325,24.6,8.3,22.1,34.9,511,3,3,3
9/18/16 23:00,76.325,24.6,8.3,22.1,34.9,509,3,3,3
9/18/16 23:15,76.325,24.6,8.3,22.1,34.9,507,3,3,3
9/18/16 23:30,76.325,24.6,8.3,22.1,34.9,508,3,3,3
9/18/16 23:45,76.325,24.6,8.3,22.1,34.9,511,3,3,3
9/19/16 0:00,76.2687,24.6,8.3,22.1,34.9,511,3,3,3
9/19/16 0:15,76.2687,24.6,8.3,22.1,34.9,510,3,3,3
9/19/16 0:30,76.2687,24.6,8.3,22.1,34.9,511,3,3,3
9/19/16 0:45,76.2687,24.6,8.3,22.1,34.9,512,3,3,3
9/19/16 1:00,76.2687,24.6,8.3,22.1,34.9,508,3,3,3
9/19/16 1:15,76.2687,24.6,8.3,22.1,34.9,512,3,3,3
9/19/16 1:30,76.2125,24.6,8.3,22.1,34.9,511,3,3,3
9/19/16 1:45,76.2687,24.6,8.3,22.1,34.9,512,3,3,3
9/19/16 2:00,76.2125,24.6,8.3,22.1,34.9,510,3,3,3
9/19/16 2:15,76.2125,24.6,8.3,22.1,34.9,509,3,3,3
9/19/16 2:30,76.2125,24.6,8.3,22.1,34.9,509,3,3,3
9/19/16 2:45,76.2125,24.6,8.3,22.1,34.9,508,3,3,3
9/19/16 3:00,76.2125,24.6,8.3,22.1,34.9,512,3,3,3
9/19/16 3:15,76.2125,24.6,8.3,22.1,34.9,510,3,3,3
9/19/16 3:30,76.1563,24.6,8.3,22.1,34.9,512,3,3,3
9/19/16 3:45,76.1563,24.5,8.3,22.1,34.9,509,3,3,3
9/19/16 4:00,76.1563,24.5,8.3,22.1,34.9,512,3,3,3
9/19/16 4:15,76.1563,24.5,8.3,22.1,34.9,512,3,3,3
9/19/16 4:30,76.1563,24.5,8.3,22.1,34.9,513,3,3,3
9/19/16 4:45,76.1563,24.5,8.3,22.1,34.9,510,3,3,3
9/19/16 5:00,76.1,24.5,8.3,22.1,34.9,513,3,3,3
9/19/16 5:15,76.1563,24.5,8.3,22.1,34.9,511,3,3,3
9/19/16 5:30,76.1563,24.5,8.3,22.1,34.9,511,3,3,3
9/19/16 5:45,76.1,24.5,8.3,22.1,34.9,511,3,3,3
9/19/16 6:00,76.1,24.5,8.3,22.1,34.8,515,3,3,3
9/19/16 6:15,76.0438,24.5,8.3,22.1,34.8,513,3,3,3
9/19/16 6:30,76.1,24.5,8.3,22.1,34.8,513,3,3,3
9/19/16 6:45,76.1,24.5,8.3,22.1,34.8,514,3,3,3
9/19/16 7:00,76.1,24.5,8.3,22.1,34.8,512,3,3,3
9/19/16 7:15,76.0438,24.5,8.3,22.1,34.8,511,3,3,3
9/19/16 7:30,76.1,24.5,8.3,22.1,34.8,512,3,3,3
9/19/16 7:45,76.0438,24.5,8.3,22.1,34.8,509,3,3,3
9/19/16 8:00,76.0438,24.5,8.3,22.1,34.8,507,3,3,3
9/19/16 8:15,76.0438,24.5,8.3,22.1,34.8,510,3,3,3
9/19/16 8:30,76.1,24.5,8.3,22.1,34.8,512,3,3,3
9/19/16 8:45,76.1,24.5,8.3,22.1,34.8,511,3,3,3
9/19/16 9:00,76.0438,24.5,8.3,22.1,34.8,514,3,3,3
9/19/16 9:15,76.1,24.5,8.3,22.1,34.8,515,3,3,3
9/19/16 9:30,76.1,24.5,8.3,22.1,34.8,514,3,3,3
9/19/16 9:45,76.1563,24.5,8.3,22.1,34.8,510,3,3,3
9/19/16 10:00,76.1563,24.5,8.3,22.1,34.8,507,3,3,3
9/19/16 10:15,76.1563,24.5,8.3,22.1,34.8,507,3,3,3
9/19/16 10:30,76.1563,24.5,8.3,22.1,34.9,506,3,3,3
9/19/16 10:45,76.2125,24.5,8.3,22.1,34.9,506,3,3,3
9/19/16 11:00,76.2125,24.5,8.3,22.1,34.9,506,3,3,3
9/19/16 11:15,76.2125,24.5,8.3,22.1,34.9,503,3,3,3
9/19/16 11:30,76.2125,24.6,8.3,22.1,34.9,502,3,3,3
9/19/16 11:45,76.2687,24.6,8.3,22.1,34.9,503,3,3,3
9/19/16 12:00,76.325,24.6,8.3,22.1,34.9,502,3,3,3
9/19/16 12:15,76.2687,24.6,8.3,22.1,34.9,502,3,3,3
9/19/16 12:30,76.325,24.6,8.3,22.1,34.9,504,3,3,3
9/19/16 12:45,76.325,24.6,8.3,22.1,34.9,505,3,3,3
9/19/16 13:00,76.325,24.6,8.3,22.1,34.9,503,3,3,3
9/19/16 13:15,76.325,24.6,8.3,22.1,34.9,505,3,3,3
9/19/16 13:30,76.3813,24.6,8.3,22.1,34.9,506,3,3,3
9/19/16 13:45,76.3813,24.6,8.3,22.1,34.9,504,3,3,3
9/19/16 14:00,76.325,24.6,8.3,22.1,34.9,505,3,3,3
9/19/16 14:15,76.3813,24.6,8.3,22.1,34.9,505,3,3,3
9/19/16 14:30,76.3813,24.6,8.3,22.1,34.9,506,3,3,3
9/19/16 14:45,76.3813,24.6,8.3,22.1,34.9,503,3,3,3
9/19/16 15:00,76.325,24.6,8.3,22.1,34.9,501,3,3,3
9/19/16 15:15,76.325,24.6,8.3,22.1,34.9,503,3,3,3
9/19/16 15:30,76.325,24.6,8.3,22.1,34.9,502,3,3,3
9/19/16 15:45,76.325,24.6,8.3,22.1,34.9,499,3,3,3
9/19/16 16:00,76.325,24.6,8.3,22.1,34.9,493,3,3,3
9/19/16 16:15,76.325,24.6,8.3,22.1,34.9,492,3,3,3
9/19/16 16:30,76.325,24.6,8.3,22.1,34.9,493,3,3,3
9/19/16 16:45,76.325,24.6,8.3,22.1,34.9,492,3,3,3
9/19/16 17:00,76.325,24.6,8.3,22.1,34.9,492,3,3,3
9/19/16 17:15,76.325,24.6,8.3,22.1,34.9,491,3,3,3
9/19/16 17:30,76.2687,24.6,8.3,22.1,34.9,492,3,3,3
9/19/16 17:45,76.2687,24.6,8.3,22.1,34.9,492,3,3,3
9/19/16 18:00,76.2687,24.6,8.3,22.1,34.9,492,3,3,3
9/19/16 18:15,76.2687,24.6,8.3,22.1,34.9,484,3,3,3
9/19/16 18:30,76.2687,24.6,8.3,22.1,34.9,489,3,3,3
9/19/16 18:45,76.2687,24.6,8.3,22.1,34.9,490,3,3,3
9/19/16 19:00,76.2125,24.6,8.3,22.1,34.9,493,3,3,3
9/19/16 19:15,76.2125,24.6,8.3,22.1,34.9,490,3,3,3
9/19/16 19:30,76.2125,24.6,8.3,22.1,34.9,492,3,3,3
9/19/16 19:45,76.2687,24.6,8.3,22.1,34.9,489,3,3,3
9/19/16 20:00,76.2125,24.6,8.3,22.1,34.9,489,3,3,3
9/19/16 20:15,76.2125,24.6,8.3,22.1,34.9,491,3,3,3
9/19/16 20:30,76.2125,24.6,8.3,22.1,34.9,491,3,3,3
9/19/16 20:45,76.2125,24.6,8.3,22.1,34.9,489,3,3,3
9/19/16 21:00,76.2125,24.6,8.3,22.1,34.9,491,3,3,3
9/19/16 21:15,76.2125,24.6,8.3,22.1,34.9,491,3,3,3
9/19/16 21:30,76.2125,24.6,8.3,22.1,34.9,492,3,3,3
9/19/16 21:45,76.1563,24.6,8.3,22.1,34.9,488,3,3,3
9/19/16 22:00,76.2125,24.6,8.3,22.1,34.9,489,3,3,3
9/19/16 22:15,76.1563,24.6,8.3,22.1,34.9,491,3,3,3
9/19/16 22:30,76.2125,24.6,8.3,22.1,34.9,492,3,3,3
9/19/16 22:45,76.2125,24.6,8.3,22.1,34.9,494,3,3,3
9/19/16 23:00,76.2125,24.6,8.3,22.1,34.9,494,3,3,3
9/19/16 23:15,76.1563,24.6,8.3,22.1,34.9,493,3,3,3
9/19/16 23:30,76.1563,24.6,8.3,22.1,34.9,494,3,3,3
9/19/16 23:45,76.1563,24.6,8.3,22.1,34.8,498,3,3,3
9/20/16 0:00,76.1563,24.5,8.3,22.1,34.8,494,3,3,3
9/20/16 0:15,76.1563,24.5,8.3,22.1,34.8,490,3,3,3
9/20/16 0:30,76.2125,24.5,8.3,22.1,34.8,494,3,3,3
9/20/16 0:45,76.1563,24.5,8.3,22.1,34.8,495,3,3,3
9/20/16 1:00,76.1563,24.5,8.3,22.1,34.8,496,3,3,3
9/20/16 1:15,76.1563,24.5,8.3,22.1,34.8,493,3,3,3
9/20/16 1:30,76.1563,24.5,8.3,22.1,34.8,493,3,3,3
9/20/16 1:45,76.1563,24.5,8.3,22.1,34.8,492,3,3,3
9/20/16 2:00,76.1563,24.5,8.3,22.1,34.8,491,3,3,3
9/20/16 2:15,76.1563,24.5,8.3,22.1,34.8,491,3,3,3
9/20/16 2:30,76.1563,24.5,8.3,22.1,34.8,490,3,3,3
9/20/16 2:45,76.1,24.5,8.3,22.1,34.8,491,3,3,3
9/20/16 3:00,76.1563,24.5,8.3,22.1,34.8,490,3,3,3
9/20/16 3:15,76.1,24.5,8.3,22.1,34.8,489,3,3,3
9/20/16 3:30,76.1563,24.5,8.3,22.1,34.8,489,3,3,3
9/20/16 3:45,76.1,24.5,8.3,22.1,34.8,488,3,3,3
9/20/16 4:00,76.1,24.5,8.3,22.1,34.8,489,3,3,3
9/20/16 4:15,76.1,24.5,8.3,22.1,34.8,488,3,3,3
9/20/16 4:30,76.0438,24.5,8.3,22.1,34.8,489,3,3,3
9/20/16 4:45,76.1,24.5,8.3,22.1,34.8,488,3,3,3
9/20/16 5:00,76.0438,24.5,8.3,22.1,34.8,489,3,3,3
9/20/16 5:15,76.0438,24.5,8.3,22.1,34.8,489,3,3,3
9/20/16 5:30,76.0438,24.5,8.3,22.1,34.8,490,3,3,3
9/20/16 5:45,76.0438,24.5,8.3,22.1,34.8,491,3,3,3
9/20/16 6:00,76.0438,24.5,8.3,22.1,34.8,492,3,3,3
9/20/16 6:15,75.9875,24.5,8.3,22.1,34.8,486,3,3,3
9/20/16 6:30,76.0438,24.5,8.3,22.1,34.8,493,3,3,3
9/20/16 6:45,76.0438,24.5,8.3,22.1,34.8,494,3,3,3
9/20/16 7:00,76.0438,24.5,8.3,22.1,34.8,491,3,3,3
9/20/16 7:15,76.0438,24.5,8.3,22.1,34.8,490,3,3,3
9/20/16 7:30,76.0438,24.5,8.3,22.1,34.8,491,3,3,3
9/20/16 7:45,76.0438,24.5,8.3,22.1,34.8,490,3,3,3
9/20/16 8:00,76.0438,24.5,8.3,22.1,34.8,492,3,3,3
9/20/16 8:15,76.0438,24.5,8.3,22.1,34.8,492,3,3,3
9/20/16 8:30,76.0438,24.5,8.3,22.1,34.8,491,3,3,3
9/20/16 8:45,76.0438,24.5,8.3,22.1,34.8,492,3,3,3
9/20/16 9:00,76.0438,24.5,8.3,22.1,34.8,492,3,3,3
9/20/16 9:15,76.0438,24.4,8.3,22.1,34.8,491,3,3,3
9/20/16 9:30,76.0438,24.4,8.3,22.1,34.8,490,3,3,3
9/20/16 9:45,75.9875,24.4,8.3,22.1,34.8,490,3,3,3
9/20/16 10:00,76.0438,24.4,8.3,22.1,34.8,489,3,3,3
9/20/16 10:15,75.9875,24.4,8.3,22.1,34.8,489,3,3,3
9/20/16 10:30,75.9875,24.4,8.3,22.1,34.8,489,3,3,3
9/20/16 10:45,75.9875,24.4,8.3,22.1,34.8,489,3,3,3
9/20/16 11:00,75.9875,24.4,8.3,22.1,34.8,490,3,3,3
9/20/16 11:15,75.9875,24.4,8.3,22.1,34.8,490,3,3,3
9/20/16 11:30,76.0438,24.4,8.3,22.1,34.8,489,3,3,3
9/20/16 11:45,75.9875,24.4,8.3,22.1,34.8,490,3,3,3
9/20/16 12:00,76.0438,24.4,8.3,22.1,34.8,488,3,3,3
9/20/16 12:15,75.9875,24.4,8.3,22.1,34.8,491,3,3,3
9/20/16 12:30,76.0438,24.4,8.3,22.1,34.8,492,3,3,3
9/20/16 12:45,76.0438,24.4,8.3,22.1,34.8,492,3,3,3
9/20/16 13:00,76.0438,24.4,8.3,22.1,34.8,491,3,3,3
9/20/16 13:15,76.0438,24.4,8.3,22.1,34.8,490,3,3,3
9/20/16 13:30,76.0438,24.4,8.3,22.1,34.8,490,3,3,3
9/20/16 13:45,76.0438,24.4,8.3,22.1,34.8,490,3,3,3
9/20/16 14:00,75.9875,24.4,8.3,22.1,34.8,487,3,3,3
9/20/16 14:15,76.0438,24.4,8.3,22.1,34.8,491,3,3,3
9/20/16 14:30,76.0438,24.4,8.3,22.1,34.8,492,3,3,3
9/20/16 14:45,76.0438,24.5,8.3,22.1,34.8,492,3,3,3
9/20/16 15:00,76.0438,24.5,8.3,22.1,34.8,493,3,3,3
9/20/16 15:15,76.0438,24.5,8.3,22.1,34.8,492,3,3,3
9/20/16 15:30,76.0438,24.5,8.3,22.1,34.8,492,3,3,3
9/20/16 15:45,76.1,24.5,8.3,22.1,34.8,496,3,3,3
9/20/16 16:00,76.0438,24.5,8.3,22.1,34.8,497,3,3,3
9/20/16 16:15,76.1,24.5,8.3,22.1,34.8,497,3,3,3
9/20/16 16:30,76.0438,24.5,8.3,22.1,34.8,496,3,3,3
9/20/16 16:45,76.0438,24.5,8.3,22.1,34.8,496,3,3,3
9/20/16 17:00,76.0438,24.5,8.3,22.1,34.8,496,3,3,3
9/20/16 17:15,76.0438,24.5,8.3,22.1,34.8,496,3,3,3
9/20/16 17:30,76.0438,24.5,8.3,22.1,34.8,495,3,3,3
9/20/16 17:45,76.0438,24.5,8.3,22.1,34.8,494,3,3,3
9/20/16 18:00,76.0438,24.5,8.3,22.1,34.8,494,3,3,3
9/20/16 18:15,76.0438,24.5,8.3,22.1,34.8,494,3,3,3
9/20/16 18:30,76.0438,24.5,8.3,22.1,34.8,495,3,3,3
9/20/16 18:45,76.0438,24.5,8.3,22.1,34.8,484,3,3,3
9/20/16 19:00,76.0438,24.5,8.3,22.1,34.8,494,3,3,3
9/20/16 19:15,76.0438,24.5,8.3,22.1,34.8,496,3,3,3
9/20/16 19:30,76.0438,24.5,8.3,22.1,34.8,498,3,3,3
9/20/16 19:45,76.0438,24.5,8.3,22.1,34.8,495,3,3,3
9/20/16 20:00,76.0438,24.5,8.3,22.1,34.8,490,3,3,3
9/20/16 20:15,76.0438,24.5,8.3,22.1,34.8,491,3,3,3
9/20/16 20:30,76.0438,24.5,8.3,22.1,34.8,490,3,3,3
9/20/16 20:45,76.0438,24.5,8.3,22.1,34.8,489,3,3,3
9/20/16 21:00,76.0438,24.5,8.3,22.1,34.8,490,3,3,3
9/20/16 21:15,76.0438,24.5,8.3,22.1,34.8,489,3,3,3
9/20/16 21:30,76.0438,24.5,8.3,22.1,34.8,492,3,3,3
9/20/16 21:45,76.0438,24.5,8.3,22.1,34.8,491,3,3,3
9/20/16 22:00,76.0438,24.5,8.3,22.1,34.8,492,3,3,3
9/20/16 22:15,76.0438,24.5,8.3,22.1,34.8,492,3,3,3
9/20/16 22:30,76.0438,24.5,8.3,22.1,34.8,493,3,3,3
9/20/16 22:45,75.9875,24.5,8.3,22.1,34.8,492,3,3,3
9/20/16 23:00,76.0438,24.5,8.3,22.1,34.8,493,3,3,3
9/20/16 23:15,76.0438,24.5,8.3,22.1,34.8,494,3,3,3
9/20/16 23:30,76.0438,24.5,8.3,22.1,34.8,494,3,3,3
9/20/16 23:45,75.9875,24.5,8.3,22.1,34.8,495,3,3,3
9/21/16 0:00,76.0438,24.5,8.3,22.1,34.8,495,3,3,3
9/21/16 0:15,75.9875,24.5,8.3,22.1,34.8,500,3,3,3
9/21/16 0:30,75.9875,24.5,8.3,22.1,34.8,500,3,3,3
9/21/16 0:45,75.9875,24.5,8.3,22.1,34.8,499,3,3,3
9/21/16 1:00,75.9875,24.4,8.3,22.1,34.8,494,3,3,3
9/21/16 1:15,75.9875,24.4,8.3,22.1,34.8,500,3,3,3
9/21/16 1:30,75.9875,24.4,8.3,22.1,34.7,498,3,3,3
9/21/16 1:45,75.9875,24.4,8.3,22.1,34.7,500,3,3,3
9/21/16 2:00,75.9313,24.4,8.3,22.1,34.7,501,3,3,3
9/21/16 2:15,75.9875,24.4,8.3,22.1,34.7,503,3,3,3
9/21/16 2:30,75.9875,24.4,8.3,22.1,34.7,503,3,3,3
9/21/16 2:45,75.9875,24.4,8.3,22.1,34.7,503,3,3,3
9/21/16 3:00,75.9313,24.4,8.3,22.1,34.7,502,3,3,3
9/21/16 3:15,75.9313,24.4,8.3,22.1,34.7,502,3,3,3
9/21/16 3:30,75.9313,24.4,8.3,22.1,34.7,503,3,3,3
9/21/16 3:45,75.9875,24.4,8.3,22.1,34.7,503,3,3,3
9/21/16 4:00,75.9313,24.4,8.3,22.1,34.7,503,3,3,3
9/21/16 4:15,75.9313,24.4,8.3,22.1,34.7,504,3,3,3
9/21/16 4:30,75.9313,24.4,8.3,22.1,34.7,504,3,3,3
9/21/16 4:45,75.9313,24.4,8.3,22.1,34.7,504,3,3,3
9/21/16 5:00,75.9313,24.4,8.3,22.1,34.7,504,3,3,3
9/21/16 5:15,75.9313,24.4,8.3,22.1,34.7,504,3,3,3
9/21/16 5:30,75.9313,24.4,8.3,22.1,34.7,505,3,3,3
9/21/16 5:45,75.9313,24.4,8.3,22.1,34.7,507,3,3,3
9/21/16 6:00,75.875,24.4,8.3,22.1,34.7,508,3,3,3
9/21/16 6:15,75.875,24.4,8.3,22.1,34.7,510,3,3,3
9/21/16 6:30,75.9313,24.4,8.3,22.1,34.7,510,3,3,3
9/21/16 6:45,75.9313,24.4,8.3,22.1,34.7,509,3,3,3
9/21/16 7:00,75.9313,24.4,8.3,22.1,34.7,508,3,3,3
9/21/16 7:15,75.9313,24.4,8.3,22.1,34.7,511,3,3,3
9/21/16 7:30,75.875,24.4,8.3,22.1,34.7,509,3,3,3
9/21/16 7:45,75.9313,24.4,8.3,22.1,34.7,509,3,3,3
9/21/16 8:00,75.9313,24.4,8.3,22.1,34.7,508,3,3,3
9/21/16 8:15,75.875,24.4,8.3,22.1,34.7,507,3,3,3
9/21/16 8:30,75.9313,24.4,8.3,22.1,34.7,507,3,3,3
9/21/16 8:45,75.875,24.4,8.3,22.1,34.7,509,3,3,3
9/21/16 9:00,75.9313,24.4,8.3,22.1,34.7,509,3,3,3
9/21/16 9:15,75.9313,24.4,8.3,22.1,34.7,508,3,3,3
9/21/16 9:30,75.9313,24.4,8.3,22.1,34.7,507,3,3,3
9/21/16 9:45,75.9313,24.4,8.3,22.1,34.7,508,3,3,3
9/21/16 10:00,75.9875,24.4,8.3,22.1,34.8,509,3,3,3
9/21/16 10:15,75.9875,24.4,8.3,22.1,34.8,508,3,3,3
9/21/16 10:30,76.0438,24.4,8.3,22.1,34.8,504,3,3,3
9/21/16 10:45,76.0438,24.4,8.3,22.1,34.8,503,3,3,3
9/21/16 11:00,76.0438,24.5,8.3,22.1,34.8,504,3,3,3
9/21/16 11:15,76.1,24.5,8.3,22.1,34.8,502,3,3,3
9/21/16 11:30,76.1563,24.5,8.3,22.1,34.8,501,3,3,3
9/21/16 11:45,76.1563,24.5,8.3,22.1,34.8,500,3,3,3
9/21/16 12:00,76.1563,24.5,8.3,22.1,34.8,500,3,3,3
9/21/16 12:15,76.1563,24.5,8.3,22.1,34.8,499,3,3,3
9/21/16 12:30,76.2125,24.5,8.3,22.1,34.8,500,3,3,3
9/21/16 12:45,76.2125,24.6,8.3,22.1,34.8,500,3,3,3
9/21/16 13:00,76.2687,24.6,8.3,22.1,34.8,501,3,3,3
9/21/16 13:15,76.2687,24.6,8.3,22.1,34.9,501,3,3,3
9/21/16 13:30,76.325,24.6,8.3,22.1,34.9,502,3,3,3
9/21/16 13:45,76.325,24.6,8.3,22.1,34.9,502,3,3,3
9/21/16 14:00,76.325,24.6,8.3,22.1,34.9,502,3,3,3
9/21/16 14:15,76.325,24.6,8.3,22.1,34.9,499,3,3,3
9/21/16 14:30,76.325,24.6,8.3,22.1,34.9,503,3,3,3
9/21/16 14:45,76.325,24.6,8.3,22.1,34.9,502,3,3,3
9/21/16 15:00,76.3813,24.6,8.3,22.1,34.9,502,3,3,3
9/21/16 15:15,76.325,24.6,8.3,22.1,34.9,501,3,3,3
9/21/16 15:30,76.3813,24.6,8.3,22.1,34.9,502,3,3,3
9/21/16 15:45,76.3813,24.6,8.3,22.1,34.9,502,3,3,3
9/21/16 16:00,76.3813,24.6,8.3,22.1,34.9,503,3,3,3
9/21/16 16:15,76.3813,24.6,8.3,22.1,34.9,504,3,3,3
9/21/16 16:30,76.325,24.6,8.3,22.1,34.9,506,3,3,3
9/21/16 16:45,76.3813,24.6,8.3,22.1,34.9,504,3,3,3
9/21/16 17:00,76.3813,24.6,8.3,22.1,34.9,505,3,3,3
9/21/16 17:15,76.3813,24.6,8.3,22.1,34.9,504,3,3,3
9/21/16 17:30,76.3813,24.6,8.3,22.1,34.9,505,3,3,3
9/21/16 17:45,76.325,24.6,8.3,22.1,34.9,505,3,3,3
9/21/16 18:00,76.325,24.6,8.3,22.1,34.9,506,3,3,3
9/21/16 18:15,76.3813,24.6,8.3,22.1,34.9,507,3,3,3
9/21/16 18:30,76.3813,24.6,8.3,22.1,34.9,508,3,3,3
9/21/16 18:45,76.3813,24.6,8.3,22.1,34.9,507,3,3,3
9/21/16 19:00,76.325,24.6,8.3,22.1,34.9,510,3,3,3
9/21/16 19:15,76.325,24.6,8.3,22.1,34.9,510,3,3,3
9/21/16 19:30,76.3813,24.6,8.3,22.1,34.9,513,3,3,3
9/21/16 19:45,76.325,24.6,8.3,22.1,34.9,512,3,3,3
9/21/16 20:00,76.325,24.6,8.3,22.1,34.9,516,3,3,3
9/21/16 20:15,76.325,24.6,8.3,22.1,34.9,517,3,3,3
9/21/16 20:30,76.325,24.6,8.3,22.1,34.9,517,3,3,3
9/21/16 20:45,76.325,24.6,8.3,22.1,34.9,517,3,3,3
9/21/16 21:00,76.325,24.6,8.3,22.1,34.9,518,3,3,3
9/21/16 21:15,76.325,24.6,8.3,22.1,34.9,520,3,3,3
9/21/16 21:30,76.325,24.6,8.3,22.1,34.9,519,3,3,3
9/21/16 21:45,76.325,24.6,8.3,22.1,34.9,519,3,3,3
9/21/16 22:00,76.325,24.6,8.3,22.1,34.9,520,3,3,3
9/21/16 22:15,76.325,24.6,8.3,22.1,34.9,518,3,3,3
9/21/16 22:30,76.325,24.6,8.3,22.1,34.9,517,3,3,3
9/21/16 22:45,76.325,24.6,8.3,22.1,34.9,523,3,3,3
9/21/16 23:00,76.325,24.6,8.3,22.1,34.9,521,3,3,3
9/21/16 23:15,76.2687,24.6,8.3,22.1,34.9,519,3,3,3
9/21/16 23:30,76.325,24.6,8.3,22.1,34.9,519,3,3,3
9/21/16 23:45,76.325,24.6,8.3,22.1,34.9,521,3,3,3
9/22/16 0:00,76.2687,24.6,8.3,22.1,34.9,520,3,3,3
9/22/16 0:15,76.2687,24.6,8.3,22.1,34.9,519,3,3,3
9/22/16 0:30,76.325,24.6,8.3,22.1,34.9,518,3,3,3
9/22/16 0:45,76.325,24.6,8.3,22.1,34.9,519,3,3,3
9/22/16 1:00,76.2687,24.6,8.3,22.1,34.9,519,3,3,3
9/22/16 1:15,76.2687,24.6,8.3,22.1,34.9,518,3,3,3
9/22/16 1:30,76.2687,24.6,8.3,22.1,34.9,519,3,3,3
9/22/16 1:45,76.2687,24.6,8.3,22.1,34.9,519,3,3,3
9/22/16 2:00,76.2687,24.6,8.3,22.1,34.9,520,3,3,3
9/22/16 2:15,76.2687,24.6,8.3,22.1,34.8,520,3,3,3
9/22/16 2:30,76.2687,24.6,8.3,22.1,34.8,522,3,3,3
9/22/16 2:45,76.2687,24.6,8.3,22.1,34.8,521,3,3,3
9/22/16 3:00,76.2687,24.6,8.3,22.1,34.8,522,3,3,3
9/22/16 3:15,76.2125,24.6,8.3,22.1,34.8,522,3,3,3
9/22/16 3:30,76.2125,24.6,8.3,22.1,34.8,523,3,3,3
9/22/16 3:45,76.2687,24.6,8.3,22.1,34.8,524,3,3,3
9/22/16 4:00,76.2125,24.6,8.3,22.1,34.8,524,3,3,3
9/22/16 4:15,76.2125,24.6,8.3,22.1,34.8,523,3,3,3
9/22/16 4:30,76.2125,24.6,8.3,22.1,34.8,524,3,3,3
9/22/16 4:45,76.2687,24.6,8.3,22.1,34.8,524,3,3,3
9/22/16 5:00,76.2125,24.6,8.3,22.1,34.8,525,3,3,3
9/22/16 5:15,76.2125,24.6,8.3,22.1,34.8,525,3,3,3
9/22/16 5:30,76.2687,24.6,8.3,22.1,34.8,525,3,3,3
9/22/16 5:45,76.2125,24.6,8.3,22.1,34.8,524,3,3,3
9/22/16 6:00,76.2125,24.6,8.3,22.1,34.8,525,3,3,3
9/22/16 6:15,76.1563,24.5,8.3,22.1,34.8,524,3,3,3
9/22/16 6:30,76.2125,24.5,8.3,22.1,34.8,525,3,3,3
9/22/16 6:45,76.2125,24.5,8.3,22.1,34.8,525,3,3,3
9/22/16 7:00,76.2125,24.5,8.3,22.1,34.8,526,3,3,3
9/22/16 7:15,76.1563,24.5,8.3,22.1,34.8,514,3,3,3
9/22/16 7:30,76.1563,24.5,8.3,22.1,34.8,514,3,3,3
9/22/16 7:45,76.1563,24.5,8.3,22.1,34.8,515,3,3,3
9/22/16 8:00,76.1563,24.5,8.3,22.1,34.8,515,3,3,3
9/22/16 8:15,76.1563,24.5,8.3,22.1,34.8,512,3,3,3
9/22/16 8:30,76.2125,24.5,8.3,22.1,34.8,513,3,3,3
9/22/16 8:45,76.1563,24.5,8.3,22.1,34.8,516,3,3,3
9/22/16 9:00,76.2125,24.5,8.3,22.1,34.8,518,3,3,3
9/22/16 9:15,76.2125,24.5,8.3,22.1,34.8,517,3,3,3
9/22/16 9:30,76.2687,24.5,8.3,22.1,34.8,518,3,3,3
9/22/16 9:45,76.2687,24.6,8.3,22.1,34.8,517,3,3,3
9/22/16 10:00,76.2687,24.6,8.3,22.1,34.9,515,3,3,3
9/22/16 10:15,76.2687,24.6,8.3,22.1,34.9,516,3,3,3
9/22/16 10:30,76.325,24.6,8.3,22.1,34.9,514,3,3,3
9/22/16 10:45,76.325,24.6,8.3,22.1,34.9,508,3,3,3
9/22/16 11:00,76.3813,24.6,8.3,22.1,34.9,507,3,3,3
9/22/16 11:15,76.3813,24.6,8.3,22.1,34.9,508,3,3,3
9/22/16 11:30,76.4375,24.7,8.3,22.1,34.9,508,3,3,3
9/22/16 11:45,76.4938,24.7,8.3,22.1,34.9,510,3,3,3
9/22/16 12:00,76.4938,24.7,8.3,22.1,34.9,509,3,3,3
9/22/16 12:15,76.4938,24.7,8.3,22.1,34.9,510,3,3,3
9/22/16 12:30,76.55,24.7,8.3,22.1,34.9,510,3,3,3
9/22/16 12:45,76.4938,24.7,8.3,22.1,34.9,510,3,3,3
9/22/16 13:00,76.55,24.7,8.3,22.1,35,511,3,3,3
9/22/16 13:15,76.55,24.7,8.3,22.1,35,511,3,3,3
9/22/16 13:30,76.6063,24.8,8.3,22.1,35,510,3,3,3
9/22/16 13:45,76.6063,24.8,8.3,22.1,35,507,3,3,3
9/22/16 14:00,76.6063,24.8,8.3,22.1,35,509,3,3,3
9/22/16 14:15,76.6063,24.8,8.3,22.1,35,510,3,3,3
9/22/16 14:30,76.6063,24.8,8.3,22.1,35,510,3,3,3
9/22/16 14:45,76.6063,24.8,8.3,22.1,35,511,3,3,3
9/22/16 15:00,76.6625,24.8,8.3,22.1,35,514,3,3,3
9/22/16 15:15,76.6625,24.8,8.3,22.1,35,516,3,3,3
9/22/16 15:30,76.6625,24.8,8.3,22.1,35,516,3,3,3
9/22/16 15:45,76.6625,24.8,8.3,22.1,35,517,3,3,3
9/22/16 16:00,76.6625,24.8,8.3,22.1,35,517,3,3,3
9/22/16 16:15,76.6625,24.8,8.3,22.1,35,520,3,3,3
9/22/16 16:30,76.6063,24.8,8.3,22,35,521,3,3,3
9/22/16 16:45,76.6625,24.8,8.3,22,35,521,3,3,3
9/22/16 17:00,76.6063,24.8,8.3,22,35,522,3,3,3
9/22/16 17:15,76.6063,24.8,8.3,22,35,522,3,3,3
9/22/16 17:30,76.6063,24.8,8.3,22,35,524,3,3,3
9/22/16 17:45,76.6063,24.8,8.3,22,35,525,3,3,3
9/22/16 18:00,76.6063,24.8,8.3,22,35,524,3,3,3
9/22/16 18:15,76.6063,24.8,8.3,22,35,525,3,3,3
9/22/16 18:30,76.6063,24.8,8.3,22,35,527,3,3,3
9/22/16 18:45,76.55,24.8,8.3,22,35,526,3,3,3
9/22/16 19:00,76.55,24.8,8.3,22,35,527,3,3,3
9/22/16 19:15,76.55,24.8,8.3,22,35,527,3,3,3
9/22/16 19:30,76.6063,24.8,8.3,22,35,528,3,3,3
9/22/16 19:45,76.6063,24.8,8.3,22,35,528,3,3,3
9/22/16 20:00,76.55,24.8,8.3,22,35,528,3,3,3
9/22/16 20:15,76.6063,24.8,8.3,22,35,528,3,3,3
9/22/16 20:30,76.55,24.8,8.3,22,35,529,3,3,3
9/22/16 20:45,76.55,24.8,8.3,22,35,529,3,3,3
9/22/16 21:00,76.6063,24.8,8.3,22,35,530,3,3,3
9/22/16 21:15,76.6063,24.8,8.3,22,35,531,3,3,3
9/22/16 21:30,76.6063,24.8,8.3,22,35,531,3,3,3
9/22/16 21:45,76.6063,24.8,8.3,22,35,529,3,3,3
9/22/16 22:00,76.55,24.8,8.3,22,34.9,531,3,3,3
9/22/16 22:15,76.55,24.8,8.3,22,34.9,531,3,3,3
9/22/16 22:30,76.55,24.8,8.3,22,34.9,532,3,3,3
9/22/16 22:45,76.55,24.8,8.3,22,34.9,532,3,3,3
9/22/16 23:00,76.55,24.7,8.3,22,34.9,531,3,3,3
9/22/16 23:15,76.55,24.7,8.3,22,34.9,531,3,3,3
9/22/16 23:30,76.55,24.7,8.3,22,34.9,531,3,3,3
9/22/16 23:45,76.4938,24.7,8.3,22,34.9,531,3,3,3
9/23/16 0:00,76.4938,24.7,8.3,22,34.9,532,3,3,3
9/23/16 0:15,76.4938,24.7,8.3,22,34.9,533,3,3,3
9/23/16 0:30,76.4938,24.7,8.3,22,34.9,533,3,3,3
9/23/16 0:45,76.4938,24.7,8.3,22,34.9,533,3,3,3
9/23/16 1:00,76.4938,24.7,8.3,22,34.9,531,3,3,3
9/23/16 1:15,76.4938,24.7,8.3,22,34.9,530,3,3,3
9/23/16 1:30,76.4938,24.7,8.3,22,34.9,533,3,3,3
9/23/16 1:45,76.4938,24.7,8.3,22,34.9,531,3,3,3
9/23/16 2:00,76.4938,24.7,8.3,22,34.9,532,3,3,3
9/23/16 2:15,76.4938,24.7,8.3,22,34.9,532,3,3,3
9/23/16 2:30,76.4938,24.7,8.3,22,34.9,532,3,3,3
9/23/16 2:45,76.4938,24.7,8.3,22,34.9,533,3,3,3
9/23/16 3:00,76.4938,24.7,8.3,22,34.9,535,3,3,3
9/23/16 3:15,76.4938,24.7,8.3,22,34.9,536,3,3,3
9/23/16 3:30,76.4938,24.7,8.3,22,34.9,533,3,3,3
9/23/16 3:45,76.4938,24.7,8.3,22,34.9,533,3,3,3
9/23/16 4:00,76.4938,24.7,8.3,22,34.9,533,3,3,3
9/23/16 4:15,76.4375,24.7,8.3,22,34.9,534,3,3,3
9/23/16 4:30,76.4375,24.7,8.3,22,34.9,534,3,3,3
9/23/16 4:45,76.4375,24.7,8.3,22,34.9,534,3,3,3
9/23/16 5:00,76.3813,24.7,8.3,22,34.9,534,3,3,3
9/23/16 5:15,76.3813,24.7,8.3,22,34.9,541,3,3,3
9/23/16 5:30,76.3813,24.7,8.3,22,34.9,542,3,3,3
9/23/16 5:45,76.3813,24.6,8.3,22,34.9,542,3,3,3
9/23/16 6:00,76.325,24.6,8.3,22,34.9,543,3,3,3
9/23/16 6:15,76.325,24.6,8.3,22,34.9,544,3,3,3
9/23/16 6:30,76.325,24.6,8.3,22,34.9,545,3,3,3
9/23/16 6:45,76.325,24.6,8.3,22,34.9,544,3,3,3
9/23/16 7:00,76.2687,24.6,8.3,22,34.9,545,3,3,3
9/23/16 7:15,76.2687,24.6,8.3,22,34.9,545,3,3,3
9/23/16 7:30,76.2687,24.6,8.3,22,34.8,546,3,3,3
9/23/16 7:45,76.2687,24.6,8.3,22,34.8,544,3,3,3
9/23/16 8:00,76.2687,24.6,8.3,22,34.8,543,3,3,3
9/23/16 8:15,76.2687,24.6,8.3,22,34.8,535,3,3,3
9/23/16 8:30,76.2687,24.6,8.3,22,34.8,541,3,3,3
9/23/16 8:45,76.2687,24.6,8.3,22,34.8,540,3,3,3
9/23/16 9:00,76.2125,24.6,8.3,22,34.8,539,3,3,3
9/23/16 9:15,76.2687,24.6,8.3,22,34.8,541,3,3,3
9/23/16 9:30,76.2687,24.6,8.3,22,34.8,541,3,3,3
9/23/16 9:45,76.2125,24.6,8.3,22,34.8,541,3,3,3
9/23/16 10:00,76.2687,24.6,8.3,22,34.8,539,3,3,3
9/23/16 10:15,76.2687,24.6,8.3,22,34.8,542,3,3,3
9/23/16 10:30,76.2687,24.6,8.3,22,34.8,544,3,3,3
9/23/16 10:45,76.2687,24.6,8.3,22,34.8,543,3,3,3
9/23/16 11:00,76.2687,24.6,8.3,22,34.8,542,3,3,3
9/23/16 11:15,76.2687,24.6,8.3,22,34.8,540,3,3,3
9/23/16 11:30,76.325,24.6,8.3,22,34.8,541,3,3,3
9/23/16 11:45,76.325,24.6,8.3,22,34.8,541,3,3,3
9/23/16 12:00,76.2687,24.6,8.3,22,34.8,542,3,3,3
9/23/16 12:15,76.2687,24.6,8.3,22,34.8,542,3,3,3
9/23/16 12:30,76.2687,24.6,8.3,22,34.8,542,3,3,3
9/23/16 12:45,76.325,24.6,8.3,22,34.8,542,3,3,3
9/23/16 13:00,76.325,24.6,8.3,22,34.8,543,3,3,3
9/23/16 13:15,76.325,24.6,8.3,22,34.8,543,3,3,3
9/23/16 13:30,76.2687,24.6,8.3,22,34.8,543,3,3,3
9/23/16 13:45,76.325,24.6,8.3,22,34.8,543,3,3,3
9/23/16 14:00,76.2687,24.6,8.3,22,34.8,545,3,3,3
9/23/16 14:15,76.2687,24.6,8.3,22,34.8,544,3,3,3
9/23/16 14:30,76.2125,24.6,8.3,22,34.8,544,3,3,3
9/23/16 14:45,76.2125,24.6,8.3,22,34.8,542,3,3,3
9/23/16 15:00,76.2687,24.6,8.3,22,34.8,543,3,3,3
9/23/16 15:15,76.2687,24.6,8.3,22,34.8,541,3,3,3
9/23/16 15:30,76.2125,24.6,8.3,22,34.8,540,3,3,3
9/23/16 15:45,76.2687,24.6,8.3,22,34.8,543,3,3,3
9/23/16 16:00,76.2687,24.6,8.3,22,34.8,543,3,3,3
9/23/16 16:15,76.2687,24.6,8.3,22,34.8,544,3,3,3
9/23/16 16:30,76.2687,24.6,8.3,22,34.8,543,3,3,3
9/23/16 16:45,76.2687,24.6,8.3,22,34.8,543,3,3,3
9/23/16 17:00,76.2687,24.6,8.3,22,34.8,543,3,3,3
9/23/16 17:15,76.2687,24.6,8.3,22,34.8,543,3,3,3
9/23/16 17:30,76.2687,24.6,8.3,22,34.8,543,3,3,3
9/23/16 17:45,76.2125,24.6,8.3,22,34.8,545,3,3,3
9/23/16 18:00,76.2687,24.6,8.3,22,34.8,546,3,3,3
9/23/16 18:15,76.2687,24.6,8.3,22,34.8,545,3,3,3
9/23/16 18:30,76.2687,24.6,8.3,22,34.8,544,3,3,3
9/23/16 18:45,76.2687,24.6,8.3,22,34.8,544,3,3,3
9/23/16 19:00,76.325,24.6,8.3,22,34.8,544,3,3,3
9/23/16 19:15,76.2687,24.6,8.3,22,34.8,545,3,3,3
9/23/16 19:30,76.2687,24.6,8.3,22,34.8,543,3,3,3
9/23/16 19:45,76.325,24.6,8.3,22,34.8,537,3,3,3
9/23/16 20:00,76.2687,24.6,8.3,22,34.8,539,3,3,3
9/23/16 20:15,76.2687,24.6,8.3,22,34.8,542,3,3,3
9/23/16 20:30,76.2125,24.6,8.3,22,34.8,542,3,3,3
9/23/16 20:45,76.2125,24.6,8.3,22,34.8,542,3,3,3
9/23/16 21:00,76.2125,24.6,8.3,22,34.8,531,3,3,3
9/23/16 21:15,76.2687,24.6,8.3,22,34.8,534,3,3,3
9/23/16 21:30,76.2125,24.6,8.3,22,34.8,540,3,3,3
9/23/16 21:45,76.2125,24.6,8.3,22,34.8,542,3,3,3
9/23/16 22:00,76.2125,24.5,8.3,22,34.8,544,3,3,3
9/23/16 22:15,76.1563,24.5,8.3,22,34.8,543,3,3,3
9/23/16 22:30,76.2125,24.5,8.3,22,34.8,542,3,3,3
9/23/16 22:45,76.1563,24.5,8.3,22,34.8,540,3,3,3
9/23/16 23:00,76.1563,24.5,8.3,22,34.8,544,3,3,3
9/23/16 23:15,76.1563,24.5,8.3,22,34.8,549,3,3,3
9/23/16 23:30,76.1563,24.5,8.3,22,34.7,550,3,3,3
9/23/16 23:45,76.1,24.5,8.3,22,34.7,550,3,3,3
9/24/16 0:00,76.1,24.5,8.3,22,34.7,547,3,3,3
9/24/16 0:15,76.0438,24.5,8.3,22,34.7,548,3,3,3
9/24/16 0:30,76.0438,24.5,8.3,22,34.7,549,3,3,3
9/24/16 0:45,76.0438,24.5,8.3,22,34.7,549,3,3,3
9/24/16 1:00,76.0438,24.5,8.3,22,34.7,526,3,3,3
9/24/16 1:15,76.0438,24.5,8.3,22,34.7,530,3,3,3
9/24/16 1:30,75.9875,24.4,8.3,22,34.7,536,3,3,3
9/24/16 1:45,75.9875,24.4,8.3,22,34.7,541,3,3,3
9/24/16 2:00,75.9875,24.4,8.3,22,34.7,546,3,3,3
9/24/16 2:15,75.9313,24.4,8.3,22,34.7,545,3,3,3
9/24/16 2:30,75.9313,24.4,8.3,22,34.7,547,3,3,3
9/24/16 2:45,75.9313,24.4,8.3,22,34.7,549,3,3,3
9/24/16 3:00,75.9313,24.4,8.3,22,34.7,550,3,3,3
9/24/16 3:15,75.875,24.4,8.3,22,34.6,549,3,3,3
9/24/16 3:30,75.9313,24.4,8.3,22,34.6,549,3,3,3
9/24/16 3:45,75.875,24.4,8.3,22,34.6,546,3,3,3
9/24/16 4:00,75.875,24.4,8.3,22,34.6,548,3,3,3
9/24/16 4:15,75.8188,24.4,8.3,22,34.6,549,3,3,3
9/24/16 4:30,75.8188,24.4,8.3,22,34.6,552,3,3,3
9/24/16 4:45,75.8188,24.3,8.3,22,34.6,548,3,3,3
9/24/16 5:00,75.7625,24.3,8.3,22,34.6,549,3,3,3
9/24/16 5:15,75.7625,24.3,8.3,22,34.6,552,3,3,3
9/24/16 5:30,75.7625,24.3,8.3,22,34.6,551,3,3,3
9/24/16 5:45,75.7625,24.3,8.3,22,34.6,552,3,3,3
9/24/16 6:00,75.7062,24.3,8.3,22,34.6,550,3,3,3
9/24/16 6:15,75.7062,24.3,8.3,22,34.6,551,3,3,3
9/24/16 6:30,75.7062,24.3,8.3,22,34.6,551,3,3,3
9/24/16 6:45,75.7062,24.3,8.3,22,34.6,551,3,3,3
9/24/16 7:00,75.7062,24.3,8.3,22,34.6,551,3,3,3
9/24/16 7:15,75.65,24.3,8.3,22,34.6,554,3,3,3
9/24/16 7:30,75.65,24.2,8.3,22,34.6,553,3,3,3
9/24/16 7:45,75.65,24.2,8.3,22,34.6,553,3,3,3
9/24/16 8:00,75.5938,24.2,8.3,22,34.6,553,3,3,3
9/24/16 8:15,75.65,24.2,8.3,22,34.5,554,3,3,3
9/24/16 8:30,75.5938,24.2,8.3,22,34.5,556,3,3,3
9/24/16 8:45,75.5938,24.2,8.3,22,34.5,555,3,3,3
9/24/16 9:00,75.5938,24.2,8.3,22,34.5,553,3,3,3
9/24/16 9:15,75.5938,24.2,8.3,22,34.5,554,3,3,3
9/24/16 9:30,75.5938,24.2,8.3,22,34.5,553,3,3,3
9/24/16 9:45,75.5938,24.2,8.3,22,34.5,551,3,3,3
9/24/16 10:00,75.5938,24.2,8.3,22,34.5,548,3,3,3
9/24/16 10:15,75.5938,24.2,8.3,22,34.5,550,3,3,3
9/24/16 10:30,75.5938,24.2,8.3,22,34.5,552,3,3,3
9/24/16 10:45,75.5938,24.2,8.3,22,34.5,552,3,3,3
9/24/16 11:00,75.65,24.2,8.3,22,34.5,550,3,3,3
9/24/16 11:15,75.65,24.2,8.3,22,34.5,553,3,3,3
9/24/16 11:30,75.65,24.2,8.3,22,34.5,553,3,3,3
9/24/16 11:45,75.65,24.2,8.3,22,34.5,552,3,3,3
9/24/16 12:00,75.7062,24.3,8.3,22,34.6,554,3,3,3
9/24/16 12:15,75.7062,24.3,8.3,22,34.6,554,3,3,3
9/24/16 12:30,75.7062,24.3,8.3,22,34.6,554,3,3,3
9/24/16 12:45,75.7062,24.3,8.3,22,34.6,552,3,3,3
9/24/16 13:00,75.7625,24.3,8.3,22,34.6,554,3,3,3
9/24/16 13:15,75.7625,24.3,8.3,22,34.6,555,3,3,3
9/24/16 13:30,75.7625,24.3,8.3,22,34.6,555,3,3,3
9/24/16 13:45,75.7625,24.3,8.3,22,34.6,555,3,3,3
9/24/16 14:00,75.8188,24.3,8.3,22,34.6,547,3,3,3
9/24/16 14:15,75.8188,24.3,8.3,22,34.6,544,3,3,3
9/24/16 14:30,75.8188,24.3,8.3,22,34.6,548,3,3,3
9/24/16 14:45,75.8188,24.3,8.3,22,34.6,554,3,3,3
9/24/16 15:00,75.8188,24.3,8.3,22,34.6,556,3,3,3
9/24/16 15:15,75.8188,24.3,8.3,22,34.6,556,3,3,3
9/24/16 15:30,75.8188,24.3,8.3,22,34.6,556,3,3,3
9/24/16 15:45,75.8188,24.3,8.3,22,34.6,554,3,3,3
9/24/16 16:00,75.8188,24.3,8.3,22,34.6,553,3,3,3
9/24/16 16:15,75.8188,24.3,8.3,22,34.6,536,3,3,3
9/24/16 16:30,75.7625,24.3,8.3,22,34.6,527,3,3,3
9/24/16 16:45,75.7625,24.3,8.3,22,34.6,531,3,3,3
9/24/16 17:00,75.7625,24.3,8.3,22,34.6,532,3,3,3
9/24/16 17:15,75.7625,24.3,8.3,22,34.6,534,3,3,3
9/24/16 17:30,75.7625,24.3,8.3,22,34.6,537,3,3,3
9/24/16 17:45,75.7625,24.3,8.3,22,34.6,545,3,3,3
9/24/16 18:00,75.7062,24.3,8.3,22,34.6,549,3,3,3
9/24/16 18:15,75.7062,24.3,8.3,22,34.6,553,3,3,3
9/24/16 18:30,75.7062,24.3,8.3,22,34.6,554,3,3,3
9/24/16 18:45,75.65,24.3,8.3,22,34.6,555,3,3,3
9/24/16 19:00,75.65,24.3,8.3,22,34.6,555,3,3,3
9/24/16 19:15,75.65,24.3,8.3,22,34.6,554,3,3,3
9/24/16 19:30,75.65,24.3,8.3,22,34.5,556,3,3,3
9/24/16 19:45,75.65,24.2,8.3,22,34.5,558,3,3,3
9/24/16 20:00,75.5938,24.2,8.3,22,34.5,558,3,3,3
9/24/16 20:15,75.5938,24.2,8.3,22,34.5,558,3,3,3
9/24/16 20:30,75.5938,24.2,8.3,22,34.5,558,3,3,3
9/24/16 20:45,75.5938,24.2,8.3,22,34.5,558,3,3,3
9/24/16 21:00,75.5938,24.2,8.3,22,34.5,556,3,3,3
9/24/16 21:15,75.5938,24.2,8.3,22,34.5,556,3,3,3
9/24/16 21:30,75.5375,24.2,8.3,22,34.5,557,3,3,3
9/24/16 21:45,75.4813,24.2,8.3,22,34.5,556,3,3,3
9/24/16 22:00,75.5375,24.2,8.3,22,34.5,559,3,3,3
9/24/16 22:15,75.5375,24.2,8.3,22,34.5,559,3,3,3
9/24/16 22:30,75.5375,24.2,8.3,22,34.5,560,3,3,3
9/24/16 22:45,75.5375,24.2,8.3,22,34.5,560,3,3,3
9/24/16 23:00,75.4813,24.2,8.3,22,34.5,558,3,3,3
9/24/16 23:15,75.4813,24.2,8.3,22,34.5,555,3,3,3
9/24/16 23:30,75.4813,24.2,8.3,22,34.5,558,3,3,3
9/24/16 23:45,75.4813,24.1,8.3,22,34.5,558,3,3,3
9/25/16 0:00,75.425,24.1,8.3,22,34.5,559,3,3,3
9/25/16 0:15,75.425,24.1,8.3,22,34.5,557,3,3,3
9/25/16 0:30,75.3688,24.1,8.3,22,34.5,553,3,3,3
9/25/16 0:45,75.3688,24.1,8.3,22,34.4,556,3,3,3
9/25/16 1:00,75.3688,24.1,8.3,22,34.4,559,3,3,3
9/25/16 1:15,75.3688,24.1,8.3,22,34.4,558,3,3,3
9/25/16 1:30,75.3688,24.1,8.3,22,34.4,560,3,3,3
9/25/16 1:45,75.3125,24.1,8.3,22,34.4,556,3,3,3
9/25/16 2:00,75.3125,24.1,8.3,22,34.4,556,3,3,3
9/25/16 2:15,75.3125,24.1,8.3,22,34.4,558,3,3,3
9/25/16 2:30,75.3125,24.1,8.3,22,34.4,559,3,3,3
9/25/16 2:45,75.3125,24.1,8.3,22,34.4,556,3,3,3
9/25/16 3:00,75.3125,24,8.3,22,34.4,559,3,3,3
9/25/16 3:15,75.2563,24,8.3,22,34.4,561,3,3,3
9/25/16 3:30,75.2563,24,8.3,22,34.4,559,3,3,3
9/25/16 3:45,75.2563,24,8.3,22,34.4,545,3,3,3
9/25/16 4:00,75.2,24,8.3,22,34.4,539,3,3,3
9/25/16 4:15,75.2,24,8.3,22,34.4,549,3,3,3
9/25/16 4:30,75.2,24,8.3,22,34.4,527,3,3,3
9/25/16 4:45,75.1437,24,8.3,22,34.3,541,3,3,3
9/25/16 5:00,75.1437,24,8.3,22,34.3,545,3,3,3
9/25/16 5:15,75.1437,24,8.3,22,34.3,547,3,3,3
9/25/16 5:30,75.1437,24,8.3,22,34.3,554,3,3,3
9/25/16 5:45,75.0875,24,8.3,22,34.3,553,3,3,3
9/25/16 6:00,75.0875,24,8.3,22,34.3,557,3,3,3
9/25/16 6:15,75.0875,24,8.3,22,34.3,559,3,3,3
9/25/16 6:30,75.0875,23.9,8.3,22,34.3,560,3,3,3
9/25/16 6:45,75.0875,23.9,8.3,22,34.3,558,3,3,3
9/25/16 7:00,75.0875,23.9,8.3,22,34.3,559,3,3,3
9/25/16 7:15,75.0313,23.9,8.3,22,34.3,558,3,3,3
9/25/16 7:30,75.0313,23.9,8.3,22,34.3,556,3,3,3
9/25/16 7:45,75.0313,23.9,8.3,22,34.3,553,3,3,3
9/25/16 8:00,74.975,23.9,8.3,22,34.3,553,3,3,3
9/25/16 8:15,75.0313,23.9,8.3,22,34.3,555,3,3,3
9/25/16 8:30,75.0313,23.9,8.3,22,34.3,556,3,3,3
9/25/16 8:45,74.975,23.9,8.3,22,34.3,553,3,3,3
9/25/16 9:00,75.0313,23.9,8.3,22,34.3,553,3,3,3
9/25/16 9:15,74.975,23.9,8.3,22,34.3,552,3,3,3
9/25/16 9:30,75.0313,23.9,8.3,22,34.3,549,3,3,3
9/25/16 9:45,75.0313,23.9,8.3,22,34.3,550,3,3,3
9/25/16 10:00,75.0313,23.9,8.3,22,34.3,552,3,3,3
9/25/16 10:15,75.0875,23.9,8.3,22,34.3,550,3,3,3
9/25/16 10:30,75.0875,23.9,8.3,22,34.3,535,3,3,3
9/25/16 10:45,75.0875,23.9,8.3,22,34.3,546,3,3,3
9/25/16 11:00,75.0875,23.9,8.3,22,34.3,544,3,3,3
9/25/16 11:15,75.0875,23.9,8.3,22,34.3,546,3,3,3
9/25/16 11:30,75.1437,23.9,8.3,22,34.3,546,3,3,3
9/25/16 11:45,75.1437,23.9,8.3,22,34.4,541,3,3,3
9/25/16 12:00,75.1437,24,8.3,22,34.4,545,3,3,3
9/25/16 12:15,75.1437,24,8.3,22,34.4,543,3,3,3
9/25/16 12:30,75.2,24,8.3,22,34.4,545,3,3,3
9/25/16 12:45,75.2,24,8.3,22,34.4,544,3,3,3
9/25/16 13:00,75.2,24,8.3,22,34.4,543,3,3,3
9/25/16 13:15,75.2,24,8.3,22,34.4,545,3,3,3
9/25/16 13:30,75.2563,24,8.3,22,34.4,547,3,3,3
9/25/16 13:45,75.2563,24,8.3,22,34.4,543,3,3,3
9/25/16 14:00,75.2563,24,8.3,22,34.4,510,3,3,3
9/25/16 14:15,75.2563,24,8.3,22,34.4,517,3,3,3
9/25/16 14:30,75.2563,24,8.3,22,34.4,527,3,3,3
9/25/16 14:45,75.2563,24,8.3,22,34.4,543,3,3,3
9/25/16 15:00,75.2563,24,8.3,22,34.4,552,3,3,3
9/25/16 15:15,75.2563,24,8.3,22,34.4,553,3,3,3
9/25/16 15:30,75.2563,24,8.3,22,34.4,553,3,3,3
9/25/16 15:45,75.2563,24,8.3,22,34.4,555,3,3,3
9/25/16 16:00,75.2563,24,8.3,22,34.4,555,3,3,3
9/25/16 16:15,75.2563,24,8.3,22,34.4,557,3,3,3
9/25/16 16:30,75.2563,24,8.3,22,34.4,559,3,3,3
9/25/16 16:45,75.2,24,8.3,22,34.4,553,3,3,3
9/25/16 17:00,75.2,24,8.3,22,34.4,554,3,3,3
9/25/16 17:15,75.2,24,8.3,22,34.4,557,3,3,3
9/25/16 17:30,75.2,24,8.3,22,34.4,558,3,3,3
9/25/16 17:45,75.1437,24,8.3,22,34.4,557,3,3,3
9/25/16 18:00,75.1437,24,8.3,22,34.4,558,3,3,3
9/25/16 18:15,75.1437,24,8.3,22,34.4,558,3,3,3
9/25/16 18:30,75.1437,24,8.3,22,34.4,560,3,3,3
9/25/16 18:45,75.1437,24,8.3,22,34.4,559,3,3,3
9/25/16 19:00,75.1437,24,8.3,22,34.4,559,3,3,3
9/25/16 19:15,75.1437,24,8.3,22,34.4,563,3,3,3
9/25/16 19:30,75.0875,24,8.3,22,34.4,563,3,3,3
9/25/16 19:45,75.1437,24,8.3,22,34.4,563,3,3,3
9/25/16 20:00,75.0875,24,8.3,22,34.4,565,3,3,3
9/25/16 20:15,75.0875,24,8.3,22,34.4,565,3,3,3
9/25/16 20:30,75.1437,24,8.3,22,34.4,564,3,3,3
9/25/16 20:45,75.0875,24,8.3,22,34.3,562,3,3,3
9/25/16 21:00,75.0875,24,8.3,22,34.3,565,3,3,3
9/25/16 21:15,75.0875,24,8.3,22,34.3,564,3,3,3
9/25/16 21:30,75.0875,24,8.3,22,34.3,564,3,3,3
9/25/16 21:45,75.0313,24,8.3,22,34.3,560,3,3,3
9/25/16 22:00,75.0875,23.9,8.3,22,34.3,560,3,3,3
9/25/16 22:15,75.0313,23.9,8.3,22,34.3,561,3,3,3
9/25/16 22:30,75.0875,23.9,8.3,22,34.3,560,3,3,3
9/25/16 22:45,75.0313,23.9,8.3,22,34.3,560,3,3,3
9/25/16 23:00,75.0313,23.9,8.3,22,34.3,564,3,3,3
9/25/16 23:15,75.0313,23.9,8.3,22,34.3,565,3,3,3
9/25/16 23:30,75.0313,23.9,8.3,22,34.3,566,3,3,3
9/25/16 23:45,75.0313,23.9,8.3,22,34.3,566,3,3,3
9/26/16 0:00,75.0313,23.9,8.3,22,34.3,567,3,3,3
9/26/16 0:15,75.0313,23.9,8.3,22,34.3,568,3,3,3
9/26/16 0:30,75.0313,23.9,8.3,22,34.3,569,3,3,3
9/26/16 0:45,74.975,23.9,8.3,22,34.3,567,3,3,3
9/26/16 1:00,74.975,23.9,8.3,22,34.3,569,3,3,3
9/26/16 1:15,74.975,23.9,8.3,22,34.3,569,3,3,3
9/26/16 1:30,74.975,23.9,8.3,22,34.3,569,3,3,3
9/26/16 1:45,74.975,23.9,8.3,22,34.3,569,3,3,3
9/26/16 2:00,74.9188,23.9,8.3,22,34.3,569,3,3,3
9/26/16 2:15,74.9188,23.9,8.3,22,34.3,571,3,3,3
9/26/16 2:30,74.9188,23.9,8.3,22,34.3,570,3,3,3
9/26/16 2:45,74.9188,23.9,8.3,22,34.3,570,3,3,3
9/26/16 3:00,74.9188,23.9,8.3,22,34.3,572,3,3,3
9/26/16 3:15,74.9188,23.9,8.3,22,34.3,572,3,3,3
9/26/16 3:30,74.9188,23.9,8.3,22,34.3,572,3,3,3
9/26/16 3:45,74.8625,23.8,8.3,22,34.2,569,3,3,3
9/26/16 4:00,74.8625,23.8,8.3,22,34.2,570,3,3,3
9/26/16 4:15,74.9188,23.8,8.3,22,34.2,569,3,3,3
9/26/16 4:30,74.8625,23.8,8.3,22,34.2,569,3,3,3
9/26/16 4:45,74.8625,23.8,8.3,22,34.2,571,3,3,3
9/26/16 5:00,74.8625,23.8,8.3,22,34.2,571,3,3,3
9/26/16 5:15,74.8063,23.8,8.3,22,34.2,573,3,3,3
9/26/16 5:30,74.8063,23.8,8.3,22,34.2,573,3,3,3
9/26/16 5:45,74.8063,23.8,8.3,22,34.2,572,3,3,3
9/26/16 6:00,74.8063,23.8,8.3,22,34.2,573,3,3,3
9/26/16 6:15,74.8063,23.8,8.3,22,34.2,574,3,3,3
9/26/16 6:30,74.8063,23.8,8.3,22,34.2,574,3,3,3
9/26/16 6:45,74.75,23.8,8.3,22,34.2,574,3,3,3
9/26/16 7:00,74.8063,23.8,8.3,22,34.2,574,3,3,3
9/26/16 7:15,74.75,23.8,8.3,22,34.2,575,3,3,3
9/26/16 7:30,74.8063,23.8,8.3,22,34.2,574,3,3,3
9/26/16 7:45,74.75,23.8,8.3,22,34.2,574,3,3,3
9/26/16 8:00,74.75,23.8,8.3,22,34.2,575,3,3,3
9/26/16 8:15,74.75,23.8,8.3,22,34.2,577,3,3,3
9/26/16 8:30,74.6938,23.7,8.3,22,34.2,579,3,3,3
9/26/16 8:45,74.6938,23.7,8.3,22,34.2,579,3,3,3
9/26/16 9:00,74.6938,23.7,8.3,22,34.2,575,3,3,3
9/26/16 9:15,74.6938,23.7,8.3,22,34.2,578,3,3,3
9/26/16 9:30,74.6938,23.7,8.3,22,34.2,580,3,3,3
9/26/16 9:45,74.6938,23.7,8.3,22,34.2,579,3,3,3
9/26/16 10:00,74.6938,23.7,8.3,22,34.2,578,3,3,3
9/26/16 10:15,74.6375,23.7,8.3,22,34.1,578,3,3,3
9/26/16 10:30,74.6375,23.7,8.3,22,34.1,578,3,3,3
9/26/16 10:45,74.6375,23.7,8.3,22,34.1,575,3,3,3
9/26/16 11:00,74.5812,23.7,8.3,22,34.1,578,3,3,3
9/26/16 11:15,74.5812,23.7,8.3,22,34.1,579,3,3,3
9/26/16 11:30,74.5812,23.7,8.3,22,34.1,576,3,3,3
9/26/16 11:45,74.525,23.7,8.3,22,34.1,577,3,3,3
9/26/16 12:00,74.5812,23.6,8.3,22,34.1,578,3,3,3
9/26/16 12:15,74.525,23.6,8.3,22,34.1,578,3,3,3
9/26/16 12:30,74.525,23.6,8.3,22,34.1,577,3,3,3
9/26/16 12:45,74.525,23.6,8.3,22,34.1,576,3,3,3
9/26/16 13:00,74.4688,23.6,8.3,22,34.1,577,3,3,3
9/26/16 13:15,74.4688,23.6,8.3,22,34.1,578,3,3,3
9/26/16 13:30,74.525,23.6,8.3,22,34.1,571,3,3,3
9/26/16 13:45,74.4688,23.6,8.3,22,34.1,576,3,3,3
9/26/16 14:00,74.4125,23.6,8.3,22,34.1,576,3,3,3
9/26/16 14:15,74.4125,23.6,8.3,22,34.1,572,3,3,3
9/26/16 14:30,74.4125,23.6,8.3,22,34.1,576,3,3,3
9/26/16 14:45,74.4125,23.5,8.3,22,34.1,576,3,3,3
9/26/16 15:00,74.3563,23.5,8.3,22,34.1,576,3,3,3
9/26/16 15:15,74.3563,23.5,8.3,22,34.1,578,3,3,3
9/26/16 15:30,74.3563,23.5,8.3,22,34.1,578,3,3,3
9/26/16 15:45,74.3563,23.5,8.3,22,34.1,577,3,3,3
9/26/16 16:00,74.3,23.5,8.3,22,34.1,577,3,3,3
9/26/16 16:15,74.3,23.5,8.3,22,34,576,3,3,3
9/26/16 16:30,74.3,23.5,8.3,22,34,577,3,3,3
9/26/16 16:45,74.2438,23.5,8.3,22,34,576,3,3,3
9/26/16 17:00,74.2438,23.5,8.3,22,34,577,3,3,3
9/26/16 17:15,74.3,23.5,8.3,22,34,578,3,3,3
9/26/16 17:30,74.2438,23.5,8.3,22,34,575,3,3,3
9/26/16 17:45,74.1875,23.5,8.3,22,34,576,3,3,3
9/26/16 18:00,74.2438,23.5,8.3,22,34,577,3,3,3
9/26/16 18:15,74.2438,23.5,8.3,22,34,578,3,3,3
9/26/16 18:30,74.1875,23.5,8.3,22,34,580,3,3,3
9/26/16 18:45,74.1875,23.5,8.3,22,34,580,3,3,3
9/26/16 19:00,74.1875,23.5,8.3,22,34,581,3,3,3
9/26/16 19:15,74.1875,23.4,8.3,22,34,583,3,3,3
9/26/16 19:30,74.1875,23.4,8.3,22,34,582,3,3,3
9/26/16 19:45,74.1875,23.4,8.3,22,34,582,3,3,3
9/26/16 20:00,74.1875,23.4,8.3,22,34,582,3,3,3
9/26/16 20:15,74.1875,23.4,8.3,22,34,583,3,3,3
9/26/16 20:30,74.1313,23.4,8.3,22,34,583,3,3,3
9/26/16 20:45,74.1313,23.4,8.3,22,34,583,3,3,3
9/26/16 21:00,74.1313,23.4,8.3,22,34,584,3,3,3
9/26/16 21:15,74.1313,23.4,8.3,22,33.9,583,3,3,3
9/26/16 21:30,74.1313,23.4,8.3,22,33.9,580,3,3,3
9/26/16 21:45,74.075,23.4,8.3,22,33.9,581,3,3,3
9/26/16 22:00,74.075,23.4,8.3,22,33.9,582,3,3,3
9/26/16 22:15,74.075,23.4,8.3,22,33.9,583,3,3,3
9/26/16 22:30,74.075,23.4,8.3,22,33.9,584,3,3,3
9/26/16 22:45,74.075,23.4,8.3,22,33.9,583,3,3,3
9/26/16 23:00,74.0187,23.4,8.3,22,33.9,582,3,3,3
9/26/16 23:15,74.0187,23.4,8.3,22,33.9,584,3,3,3
9/26/16 23:30,74.0187,23.4,8.3,22,33.9,584,3,3,3
9/26/16 23:45,74.0187,23.4,8.3,22,33.9,584,3,3,3
9/27/16 0:00,74.075,23.3,8.3,22,33.9,583,3,3,3
9/27/16 0:15,74.0187,23.3,8.3,22,33.9,585,3,3,3
9/27/16 0:30,74.0187,23.3,8.3,22,33.9,586,3,3,3
9/27/16 0:45,74.0187,23.3,8.3,22,33.9,587,3,3,3
9/27/16 1:00,73.9625,23.3,8.3,22,33.9,583,3,3,3
9/27/16 1:15,73.9625,23.3,8.3,22,33.9,586,3,3,3
9/27/16 1:30,73.9625,23.3,8.3,22,33.9,588,3,3,3
9/27/16 1:45,73.9625,23.3,8.3,22,33.9,588,3,3,3
9/27/16 2:00,73.9063,23.3,8.3,22,33.9,588,3,3,3
9/27/16 2:15,73.9625,23.3,8.3,22,33.9,589,3,3,3
9/27/16 2:30,73.9063,23.3,8.3,22,33.9,589,3,3,3
9/27/16 2:45,73.9063,23.3,8.3,22,33.9,585,3,3,3
9/27/16 3:00,73.9063,23.3,8.3,22,33.9,588,3,3,3
9/27/16 3:15,73.9063,23.3,8.3,22,33.9,587,3,3,3
9/27/16 3:30,73.85,23.3,8.3,22,33.9,589,3,3,3
9/27/16 3:45,73.85,23.3,8.3,22,33.9,584,3,3,3
9/27/16 4:00,73.85,23.3,8.3,22,33.9,589,3,3,3
9/27/16 4:15,73.85,23.3,8.3,22,33.8,588,3,3,3
9/27/16 4:30,73.85,23.3,8.3,22,33.8,588,3,3,3
9/27/16 4:45,73.85,23.2,8.3,22,33.8,588,3,3,3
9/27/16 5:00,73.7938,23.2,8.3,22,33.8,588,3,3,3
9/27/16 5:15,73.85,23.2,8.3,22,33.8,588,3,3,3
9/27/16 5:30,73.85,23.2,8.3,22,33.8,588,3,3,3
9/27/16 5:45,73.7938,23.2,8.3,22,33.8,588,3,3,3
9/27/16 6:00,73.7938,23.2,8.3,22,33.8,588,3,3,3
9/27/16 6:15,73.7938,23.2,8.3,22,33.8,582,3,3,3
9/27/16 6:30,73.7375,23.2,8.3,22,33.8,587,3,3,3
9/27/16 6:45,73.7938,23.2,8.3,22,33.8,587,3,3,3
9/27/16 7:00,73.7375,23.2,8.3,22,33.8,586,3,3,3
9/27/16 7:15,73.7938,23.2,8.3,22,33.8,587,3,3,3
9/27/16 7:30,73.7375,23.2,8.3,22,33.8,546,3,3,3
9/27/16 7:45,73.7375,23.2,8.3,22,33.8,577,3,3,3
9/27/16 8:00,73.7375,23.2,8.3,22,33.8,579,3,3,3
9/27/16 8:15,73.7375,23.2,8.3,22,33.8,580,3,3,3
9/27/16 8:30,73.7375,23.2,8.3,22,33.8,582,3,3,3
9/27/16 8:45,73.7375,23.2,8.3,22,33.8,585,3,3,3
9/27/16 9:00,73.6813,23.2,8.3,22,33.8,584,3,3,3
9/27/16 9:15,73.6813,23.2,8.3,22,33.8,582,3,3,3
9/27/16 9:30,73.6813,23.2,8.3,22,33.8,584,3,3,3
9/27/16 9:45,73.6813,23.2,8.3,22,33.8,584,3,3,3
9/27/16 10:00,73.6813,23.2,8.3,22,33.8,584,3,3,3
9/27/16 10:15,73.6813,23.1,8.3,22,33.8,582,3,3,3
9/27/16 10:30,73.625,23.1,8.3,22,33.8,582,3,3,3
9/27/16 10:45,73.625,23.1,8.3,22,33.8,582,3,3,3
9/27/16 11:00,73.625,23.1,8.3,22,33.8,581,3,3,3
9/27/16 11:15,73.6813,23.2,8.3,22,33.8,583,3,3,3
9/27/16 11:30,73.6813,23.2,8.3,22,33.8,585,3,3,3
9/27/16 11:45,73.7375,23.2,8.3,22,33.8,583,3,3,3
9/27/16 12:00,73.7375,23.2,8.3,22,33.8,589,3,3,3
9/27/16 12:15,73.7938,23.2,8.3,22,33.8,587,3,3,3
9/27/16 12:30,73.7938,23.2,8.3,22,33.8,579,3,3,3
9/27/16 12:45,73.85,23.2,8.3,22,33.8,583,3,3,3
9/27/16 13:00,73.85,23.2,8.3,22,33.8,582,3,3,3
9/27/16 13:15,73.85,23.2,8.3,22,33.8,583,3,3,3
9/27/16 13:30,73.9063,23.2,8.3,22,33.8,583,3,3,3
9/27/16 13:45,73.9063,23.2,8.3,22,33.8,583,3,3,3
9/27/16 14:00,73.9625,23.3,8.3,22,33.8,583,3,3,3
9/27/16 14:15,73.9625,23.3,8.3,22,33.8,574,3,3,3
9/27/16 14:30,73.9063,23.3,8.3,22,33.8,576,3,3,3
9/27/16 14:45,73.9625,23.3,8.3,22,33.8,576,3,3,3
9/27/16 15:00,73.9625,23.3,8.3,22,33.8,578,3,3,3
9/27/16 15:15,73.9625,23.3,8.3,22,33.8,577,3,3,3
9/27/16 15:30,73.9625,23.3,8.3,22,33.9,586,3,3,3
9/27/16 15:45,73.9625,23.3,8.3,22,33.9,583,3,3,3
9/27/16 16:00,73.9063,23.3,8.3,22,33.9,578,3,3,3
9/27/16 16:15,73.9625,23.3,8.3,22,33.9,582,3,3,3
9/27/16 16:30,73.9625,23.3,8.3,22,33.9,585,3,3,3
9/27/16 16:45,73.9063,23.3,8.3,22,33.9,586,3,3,3
9/27/16 17:00,73.9625,23.3,8.3,22,33.9,586,3,3,3
9/27/16 17:15,73.9063,23.3,8.3,22,33.9,587,3,3,3
9/27/16 17:30,73.9063,23.3,8.3,22,33.9,577,3,3,3
9/27/16 17:45,73.9063,23.3,8.3,22,33.9,586,3,3,3
9/27/16 18:00,73.9063,23.3,8.3,22,33.9,590,3,3,3
9/27/16 18:15,73.9063,23.3,8.3,22,33.9,589,3,3,3
9/27/16 18:30,73.9063,23.3,8.3,22,33.9,590,3,3,3
9/27/16 18:45,73.9063,23.3,8.3,22,33.9,590,3,3,3
9/27/16 19:00,73.85,23.3,8.3,22,33.9,589,3,3,3
9/27/16 19:15,73.85,23.3,8.3,22,33.9,589,3,3,3
9/27/16 19:30,73.85,23.3,8.3,22,33.9,591,3,3,3
9/27/16 19:45,73.85,23.3,8.3,22,33.9,588,3,3,3
9/27/16 20:00,73.85,23.3,8.3,22,33.9,586,3,3,3
9/27/16 20:15,73.85,23.2,8.3,22,33.9,584,3,3,3
9/27/16 20:30,73.85,23.2,8.3,22,33.9,587,3,3,3
9/27/16 20:45,73.85,23.2,8.3,22,33.9,589,3,3,3
9/27/16 21:00,73.85,23.2,8.3,22,33.9,588,3,3,3
9/27/16 21:15,73.7938,23.2,8.3,22,33.9,589,3,3,3
9/27/16 21:30,73.85,23.2,8.3,22,33.9,589,3,3,3
9/27/16 21:45,73.7938,23.2,8.3,22,33.8,589,3,3,3
9/27/16 22:00,73.7938,23.2,8.3,22,33.8,592,3,3,3
9/27/16 22:15,73.7938,23.2,8.3,22,33.8,591,3,3,3
9/27/16 22:30,73.7938,23.2,8.3,22,33.8,593,3,3,3
9/27/16 22:45,73.7938,23.2,8.3,22,33.8,589,3,3,3
9/27/16 23:00,73.7938,23.2,8.3,22,33.8,591,3,3,3
9/27/16 23:15,73.7938,23.2,8.3,22,33.8,589,3,3,3
9/27/16 23:30,73.7375,23.2,8.3,22,33.8,589,3,3,3
9/27/16 23:45,73.7375,23.2,8.3,22,33.8,584,3,3,3
9/28/16 0:00,73.7375,23.2,8.3,22,33.8,590,3,3,3
9/28/16 0:15,73.7375,23.2,8.3,22,33.8,590,3,3,3
9/28/16 0:30,73.7938,23.2,8.3,22,33.8,589,3,3,3
9/28/16 0:45,73.7375,23.2,8.3,22,33.8,591,3,3,3
9/28/16 1:00,73.7375,23.2,8.3,22,33.8,592,3,3,3
9/28/16 1:15,73.7375,23.2,8.3,22,33.8,592,3,3,3
9/28/16 1:30,73.6813,23.2,8.3,22,33.8,593,3,3,3
9/28/16 1:45,73.6813,23.2,8.3,22,33.8,591,3,3,3
9/28/16 2:00,73.6813,23.2,8.3,22,33.8,592,3,3,3
9/28/16 2:15,73.6813,23.2,8.3,22,33.8,592,3,3,3
9/28/16 2:30,73.6813,23.2,8.3,22,33.8,594,3,3,3
9/28/16 2:45,73.6813,23.2,8.3,22,33.8,591,3,3,3
9/28/16 3:00,73.6813,23.2,8.3,22,33.8,591,3,3,3
9/28/16 3:15,73.6813,23.2,8.3,22,33.8,593,3,3,3
9/28/16 3:30,73.6813,23.2,8.3,22,33.8,595,3,3,3
9/28/16 3:45,73.6813,23.2,8.3,22,33.8,596,3,3,3
9/28/16 4:00,73.6813,23.2,8.3,22,33.8,596,3,3,3
9/28/16 4:15,73.6813,23.1,8.3,22,33.8,595,3,3,3
9/28/16 4:30,73.6813,23.1,8.3,22,33.8,596,3,3,3
9/28/16 4:45,73.6813,23.1,8.3,22,33.8,596,3,3,3
9/28/16 5:00,73.6813,23.1,8.3,22,33.8,597,3,3,3
9/28/16 5:15,73.625,23.1,8.3,22,33.8,597,3,3,3
9/28/16 5:30,73.625,23.1,8.3,22,33.8,597,3,3,3
9/28/16 5:45,73.625,23.1,8.3,22,33.8,598,3,3,3
9/28/16 6:00,73.625,23.1,8.3,22,33.8,597,3,3,3
9/28/16 6:15,73.625,23.1,8.3,22,33.8,598,3,3,3
9/28/16 6:30,73.625,23.1,8.3,22,33.8,595,3,3,3
9/28/16 6:45,73.625,23.1,8.3,22,33.8,596,3,3,3
9/28/16 7:00,73.625,23.1,8.3,22,33.8,596,3,3,3
9/28/16 7:15,73.625,23.1,8.3,22,33.8,595,3,3,3
9/28/16 7:30,73.625,23.1,8.3,22,33.8,589,3,3,3
9/28/16 7:45,73.625,23.1,8.3,22,33.8,590,3,3,3
9/28/16 8:00,73.625,23.1,8.3,22,33.8,594,3,3,3
9/28/16 8:15,73.625,23.1,8.3,22,33.8,595,3,3,3
9/28/16 8:30,73.625,23.1,8.3,22,33.8,595,3,3,3
9/28/16 8:45,73.625,23.1,8.3,22,33.8,596,3,3,3
9/28/16 9:00,73.625,23.1,8.3,22,33.8,596,3,3,3
9/28/16 9:15,73.625,23.1,8.3,22,33.8,596,3,3,3
9/28/16 9:30,73.625,23.1,8.3,22,33.8,596,3,3,3
9/28/16 9:45,73.6813,23.1,8.3,22,33.8,596,3,3,3
9/28/16 10:00,73.6813,23.1,8.3,22,33.8,594,3,3,3
9/28/16 10:15,73.7375,23.1,8.3,22,33.8,594,3,3,3
9/28/16 10:30,73.7375,23.2,8.3,22,33.8,593,3,3,3
9/28/16 10:45,73.7375,23.2,8.3,22,33.8,591,3,3,3
9/28/16 11:00,73.7938,23.2,8.3,22,33.8,592,3,3,3
9/28/16 11:15,73.85,23.2,8.3,22,33.8,591,3,3,3
9/28/16 11:30,73.85,23.2,8.3,22,33.8,592,3,3,3
9/28/16 11:45,73.85,23.2,8.3,22,33.8,593,3,3,3
9/28/16 12:00,73.9063,23.2,8.3,22,33.9,590,3,3,3
9/28/16 12:15,73.9063,23.2,8.3,22,33.9,591,3,3,3
9/28/16 12:30,73.9063,23.2,8.3,22,33.9,592,3,3,3
9/28/16 12:45,73.9063,23.3,8.3,22,33.9,591,3,3,3
9/28/16 13:00,73.9063,23.3,8.3,22,33.9,592,3,3,3
9/28/16 13:15,73.9625,23.3,8.3,22,33.9,594,3,3,3
9/28/16 13:30,73.9625,23.3,8.3,22,33.9,594,3,3,3
9/28/16 13:45,73.9625,23.3,8.3,22,33.9,594,3,3,3
9/28/16 14:00,73.9625,23.3,8.3,22,33.9,592,3,3,3
9/28/16 14:15,73.9625,23.3,8.3,22,33.9,594,3,3,3
9/28/16 14:30,73.9625,23.3,8.3,22,33.9,592,3,3,3
9/28/16 14:45,73.9625,23.3,8.3,22,33.9,594,3,3,3
9/28/16 15:00,73.9625,23.3,8.3,22,33.9,595,3,3,3
9/28/16 15:15,73.9625,23.3,8.3,22,33.9,594,3,3,3
9/28/16 15:30,73.9625,23.3,8.3,22,33.9,594,3,3,3
9/28/16 15:45,73.9625,23.3,8.3,22,33.9,592,3,3,3
9/28/16 16:00,73.9063,23.3,8.3,22,33.9,593,3,3,3
9/28/16 16:15,73.9625,23.3,8.3,22,33.9,595,3,3,3
9/28/16 16:30,73.9625,23.3,8.3,22,33.9,598,3,3,3
9/28/16 16:45,73.9625,23.3,8.3,22,33.9,598,3,3,3
9/28/16 17:00,73.9625,23.3,8.3,22,33.9,598,3,3,3
9/28/16 17:15,73.9625,23.3,8.3,22,33.9,596,3,3,3
9/28/16 17:30,73.9063,23.3,8.3,22,33.9,597,3,3,3
9/28/16 17:45,73.9625,23.3,8.3,22,33.9,597,3,3,3
9/28/16 18:00,73.9063,23.3,8.3,22,33.9,600,3,3,3
9/28/16 18:15,73.9063,23.3,8.3,22,33.9,599,3,3,3
9/28/16 18:30,73.9063,23.3,8.3,22,33.9,597,3,3,3
9/28/16 18:45,73.9063,23.3,8.3,22,33.9,599,3,3,3
9/28/16 19:00,73.9063,23.3,8.3,22,33.9,599,3,3,3
9/28/16 19:15,73.9625,23.3,8.3,22,33.9,604,3,3,3
9/28/16 19:30,73.9063,23.3,8.3,22,33.9,605,3,3,3
9/28/16 19:45,73.9063,23.3,8.3,22,33.9,602,3,3,3
9/28/16 20:00,73.9063,23.3,8.3,22,33.9,598,3,3,3
9/28/16 20:15,73.9063,23.3,8.3,22,33.9,603,3,3,3
9/28/16 20:30,73.9063,23.3,8.3,22,33.9,603,3,3,3
9/28/16 20:45,73.9063,23.3,8.3,22,33.9,604,3,3,3
9/28/16 21:00,73.9063,23.3,8.3,22,33.9,604,3,3,3
9/28/16 21:15,73.9063,23.3,8.3,22,33.9,603,3,3,3
9/28/16 21:30,73.9063,23.3,8.3,22,33.9,604,3,3,3
9/28/16 21:45,73.85,23.3,8.3,22,33.9,605,3,3,3
9/28/16 22:00,73.9063,23.3,8.3,22,33.9,605,3,3,3
9/28/16 22:15,73.9063,23.3,8.3,22,33.9,606,3,3,3
9/28/16 22:30,73.9063,23.3,8.3,22,33.9,605,3,3,3
9/28/16 22:45,73.85,23.3,8.3,22,33.9,607,3,3,3
9/28/16 23:00,73.85,23.3,8.3,22,33.9,603,3,3,3
9/28/16 23:15,73.9063,23.3,8.3,22,33.9,605,3,3,3
9/28/16 23:30,73.85,23.3,8.3,22,33.9,605,3,3,3
9/28/16 23:45,73.9063,23.3,8.3,22,33.9,609,3,3,3
9/29/16 0:00,73.85,23.3,8.3,22,33.9,607,3,3,3
9/29/16 0:15,73.85,23.3,8.3,22,33.9,605,3,3,3
9/29/16 0:30,73.85,23.3,8.3,22,33.9,606,3,3,3
9/29/16 0:45,73.85,23.3,8.3,22,33.9,607,3,3,3
9/29/16 1:00,73.85,23.2,8.3,22,33.9,607,3,3,3
9/29/16 1:15,73.85,23.2,8.3,22,33.9,613,3,3,3
9/29/16 1:30,73.85,23.2,8.3,22,33.9,613,3,3,3
9/29/16 1:45,73.85,23.2,8.3,22,33.9,615,3,3,3
9/29/16 2:00,73.85,23.2,8.3,22,33.9,614,3,3,3
9/29/16 2:15,73.85,23.2,8.3,22,33.9,610,3,3,3
9/29/16 2:30,73.85,23.2,8.3,22,33.9,608,3,3,3
9/29/16 2:45,73.7938,23.2,8.3,22,33.9,599,3,3,3
9/29/16 3:00,73.7938,23.2,8.3,22,33.9,610,3,3,3
9/29/16 3:15,73.85,23.2,8.3,22,33.9,610,3,3,3
9/29/16 3:30,73.85,23.2,8.3,22,33.9,608,3,3,3
9/29/16 3:45,73.85,23.2,8.3,22,33.9,611,3,3,3
9/29/16 4:00,73.85,23.2,8.3,22,33.9,612,3,3,3
9/29/16 4:15,73.7938,23.2,8.3,22,33.9,612,3,3,3
9/29/16 4:30,73.85,23.2,8.3,22,33.9,612,3,3,3
9/29/16 4:45,73.85,23.2,8.3,22,33.9,613,3,3,3
9/29/16 5:00,73.7938,23.2,8.3,22,33.9,614,3,3,3
9/29/16 5:15,73.7938,23.2,8.3,22,33.9,615,3,3,3
9/29/16 5:30,73.7938,23.2,8.3,22,33.9,615,3,3,3
9/29/16 5:45,73.7938,23.2,8.3,22,33.9,614,3,3,3
9/29/16 6:00,73.7938,23.2,8.3,22,33.9,616,3,3,3
9/29/16 6:15,73.7938,23.2,8.3,22,33.9,614,3,3,3
9/29/16 6:30,73.7375,23.2,8.3,22,33.9,615,3,3,3
9/29/16 6:45,73.7938,23.2,8.3,22,33.9,614,3,3,3
9/29/16 7:00,73.7375,23.2,8.3,22,33.9,614,3,3,3
9/29/16 7:15,73.7938,23.2,8.3,22,33.9,613,3,3,3
9/29/16 7:30,73.7375,23.2,8.3,22,33.9,613,3,3,3
9/29/16 7:45,73.7938,23.2,8.3,22,33.9,614,3,3,3
9/29/16 8:00,73.7375,23.2,8.3,22,33.9,616,3,3,3
9/29/16 8:15,73.7375,23.2,8.3,22,33.9,616,3,3,3
9/29/16 8:30,73.7375,23.2,8.3,22,33.9,615,3,3,3
9/29/16 8:45,73.7375,23.2,8.3,22,33.9,616,3,3,3
9/29/16 9:00,73.7375,23.2,8.3,22,33.9,616,3,3,3
9/29/16 9:15,73.7938,23.2,8.3,22,33.9,618,3,3,3
9/29/16 9:30,73.7375,23.2,8.3,22,33.9,620,3,3,3
9/29/16 9:45,73.7938,23.2,8.3,22,33.9,619,3,3,3
9/29/16 10:00,73.7938,23.2,8.3,22,33.9,618,3,3,3
9/29/16 10:15,73.7938,23.2,8.3,22,33.9,618,3,3,3
9/29/16 10:30,73.7938,23.2,8.3,22,33.9,618,3,3,3
9/29/16 10:45,73.7938,23.2,8.3,22,33.9,617,3,3,3
9/29/16 11:00,73.7938,23.2,8.3,22,33.9,614,3,3,3
9/29/16 11:15,73.85,23.2,8.3,22,33.9,614,3,3,3
9/29/16 11:30,73.85,23.2,8.3,22,33.9,612,3,3,3
9/29/16 11:45,73.85,23.2,8.3,22,33.9,610,3,3,3
9/29/16 12:00,73.85,23.2,8.3,22,33.9,611,3,3,3
9/29/16 12:15,73.9063,23.2,8.3,22,33.9,611,3,3,3
9/29/16 12:30,73.9625,23.3,8.3,22,33.9,613,3,3,3
9/29/16 12:45,73.9625,23.3,8.3,22,33.9,613,3,3,3
9/29/16 13:00,73.9625,23.3,8.3,22,33.9,614,3,3,3
9/29/16 13:15,73.9625,23.3,8.3,22,33.9,614,3,3,3
9/29/16 13:30,74.0187,23.3,8.3,22,33.9,614,3,3,3
9/29/16 13:45,74.0187,23.3,8.3,22,34,615,3,3,3
9/29/16 14:00,74.0187,23.3,8.3,22,34,615,3,3,3
9/29/16 14:15,74.0187,23.3,8.3,22.1,34,616,3,3,3
9/29/16 14:30,74.0187,23.3,8.3,22.1,34,616,3,3,3
9/29/16 14:45,74.075,23.3,8.3,22.1,34,615,3,3,3
9/29/16 15:00,74.075,23.4,8.3,22.1,34,617,3,3,3
9/29/16 15:15,74.075,23.4,8.3,22.1,34,617,3,3,3
9/29/16 15:30,74.075,23.4,8.3,22.1,34,618,3,3,3
9/29/16 15:45,74.075,23.4,8.3,22.1,34,618,3,3,3
9/29/16 16:00,74.1313,23.4,8.3,22.1,34,619,3,3,3
9/29/16 16:15,74.075,23.4,8.3,22.1,34,619,3,3,3
9/29/16 16:30,74.075,23.4,8.3,22.1,34,622,3,3,3
9/29/16 16:45,74.075,23.4,8.3,22.1,34,624,3,3,3
9/29/16 17:00,74.075,23.4,8.3,22.1,34,623,3,3,3
9/29/16 17:15,74.075,23.4,8.3,22.1,34,623,3,3,3
9/29/16 17:30,74.075,23.4,8.3,22.1,34,624,3,3,3
9/29/16 17:45,74.075,23.4,8.3,22.1,34,622,3,3,3
9/29/16 18:00,74.075,23.4,8.3,22.1,34,621,3,3,3
9/29/16 18:15,74.075,23.4,8.3,22.1,34,621,3,3,3
9/29/16 18:30,74.1313,23.4,8.3,22.1,34,620,3,3,3
9/29/16 18:45,74.1313,23.4,8.3,22.1,34,621,3,3,3
9/29/16 19:00,74.1313,23.4,8.3,22,34,625,3,3,3
9/29/16 19:15,74.1313,23.4,8.3,22,34,625,3,3,3
9/29/16 19:30,74.075,23.4,8.3,22,34,628,3,3,3
9/29/16 19:45,74.1313,23.4,8.3,22,34,627,3,3,3
9/29/16 20:00,74.075,23.4,8.3,22,34,629,3,3,3
9/29/16 20:15,74.1313,23.4,8.3,22,34,629,3,3,3
9/29/16 20:30,74.075,23.4,8.3,22,34,629,3,3,3
9/29/16 20:45,74.1313,23.4,8.3,22,34,631,3,3,3
9/29/16 21:00,74.075,23.4,8.3,22,34,630,3,3,3
9/29/16 21:15,74.075,23.4,8.3,22,34,630,3,3,3
9/29/16 21:30,74.075,23.4,8.3,22,34,630,3,3,3
9/29/16 21:45,74.075,23.4,8.3,22,34,631,3,3,3
9/29/16 22:00,74.075,23.4,8.3,22,34,630,3,3,3
9/29/16 22:15,74.0187,23.4,8.3,22,34,628,3,3,3
9/29/16 22:30,74.075,23.4,8.3,22,34,631,3,3,3
9/29/16 22:45,74.075,23.4,8.3,22,34,630,3,3,3
9/29/16 23:00,74.0187,23.4,8.3,22,34,631,3,3,3
9/29/16 23:15,74.0187,23.4,8.3,22,34,630,3,3,3
9/29/16 23:30,74.0187,23.4,8.3,22,34,631,3,3,3
9/29/16 23:45,74.0187,23.4,8.3,22,34,630,3,3,3
9/30/16 0:00,74.0187,23.4,8.3,22,34,632,3,3,3
9/30/16 0:15,74.0187,23.4,8.3,22,34,632,3,3,3
9/30/16 0:30,74.0187,23.4,8.3,22,34,631,3,3,3
9/30/16 0:45,74.0187,23.4,8.3,22,34,633,3,3,3
9/30/16 1:00,74.0187,23.3,8.3,22,34,632,3,3,3
9/30/16 1:15,74.0187,23.3,8.3,22,34,631,3,3,3
9/30/16 1:30,74.0187,23.3,8.3,22,34,631,3,3,3
9/30/16 1:45,74.0187,23.3,8.3,22,34,633,3,3,3
9/30/16 2:00,73.9625,23.3,8.3,22,34,632,3,3,3
9/30/16 2:15,74.0187,23.3,8.3,22,34,633,3,3,3
9/30/16 2:30,74.0187,23.3,8.3,22,34,633,3,3,3
9/30/16 2:45,74.0187,23.3,8.3,22,34,634,3,3,3
9/30/16 3:00,73.9625,23.3,8.3,22,34,634,3,3,3
9/30/16 3:15,73.9625,23.3,8.3,22,34,634,3,3,3
9/30/16 3:30,73.9625,23.3,8.3,22,34,634,3,3,3
9/30/16 3:45,73.9625,23.3,8.3,22,34,635,3,3,3
9/30/16 4:00,73.9625,23.3,8.3,22,34,634,3,3,3
9/30/16 4:15,73.9625,23.3,8.3,22,34,634,3,3,3
9/30/16 4:30,73.9625,23.3,8.3,22,34,633,3,3,3
9/30/16 4:45,74.0187,23.3,8.3,22,33.9,635,3,3,3
9/30/16 5:00,73.9625,23.3,8.3,22,33.9,635,3,3,3
9/30/16 5:15,73.9625,23.3,8.3,22,33.9,636,3,3,3
9/30/16 5:30,73.9625,23.3,8.3,22,33.9,633,3,3,3
9/30/16 5:45,73.9625,23.3,8.3,22,33.9,635,3,3,3
9/30/16 6:00,73.9625,23.3,8.3,22,33.9,633,3,3,3
9/30/16 6:15,73.9063,23.3,8.3,22,33.9,631,3,3,3
9/30/16 6:30,73.9625,23.3,8.3,22,33.9,632,3,3,3
9/30/16 6:45,73.9063,23.3,8.3,22,33.9,630,3,3,3
9/30/16 7:00,73.9063,23.3,8.3,22,33.9,630,3,3,3
9/30/16 7:15,73.85,23.3,8.3,22.1,33.9,627,3,3,3
9/30/16 7:30,73.9063,23.3,8.3,22.1,33.9,627,3,3,3
9/30/16 7:45,73.85,23.3,8.3,22.1,33.9,628,3,3,3
9/30/16 8:00,73.9063,23.3,8.3,22.1,33.9,628,3,3,3
9/30/16 8:15,73.85,23.3,8.3,22.1,33.9,628,3,3,3
9/30/16 8:30,73.85,23.3,8.3,22.1,33.9,628,3,3,3
9/30/16 8:45,73.85,23.3,8.3,22.1,33.9,627,3,3,3
9/30/16 9:00,73.9063,23.3,8.3,22.1,33.9,627,3,3,3
9/30/16 9:15,73.85,23.3,8.3,22.1,33.9,627,3,3,3
9/30/16 9:30,73.9063,23.3,8.3,22.1,34,607,3,3,3
9/30/16 9:45,73.9625,23.3,8.3,22.1,34,600,3,3,3
9/30/16 10:00,73.9625,23.3,8.3,22.1,34,598,3,3,3
9/30/16 10:15,73.9625,23.3,8.3,22.1,34,595,3,3,3
9/30/16 10:30,74.0187,23.3,8.3,22.1,34,595,3,3,3
9/30/16 10:45,74.075,23.3,8.3,22.1,34,594,3,3,3
9/30/16 11:00,74.075,23.4,8.3,22.1,34,593,3,3,3
9/30/16 11:15,74.1313,23.4,8.3,22.1,34,595,3,3,3
9/30/16 11:30,74.1313,23.4,8.3,22.1,34,595,3,3,3
9/30/16 11:45,74.1875,23.4,8.3,22.1,34,595,3,3,3
9/30/16 12:00,74.1875,23.4,8.3,22.1,34.1,589,3,3,3
9/30/16 12:15,74.2438,23.5,8.3,22.1,34.1,583,3,3,3
9/30/16 12:30,74.2438,23.5,8.3,22.1,34.1,585,3,3,3
9/30/16 12:45,74.3,23.5,8.3,22.1,34.1,585,3,3,3
9/30/16 13:00,74.3,23.5,8.3,22.1,34.1,584,3,3,3
9/30/16 13:15,74.3563,23.5,8.3,22.1,34.1,582,3,3,3
9/30/16 13:30,74.3563,23.5,8.3,22.1,34.1,581,3,3,3
9/30/16 13:45,74.4125,23.5,8.3,22.1,34.1,580,3,3,3
9/30/16 14:00,74.3563,23.5,8.3,22.1,34.1,579,3,3,3
9/30/16 14:15,74.4125,23.5,8.3,22.1,34.1,581,3,3,3
9/30/16 14:30,74.4125,23.5,8.3,22.1,34.1,584,3,3,3
9/30/16 14:45,74.4125,23.5,8.3,22.1,34.1,586,3,3,3
9/30/16 15:00,74.4125,23.5,8.3,22.1,34.1,586,3,3,3
9/30/16 15:15,74.4125,23.5,8.3,22.1,34.1,592,3,3,3
9/30/16 15:30,74.4125,23.5,8.3,22.1,34.2,592,3,3,3
9/30/16 15:45,74.4125,23.5,8.3,22.1,34.2,592,3,3,3
9/30/16 16:00,74.4688,23.5,8.3,22.1,34.2,592,3,3,3
9/30/16 16:15,74.4688,23.5,8.3,22.1,34.2,593,3,3,3
9/30/16 16:30,74.4125,23.5,8.3,22.1,34.2,594,3,3,3
9/30/16 16:45,74.4125,23.5,8.3,22.1,34.2,595,3,3,3
9/30/16 17:00,74.4125,23.5,8.3,22.1,34.2,598,3,3,3
9/30/16 17:15,74.4125,23.5,8.3,22.1,34.2,601,3,3,3
9/30/16 17:30,74.4125,23.5,8.3,22.1,34.2,600,3,3,3
9/30/16 17:45,74.4125,23.5,8.3,22.1,34.2,598,3,3,3
9/30/16 18:00,74.4125,23.5,8.3,22.1,34.2,598,3,3,3
9/30/16 18:15,74.4125,23.5,8.3,22.1,34.2,601,3,3,3
9/30/16 18:30,74.4125,23.5,8.3,22.1,34.2,600,3,3,3
9/30/16 18:45,74.4125,23.5,8.3,22.1,34.2,601,3,3,3
9/30/16 19:00,74.4125,23.5,8.3,22.1,34.2,601,3,3,3
9/30/16 19:15,74.4125,23.5,8.3,22.1,34.2,602,3,3,3
9/30/16 19:30,74.4125,23.5,8.3,22.1,34.2,599,3,3,3
9/30/16 19:45,74.4125,23.5,8.3,22.1,34.2,595,3,3,3
9/30/16 20:00,74.4125,23.5,8.3,22.1,34.2,598,3,3,3
9/30/16 20:15,74.4125,23.5,8.3,22.1,34.2,601,3,3,3
9/30/16 20:30,74.4125,23.5,8.3,22.1,34.2,604,3,3,3
9/30/16 20:45,74.3563,23.5,8.3,22.1,34.2,602,3,3,3
9/30/16 21:00,74.3563,23.5,8.3,22.1,34.2,602,3,3,3
9/30/16 21:15,74.3563,23.5,8.3,22.1,34.2,602,3,3,3
9/30/16 21:30,74.3563,23.5,8.3,22.1,34.2,602,3,3,3
9/30/16 21:45,74.3563,23.5,8.3,22.1,34.2,601,3,3,3
9/30/16 22:00,74.3563,23.5,8.3,22.1,34.2,605,3,3,3
9/30/16 22:15,74.3563,23.5,8.3,22.1,34.2,606,3,3,3
9/30/16 22:30,74.3563,23.5,8.3,22.1,34.2,606,3,3,3
9/30/16 22:45,74.3,23.5,8.3,22.1,34.2,606,3,3,3
9/30/16 23:00,74.3563,23.5,8.3,22.1,34.2,602,3,3,3
9/30/16 23:15,74.3,23.5,8.3,22.1,34.2,600,3,3,3
9/30/16 23:30,74.3563,23.5,8.3,22.1,34.2,600,3,3,3
9/30/16 23:45,74.3,23.5,8.3,22.1,34.1,598,3,3,3
10/1/16 0:00,74.3,23.5,8.3,22.1,34.1,599,3,3,3
10/1/16 0:15,74.3,23.5,8.3,22.1,34.1,600,3,3,3
10/1/16 0:30,74.3,23.5,8.3,22.1,34.1,604,3,3,3
10/1/16 0:45,74.3,23.5,8.3,22.1,34.1,605,3,3,3
10/1/16 1:00,74.3,23.5,8.3,22.1,34.1,606,3,3,3
10/1/16 1:15,74.2438,23.5,8.3,22.1,34.1,606,3,3,3
10/1/16 1:30,74.2438,23.5,8.3,22.1,34.1,608,3,3,3
10/1/16 1:45,74.2438,23.5,8.3,22.1,34.1,608,3,3,3
10/1/16 2:00,74.2438,23.5,8.3,22.1,34.1,608,3,3,3
10/1/16 2:15,74.2438,23.5,8.3,22.1,34.1,607,3,3,3
10/1/16 2:30,74.2438,23.5,8.3,22.1,34.1,610,3,3,3
10/1/16 2:45,74.2438,23.5,8.3,22.1,34.1,607,3,3,3
10/1/16 3:00,74.2438,23.5,8.3,22.1,34.1,610,3,3,3
10/1/16 3:15,74.1875,23.5,8.3,22.1,34.1,609,3,3,3
10/1/16 3:30,74.1875,23.5,8.3,22.1,34.1,610,3,3,3
10/1/16 3:45,74.2438,23.5,8.3,22.1,34.1,609,3,3,3
10/1/16 4:00,74.1875,23.5,8.3,22.1,34.1,607,3,3,3
10/1/16 4:15,74.1875,23.4,8.3,22.1,34.1,609,3,3,3
10/1/16 4:30,74.1875,23.4,8.3,22.1,34.1,608,3,3,3
10/1/16 4:45,74.1875,23.4,8.3,22.1,34.1,610,3,3,3
10/1/16 5:00,74.1875,23.4,8.3,22.1,34.1,608,3,3,3
10/1/16 5:15,74.1875,23.4,8.3,22.1,34.1,610,3,3,3
10/1/16 5:30,74.1875,23.4,8.3,22.1,34.1,611,3,3,3
10/1/16 5:45,74.1313,23.4,8.3,22.1,34.1,610,3,3,3
10/1/16 6:00,74.1313,23.4,8.3,22.1,34.1,610,3,3,3
10/1/16 6:15,74.1875,23.4,8.3,22.1,34.1,599,3,3,3
10/1/16 6:30,74.1313,23.4,8.3,22.1,34.1,605,3,3,3
10/1/16 6:45,74.1313,23.4,8.3,22.1,34.1,604,3,3,3
10/1/16 7:00,74.1313,23.4,8.3,22.1,34.1,606,3,3,3
10/1/16 7:15,74.1313,23.4,8.3,22.1,34.1,604,3,3,3
10/1/16 7:30,74.1313,23.4,8.3,22.1,34.1,608,3,3,3
10/1/16 7:45,74.1313,23.4,8.3,22.1,34.1,608,3,3,3
10/1/16 8:00,74.1313,23.4,8.3,22.1,34.1,609,3,3,3
10/1/16 8:15,74.1313,23.4,8.3,22.1,34.1,608,3,3,3
10/1/16 8:30,74.1313,23.4,8.3,22.1,34.1,607,3,3,3
10/1/16 8:45,74.1313,23.4,8.3,22.1,34.1,608,3,3,3
10/1/16 9:00,74.075,23.4,8.3,22.1,34.1,609,3,3,3
10/1/16 9:15,74.1313,23.4,8.3,22.1,34.1,608,3,3,3
10/1/16 9:30,74.1313,23.4,8.3,22.1,34.1,602,3,3,3
10/1/16 9:45,74.1875,23.4,8.3,22.1,34.1,606,3,3,3
10/1/16 10:00,74.1875,23.4,8.3,22.1,34.1,608,3,3,3
10/1/16 10:15,74.1875,23.4,8.3,22.1,34.1,607,3,3,3
10/1/16 10:30,74.2438,23.4,8.3,22.1,34.1,606,3,3,3
10/1/16 10:45,74.2438,23.4,8.3,22.1,34.1,608,3,3,3
10/1/16 11:00,74.3,23.5,8.3,22.1,34.1,605,3,3,3
10/1/16 11:15,74.3,23.5,8.3,22.1,34.1,607,3,3,3
10/1/16 11:30,74.3,23.5,8.3,22.1,34.1,609,3,3,3
10/1/16 11:45,74.3,23.5,8.3,22.1,34.1,609,3,3,3
10/1/16 12:00,74.3563,23.5,8.3,22.1,34.2,598,3,3,3
10/1/16 12:15,74.3563,23.5,8.3,22.1,34.2,611,3,3,3
10/1/16 12:30,74.3563,23.5,8.3,22.1,34.2,616,3,3,3
10/1/16 12:45,74.4125,23.5,8.3,22.1,34.2,609,3,3,3
10/1/16 13:00,74.4125,23.5,8.3,22.1,34.2,607,3,3,3
10/1/16 13:15,74.4688,23.5,8.3,22.1,34.2,606,3,3,3
10/1/16 13:30,74.4125,23.6,8.3,22.1,34.2,606,3,3,3
10/1/16 13:45,74.4688,23.6,8.3,22.1,34.2,606,3,3,3
10/1/16 14:00,74.4688,23.6,8.3,22.1,34.2,610,3,3,3
10/1/16 14:15,74.4688,23.6,8.3,22.1,34.2,609,3,3,3
10/1/16 14:30,74.525,23.6,8.3,22.1,34.2,608,3,3,3
10/1/16 14:45,74.525,23.6,8.3,22.1,34.2,607,3,3,3
10/1/16 15:00,74.525,23.6,8.3,22.1,34.2,608,3,3,3
10/1/16 15:15,74.525,23.6,8.3,22.1,34.2,611,3,3,3
10/1/16 15:30,74.525,23.6,8.3,22.1,34.2,606,3,3,3
10/1/16 15:45,74.5812,23.6,8.3,22.1,34.2,609,3,3,3
10/1/16 16:00,74.5812,23.6,8.3,22.1,34.2,610,3,3,3
10/1/16 16:15,74.5812,23.6,8.3,22.1,34.2,608,3,3,3
10/1/16 16:30,74.5812,23.6,8.3,22.1,34.2,611,3,3,3
10/1/16 16:45,74.5812,23.6,8.3,22.1,34.2,610,3,3,3
10/1/16 17:00,74.525,23.6,8.3,22.1,34.2,611,3,3,3
10/1/16 17:15,74.5812,23.6,8.3,22.1,34.2,614,3,3,3
10/1/16 17:30,74.5812,23.6,8.3,22.1,34.2,609,3,3,3
10/1/16 17:45,74.5812,23.6,8.3,22.1,34.2,614,3,3,3
10/1/16 18:00,74.525,23.6,8.3,22.1,34.2,612,3,3,3
10/1/16 18:15,74.525,23.6,8.3,22.1,34.2,613,3,3,3
10/1/16 18:30,74.525,23.6,8.3,22.1,34.2,614,3,3,3
10/1/16 18:45,74.525,23.6,8.3,22.1,34.2,615,3,3,3
10/1/16 19:00,74.525,23.6,8.3,22.1,34.2,616,3,3,3
10/1/16 19:15,74.525,23.6,8.3,22.1,34.2,617,3,3,3
10/1/16 19:30,74.525,23.6,8.3,22.1,34.2,616,3,3,3
10/1/16 19:45,74.525,23.6,8.3,22.1,34.2,617,3,3,3
10/1/16 20:00,74.525,23.6,8.3,22.1,34.2,618,3,3,3
10/1/16 20:15,74.525,23.6,8.3,22.1,34.2,618,3,3,3
10/1/16 20:30,74.4688,23.6,8.3,22.1,34.2,620,3,3,3
10/1/16 20:45,74.4688,23.6,8.3,22.1,34.2,619,3,3,3
10/1/16 21:00,74.4688,23.6,8.3,22.1,34.2,616,3,3,3
10/1/16 21:15,74.4688,23.6,8.3,22.1,34.2,619,3,3,3
10/1/16 21:30,74.4688,23.6,8.3,22.1,34.2,619,3,3,3
10/1/16 21:45,74.4688,23.6,8.3,22.1,34.2,620,3,3,3
10/1/16 22:00,74.4688,23.6,8.3,22.1,34.2,620,3,3,3
10/1/16 22:15,74.4688,23.6,8.3,22.1,34.2,618,3,3,3
10/1/16 22:30,74.4688,23.6,8.3,22.1,34.2,619,3,3,3
10/1/16 22:45,74.4688,23.6,8.3,22.1,34.2,619,3,3,3
10/1/16 23:00,74.4688,23.6,8.3,22.1,34.2,618,3,3,3
10/1/16 23:15,74.4125,23.6,8.3,22.1,34.2,622,3,3,3
10/1/16 23:30,74.4125,23.6,8.3,22.1,34.2,621,3,3,3
10/1/16 23:45,74.4125,23.6,8.3,22.1,34.2,620,3,3,3
10/2/16 0:00,74.4125,23.6,8.3,22.1,34.2,620,3,3,3
10/2/16 0:15,74.4125,23.6,8.3,22.1,34.2,618,3,3,3
10/2/16 0:30,74.4125,23.6,8.3,22.1,34.2,618,3,3,3
10/2/16 0:45,74.4688,23.6,8.3,22.1,34.2,620,3,3,3
10/2/16 1:00,74.4125,23.6,8.3,22.1,34.2,620,3,3,3
10/2/16 1:15,74.4125,23.6,8.3,22.1,34.2,619,3,3,3
10/2/16 1:30,74.3563,23.5,8.3,22.1,34.2,620,3,3,3
10/2/16 1:45,74.4125,23.5,8.3,22.1,34.2,619,3,3,3
10/2/16 2:00,74.3563,23.5,8.3,22.1,34.2,620,3,3,3
10/2/16 2:15,74.3563,23.5,8.3,22.1,34.2,621,3,3,3
10/2/16 2:30,74.3,23.5,8.3,22.1,34.2,619,3,3,3
10/2/16 2:45,74.3,23.5,8.3,22.1,34.2,620,3,3,3
10/2/16 3:00,74.3563,23.5,8.3,22.1,34.2,620,3,3,3
10/2/16 3:15,74.3,23.5,8.3,22.1,34.2,620,3,3,3
10/2/16 3:30,74.3,23.5,8.3,22.1,34.2,620,3,3,3
10/2/16 3:45,74.3,23.5,8.3,22.1,34.2,620,3,3,3
10/2/16 4:00,74.3,23.5,8.3,22.1,34.2,620,3,3,3
10/2/16 4:15,74.3,23.5,8.3,22.1,34.2,619,3,3,3
10/2/16 4:30,74.3,23.5,8.3,22.1,34.2,619,3,3,3
10/2/16 4:45,74.2438,23.5,8.3,22.1,34.2,618,3,3,3
10/2/16 5:00,74.2438,23.5,8.3,22.1,34.2,620,3,3,3
10/2/16 5:15,74.2438,23.5,8.3,22.1,34.2,618,3,3,3
10/2/16 5:30,74.2438,23.5,8.3,22.1,34.2,620,3,3,3
10/2/16 5:45,74.2438,23.5,8.3,22.1,34.1,619,3,3,3
10/2/16 6:00,74.2438,23.5,8.3,22.1,34.1,620,3,3,3
10/2/16 6:15,74.2438,23.5,8.3,22.1,34.1,620,3,3,3
10/2/16 6:30,74.1875,23.5,8.3,22.1,34.1,621,3,3,3
10/2/16 6:45,74.1875,23.5,8.3,22.1,34.1,613,3,3,3
10/2/16 7:00,74.1875,23.5,8.3,22.1,34.1,614,3,3,3
10/2/16 7:15,74.1875,23.5,8.3,22.1,34.1,617,3,3,3
10/2/16 7:30,74.2438,23.5,8.3,22.1,34.1,616,3,3,3
10/2/16 7:45,74.1875,23.5,8.3,22.1,34.1,616,3,3,3
10/2/16 8:00,74.2438,23.5,8.3,22.1,34.1,612,3,3,3
10/2/16 8:15,74.1875,23.5,8.3,22.1,34.1,614,3,3,3
10/2/16 8:30,74.2438,23.5,8.3,22.1,34.1,615,3,3,3
10/2/16 8:45,74.1875,23.5,8.3,22.1,34.1,609,3,3,3
10/2/16 9:00,74.1875,23.5,8.3,22.1,34.1,611,3,3,3
10/2/16 9:15,74.2438,23.5,8.3,22.1,34.1,613,3,3,3
10/2/16 9:30,74.1875,23.5,8.3,22.1,34.1,612,3,3,3
10/2/16 9:45,74.2438,23.5,8.3,22.1,34.1,613,3,3,3
10/2/16 10:00,74.2438,23.5,8.3,22.1,34.1,613,3,3,3
10/2/16 10:15,74.2438,23.5,8.3,22.1,34.1,616,3,3,3
10/2/16 10:30,74.3,23.5,8.3,22.1,34.1,614,3,3,3
10/2/16 10:45,74.3,23.5,8.3,22.1,34.1,615,3,3,3
10/2/16 11:00,74.3,23.5,8.3,22.1,34.2,614,3,3,3
10/2/16 11:15,74.3563,23.5,8.3,22.1,34.2,616,3,3,3
10/2/16 11:30,74.3563,23.5,8.3,22.1,34.2,615,3,3,3
10/2/16 11:45,74.3563,23.5,8.3,22.1,34.2,617,3,3,3
10/2/16 12:00,74.3563,23.5,8.3,22.1,34.2,618,3,3,3
10/2/16 12:15,74.3563,23.5,8.3,22.1,34.2,618,3,3,3
10/2/16 12:30,74.3563,23.5,8.3,22.1,34.2,621,3,3,3
10/2/16 12:45,74.4125,23.5,8.3,22.1,34.2,621,3,3,3
10/2/16 13:00,74.4125,23.5,8.3,22.1,34.2,623,3,3,3
10/2/16 13:15,74.4125,23.5,8.3,22.1,34.2,623,3,3,3
10/2/16 13:30,74.4125,23.5,8.3,22.1,34.2,625,3,3,3
10/2/16 13:45,74.4125,23.5,8.3,22.1,34.2,625,3,3,3
10/2/16 14:00,74.4125,23.5,8.3,22.1,34.2,622,3,3,3
10/2/16 14:15,74.4125,23.5,8.3,22.1,34.2,623,3,3,3
10/2/16 14:30,74.4125,23.5,8.3,22.1,34.2,626,3,3,3
10/2/16 14:45,74.4125,23.5,8.3,22.1,34.2,623,3,3,3
10/2/16 15:00,74.4125,23.5,8.3,22.1,34.2,622,3,3,3
10/2/16 15:15,74.4125,23.5,8.3,22.1,34.2,621,3,3,3
10/2/16 15:30,74.4125,23.5,8.3,22.1,34.2,622,3,3,3
10/2/16 15:45,74.4125,23.5,8.3,22.1,34.2,622,3,3,3
10/2/16 16:00,74.4125,23.5,8.3,22.1,34.2,622,3,3,3
10/2/16 16:15,74.4125,23.5,8.3,22.1,34.2,623,3,3,3
10/2/16 16:30,74.4125,23.5,8.3,22.1,34.2,622,3,3,3
10/2/16 16:45,74.4125,23.5,8.3,22.1,34.2,622,3,3,3
10/2/16 17:00,74.4125,23.5,8.3,22.1,34.2,622,3,3,3
10/2/16 17:15,74.3563,23.5,8.3,22.1,34.2,621,3,3,3
10/2/16 17:30,74.4125,23.5,8.3,22.1,34.2,622,3,3,3
10/2/16 17:45,74.4125,23.5,8.3,22.1,34.2,621,3,3,3
10/2/16 18:00,74.3563,23.5,8.3,22.1,34.2,617,3,3,3
10/2/16 18:15,74.3563,23.5,8.3,22.1,34.2,607,3,3,3
10/2/16 18:30,74.3563,23.5,8.3,22.1,34.2,619,3,3,3
10/2/16 18:45,74.4125,23.5,8.3,22.1,34.2,620,3,3,3
10/2/16 19:00,74.3563,23.5,8.3,22.1,34.2,622,3,3,3
10/2/16 19:15,74.3563,23.5,8.3,22.1,34.2,621,3,3,3
10/2/16 19:30,74.3563,23.5,8.3,22.1,34.2,623,3,3,3
10/2/16 19:45,74.3563,23.5,8.3,22.1,34.2,624,3,3,3
10/2/16 20:00,74.3,23.5,8.3,22.1,34.2,624,3,3,3
10/2/16 20:15,74.3,23.5,8.3,22.1,34.2,624,3,3,3
10/2/16 20:30,74.3563,23.5,8.3,22.1,34.2,625,3,3,3
10/2/16 20:45,74.3563,23.5,8.3,22.1,34.2,624,3,3,3
10/2/16 21:00,74.3563,23.5,8.3,22.1,34.2,624,3,3,3
10/2/16 21:15,74.3563,23.5,8.3,22.1,34.2,622,3,3,3
10/2/16 21:30,74.3,23.5,8.3,22.1,34.2,626,3,3,3
10/2/16 21:45,74.3,23.5,8.3,22.1,34.2,624,3,3,3
10/2/16 22:00,74.3,23.5,8.3,22.1,34.2,624,3,3,3
10/2/16 22:15,74.3,23.5,8.3,22.1,34.2,625,3,3,3
10/2/16 22:30,74.3,23.5,8.3,22.1,34.2,625,3,3,3
10/2/16 22:45,74.3,23.5,8.3,22.1,34.2,628,3,3,3
10/2/16 23:00,74.3,23.5,8.3,22.1,34.2,627,3,3,3
10/2/16 23:15,74.2438,23.5,8.3,22.1,34.2,626,3,3,3
10/2/16 23:30,74.3,23.5,8.3,22.1,34.2,629,3,3,3
10/2/16 23:45,74.2438,23.5,8.3,22.1,34.2,629,3,3,3
10/3/16 0:00,74.3,23.5,8.3,22.1,34.2,628,3,3,3
10/3/16 0:15,74.3,23.5,8.3,22.1,34.2,628,3,3,3
10/3/16 0:30,74.3,23.5,8.3,22.1,34.2,630,3,3,3
10/3/16 0:45,74.2438,23.5,8.3,22.1,34.2,631,3,3,3
10/3/16 1:00,74.3,23.5,8.3,22.1,34.2,633,3,3,3
10/3/16 1:15,74.2438,23.5,8.3,22.1,34.2,631,3,3,3
10/3/16 1:30,74.3,23.5,8.3,22.1,34.2,630,3,3,3
10/3/16 1:45,74.2438,23.5,8.3,22.1,34.2,630,3,3,3
10/3/16 2:00,74.2438,23.5,8.3,22.1,34.2,630,3,3,3
10/3/16 2:15,74.3,23.5,8.3,22.1,34.2,627,3,3,3
10/3/16 2:30,74.2438,23.5,8.3,22.1,34.2,628,3,3,3
10/3/16 2:45,74.2438,23.5,8.3,22.1,34.2,614,3,3,3
10/3/16 3:00,74.2438,23.5,8.3,22.1,34.2,623,3,3,3
10/3/16 3:15,74.2438,23.5,8.3,22.1,34.2,625,3,3,3
10/3/16 3:30,74.2438,23.5,8.3,22.1,34.2,625,3,3,3
10/3/16 3:45,74.2438,23.5,8.3,22.1,34.2,624,3,3,3
10/3/16 4:00,74.1875,23.5,8.3,22.1,34.2,627,3,3,3
10/3/16 4:15,74.2438,23.5,8.3,22.1,34.2,630,3,3,3
10/3/16 4:30,74.1875,23.5,8.3,22.1,34.2,629,3,3,3
10/3/16 4:45,74.2438,23.5,8.3,22.1,34.2,630,3,3,3
10/3/16 5:00,74.1875,23.4,8.3,22.1,34.2,626,3,3,3
10/3/16 5:15,74.1875,23.4,8.3,22.1,34.2,627,3,3,3
10/3/16 5:30,74.2438,23.4,8.3,22.1,34.1,625,3,3,3
10/3/16 5:45,74.1875,23.4,8.3,22.1,34.1,626,3,3,3
10/3/16 6:00,74.1875,23.4,8.3,22.1,34.1,624,3,3,3
10/3/16 6:15,74.1875,23.4,8.3,22.1,34.1,623,3,3,3
10/3/16 6:30,74.1313,23.4,8.3,22.1,34.1,617,3,3,3
10/3/16 6:45,74.1313,23.4,8.3,22.1,34.1,617,3,3,3
10/3/16 7:00,74.1313,23.4,8.3,22.1,34.1,617,3,3,3
10/3/16 7:15,74.1313,23.4,8.3,22.1,34.1,624,3,3,3
10/3/16 7:30,74.1313,23.4,8.3,22.1,34.1,624,3,3,3
10/3/16 7:45,74.075,23.4,8.3,22.1,34.1,627,3,3,3
10/3/16 8:00,74.075,23.4,8.3,22.1,34.1,624,3,3,3
10/3/16 8:15,74.1313,23.4,8.3,22.1,34.1,623,3,3,3
10/3/16 8:30,74.075,23.4,8.3,22.1,34.1,620,3,3,3
10/3/16 8:45,74.1313,23.4,8.3,22.1,34.1,619,3,3,3
10/3/16 9:00,74.1313,23.4,8.3,22.1,34.1,620,3,3,3
10/3/16 9:15,74.1313,23.4,8.3,22.1,34.1,621,3,3,3
10/3/16 9:30,74.1313,23.4,8.3,22.1,34.1,620,3,3,3
10/3/16 9:45,74.1313,23.4,8.3,22.1,34.1,621,3,3,3
10/3/16 10:00,74.1875,23.4,8.3,22.1,34.1,623,3,3,3
10/3/16 10:15,74.1875,23.4,8.3,22.1,34.1,622,3,3,3
10/3/16 10:30,74.2438,23.4,8.3,22.1,34.1,622,3,3,3
10/3/16 10:45,74.2438,23.4,8.3,22.1,34.2,622,3,3,3
10/3/16 11:00,74.2438,23.5,8.3,22.1,34.2,624,3,3,3
10/3/16 11:15,74.3,23.5,8.3,22.1,34.2,620,3,3,3
10/3/16 11:30,74.3,23.5,8.3,22.1,34.2,618,3,3,3
10/3/16 11:45,74.3563,23.5,8.3,22.1,34.2,618,3,3,3
10/3/16 12:00,74.3563,23.5,8.3,22.1,34.2,619,3,3,3
10/3/16 12:15,74.4125,23.5,8.3,22.1,34.2,620,3,3,3
10/3/16 12:30,74.4125,23.5,8.3,22.1,34.2,618,3,3,3
10/3/16 12:45,74.4125,23.5,8.3,22.1,34.2,620,3,3,3
10/3/16 13:00,74.4688,23.5,8.3,22.1,34.2,624,3,3,3
10/3/16 13:15,74.4688,23.6,8.3,22.1,34.3,622,3,3,3
10/3/16 13:30,74.4688,23.6,8.3,22.1,34.3,624,3,3,3
10/3/16 13:45,74.525,23.6,8.3,22.1,34.3,622,3,3,3
10/3/16 14:00,74.525,23.6,8.3,22.1,34.3,619,3,3,3
10/3/16 14:15,74.525,23.6,8.3,22.1,34.3,619,3,3,3
10/3/16 14:30,74.525,23.6,8.3,22.1,34.3,620,3,3,3
10/3/16 14:45,74.525,23.6,8.3,22.1,34.3,620,3,3,3
10/3/16 15:00,74.525,23.6,8.3,22.1,34.3,623,3,3,3
10/3/16 15:15,74.5812,23.6,8.3,22.1,34.3,623,3,3,3
10/3/16 15:30,74.525,23.6,8.3,22.1,34.3,624,3,3,3
10/3/16 15:45,74.525,23.6,8.3,22.1,34.3,624,3,3,3
10/3/16 16:00,74.525,23.6,8.3,22.1,34.3,624,3,3,3
10/3/16 16:15,74.525,23.6,8.3,22.1,34.3,625,3,3,3
10/3/16 16:30,74.525,23.6,8.3,22.1,34.3,624,3,3,3
10/3/16 16:45,74.4688,23.6,8.3,22.1,34.3,624,3,3,3
10/3/16 17:00,74.525,23.6,8.3,22.1,34.3,627,3,3,3
10/3/16 17:15,74.4688,23.6,8.3,22.1,34.3,627,3,3,3
10/3/16 17:30,74.4688,23.6,8.3,22.1,34.3,626,3,3,3
10/3/16 17:45,74.4688,23.6,8.3,22.1,34.3,626,3,3,3
10/3/16 18:00,74.4125,23.6,8.3,22.1,34.3,629,3,3,3
10/3/16 18:15,74.4125,23.6,8.3,22.1,34.3,634,3,3,3
10/3/16 18:30,74.4125,23.6,8.3,22.1,34.3,636,3,3,3
10/3/16 18:45,74.4125,23.6,8.3,22.1,34.3,636,3,3,3
10/3/16 19:00,74.4125,23.6,8.3,22.1,34.3,629,3,3,3
10/3/16 19:15,74.4125,23.6,8.3,22.1,34.3,634,3,3,3
10/3/16 19:30,74.4125,23.6,8.3,22.1,34.3,635,3,3,3
10/3/16 19:45,74.4688,23.6,8.3,22.1,34.3,637,3,3,3
10/3/16 20:00,74.4125,23.6,8.3,22.1,34.2,637,3,3,3
10/3/16 20:15,74.4125,23.6,8.3,22.1,34.2,637,3,3,3
10/3/16 20:30,74.3563,23.5,8.3,22.1,34.2,635,3,3,3
10/3/16 20:45,74.3563,23.5,8.3,22.1,34.2,638,3,3,3
10/3/16 21:00,74.4125,23.5,8.3,22.1,34.2,637,3,3,3
10/3/16 21:15,74.3563,23.5,8.3,22.1,34.2,638,3,3,3
10/3/16 21:30,74.3563,23.5,8.3,22.1,34.2,636,3,3,3
10/3/16 21:45,74.3563,23.5,8.3,22.1,34.2,636,3,3,3
10/3/16 22:00,74.3,23.5,8.3,22.1,34.2,636,3,3,3
10/3/16 22:15,74.3,23.5,8.3,22.1,34.2,636,3,3,3
10/3/16 22:30,74.3,23.5,8.3,22.1,34.2,635,3,3,3
10/3/16 22:45,74.3563,23.5,8.3,22.1,34.2,637,3,3,3
10/3/16 23:00,74.3,23.5,8.3,22.1,34.2,636,3,3,3
10/3/16 23:15,74.2438,23.5,8.3,22.1,34.2,635,3,3,3
10/3/16 23:30,74.2438,23.5,8.3,22.1,34.2,635,3,3,3
10/3/16 23:45,74.2438,23.5,8.3,22.1,34.2,635,3,3,3
10/4/16 0:00,74.2438,23.5,8.3,22.1,34.2,633,3,3,3
10/4/16 0:15,74.2438,23.5,8.3,22.1,34.2,637,3,3,3
10/4/16 0:30,74.2438,23.5,8.3,22.1,34.2,635,3,3,3
10/4/16 0:45,74.2438,23.4,8.3,22.1,34.2,621,3,3,3
10/4/16 1:00,74.1875,23.4,8.3,22.1,34.2,632,3,3,3
10/4/16 1:15,74.1875,23.4,8.3,22.1,34.2,635,3,3,3
10/4/16 1:30,74.1313,23.4,8.3,22.1,34.2,632,3,3,3
10/4/16 1:45,74.1313,23.4,8.3,22.1,34.2,633,3,3,3
10/4/16 2:00,74.1313,23.4,8.3,22.1,34.2,632,3,3,3
10/4/16 2:15,74.1313,23.4,8.3,22.1,34.2,630,3,3,3
10/4/16 2:30,74.1313,23.4,8.3,22.1,34.1,632,3,3,3
10/4/16 2:45,74.1313,23.4,8.3,22.1,34.1,633,3,3,3
10/4/16 3:00,74.075,23.4,8.3,22.1,34.1,636,3,3,3
10/4/16 3:15,74.075,23.4,8.3,22.1,34.1,635,3,3,3
10/4/16 3:30,74.075,23.4,8.3,22.1,34.1,634,3,3,3
10/4/16 3:45,74.075,23.4,8.3,22.1,34.1,634,3,3,3
10/4/16 4:00,74.075,23.4,8.3,22.1,34.1,633,3,3,3
10/4/16 4:15,74.0187,23.3,8.3,22.1,34.1,636,3,3,3
10/4/16 4:30,74.0187,23.3,8.3,22.1,34.1,636,3,3,3
10/4/16 4:45,74.0187,23.3,8.3,22.1,34.1,634,3,3,3
10/4/16 5:00,74.0187,23.3,8.3,22.1,34.1,636,3,3,3
10/4/16 5:15,73.9625,23.3,8.3,22.1,34.1,636,3,3,3
10/4/16 5:30,74.0187,23.3,8.3,22.1,34.1,632,3,3,3
10/4/16 5:45,73.9625,23.3,8.3,22.1,34.1,636,3,3,3
10/4/16 6:00,73.9063,23.3,8.3,22.1,34.1,638,3,3,3
10/4/16 6:15,73.9625,23.3,8.3,22.1,34.1,636,3,3,3
10/4/16 6:30,73.9063,23.3,8.3,22.1,34.1,636,3,3,3
10/4/16 6:45,73.85,23.3,8.3,22.1,34.1,635,3,3,3
10/4/16 7:00,73.85,23.3,8.3,22.1,34.1,632,3,3,3
10/4/16 7:15,73.9063,23.2,8.3,22.1,34.1,634,3,3,3
10/4/16 7:30,73.85,23.2,8.3,22.1,34.1,636,3,3,3
10/4/16 7:45,73.85,23.2,8.3,22.1,34.1,634,3,3,3
10/4/16 8:00,73.85,23.2,8.3,22.1,34.1,635,3,3,3
10/4/16 8:15,73.85,23.2,8.3,22.1,34.1,635,3,3,3
10/4/16 8:30,73.85,23.2,8.3,22.1,34.1,636,3,3,3
10/4/16 8:45,73.85,23.2,8.3,22.1,34.1,636,3,3,3
10/4/16 9:00,73.85,23.2,8.3,22.1,34,627,3,3,3
10/4/16 9:15,73.7938,23.2,8.3,22.1,34,624,3,3,3
10/4/16 9:30,73.85,23.2,8.3,22.1,34,628,3,3,3
10/4/16 9:45,73.85,23.2,8.3,22.1,34,628,3,3,3
10/4/16 10:00,73.85,23.2,8.3,22.1,34,629,3,3,3
10/4/16 10:15,73.9063,23.3,8.3,22.1,34,629,3,3,3
10/4/16 10:30,73.9625,23.3,8.3,22.1,34,631,3,3,3
10/4/16 10:45,73.9625,23.3,8.3,22.2,34.1,630,3,3,3
10/4/16 11:00,73.9625,23.3,8.3,22.2,34.1,628,3,3,3
10/4/16 11:15,74.0187,23.3,8.3,22.2,34.1,630,3,3,3
10/4/16 11:30,74.0187,23.3,8.3,22.2,34.1,623,3,3,3
10/4/16 11:45,74.075,23.3,8.3,22.2,34.1,621,3,3,3
10/4/16 12:00,74.075,23.4,8.3,22.2,34.1,620,3,3,3
10/4/16 12:15,74.1313,23.4,8.3,22.2,34.1,620,3,3,3
10/4/16 12:30,74.1313,23.4,8.3,22.2,34.1,624,3,3,3
10/4/16 12:45,74.075,23.4,8.3,22.2,34.1,619,3,3,3
10/4/16 13:00,74.1313,23.4,8.3,22.2,34.1,609,3,3,3
10/4/16 13:15,74.1313,23.4,8.3,22.2,34.2,611,3,3,3
10/4/16 13:30,74.1313,23.4,8.3,22.2,34.2,615,3,3,3
10/4/16 13:45,74.1313,23.4,8.3,22.2,34.2,616,3,3,3
10/4/16 14:00,74.1875,23.4,8.3,22.2,34.2,616,3,3,3
10/4/16 14:15,74.1875,23.4,8.3,22.2,34.2,620,3,3,3
10/4/16 14:30,74.3,23.4,8.3,22.2,34.2,617,3,3,3
10/4/16 14:45,74.3,23.4,8.3,22.2,34.2,616,3,3,3
10/4/16 15:00,74.2438,23.4,8.3,22.2,34.2,616,3,3,3
10/4/16 15:15,74.2438,23.4,8.3,22.2,34.2,618,3,3,3
10/4/16 15:30,74.2438,23.4,8.3,22.2,34.2,616,3,3,3
10/4/16 15:45,74.2438,23.4,8.3,22.2,34.2,616,3,3,3
10/4/16 16:00,74.2438,23.4,8.3,22.2,34.2,616,3,3,3
10/4/16 16:15,74.1875,23.4,8.3,22.2,34.2,621,3,3,3
10/4/16 16:30,74.1875,23.4,8.3,22.2,34.2,623,3,3,3
10/4/16 16:45,74.2438,23.4,8.3,22.2,34.2,623,3,3,3
10/4/16 17:00,74.1875,23.4,8.3,22.2,34.2,622,3,3,3
10/4/16 17:15,74.1875,23.4,8.3,22.2,34.2,620,3,3,3
10/4/16 17:30,74.1875,23.4,8.3,22.2,34.2,619,3,3,3
10/4/16 17:45,74.2438,23.4,8.3,22.2,34.2,617,3,3,3
10/4/16 18:00,74.2438,23.4,8.3,22.2,34.2,619,3,3,3
10/4/16 18:15,74.1875,23.4,8.3,22.2,34.2,619,3,3,3
10/4/16 18:30,74.2438,23.4,8.3,22.2,34.2,618,3,3,3
10/4/16 18:45,74.2438,23.4,8.3,22.2,34.2,621,3,3,3
10/4/16 19:00,74.2438,23.4,8.3,22.2,34.2,619,3,3,3
10/4/16 19:15,74.2438,23.4,8.3,22.2,34.2,619,3,3,3
10/4/16 19:30,74.1875,23.4,8.3,22.2,34.2,623,3,3,3
10/4/16 19:45,74.2438,23.4,8.3,22.2,34.2,618,3,3,3
10/4/16 20:00,74.1875,23.4,8.3,22.2,34.2,619,3,3,3
10/4/16 20:15,74.1875,23.4,8.3,22.2,34.2,620,3,3,3
10/4/16 20:30,74.1875,23.4,8.3,22.2,34.2,622,3,3,3
10/4/16 20:45,74.1875,23.4,8.3,22.2,34.2,619,3,3,3
10/4/16 21:00,74.1875,23.4,8.3,22.2,34.2,619,3,3,3
10/4/16 21:15,74.1313,23.4,8.3,22.2,34.2,622,3,3,3
10/4/16 21:30,74.1313,23.4,8.3,22.2,34.2,620,3,3,3
10/4/16 21:45,74.1875,23.4,8.3,22.2,34.2,619,3,3,3
10/4/16 22:00,74.1875,23.4,8.3,22.2,34.2,618,3,3,3
10/4/16 22:15,74.1313,23.4,8.3,22.2,34.2,620,3,3,3
10/4/16 22:30,74.1313,23.4,8.3,22.2,34.2,619,3,3,3
10/4/16 22:45,74.1313,23.4,8.3,22.2,34.2,617,3,3,3
10/4/16 23:00,74.1313,23.4,8.3,22.2,34.2,620,3,3,3
10/4/16 23:15,74.075,23.4,8.3,22.2,34.2,616,3,3,3
10/4/16 23:30,74.1313,23.4,8.3,22.2,34.2,620,3,3,3
10/4/16 23:45,74.075,23.4,8.3,22.2,34.2,624,3,3,3
10/5/16 0:00,74.075,23.4,8.3,22.2,34.2,622,3,3,3
10/5/16 0:15,74.075,23.4,8.3,22.2,34.2,622,3,3,3
10/5/16 0:30,74.075,23.4,8.3,22.2,34.2,622,3,3,3
10/5/16 0:45,74.075,23.4,8.3,22.2,34.1,624,3,3,3
10/5/16 1:00,74.0187,23.4,8.3,22.2,34.1,622,3,3,3
10/5/16 1:15,74.075,23.3,8.3,22.2,34.1,624,3,3,3
10/5/16 1:30,74.0187,23.3,8.3,22.2,34.1,626,3,3,3
10/5/16 1:45,74.0187,23.3,8.3,22.2,34.1,627,3,3,3
10/5/16 2:00,73.9625,23.3,8.3,22.2,34.1,628,3,3,3
10/5/16 2:15,74.0187,23.3,8.3,22.2,34.1,625,3,3,3
10/5/16 2:30,73.9625,23.3,8.3,22.2,34.1,627,3,3,3
10/5/16 2:45,73.9625,23.3,8.3,22.2,34.1,627,3,3,3
10/5/16 3:00,73.9625,23.3,8.3,22.2,34.1,628,3,3,3
10/5/16 3:15,73.9625,23.3,8.3,22.2,34.1,629,3,3,3
10/5/16 3:30,73.9063,23.3,8.3,22.2,34.1,630,3,3,3
10/5/16 3:45,73.9063,23.3,8.3,22.2,34.1,628,3,3,3
10/5/16 4:00,73.85,23.3,8.3,22.2,34.1,631,3,3,3
10/5/16 4:15,73.9063,23.3,8.3,22.2,34.1,633,3,3,3
10/5/16 4:30,73.9063,23.3,8.3,22.2,34.1,633,3,3,3
10/5/16 4:45,73.85,23.2,8.3,22.2,34.1,636,3,3,3
10/5/16 5:00,73.85,23.2,8.3,22.2,34.1,636,3,3,3
10/5/16 5:15,73.85,23.2,8.3,22.2,34.1,635,3,3,3
10/5/16 5:30,73.85,23.2,8.3,22.2,34.1,636,3,3,3
10/5/16 5:45,73.85,23.2,8.3,22.2,34.1,630,3,3,3
10/5/16 6:00,73.7938,23.2,8.3,22.2,34.1,632,3,3,3
10/5/16 6:15,73.7938,23.2,8.3,22.2,34.1,631,3,3,3
10/5/16 6:30,73.7938,23.2,8.3,22.2,34.1,628,3,3,3
10/5/16 6:45,73.7938,23.2,8.3,22.2,34.1,629,3,3,3
10/5/16 7:00,73.7938,23.2,8.3,22.2,34,628,3,3,3
10/5/16 7:15,73.7938,23.2,8.3,22.2,34,628,3,3,3
10/5/16 7:30,73.7375,23.2,8.3,22.2,34,629,3,3,3
10/5/16 7:45,73.7938,23.2,8.3,22.2,34,615,3,3,3
10/5/16 8:00,73.6813,23.2,8.3,22.2,34,612,3,3,3
10/5/16 8:15,73.6813,23.2,8.3,22.2,34,623,3,3,3
10/5/16 8:30,73.7375,23.2,8.3,22.2,34,624,3,3,3
10/5/16 8:45,73.7375,23.2,8.3,22.2,34,627,3,3,3
10/5/16 9:00,73.7375,23.2,8.3,22.2,34,627,3,3,3
10/5/16 9:15,73.7375,23.2,8.3,22.2,34,630,3,3,3
10/5/16 9:30,73.7938,23.2,8.3,22.2,34,631,3,3,3
10/5/16 9:45,73.7938,23.2,8.3,22.2,34,630,3,3,3
10/5/16 10:00,73.7938,23.2,8.3,22.2,34,630,3,3,3
10/5/16 10:15,73.85,23.2,8.3,22.2,34,630,3,3,3
10/5/16 10:30,73.85,23.2,8.3,22.2,34,632,3,3,3
10/5/16 10:45,73.85,23.2,8.3,22.2,34,631,3,3,3
10/5/16 11:00,73.9063,23.2,8.3,22.2,34.1,625,3,3,3
10/5/16 11:15,73.9063,23.2,8.3,22.2,34.1,625,3,3,3
10/5/16 11:30,73.9063,23.3,8.3,22.2,34.1,622,3,3,3
10/5/16 11:45,73.9625,23.3,8.3,22.2,34.1,620,3,3,3
10/5/16 12:00,73.9625,23.3,8.3,22.2,34.1,621,3,3,3
10/5/16 12:15,74.0187,23.3,8.3,22.2,34.1,620,3,3,3
10/5/16 12:30,74.0187,23.3,8.3,22.2,34.1,623,3,3,3
10/5/16 12:45,74.0187,23.3,8.3,22.2,34.1,623,3,3,3
10/5/16 13:00,74.0187,23.3,8.3,22.2,34.1,626,3,3,3
10/5/16 13:15,74.0187,23.3,8.3,22.2,34.1,624,3,3,3
10/5/16 13:30,74.075,23.3,8.3,22.2,34.1,618,3,3,3
10/5/16 13:45,74.075,23.3,8.3,22.2,34.2,618,3,3,3
10/5/16 14:00,74.075,23.3,8.3,22.2,34.2,618,3,3,3
10/5/16 14:15,74.075,23.4,8.3,22.2,34.2,622,3,3,3
10/5/16 14:30,74.075,23.4,8.3,22.2,34.2,621,3,3,3
10/5/16 14:45,74.075,23.4,8.3,22.2,34.2,622,3,3,3
10/5/16 15:00,74.075,23.4,8.3,22.2,34.2,625,3,3,3
10/5/16 15:15,74.1313,23.4,8.3,22.2,34.2,624,3,3,3
10/5/16 15:30,74.075,23.4,8.3,22.2,34.2,624,3,3,3
10/5/16 15:45,74.075,23.4,8.3,22.2,34.2,622,3,3,3
10/5/16 16:00,74.0187,23.4,8.3,22.2,34.2,625,3,3,3
10/5/16 16:15,74.0187,23.4,8.3,22.2,34.2,630,3,3,3
10/5/16 16:30,74.0187,23.4,8.3,22.2,34.2,630,3,3,3
10/5/16 16:45,74.075,23.4,8.3,22.2,34.2,627,3,3,3
10/5/16 17:00,74.075,23.4,8.3,22.2,34.2,626,3,3,3
10/5/16 17:15,74.075,23.4,8.3,22.2,34.2,625,3,3,3
10/5/16 17:30,74.0187,23.3,8.3,22.2,34.2,629,3,3,3
10/5/16 17:45,74.0187,23.3,8.3,22.2,34.2,628,3,3,3
10/5/16 18:00,73.9625,23.3,8.3,22.2,34.2,627,3,3,3
10/5/16 18:15,74.0187,23.3,8.3,22.2,34.2,628,3,3,3
10/5/16 18:30,73.9625,23.3,8.3,22.2,34.2,627,3,3,3
10/5/16 18:45,73.9625,23.3,8.3,22.2,34.2,628,3,3,3
10/5/16 19:00,74.0187,23.3,8.3,22.2,34.2,628,3,3,3
10/5/16 19:15,73.9625,23.3,8.3,22.2,34.2,632,3,3,3
10/5/16 19:30,73.9625,23.3,8.3,22.2,34.2,635,3,3,3
10/5/16 19:45,73.9625,23.3,8.3,22.2,34.2,635,3,3,3
10/5/16 20:00,73.9625,23.3,8.3,22.2,34.2,633,3,3,3
10/5/16 20:15,73.9625,23.3,8.3,22.2,34.2,635,3,3,3
10/5/16 20:30,73.9625,23.3,8.3,22.2,34.2,634,3,3,3
10/5/16 20:45,73.9063,23.3,8.3,22.2,34.1,635,3,3,3
10/5/16 21:00,73.9063,23.3,8.3,22.2,34.1,634,3,3,3
10/5/16 21:15,73.9063,23.3,8.3,22.2,34.1,634,3,3,3
10/5/16 21:30,73.9063,23.3,8.3,22.2,34.1,631,3,3,3
10/5/16 21:45,73.9063,23.3,8.3,22.2,34.1,632,3,3,3
10/5/16 22:00,73.9063,23.3,8.3,22.2,34.1,630,3,3,3
10/5/16 22:15,73.9063,23.3,8.3,22.2,34.1,628,3,3,3
10/5/16 22:30,73.9063,23.3,8.3,22.2,34.1,628,3,3,3
10/5/16 22:45,73.9063,23.3,8.3,22.2,34.1,629,3,3,3
10/5/16 23:00,73.9063,23.3,8.3,22.2,34.1,630,3,3,3
10/5/16 23:15,73.9063,23.3,8.3,22.2,34.1,628,3,3,3
10/5/16 23:30,73.85,23.3,8.3,22.2,34.1,632,3,3,3
10/5/16 23:45,73.85,23.3,8.3,22.2,34.1,630,3,3,3
10/6/16 0:00,73.85,23.3,8.3,22.2,34.1,624,3,3,3
10/6/16 0:15,73.85,23.3,8.3,22.2,34.1,630,3,3,3
10/6/16 0:30,73.85,23.3,8.3,22.2,34.1,630,3,3,3
10/6/16 0:45,73.85,23.2,8.3,22.2,34.1,632,3,3,3
10/6/16 1:00,73.85,23.2,8.3,22.2,34.1,632,3,3,3
10/6/16 1:15,73.85,23.2,8.3,22.2,34.1,633,3,3,3
10/6/16 1:30,73.7938,23.2,8.3,22.2,34.1,635,3,3,3
10/6/16 1:45,73.7938,23.2,8.3,22.2,34.1,633,3,3,3
10/6/16 2:00,73.7938,23.2,8.3,22.2,34.1,635,3,3,3
10/6/16 2:15,73.7375,23.2,8.3,22.2,34.1,633,3,3,3
10/6/16 2:30,73.7938,23.2,8.3,22.2,34.1,632,3,3,3
10/6/16 2:45,73.7375,23.2,8.3,22.2,34.1,631,3,3,3
10/6/16 3:00,73.7375,23.2,8.3,22.2,34.1,631,3,3,3
10/6/16 3:15,73.7375,23.2,8.3,22.2,34.1,633,3,3,3
10/6/16 3:30,73.7375,23.2,8.3,22.2,34.1,633,3,3,3
10/6/16 3:45,73.7375,23.2,8.3,22.2,34.1,633,3,3,3
10/6/16 4:00,73.7375,23.2,8.3,22.2,34.1,623,3,3,3
10/6/16 4:15,73.6813,23.2,8.3,22.2,34,538,3,3,3
10/6/16 4:30,73.6813,23.2,8.3,22.2,34,616,3,3,3
10/6/16 4:45,73.6813,23.1,8.3,22.2,34,626,3,3,3
10/6/16 5:00,73.6813,23.1,8.3,22.2,34,628,3,3,3
10/6/16 5:15,73.625,23.1,8.3,22.2,34,627,3,3,3
10/6/16 5:30,73.6813,23.1,8.3,22.2,34,629,3,3,3
10/6/16 5:45,73.625,23.1,8.3,22.2,34,626,3,3,3
10/6/16 6:00,73.625,23.1,8.3,22.2,34,628,3,3,3
10/6/16 6:15,73.625,23.1,8.3,22.2,34,633,3,3,3
10/6/16 6:30,73.5688,23.1,8.3,22.2,34,635,3,3,3
10/6/16 6:45,73.5688,23.1,8.3,22.2,34,636,3,3,3
10/6/16 7:00,73.625,23.1,8.3,22.2,34,635,3,3,3
10/6/16 7:15,73.5688,23.1,8.3,22.2,34,633,3,3,3
10/6/16 7:30,73.5688,23.1,8.3,22.2,34,633,3,3,3
10/6/16 7:45,73.5688,23.1,8.3,22.2,34,634,3,3,3
10/6/16 8:00,73.5688,23.1,8.3,22.2,34,636,3,3,3
10/6/16 8:15,73.5688,23.1,8.3,22.2,34,635,3,3,3
10/6/16 8:30,73.5688,23.1,8.3,22.2,34,635,3,3,3
10/6/16 8:45,73.5688,23.1,8.3,22.2,34,635,3,3,3
10/6/16 9:00,73.625,23.1,8.3,22.2,34,627,3,3,3
10/6/16 9:15,73.625,23.1,8.3,22.2,34,631,3,3,3
10/6/16 9:30,73.625,23.1,8.3,22.2,34,625,3,3,3
10/6/16 9:45,73.625,23.1,8.3,22.2,34,624,3,3,3
10/6/16 10:00,73.625,23.1,8.3,22.2,34,629,3,3,3
10/6/16 10:15,73.6813,23.1,8.3,22.2,34,631,3,3,3
10/6/16 10:30,73.6813,23.1,8.3,22.2,34,633,3,3,3
10/6/16 10:45,73.6813,23.1,8.3,22.2,34,635,3,3,3
10/6/16 11:00,73.7375,23.2,8.3,22.2,34,635,3,3,3
10/6/16 11:15,73.7375,23.2,8.3,22.2,34,634,3,3,3
10/6/16 11:30,73.7375,23.2,8.3,22.2,34.1,635,3,3,3
10/6/16 11:45,73.7938,23.2,8.3,22.2,34.1,635,3,3,3
10/6/16 12:00,73.7938,23.2,8.3,22.2,34.1,631,3,3,3
10/6/16 12:15,73.7938,23.2,8.3,22.2,34.1,630,3,3,3
10/6/16 12:30,73.7938,23.2,8.3,22.2,34.1,630,3,3,3
10/6/16 12:45,73.85,23.2,8.3,22.2,34.1,629,3,3,3
10/6/16 13:00,73.85,23.2,8.3,22.2,34.1,632,3,3,3
10/6/16 13:15,73.85,23.2,8.3,22.2,34.1,636,3,3,3
10/6/16 13:30,73.85,23.2,8.3,22.2,34.1,636,3,3,3
10/6/16 13:45,73.85,23.2,8.3,22.2,34.1,637,3,3,3
10/6/16 14:00,73.85,23.2,8.3,22.2,34.1,641,3,3,3