KorEXO MEASUREMENT DATA FILE EXPORT,,,,,,,,,,,,,,,,,,,,
,,,,,,,,,,,,,,,,,,,,
FILE CREATED:,11/29/2021 22:04,,,,,,,,,,,,,,,,,,,
,,,,,,,,,,,,,,,,,,,,
,,,MEAN VALUE:,-0.36,50421,50334.5,91.5,104.6,6.26,251.6,32.99,50342.6,0.79,32723,1.174,NA,-89.2,25.08,3.2,11.6
,,,STANDARD DEVIATION:,0.06,1624.2,1621.4,2.2,2.5,0.15,3.4,1.06,1621.6,0.28,1054,0.005,0.01,0.9,0.049,0,0
,,,,,,,,,,,,,,,,,,,,
,,,SENSOR SERIAL NUMBER:,20J103744,20B121032,20B121032,20C000323,20C000323,20C000323,20C202371,20B121032,20B121032,20J103744,20B121032,20B120857,20C202371,20C202371,20B121032,20C202414,20C202414
Date (MM/DD/YYYY),Time (HH:mm:ss),Time (Fract. Sec),Site Name,Chlorophyll RFU,Cond µS/cm,nLF Cond µS/cm,ODO % sat,ODO % local,ODO mg/L,ORP mV,Sal psu,SpCond µS/cm,TAL PE RFU,TDS mg/L,Wiper Position volt,pH,pH mV,Temp °C,Battery V,Cable Pwr V
11/19/2021,14:15:00,0,B2,-0.33,50465.4,50472.4,95.4,109,6.53,220.1,33.08,50471.8,1.03,32807,1.183,8.04,-85.5,24.993,3.2,11.6
11/19/2021,14:30:00,0,B2,-0.35,50498.4,50385.5,95.2,108.7,6.51,238,33.03,50396.1,0.92,32757,1.17,8.11,-89.9,25.106,3.2,11.6
11/19/2021,14:45:00,0,B2,-0.37,50495.3,50382.3,95.2,108.8,6.51,248.2,33.02,50392.8,0.82,32755,1.174,8.12,-90.2,25.106,3.2,11.6
11/19/2021,15:00:00,0,B2,-0.36,50495.6,50381.6,95.2,108.8,6.51,253.1,33.02,50392.3,0.84,32755,1.181,8.12,-90.4,25.107,3.2,11.6
11/19/2021,15:15:00,0,B2,-0.4,50495,50382,95.4,109,6.52,255.2,33.02,50392.5,0.8,32755,1.174,8.12,-90.5,25.106,3.2,11.6
11/19/2021,15:30:00,0,B2,-0.36,50492.3,50382.4,95.2,108.8,6.51,257.8,33.02,50392.7,0.81,32755,1.169,8.12,-90.6,25.104,3.2,11.6
11/19/2021,15:45:00,0,B2,-0.39,50491.1,50382,95.1,108.7,6.5,258.9,33.02,50392.2,0.67,32755,1.171,8.12,-90.6,25.103,3.2,11.6
11/19/2021,16:00:00,0,B2,-0.4,50487,50381.6,95.1,108.6,6.5,256.1,33.02,50391.5,0.67,32754,1.174,8.13,-90.7,25.099,3.2,11.6
11/19/2021,16:15:00,0,B2,-0.4,50484,50381.7,95,108.5,6.49,259.7,33.02,50391.3,0.67,32754,1.169,8.13,-90.8,25.096,3.2,11.6
11/19/2021,16:30:00,0,B2,-0.4,50480.5,50381.2,94.9,108.4,6.49,260,33.02,50390.5,0.64,32754,1.171,8.13,-90.7,25.094,3.2,11.6
11/19/2021,16:45:00,0,B2,-0.41,50479,50382.9,94.8,108.3,6.48,260.3,33.02,50391.9,0.66,32755,1.182,8.13,-90.8,25.091,3.2,11.6
11/19/2021,17:00:00,0,B2,-0.42,50472.9,50381.7,94.6,108.1,6.47,260.5,33.02,50390.2,0.6,32754,1.184,8.13,-90.9,25.086,3.2,11.6
11/19/2021,17:15:00,0,B2,-0.42,50470.6,50383.2,94.4,107.9,6.46,260.4,33.02,50391.3,0.56,32754,1.176,8.13,-90.8,25.082,3.2,11.6
11/19/2021,17:30:00,0,B2,-0.43,50465.5,50383.5,94.3,107.7,6.45,261.1,33.02,50391.2,0.54,32754,1.173,8.13,-90.9,25.077,3.2,11.6
11/19/2021,17:45:00,0,B2,-0.41,50460.3,50383.3,94.2,107.6,6.44,260.5,33.02,50390.5,0.56,32754,1.167,8.13,-90.8,25.073,3.2,11.6
11/19/2021,18:00:00,0,B2,-0.36,50456.5,50382.1,93.8,107.2,6.42,260.7,33.02,50389,0.62,32753,1.166,8.13,-90.8,25.07,3.2,11.6
11/19/2021,18:15:00,0,B2,-0.42,50453.4,50385.8,93.7,107.1,6.41,260.6,33.02,50392.2,0.49,32755,1.173,8.13,-90.9,25.064,3.2,11.6
11/19/2021,18:30:00,0,B2,-0.43,50452.1,50385,93.5,106.9,6.4,260.7,33.02,50391.3,0.59,32754,1.173,8.13,-90.9,25.063,3.2,11.6
11/19/2021,18:45:00,0,B2,-0.38,50443.9,50378.3,93.3,106.6,6.38,260.4,33.02,50384.4,0.55,32750,1.165,8.13,-90.8,25.062,3.2,11.6
11/19/2021,19:00:00,0,B2,-0.43,50449.8,50384.1,93.1,106.4,6.37,260,33.02,50390.2,0.54,32754,1.174,8.13,-90.8,25.062,3.2,11.6
11/19/2021,19:15:00,0,B2,-0.44,50445.9,50379.7,92.9,106.1,6.36,259.6,33.02,50385.9,0.64,32751,1.173,8.13,-90.8,25.062,3.2,11.6
11/19/2021,19:30:00,0,B2,-0.44,50449.1,50385.7,92.8,106,6.35,260,33.02,50391.6,0.53,32755,1.17,8.13,-90.7,25.06,3.2,11.6
11/19/2021,19:45:00,0,B2,-0.45,50452.9,50382.6,92.6,105.8,6.33,259.2,33.02,50389.2,0.56,32753,1.181,8.13,-90.8,25.066,3.2,11.6
11/19/2021,20:00:00,0,B2,-0.41,50450.2,50382.2,92.4,105.6,6.32,259.4,33.02,50388.5,0.63,32753,1.172,8.13,-90.7,25.064,3.2,11.6
11/19/2021,20:15:00,0,B2,-0.39,50451.9,50382.8,92.2,105.4,6.31,259.3,33.02,50389.3,0.54,32753,1.165,8.13,-90.7,25.065,3.2,11.6
11/19/2021,20:30:00,0,B2,-0.42,50451.9,50381.5,92,105.1,6.29,258.7,33.02,50388,0.52,32752,1.169,8.13,-90.7,25.066,3.2,11.6
11/19/2021,20:45:00,0,B2,-0.44,50464.2,50382.8,92,105.1,6.29,259,33.02,50390.4,0.52,32754,1.178,8.13,-90.7,25.077,3.2,11.6
11/19/2021,21:00:00,0,B2,-0.42,50459,50379.9,91.8,104.8,6.28,258.4,33.02,50387.3,0.58,32752,1.179,8.12,-90.6,25.075,3.2,11.6
11/19/2021,21:15:00,0,B2,-0.42,50460,50383.8,91.5,104.5,6.26,257.9,33.02,50390.9,0.66,32754,1.182,8.12,-90.6,25.072,3.2,11.6
11/19/2021,21:30:00,0,B2,-0.44,50452.5,50380.7,91.4,104.4,6.25,257.3,33.02,50387.4,0.53,32752,1.184,8.12,-90.6,25.068,3.2,11.6
11/19/2021,21:45:00,0,B2,-0.45,50452.5,50380.9,91.4,104.4,6.25,257.5,33.02,50387.6,0.49,32752,1.174,8.12,-90.6,25.067,3.2,11.6
11/19/2021,22:00:00,0,B2,-0.44,50466.3,50382.6,91.2,104.2,6.24,257.4,33.02,50390.4,0.49,32754,1.166,8.12,-90.5,25.079,3.2,11.6
11/19/2021,22:15:00,0,B2,-0.45,50463.4,50380,91.2,104.2,6.24,257.5,33.02,50387.8,0.44,32752,1.174,8.12,-90.5,25.079,3.2,11.6
11/19/2021,22:30:00,0,B2,-0.44,50461,50382.3,90.9,103.9,6.22,257.3,33.02,50389.7,0.49,32753,1.173,8.12,-90.5,25.074,3.2,11.6
11/19/2021,22:45:00,0,B2,-0.45,50455.5,50380.1,90.6,103.5,6.2,256.7,33.02,50387.1,0.42,32752,1.167,8.12,-90.4,25.071,3.2,11.6
11/19/2021,23:00:00,0,B2,-0.45,50454.5,50381.4,90.6,103.5,6.2,256.5,33.02,50388.3,0.49,32752,1.179,8.12,-90.4,25.069,3.2,11.6
11/19/2021,23:15:00,0,B2,-0.44,50455.7,50379.1,90.7,103.6,6.2,256.7,33.02,50386.3,0.51,32751,1.182,8.12,-90.4,25.072,3.2,11.6
11/19/2021,23:30:00,0,B2,-0.45,50459.7,50380.1,90.4,103.3,6.19,256.3,33.02,50387.6,0.44,32752,1.182,8.12,-90.3,25.075,3.2,11.6
11/19/2021,23:45:00,0,B2,-0.46,50459.9,50384.8,90.3,103.2,6.18,256.5,33.02,50391.8,0.39,32755,1.182,8.12,-90.3,25.071,3.2,11.6
11/20/2021,0:00:00,0,B2,-0.44,50457,50379.9,90.2,103.1,6.17,256.3,33.02,50387.1,0.48,32752,1.173,8.12,-90.3,25.073,3.2,11.6
11/20/2021,0:15:00,0,B2,-0.44,50465.4,50380.5,90.3,103.2,6.18,256,33.02,50388.4,0.46,32752,1.168,8.12,-90.2,25.08,3.2,11.6
11/20/2021,0:30:00,0,B2,-0.47,50457.8,50379.3,90,102.9,6.16,255.9,33.02,50386.6,0.45,32751,1.174,8.12,-90.2,25.074,3.2,11.6
11/20/2021,0:45:00,0,B2,-0.45,50460.1,50380.7,90,102.8,6.16,256.7,33.02,50388.1,0.44,32752,1.183,8.12,-90.1,25.075,3.2,11.6
11/20/2021,1:00:00,0,B2,-0.45,50461,50380.5,90.2,103,6.17,256.4,33.02,50388.1,0.48,32752,1.174,8.12,-90.2,25.076,3.2,11.6
11/20/2021,1:15:00,0,B2,-0.42,50461.6,50381.8,89.8,102.6,6.14,255.4,33.02,50389.3,0.46,32753,1.168,8.12,-90.1,25.075,3.2,11.6
11/20/2021,1:30:00,0,B2,-0.44,50467.9,50380.3,90,102.8,6.15,255.8,33.02,50388.5,0.5,32753,1.167,8.12,-90.1,25.083,3.2,11.6
11/20/2021,1:45:00,0,B2,-0.43,50461.8,50376.9,89.8,102.6,6.14,255,33.02,50384.8,0.45,32750,1.173,8.11,-90,25.08,3.2,11.6
11/20/2021,2:00:00,0,B2,-0.45,50467.2,50382.5,89.7,102.5,6.14,254.9,33.02,50390.4,0.46,32754,1.175,8.11,-90,25.08,3.2,11.6
11/20/2021,2:15:00,0,B2,-0.46,50461.3,50378.7,89.6,102.3,6.13,255.2,33.02,50386.4,0.44,32751,1.18,8.11,-90,25.078,3.2,11.6
11/20/2021,2:30:00,0,B2,-0.44,50464.8,50380.5,89.4,102.2,6.12,256.2,33.02,50388.4,0.44,32752,1.177,8.11,-89.9,25.079,3.2,11.6
11/20/2021,2:45:00,0,B2,-0.45,50458.2,50381.3,89.5,102.3,6.13,255.2,33.02,50388.5,0.45,32752,1.17,8.11,-89.9,25.073,3.2,11.6
11/20/2021,3:00:00,0,B2,-0.45,50450.9,50376.2,89.2,102,6.11,255.8,33.02,50383.2,0.44,32749,1.173,8.11,-89.8,25.07,3.2,11.6
11/20/2021,3:15:00,0,B2,-0.44,50453.5,50379.5,89.2,101.9,6.1,254.5,33.02,50386.4,0.44,32751,1.175,8.11,-89.8,25.07,3.2,11.6
11/20/2021,3:30:00,0,B2,-0.45,50462.3,50381.4,89.3,102.1,6.11,254.9,33.02,50389,0.46,32753,1.166,8.11,-89.8,25.076,3.2,11.6
11/20/2021,3:45:00,0,B2,-0.42,50460.5,50381.9,89.4,102.1,6.11,255.1,33.02,50389.2,0.5,32753,1.172,8.11,-89.8,25.074,3.2,11.6
11/20/2021,4:00:00,0,B2,-0.47,50460.4,50381.7,89.3,102,6.11,255.1,33.02,50389,0.4,32753,1.183,8.11,-89.7,25.074,3.2,11.6
11/20/2021,4:15:00,0,B2,-0.43,50458,50379.6,88.9,101.6,6.08,255,33.02,50387,0.46,32752,1.171,8.11,-89.7,25.074,3.2,11.6
11/20/2021,4:30:00,0,B2,-0.43,50466.2,50381.4,89,101.7,6.09,254.7,33.02,50389.4,0.47,32753,1.166,8.11,-89.7,25.08,3.2,11.6
11/20/2021,4:45:00,0,B2,-0.43,50469.7,50379.8,89.2,101.9,6.1,254.4,33.02,50388.2,0.42,32752,1.174,8.11,-89.7,25.085,3.2,11.6
11/20/2021,5:00:00,0,B2,-0.45,50467.7,50381.7,89.1,101.7,6.09,254.5,33.02,50389.7,0.46,32753,1.175,8.11,-89.6,25.081,3.2,11.6
11/20/2021,5:15:00,0,B2,-0.46,50480.3,50378,89.1,101.8,6.09,255.1,33.02,50387.6,0.44,32752,1.178,8.11,-89.5,25.096,3.2,11.6
11/20/2021,5:30:00,0,B2,-0.46,50485.6,50379,89.1,101.8,6.09,254.2,33.02,50389,0.5,32753,1.183,8.11,-89.5,25.1,3.2,11.6
11/20/2021,5:45:00,0,B2,-0.44,50480,50379.6,88.8,101.5,6.07,255,33.02,50389,0.48,32753,1.172,8.11,-89.5,25.095,3.2,11.6
11/20/2021,6:00:00,0,B2,-0.42,50475.1,50384.3,88.8,101.4,6.07,254,33.02,50392.8,0.51,32755,1.166,8.11,-89.5,25.086,3.2,11.6
11/20/2021,6:15:00,0,B2,-0.45,50472.7,50386.6,88.8,101.5,6.08,253.7,33.03,50394.7,0.44,32757,1.175,8.1,-89.4,25.081,3.2,11.6
11/20/2021,6:30:00,0,B2,-0.43,50473,50380,88.9,101.5,6.08,254.1,33.02,50388.7,0.5,32753,1.172,8.1,-89.4,25.088,3.2,11.6
11/20/2021,6:45:00,0,B2,-0.4,50474.4,50377.5,88.7,101.4,6.07,254.7,33.02,50386.6,0.61,32751,1.166,8.1,-89.4,25.091,3.2,11.6
11/20/2021,7:00:00,0,B2,-0.38,50483.4,50384.5,88.7,101.3,6.07,254.6,33.02,50393.7,0.67,32756,1.169,8.1,-89.3,25.093,3.2,11.6
11/20/2021,7:15:00,0,B2,-0.36,50481.8,50389.9,88.7,101.3,6.06,253.8,33.03,50398.5,0.66,32759,1.17,8.1,-89.3,25.087,3.2,11.6
11/20/2021,7:30:00,0,B2,-0.39,50488,50388.5,88.5,101.2,6.05,253.1,33.03,50397.8,0.77,32759,1.179,8.1,-89.2,25.094,3.2,11.6
11/20/2021,7:45:00,0,B2,-0.37,50504.8,50386.6,88.9,101.5,6.08,253.5,33.03,50397.6,0.78,32758,1.17,8.1,-89.3,25.111,3.2,11.6
11/20/2021,8:00:00,0,B2,-0.3,50498.1,50388.4,88.9,101.5,6.08,254.5,33.03,50398.6,0.87,32759,1.182,8.1,-89.2,25.103,3.2,11.6
11/20/2021,8:15:00,0,B2,-0.31,50503.2,50381.5,89,101.7,6.09,253.5,33.02,50392.9,0.9,32755,1.179,8.1,-89.2,25.115,3.2,11.6
11/20/2021,8:30:00,0,B2,-0.33,50483.8,50386.7,89.2,101.9,6.1,253.5,33.03,50395.8,0.96,32757,1.167,8.1,-89.3,25.092,3.2,11.6
11/20/2021,8:45:00,0,B2,-0.35,50496.6,50385.6,89.5,102.2,6.12,254,33.03,50396,0.85,32757,1.166,8.1,-89.3,25.105,3.2,11.6
11/20/2021,9:00:00,0,B2,-0.33,50497.2,50388.6,89.7,102.5,6.14,255.1,33.03,50398.8,0.9,32759,1.181,8.1,-89.3,25.102,3.2,11.6
11/20/2021,9:15:00,0,B2,-0.34,50490.6,50387.8,90.2,103.1,6.17,255,33.03,50397.5,0.91,32758,1.175,8.1,-89.4,25.097,3.2,11.6
11/20/2021,9:30:00,0,B2,-0.32,50487.9,50388.3,90.5,103.4,6.19,255.1,33.03,50397.6,0.9,32758,1.17,8.1,-89.4,25.094,3.2,11.6
11/20/2021,9:45:00,0,B2,-0.34,50489.5,50389.2,90.9,103.9,6.22,256.1,33.03,50398.6,0.82,32759,1.166,8.1,-89.5,25.094,3.2,11.6
11/20/2021,10:00:00,0,B2,-0.34,50491.4,50388.3,91.5,104.5,6.26,255.9,33.03,50397.9,0.88,32759,1.176,8.11,-89.6,25.097,3.2,11.6
11/20/2021,10:15:00,0,B2,-0.37,50489.4,50390.2,91.4,104.5,6.25,256.9,33.03,50399.5,0.9,32760,1.176,8.11,-89.6,25.093,3.2,11.6
11/20/2021,10:30:00,0,B2,-0.36,50487.7,50386,92,105.1,6.29,256.9,33.03,50395.6,0.87,32757,1.175,8.11,-89.7,25.096,3.2,11.6
11/20/2021,10:45:00,0,B2,-0.35,50490.4,50387.2,92.3,105.4,6.31,257.4,33.03,50396.8,0.83,32758,1.177,8.11,-89.7,25.097,3.2,11.6
11/20/2021,11:00:00,0,B2,-0.35,50490.4,50383.3,92.7,106,6.34,257.4,33.02,50393.3,0.88,32756,1.168,8.11,-89.8,25.101,3.2,11.6
11/20/2021,11:15:00,0,B2,-0.39,50491.1,50385,92.9,106.2,6.36,257.9,33.03,50394.9,0.78,32757,1.168,8.11,-89.9,25.1,3.2,11.6
11/20/2021,11:30:00,0,B2,-0.36,50491.7,50383.9,93,106.3,6.36,257.8,33.02,50394,0.84,32756,1.173,8.11,-89.9,25.101,3.2,11.6
11/20/2021,11:45:00,0,B2,-0.39,50493.9,50381.5,93.6,106.9,6.4,257.3,33.02,50392,0.76,32755,1.174,8.11,-90.1,25.106,3.2,11.6
11/20/2021,12:00:00,0,B2,-0.36,50500.3,50380.5,94.2,107.6,6.44,258.1,33.02,50391.7,0.75,32755,1.178,8.12,-90.2,25.113,3.2,11.6
11/20/2021,12:15:00,0,B2,-0.37,50499.2,50379.5,94,107.4,6.43,258.5,33.02,50390.7,0.85,32754,1.175,8.12,-90.2,25.113,3.2,11.6
11/20/2021,12:30:00,0,B2,-0.4,50500.1,50379.6,94.3,107.7,6.44,258.6,33.02,50390.9,0.74,32754,1.171,8.12,-90.3,25.113,3.2,11.6
11/20/2021,12:45:00,0,B2,-0.38,50501,50379.9,94.2,107.7,6.44,258.8,33.02,50391.3,0.78,32754,1.183,8.12,-90.3,25.114,3.2,11.6
11/20/2021,13:00:00,0,B2,-0.4,50500.8,50378.1,94.4,107.9,6.45,258.6,33.02,50389.5,0.79,32753,1.178,8.12,-90.4,25.116,3.2,11.6
11/20/2021,13:15:00,0,B2,-0.37,50505.9,50378.4,95,108.6,6.5,258.8,33.02,50390.3,0.77,32754,1.175,8.12,-90.5,25.12,3.2,11.6
11/20/2021,13:30:00,0,B2,-0.38,50502.6,50377.8,94.6,108.1,6.47,258.8,33.02,50389.5,0.8,32753,1.174,8.12,-90.5,25.117,3.2,11.6
11/20/2021,13:45:00,0,B2,-0.37,50504,50378,94.9,108.5,6.49,259.1,33.02,50389.8,0.77,32753,1.174,8.12,-90.6,25.119,3.2,11.6
11/20/2021,14:00:00,0,B2,-0.39,50503.2,50376.2,94.8,108.4,6.48,259,33.02,50388,0.79,32752,1.169,8.12,-90.6,25.12,3.2,11.6
11/20/2021,14:15:00,0,B2,-0.38,50504.1,50376.3,95,108.5,6.49,259.1,33.02,50388.3,0.75,32752,1.173,8.13,-90.7,25.12,3.2,11.6
11/20/2021,14:30:00,0,B2,-0.37,50502.6,50376.9,94.9,108.5,6.49,258.8,33.02,50388.7,0.82,32753,1.166,8.13,-90.8,25.118,3.2,11.6
11/20/2021,14:45:00,0,B2,-0.36,50500.8,50377.4,94.9,108.4,6.49,259.4,33.02,50389,0.84,32753,1.164,8.13,-90.8,25.116,3.2,11.6
11/20/2021,15:00:00,0,B2,-0.39,50502.8,50377.6,95.1,108.6,6.5,259.1,33.02,50389.3,0.82,32753,1.179,8.13,-90.9,25.118,3.2,11.6
11/20/2021,15:15:00,0,B2,-0.39,50497.5,50377.4,95,108.5,6.49,259.3,33.02,50388.6,0.71,32753,1.179,8.13,-90.9,25.113,3.2,11.6
11/20/2021,15:30:00,0,B2,-0.35,50498,50376.2,95.1,108.7,6.5,259.1,33.02,50387.6,0.78,32752,1.179,8.13,-91,25.115,3.2,11.6
11/20/2021,15:45:00,0,B2,-0.39,50494.1,50377.5,95.1,108.7,6.5,259.2,33.02,50388.4,0.73,32752,1.172,8.13,-91,25.11,3.2,11.6
11/20/2021,16:00:00,0,B2,-0.38,50491.8,50378.4,95,108.6,6.5,259.2,33.02,50389,0.72,32753,1.166,8.13,-91.1,25.107,3.2,11.6
11/20/2021,16:15:00,0,B2,-0.4,50491.4,50378.4,95.1,108.7,6.5,259.4,33.02,50389,0.71,32753,1.182,8.13,-91.1,25.106,3.2,11.6
11/20/2021,16:30:00,0,B2,-0.41,50486.1,50379.3,94.9,108.4,6.49,258.2,33.02,50389.3,0.67,32753,1.176,8.13,-91.2,25.101,3.2,11.6
11/20/2021,16:45:00,0,B2,-0.42,50482.1,50378.7,94.8,108.3,6.48,258.5,33.02,50388.4,0.72,32752,1.173,8.13,-91.2,25.097,3.2,11.6
11/20/2021,17:00:00,0,B2,-0.43,50474.3,50377,94.7,108.2,6.48,257.7,33.02,50386.1,0.64,32751,1.175,8.13,-91.2,25.092,3.2,11.6
11/20/2021,17:15:00,0,B2,-0.41,50469.4,50378.4,94.6,108,6.47,257.6,33.02,50386.9,0.61,32751,1.171,8.13,-91.2,25.086,3.2,11.6
11/20/2021,17:30:00,0,B2,-0.41,50465.5,50379,94.3,107.8,6.45,257.6,33.02,50387.1,0.63,32752,1.173,8.13,-91.2,25.081,3.2,11.6
11/20/2021,17:45:00,0,B2,-0.38,50458.6,50376.4,94.2,107.6,6.44,257.1,33.02,50384.1,0.64,32750,1.165,8.13,-91.2,25.077,3.2,11.6
11/20/2021,18:00:00,0,B2,-0.41,50452.7,50377.3,93.9,107.3,6.42,257.3,33.02,50384.4,0.59,32750,1.174,8.13,-91.2,25.071,3.2,11.6
11/20/2021,18:15:00,0,B2,-0.41,50445.4,50375.7,93.6,107,6.41,256.9,33.02,50382.2,0.63,32748,1.174,8.13,-91.1,25.066,3.2,11.6
11/20/2021,18:30:00,0,B2,-0.42,50447.6,50378.2,93.6,106.9,6.4,257.3,33.02,50384.7,0.56,32750,1.165,8.13,-91.2,25.065,3.2,11.6
11/20/2021,18:45:00,0,B2,-0.42,50444.6,50378.7,93.3,106.6,6.38,257.6,33.02,50384.9,0.58,32750,1.171,8.13,-91.1,25.062,3.2,11.6
11/20/2021,19:00:00,0,B2,-0.45,50439.3,50378.3,93.2,106.4,6.38,257.1,33.02,50384,0.49,32750,1.178,8.13,-91.1,25.057,3.2,11.6
11/20/2021,19:15:00,0,B2,-0.43,50439,50378.8,92.9,106.1,6.36,256.8,33.02,50384.4,0.48,32750,1.175,8.13,-91.1,25.057,3.2,11.6
11/20/2021,19:30:00,0,B2,-0.43,50434.8,50376.9,92.8,106,6.35,256.8,33.02,50382.3,0.55,32749,1.174,8.13,-91.1,25.054,3.2,11.6
11/20/2021,19:45:00,0,B2,-0.42,50452.1,50373.6,92.7,105.9,6.34,256.2,33.02,50380.9,0.52,32748,1.168,8.13,-91,25.074,3.2,11.6
11/20/2021,20:00:00,0,B2,-0.42,50440.9,50372.4,92.5,105.7,6.33,255.7,33.01,50378.8,0.66,32746,1.173,8.13,-91.1,25.065,3.2,11.6
11/20/2021,20:15:00,0,B2,-0.43,50447.7,50371.9,92.2,105.3,6.31,255.9,33.01,50379,0.6,32746,1.173,8.13,-90.9,25.071,3.2,11.6
11/20/2021,20:30:00,0,B2,-0.44,50452.6,50374.6,92,105.2,6.3,255.5,33.02,50381.9,0.55,32748,1.174,8.13,-90.9,25.074,3.2,11.6
11/20/2021,20:45:00,0,B2,-0.45,50457.6,50379.4,91.8,104.9,6.28,255.4,33.02,50386.7,0.45,32751,1.182,8.13,-90.9,25.074,3.2,11.6
11/20/2021,21:00:00,0,B2,-0.43,50460.5,50377.6,91.7,104.8,6.27,254.6,33.02,50385.4,0.48,32750,1.18,8.13,-90.8,25.078,3.2,11.6
11/20/2021,21:15:00,0,B2,-0.44,50451.9,50374.7,91.6,104.6,6.26,253.7,33.02,50381.9,0.51,32748,1.177,8.13,-90.8,25.073,3.2,11.6
11/20/2021,21:30:00,0,B2,-0.42,50461.4,50379.7,91.4,104.4,6.25,254.3,33.02,50387.4,0.55,32752,1.165,8.13,-90.7,25.077,3.2,11.6
11/20/2021,21:45:00,0,B2,-0.43,50458.3,50377.6,91.3,104.3,6.24,254.5,33.02,50385.1,0.52,32750,1.175,8.13,-90.8,25.076,3.2,11.6
11/20/2021,22:00:00,0,B2,-0.43,50457.1,50374.7,91.2,104.2,6.24,254.8,33.02,50382.4,0.59,32749,1.175,8.13,-90.7,25.078,3.2,11.6
11/20/2021,22:15:00,0,B2,-0.42,50458.4,50373.8,91.1,104,6.23,254.5,33.02,50381.7,0.52,32748,1.169,8.13,-90.7,25.08,3.2,11.6
11/20/2021,22:30:00,0,B2,-0.43,50453.6,50375.8,90.8,103.7,6.21,254.2,33.02,50383,0.56,32749,1.165,8.12,-90.6,25.073,3.2,11.6
11/20/2021,22:45:00,0,B2,-0.44,50468.7,50378.2,90.9,103.9,6.22,253.9,33.02,50386.6,0.5,32751,1.168,8.12,-90.6,25.085,3.2,11.6
11/20/2021,23:00:00,0,B2,-0.44,50463.9,50375.2,90.7,103.7,6.21,254.4,33.02,50383.5,0.47,32749,1.174,8.12,-90.5,25.084,3.2,11.6
11/20/2021,23:15:00,0,B2,-0.43,50467.3,50375.6,90.7,103.6,6.2,253.6,33.02,50384.2,0.52,32750,1.173,8.12,-90.5,25.086,3.2,11.6
11/20/2021,23:30:00,0,B2,-0.45,50464.8,50385.1,90.3,103.2,6.18,253.6,33.02,50392.5,0.47,32755,1.181,8.12,-90.5,25.075,3.2,11.6
11/20/2021,23:45:00,0,B2,-0.45,50471.2,50382.1,90.4,103.3,6.18,253.8,33.02,50390.4,0.46,32754,1.184,8.12,-90.5,25.084,3.2,11.6
11/21/2021,0:00:00,0,B2,-0.45,50456.6,50376.5,90.3,103.1,6.17,253.6,33.02,50384,0.5,32750,1.182,8.12,-90.4,25.075,3.2,11.6
11/21/2021,0:15:00,0,B2,-0.44,50469,50379,90.2,103.1,6.17,253.4,33.02,50387.4,0.52,32752,1.165,8.12,-90.3,25.085,3.2,11.6
11/21/2021,0:30:00,0,B2,-0.43,50465.6,50380.7,90.2,103.1,6.17,253.3,33.02,50388.6,0.46,32753,1.166,8.12,-90.4,25.08,3.2,11.6
11/21/2021,0:45:00,0,B2,-0.43,50459.4,50379.5,90.1,102.9,6.16,254.4,33.02,50387,0.51,32752,1.174,8.12,-90.3,25.075,3.2,11.6
11/21/2021,1:00:00,0,B2,-0.45,50461.8,50383.7,90,102.8,6.15,252.9,33.02,50391,0.46,32754,1.176,8.12,-90.3,25.074,3.2,11.6
11/21/2021,1:15:00,0,B2,-0.43,50462.8,50380,89.9,102.7,6.15,253.6,33.02,50387.8,0.55,32752,1.176,8.12,-90.2,25.078,3.2,11.6
11/21/2021,1:30:00,0,B2,-0.44,50466.4,50381.5,89.8,102.6,6.14,253.4,33.02,50389.5,0.48,32753,1.172,8.12,-90.2,25.08,3.2,11.6
11/21/2021,1:45:00,0,B2,-0.43,50468.2,50381.5,89.8,102.6,6.14,253.8,33.02,50389.6,0.49,32753,1.167,8.12,-90.2,25.082,3.2,11.6
11/21/2021,2:00:00,0,B2,-0.45,50472.2,50385.4,89.7,102.5,6.14,253.9,33.02,50393.5,0.55,32756,1.174,8.12,-90.1,25.082,3.2,11.6
11/21/2021,2:15:00,0,B2,-0.45,50467.7,50387,89.6,102.4,6.13,252.9,33.03,50394.6,0.49,32756,1.174,8.11,-90.1,25.076,3.2,11.6
11/21/2021,2:30:00,0,B2,-0.45,50475.2,50381.8,89.7,102.4,6.13,253.2,33.02,50390.5,0.42,32754,1.165,8.11,-90,25.088,3.2,11.6
11/21/2021,2:45:00,0,B2,-0.44,50472.6,50380.8,89.6,102.3,6.13,253.1,33.02,50389.4,0.53,32753,1.169,8.11,-90,25.086,3.2,11.6
11/21/2021,3:00:00,0,B2,-0.45,50456,50383.8,89.1,101.8,6.1,253.3,33.02,50390.6,0.52,32754,1.176,8.11,-89.9,25.068,3.2,11.6
11/21/2021,3:15:00,0,B2,-0.46,50463.1,50378.9,89.4,102.2,6.12,253.8,33.02,50386.8,0.42,32751,1.182,8.11,-89.9,25.079,3.2,11.6
11/21/2021,3:30:00,0,B2,-0.44,50478.5,50378.9,89.6,102.4,6.13,253.5,33.02,50388.2,0.52,32752,1.169,8.11,-89.9,25.094,3.2,11.6
11/21/2021,3:45:00,0,B2,-0.44,50463.6,50385.3,89.3,102,6.11,252.7,33.02,50392.6,0.49,32755,1.166,8.11,-89.9,25.074,3.2,11.6
11/21/2021,4:00:00,0,B2,-0.43,50461.8,50375.2,89.2,101.9,6.1,253.2,33.02,50383.3,0.49,32749,1.172,8.11,-89.8,25.082,3.2,11.6
11/21/2021,4:15:00,0,B2,-0.43,50480.6,50388.1,89.2,101.9,6.1,252.5,33.03,50396.8,0.5,32758,1.173,8.11,-89.8,25.087,3.2,11.6
11/21/2021,4:30:00,0,B2,-0.43,50468.1,50382.4,89.3,102,6.11,252.1,33.02,50390.4,0.49,32754,1.177,8.11,-89.8,25.081,3.2,11.6
11/21/2021,4:45:00,0,B2,-0.44,50473,50383.9,89.2,101.9,6.1,253.4,33.02,50392.2,0.45,32755,1.173,8.11,-89.7,25.084,3.2,11.6
11/21/2021,5:00:00,0,B2,-0.44,50474.5,50382.6,89.3,102,6.11,253.3,33.02,50391.2,0.52,32754,1.172,8.11,-89.6,25.087,3.2,11.6
11/21/2021,5:15:00,0,B2,-0.45,50471.2,50383.7,89.1,101.8,6.1,253,33.02,50391.8,0.47,32755,1.181,8.11,-89.6,25.083,3.2,11.6
11/21/2021,5:30:00,0,B2,-0.43,50476.2,50384.4,89.1,101.8,6.09,252.9,33.02,50393,0.47,32755,1.18,8.11,-89.6,25.086,3.2,11.6
11/21/2021,5:45:00,0,B2,-0.44,50474,50389.9,89.1,101.8,6.09,253,33.03,50397.8,0.43,32759,1.179,8.11,-89.6,25.079,3.2,11.6
11/21/2021,6:00:00,0,B2,-0.44,50478,50386.1,89.2,101.9,6.1,253,33.03,50394.7,0.53,32757,1.173,8.11,-89.5,25.087,3.2,11.6
11/21/2021,6:15:00,0,B2,-0.44,50469,50385.3,89.1,101.8,6.1,253.5,33.02,50393.1,0.5,32756,1.165,8.11,-89.5,25.079,3.2,11.6
11/21/2021,6:30:00,0,B2,-0.43,50461.6,50384.1,88.9,101.5,6.08,252.7,33.02,50391.4,0.54,32754,1.182,8.1,-89.5,25.073,3.2,11.6
11/21/2021,6:45:00,0,B2,-0.43,50488.6,50385,89.1,101.8,6.09,253.2,33.03,50394.7,0.54,32757,1.182,8.1,-89.4,25.098,3.2,11.6
11/21/2021,7:00:00,0,B2,-0.4,50491.6,50381.4,89.1,101.8,6.09,252.4,33.02,50391.7,0.61,32755,1.177,8.1,-89.4,25.104,3.2,11.6
11/21/2021,7:15:00,0,B2,-0.38,50487,50384.3,89,101.6,6.08,252.9,33.02,50394,0.69,32756,1.171,8.1,-89.3,25.097,3.2,11.6
11/21/2021,7:30:00,0,B2,-0.34,50497.1,50384.7,89,101.6,6.08,252.8,33.03,50395.2,0.83,32757,1.178,8.1,-89.3,25.106,3.2,11.6
11/21/2021,7:45:00,0,B2,-0.33,50485.6,50385.3,88.9,101.6,6.08,252.1,33.03,50394.7,0.79,32757,1.181,8.1,-89.3,25.094,3.2,11.6
11/21/2021,8:00:00,0,B2,-0.33,50492.7,50382.5,88.9,101.6,6.08,252.4,33.02,50392.9,0.94,32755,1.177,8.1,-89.3,25.104,3.2,11.6
11/21/2021,8:15:00,0,B2,-0.26,50491,50383.1,89,101.6,6.08,252,33.02,50393.2,1.1,32756,1.176,8.1,-89.2,25.102,3.2,11.6
11/21/2021,8:30:00,0,B2,-0.32,50498.4,50384,89,101.7,6.08,252,33.03,50394.7,0.93,32757,1.178,8.1,-89.2,25.108,3.2,11.6
11/21/2021,8:45:00,0,B2,-0.35,50492.7,50383.2,89,101.7,6.09,252,33.02,50393.5,0.88,32756,1.18,8.1,-89.2,25.103,3.2,11.6
11/21/2021,9:00:00,0,B2,-0.28,50490.4,50381.6,89.2,101.9,6.1,252.4,33.02,50391.8,1.13,32755,1.175,8.1,-89.2,25.102,3.2,11.6
11/21/2021,9:15:00,0,B2,-0.26,50465.8,50373.4,89.1,101.9,6.1,252.1,33.02,50382,1.1,32748,1.17,8.1,-89.1,25.087,3.2,11.6
11/21/2021,9:30:00,0,B2,-0.29,50501.6,50385.9,89.5,102.2,6.12,252.1,33.03,50396.7,1.12,32758,1.175,8.1,-89.2,25.109,3.2,11.6
11/21/2021,9:45:00,0,B2,-0.27,50490.7,50387.4,89.6,102.4,6.13,252.9,33.03,50397.1,1.02,32758,1.171,8.1,-89.2,25.097,3.2,11.6
11/21/2021,10:00:00,0,B2,-0.25,50494.2,50386.6,89.8,102.6,6.14,252.5,33.03,50396.6,1.06,32758,1.168,8.1,-89.2,25.101,3.2,11.6
11/21/2021,10:15:00,0,B2,-0.32,50489.5,50386.8,90,102.8,6.16,252.8,33.03,50396.4,1.03,32758,1.174,8.1,-89.2,25.097,3.2,11.6
11/21/2021,10:30:00,0,B2,-0.28,50494.4,50386.5,90.3,103.1,6.17,253.4,33.03,50396.6,1.16,32758,1.175,8.1,-89.2,25.102,3.2,11.6
11/21/2021,10:45:00,0,B2,-0.31,50497,50389.9,90.7,103.7,6.2,254.3,33.03,50399.9,0.95,32760,1.172,8.1,-89.3,25.101,3.2,11.6
11/21/2021,11:00:00,0,B2,-0.28,50488.9,50384.5,91.1,104.1,6.23,254.2,33.03,50394.3,1.05,32756,1.177,8.1,-89.4,25.098,3.2,11.6
11/21/2021,11:15:00,0,B2,-0.31,50487.5,50392.5,91.3,104.3,6.24,254.1,33.03,50401.4,0.96,32761,1.173,8.1,-89.4,25.09,3.2,11.6
11/21/2021,11:30:00,0,B2,-0.3,50485,50388.8,91.6,104.7,6.26,254.2,33.03,50397.8,0.94,32759,1.169,8.1,-89.5,25.091,3.2,11.6
11/21/2021,11:45:00,0,B2,-0.3,50485.3,50390.8,91.9,105,6.29,254.5,33.03,50399.6,1.02,32760,1.166,8.11,-89.6,25.089,3.2,11.6
11/21/2021,12:00:00,0,B2,-0.36,50480.9,50392.7,92.1,105.2,6.3,255.5,33.03,50401,0.95,32761,1.174,8.11,-89.5,25.083,3.2,11.6
11/21/2021,12:15:00,0,B2,-0.34,50481.6,50391.3,92.3,105.5,6.31,255.9,33.03,50399.8,1.19,32760,1.173,8.11,-89.6,25.085,3.2,11.6
11/21/2021,12:30:00,0,B2,-0.32,50481.3,50392.5,93.1,106.4,6.37,256.1,33.03,50400.8,0.94,32761,1.18,8.11,-89.8,25.084,3.2,11.6
11/21/2021,12:45:00,0,B2,-0.36,50475.1,50391.4,93,106.2,6.36,255.9,33.03,50399.3,1,32760,1.179,8.11,-89.8,25.079,3.2,11.6
11/21/2021,13:00:00,0,B2,-0.34,50480.1,50393.3,93,106.2,6.36,255.9,33.03,50401.4,0.96,32761,1.175,8.11,-89.8,25.082,3.2,11.6
11/21/2021,13:15:00,0,B2,-0.33,50475.1,50395.3,93.4,106.7,6.39,255.6,33.03,50402.8,0.99,32762,1.165,8.11,-89.9,25.075,3.2,11.6
11/21/2021,13:30:00,0,B2,-0.31,50479.4,50394.5,93.4,106.7,6.39,255.8,33.03,50402.4,1.04,32762,1.166,8.11,-89.9,25.08,3.2,11.6
11/21/2021,13:45:00,0,B2,-0.35,50480.2,50392.8,93.5,106.8,6.39,255.9,33.03,50401,0.95,32761,1.182,8.11,-90,25.082,3.2,11.6
11/21/2021,14:00:00,0,B2,-0.32,50477.8,50395.7,93.9,107.3,6.43,256.1,33.03,50403.4,0.94,32762,1.174,8.11,-90,25.077,3.2,11.6
11/21/2021,14:15:00,0,B2,-0.34,50476.8,50394.9,94,107.4,6.43,256.1,33.03,50402.6,0.88,32762,1.17,8.12,-90.1,25.077,3.2,11.6
11/21/2021,14:30:00,0,B2,-0.34,50478.7,50395.7,94.2,107.6,6.44,256.5,33.03,50403.5,0.98,32762,1.172,8.12,-90.2,25.078,3.2,11.6
11/21/2021,14:45:00,0,B2,-0.32,50471.5,50393.2,94.3,107.8,6.45,256.6,33.03,50400.5,1.04,32760,1.169,8.12,-90.2,25.074,3.2,11.6
11/21/2021,15:00:00,0,B2,-0.36,50474,50395.7,94.1,107.5,6.43,256.6,33.03,50403,0.89,32762,1.173,8.12,-90.2,25.074,3.2,11.6
11/21/2021,15:15:00,0,B2,-0.37,50472.6,50396,94,107.4,6.43,256.4,33.03,50403.2,0.91,32762,1.177,8.12,-90.3,25.072,3.2,11.6
11/21/2021,15:30:00,0,B2,-0.37,50461.3,50394.4,94.2,107.6,6.44,256.8,33.03,50400.7,0.82,32760,1.176,8.12,-90.3,25.063,3.2,11.6
11/21/2021,15:45:00,0,B2,-0.38,50473.8,50397,94,107.4,6.43,256.5,33.03,50404.2,0.8,32763,1.177,8.12,-90.3,25.072,3.2,11.6
11/21/2021,16:00:00,0,B2,-0.38,50472.7,50397.6,94,107.3,6.43,256.3,33.03,50404.7,0.81,32763,1.174,8.12,-90.3,25.071,3.2,11.6
11/21/2021,16:15:00,0,B2,-0.36,50462.2,50397,94,107.4,6.43,256.4,33.03,50403.1,0.88,32762,1.169,8.12,-90.4,25.061,3.2,11.6
11/21/2021,16:30:00,0,B2,-0.38,50471.7,50397.6,93.9,107.3,6.42,256,33.03,50404.5,0.82,32763,1.173,8.12,-90.4,25.07,3.2,11.6
11/21/2021,16:45:00,0,B2,-0.41,50484,50399.6,93.8,107.1,6.41,256.4,33.04,50407.5,0.79,32765,1.182,8.12,-90.4,25.079,3.2,11.6
11/21/2021,17:00:00,0,B2,-0.39,50473.2,50396,93.7,107.1,6.41,255.5,33.03,50403.2,0.72,32762,1.177,8.12,-90.4,25.073,3.2,11.6
11/21/2021,17:15:00,0,B2,-0.39,50477.1,50394.2,93.5,106.8,6.4,255.9,33.03,50401.9,0.8,32761,1.18,8.12,-90.3,25.078,3.2,11.6
11/21/2021,17:30:00,0,B2,-0.36,50480.4,50396.4,93.3,106.6,6.38,255.2,33.03,50404.3,0.79,32763,1.166,8.12,-90.3,25.079,3.2,11.6
11/21/2021,17:45:00,0,B2,-0.38,50489,50398.5,93.2,106.5,6.38,255.3,33.03,50407,0.7,32765,1.169,8.12,-90.4,25.085,3.2,11.6
11/21/2021,18:00:00,0,B2,-0.42,50477.8,50399.8,92.9,106.2,6.36,254.9,33.04,50407.1,0.68,32765,1.183,8.12,-90.3,25.073,3.2,11.6
11/21/2021,18:15:00,0,B2,-0.41,50477.4,50398.7,92.9,106.1,6.35,254.5,33.03,50406.1,0.71,32764,1.169,8.12,-90.3,25.074,3.2,11.6
11/21/2021,18:30:00,0,B2,-0.37,50464.2,50394.6,92.5,105.7,6.33,253.7,33.03,50401.1,0.74,32761,1.165,8.12,-90.2,25.065,3.2,11.6
11/21/2021,18:45:00,0,B2,-0.4,50482.2,50399.4,92.5,105.6,6.32,253.9,33.03,50407.2,0.62,32765,1.178,8.12,-90.2,25.078,3.2,11.6
11/21/2021,19:00:00,0,B2,-0.4,50474.7,50398.3,92.3,105.4,6.31,253.9,33.03,50405.5,0.67,32764,1.174,8.12,-90.2,25.072,3.2,11.6
11/21/2021,19:15:00,0,B2,-0.42,50475.3,50396.4,92.1,105.3,6.3,253.4,33.03,50403.8,0.65,32762,1.173,8.12,-90.2,25.074,3.2,11.6
11/21/2021,19:30:00,0,B2,-0.43,50480.8,50400.9,92.1,105.3,6.3,253.6,33.04,50408.3,0.59,32765,1.181,8.12,-90.2,25.075,3.2,11.6
11/21/2021,19:45:00,0,B2,-0.41,50475.4,50399.5,91.8,104.9,6.28,253.7,33.03,50406.6,0.61,32764,1.171,8.11,-90,25.072,3.2,11.6
11/21/2021,20:00:00,0,B2,-0.42,50469.5,50399.8,91.6,104.6,6.26,253.5,33.03,50406.3,0.62,32764,1.173,8.11,-90.1,25.066,3.2,11.6
11/21/2021,20:15:00,0,B2,-0.41,50479.5,50399.3,91.6,104.7,6.27,252.6,33.03,50406.8,0.62,32764,1.175,8.11,-90,25.076,3.2,11.6
11/21/2021,20:30:00,0,B2,-0.43,50472.3,50400.3,91.4,104.5,6.26,252.7,33.04,50407,0.62,32765,1.174,8.11,-90,25.068,3.2,11.6
11/21/2021,20:45:00,0,B2,-0.42,50482.3,50400.7,91.4,104.4,6.25,252.8,33.04,50408.3,0.58,32765,1.172,8.11,-89.9,25.077,3.2,11.6
11/21/2021,21:00:00,0,B2,-0.41,50472.9,50400.2,91.1,104.1,6.23,252.5,33.04,50407,0.6,32765,1.173,8.11,-89.9,25.069,3.2,11.6
11/21/2021,21:15:00,0,B2,-0.45,50473.6,50397.8,91,104,6.23,252.7,33.03,50404.9,0.59,32763,1.178,8.11,-89.8,25.071,3.2,11.6
11/21/2021,21:30:00,0,B2,-0.42,50475.3,50402.7,90.8,103.8,6.21,251.9,33.04,50409.5,0.55,32766,1.169,8.11,-89.8,25.068,3.2,11.6
11/21/2021,21:45:00,0,B2,-0.43,50475.2,50397.9,91,104,6.23,252.1,33.03,50405.1,0.59,32763,1.169,8.11,-89.9,25.073,3.2,11.6
11/21/2021,22:00:00,0,B2,-0.45,50473.2,50398.1,90.8,103.8,6.21,252,33.03,50405.1,0.59,32763,1.183,8.11,-89.8,25.071,3.2,11.6
11/21/2021,22:15:00,0,B2,-0.45,50478,50398.7,90.7,103.6,6.2,252.8,33.03,50406.2,0.51,32764,1.184,8.11,-89.7,25.075,3.2,11.6
11/21/2021,22:30:00,0,B2,-0.41,50477.1,50396.2,90.7,103.6,6.2,252.3,33.03,50403.8,0.57,32762,1.173,8.11,-89.7,25.076,3.2,11.6
11/21/2021,22:45:00,0,B2,-0.44,50472.8,50399.3,90.4,103.3,6.18,252.7,33.03,50406.2,0.56,32764,1.176,8.11,-89.7,25.069,3.2,11.6
11/21/2021,23:00:00,0,B2,-0.44,50472.3,50397.3,90.5,103.3,6.19,252.1,33.03,50404.3,0.53,32763,1.173,8.11,-89.6,25.071,3.2,11.6
11/21/2021,23:15:00,0,B2,-0.45,50474.7,50398.7,90.4,103.3,6.19,251.9,33.03,50405.8,0.54,32764,1.173,8.11,-89.7,25.072,3.2,11.6
11/21/2021,23:30:00,0,B2,-0.44,50472.6,50395.7,90.2,103,6.17,253.1,33.03,50402.9,0.58,32762,1.174,8.11,-89.6,25.072,3.2,11.6
11/21/2021,23:45:00,0,B2,-0.41,50475.4,50392.8,90.3,103.2,6.18,252.5,33.03,50400.5,0.57,32760,1.172,8.11,-89.6,25.078,3.2,11.6
11/22/2021,0:00:00,0,B2,-0.42,50464,50393.8,90,102.8,6.16,252.4,33.03,50400.4,0.53,32760,1.166,8.11,-89.5,25.066,3.2,11.6
11/22/2021,0:15:00,0,B2,-0.42,50468.2,50389.8,90.3,103.1,6.17,251.9,33.03,50397.2,0.61,32758,1.164,8.1,-89.4,25.074,3.2,11.6
11/22/2021,0:30:00,0,B2,-0.42,50463.8,50385.6,90,102.8,6.16,252.1,33.02,50392.9,0.55,32755,1.176,8.1,-89.4,25.074,3.2,11.6
11/22/2021,0:45:00,0,B2,-0.45,50456.6,50384.5,89.8,102.6,6.15,252,33.02,50391.2,0.57,32754,1.182,8.1,-89.4,25.068,3.2,11.6
11/22/2021,1:00:00,0,B2,-0.45,50457.2,50380.2,90,102.8,6.15,252.2,33.02,50387.4,0.51,32752,1.184,8.1,-89.4,25.073,3.2,11.6
11/22/2021,1:15:00,0,B2,-0.44,50455.2,50378.3,89.8,102.6,6.15,252.1,33.02,50385.5,0.47,32751,1.183,8.1,-89.3,25.072,3.2,11.6
11/22/2021,1:30:00,0,B2,-0.44,50449.8,50379.5,89.6,102.3,6.13,252,33.02,50386.1,0.57,32751,1.176,8.1,-89.3,25.066,3.2,11.6
11/22/2021,1:45:00,0,B2,-0.42,50457,50375.8,89.9,102.7,6.15,252.4,33.02,50383.4,0.58,32749,1.17,8.1,-89.3,25.077,3.2,11.6
11/22/2021,2:00:00,0,B2,-0.44,50449.4,50376.4,89.8,102.6,6.14,252.6,33.02,50383.2,0.55,32749,1.173,8.1,-89.3,25.069,3.2,11.6
11/22/2021,2:15:00,0,B2,-0.44,50441.5,50375,89.5,102.2,6.12,252.2,33.02,50381.2,0.52,32748,1.173,8.1,-89.2,25.063,3.2,11.6
11/22/2021,2:30:00,0,B2,-0.43,50444.9,50375.7,89.6,102.3,6.13,252.3,33.02,50382.2,0.47,32748,1.165,8.1,-89.2,25.065,3.2,11.6
11/22/2021,2:45:00,0,B2,-0.43,50454.7,50377.6,89.7,102.4,6.13,252,33.02,50384.8,0.46,32750,1.172,8.1,-89.2,25.073,3.2,11.6
11/22/2021,3:00:00,0,B2,-0.43,50448.2,50378.7,89.4,102.1,6.12,251.5,33.02,50385.2,0.53,32750,1.176,8.1,-89.1,25.065,3.2,11.6
11/22/2021,3:15:00,0,B2,-0.44,50449.8,50375.9,89.4,102.1,6.12,252,33.02,50382.8,0.5,32749,1.182,8.1,-89,25.07,3.2,11.6
11/22/2021,3:30:00,0,B2,-0.43,50447,50373,89.5,102.2,6.12,252.5,33.02,50380,0.53,32747,1.176,8.1,-89.1,25.07,3.2,11.6
11/22/2021,3:45:00,0,B2,-0.42,50447.1,50373.7,89.4,102.2,6.12,252.4,33.02,50380.6,0.55,32747,1.166,8.1,-89,25.069,3.2,11.6
11/22/2021,4:00:00,0,B2,-0.46,50451.1,50378.7,89.5,102.2,6.12,251.7,33.02,50385.4,0.49,32751,1.174,8.1,-89,25.068,3.2,11.6
11/22/2021,4:15:00,0,B2,-0.42,50445.1,50377.2,89.1,101.8,6.1,252.3,33.02,50383.6,0.44,32749,1.18,8.1,-88.9,25.064,3.2,11.6
11/22/2021,4:30:00,0,B2,-0.45,50458.7,50377.7,89.4,102.1,6.12,252.3,33.02,50385.2,0.52,32750,1.173,8.1,-88.9,25.076,3.2,11.6
11/22/2021,4:45:00,0,B2,-0.44,50451,50374.5,89.3,102,6.11,252.6,33.02,50381.6,0.55,32748,1.178,8.09,-88.9,25.072,3.2,11.6
11/22/2021,5:00:00,0,B2,-0.42,50449.7,50377.2,89.1,101.8,6.1,252.3,33.02,50384,0.55,32750,1.169,8.09,-88.8,25.068,3.2,11.6
11/22/2021,5:15:00,0,B2,-0.43,50450.4,50377.7,89.3,102,6.11,252,33.02,50384.5,0.55,32750,1.169,8.09,-88.8,25.069,3.2,11.6
11/22/2021,5:30:00,0,B2,-0.42,50451.5,50378,89.2,101.9,6.1,252.6,33.02,50384.9,0.56,32750,1.172,8.09,-88.8,25.069,3.2,11.6
11/22/2021,5:45:00,0,B2,-0.42,50454.2,50375.4,89.1,101.8,6.09,251.9,33.02,50382.7,0.58,32749,1.172,8.09,-88.7,25.074,3.2,11.6
11/22/2021,6:00:00,0,B2,-0.42,50464.9,50376.8,89.3,102,6.11,252,33.02,50385.1,0.56,32750,1.17,8.09,-88.7,25.083,3.2,11.6
11/22/2021,6:15:00,0,B2,-0.39,50475.5,50385.7,89.2,101.9,6.1,252.4,33.03,50394.1,0.6,32756,1.169,8.09,-88.7,25.085,3.2,11.6
11/22/2021,6:30:00,0,B2,-0.39,50461.3,50380.2,89,101.7,6.09,252.3,33.02,50387.8,0.55,32752,1.175,8.09,-88.5,25.076,3.2,11.6
11/22/2021,6:45:00,0,B2,-0.39,50469,50379,88.9,101.6,6.08,251.9,33.02,50387.4,0.68,32752,1.174,8.09,-88.6,25.085,3.2,11.6
11/22/2021,7:00:00,0,B2,-0.37,50495.6,50386,89,101.7,6.08,252.6,33.03,50396.3,0.73,32758,1.17,8.09,-88.6,25.103,3.2,11.6
11/22/2021,7:15:00,0,B2,-0.37,50480,50384.9,89,101.7,6.09,252.6,33.02,50393.8,0.8,32756,1.18,8.09,-88.5,25.09,3.2,11.6
11/22/2021,7:30:00,0,B2,-0.3,50483.9,50380.8,89.1,101.8,6.09,252.7,33.02,50390.4,0.94,32754,1.184,8.09,-88.5,25.097,3.2,11.6
11/22/2021,7:45:00,0,B2,-0.35,50477.9,50378.8,89,101.7,6.08,251.7,33.02,50388.1,1.09,32752,1.183,8.09,-88.5,25.093,3.2,11.6
11/22/2021,8:00:00,0,B2,-0.27,50485.6,50375.5,89,101.7,6.09,251.8,33.02,50385.8,0.96,32751,1.169,8.09,-88.4,25.104,3.2,11.6
11/22/2021,8:15:00,0,B2,-0.28,50488.5,50382.6,89.1,101.8,6.09,251.2,33.02,50392.5,1.12,32755,1.175,8.09,-88.5,25.1,3.2,11.6
11/22/2021,8:30:00,0,B2,-0.31,50497.5,50382.3,89.3,102,6.1,251.5,33.02,50393.1,1.12,32755,1.177,8.09,-88.4,25.108,3.2,11.6
11/22/2021,8:45:00,0,B2,-0.28,50493.5,50384.8,89.5,102.3,6.12,251.8,33.03,50395,1.1,32757,1.166,8.09,-88.5,25.102,3.2,11.6
11/22/2021,9:00:00,0,B2,-0.3,50481.1,50379.9,89.9,102.7,6.14,252.7,33.02,50389.4,1.08,32753,1.173,8.09,-88.5,25.095,3.2,11.6
11/22/2021,9:15:00,0,B2,-0.3,50484.4,50383.7,90.1,103,6.16,252.7,33.02,50393.1,1.04,32756,1.18,8.09,-88.5,25.095,3.2,11.6
11/22/2021,9:30:00,0,B2,-0.28,50485.7,50384.9,90.4,103.3,6.18,253.2,33.03,50394.3,1.09,32756,1.174,8.09,-88.5,25.095,3.2,11.6
11/22/2021,9:45:00,0,B2,-0.29,50482.2,50384.9,91.1,104.1,6.23,253.3,33.02,50394,1.11,32756,1.17,8.09,-88.7,25.092,3.2,11.6
11/22/2021,10:00:00,0,B2,-0.31,50482.5,50389,91.7,104.8,6.27,253.8,33.03,50397.7,1,32759,1.165,8.09,-88.7,25.088,3.2,11.6
11/22/2021,10:15:00,0,B2,-0.31,50483.1,50384.9,91.5,104.6,6.26,254.4,33.03,50394.1,0.97,32756,1.174,8.09,-88.7,25.092,3.2,11.6
11/22/2021,10:30:00,0,B2,-0.35,50479.8,50385.8,91.8,104.9,6.28,254.8,33.03,50394.6,0.9,32756,1.18,8.09,-88.8,25.089,3.2,11.6
11/22/2021,10:45:00,0,B2,-0.31,50478.7,50386.8,92.2,105.3,6.3,255.1,33.03,50395.4,1.01,32757,1.169,8.1,-88.9,25.087,3.2,11.6
11/22/2021,11:00:00,0,B2,-0.31,50478.1,50387,92.5,105.7,6.32,255.3,33.03,50395.6,1.02,32757,1.168,8.1,-88.9,25.086,3.2,11.6
11/22/2021,11:15:00,0,B2,-0.35,50476,50386.4,93.3,106.6,6.38,254.5,33.03,50394.8,0.97,32757,1.166,8.1,-89.2,25.084,3.2,11.6
11/22/2021,11:30:00,0,B2,-0.31,50473,50385.3,93.1,106.4,6.37,255.6,33.02,50393.5,1.04,32756,1.181,8.1,-89.1,25.083,3.2,11.6
11/22/2021,11:45:00,0,B2,-0.32,50476,50385.2,93.7,107.1,6.41,255.8,33.02,50393.7,1.09,32756,1.172,8.1,-89.2,25.086,3.2,11.6
11/22/2021,12:00:00,0,B2,-0.33,50475.7,50389,93.6,107,6.4,255.7,33.03,50397.1,0.91,32758,1.172,8.1,-89.3,25.082,3.2,11.6
11/22/2021,12:15:00,0,B2,-0.31,50478,50388.4,94.3,107.7,6.45,255.7,33.03,50396.8,1.11,32758,1.168,8.11,-89.5,25.084,3.2,11.6
11/22/2021,12:30:00,0,B2,-0.34,50480.9,50384.8,95,108.5,6.49,255.4,33.02,50393.8,1.04,32756,1.168,8.11,-89.6,25.091,3.2,11.6
11/22/2021,12:45:00,0,B2,-0.35,50480.5,50387.3,94.7,108.1,6.47,255.7,33.03,50396,0.92,32757,1.166,8.11,-89.6,25.088,3.2,11.6
11/22/2021,13:00:00,0,B2,-0.34,50484.8,50386.2,95.5,109.1,6.53,255.8,33.03,50395.4,0.85,32757,1.174,8.11,-89.8,25.093,3.2,11.6
11/22/2021,13:15:00,0,B2,-0.37,50480.3,50385.6,95,108.5,6.5,256.1,33.03,50394.4,0.9,32756,1.183,8.11,-89.8,25.089,3.2,11.6
11/22/2021,13:30:00,0,B2,-0.38,50478.8,50386.3,95.1,108.6,6.5,256.3,33.03,50395,0.87,32757,1.183,8.11,-89.8,25.087,3.2,11.6
11/22/2021,13:45:00,0,B2,-0.34,50475.7,50382,95.2,108.8,6.51,256.6,33.02,50390.8,0.88,32754,1.169,8.11,-89.9,25.088,3.2,11.6
11/22/2021,14:00:00,0,B2,-0.35,50472.6,50380.1,95.3,108.9,6.52,256.6,33.02,50388.7,0.78,32753,1.175,8.11,-90,25.087,3.2,11.6
11/22/2021,14:15:00,0,B2,-0.36,50473,50380.1,95.6,109.2,6.54,256.9,33.02,50388.8,0.84,32753,1.175,8.11,-90,25.087,3.2,11.6
11/22/2021,14:30:00,0,B2,-0.34,50471.8,50379.9,95.7,109.4,6.55,256.7,33.02,50388.5,0.85,32753,1.165,8.12,-90.1,25.087,3.2,11.6
11/22/2021,14:45:00,0,B2,-0.38,50468.6,50379.3,95.8,109.4,6.55,256.6,33.02,50387.6,0.82,32752,1.168,8.12,-90.2,25.084,3.2,11.6
11/22/2021,15:00:00,0,B2,-0.37,50468,50381.6,95.6,109.3,6.54,255.6,33.02,50389.7,0.88,32753,1.172,8.12,-90.3,25.081,3.2,11.6
11/22/2021,15:15:00,0,B2,-0.34,50466.3,50382.1,95.6,109.3,6.54,255.9,33.02,50390,0.81,32754,1.172,8.12,-90.3,25.079,3.2,11.6
11/22/2021,15:30:00,0,B2,-0.39,50461.7,50380.9,95.6,109.2,6.54,256,33.02,50388.4,0.84,32752,1.175,8.12,-90.3,25.076,3.2,11.6
11/22/2021,15:45:00,0,B2,-0.39,50457.9,50383.1,95.5,109.1,6.53,256.2,33.02,50390.1,0.81,32754,1.177,8.12,-90.4,25.07,3.2,11.6
11/22/2021,16:00:00,0,B2,-0.38,50457,50382.2,95.5,109.1,6.53,256.5,33.02,50389.2,0.84,32753,1.178,8.12,-90.4,25.07,3.2,11.6
11/22/2021,16:15:00,0,B2,-0.4,50453.6,50383,95.3,108.9,6.52,256.3,33.02,50389.6,0.72,32753,1.182,8.12,-90.5,25.067,3.2,11.6
11/22/2021,16:30:00,0,B2,-0.4,50449.7,50385,95.2,108.8,6.51,256.4,33.02,50391.1,0.72,32754,1.182,8.12,-90.4,25.061,3.2,11.6
11/22/2021,16:45:00,0,B2,-0.37,50448,50385.2,95,108.5,6.5,256.6,33.02,50391.1,0.74,32754,1.172,8.12,-90.5,25.059,3.2,11.6
11/22/2021,17:00:00,0,B2,-0.38,50446.5,50384.9,94.9,108.4,6.49,256,33.02,50390.6,0.72,32754,1.167,8.12,-90.5,25.058,3.2,11.6
11/22/2021,17:15:00,0,B2,-0.38,50447.9,50384.4,94.7,108.2,6.48,256,33.02,50390.4,0.71,32754,1.174,8.12,-90.4,25.06,3.2,11.6
11/22/2021,17:30:00,0,B2,-0.4,50447.1,50387.6,94.5,108,6.47,255.9,33.03,50393.2,0.67,32756,1.176,8.12,-90.5,25.056,3.2,11.6
11/22/2021,17:45:00,0,B2,-0.4,50450,50386.9,94.2,107.7,6.45,255.8,33.02,50392.8,0.63,32755,1.178,8.12,-90.5,25.06,3.2,11.6
11/22/2021,18:00:00,0,B2,-0.39,50452.3,50385.2,94.1,107.5,6.44,255.7,33.02,50391.5,0.68,32754,1.167,8.12,-90.4,25.063,3.2,11.6
11/22/2021,18:15:00,0,B2,-0.39,50448.5,50385.1,94,107.3,6.43,254.6,33.02,50391,0.73,32754,1.167,8.12,-90.4,25.06,3.2,11.6
11/22/2021,18:30:00,0,B2,-0.41,50448.4,50381.9,93.6,107,6.4,255.1,33.02,50388.2,0.6,32752,1.169,8.12,-90.4,25.063,3.2,11.6
11/22/2021,18:45:00,0,B2,-0.4,50453.1,50380.7,93.5,106.8,6.4,254.8,33.02,50387.5,0.68,32752,1.166,8.12,-90.3,25.068,3.2,11.6
11/22/2021,19:00:00,0,B2,-0.42,50447.3,50383.7,93.2,106.5,6.38,254.3,33.02,50389.7,0.66,32753,1.18,8.12,-90.3,25.06,3.2,11.6
11/22/2021,19:15:00,0,B2,-0.4,50453.1,50384,93.1,106.4,6.37,254.6,33.02,50390.5,0.63,32754,1.178,8.12,-90.3,25.065,3.2,11.6
11/22/2021,19:30:00,0,B2,-0.42,50452.6,50385,92.9,106.1,6.35,254.6,33.02,50391.3,0.58,32754,1.172,8.12,-90.3,25.064,3.2,11.6
11/22/2021,19:45:00,0,B2,-0.43,50455,50384,92.7,105.9,6.34,252.8,33.02,50390.6,0.64,32754,1.182,8.12,-90.3,25.067,3.2,11.6
11/22/2021,20:00:00,0,B2,-0.41,50455.4,50384.2,92.7,105.9,6.34,253.9,33.02,50390.8,0.59,32754,1.177,8.12,-90.2,25.067,3.2,11.6
11/22/2021,20:15:00,0,B2,-0.41,50458.9,50386.4,92.3,105.4,6.31,254.3,33.02,50393.2,0.63,32756,1.176,8.12,-90.2,25.068,3.2,11.6
11/22/2021,20:30:00,0,B2,-0.4,50460.6,50386,92.3,105.4,6.31,254.2,33.02,50393,0.8,32755,1.17,8.12,-90.1,25.07,3.2,11.6
11/22/2021,20:45:00,0,B2,-0.4,50459.9,50385,92.1,105.2,6.3,253.2,33.02,50392,0.57,32755,1.171,8.12,-90.1,25.07,3.2,11.6
11/22/2021,21:00:00,0,B2,-0.44,50455.2,50386.3,91.7,104.7,6.27,253.8,33.02,50392.7,0.62,32755,1.178,8.11,-90,25.065,3.2,11.6
11/22/2021,21:15:00,0,B2,-0.41,50461.2,50386.7,91.9,105,6.28,253.3,33.03,50393.6,0.59,32756,1.169,8.11,-90.1,25.07,3.2,11.6
11/22/2021,21:30:00,0,B2,-0.43,50459,50387.4,91.6,104.7,6.27,251.8,33.03,50394.1,0.53,32756,1.178,8.11,-90,25.067,3.2,11.6
11/22/2021,21:45:00,0,B2,-0.43,50452.5,50387.6,91.5,104.5,6.26,252.7,33.03,50393.7,0.56,32756,1.174,8.11,-89.9,25.061,3.2,11.6
11/22/2021,22:00:00,0,B2,-0.41,50458.3,50387.3,91.4,104.5,6.26,252.8,33.03,50393.9,0.58,32756,1.166,8.11,-89.9,25.067,3.2,11.6
11/22/2021,22:15:00,0,B2,-0.43,50452.8,50387.6,91.2,104.2,6.24,253.2,33.03,50393.7,0.5,32756,1.173,8.11,-89.9,25.061,3.2,11.6
11/22/2021,22:30:00,0,B2,-0.45,50459.9,50387.9,91.1,104.1,6.23,254.1,33.03,50394.6,0.58,32756,1.183,8.11,-89.8,25.068,3.2,11.6
11/22/2021,22:45:00,0,B2,-0.4,50458.8,50387.1,91,104,6.22,253.4,33.03,50393.8,0.65,32756,1.168,8.11,-89.8,25.068,3.2,11.6
11/22/2021,23:00:00,0,B2,-0.39,50450.7,50387.5,90.8,103.7,6.21,253,33.03,50393.4,0.58,32756,1.167,8.11,-89.8,25.06,3.2,11.6
11/22/2021,23:15:00,0,B2,-0.42,50454.6,50387.4,90.7,103.6,6.2,253.7,33.03,50393.7,0.56,32756,1.172,8.11,-89.7,25.063,3.2,11.6
11/22/2021,23:30:00,0,B2,-0.44,50465.6,50388,90.8,103.7,6.21,253.1,33.03,50395.3,0.53,32757,1.178,8.11,-89.7,25.073,3.2,11.6
11/22/2021,23:45:00,0,B2,-0.42,50459.8,50388.1,90.6,103.5,6.2,253.1,33.03,50394.8,0.56,32757,1.172,8.11,-89.6,25.067,3.2,11.6
11/23/2021,0:00:00,0,B2,-0.42,50462.6,50388.1,90.6,103.5,6.2,253.2,33.03,50395,0.59,32757,1.171,8.11,-89.7,25.07,3.2,11.6
11/23/2021,0:15:00,0,B2,-0.42,50453.7,50387,90.2,103.1,6.17,252.5,33.03,50393.2,0.62,32756,1.175,8.11,-89.6,25.063,3.2,11.6
11/23/2021,0:30:00,0,B2,-0.43,50453.2,50383.6,90.3,103.2,6.18,252.6,33.02,50390.1,0.53,32754,1.171,8.11,-89.6,25.066,3.2,11.6
11/23/2021,0:45:00,0,B2,-0.41,50452.6,50384,90.2,103,6.17,253.1,33.02,50390.4,0.5,32754,1.171,8.11,-89.5,25.065,3.2,11.6
11/23/2021,1:00:00,0,B2,-0.43,50452.1,50382.2,90,102.8,6.16,253.4,33.02,50388.7,0.51,32753,1.165,8.1,-89.4,25.066,3.2,11.6
11/23/2021,1:15:00,0,B2,-0.45,50444.6,50381.8,90,102.8,6.16,252.7,33.02,50387.6,0.54,32752,1.18,8.1,-89.4,25.059,3.2,11.6
11/23/2021,1:30:00,0,B2,-0.43,50445.4,50381.4,90,102.9,6.16,252.2,33.02,50387.3,0.51,32752,1.18,8.1,-89.4,25.06,3.2,11.6
11/23/2021,1:45:00,0,B2,-0.42,50451.2,50383.2,90,102.8,6.16,252.9,33.02,50389.5,0.54,32753,1.173,8.1,-89.4,25.064,3.2,11.6
11/23/2021,2:00:00,0,B2,-0.42,50465.5,50385.1,89.9,102.7,6.15,252.7,33.02,50392.6,0.51,32755,1.17,8.1,-89.4,25.076,3.2,11.6
11/23/2021,2:15:00,0,B2,-0.44,50458.4,50385,89.8,102.5,6.14,252.3,33.02,50391.9,0.53,32755,1.17,8.1,-89.3,25.069,3.2,11.6
11/23/2021,2:30:00,0,B2,-0.41,50458.8,50383,89.8,102.6,6.15,252.7,33.02,50390.1,0.55,32754,1.179,8.1,-89.3,25.071,3.2,11.6
11/23/2021,2:45:00,0,B2,-0.44,50453.5,50381.3,89.6,102.4,6.13,253.1,33.02,50388.1,0.52,32752,1.176,8.1,-89.2,25.068,3.2,11.6
11/23/2021,3:00:00,0,B2,-0.41,50453.8,50377.6,89.6,102.4,6.13,252.7,33.02,50384.8,0.61,32750,1.172,8.1,-89.2,25.072,3.2,11.6
11/23/2021,3:15:00,0,B2,-0.42,50461,50380.6,89.7,102.5,6.14,251.7,33.02,50388.1,0.56,32752,1.172,8.1,-89.2,25.076,3.2,11.6
11/23/2021,3:30:00,0,B2,-0.42,50462.7,50382.3,89.6,102.4,6.13,248.4,33.02,50389.8,0.55,32753,1.166,8.1,-89.2,25.076,3.2,11.6
11/23/2021,3:45:00,0,B2,-0.42,50458.5,50382.2,89.4,102.1,6.11,250.3,33.02,50389.3,0.51,32753,1.173,8.1,-89.1,25.072,3.2,11.6
11/23/2021,4:00:00,0,B2,-0.43,50456.4,50381.9,89.4,102.1,6.11,251.2,33.02,50388.9,0.53,32753,1.176,8.1,-89.1,25.07,3.2,11.6
11/23/2021,4:15:00,0,B2,-0.42,50454.1,50382.4,89.4,102.1,6.11,252.3,33.02,50389.1,0.51,32753,1.18,8.1,-89,25.068,3.2,11.6
11/23/2021,4:30:00,0,B2,-0.41,50458.6,50384.3,89.4,102.1,6.12,252.9,33.02,50391.3,0.57,32754,1.173,8.1,-89,25.07,3.2,11.6
11/23/2021,4:45:00,0,B2,-0.41,50458.3,50382.7,89.3,102,6.11,250.7,33.02,50389.8,0.51,32753,1.172,8.1,-88.9,25.071,3.2,11.6
11/23/2021,5:00:00,0,B2,-0.39,50458.8,50381.5,89.3,102,6.11,250.8,33.02,50388.7,0.53,32753,1.17,8.1,-88.9,25.073,3.2,11.6
11/23/2021,5:15:00,0,B2,-0.41,50458.3,50381,89.1,101.8,6.09,251.5,33.02,50388.2,0.64,32752,1.169,8.09,-88.9,25.073,3.2,11.6
11/23/2021,5:30:00,0,B2,-0.4,50465.1,50383.3,89.3,102.1,6.11,251.1,33.02,50391,0.58,32754,1.167,8.1,-88.9,25.077,3.2,11.6
11/23/2021,5:45:00,0,B2,-0.42,50464.1,50381.6,89.2,101.9,6.1,251.2,33.02,50389.3,0.52,32753,1.174,8.09,-88.8,25.078,3.2,11.6
11/23/2021,6:00:00,0,B2,-0.4,50457,50379.5,89.1,101.8,6.09,251.1,33.02,50386.8,0.63,32751,1.176,8.09,-88.8,25.073,3.2,11.6
11/23/2021,6:15:00,0,B2,-0.4,50449.5,50382.9,88.8,101.4,6.07,251.8,33.02,50389.1,0.6,32753,1.176,8.09,-88.7,25.063,3.2,11.6
11/23/2021,6:30:00,0,B2,-0.4,50474.1,50378.6,89.1,101.9,6.1,251.7,33.02,50387.5,0.65,32752,1.181,8.09,-88.7,25.09,3.2,11.6
11/23/2021,6:45:00,0,B2,-0.38,50473.3,50382.7,88.9,101.6,6.08,252.6,33.02,50391.2,0.7,32754,1.169,8.09,-88.7,25.085,3.2,11.6
11/23/2021,7:00:00,0,B2,-0.4,50469.7,50381.8,89,101.7,6.09,253,33.02,50390,0.69,32754,1.171,8.09,-88.6,25.083,3.2,11.6
11/23/2021,7:15:00,0,B2,-0.36,50473.6,50382.4,89,101.7,6.09,252.2,33.02,50390.9,0.74,32754,1.173,8.09,-88.6,25.086,3.2,11.6
11/23/2021,7:30:00,0,B2,-0.33,50496.6,50386.1,89,101.6,6.08,252.2,33.03,50396.4,0.85,32758,1.165,8.09,-88.6,25.104,3.2,11.6
11/23/2021,7:45:00,0,B2,-0.3,50483.2,50387.8,88.8,101.5,6.07,253.4,33.03,50396.7,0.87,32758,1.171,8.09,-88.5,25.09,3.2,11.6
11/23/2021,8:00:00,0,B2,-0.29,50480.7,50383,88.9,101.6,6.08,253.6,33.02,50392.2,0.98,32755,1.182,8.09,-88.5,25.092,3.2,11.6
11/23/2021,8:15:00,0,B2,-0.3,50473.9,50381.9,88.9,101.5,6.08,253.7,33.02,50390.5,0.96,32754,1.183,8.09,-88.5,25.087,3.2,11.6
11/23/2021,8:30:00,0,B2,-0.29,50481.8,50383.7,88.9,101.6,6.08,252.7,33.02,50392.9,1.02,32755,1.182,8.09,-88.5,25.092,3.2,11.6
11/23/2021,8:45:00,0,B2,-0.29,50479.6,50381.4,89,101.7,6.09,253.2,33.02,50390.6,1.08,32754,1.183,8.09,-88.5,25.093,3.2,11.6
11/23/2021,9:00:00,0,B2,-0.26,50485,50388.4,89.1,101.8,6.1,253.1,33.03,50397.4,1.06,32758,1.177,8.09,-88.5,25.091,3.2,11.6
11/23/2021,9:15:00,0,B2,-0.23,50486.5,50391.6,89.2,102,6.1,253.3,33.03,50400.5,1.19,32760,1.168,8.09,-88.4,25.089,3.2,11.6
11/23/2021,9:30:00,0,B2,-0.26,50473.9,50384.3,89.3,102,6.11,252.3,33.02,50392.7,1.16,32755,1.173,8.09,-88.4,25.084,3.2,11.6
11/23/2021,9:45:00,0,B2,-0.24,50491.5,50386.3,89.6,102.4,6.13,251.7,33.03,50396.2,1.22,32758,1.182,8.09,-88.4,25.099,3.2,11.6
11/23/2021,10:00:00,0,B2,-0.23,50477.1,50385.7,89.7,102.5,6.14,251.4,33.03,50394.3,1.22,32756,1.174,8.09,-88.5,25.086,3.2,11.6
11/23/2021,10:15:00,0,B2,-0.25,50485,50387,90,102.8,6.15,251.4,33.03,50396.2,1.14,32758,1.173,8.09,-88.5,25.092,3.2,11.6
11/23/2021,10:30:00,0,B2,-0.22,50478.6,50384.1,90.1,102.9,6.16,251.7,33.02,50392.9,1.39,32755,1.175,8.09,-88.5,25.089,3.2,11.6
11/23/2021,10:45:00,0,B2,-0.24,50473.9,50386.6,90.3,103.2,6.18,252.3,33.03,50394.8,1.17,32757,1.182,8.09,-88.5,25.082,3.2,11.6
11/23/2021,11:00:00,0,B2,-0.28,50475.9,50382.7,90.4,103.3,6.19,252.4,33.02,50391.5,1.13,32754,1.174,8.09,-88.5,25.088,3.2,11.6
11/23/2021,11:15:00,0,B2,-0.29,50473.8,50386.3,91.1,104.1,6.23,252.6,33.03,50394.5,1.15,32756,1.172,8.09,-88.6,25.082,3.2,11.6
11/23/2021,11:30:00,0,B2,-0.25,50473.3,50388,91.4,104.4,6.25,252.3,33.03,50396,1.13,32757,1.166,8.09,-88.6,25.08,3.2,11.6
11/23/2021,11:45:00,0,B2,-0.3,50470.6,50388.5,91.4,104.4,6.25,252.7,33.03,50396.2,1.27,32758,1.172,8.09,-88.6,25.077,3.2,11.6
11/23/2021,12:00:00,0,B2,-0.25,50471,50389.1,91.5,104.6,6.26,252.6,33.03,50396.8,1.12,32758,1.174,8.09,-88.7,25.077,3.2,11.6
11/23/2021,12:15:00,0,B2,-0.27,50469.3,50389.4,91.9,105,6.29,253.3,33.03,50396.8,1.32,32758,1.172,8.09,-88.8,25.075,3.2,11.6
11/23/2021,12:30:00,0,B2,-0.31,50467.6,50389.5,92.2,105.3,6.31,253.4,33.03,50396.8,1.03,32758,1.178,8.1,-88.9,25.073,3.2,11.6
11/23/2021,12:45:00,0,B2,-0.3,50467.6,50391.1,92.3,105.5,6.32,253.7,33.03,50398.3,1.12,32759,1.173,8.1,-88.9,25.072,3.2,11.6
11/23/2021,13:00:00,0,B2,-0.29,50465.9,50390.4,92.5,105.7,6.33,253.7,33.03,50397.4,1.02,32758,1.168,8.1,-89,25.071,3.2,11.6
11/23/2021,13:15:00,0,B2,-0.31,50465.1,50390.2,93,106.2,6.36,253.4,33.03,50397.2,1.1,32758,1.176,8.1,-89,25.071,3.2,11.6
11/23/2021,13:30:00,0,B2,-0.31,50463.8,50392.3,92.8,106.1,6.35,253.5,33.03,50399,1.03,32759,1.173,8.1,-89.1,25.067,3.2,11.6
11/23/2021,13:45:00,0,B2,-0.3,50460.5,50390.8,93,106.3,6.36,254,33.03,50397.3,0.96,32758,1.169,8.1,-89.1,25.066,3.2,11.6
11/23/2021,14:00:00,0,B2,-0.28,50460,50393.7,93.3,106.6,6.38,252.6,33.03,50399.9,0.95,32760,1.173,8.1,-89.2,25.062,3.2,11.6
11/23/2021,14:15:00,0,B2,-0.29,50458,50392.7,93.3,106.6,6.38,253.5,33.03,50398.8,1.02,32759,1.179,8.1,-89.3,25.061,3.2,11.6
11/23/2021,14:30:00,0,B2,-0.34,50459.2,50393.1,93.4,106.7,6.39,254.4,33.03,50399.3,1.09,32760,1.179,8.1,-89.4,25.062,3.2,11.6
11/23/2021,14:45:00,0,B2,-0.34,50451.5,50391.6,93.6,106.9,6.4,254.2,33.03,50397.2,1,32758,1.182,8.1,-89.4,25.056,3.2,11.6
11/23/2021,15:00:00,0,B2,-0.36,50455.1,50395,93.6,106.9,6.4,253.9,33.03,50400.6,0.95,32760,1.175,8.1,-89.5,25.057,3.2,11.6
11/23/2021,15:15:00,0,B2,-0.34,50459,50393,93.5,106.8,6.4,253.6,33.03,50399.2,1.05,32759,1.168,8.11,-89.5,25.062,3.2,11.6
11/23/2021,15:30:00,0,B2,-0.34,50460.9,50394.3,93.4,106.7,6.39,253.6,33.03,50400.5,0.91,32760,1.179,8.1,-89.5,25.063,3.2,11.6
11/23/2021,15:45:00,0,B2,-0.31,50458,50395.7,93.4,106.7,6.39,253.6,33.03,50401.5,1.04,32761,1.165,8.1,-89.5,25.059,3.2,11.6
11/23/2021,16:00:00,0,B2,-0.36,50469.1,50394.7,93.3,106.6,6.38,253.7,33.03,50401.6,0.88,32761,1.174,8.11,-89.5,25.07,3.2,11.6
11/23/2021,16:15:00,0,B2,-0.37,50459,50395.8,93.3,106.5,6.38,254.4,33.03,50401.7,0.8,32761,1.174,8.11,-89.5,25.06,3.2,11.6
11/23/2021,16:30:00,0,B2,-0.38,50463,50398.5,93.2,106.4,6.37,253.9,33.03,50404.5,0.9,32763,1.174,8.11,-89.5,25.061,3.2,11.6
11/23/2021,16:45:00,0,B2,-0.37,50463.8,50391.6,93,106.2,6.36,253.4,33.03,50398.4,0.77,32759,1.177,8.11,-89.5,25.068,3.2,11.6
11/23/2021,17:00:00,0,B2,-0.33,50473.6,50396.9,92.9,106.1,6.36,253,33.03,50404,0.9,32763,1.176,8.11,-89.5,25.072,3.2,11.6
11/23/2021,17:15:00,0,B2,-0.36,50481.9,50393.9,92.7,105.9,6.34,252.9,33.03,50402.1,0.78,32761,1.178,8.11,-89.5,25.083,3.2,11.6
11/23/2021,17:30:00,0,B2,-0.36,50477.1,50396.1,92.6,105.7,6.33,252.9,33.03,50403.7,0.72,32762,1.173,8.1,-89.4,25.076,3.2,11.6
11/23/2021,17:45:00,0,B2,-0.37,50475.5,50396.2,92.3,105.5,6.31,253,33.03,50403.6,0.75,32762,1.167,8.1,-89.4,25.075,3.2,11.6
11/23/2021,18:00:00,0,B2,-0.37,50479.1,50397.2,92.2,105.3,6.31,252.1,33.03,50404.8,0.72,32763,1.168,8.1,-89.4,25.077,3.2,11.6
11/23/2021,18:15:00,0,B2,-0.4,50473.3,50396.7,92.1,105.2,6.3,252.4,33.03,50403.9,0.73,32763,1.168,8.1,-89.4,25.072,3.2,11.6
11/23/2021,18:30:00,0,B2,-0.38,50475.1,50397.7,92,105.1,6.29,251.7,33.03,50404.9,0.73,32763,1.166,8.1,-89.4,25.073,3.2,11.6
11/23/2021,18:45:00,0,B2,-0.39,50464.7,50394,91.6,104.7,6.27,250.4,33.03,50400.6,0.72,32760,1.177,8.1,-89.3,25.067,3.2,11.6
11/23/2021,19:00:00,0,B2,-0.39,50471.4,50399,91.5,104.6,6.26,251.5,33.03,50405.8,0.7,32764,1.174,8.1,-89.3,25.068,3.2,11.6
11/23/2021,19:15:00,0,B2,-0.38,50469.3,50397.3,91.4,104.4,6.25,252,33.03,50404,0.7,32763,1.168,8.1,-89.2,25.068,3.2,11.6
11/23/2021,19:30:00,0,B2,-0.35,50463.7,50398.7,91.2,104.2,6.24,251.2,33.03,50404.7,0.76,32763,1.166,8.1,-89.2,25.061,3.2,11.6
11/23/2021,19:45:00,0,B2,-0.35,50463.1,50401.7,91.1,104.1,6.23,251.3,33.04,50407.5,0.74,32765,1.165,8.1,-89.2,25.058,3.2,11.6
11/23/2021,20:00:00,0,B2,-0.4,50470.8,50405,91,103.9,6.22,250.4,33.04,50411.2,0.61,32767,1.175,8.1,-89.1,25.062,3.2,11.6
11/23/2021,20:15:00,0,B2,-0.42,50469.9,50397.4,91,104,6.23,251,33.03,50404.1,0.67,32763,1.18,8.1,-89.2,25.068,3.2,11.6
11/23/2021,20:30:00,0,B2,-0.42,50479.7,50401.8,90.9,103.9,6.22,252.5,33.04,50409.1,0.6,32766,1.181,8.1,-89.1,25.073,3.2,11.6
11/23/2021,20:45:00,0,B2,-0.41,50473.4,50400.8,90.8,103.8,6.21,252.9,33.04,50407.6,0.64,32765,1.173,8.1,-89.1,25.068,3.2,11.6
11/23/2021,21:00:00,0,B2,-0.41,50461.1,50399.6,90.5,103.4,6.19,252.8,33.03,50405.4,0.65,32763,1.167,8.1,-89.1,25.058,3.2,11.6
11/23/2021,21:15:00,0,B2,-0.41,50471.6,50400.6,90.7,103.6,6.2,252.8,33.04,50407.3,0.74,32765,1.169,8.1,-89.1,25.067,3.2,11.6
11/23/2021,21:30:00,0,B2,-0.4,50471,50402.4,90.5,103.4,6.19,253,33.04,50408.8,0.61,32766,1.174,8.1,-89,25.065,3.2,11.6
11/23/2021,21:45:00,0,B2,-0.39,50463.3,50402.1,90.3,103.2,6.18,251.3,33.04,50407.8,0.78,32765,1.168,8.1,-89,25.058,3.2,11.6
11/23/2021,22:00:00,0,B2,-0.42,50469.2,50398.4,90.5,103.4,6.19,251.4,33.03,50405,0.62,32763,1.182,8.1,-88.9,25.067,3.2,11.6
11/23/2021,22:15:00,0,B2,-0.4,50470.7,50401.9,90.4,103.3,6.18,251.7,33.04,50408.3,0.74,32765,1.175,8.1,-89,25.065,3.2,11.6
11/23/2021,22:30:00,0,B2,-0.39,50461.6,50403.3,89.9,102.7,6.15,251.4,33.04,50408.8,0.64,32766,1.165,8.09,-88.8,25.055,3.2,11.6
11/23/2021,22:45:00,0,B2,-0.41,50477.1,50401.2,90.2,103.1,6.17,250.7,33.04,50408.3,0.62,32765,1.178,8.1,-88.9,25.071,3.2,11.6
11/23/2021,23:00:00,0,B2,-0.42,50474.6,50399.1,90.1,103,6.17,250.3,33.03,50406.1,0.62,32764,1.181,8.09,-88.8,25.071,3.2,11.6
11/23/2021,23:15:00,0,B2,-0.37,50470.7,50399.8,90,102.8,6.15,249.6,33.03,50406.4,0.7,32764,1.176,8.09,-88.8,25.067,3.2,11.6
11/23/2021,23:30:00,0,B2,-0.41,50474.7,50403.8,89.8,102.5,6.14,249.7,33.04,50410.4,0.57,32767,1.178,8.09,-88.8,25.067,3.2,11.6
11/23/2021,23:45:00,0,B2,-0.42,50465.4,50399.4,89.7,102.5,6.14,249,33.03,50405.5,0.58,32764,1.18,8.09,-88.7,25.062,3.2,11.6
11/24/2021,0:00:00,0,B2,-0.4,50476,50401,89.9,102.7,6.15,249.4,33.04,50408.1,0.62,32765,1.175,8.09,-88.7,25.071,3.2,11.6
11/24/2021,0:15:00,0,B2,-0.39,50472.8,50398.7,89.7,102.5,6.13,250.1,33.03,50405.6,0.63,32764,1.169,8.09,-88.6,25.07,3.2,11.6
11/24/2021,0:30:00,0,B2,-0.41,50473.8,50401.8,89.7,102.5,6.14,250.2,33.04,50408.6,0.57,32766,1.174,8.09,-88.6,25.068,3.2,11.6
11/24/2021,0:45:00,0,B2,-0.41,50481.1,50405,89.6,102.3,6.13,250.2,33.04,50412.1,0.59,32768,1.174,8.09,-88.5,25.072,3.2,11.6
11/24/2021,1:00:00,0,B2,-0.39,50470.1,50395.3,89.3,102,6.11,248.9,33.03,50402.3,0.7,32761,1.171,8.09,-88.6,25.07,3.2,11.6
11/24/2021,1:15:00,0,B2,-0.4,50483.4,50402.4,89.4,102.1,6.12,248.7,33.04,50410,0.61,32766,1.166,8.09,-88.5,25.076,3.2,11.6
11/24/2021,1:30:00,0,B2,-0.42,50483.7,50399.9,89.4,102.2,6.12,249.2,33.04,50407.8,0.57,32765,1.175,8.09,-88.4,25.079,3.2,11.6
11/24/2021,1:45:00,0,B2,-0.4,50485.1,50400.2,89.4,102.1,6.11,248.5,33.04,50408.1,0.7,32765,1.173,8.09,-88.5,25.08,3.2,11.6
11/24/2021,2:00:00,0,B2,-0.4,50494.1,50398.8,89.5,102.2,6.12,249.5,33.04,50407.7,0.63,32765,1.169,8.09,-88.5,25.09,3.2,11.6
11/24/2021,2:15:00,0,B2,-0.4,50492,50400.5,89.3,102.1,6.11,249.7,33.04,50409.1,0.62,32766,1.169,8.09,-88.4,25.086,3.2,11.6
11/24/2021,2:30:00,0,B2,-0.4,50492.7,50401.1,89.3,102.1,6.11,249.2,33.04,50409.7,0.6,32766,1.169,8.09,-88.4,25.086,3.2,11.6
11/24/2021,2:45:00,0,B2,-0.43,50480.5,50399.8,89.2,101.9,6.1,249.1,33.04,50407.4,0.63,32765,1.174,8.09,-88.3,25.076,3.2,11.6
11/24/2021,3:00:00,0,B2,-0.42,50483,50403.6,89,101.7,6.09,249.7,33.04,50411,0.6,32767,1.175,8.08,-88.2,25.075,3.2,11.6
11/24/2021,3:15:00,0,B2,-0.4,50493.8,50403.1,89.2,101.9,6.1,249,33.04,50411.6,0.63,32768,1.179,8.08,-88.3,25.085,3.2,11.6
11/24/2021,3:30:00,0,B2,-0.39,50485.2,50398.6,89.1,101.8,6.09,248.6,33.03,50406.7,0.64,32764,1.174,8.08,-88.2,25.081,3.2,11.6
11/24/2021,3:45:00,0,B2,-0.41,50478.7,50404.1,88.9,101.6,6.08,249.1,33.04,50411.1,0.6,32767,1.173,8.08,-88.2,25.07,3.2,11.6
11/24/2021,4:00:00,0,B2,-0.4,50487.9,50402.3,88.9,101.6,6.08,249,33.04,50410.3,0.64,32767,1.17,8.08,-88.2,25.081,3.2,11.6
11/24/2021,4:15:00,0,B2,-0.43,50494.7,50402.7,89,101.7,6.09,249.6,33.04,50411.3,0.61,32767,1.166,8.08,-88.2,25.087,3.2,11.6
11/24/2021,4:30:00,0,B2,-0.41,50489.9,50402.6,88.9,101.6,6.08,249.9,33.04,50410.8,0.66,32767,1.174,8.08,-88.1,25.082,3.2,11.6
11/24/2021,4:45:00,0,B2,-0.41,50489,50399.5,88.9,101.5,6.08,249.9,33.04,50407.9,0.54,32765,1.172,8.08,-88.1,25.084,3.2,11.6
11/24/2021,5:00:00,0,B2,-0.4,50485.1,50401,88.8,101.5,6.07,250,33.04,50408.8,0.57,32766,1.173,8.08,-88,25.079,3.2,11.6
11/24/2021,5:15:00,0,B2,-0.38,50491.3,50403.8,88.9,101.5,6.08,250.1,33.04,50412,0.67,32768,1.168,8.08,-88,25.082,3.2,11.6
11/24/2021,5:30:00,0,B2,-0.39,50490,50404.9,88.8,101.5,6.07,249.7,33.04,50412.9,0.59,32768,1.174,8.08,-87.9,25.08,3.2,11.6
11/24/2021,5:45:00,0,B2,-0.4,50501.2,50400.1,88.8,101.5,6.07,250,33.04,50409.6,0.64,32766,1.172,8.08,-88,25.095,3.2,11.6
11/24/2021,6:00:00,0,B2,-0.35,50503.4,50403.6,88.7,101.3,6.06,249.5,33.04,50413,0.69,32768,1.172,8.08,-87.9,25.094,3.2,11.6
11/24/2021,6:15:00,0,B2,-0.37,50507.9,50405.6,88.7,101.3,6.06,249.8,33.04,50415.2,0.62,32770,1.17,8.08,-87.9,25.096,3.2,11.6
11/24/2021,6:30:00,0,B2,-0.36,50496.7,50405.5,88.5,101.1,6.05,249.5,33.04,50414.1,0.66,32769,1.169,8.08,-87.8,25.086,3.2,11.6
11/24/2021,6:45:00,0,B2,-0.36,50499.3,50404,88.6,101.2,6.06,249.6,33.04,50413,0.85,32768,1.179,8.08,-87.8,25.09,3.2,11.6
11/24/2021,7:00:00,0,B2,-0.34,50504.2,50406.1,88.6,101.3,6.06,249.1,33.04,50415.2,0.75,32770,1.177,8.08,-87.8,25.093,3.2,11.6
11/24/2021,7:15:00,0,B2,-0.29,50505.8,50405.4,88.7,101.4,6.07,250,33.04,50414.8,0.93,32770,1.175,8.08,-87.7,25.094,3.2,11.6
11/24/2021,7:30:00,0,B2,-0.3,50501,50404.9,88.7,101.3,6.06,249.1,33.04,50413.9,1.04,32769,1.179,8.08,-87.7,25.09,3.2,11.6
11/24/2021,7:45:00,0,B2,-0.26,50500.7,50403.9,88.5,101.2,6.05,249.1,33.04,50413,1.06,32768,1.173,8.07,-87.7,25.091,3.2,11.6
11/24/2021,8:00:00,0,B2,-0.25,50500.5,50405.1,88.7,101.3,6.06,248.5,33.04,50414,1.26,32769,1.165,8.07,-87.6,25.09,3.2,11.6
11/24/2021,8:15:00,0,B2,-0.26,50499.1,50404.9,88.9,101.5,6.08,248.9,33.04,50413.7,1.07,32769,1.164,8.07,-87.6,25.089,3.2,11.6
11/24/2021,8:30:00,0,B2,-0.27,50494.8,50404.7,88.8,101.5,6.08,249.2,33.04,50413.2,1.09,32769,1.165,8.07,-87.7,25.085,3.2,11.6
11/24/2021,8:45:00,0,B2,-0.25,50488.5,50401.9,89.1,101.8,6.09,248.8,33.04,50410,1.22,32767,1.174,8.07,-87.6,25.082,3.2,11.6
11/24/2021,9:00:00,0,B2,-0.26,50486.7,50402.8,89.2,101.9,6.1,249.4,33.04,50410.6,1.19,32767,1.174,8.07,-87.6,25.079,3.2,11.6
11/24/2021,9:15:00,0,B2,-0.31,50484.6,50404.5,89.6,102.4,6.13,250.2,33.04,50412,1.17,32768,1.177,8.08,-87.7,25.075,3.2,11.6
11/24/2021,9:30:00,0,B2,-0.26,50488.1,50402.6,90.3,103.1,6.17,250.8,33.04,50410.6,1.16,32767,1.169,8.08,-87.8,25.08,3.2,11.6
11/24/2021,9:45:00,0,B2,-0.3,50483.4,50402.3,90.4,103.3,6.19,250.6,33.04,50409.9,1.15,32766,1.175,8.08,-87.8,25.076,3.2,11.6
11/24/2021,10:00:00,0,B2,-0.28,50477.1,50403,90.4,103.2,6.18,250.8,33.04,50409.9,1.01,32766,1.179,8.08,-87.8,25.07,3.2,11.6
11/24/2021,10:15:00,0,B2,-0.27,50479.1,50403.6,90.8,103.7,6.21,251.5,33.04,50410.7,1.17,32767,1.171,8.08,-87.9,25.071,3.2,11.6
11/24/2021,10:30:00,0,B2,-0.24,50482.4,50400.8,91.5,104.6,6.26,251.3,33.04,50408.4,1.17,32765,1.167,8.08,-88,25.077,3.2,11.6
11/24/2021,10:45:00,0,B2,-0.31,50480.3,50403,91.5,104.5,6.26,252.4,33.04,50410.2,1.01,32767,1.175,8.08,-88,25.073,3.2,11.6
11/24/2021,11:00:00,0,B2,-0.27,50476.6,50401.9,91.8,104.9,6.28,251.8,33.04,50408.9,1.17,32766,1.174,8.08,-88,25.07,3.2,11.6
11/24/2021,11:15:00,0,B2,-0.32,50479,50399.8,92,105.1,6.29,251.9,33.04,50407.2,1.16,32765,1.177,8.08,-88.2,25.075,3.2,11.6
11/24/2021,11:30:00,0,B2,-0.31,50484.6,50401.5,92.6,105.8,6.33,252.5,33.04,50409.3,1,32766,1.174,8.08,-88.2,25.078,3.2,11.6
11/24/2021,11:45:00,0,B2,-0.31,50486.4,50402.4,92.9,106.2,6.36,252.3,33.04,50410.2,1.12,32767,1.182,8.09,-88.4,25.079,3.2,11.6
11/24/2021,12:00:00,0,B2,-0.24,50485.3,50402.1,92.8,106,6.35,252.2,33.04,50409.8,1.08,32766,1.174,8.09,-88.4,25.078,3.2,11.6
11/24/2021,12:15:00,0,B2,-0.31,50488.2,50398.4,93.7,107,6.41,252.9,33.03,50406.8,1.04,32764,1.169,8.09,-88.5,25.085,3.2,11.6
11/24/2021,12:30:00,0,B2,-0.31,50487.2,50399,93.4,106.7,6.39,252.8,33.03,50407.2,1.08,32765,1.172,8.09,-88.5,25.083,3.2,11.6
11/24/2021,12:45:00,0,B2,-0.28,50490.9,50397.7,94,107.4,6.43,253.1,33.03,50406.4,1.09,32764,1.176,8.09,-88.7,25.088,3.2,11.6
11/24/2021,13:00:00,0,B2,-0.33,50492.4,50398.4,94.2,107.6,6.44,252.8,33.03,50407.2,1,32765,1.179,8.09,-88.7,25.088,3.2,11.6
11/24/2021,13:15:00,0,B2,-0.32,50489.3,50399.8,94.1,107.5,6.44,253.1,33.04,50408.2,0.93,32765,1.173,8.09,-88.7,25.084,3.2,11.6
11/24/2021,13:30:00,0,B2,-0.33,50486.2,50396.6,94,107.4,6.43,253.3,33.03,50405,0.89,32763,1.174,8.09,-88.8,25.084,3.2,11.6
11/24/2021,13:45:00,0,B2,-0.34,50488.7,50397.7,94.4,107.9,6.46,253.8,33.03,50406.2,0.94,32764,1.174,8.09,-88.8,25.086,3.2,11.6
11/24/2021,14:00:00,0,B2,-0.34,50486.1,50398.6,94.2,107.6,6.44,252.6,33.03,50406.8,0.87,32764,1.172,8.1,-88.9,25.082,3.2,11.6
11/24/2021,14:15:00,0,B2,-0.32,50481.9,50400.7,94.3,107.7,6.45,252.6,33.04,50408.3,0.86,32765,1.171,8.1,-89,25.077,3.2,11.6
11/24/2021,14:30:00,0,B2,-0.29,50477.8,50399.4,94.4,107.8,6.46,253.1,33.03,50406.7,0.94,32764,1.165,8.1,-89,25.074,3.2,11.6
11/24/2021,14:45:00,0,B2,-0.36,50474.8,50401.3,94.3,107.8,6.45,252.9,33.04,50408.1,0.93,32765,1.174,8.1,-89.1,25.069,3.2,11.6
11/24/2021,15:00:00,0,B2,-0.37,50470.6,50400.6,94.3,107.8,6.45,253.1,33.04,50407.2,0.87,32765,1.173,8.1,-89.1,25.066,3.2,11.6
11/24/2021,15:15:00,0,B2,-0.35,50466.1,50399.4,94.3,107.8,6.45,252.5,33.03,50405.6,0.94,32764,1.176,8.1,-89.2,25.063,3.2,11.6
11/24/2021,15:30:00,0,B2,-0.33,50461.4,50401.6,94.5,108,6.47,253.2,33.04,50407.2,0.91,32765,1.173,8.1,-89.2,25.056,3.2,11.6
11/24/2021,15:45:00,0,B2,-0.37,50464,50403.9,94.3,107.7,6.45,252.7,33.04,50409.5,0.86,32766,1.17,8.1,-89.3,25.057,3.2,11.6
11/24/2021,16:00:00,0,B2,-0.36,50468.1,50405.8,94.3,107.7,6.45,253.5,33.04,50411.7,0.85,32768,1.178,8.1,-89.3,25.059,3.2,11.6
11/24/2021,16:15:00,0,B2,-0.36,50458.8,50399.3,94.2,107.6,6.45,253.2,33.03,50404.8,0.8,32763,1.177,8.1,-89.4,25.056,3.2,11.6
11/24/2021,16:30:00,0,B2,-0.39,50459.2,50402.2,94.1,107.5,6.44,253.3,33.04,50407.5,0.82,32765,1.181,8.1,-89.3,25.054,3.2,11.6
11/24/2021,16:45:00,0,B2,-0.35,50468.4,50399.6,93.9,107.3,6.43,252.2,33.03,50406,0.8,32764,1.184,8.1,-89.4,25.065,3.2,11.6
11/24/2021,17:00:00,0,B2,-0.37,50478.7,50401,93.9,107.3,6.42,252.2,33.04,50408.3,0.72,32765,1.181,8.1,-89.3,25.073,3.2,11.6
11/24/2021,17:15:00,0,B2,-0.39,50477.1,50402.9,93.7,107,6.41,252.1,33.04,50409.9,0.71,32766,1.183,8.1,-89.4,25.07,3.2,11.6
11/24/2021,17:30:00,0,B2,-0.35,50478.7,50400.6,93.5,106.9,6.4,252,33.04,50408,0.83,32765,1.174,8.1,-89.3,25.074,3.2,11.6
11/24/2021,17:45:00,0,B2,-0.35,50481.1,50406.4,93.3,106.6,6.38,251.8,33.04,50413.4,0.72,32769,1.165,8.1,-89.3,25.07,3.2,11.6
11/24/2021,18:00:00,0,B2,-0.4,50487.1,50401.2,93.2,106.5,6.37,251.7,33.04,50409.2,0.7,32766,1.182,8.1,-89.3,25.081,3.2,11.6
11/24/2021,18:15:00,0,B2,-0.39,50478.4,50401.3,92.9,106.1,6.35,250.2,33.04,50408.5,0.72,32766,1.182,8.1,-89.2,25.073,3.2,11.6
11/24/2021,18:30:00,0,B2,-0.38,50478,50399.7,92.7,105.9,6.34,250.4,33.03,50407,0.77,32765,1.18,8.1,-89.2,25.074,3.2,11.6
11/24/2021,18:45:00,0,B2,-0.4,50479.3,50405,92.5,105.7,6.33,250.8,33.04,50412,0.69,32768,1.175,8.1,-89.2,25.07,3.2,11.6
11/24/2021,19:00:00,0,B2,-0.4,50483.2,50402.4,92.5,105.7,6.33,250.7,33.04,50409.9,0.57,32766,1.178,8.1,-89.2,25.076,3.2,11.6
11/24/2021,19:15:00,0,B2,-0.38,50477.3,50405.4,92.3,105.4,6.31,250.6,33.04,50412.1,0.64,32768,1.173,8.1,-89.2,25.068,3.2,11.6
11/24/2021,19:30:00,0,B2,-0.38,50483.8,50403.2,92.1,105.2,6.3,248.9,33.04,50410.7,0.67,32767,1.169,8.1,-89.1,25.076,3.2,11.6
11/24/2021,19:45:00,0,B2,-0.42,50486.7,50403,92.1,105.2,6.3,249.8,33.04,50410.8,0.62,32767,1.174,8.1,-89,25.079,3.2,11.6
11/24/2021,20:00:00,0,B2,-0.39,50474.5,50405.3,91.7,104.7,6.27,249,33.04,50411.8,0.73,32768,1.183,8.1,-89.1,25.065,3.2,11.6
11/24/2021,20:15:00,0,B2,-0.4,50479.9,50403.9,91.7,104.8,6.28,250.4,33.04,50411,0.69,32767,1.169,8.1,-89.1,25.072,3.2,11.6
11/24/2021,20:30:00,0,B2,-0.38,50478.6,50403.7,91.6,104.7,6.27,250.4,33.04,50410.7,0.63,32767,1.166,8.1,-89,25.07,3.2,11.6
11/24/2021,20:45:00,0,B2,-0.41,50483.9,50406.7,91.5,104.6,6.26,250.8,33.04,50413.9,0.55,32769,1.184,8.1,-89,25.073,3.2,11.6
11/24/2021,21:00:00,0,B2,-0.4,50485.5,50402.3,91.3,104.3,6.24,250.4,33.04,50410.1,0.66,32767,1.178,8.1,-88.9,25.078,3.2,11.6
11/24/2021,21:15:00,0,B2,-0.4,50470.6,50398.8,90.8,103.8,6.21,250.2,33.03,50405.5,0.66,32764,1.176,8.09,-88.8,25.068,3.2,11.6
11/24/2021,21:30:00,0,B2,-0.39,50481.1,50402.2,90.9,103.9,6.22,249.6,33.04,50409.6,0.65,32766,1.169,8.09,-88.9,25.074,3.2,11.6
11/24/2021,21:45:00,0,B2,-0.41,50480.5,50403.3,90.9,103.9,6.22,249.5,33.04,50410.6,0.63,32767,1.168,8.09,-88.9,25.073,3.2,11.6
11/24/2021,22:00:00,0,B2,-0.42,50485.1,50399.8,90.8,103.8,6.21,249.9,33.04,50407.8,0.66,32765,1.181,8.09,-88.8,25.08,3.2,11.6
11/24/2021,22:15:00,0,B2,-0.42,50483.3,50402,90.6,103.5,6.2,249.6,33.04,50409.6,0.6,32766,1.184,8.09,-88.8,25.076,3.2,11.6
11/24/2021,22:30:00,0,B2,-0.4,50481.5,50402.3,90.6,103.5,6.19,249.8,33.04,50409.7,0.55,32766,1.181,8.09,-88.7,25.075,3.2,11.6
11/24/2021,22:45:00,0,B2,-0.42,50494,50401.9,90.5,103.5,6.19,249.5,33.04,50410.5,0.68,32767,1.175,8.09,-88.7,25.087,3.2,11.6
11/24/2021,23:00:00,0,B2,-0.39,50480.3,50401.9,90.6,103.5,6.19,248.5,33.04,50409.2,0.65,32766,1.167,8.09,-88.7,25.074,3.2,11.6
11/24/2021,23:15:00,0,B2,-0.39,50488.2,50401.1,90.4,103.3,6.18,249,33.04,50409.2,0.6,32766,1.165,8.09,-88.7,25.082,3.2,11.6
11/24/2021,23:30:00,0,B2,-0.42,50491.2,50404.3,90.3,103.2,6.17,250,33.04,50412.5,0.6,32768,1.182,8.09,-88.4,25.082,3.2,11.6
11/24/2021,23:45:00,0,B2,-0.39,50484.1,50401.7,90.3,103.1,6.17,248.6,33.04,50409.4,0.57,32766,1.18,8.09,-88.6,25.078,3.2,11.6
11/25/2021,0:00:00,0,B2,-0.39,50497,50406.3,90.1,103,6.16,249,33.04,50414.8,0.52,32770,1.18,8.09,-88.5,25.085,3.2,11.6
11/25/2021,0:15:00,0,B2,-0.42,50486.1,50404.8,89.9,102.7,6.15,248.5,33.04,50412.4,0.65,32768,1.177,8.09,-88.5,25.077,3.2,11.6
11/25/2021,0:30:00,0,B2,-0.39,50475.9,50402.5,89.9,102.7,6.15,248.9,33.04,50409.4,0.61,32766,1.166,8.09,-88.5,25.069,3.2,11.6
11/25/2021,0:45:00,0,B2,-0.38,50487,50401.8,89.9,102.7,6.15,249.3,33.04,50409.7,0.55,32766,1.165,8.09,-88.3,25.08,3.2,11.6
11/25/2021,1:00:00,0,B2,-0.4,50495,50402.9,90,102.8,6.15,248.7,33.04,50411.6,0.67,32768,1.169,8.09,-88.4,25.087,3.2,11.6
11/25/2021,1:15:00,0,B2,-0.39,50488.9,50406.1,89.9,102.7,6.15,248.6,33.04,50413.9,0.55,32769,1.172,8.09,-88.4,25.078,3.2,11.6
11/25/2021,1:30:00,0,B2,-0.38,50484.1,50408.2,89.9,102.7,6.15,249.3,33.04,50415.3,0.59,32770,1.169,8.09,-88.4,25.071,3.2,11.6
11/25/2021,1:45:00,0,B2,-0.42,50482.2,50403.1,89.8,102.6,6.14,248,33.04,50410.5,0.58,32767,1.175,8.09,-88.3,25.075,3.2,11.6
11/25/2021,2:00:00,0,B2,-0.41,50483.7,50405.6,89.8,102.6,6.14,248.8,33.04,50412.9,0.56,32768,1.18,8.09,-88.3,25.074,3.2,11.6
11/25/2021,2:15:00,0,B2,-0.41,50493.8,50402.4,89.7,102.5,6.14,249.2,33.04,50411,0.6,32767,1.174,8.08,-88.3,25.086,3.2,11.6
11/25/2021,2:30:00,0,B2,-0.41,50481.2,50405.5,89.6,102.3,6.13,248.7,33.04,50412.6,0.55,32768,1.175,8.08,-88.2,25.071,3.2,11.6
11/25/2021,2:45:00,0,B2,-0.42,50501.4,50405.7,89.7,102.4,6.13,248.8,33.04,50414.7,0.55,32770,1.174,8.08,-88.1,25.09,3.2,11.6
11/25/2021,3:00:00,0,B2,-0.41,50487.6,50405.1,89.4,102.1,6.11,247.2,33.04,50412.8,0.63,32768,1.172,8.08,-88.1,25.078,3.2,11.6
11/25/2021,3:15:00,0,B2,-0.39,50492.2,50402.1,89.5,102.3,6.12,248.3,33.04,50410.6,0.65,32767,1.168,8.08,-88.1,25.085,3.2,11.6
11/25/2021,3:30:00,0,B2,-0.41,50488.2,50406,89.4,102.2,6.12,247.9,33.04,50413.7,0.62,32769,1.173,8.08,-88.1,25.077,3.2,11.6
11/25/2021,3:45:00,0,B2,-0.38,50478.1,50398.7,89.2,101.9,6.1,247.9,33.03,50406.1,0.58,32764,1.174,8.08,-88.1,25.075,3.2,11.6
11/25/2021,4:00:00,0,B2,-0.42,50482.5,50407.5,89.2,101.9,6.1,248.4,33.04,50414.5,0.56,32769,1.173,8.08,-88,25.071,3.2,11.6
11/25/2021,4:15:00,0,B2,-0.42,50499.3,50408.8,89.1,101.8,6.09,248.2,33.04,50417.3,0.55,32771,1.183,8.08,-88,25.085,3.2,11.6
11/25/2021,4:30:00,0,B2,-0.4,50486.6,50401,89.2,101.9,6.1,248.4,33.04,50409,0.59,32766,1.178,8.08,-87.9,25.081,3.2,11.6
11/25/2021,4:45:00,0,B2,-0.4,50488.1,50401.7,89.1,101.8,6.1,248.5,33.04,50409.8,0.58,32766,1.18,8.08,-87.9,25.081,3.2,11.6
11/25/2021,5:00:00,0,B2,-0.43,50494.4,50398.1,89.2,101.9,6.1,248.5,33.03,50407.1,0.5,32765,1.182,8.08,-87.9,25.091,3.2,11.6
11/25/2021,5:15:00,0,B2,-0.41,50495.4,50402.7,89.2,101.9,6.1,248,33.04,50411.4,0.54,32767,1.182,8.08,-87.8,25.087,3.2,11.6
11/25/2021,5:30:00,0,B2,-0.4,50497.1,50404.1,89,101.7,6.08,247.2,33.04,50412.8,0.6,32768,1.177,8.08,-87.7,25.088,3.2,11.6
11/25/2021,5:45:00,0,B2,-0.41,50514.1,50400.1,89.1,101.8,6.09,248,33.04,50410.7,0.52,32767,1.179,8.08,-87.7,25.107,3.2,11.6
11/25/2021,6:00:00,0,B2,-0.4,50509,50406,89,101.7,6.09,247.2,33.04,50415.6,0.58,32770,1.175,8.08,-87.8,25.097,3.2,11.6
11/25/2021,6:15:00,0,B2,-0.36,50507.1,50407.3,89.1,101.8,6.09,246.6,33.04,50416.7,0.67,32771,1.172,8.07,-87.7,25.094,3.2,11.6
11/25/2021,6:30:00,0,B2,-0.35,50506.9,50402.5,89.1,101.7,6.09,246.4,33.04,50412.3,0.76,32768,1.166,8.07,-87.7,25.098,3.2,11.6
11/25/2021,6:45:00,0,B2,-0.37,50495.6,50403.8,89,101.6,6.08,247.2,33.04,50412.4,0.63,32768,1.178,8.07,-87.6,25.086,3.2,11.6
11/25/2021,7:00:00,0,B2,-0.37,50510,50396.5,89.1,101.8,6.09,246.9,33.03,50407.1,0.76,32765,1.184,8.07,-87.6,25.107,3.2,11.6
11/25/2021,7:15:00,0,B2,-0.3,50514.2,50406,89,101.7,6.08,248,33.04,50416.1,0.99,32770,1.173,8.07,-87.5,25.102,3.2,11.6
11/25/2021,7:30:00,0,B2,-0.28,50512.1,50406.8,88.9,101.6,6.08,247.6,33.04,50416.6,1,32771,1.167,8.07,-87.4,25.099,3.2,11.6
11/25/2021,7:45:00,0,B2,-0.24,50529.1,50403,89.1,101.8,6.09,247.2,33.04,50414.8,1.12,32770,1.17,8.07,-87.5,25.119,3.2,11.6
11/25/2021,8:00:00,0,B2,-0.25,50524,50404.7,89,101.7,6.09,247.6,33.04,50415.9,1.17,32770,1.165,8.07,-87.4,25.112,3.2,11.6
11/25/2021,8:15:00,0,B2,-0.26,50518.9,50407.6,89,101.7,6.09,247.5,33.04,50418,1.19,32772,1.182,8.07,-87.5,25.105,3.2,11.6
11/25/2021,8:30:00,0,B2,-0.25,50533.3,50407.4,89.3,102,6.1,247.9,33.04,50419.2,1.23,32772,1.178,8.07,-87.5,25.118,3.2,11.6
11/25/2021,8:45:00,0,B2,-0.24,50531.3,50407.8,89.6,102.3,6.12,248.8,33.04,50419.4,1.21,32773,1.173,8.07,-87.5,25.116,3.2,11.6
11/25/2021,9:00:00,0,B2,-0.23,50526.6,50409.6,89.8,102.6,6.14,248.7,33.04,50420.5,1.14,32773,1.165,8.07,-87.4,25.11,3.2,11.6
11/25/2021,9:15:00,0,B2,-0.22,50525.3,50408.6,90.1,103,6.16,249.2,33.04,50419.6,1.11,32773,1.168,8.07,-87.5,25.11,3.2,11.6
11/25/2021,9:30:00,0,B2,-0.29,50518.2,50408.2,90.7,103.7,6.2,248.8,33.04,50418.5,1.03,32772,1.174,8.07,-87.7,25.104,3.2,11.6
11/25/2021,9:45:00,0,B2,-0.27,50522.9,50411.7,91.1,104,6.23,249.6,33.05,50422.1,1.07,32774,1.168,8.07,-87.7,25.105,3.2,11.6
11/25/2021,10:00:00,0,B2,-0.26,50515.2,50407.4,91.2,104.2,6.24,249.4,33.04,50417.5,1.21,32771,1.169,8.08,-87.8,25.102,3.2,11.6
11/25/2021,10:15:00,0,B2,-0.29,50512.5,50406.2,91.9,105,6.28,248.5,33.04,50416.1,1.1,32770,1.171,8.08,-87.9,25.1,3.2,11.6
11/25/2021,10:30:00,0,B2,-0.27,50506,50406.8,92.5,105.7,6.33,248.9,33.04,50416.1,1.07,32770,1.173,8.08,-88,25.093,3.2,11.6
11/25/2021,10:45:00,0,B2,-0.22,50508.5,50409.3,92.6,105.8,6.33,248.6,33.04,50418.6,1.08,32772,1.176,8.08,-88,25.093,3.2,11.6
11/25/2021,11:00:00,0,B2,-0.29,50506.1,50405.6,92.9,106.2,6.35,249.6,33.04,50415,1.07,32770,1.179,8.08,-88.1,25.094,3.2,11.6
11/25/2021,11:15:00,0,B2,-0.27,50508.9,50406.4,93.4,106.7,6.38,250.1,33.04,50416,1.17,32770,1.165,8.08,-88.2,25.096,3.2,11.6
11/25/2021,11:30:00,0,B2,-0.28,50510.3,50407.3,93.6,107,6.4,250.7,33.04,50416.9,1.14,32771,1.166,8.08,-88.2,25.097,3.2,11.6
11/25/2021,11:45:00,0,B2,-0.34,50509.7,50407.1,94,107.4,6.42,250.7,33.04,50416.7,0.99,32771,1.182,8.09,-88.5,25.097,3.2,11.6
11/25/2021,12:00:00,0,B2,-0.33,50506.8,50405.5,94,107.4,6.43,251.3,33.04,50415,0.97,32770,1.176,8.09,-88.5,25.095,3.2,11.6
11/25/2021,12:15:00,0,B2,-0.29,50509.7,50404.8,94.3,107.7,6.45,251.2,33.04,50414.6,1.13,32770,1.165,8.09,-88.6,25.099,3.2,11.6
11/25/2021,12:30:00,0,B2,-0.29,50507.2,50402.5,94.8,108.3,6.48,251.4,33.04,50412.3,1.09,32768,1.181,8.09,-88.7,25.099,3.2,11.6
11/25/2021,12:45:00,0,B2,-0.32,50507.5,50403.5,94.9,108.4,6.49,250.3,33.04,50413.2,1.03,32769,1.184,8.09,-88.8,25.098,3.2,11.6
11/25/2021,13:00:00,0,B2,-0.29,50505.7,50403.8,94.7,108.1,6.47,251.3,33.04,50413.3,1.08,32769,1.176,8.09,-88.8,25.096,3.2,11.6
11/25/2021,13:15:00,0,B2,-0.33,50506.6,50399,95.6,109.2,6.54,251.9,33.04,50409.1,1,32766,1.173,8.1,-89,25.101,3.2,11.6
11/25/2021,13:30:00,0,B2,-0.34,50502.3,50400.8,95.1,108.7,6.5,252,33.04,50410.3,0.91,32767,1.179,8.09,-88.9,25.096,3.2,11.6
11/25/2021,13:45:00,0,B2,-0.31,50499.9,50401.7,95.1,108.6,6.5,251.8,33.04,50410.9,0.95,32767,1.173,8.1,-88.9,25.092,3.2,11.6
11/25/2021,14:00:00,0,B2,-0.33,50496.4,50400.3,95.3,108.8,6.51,251.2,33.04,50409.3,0.93,32766,1.174,8.1,-89.1,25.091,3.2,11.6
11/25/2021,14:15:00,0,B2,-0.36,50490.8,50400.2,95.3,108.9,6.52,251.9,33.04,50408.6,0.76,32766,1.174,8.1,-89.1,25.085,3.2,11.6
11/25/2021,14:30:00,0,B2,-0.31,50489.2,50401.4,95.4,109,6.52,252,33.04,50409.6,1.02,32766,1.173,8.1,-89.2,25.083,3.2,11.6
11/25/2021,14:45:00,0,B2,-0.33,50484.5,50399.2,95.4,109,6.52,252.3,33.03,50407.2,0.9,32765,1.167,8.1,-89.2,25.08,3.2,11.6
11/25/2021,15:00:00,0,B2,-0.3,50480.8,50400.4,95.5,109.1,6.53,252.3,33.04,50408,1,32765,1.165,8.1,-89.3,25.076,3.2,11.6
11/25/2021,15:15:00,0,B2,-0.38,50478.2,50399.7,95.3,108.9,6.52,252,33.03,50407.1,0.82,32765,1.174,8.1,-89.3,25.074,3.2,11.6
11/25/2021,15:30:00,0,B2,-0.36,50473.7,50405,95.5,109.1,6.53,252.5,33.04,50411.4,0.82,32767,1.184,8.1,-89.5,25.065,3.2,11.6
11/25/2021,15:45:00,0,B2,-0.35,50469.5,50401.2,95.2,108.8,6.52,252.3,33.04,50407.6,0.85,32765,1.175,8.1,-89.3,25.064,3.2,11.6
11/25/2021,16:00:00,0,B2,-0.33,50463.5,50404,95.1,108.6,6.51,252.1,33.04,50409.6,0.83,32766,1.17,8.1,-89.4,25.056,3.2,11.6
11/25/2021,16:15:00,0,B2,-0.38,50468.6,50403,95.1,108.6,6.5,252.3,33.04,50409.1,0.71,32766,1.179,8.1,-89.4,25.062,3.2,11.6
11/25/2021,16:30:00,0,B2,-0.34,50467.5,50402.8,94.9,108.4,6.49,251.5,33.04,50408.9,0.8,32766,1.177,8.1,-89.5,25.061,3.2,11.6
11/25/2021,16:45:00,0,B2,-0.35,50472.4,50400.8,94.7,108.2,6.48,251.2,33.04,50407.5,0.76,32765,1.169,8.1,-89.4,25.067,3.2,11.6
11/25/2021,17:00:00,0,B2,-0.37,50463.8,50401.5,94.7,108.2,6.48,251.2,33.04,50407.3,0.78,32765,1.18,8.1,-89.4,25.059,3.2,11.6
11/25/2021,17:15:00,0,B2,-0.37,50474.1,50402.5,94.5,108,6.46,250.7,33.04,50409.2,0.79,32766,1.172,8.1,-89.4,25.067,3.2,11.6
11/25/2021,17:30:00,0,B2,-0.38,50482.9,50401.1,94.3,107.8,6.45,249.3,33.04,50408.7,0.78,32766,1.174,8.1,-89.4,25.077,3.2,11.6
11/25/2021,17:45:00,0,B2,-0.36,50484.9,50402.7,94.1,107.5,6.44,250.6,33.04,50410.4,0.78,32767,1.173,8.1,-89.3,25.077,3.2,11.6
11/25/2021,18:00:00,0,B2,-0.33,50487.6,50403.4,94,107.4,6.43,249.2,33.04,50411.3,0.92,32767,1.166,8.1,-89.4,25.079,3.2,11.6
11/25/2021,18:15:00,0,B2,-0.37,50475.1,50403,93.7,107.1,6.41,249.3,33.04,50409.8,0.77,32766,1.169,8.1,-89.3,25.068,3.2,11.6
11/25/2021,18:30:00,0,B2,-0.38,50491.3,50408,93.4,106.7,6.39,250.1,33.04,50415.8,0.82,32770,1.182,8.1,-89.3,25.078,3.2,11.6
11/25/2021,18:45:00,0,B2,-0.4,50492.2,50406.5,93.4,106.8,6.39,250.3,33.04,50414.5,0.67,32769,1.183,8.1,-89.3,25.081,3.2,11.6
11/25/2021,19:00:00,0,B2,-0.38,50480.6,50406.4,93.1,106.3,6.37,249.7,33.04,50413.3,0.73,32769,1.179,8.1,-89.2,25.07,3.2,11.6
11/25/2021,19:15:00,0,B2,-0.38,50485.8,50406.2,93.1,106.3,6.36,250.1,33.04,50413.6,0.71,32769,1.169,8.1,-89.2,25.075,3.2,11.6
11/25/2021,19:30:00,0,B2,-0.38,50485.7,50400.9,92.8,106,6.35,249.8,33.04,50408.8,0.65,32766,1.174,8.1,-89.2,25.08,3.2,11.6
11/25/2021,19:45:00,0,B2,-0.39,50500.1,50407.7,92.7,105.9,6.34,249.5,33.04,50416.3,0.61,32771,1.177,8.1,-89.2,25.087,3.2,11.6
11/25/2021,20:00:00,0,B2,-0.35,50488.1,50403.3,92.4,105.6,6.32,248.7,33.04,50411.2,0.69,32767,1.165,8.1,-89.1,25.08,3.2,11.6
11/25/2021,20:15:00,0,B2,-0.38,50490.1,50407.8,92.4,105.5,6.32,249.6,33.04,50415.5,0.7,32770,1.165,8.1,-89.1,25.077,3.2,11.6
11/25/2021,20:30:00,0,B2,-0.39,50488.2,50408.1,92.2,105.3,6.3,249,33.04,50415.6,0.68,32770,1.174,8.1,-89,25.075,3.2,11.6
11/25/2021,20:45:00,0,B2,-0.4,50477.6,50406.5,91.9,105.1,6.29,248.8,33.04,50413.2,0.72,32769,1.174,8.1,-89,25.067,3.2,11.6
11/25/2021,21:00:00,0,B2,-0.38,50498.6,50409.3,91.9,105,6.29,248,33.04,50417.6,0.64,32771,1.172,8.1,-89,25.084,3.2,11.6
11/25/2021,21:15:00,0,B2,-0.36,50493.7,50405.4,91.8,104.9,6.28,248.7,33.04,50413.6,0.66,32769,1.166,8.1,-89,25.083,3.2,11.6
11/25/2021,21:30:00,0,B2,-0.38,50496.1,50406.4,91.6,104.6,6.26,248.3,33.04,50414.8,0.7,32770,1.168,8.1,-88.9,25.084,3.2,11.6
11/25/2021,21:45:00,0,B2,-0.38,50500,50406.9,91.5,104.6,6.26,248.4,33.04,50415.6,0.68,32770,1.167,8.1,-88.9,25.088,3.2,11.6
11/25/2021,22:00:00,0,B2,-0.38,50501.3,50403.6,91.3,104.3,6.24,249,33.04,50412.8,0.7,32768,1.165,8.09,-88.8,25.092,3.2,11.6
11/25/2021,22:15:00,0,B2,-0.41,50493.7,50406.3,91.2,104.2,6.24,248.5,33.04,50414.5,0.6,32769,1.175,8.09,-88.8,25.082,3.2,11.6
11/25/2021,22:30:00,0,B2,-0.41,50491.8,50406.6,91,104,6.23,248.8,33.04,50414.6,0.65,32769,1.178,8.09,-88.8,25.08,3.2,11.6
11/25/2021,22:45:00,0,B2,-0.36,50503.1,50412.3,91,103.9,6.22,248.7,33.04,50420.8,0.64,32774,1.165,8.09,-88.7,25.085,3.2,11.6
11/25/2021,23:00:00,0,B2,-0.4,50500.9,50411.5,90.8,103.8,6.21,248.5,33.04,50419.8,0.61,32773,1.172,8.09,-88.7,25.084,3.2,11.6
11/25/2021,23:15:00,0,B2,-0.4,50492.6,50405.7,90.9,103.8,6.22,248.8,33.04,50413.8,0.62,32769,1.174,8.09,-88.7,25.082,3.2,11.6
11/25/2021,23:30:00,0,B2,-0.38,50499.6,50420.8,90.5,103.4,6.19,249.2,33.05,50428.1,0.64,32778,1.165,8.09,-88.6,25.074,3.2,11.6
11/25/2021,23:45:00,0,B2,-0.41,50504.9,50411.1,90.8,103.7,6.21,248.9,33.04,50419.9,0.59,32773,1.169,8.09,-88.7,25.088,3.2,11.6
11/26/2021,0:00:00,0,B2,-0.39,50502.6,50416.8,90.5,103.4,6.19,249.2,33.05,50424.9,0.71,32776,1.179,8.09,-88.6,25.081,3.2,11.6
11/26/2021,0:15:00,0,B2,-0.39,50502.1,50408.3,90.5,103.4,6.19,249.2,33.04,50417.1,0.61,32771,1.174,8.09,-88.6,25.088,3.2,11.6
11/26/2021,0:30:00,0,B2,-0.39,50501.7,50409.7,90.4,103.3,6.18,249.4,33.04,50418.3,0.6,32772,1.178,8.09,-88.5,25.087,3.2,11.6
11/26/2021,0:45:00,0,B2,-0.42,50518.6,50410.1,90.5,103.4,6.19,248.7,33.04,50420.3,0.62,32773,1.182,8.09,-88.5,25.102,3.2,11.6
11/26/2021,1:00:00,0,B2,-0.39,50504.5,50412,90.2,103,6.17,249.5,33.04,50420.6,0.64,32773,1.176,8.09,-88.5,25.087,3.2,11.6
11/26/2021,1:15:00,0,B2,-0.38,50517.1,50413.2,90.3,103.2,6.18,249.5,33.05,50423,0.7,32775,1.172,8.09,-88.4,25.098,3.2,11.6
11/26/2021,1:30:00,0,B2,-0.41,50508.2,50416.2,90,102.8,6.15,248.7,33.05,50424.8,0.6,32776,1.179,8.09,-88.4,25.087,3.2,11.6
11/26/2021,1:45:00,0,B2,-0.41,50498.1,50416.5,89.7,102.5,6.14,248.7,33.05,50424.1,0.58,32776,1.178,8.09,-88.3,25.077,3.2,11.6
11/26/2021,2:00:00,0,B2,-0.4,50497.3,50411.5,90,102.8,6.15,248.5,33.04,50419.5,0.63,32773,1.182,8.09,-88.3,25.081,3.2,11.6
11/26/2021,2:15:00,0,B2,-0.41,50505.7,50414.5,89.8,102.6,6.14,247.8,33.05,50423.1,0.62,32775,1.181,8.09,-88.4,25.086,3.2,11.6
11/26/2021,2:30:00,0,B2,-0.41,50510.1,50418.4,89.8,102.6,6.14,248.2,33.05,50427,0.58,32778,1.178,8.08,-88.3,25.086,3.2,11.6
11/26/2021,2:45:00,0,B2,-0.4,50494.5,50411.9,89.7,102.5,6.13,248.7,33.04,50419.6,0.65,32773,1.177,8.08,-88.2,25.078,3.2,11.6
11/26/2021,3:00:00,0,B2,-0.4,50494.5,50415.4,89.5,102.2,6.12,249,33.05,50422.8,0.66,32775,1.178,8.08,-88.2,25.074,3.2,11.6
11/26/2021,3:15:00,0,B2,-0.4,50506,50416,89.5,102.3,6.12,248.2,33.05,50424.5,0.65,32776,1.178,8.08,-88.1,25.085,3.2,11.6
11/26/2021,3:30:00,0,B2,-0.39,50508.2,50413,89.7,102.4,6.13,248.3,33.05,50421.9,0.61,32774,1.173,8.08,-88.2,25.09,3.2,11.6
11/26/2021,3:45:00,0,B2,-0.37,50509.3,50410.8,89.5,102.2,6.12,247.9,33.04,50420,0.72,32773,1.167,8.08,-88.1,25.093,3.2,11.6
11/26/2021,4:00:00,0,B2,-0.38,50490.8,50399.8,89.6,102.3,6.13,247.6,33.04,50408.3,0.67,32765,1.165,8.08,-88,25.086,3.2,11.6
11/26/2021,4:15:00,0,B2,-0.39,50503.7,50413.2,89.2,101.9,6.1,246.6,33.05,50421.7,0.63,32774,1.171,8.08,-88.1,25.085,3.2,11.6
11/26/2021,4:30:00,0,B2,-0.41,50511.2,50412.8,89.4,102.2,6.12,247.8,33.05,50422,0.62,32774,1.182,8.08,-88.1,25.093,3.2,11.6
11/26/2021,4:45:00,0,B2,-0.42,50523.7,50415.2,89.6,102.4,6.13,249,33.05,50425.4,0.62,32776,1.183,8.08,-88,25.102,3.2,11.6
11/26/2021,5:00:00,0,B2,-0.41,50525.3,50419.3,89.4,102.2,6.11,248.5,33.05,50429.2,0.6,32779,1.175,8.08,-88,25.1,3.2,11.6
11/26/2021,5:15:00,0,B2,-0.4,50516.7,50419.3,89.4,102.1,6.11,248.4,33.05,50428.4,0.62,32778,1.177,8.08,-87.9,25.092,3.2,11.6
11/26/2021,5:30:00,0,B2,-0.37,50505.9,50407.4,89.3,102.1,6.11,248.5,33.04,50416.6,0.62,32771,1.165,8.08,-88,25.093,3.2,11.6
11/26/2021,5:45:00,0,B2,-0.38,50513.9,50416.6,89.1,101.8,6.09,248.9,33.05,50425.7,0.61,32777,1.173,8.08,-87.8,25.092,3.2,11.6
11/26/2021,6:00:00,0,B2,-0.38,50517.9,50422,89.1,101.8,6.09,247.7,33.05,50431,0.67,32780,1.171,8.08,-87.8,25.09,3.2,11.6
11/26/2021,6:15:00,0,B2,-0.35,50519.3,50415.5,89.1,101.8,6.09,247.2,33.05,50425.2,0.65,32776,1.167,8.08,-87.8,25.098,3.2,11.6
11/26/2021,6:30:00,0,B2,-0.36,50519.2,50417.8,89.1,101.8,6.09,248.1,33.05,50427.3,0.7,32778,1.168,8.08,-87.8,25.095,3.2,11.6
11/26/2021,6:45:00,0,B2,-0.36,50522.1,50414.8,89.3,102,6.1,247.8,33.05,50424.9,0.72,32776,1.179,8.08,-87.8,25.101,3.2,11.6
11/26/2021,7:00:00,0,B2,-0.33,50531.8,50415.8,89.2,101.9,6.1,248.6,33.05,50426.7,0.89,32777,1.183,8.08,-87.7,25.109,3.2,11.6
11/26/2021,7:15:00,0,B2,-0.3,50512.8,50413.8,88.9,101.5,6.08,248.5,33.05,50423,0.96,32775,1.178,8.07,-87.6,25.093,3.2,11.6
11/26/2021,7:30:00,0,B2,-0.31,50527.5,50417.6,89.2,101.9,6.1,247.8,33.05,50427.9,0.92,32778,1.173,8.07,-87.6,25.103,3.2,11.6
11/26/2021,7:45:00,0,B2,-0.31,50506.8,50418.1,89,101.7,6.09,247.8,33.05,50426.4,0.94,32777,1.174,8.07,-87.6,25.083,3.2,11.6
11/26/2021,8:00:00,0,B2,-0.28,50536.9,50418.4,89.3,102,6.1,248.5,33.05,50429.5,1.06,32779,1.173,8.07,-87.6,25.111,3.2,11.6
11/26/2021,8:15:00,0,B2,-0.28,50530.2,50418.3,89.4,102.1,6.11,248.3,33.05,50428.7,1.11,32779,1.17,8.07,-87.6,25.105,3.2,11.6
11/26/2021,8:30:00,0,B2,-0.27,50516.4,50415.4,89.5,102.3,6.12,248.2,33.05,50424.9,1.14,32776,1.168,8.07,-87.6,25.095,3.2,11.6
11/26/2021,8:45:00,0,B2,-0.27,50522,50416.9,89.8,102.6,6.14,248,33.05,50426.8,1.13,32777,1.173,8.07,-87.6,25.099,3.2,11.6
11/26/2021,9:00:00,0,B2,-0.27,50518.9,50417.5,90.2,103,6.16,246.8,33.05,50427,1.07,32778,1.168,8.07,-87.7,25.095,3.2,11.6
11/26/2021,9:15:00,0,B2,-0.27,50520.7,50419,90.4,103.2,6.18,248.3,33.05,50428.5,1.05,32779,1.174,8.07,-87.6,25.096,3.2,11.6
11/26/2021,9:30:00,0,B2,-0.18,50511,50416.3,91,103.9,6.22,248,33.05,50425.2,1.12,32776,1.174,8.08,-87.9,25.089,3.2,11.6
11/26/2021,9:45:00,0,B2,-0.3,50512.3,50419.1,91.2,104.2,6.24,249.4,33.05,50427.8,1,32778,1.174,8.08,-87.9,25.088,3.2,11.6
11/26/2021,10:00:00,0,B2,-0.3,50508.4,50417.8,91.3,104.3,6.24,250.3,33.05,50426.3,1.1,32777,1.179,8.08,-87.9,25.085,3.2,11.6
11/26/2021,10:15:00,0,B2,-0.28,50505.9,50417.3,92,105.1,6.29,250.7,33.05,50425.6,1.13,32777,1.177,8.08,-87.9,25.083,3.2,11.6
11/26/2021,10:30:00,0,B2,-0.3,50506.7,50419,91.9,105,6.29,250.9,33.05,50427.2,1.15,32778,1.172,8.08,-88,25.083,3.2,11.6
11/26/2021,10:45:00,0,B2,-0.31,50509.1,50417.5,92.8,106,6.34,249.7,33.05,50426,0.98,32777,1.172,8.08,-88.2,25.086,3.2,11.6
11/26/2021,11:00:00,0,B2,-0.32,50508.7,50417.3,93.1,106.3,6.36,250.8,33.05,50425.9,1.09,32777,1.181,8.08,-88.2,25.086,3.2,11.6
11/26/2021,11:15:00,0,B2,-0.34,50509.1,50417.7,93.1,106.3,6.37,250.5,33.05,50426.3,1.04,32777,1.178,8.08,-88.3,25.086,3.2,11.6
11/26/2021,11:30:00,0,B2,-0.29,50512.5,50417.7,94,107.4,6.43,251.4,33.05,50426.5,1.08,32777,1.165,8.09,-88.4,25.089,3.2,11.6
11/26/2021,11:45:00,0,B2,-0.32,50512.5,50417,94.2,107.7,6.44,251.3,33.05,50425.9,0.99,32777,1.165,8.09,-88.7,25.09,3.2,11.6
11/26/2021,12:00:00,0,B2,-0.3,50512.4,50417.7,94.2,107.7,6.44,252.4,33.05,50426.5,0.94,32777,1.179,8.09,-88.6,25.089,3.2,11.6
11/26/2021,12:15:00,0,B2,-0.32,50512.6,50416.8,94.7,108.2,6.48,252.3,33.05,50425.8,1.01,32777,1.176,8.09,-88.7,25.09,3.2,11.6
11/26/2021,12:30:00,0,B2,-0.29,50510.6,50416.6,94.6,108.1,6.47,252,33.05,50425.4,1.05,32777,1.175,8.09,-88.8,25.088,3.2,11.6
11/26/2021,12:45:00,0,B2,-0.3,50509.2,50417.4,94.6,108.1,6.47,251.9,33.05,50426,1.04,32777,1.172,8.09,-88.8,25.086,3.2,11.6
11/26/2021,13:00:00,0,B2,-0.28,50506.2,50415.6,95,108.5,6.49,252,33.05,50424.1,1.05,32776,1.17,8.09,-88.9,25.085,3.2,11.6
11/26/2021,13:15:00,0,B2,-0.28,50504.8,50415.7,94.8,108.3,6.48,252.4,33.05,50424.1,0.97,32776,1.166,8.1,-88.9,25.084,3.2,11.6
11/26/2021,13:30:00,0,B2,-0.32,50503,50415.5,95.1,108.7,6.5,252.4,33.05,50423.7,0.98,32775,1.172,8.1,-89.2,25.082,3.2,11.6
11/26/2021,13:45:00,0,B2,-0.33,50503.5,50416.7,95.1,108.6,6.5,253.3,33.05,50424.8,0.88,32776,1.174,8.1,-89.1,25.082,3.2,11.6
11/26/2021,14:00:00,0,B2,-0.33,50499.9,50416.2,95.4,109,6.52,253.1,33.05,50424,0.89,32776,1.176,8.1,-89.2,25.079,3.2,11.6
11/26/2021,14:15:00,0,B2,-0.32,50498.6,50416.9,95.3,108.9,6.52,252.7,33.05,50424.5,0.95,32776,1.165,8.1,-89.2,25.077,3.2,11.6
11/26/2021,14:30:00,0,B2,-0.31,50494.7,50415.4,95.7,109.3,6.54,252.9,33.05,50422.8,0.89,32775,1.168,8.1,-89.4,25.075,3.2,11.6
11/26/2021,14:45:00,0,B2,-0.33,50491.9,50416.2,95.4,108.9,6.52,252.4,33.05,50423.3,0.9,32775,1.169,8.1,-89.4,25.071,3.2,11.6
11/26/2021,15:00:00,0,B2,-0.27,50490.8,50418.3,95.4,109,6.52,252.4,33.05,50425.1,0.89,32776,1.168,8.1,-89.4,25.068,3.2,11.6
11/26/2021,15:15:00,0,B2,-0.34,50485.3,50417.2,95.4,109,6.53,252.6,33.05,50423.6,0.87,32775,1.171,8.11,-89.5,25.064,3.2,11.6
11/26/2021,15:30:00,0,B2,-0.34,50483,50417.1,95.4,109,6.52,252,33.05,50423.3,0.89,32775,1.173,8.11,-89.6,25.062,3.2,11.6
11/26/2021,15:45:00,0,B2,-0.34,50481.1,50418.4,95.3,108.9,6.52,252.9,33.05,50424.3,0.84,32776,1.166,8.11,-89.6,25.059,3.2,11.6
11/26/2021,16:00:00,0,B2,-0.34,50476.1,50416.6,95.2,108.7,6.51,252.2,33.05,50422.2,0.8,32774,1.182,8.11,-89.7,25.056,3.2,11.6
11/26/2021,16:15:00,0,B2,-0.35,50482.3,50416.1,95,108.5,6.5,252.5,33.05,50422.2,0.8,32774,1.179,8.11,-89.6,25.062,3.2,11.6
11/26/2021,16:30:00,0,B2,-0.32,50479.1,50418,95,108.5,6.5,251.7,33.05,50423.8,0.81,32775,1.174,8.11,-89.6,25.057,3.2,11.6
11/26/2021,16:45:00,0,B2,-0.38,50489.1,50420.3,94.8,108.3,6.48,251.5,33.05,50426.7,0.76,32777,1.171,8.11,-89.6,25.065,3.2,11.6
11/26/2021,17:00:00,0,B2,-0.35,50474.5,50416.8,94.7,108.2,6.48,250.5,33.05,50422.2,0.84,32774,1.178,8.11,-89.8,25.054,3.2,11.6
11/26/2021,17:15:00,0,B2,-0.35,50492.3,50420.3,94.5,108,6.46,251.4,33.05,50427,0.78,32778,1.168,8.11,-89.6,25.068,3.2,11.6
11/26/2021,17:30:00,0,B2,-0.34,50495.1,50418.3,94.3,107.7,6.45,251.1,33.05,50425.5,0.71,32777,1.166,8.11,-89.6,25.072,3.2,11.6
11/26/2021,17:45:00,0,B2,-0.38,50487.1,50419.4,94.2,107.6,6.44,250.3,33.05,50425.7,0.83,32777,1.175,8.11,-89.6,25.064,3.2,11.6
11/26/2021,18:00:00,0,B2,-0.37,50486.9,50419.7,93.9,107.3,6.42,250.9,33.05,50426,0.79,32777,1.177,8.11,-89.6,25.063,3.2,11.6
11/26/2021,18:15:00,0,B2,-0.34,50483.5,50420,93.7,107.1,6.41,250.5,33.05,50425.9,0.76,32777,1.17,8.11,-89.6,25.06,3.2,11.6
11/26/2021,18:30:00,0,B2,-0.36,50488.1,50419.2,93.4,106.8,6.39,250.5,33.05,50425.6,0.77,32777,1.17,8.11,-89.6,25.065,3.2,11.6
11/26/2021,18:45:00,0,B2,-0.38,50481.5,50421.3,93.2,106.4,6.37,250.6,33.05,50426.9,0.76,32778,1.178,8.11,-89.6,25.057,3.2,11.6
11/26/2021,19:00:00,0,B2,-0.35,50496.6,50420.1,93,106.3,6.36,251,33.05,50427.3,0.65,32778,1.169,8.1,-89.4,25.072,3.2,11.6
11/26/2021,19:15:00,0,B2,-0.38,50484.4,50419.2,92.9,106.2,6.36,250.1,33.05,50425.3,0.71,32776,1.176,8.11,-89.5,25.061,3.2,11.6
11/26/2021,19:30:00,0,B2,-0.37,50492,50418.5,92.7,105.9,6.34,250.3,33.05,50425.3,0.75,32776,1.178,8.1,-89.5,25.069,3.2,11.6
11/26/2021,19:45:00,0,B2,-0.38,50493.7,50419.2,92.4,105.6,6.32,249.9,33.05,50426.2,0.73,32777,1.165,8.1,-89.5,25.07,3.2,11.6
11/26/2021,20:00:00,0,B2,-0.36,50488.1,50419.1,92.3,105.5,6.32,249.7,33.05,50425.5,0.67,32777,1.165,8.1,-89.4,25.065,3.2,11.6
11/26/2021,20:15:00,0,B2,-0.4,50495.6,50418.7,92,105.1,6.29,249.3,33.05,50425.9,0.69,32777,1.183,8.1,-89.3,25.072,3.2,11.6
11/26/2021,20:30:00,0,B2,-0.38,50502.8,50421.3,92,105.2,6.29,249.2,33.05,50428.9,0.66,32779,1.174,8.1,-89.3,25.077,3.2,11.6
11/26/2021,20:45:00,0,B2,-0.38,50490.7,50423.1,91.8,104.9,6.28,248.2,33.05,50429.5,0.81,32779,1.169,8.1,-89.3,25.064,3.2,11.6
11/26/2021,21:00:00,0,B2,-0.39,50499.5,50414,91.7,104.8,6.27,249.2,33.05,50422,0.7,32774,1.178,8.1,-89.3,25.08,3.2,11.6
11/26/2021,21:15:00,0,B2,-0.4,50507.1,50410.1,91.6,104.6,6.26,249.6,33.04,50419.2,0.71,32772,1.177,8.1,-89.2,25.091,3.2,11.6
11/26/2021,21:30:00,0,B2,-0.36,50491.4,50407.8,91.1,104.1,6.23,247,33.04,50415.6,0.69,32770,1.172,8.1,-89.1,25.079,3.2,11.6
11/26/2021,21:45:00,0,B2,-0.37,50494.4,50405.7,91.2,104.2,6.24,246.8,33.04,50414,0.7,32769,1.166,8.1,-89.2,25.083,3.2,11.6
11/26/2021,22:00:00,0,B2,-0.39,50491.5,50399.9,91.1,104.1,6.23,247.5,33.04,50408.4,0.71,32765,1.168,8.1,-89.1,25.086,3.2,11.6
11/26/2021,22:15:00,0,B2,-0.38,50485.1,50405,90.8,103.7,6.21,247.5,33.04,50412.5,0.71,32768,1.183,8.1,-89.1,25.075,3.2,11.6
11/26/2021,22:30:00,0,B2,-0.37,50479.6,50396.8,90.9,103.9,6.22,247.8,33.03,50404.5,0.69,32763,1.174,8.1,-89.1,25.078,3.2,11.6
11/26/2021,22:45:00,0,B2,-0.39,50478.7,50404.1,90.4,103.2,6.18,248.3,33.04,50411.1,0.7,32767,1.176,8.1,-89,25.07,3.2,11.6
11/26/2021,23:00:00,0,B2,-0.38,50475.8,50397.3,90.6,103.5,6.2,247.9,33.03,50404.6,0.67,32763,1.166,8.1,-89,25.074,3.2,11.6
11/26/2021,23:15:00,0,B2,-0.38,50467.8,50392,90.4,103.2,6.18,247.6,33.03,50399.1,0.78,32759,1.176,8.1,-88.9,25.071,3.2,11.6
11/26/2021,23:30:00,0,B2,-0.39,50471.5,50395.7,90.1,103,6.17,246.4,33.03,50402.8,0.61,32762,1.178,8.09,-88.9,25.071,3.2,11.6
11/26/2021,23:45:00,0,B2,-0.39,50475.9,50392.5,90.2,103.1,6.17,246.5,33.03,50400.3,0.62,32760,1.18,8.09,-88.9,25.079,3.2,11.6
11/27/2021,0:00:00,0,B2,-0.4,50494.2,50391.2,90.4,103.2,6.18,246.9,33.03,50400.8,0.57,32761,1.183,8.09,-88.8,25.097,3.2,11.6
11/27/2021,0:15:00,0,B2,-0.4,50485.4,50391.1,90.2,103.1,6.17,247.2,33.03,50399.9,0.69,32760,1.175,8.09,-88.8,25.089,3.2,11.6
11/27/2021,0:30:00,0,B2,-0.39,50475.5,50391.9,90,102.8,6.15,247.5,33.03,50399.8,0.59,32760,1.175,8.09,-88.8,25.079,3.2,11.6
11/27/2021,0:45:00,0,B2,-0.38,50473.4,50383.2,90,102.8,6.15,247.5,33.02,50391.7,0.59,32755,1.173,8.09,-88.7,25.085,3.2,11.6
11/27/2021,1:00:00,0,B2,-0.39,50483.3,50389,89.8,102.6,6.14,247,33.03,50397.8,0.69,32759,1.175,8.09,-88.7,25.089,3.2,11.6
11/27/2021,1:15:00,0,B2,-0.39,50471.3,50383.2,89.9,102.7,6.15,247.4,33.02,50391.5,0.62,32754,1.174,8.09,-88.7,25.083,3.2,11.6
11/27/2021,1:30:00,0,B2,-0.38,50476.6,50385.3,89.9,102.7,6.15,247.9,33.02,50393.8,0.65,32756,1.172,8.09,-88.7,25.086,3.2,11.6
11/27/2021,1:45:00,0,B2,-0.41,50473,50382.2,89.6,102.4,6.13,247.4,33.02,50390.7,0.57,32754,1.175,8.09,-88.6,25.086,3.2,11.6
11/27/2021,2:00:00,0,B2,-0.39,50475.3,50381.9,89.6,102.3,6.13,247.7,33.02,50390.6,0.65,32754,1.174,8.09,-88.6,25.088,3.2,11.6
11/27/2021,2:15:00,0,B2,-0.37,50472.8,50383.9,89.5,102.3,6.12,247.9,33.02,50392.2,0.65,32755,1.169,8.09,-88.6,25.084,3.2,11.6
11/27/2021,2:30:00,0,B2,-0.39,50476.9,50375,89.6,102.3,6.13,248.3,33.02,50384.5,0.66,32750,1.172,8.09,-88.5,25.096,3.2,11.6
11/27/2021,2:45:00,0,B2,-0.39,50477.3,50377.3,89.7,102.4,6.13,248.1,33.02,50386.6,0.64,32751,1.172,8.09,-88.5,25.094,3.2,11.6
11/27/2021,3:00:00,0,B2,-0.37,50469.3,50376.8,89.5,102.2,6.12,247.8,33.02,50385.5,0.73,32751,1.169,8.09,-88.4,25.087,3.2,11.6
11/27/2021,3:15:00,0,B2,-0.36,50474.2,50375,89.4,102.1,6.11,247.8,33.02,50384.3,0.68,32750,1.173,8.09,-88.4,25.093,3.2,11.6
11/27/2021,3:30:00,0,B2,-0.4,50472.6,50374.4,89.4,102.2,6.12,247.8,33.02,50383.6,0.61,32749,1.178,8.09,-88.4,25.093,3.2,11.6
11/27/2021,3:45:00,0,B2,-0.4,50467.2,50375.5,89.2,101.9,6.1,247.6,33.02,50384.1,0.6,32750,1.184,8.09,-88.3,25.086,3.2,11.6
11/27/2021,4:00:00,0,B2,-0.41,50473.3,50377,89.3,102,6.11,246.9,33.02,50386,0.54,32751,1.179,8.09,-88.3,25.091,3.2,11.6
11/27/2021,4:15:00,0,B2,-0.38,50460.5,50375.3,89,101.6,6.08,247.3,33.02,50383.3,0.65,32749,1.172,8.08,-88.2,25.08,3.2,11.6
11/27/2021,4:30:00,0,B2,-0.39,50462.5,50371.5,89,101.7,6.09,247.3,33.01,50380,0.66,32747,1.165,8.08,-88.2,25.086,3.2,11.6
11/27/2021,4:45:00,0,B2,-0.42,50480.2,50378.7,89.1,101.8,6.09,246.9,33.02,50388.2,0.63,32752,1.181,8.08,-88.2,25.096,3.2,11.6
11/27/2021,5:00:00,0,B2,-0.37,50469.8,50371.8,88.9,101.6,6.08,247.3,33.02,50381,0.68,32748,1.173,8.08,-88.1,25.092,3.2,11.6
11/27/2021,5:15:00,0,B2,-0.38,50480.4,50370.6,89.1,101.8,6.09,247,33.02,50380.9,0.63,32748,1.166,8.08,-88.1,25.103,3.2,11.6
11/27/2021,5:30:00,0,B2,-0.39,50479.9,50372.9,89.1,101.8,6.09,247.4,33.02,50382.9,0.67,32749,1.179,8.08,-88.1,25.101,3.2,11.6
11/27/2021,5:45:00,0,B2,-0.38,50484.8,50371.4,89.1,101.8,6.09,247.3,33.02,50382,0.65,32748,1.177,8.08,-88.1,25.107,3.2,11.6
11/27/2021,6:00:00,0,B2,-0.36,50451.4,50361.2,88.8,101.4,6.07,247.1,33.01,50369.6,0.76,32740,1.181,8.08,-87.9,25.085,3.2,11.6
11/27/2021,6:15:00,0,B2,-0.37,50475,50371.4,88.9,101.5,6.08,246.6,33.02,50381.1,0.73,32748,1.18,8.08,-88,25.098,3.2,11.6
11/27/2021,6:30:00,0,B2,-0.36,50487.6,50377.2,89,101.7,6.08,247.2,33.02,50387.5,0.77,32752,1.181,8.08,-88,25.104,3.2,11.6
11/27/2021,6:45:00,0,B2,-0.33,50482.7,50372.3,88.8,101.5,6.07,247.1,33.02,50382.7,0.88,32749,1.178,8.08,-87.9,25.104,3.2,11.6
11/27/2021,7:00:00,0,B2,-0.35,50471,50369.7,88.6,101.2,6.06,247,33.01,50379.2,0.91,32746,1.182,8.08,-87.9,25.095,3.2,11.6
11/27/2021,7:15:00,0,B2,-0.28,50477.4,50364.1,88.7,101.3,6.06,246.8,33.01,50374.7,0.98,32744,1.178,8.08,-87.9,25.107,3.2,11.6
11/27/2021,7:30:00,0,B2,-0.26,50476.2,50368.4,88.8,101.5,6.07,246.3,33.01,50378.5,1.14,32746,1.176,8.08,-87.8,25.102,3.2,11.6
11/27/2021,7:45:00,0,B2,-0.28,50482.3,50375,88.8,101.4,6.07,246.5,33.02,50385,1.02,32750,1.172,8.08,-87.8,25.101,3.2,11.6
11/27/2021,8:00:00,0,B2,-0.24,50489.1,50369.4,88.9,101.5,6.08,247,33.01,50380.6,1.14,32747,1.166,8.08,-87.8,25.113,3.2,11.6
11/27/2021,8:15:00,0,B2,-0.26,50476.4,50367.8,89,101.7,6.09,247.3,33.01,50378,1.06,32746,1.173,8.08,-87.8,25.102,3.2,11.6
11/27/2021,8:30:00,0,B2,-0.26,50475.9,50364.8,89.3,102,6.1,247.3,33.01,50375.2,1.04,32744,1.182,8.08,-87.8,25.105,3.2,11.6
11/27/2021,8:45:00,0,B2,-0.24,50481.2,50368.6,89.5,102.3,6.12,247.5,33.01,50379.1,1.12,32746,1.174,8.08,-87.8,25.106,3.2,11.6
11/27/2021,9:00:00,0,B2,-0.24,50475.5,50369.1,89.8,102.6,6.14,247.9,33.01,50379.1,1.15,32746,1.167,8.08,-87.9,25.1,3.2,11.6
11/27/2021,9:15:00,0,B2,-0.26,50475.7,50370.3,90.2,103,6.17,248.1,33.01,50380.2,1.12,32747,1.175,8.08,-87.9,25.099,3.2,11.6
11/27/2021,9:30:00,0,B2,-0.27,50469.4,50372,90.7,103.6,6.2,248,33.02,50381.1,1.04,32748,1.174,8.08,-88,25.092,3.2,11.6
11/27/2021,9:45:00,0,B2,-0.3,50467.2,50371.2,91,104,6.22,248.2,33.01,50380.2,1.05,32747,1.172,8.08,-88.1,25.09,3.2,11.6
11/27/2021,10:00:00,0,B2,-0.28,50467,50371.1,91.3,104.3,6.24,249.2,33.01,50380.1,1.18,32747,1.175,8.08,-88.1,25.09,3.2,11.6
11/27/2021,10:15:00,0,B2,-0.27,50464,50370.7,91.5,104.5,6.25,248.4,33.01,50379.5,1.13,32747,1.168,8.08,-88.1,25.088,3.2,11.6
11/27/2021,10:30:00,0,B2,-0.27,50464.6,50371,92.1,105.2,6.3,249.1,33.01,50379.8,1.15,32747,1.168,8.08,-88.2,25.088,3.2,11.6
11/27/2021,10:45:00,0,B2,-0.26,50461.6,50370.7,92.3,105.4,6.31,250,33.01,50379.2,1.06,32746,1.169,8.09,-88.3,25.086,3.2,11.6
11/27/2021,11:00:00,0,B2,-0.26,50461.2,50368.8,92.8,106,6.35,250.1,33.01,50377.5,1.17,32745,1.165,8.09,-88.4,25.087,3.2,11.6
11/27/2021,11:15:00,0,B2,-0.3,50459.5,50368.3,92.9,106.2,6.36,250.5,33.01,50376.8,1.17,32745,1.176,8.09,-88.5,25.086,3.2,11.6
11/27/2021,11:30:00,0,B2,-0.32,50458.1,50365.4,93.5,106.8,6.39,250.6,33.01,50374,1.08,32743,1.176,8.09,-88.6,25.087,3.2,11.6
11/27/2021,11:45:00,0,B2,-0.3,50462.5,50367.7,93.7,107.1,6.41,251.2,33.01,50376.6,1.04,32745,1.172,8.09,-88.7,25.089,3.2,11.6
11/27/2021,12:00:00,0,B2,-0.3,50457,50363,93.9,107.3,6.42,251.4,33.01,50371.8,1.07,32742,1.166,8.09,-88.8,25.089,3.2,11.6
11/27/2021,12:15:00,0,B2,-0.32,50454.5,50358.2,94.2,107.6,6.44,251.5,33.01,50367.2,1.12,32739,1.181,8.09,-88.9,25.091,3.2,11.6
11/27/2021,12:30:00,0,B2,-0.29,50455.8,50360.2,94.4,107.8,6.45,251.2,33.01,50369.1,1.06,32740,1.175,8.1,-89,25.09,3.2,11.6
11/27/2021,12:45:00,0,B2,-0.28,50455.7,50360.7,94.4,107.9,6.46,251.2,33.01,50369.6,1.01,32740,1.168,8.1,-89,25.09,3.2,11.6
11/27/2021,13:00:00,0,B2,-0.28,50457.3,50361.8,94.9,108.4,6.49,249.7,33.01,50370.8,1.09,32741,1.165,8.1,-89.1,25.09,3.2,11.6
11/27/2021,13:15:00,0,B2,-0.29,50457,50362.7,94.8,108.4,6.49,250.3,33.01,50371.5,1.08,32741,1.169,8.1,-89.2,25.089,3.2,11.6
11/27/2021,13:30:00,0,B2,-0.28,50457.8,50363.9,95.3,108.8,6.52,250.9,33.01,50372.7,1.04,32742,1.176,8.1,-89.3,25.088,3.2,11.6
11/27/2021,13:45:00,0,B2,-0.29,50457.1,50365.1,95.6,109.2,6.54,251.2,33.01,50373.7,1.02,32743,1.18,8.1,-89.4,25.087,3.2,11.6
11/27/2021,14:00:00,0,B2,-0.28,50452.9,50362.9,95.2,108.8,6.51,251.6,33.01,50371.3,1.02,32741,1.181,8.1,-89.4,25.085,3.2,11.6
11/27/2021,14:15:00,0,B2,-0.32,50449.5,50362.7,95.4,109,6.53,251.9,33.01,50370.8,0.88,32741,1.18,8.11,-89.5,25.082,3.2,11.6
11/27/2021,14:30:00,0,B2,-0.35,50449.4,50362,95.6,109.2,6.54,251.7,33.01,50370.1,0.98,32741,1.182,8.11,-89.6,25.082,3.2,11.6
11/27/2021,14:45:00,0,B2,-0.33,50444.1,50363.9,95.3,108.8,6.52,251.7,33.01,50371.4,0.86,32741,1.175,8.11,-89.6,25.076,3.2,11.6
11/27/2021,15:00:00,0,B2,-0.35,50440.5,50364.2,95.3,108.9,6.52,251.8,33.01,50371.4,0.87,32741,1.175,8.11,-89.7,25.072,3.2,11.6
11/27/2021,15:15:00,0,B2,-0.33,50438.4,50365.8,95.4,109,6.52,251.6,33.01,50372.6,0.91,32742,1.175,8.11,-89.7,25.069,3.2,11.6
11/27/2021,15:30:00,0,B2,-0.33,50431,50364.2,95.2,108.8,6.52,251.1,33.01,50370.5,0.9,32741,1.168,8.11,-89.7,25.063,3.2,11.6
11/27/2021,15:45:00,0,B2,-0.35,50427.1,50365.5,95.2,108.7,6.51,251,33.01,50371.3,0.93,32741,1.175,8.11,-89.7,25.058,3.2,11.6
11/27/2021,16:00:00,0,B2,-0.34,50423,50364,95.1,108.6,6.51,250.8,33.01,50369.5,0.94,32740,1.179,8.11,-89.7,25.056,3.2,11.6
11/27/2021,16:15:00,0,B2,-0.33,50424.3,50369.3,95,108.6,6.5,251,33.01,50374.4,0.94,32743,1.165,8.11,-89.8,25.052,3.2,11.6
11/27/2021,16:30:00,0,B2,-0.3,50432.4,50365.7,94.9,108.4,6.49,250.7,33.01,50372,1.04,32742,1.168,8.11,-89.8,25.063,3.2,11.6
11/27/2021,16:45:00,0,B2,-0.32,50434.9,50365.7,94.7,108.2,6.48,250.6,33.01,50372.2,0.92,32742,1.165,8.11,-89.8,25.065,3.2,11.6
11/27/2021,17:00:00,0,B2,-0.34,50433.2,50364.9,94.6,108.1,6.47,250.3,33.01,50371.3,0.87,32741,1.173,8.11,-89.8,25.064,3.2,11.6
11/27/2021,17:15:00,0,B2,-0.35,50438.1,50366.6,94.5,107.9,6.46,250.4,33.01,50373.3,0.74,32743,1.177,8.11,-89.8,25.067,3.2,11.6
11/27/2021,17:30:00,0,B2,-0.35,50439.2,50365.9,94.2,107.6,6.45,250.5,33.01,50372.8,0.78,32742,1.165,8.11,-89.8,25.069,3.2,11.6
11/27/2021,17:45:00,0,B2,-0.34,50447.8,50364.5,94.1,107.5,6.43,250.4,33.01,50372.3,0.78,32742,1.165,8.11,-89.8,25.078,3.2,11.6
11/27/2021,18:00:00,0,B2,-0.37,50444.1,50362,93.8,107.2,6.42,250.7,33.01,50369.7,0.79,32740,1.173,8.11,-89.8,25.077,3.2,11.6
11/27/2021,18:15:00,0,B2,-0.37,50438.6,50359.7,93.6,107,6.4,250.4,33.01,50367.1,0.74,32739,1.183,8.11,-89.7,25.074,3.2,11.6
11/27/2021,18:30:00,0,B2,-0.34,50430.2,50361.2,93.4,106.7,6.39,249.7,33.01,50367.7,0.79,32739,1.174,8.11,-89.7,25.065,3.2,11.6
11/27/2021,18:45:00,0,B2,-0.36,50435.9,50364.4,93.2,106.4,6.37,249.4,33.01,50371.1,0.79,32741,1.165,8.11,-89.7,25.067,3.2,11.6
11/27/2021,19:00:00,0,B2,-0.36,50439.6,50366.8,93,106.2,6.36,249.5,33.01,50373.6,0.69,32743,1.166,8.11,-89.7,25.069,3.2,11.6
11/27/2021,19:15:00,0,B2,-0.35,50438.8,50362.8,93,106.2,6.36,250.6,33.01,50369.9,0.79,32740,1.172,8.11,-89.6,25.072,3.2,11.6
11/27/2021,19:30:00,0,B2,-0.35,50440.4,50360.9,92.7,105.9,6.34,249.8,33.01,50368.4,0.75,32739,1.173,8.11,-89.6,25.075,3.2,11.6
11/27/2021,19:45:00,0,B2,-0.38,50434.7,50362.1,92.4,105.6,6.32,249.1,33.01,50368.9,0.72,32740,1.175,8.11,-89.5,25.068,3.2,11.6
11/27/2021,20:00:00,0,B2,-0.37,50442.9,50362.1,92.4,105.5,6.32,249.1,33.01,50369.7,0.7,32740,1.174,8.11,-89.5,25.076,3.2,11.6
11/27/2021,20:15:00,0,B2,-0.38,50443,50358.1,92.1,105.2,6.3,248.9,33,50366,0.75,32738,1.174,8.1,-89.5,25.08,3.2,11.6
11/27/2021,20:30:00,0,B2,-0.35,50448.1,50362.7,92,105.1,6.29,249,33.01,50370.7,0.72,32741,1.166,8.1,-89.5,25.08,3.2,11.6
11/27/2021,20:45:00,0,B2,-0.37,50441.3,50363.6,91.7,104.7,6.27,248.7,33.01,50370.8,0.75,32741,1.168,8.1,-89.4,25.073,3.2,11.6
11/27/2021,21:00:00,0,B2,-0.37,50443.5,50357.7,91.7,104.8,6.27,248.7,33,50365.7,0.71,32738,1.174,8.1,-89.4,25.081,3.2,11.6
11/27/2021,21:15:00,0,B2,-0.38,50462.4,50361.9,91.6,104.7,6.27,248.4,33.01,50371.3,0.63,32741,1.172,8.1,-89.4,25.095,3.2,11.6
11/27/2021,21:30:00,0,B2,-0.38,50443.6,50363.6,91.3,104.3,6.25,247.6,33.01,50371,0.81,32741,1.176,8.1,-89.3,25.075,3.2,11.6
11/27/2021,21:45:00,0,B2,-0.37,50462.9,50362.5,91.4,104.4,6.25,248.7,33.01,50371.9,0.65,32742,1.173,8.1,-89.3,25.095,3.2,11.6
11/27/2021,22:00:00,0,B2,-0.37,50461.8,50367,91.3,104.3,6.24,248.6,33.01,50375.8,0.76,32744,1.165,8.1,-89.3,25.089,3.2,11.6
11/27/2021,22:15:00,0,B2,-0.38,50450.1,50364.1,91.1,104.1,6.23,248.4,33.01,50372.1,0.7,32742,1.171,8.1,-89.2,25.081,3.2,11.6
11/27/2021,22:30:00,0,B2,-0.38,50453.5,50365.5,90.9,103.9,6.22,248.6,33.01,50373.8,0.68,32743,1.178,8.1,-89.2,25.083,3.2,11.6
11/27/2021,22:45:00,0,B2,-0.4,50451.1,50368.6,90.7,103.7,6.21,249.1,33.01,50376.3,0.64,32745,1.18,8.1,-89.1,25.078,3.2,11.6
11/27/2021,23:00:00,0,B2,-0.39,50460.7,50363.1,90.8,103.7,6.21,248.5,33.01,50372.2,0.69,32742,1.169,8.1,-89.1,25.092,3.2,11.6
11/27/2021,23:15:00,0,B2,-0.37,50458.8,50372.2,90.4,103.3,6.19,248.4,33.02,50380.3,0.66,32747,1.167,8.1,-89,25.082,3.2,11.6
11/27/2021,23:30:00,0,B2,-0.4,50453.9,50366.2,90.5,103.4,6.19,247.7,33.01,50374.4,0.68,32743,1.178,8.1,-89,25.083,3.2,11.6
11/27/2021,23:45:00,0,B2,-0.38,50456.4,50363.8,90.6,103.5,6.2,247,33.01,50372.4,0.68,32742,1.174,8.1,-89.1,25.087,3.2,11.6
11/28/2021,0:00:00,0,B2,-0.36,50449.3,50370.9,90.2,103.1,6.17,247.8,33.01,50378.2,0.69,32746,1.172,8.1,-89,25.074,3.2,11.6
11/28/2021,0:15:00,0,B2,-0.38,50466.8,50366.7,90.5,103.4,6.19,248.4,33.01,50376.1,0.61,32744,1.17,8.1,-89,25.094,3.2,11.6
11/28/2021,0:30:00,0,B2,-0.37,50453.8,50365.7,90.2,103,6.17,248.3,33.01,50373.9,0.68,32743,1.169,8.1,-88.9,25.083,3.2,11.6
11/28/2021,0:45:00,0,B2,-0.38,50461.3,50364.6,90.3,103.1,6.17,248.2,33.01,50373.7,0.65,32743,1.171,8.1,-88.9,25.091,3.2,11.6
11/28/2021,1:00:00,0,B2,-0.35,50456.7,50366,89.9,102.7,6.15,248.6,33.01,50374.5,0.66,32743,1.169,8.09,-88.8,25.085,3.2,11.6
11/28/2021,1:15:00,0,B2,-0.36,50477.9,50373,90.1,102.9,6.16,249.2,33.02,50382.8,0.72,32749,1.17,8.09,-88.8,25.099,3.2,11.6
11/28/2021,1:30:00,0,B2,-0.37,50474.2,50369.8,90.2,103,6.17,249.3,33.01,50379.5,0.71,32747,1.17,8.09,-88.8,25.098,3.2,11.6
11/28/2021,1:45:00,0,B2,-0.38,50470.7,50366.9,90,102.8,6.16,249,33.01,50376.6,0.67,32745,1.17,8.09,-88.8,25.098,3.2,11.6
11/28/2021,2:00:00,0,B2,-0.36,50465.7,50364.7,89.9,102.7,6.15,248.6,33.01,50374.1,0.75,32743,1.174,8.09,-88.7,25.095,3.2,11.6
11/28/2021,2:15:00,0,B2,-0.38,50476.3,50364.7,90,102.8,6.15,248.6,33.01,50375.1,0.69,32744,1.173,8.09,-88.7,25.105,3.2,11.6
11/28/2021,2:30:00,0,B2,-0.39,50467.7,50368.1,89.9,102.7,6.15,248.8,33.01,50377.5,0.66,32745,1.182,8.09,-88.6,25.094,3.2,11.6
11/28/2021,2:45:00,0,B2,-0.39,50473.4,50373.6,89.7,102.5,6.13,248.4,33.02,50383,0.66,32749,1.174,8.09,-88.6,25.094,3.2,11.6
11/28/2021,3:00:00,0,B2,-0.36,50461.9,50368.6,89.8,102.6,6.14,248.5,33.01,50377.4,0.69,32745,1.165,8.09,-88.6,25.088,3.2,11.6
11/28/2021,3:15:00,0,B2,-0.39,50464.8,50368.1,89.7,102.5,6.13,249.3,33.01,50377.1,0.69,32745,1.172,8.09,-88.5,25.091,3.2,11.6
11/28/2021,3:30:00,0,B2,-0.36,50476.6,50371,89.7,102.5,6.14,248.6,33.02,50380.8,0.67,32748,1.167,8.09,-88.5,25.099,3.2,11.6
11/28/2021,3:45:00,0,B2,-0.36,50470.2,50373.6,89.6,102.3,6.13,248.9,33.02,50382.7,0.75,32749,1.168,8.09,-88.4,25.091,3.2,11.6
11/28/2021,4:00:00,0,B2,-0.37,50483.3,50369,89.6,102.4,6.13,248.5,33.01,50379.7,0.69,32747,1.175,8.09,-88.5,25.108,3.2,11.6
11/28/2021,4:15:00,0,B2,-0.38,50470.3,50370.1,89.4,102.1,6.11,249,33.01,50379.5,0.67,32747,1.178,8.09,-88.4,25.094,3.2,11.6
11/28/2021,4:30:00,0,B2,-0.35,50483.1,50373.9,89.5,102.2,6.12,248.8,33.02,50384.1,0.65,32750,1.165,8.09,-88.4,25.103,3.2,11.6
11/28/2021,4:45:00,0,B2,-0.38,50474.8,50373.9,89.3,102,6.11,247.8,33.02,50383.4,0.69,32749,1.176,8.09,-88.4,25.095,3.2,11.6
11/28/2021,5:00:00,0,B2,-0.4,50468.9,50365,89.3,102.1,6.11,247.7,33.01,50374.7,0.7,32744,1.183,8.08,-88.2,25.098,3.2,11.6
11/28/2021,5:15:00,0,B2,-0.36,50480.7,50368.7,89.4,102.1,6.11,248.1,33.01,50379.2,0.74,32746,1.168,8.08,-88.3,25.106,3.2,11.6
11/28/2021,5:30:00,0,B2,-0.38,50473.9,50374.1,89.3,102.1,6.11,248.8,33.02,50383.5,0.66,32749,1.165,8.08,-88.2,25.094,3.2,11.6
11/28/2021,5:45:00,0,B2,-0.38,50486,50373.7,89.2,101.9,6.1,249.3,33.02,50384.2,0.66,32750,1.183,8.08,-88.2,25.106,3.2,11.6
11/28/2021,6:00:00,0,B2,-0.38,50480.9,50365.3,89.4,102.2,6.11,248,33.01,50376.1,0.72,32744,1.181,8.08,-88.2,25.109,3.2,11.6
11/28/2021,6:15:00,0,B2,-0.34,50481,50375.7,89,101.7,6.09,248,33.02,50385.6,0.75,32751,1.177,8.08,-88.1,25.099,3.2,11.6
11/28/2021,6:30:00,0,B2,-0.31,50484.3,50372.5,89.3,102,6.1,247.9,33.02,50383,0.82,32749,1.174,8.08,-88.1,25.105,3.2,11.6
11/28/2021,6:45:00,0,B2,-0.34,50477,50374.2,89.1,101.8,6.1,247.6,33.02,50383.8,0.93,32749,1.181,8.08,-88.1,25.097,3.2,11.6
11/28/2021,7:00:00,0,B2,-0.28,50495.8,50372.2,89.2,101.9,6.1,248.1,33.02,50383.8,0.92,32749,1.174,8.08,-88,25.116,3.2,11.6
11/28/2021,7:15:00,0,B2,-0.32,50483.9,50374.4,89.2,102,6.1,248.2,33.02,50384.7,0.91,32750,1.176,8.08,-88,25.103,3.2,11.6
11/28/2021,7:30:00,0,B2,-0.24,50487.3,50377.1,89.1,101.8,6.09,248,33.02,50387.4,1.14,32752,1.179,8.08,-87.9,25.104,3.2,11.6
11/28/2021,7:45:00,0,B2,-0.25,50484.4,50377.3,89.1,101.8,6.09,247.7,33.02,50387.3,1.1,32752,1.171,8.08,-87.9,25.101,3.2,11.6
11/28/2021,8:00:00,0,B2,-0.25,50481.5,50371.6,89.2,102,6.1,247.1,33.02,50381.9,1.11,32748,1.177,8.08,-88,25.103,3.2,11.6
11/28/2021,8:15:00,0,B2,-0.26,50482,50374.5,89.4,102.1,6.11,247.8,33.02,50384.6,1.16,32750,1.182,8.08,-87.8,25.101,3.2,11.6
11/28/2021,8:30:00,0,B2,-0.26,50486.2,50375.1,89.7,102.4,6.13,246.7,33.02,50385.5,1.13,32751,1.176,8.08,-87.9,25.105,3.2,11.6
11/28/2021,8:45:00,0,B2,-0.27,50469.2,50374.9,90.1,103,6.16,247.4,33.02,50383.7,1.08,32749,1.165,8.08,-88,25.089,3.2,11.6
11/28/2021,9:00:00,0,B2,-0.27,50477.2,50379.5,90.4,103.3,6.18,248.2,33.02,50388.6,1.1,32753,1.176,8.08,-87.9,25.092,3.2,11.6
11/28/2021,9:15:00,0,B2,-0.25,50468.4,50378.6,90.8,103.8,6.21,248.9,33.02,50387,1.1,32752,1.182,8.08,-88.1,25.085,3.2,11.6
11/28/2021,9:30:00,0,B2,-0.25,50471.4,50374.2,91,103.9,6.22,248.5,33.02,50383.3,1.15,32749,1.173,8.08,-88.1,25.092,3.2,11.6
11/28/2021,9:45:00,0,B2,-0.25,50465.4,50375.5,91.1,104.1,6.23,249.2,33.02,50383.9,1.16,32750,1.17,8.08,-88.1,25.085,3.2,11.6
11/28/2021,10:00:00,0,B2,-0.27,50462.7,50374.8,91.4,104.5,6.25,249.3,33.02,50383.1,1.17,32749,1.172,8.08,-88.2,25.083,3.2,11.6
11/28/2021,10:15:00,0,B2,-0.27,50462.8,50373.7,91.9,105,6.29,250.2,33.02,50382,1.11,32748,1.173,8.08,-88.3,25.084,3.2,11.6
11/28/2021,10:30:00,0,B2,-0.27,50462.8,50374.7,92.1,105.2,6.3,250.3,33.02,50382.9,1.15,32749,1.173,8.08,-88.3,25.083,3.2,11.6
11/28/2021,10:45:00,0,B2,-0.3,50461.1,50374.3,92.6,105.7,6.33,250.6,33.02,50382.4,1.24,32749,1.177,8.09,-88.4,25.082,3.2,11.6
11/28/2021,11:00:00,0,B2,-0.28,50461.6,50374.2,92.8,106,6.35,250,33.02,50382.4,1.18,32749,1.179,8.09,-88.5,25.082,3.2,11.6
11/28/2021,11:15:00,0,B2,-0.27,50464.8,50373.3,93.5,106.8,6.39,250.5,33.02,50381.8,1.19,32748,1.175,8.09,-88.6,25.086,3.2,11.6
11/28/2021,11:30:00,0,B2,-0.27,50463.9,50372.9,93.4,106.7,6.39,250.6,33.02,50381.4,1.17,32748,1.179,8.09,-88.7,25.086,3.2,11.6
11/28/2021,11:45:00,0,B2,-0.3,50470.5,50369.9,94.5,108,6.46,250.1,33.01,50379.3,1.1,32747,1.182,8.1,-88.9,25.095,3.2,11.6
11/28/2021,12:00:00,0,B2,-0.32,50466,50367.7,94.3,107.8,6.45,250.8,33.01,50376.9,1.08,32745,1.17,8.1,-88.9,25.093,3.2,11.6
11/28/2021,12:15:00,0,B2,-0.29,50463.2,50366.1,94.3,107.7,6.45,251.2,33.01,50375.2,1,32744,1.175,8.1,-88.9,25.091,3.2,11.6
11/28/2021,12:30:00,0,B2,-0.27,50461.5,50362.4,94.6,108.1,6.47,251.6,33.01,50371.7,1.21,32742,1.173,8.1,-89,25.093,3.2,11.6
11/28/2021,12:45:00,0,B2,-0.3,50460.1,50362.5,94.7,108.1,6.47,251.4,33.01,50371.6,1.05,32742,1.173,8.1,-89.1,25.092,3.2,11.6
11/28/2021,13:00:00,0,B2,-0.27,50459.4,50360.7,94.9,108.4,6.49,251.4,33.01,50369.9,1.09,32740,1.172,8.1,-89.2,25.093,3.2,11.6
11/28/2021,13:15:00,0,B2,-0.28,50458.9,50363,95.2,108.7,6.51,251.3,33.01,50372,1.12,32742,1.174,8.1,-89.3,25.09,3.2,11.6
11/28/2021,13:30:00,0,B2,-0.28,50462.1,50362,95.5,109.1,6.53,251.6,33.01,50371.3,1.06,32741,1.166,8.1,-89.4,25.094,3.2,11.6
11/28/2021,13:45:00,0,B2,-0.33,50456.8,50360.6,95.5,109.1,6.53,251.9,33.01,50369.6,0.92,32740,1.174,8.1,-89.4,25.091,3.2,11.6
11/28/2021,14:00:00,0,B2,-0.31,50454.1,50360.5,95.5,109.1,6.53,251.7,33.01,50369.2,1,32740,1.181,8.11,-89.5,25.088,3.2,11.6
11/28/2021,14:15:00,0,B2,-0.32,50452.5,50360.4,95.5,109.1,6.53,251.8,33.01,50369,0.97,32740,1.173,8.11,-89.5,25.087,3.2,11.6
11/28/2021,14:30:00,0,B2,-0.29,50451.8,50360.8,95.6,109.2,6.54,252.3,33.01,50369.3,0.99,32740,1.169,8.11,-89.6,25.086,3.2,11.6
11/28/2021,14:45:00,0,B2,-0.28,50449.4,50360.6,95.7,109.4,6.55,252.1,33.01,50368.9,1.07,32740,1.165,8.11,-89.7,25.084,3.2,11.6
11/28/2021,15:00:00,0,B2,-0.35,50441.9,50356.9,95.6,109.2,6.54,251.9,33,50364.8,0.92,32737,1.172,8.11,-89.7,25.08,3.2,11.6
11/28/2021,15:15:00,0,B2,-0.34,50441.4,50358.6,95.6,109.3,6.54,251.9,33,50366.3,0.87,32738,1.174,8.11,-89.8,25.078,3.2,11.6
11/28/2021,15:30:00,0,B2,-0.32,50438.4,50359.6,95.5,109.1,6.53,252,33.01,50366.9,1.02,32739,1.175,8.11,-89.9,25.074,3.2,11.6
11/28/2021,15:45:00,0,B2,-0.34,50434.1,50360.9,95.4,109,6.53,251.7,33.01,50367.8,0.91,32739,1.18,8.11,-89.8,25.069,3.2,11.6
11/28/2021,16:00:00,0,B2,-0.32,50432.2,50360.7,95.4,109,6.53,251.6,33.01,50367.4,0.9,32739,1.18,8.11,-89.9,25.067,3.2,11.6
11/28/2021,16:15:00,0,B2,-0.35,50428.2,50361.1,95.2,108.8,6.52,251.5,33.01,50367.4,0.85,32739,1.184,8.11,-89.9,25.063,3.2,11.6
11/28/2021,16:30:00,0,B2,-0.32,50424.8,50360.2,95.1,108.6,6.51,250.9,33.01,50366.2,0.9,32738,1.176,8.11,-89.9,25.061,3.2,11.6
11/28/2021,16:45:00,0,B2,-0.32,50422.7,50361.3,95,108.5,6.5,251.1,33.01,50367,0.89,32739,1.167,8.11,-89.9,25.058,3.2,11.6
11/28/2021,17:00:00,0,B2,-0.34,50420.1,50361.9,94.8,108.3,6.49,251.1,33.01,50367.4,0.84,32739,1.172,8.11,-89.9,25.055,3.2,11.6
11/28/2021,17:15:00,0,B2,-0.37,50420.3,50361,94.6,108.1,6.48,250.7,33.01,50366.6,0.8,32738,1.183,8.11,-89.9,25.056,3.2,11.6
11/28/2021,17:30:00,0,B2,-0.33,50419.5,50361.1,94.5,108,6.47,251.2,33.01,50366.6,0.91,32738,1.173,8.11,-89.9,25.055,3.2,11.6
11/28/2021,17:45:00,0,B2,-0.34,50417.8,50362.1,94.2,107.6,6.45,248.3,33.01,50367.3,0.78,32739,1.179,8.11,-89.9,25.052,3.2,11.6
11/28/2021,18:00:00,0,B2,-0.34,50425.8,50362.4,94.1,107.5,6.44,248.8,33.01,50368.3,0.92,32739,1.168,8.11,-89.9,25.06,3.2,11.6
11/28/2021,18:15:00,0,B2,-0.35,50430.1,50363,93.9,107.3,6.43,249.3,33.01,50369.3,0.84,32740,1.168,8.11,-89.9,25.063,3.2,11.6
11/28/2021,18:30:00,0,B2,-0.35,50420,50359.7,93.6,107,6.41,249.4,33,50365.3,0.81,32737,1.172,8.11,-89.8,25.057,3.2,11.6
11/28/2021,18:45:00,0,B2,-0.34,50429.5,50362,93.5,106.8,6.4,249.9,33.01,50368.3,0.83,32739,1.169,8.11,-89.8,25.064,3.2,11.6
11/28/2021,19:00:00,0,B2,-0.37,50424.8,50360.8,93.3,106.6,6.38,249.7,33.01,50366.8,0.74,32738,1.175,8.11,-89.8,25.06,3.2,11.6
11/28/2021,19:15:00,0,B2,-0.37,50434.9,50361.1,93.1,106.4,6.37,249.3,33.01,50368,0.8,32739,1.173,8.11,-89.7,25.07,3.2,11.6
11/28/2021,19:30:00,0,B2,-0.35,50431,50358.5,93,106.3,6.36,249.2,33,50365.3,0.78,32737,1.165,8.11,-89.7,25.068,3.2,11.6
11/28/2021,19:45:00,0,B2,-0.38,50441.5,50365,92.8,106,6.35,249.5,33.01,50372.1,0.75,32742,1.184,8.11,-89.7,25.072,3.2,11.6
11/28/2021,20:00:00,0,B2,-0.37,50430,50362.5,92.5,105.7,6.33,249.9,33.01,50368.8,0.72,32740,1.182,8.11,-89.6,25.064,3.2,11.6
11/28/2021,20:15:00,0,B2,-0.36,50433.2,50360.8,92.5,105.7,6.33,249.5,33.01,50367.6,0.76,32739,1.181,8.11,-89.6,25.068,3.2,11.6
11/28/2021,20:30:00,0,B2,-0.34,50433.5,50360.7,92.3,105.5,6.32,249.3,33.01,50367.5,0.82,32739,1.169,8.11,-89.6,25.069,3.2,11.6
11/28/2021,20:45:00,0,B2,-0.38,50439.4,50360.6,92.2,105.4,6.31,248.8,33.01,50368,0.71,32739,1.173,8.11,-89.6,25.074,3.2,11.6
11/28/2021,21:00:00,0,B2,-0.37,50437.3,50361.1,91.9,105,6.29,248.6,33.01,50368.2,0.73,32739,1.176,8.1,-89.5,25.072,3.2,11.6
11/28/2021,21:15:00,0,B2,-0.37,50430.2,50359.2,91.7,104.8,6.28,248.4,33,50365.9,0.67,32738,1.183,8.1,-89.4,25.067,3.2,11.6
11/28/2021,21:30:00,0,B2,-0.36,50440.2,50360.8,91.7,104.8,6.28,246.7,33.01,50368.2,0.7,32739,1.178,8.1,-89.4,25.075,3.2,11.6
11/28/2021,21:45:00,0,B2,-0.35,50432.3,50359.8,91.6,104.6,6.26,247.2,33.01,50366.6,0.76,32738,1.171,8.1,-89.4,25.068,3.2,11.6
11/28/2021,22:00:00,0,B2,-0.39,50444.3,50362.4,91.6,104.6,6.26,248.4,33.01,50370.1,0.72,32741,1.176,8.1,-89.4,25.077,3.2,11.6
11/28/2021,22:15:00,0,B2,-0.38,50447.9,50361.2,91.4,104.5,6.25,247.8,33.01,50369.3,0.76,32740,1.176,8.1,-89.3,25.082,3.2,11.6
11/28/2021,22:30:00,0,B2,-0.36,50438,50359.4,91.2,104.2,6.24,248.3,33.01,50366.7,0.78,32738,1.165,8.1,-89.3,25.074,3.2,11.6
11/28/2021,22:45:00,0,B2,-0.36,50440.5,50359.9,91.2,104.2,6.24,248.6,33.01,50367.4,0.73,32739,1.177,8.1,-89.3,25.076,3.2,11.6
11/28/2021,23:00:00,0,B2,-0.4,50427.9,50359.1,90.9,103.8,6.22,248.6,33,50365.6,0.72,32738,1.184,8.1,-89.2,25.065,3.2,11.6
11/28/2021,23:15:00,0,B2,-0.37,50436.7,50360.3,90.7,103.6,6.2,248.6,33.01,50367.5,0.76,32739,1.172,8.1,-89.1,25.072,3.2,11.6
11/28/2021,23:30:00,0,B2,-0.36,50441.8,50358.7,90.8,103.8,6.21,248.2,33.01,50366.5,0.75,32738,1.169,8.1,-89.2,25.078,3.2,11.6
11/28/2021,23:45:00,0,B2,-0.39,50435.5,50358.2,90.8,103.7,6.21,248.9,33,50365.4,0.72,32738,1.174,8.1,-89.1,25.073,3.2,11.6
11/29/2021,0:00:00,0,B2,-0.38,50438.9,50361.6,90.5,103.4,6.19,248.9,33.01,50368.9,0.71,32740,1.182,8.1,-89.1,25.073,3.2,11.6
11/29/2021,0:15:00,0,B2,-0.38,50441.5,50361.9,90.3,103.1,6.18,248.5,33.01,50369.3,0.72,32740,1.174,8.1,-89,25.075,3.2,11.6
11/29/2021,0:30:00,0,B2,-0.36,50440.4,50356.4,90.4,103.3,6.18,248.4,33,50364.3,0.71,32737,1.171,8.1,-89,25.079,3.2,11.6
11/29/2021,0:45:00,0,B2,-0.39,50443.8,50358.3,90.4,103.2,6.18,249.1,33,50366.3,0.72,32738,1.173,8.1,-89,25.081,3.2,11.6
11/29/2021,1:00:00,0,B2,-0.38,50429.5,50355.1,90.1,103,6.17,248.8,33,50362,0.68,32735,1.182,8.1,-88.9,25.07,3.2,11.6
11/29/2021,1:15:00,0,B2,-0.37,50439.4,50357.3,90.2,103.1,6.17,244.5,33,50365,0.78,32737,1.179,8.1,-88.9,25.077,3.2,11.6
11/29/2021,1:30:00,0,B2,-0.36,50450,50358.3,90.3,103.2,6.18,246.6,33.01,50366.9,0.72,32738,1.176,8.09,-88.9,25.086,3.2,11.6
11/29/2021,1:45:00,0,B2,-0.37,50439.6,50358.5,89.9,102.7,6.15,247.5,33,50366,0.66,32738,1.17,8.09,-88.8,25.076,3.2,11.6
11/29/2021,2:00:00,0,B2,-0.37,50436.1,50355.7,90.1,102.9,6.16,248.2,33,50363.2,0.77,32736,1.17,8.09,-88.8,25.076,3.2,11.6
11/29/2021,2:15:00,0,B2,-0.38,50438.5,50358.3,89.9,102.7,6.15,248,33,50365.8,0.73,32738,1.174,8.09,-88.8,25.076,3.2,11.6
11/29/2021,2:30:00,0,B2,-0.39,50444.9,50362,89.9,102.8,6.15,248.2,33.01,50369.8,0.69,32740,1.184,8.09,-88.7,25.078,3.2,11.6
11/29/2021,2:45:00,0,B2,-0.36,50445.3,50360.1,89.9,102.7,6.15,248.8,33.01,50368.1,0.75,32739,1.166,8.09,-88.7,25.08,3.2,11.6
11/29/2021,3:00:00,0,B2,-0.38,50443.9,50363.7,89.6,102.4,6.13,248.9,33.01,50371.2,0.72,32741,1.182,8.09,-88.6,25.076,3.2,11.6
11/29/2021,3:15:00,0,B2,-0.37,50438.2,50360.2,89.6,102.4,6.13,248.3,33.01,50367.5,0.66,32739,1.173,8.09,-88.6,25.073,3.2,11.6
11/29/2021,3:30:00,0,B2,-0.36,50437.3,50354,89.7,102.4,6.13,248.4,33,50361.8,0.81,32735,1.171,8.09,-88.6,25.078,3.2,11.6
11/29/2021,3:45:00,0,B2,-0.36,50439.1,50358,89.5,102.3,6.12,248.6,33,50365.6,0.79,32738,1.166,8.09,-88.5,25.076,3.2,11.6
11/29/2021,4:00:00,0,B2,-0.35,50442.2,50354.9,89.5,102.3,6.12,247.9,33,50363,0.73,32736,1.169,8.09,-88.5,25.082,3.2,11.6
11/29/2021,4:15:00,0,B2,-0.35,50450.5,50357.8,89.6,102.3,6.13,247.8,33,50366.5,0.76,32738,1.171,8.09,-88.5,25.087,3.2,11.6
11/29/2021,4:30:00,0,B2,-0.37,50443.5,50359.8,89.5,102.3,6.12,247.9,33.01,50367.7,0.74,32739,1.179,8.09,-88.5,25.079,3.2,11.6
11/29/2021,4:45:00,0,B2,-0.39,50441,50359.3,89.3,102,6.11,247.3,33.01,50366.9,0.78,32739,1.174,8.09,-88.4,25.077,3.2,11.6
11/29/2021,5:00:00,0,B2,-0.34,50453.4,50357.4,89.6,102.4,6.13,248,33,50366.4,0.78,32738,1.165,8.09,-88.4,25.09,3.2,11.6
11/29/2021,5:15:00,0,B2,-0.36,50452.1,50358.5,89.5,102.3,6.12,247.4,33.01,50367.3,0.74,32739,1.165,8.09,-88.4,25.088,3.2,11.6
11/29/2021,5:30:00,0,B2,-0.37,50450.1,50358.4,89.4,102.1,6.11,247.9,33.01,50367,0.72,32739,1.18,8.09,-88.3,25.086,3.2,11.6
11/29/2021,5:45:00,0,B2,-0.35,50441.6,50354.3,89.3,102,6.11,247.6,33,50362.5,0.7,32736,1.165,8.09,-88.3,25.082,3.2,11.6
11/29/2021,6:00:00,0,B2,-0.36,50454.4,50358.4,89.5,102.2,6.12,248.5,33.01,50367.4,0.78,32739,1.173,8.08,-88.3,25.09,3.2,11.6
11/29/2021,6:15:00,0,B2,-0.34,50453.1,50354.5,89.4,102.2,6.12,248.6,33,50363.7,0.83,32736,1.171,8.08,-88.2,25.093,3.2,11.6
11/29/2021,6:30:00,0,B2,-0.32,50453.3,50360.1,89.4,102.1,6.11,248.7,33.01,50368.8,0.9,32740,1.169,8.08,-88.2,25.088,3.2,11.6
11/29/2021,6:45:00,0,B2,-0.28,50446.1,50357.8,89,101.7,6.09,248.7,33,50366.1,1.02,32738,1.172,8.08,-88.1,25.083,3.2,11.6
11/29/2021,7:00:00,0,B2,-0.3,50440.4,50360.4,89,101.7,6.09,248,33.01,50367.9,0.92,32739,1.177,8.08,-88.1,25.075,3.2,11.6
11/29/2021,7:15:00,0,B2,-0.28,50450.9,50354,89.1,101.8,6.1,247.5,33,50363,1.13,32736,1.168,8.08,-88.1,25.091,3.2,11.6
11/29/2021,7:30:00,0,B2,-0.25,50449.8,50359.3,89.1,101.8,6.09,247.5,33.01,50367.7,1.13,32739,1.17,8.08,-88,25.085,3.2,11.6
11/29/2021,7:45:00,0,B2,-0.26,50450.7,50357,89.3,102,6.1,247.6,33,50365.7,1.14,32738,1.165,8.08,-88,25.088,3.2,11.6
11/29/2021,8:00:00,0,B2,-0.24,50454.6,50358.1,89.3,102.1,6.11,247.1,33.01,50367.2,1.22,32739,1.175,8.08,-88,25.091,3.2,11.6
11/29/2021,8:15:00,0,B2,-0.25,50453.4,50357.5,89.5,102.3,6.12,247.6,33,50366.5,1.18,32738,1.175,8.08,-88,25.09,3.2,11.6
11/29/2021,8:30:00,0,B2,-0.27,50454.8,50361,89.6,102.4,6.13,247.4,33.01,50369.8,1.19,32740,1.184,8.08,-88,25.088,3.2,11.6
11/29/2021,8:45:00,0,B2,-0.27,50452,50355.3,89.8,102.6,6.14,248.7,33,50364.4,1.21,32737,1.181,8.08,-88,25.091,3.2,11.6
11/29/2021,9:00:00,0,B2,-0.22,50454.4,50360.6,90.1,103,6.16,248.5,33.01,50369.4,1.21,32740,1.173,8.08,-88,25.088,3.2,11.6
11/29/2021,9:15:00,0,B2,-0.23,50448.3,50358.9,90.6,103.5,6.19,248,33.01,50367.3,1.23,32739,1.17,8.08,-88.1,25.084,3.2,11.6
11/29/2021,9:30:00,0,B2,-0.26,50444.4,50357.6,91.1,104.1,6.23,248.9,33,50365.7,1.17,32738,1.173,8.08,-88.2,25.082,3.2,11.6
11/29/2021,9:45:00,0,B2,-0.23,50441.6,50357.8,91.1,104.1,6.23,249.1,33,50365.6,1.16,32738,1.168,8.08,-88.2,25.079,3.2,11.6
11/29/2021,10:00:00,0,B2,-0.26,50442.1,50357.1,91.5,104.5,6.26,249.2,33,50365.1,1.15,32737,1.179,8.09,-88.3,25.08,3.2,11.6
11/29/2021,10:15:00,0,B2,-0.26,50445.1,50359.4,92,105.1,6.29,245.1,33.01,50367.5,1.17,32739,1.174,8.09,-88.4,25.081,3.2,11.6
11/29/2021,10:30:00,0,B2,-0.23,50445.9,50358.6,92.6,105.8,6.33,247.3,33.01,50366.7,1.32,32738,1.165,8.09,-88.5,25.082,3.2,11.6
11/29/2021,10:45:00,0,B2,-0.26,50441.3,50356.4,92.6,105.7,6.33,248.9,33,50364.3,1.2,32737,1.166,8.09,-88.5,25.08,3.2,11.6
11/29/2021,11:00:00,0,B2,-0.27,50444.4,50357.9,92.7,106,6.34,248.9,33,50366,1.72,32738,1.18,8.09,-88.6,25.081,3.2,11.6
11/29/2021,11:15:00,0,B2,-0.26,50451.3,50355.1,93.5,106.8,6.39,248.9,33,50364.1,1.22,32737,1.175,8.09,-88.7,25.091,3.2,11.6
11/29/2021,11:30:00,0,B2,-0.27,50449.2,50356.7,93.7,107,6.41,249.9,33,50365.4,1.24,32738,1.169,8.09,-88.8,25.087,3.2,11.6
11/29/2021,11:45:00,0,B2,-0.27,50451.5,50354.3,94.2,107.6,6.44,249.7,33,50363.4,1.14,32736,1.165,8.1,-88.9,25.092,3.2,11.6
11/29/2021,12:00:00,0,B2,-0.28,50451.7,50353.8,94.1,107.6,6.44,250,33,50363,1.14,32736,1.175,8.1,-89,25.092,3.2,11.6
11/29/2021,12:15:00,0,B2,-0.28,50453.6,50352.7,94.5,108,6.47,250.3,33,50362.1,1.17,32735,1.165,8.1,-89.1,25.095,3.2,11.6
11/29/2021,12:30:00,0,B2,-0.27,50452.4,50350.1,94.9,108.4,6.49,250.2,33,50359.7,1.17,32734,1.165,8.1,-89.1,25.096,3.2,11.6
11/29/2021,12:45:00,0,B2,-0.27,50451.9,50351.4,94.6,108,6.47,251,33,50360.8,1.1,32735,1.173,8.1,-89.1,25.095,3.2,11.6
11/29/2021,13:00:00,0,B2,-0.3,50455.2,50353.2,94.7,108.2,6.47,250.1,33,50362.8,1.13,32736,1.169,8.1,-89.2,25.096,3.2,11.6
11/29/2021,13:15:00,0,B2,-0.29,50456.5,50350.9,95,108.6,6.5,250.2,33,50360.8,1.15,32735,1.183,8.1,-89.3,25.1,3.2,11.6
11/29/2021,13:30:00,0,B2,-0.29,50454.8,50350.9,94.9,108.4,6.49,250.3,33,50360.6,1.05,32734,1.175,8.1,-89.3,25.098,3.2,11.6
11/29/2021,13:45:00,0,B2,-0.26,50453.8,50349.3,95,108.6,6.5,250.9,33,50359.1,1.06,32733,1.164,8.1,-89.4,25.099,3.2,11.6
11/29/2021,14:00:00,0,B2,-0.29,50452.5,50349.8,95.1,108.6,6.5,251.2,33,50359.4,1.03,32734,1.171,8.1,-89.5,25.097,3.2,11.6
11/29/2021,14:15:00,0,B2,-0.29,50452.1,50350.5,95,108.6,6.5,250.9,33,50360,1.02,32734,1.173,8.11,-89.5,25.096,3.2,11.6
11/29/2021,14:30:00,0,B2,-0.29,50450.4,50349.6,95.3,108.9,6.52,250.6,33,50359,1.05,32733,1.166,8.11,-89.6,25.095,3.2,11.6
11/29/2021,14:45:00,0,B2,-0.33,50448.8,50348.9,95.3,108.8,6.51,251,33,50358.3,0.97,32733,1.183,8.11,-89.6,25.094,3.2,11.6
11/29/2021,15:00:00,0,B2,-0.46,22.1,22.7,86.9,99.3,7.36,255.9,0.01,22.6,6.39,15,1.18,8.09,-88.6,23.636,3.2,11.6
