Time Interval,Date,Temperature (ºF),Temperature (ºC),pH (mV),Salinity (PSU),Conductivity (µS/cm),"Conductivity, Non-Linear Function (µS/cm)","Conductivity, Specific (µS/cm)",Dissolved Oxygen (mg/L),"Dissolved Oxygen, Saturated (%)","Dissolved Oxygen, Local (%)",Oxygen Reduction Potential (mV),Chlorophyll (RFU),Total Algae (RFU),Total Dissolved Solids (mg/L),pH (YSI),Turbidity (RFU),Phosphate (mg/L),"Nitrate, Mid-Range (mg/L)","Nitrate, High-Range (mg/L)",pH_Hach,Alkalinity (mg/L CaCO3),Silica (mg/L),Iron (mg/L),Ammonia (mg/L)
Daily,2011-07-22,76.1563,24.6,NA,29.7,45500,NA,NA,NA,NA,NA,258,NA,NA,NA,8.5,NA,NA,NA,NA,NA,NA,NA,NA,NA
Daily,2011-07-23,76.2125,24.6,NA,29.7,45500,NA,NA,NA,NA,NA,264,NA,NA,NA,8.5,NA,NA,NA,NA,NA,NA,NA,NA,NA
Daily,2011-07-24,76.4375,24.7,NA,29.6,45600,NA,NA,NA,NA,NA,266,NA,NA,NA,8.5,NA,NA,NA,NA,NA,NA,NA,NA,NA
Daily,2011-07-25,76.325,24.6,NA,29.6,45500,NA,NA,NA,NA,NA,270,NA,NA,NA,8.5,NA,NA,NA,NA,NA,NA,NA,NA,NA
Daily,2011-07-26,76.6625,24.8,NA,29.6,45600,NA,NA,NA,NA,NA,274,NA,NA,NA,8.5,NA,NA,NA,NA,NA,NA,NA,NA,NA
Daily,2011-07-27,77.0563,25.1,NA,29.6,45900,NA,NA,NA,NA,NA,279,NA,NA,NA,8.5,NA,NA,NA,NA,NA,NA,NA,NA,NA
Daily,2011-07-28,77.5625,25.3,NA,29.4,45800,NA,NA,NA,NA,NA,279,NA,NA,NA,8.5,NA,NA,NA,NA,NA,NA,NA,NA,NA
Daily,2011-07-29,78.0688,25.6,NA,29.2,45800,NA,NA,NA,NA,NA,280,NA,NA,NA,8.5,NA,NA,NA,NA,NA,NA,NA,NA,NA
Daily,2011-07-30,78.35,25.8,NA,29.2,46000,NA,NA,NA,NA,NA,279,NA,NA,NA,8.5,NA,NA,NA,NA,NA,NA,NA,NA,NA
Daily,2011-07-31,78.4625,25.8,NA,29.2,46000,NA,NA,NA,NA,NA,279,NA,NA,NA,8.5,NA,NA,NA,NA,NA,NA,NA,NA,NA
Daily,2011-08-01,78.6875,26,NA,29.2,46100,NA,NA,NA,NA,NA,267,NA,NA,NA,8.5,NA,NA,NA,NA,NA,NA,NA,NA,NA
Daily,2011-08-02,79.1375,26.2,NA,29.2,46400,NA,NA,NA,NA,NA,272.5,NA,NA,NA,8.5,NA,NA,NA,NA,NA,NA,NA,NA,NA
Daily,2011-08-03,79.1375,26.2,NA,29.2,46400,NA,NA,NA,NA,NA,277,NA,NA,NA,8.5,NA,NA,NA,NA,NA,NA,NA,NA,NA
Daily,2011-08-04,79.1375,26.1,NA,29.2,46300,NA,NA,NA,NA,NA,281.5,NA,NA,NA,8.5,NA,NA,NA,NA,NA,NA,NA,NA,NA
Daily,2011-08-05,79.3625,26.3,NA,29.2,46500,NA,NA,NA,NA,NA,273,NA,NA,NA,8.5,NA,NA,NA,NA,NA,NA,NA,NA,NA
Daily,2011-08-06,79.7563,26.5,NA,29.2,46600,NA,NA,NA,NA,NA,280,NA,NA,NA,8.5,NA,NA,NA,NA,NA,NA,NA,NA,NA
Daily,2011-08-07,80.0094,26.7,NA,29.2,46800,NA,NA,NA,NA,NA,280,NA,NA,NA,8.5,NA,NA,NA,NA,NA,NA,NA,NA,NA
Daily,2011-08-08,80.2625,26.8,NA,29.2,46900,NA,NA,NA,NA,NA,279,NA,NA,NA,8.5,NA,NA,NA,NA,NA,NA,NA,NA,NA
Daily,2011-08-09,80.4313,26.9,NA,29.2,47000,NA,NA,NA,NA,NA,278,NA,NA,NA,8.5,NA,NA,NA,NA,NA,NA,NA,NA,NA
Daily,2011-08-10,80.4875,27,NA,29.2,47000,NA,NA,NA,NA,NA,275,NA,NA,NA,8.5,NA,NA,NA,NA,NA,NA,NA,NA,NA
Daily,2011-08-11,80.375,26.9,NA,29.2,46900,NA,NA,NA,NA,NA,264,NA,NA,NA,8.5,NA,NA,NA,NA,NA,NA,NA,NA,NA
Daily,2011-08-12,79.8125,26.6,NA,29.2,46700,NA,NA,NA,NA,NA,273,NA,NA,NA,8.5,NA,NA,NA,NA,NA,NA,NA,NA,NA
Daily,2011-08-13,79.4188,26.4,NA,29.2,46400,NA,NA,NA,NA,NA,274,NA,NA,NA,8.5,NA,NA,NA,NA,NA,NA,NA,NA,NA
Daily,2011-08-14,79.25,26.3,NA,29.2,46300,NA,NA,NA,NA,NA,283,NA,NA,NA,8.5,NA,NA,NA,NA,NA,NA,NA,NA,NA
Daily,2011-08-15,79.0812,26.2,NA,29.2,46200,NA,NA,NA,NA,NA,284,NA,NA,NA,8.5,NA,NA,NA,NA,NA,NA,NA,NA,NA
Daily,2011-08-16,78.8563,26.1,NA,29.1,46100,NA,NA,NA,NA,NA,285,NA,NA,NA,8.5,NA,NA,NA,NA,NA,NA,NA,NA,NA
Daily,2011-08-17,78.8,26,NA,29.1,46000,NA,NA,NA,NA,NA,286,NA,NA,NA,8.5,NA,NA,NA,NA,NA,NA,NA,NA,NA
Daily,2011-08-18,78.6313,25.9,NA,29.1,46000,NA,NA,NA,NA,NA,285,NA,NA,NA,8.5,NA,NA,NA,NA,NA,NA,NA,NA,NA
Daily,2011-08-19,78.125,25.7,NA,29.1,45700,NA,NA,NA,NA,NA,290,NA,NA,NA,8.5,NA,NA,NA,NA,NA,NA,NA,NA,NA
Daily,2011-08-20,78.0688,25.6,NA,29.1,45700,NA,NA,NA,NA,NA,295,NA,NA,NA,8.5,NA,NA,NA,NA,NA,NA,NA,NA,NA
Daily,2011-08-21,78.1813,25.7,NA,29.1,45700,NA,NA,NA,NA,NA,295,NA,NA,NA,8.5,NA,NA,NA,NA,NA,NA,NA,NA,NA
Daily,2011-08-22,78.1813,25.7,NA,29.1,45700,NA,NA,NA,NA,NA,297,NA,NA,NA,8.5,NA,NA,NA,NA,NA,NA,NA,NA,NA
Daily,2011-08-23,78.1813,25.7,NA,29.1,45700,NA,NA,NA,NA,NA,296,NA,NA,NA,8.5,NA,NA,NA,NA,NA,NA,NA,NA,NA
Daily,2011-08-24,78.2375,25.7,NA,29.1,45700,NA,NA,NA,NA,NA,296.5,NA,NA,NA,8.5,NA,NA,NA,NA,NA,NA,NA,NA,NA
Daily,2011-08-25,78.4063,25.8,NA,29.1,45800,NA,NA,NA,NA,NA,296,NA,NA,NA,8.6,NA,NA,NA,NA,NA,NA,NA,NA,NA
Daily,2011-08-26,78.5187,25.9,NA,29.1,45800,NA,NA,NA,NA,NA,292,NA,NA,NA,8.6,NA,NA,NA,NA,NA,NA,NA,NA,NA
Daily,2011-08-27,78.575,25.9,NA,29.1,45900,NA,NA,NA,NA,NA,293,NA,NA,NA,8.6,NA,NA,NA,NA,NA,NA,NA,NA,NA
Daily,2011-08-28,78.6313,25.9,NA,29,45900,NA,NA,NA,NA,NA,281,NA,NA,NA,8.6,NA,NA,NA,NA,NA,NA,NA,NA,NA
Daily,2011-08-29,78.6875,26,NA,29,45900,NA,NA,NA,NA,NA,292,NA,NA,NA,8.6,NA,NA,NA,NA,NA,NA,NA,NA,NA
Daily,2011-08-30,78.6875,26,NA,29,45900,NA,NA,NA,NA,NA,294,NA,NA,NA,8.6,NA,NA,NA,NA,NA,NA,NA,NA,NA
Daily,2011-08-31,78.6875,26,NA,29,45800,NA,NA,NA,NA,NA,294,NA,NA,NA,8.6,NA,NA,NA,NA,NA,NA,NA,NA,NA
Daily,2011-09-01,78.5187,25.9,NA,29,45700,NA,NA,NA,NA,NA,295,NA,NA,NA,8.6,NA,NA,NA,NA,NA,NA,NA,NA,NA
Daily,2011-09-02,78.5187,25.9,NA,29,45700,NA,NA,NA,NA,NA,296,NA,NA,NA,8.6,NA,NA,NA,NA,NA,NA,NA,NA,NA
Daily,2011-09-03,78.4625,25.9,NA,29,45700,NA,NA,NA,NA,NA,299,NA,NA,NA,8.6,NA,NA,NA,NA,NA,NA,NA,NA,NA
Daily,2011-09-04,78.4625,25.8,NA,29,45700,NA,NA,NA,NA,NA,300,NA,NA,NA,8.6,NA,NA,NA,NA,NA,NA,NA,NA,NA
Daily,2011-09-05,78.125,25.7,NA,28.9,45500,NA,NA,NA,NA,NA,300,NA,NA,NA,8.6,NA,NA,NA,NA,NA,NA,NA,NA,NA
Daily,2011-09-06,78.0125,25.6,NA,28.9,45400,NA,NA,NA,NA,NA,301,NA,NA,NA,8.6,NA,NA,NA,NA,NA,NA,NA,NA,NA
Daily,2011-09-07,78.125,25.7,NA,28.9,45500,NA,NA,NA,NA,NA,303,NA,NA,NA,8.6,NA,NA,NA,NA,NA,NA,NA,NA,NA
Daily,2011-09-08,78.35,25.8,NA,28.9,45600,NA,NA,NA,NA,NA,301,NA,NA,NA,8.6,NA,NA,NA,NA,NA,NA,NA,NA,NA
Daily,2011-09-09,78.2375,25.7,NA,28.9,45500,NA,NA,NA,NA,NA,298,NA,NA,NA,8.6,NA,NA,NA,NA,NA,NA,NA,NA,NA
Daily,2011-09-10,77.9,25.5,NA,28.9,45300,NA,NA,NA,NA,NA,299,NA,NA,NA,8.5,NA,NA,NA,NA,NA,NA,NA,NA,NA
Daily,2011-09-11,77.6188,25.4,NA,28.9,45200,NA,NA,NA,NA,NA,297,NA,NA,NA,8.6,NA,NA,NA,NA,NA,NA,NA,NA,NA
Daily,2011-09-12,77.2813,25.2,NA,28.9,45000,NA,NA,NA,NA,NA,300,NA,NA,NA,8.5,NA,NA,NA,NA,NA,NA,NA,NA,NA
Daily,2011-09-13,77,25,NA,28.9,44800,NA,NA,NA,NA,NA,303,NA,NA,NA,8.6,NA,NA,NA,NA,NA,NA,NA,NA,NA
Daily,2011-09-14,76.8312,24.9,NA,28.9,44700,NA,NA,NA,NA,NA,302,NA,NA,NA,8.6,NA,NA,NA,NA,NA,NA,NA,NA,NA
Daily,2011-09-15,76.7188,24.9,NA,28.9,44700,NA,NA,NA,NA,NA,301,NA,NA,NA,8.6,NA,NA,NA,NA,NA,NA,NA,NA,NA
Daily,2011-09-16,76.6625,24.9,NA,28.9,44700,NA,NA,NA,NA,NA,300,NA,NA,NA,8.6,NA,NA,NA,NA,NA,NA,NA,NA,NA
Daily,2011-09-17,76.9438,25,NA,28.9,44800,NA,NA,NA,NA,NA,303,NA,NA,NA,8.6,NA,NA,NA,NA,NA,NA,NA,NA,NA
Daily,2011-09-18,76.8875,25,NA,28.9,44700,NA,NA,NA,NA,NA,304,NA,NA,NA,8.6,NA,NA,NA,NA,NA,NA,NA,NA,NA
Daily,2011-09-19,76.8312,24.9,NA,28.9,44700,NA,NA,NA,NA,NA,303,NA,NA,NA,8.6,NA,NA,NA,NA,NA,NA,NA,NA,NA
Daily,2011-09-20,76.7188,24.9,NA,28.8,44600,NA,NA,NA,NA,NA,303,NA,NA,NA,8.6,NA,NA,NA,NA,NA,NA,NA,NA,NA
Daily,2011-09-21,77,25,NA,28.8,44700,NA,NA,NA,NA,NA,304,NA,NA,NA,8.6,NA,NA,NA,NA,NA,NA,NA,NA,NA
Daily,2011-09-22,78.2938,25.7,NA,28.8,45300,NA,NA,NA,NA,NA,301,NA,NA,NA,8.6,NA,NA,NA,NA,NA,NA,NA,NA,NA
Daily,2011-09-23,78.575,25.9,NA,28.8,45500,NA,NA,NA,NA,NA,301,NA,NA,NA,8.6,NA,NA,NA,NA,NA,NA,NA,NA,NA
Daily,2011-09-24,78.35,25.8,NA,28.8,45400,NA,NA,NA,NA,NA,299,NA,NA,NA,8.6,NA,NA,NA,NA,NA,NA,NA,NA,NA
Daily,2011-09-25,78.4625,25.8,NA,28.8,45500,NA,NA,NA,NA,NA,300,NA,NA,NA,8.6,NA,NA,NA,NA,NA,NA,NA,NA,NA
Daily,2011-09-26,78.0688,25.6,NA,28.8,45300,NA,NA,NA,NA,NA,304,NA,NA,NA,8.6,NA,NA,NA,NA,NA,NA,NA,NA,NA
Daily,2011-09-27,78.4063,25.8,NA,28.8,45400,NA,NA,NA,NA,NA,300,NA,NA,NA,8.6,NA,NA,NA,NA,NA,NA,NA,NA,NA
Daily,2011-09-28,78.0125,25.6,NA,28.8,45300,NA,NA,NA,NA,NA,302,NA,NA,NA,8.6,NA,NA,NA,NA,NA,NA,NA,NA,NA
Daily,2011-09-29,78.35,25.8,NA,28.8,45400,NA,NA,NA,NA,NA,297,NA,NA,NA,8.6,NA,NA,NA,NA,NA,NA,NA,NA,NA
Daily,2011-09-30,78.4625,25.8,NA,28.8,45400,NA,NA,NA,NA,NA,298,NA,NA,NA,8.5,NA,NA,NA,NA,NA,NA,NA,NA,NA
Daily,2011-10-01,78.2375,25.7,NA,28.8,45300,NA,NA,NA,NA,NA,297,NA,NA,NA,8.6,NA,NA,NA,NA,NA,NA,NA,NA,NA
Daily,2011-10-02,78.2938,25.8,NA,28.8,45300,NA,NA,NA,NA,NA,298,NA,NA,NA,8.6,NA,NA,NA,NA,NA,NA,NA,NA,NA
Daily,2011-10-03,78.4625,25.8,NA,28.8,45400,NA,NA,NA,NA,NA,301,NA,NA,NA,8.6,NA,NA,NA,NA,NA,NA,NA,NA,NA
Daily,2011-10-04,77.9562,25.6,NA,28.8,45100,NA,NA,NA,NA,NA,304,NA,NA,NA,8.6,NA,NA,NA,NA,NA,NA,NA,NA,NA
Daily,2011-10-05,78.125,25.6,NA,28.8,45200,NA,NA,NA,NA,NA,306,NA,NA,NA,8.6,NA,NA,NA,NA,NA,NA,NA,NA,NA
Daily,2011-10-06,78.2375,25.7,NA,28.8,45300,NA,NA,NA,NA,NA,308,NA,NA,NA,8.6,NA,NA,NA,NA,NA,NA,NA,NA,NA
Daily,2011-10-07,78.9688,26.1,NA,28.8,45700,NA,NA,NA,NA,NA,309,NA,NA,NA,8.5,NA,NA,NA,NA,NA,NA,NA,NA,NA
Daily,2011-10-08,79.3625,26.3,NA,28.8,45900,NA,NA,NA,NA,NA,314,NA,NA,NA,8.5,NA,NA,NA,NA,NA,NA,NA,NA,NA
Daily,2011-10-09,79.5875,26.4,NA,28.8,46000,NA,NA,NA,NA,NA,316,NA,NA,NA,8.5,NA,NA,NA,NA,NA,NA,NA,NA,NA
Daily,2011-10-10,79.9813,26.7,NA,28.8,46200,NA,NA,NA,NA,NA,318,NA,NA,NA,8.5,NA,NA,NA,NA,NA,NA,NA,NA,NA
Daily,2011-10-11,80.2062,26.8,NA,28.8,46300,NA,NA,NA,NA,NA,315.5,NA,NA,NA,8.5,NA,NA,NA,NA,NA,NA,NA,NA,NA
Daily,2011-10-12,80.0375,26.7,NA,28.8,46200,NA,NA,NA,NA,NA,315,NA,NA,NA,8.5,NA,NA,NA,NA,NA,NA,NA,NA,NA
Daily,2011-10-13,79.7563,26.6,NA,28.8,46100,NA,NA,NA,NA,NA,323,NA,NA,NA,8.5,NA,NA,NA,NA,NA,NA,NA,NA,NA
Daily,2011-10-14,78.9688,26.1,NA,28.8,45700,NA,NA,NA,NA,NA,325,NA,NA,NA,8.5,NA,NA,NA,NA,NA,NA,NA,NA,NA
Daily,2011-10-15,78.0688,25.7,NA,28.8,45200,NA,NA,NA,NA,NA,330,NA,NA,NA,8.5,NA,NA,NA,NA,NA,NA,NA,NA,NA
Daily,2011-10-16,78.0125,25.6,NA,28.8,45200,NA,NA,NA,NA,NA,334,NA,NA,NA,8.5,NA,NA,NA,NA,NA,NA,NA,NA,NA
Daily,2011-10-17,77.8438,25.5,NA,28.8,45100,NA,NA,NA,NA,NA,340,NA,NA,NA,8.5,NA,NA,NA,NA,NA,NA,NA,NA,NA
Daily,2011-10-18,78.125,25.7,NA,28.8,45200,NA,NA,NA,NA,NA,340,NA,NA,NA,8.5,NA,NA,NA,NA,NA,NA,NA,NA,NA
Daily,2011-10-19,78.9688,26.1,NA,28.8,45700,NA,NA,NA,NA,NA,336,NA,NA,NA,8.5,NA,NA,NA,NA,NA,NA,NA,NA,NA
Daily,2011-10-20,78.0688,25.6,NA,28.8,45300,NA,NA,NA,NA,NA,343,NA,NA,NA,8.5,NA,NA,NA,NA,NA,NA,NA,NA,NA
Daily,2011-10-21,77.9,25.5,NA,28.8,45200,NA,NA,NA,NA,NA,354,NA,NA,NA,8.5,NA,NA,NA,NA,NA,NA,NA,NA,NA
Daily,2011-10-22,77.9,25.5,NA,28.8,45200,NA,NA,NA,NA,NA,357,NA,NA,NA,8.5,NA,NA,NA,NA,NA,NA,NA,NA,NA
Daily,2011-10-23,77.7313,25.4,NA,28.8,45100,NA,NA,NA,NA,NA,359,NA,NA,NA,8.5,NA,NA,NA,NA,NA,NA,NA,NA,NA
Daily,2011-10-24,77.9,25.5,NA,28.8,45200,NA,NA,NA,NA,NA,364,NA,NA,NA,8.5,NA,NA,NA,NA,NA,NA,NA,NA,NA
Daily,2011-10-25,77.9562,25.5,NA,28.8,45200,NA,NA,NA,NA,NA,368,NA,NA,NA,8.5,NA,NA,NA,NA,NA,NA,NA,NA,NA
Daily,2011-10-26,78.2938,25.7,NA,28.8,45400,NA,NA,NA,NA,NA,369,NA,NA,NA,8.5,NA,NA,NA,NA,NA,NA,NA,NA,NA
Daily,2011-10-27,78.7438,26,NA,28.8,45600,NA,NA,NA,NA,NA,370,NA,NA,NA,8.5,NA,NA,NA,NA,NA,NA,NA,NA,NA
Daily,2011-10-28,79.1938,26.2,NA,28.8,45800,NA,NA,NA,NA,NA,369,NA,NA,NA,8.5,NA,NA,NA,NA,NA,NA,NA,NA,NA
Daily,2011-10-29,79.025,26.1,NA,28.9,45800,NA,NA,NA,NA,NA,367,NA,NA,NA,8.5,NA,NA,NA,NA,NA,NA,NA,NA,NA
Daily,2011-10-30,78.2375,25.7,NA,28.9,45400,NA,NA,NA,NA,NA,372,NA,NA,NA,8.5,NA,NA,NA,NA,NA,NA,NA,NA,NA
Daily,2011-10-31,77.9,25.5,NA,28.9,45200,NA,NA,NA,NA,NA,374,NA,NA,NA,8.6,NA,NA,NA,NA,NA,NA,NA,NA,NA
Daily,2011-11-01,78.0125,25.6,NA,28.8,45200,NA,NA,NA,NA,NA,374,NA,NA,NA,8.6,NA,NA,NA,NA,NA,NA,NA,NA,NA
Daily,2011-11-02,78.125,25.6,NA,28.8,45200,NA,NA,NA,NA,NA,372,NA,NA,NA,8.6,NA,NA,NA,NA,NA,NA,NA,NA,NA
Daily,2011-11-03,78.0688,25.6,NA,28.8,45200,NA,NA,NA,NA,NA,360,NA,NA,NA,8.6,NA,NA,NA,NA,NA,NA,NA,NA,NA
Daily,2011-11-04,78.35,25.8,NA,28.8,45300,NA,NA,NA,NA,NA,352,NA,NA,NA,8.6,NA,NA,NA,NA,NA,NA,NA,NA,NA
Daily,2011-11-05,78.575,25.9,NA,28.8,45500,NA,NA,NA,NA,NA,356,NA,NA,NA,8.5,NA,NA,NA,NA,NA,NA,NA,NA,NA
Daily,2011-11-06,78.2938,25.7,NA,28.7,45200,NA,NA,NA,NA,NA,361,NA,NA,NA,8.5,NA,NA,NA,NA,NA,NA,NA,NA,NA
Daily,2011-11-07,78.0688,25.6,NA,28.6,44900,NA,NA,NA,NA,NA,366.5,NA,NA,NA,8.5,NA,NA,NA,NA,NA,NA,NA,NA,NA
Daily,2011-11-08,78.4063,25.8,NA,28.3,44700,NA,NA,NA,NA,NA,373,NA,NA,NA,8.5,NA,NA,NA,NA,NA,NA,NA,NA,NA
Daily,2011-11-09,78.4625,25.7,NA,28.2,44400,NA,NA,NA,NA,NA,381,NA,NA,NA,8.5,NA,NA,NA,NA,NA,NA,NA,NA,NA
Daily,2011-11-10,78.6313,25.9,NA,28,44200,NA,NA,NA,NA,NA,383,NA,NA,NA,8.5,NA,NA,NA,NA,NA,NA,NA,NA,NA
Daily,2011-11-11,78.8,26,NA,27.8,44100,NA,NA,NA,NA,NA,382,NA,NA,NA,8.5,NA,NA,NA,NA,NA,NA,NA,NA,NA
Daily,2011-11-12,79.3625,26.3,NA,27.6,44100,NA,NA,NA,NA,NA,386,NA,NA,NA,8.5,NA,NA,NA,NA,NA,NA,NA,NA,NA
Daily,2011-11-13,79.6437,26.5,NA,27.3,43900,NA,NA,NA,NA,NA,386,NA,NA,NA,8.5,NA,NA,NA,NA,NA,NA,NA,NA,NA
Daily,2011-11-14,79.5313,26.4,NA,27.1,43500,NA,NA,NA,NA,NA,387,NA,NA,NA,8.5,NA,NA,NA,NA,NA,NA,NA,NA,NA
Daily,2011-11-15,79.6437,26.5,NA,27,43300,NA,NA,NA,NA,NA,383,NA,NA,NA,8.5,NA,NA,NA,NA,NA,NA,NA,NA,NA
Daily,2011-11-16,79.5313,26.4,NA,26.8,42900,NA,NA,NA,NA,NA,382,NA,NA,NA,8.5,NA,NA,NA,NA,NA,NA,NA,NA,NA
Daily,2011-11-17,79.3063,26.3,NA,26.6,42600,NA,NA,NA,NA,NA,377,NA,NA,NA,8.5,NA,NA,NA,NA,NA,NA,NA,NA,NA
Daily,2011-11-18,78.8,26,NA,26.4,42100,NA,NA,NA,NA,NA,376,NA,NA,NA,8.5,NA,NA,NA,NA,NA,NA,NA,NA,NA
Daily,2011-11-19,78.2375,25.7,NA,26.4,41900,NA,NA,NA,NA,NA,380,NA,NA,NA,8.5,NA,NA,NA,NA,NA,NA,NA,NA,NA
Daily,2011-11-20,78.2938,25.7,NA,26.5,42000,NA,NA,NA,NA,NA,384,NA,NA,NA,8.5,NA,NA,NA,NA,NA,NA,NA,NA,NA
Daily,2011-11-21,78.2938,25.7,NA,26.5,42000,NA,NA,NA,NA,NA,384,NA,NA,NA,8.5,NA,NA,NA,NA,NA,NA,NA,NA,NA
Daily,2011-11-22,79.025,26.1,NA,26.5,42400,NA,NA,NA,NA,NA,382,NA,NA,NA,8.5,NA,NA,NA,NA,NA,NA,NA,NA,NA
Daily,2011-11-23,79.16565,26.2,NA,26.6,42500,NA,NA,NA,NA,NA,378,NA,NA,NA,8.5,NA,NA,NA,NA,NA,NA,NA,NA,NA
Daily,2011-11-24,79.0812,26.1,NA,26.6,42500,NA,NA,NA,NA,NA,378,NA,NA,NA,8.5,NA,NA,NA,NA,NA,NA,NA,NA,NA
Daily,2011-11-25,78.9125,26.1,NA,26.6,42400,NA,NA,NA,NA,NA,381,NA,NA,NA,8.5,NA,NA,NA,NA,NA,NA,NA,NA,NA
Daily,2011-11-26,79.25,26.2,NA,26.6,42600,NA,NA,NA,NA,NA,382.5,NA,NA,NA,8.5,NA,NA,NA,NA,NA,NA,NA,NA,NA
Daily,2011-11-27,79.1375,26.2,NA,26.6,42600,NA,NA,NA,NA,NA,383,NA,NA,NA,8.5,NA,NA,NA,NA,NA,NA,NA,NA,NA
Daily,2011-11-28,79.025,26.1,NA,26.6,42500,NA,NA,NA,NA,NA,380,NA,NA,NA,8.5,NA,NA,NA,NA,NA,NA,NA,NA,NA
Daily,2011-11-29,78.9125,26,NA,26.6,42500,NA,NA,NA,NA,NA,385,NA,NA,NA,8.5,NA,NA,NA,NA,NA,NA,NA,NA,NA
Daily,2011-11-30,78.8,26,NA,26.6,42400,NA,NA,NA,NA,NA,383,NA,NA,NA,8.5,NA,NA,NA,NA,NA,NA,NA,NA,NA
Daily,2011-12-01,78.6875,25.9,NA,26.6,42400,NA,NA,NA,NA,NA,384,NA,NA,NA,8.5,NA,NA,NA,NA,NA,NA,NA,NA,NA
Daily,2011-12-02,78.8563,26,NA,26.6,42400,NA,NA,NA,NA,NA,388,NA,NA,NA,8.4,NA,NA,NA,NA,NA,NA,NA,NA,NA
Daily,2011-12-03,78.9125,26,NA,26.6,42500,NA,NA,NA,NA,NA,394.5,NA,NA,NA,8.4,NA,NA,NA,NA,NA,NA,NA,NA,NA
Daily,2011-12-04,79.4188,26.3,NA,26.7,42800,NA,NA,NA,NA,NA,395,NA,NA,NA,8.4,NA,NA,NA,NA,NA,NA,NA,NA,NA
Daily,2011-12-05,78.8563,26,NA,26.7,42500,NA,NA,NA,NA,NA,396,NA,NA,NA,8.4,NA,NA,NA,NA,NA,NA,NA,NA,NA
Daily,2011-12-06,78.575,25.8,NA,26.6,42400,NA,NA,NA,NA,NA,397,NA,NA,NA,8.4,NA,NA,NA,NA,NA,NA,NA,NA,NA
Daily,2011-12-07,78.6875,25.9,NA,26.7,42400,NA,NA,NA,NA,NA,394,NA,NA,NA,8.5,NA,NA,NA,NA,NA,NA,NA,NA,NA
Daily,2011-12-08,78.7438,26,NA,26.7,42400,NA,NA,NA,NA,NA,393,NA,NA,NA,8.5,NA,NA,NA,NA,NA,NA,NA,NA,NA
Daily,2011-12-09,78.1813,25.6,NA,26.6,42200,NA,NA,NA,NA,NA,395,NA,NA,NA,8.5,NA,NA,NA,NA,NA,NA,NA,NA,NA
Daily,2011-12-10,77.9,25.5,NA,26.7,42100,NA,NA,NA,NA,NA,388,NA,NA,NA,8.5,NA,NA,NA,NA,NA,NA,NA,NA,NA
Daily,2011-12-11,77.7313,25.4,NA,26.7,42000,NA,NA,NA,NA,NA,394,NA,NA,NA,8.5,NA,NA,NA,NA,NA,NA,NA,NA,NA
Daily,2011-12-12,77.675,25.4,NA,26.7,42000,NA,NA,NA,NA,NA,396,NA,NA,NA,8.5,NA,NA,NA,NA,NA,NA,NA,NA,NA
Daily,2011-12-13,77,25,NA,26.7,41700,NA,NA,NA,NA,NA,400,NA,NA,NA,8.4,NA,NA,NA,NA,NA,NA,NA,NA,NA
Daily,2011-12-14,76.55,24.7,NA,26.8,41600,NA,NA,NA,NA,NA,369,NA,NA,NA,8.4,NA,NA,NA,NA,NA,NA,NA,NA,NA
Daily,2011-12-15,77.7875,25.4,NA,26.8,42300,NA,NA,NA,NA,NA,357,NA,NA,NA,8.5,NA,NA,NA,NA,NA,NA,NA,NA,NA
Daily,2011-12-16,78.8563,26,NA,26.8,42700,NA,NA,NA,NA,NA,358,NA,NA,NA,8.5,NA,NA,NA,NA,NA,NA,NA,NA,NA
Daily,2011-12-17,79.3063,26.2,NA,26.8,42900,NA,NA,NA,NA,NA,362,NA,NA,NA,8.5,NA,NA,NA,NA,NA,NA,NA,NA,NA
Daily,2011-12-18,79.3625,26.2,NA,26.8,43000,NA,NA,NA,NA,NA,365,NA,NA,NA,8.5,NA,NA,NA,NA,NA,NA,NA,NA,NA
Daily,2011-12-19,78.8,25.9,NA,26.8,42700,NA,NA,NA,NA,NA,373,NA,NA,NA,8.5,NA,NA,NA,NA,NA,NA,NA,NA,NA
Daily,2011-12-20,79.0812,26.2,NA,26.8,42800,NA,NA,NA,NA,NA,369,NA,NA,NA,8.4,NA,NA,NA,NA,NA,NA,NA,NA,NA
Daily,2011-12-21,79.3625,26.3,NA,26.9,43100,NA,NA,NA,NA,NA,375,NA,NA,NA,8.4,NA,NA,NA,NA,NA,NA,NA,NA,NA
Daily,2011-12-22,79.4188,26.3,NA,26.9,43100,NA,NA,NA,NA,NA,378,NA,NA,NA,8.4,NA,NA,NA,NA,NA,NA,NA,NA,NA
Daily,2011-12-23,79.1375,26.1,NA,26.9,43000,NA,NA,NA,NA,NA,380,NA,NA,NA,8.4,NA,NA,NA,NA,NA,NA,NA,NA,NA
Daily,2011-12-24,79.1375,26.1,NA,26.9,43000,NA,NA,NA,NA,NA,382,NA,NA,NA,8.5,NA,NA,NA,NA,NA,NA,NA,NA,NA
Daily,2011-12-25,79.4188,26.3,NA,26.9,43200,NA,NA,NA,NA,NA,380,NA,NA,NA,8.5,NA,NA,NA,NA,NA,NA,NA,NA,NA
Daily,2011-12-26,79.7563,26.5,NA,26.9,43300,NA,NA,NA,NA,NA,380,NA,NA,NA,8.5,NA,NA,NA,NA,NA,NA,NA,NA,NA
Daily,2011-12-27,79.7,26.5,NA,26.9,43300,NA,NA,NA,NA,NA,373,NA,NA,NA,8.5,NA,NA,NA,NA,NA,NA,NA,NA,NA
Daily,2011-12-28,79.475,26.3,NA,26.9,43200,NA,NA,NA,NA,NA,385,NA,NA,NA,8.5,NA,NA,NA,NA,NA,NA,NA,NA,NA
Daily,2011-12-29,79.5875,26.4,NA,26.9,43300,NA,NA,NA,NA,NA,391,NA,NA,NA,8.5,NA,NA,NA,NA,NA,NA,NA,NA,NA
Daily,2011-12-30,80.0938,26.7,NA,26.9,43500,NA,NA,NA,NA,NA,395,NA,NA,NA,8.5,NA,NA,NA,NA,NA,NA,NA,NA,NA
Daily,2011-12-31,80.0375,26.7,NA,26.9,43500,NA,NA,NA,NA,NA,396,NA,NA,NA,8.5,NA,NA,NA,NA,NA,NA,NA,NA,NA
Daily,2012-01-01,80.0938,26.7,NA,26.9,43500,NA,NA,NA,NA,NA,393,NA,NA,NA,8.5,NA,NA,NA,NA,NA,NA,NA,NA,NA
Daily,2012-01-02,80.375,26.9,NA,26.9,43700,NA,NA,NA,NA,NA,394,NA,NA,NA,8.5,NA,NA,NA,NA,NA,NA,NA,NA,NA
Daily,2012-01-03,80.2062,26.8,NA,27,43600,NA,NA,NA,NA,NA,396,NA,NA,NA,8.5,NA,NA,NA,NA,NA,NA,NA,NA,NA
Daily,2012-01-04,80.15,26.7,NA,27,43600,NA,NA,NA,NA,NA,389,NA,NA,NA,8.5,NA,NA,NA,NA,NA,NA,NA,NA,NA
Daily,2012-01-05,80.0375,26.7,NA,27,43500,NA,NA,NA,NA,NA,385,NA,NA,NA,8.5,NA,NA,NA,NA,NA,NA,NA,NA,NA
Daily,2012-01-06,80.0938,26.7,NA,27,43600,NA,NA,NA,NA,NA,388,NA,NA,NA,8.5,NA,NA,NA,NA,NA,NA,NA,NA,NA
Daily,2012-01-07,80.0938,26.7,NA,27,43600,NA,NA,NA,NA,NA,388,NA,NA,NA,8.5,NA,NA,NA,NA,NA,NA,NA,NA,NA
Daily,2012-01-08,79.8688,26.6,NA,27,43500,NA,NA,NA,NA,NA,389,NA,NA,NA,8.5,NA,NA,NA,NA,NA,NA,NA,NA,NA
Daily,2012-01-09,79.8688,26.6,NA,27,43500,NA,NA,NA,NA,NA,390,NA,NA,NA,8.5,NA,NA,NA,NA,NA,NA,NA,NA,NA
Daily,2012-01-10,79.7,26.5,NA,27,43500,NA,NA,NA,NA,NA,389,NA,NA,NA,8.5,NA,NA,NA,NA,NA,NA,NA,NA,NA
Daily,2012-01-11,79.0812,26.2,NA,27.1,43200,NA,NA,NA,NA,NA,388,NA,NA,NA,8.5,NA,NA,NA,NA,NA,NA,NA,NA,NA
Daily,2012-01-12,78.6875,25.9,NA,27.1,43000,NA,NA,NA,NA,NA,391,NA,NA,NA,8.5,NA,NA,NA,NA,NA,NA,NA,NA,NA
Daily,2012-01-13,79.025,26.1,NA,27.1,43200,NA,NA,NA,NA,NA,386,NA,NA,NA,8.5,NA,NA,NA,NA,NA,NA,NA,NA,NA
Daily,2012-01-14,79.6437,26.4,NA,27.1,43500,NA,NA,NA,NA,NA,387,NA,NA,NA,8.5,NA,NA,NA,NA,NA,NA,NA,NA,NA
Daily,2012-01-15,80.4875,26.9,NA,27.1,43900,NA,NA,NA,NA,NA,382,NA,NA,NA,8.5,NA,NA,NA,NA,NA,NA,NA,NA,NA
Daily,2012-01-16,80.9938,27.2,NA,27.1,44200,NA,NA,NA,NA,NA,368,NA,NA,NA,8.5,NA,NA,NA,NA,NA,NA,NA,NA,NA
Daily,2012-01-17,81.3312,27.4,NA,27.1,44400,NA,NA,NA,NA,NA,367.5,NA,NA,NA,8.5,NA,NA,NA,NA,NA,NA,NA,NA,NA
Daily,2012-01-18,80.8813,27.1,NA,27.15,44200,NA,NA,NA,NA,NA,363,NA,NA,NA,8.5,NA,NA,NA,NA,NA,NA,NA,NA,NA
Daily,2012-01-19,80.4313,26.9,NA,27.2,44000,NA,NA,NA,NA,NA,367,NA,NA,NA,8.5,NA,NA,NA,NA,NA,NA,NA,NA,NA
Daily,2012-01-20,79.925,26.6,NA,27.2,43800,NA,NA,NA,NA,NA,371,NA,NA,NA,8.5,NA,NA,NA,NA,NA,NA,NA,NA,NA
Daily,2012-01-21,79.7,26.5,NA,27.2,43700,NA,NA,NA,NA,NA,372,NA,NA,NA,8.5,NA,NA,NA,NA,NA,NA,NA,NA,NA
Daily,2012-01-22,79.5875,26.4,NA,27.2,43600,NA,NA,NA,NA,NA,371,NA,NA,NA,8.5,NA,NA,NA,NA,NA,NA,NA,NA,NA
Daily,2012-01-23,79.475,26.4,NA,27.2,43500,NA,NA,NA,NA,NA,371,NA,NA,NA,8.5,NA,NA,NA,NA,NA,NA,NA,NA,NA
Daily,2012-01-24,79.7,26.5,NA,27.1,43500,NA,NA,NA,NA,NA,370,NA,NA,NA,8.6,NA,NA,NA,NA,NA,NA,NA,NA,NA
Daily,2012-01-25,79.8688,26.6,NA,27.1,43600,NA,NA,NA,NA,NA,371,NA,NA,NA,8.6,NA,NA,NA,NA,NA,NA,NA,NA,NA
Daily,2012-01-26,80.0938,26.7,NA,27.1,43700,NA,NA,NA,NA,NA,365,NA,NA,NA,8.6,NA,NA,NA,NA,NA,NA,NA,NA,NA
Daily,2012-01-27,79.925,26.6,NA,27.1,43600,NA,NA,NA,NA,NA,347,NA,NA,NA,8.6,NA,NA,NA,NA,NA,NA,NA,NA,NA
Daily,2012-01-28,79.6437,26.4,NA,27.1,43500,NA,NA,NA,NA,NA,349,NA,NA,NA,8.6,NA,NA,NA,NA,NA,NA,NA,NA,NA
Daily,2012-01-29,79.1938,26.2,NA,27.1,43300,NA,NA,NA,NA,NA,352,NA,NA,NA,8.6,NA,NA,NA,NA,NA,NA,NA,NA,NA
Daily,2012-01-30,79.3625,26.3,NA,27.1,43300,NA,NA,NA,NA,NA,352,NA,NA,NA,8.6,NA,NA,NA,NA,NA,NA,NA,NA,NA
Daily,2012-01-31,79.8688,26.6,NA,27.1,43600,NA,NA,NA,NA,NA,351,NA,NA,NA,8.6,NA,NA,NA,NA,NA,NA,NA,NA,NA
Daily,2012-02-01,80.375,26.8,NA,27.1,43800,NA,NA,NA,NA,NA,353,NA,NA,NA,8.6,NA,NA,NA,NA,NA,NA,NA,NA,NA
Daily,2012-02-02,80.4313,26.8,NA,27.1,43800,NA,NA,NA,NA,NA,355,NA,NA,NA,8.6,NA,NA,NA,NA,NA,NA,NA,NA,NA
Daily,2012-02-03,80.4875,26.8,NA,27.1,43800,NA,NA,NA,NA,NA,351,NA,NA,NA,8.6,NA,NA,NA,NA,NA,NA,NA,NA,NA
Daily,2012-02-04,80.7687,27,NA,27.1,43900,NA,NA,NA,NA,NA,348,NA,NA,NA,8.6,NA,NA,NA,NA,NA,NA,NA,NA,NA
Daily,2012-02-05,80.6563,27,NA,27.1,43900,NA,NA,NA,NA,NA,350,NA,NA,NA,8.6,NA,NA,NA,NA,NA,NA,NA,NA,NA
Daily,2012-02-06,80.3188,26.8,NA,27.1,43800,NA,NA,NA,NA,NA,349,NA,NA,NA,8.6,NA,NA,NA,NA,NA,NA,NA,NA,NA
Daily,2012-02-07,79.925,26.6,NA,27,43500,NA,NA,NA,NA,NA,353,NA,NA,NA,8.6,NA,NA,NA,NA,NA,NA,NA,NA,NA
Daily,2012-02-08,79.8688,26.5,NA,27,43500,NA,NA,NA,NA,NA,357,NA,NA,NA,8.6,NA,NA,NA,NA,NA,NA,NA,NA,NA
Daily,2012-02-09,79.8125,26.5,NA,27,43400,NA,NA,NA,NA,NA,352,NA,NA,NA,8.6,NA,NA,NA,NA,NA,NA,NA,NA,NA
Daily,2012-02-10,79.9813,26.6,NA,27,43500,NA,NA,NA,NA,NA,353,NA,NA,NA,8.6,NA,NA,NA,NA,NA,NA,NA,NA,NA
Daily,2012-02-11,80.2062,26.7,NA,27,43600,NA,NA,NA,NA,NA,358,NA,NA,NA,8.7,NA,NA,NA,NA,NA,NA,NA,NA,NA
Daily,2012-02-12,80.15,26.7,NA,27,43600,NA,NA,NA,NA,NA,357,NA,NA,NA,8.7,NA,NA,NA,NA,NA,NA,NA,NA,NA
Daily,2012-02-13,79.9813,26.6,NA,27,43500,NA,NA,NA,NA,NA,352,NA,NA,NA,8.6,NA,NA,NA,NA,NA,NA,NA,NA,NA
Daily,2012-02-14,79.8125,26.5,NA,27,43300,NA,NA,NA,NA,NA,353,NA,NA,NA,8.6,NA,NA,NA,NA,NA,NA,NA,NA,NA
Daily,2012-02-15,79.5875,26.4,NA,26.9,43100,NA,NA,NA,NA,NA,275,NA,NA,NA,8.6,NA,NA,NA,NA,NA,NA,NA,NA,NA
Daily,2012-02-16,79.8125,26.5,NA,26.8,43100,NA,NA,NA,NA,NA,303,NA,NA,NA,8.6,NA,NA,NA,NA,NA,NA,NA,NA,NA
Daily,2012-02-17,79.7,26.4,NA,26.8,43100,NA,NA,NA,NA,NA,327,NA,NA,NA,8.6,NA,NA,NA,NA,NA,NA,NA,NA,NA
Daily,2012-02-18,79.5875,26.4,NA,26.8,43000,NA,NA,NA,NA,NA,339,NA,NA,NA,8.6,NA,NA,NA,NA,NA,NA,NA,NA,NA
Daily,2012-02-19,79.4188,26.3,NA,26.8,42900,NA,NA,NA,NA,NA,345,NA,NA,NA,8.6,NA,NA,NA,NA,NA,NA,NA,NA,NA
Daily,2012-02-20,79.1938,26.2,NA,26.8,42800,NA,NA,NA,NA,NA,351,NA,NA,NA,8.6,NA,NA,NA,NA,NA,NA,NA,NA,NA
Daily,2012-02-21,78.9125,26,NA,26.8,42700,NA,NA,NA,NA,NA,356,NA,NA,NA,8.6,NA,NA,NA,NA,NA,NA,NA,NA,NA
Daily,2012-02-22,78.7438,26,NA,26.8,42600,NA,NA,NA,NA,NA,360,NA,NA,NA,8.6,NA,NA,NA,NA,NA,NA,NA,NA,NA
Daily,2012-02-23,78.8563,26,NA,26.7,42600,NA,NA,NA,NA,NA,360,NA,NA,NA,8.6,NA,NA,NA,NA,NA,NA,NA,NA,NA
Daily,2012-02-24,79.6437,26.4,NA,26.7,43000,NA,NA,NA,NA,NA,362,NA,NA,NA,8.6,NA,NA,NA,NA,NA,NA,NA,NA,NA
Daily,2012-02-25,80.0938,26.7,NA,26.7,43200,NA,NA,NA,NA,NA,361,NA,NA,NA,8.6,NA,NA,NA,NA,NA,NA,NA,NA,NA
Daily,2012-02-26,80.3188,26.8,NA,26.7,43300,NA,NA,NA,NA,NA,362,NA,NA,NA,8.6,NA,NA,NA,NA,NA,NA,NA,NA,NA
Daily,2012-02-27,80.6563,27,NA,26.7,43400,NA,NA,NA,NA,NA,354,NA,NA,NA,8.6,NA,NA,NA,NA,NA,NA,NA,NA,NA
Daily,2012-02-28,80.7125,27,NA,26.7,43400,NA,NA,NA,NA,NA,362,NA,NA,NA,8.6,NA,NA,NA,NA,NA,NA,NA,NA,NA
Daily,2012-02-29,80.9094,27.2,NA,26.7,43600,NA,NA,NA,NA,NA,362,NA,NA,NA,8.6,NA,NA,NA,NA,NA,NA,NA,NA,NA
Daily,2012-03-01,79.8688,26.6,NA,26.7,43100,NA,NA,NA,NA,NA,366,NA,NA,NA,8.6,NA,NA,NA,NA,NA,NA,NA,NA,NA
Daily,2012-03-02,79.0812,26.2,NA,26.7,42800,NA,NA,NA,NA,NA,365,NA,NA,NA,8.7,NA,NA,NA,NA,NA,NA,NA,NA,NA
Daily,2012-03-03,78.35,25.8,NA,26.7,42400,NA,NA,NA,NA,NA,365,NA,NA,NA,8.7,NA,NA,NA,NA,NA,NA,NA,NA,NA
Daily,2012-03-04,77.9,25.5,NA,26.7,42200,NA,NA,NA,NA,NA,356,NA,NA,NA,8.7,NA,NA,NA,NA,NA,NA,NA,NA,NA
Daily,2012-03-05,78.5187,25.8,NA,26.7,42500,NA,NA,NA,NA,NA,373,NA,NA,NA,8.7,NA,NA,NA,NA,NA,NA,NA,NA,NA
Daily,2012-03-06,78.8,26,NA,26.7,42600,NA,NA,NA,NA,NA,380,NA,NA,NA,8.7,NA,NA,NA,NA,NA,NA,NA,NA,NA
Daily,2012-03-07,79.1375,26.2,NA,26.7,42700,NA,NA,NA,NA,NA,382,NA,NA,NA,8.7,NA,NA,NA,NA,NA,NA,NA,NA,NA
Daily,2012-03-08,79.4188,26.3,NA,26.7,42700,NA,NA,NA,NA,NA,383,NA,NA,NA,8.7,NA,NA,NA,NA,NA,NA,NA,NA,NA
Daily,2012-03-09,79.3063,26.2,NA,26.7,42700,NA,NA,NA,NA,NA,388,NA,NA,NA,8.7,NA,NA,NA,NA,NA,NA,NA,NA,NA
Daily,2012-03-10,79.8125,26.5,NA,26.6,42900,NA,NA,NA,NA,NA,393,NA,NA,NA,8.7,NA,NA,NA,NA,NA,NA,NA,NA,NA
Daily,2012-03-11,80.3188,26.8,NA,26.4,42700,NA,NA,NA,NA,NA,396,NA,NA,NA,8.7,NA,NA,NA,NA,NA,NA,NA,NA,NA
Daily,2012-03-12,80.2062,26.7,NA,26.3,42600,NA,NA,NA,NA,NA,400,NA,NA,NA,8.7,NA,NA,NA,NA,NA,NA,NA,NA,NA
Daily,2012-03-13,79.925,26.6,NA,26.4,42500,NA,NA,NA,NA,NA,404,NA,NA,NA,8.7,NA,NA,NA,NA,NA,NA,NA,NA,NA
Daily,2012-03-14,79.7,26.5,NA,26.4,42500,NA,NA,NA,NA,NA,405,NA,NA,NA,8.7,NA,NA,NA,NA,NA,NA,NA,NA,NA
Daily,2012-03-15,79.3625,26.2,NA,26.4,42300,NA,NA,NA,NA,NA,407,NA,NA,NA,8.7,NA,NA,NA,NA,NA,NA,NA,NA,NA
Daily,2012-03-20,79.3625,26.3,NA,26.5,42400,NA,NA,NA,NA,NA,410,NA,NA,NA,8.7,NA,NA,NA,NA,NA,NA,NA,NA,NA
Daily,2012-03-21,79.3063,26.2,NA,26.5,42400,NA,NA,NA,NA,NA,410,NA,NA,NA,8.7,NA,NA,NA,NA,NA,NA,NA,NA,NA
Daily,2012-03-22,79.25,26.2,NA,26.5,42500,NA,NA,NA,NA,NA,407,NA,NA,NA,8.7,NA,NA,NA,NA,NA,NA,NA,NA,NA
Daily,2012-03-23,78.6313,25.9,NA,26.5,42200,NA,NA,NA,NA,NA,407,NA,NA,NA,8.7,NA,NA,NA,NA,NA,NA,NA,NA,NA
Daily,2012-03-24,78.4063,25.8,NA,26.5,42100,NA,NA,NA,NA,NA,408,NA,NA,NA,8.7,NA,NA,NA,NA,NA,NA,NA,NA,NA
Daily,2012-03-25,78.4063,25.8,NA,26.5,42100,NA,NA,NA,NA,NA,NA,NA,NA,NA,8.7,NA,NA,NA,NA,NA,NA,NA,NA,NA
Daily,2012-03-26,79.0812,26.1,NA,26.5,42400,NA,NA,NA,NA,NA,378,NA,NA,NA,8.7,NA,NA,NA,NA,NA,NA,NA,NA,NA
Daily,2012-03-27,79.475,26.4,NA,26.5,42600,NA,NA,NA,NA,NA,393,NA,NA,NA,8.7,NA,NA,NA,NA,NA,NA,NA,NA,NA
Daily,2012-03-28,79.7,26.5,NA,26.5,42600,NA,NA,NA,NA,NA,395,NA,NA,NA,8.7,NA,NA,NA,NA,NA,NA,NA,NA,NA
Daily,2012-03-29,79.8688,26.6,NA,26.4,42700,NA,NA,NA,NA,NA,395,NA,NA,NA,8.7,NA,NA,NA,NA,NA,NA,NA,NA,NA
Daily,2012-03-30,79.8688,26.6,NA,26.4,42700,NA,NA,NA,NA,NA,391,NA,NA,NA,8.7,NA,NA,NA,NA,NA,NA,NA,NA,NA
Daily,2012-03-31,78.6875,26,NA,26.4,42100,NA,NA,NA,NA,NA,391,NA,NA,NA,8.7,NA,NA,NA,NA,NA,NA,NA,NA,NA
Daily,2012-04-01,78.4063,25.7,NA,26.4,41900,NA,NA,NA,NA,NA,388.5,NA,NA,NA,8.7,NA,NA,NA,NA,NA,NA,NA,NA,NA
Daily,2012-04-02,78.2938,25.7,NA,26.4,41900,NA,NA,NA,NA,NA,391,NA,NA,NA,8.7,NA,NA,NA,NA,NA,NA,NA,NA,NA
Daily,2012-04-03,78.5187,25.8,NA,26.4,42000,NA,NA,NA,NA,NA,388,NA,NA,NA,8.7,NA,NA,NA,NA,NA,NA,NA,NA,NA
Daily,2012-04-04,78.9688,26,NA,26.4,42100,NA,NA,NA,NA,NA,385,NA,NA,NA,8.7,NA,NA,NA,NA,NA,NA,NA,NA,NA
Daily,2012-04-05,78.9125,26.1,NA,26.3,42100,NA,NA,NA,NA,NA,387,NA,NA,NA,8.7,NA,NA,NA,NA,NA,NA,NA,NA,NA
Daily,2012-04-06,79.1375,26.1,NA,26.3,42100,NA,NA,NA,NA,NA,389,NA,NA,NA,8.7,NA,NA,NA,NA,NA,NA,NA,NA,NA
Daily,2012-04-07,79.475,26.4,NA,26.3,42300,NA,NA,NA,NA,NA,390,NA,NA,NA,8.7,NA,NA,NA,NA,NA,NA,NA,NA,NA
Daily,2012-04-08,79.3625,26.3,NA,26.3,42200,NA,NA,NA,NA,NA,389,NA,NA,NA,8.7,NA,NA,NA,NA,NA,NA,NA,NA,NA
Daily,2012-04-09,79.1938,26.2,NA,26.3,42200,NA,NA,NA,NA,NA,390,NA,NA,NA,8.7,NA,NA,NA,NA,NA,NA,NA,NA,NA
Daily,2012-04-10,78.4625,25.9,NA,26.3,41900,NA,NA,NA,NA,NA,391,NA,NA,NA,8.7,NA,NA,NA,NA,NA,NA,NA,NA,NA
Daily,2012-04-11,78.125,25.6,NA,26.3,41700,NA,NA,NA,NA,NA,392,NA,NA,NA,8.7,NA,NA,NA,NA,NA,NA,NA,NA,NA
Daily,2012-04-12,78.6875,25.9,NA,26.3,41900,NA,NA,NA,NA,NA,381,NA,NA,NA,8.7,NA,NA,NA,NA,NA,NA,NA,NA,NA
Daily,2012-04-13,79.025,26.1,NA,26.2,41900,NA,NA,NA,NA,NA,388,NA,NA,NA,8.7,NA,NA,NA,NA,NA,NA,NA,NA,NA
Daily,2012-04-14,79.8688,26.5,NA,26.2,42300,NA,NA,NA,NA,NA,388,NA,NA,NA,8.7,NA,NA,NA,NA,NA,NA,NA,NA,NA
Daily,2012-04-15,80.6,26.9,NA,26.2,42700,NA,NA,NA,NA,NA,389,NA,NA,NA,8.7,NA,NA,NA,NA,NA,NA,NA,NA,NA
Daily,2012-04-16,80.0938,26.7,NA,26.2,42500,NA,NA,NA,NA,NA,387,NA,NA,NA,8.7,NA,NA,NA,NA,NA,NA,NA,NA,NA
Daily,2012-04-17,79.7,26.5,NA,26.2,42300,NA,NA,NA,NA,NA,387,NA,NA,NA,8.7,NA,NA,NA,NA,NA,NA,NA,NA,NA
Daily,2012-04-18,79.025,26.2,NA,26.3,42100,NA,NA,NA,NA,NA,387,NA,NA,NA,8.7,NA,NA,NA,NA,NA,NA,NA,NA,NA
Daily,2012-04-19,78.575,25.9,NA,26.3,41800,NA,NA,NA,NA,NA,389,NA,NA,NA,8.7,NA,NA,NA,NA,NA,NA,NA,NA,NA
Daily,2012-04-20,78.2938,25.7,NA,26.3,41600,NA,NA,NA,NA,NA,364,NA,NA,NA,8.7,NA,NA,NA,NA,NA,NA,NA,NA,NA
Daily,2012-04-21,78.4063,25.8,NA,26.3,41700,NA,NA,NA,NA,NA,363,NA,NA,NA,8.7,NA,NA,NA,NA,NA,NA,NA,NA,NA
Daily,2012-04-22,78.4063,25.8,NA,26.3,41800,NA,NA,NA,NA,NA,354,NA,NA,NA,8.7,NA,NA,NA,NA,NA,NA,NA,NA,NA
Daily,2012-04-23,78.2938,25.7,NA,26.3,41700,NA,NA,NA,NA,NA,352,NA,NA,NA,8.7,NA,NA,NA,NA,NA,NA,NA,NA,NA
Daily,2012-04-24,78.0688,25.6,NA,26.3,41600,NA,NA,NA,NA,NA,353,NA,NA,NA,8.7,NA,NA,NA,NA,NA,NA,NA,NA,NA
Daily,2012-04-25,78.2375,25.7,NA,26.3,41600,NA,NA,NA,NA,NA,353,NA,NA,NA,8.7,NA,NA,NA,NA,NA,NA,NA,NA,NA
Daily,2012-04-26,78.8,26,NA,26.3,41900,NA,NA,NA,NA,NA,353,NA,NA,NA,8.7,NA,NA,NA,NA,NA,NA,NA,NA,NA
Daily,2012-04-27,78.6313,25.9,NA,26.3,41900,NA,NA,NA,NA,NA,346,NA,NA,NA,8.7,NA,NA,NA,NA,NA,NA,NA,NA,NA
Daily,2012-04-28,79.3625,26.3,NA,26.3,42200,NA,NA,NA,NA,NA,346.5,NA,NA,NA,8.7,NA,NA,NA,NA,NA,NA,NA,NA,NA
Daily,2012-04-29,79.5313,26.4,NA,26.3,42300,NA,NA,NA,NA,NA,347,NA,NA,NA,8.7,NA,NA,NA,NA,NA,NA,NA,NA,NA
Daily,2012-04-30,79.3625,26.3,NA,26.3,42200,NA,NA,NA,NA,NA,345,NA,NA,NA,8.7,NA,NA,NA,NA,NA,NA,NA,NA,NA
Daily,2012-05-01,79.025,26.1,NA,26.3,42100,NA,NA,NA,NA,NA,345,NA,NA,NA,8.7,NA,NA,NA,NA,NA,NA,NA,NA,NA
Daily,2012-05-02,78.125,25.7,NA,26.3,41700,NA,NA,NA,NA,NA,347,NA,NA,NA,8.8,NA,NA,NA,NA,NA,NA,NA,NA,NA
Daily,2012-05-03,77.1688,25.1,NA,26.2,41100,NA,NA,NA,NA,NA,353,NA,NA,NA,8.8,NA,NA,NA,NA,NA,NA,NA,NA,NA
Daily,2012-05-04,76.2687,24.7,NA,26.2,40800,NA,NA,NA,NA,NA,354,NA,NA,NA,8.8,NA,NA,NA,NA,NA,NA,NA,NA,NA
Daily,2012-05-05,75.4813,24.2,NA,26.2,40400,NA,NA,NA,NA,NA,355,NA,NA,NA,8.8,NA,NA,NA,NA,NA,NA,NA,NA,NA
Daily,2012-05-06,74.975,23.9,NA,26.2,40100,NA,NA,NA,NA,NA,357,NA,NA,NA,8.8,NA,NA,NA,NA,NA,NA,NA,NA,NA
Daily,2012-05-07,74.9188,23.8,NA,26.1,40000,NA,NA,NA,NA,NA,356,NA,NA,NA,8.8,NA,NA,NA,NA,NA,NA,NA,NA,NA
Daily,2012-05-08,75.9875,24.4,NA,26.2,40500,NA,NA,NA,NA,NA,355,NA,NA,NA,8.8,NA,NA,NA,NA,NA,NA,NA,NA,NA
Daily,2012-05-09,76.2125,24.5,NA,26.2,40600,NA,NA,NA,NA,NA,350,NA,NA,NA,8.8,NA,NA,NA,NA,NA,NA,NA,NA,NA
Daily,2012-05-10,76.55,24.7,NA,26.2,40800,NA,NA,NA,NA,NA,342,NA,NA,NA,8.8,NA,NA,NA,NA,NA,NA,NA,NA,NA
Daily,2012-05-11,77.1125,25,NA,26.1,41000,NA,NA,NA,NA,NA,338,NA,NA,NA,8.8,NA,NA,NA,NA,NA,NA,NA,NA,NA
Daily,2012-05-12,76.6625,24.8,NA,26.1,40700,NA,NA,NA,NA,NA,339,NA,NA,NA,8.8,NA,NA,NA,NA,NA,NA,NA,NA,NA
Daily,2012-05-18,76.6625,24.9,NA,26.1,40700,NA,NA,NA,NA,NA,337,NA,NA,NA,8.8,NA,NA,NA,NA,NA,NA,NA,NA,NA
Daily,2012-05-19,76.8312,24.9,NA,26.1,40800,NA,NA,NA,NA,NA,327.5,NA,NA,NA,8.8,NA,NA,NA,NA,NA,NA,NA,NA,NA
Daily,2012-07-13,76.2125,24.6,NA,25.9,40200,NA,NA,NA,NA,NA,309,NA,NA,NA,8.8,NA,NA,NA,NA,NA,NA,NA,NA,NA
Daily,2012-07-14,76.1,24.5,NA,25.9,40100,NA,NA,NA,NA,NA,310,NA,NA,NA,8.8,NA,NA,NA,NA,NA,NA,NA,NA,NA
Daily,2012-07-15,76.0438,24.5,NA,25.9,40100,NA,NA,NA,NA,NA,308,NA,NA,NA,8.8,NA,NA,NA,NA,NA,NA,NA,NA,NA
Daily,2012-07-16,76.8312,24.9,NA,25.9,40500,NA,NA,NA,NA,NA,305,NA,NA,NA,8.8,NA,NA,NA,NA,NA,NA,NA,NA,NA
Daily,2012-07-17,76.8875,25,NA,25.9,40600,NA,NA,NA,NA,NA,300,NA,NA,NA,8.8,NA,NA,NA,NA,NA,NA,NA,NA,NA
Daily,2012-07-18,76.8875,25,NA,25.9,40600,NA,NA,NA,NA,NA,299,NA,NA,NA,8.8,NA,NA,NA,NA,NA,NA,NA,NA,NA
Daily,2012-07-19,76.9438,25,NA,25.8,40500,NA,NA,NA,NA,NA,299,NA,NA,NA,8.8,NA,NA,NA,NA,NA,NA,NA,NA,NA
Daily,2012-07-20,77.225,25.1,NA,25.8,40600,NA,NA,NA,NA,NA,298,NA,NA,NA,8.8,NA,NA,NA,NA,NA,NA,NA,NA,NA
Daily,2012-07-21,77.5625,25.3,NA,25.8,40700,NA,NA,NA,NA,NA,295,NA,NA,NA,8.8,NA,NA,NA,NA,NA,NA,NA,NA,NA
Daily,2012-07-22,77.675,25.4,NA,25.8,40700,NA,NA,NA,NA,NA,294,NA,NA,NA,8.8,NA,NA,NA,NA,NA,NA,NA,NA,NA
Daily,2012-07-23,77.675,25.4,NA,25.8,40800,NA,NA,NA,NA,NA,295,NA,NA,NA,8.8,NA,NA,NA,NA,NA,NA,NA,NA,NA
Daily,2012-07-24,77.9562,25.5,NA,25.8,40900,NA,NA,NA,NA,NA,294,NA,NA,NA,8.8,NA,NA,NA,NA,NA,NA,NA,NA,NA
Daily,2012-07-25,78.2938,25.7,NA,25.8,41000,NA,NA,NA,NA,NA,293,NA,NA,NA,8.8,NA,NA,NA,NA,NA,NA,NA,NA,NA
Daily,2012-07-26,78.6313,25.9,NA,25.8,41200,NA,NA,NA,NA,NA,291,NA,NA,NA,8.8,NA,NA,NA,NA,NA,NA,NA,NA,NA
Daily,2012-07-27,78.6875,26,NA,25.8,41200,NA,NA,NA,NA,NA,292,NA,NA,NA,8.8,NA,NA,NA,NA,NA,NA,NA,NA,NA
Daily,2012-07-28,78.0688,25.6,NA,25.8,40900,NA,NA,NA,NA,NA,295,NA,NA,NA,8.8,NA,NA,NA,NA,NA,NA,NA,NA,NA
Daily,2012-07-29,77.7313,25.5,NA,25.8,40700,NA,NA,NA,NA,NA,296,NA,NA,NA,8.8,NA,NA,NA,NA,NA,NA,NA,NA,NA
Daily,2012-07-30,77.5625,25.3,NA,25.8,40700,NA,NA,NA,NA,NA,297,NA,NA,NA,8.8,NA,NA,NA,NA,NA,NA,NA,NA,NA
Daily,2012-07-31,77.2813,25.2,NA,25.7,40500,NA,NA,NA,NA,NA,295,NA,NA,NA,8.8,NA,NA,NA,NA,NA,NA,NA,NA,NA
Daily,2012-08-01,77.0563,25,NA,25.7,40400,NA,NA,NA,NA,NA,293,NA,NA,NA,8.8,NA,NA,NA,NA,NA,NA,NA,NA,NA
Daily,2012-08-02,76.7188,24.9,NA,25.7,40200,NA,NA,NA,NA,NA,292,NA,NA,NA,8.9,NA,NA,NA,NA,NA,NA,NA,NA,NA
Daily,2012-08-03,76.6063,24.9,NA,25.5,39700,NA,NA,NA,NA,NA,290,NA,NA,NA,8.8,NA,NA,NA,NA,NA,NA,NA,NA,NA
Daily,2012-08-04,76.4375,24.8,NA,25,38800,NA,NA,NA,NA,NA,290,NA,NA,NA,8.9,NA,NA,NA,NA,NA,NA,NA,NA,NA
Daily,2012-08-05,76.325,24.7,NA,NA,37200,NA,NA,NA,NA,NA,287,NA,NA,NA,8.8,NA,NA,NA,NA,NA,NA,NA,NA,NA
Daily,2012-08-06,76.3813,24.8,NA,NA,33600,NA,NA,NA,NA,NA,291,NA,NA,NA,8.8,NA,NA,NA,NA,NA,NA,NA,NA,NA
Daily,2012-08-07,76.6063,24.9,NA,NA,30300,NA,NA,NA,NA,NA,288,NA,NA,NA,8.8,NA,NA,NA,NA,NA,NA,NA,NA,NA
Daily,2012-08-08,76.775,25,NA,NA,29500,NA,NA,NA,NA,NA,288,NA,NA,NA,8.8,NA,NA,NA,NA,NA,NA,NA,NA,NA
Daily,2012-08-09,76.8875,25,NA,NA,33300,NA,NA,NA,NA,NA,287,NA,NA,NA,8.8,NA,NA,NA,NA,NA,NA,NA,NA,NA
Daily,2012-08-10,76.9438,25,NA,25.6,NA,NA,NA,NA,NA,NA,287,NA,NA,NA,8.8,NA,NA,NA,NA,NA,NA,NA,NA,NA
Daily,2012-08-11,76.7188,24.9,NA,25.6,40100,NA,NA,NA,NA,NA,287,NA,NA,NA,8.8,NA,NA,NA,NA,NA,NA,NA,NA,NA
Daily,2012-08-12,76.4938,24.8,NA,25.6,40000,NA,NA,NA,NA,NA,286,NA,NA,NA,8.8,NA,NA,NA,NA,NA,NA,NA,NA,NA
Daily,2012-08-13,76.4375,24.8,NA,25.6,40000,NA,NA,NA,NA,NA,285,NA,NA,NA,8.9,NA,NA,NA,NA,NA,NA,NA,NA,NA
Daily,2012-08-14,76.325,24.7,NA,25.6,39900,NA,NA,NA,NA,NA,285,NA,NA,NA,8.8,NA,NA,NA,NA,NA,NA,NA,NA,NA
Daily,2012-08-15,76.0438,24.5,NA,25.6,39800,NA,NA,NA,NA,NA,283,NA,NA,NA,8.8,NA,NA,NA,NA,NA,NA,NA,NA,NA
Daily,2012-08-16,75.65,24.3,NA,25.6,39600,NA,NA,NA,NA,NA,282,NA,NA,NA,8.8,NA,NA,NA,NA,NA,NA,NA,NA,NA
Daily,2012-08-17,75.3688,24.1,NA,25.7,39500,NA,NA,NA,NA,NA,287,NA,NA,NA,8.8,NA,NA,NA,NA,NA,NA,NA,NA,NA
Daily,2012-08-18,75.1437,24,NA,25.7,39500,NA,NA,NA,NA,NA,288,NA,NA,NA,8.8,NA,NA,NA,NA,NA,NA,NA,NA,NA
Daily,2012-08-19,75.2,24.1,NA,25.7,39600,NA,NA,NA,NA,NA,287,NA,NA,NA,8.8,NA,NA,NA,NA,NA,NA,NA,NA,NA
Daily,2012-08-20,75.3688,24.1,NA,25.7,39600,NA,NA,NA,NA,NA,285,NA,NA,NA,8.8,NA,NA,NA,NA,NA,NA,NA,NA,NA
Daily,2012-08-21,75.4813,24.2,NA,25.6,39600,NA,NA,NA,NA,NA,283,NA,NA,NA,8.8,NA,NA,NA,NA,NA,NA,NA,NA,NA
Daily,2012-08-22,75.2563,24,NA,25.6,39400,NA,NA,NA,NA,NA,283,NA,NA,NA,8.7,NA,NA,NA,NA,NA,NA,NA,NA,NA
Daily,2012-08-23,75.2563,24,NA,25.6,39400,NA,NA,NA,NA,NA,282,NA,NA,NA,8.7,NA,NA,NA,NA,NA,NA,NA,NA,NA
Daily,2012-08-24,75.2563,24.1,NA,25.6,39400,NA,NA,NA,NA,NA,283,NA,NA,NA,8.7,NA,NA,NA,NA,NA,NA,NA,NA,NA
Daily,2012-08-25,75.425,24.2,NA,25.6,39500,NA,NA,NA,NA,NA,281,NA,NA,NA,8.8,NA,NA,NA,NA,NA,NA,NA,NA,NA
Daily,2012-08-26,75.4813,24.2,NA,25.6,39500,NA,NA,NA,NA,NA,278,NA,NA,NA,8.8,NA,NA,NA,NA,NA,NA,NA,NA,NA
Daily,2012-08-27,75.8188,24.4,NA,25.6,39600,NA,NA,NA,NA,NA,277,NA,NA,NA,8.8,NA,NA,NA,NA,NA,NA,NA,NA,NA
Daily,2012-08-28,76.0438,24.5,NA,25.6,39800,NA,NA,NA,NA,NA,275,NA,NA,NA,8.8,NA,NA,NA,NA,NA,NA,NA,NA,NA
Daily,2012-08-29,76.1,24.5,NA,25.6,39800,NA,NA,NA,NA,NA,273,NA,NA,NA,8.8,NA,NA,NA,NA,NA,NA,NA,NA,NA
Daily,2012-08-30,76.1563,24.6,NA,25.6,39900,NA,NA,NA,NA,NA,271,NA,NA,NA,8.8,NA,NA,NA,NA,NA,NA,NA,NA,NA
Daily,2012-08-31,76.325,24.7,NA,25.7,40000,NA,NA,NA,NA,NA,270,NA,NA,NA,8.8,NA,NA,NA,NA,NA,NA,NA,NA,NA
Daily,2012-09-01,76.2687,24.7,NA,25.7,40000,NA,NA,NA,NA,NA,270,NA,NA,NA,8.8,NA,NA,NA,NA,NA,NA,NA,NA,NA
Daily,2012-09-02,76.325,24.7,NA,25.7,40000,NA,NA,NA,NA,NA,269,NA,NA,NA,8.8,NA,NA,NA,NA,NA,NA,NA,NA,NA
Daily,2012-09-03,76.2125,24.6,NA,25.7,40000,NA,NA,NA,NA,NA,269,NA,NA,NA,8.8,NA,NA,NA,NA,NA,NA,NA,NA,NA
Daily,2012-09-04,76.0438,24.5,NA,25.7,39900,NA,NA,NA,NA,NA,268,NA,NA,NA,8.8,NA,NA,NA,NA,NA,NA,NA,NA,NA
Daily,2012-09-05,76.2125,24.6,NA,25.7,40000,NA,NA,NA,NA,NA,267,NA,NA,NA,8.8,NA,NA,NA,NA,NA,NA,NA,NA,NA
Daily,2012-09-06,76.6625,24.8,NA,25.7,40100,NA,NA,NA,NA,NA,266,NA,NA,NA,8.8,NA,NA,NA,NA,NA,NA,NA,NA,NA
Daily,2012-09-07,76.6063,24.8,NA,25.7,40100,NA,NA,NA,NA,NA,266,NA,NA,NA,8.8,NA,NA,NA,NA,NA,NA,NA,NA,NA
Daily,2012-09-08,76.7188,24.8,NA,25.6,40100,NA,NA,NA,NA,NA,266,NA,NA,NA,8.8,NA,NA,NA,NA,NA,NA,NA,NA,NA
Daily,2012-09-09,76.325,24.6,NA,25.5,39700,NA,NA,NA,NA,NA,267,NA,NA,NA,8.8,NA,NA,NA,NA,NA,NA,NA,NA,NA
Daily,2012-09-10,76.1563,24.5,NA,25.3,39400,NA,NA,NA,NA,NA,268,NA,NA,NA,8.8,NA,NA,NA,NA,NA,NA,NA,NA,NA
Daily,2012-09-11,75.9875,24.4,NA,25.1,39000,NA,NA,NA,NA,NA,266,NA,NA,NA,8.8,NA,NA,NA,NA,NA,NA,NA,NA,NA
Daily,2012-09-12,75.9313,24.4,NA,NA,38500,NA,NA,NA,NA,NA,266,NA,NA,NA,8.8,NA,NA,NA,NA,NA,NA,NA,NA,NA
Daily,2012-09-13,75.9875,24.4,NA,NA,37700,NA,NA,NA,NA,NA,266,NA,NA,NA,8.8,NA,NA,NA,NA,NA,NA,NA,NA,NA
Daily,2012-09-14,75.9313,24.4,NA,NA,36300,NA,NA,NA,NA,NA,266,NA,NA,NA,8.8,NA,NA,NA,NA,NA,NA,NA,NA,NA
Daily,2012-09-15,75.8188,24.3,NA,NA,34200,NA,NA,NA,NA,NA,266,NA,NA,NA,8.8,NA,NA,NA,NA,NA,NA,NA,NA,NA
Daily,2012-09-16,75.65,24.2,NA,NA,32500,NA,NA,NA,NA,NA,259,NA,NA,NA,8.8,NA,NA,NA,NA,NA,NA,NA,NA,NA
Daily,2012-09-17,75.5375,24.2,NA,NA,30600,NA,NA,NA,NA,NA,257,NA,NA,NA,8.8,NA,NA,NA,NA,NA,NA,NA,NA,NA
Daily,2012-09-18,75.4813,24.1,NA,NA,35600,NA,NA,NA,NA,NA,257,NA,NA,NA,8.8,NA,NA,NA,NA,NA,NA,NA,NA,NA
Daily,2012-09-19,75.425,24.1,NA,NA,34900,NA,NA,NA,NA,NA,256,NA,NA,NA,8.8,NA,NA,NA,NA,NA,NA,NA,NA,NA
Daily,2012-09-20,75.3688,24.1,NA,NA,NA,NA,NA,NA,NA,NA,255,NA,NA,NA,8.8,NA,NA,NA,NA,NA,NA,NA,NA,NA
Daily,2012-09-21,75.4813,24.2,NA,25.5,39400,NA,NA,NA,NA,NA,254,NA,NA,NA,8.8,NA,NA,NA,NA,NA,NA,NA,NA,NA
Daily,2012-09-22,75.5375,24.2,NA,25.5,39400,NA,NA,NA,NA,NA,252,NA,NA,NA,8.8,NA,NA,NA,NA,NA,NA,NA,NA,NA
Daily,2012-09-23,75.4813,24.2,NA,25.5,39400,NA,NA,NA,NA,NA,251,NA,NA,NA,8.8,NA,NA,NA,NA,NA,NA,NA,NA,NA
Daily,2012-09-24,75.5938,24.2,NA,25.5,39500,NA,NA,NA,NA,NA,250,NA,NA,NA,8.8,NA,NA,NA,NA,NA,NA,NA,NA,NA
Daily,2012-09-25,75.5938,24.3,NA,25.5,39500,NA,NA,NA,NA,NA,249,NA,NA,NA,8.8,NA,NA,NA,NA,NA,NA,NA,NA,NA
Daily,2012-09-26,75.5938,24.3,NA,25.5,39400,NA,NA,NA,NA,NA,247,NA,NA,NA,8.8,NA,NA,NA,NA,NA,NA,NA,NA,NA
Daily,2012-09-27,75.5938,24.2,NA,25.4,39300,NA,NA,NA,NA,NA,247,NA,NA,NA,8.8,NA,NA,NA,NA,NA,NA,NA,NA,NA
Daily,2012-09-28,75.5375,24.2,NA,25.2,38900,NA,NA,NA,NA,NA,247,NA,NA,NA,8.8,NA,NA,NA,NA,NA,NA,NA,NA,NA
Daily,2012-09-29,75.4813,24.2,NA,25,38500,NA,NA,NA,NA,NA,246,NA,NA,NA,8.8,NA,NA,NA,NA,NA,NA,NA,NA,NA
Daily,2012-09-30,75.5375,24.2,NA,NA,37900,NA,NA,NA,NA,NA,245,NA,NA,NA,8.8,NA,NA,NA,NA,NA,NA,NA,NA,NA
Daily,2012-10-01,75.5938,24.2,NA,NA,37100,NA,NA,NA,NA,NA,245,NA,NA,NA,8.8,NA,NA,NA,NA,NA,NA,NA,NA,NA
Daily,2012-10-02,75.5375,24.2,NA,NA,36100,NA,NA,NA,NA,NA,245,NA,NA,NA,8.8,NA,NA,NA,NA,NA,NA,NA,NA,NA
Daily,2012-10-03,75.3688,24.1,NA,NA,34900,NA,NA,NA,NA,NA,245,NA,NA,NA,8.8,NA,NA,NA,NA,NA,NA,NA,NA,NA
Daily,2012-10-04,74.8063,23.9,NA,NA,33000,NA,NA,NA,NA,NA,245,NA,NA,NA,8.8,NA,NA,NA,NA,NA,NA,NA,NA,NA
Daily,2012-10-05,74.3563,23.6,NA,NA,NA,NA,NA,NA,NA,NA,245,NA,NA,NA,8.8,NA,NA,NA,NA,NA,NA,NA,NA,NA
Daily,2012-10-06,73.85,23.3,NA,25.7,39000,NA,NA,NA,NA,NA,248,NA,NA,NA,8.8,NA,NA,NA,NA,NA,NA,NA,NA,NA
Daily,2012-10-07,73.2875,23,NA,25.7,38700,NA,NA,NA,NA,NA,249,NA,NA,NA,8.8,NA,NA,NA,NA,NA,NA,NA,NA,NA
Daily,2012-10-08,72.8375,22.8,NA,25.7,38500,NA,NA,NA,NA,NA,249,NA,NA,NA,8.8,NA,NA,NA,NA,NA,NA,NA,NA,NA
Daily,2012-10-09,72.6125,22.6,NA,25.7,38400,NA,NA,NA,NA,NA,249,NA,NA,NA,8.8,NA,NA,NA,NA,NA,NA,NA,NA,NA
Daily,2012-10-10,72.3313,22.4,NA,25.7,38300,NA,NA,NA,NA,NA,249,NA,NA,NA,8.8,NA,NA,NA,NA,NA,NA,NA,NA,NA
Daily,2012-10-11,71.9375,22.2,NA,25.7,38100,NA,NA,NA,NA,NA,249,NA,NA,NA,8.8,NA,NA,NA,NA,NA,NA,NA,NA,NA
Daily,2012-10-12,71.6,22,NA,25.7,37900,NA,NA,NA,NA,NA,250,NA,NA,NA,8.8,NA,NA,NA,NA,NA,NA,NA,NA,NA
Daily,2012-10-13,71.375,21.9,NA,25.7,37800,NA,NA,NA,NA,NA,249,NA,NA,NA,8.8,NA,NA,NA,NA,NA,NA,NA,NA,NA
Daily,2012-10-14,71.15,21.7,NA,25.6,37700,NA,NA,NA,NA,NA,249,NA,NA,NA,8.8,NA,NA,NA,NA,NA,NA,NA,NA,NA
Daily,2013-01-10,79.8688,26.4,NA,25.6,41200,NA,NA,NA,NA,NA,206,NA,NA,NA,8.7,NA,NA,NA,NA,NA,NA,NA,NA,NA
Daily,2013-01-11,79.925,26.6,NA,25.6,41400,NA,NA,NA,NA,NA,207,NA,NA,NA,8.7,NA,NA,NA,NA,NA,NA,NA,NA,NA
Daily,2013-01-31,79.9813,26.6,NA,25.6,41500,NA,NA,NA,NA,NA,207,NA,NA,NA,8.7,NA,NA,NA,NA,NA,NA,NA,NA,NA
Daily,2013-02-01,79.7563,26.5,NA,25.6,41400,NA,NA,NA,NA,NA,206,NA,NA,NA,8.7,NA,NA,NA,NA,NA,NA,NA,NA,NA
Daily,2013-02-02,79.8688,26.5,NA,25.6,41400,NA,NA,NA,NA,NA,205,NA,NA,NA,8.7,NA,NA,NA,NA,NA,NA,NA,NA,NA
Daily,2013-02-03,79.7563,26.5,NA,25.6,41400,NA,NA,NA,NA,NA,206,NA,NA,NA,8.7,NA,NA,NA,NA,NA,NA,NA,NA,NA
Daily,2013-02-04,79.6437,26.4,NA,25.6,41300,NA,NA,NA,NA,NA,205,NA,NA,NA,8.7,NA,NA,NA,NA,NA,NA,NA,NA,NA
Daily,2013-02-05,79.8688,26.5,NA,25.6,41400,NA,NA,NA,NA,NA,204,NA,NA,NA,8.7,NA,NA,NA,NA,NA,NA,NA,NA,NA
Daily,2013-02-06,79.925,26.5,NA,25.6,41400,NA,NA,NA,NA,NA,204,NA,NA,NA,8.7,NA,NA,NA,NA,NA,NA,NA,NA,NA
Daily,2013-02-07,79.8125,26.5,NA,25.6,41400,NA,NA,NA,NA,NA,204,NA,NA,NA,8.7,NA,NA,NA,NA,NA,NA,NA,NA,NA
Daily,2013-02-08,79.7,26.4,NA,25.6,41300,NA,NA,NA,NA,NA,203,NA,NA,NA,8.7,NA,NA,NA,NA,NA,NA,NA,NA,NA
Daily,2013-02-09,80.0938,26.6,NA,25.6,41400,NA,NA,NA,NA,NA,202,NA,NA,NA,8.7,NA,NA,NA,NA,NA,NA,NA,NA,NA
Daily,2013-02-10,79.8688,26.5,NA,25.6,41400,NA,NA,NA,NA,NA,200,NA,NA,NA,8.7,NA,NA,NA,NA,NA,NA,NA,NA,NA
Daily,2013-02-11,79.8125,26.4,NA,25.6,41200,NA,NA,NA,NA,NA,201,NA,NA,NA,8.7,NA,NA,NA,NA,NA,NA,NA,NA,NA
Daily,2013-02-12,79.6437,26.4,NA,25.5,41100,NA,NA,NA,NA,NA,202,NA,NA,NA,8.7,NA,NA,NA,NA,NA,NA,NA,NA,NA
Daily,2013-02-13,79.7,26.4,NA,25.5,41100,NA,NA,NA,NA,NA,201,NA,NA,NA,8.7,NA,NA,NA,NA,NA,NA,NA,NA,NA
Daily,2013-02-14,79.475,26.3,NA,25.5,41100,NA,NA,NA,NA,NA,201,NA,NA,NA,8.7,NA,NA,NA,NA,NA,NA,NA,NA,NA
Daily,2013-02-15,79.1938,26.2,NA,25.6,41000,NA,NA,NA,NA,NA,201,NA,NA,NA,8.7,NA,NA,NA,NA,NA,NA,NA,NA,NA
Daily,2013-02-16,79.1938,26.1,NA,25.6,41000,NA,NA,NA,NA,NA,201,NA,NA,NA,8.7,NA,NA,NA,NA,NA,NA,NA,NA,NA
Daily,2013-02-17,78.6875,25.9,NA,25.6,40900,NA,NA,NA,NA,NA,200,NA,NA,NA,8.8,NA,NA,NA,NA,NA,NA,NA,NA,NA
Daily,2013-02-18,78.8,25.9,NA,25.6,40800,NA,NA,NA,NA,NA,200,NA,NA,NA,8.8,NA,NA,NA,NA,NA,NA,NA,NA,NA
Daily,2013-02-19,79.1938,26.1,NA,25.6,41000,NA,NA,NA,NA,NA,199,NA,NA,NA,8.8,NA,NA,NA,NA,NA,NA,NA,NA,NA
Daily,2013-02-20,79.475,26.2,NA,25.6,41200,NA,NA,NA,NA,NA,198,NA,NA,NA,8.8,NA,NA,NA,NA,NA,NA,NA,NA,NA
Daily,2013-02-21,79.6437,26.3,NA,25.6,41200,NA,NA,NA,NA,NA,198,NA,NA,NA,8.8,NA,NA,NA,NA,NA,NA,NA,NA,NA
Daily,2013-02-22,79.7,26.4,NA,25.6,41300,NA,NA,NA,NA,NA,198,NA,NA,NA,8.8,NA,NA,NA,NA,NA,NA,NA,NA,NA
Daily,2013-02-23,79.7,26.4,NA,25.6,41300,NA,NA,NA,NA,NA,198,NA,NA,NA,8.8,NA,NA,NA,NA,NA,NA,NA,NA,NA
Daily,2013-02-24,79.1375,26.1,NA,25.6,41100,NA,NA,NA,NA,NA,197,NA,NA,NA,8.8,NA,NA,NA,NA,NA,NA,NA,NA,NA
Daily,2013-02-25,79.3625,26.2,NA,25.6,41100,NA,NA,NA,NA,NA,198,NA,NA,NA,8.8,NA,NA,NA,NA,NA,NA,NA,NA,NA
Daily,2013-02-26,79.0812,26.1,NA,25.7,41200,NA,NA,NA,NA,NA,198,NA,NA,NA,8.8,NA,NA,NA,NA,NA,NA,NA,NA,NA
Daily,2013-02-27,78.9125,26,NA,25.7,41100,NA,NA,NA,NA,NA,197,NA,NA,NA,8.8,NA,NA,NA,NA,NA,NA,NA,NA,NA
Daily,2013-02-28,78.9688,26,NA,25.6,41000,NA,NA,NA,NA,NA,197,NA,NA,NA,8.8,NA,NA,NA,NA,NA,NA,NA,NA,NA
Daily,2013-03-01,79.1375,26.1,NA,25.6,41000,NA,NA,NA,NA,NA,197,NA,NA,NA,8.8,NA,NA,NA,NA,NA,NA,NA,NA,NA
Daily,2013-03-02,79.0812,26.1,NA,25.6,41000,NA,NA,NA,NA,NA,196,NA,NA,NA,8.8,NA,NA,NA,NA,NA,NA,NA,NA,NA
Daily,2013-03-03,78.8,26,NA,25.6,40900,NA,NA,NA,NA,NA,197,NA,NA,NA,8.8,NA,NA,NA,NA,NA,NA,NA,NA,NA
Daily,2013-03-04,79.1375,26.1,NA,25.6,41000,NA,NA,NA,NA,NA,196,NA,NA,NA,8.8,NA,NA,NA,NA,NA,NA,NA,NA,NA
Daily,2013-03-05,79.3063,26.2,NA,25.6,41100,NA,NA,NA,NA,NA,196,NA,NA,NA,8.8,NA,NA,NA,NA,NA,NA,NA,NA,NA
Daily,2013-03-06,79.925,26.5,NA,25.6,41400,NA,NA,NA,NA,NA,194,NA,NA,NA,8.8,NA,NA,NA,NA,NA,NA,NA,NA,NA
Daily,2013-03-07,80.4875,26.9,NA,25.6,41600,NA,NA,NA,NA,NA,193,NA,NA,NA,8.8,NA,NA,NA,NA,NA,NA,NA,NA,NA
Daily,2013-03-08,80.6563,27,NA,25.6,41700,NA,NA,NA,NA,NA,192,NA,NA,NA,8.8,NA,NA,NA,NA,NA,NA,NA,NA,NA
Daily,2013-03-09,80.6,26.9,NA,25.6,41600,NA,NA,NA,NA,NA,193,NA,NA,NA,8.8,NA,NA,NA,NA,NA,NA,NA,NA,NA
Daily,2013-03-10,79.6437,26.5,NA,25.6,41300,NA,NA,NA,NA,NA,195,NA,NA,NA,8.8,NA,NA,NA,NA,NA,NA,NA,NA,NA
Daily,2013-03-11,79.475,26.3,NA,25.6,41200,NA,NA,NA,NA,NA,195,NA,NA,NA,8.8,NA,NA,NA,NA,NA,NA,NA,NA,NA
Daily,2013-03-12,79.4469,26.3,NA,25.6,41200,NA,NA,NA,NA,NA,196,NA,NA,NA,8.8,NA,NA,NA,NA,NA,NA,NA,NA,NA
Daily,2013-03-13,79.7563,26.5,NA,25.6,41300,NA,NA,NA,NA,NA,196,NA,NA,NA,8.8,NA,NA,NA,NA,NA,NA,NA,NA,NA
Daily,2013-03-14,80.2625,26.8,NA,25.6,41500,NA,NA,NA,NA,NA,193,NA,NA,NA,8.8,NA,NA,NA,NA,NA,NA,NA,NA,NA
Daily,2013-03-15,80.4875,26.9,NA,25.6,41700,NA,NA,NA,NA,NA,194,NA,NA,NA,8.8,NA,NA,NA,NA,NA,NA,NA,NA,NA
Daily,2013-03-16,80.6,27,NA,25.7,41800,NA,NA,NA,NA,NA,192,NA,NA,NA,8.8,NA,NA,NA,NA,NA,NA,NA,NA,NA
Daily,2013-03-17,80.5438,27,NA,25.7,41800,NA,NA,NA,NA,NA,190,NA,NA,NA,8.8,NA,NA,NA,NA,NA,NA,NA,NA,NA
Daily,2013-03-18,80.4875,26.9,NA,25.7,41800,NA,NA,NA,NA,NA,189,NA,NA,NA,8.8,NA,NA,NA,NA,NA,NA,NA,NA,NA
Daily,2013-03-19,80.7687,27.1,NA,25.7,41900,NA,NA,NA,NA,NA,187,NA,NA,NA,8.8,NA,NA,NA,NA,NA,NA,NA,NA,NA
Daily,2013-03-20,80.9938,27.2,NA,25.7,42000,NA,NA,NA,NA,NA,186,NA,NA,NA,8.8,NA,NA,NA,NA,NA,NA,NA,NA,NA
Daily,2013-03-21,81.1625,27.3,NA,25.7,42100,NA,NA,NA,NA,NA,185,NA,NA,NA,8.8,NA,NA,NA,NA,NA,NA,NA,NA,NA
Daily,2013-03-22,81.725,27.5,NA,25.7,42300,NA,NA,NA,NA,NA,184,NA,NA,NA,8.8,NA,NA,NA,NA,NA,NA,NA,NA,NA
Daily,2013-03-23,81.4438,27.5,NA,25.7,42200,NA,NA,NA,NA,NA,186,NA,NA,NA,8.8,NA,NA,NA,NA,NA,NA,NA,NA,NA
Daily,2013-03-24,80.6563,27.1,NA,25.7,41900,NA,NA,NA,NA,NA,185,NA,NA,NA,8.8,NA,NA,NA,NA,NA,NA,NA,NA,NA
Daily,2013-03-25,80.5438,26.9,NA,25.7,41800,NA,NA,NA,NA,NA,185,NA,NA,NA,8.8,NA,NA,NA,NA,NA,NA,NA,NA,NA
Daily,2013-03-26,80.375,26.9,NA,25.7,41700,NA,NA,NA,NA,NA,184,NA,NA,NA,8.8,NA,NA,NA,NA,NA,NA,NA,NA,NA
Daily,2013-03-27,80.5438,26.9,NA,25.7,41900,NA,NA,NA,NA,NA,182,NA,NA,NA,8.8,NA,NA,NA,NA,NA,NA,NA,NA,NA
Daily,2013-03-28,80.375,26.8,NA,25.7,41800,NA,NA,NA,NA,NA,185,NA,NA,NA,8.8,NA,NA,NA,NA,NA,NA,NA,NA,NA
Daily,2013-03-29,80.0375,26.7,NA,25.7,41700,NA,NA,NA,NA,NA,187,NA,NA,NA,8.8,NA,NA,NA,NA,NA,NA,NA,NA,NA
Daily,2013-03-30,79.925,26.6,NA,25.7,41700,NA,NA,NA,NA,NA,186,NA,NA,NA,8.8,NA,NA,NA,NA,NA,NA,NA,NA,NA
Daily,2013-03-31,79.7563,26.5,NA,25.7,41600,NA,NA,NA,NA,NA,187,NA,NA,NA,8.8,NA,NA,NA,NA,NA,NA,NA,NA,NA
Daily,2013-04-01,79.9813,26.6,NA,25.7,41700,NA,NA,NA,NA,NA,189,NA,NA,NA,8.8,NA,NA,NA,NA,NA,NA,NA,NA,NA
Daily,2013-04-02,80.375,26.9,NA,25.7,41800,NA,NA,NA,NA,NA,191,NA,NA,NA,8.8,NA,NA,NA,NA,NA,NA,NA,NA,NA
Daily,2013-04-03,80.4313,26.9,NA,25.7,41800,NA,NA,NA,NA,NA,193,NA,NA,NA,8.8,NA,NA,NA,NA,NA,NA,NA,NA,NA
Daily,2013-04-04,80.0375,26.7,NA,25.7,41700,NA,NA,NA,NA,NA,195,NA,NA,NA,8.8,NA,NA,NA,NA,NA,NA,NA,NA,NA
Daily,2013-04-05,79.7563,26.5,NA,25.7,41600,NA,NA,NA,NA,NA,196,NA,NA,NA,8.8,NA,NA,NA,NA,NA,NA,NA,NA,NA
Daily,2013-04-06,79.8688,26.6,NA,25.7,41600,NA,NA,NA,NA,NA,199,NA,NA,NA,8.9,NA,NA,NA,NA,NA,NA,NA,NA,NA
Daily,2013-04-07,79.925,26.6,NA,25.7,41600,NA,NA,NA,NA,NA,199,NA,NA,NA,8.9,NA,NA,NA,NA,NA,NA,NA,NA,NA
Daily,2013-04-08,80.2625,26.7,NA,25.7,41600,NA,NA,NA,NA,NA,191,NA,NA,NA,8.9,NA,NA,NA,NA,NA,NA,NA,NA,NA
Daily,2013-07-11,75.0313,23.9,NA,25.2,38800,NA,NA,NA,NA,NA,175,NA,NA,NA,8.9,NA,NA,NA,NA,NA,NA,NA,NA,NA
Daily,2013-07-12,74.8063,23.8,NA,25.2,38700,NA,NA,NA,NA,NA,176,NA,NA,NA,8.9,NA,NA,NA,NA,NA,NA,NA,NA,NA
Daily,2013-07-13,74.8625,23.9,NA,25.2,38700,NA,NA,NA,NA,NA,176,NA,NA,NA,8.9,NA,NA,NA,NA,NA,NA,NA,NA,NA
Daily,2013-07-14,75.0313,24,NA,25.2,38800,NA,NA,NA,NA,NA,179,NA,NA,NA,8.9,NA,NA,NA,NA,NA,NA,NA,NA,NA
Daily,2013-07-15,75.2563,24.1,NA,25.2,38900,NA,NA,NA,NA,NA,179,NA,NA,NA,8.9,NA,NA,NA,NA,NA,NA,NA,NA,NA
Daily,2013-07-16,75.3688,24.1,NA,25.2,38900,NA,NA,NA,NA,NA,176,NA,NA,NA,8.8,NA,NA,NA,NA,NA,NA,NA,NA,NA
Daily,2013-07-17,75.3125,24.1,NA,25.2,38900,NA,NA,NA,NA,NA,178,NA,NA,NA,8.8,NA,NA,NA,NA,NA,NA,NA,NA,NA
Daily,2013-07-18,75.2,24.1,NA,25.2,38800,NA,NA,NA,NA,NA,181,NA,NA,NA,8.8,NA,NA,NA,NA,NA,NA,NA,NA,NA
Daily,2013-07-19,75.0313,24,NA,25.2,38800,NA,NA,NA,NA,NA,182,NA,NA,NA,8.8,NA,NA,NA,NA,NA,NA,NA,NA,NA
Daily,2013-07-20,74.9188,23.9,NA,25.2,38700,NA,NA,NA,NA,NA,181,NA,NA,NA,8.8,NA,NA,NA,NA,NA,NA,NA,NA,NA
Daily,2013-07-21,74.75,23.8,NA,25.2,38600,NA,NA,NA,NA,NA,180,NA,NA,NA,8.8,NA,NA,NA,NA,NA,NA,NA,NA,NA
Daily,2013-07-22,74.6375,23.8,NA,25.2,38600,NA,NA,NA,NA,NA,179,NA,NA,NA,8.8,NA,NA,NA,NA,NA,NA,NA,NA,NA
Daily,2013-07-23,74.75,23.8,NA,25.2,38700,NA,NA,NA,NA,NA,181,NA,NA,NA,8.9,NA,NA,NA,NA,NA,NA,NA,NA,NA
Daily,2013-07-24,74.6938,23.8,NA,25.2,38600,NA,NA,NA,NA,NA,180,NA,NA,NA,8.8,NA,NA,NA,NA,NA,NA,NA,NA,NA
Daily,2013-07-25,74.4688,23.7,NA,25.2,38500,NA,NA,NA,NA,NA,181,NA,NA,NA,8.8,NA,NA,NA,NA,NA,NA,NA,NA,NA
Daily,2013-07-26,74.1313,23.5,NA,25.2,38300,NA,NA,NA,NA,NA,181,NA,NA,NA,8.8,NA,NA,NA,NA,NA,NA,NA,NA,NA
Daily,2013-07-27,73.85,23.3,NA,25.1,38200,NA,NA,NA,NA,NA,182,NA,NA,NA,8.8,NA,NA,NA,NA,NA,NA,NA,NA,NA
Daily,2013-07-28,73.7938,23.3,NA,25.1,38200,NA,NA,NA,NA,NA,184,NA,NA,NA,8.8,NA,NA,NA,NA,NA,NA,NA,NA,NA
Daily,2013-07-29,73.6813,23.2,NA,25.2,38100,NA,NA,NA,NA,NA,184,NA,NA,NA,8.8,NA,NA,NA,NA,NA,NA,NA,NA,NA
Daily,2013-07-30,73.6813,23.2,NA,25.2,38100,NA,NA,NA,NA,NA,183,NA,NA,NA,8.9,NA,NA,NA,NA,NA,NA,NA,NA,NA
Daily,2013-07-31,73.7375,23.2,NA,25.1,38100,NA,NA,NA,NA,NA,186,NA,NA,NA,8.9,NA,NA,NA,NA,NA,NA,NA,NA,NA
Daily,2013-08-01,73.6813,23.2,NA,25.1,38100,NA,NA,NA,NA,NA,184,NA,NA,NA,8.8,NA,NA,NA,NA,NA,NA,NA,NA,NA
Daily,2013-08-02,73.625,23.2,NA,25.1,38100,NA,NA,NA,NA,NA,183,NA,NA,NA,8.8,NA,NA,NA,NA,NA,NA,NA,NA,NA
Daily,2013-08-03,73.6813,23.2,NA,25.1,38000,NA,NA,NA,NA,NA,182,NA,NA,NA,8.8,NA,NA,NA,NA,NA,NA,NA,NA,NA
Daily,2013-08-04,73.4563,23.1,NA,25.1,38000,NA,NA,NA,NA,NA,182,NA,NA,NA,8.8,NA,NA,NA,NA,NA,NA,NA,NA,NA
Daily,2013-08-05,73.175,22.9,NA,25.1,37800,NA,NA,NA,NA,NA,183,NA,NA,NA,8.8,NA,NA,NA,NA,NA,NA,NA,NA,NA
Daily,2013-08-06,73.1188,22.9,NA,25.1,37800,NA,NA,NA,NA,NA,181,NA,NA,NA,8.8,NA,NA,NA,NA,NA,NA,NA,NA,NA
Daily,2013-08-07,73.5125,23,NA,25.1,37900,NA,NA,NA,NA,NA,180,NA,NA,NA,8.8,NA,NA,NA,NA,NA,NA,NA,NA,NA
Daily,2013-08-08,73.4563,23.1,NA,25,37900,NA,NA,NA,NA,NA,182,NA,NA,NA,8.8,NA,NA,NA,NA,NA,NA,NA,NA,NA
Daily,2013-08-09,73.4563,23.1,NA,25,37900,NA,NA,NA,NA,NA,183,NA,NA,NA,8.8,NA,NA,NA,NA,NA,NA,NA,NA,NA
Daily,2013-08-10,73.7938,23.2,NA,25,38000,NA,NA,NA,NA,NA,183,NA,NA,NA,8.8,NA,NA,NA,NA,NA,NA,NA,NA,NA
Daily,2013-08-11,74.075,23.4,NA,25,38100,NA,NA,NA,NA,NA,180,NA,NA,NA,8.8,NA,NA,NA,NA,NA,NA,NA,NA,NA
Daily,2013-08-12,74.1875,23.5,NA,25,38200,NA,NA,NA,NA,NA,179,NA,NA,NA,8.8,NA,NA,NA,NA,NA,NA,NA,NA,NA
Daily,2013-08-13,74.1875,23.5,NA,25,38100,NA,NA,NA,NA,NA,180,NA,NA,NA,8.8,NA,NA,NA,NA,NA,NA,NA,NA,NA
Daily,2013-08-14,74.1313,23.5,NA,25,38100,NA,NA,NA,NA,NA,179,NA,NA,NA,8.9,NA,NA,NA,NA,NA,NA,NA,NA,NA
Daily,2013-08-15,74.1875,23.5,NA,25,38100,NA,NA,NA,NA,NA,179,NA,NA,NA,8.9,NA,NA,NA,NA,NA,NA,NA,NA,NA
Daily,2013-08-16,74.4125,23.6,NA,25,38200,NA,NA,NA,NA,NA,177,NA,NA,NA,8.8,NA,NA,NA,NA,NA,NA,NA,NA,NA
Daily,2013-08-17,74.5812,23.7,NA,25,38300,NA,NA,NA,NA,NA,176,NA,NA,NA,8.8,NA,NA,NA,NA,NA,NA,NA,NA,NA
Daily,2013-08-18,74.8063,23.8,NA,25,38400,NA,NA,NA,NA,NA,175,NA,NA,NA,8.8,NA,NA,NA,NA,NA,NA,NA,NA,NA
Daily,2013-08-19,74.8063,23.9,NA,25,38400,NA,NA,NA,NA,NA,175,NA,NA,NA,8.8,NA,NA,NA,NA,NA,NA,NA,NA,NA
Daily,2013-08-20,74.8625,23.9,NA,25,38400,NA,NA,NA,NA,NA,177,NA,NA,NA,8.8,NA,NA,NA,NA,NA,NA,NA,NA,NA
Daily,2013-08-21,74.525,23.7,NA,25,38300,NA,NA,NA,NA,NA,178,NA,NA,NA,8.8,NA,NA,NA,NA,NA,NA,NA,NA,NA
Daily,2013-08-22,74.5812,23.7,NA,25,38300,NA,NA,NA,NA,NA,176,NA,NA,NA,8.8,NA,NA,NA,NA,NA,NA,NA,NA,NA
Daily,2013-08-23,74.6375,23.7,NA,25,38300,NA,NA,NA,NA,NA,178,NA,NA,NA,8.8,NA,NA,NA,NA,NA,NA,NA,NA,NA
Daily,2013-08-24,74.4688,23.7,NA,25,38200,NA,NA,NA,NA,NA,177,NA,NA,NA,8.8,NA,NA,NA,NA,NA,NA,NA,NA,NA
Daily,2013-08-25,74.1313,23.5,NA,25,38100,NA,NA,NA,NA,NA,178,NA,NA,NA,8.8,NA,NA,NA,NA,NA,NA,NA,NA,NA
Daily,2013-08-26,73.9625,23.4,NA,25,38000,NA,NA,NA,NA,NA,180,NA,NA,NA,8.8,NA,NA,NA,NA,NA,NA,NA,NA,NA
Daily,2013-08-27,73.9625,23.4,NA,24.9,38000,NA,NA,NA,NA,NA,180,NA,NA,NA,8.8,NA,NA,NA,NA,NA,NA,NA,NA,NA
Daily,2013-08-28,73.9625,23.4,NA,24.9,38000,NA,NA,NA,NA,NA,177,NA,NA,NA,8.8,NA,NA,NA,NA,NA,NA,NA,NA,NA
Daily,2013-08-29,73.9063,23.3,NA,24.9,37900,NA,NA,NA,NA,NA,177,NA,NA,NA,8.8,NA,NA,NA,NA,NA,NA,NA,NA,NA
Daily,2013-08-30,73.9063,23.3,NA,24.9,37900,NA,NA,NA,NA,NA,178,NA,NA,NA,8.8,NA,NA,NA,NA,NA,NA,NA,NA,NA
Daily,2013-08-31,74.1313,23.4,NA,24.9,38000,NA,NA,NA,NA,NA,179,NA,NA,NA,8.8,NA,NA,NA,NA,NA,NA,NA,NA,NA
Daily,2013-09-01,74.6375,23.7,NA,24.9,38200,NA,NA,NA,NA,NA,180,NA,NA,NA,8.8,NA,NA,NA,NA,NA,NA,NA,NA,NA
Daily,2013-09-02,75.0313,23.9,NA,24.9,38400,NA,NA,NA,NA,NA,177,NA,NA,NA,8.8,NA,NA,NA,NA,NA,NA,NA,NA,NA
Daily,2013-09-03,75.1437,24,NA,24.9,38400,NA,NA,NA,NA,NA,175,NA,NA,NA,8.8,NA,NA,NA,NA,NA,NA,NA,NA,NA
Daily,2013-09-04,74.8625,23.8,NA,24.9,38300,NA,NA,NA,NA,NA,176,NA,NA,NA,8.8,NA,NA,NA,NA,NA,NA,NA,NA,NA
Daily,2013-09-05,74.75,23.8,NA,24.9,38200,NA,NA,NA,NA,NA,175,NA,NA,NA,8.8,NA,NA,NA,NA,NA,NA,NA,NA,NA
Daily,2013-09-06,74.4688,23.6,NA,24.9,38100,NA,NA,NA,NA,NA,176,NA,NA,NA,8.8,NA,NA,NA,NA,NA,NA,NA,NA,NA
Daily,2013-09-07,73.9625,23.3,NA,24.9,37900,NA,NA,NA,NA,NA,178,NA,NA,NA,8.8,NA,NA,NA,NA,NA,NA,NA,NA,NA
Daily,2013-09-08,73.5688,23.1,NA,24.9,37700,NA,NA,NA,NA,NA,178,NA,NA,NA,8.8,NA,NA,NA,NA,NA,NA,NA,NA,NA
Daily,2013-09-09,73.2875,23,NA,24.9,37500,NA,NA,NA,NA,NA,177,NA,NA,NA,8.8,NA,NA,NA,NA,NA,NA,NA,NA,NA
Daily,2013-09-10,73.2313,22.9,NA,24.8,37500,NA,NA,NA,NA,NA,178,NA,NA,NA,8.8,NA,NA,NA,NA,NA,NA,NA,NA,NA
Daily,2013-09-11,73.2313,22.9,NA,24.8,37500,NA,NA,NA,NA,NA,179,NA,NA,NA,8.8,NA,NA,NA,NA,NA,NA,NA,NA,NA
Daily,2013-09-12,73.1188,22.8,NA,24.8,37400,NA,NA,NA,NA,NA,179,NA,NA,NA,8.8,NA,NA,NA,NA,NA,NA,NA,NA,NA
Daily,2013-09-13,73.2313,22.9,NA,24.8,37500,NA,NA,NA,NA,NA,175,NA,NA,NA,8.8,NA,NA,NA,NA,NA,NA,NA,NA,NA
Daily,2013-09-14,73.3438,23,NA,24.8,37500,NA,NA,NA,NA,NA,172,NA,NA,NA,8.8,NA,NA,NA,NA,NA,NA,NA,NA,NA
Daily,2013-09-15,73.5125,23,NA,24.8,37500,NA,NA,NA,NA,NA,178,NA,NA,NA,8.8,NA,NA,NA,NA,NA,NA,NA,NA,NA
Daily,2013-09-16,73.6813,23.2,NA,24.8,37600,NA,NA,NA,NA,NA,174,NA,NA,NA,8.8,NA,NA,NA,NA,NA,NA,NA,NA,NA
Daily,2013-09-17,73.7938,23.2,NA,24.8,37700,NA,NA,NA,NA,NA,174,NA,NA,NA,8.8,NA,NA,NA,NA,NA,NA,NA,NA,NA
Daily,2013-09-18,73.85,23.3,NA,24.7,37600,NA,NA,NA,NA,NA,175,NA,NA,NA,8.8,NA,NA,NA,NA,NA,NA,NA,NA,NA
Daily,2013-09-19,73.9063,23.3,NA,24.8,37750,NA,NA,NA,NA,NA,176,NA,NA,NA,8.8,NA,NA,NA,NA,NA,NA,NA,NA,NA
Daily,2013-09-20,73.9063,23.3,NA,24.8,37700,NA,NA,NA,NA,NA,178,NA,NA,NA,8.9,NA,NA,NA,NA,NA,NA,NA,NA,NA
Daily,2013-09-21,73.9063,23.3,NA,24.8,37700,NA,NA,NA,NA,NA,179,NA,NA,NA,8.9,NA,NA,NA,NA,NA,NA,NA,NA,NA
Daily,2013-09-22,73.6813,23.2,NA,24.8,37600,NA,NA,NA,NA,NA,179,NA,NA,NA,8.9,NA,NA,NA,NA,NA,NA,NA,NA,NA
Daily,2013-09-23,73.85,23.2,NA,24.8,37700,NA,NA,NA,NA,NA,177,NA,NA,NA,8.9,NA,NA,NA,NA,NA,NA,NA,NA,NA
Daily,2013-09-24,73.9625,23.3,NA,24.8,37700,NA,NA,NA,NA,NA,177,NA,NA,NA,8.9,NA,NA,NA,NA,NA,NA,NA,NA,NA
Daily,2013-09-25,74.4125,23.5,NA,24.8,37900,NA,NA,NA,NA,NA,174,NA,NA,NA,8.9,NA,NA,NA,NA,NA,NA,NA,NA,NA
Daily,2013-09-26,74.3,23.5,NA,24.8,37900,NA,NA,NA,NA,NA,176,NA,NA,NA,8.9,NA,NA,NA,NA,NA,NA,NA,NA,NA
Daily,2013-09-27,73.85,23.3,NA,24.8,37700,NA,NA,NA,NA,NA,175,NA,NA,NA,8.8,NA,NA,NA,NA,NA,NA,NA,NA,NA
Daily,2013-09-28,74.2438,23.4,NA,24.8,37800,NA,NA,NA,NA,NA,173,NA,NA,NA,8.8,NA,NA,NA,NA,NA,NA,NA,NA,NA
Daily,2013-09-29,74.6375,23.6,NA,24.8,38000,NA,NA,NA,NA,NA,173,NA,NA,NA,8.8,NA,NA,NA,NA,NA,NA,NA,NA,NA
Daily,2013-09-30,74.9188,23.8,NA,24.8,38100,NA,NA,NA,NA,NA,175,NA,NA,NA,8.8,NA,NA,NA,NA,NA,NA,NA,NA,NA
Daily,2013-10-01,74.975,23.9,NA,24.8,38100,NA,NA,NA,NA,NA,174,NA,NA,NA,8.8,NA,NA,NA,NA,NA,NA,NA,NA,NA
Daily,2013-10-02,75.1437,24,NA,24.8,38200,NA,NA,NA,NA,NA,178,NA,NA,NA,8.8,NA,NA,NA,NA,NA,NA,NA,NA,NA
Daily,2013-10-03,75.4813,24.1,NA,24.7,38300,NA,NA,NA,NA,NA,182,NA,NA,NA,8.8,NA,NA,NA,NA,NA,NA,NA,NA,NA
Daily,2013-10-04,75.7062,24.2,NA,24.7,38300,NA,NA,NA,NA,NA,181,NA,NA,NA,8.8,NA,NA,NA,NA,NA,NA,NA,NA,NA
Daily,2013-10-05,75.5375,24.2,NA,24.7,38300,NA,NA,NA,NA,NA,180,NA,NA,NA,8.8,NA,NA,NA,NA,NA,NA,NA,NA,NA
Daily,2013-10-06,75.425,24.1,NA,24.7,38200,NA,NA,NA,NA,NA,179,NA,NA,NA,8.8,NA,NA,NA,NA,NA,NA,NA,NA,NA
Daily,2013-10-07,75.2563,24,NA,24.7,38200,NA,NA,NA,NA,NA,177,NA,NA,NA,8.8,NA,NA,NA,NA,NA,NA,NA,NA,NA
Daily,2013-10-08,75.2563,24,NA,24.7,38200,NA,NA,NA,NA,NA,177,NA,NA,NA,8.8,NA,NA,NA,NA,NA,NA,NA,NA,NA
Daily,2013-10-09,75.22815,24,NA,24.7,38200,NA,NA,NA,NA,NA,177,NA,NA,NA,8.8,NA,NA,NA,NA,NA,NA,NA,NA,NA
Daily,2013-10-18,74.8063,23.7,NA,24.8,38100,NA,NA,NA,NA,NA,180,NA,NA,NA,8.8,NA,NA,NA,NA,NA,NA,NA,NA,NA
Daily,2013-10-19,74.4688,23.6,NA,24.8,38000,NA,NA,NA,NA,NA,180,NA,NA,NA,8.8,NA,NA,NA,NA,NA,NA,NA,NA,NA
Daily,2013-10-20,74.1313,23.4,NA,24.8,37800,NA,NA,NA,NA,NA,180,NA,NA,NA,8.8,NA,NA,NA,NA,NA,NA,NA,NA,NA
Daily,2013-10-21,73.7375,23.2,NA,24.8,37600,NA,NA,NA,NA,NA,181,NA,NA,NA,8.8,NA,NA,NA,NA,NA,NA,NA,NA,NA
Daily,2013-10-22,73.4563,23,NA,24.8,37500,NA,NA,NA,NA,NA,182,NA,NA,NA,8.8,NA,NA,NA,NA,NA,NA,NA,NA,NA
Daily,2013-11-20,76.1,24.5,NA,24.6,38300,NA,NA,NA,NA,NA,177,NA,NA,NA,8.7,NA,NA,NA,NA,NA,NA,NA,NA,NA
Daily,2013-11-21,75.875,24.3,NA,24.6,38200,NA,NA,NA,NA,NA,177,NA,NA,NA,8.7,NA,NA,NA,NA,NA,NA,NA,NA,NA
Daily,2014-02-28,79.3063,26.3,NA,24.9,40100,NA,NA,NA,NA,NA,164,NA,NA,NA,8.8,NA,NA,NA,NA,NA,NA,NA,NA,NA
Daily,2014-03-01,79.25,26.2,NA,24.9,40100,NA,NA,NA,NA,NA,163,NA,NA,NA,8.8,NA,NA,NA,NA,NA,NA,NA,NA,NA
Daily,2014-03-02,79.25,26.2,NA,24.9,40100,NA,NA,NA,NA,NA,163,NA,NA,NA,8.7,NA,NA,NA,NA,NA,NA,NA,NA,NA
Daily,2014-03-03,79.25,26.2,NA,24.8,40000,NA,NA,NA,NA,NA,163,NA,NA,NA,8.7,NA,NA,NA,NA,NA,NA,NA,NA,NA
Daily,2014-03-04,79.5313,26.4,NA,24.8,40100,NA,NA,NA,NA,NA,NA,NA,NA,NA,8.7,NA,NA,NA,NA,NA,NA,NA,NA,NA
Daily,2014-03-05,79.5875,26.4,NA,24.7,40000,NA,NA,NA,NA,NA,179,NA,NA,NA,8.7,NA,NA,NA,NA,NA,NA,NA,NA,NA
Daily,2014-03-06,79.475,26.4,NA,24.7,39900,NA,NA,NA,NA,NA,176,NA,NA,NA,8.7,NA,NA,NA,NA,NA,NA,NA,NA,NA
Daily,2014-03-07,79.475,26.3,NA,24.6,39800,NA,NA,NA,NA,NA,172,NA,NA,NA,8.7,NA,NA,NA,NA,NA,NA,NA,NA,NA
Daily,2014-03-08,79.475,26.3,NA,24.6,39800,NA,NA,NA,NA,NA,171,NA,NA,NA,8.8,NA,NA,NA,NA,NA,NA,NA,NA,NA
Daily,2014-03-09,79.0812,26.1,NA,24.6,39600,NA,NA,NA,NA,NA,169,NA,NA,NA,8.8,NA,NA,NA,NA,NA,NA,NA,NA,NA
Daily,2014-03-10,79.4188,26.3,NA,24.6,39800,NA,NA,NA,NA,NA,168,NA,NA,NA,8.7,NA,NA,NA,NA,NA,NA,NA,NA,NA
Daily,2014-03-11,79.7,26.5,NA,24.7,39900,NA,NA,NA,NA,NA,166,NA,NA,NA,8.8,NA,NA,NA,NA,NA,NA,NA,NA,NA
Daily,2014-03-12,79.7563,26.5,NA,24.6,39900,NA,NA,NA,NA,NA,165,NA,NA,NA,8.8,NA,NA,NA,NA,NA,NA,NA,NA,NA
Daily,2014-03-13,79.925,26.6,NA,24.6,40000,NA,NA,NA,NA,NA,164,NA,NA,NA,8.8,NA,NA,NA,NA,NA,NA,NA,NA,NA
Daily,2014-03-14,80.0375,26.6,NA,24.6,40100,NA,NA,NA,NA,NA,162,NA,NA,NA,8.8,NA,NA,NA,NA,NA,NA,NA,NA,NA
Daily,2014-03-19,80.1781,26.75,NA,24.6,40100,NA,NA,NA,NA,NA,163,NA,NA,NA,8.8,NA,NA,NA,NA,NA,NA,NA,NA,NA
Daily,2014-03-20,80.0938,26.7,NA,24.6,40100,NA,NA,NA,NA,NA,164,NA,NA,NA,8.8,NA,NA,NA,NA,NA,NA,NA,NA,NA
Daily,2014-05-18,74.525,23.6,NA,24.7,37800,NA,NA,NA,NA,NA,182,NA,NA,NA,8.8,NA,NA,NA,NA,NA,NA,NA,NA,NA
Daily,2014-05-19,74.5812,23.6,NA,24.7,37800,NA,NA,NA,NA,NA,182,NA,NA,NA,8.8,NA,NA,NA,NA,NA,NA,NA,NA,NA
Daily,2014-05-20,74.6375,23.7,NA,24.7,37800,NA,NA,NA,NA,NA,181,NA,NA,NA,8.8,NA,NA,NA,NA,NA,NA,NA,NA,NA
Daily,2014-05-21,74.8625,23.8,NA,24.7,37900,NA,NA,NA,NA,NA,179,NA,NA,NA,8.8,NA,NA,NA,NA,NA,NA,NA,NA,NA
Daily,2014-05-22,74.75,23.7,NA,24.7,37900,NA,NA,NA,NA,NA,174,NA,NA,NA,8.8,NA,NA,NA,NA,NA,NA,NA,NA,NA
Daily,2014-05-23,74.525,23.6,NA,24.7,37800,NA,NA,NA,NA,NA,176,NA,NA,NA,8.8,NA,NA,NA,NA,NA,NA,NA,NA,NA
Daily,2014-05-24,74.4688,23.6,NA,24.7,37800,NA,NA,NA,NA,NA,180,NA,NA,NA,8.8,NA,NA,NA,NA,NA,NA,NA,NA,NA
Daily,2014-05-25,74.6375,23.65,NA,24.7,37800,NA,NA,NA,NA,NA,181,NA,NA,NA,8.8,NA,NA,NA,NA,NA,NA,NA,NA,NA
Daily,2014-05-26,75.0313,23.9,NA,24.7,38000,NA,NA,NA,NA,NA,179,NA,NA,NA,8.8,NA,NA,NA,NA,NA,NA,NA,NA,NA
Daily,2014-05-27,75.425,24.1,NA,24.7,38200,NA,NA,NA,NA,NA,186,NA,NA,NA,8.8,NA,NA,NA,NA,NA,NA,NA,NA,NA
Daily,2014-05-28,75.5938,24.2,NA,24.7,38200,NA,NA,NA,NA,NA,187,NA,NA,NA,8.8,NA,NA,NA,NA,NA,NA,NA,NA,NA
Daily,2014-05-29,75.3125,24.1,NA,24.7,36500,NA,NA,NA,NA,NA,195,NA,NA,NA,8.8,NA,NA,NA,NA,NA,NA,NA,NA,NA
Daily,2014-05-30,75.1437,23.9,NA,23.5,36500,NA,NA,NA,NA,NA,194,NA,NA,NA,8.8,NA,NA,NA,NA,NA,NA,NA,NA,NA
Daily,2014-05-31,75.4813,24.1,NA,23.6,36700,NA,NA,NA,NA,NA,185,NA,NA,NA,8.8,NA,NA,NA,NA,NA,NA,NA,NA,NA
Daily,2014-06-01,75.7062,24.2,NA,23.8,37100,NA,NA,NA,NA,NA,184,NA,NA,NA,8.8,NA,NA,NA,NA,NA,NA,NA,NA,NA
Daily,2014-06-02,75.7062,24.2,NA,24,37300,NA,NA,NA,NA,NA,175,NA,NA,NA,8.8,NA,NA,NA,NA,NA,NA,NA,NA,NA
Daily,2014-06-03,75.875,24.3,NA,24.3,37800,NA,NA,NA,NA,NA,177,NA,NA,NA,8.7,NA,NA,NA,NA,NA,NA,NA,NA,NA
Daily,2014-06-04,76.1,24.5,NA,24.3,38000,NA,NA,NA,NA,NA,176,NA,NA,NA,8.7,NA,NA,NA,NA,NA,NA,NA,NA,NA
Daily,2014-06-05,76.2125,24.5,NA,24.3,38000,NA,NA,NA,NA,NA,172,NA,NA,NA,8.7,NA,NA,NA,NA,NA,NA,NA,NA,NA
Daily,2014-06-06,76.2125,24.5,NA,24.3,38000,NA,NA,NA,NA,NA,174,NA,NA,NA,8.7,NA,NA,NA,NA,NA,NA,NA,NA,NA
Daily,2014-06-07,76.0438,24.5,NA,24.4,38000,NA,NA,NA,NA,NA,180,NA,NA,NA,8.7,NA,NA,NA,NA,NA,NA,NA,NA,NA
Daily,2014-06-08,76.0438,24.5,NA,NA,NA,NA,NA,NA,NA,NA,180,NA,NA,NA,8.7,NA,NA,NA,NA,NA,NA,NA,NA,NA
Daily,2014-06-09,76.2125,24.5,NA,22.4,35400,NA,NA,NA,NA,NA,182,NA,NA,NA,8.7,NA,NA,NA,NA,NA,NA,NA,NA,NA
Daily,2014-06-10,76.325,24.6,NA,22.9,36000,NA,NA,NA,NA,NA,183,NA,NA,NA,8.7,NA,NA,NA,NA,NA,NA,NA,NA,NA
Daily,2014-06-11,76.55,24.7,NA,23.3,36700,NA,NA,NA,NA,NA,179,NA,NA,NA,8.7,NA,NA,NA,NA,NA,NA,NA,NA,NA
Daily,2014-06-12,76.6625,24.8,NA,23.6,37100,NA,NA,NA,NA,NA,180,NA,NA,NA,8.7,NA,NA,NA,NA,NA,NA,NA,NA,NA
Daily,2014-06-13,76.8312,24.9,NA,23.8,37600,NA,NA,NA,NA,NA,177,NA,NA,NA,8.7,NA,NA,NA,NA,NA,NA,NA,NA,NA
Daily,2014-06-14,76.8312,24.9,NA,24.1,38000,NA,NA,NA,NA,NA,178,NA,NA,NA,8.7,NA,NA,NA,NA,NA,NA,NA,NA,NA
Daily,2014-06-15,76.6625,24.8,NA,24.3,38100,NA,NA,NA,NA,NA,181,NA,NA,NA,8.7,NA,NA,NA,NA,NA,NA,NA,NA,NA
Daily,2014-06-16,76.4938,24.7,NA,24.3,38100,NA,NA,NA,NA,NA,181,NA,NA,NA,8.7,NA,NA,NA,NA,NA,NA,NA,NA,NA
Daily,2014-06-17,76.4938,24.7,NA,24.3,38000,NA,NA,NA,NA,NA,182,NA,NA,NA,8.8,NA,NA,NA,NA,NA,NA,NA,NA,NA
Daily,2014-06-18,76.4938,24.7,NA,24.3,38100,NA,NA,NA,NA,NA,184,NA,NA,NA,8.8,NA,NA,NA,NA,NA,NA,NA,NA,NA
Daily,2014-06-19,76.55,24.7,NA,24.3,38200,NA,NA,NA,NA,NA,209,NA,NA,NA,8.7,NA,NA,NA,NA,NA,NA,NA,NA,NA
Daily,2014-06-20,76.6625,24.8,NA,24.3,38200,NA,NA,NA,NA,NA,218,NA,NA,NA,8.7,NA,NA,NA,NA,NA,NA,NA,NA,NA
Daily,2014-06-21,76.7188,24.8,NA,24.3,38300,NA,NA,NA,NA,NA,211,NA,NA,NA,8.7,NA,NA,NA,NA,NA,NA,NA,NA,NA
Daily,2014-06-22,76.6625,24.8,NA,24.4,38300,NA,NA,NA,NA,NA,210,NA,NA,NA,8.7,NA,NA,NA,NA,NA,NA,NA,NA,NA
Daily,2014-06-23,76.6625,24.8,NA,24.4,38300,NA,NA,NA,NA,NA,212,NA,NA,NA,8.7,NA,NA,NA,NA,NA,NA,NA,NA,NA
Daily,2014-06-24,76.6625,24.8,NA,24.4,38300,NA,NA,NA,NA,NA,211,NA,NA,NA,8.7,NA,NA,NA,NA,NA,NA,NA,NA,NA
Daily,2014-06-25,76.6063,24.8,NA,24.3,38200,NA,NA,NA,NA,NA,197,NA,NA,NA,8.7,NA,NA,NA,NA,NA,NA,NA,NA,NA
Daily,2014-06-26,76.7188,24.8,NA,24.3,38200,NA,NA,NA,NA,NA,200,NA,NA,NA,8.7,NA,NA,NA,NA,NA,NA,NA,NA,NA
Daily,2014-06-27,76.775,24.9,NA,24.3,38200,NA,NA,NA,NA,NA,204,NA,NA,NA,8.7,NA,NA,NA,NA,NA,NA,NA,NA,NA
Daily,2014-06-28,76.7188,24.8,NA,24.3,38100,NA,NA,NA,NA,NA,206,NA,NA,NA,8.7,NA,NA,NA,NA,NA,NA,NA,NA,NA
Daily,2014-06-29,76.775,24.9,NA,24.3,38100,NA,NA,NA,NA,NA,206,NA,NA,NA,8.7,NA,NA,NA,NA,NA,NA,NA,NA,NA
Daily,2014-06-30,77.0563,25,NA,24.2,38300,NA,NA,NA,NA,NA,206,NA,NA,NA,8.7,NA,NA,NA,NA,NA,NA,NA,NA,NA
Daily,2014-07-01,77.1125,25,NA,24.2,38200,NA,NA,NA,NA,NA,205,NA,NA,NA,8.7,NA,NA,NA,NA,NA,NA,NA,NA,NA
Daily,2014-07-02,77.1688,25.1,NA,24.1,38200,NA,NA,NA,NA,NA,201,NA,NA,NA,8.7,NA,NA,NA,NA,NA,NA,NA,NA,NA
Daily,2014-07-03,77.1125,25.1,NA,24.1,38100,NA,NA,NA,NA,NA,200,NA,NA,NA,8.7,NA,NA,NA,NA,NA,NA,NA,NA,NA
Daily,2014-07-04,77.0563,25,NA,24.2,38100,NA,NA,NA,NA,NA,200,NA,NA,NA,8.7,NA,NA,NA,NA,NA,NA,NA,NA,NA
Daily,2014-07-05,77.1125,25,NA,24.1,38200,NA,NA,NA,NA,NA,198,NA,NA,NA,8.7,NA,NA,NA,NA,NA,NA,NA,NA,NA
Daily,2014-07-06,77.3375,25.2,NA,24.2,38300,NA,NA,NA,NA,NA,202,NA,NA,NA,8.6,NA,NA,NA,NA,NA,NA,NA,NA,NA
Daily,2014-07-07,77.3375,25.2,NA,24.2,38200,NA,NA,NA,NA,NA,203,NA,NA,NA,8.6,NA,NA,NA,NA,NA,NA,NA,NA,NA
Daily,2014-07-08,77.3375,25.2,NA,24.2,38200,NA,NA,NA,NA,NA,198,NA,NA,NA,8.6,NA,NA,NA,NA,NA,NA,NA,NA,NA
Daily,2014-07-09,77.5625,25.3,NA,24.1,38400,NA,NA,NA,NA,NA,186,NA,NA,NA,8.6,NA,NA,NA,NA,NA,NA,NA,NA,NA
Daily,2014-07-10,77.8438,25.4,NA,24.1,38400,NA,NA,NA,NA,NA,183,NA,NA,NA,8.6,NA,NA,NA,NA,NA,NA,NA,NA,NA
Daily,2014-07-11,78.0125,25.6,NA,24.1,38500,NA,NA,NA,NA,NA,181,NA,NA,NA,8.6,NA,NA,NA,NA,NA,NA,NA,NA,NA
Daily,2014-07-12,78.1813,25.7,NA,24.1,38600,NA,NA,NA,NA,NA,180,NA,NA,NA,8.6,NA,NA,NA,NA,NA,NA,NA,NA,NA
Daily,2014-07-13,78.2375,25.7,NA,24.1,38600,NA,NA,NA,NA,NA,181,NA,NA,NA,8.6,NA,NA,NA,NA,NA,NA,NA,NA,NA
Daily,2014-07-14,78.2938,25.7,NA,24.1,38600,NA,NA,NA,NA,NA,176,NA,NA,NA,8.6,NA,NA,NA,NA,NA,NA,NA,NA,NA
Daily,2014-07-15,78.125,25.6,NA,24.1,38600,NA,NA,NA,NA,NA,175,NA,NA,NA,8.6,NA,NA,NA,NA,NA,NA,NA,NA,NA
Daily,2014-07-16,78.2938,25.7,NA,24.1,38500,NA,NA,NA,NA,NA,178,NA,NA,NA,8.6,NA,NA,NA,NA,NA,NA,NA,NA,NA
Daily,2014-07-17,78.4063,25.8,NA,24,38500,NA,NA,NA,NA,NA,178,NA,NA,NA,8.6,NA,NA,NA,NA,NA,NA,NA,NA,NA
Daily,2014-07-18,78.2938,25.7,NA,24,38500,NA,NA,NA,NA,NA,175,NA,NA,NA,8.6,NA,NA,NA,NA,NA,NA,NA,NA,NA
Daily,2014-07-19,78.35,25.7,NA,24,38500,NA,NA,NA,NA,NA,173,NA,NA,NA,8.6,NA,NA,NA,NA,NA,NA,NA,NA,NA
Daily,2014-07-20,78.4063,25.8,NA,24.1,38600,NA,NA,NA,NA,NA,173,NA,NA,NA,8.6,NA,NA,NA,NA,NA,NA,NA,NA,NA
Daily,2014-07-21,78.4625,25.8,NA,24.1,38600,NA,NA,NA,NA,NA,171,NA,NA,NA,8.6,NA,NA,NA,NA,NA,NA,NA,NA,NA
Daily,2014-07-22,78.4063,25.8,NA,24,38500,NA,NA,NA,NA,NA,170,NA,NA,NA,8.6,NA,NA,NA,NA,NA,NA,NA,NA,NA
Daily,2014-07-23,78.4625,25.8,NA,24,38500,NA,NA,NA,NA,NA,173,NA,NA,NA,8.6,NA,NA,NA,NA,NA,NA,NA,NA,NA
Daily,2014-07-24,78.4063,25.8,NA,24,38500,NA,NA,NA,NA,NA,172,NA,NA,NA,8.6,NA,NA,NA,NA,NA,NA,NA,NA,NA
Daily,2014-07-25,78.125,25.6,NA,24,38400,NA,NA,NA,NA,NA,173,NA,NA,NA,8.6,NA,NA,NA,NA,NA,NA,NA,NA,NA
Daily,2014-07-26,78.0125,25.6,NA,24,38300,NA,NA,NA,NA,NA,175,NA,NA,NA,8.6,NA,NA,NA,NA,NA,NA,NA,NA,NA
Daily,2014-07-27,78.125,25.6,NA,24,38400,NA,NA,NA,NA,NA,181,NA,NA,NA,8.6,NA,NA,NA,NA,NA,NA,NA,NA,NA
Daily,2014-07-28,78.0125,25.6,NA,24,38300,NA,NA,NA,NA,NA,181,NA,NA,NA,8.6,NA,NA,NA,NA,NA,NA,NA,NA,NA
Daily,2014-07-29,78.0125,25.6,NA,24,38300,NA,NA,NA,NA,NA,182,NA,NA,NA,8.6,NA,NA,NA,NA,NA,NA,NA,NA,NA
Daily,2014-07-30,78.0688,25.6,NA,24,38300,NA,NA,NA,NA,NA,182,NA,NA,NA,8.6,NA,NA,NA,NA,NA,NA,NA,NA,NA
Daily,2014-07-31,77.7875,25.4,NA,24,38200,NA,NA,NA,NA,NA,180,NA,NA,NA,8.6,NA,NA,NA,NA,NA,NA,NA,NA,NA
Daily,2014-08-01,77.3937,25.2,NA,24,38100,NA,NA,NA,NA,NA,180,NA,NA,NA,8.6,NA,NA,NA,NA,NA,NA,NA,NA,NA
Daily,2014-08-02,76.8875,24.9,NA,24,37900,NA,NA,NA,NA,NA,179,NA,NA,NA,8.6,NA,NA,NA,NA,NA,NA,NA,NA,NA
Daily,2014-08-03,76.775,24.9,NA,24,37800,NA,NA,NA,NA,NA,182,NA,NA,NA,8.6,NA,NA,NA,NA,NA,NA,NA,NA,NA
Daily,2014-08-04,76.775,24.9,NA,24,37800,NA,NA,NA,NA,NA,181,NA,NA,NA,8.6,NA,NA,NA,NA,NA,NA,NA,NA,NA
Daily,2014-08-05,76.6625,24.8,NA,24,37700,NA,NA,NA,NA,NA,180,NA,NA,NA,8.6,NA,NA,NA,NA,NA,NA,NA,NA,NA
Daily,2014-08-06,76.6063,24.8,NA,24,37700,NA,NA,NA,NA,NA,182,NA,NA,NA,8.6,NA,NA,NA,NA,NA,NA,NA,NA,NA
Daily,2014-08-07,76.4938,24.7,NA,24,37700,NA,NA,NA,NA,NA,182,NA,NA,NA,8.6,NA,NA,NA,NA,NA,NA,NA,NA,NA
Daily,2014-08-08,76.3813,24.7,NA,24,37700,NA,NA,NA,NA,NA,182,NA,NA,NA,8.6,NA,NA,NA,NA,NA,NA,NA,NA,NA
Daily,2014-08-09,76.3813,24.6,NA,24,37700,NA,NA,NA,NA,NA,181,NA,NA,NA,8.6,NA,NA,NA,NA,NA,NA,NA,NA,NA
Daily,2014-08-10,76.3813,24.7,NA,24,37700,NA,NA,NA,NA,NA,180,NA,NA,NA,8.6,NA,NA,NA,NA,NA,NA,NA,NA,NA
Daily,2014-08-11,76.325,24.6,NA,24,37600,NA,NA,NA,NA,NA,179,NA,NA,NA,8.6,NA,NA,NA,NA,NA,NA,NA,NA,NA
Daily,2014-08-12,76.2125,24.6,NA,24,37600,NA,NA,NA,NA,NA,178,NA,NA,NA,8.6,NA,NA,NA,NA,NA,NA,NA,NA,NA
Daily,2014-08-13,76.2687,24.6,NA,24,37500,NA,NA,NA,NA,NA,179.5,NA,NA,NA,8.6,NA,NA,NA,NA,NA,NA,NA,NA,NA
Daily,2014-08-14,76.6063,24.8,NA,23.9,37700,NA,NA,NA,NA,NA,178,NA,NA,NA,8.6,NA,NA,NA,NA,NA,NA,NA,NA,NA
Daily,2014-08-15,76.4375,24.7,NA,23.9,37600,NA,NA,NA,NA,NA,176,NA,NA,NA,8.6,NA,NA,NA,NA,NA,NA,NA,NA,NA
Daily,2014-08-16,76.7188,24.8,NA,23.9,37600,NA,NA,NA,NA,NA,175,NA,NA,NA,8.6,NA,NA,NA,NA,NA,NA,NA,NA,NA
Daily,2014-08-17,76.6063,24.8,NA,23.9,37600,NA,NA,NA,NA,NA,175,NA,NA,NA,8.6,NA,NA,NA,NA,NA,NA,NA,NA,NA
Daily,2014-08-18,76.55,24.7,NA,23.9,37600,NA,NA,NA,NA,NA,176,NA,NA,NA,8.6,NA,NA,NA,NA,NA,NA,NA,NA,NA
Daily,2014-08-19,76.7188,24.8,NA,23.9,37600,NA,NA,NA,NA,NA,176,NA,NA,NA,8.6,NA,NA,NA,NA,NA,NA,NA,NA,NA
Daily,2014-08-20,76.8875,24.9,NA,23.9,37600,NA,NA,NA,NA,NA,177,NA,NA,NA,8.6,NA,NA,NA,NA,NA,NA,NA,NA,NA
Daily,2014-08-21,76.9438,25,NA,23.9,37600,NA,NA,NA,NA,NA,175,NA,NA,NA,8.6,NA,NA,NA,NA,NA,NA,NA,NA,NA
Daily,2014-08-22,76.85935,24.9,NA,23.8,37600,NA,NA,NA,NA,NA,177,NA,NA,NA,8.6,NA,NA,NA,NA,NA,NA,NA,NA,NA
Daily,2014-08-23,76.9719,25,NA,23.8,37600,NA,NA,NA,NA,NA,177,NA,NA,NA,8.6,NA,NA,NA,NA,NA,NA,NA,NA,NA
Daily,2014-08-24,77.1125,25.1,NA,23.8,37700,NA,NA,NA,NA,NA,176,NA,NA,NA,8.6,NA,NA,NA,NA,NA,NA,NA,NA,NA
Daily,2014-08-25,77.3375,25.2,NA,23.8,37800,NA,NA,NA,NA,NA,178,NA,NA,NA,8.6,NA,NA,NA,NA,NA,NA,NA,NA,NA
Daily,2014-08-26,77.45,25.2,NA,23.8,37800,NA,NA,NA,NA,NA,178.5,NA,NA,NA,8.6,NA,NA,NA,NA,NA,NA,NA,NA,NA
Daily,2014-08-27,77.5625,25.3,NA,23.8,37700,NA,NA,NA,NA,NA,177,NA,NA,NA,8.5,NA,NA,NA,NA,NA,NA,NA,NA,NA
Daily,2014-08-28,77.3656,25.2,NA,23.75,37650,NA,NA,NA,NA,NA,176,NA,NA,NA,8.5,NA,NA,NA,NA,NA,NA,NA,NA,NA
Daily,2014-08-29,77.225,25.1,NA,23.8,37700,NA,NA,NA,NA,NA,179,NA,NA,NA,8.6,NA,NA,NA,NA,NA,NA,NA,NA,NA
Daily,2014-08-30,77.3375,25.2,NA,23.8,37700,NA,NA,NA,NA,NA,180,NA,NA,NA,8.6,NA,NA,NA,NA,NA,NA,NA,NA,NA
Daily,2014-08-31,77.45,25.2,NA,23.8,37700,NA,NA,NA,NA,NA,179,NA,NA,NA,8.6,NA,NA,NA,NA,NA,NA,NA,NA,NA
Daily,2014-09-01,77.5625,25.3,NA,23.7,37800,NA,NA,NA,NA,NA,179,NA,NA,NA,8.6,NA,NA,NA,NA,NA,NA,NA,NA,NA
Daily,2014-09-02,77.675,25.4,NA,23.8,37900,NA,NA,NA,NA,NA,179,NA,NA,NA,8.6,NA,NA,NA,NA,NA,NA,NA,NA,NA
Daily,2014-09-03,77.6188,25.4,NA,23.8,37900,NA,NA,NA,NA,NA,182,NA,NA,NA,8.6,NA,NA,NA,NA,NA,NA,NA,NA,NA
Daily,2014-09-04,77.64689999999999,25.3,NA,23.8,37900,NA,NA,NA,NA,NA,184,NA,NA,NA,8.6,NA,NA,NA,NA,NA,NA,NA,NA,NA
Daily,2014-09-05,77.7313,25.4,NA,23.8,37900,NA,NA,NA,NA,NA,184,NA,NA,NA,8.6,NA,NA,NA,NA,NA,NA,NA,NA,NA
Daily,2014-09-06,77.98435,25.6,NA,23.8,37900,NA,NA,NA,NA,NA,184,NA,NA,NA,8.6,NA,NA,NA,NA,NA,NA,NA,NA,NA
Daily,2014-09-07,77.98435,25.6,NA,23.7,37900,NA,NA,NA,NA,NA,184,NA,NA,NA,8.5,NA,NA,NA,NA,NA,NA,NA,NA,NA
Daily,2014-09-08,77.9281,25.5,NA,23.7,37850,NA,NA,NA,NA,NA,184,NA,NA,NA,8.5,NA,NA,NA,NA,NA,NA,NA,NA,NA
Daily,2014-09-09,77.675,25.4,NA,23.7,37700,NA,NA,NA,NA,NA,185,NA,NA,NA,8.5,NA,NA,NA,NA,NA,NA,NA,NA,NA
Daily,2014-09-10,77.7313,25.4,NA,23.7,37700,NA,NA,NA,NA,NA,185,NA,NA,NA,8.5,NA,NA,NA,NA,NA,NA,NA,NA,NA
Daily,2014-09-11,77.9562,25.5,NA,23.7,37800,NA,NA,NA,NA,NA,182,NA,NA,NA,8.5,NA,NA,NA,NA,NA,NA,NA,NA,NA
Daily,2014-09-12,78.15315,25.6,NA,23.6,37900,NA,NA,NA,NA,NA,181,NA,NA,NA,8.5,NA,NA,NA,NA,NA,NA,NA,NA,NA
Daily,2014-09-13,78.2375,25.7,NA,23.6,37900,NA,NA,NA,NA,NA,187,NA,NA,NA,8.5,NA,NA,NA,NA,NA,NA,NA,NA,NA
Daily,2014-09-14,78.1813,25.7,NA,23.6,37900,NA,NA,NA,NA,NA,186,NA,NA,NA,8.5,NA,NA,NA,NA,NA,NA,NA,NA,NA
Daily,2014-09-15,78.2375,25.7,NA,23.6,37900,NA,NA,NA,NA,NA,185,NA,NA,NA,8.5,NA,NA,NA,NA,NA,NA,NA,NA,NA
Daily,2014-09-16,77.9562,25.5,NA,23.6,37700,NA,NA,NA,NA,NA,183.5,NA,NA,NA,8.5,NA,NA,NA,NA,NA,NA,NA,NA,NA
Daily,2014-09-17,77.8438,25.5,NA,23.6,37700,NA,NA,NA,NA,NA,181,NA,NA,NA,8.5,NA,NA,NA,NA,NA,NA,NA,NA,NA
Daily,2014-09-18,77.9562,25.5,NA,23.6,37700,NA,NA,NA,NA,NA,185.5,NA,NA,NA,8.5,NA,NA,NA,NA,NA,NA,NA,NA,NA
Daily,2014-09-19,77.675,25.4,NA,23.6,37600,NA,NA,NA,NA,NA,185,NA,NA,NA,8.4,NA,NA,NA,NA,NA,NA,NA,NA,NA
Daily,2014-09-20,77.7313,25.4,NA,23.6,37600,NA,NA,NA,NA,NA,187,NA,NA,NA,8.4,NA,NA,NA,NA,NA,NA,NA,NA,NA
Daily,2014-09-21,77.675,25.4,NA,23.6,37600,NA,NA,NA,NA,NA,188,NA,NA,NA,8.4,NA,NA,NA,NA,NA,NA,NA,NA,NA
Daily,2014-09-22,77.81565,25.4,NA,23.6,37700,NA,NA,NA,NA,NA,188.5,NA,NA,NA,8.4,NA,NA,NA,NA,NA,NA,NA,NA,NA
Daily,2014-09-23,77.9,25.5,NA,23.6,37700,NA,NA,NA,NA,NA,188,NA,NA,NA,8.5,NA,NA,NA,NA,NA,NA,NA,NA,NA
Daily,2014-09-24,77.9562,25.5,NA,23.6,37800,NA,NA,NA,NA,NA,180.5,NA,NA,NA,8.5,NA,NA,NA,NA,NA,NA,NA,NA,NA
Daily,2014-09-25,78.0125,25.6,NA,23.6,37800,NA,NA,NA,NA,NA,181,NA,NA,NA,8.5,NA,NA,NA,NA,NA,NA,NA,NA,NA
Daily,2014-09-26,77.9,25.5,NA,23.6,37800,NA,NA,NA,NA,NA,183,NA,NA,NA,8.5,NA,NA,NA,NA,NA,NA,NA,NA,NA
Daily,2014-09-27,77.675,25.4,NA,23.6,37700,NA,NA,NA,NA,NA,184,NA,NA,NA,8.5,NA,NA,NA,NA,NA,NA,NA,NA,NA
Daily,2014-09-28,77.45,25.3,NA,23.7,37600,NA,NA,NA,NA,NA,184,NA,NA,NA,8.5,NA,NA,NA,NA,NA,NA,NA,NA,NA
Daily,2014-09-29,77.1125,25,NA,23.7,37500,NA,NA,NA,NA,NA,186,NA,NA,NA,8.5,NA,NA,NA,NA,NA,NA,NA,NA,NA
Daily,2014-09-30,76.4375,24.7,NA,23.7,37200,NA,NA,NA,NA,NA,187,NA,NA,NA,8.5,NA,NA,NA,NA,NA,NA,NA,NA,NA
Daily,2014-10-01,75.8469,24.4,NA,23.7,37000,NA,NA,NA,NA,NA,188,NA,NA,NA,8.5,NA,NA,NA,NA,NA,NA,NA,NA,NA
Daily,2014-10-02,75.39689999999999,24.1,NA,23.8,36900,NA,NA,NA,NA,NA,187,NA,NA,NA,8.5,NA,NA,NA,NA,NA,NA,NA,NA,NA
Daily,2014-10-03,74.8625,23.8,NA,23.8,36700,NA,NA,NA,NA,NA,188,NA,NA,NA,8.5,NA,NA,NA,NA,NA,NA,NA,NA,NA
Daily,2014-10-04,74.4688,23.6,NA,23.8,36600,NA,NA,NA,NA,NA,185,NA,NA,NA,8.5,NA,NA,NA,NA,NA,NA,NA,NA,NA
Daily,2014-10-20,72.6688,22.6,NA,24,36000,NA,NA,NA,NA,NA,192,NA,NA,NA,8.5,NA,NA,NA,NA,NA,NA,NA,NA,NA
Daily,2014-10-21,72.725,22.6,NA,24,36100,NA,NA,NA,NA,NA,196,NA,NA,NA,8.5,NA,NA,NA,NA,NA,NA,NA,NA,NA
Daily,2014-10-22,72.7813,NA,NA,24,36100,NA,NA,NA,NA,NA,203,NA,NA,NA,8.5,NA,NA,NA,NA,NA,NA,NA,NA,NA
Daily,2014-10-23,72.7813,21,NA,NA,NA,NA,NA,NA,NA,NA,156,NA,NA,NA,7.5,NA,NA,NA,NA,NA,NA,NA,NA,NA
Daily,2014-10-24,72.7813,20.8,NA,NA,NA,NA,NA,NA,NA,NA,167,NA,NA,NA,NA,NA,NA,NA,NA,NA,NA,NA,NA,NA
Daily,2014-10-25,73.1188,20.1,NA,NA,NA,NA,NA,NA,NA,NA,174,NA,NA,NA,NA,NA,NA,NA,NA,NA,NA,NA,NA,NA
Daily,2014-10-26,73.4563,20.5,NA,NA,NA,NA,NA,NA,NA,NA,176,NA,NA,NA,NA,NA,NA,NA,NA,NA,NA,NA,NA,NA
Daily,2014-10-27,73.4,20.75,NA,NA,NA,NA,NA,NA,NA,NA,134,NA,NA,NA,NA,NA,NA,NA,NA,NA,NA,NA,NA,NA
Daily,2014-10-28,73.1188,20.6,NA,23.8,36100,NA,NA,NA,NA,NA,141,NA,NA,NA,NA,NA,NA,NA,NA,NA,NA,NA,NA,NA
Daily,2014-10-29,73.175,22.9,NA,24,36300,NA,NA,NA,NA,NA,159,NA,NA,NA,NA,NA,NA,NA,NA,NA,NA,NA,NA,NA
Daily,2014-10-30,73.2313,22.9,NA,24,36400,NA,NA,NA,NA,NA,170,NA,NA,NA,NA,NA,NA,NA,NA,NA,NA,NA,NA,NA
Daily,2014-10-31,73.1188,22.8,NA,24,36300,NA,NA,NA,NA,NA,171,NA,NA,NA,NA,NA,NA,NA,NA,NA,NA,NA,NA,NA
Daily,2014-11-01,72.8938,22.7,NA,24.1,36300,NA,NA,NA,NA,NA,177,NA,NA,NA,NA,NA,NA,NA,NA,NA,NA,NA,NA,NA
Daily,2014-11-02,72.3875,22.4,NA,24.1,36100,NA,NA,NA,NA,NA,183,NA,NA,NA,NA,NA,NA,NA,NA,NA,NA,NA,NA,NA
Daily,2014-11-03,72.275,22.3,NA,24.1,36100,NA,NA,NA,NA,NA,187,NA,NA,NA,NA,NA,NA,NA,NA,NA,NA,NA,NA,NA
Daily,2014-11-04,71.7125,22,NA,24.1,35900,NA,NA,NA,NA,NA,194,NA,NA,NA,NA,NA,NA,NA,NA,NA,NA,NA,NA,NA
Daily,2014-11-05,71.7125,22.1,NA,24.1,35800,NA,NA,NA,NA,NA,194,NA,NA,NA,NA,NA,NA,NA,NA,NA,NA,NA,NA,NA
Daily,2014-11-06,71.6563,22,NA,24,35700,NA,NA,NA,NA,NA,191,NA,NA,NA,NA,NA,NA,NA,NA,NA,NA,NA,NA,NA
Daily,2014-11-07,71.7125,22,NA,24,35700,NA,NA,NA,NA,NA,186,NA,NA,NA,NA,NA,NA,NA,NA,NA,NA,NA,NA,NA
Daily,2014-11-08,72.1625,22.3,NA,24,35900,NA,NA,NA,NA,NA,186,NA,NA,NA,NA,NA,NA,NA,NA,NA,NA,NA,NA,NA
Daily,2014-11-09,72.275,22.3,NA,24,35900,NA,NA,NA,NA,NA,185,NA,NA,NA,7.5,NA,NA,NA,NA,NA,NA,NA,NA,NA
Daily,2014-11-10,72.4437,22.4,NA,24,36000,NA,NA,NA,NA,NA,184,NA,NA,NA,NA,NA,NA,NA,NA,NA,NA,NA,NA,NA
Daily,2014-11-11,72.6688,22.5,NA,24.1,36100,NA,NA,NA,NA,NA,184,NA,NA,NA,NA,NA,NA,NA,NA,NA,NA,NA,NA,NA
Daily,2014-11-12,72.8938,22.7,NA,24.1,36200,NA,NA,NA,NA,NA,181,NA,NA,NA,NA,NA,NA,NA,NA,NA,NA,NA,NA,NA
Daily,2014-11-13,72.8375,22.7,NA,24.1,36300,NA,NA,NA,NA,NA,182,NA,NA,NA,7.5,NA,NA,NA,NA,NA,NA,NA,NA,NA
Daily,2014-11-14,72.7813,22.6,NA,24.1,36300,NA,NA,NA,NA,NA,183,NA,NA,NA,7.5,NA,NA,NA,NA,NA,NA,NA,NA,NA
Daily,2014-11-15,72.95,22.8,NA,24.1,36400,NA,NA,NA,NA,NA,184,NA,NA,NA,NA,NA,NA,NA,NA,NA,NA,NA,NA,NA
Daily,2014-11-16,73.0062,22.8,NA,24.1,36400,NA,NA,NA,NA,NA,185,NA,NA,NA,NA,NA,NA,NA,NA,NA,NA,NA,NA,NA
Daily,2014-11-17,72.725,22.6,NA,24.2,36300,NA,NA,NA,NA,NA,185,NA,NA,NA,7.5,NA,NA,NA,NA,NA,NA,NA,NA,NA
Daily,2014-11-18,73.0062,22.8,NA,24.2,36500,NA,NA,NA,NA,NA,184,NA,NA,NA,7.5,NA,NA,NA,NA,NA,NA,NA,NA,NA
Daily,2014-11-19,73.9063,23.2,NA,24.2,36900,NA,NA,NA,NA,NA,182,NA,NA,NA,7.5,NA,NA,NA,NA,NA,NA,NA,NA,NA
Daily,2014-11-20,74.75,23.7,NA,24.2,37300,NA,NA,NA,NA,NA,179,NA,NA,NA,7.6,NA,NA,NA,NA,NA,NA,NA,NA,NA
Daily,2014-11-21,75.3125,23.9,NA,24.2,37500,NA,NA,NA,NA,NA,180,NA,NA,NA,7.6,NA,NA,NA,NA,NA,NA,NA,NA,NA
Daily,2014-11-22,75.4813,24,NA,24.3,37600,NA,NA,NA,NA,NA,178,NA,NA,NA,7.7,NA,NA,NA,NA,NA,NA,NA,NA,NA
Daily,2014-11-23,75.8188,24.3,NA,24.3,37800,NA,NA,NA,NA,NA,175,NA,NA,NA,7.8,NA,NA,NA,NA,NA,NA,NA,NA,NA
Daily,2014-11-24,75.8188,24.3,NA,24.3,37700,NA,NA,NA,NA,NA,174,NA,NA,NA,7.8,NA,NA,NA,NA,NA,NA,NA,NA,NA
Daily,2014-11-25,76.1,24.3,NA,24.3,37800,NA,NA,NA,NA,NA,187,NA,NA,NA,7.9,NA,NA,NA,NA,NA,NA,NA,NA,NA
Daily,2014-11-26,76.2125,24.5,NA,24.3,37900,NA,NA,NA,NA,NA,189,NA,NA,NA,7.9,NA,NA,NA,NA,NA,NA,NA,NA,NA
Daily,2014-11-27,76.7188,24.7,NA,24.3,38100,NA,NA,NA,NA,NA,189,NA,NA,NA,7.9,NA,NA,NA,NA,NA,NA,NA,NA,NA
Daily,2014-11-28,76.2125,24.5,NA,24.3,38000,NA,NA,NA,NA,NA,192,NA,NA,NA,8,NA,NA,NA,NA,NA,NA,NA,NA,NA
Daily,2014-11-29,75.7625,24.2,NA,24.3,37800,NA,NA,NA,NA,NA,193,NA,NA,NA,8,NA,NA,NA,NA,NA,NA,NA,NA,NA
Daily,2014-11-30,75.2563,24,NA,24.3,37600,NA,NA,NA,NA,NA,191,NA,NA,NA,8,NA,NA,NA,NA,NA,NA,NA,NA,NA
Daily,2014-12-01,75.2563,23.9,NA,24.3,37500,NA,NA,NA,NA,NA,189,NA,NA,NA,8.1,NA,NA,NA,NA,NA,NA,NA,NA,NA
Daily,2014-12-02,75.425,24,NA,24.3,37600,NA,NA,NA,NA,NA,191,NA,NA,NA,8.1,NA,NA,NA,NA,NA,NA,NA,NA,NA
Daily,2014-12-03,75.5938,24.1,NA,24.3,37700,NA,NA,NA,NA,NA,199,NA,NA,NA,8.1,NA,NA,NA,NA,NA,NA,NA,NA,NA
Daily,2014-12-04,75.9875,24.3,NA,24.3,37800,NA,NA,NA,NA,NA,198,NA,NA,NA,8.1,NA,NA,NA,NA,NA,NA,NA,NA,NA
Daily,2014-12-05,75.9875,24.3,NA,24.3,37800,NA,NA,NA,NA,NA,197,NA,NA,NA,8.1,NA,NA,NA,NA,NA,NA,NA,NA,NA
Daily,2014-12-06,76.325,24.5,NA,24.3,37900,NA,NA,NA,NA,NA,197,NA,NA,NA,8.1,NA,NA,NA,NA,NA,NA,NA,NA,NA
Daily,2014-12-07,76.55,24.7,NA,24.3,38100,NA,NA,NA,NA,NA,201,NA,NA,NA,8.1,NA,NA,NA,NA,NA,NA,NA,NA,NA
Daily,2014-12-08,76.4375,24.6,NA,24.3,38100,NA,NA,NA,NA,NA,197,NA,NA,NA,8.1,NA,NA,NA,NA,NA,NA,NA,NA,NA
Daily,2014-12-09,76.55,24.7,NA,24.3,38100,NA,NA,NA,NA,NA,196,NA,NA,NA,8.1,NA,NA,NA,NA,NA,NA,NA,NA,NA
Daily,2014-12-10,77.1125,25,NA,24.2,38200,NA,NA,NA,NA,NA,197,NA,NA,NA,8.1,NA,NA,NA,NA,NA,NA,NA,NA,NA
Daily,2014-12-11,77.6188,25.3,NA,24.2,38500,NA,NA,NA,NA,NA,196,NA,NA,NA,8.1,NA,NA,NA,NA,NA,NA,NA,NA,NA
Daily,2014-12-12,77.675,25.4,NA,24.2,38500,NA,NA,NA,NA,NA,190,NA,NA,NA,8.1,NA,NA,NA,NA,NA,NA,NA,NA,NA
Daily,2014-12-13,77.45,25.2,NA,24.2,38400,NA,NA,NA,NA,NA,191,NA,NA,NA,8.1,NA,NA,NA,NA,NA,NA,NA,NA,NA
Daily,2014-12-14,77.3375,25.1,NA,24.2,38300,NA,NA,NA,NA,NA,192,NA,NA,NA,8.1,NA,NA,NA,NA,NA,NA,NA,NA,NA
Daily,2014-12-15,77.225,25.1,NA,24.3,38300,NA,NA,NA,NA,NA,193,NA,NA,NA,8.1,NA,NA,NA,NA,NA,NA,NA,NA,NA
Daily,2014-12-16,76.6063,24.8,NA,24.3,38100,NA,NA,NA,NA,NA,196,NA,NA,NA,8.1,NA,NA,NA,NA,NA,NA,NA,NA,NA
Daily,2014-12-17,75.8188,24.3,NA,24.3,37800,NA,NA,NA,NA,NA,202,NA,NA,NA,8.2,NA,NA,NA,NA,NA,NA,NA,NA,NA
Daily,2014-12-18,75.5375,24.1,NA,24.3,37700,NA,NA,NA,NA,NA,193,NA,NA,NA,8.2,NA,NA,NA,NA,NA,NA,NA,NA,NA
Daily,2014-12-19,75.65,24.1,NA,24.3,37700,NA,NA,NA,NA,NA,188,NA,NA,NA,8.2,NA,NA,NA,NA,NA,NA,NA,NA,NA
Daily,2014-12-20,75.7625,24.2,NA,24.3,37800,NA,NA,NA,NA,NA,189,NA,NA,NA,8.2,NA,NA,NA,NA,NA,NA,NA,NA,NA
Daily,2014-12-21,75.875,24.2,NA,24.4,37900,NA,NA,NA,NA,NA,190,NA,NA,NA,8.2,NA,NA,NA,NA,NA,NA,NA,NA,NA
Daily,2014-12-22,75.875,24.3,NA,24.4,37900,NA,NA,NA,NA,NA,190,NA,NA,NA,8.2,NA,NA,NA,NA,NA,NA,NA,NA,NA
Daily,2014-12-23,75.2563,24,NA,24.4,37700,NA,NA,NA,NA,NA,189,NA,NA,NA,8.2,NA,NA,NA,NA,NA,NA,NA,NA,NA
Daily,2014-12-24,74.04685,23.4,NA,24.4,37200,NA,NA,NA,NA,NA,191,NA,NA,NA,8.2,NA,NA,NA,NA,NA,NA,NA,NA,NA
Daily,2014-12-25,73.2875,22.9,NA,24.4,36900,NA,NA,NA,NA,NA,189,NA,NA,NA,8.2,NA,NA,NA,NA,NA,NA,NA,NA,NA
Daily,2014-12-26,72.4437,22.4,NA,24.5,36600,NA,NA,NA,NA,NA,184,NA,NA,NA,8.2,NA,NA,NA,NA,NA,NA,NA,NA,NA
Daily,2014-12-27,71.4875,21.9,NA,24.5,36200,NA,NA,NA,NA,NA,188,NA,NA,NA,8.3,NA,NA,NA,NA,NA,NA,NA,NA,NA
Daily,2014-12-28,70.8125,21.5,NA,24.5,36000,NA,NA,NA,NA,NA,183,NA,NA,NA,8.3,NA,NA,NA,NA,NA,NA,NA,NA,NA
Daily,2014-12-29,70.25,21.2,NA,24.5,35800,NA,NA,NA,NA,NA,184,NA,NA,NA,8.3,NA,NA,NA,NA,NA,NA,NA,NA,NA
Daily,2014-12-30,70.0813,21.1,NA,24.5,35700,NA,NA,NA,NA,NA,185,NA,NA,NA,8.3,NA,NA,NA,NA,NA,NA,NA,NA,NA
Daily,2014-12-31,70.6438,21.3,NA,24.5,35900,NA,NA,NA,NA,NA,183,NA,NA,NA,8.3,NA,NA,NA,NA,NA,NA,NA,NA,NA
Daily,2015-01-01,70.0813,21.1,NA,24.6,35700,NA,NA,NA,NA,NA,186,NA,NA,NA,8.3,NA,NA,NA,NA,NA,NA,NA,NA,NA
Daily,2015-01-02,69.2938,20.7,NA,24.6,35400,NA,NA,NA,NA,NA,185,NA,NA,NA,8.3,NA,NA,NA,NA,NA,NA,NA,NA,NA
Daily,2015-01-03,68.7313,20.3,NA,24.6,35200,NA,NA,NA,NA,NA,185,NA,NA,NA,8.3,NA,NA,NA,NA,NA,NA,NA,NA,NA
Daily,2015-01-04,69.35,20.7,NA,24.6,35500,NA,NA,NA,NA,NA,185,NA,NA,NA,8.3,NA,NA,NA,NA,NA,NA,NA,NA,NA
Daily,2015-01-05,70.25,21.2,NA,24.6,35800,NA,NA,NA,NA,NA,183,NA,NA,NA,8.3,NA,NA,NA,NA,NA,NA,NA,NA,NA
Daily,2015-01-06,69.9688,21.1,NA,24.6,35700,NA,NA,NA,NA,NA,183,NA,NA,NA,8.3,NA,NA,NA,NA,NA,NA,NA,NA,NA
Daily,2015-01-07,69.6875,20.9,NA,24.6,35600,NA,NA,NA,NA,NA,184,NA,NA,NA,8.3,NA,NA,NA,NA,NA,NA,NA,NA,NA
Daily,2015-01-08,69.2938,20.7,NA,24.6,35500,NA,NA,NA,NA,NA,188,NA,NA,NA,8.3,NA,NA,NA,NA,NA,NA,NA,NA,NA
Daily,2015-01-09,69.0687,20.6,NA,24.6,35400,NA,NA,NA,NA,NA,187,NA,NA,NA,8.3,NA,NA,NA,NA,NA,NA,NA,NA,NA
Daily,2015-01-10,69.0687,20.6,NA,24.6,35400,NA,NA,NA,NA,NA,191,NA,NA,NA,8.3,NA,NA,NA,NA,NA,NA,NA,NA,NA
Daily,2015-01-11,69.7438,20.9,NA,24.6,35700,NA,NA,NA,NA,NA,189,NA,NA,NA,8.3,NA,NA,NA,NA,NA,NA,NA,NA,NA
Daily,2015-01-12,70.025,21.1,NA,24.6,35800,NA,NA,NA,NA,NA,189,NA,NA,NA,8.3,NA,NA,NA,NA,NA,NA,NA,NA,NA
Daily,2015-01-13,69.8,21,NA,24.6,35700,NA,NA,NA,NA,NA,188,NA,NA,NA,8.3,NA,NA,NA,NA,NA,NA,NA,NA,NA
Daily,2015-01-14,69.9688,21.1,NA,24.5,35700,NA,NA,NA,NA,NA,189,NA,NA,NA,8.3,NA,NA,NA,NA,NA,NA,NA,NA,NA
Daily,2015-01-15,70.25,21.2,NA,24.5,35800,NA,NA,NA,NA,NA,190,NA,NA,NA,8.3,NA,NA,NA,NA,NA,NA,NA,NA,NA
Daily,2015-01-16,70.7,21.5,NA,24.5,36000,NA,NA,NA,NA,NA,189,NA,NA,NA,8.3,NA,NA,NA,NA,NA,NA,NA,NA,NA
Daily,2015-01-17,70.925,21.6,NA,24.5,36100,NA,NA,NA,NA,NA,189,NA,NA,NA,8.3,NA,NA,NA,NA,NA,NA,NA,NA,NA
Daily,2015-01-18,70.7562,21.5,NA,24.5,36000,NA,NA,NA,NA,NA,191,NA,NA,NA,8.3,NA,NA,NA,NA,NA,NA,NA,NA,NA
Daily,2015-01-19,70.5875,21.5,NA,24.5,35900,NA,NA,NA,NA,NA,189,NA,NA,NA,8.4,NA,NA,NA,NA,NA,NA,NA,NA,NA
Daily,2015-01-20,70.475,21.4,NA,24.6,35900,NA,NA,NA,NA,NA,190,NA,NA,NA,8.4,NA,NA,NA,NA,NA,NA,NA,NA,NA
Daily,2015-01-21,70.4188,21.3,NA,24.6,35900,NA,NA,NA,NA,NA,189,NA,NA,NA,8.4,NA,NA,NA,NA,NA,NA,NA,NA,NA
Daily,2015-01-22,70.025,21.1,NA,24.6,35700,NA,NA,NA,NA,NA,189,NA,NA,NA,8.4,NA,NA,NA,NA,NA,NA,NA,NA,NA
Daily,2015-01-23,69.35,20.7,NA,24.5,35400,NA,NA,NA,NA,NA,189,NA,NA,NA,8.4,NA,NA,NA,NA,NA,NA,NA,NA,NA
Daily,2015-01-24,69.0687,20.6,NA,24.5,35300,NA,NA,NA,NA,NA,189,NA,NA,NA,8.4,NA,NA,NA,NA,NA,NA,NA,NA,NA
Daily,2015-01-25,68.7875,20.4,NA,24.5,35100,NA,NA,NA,NA,NA,190,NA,NA,NA,8.4,NA,NA,NA,NA,NA,NA,NA,NA,NA
Daily,2015-01-26,68.5062,20.2,NA,24.5,35000,NA,NA,NA,NA,NA,190,NA,NA,NA,8.4,NA,NA,NA,NA,NA,NA,NA,NA,NA
Daily,2015-01-27,68.8438,20.4,NA,24.5,35100,NA,NA,NA,NA,NA,189,NA,NA,NA,8.4,NA,NA,NA,NA,NA,NA,NA,NA,NA
Daily,2015-01-28,70.025,21.1,NA,24.5,35600,NA,NA,NA,NA,NA,187,NA,NA,NA,8.3,NA,NA,NA,NA,NA,NA,NA,NA,NA
Daily,2015-01-29,70.1937,21.2,NA,24.5,35700,NA,NA,NA,NA,NA,186,NA,NA,NA,8.3,NA,NA,NA,NA,NA,NA,NA,NA,NA
Daily,2015-01-30,70.5875,21.4,NA,24.5,35800,NA,NA,NA,NA,NA,186,NA,NA,NA,8.3,NA,NA,NA,NA,NA,NA,NA,NA,NA
Daily,2015-01-31,71.0938,21.7,NA,24.5,36000,NA,NA,NA,NA,NA,186,NA,NA,NA,8.3,NA,NA,NA,NA,NA,NA,NA,NA,NA
Daily,2015-02-01,71.6,22,NA,24.4,36200,NA,NA,NA,NA,NA,187,NA,NA,NA,8.3,NA,NA,NA,NA,NA,NA,NA,NA,NA
Daily,2015-02-02,72.3313,22.3,NA,24.4,36500,NA,NA,NA,NA,NA,186,NA,NA,NA,8.3,NA,NA,NA,NA,NA,NA,NA,NA,NA
Daily,2015-02-03,72.3875,22.4,NA,24.4,36500,NA,NA,NA,NA,NA,194,NA,NA,NA,8.3,NA,NA,NA,NA,NA,NA,NA,NA,NA
Daily,2015-02-04,72.3313,22.4,NA,24.4,36500,NA,NA,NA,NA,NA,192,NA,NA,NA,8.3,NA,NA,NA,NA,NA,NA,NA,NA,NA
Daily,2015-02-05,72.2188,22.3,NA,24.4,36400,NA,NA,NA,NA,NA,193,NA,NA,NA,8.3,NA,NA,NA,NA,NA,NA,NA,NA,NA
Daily,2015-02-06,72.1063,22.2,NA,24.4,36400,NA,NA,NA,NA,NA,194,NA,NA,NA,8.3,NA,NA,NA,NA,NA,NA,NA,NA,NA
Daily,2015-02-07,71.9938,22.2,NA,24.4,36300,NA,NA,NA,NA,NA,193,NA,NA,NA,8.3,NA,NA,NA,NA,NA,NA,NA,NA,NA
Daily,2015-02-08,71.5438,22,NA,24.4,36100,NA,NA,NA,NA,NA,191,NA,NA,NA,8.3,NA,NA,NA,NA,NA,NA,NA,NA,NA
Daily,2015-02-09,71.4875,21.9,NA,24.4,36100,NA,NA,NA,NA,NA,191,NA,NA,NA,8.3,NA,NA,NA,NA,NA,NA,NA,NA,NA
Daily,2015-02-10,71.5438,21.200000000000003,NA,24.4,36100,NA,NA,NA,NA,NA,168,NA,NA,NA,8.3,NA,NA,NA,NA,NA,NA,NA,NA,NA
Daily,2015-02-11,71.2625,21.8,NA,24.3,35900,NA,NA,NA,NA,NA,188,NA,NA,NA,8.2,NA,NA,NA,NA,NA,NA,NA,NA,NA
Daily,2015-02-12,70.7,21.5,NA,24.4,35800,NA,NA,NA,NA,NA,185,NA,NA,NA,8.2,NA,NA,NA,NA,NA,NA,NA,NA,NA
Daily,2015-02-13,70.475,21.4,NA,24.4,35700,NA,NA,NA,NA,NA,185,NA,NA,NA,8.3,NA,NA,NA,NA,NA,NA,NA,NA,NA
Daily,2015-02-14,70.4188,21.3,NA,24.4,35700,NA,NA,NA,NA,NA,184,NA,NA,NA,8.3,NA,NA,NA,NA,NA,NA,NA,NA,NA
Daily,2015-02-15,70.4188,21.3,NA,24.3,35600,NA,NA,NA,NA,NA,174,NA,NA,NA,8.3,NA,NA,NA,NA,NA,NA,NA,NA,NA
Daily,2015-02-16,70.475,21.4,NA,24.3,35600,NA,NA,NA,NA,NA,172,NA,NA,NA,8.3,NA,NA,NA,NA,NA,NA,NA,NA,NA
Daily,2015-02-17,70.475,21.4,NA,24.3,35500,NA,NA,NA,NA,NA,167,NA,NA,NA,8.3,NA,NA,NA,NA,NA,NA,NA,NA,NA
Daily,2015-02-18,70.3063,21.3,NA,24.3,35600,NA,NA,NA,NA,NA,163,NA,NA,NA,8.3,NA,NA,NA,NA,NA,NA,NA,NA,NA
Daily,2015-02-19,70.1937,21.2,NA,24.3,35500,NA,NA,NA,NA,NA,164,NA,NA,NA,8.3,NA,NA,NA,NA,NA,NA,NA,NA,NA
Daily,2015-02-20,69.9125,21,NA,24.3,35400,NA,NA,NA,NA,NA,166,NA,NA,NA,8.3,NA,NA,NA,NA,NA,NA,NA,NA,NA
Daily,2015-02-21,70.4188,21.3,NA,24.3,35500,NA,NA,NA,NA,NA,166,NA,NA,NA,8.3,NA,NA,NA,NA,NA,NA,NA,NA,NA
Daily,2015-02-22,70.8125,21.5,NA,24.3,35700,NA,NA,NA,NA,NA,167,NA,NA,NA,8.3,NA,NA,NA,NA,NA,NA,NA,NA,NA
Daily,2015-02-23,70.9813,21.6,NA,24.3,35700,NA,NA,NA,NA,NA,167,NA,NA,NA,8.3,NA,NA,NA,NA,NA,NA,NA,NA,NA
Daily,2015-02-24,70.5875,21.4,NA,24.3,35700,NA,NA,NA,NA,NA,170,NA,NA,NA,8.3,NA,NA,NA,NA,NA,NA,NA,NA,NA
Daily,2015-02-25,70.1937,21.2,NA,24.3,35500,NA,NA,NA,NA,NA,168,NA,NA,NA,8.3,NA,NA,NA,NA,NA,NA,NA,NA,NA
Daily,2015-02-26,70.05315,21.1,NA,24.3,35400,NA,NA,NA,NA,NA,167,NA,NA,NA,8.3,NA,NA,NA,NA,NA,NA,NA,NA,NA
Daily,2015-02-27,70.025,21.1,NA,24.3,35400,NA,NA,NA,NA,NA,168,NA,NA,NA,8.3,NA,NA,NA,NA,NA,NA,NA,NA,NA
Daily,2015-02-28,70.3625,21.3,NA,24.3,35600,NA,NA,NA,NA,NA,162,NA,NA,NA,8.3,NA,NA,NA,NA,NA,NA,NA,NA,NA
Daily,2015-03-01,70.3625,21.3,NA,24.3,35600,NA,NA,NA,NA,NA,163,NA,NA,NA,8.3,NA,NA,NA,NA,NA,NA,NA,NA,NA
Daily,2015-03-02,70.0813,21.2,NA,24.4,35500,NA,NA,NA,NA,NA,164,NA,NA,NA,8.3,NA,NA,NA,NA,NA,NA,NA,NA,NA
Daily,2015-03-03,70.3063,21.3,NA,24.4,35600,NA,NA,NA,NA,NA,164,NA,NA,NA,8.3,NA,NA,NA,NA,NA,NA,NA,NA,NA
Daily,2015-03-04,70.5875,21.4,NA,24.4,35700,NA,NA,NA,NA,NA,164,NA,NA,NA,8.3,NA,NA,NA,NA,NA,NA,NA,NA,NA
Daily,2015-03-05,70.925,21.6,NA,24.4,35800,NA,NA,NA,NA,NA,164,NA,NA,NA,8.3,NA,NA,NA,NA,NA,NA,NA,NA,NA
Daily,2015-03-06,71.15,21.6,NA,24.4,35900,NA,NA,NA,NA,NA,163,NA,NA,NA,8.3,NA,NA,NA,NA,NA,NA,NA,NA,NA
Daily,2015-03-07,71.12190000000001,21.7,NA,24.4,36000,NA,NA,NA,NA,NA,164,NA,NA,NA,8.3,NA,NA,NA,NA,NA,NA,NA,NA,NA
Daily,2015-03-08,70.925,21.6,NA,24.5,35900,NA,NA,NA,NA,NA,163,NA,NA,NA,8.3,NA,NA,NA,NA,NA,NA,NA,NA,NA
Daily,2015-03-09,70.7562,21.5,NA,24.5,35900,NA,NA,NA,NA,NA,162,NA,NA,NA,8.3,NA,NA,NA,NA,NA,NA,NA,NA,NA
Daily,2015-03-11,70.8125,21.6,NA,24.5,36000,NA,NA,NA,NA,NA,163,NA,NA,NA,8.3,NA,NA,NA,NA,NA,NA,NA,NA,NA
Daily,2015-03-12,70.6438,21.5,NA,24.5,35900,NA,NA,NA,NA,NA,164,NA,NA,NA,8.3,NA,NA,NA,NA,NA,NA,NA,NA,NA
Daily,2015-03-13,70.7562,21.5,NA,24.5,36000,NA,NA,NA,NA,NA,164,NA,NA,NA,8.3,NA,NA,NA,NA,NA,NA,NA,NA,NA
Daily,2015-03-14,70.8125,21.5,NA,24.5,36000,NA,NA,NA,NA,NA,164,NA,NA,NA,8.3,NA,NA,NA,NA,NA,NA,NA,NA,NA
Daily,2015-03-15,70.5313,21.4,NA,24.5,35900,NA,NA,NA,NA,NA,165,NA,NA,NA,8.3,NA,NA,NA,NA,NA,NA,NA,NA,NA
Daily,2015-03-16,70.3625,21.3,NA,24.5,35700,NA,NA,NA,NA,NA,164,NA,NA,NA,8.3,NA,NA,NA,NA,NA,NA,NA,NA,NA
Daily,2015-03-17,70.8125,21.5,NA,24.2,35600,NA,NA,NA,NA,NA,162,NA,NA,NA,8.3,NA,NA,NA,NA,NA,NA,NA,NA,NA
Daily,2015-03-18,70.7562,21.5,NA,24.2,35600,NA,NA,NA,NA,NA,164,NA,NA,NA,8.3,NA,NA,NA,NA,NA,NA,NA,NA,NA
Daily,2015-03-19,70.6438,21.4,NA,24.2,35500,NA,NA,NA,NA,NA,164,NA,NA,NA,8.3,NA,NA,NA,NA,NA,NA,NA,NA,NA
Daily,2015-03-20,70.7562,21.5,NA,24.2,35600,NA,NA,NA,NA,NA,165,NA,NA,NA,8.3,NA,NA,NA,NA,NA,NA,NA,NA,NA
Daily,2015-03-21,70.9813,21.6,NA,24.3,35700,NA,NA,NA,NA,NA,165,NA,NA,NA,8.3,NA,NA,NA,NA,NA,NA,NA,NA,NA
Daily,2015-03-22,71.2063,21.8,NA,24.3,35800,NA,NA,NA,NA,NA,165,NA,NA,NA,8.3,NA,NA,NA,NA,NA,NA,NA,NA,NA
Daily,2015-03-23,71.4875,21.9,NA,24.3,35900,NA,NA,NA,NA,NA,165,NA,NA,NA,8.3,NA,NA,NA,NA,NA,NA,NA,NA,NA
Daily,2015-03-24,71.5438,22,NA,24.3,36000,NA,NA,NA,NA,NA,165,NA,NA,NA,8.3,NA,NA,NA,NA,NA,NA,NA,NA,NA
Daily,2015-03-25,71.6,22,NA,24.3,36000,NA,NA,NA,NA,NA,163,NA,NA,NA,8.3,NA,NA,NA,NA,NA,NA,NA,NA,NA
Daily,2015-03-26,71.7125,22.1,NA,24.3,36100,NA,NA,NA,NA,NA,164,NA,NA,NA,8.3,NA,NA,NA,NA,NA,NA,NA,NA,NA
Daily,2015-03-27,71.825,22.1,NA,24.2,36000,NA,NA,NA,NA,NA,165,NA,NA,NA,8.3,NA,NA,NA,NA,NA,NA,NA,NA,NA
Daily,2015-03-28,72.2188,22.3,NA,24.1,36000,NA,NA,NA,NA,NA,165,NA,NA,NA,8.3,NA,NA,NA,NA,NA,NA,NA,NA,NA
Daily,2015-03-29,72.5,22.5,NA,24.1,36100,NA,NA,NA,NA,NA,165,NA,NA,NA,8.3,NA,NA,NA,NA,NA,NA,NA,NA,NA
Daily,2015-03-30,72.7813,22.6,NA,24.1,36200,NA,NA,NA,NA,NA,165,NA,NA,NA,8.3,NA,NA,NA,NA,NA,NA,NA,NA,NA
Daily,2015-03-31,72.7813,22.7,NA,24.1,36200,NA,NA,NA,NA,NA,167,NA,NA,NA,8.3,NA,NA,NA,NA,NA,NA,NA,NA,NA
Daily,2015-04-01,73.0625,22.8,NA,24.1,36400,NA,NA,NA,NA,NA,167,NA,NA,NA,8.3,NA,NA,NA,NA,NA,NA,NA,NA,NA
Daily,2015-04-02,72.95,22.7,NA,24.1,36300,NA,NA,NA,NA,NA,167,NA,NA,NA,8.3,NA,NA,NA,NA,NA,NA,NA,NA,NA
Daily,2015-04-03,72.8938,22.7,NA,24.1,36300,NA,NA,NA,NA,NA,167,NA,NA,NA,8.3,NA,NA,NA,NA,NA,NA,NA,NA,NA
Daily,2015-04-04,72.7813,22.6,NA,24.1,36300,NA,NA,NA,NA,NA,167,NA,NA,NA,8.3,NA,NA,NA,NA,NA,NA,NA,NA,NA
Daily,2015-04-05,72.725,22.6,NA,24.1,36300,NA,NA,NA,NA,NA,167,NA,NA,NA,8.3,NA,NA,NA,NA,NA,NA,NA,NA,NA
Daily,2015-04-06,72.725,22.6,NA,24.1,36300,NA,NA,NA,NA,NA,167,NA,NA,NA,8.3,NA,NA,NA,NA,NA,NA,NA,NA,NA
Daily,2015-04-07,72.6688,22.6,NA,24.2,36300,NA,NA,NA,NA,NA,167,NA,NA,NA,8.3,NA,NA,NA,NA,NA,NA,NA,NA,NA
Daily,2015-04-08,72.6125,22.5,NA,24.2,36300,NA,NA,NA,NA,NA,168,NA,NA,NA,8.3,NA,NA,NA,NA,NA,NA,NA,NA,NA
Daily,2015-04-09,72.4437,22.4,NA,24.2,36200,NA,NA,NA,NA,NA,167,NA,NA,NA,8.3,NA,NA,NA,NA,NA,NA,NA,NA,NA
Daily,2015-04-10,72.3875,22.4,NA,24.2,36200,NA,NA,NA,NA,NA,168,NA,NA,NA,8.3,NA,NA,NA,NA,NA,NA,NA,NA,NA
Daily,2015-04-11,72.3875,22.4,NA,24.2,36300,NA,NA,NA,NA,NA,165,NA,NA,NA,8.3,NA,NA,NA,NA,NA,NA,NA,NA,NA
Daily,2015-04-12,72.2188,22.3,NA,24.3,36200,NA,NA,NA,NA,NA,166,NA,NA,NA,8.3,NA,NA,NA,NA,NA,NA,NA,NA,NA
Daily,2015-04-13,71.9938,22.2,NA,24.3,36200,NA,NA,NA,NA,NA,167,NA,NA,NA,8.3,NA,NA,NA,NA,NA,NA,NA,NA,NA
Daily,2015-04-14,72.3875,22.4,NA,24.3,36300,NA,NA,NA,NA,NA,167,NA,NA,NA,8.3,NA,NA,NA,NA,NA,NA,NA,NA,NA
Daily,2015-04-15,72.6125,22.6,NA,24.3,36500,NA,NA,NA,NA,NA,167,NA,NA,NA,8.3,NA,NA,NA,NA,NA,NA,NA,NA,NA
Daily,2015-04-16,72.4437,22.5,NA,24.3,36400,NA,NA,NA,NA,NA,168,NA,NA,NA,8.3,NA,NA,NA,NA,NA,NA,NA,NA,NA
Daily,2015-04-17,72.2188,22.3,NA,24.3,36200,NA,NA,NA,NA,NA,168,NA,NA,NA,8.3,NA,NA,NA,NA,NA,NA,NA,NA,NA
Daily,2015-04-18,72.1063,22.3,NA,24.3,36200,NA,NA,NA,NA,NA,171,NA,NA,NA,8.3,NA,NA,NA,NA,NA,NA,NA,NA,NA
Daily,2015-04-19,72.2188,22.3,NA,24.3,36300,NA,NA,NA,NA,NA,169,NA,NA,NA,8.3,NA,NA,NA,NA,NA,NA,NA,NA,NA
Daily,2015-04-20,72.3875,22.4,NA,24.3,36300,NA,NA,NA,NA,NA,168,NA,NA,NA,8.4,NA,NA,NA,NA,NA,NA,NA,NA,NA
Daily,2015-04-21,72.725,22.6,NA,24.3,36500,NA,NA,NA,NA,NA,167,NA,NA,NA,8.3,NA,NA,NA,NA,NA,NA,NA,NA,NA
Daily,2015-04-22,72.95,22.7,NA,24.3,36600,NA,NA,NA,NA,NA,168,NA,NA,NA,8.3,NA,NA,NA,NA,NA,NA,NA,NA,NA
Daily,2015-04-23,72.95,22.7,NA,24.2,36400,NA,NA,NA,NA,NA,168,NA,NA,NA,8.4,NA,NA,NA,NA,NA,NA,NA,NA,NA
Daily,2015-04-24,72.725,22.6,NA,24.1,36200,NA,NA,NA,NA,NA,168,NA,NA,NA,8.4,NA,NA,NA,NA,NA,NA,NA,NA,NA
Daily,2015-04-25,72.5563,22.5,NA,24.1,36100,NA,NA,NA,NA,NA,168,NA,NA,NA,8.4,NA,NA,NA,NA,NA,NA,NA,NA,NA
Daily,2015-04-26,72.3313,22.4,NA,24.1,36100,NA,NA,NA,NA,NA,175,NA,NA,NA,8.4,NA,NA,NA,NA,NA,NA,NA,NA,NA
Daily,2015-04-27,72.3875,22.4,NA,24.1,36100,NA,NA,NA,NA,NA,168,NA,NA,NA,8.4,NA,NA,NA,NA,NA,NA,NA,NA,NA
Daily,2015-04-28,72.4437,22.5,NA,24.1,36100,NA,NA,NA,NA,NA,167,NA,NA,NA,8.4,NA,NA,NA,NA,NA,NA,NA,NA,NA
Daily,2015-04-29,72.3875,22.4,NA,24.1,36000,NA,NA,NA,NA,NA,167,NA,NA,NA,8.4,NA,NA,NA,NA,NA,NA,NA,NA,NA
Daily,2015-04-30,72.5,22.5,NA,24.1,36100,NA,NA,NA,NA,NA,163,NA,NA,NA,8.4,NA,NA,NA,NA,NA,NA,NA,NA,NA
Daily,2015-05-01,72.725,22.6,NA,24,36100,NA,NA,NA,NA,NA,166,NA,NA,NA,8.4,NA,NA,NA,NA,NA,NA,NA,NA,NA
Daily,2015-05-02,72.8375,22.7,NA,23.9,36000,NA,NA,NA,NA,NA,173,NA,NA,NA,8.4,NA,NA,NA,NA,NA,NA,NA,NA,NA
Daily,2015-05-03,72.95,22.7,NA,23.9,36100,NA,NA,NA,NA,NA,171,NA,NA,NA,8.4,NA,NA,NA,NA,NA,NA,NA,NA,NA
Daily,2015-05-04,73.1188,22.8,NA,23.9,36100,NA,NA,NA,NA,NA,169,NA,NA,NA,8.3,NA,NA,NA,NA,NA,NA,NA,NA,NA
Daily,2015-05-05,73.0625,22.8,NA,23.9,36100,NA,NA,NA,NA,NA,166,NA,NA,NA,8.3,NA,NA,NA,NA,NA,NA,NA,NA,NA
Daily,2015-05-06,73.0062,22.8,NA,23.9,36100,NA,NA,NA,NA,NA,165,NA,NA,NA,8.3,NA,NA,NA,NA,NA,NA,NA,NA,NA
Daily,2015-05-15,72.275,22.4,NA,24,35900,NA,NA,NA,NA,NA,246,NA,NA,NA,8.3,NA,NA,NA,NA,NA,NA,NA,NA,NA
Daily,2015-05-16,72.05,22.2,NA,24,35900,NA,NA,NA,NA,NA,244,NA,NA,NA,8.3,NA,NA,NA,NA,NA,NA,NA,NA,NA
Daily,2015-05-17,72.05,22.2,NA,24,35800,NA,NA,NA,NA,NA,239,NA,NA,NA,8.3,NA,NA,NA,NA,NA,NA,NA,NA,NA
Daily,2015-05-18,72.2188,22.3,NA,23.9,35800,NA,NA,NA,NA,NA,239,NA,NA,NA,8.3,NA,NA,NA,NA,NA,NA,NA,NA,NA
Daily,2015-05-19,72.2188,22.3,NA,23.9,35700,NA,NA,NA,NA,NA,235,NA,NA,NA,8.3,NA,NA,NA,NA,NA,NA,NA,NA,NA
Daily,2015-05-28,73.5688,23.1,NA,24,36400,NA,NA,NA,NA,NA,225,NA,NA,NA,8.3,NA,NA,NA,NA,NA,NA,NA,NA,NA
Daily,2015-05-29,73.5125,23,NA,24,36400,NA,NA,NA,NA,NA,226,NA,NA,NA,8.3,NA,NA,NA,NA,NA,NA,NA,NA,NA
Daily,2015-06-09,75.0875,23.9,NA,24,37200,NA,NA,NA,NA,NA,181,NA,NA,NA,8.2,NA,NA,NA,NA,NA,NA,NA,NA,NA
Daily,2015-06-10,75.39689999999999,24.1,NA,24.1,37300,NA,NA,NA,NA,NA,187,NA,NA,NA,8.2,NA,NA,NA,NA,NA,NA,NA,NA,NA
Daily,2015-06-11,75.8188,24.3,NA,24.1,37500,NA,NA,NA,NA,NA,186,NA,NA,NA,8.2,NA,NA,NA,NA,NA,NA,NA,NA,NA
Daily,2015-06-12,76.1,24.5,NA,24.1,37600,NA,NA,NA,NA,NA,184,NA,NA,NA,8.2,NA,NA,NA,NA,NA,NA,NA,NA,NA
Daily,2015-06-13,76.2125,24.6,NA,24.1,37700,NA,NA,NA,NA,NA,189,NA,NA,NA,8.2,NA,NA,NA,NA,NA,NA,NA,NA,NA
Daily,2015-06-14,76.3813,24.7,NA,24.1,37800,NA,NA,NA,NA,NA,176,NA,NA,NA,8.2,NA,NA,NA,NA,NA,NA,NA,NA,NA
Daily,2015-06-15,76.8312,24.9,NA,24.1,38000,NA,NA,NA,NA,NA,178,NA,NA,NA,8.2,NA,NA,NA,NA,NA,NA,NA,NA,NA
Daily,2015-06-16,77.1688,25.1,NA,24.1,38100,NA,NA,NA,NA,NA,178,NA,NA,NA,8.2,NA,NA,NA,NA,NA,NA,NA,NA,NA
Daily,2015-06-17,77.45,25.3,NA,24.1,38300,NA,NA,NA,NA,NA,185,NA,NA,NA,8.2,NA,NA,NA,NA,NA,NA,NA,NA,NA
Daily,2015-06-18,77.7313,25.4,NA,24.1,38400,NA,NA,NA,NA,NA,170,NA,NA,NA,8.2,NA,NA,NA,NA,NA,NA,NA,NA,NA
Daily,2015-06-19,77.9,25.5,NA,24.1,38500,NA,NA,NA,NA,NA,173,NA,NA,NA,8.2,NA,NA,NA,NA,NA,NA,NA,NA,NA
Daily,2015-06-20,77.7875,25.4,NA,24.1,38400,NA,NA,NA,NA,NA,176,NA,NA,NA,8.2,NA,NA,NA,NA,NA,NA,NA,NA,NA
Daily,2015-06-21,77.7875,25.4,NA,24.2,38500,NA,NA,NA,NA,NA,181,NA,NA,NA,8.2,NA,NA,NA,NA,NA,NA,NA,NA,NA
Daily,2015-06-22,78.0125,25.6,NA,24.2,38600,NA,NA,NA,NA,NA,176,NA,NA,NA,8.2,NA,NA,NA,NA,NA,NA,NA,NA,NA
Daily,2015-06-23,78.575,25.85,NA,24.2,38850,NA,NA,NA,NA,NA,175,NA,NA,NA,8.2,NA,NA,NA,NA,NA,NA,NA,NA,NA
Daily,2015-06-24,78.6875,25.9,NA,24.2,38900,NA,NA,NA,NA,NA,186,NA,NA,NA,8.2,NA,NA,NA,NA,NA,NA,NA,NA,NA
Daily,2015-06-25,78.575,25.9,NA,24.3,38900,NA,NA,NA,NA,NA,187,NA,NA,NA,8.2,NA,NA,NA,NA,NA,NA,NA,NA,NA
Daily,2015-06-26,78.9125,26.1,NA,24.3,39100,NA,NA,NA,NA,NA,183,NA,NA,NA,8.2,NA,NA,NA,NA,NA,NA,NA,NA,NA
Daily,2015-06-27,79.1938,26.2,NA,24.3,39200,NA,NA,NA,NA,NA,182,NA,NA,NA,8.2,NA,NA,NA,NA,NA,NA,NA,NA,NA
Daily,2015-06-28,79.1938,26.2,NA,24.3,39200,NA,NA,NA,NA,NA,186,NA,NA,NA,8.1,NA,NA,NA,NA,NA,NA,NA,NA,NA
Daily,2015-06-29,79.3063,26.3,NA,24.3,39300,NA,NA,NA,NA,NA,191,NA,NA,NA,8.1,NA,NA,NA,NA,NA,NA,NA,NA,NA
Daily,2015-06-30,79.5313,26.4,NA,24.3,39400,NA,NA,NA,NA,NA,192,NA,NA,NA,8.2,NA,NA,NA,NA,NA,NA,NA,NA,NA
Daily,2015-07-01,79.6437,26.5,NA,24.3,39400,NA,NA,NA,NA,NA,182,NA,NA,NA,8.1,NA,NA,NA,NA,NA,NA,NA,NA,NA
Daily,2015-07-02,79.8125,26.6,NA,24.3,39500,NA,NA,NA,NA,NA,181,NA,NA,NA,8.2,NA,NA,NA,NA,NA,NA,NA,NA,NA
Daily,2015-07-03,80.0375,26.7,NA,24.3,39600,NA,NA,NA,NA,NA,183,NA,NA,NA,8.2,NA,NA,NA,NA,NA,NA,NA,NA,NA
Daily,2015-07-04,79.8125,26.6,NA,24.3,39500,NA,NA,NA,NA,NA,185,NA,NA,NA,8.2,NA,NA,NA,NA,NA,NA,NA,NA,NA
Daily,2015-07-05,79.5875,26.4,NA,24.3,39400,NA,NA,NA,NA,NA,184,NA,NA,NA,8.2,NA,NA,NA,NA,NA,NA,NA,NA,NA
Daily,2015-07-06,79.475,26.4,NA,24.3,39400,NA,NA,NA,NA,NA,181,NA,NA,NA,8.2,NA,NA,NA,NA,NA,NA,NA,NA,NA
Daily,2015-07-07,79.7,26.5,NA,24.3,39400,NA,NA,NA,NA,NA,179,NA,NA,NA,8.2,NA,NA,NA,NA,NA,NA,NA,NA,NA
Daily,2015-07-08,79.925,26.6,NA,24.3,39500,NA,NA,NA,NA,NA,180,NA,NA,NA,8.2,NA,NA,NA,NA,NA,NA,NA,NA,NA
Daily,2015-07-09,80.0375,26.7,NA,24.3,39600,NA,NA,NA,NA,NA,219,NA,NA,NA,8.2,NA,NA,NA,NA,NA,NA,NA,NA,NA
Daily,2015-07-10,79.925,26.6,NA,24.3,39500,NA,NA,NA,NA,NA,186,NA,NA,NA,8.2,NA,NA,NA,NA,NA,NA,NA,NA,NA
Daily,2015-07-11,79.7563,26.5,NA,24.3,39500,NA,NA,NA,NA,NA,182,NA,NA,NA,8.2,NA,NA,NA,NA,NA,NA,NA,NA,NA
Daily,2015-07-12,79.3625,26.3,NA,24.3,39300,NA,NA,NA,NA,NA,184,NA,NA,NA,8.2,NA,NA,NA,NA,NA,NA,NA,NA,NA
Daily,2015-07-13,79.1375,26.2,NA,24.2,39100,NA,NA,NA,NA,NA,180,NA,NA,NA,8.2,NA,NA,NA,NA,NA,NA,NA,NA,NA
Daily,2015-07-14,79.25,26.3,NA,24.2,39100,NA,NA,NA,NA,NA,181,NA,NA,NA,8.2,NA,NA,NA,NA,NA,NA,NA,NA,NA
Daily,2015-07-15,79.25,26.2,NA,24.2,39100,NA,NA,NA,NA,NA,183,NA,NA,NA,8.3,NA,NA,NA,NA,NA,NA,NA,NA,NA
Daily,2015-07-16,79.4188,26.3,NA,24.2,39200,NA,NA,NA,NA,NA,182,NA,NA,NA,8.3,NA,NA,NA,NA,NA,NA,NA,NA,NA
Daily,2015-07-17,79.1938,26.2,NA,24.2,39100,NA,NA,NA,NA,NA,181,NA,NA,NA,8.3,NA,NA,NA,NA,NA,NA,NA,NA,NA
Daily,2015-07-18,79.025,26.1,NA,24.2,39000,NA,NA,NA,NA,NA,177,NA,NA,NA,8.3,NA,NA,NA,NA,NA,NA,NA,NA,NA
Daily,2015-07-19,79.0812,26.1,NA,24.2,39100,NA,NA,NA,NA,NA,177,NA,NA,NA,8.3,NA,NA,NA,NA,NA,NA,NA,NA,NA
Daily,2015-07-20,79.1375,26.2,NA,24.1,39000,NA,NA,NA,NA,NA,178,NA,NA,NA,8.3,NA,NA,NA,NA,NA,NA,NA,NA,NA
Daily,2015-07-21,79.25,26.3,NA,24,38800,NA,NA,NA,NA,NA,180,NA,NA,NA,8.2,NA,NA,NA,NA,NA,NA,NA,NA,NA
Daily,2015-07-22,79.5313,25.9,NA,24,38900,NA,NA,NA,NA,NA,180,NA,NA,NA,8.2,NA,NA,NA,NA,NA,NA,NA,NA,NA
Daily,2015-07-23,79.3063,25.1,NA,NA,NA,NA,NA,NA,NA,NA,207,NA,NA,NA,NA,NA,NA,NA,NA,NA,NA,NA,NA,NA
Daily,2015-07-24,79.025,25.4,NA,NA,NA,NA,NA,NA,NA,NA,157,NA,NA,NA,NA,NA,NA,NA,NA,NA,NA,NA,NA,NA
Daily,2015-07-25,78.9125,25.6,NA,NA,NA,NA,NA,NA,NA,NA,117,NA,NA,NA,NA,NA,NA,NA,NA,NA,NA,NA,NA,NA
Daily,2015-07-26,78.7438,25,NA,NA,NA,NA,NA,NA,NA,NA,105,NA,NA,NA,NA,NA,NA,NA,NA,NA,NA,NA,NA,NA
Daily,2015-07-27,78.7438,25.25,NA,NA,NA,NA,NA,NA,NA,NA,103,NA,NA,NA,NA,NA,NA,NA,NA,NA,NA,NA,NA,NA
Daily,2015-07-28,79.0812,25.95,NA,NA,NA,NA,NA,NA,NA,NA,127,NA,NA,NA,NA,NA,NA,NA,NA,NA,NA,NA,NA,NA
Daily,2015-07-29,79.0812,25.6,NA,NA,NA,NA,NA,NA,NA,NA,135,NA,NA,NA,NA,NA,NA,NA,NA,NA,NA,NA,NA,NA
Daily,2015-07-30,79.1938,25,NA,NA,NA,NA,NA,NA,NA,NA,141,NA,NA,NA,NA,NA,NA,NA,NA,NA,NA,NA,NA,NA
Daily,2015-07-31,79.25,25.5,NA,23.9,38800,NA,NA,NA,NA,NA,151,NA,NA,NA,8.1,NA,NA,NA,NA,NA,NA,NA,NA,NA
Daily,2015-08-01,79.1938,26.2,NA,24,38800,NA,NA,NA,NA,NA,158,NA,NA,NA,8.1,NA,NA,NA,NA,NA,NA,NA,NA,NA
Daily,2015-08-02,79.475,26.4,NA,23.9,38900,NA,NA,NA,NA,NA,162,NA,NA,NA,8.1,NA,NA,NA,NA,NA,NA,NA,NA,NA
Daily,2015-08-03,79.5875,26.5,NA,24,38900,NA,NA,NA,NA,NA,163,NA,NA,NA,8.1,NA,NA,NA,NA,NA,NA,NA,NA,NA
Daily,2015-08-04,79.5875,26.5,NA,24,39000,NA,NA,NA,NA,NA,171,NA,NA,NA,8.2,NA,NA,NA,NA,NA,NA,NA,NA,NA
Daily,2015-08-05,79.5875,26.5,NA,24,39000,NA,NA,NA,NA,NA,169,NA,NA,NA,8.2,NA,NA,NA,NA,NA,NA,NA,NA,NA
Daily,2015-08-06,79.5875,26.5,NA,24,39000,NA,NA,NA,NA,NA,166,NA,NA,NA,8.2,NA,NA,NA,NA,NA,NA,NA,NA,NA
Daily,2015-09-01,79.5313,27,NA,21.1,35200,NA,NA,NA,NA,NA,169,NA,NA,NA,8.2,NA,NA,NA,NA,NA,NA,NA,NA,NA
Daily,2015-09-02,79.4188,26.9,NA,21.2,35100,NA,NA,NA,NA,NA,170,NA,NA,NA,8.2,NA,NA,NA,NA,NA,NA,NA,NA,NA
Daily,2015-09-03,79.1938,26.7,NA,21.2,35000,NA,NA,NA,NA,NA,171,NA,NA,NA,8.2,NA,NA,NA,NA,NA,NA,NA,NA,NA
Daily,2015-09-04,78.7438,26.5,NA,21.2,34900,NA,NA,NA,NA,NA,172,NA,NA,NA,8.2,NA,NA,NA,NA,NA,NA,NA,NA,NA
Daily,2015-09-05,78.60315,26.3,NA,21.2,34700,NA,NA,NA,NA,NA,169,NA,NA,NA,8.2,NA,NA,NA,NA,NA,NA,NA,NA,NA
Daily,2015-09-06,78.2938,26.2,NA,21.2,34700,NA,NA,NA,NA,NA,171,NA,NA,NA,8.2,NA,NA,NA,NA,NA,NA,NA,NA,NA
Daily,2015-09-07,78.82815,26.4,NA,21.2,34800,NA,NA,NA,NA,NA,172,NA,NA,NA,8.2,NA,NA,NA,NA,NA,NA,NA,NA,NA
Daily,2015-09-08,78.9688,26.4,NA,21.3,34900,NA,NA,NA,NA,NA,171,NA,NA,NA,8.2,NA,NA,NA,NA,NA,NA,NA,NA,NA
Daily,2015-09-09,78.6313,26.3,NA,21.3,34900,NA,NA,NA,NA,NA,172,NA,NA,NA,8.2,NA,NA,NA,NA,NA,NA,NA,NA,NA
Daily,2015-09-10,78.4063,26.2,NA,21.4,35000,NA,NA,NA,NA,NA,172,NA,NA,NA,8.2,NA,NA,NA,NA,NA,NA,NA,NA,NA
Daily,2015-09-11,78.125,26.1,NA,21.1,34500,NA,NA,NA,NA,NA,179,NA,NA,NA,8.2,NA,NA,NA,NA,NA,NA,NA,NA,NA
Daily,2015-09-12,78.2938,26.1,NA,21.1,34500,NA,NA,NA,NA,NA,177,NA,NA,NA,8.2,NA,NA,NA,NA,NA,NA,NA,NA,NA
Daily,2015-09-13,78.4063,26.2,NA,21.1,34600,NA,NA,NA,NA,NA,175,NA,NA,NA,8.2,NA,NA,NA,NA,NA,NA,NA,NA,NA
Daily,2015-09-14,78.35,26.3,NA,21.1,34600,NA,NA,NA,NA,NA,167,NA,NA,NA,8.1,NA,NA,NA,NA,NA,NA,NA,NA,NA
Daily,2015-09-15,78.6875,26.3,NA,21.2,34800,NA,NA,NA,NA,NA,172,NA,NA,NA,8.1,NA,NA,NA,NA,NA,NA,NA,NA,NA
Daily,2015-09-16,78.6875,26.4,NA,21.2,34900,NA,NA,NA,NA,NA,170,NA,NA,NA,8.1,NA,NA,NA,NA,NA,NA,NA,NA,NA
Daily,2015-09-17,78.9125,26.5,NA,21.2,34900,NA,NA,NA,NA,NA,167,NA,NA,NA,8.2,NA,NA,NA,NA,NA,NA,NA,NA,NA
Daily,2015-09-18,76.91565,26.4,NA,21.4,35100,NA,NA,NA,NA,NA,188,NA,NA,NA,8.2,NA,NA,NA,NA,NA,NA,NA,NA,NA
Daily,2015-09-19,78.9688,26.4,NA,21.4,35100,NA,NA,NA,NA,NA,173,NA,NA,NA,8.2,NA,NA,NA,NA,NA,NA,NA,NA,NA
Daily,2015-09-20,78.9125,26.3,NA,21.5,35200,NA,NA,NA,NA,NA,171,NA,NA,NA,8.2,NA,NA,NA,NA,NA,NA,NA,NA,NA
Daily,2015-09-21,76.2125,26.1,NA,21.5,35000,NA,NA,NA,NA,NA,167,NA,NA,NA,8.2,NA,NA,NA,NA,NA,NA,NA,NA,NA
Daily,2015-09-22,73.42815,25.9,NA,21.5,34800,NA,NA,NA,NA,NA,168,NA,NA,NA,8.1,NA,NA,NA,NA,NA,NA,NA,NA,NA
Daily,2015-09-23,75.1437,25.9,NA,21.6,35100,NA,NA,NA,NA,NA,167,NA,NA,NA,8.2,NA,NA,NA,NA,NA,NA,NA,NA,NA
Daily,2015-09-24,75.65,26,NA,21.6,35100,NA,NA,NA,NA,NA,165,NA,NA,NA,8.2,NA,NA,NA,NA,NA,NA,NA,NA,NA
Daily,2015-09-25,75.8469,26.1,NA,21.5,35100,NA,NA,NA,NA,NA,168,NA,NA,NA,8.2,NA,NA,NA,NA,NA,NA,NA,NA,NA
Daily,2015-09-26,75.5375,26,NA,21.5,35000,NA,NA,NA,NA,NA,165,NA,NA,NA,8.2,NA,NA,NA,NA,NA,NA,NA,NA,NA
Daily,2015-09-27,75.3688,25.9,NA,21.5,35000,NA,NA,NA,NA,NA,164,NA,NA,NA,8.2,NA,NA,NA,NA,NA,NA,NA,NA,NA
Daily,2015-09-28,75.5938,25.8,NA,21.6,34900,NA,NA,NA,NA,NA,164,NA,NA,NA,8.2,NA,NA,NA,NA,NA,NA,NA,NA,NA
Daily,2015-09-29,77,25.8,NA,21.7,35100,NA,NA,NA,NA,NA,163,NA,NA,NA,8.2,NA,NA,NA,NA,NA,NA,NA,NA,NA
Daily,2015-09-30,77.2813,25.9,NA,21.7,35200,NA,NA,NA,NA,NA,162,NA,NA,NA,8.2,NA,NA,NA,NA,NA,NA,NA,NA,NA
Daily,2015-10-01,77.3937,25.9,NA,21.8,35300,NA,NA,NA,NA,NA,162,NA,NA,NA,8.2,NA,NA,NA,NA,NA,NA,NA,NA,NA
Daily,2015-10-02,76.1,25.8,NA,21.8,35300,NA,NA,NA,NA,NA,162,NA,NA,NA,8.2,NA,NA,NA,NA,NA,NA,NA,NA,NA
Daily,2015-10-03,73.85,25.5,NA,21.8,35100,NA,NA,NA,NA,NA,164,NA,NA,NA,8.2,NA,NA,NA,NA,NA,NA,NA,NA,NA
Daily,2015-10-04,73.175,25.3,NA,21.9,35000,NA,NA,NA,NA,NA,164,NA,NA,NA,8.2,NA,NA,NA,NA,NA,NA,NA,NA,NA
Daily,2015-10-05,73.2875,25,NA,21.9,34900,NA,NA,NA,NA,NA,165,NA,NA,NA,8.2,NA,NA,NA,NA,NA,NA,NA,NA,NA
Daily,2015-10-06,74.1313,24.7,NA,21.9,34600,NA,NA,NA,NA,NA,165,NA,NA,NA,8.2,NA,NA,NA,NA,NA,NA,NA,NA,NA
Daily,2015-10-07,75.5375,24.4,NA,21.9,34500,NA,NA,NA,NA,NA,168,NA,NA,NA,8.2,NA,NA,NA,NA,NA,NA,NA,NA,NA
Daily,2015-10-08,75.5375,24.3,NA,21.9,34300,NA,NA,NA,NA,NA,165,NA,NA,NA,8.2,NA,NA,NA,NA,NA,NA,NA,NA,NA
Daily,2015-10-09,75.3688,24.1,NA,21.9,34200,NA,NA,NA,NA,NA,165,NA,NA,NA,8.2,NA,NA,NA,NA,NA,NA,NA,NA,NA
Daily,2015-10-10,75.0313,24,NA,21.9,34200,NA,NA,NA,NA,NA,166,NA,NA,NA,8.2,NA,NA,NA,NA,NA,NA,NA,NA,NA
Daily,2015-10-11,74.8063,23.9,NA,21.9,34100,NA,NA,NA,NA,NA,165,NA,NA,NA,8.2,NA,NA,NA,NA,NA,NA,NA,NA,NA
Daily,2015-10-12,74.975,24,NA,21.9,34100,NA,NA,NA,NA,NA,164,NA,NA,NA,8.2,NA,NA,NA,NA,NA,NA,NA,NA,NA
Daily,2015-10-13,75.0313,24.1,NA,21.8,34200,NA,NA,NA,NA,NA,125,NA,NA,NA,8.2,NA,NA,NA,NA,NA,NA,NA,NA,NA
Daily,2015-10-14,75.3688,24.3,NA,21.9,34300,NA,NA,NA,NA,NA,125,NA,NA,NA,8.2,NA,NA,NA,NA,NA,NA,NA,NA,NA
Daily,2015-10-15,75.3125,24.3,NA,21.9,34300,NA,NA,NA,NA,NA,126,NA,NA,NA,8.3,NA,NA,NA,NA,NA,NA,NA,NA,NA
Daily,2015-10-16,74.8063,24,NA,21.9,34100,NA,NA,NA,NA,NA,129,NA,NA,NA,8.3,NA,NA,NA,NA,NA,NA,NA,NA,NA
Daily,2015-10-17,74.525,23.8,NA,21.9,34000,NA,NA,NA,NA,NA,131,NA,NA,NA,8.3,NA,NA,NA,NA,NA,NA,NA,NA,NA
Daily,2015-10-18,74.4125,23.7,NA,21.9,34000,NA,NA,NA,NA,NA,130,NA,NA,NA,8.3,NA,NA,NA,NA,NA,NA,NA,NA,NA
Daily,2015-10-19,74.6375,23.9,NA,21.9,34100,NA,NA,NA,NA,NA,135,NA,NA,NA,8.3,NA,NA,NA,NA,NA,NA,NA,NA,NA
Daily,2015-10-20,74.75,23.9,NA,21.9,34100,NA,NA,NA,NA,NA,135,NA,NA,NA,8.3,NA,NA,NA,NA,NA,NA,NA,NA,NA
Daily,2015-10-21,74.3563,23.7,NA,21.9,33900,NA,NA,NA,NA,NA,135,NA,NA,NA,8.3,NA,NA,NA,NA,NA,NA,NA,NA,NA
Daily,2015-10-22,73.7375,23.4,NA,21.9,33800,NA,NA,NA,NA,NA,135,NA,NA,NA,8.3,NA,NA,NA,NA,NA,NA,NA,NA,NA
Daily,2015-10-23,73.7938,23.3,NA,21.9,33700,NA,NA,NA,NA,NA,134,NA,NA,NA,8.3,NA,NA,NA,NA,NA,NA,NA,NA,NA
Daily,2015-10-24,73.6813,23.3,NA,21.9,33700,NA,NA,NA,NA,NA,139,NA,NA,NA,8.3,NA,NA,NA,NA,NA,NA,NA,NA,NA
Daily,2015-10-25,73.625,23.3,NA,21.9,33700,NA,NA,NA,NA,NA,136,NA,NA,NA,8.4,NA,NA,NA,NA,NA,NA,NA,NA,NA
Daily,2015-10-26,73.5125,23.2,NA,21.9,33700,NA,NA,NA,NA,NA,136,NA,NA,NA,8.4,NA,NA,NA,NA,NA,NA,NA,NA,NA
Daily,2015-10-27,73.4,23.1,NA,21.9,33700,NA,NA,NA,NA,NA,139,NA,NA,NA,8.4,NA,NA,NA,NA,NA,NA,NA,NA,NA
Daily,2015-10-28,73.1188,22.8,NA,22,33500,NA,NA,NA,NA,NA,138,NA,NA,NA,8.4,NA,NA,NA,NA,NA,NA,NA,NA,NA
Daily,2015-10-29,72.7813,22.7,NA,21.9,33300,NA,NA,NA,NA,NA,135,NA,NA,NA,8.4,NA,NA,NA,NA,NA,NA,NA,NA,NA
Daily,2015-10-30,72.3313,22.4,NA,21.8,33000,NA,NA,NA,NA,NA,134,NA,NA,NA,8.3,NA,NA,NA,NA,NA,NA,NA,NA,NA
Daily,2015-10-31,72.1625,22.3,NA,21.8,32900,NA,NA,NA,NA,NA,133,NA,NA,NA,8.3,NA,NA,NA,NA,NA,NA,NA,NA,NA
Daily,2015-11-01,71.8812,22.2,NA,21.8,32900,NA,NA,NA,NA,NA,133,NA,NA,NA,8.3,NA,NA,NA,NA,NA,NA,NA,NA,NA
Daily,2015-11-02,71.5438,22.1,NA,21.8,32800,NA,NA,NA,NA,NA,134,NA,NA,NA,8.3,NA,NA,NA,NA,NA,NA,NA,NA,NA
Daily,2015-11-03,71.5438,22,NA,21.8,32700,NA,NA,NA,NA,NA,133,NA,NA,NA,8.3,NA,NA,NA,NA,NA,NA,NA,NA,NA
Daily,2015-11-04,71.15,21.8,NA,21.8,32600,NA,NA,NA,NA,NA,133,NA,NA,NA,8.3,NA,NA,NA,NA,NA,NA,NA,NA,NA
Daily,2015-11-05,71.825,22.1,NA,21.8,32700,NA,NA,NA,NA,NA,134,NA,NA,NA,8.3,NA,NA,NA,NA,NA,NA,NA,NA,NA
Daily,2015-11-06,72.1625,22.2,NA,21.8,32800,NA,NA,NA,NA,NA,133,NA,NA,NA,8.3,NA,NA,NA,NA,NA,NA,NA,NA,NA
Daily,2015-11-07,72.95,22.6,NA,21.8,33100,NA,NA,NA,NA,NA,131,NA,NA,NA,8.3,NA,NA,NA,NA,NA,NA,NA,NA,NA
Daily,2015-11-08,73.4563,23,NA,21.8,33300,NA,NA,NA,NA,NA,130,NA,NA,NA,8.3,NA,NA,NA,NA,NA,NA,NA,NA,NA
Daily,2015-11-09,73.2313,22.9,NA,21.8,33400,NA,NA,NA,NA,NA,130,NA,NA,NA,8.3,NA,NA,NA,NA,NA,NA,NA,NA,NA
Daily,2015-11-10,73.175,22.8,NA,21.8,33300,NA,NA,NA,NA,NA,131,NA,NA,NA,8.3,NA,NA,NA,NA,NA,NA,NA,NA,NA
Daily,2015-11-11,73.0625,NA,NA,NA,NA,NA,NA,NA,NA,NA,NA,NA,NA,NA,NA,NA,NA,NA,NA,NA,NA,NA,NA,NA
Daily,2015-11-12,73.4,NA,NA,NA,NA,NA,NA,NA,NA,NA,NA,NA,NA,NA,NA,NA,NA,NA,NA,NA,NA,NA,NA,NA
Daily,2015-11-13,73.4563,NA,NA,NA,NA,NA,NA,NA,NA,NA,NA,NA,NA,NA,NA,NA,NA,NA,NA,NA,NA,NA,NA,NA
Daily,2015-11-14,73.625,NA,NA,NA,NA,NA,NA,NA,NA,NA,NA,NA,NA,NA,NA,NA,NA,NA,NA,NA,NA,NA,NA,NA
Daily,2015-11-15,73.9625,NA,NA,NA,NA,NA,NA,NA,NA,NA,NA,NA,NA,NA,NA,NA,NA,NA,NA,NA,NA,NA,NA,NA
Daily,2015-11-16,74.075,NA,NA,NA,NA,NA,NA,NA,NA,NA,NA,NA,NA,NA,NA,NA,NA,NA,NA,NA,NA,NA,NA,NA
Daily,2015-11-17,73.9063,NA,NA,NA,NA,NA,NA,NA,NA,NA,NA,NA,NA,NA,NA,NA,NA,NA,NA,NA,NA,NA,NA,NA
Daily,2015-11-18,73.5688,NA,NA,NA,NA,NA,NA,NA,NA,NA,NA,NA,NA,NA,NA,NA,NA,NA,NA,NA,NA,NA,NA,NA
Daily,2015-11-19,73.4563,23,NA,24.9,37650,NA,NA,NA,NA,NA,178,NA,NA,NA,8,NA,NA,NA,NA,NA,NA,NA,NA,NA
Daily,2015-11-20,73.5125,23,NA,24.9,37600,NA,NA,NA,NA,NA,168,NA,NA,NA,8.1,NA,NA,NA,NA,NA,NA,NA,NA,NA
Daily,2015-11-21,73.625,23,NA,24.9,37600,NA,NA,NA,NA,NA,161,NA,NA,NA,8.1,NA,NA,NA,NA,NA,NA,NA,NA,NA
Daily,2015-11-22,73.175,22.9,NA,24.9,37500,NA,NA,NA,NA,NA,157,NA,NA,NA,8.1,NA,NA,NA,NA,NA,NA,NA,NA,NA
Daily,2015-11-23,72.8938,22.7,NA,24.9,37300,NA,NA,NA,NA,NA,155,NA,NA,NA,8.2,NA,NA,NA,NA,NA,NA,NA,NA,NA
Daily,2015-11-24,72.6688,22.6,NA,24.9,37200,NA,NA,NA,NA,NA,154,NA,NA,NA,8.2,NA,NA,NA,NA,NA,NA,NA,NA,NA
Daily,2015-11-25,72.3313,22.4,NA,24.8,37100,NA,NA,NA,NA,NA,163,NA,NA,NA,8.2,NA,NA,NA,NA,NA,NA,NA,NA,NA
Daily,2015-11-26,72.275,22.3,NA,24.8,37000,NA,NA,NA,NA,NA,134,NA,NA,NA,8.2,NA,NA,NA,NA,NA,NA,NA,NA,NA
Daily,2015-11-27,72.725,22.5,NA,24.7,37000,NA,NA,NA,NA,NA,123,NA,NA,NA,8.2,NA,NA,NA,NA,NA,NA,NA,NA,NA
Daily,2015-11-28,72.6688,22.5,NA,24.7,37000,NA,NA,NA,NA,NA,121,NA,NA,NA,8.2,NA,NA,NA,NA,NA,NA,NA,NA,NA
Daily,2015-11-29,72.5563,22.4,NA,24.7,36900,NA,NA,NA,NA,NA,127,NA,NA,NA,8.2,NA,NA,NA,NA,NA,NA,NA,NA,NA
Daily,2015-11-30,72.2188,22.3,NA,24.7,36800,NA,NA,NA,NA,NA,131,NA,NA,NA,8.2,NA,NA,NA,NA,NA,NA,NA,NA,NA
Daily,2015-12-01,72.05,22.2,NA,24.7,36700,NA,NA,NA,NA,NA,126,NA,NA,NA,8.2,NA,NA,NA,NA,NA,NA,NA,NA,NA
Daily,2015-12-02,71.9375,22.1,NA,24.7,36700,NA,NA,NA,NA,NA,126,NA,NA,NA,8.2,NA,NA,NA,NA,NA,NA,NA,NA,NA
Daily,2015-12-03,72.6125,22.4,NA,24.7,36900,NA,NA,NA,NA,NA,124,NA,NA,NA,8.2,NA,NA,NA,NA,NA,NA,NA,NA,NA
Daily,2015-12-04,72.95,22.7,NA,24.7,37100,NA,NA,NA,NA,NA,119,NA,NA,NA,8.2,NA,NA,NA,NA,NA,NA,NA,NA,NA
Daily,2015-12-05,72.7813,22.5,NA,24.7,37000,NA,NA,NA,NA,NA,117,NA,NA,NA,8.2,NA,NA,NA,NA,NA,NA,NA,NA,NA
Daily,2015-12-06,72.4437,22.4,NA,24.7,36900,NA,NA,NA,NA,NA,116,NA,NA,NA,8.2,NA,NA,NA,NA,NA,NA,NA,NA,NA
Daily,2015-12-07,72.05,22.2,NA,24.7,36800,NA,NA,NA,NA,NA,119,NA,NA,NA,8.2,NA,NA,NA,NA,NA,NA,NA,NA,NA
Daily,2015-12-08,72.6688,22.2,NA,24.7,36750,NA,NA,NA,NA,NA,116,NA,NA,NA,8.2,NA,NA,NA,NA,NA,NA,NA,NA,NA
Daily,2015-12-09,73.2313,NA,NA,NA,NA,NA,NA,NA,NA,NA,NA,NA,NA,NA,NA,NA,NA,NA,NA,NA,NA,NA,NA,NA
Daily,2015-12-10,73.625,NA,NA,NA,NA,NA,NA,NA,NA,NA,NA,NA,NA,NA,NA,NA,NA,NA,NA,NA,NA,NA,NA,NA
Daily,2015-12-11,73.85,NA,NA,NA,NA,NA,NA,NA,NA,NA,NA,NA,NA,NA,NA,NA,NA,NA,NA,NA,NA,NA,NA,NA
Daily,2015-12-12,73.5688,NA,NA,NA,NA,NA,NA,NA,NA,NA,NA,NA,NA,NA,NA,NA,NA,NA,NA,NA,NA,NA,NA,NA
Daily,2015-12-13,73.175,NA,NA,NA,NA,NA,NA,NA,NA,NA,NA,NA,NA,NA,NA,NA,NA,NA,NA,NA,NA,NA,NA,NA
Daily,2015-12-14,72.95,NA,NA,NA,NA,NA,NA,NA,NA,NA,NA,NA,NA,NA,NA,NA,NA,NA,NA,NA,NA,NA,NA,NA
Daily,2015-12-15,72.8375,NA,NA,NA,NA,NA,NA,NA,NA,NA,NA,NA,NA,NA,NA,NA,NA,NA,NA,NA,NA,NA,NA,NA
Daily,2015-12-16,73.0062,NA,NA,NA,NA,NA,NA,NA,NA,NA,NA,NA,NA,NA,NA,NA,NA,NA,NA,NA,NA,NA,NA,NA
Daily,2015-12-17,73.0625,22.8,NA,24.8,37300,NA,NA,NA,NA,NA,163,NA,NA,NA,7.9,NA,NA,NA,NA,NA,NA,NA,NA,NA
Daily,2015-12-18,73.4563,22.9,NA,24.7,37300,NA,NA,NA,NA,NA,152,NA,NA,NA,8.1,NA,NA,NA,NA,NA,NA,NA,NA,NA
Daily,2015-12-19,73.85,23.1,NA,24.7,37500,NA,NA,NA,NA,NA,142,NA,NA,NA,8.1,NA,NA,NA,NA,NA,NA,NA,NA,NA
Daily,2015-12-20,73.5688,23.1,NA,24.7,37300,NA,NA,NA,NA,NA,136,NA,NA,NA,8.1,NA,NA,NA,NA,NA,NA,NA,NA,NA
Daily,2015-12-21,73.5125,22.9,NA,24.7,37400,NA,NA,NA,NA,NA,130,NA,NA,NA,8.1,NA,NA,NA,NA,NA,NA,NA,NA,NA
Daily,2015-12-22,73.6813,23,NA,24.7,37500,NA,NA,NA,NA,NA,125,NA,NA,NA,8.1,NA,NA,NA,NA,NA,NA,NA,NA,NA
Daily,2015-12-23,73.6813,23,NA,24.8,37500,NA,NA,NA,NA,NA,124,NA,NA,NA,8.1,NA,NA,NA,NA,NA,NA,NA,NA,NA
Daily,2015-12-24,73.7375,23.1,NA,24.8,37500,NA,NA,NA,NA,NA,124,NA,NA,NA,8,NA,NA,NA,NA,NA,NA,NA,NA,NA
Daily,2015-12-25,73.6813,23.1,NA,24.8,37500,NA,NA,NA,NA,NA,126,NA,NA,NA,8.1,NA,NA,NA,NA,NA,NA,NA,NA,NA
Daily,2015-12-26,73.625,23,NA,24.8,37500,NA,NA,NA,NA,NA,127,NA,NA,NA,8.1,NA,NA,NA,NA,NA,NA,NA,NA,NA
Daily,2015-12-27,73.7375,23,NA,24.8,37500,NA,NA,NA,NA,NA,128,NA,NA,NA,8.1,NA,NA,NA,NA,NA,NA,NA,NA,NA
Daily,2015-12-28,73.85,23.1,NA,24.8,37600,NA,NA,NA,NA,NA,127,NA,NA,NA,8.1,NA,NA,NA,NA,NA,NA,NA,NA,NA
Daily,2015-12-29,73.9625,23.2,NA,24.8,37600,NA,NA,NA,NA,NA,126,NA,NA,NA,8.1,NA,NA,NA,NA,NA,NA,NA,NA,NA
Daily,2015-12-30,74.075,23.2,NA,24.8,37700,NA,NA,NA,NA,NA,129,NA,NA,NA,8.1,NA,NA,NA,NA,NA,NA,NA,NA,NA
Daily,2015-12-31,74.3,23.3,NA,24.8,37700,NA,NA,NA,NA,NA,140,NA,NA,NA,8.1,NA,NA,NA,NA,NA,NA,NA,NA,NA
Daily,2016-01-01,74.5812,23.5,NA,24.8,37800,NA,NA,NA,NA,NA,140,NA,NA,NA,8.1,NA,NA,NA,NA,NA,NA,NA,NA,NA
Daily,2016-01-02,74.6375,23.5,NA,24.8,37800,NA,NA,NA,NA,NA,136,NA,NA,NA,8.1,NA,NA,NA,NA,NA,NA,NA,NA,NA
Daily,2016-01-03,73.9625,23.3,NA,24.8,37700,NA,NA,NA,NA,NA,140,NA,NA,NA,8.1,NA,NA,NA,NA,NA,NA,NA,NA,NA
Daily,2016-01-04,73.625,23,NA,24.8,37500,NA,NA,NA,NA,NA,145,NA,NA,NA,8.1,NA,NA,NA,NA,NA,NA,NA,NA,NA
Daily,2016-01-05,73.7375,23,NA,24.8,37500,NA,NA,NA,NA,NA,149,NA,NA,NA,8.1,NA,NA,NA,NA,NA,NA,NA,NA,NA
Daily,2016-01-06,74.075,23.2,NA,24.7,37500,NA,NA,NA,NA,NA,149,NA,NA,NA,8.1,NA,NA,NA,NA,NA,NA,NA,NA,NA
Daily,2016-01-07,74.075,23.2,NA,24.7,37500,NA,NA,NA,NA,NA,156,NA,NA,NA,8.1,NA,NA,NA,NA,NA,NA,NA,NA,NA
Daily,2016-01-08,74.1313,23.2,NA,24.7,37500,NA,NA,NA,NA,NA,166,NA,NA,NA,8.1,NA,NA,NA,NA,NA,NA,NA,NA,NA
Daily,2016-01-09,74.075,23.3,NA,24.7,37600,NA,NA,NA,NA,NA,181,NA,NA,NA,8.1,NA,NA,NA,NA,NA,NA,NA,NA,NA
Daily,2016-01-10,74.1875,23.4,NA,24.7,37600,NA,NA,NA,NA,NA,187,NA,NA,NA,8.1,NA,NA,NA,NA,NA,NA,NA,NA,NA
Daily,2016-01-11,74.1313,23.4,NA,24.7,37600,NA,NA,NA,NA,NA,206,NA,NA,NA,8.1,NA,NA,NA,NA,NA,NA,NA,NA,NA
Daily,2016-01-12,74.525,23.6,NA,24.7,37800,NA,NA,NA,NA,NA,209,NA,NA,NA,8.1,NA,NA,NA,NA,NA,NA,NA,NA,NA
Daily,2016-01-13,74.8063,23.8,NA,24.6,37800,NA,NA,NA,NA,NA,222,NA,NA,NA,8.1,NA,NA,NA,NA,NA,NA,NA,NA,NA
Daily,2016-01-14,74.975,23.9,NA,24.6,37800,NA,NA,NA,NA,NA,231,NA,NA,NA,8.1,NA,NA,NA,NA,NA,NA,NA,NA,NA
Daily,2016-01-15,74.5812,23.7,NA,24.5,37700,NA,NA,NA,NA,NA,243,NA,NA,NA,8.1,NA,NA,NA,NA,NA,NA,NA,NA,NA
Daily,2016-01-16,73.0625,22.9,NA,24.6,37100,NA,NA,NA,NA,NA,254,NA,NA,NA,8.1,NA,NA,NA,NA,NA,NA,NA,NA,NA
Daily,2016-01-17,71.9375,22.2,NA,24.6,36700,NA,NA,NA,NA,NA,265,NA,NA,NA,8.1,NA,NA,NA,NA,NA,NA,NA,NA,NA
Daily,2016-01-18,71.0375,21.7,NA,24.6,36300,NA,NA,NA,NA,NA,263,NA,NA,NA,8.1,NA,NA,NA,NA,NA,NA,NA,NA,NA
Daily,2016-01-19,70.7,21.6,NA,24.7,36200,NA,NA,NA,NA,NA,263,NA,NA,NA,8.1,NA,NA,NA,NA,NA,NA,NA,NA,NA
Daily,2016-01-20,70.7562,21.6,NA,24.6,36200,NA,NA,NA,NA,NA,260,NA,NA,NA,8.1,NA,NA,NA,NA,NA,NA,NA,NA,NA
Daily,2016-01-21,71.6,22,NA,24.7,36600,NA,NA,NA,NA,NA,256,NA,NA,NA,8.1,NA,NA,NA,NA,NA,NA,NA,NA,NA
Daily,2016-01-22,72.275,22.3,NA,24.7,36800,NA,NA,NA,NA,NA,254,NA,NA,NA,8.1,NA,NA,NA,NA,NA,NA,NA,NA,NA
Daily,2016-01-23,72.725,22.6,NA,24.7,37000,NA,NA,NA,NA,NA,240,NA,NA,NA,8.1,NA,NA,NA,NA,NA,NA,NA,NA,NA
Daily,2016-01-24,73.0062,22.8,NA,24.7,37200,NA,NA,NA,NA,NA,213,NA,NA,NA,8.1,NA,NA,NA,NA,NA,NA,NA,NA,NA
Daily,2016-01-25,73.2313,22.9,NA,24.7,37200,NA,NA,NA,NA,NA,190,NA,NA,NA,8.1,NA,NA,NA,NA,NA,NA,NA,NA,NA
Daily,2016-01-26,73.6813,23,NA,24.7,37500,NA,NA,NA,NA,NA,167,NA,NA,NA,8.1,NA,NA,NA,NA,NA,NA,NA,NA,NA
Daily,2016-01-27,73.85,23.2,NA,24.7,37500,NA,NA,NA,NA,NA,157,NA,NA,NA,8.1,NA,NA,NA,NA,NA,NA,NA,NA,NA
Daily,2016-01-28,74.4125,23.5,NA,24.7,37800,NA,NA,NA,NA,NA,155,NA,NA,NA,8.1,NA,NA,NA,NA,NA,NA,NA,NA,NA
Daily,2016-01-29,74.525,23.6,NA,24.8,37900,NA,NA,NA,NA,NA,155,NA,NA,NA,8.1,NA,NA,NA,NA,NA,NA,NA,NA,NA
Daily,2016-01-30,74.6375,23.6,NA,24.8,37900,NA,NA,NA,NA,NA,154,NA,NA,NA,8.1,NA,NA,NA,NA,NA,NA,NA,NA,NA
Daily,2016-01-31,74.6375,23.6,NA,24.8,37900,NA,NA,NA,NA,NA,148,NA,NA,NA,8,NA,NA,NA,NA,NA,NA,NA,NA,NA
Daily,2016-02-01,74.975,23.7,NA,24.8,38000,NA,NA,NA,NA,NA,151,NA,NA,NA,8.1,NA,NA,NA,NA,NA,NA,NA,NA,NA
Daily,2016-02-02,74.975,23.7,NA,24.8,38000,NA,NA,NA,NA,NA,156,NA,NA,NA,8.1,NA,NA,NA,NA,NA,NA,NA,NA,NA
Daily,2016-02-03,75.3688,23.9,NA,24.8,38100,NA,NA,NA,NA,NA,166,NA,NA,NA,8.1,NA,NA,NA,NA,NA,NA,NA,NA,NA
Daily,2016-02-04,75.425,24,NA,24.8,38200,NA,NA,NA,NA,NA,171,NA,NA,NA,8.1,NA,NA,NA,NA,NA,NA,NA,NA,NA
Daily,2016-02-05,75.7625,24.1,NA,24.8,38300,NA,NA,NA,NA,NA,169,NA,NA,NA,8.1,NA,NA,NA,NA,NA,NA,NA,NA,NA
Daily,2016-02-06,75.7625,24.3,NA,24.8,38400,NA,NA,NA,NA,NA,173,NA,NA,NA,8.1,NA,NA,NA,NA,NA,NA,NA,NA,NA
Daily,2016-02-07,75.5375,24.2,NA,24.8,38300,NA,NA,NA,NA,NA,174.5,NA,NA,NA,8.1,NA,NA,NA,NA,NA,NA,NA,NA,NA
Daily,2016-02-08,75.425,24.1,NA,24.8,38300,NA,NA,NA,NA,NA,172,NA,NA,NA,8.1,NA,NA,NA,NA,NA,NA,NA,NA,NA
Daily,2016-02-09,75.3125,24.1,NA,24.8,38200,NA,NA,NA,NA,NA,162,NA,NA,NA,8.1,NA,NA,NA,NA,NA,NA,NA,NA,NA
Daily,2016-02-10,75.2563,24,NA,24.8,38200,NA,NA,NA,NA,NA,157,NA,NA,NA,8.1,NA,NA,NA,NA,NA,NA,NA,NA,NA
Daily,2016-02-11,75.0313,23.9,NA,24.7,38100,NA,NA,NA,NA,NA,154,NA,NA,NA,8.1,NA,NA,NA,NA,NA,NA,NA,NA,NA
Daily,2016-02-12,74.975,23.9,NA,24.7,38100,NA,NA,NA,NA,NA,149,NA,NA,NA,8.1,NA,NA,NA,NA,NA,NA,NA,NA,NA
Daily,2016-02-13,75.1437,23.9,NA,24.7,38100,NA,NA,NA,NA,NA,145,NA,NA,NA,8.1,NA,NA,NA,NA,NA,NA,NA,NA,NA
Daily,2016-02-14,75.3125,24.1,NA,24.7,38100,NA,NA,NA,NA,NA,145,NA,NA,NA,8.1,NA,NA,NA,NA,NA,NA,NA,NA,NA
Daily,2016-02-15,75.3125,24.1,NA,24.7,38200,NA,NA,NA,NA,NA,140,NA,NA,NA,8.2,NA,NA,NA,NA,NA,NA,NA,NA,NA
Daily,2016-02-16,75.2563,24,NA,24.8,38200,NA,NA,NA,NA,NA,137,NA,NA,NA,8.2,NA,NA,NA,NA,NA,NA,NA,NA,NA
Daily,2016-02-17,75.3125,24.1,NA,24.7,38100,NA,NA,NA,NA,NA,135,NA,NA,NA,8.2,NA,NA,NA,NA,NA,NA,NA,NA,NA
Daily,2016-02-18,75.3125,24.1,NA,24.6,38000,NA,NA,NA,NA,NA,130,NA,NA,NA,8.2,NA,NA,NA,NA,NA,NA,NA,NA,NA
Daily,2016-02-19,74.8625,23.9,NA,24.7,37900,NA,NA,NA,NA,NA,128,NA,NA,NA,8.1,NA,NA,NA,NA,NA,NA,NA,NA,NA
Daily,2016-02-20,74.75,23.8,NA,24.6,37800,NA,NA,NA,NA,NA,140,NA,NA,NA,8.1,NA,NA,NA,NA,NA,NA,NA,NA,NA
Daily,2016-02-21,74.75,23.8,NA,24.6,37800,NA,NA,NA,NA,NA,135,NA,NA,NA,8.1,NA,NA,NA,NA,NA,NA,NA,NA,NA
Daily,2016-02-22,74.75,23.8,NA,24.6,37800,NA,NA,NA,NA,NA,131,NA,NA,NA,8.1,NA,NA,NA,NA,NA,NA,NA,NA,NA
Daily,2016-02-23,74.975,23.8,NA,24.5,37700,NA,NA,NA,NA,NA,125,NA,NA,NA,8.1,NA,NA,NA,NA,NA,NA,NA,NA,NA
Daily,2016-02-24,75.0313,23.9,NA,24.6,37900,NA,NA,NA,NA,NA,119,NA,NA,NA,8.1,NA,NA,NA,NA,NA,NA,NA,NA,NA
Daily,2016-02-25,74.49690000000001,23.7,NA,24.7,37800,NA,NA,NA,NA,NA,122,NA,NA,NA,8.2,NA,NA,NA,NA,NA,NA,NA,NA,NA
Daily,2016-02-26,74.6375,23.7,NA,24.6,37700,NA,NA,NA,NA,NA,118,NA,NA,NA,8.2,NA,NA,NA,NA,NA,NA,NA,NA,NA
Daily,2016-02-27,74.9188,23.8,NA,24.6,37800,NA,NA,NA,NA,NA,115,NA,NA,NA,8.2,NA,NA,NA,NA,NA,NA,NA,NA,NA
Daily,2016-02-28,75.3688,24,NA,24.7,38200,NA,NA,NA,NA,NA,115,NA,NA,NA,8.2,NA,NA,NA,NA,NA,NA,NA,NA,NA
Daily,2016-02-29,75.4813,24.1,NA,24.7,38300,NA,NA,NA,NA,NA,114,NA,NA,NA,8.1,NA,NA,NA,NA,NA,NA,NA,NA,NA
Daily,2016-03-01,75.9875,24.4,NA,24.7,38400,NA,NA,NA,NA,NA,112,NA,NA,NA,8.1,NA,NA,NA,NA,NA,NA,NA,NA,NA
Daily,2016-03-02,76.2687,24.6,NA,24.7,38500,NA,NA,NA,NA,NA,112,NA,NA,NA,8.1,NA,NA,NA,NA,NA,NA,NA,NA,NA
Daily,2016-03-03,76.55,24.7,NA,24.7,38600,NA,NA,NA,NA,NA,112,NA,NA,NA,8.1,NA,NA,NA,NA,NA,NA,NA,NA,NA
Daily,2016-03-04,76.4375,24.7,NA,24.7,38700,NA,NA,NA,NA,NA,111,NA,NA,NA,8.1,NA,NA,NA,NA,NA,NA,NA,NA,NA
Daily,2016-03-05,76.1,24.5,NA,24.7,38600,NA,NA,NA,NA,NA,111,NA,NA,NA,8.1,NA,NA,NA,NA,NA,NA,NA,NA,NA
Daily,2016-03-06,75.65,24.3,NA,24.7,38300,NA,NA,NA,NA,NA,112,NA,NA,NA,8.1,NA,NA,NA,NA,NA,NA,NA,NA,NA
Daily,2016-03-07,75.7625,24.3,NA,24.7,38300,NA,NA,NA,NA,NA,111,NA,NA,NA,8.1,NA,NA,NA,NA,NA,NA,NA,NA,NA
Daily,2016-03-08,75.65,24.2,NA,24.7,38300,NA,NA,NA,NA,NA,111,NA,NA,NA,8.1,NA,NA,NA,NA,NA,NA,NA,NA,NA
Daily,2016-03-09,75.7625,24.3,NA,24.7,38300,NA,NA,NA,NA,NA,112,NA,NA,NA,8.1,NA,NA,NA,NA,NA,NA,NA,NA,NA
Daily,2016-03-10,75.9313,24.4,NA,24.7,38400,NA,NA,NA,NA,NA,111,NA,NA,NA,8.1,NA,NA,NA,NA,NA,NA,NA,NA,NA
Daily,2016-03-11,75.875,24.4,NA,24.7,38400,NA,NA,NA,NA,NA,112,NA,NA,NA,8.1,NA,NA,NA,NA,NA,NA,NA,NA,NA
Daily,2016-03-12,76.0438,24.4,NA,24.7,38400,NA,NA,NA,NA,NA,111,NA,NA,NA,8.1,NA,NA,NA,NA,NA,NA,NA,NA,NA
Daily,2016-03-13,75.875,24.4,NA,24.7,38300,NA,NA,NA,NA,NA,111,NA,NA,NA,8.2,NA,NA,NA,NA,NA,NA,NA,NA,NA
Daily,2016-03-14,76.1563,24.5,NA,24.7,38400,NA,NA,NA,NA,NA,112,NA,NA,NA,8.2,NA,NA,NA,NA,NA,NA,NA,NA,NA
Daily,2016-03-15,76.2687,24.6,NA,24.7,38500,NA,NA,NA,NA,NA,110,NA,NA,NA,8.2,NA,NA,NA,NA,NA,NA,NA,NA,NA
Daily,2016-03-16,76.3813,24.6,NA,24.8,38700,NA,NA,NA,NA,NA,111,NA,NA,NA,8.1,NA,NA,NA,NA,NA,NA,NA,NA,NA
Daily,2016-03-17,76.2687,24.6,NA,24.9,38800,NA,NA,NA,NA,NA,110,NA,NA,NA,8.1,NA,NA,NA,NA,NA,NA,NA,NA,NA
Daily,2016-03-18,76.325,24.6,NA,24.9,38900,NA,NA,NA,NA,NA,110,NA,NA,NA,8.1,NA,NA,NA,NA,NA,NA,NA,NA,NA
Daily,2016-03-19,76.3813,24.6,NA,24.9,38900,NA,NA,NA,NA,NA,109,NA,NA,NA,8.1,NA,NA,NA,NA,NA,NA,NA,NA,NA
Daily,2016-03-20,76.2125,24.6,NA,24.9,38900,NA,NA,NA,NA,NA,109,NA,NA,NA,8.1,NA,NA,NA,NA,NA,NA,NA,NA,NA
Daily,2016-03-21,76.1563,24.6,NA,24.9,38900,NA,NA,NA,NA,NA,109,NA,NA,NA,8.1,NA,NA,NA,NA,NA,NA,NA,NA,NA
Daily,2016-03-22,76.325,24.7,NA,24.9,38900,NA,NA,NA,NA,NA,109,NA,NA,NA,8.1,NA,NA,NA,NA,NA,NA,NA,NA,NA
Daily,2016-03-23,76.325,24.7,NA,24.9,38900,NA,NA,NA,NA,NA,108,NA,NA,NA,8.1,NA,NA,NA,NA,NA,NA,NA,NA,NA
Daily,2016-03-24,76.1563,24.6,NA,24.9,38900,NA,NA,NA,NA,NA,108,NA,NA,NA,8.1,NA,NA,NA,NA,NA,NA,NA,NA,NA
Daily,2016-03-25,76.0438,24.5,NA,25,39000,NA,NA,NA,NA,NA,122,NA,NA,NA,8.1,NA,NA,NA,NA,NA,NA,NA,NA,NA
Daily,2016-03-26,76.0438,24.5,NA,25.1,39000,NA,NA,NA,NA,NA,113,NA,NA,NA,8.1,NA,NA,NA,NA,NA,NA,NA,NA,NA
Daily,2016-03-27,76.1,24.5,NA,25.1,39000,NA,NA,NA,NA,NA,113,NA,NA,NA,8.1,NA,NA,NA,NA,NA,NA,NA,NA,NA
Daily,2016-03-28,76.1563,24.6,NA,25.1,39100,NA,NA,NA,NA,NA,112,NA,NA,NA,8.1,NA,NA,NA,NA,NA,NA,NA,NA,NA
Daily,2016-03-29,75.9313,24.5,NA,25,39000,NA,NA,NA,NA,NA,111,NA,NA,NA,8.1,NA,NA,NA,NA,NA,NA,NA,NA,NA
Daily,2016-03-30,75.9875,24.5,NA,25,39000,NA,NA,NA,NA,NA,110,NA,NA,NA,8.1,NA,NA,NA,NA,NA,NA,NA,NA,NA
Daily,2016-03-31,75.3125,24.1,NA,25.2,38800,NA,NA,NA,NA,NA,124,NA,NA,NA,8.1,NA,NA,NA,NA,NA,NA,NA,NA,NA
Daily,2016-04-01,74.5812,23.7,NA,25.2,38600,NA,NA,NA,NA,NA,121,NA,NA,NA,8.1,NA,NA,NA,NA,NA,NA,NA,NA,NA
Daily,2016-04-02,74.1875,23.5,NA,25.2,38400,NA,NA,NA,NA,NA,121,NA,NA,NA,8.1,NA,NA,NA,NA,NA,NA,NA,NA,NA
Daily,2016-04-03,73.9625,23.4,NA,25.2,38200,NA,NA,NA,NA,NA,119,NA,NA,NA,8.1,NA,NA,NA,NA,NA,NA,NA,NA,NA
Daily,2016-04-04,73.9063,23.3,NA,25.1,38200,NA,NA,NA,NA,NA,119,NA,NA,NA,8.1,NA,NA,NA,NA,NA,NA,NA,NA,NA
Daily,2016-04-05,73.9063,23.3,NA,25.1,38200,NA,NA,NA,NA,NA,115,NA,NA,NA,8.1,NA,NA,NA,NA,NA,NA,NA,NA,NA
Daily,2016-04-06,74.2438,23.5,NA,25.1,38300,NA,NA,NA,NA,NA,110,NA,NA,NA,8.1,NA,NA,NA,NA,NA,NA,NA,NA,NA
Daily,2016-04-07,74.2438,23.5,NA,25.3,38500,NA,NA,NA,NA,NA,109,NA,NA,NA,8.1,NA,NA,NA,NA,NA,NA,NA,NA,NA
Daily,2016-04-08,73.9625,23.3,NA,25.3,38400,NA,NA,NA,NA,NA,111,NA,NA,NA,8.1,NA,NA,NA,NA,NA,NA,NA,NA,NA
Daily,2016-04-09,73.9063,23.3,NA,25.2,38300,NA,NA,NA,NA,NA,112,NA,NA,NA,8.1,NA,NA,NA,NA,NA,NA,NA,NA,NA
Daily,2016-04-10,73.625,23.1,NA,25.2,38300,NA,NA,NA,NA,NA,113,NA,NA,NA,8.1,NA,NA,NA,NA,NA,NA,NA,NA,NA
Daily,2016-04-11,73.4,23,NA,25.1,37900,NA,NA,NA,NA,NA,112,NA,NA,NA,8.1,NA,NA,NA,NA,NA,NA,NA,NA,NA
Daily,2016-04-12,73.3438,23,NA,25.4,NA,NA,NA,NA,NA,NA,114,NA,NA,NA,8.1,NA,NA,NA,NA,NA,NA,NA,NA,NA
Daily,2016-04-13,73.5688,23.1,NA,25.3,38300,NA,NA,NA,NA,NA,114,NA,NA,NA,8.1,NA,NA,NA,NA,NA,NA,NA,NA,NA
Daily,2016-04-14,73.9625,23.3,NA,25.5,38700,NA,NA,NA,NA,NA,112,NA,NA,NA,8.1,NA,NA,NA,NA,NA,NA,NA,NA,NA
Daily,2016-04-15,74.075,23.4,NA,25.5,38800,NA,NA,NA,NA,NA,111,NA,NA,NA,8.1,NA,NA,NA,NA,NA,NA,NA,NA,NA
Daily,2016-04-16,73.6813,23.2,NA,25.5,38500,NA,NA,NA,NA,NA,113,NA,NA,NA,8.1,NA,NA,NA,NA,NA,NA,NA,NA,NA
Daily,2016-04-17,73.4,23.1,NA,25.4,38300,NA,NA,NA,NA,NA,114,NA,NA,NA,8.1,NA,NA,NA,NA,NA,NA,NA,NA,NA
Daily,2016-04-18,73.3438,23,NA,25.5,38400,NA,NA,NA,NA,NA,112,NA,NA,NA,8.1,NA,NA,NA,NA,NA,NA,NA,NA,NA
Daily,2016-04-19,73.5125,23.1,NA,25.5,38400,NA,NA,NA,NA,NA,113,NA,NA,NA,8.2,NA,NA,NA,NA,NA,NA,NA,NA,NA
Daily,2016-04-20,73.7938,23.2,NA,25.1,38100,NA,NA,NA,NA,NA,113,NA,NA,NA,8.2,NA,NA,NA,NA,NA,NA,NA,NA,NA
Daily,2016-04-21,74.3,23.5,NA,24.9,38000,NA,NA,NA,NA,NA,112,NA,NA,NA,8.2,NA,NA,NA,NA,NA,NA,NA,NA,NA
Daily,2016-04-22,74.5812,23.7,NA,24.9,38100,NA,NA,NA,NA,NA,112,NA,NA,NA,8.2,NA,NA,NA,NA,NA,NA,NA,NA,NA
Daily,2016-04-23,74.6938,23.8,NA,24.9,38200,NA,NA,NA,NA,NA,112,NA,NA,NA,8.2,NA,NA,NA,NA,NA,NA,NA,NA,NA
Daily,2016-04-24,74.5812,23.7,NA,24.9,38100,NA,NA,NA,NA,NA,113,NA,NA,NA,8.2,NA,NA,NA,NA,NA,NA,NA,NA,NA
Daily,2016-04-25,74.75,23.7,NA,24.9,38200,NA,NA,NA,NA,NA,113,NA,NA,NA,8.2,NA,NA,NA,NA,NA,NA,NA,NA,NA
Daily,2016-04-26,74.6938,23.8,NA,24.9,38200,NA,NA,NA,NA,NA,113,NA,NA,NA,8.2,NA,NA,NA,NA,NA,NA,NA,NA,NA
Daily,2016-04-27,74.525,23.7,NA,24.9,38100,NA,NA,NA,NA,NA,113,NA,NA,NA,8.2,NA,NA,NA,NA,NA,NA,NA,NA,NA
Daily,2016-04-28,74.525,23.6,NA,24.9,38100,NA,NA,NA,NA,NA,113,NA,NA,NA,8.2,NA,NA,NA,NA,NA,NA,NA,NA,NA
Daily,2016-04-29,74.075,23.4,NA,24.8,37900,NA,NA,NA,NA,NA,114,NA,NA,NA,8.2,NA,NA,NA,NA,NA,NA,NA,NA,NA
Daily,2016-04-30,73.9063,23.3,NA,24.8,37800,NA,NA,NA,NA,NA,113,NA,NA,NA,8.2,NA,NA,NA,NA,NA,NA,NA,NA,NA
Daily,2016-05-01,73.4563,23.1,NA,24.8,37600,NA,NA,NA,NA,NA,114,NA,NA,NA,8.1,NA,NA,NA,NA,NA,NA,NA,NA,NA
Daily,2016-05-02,73.5125,23.1,NA,24.8,37600,NA,NA,NA,NA,NA,114,NA,NA,NA,8.1,NA,NA,NA,NA,NA,NA,NA,NA,NA
Daily,2016-05-03,73.85,23.3,NA,24.8,37700,NA,NA,NA,NA,NA,112,NA,NA,NA,8.1,NA,NA,NA,NA,NA,NA,NA,NA,NA
Daily,2016-05-04,74.2438,23.5,NA,24.8,37900,NA,NA,NA,NA,NA,110,NA,NA,NA,8.1,NA,NA,NA,NA,NA,NA,NA,NA,NA
Daily,2016-05-05,74.75,23.8,NA,24.8,38100,NA,NA,NA,NA,NA,108,NA,NA,NA,8.1,NA,NA,NA,NA,NA,NA,NA,NA,NA
Daily,2016-05-06,74.8625,23.9,NA,24.7,38100,NA,NA,NA,NA,NA,111,NA,NA,NA,8.1,NA,NA,NA,NA,NA,NA,NA,NA,NA
Daily,2016-05-07,74.6938,23.8,NA,24.8,38100,NA,NA,NA,NA,NA,125,NA,NA,NA,8.1,NA,NA,NA,NA,NA,NA,NA,NA,NA
Daily,2016-05-08,74.4125,23.6,NA,24.8,37900,NA,NA,NA,NA,NA,127,NA,NA,NA,8.1,NA,NA,NA,NA,NA,NA,NA,NA,NA
Daily,2016-05-09,74.2438,23.5,NA,24.8,37800,NA,NA,NA,NA,NA,135,NA,NA,NA,8,NA,NA,NA,NA,NA,NA,NA,NA,NA
Daily,2016-05-10,74.3563,23.5,NA,24.8,37800,NA,NA,NA,NA,NA,137,NA,NA,NA,8,NA,NA,NA,NA,NA,NA,NA,NA,NA
Daily,2016-05-11,74.525,23.6,NA,24.7,37900,NA,NA,NA,NA,NA,136,NA,NA,NA,8,NA,NA,NA,NA,NA,NA,NA,NA,NA
Daily,2016-05-12,74.8063,23.8,NA,24.7,38000,NA,NA,NA,NA,NA,135,NA,NA,NA,8,NA,NA,NA,NA,NA,NA,NA,NA,NA
Daily,2016-05-13,75.1437,23.9,NA,24.8,38100,NA,NA,NA,NA,NA,132,NA,NA,NA,8,NA,NA,NA,NA,NA,NA,NA,NA,NA
Daily,2016-05-14,75.0875,23.9,NA,24.7,38100,NA,NA,NA,NA,NA,130,NA,NA,NA,8,NA,NA,NA,NA,NA,NA,NA,NA,NA
Daily,2016-05-15,74.975,23.9,NA,24.7,38000,NA,NA,NA,NA,NA,126,NA,NA,NA,8,NA,NA,NA,NA,NA,NA,NA,NA,NA
Daily,2016-05-16,74.75,23.8,NA,24.7,37900,NA,NA,NA,NA,NA,126,NA,NA,NA,8,NA,NA,NA,NA,NA,NA,NA,NA,NA
Daily,2016-05-17,74.6375,23.7,NA,24.7,37800,NA,NA,NA,NA,NA,125,NA,NA,NA,8,NA,NA,NA,NA,NA,NA,NA,NA,NA
Daily,2016-05-18,74.4125,23.6,NA,24.6,37700,NA,NA,NA,NA,NA,130,NA,NA,NA,8,NA,NA,NA,NA,NA,NA,NA,NA,NA
Daily,2016-05-19,74.3563,23.5,NA,24.7,37700,NA,NA,NA,NA,NA,129,NA,NA,NA,8,NA,NA,NA,NA,NA,NA,NA,NA,NA
Daily,2016-05-20,74.4125,23.6,NA,24.6,37700,NA,NA,NA,NA,NA,147,NA,NA,NA,8,NA,NA,NA,NA,NA,NA,NA,NA,NA
Daily,2016-05-21,74.3563,23.6,NA,24.6,37600,NA,NA,NA,NA,NA,138,NA,NA,NA,8,NA,NA,NA,NA,NA,NA,NA,NA,NA
Daily,2016-05-22,74.075,23.4,NA,24.6,37500,NA,NA,NA,NA,NA,135,NA,NA,NA,8,NA,NA,NA,NA,NA,NA,NA,NA,NA
Daily,2016-05-23,74.1313,23.4,NA,24.6,37500,NA,NA,NA,NA,NA,129,NA,NA,NA,8,NA,NA,NA,NA,NA,NA,NA,NA,NA
Daily,2016-05-24,74.1313,23.4,NA,24.6,37500,NA,NA,NA,NA,NA,135,NA,NA,NA,8,NA,NA,NA,NA,NA,NA,NA,NA,NA
Daily,2016-05-25,74.0187,23.4,NA,24.6,37500,NA,NA,NA,NA,NA,127,NA,NA,NA,8,NA,NA,NA,NA,NA,NA,NA,NA,NA
Daily,2016-05-26,73.7375,23.2,NA,24.6,37300,NA,NA,NA,NA,NA,127,NA,NA,NA,8,NA,NA,NA,NA,NA,NA,NA,NA,NA
Daily,2016-05-27,73.4563,23,NA,24.6,37200,NA,NA,NA,NA,NA,133,NA,NA,NA,8,NA,NA,NA,NA,NA,NA,NA,NA,NA
Daily,2016-05-28,73.3438,23,NA,24.6,37200,NA,NA,NA,NA,NA,128,NA,NA,NA,8,NA,NA,NA,NA,NA,NA,NA,NA,NA
Daily,2016-05-29,73.4,23,NA,24.6,37200,NA,NA,NA,NA,NA,125,NA,NA,NA,8,NA,NA,NA,NA,NA,NA,NA,NA,NA
Daily,2016-05-30,73.5688,23.1,NA,24.6,37200,NA,NA,NA,NA,NA,125,NA,NA,NA,8,NA,NA,NA,NA,NA,NA,NA,NA,NA
Daily,2016-05-31,73.625,23.1,NA,24.6,37300,NA,NA,NA,NA,NA,123,NA,NA,NA,8,NA,NA,NA,NA,NA,NA,NA,NA,NA
Daily,2016-06-01,73.9625,23.3,NA,24.6,37500,NA,NA,NA,NA,NA,119,NA,NA,NA,8,NA,NA,NA,NA,NA,NA,NA,NA,NA
Daily,2016-06-02,74.1313,23.4,NA,24.6,37600,NA,NA,NA,NA,NA,118,NA,NA,NA,8,NA,NA,NA,NA,NA,NA,NA,NA,NA
Daily,2016-06-03,74.3,23.5,NA,24.7,37700,NA,NA,NA,NA,NA,120,NA,NA,NA,8,NA,NA,NA,NA,NA,NA,NA,NA,NA
Daily,2016-06-04,74.5812,23.7,NA,24.7,37800,NA,NA,NA,NA,NA,120,NA,NA,NA,8,NA,NA,NA,NA,NA,NA,NA,NA,NA
Daily,2016-06-05,74.9188,23.9,NA,24.7,38000,NA,NA,NA,NA,NA,121,NA,NA,NA,8,NA,NA,NA,NA,NA,NA,NA,NA,NA
Daily,2016-06-06,75.3125,24.1,NA,24.8,38300,NA,NA,NA,NA,NA,124,NA,NA,NA,8,NA,NA,NA,NA,NA,NA,NA,NA,NA
Daily,2016-06-07,75.7062,24.3,NA,24.8,38400,NA,NA,NA,NA,NA,125,NA,NA,NA,8,NA,NA,NA,NA,NA,NA,NA,NA,NA
Daily,2016-06-08,76.2687,24.6,NA,24.8,38700,NA,NA,NA,NA,NA,127,NA,NA,NA,8,NA,NA,NA,NA,NA,NA,NA,NA,NA
Daily,2016-06-09,76.55,24.7,NA,24.7,38600,NA,NA,NA,NA,NA,127,NA,NA,NA,8,NA,NA,NA,NA,NA,NA,NA,NA,NA
Daily,2016-06-10,76.775,24.9,NA,24.6,38600,NA,NA,NA,NA,NA,127,NA,NA,NA,8,NA,NA,NA,NA,NA,NA,NA,NA,NA
Daily,2016-06-11,76.8875,24.9,NA,24.6,38700,NA,NA,NA,NA,NA,126,NA,NA,NA,8,NA,NA,NA,NA,NA,NA,NA,NA,NA
Daily,2016-06-12,77,25,NA,24.6,38700,NA,NA,NA,NA,NA,124,NA,NA,NA,8,NA,NA,NA,NA,NA,NA,NA,NA,NA
Daily,2016-06-13,76.8875,25,NA,24.6,38700,NA,NA,NA,NA,NA,122,NA,NA,NA,8,NA,NA,NA,NA,NA,NA,NA,NA,NA
Daily,2016-06-14,76.7188,24.9,NA,24.6,38700,NA,NA,NA,NA,NA,138,NA,NA,NA,8,NA,NA,NA,NA,NA,NA,NA,NA,NA
Daily,2016-06-15,76.6063,24.8,NA,24.6,38700,NA,NA,NA,NA,NA,123,NA,NA,NA,7.9,NA,NA,NA,NA,NA,NA,NA,NA,NA
Daily,2016-06-16,76.7188,24.8,NA,24.7,38700,NA,NA,NA,NA,NA,122,NA,NA,NA,7.9,NA,NA,NA,NA,NA,NA,NA,NA,NA
Daily,2016-06-17,76.8312,24.9,NA,24.7,38800,NA,NA,NA,NA,NA,123,NA,NA,NA,8,NA,NA,NA,NA,NA,NA,NA,NA,NA
Daily,2016-06-18,76.8312,24.9,NA,24.7,38800,NA,NA,NA,NA,NA,128,NA,NA,NA,8,NA,NA,NA,NA,NA,NA,NA,NA,NA
Daily,2016-06-19,76.8875,25,NA,24.7,38800,NA,NA,NA,NA,NA,127,NA,NA,NA,8,NA,NA,NA,NA,NA,NA,NA,NA,NA
Daily,2016-06-20,77.0563,25.1,NA,24.7,38900,NA,NA,NA,NA,NA,126,NA,NA,NA,8,NA,NA,NA,NA,NA,NA,NA,NA,NA
Daily,2016-06-21,77.45,25.2,NA,24.5,38700,NA,NA,NA,NA,NA,127,NA,NA,NA,8,NA,NA,NA,NA,NA,NA,NA,NA,NA
Daily,2016-06-22,77.675,25.4,NA,24.8,39300,NA,NA,NA,NA,NA,125,NA,NA,NA,8,NA,NA,NA,NA,NA,NA,NA,NA,NA
Daily,2016-06-23,77.6188,25.4,NA,24.8,39300,NA,NA,NA,NA,NA,125,NA,NA,NA,8,NA,NA,NA,NA,NA,NA,NA,NA,NA
Daily,2016-06-24,77.5625,25.3,NA,24.8,39300,NA,NA,NA,NA,NA,125,NA,NA,NA,7.9,NA,NA,NA,NA,NA,NA,NA,NA,NA
Daily,2016-06-25,77.7875,25.4,NA,24.8,39300,NA,NA,NA,NA,NA,126,NA,NA,NA,8,NA,NA,NA,NA,NA,NA,NA,NA,NA
Daily,2016-06-26,77.6188,25.4,NA,24.8,39300,NA,NA,NA,NA,NA,129,NA,NA,NA,8,NA,NA,NA,NA,NA,NA,NA,NA,NA
Daily,2016-06-27,77.5625,25.3,NA,24.8,39300,NA,NA,NA,NA,NA,127,NA,NA,NA,8,NA,NA,NA,NA,NA,NA,NA,NA,NA
Daily,2016-06-28,77.9,25.5,NA,24.9,39500,NA,NA,NA,NA,NA,124,NA,NA,NA,8,NA,NA,NA,NA,NA,NA,NA,NA,NA
Daily,2016-06-29,77.9562,25.6,NA,25.1,39700,NA,NA,NA,NA,NA,152,NA,NA,NA,7.9,NA,NA,NA,NA,NA,NA,NA,NA,NA
Daily,2016-06-30,77.9,25.5,NA,25.2,39900,NA,NA,NA,NA,NA,148,NA,NA,NA,7.9,NA,NA,NA,NA,NA,NA,NA,NA,NA
Daily,2016-07-01,77.7313,25.4,NA,25.1,39800,NA,NA,NA,NA,NA,141,NA,NA,NA,7.9,NA,NA,NA,NA,NA,NA,NA,NA,NA
Daily,2016-07-02,77.9562,25.5,NA,25.2,39900,NA,NA,NA,NA,NA,133,NA,NA,NA,7.9,NA,NA,NA,NA,NA,NA,NA,NA,NA
Daily,2016-07-03,78.2938,25.7,NA,25.1,40100,NA,NA,NA,NA,NA,130,NA,NA,NA,7.9,NA,NA,NA,NA,NA,NA,NA,NA,NA
Daily,2016-07-04,78.4625,25.8,NA,25.1,40200,NA,NA,NA,NA,NA,131,NA,NA,NA,7.9,NA,NA,NA,NA,NA,NA,NA,NA,NA
Daily,2016-07-05,78.4625,25.8,NA,25.2,40200,NA,NA,NA,NA,NA,130,NA,NA,NA,7.9,NA,NA,NA,NA,NA,NA,NA,NA,NA
Daily,2016-07-06,78.5187,25.8,NA,25.2,40200,NA,NA,NA,NA,NA,132,NA,NA,NA,7.9,NA,NA,NA,NA,NA,NA,NA,NA,NA
Daily,2016-07-07,78.6875,25.9,NA,25.2,40300,NA,NA,NA,NA,NA,129,NA,NA,NA,7.9,NA,NA,NA,NA,NA,NA,NA,NA,NA
Daily,2016-07-08,78.9688,26.1,NA,25.2,40400,NA,NA,NA,NA,NA,127,NA,NA,NA,7.9,NA,NA,NA,NA,NA,NA,NA,NA,NA
Daily,2016-07-09,79.3625,26.3,NA,25.2,40600,NA,NA,NA,NA,NA,126,NA,NA,NA,7.9,NA,NA,NA,NA,NA,NA,NA,NA,NA
Daily,2016-07-10,79.475,26.4,NA,25.2,40700,NA,NA,NA,NA,NA,127,NA,NA,NA,7.9,NA,NA,NA,NA,NA,NA,NA,NA,NA
Daily,2016-07-11,79.3625,26.3,NA,25.4,40800,NA,NA,NA,NA,NA,128,NA,NA,NA,7.9,NA,NA,NA,NA,NA,NA,NA,NA,NA
Daily,2016-07-12,79.25,26.3,NA,25.4,40900,NA,NA,NA,NA,NA,130,NA,NA,NA,7.9,NA,NA,NA,NA,NA,NA,NA,NA,NA
Daily,2016-07-13,79.1375,26.2,NA,25.4,40800,NA,NA,NA,NA,NA,129,NA,NA,NA,7.9,NA,NA,NA,NA,NA,NA,NA,NA,NA
Daily,2016-07-14,79.1938,26.2,NA,25.4,40900,NA,NA,NA,NA,NA,129,NA,NA,NA,8,NA,NA,NA,NA,NA,NA,NA,NA,NA
Daily,2016-07-15,79.1938,26.2,NA,25.5,40900,NA,NA,NA,NA,NA,153,NA,NA,NA,8,NA,NA,NA,NA,NA,NA,NA,NA,NA
Daily,2016-07-16,79.1938,26.1,NA,NA,NA,NA,NA,NA,NA,NA,186,NA,NA,NA,NA,NA,NA,NA,NA,NA,NA,NA,NA,NA
Daily,2016-07-17,78.8563,25.2,NA,NA,NA,NA,NA,NA,NA,NA,150,NA,NA,NA,NA,NA,NA,NA,NA,NA,NA,NA,NA,NA
Daily,2016-07-18,78.6875,25.3,NA,25.6,40900,NA,NA,NA,NA,NA,178,NA,NA,NA,NA,NA,NA,NA,NA,NA,NA,NA,NA,NA
Daily,2016-07-19,78.5187,25.9,NA,25.6,40900,NA,NA,NA,NA,NA,169,NA,NA,NA,7.6,NA,NA,NA,NA,NA,NA,NA,NA,NA
Daily,2016-07-20,78.575,25.9,NA,25.6,40800,NA,NA,NA,NA,NA,164,NA,NA,NA,7.7,NA,NA,NA,NA,NA,NA,NA,NA,NA
Daily,2016-07-21,78.9125,26.1,NA,25.4,40800,NA,NA,NA,NA,NA,159,NA,NA,NA,7.7,NA,NA,NA,NA,NA,NA,NA,NA,NA
Daily,2016-07-22,79.1375,26.2,NA,25.4,40800,NA,NA,NA,NA,NA,150,NA,NA,NA,7.7,NA,NA,NA,NA,NA,NA,NA,NA,NA
Daily,2016-07-23,79.1938,26.2,NA,25.5,40900,NA,NA,NA,NA,NA,152,NA,NA,NA,7.7,NA,NA,NA,NA,NA,NA,NA,NA,NA
Daily,2016-07-24,79.4188,26.3,NA,25.5,41100,NA,NA,NA,NA,NA,145,NA,NA,NA,7.7,NA,NA,NA,NA,NA,NA,NA,NA,NA
Daily,2016-07-25,79.6437,26.5,NA,25.5,41200,NA,NA,NA,NA,NA,124,NA,NA,NA,7.7,NA,NA,NA,NA,NA,NA,NA,NA,NA
Daily,2016-07-26,79.925,26.6,NA,25.6,41400,NA,NA,NA,NA,NA,118,NA,NA,NA,7.7,NA,NA,NA,NA,NA,NA,NA,NA,NA
Daily,2016-07-27,80.2062,26.8,NA,25.6,41600,NA,NA,NA,NA,NA,116,NA,NA,NA,7.7,NA,NA,NA,NA,NA,NA,NA,NA,NA
Daily,2016-07-28,80.2062,26.8,NA,25.9,42100,NA,NA,NA,NA,NA,114,NA,NA,NA,7.8,NA,NA,NA,NA,NA,NA,NA,NA,NA
Daily,2016-07-29,80.2625,26.8,NA,25.9,42100,NA,NA,NA,NA,NA,113,NA,NA,NA,7.8,NA,NA,NA,NA,NA,NA,NA,NA,NA
Daily,2016-07-30,80.15,NA,NA,NA,NA,NA,NA,NA,NA,NA,NA,NA,NA,NA,NA,NA,NA,NA,NA,NA,NA,NA,NA,NA
Daily,2016-07-31,79.9813,NA,NA,NA,NA,NA,NA,NA,NA,NA,NA,NA,NA,NA,NA,NA,NA,NA,NA,NA,NA,NA,NA,NA
Daily,2016-08-01,79.8688,NA,NA,NA,NA,NA,NA,NA,NA,NA,NA,NA,NA,NA,NA,NA,NA,NA,NA,NA,NA,NA,NA,NA
Daily,2016-08-02,79.475,NA,NA,NA,NA,NA,NA,NA,NA,NA,NA,NA,NA,NA,NA,NA,NA,NA,NA,NA,NA,NA,NA,NA
Daily,2016-08-03,79.3063,NA,NA,NA,NA,NA,NA,NA,NA,NA,NA,NA,NA,NA,NA,NA,NA,NA,NA,NA,NA,NA,NA,NA
Daily,2016-08-04,79.1938,NA,NA,NA,NA,NA,NA,NA,NA,NA,NA,NA,NA,NA,NA,NA,NA,NA,NA,NA,NA,NA,NA,NA
Daily,2016-08-05,79.0812,NA,NA,NA,NA,NA,NA,NA,NA,NA,NA,NA,NA,NA,NA,NA,NA,NA,NA,NA,NA,NA,NA,NA
Daily,2016-08-06,79.1375,NA,NA,NA,NA,NA,NA,NA,NA,NA,NA,NA,NA,NA,NA,NA,NA,NA,NA,NA,NA,NA,NA,NA
Daily,2016-08-07,79.3625,NA,NA,NA,NA,NA,NA,NA,NA,NA,NA,NA,NA,NA,NA,NA,NA,NA,NA,NA,NA,NA,NA,NA
Daily,2016-08-08,79.4188,NA,NA,NA,NA,NA,NA,NA,NA,NA,NA,NA,NA,NA,NA,NA,NA,NA,NA,NA,NA,NA,NA,NA
Daily,2016-08-09,79.3625,NA,NA,NA,NA,NA,NA,NA,NA,NA,NA,NA,NA,NA,NA,NA,NA,NA,NA,NA,NA,NA,NA,NA
Daily,2016-08-10,79.3063,NA,NA,NA,NA,NA,NA,NA,NA,NA,NA,NA,NA,NA,NA,NA,NA,NA,NA,NA,NA,NA,NA,NA
Daily,2016-08-11,79.1375,NA,NA,NA,NA,NA,NA,NA,NA,NA,NA,NA,NA,NA,NA,NA,NA,NA,NA,NA,NA,NA,NA,NA
Daily,2016-08-12,79.025,NA,NA,NA,NA,NA,NA,NA,NA,NA,NA,NA,NA,NA,NA,NA,NA,NA,NA,NA,NA,NA,NA,NA
Daily,2016-08-13,79.475,NA,NA,NA,NA,NA,NA,NA,NA,NA,NA,NA,NA,NA,NA,NA,NA,NA,NA,NA,NA,NA,NA,NA
Daily,2016-08-14,79.5875,NA,NA,NA,NA,NA,NA,NA,NA,NA,NA,NA,NA,NA,NA,NA,NA,NA,NA,NA,NA,NA,NA,NA
Daily,2016-08-15,79.5875,NA,NA,NA,NA,NA,NA,NA,NA,NA,NA,NA,NA,NA,NA,NA,NA,NA,NA,NA,NA,NA,NA,NA
Daily,2016-08-16,79.7,NA,NA,NA,NA,NA,NA,NA,NA,NA,NA,NA,NA,NA,NA,NA,NA,NA,NA,NA,NA,NA,NA,NA
Daily,2016-08-17,79.925,NA,NA,NA,NA,NA,NA,NA,NA,NA,NA,NA,NA,NA,NA,NA,NA,NA,NA,NA,NA,NA,NA,NA
Daily,2016-08-18,80.0375,NA,NA,NA,NA,NA,NA,NA,NA,NA,NA,NA,NA,NA,NA,NA,NA,NA,NA,NA,NA,NA,NA,NA
Daily,2016-08-19,79.9813,NA,NA,NA,NA,NA,NA,NA,NA,NA,NA,NA,NA,NA,NA,NA,NA,NA,NA,NA,NA,NA,NA,NA
Daily,2016-08-20,79.8688,NA,NA,NA,NA,NA,NA,NA,NA,NA,NA,NA,NA,NA,NA,NA,NA,NA,NA,NA,NA,NA,NA,NA
Daily,2016-08-21,79.7,NA,NA,NA,NA,NA,NA,NA,NA,NA,NA,NA,NA,NA,NA,NA,NA,NA,NA,NA,NA,NA,NA,NA
Daily,2016-08-22,79.4188,NA,NA,NA,NA,NA,NA,NA,NA,NA,NA,NA,NA,NA,NA,NA,NA,NA,NA,NA,NA,NA,NA,NA
Daily,2016-08-23,79.1375,NA,NA,NA,NA,NA,NA,NA,NA,NA,NA,NA,NA,NA,NA,NA,NA,NA,NA,NA,NA,NA,NA,NA
Daily,2016-08-24,79.025,NA,NA,NA,NA,NA,NA,NA,NA,NA,NA,NA,NA,NA,NA,NA,NA,NA,NA,NA,NA,NA,NA,NA
Daily,2016-08-25,79.025,NA,NA,NA,NA,NA,NA,NA,NA,NA,NA,NA,NA,NA,NA,NA,NA,NA,NA,NA,NA,NA,NA,NA
Daily,2016-08-26,79.025,NA,NA,NA,NA,NA,NA,NA,NA,NA,NA,NA,NA,NA,NA,NA,NA,NA,NA,NA,NA,NA,NA,NA
Daily,2016-08-27,78.7438,NA,NA,NA,NA,NA,NA,NA,NA,NA,NA,NA,NA,NA,NA,NA,NA,NA,NA,NA,NA,NA,NA,NA
Daily,2016-08-28,78.4625,NA,NA,NA,NA,NA,NA,NA,NA,NA,NA,NA,NA,NA,NA,NA,NA,NA,NA,NA,NA,NA,NA,NA
Daily,2016-08-29,78.2938,NA,NA,NA,NA,NA,NA,NA,NA,NA,NA,NA,NA,NA,NA,NA,NA,NA,NA,NA,NA,NA,NA,NA
Daily,2016-08-30,78.2375,NA,NA,NA,NA,NA,NA,NA,NA,NA,NA,NA,NA,NA,NA,NA,NA,NA,NA,NA,NA,NA,NA,NA
Daily,2016-08-31,78.1813,NA,NA,NA,NA,NA,NA,NA,NA,NA,NA,NA,NA,NA,NA,NA,NA,NA,NA,NA,NA,NA,NA,NA
Daily,2016-09-01,78.2938,25.7,NA,22.2,35900,NA,NA,NA,NA,NA,312,NA,NA,NA,8.3,NA,NA,NA,NA,NA,NA,NA,NA,NA
Daily,2016-09-02,78.4063,25.7,NA,22.2,35900,NA,NA,NA,NA,NA,337,NA,NA,NA,8.3,NA,NA,NA,NA,NA,NA,NA,NA,NA
Daily,2016-09-03,78.6313,25.9,NA,22.2,36000,NA,NA,NA,NA,NA,360,NA,NA,NA,8.4,NA,NA,NA,NA,NA,NA,NA,NA,NA
Daily,2016-09-04,78.4625,25.8,NA,22.2,36000,NA,NA,NA,NA,NA,370,NA,NA,NA,8.4,NA,NA,NA,NA,NA,NA,NA,NA,NA
Daily,2016-09-05,78.0688,25.6,NA,22.2,35800,NA,NA,NA,NA,NA,381,NA,NA,NA,8.4,NA,NA,NA,NA,NA,NA,NA,NA,NA
Daily,2016-09-06,77.7313,25.4,NA,22.2,35700,NA,NA,NA,NA,NA,388,NA,NA,NA,8.4,NA,NA,NA,NA,NA,NA,NA,NA,NA
Daily,2016-09-07,77.225,25.1,NA,22.2,35500,NA,NA,NA,NA,NA,393,NA,NA,NA,8.3,NA,NA,NA,NA,NA,NA,NA,NA,NA
Daily,2016-09-08,77.1125,25,NA,22.2,35400,NA,NA,NA,NA,NA,382,NA,NA,NA,8.3,NA,NA,NA,NA,NA,NA,NA,NA,NA
Daily,2016-09-09,77.3375,25.2,NA,22.2,35400,NA,NA,NA,NA,NA,391,NA,NA,NA,8.3,NA,NA,NA,NA,NA,NA,NA,NA,NA
Daily,2016-09-10,77.5625,25.3,NA,22.1,35400,NA,NA,NA,NA,NA,414,NA,NA,NA,8.3,NA,NA,NA,NA,NA,NA,NA,NA,NA
Daily,2016-09-11,77.675,25.3,NA,22.1,35500,NA,NA,NA,NA,NA,424,NA,NA,NA,8.3,NA,NA,NA,NA,NA,NA,NA,NA,NA
Daily,2016-09-12,77.6188,25.3,NA,22.1,35500,NA,NA,NA,NA,NA,442,NA,NA,NA,8.3,NA,NA,NA,NA,NA,NA,NA,NA,NA
Daily,2016-09-13,77.3375,25.2,NA,22.1,35400,NA,NA,NA,NA,NA,459,NA,NA,NA,8.3,NA,NA,NA,NA,NA,NA,NA,NA,NA
Daily,2016-09-14,77.1688,25.1,NA,22.1,35200,NA,NA,NA,NA,NA,474,NA,NA,NA,8.3,NA,NA,NA,NA,NA,NA,NA,NA,NA
Daily,2016-09-15,77.0563,25,NA,22.1,35100,NA,NA,NA,NA,NA,483,NA,NA,NA,8.3,NA,NA,NA,NA,NA,NA,NA,NA,NA
Daily,2016-09-16,76.6063,24.8,NA,22.1,35000,NA,NA,NA,NA,NA,482,NA,NA,NA,8.3,NA,NA,NA,NA,NA,NA,NA,NA,NA
Daily,2016-09-17,76.3813,24.6,NA,22.1,34900,NA,NA,NA,NA,NA,491,NA,NA,NA,8.3,NA,NA,NA,NA,NA,NA,NA,NA,NA
Daily,2016-09-18,76.325,24.6,NA,22.1,34900,NA,NA,NA,NA,NA,503,NA,NA,NA,8.3,NA,NA,NA,NA,NA,NA,NA,NA,NA
Daily,2016-09-19,76.2125,24.6,NA,22.1,34900,NA,NA,NA,NA,NA,505,NA,NA,NA,8.3,NA,NA,NA,NA,NA,NA,NA,NA,NA
Daily,2016-09-20,76.0438,24.5,NA,22.1,34800,NA,NA,NA,NA,NA,491,NA,NA,NA,8.3,NA,NA,NA,NA,NA,NA,NA,NA,NA
Daily,2016-09-21,76.1563,24.5,NA,22.1,34800,NA,NA,NA,NA,NA,504,NA,NA,NA,8.3,NA,NA,NA,NA,NA,NA,NA,NA,NA
Daily,2016-09-22,76.4938,24.7,NA,22.1,34900,NA,NA,NA,NA,NA,521,NA,NA,NA,8.3,NA,NA,NA,NA,NA,NA,NA,NA,NA
Daily,2016-09-23,76.2687,24.6,NA,22,34800,NA,NA,NA,NA,NA,542,NA,NA,NA,8.3,NA,NA,NA,NA,NA,NA,NA,NA,NA
Daily,2016-09-24,75.7062,24.3,NA,22,34600,NA,NA,NA,NA,NA,553,NA,NA,NA,8.3,NA,NA,NA,NA,NA,NA,NA,NA,NA
Daily,2016-09-25,75.1437,24,NA,22,34400,NA,NA,NA,NA,NA,556,NA,NA,NA,8.3,NA,NA,NA,NA,NA,NA,NA,NA,NA
Daily,2016-09-26,74.525,23.6,NA,22,34100,NA,NA,NA,NA,NA,577,NA,NA,NA,8.3,NA,NA,NA,NA,NA,NA,NA,NA,NA
Daily,2016-09-27,73.85,23.2,NA,22,33800,NA,NA,NA,NA,NA,586,NA,NA,NA,8.3,NA,NA,NA,NA,NA,NA,NA,NA,NA
Daily,2016-09-28,73.85,23.2,NA,22,33900,NA,NA,NA,NA,NA,595,NA,NA,NA,8.3,NA,NA,NA,NA,NA,NA,NA,NA,NA
Daily,2016-09-29,73.85,23.3,NA,22,33900,NA,NA,NA,NA,NA,616,NA,NA,NA,8.3,NA,NA,NA,NA,NA,NA,NA,NA,NA
Daily,2016-09-30,74.1875,23.4,NA,22.1,34100,NA,NA,NA,NA,NA,602,NA,NA,NA,8.3,NA,NA,NA,NA,NA,NA,NA,NA,NA
Daily,2016-10-01,74.3563,23.5,NA,22.1,34200,NA,NA,NA,NA,NA,609,NA,NA,NA,8.3,NA,NA,NA,NA,NA,NA,NA,NA,NA
Daily,2016-10-02,74.3563,23.5,NA,22.1,34200,NA,NA,NA,NA,NA,620,NA,NA,NA,8.3,NA,NA,NA,NA,NA,NA,NA,NA,NA
Daily,2016-10-03,74.3,23.5,NA,22.1,34200,NA,NA,NA,NA,NA,625,NA,NA,NA,8.3,NA,NA,NA,NA,NA,NA,NA,NA,NA
Daily,2016-10-04,74.1313,23.4,NA,22.2,34200,NA,NA,NA,NA,NA,623,NA,NA,NA,8.3,NA,NA,NA,NA,NA,NA,NA,NA,NA
Daily,2016-10-05,73.9625,23.3,NA,22.2,34100,NA,NA,NA,NA,NA,628,NA,NA,NA,8.3,NA,NA,NA,NA,NA,NA,NA,NA,NA
Daily,2016-10-06,73.7375,23.2,NA,22.2,34000,NA,NA,NA,NA,NA,633,NA,NA,NA,8.3,NA,NA,NA,NA,NA,NA,NA,NA,NA
Daily,2016-10-11,74.0187,23.4,NA,22.3,34300,NA,NA,NA,NA,NA,652,NA,NA,NA,8.3,NA,NA,NA,NA,NA,NA,NA,NA,NA
Daily,2016-10-12,73.7938,23.2,NA,22.3,34300,NA,NA,NA,NA,NA,644,NA,NA,NA,8.3,NA,NA,NA,NA,NA,NA,NA,NA,NA
Daily,2016-10-13,73.5125,23.1,NA,22.3,34200,NA,NA,NA,NA,NA,658,NA,NA,NA,8.3,NA,NA,NA,NA,NA,NA,NA,NA,NA
Daily,2016-10-14,73.2875,22.9,NA,22.4,34100,NA,NA,NA,NA,NA,670,NA,NA,NA,8.3,NA,NA,NA,NA,NA,NA,NA,NA,NA
Daily,2016-10-15,73.2313,22.9,NA,22.4,34100,NA,NA,NA,NA,NA,656,NA,NA,NA,8.3,NA,NA,NA,NA,NA,NA,NA,NA,NA
Daily,2016-10-16,73.175,22.9,NA,22.4,34100,NA,NA,NA,NA,NA,664,NA,NA,NA,8.3,NA,NA,NA,NA,NA,NA,NA,NA,NA
Daily,2016-10-17,73.0062,22.8,NA,22.4,34100,NA,NA,NA,NA,NA,679,NA,NA,NA,8.3,NA,NA,NA,NA,NA,NA,NA,NA,NA
Daily,2016-10-18,72.725,22.6,NA,22.4,34000,NA,NA,NA,NA,NA,666,NA,NA,NA,8.3,NA,NA,NA,NA,NA,NA,NA,NA,NA
Daily,2016-10-19,72.5,22.5,NA,22.4,33900,NA,NA,NA,NA,NA,665,NA,NA,NA,8.3,NA,NA,NA,NA,NA,NA,NA,NA,NA
Daily,2016-10-20,72.3313,22.4,NA,22.5,33900,NA,NA,NA,NA,NA,659,NA,NA,NA,8.3,NA,NA,NA,NA,NA,NA,NA,NA,NA
Daily,2016-10-21,72.275,22.4,NA,22.5,33900,NA,NA,NA,NA,NA,675,NA,NA,NA,8.3,NA,NA,NA,NA,NA,NA,NA,NA,NA
Daily,2016-10-22,72.4437,22.5,NA,22.5,34000,NA,NA,NA,NA,NA,688,NA,NA,NA,8.3,NA,NA,NA,NA,NA,NA,NA,NA,NA
Daily,2016-10-23,72.6125,22.5,NA,22.5,34000,NA,NA,NA,NA,NA,689,NA,NA,NA,8.3,NA,NA,NA,NA,NA,NA,NA,NA,NA
Daily,2016-10-24,72.6688,22.6,NA,22.5,34100,NA,NA,NA,NA,NA,675,NA,NA,NA,8.3,NA,NA,NA,NA,NA,NA,NA,NA,NA
Daily,2016-10-25,72.7813,22.6,NA,22.5,34100,NA,NA,NA,NA,NA,697,NA,NA,NA,8.3,NA,NA,NA,NA,NA,NA,NA,NA,NA
Daily,2016-10-26,72.7813,22.7,NA,22.6,34200,NA,NA,NA,NA,NA,704,NA,NA,NA,8.3,NA,NA,NA,NA,NA,NA,NA,NA,NA
Daily,2016-10-27,72.7813,22.7,NA,22.6,34200,NA,NA,NA,NA,NA,705,NA,NA,NA,8.3,NA,NA,NA,NA,NA,NA,NA,NA,NA
Daily,2016-10-28,72.725,22.6,NA,22.6,34200,NA,NA,NA,NA,NA,720,NA,NA,NA,8.3,NA,NA,NA,NA,NA,NA,NA,NA,NA
Daily,2016-10-29,72.6125,22.6,NA,22.6,34200,NA,NA,NA,NA,NA,725,NA,NA,NA,8.3,NA,NA,NA,NA,NA,NA,NA,NA,NA
Daily,2016-10-30,72.4437,22.5,NA,22.6,34100,NA,NA,NA,NA,NA,724,NA,NA,NA,8.3,NA,NA,NA,NA,NA,NA,NA,NA,NA
Daily,2016-10-31,72.3313,22.4,NA,22.6,34100,NA,NA,NA,NA,NA,720,NA,NA,NA,8.3,NA,NA,NA,NA,NA,NA,NA,NA,NA
Daily,2016-11-01,72.2188,22.3,NA,22.6,34100,NA,NA,NA,NA,NA,720,NA,NA,NA,8.3,NA,NA,NA,NA,NA,NA,NA,NA,NA
Daily,2016-11-02,71.9375,22.2,NA,22.7,34000,NA,NA,NA,NA,NA,719,NA,NA,NA,8.3,NA,NA,NA,NA,NA,NA,NA,NA,NA
Daily,2016-11-03,71.6563,22,NA,22.7,33900,NA,NA,NA,NA,NA,717,NA,NA,NA,8.3,NA,NA,NA,NA,NA,NA,NA,NA,NA
Daily,2016-11-04,71.4313,21.9,NA,22.7,33800,NA,NA,NA,NA,NA,717,NA,NA,NA,8.3,NA,NA,NA,NA,NA,NA,NA,NA,NA
Daily,2016-11-05,71.2063,21.8,NA,22.7,33800,NA,NA,NA,NA,NA,717,NA,NA,NA,8.3,NA,NA,NA,NA,NA,NA,NA,NA,NA
Daily,2016-11-06,71.0375,21.7,NA,22.7,33700,NA,NA,NA,NA,NA,696,NA,NA,NA,8.3,NA,NA,NA,NA,NA,NA,NA,NA,NA
Daily,2016-11-07,70.8688,21.6,NA,22.7,33700,NA,NA,NA,NA,NA,703,NA,NA,NA,8.3,NA,NA,NA,NA,NA,NA,NA,NA,NA
Daily,2016-11-08,70.7,21.5,NA,22.7,33700,NA,NA,NA,NA,NA,706,NA,NA,NA,8.3,NA,NA,NA,NA,NA,NA,NA,NA,NA
Daily,2016-11-09,70.3625,21.3,NA,22.8,33500,NA,NA,NA,NA,NA,721,NA,NA,NA,8.3,NA,NA,NA,NA,NA,NA,NA,NA,NA
Daily,2016-11-10,69.8,21,NA,22.8,33400,NA,NA,NA,NA,NA,731,NA,NA,NA,8.3,NA,NA,NA,NA,NA,NA,NA,NA,NA
Daily,2016-11-11,69.4063,20.8,NA,22.8,33200,NA,NA,NA,NA,NA,736,NA,NA,NA,8.3,NA,NA,NA,NA,NA,NA,NA,NA,NA
Daily,2016-11-12,69.0687,20.6,NA,22.8,33100,NA,NA,NA,NA,NA,743,NA,NA,NA,8.3,NA,NA,NA,NA,NA,NA,NA,NA,NA
Daily,2016-11-13,68.7875,20.4,NA,22.8,33000,NA,NA,NA,NA,NA,743,NA,NA,NA,8.3,NA,NA,NA,NA,NA,NA,NA,NA,NA
Daily,2016-11-14,68.675,20.3,NA,22.8,33000,NA,NA,NA,NA,NA,749,NA,NA,NA,8.3,NA,NA,NA,NA,NA,NA,NA,NA,NA
Daily,2016-11-15,68.8438,20.4,NA,22.9,33100,NA,NA,NA,NA,NA,735,NA,NA,NA,8.3,NA,NA,NA,NA,NA,NA,NA,NA,NA
Daily,2016-11-16,68.675,20.3,NA,22.9,33000,NA,NA,NA,NA,NA,734,NA,NA,NA,8.3,NA,NA,NA,NA,NA,NA,NA,NA,NA
Daily,2016-11-17,68.45,20.2,NA,22.9,33000,NA,NA,NA,NA,NA,738,NA,NA,NA,8.3,NA,NA,NA,NA,NA,NA,NA,NA,NA
Daily,2016-11-18,68,20,NA,22.9,32800,NA,NA,NA,NA,NA,734,NA,NA,NA,8.3,NA,NA,NA,NA,NA,NA,NA,NA,NA
Daily,2016-11-19,67.8313,NA,NA,22.9,32700,NA,NA,NA,NA,NA,739,NA,NA,NA,8.3,NA,NA,NA,NA,NA,NA,NA,NA,NA
Daily,2016-11-20,67.7188,NA,NA,22.9,32700,NA,NA,NA,NA,NA,743.5,NA,NA,NA,8.3,NA,NA,NA,NA,NA,NA,NA,NA,NA
Daily,2016-11-21,67.4938,NA,NA,22.9,32700,NA,NA,NA,NA,NA,753,NA,NA,NA,8.3,NA,NA,NA,NA,NA,NA,NA,NA,NA
Daily,2016-11-22,67.3812,NA,NA,23,32600,NA,NA,NA,NA,NA,737,NA,NA,NA,8.3,NA,NA,NA,NA,NA,NA,NA,NA,NA
Daily,2016-11-23,67.40935,NA,NA,23,32600,NA,NA,NA,NA,NA,740,NA,NA,NA,8.3,NA,NA,NA,NA,NA,NA,NA,NA,NA
Daily,2016-11-24,67.325,NA,NA,23,32600,NA,NA,NA,NA,NA,743,NA,NA,NA,8.3,NA,NA,NA,NA,NA,NA,NA,NA,NA
Daily,2016-11-25,67.1563,NA,NA,23,32600,NA,NA,NA,NA,NA,746,NA,NA,NA,8.3,NA,NA,NA,NA,NA,NA,NA,NA,NA
Daily,2016-11-26,66.9875,NA,NA,23,32500,NA,NA,NA,NA,NA,737,NA,NA,NA,8.3,NA,NA,NA,NA,NA,NA,NA,NA,NA
Daily,2016-11-27,67.3812,NA,NA,23,32700,NA,NA,NA,NA,NA,752,NA,NA,NA,8.3,NA,NA,NA,NA,NA,NA,NA,NA,NA
Daily,2016-11-28,67.9437,20,NA,23,32900,NA,NA,NA,NA,NA,762,NA,NA,NA,8.3,NA,NA,NA,NA,NA,NA,NA,NA,NA
Daily,2016-11-29,67.55,NA,NA,23.1,32800,NA,NA,NA,NA,NA,763,NA,NA,NA,8.3,NA,NA,NA,NA,NA,NA,NA,NA,NA
Daily,2016-11-30,68.1688,20.3,NA,23.1,33100,NA,NA,NA,NA,NA,766,NA,NA,NA,8.3,NA,NA,NA,NA,NA,NA,NA,NA,NA
Daily,2016-12-01,69.4063,20.7,NA,23.1,33600,NA,NA,NA,NA,NA,764,NA,NA,NA,8.3,NA,NA,NA,NA,NA,NA,NA,NA,NA
Daily,2016-12-02,70.025,21,NA,23.1,33800,NA,NA,NA,NA,NA,769,NA,NA,NA,8.3,NA,NA,NA,NA,NA,NA,NA,NA,NA
Daily,2016-12-03,70.4188,21.3,NA,23.1,34000,NA,NA,NA,NA,NA,776,NA,NA,NA,8.3,NA,NA,NA,NA,NA,NA,NA,NA,NA
Daily,2016-12-04,71.0375,21.6,NA,23.1,34200,NA,NA,NA,NA,NA,775,NA,NA,NA,8.3,NA,NA,NA,NA,NA,NA,NA,NA,NA
Daily,2016-12-05,71.4313,21.8,NA,23.1,34400,NA,NA,NA,NA,NA,770,NA,NA,NA,8.3,NA,NA,NA,NA,NA,NA,NA,NA,NA
Daily,2016-12-06,71.375,21.8,NA,23.1,34400,NA,NA,NA,NA,NA,770,NA,0,NA,8.3,NA,NA,NA,NA,NA,NA,NA,NA,NA
Daily,2016-12-07,71.3187,21.8,NA,23.1,34300,NA,NA,NA,NA,NA,782,NA,0,NA,8.3,NA,NA,NA,NA,NA,NA,NA,NA,NA
Daily,2016-12-08,71.4313,21.8,NA,23.1,34400,NA,NA,NA,NA,NA,782,NA,0,NA,8.3,NA,NA,NA,NA,NA,NA,NA,NA,NA
Daily,2016-12-09,71.2063,21.7,NA,23.1,34300,NA,NA,NA,NA,NA,771,NA,0,NA,8.3,NA,NA,NA,NA,NA,NA,NA,NA,NA
Daily,2016-12-10,70.7562,21.5,NA,23.1,34200,NA,NA,NA,NA,NA,771,NA,0,NA,8.2,NA,NA,NA,NA,NA,NA,NA,NA,NA
Daily,2016-12-11,70.3625,21.3,NA,23.2,34100,NA,NA,NA,NA,NA,770,NA,0,NA,8.2,NA,NA,NA,NA,NA,NA,NA,NA,NA
Daily,2016-12-12,70.0813,21.1,NA,23.2,33900,NA,NA,NA,NA,NA,771,NA,0,NA,8.2,NA,NA,NA,NA,NA,NA,NA,NA,NA
Daily,2016-12-13,69.8563,21,NA,23.2,33900,NA,NA,NA,NA,NA,773,NA,0,NA,8.2,NA,NA,NA,NA,NA,NA,NA,NA,NA
Daily,2016-12-14,69.6875,20.9,NA,23.2,33800,NA,NA,NA,NA,NA,774,NA,0,NA,8.2,NA,NA,NA,NA,NA,NA,NA,NA,NA
Daily,2016-12-15,69.6312,20.9,NA,23.2,33800,NA,NA,NA,NA,NA,775.5,NA,0,NA,8.2,NA,NA,NA,NA,NA,NA,NA,NA,NA
Daily,2016-12-16,69.4625,20.8,NA,23.2,33800,NA,NA,NA,NA,NA,775,NA,0,NA,8.2,NA,NA,NA,NA,NA,NA,NA,NA,NA
Daily,2016-12-17,69.0687,20.5,NA,23.2,33600,NA,NA,NA,NA,NA,776,NA,1,NA,8.2,NA,NA,NA,NA,NA,NA,NA,NA,NA
Daily,2016-12-18,68.45,20.2,NA,23.2,33400,NA,NA,NA,NA,NA,771,NA,0,NA,8.2,NA,NA,NA,NA,NA,NA,NA,NA,NA
Daily,2016-12-19,68.225,20.1,NA,23.3,33300,NA,NA,NA,NA,NA,770,NA,0,NA,8.2,NA,NA,NA,NA,NA,NA,NA,NA,NA
Daily,2016-12-20,68.225,20.1,NA,23.3,33300,NA,NA,NA,NA,NA,774,NA,0,NA,8.2,NA,NA,NA,NA,NA,NA,NA,NA,NA
Daily,2016-12-21,68.1125,20.1,NA,23.3,33300,NA,NA,NA,NA,NA,782,NA,0,NA,8.2,NA,NA,NA,NA,NA,NA,NA,NA,NA
Daily,2016-12-22,67.9437,20,NA,23.2,33200,NA,NA,NA,NA,NA,778.5,NA,0,NA,8.2,NA,NA,NA,NA,NA,NA,NA,NA,NA
Daily,2016-12-23,67.775,NA,NA,23.2,33100,NA,NA,NA,NA,NA,764,NA,0,NA,8.1,NA,NA,NA,NA,NA,NA,NA,NA,NA
Daily,2016-12-24,67.55,NA,NA,23.2,33000,NA,NA,NA,NA,NA,746,NA,0,NA,8.1,NA,NA,NA,NA,NA,NA,NA,NA,NA
Daily,2016-12-25,67.1,NA,NA,23.2,32800,NA,NA,NA,NA,NA,754,NA,0,NA,8.1,NA,NA,NA,NA,NA,NA,NA,NA,NA
Daily,2016-12-26,66.7625,NA,NA,23.2,32700,NA,NA,NA,NA,NA,763,NA,1,NA,8.1,NA,NA,NA,NA,NA,NA,NA,NA,NA
Daily,2016-12-27,67.0438,NA,NA,23.25,32800,NA,NA,NA,NA,NA,766,NA,0,NA,8.1,NA,NA,NA,NA,NA,NA,NA,NA,NA
Daily,2016-12-28,68.6188,20.4,NA,23.3,33500,NA,NA,NA,NA,NA,764,NA,0,NA,8.1,NA,NA,NA,NA,NA,NA,NA,NA,NA
Daily,2016-12-29,69.5188,20.7,NA,23.3,33800,NA,NA,NA,NA,NA,770,NA,0,NA,8.1,NA,NA,NA,NA,NA,NA,NA,NA,NA
Daily,2016-12-30,70.025,21,NA,23.3,34000,NA,NA,NA,NA,NA,787,NA,0,NA,8.2,NA,NA,NA,NA,NA,NA,NA,NA,NA
Daily,2016-12-31,70.5313,21.3,NA,23.3,34300,NA,NA,NA,NA,NA,779,NA,0,NA,8.2,NA,NA,NA,NA,NA,NA,NA,NA,NA
Daily,2017-01-01,70.025,21.1,NA,23.3,34100,NA,NA,NA,NA,NA,784,NA,0,NA,8.2,NA,NA,NA,NA,NA,NA,NA,NA,NA
Daily,2017-01-02,69.2375,20.6,NA,23.3,33700,NA,NA,NA,NA,NA,790,NA,0,NA,8.2,NA,NA,NA,NA,NA,NA,NA,NA,NA
Daily,2017-01-03,69.0125,20.5,NA,23.3,33700,NA,NA,NA,NA,NA,787,NA,0,NA,8.2,NA,NA,NA,NA,NA,NA,NA,NA,NA
Daily,2017-01-04,69.8,20.9,NA,23.3,34000,NA,NA,NA,NA,NA,787,NA,0,NA,8.2,NA,NA,NA,NA,NA,NA,NA,NA,NA
Daily,2017-01-05,70.1375,21.1,NA,23.3,34100,NA,NA,NA,NA,NA,789,NA,0,NA,8.2,NA,NA,NA,NA,NA,NA,NA,NA,NA
Daily,2017-01-06,70.5875,21.3,NA,23.3,34300,NA,NA,NA,NA,NA,791,NA,0,NA,8.2,NA,NA,NA,NA,NA,NA,NA,NA,NA
Daily,2017-01-07,71.2625,21.7,NA,23.3,34600,NA,NA,NA,NA,NA,796,NA,0,NA,8.2,NA,NA,NA,NA,NA,NA,NA,NA,NA
Daily,2017-01-08,70.8688,21.6,NA,23.3,34500,NA,NA,NA,NA,NA,794,NA,0,NA,8.2,NA,NA,NA,NA,NA,NA,NA,NA,NA
Daily,2017-01-09,70.39065,21.3,NA,23.3,34400,NA,NA,NA,NA,NA,792,NA,0,NA,8.2,NA,NA,NA,NA,NA,NA,NA,NA,NA
Daily,2017-01-10,70.1937,21.2,NA,23.4,34300,NA,NA,NA,NA,NA,785,NA,0,NA,8.2,NA,NA,NA,NA,NA,NA,NA,NA,NA
Daily,2017-01-11,70.1375,21.2,NA,23.4,34300,NA,NA,NA,NA,NA,787,NA,0,NA,8.2,NA,NA,NA,NA,NA,NA,NA,NA,NA
Daily,2017-01-12,70.025,21.1,NA,23.4,34200,NA,NA,NA,NA,NA,787,NA,0,NA,8.2,NA,NA,NA,NA,NA,NA,NA,NA,NA
Daily,2017-01-13,69.575,20.9,NA,23.4,34100,NA,NA,NA,NA,NA,797,NA,0,NA,8.2,NA,NA,NA,NA,NA,NA,NA,NA,NA
Daily,2017-01-14,69.35,20.7,NA,23.4,34000,NA,NA,NA,NA,NA,785,NA,0,NA,8.2,NA,NA,NA,NA,NA,NA,NA,NA,NA
Daily,2017-01-15,68.9563,20.5,NA,23.4,33800,NA,NA,NA,NA,NA,786,NA,0,NA,8.2,NA,NA,NA,NA,NA,NA,NA,NA,NA
Daily,2017-01-16,69.0687,20.6,NA,23.4,33900,NA,NA,NA,NA,NA,788,NA,0,NA,8.1,NA,NA,NA,NA,NA,NA,NA,NA,NA
Daily,2017-01-17,69.6312,20.9,NA,23.4,34100,NA,NA,NA,NA,NA,791,NA,0,NA,8.2,NA,NA,NA,NA,NA,NA,NA,NA,NA
Daily,2017-01-18,70.1375,21.1,NA,23.4,34300,NA,NA,NA,NA,NA,794,NA,0,NA,8.2,NA,NA,NA,NA,NA,NA,NA,NA,NA
Daily,2017-01-19,70.3063,21.2,NA,23.4,34300,NA,NA,NA,NA,NA,800,NA,0,NA,8.2,NA,NA,NA,NA,NA,NA,NA,NA,NA
Daily,2017-01-20,70.5875,21.4,NA,23.4,34500,NA,NA,NA,NA,NA,801,NA,0,NA,8.2,NA,NA,NA,NA,NA,NA,NA,NA,NA
Daily,2017-01-21,70.9813,21.6,NA,23.4,34600,NA,NA,NA,NA,NA,804,NA,0,NA,8.2,NA,NA,NA,NA,NA,NA,NA,NA,NA
Daily,2017-01-22,71.4875,21.9,NA,23.4,34900,NA,NA,NA,NA,NA,796.5,NA,0,NA,8.2,NA,NA,NA,NA,NA,NA,NA,NA,NA
Daily,2017-01-23,71.6563,22,NA,23.4,34900,NA,NA,NA,NA,NA,802,NA,0,NA,8.2,NA,NA,NA,NA,NA,NA,NA,NA,NA
Daily,2017-01-24,71.9375,22.1,NA,NA,35650,NA,NA,NA,NA,NA,789,NA,0,NA,8.2,NA,NA,NA,NA,NA,NA,NA,NA,NA
Daily,2017-01-25,72.5563,22.56,NA,24.09,36037.5,NA,NA,NA,NA,NA,786.4,NA,0.702344,NA,8.29,NA,NA,NA,NA,NA,NA,NA,NA,NA
Daily,2017-01-26,71.9938,22.1625,NA,24.052500000000002,35781.3,NA,NA,NA,NA,NA,804,NA,0.6,NA,8.295,NA,NA,NA,NA,NA,NA,NA,NA,NA
Daily,2017-01-27,71.2625,21.785,NA,24.05,35618.7,NA,NA,NA,NA,NA,803.2,NA,0.4,NA,NA,NA,NA,NA,NA,NA,NA,NA,NA,NA
Daily,2017-01-28,70.7562,21.555,NA,24.065,35353.1,NA,NA,NA,NA,NA,798.4,NA,0.4,NA,8.3,NA,NA,NA,NA,NA,NA,NA,NA,NA
Daily,2017-01-29,70.5313,21.41,NA,24.05,35312.5,NA,NA,NA,NA,NA,792,NA,0.4,NA,8.3,NA,NA,NA,NA,NA,NA,NA,NA,NA
Daily,2017-01-30,70.6438,21.35,NA,24.085,35325,NA,NA,NA,NA,NA,796,NA,0.399609,NA,8.3625,NA,NA,NA,NA,NA,NA,NA,NA,NA
Daily,2017-01-31,70.6438,21.45,NA,24.08,35356.2,NA,NA,NA,NA,NA,799.2,NA,0.4,NA,8.3625,NA,NA,NA,NA,NA,NA,NA,NA,NA
Daily,2017-02-01,70.7,21.43,NA,24.065,35318.7,NA,NA,NA,NA,NA,796.8,NA,0.600781,NA,8.3575,NA,NA,NA,NA,NA,NA,NA,NA,NA
Daily,2017-02-02,70.5875,21.575,NA,24.065,35318.7,NA,NA,NA,NA,NA,796.8,NA,0.702344,NA,8.3575,NA,NA,NA,NA,NA,NA,NA,NA,NA
Daily,2017-02-03,70.3625,21.575,NA,24.065,35318.7,NA,NA,NA,NA,NA,796.8,NA,0.702344,NA,8.3575,NA,NA,NA,NA,NA,NA,NA,NA,NA
Daily,2017-02-04,70.025,21.575,NA,24.065,35318.7,NA,NA,NA,NA,NA,796.8,NA,0.702344,NA,8.3575,NA,NA,NA,NA,NA,NA,NA,NA,NA
Daily,2017-02-05,69.6875,21.575,NA,24.065,35318.7,NA,NA,NA,NA,NA,796.8,NA,0.702344,NA,8.3575,NA,NA,NA,NA,NA,NA,NA,NA,NA
Daily,2017-02-06,69.4625,21.575,NA,24.065,35318.7,NA,NA,NA,NA,NA,796.8,NA,0.702344,NA,8.3575,NA,NA,NA,NA,NA,NA,NA,NA,NA
Daily,2017-02-07,69.2938,21.575,NA,24.065,35318.7,NA,NA,NA,NA,NA,796.8,NA,0.702344,NA,8.3575,NA,NA,NA,NA,NA,NA,NA,NA,NA
Daily,2017-02-08,69.2938,21.575,NA,24.065,35318.7,NA,NA,NA,NA,NA,0,NA,0,NA,8.3575,NA,NA,NA,NA,NA,NA,NA,NA,NA
Daily,2017-02-09,69.5188,NA,NA,NA,NA,NA,NA,NA,NA,NA,0,NA,0,NA,NA,NA,NA,NA,NA,NA,NA,NA,NA,NA
Daily,2017-02-10,69.7438,NA,NA,NA,NA,NA,NA,NA,NA,NA,0,NA,0,NA,NA,NA,NA,NA,NA,NA,NA,NA,NA,NA
Daily,2017-02-11,69.9125,NA,NA,NA,NA,NA,NA,NA,NA,NA,0,NA,0,NA,NA,NA,NA,NA,NA,NA,NA,NA,NA,NA
Daily,2017-02-12,70.025,NA,NA,NA,NA,NA,NA,NA,NA,NA,0,NA,0,NA,NA,NA,NA,NA,NA,NA,NA,NA,NA,NA
Daily,2017-02-13,69.9688,NA,NA,NA,NA,NA,NA,NA,NA,NA,0,NA,0,NA,NA,NA,NA,NA,NA,NA,NA,NA,NA,NA
Daily,2017-02-14,69.9125,21.075,NA,24.205,NA,NA,NA,NA,NA,NA,NA,NA,0.503125,NA,8.345,NA,NA,NA,NA,NA,NA,NA,NA,NA
Daily,2017-02-15,69.7438,20.95,NA,24.185,35137.5,NA,NA,NA,NA,NA,796.8,NA,0.600781,NA,8.355,NA,NA,NA,NA,NA,NA,NA,NA,NA
Daily,2017-02-16,69.8,20.985,NA,24.447499999999998,35256.2,NA,NA,NA,NA,NA,789.6,NA,0.600781,NA,8.1625,NA,NA,NA,NA,NA,NA,NA,NA,NA
Daily,2017-02-17,69.8,21.075,NA,24.435,35443.7,NA,NA,NA,NA,NA,802.4,NA,0.5,NA,8.335,NA,NA,NA,NA,NA,NA,NA,NA,NA
Daily,2017-02-18,69.7438,20.91,NA,24.435,35368.7,NA,NA,NA,NA,NA,803.2,NA,0.799219,NA,8.335,NA,NA,NA,NA,NA,NA,NA,NA,NA
Daily,2017-02-19,69.1813,20.63,NA,24.455,35118.7,NA,NA,NA,NA,NA,802.4,NA,1.25156,NA,8.215,NA,NA,NA,NA,NA,NA,NA,NA,NA
Daily,2017-02-20,69.0687,20.6,NA,24.445,35087.5,NA,NA,NA,NA,NA,807.2,NA,0.8,NA,8.2825,NA,NA,NA,NA,NA,NA,NA,NA,NA
Daily,2017-02-21,69.1813,20.68,NA,24.555,35268.7,NA,NA,NA,NA,NA,806.4,NA,0.598437,NA,8.3475,NA,NA,NA,NA,NA,NA,NA,NA,NA
Daily,2017-02-22,69.35,20.805,NA,24.535,35481.2,NA,NA,NA,NA,NA,802.4,NA,0.502344,NA,8.3475,NA,NA,NA,NA,NA,NA,NA,NA,NA
Daily,2017-02-23,69.4625,20.78,NA,24.58,35425,NA,NA,NA,NA,NA,802,NA,0.899219,NA,8.3425,NA,NA,NA,NA,NA,NA,NA,NA,NA
Daily,2017-02-24,69.2938,20.74,NA,24.535,35406.3,NA,NA,NA,NA,NA,784,NA,1.30156,NA,8.41,NA,NA,NA,NA,NA,NA,NA,NA,NA
Daily,2017-02-25,69.4063,20.76,NA,24.545,35443.7,NA,NA,NA,NA,NA,792.8,NA,1.15,NA,8.425,NA,NA,NA,NA,NA,NA,NA,NA,NA
Daily,2017-02-26,69.2938,20.655,NA,24.58,35393.7,NA,NA,NA,NA,NA,791.2,NA,1.40469,NA,8.43,NA,NA,NA,NA,NA,NA,NA,NA,NA
Daily,2017-02-27,69.2938,20.74,NA,24.54,35468.8,NA,NA,NA,NA,NA,800,NA,0.598437,NA,8.3725,NA,NA,NA,NA,NA,NA,NA,NA,NA
Daily,2017-02-28,69.1813,20.64,NA,24.58,35393.7,NA,NA,NA,NA,NA,798.4,NA,0.600781,NA,8.3725,NA,NA,NA,NA,NA,NA,NA,NA,NA
Daily,2017-03-01,69.0687,20.565,NA,24.595,35350,NA,NA,NA,NA,NA,800.8,NA,0.599219,NA,8.3725,NA,NA,NA,NA,NA,NA,NA,NA,NA
Daily,2017-03-02,69.125,20.615,NA,24.58,35368.7,NA,NA,NA,NA,NA,800,NA,0.503125,NA,8.3725,NA,NA,NA,NA,NA,NA,NA,NA,NA
Daily,2017-03-03,69.0687,20.55,NA,24.58,35375,NA,NA,NA,NA,NA,790.4,NA,0.503125,NA,NA,NA,NA,NA,NA,NA,NA,NA,NA,NA
Daily,2017-03-04,69.125,20.55,NA,24.61,35362.5,NA,NA,NA,NA,NA,783.2,NA,0.503125,NA,8.435,NA,NA,NA,NA,NA,NA,NA,NA,NA
Daily,2017-03-05,69.2375,20.675,NA,24.585,35381.2,NA,NA,NA,NA,NA,794.4,NA,0.503125,NA,8.435,NA,NA,NA,NA,NA,NA,NA,NA,NA
Daily,2017-03-06,69.2375,20.675,NA,24.59,35456.2,NA,NA,NA,NA,NA,802.4,NA,0.5980464999999999,NA,8.43,NA,NA,NA,NA,NA,NA,NA,NA,NA
Daily,2017-03-07,69.2375,20.695,NA,24.58,35431.2,NA,NA,NA,NA,NA,799.2,NA,0.600781,NA,8.435,NA,NA,NA,NA,NA,NA,NA,NA,NA
Daily,2017-03-08,69.2375,20.715,NA,24.5475,35462.5,NA,NA,NA,NA,NA,792,NA,0.6,NA,8.435,NA,NA,NA,NA,NA,NA,NA,NA,NA
Daily,2017-03-09,69.575,20.84,NA,24.62,35587.5,NA,NA,NA,NA,NA,796.8,NA,0.7,NA,NA,NA,NA,NA,NA,NA,NA,NA,NA,NA
Daily,2017-03-10,69.7438,20.965,NA,24.6875,35737.5,NA,NA,NA,NA,NA,797.6,NA,1.09844,NA,8.3775,NA,NA,NA,NA,NA,NA,NA,NA,NA
Daily,2017-03-11,70.925,21.57,NA,24.59,36043.7,NA,NA,NA,NA,NA,794.4,NA,1.2,NA,8.435,NA,NA,NA,NA,NA,NA,NA,NA,NA
Daily,2017-03-12,71.15,21.74,NA,24.555,36225,NA,NA,NA,NA,NA,804,NA,1.29844,NA,8.435,NA,NA,NA,NA,NA,NA,NA,NA,NA
Daily,2017-03-13,71.2625,21.76,NA,24.535,36243.7,NA,NA,NA,NA,NA,803.2,NA,1.40156,NA,8.4125,NA,NA,NA,NA,NA,NA,NA,NA,NA
Daily,2017-03-14,71.3187,21.865,NA,24.555,36268.7,NA,NA,NA,NA,NA,804,NA,1.59375,NA,NA,NA,NA,NA,NA,NA,NA,NA,NA,NA
Daily,2017-03-15,71.3187,21.854999999999997,NA,24.525,36300,NA,NA,NA,NA,NA,809.6,NA,1.59687,NA,8.3475,NA,NA,NA,NA,NA,NA,NA,NA,NA
Daily,2017-03-16,71.2625,21.865,NA,24.54,36262.5,NA,NA,NA,NA,NA,809.6,NA,1.50469,NA,8.3425,NA,NA,NA,NA,NA,NA,NA,NA,NA
Daily,2017-03-17,71.375,21.885,NA,24.57,36262.5,NA,NA,NA,NA,NA,806.4,NA,1.69687,NA,8.3425,NA,NA,NA,NA,NA,NA,NA,NA,NA
Daily,2017-03-18,71.5438,21.955,NA,24.575,36343.8,NA,NA,NA,NA,NA,798,NA,1.70156,NA,8.28,NA,NA,NA,NA,NA,NA,NA,NA,NA
Daily,2017-03-19,71.6563,22.055,NA,24.565,36350,NA,NA,NA,NA,NA,794,NA,1.59844,NA,NA,NA,NA,NA,NA,NA,NA,NA,NA,NA
Daily,2017-03-20,71.825,22.0975,NA,24.545,36487.5,NA,NA,NA,NA,NA,796.8,NA,1.09453,NA,8.3475,NA,NA,NA,NA,NA,NA,NA,NA,NA
Daily,2017-03-21,71.9938,22.22,NA,24.505,36725,NA,NA,NA,NA,NA,793.6,NA,0.898438,NA,8.3475,NA,NA,NA,NA,NA,NA,NA,NA,NA
Daily,2017-03-22,71.8812,22.22,NA,24.505,36725,NA,NA,NA,NA,NA,793.6,NA,0.898438,NA,8.3475,NA,NA,NA,NA,NA,NA,NA,NA,NA
Daily,2017-03-23,71.0938,22.22,NA,24.505,36725,NA,NA,NA,NA,NA,793.6,NA,0.898438,NA,8.3475,NA,NA,NA,NA,NA,NA,NA,NA,NA
Daily,2017-03-24,70.25,22.22,NA,24.505,36725,NA,NA,NA,NA,NA,793.6,NA,0.898438,NA,8.3475,NA,NA,NA,NA,NA,NA,NA,NA,NA
Daily,2017-03-25,69.6875,22.22,NA,24.505,36725,NA,NA,NA,NA,NA,793.6,NA,0.898438,NA,8.3475,NA,NA,NA,NA,NA,NA,NA,NA,NA
Daily,2017-03-26,69.35,22.22,NA,24.505,36725,NA,NA,NA,NA,NA,793.6,NA,0.898438,NA,8.3475,NA,NA,NA,NA,NA,NA,NA,NA,NA
Daily,2017-03-27,69.0687,22.22,NA,24.505,36725,NA,NA,NA,NA,NA,793.6,NA,0.898438,NA,8.3475,NA,NA,NA,NA,NA,NA,NA,NA,NA
Daily,2017-03-28,68.7313,NA,NA,NA,35943.7,NA,NA,NA,NA,NA,779.2,NA,0.799219,NA,NA,NA,NA,NA,NA,NA,NA,NA,NA,NA
Daily,2017-03-29,68.45,20.275,NA,25.035,35668.7,NA,NA,NA,NA,NA,780.8,NA,0.700781,NA,8.2125,NA,NA,NA,NA,NA,NA,NA,NA,NA
Daily,2017-03-30,68.5062,20.26,NA,25.05,35700,NA,NA,NA,NA,NA,782.4,NA,0.699219,NA,8.2125,NA,NA,NA,NA,NA,NA,NA,NA,NA
Daily,2017-03-31,68.1688,20.065,NA,25.045,35618.7,NA,NA,NA,NA,NA,778.4,NA,0.900781,NA,8.2175,NA,NA,NA,NA,NA,NA,NA,NA,NA
Daily,2017-04-01,67.55,NA,NA,25.05,35393.7,NA,NA,NA,NA,NA,760,NA,0.699219,NA,8.175,NA,NA,NA,NA,NA,NA,NA,NA,NA
Daily,2017-04-02,67.2125,NA,NA,25.05,35206.2,NA,NA,NA,NA,NA,756,NA,0.796875,NA,8.1775,NA,NA,NA,NA,NA,NA,NA,NA,NA
Daily,2017-04-03,67.2125,NA,NA,25.05,35231.2,NA,NA,NA,NA,NA,761.6,NA,0.6996095,NA,8.2325,NA,NA,NA,NA,NA,NA,NA,NA,NA
Daily,2017-04-04,67.2688,NA,NA,25.185,35306.2,NA,NA,NA,NA,NA,770.4,NA,0.598437,NA,8.22,NA,NA,NA,NA,NA,NA,NA,NA,NA
Daily,2017-04-05,67.1,NA,NA,25.295,35406.3,NA,NA,NA,NA,NA,792,NA,0.597656,NA,8.3275,NA,NA,NA,NA,NA,NA,NA,NA,NA
Daily,2017-04-06,67.325,NA,NA,25.307499999999997,35506.2,NA,NA,NA,NA,NA,792,NA,0.502344,NA,8.38,NA,NA,NA,NA,NA,NA,NA,NA,NA
Daily,2017-04-07,67.6625,20.05,NA,25.315,35643.7,NA,NA,NA,NA,NA,794.4,NA,0.699219,NA,8.38,NA,NA,NA,NA,NA,NA,NA,NA,NA
Daily,2017-04-08,67.8875,20.07,NA,25.27,35687.5,NA,NA,NA,NA,NA,788,NA,0.699219,NA,8.38,NA,NA,NA,NA,NA,NA,NA,NA,NA
Daily,2017-04-09,67.9437,20.09,NA,25.255,35643.7,NA,NA,NA,NA,NA,782.4,NA,0.699219,NA,8.38,NA,NA,NA,NA,NA,NA,NA,NA,NA
Daily,2017-04-10,67.775,NA,NA,25.315,35600,NA,NA,NA,NA,NA,782.4,NA,0.699219,NA,8.375,NA,NA,NA,NA,NA,NA,NA,NA,NA
Daily,2017-04-11,67.8313,20.095,NA,25.24,35650,NA,NA,NA,NA,NA,785.6,NA,0.702344,NA,8.372499999999999,NA,NA,NA,NA,NA,NA,NA,NA,NA
Daily,2017-04-12,68,20.195,NA,25.175,35743.7,NA,NA,NA,NA,NA,784.8,NA,0.702344,NA,8.4275,NA,NA,NA,NA,NA,NA,NA,NA,NA
Daily,2017-04-13,68.225,20.195,NA,25.205,35825,NA,NA,NA,NA,NA,792.8,NA,0.796875,NA,8.4275,NA,NA,NA,NA,NA,NA,NA,NA,NA
Daily,2017-04-14,68.45,20.32,NA,25.145,35931.2,NA,NA,NA,NA,NA,792,NA,0.599219,NA,8.4225,NA,NA,NA,NA,NA,NA,NA,NA,NA
Daily,2017-04-15,68.675,20.425,NA,25.185,36006.2,NA,NA,NA,NA,NA,787.2,NA,0.600781,NA,8.4225,NA,NA,NA,NA,NA,NA,NA,NA,NA
Daily,2017-04-16,68.7875,20.45,NA,25.2,36068.7,NA,NA,NA,NA,NA,788.8,NA,0.7011715000000001,NA,8.4225,NA,NA,NA,NA,NA,NA,NA,NA,NA
Daily,2017-04-17,68.9563,20.55,NA,25.195,36175,NA,NA,NA,NA,NA,790.4,NA,0.799219,NA,NA,NA,NA,NA,NA,NA,NA,NA,NA,NA
Daily,2017-04-18,69.1813,20.625,NA,25.295,36281.3,NA,NA,NA,NA,NA,783.2,NA,0.8996095,NA,8.275,NA,NA,NA,NA,NA,NA,NA,NA,NA
Daily,2017-04-19,69.4063,20.75,NA,25.305,36393.7,NA,NA,NA,NA,NA,781.6,NA,0.9,NA,8.2075,NA,NA,NA,NA,NA,NA,NA,NA,NA
Daily,2017-04-20,69.4625,20.77,NA,25.64,36900,NA,NA,NA,NA,NA,770.8,NA,0.797656,NA,8.2725,NA,NA,NA,NA,NA,NA,NA,NA,NA
Daily,2017-04-21,69.35,20.78,NA,26.035,37293.7,NA,NA,NA,NA,NA,784,NA,0.699219,NA,8.375,NA,NA,NA,NA,NA,NA,NA,NA,NA
Daily,2017-04-22,69.4063,20.76,NA,25.965,37325,NA,NA,NA,NA,NA,788,NA,0.598437,NA,8.37,NA,NA,NA,NA,NA,NA,NA,NA,NA
Daily,2017-04-23,69.4063,20.865,NA,25.96,37343.8,NA,NA,NA,NA,NA,787.2,NA,0.503125,NA,8.365,NA,NA,NA,NA,NA,NA,NA,NA,NA
Daily,2017-04-24,69.6875,20.93,NA,25.94,37343.8,NA,NA,NA,NA,NA,784,NA,0.4,NA,8.4225,NA,NA,NA,NA,NA,NA,NA,NA,NA
Daily,2017-04-25,69.6875,20.925,NA,25.96,NA,NA,NA,NA,NA,NA,776,NA,0.5,NA,8.365,NA,NA,NA,NA,NA,NA,NA,NA,NA
Daily,2017-04-26,69.5188,20.875,NA,26.045,37568.7,NA,NA,NA,NA,NA,766.4,NA,0.5,NA,8.2475,NA,NA,NA,NA,NA,NA,NA,NA,NA
Daily,2017-04-27,69.4625,20.84,NA,26.075,37418.7,NA,NA,NA,NA,NA,780,NA,0.4,NA,8.3675,NA,NA,NA,NA,NA,NA,NA,NA,NA
Daily,2017-04-28,69.125,20.695,NA,26.055,37368.7,NA,NA,NA,NA,NA,782.4,NA,0.4,NA,8.43,NA,NA,NA,NA,NA,NA,NA,NA,NA
Daily,2017-04-29,68.7875,20.445,NA,26.095,37131.2,NA,NA,NA,NA,NA,775.2,NA,0.399609,NA,8.3675,NA,NA,NA,NA,NA,NA,NA,NA,NA
Daily,2017-04-30,68.5625,20.315,NA,26.05,37109.35,NA,NA,NA,NA,NA,763.2,NA,0.3494145,NA,8.2325,NA,NA,NA,NA,NA,NA,NA,NA,NA
Daily,2017-05-01,68.5625,20.355,NA,26.085,37100,NA,NA,NA,NA,NA,770.4,NA,0.300391,NA,8.3,NA,NA,NA,NA,NA,NA,NA,NA,NA
Daily,2017-05-02,68.8438,20.475,NA,26.045,37162.5,NA,NA,NA,NA,NA,770.4,NA,0.299219,NA,8.295,NA,NA,NA,NA,NA,NA,NA,NA,NA
Daily,2017-05-03,69.1813,20.735,NA,26.08,37293.7,NA,NA,NA,NA,NA,775.2,NA,0.398828,NA,8.395,NA,NA,NA,NA,NA,NA,NA,NA,NA
Daily,2017-05-04,69.575,20.88,NA,26.05,37500,NA,NA,NA,NA,NA,772,NA,0.300391,NA,8.405,NA,NA,NA,NA,NA,NA,NA,NA,NA
Daily,2017-05-05,69.8,21.005,NA,26.09,37631.2,NA,NA,NA,NA,NA,775.2,NA,0.298828,NA,8.415,NA,NA,NA,NA,NA,NA,NA,NA,NA
Daily,2017-05-06,70.025,21.13,NA,26.07,37668.7,NA,NA,NA,NA,NA,782.4,NA,0.299219,NA,8.42,NA,NA,NA,NA,NA,NA,NA,NA,NA
Daily,2017-05-07,70.025,21.13,NA,26.075,37675,NA,NA,NA,NA,NA,783.2,NA,0.399219,NA,8.42,NA,NA,NA,NA,NA,NA,NA,NA,NA
Daily,2017-05-08,69.6312,20.945,NA,26.03,37606.2,NA,NA,NA,NA,NA,780,NA,0.300391,NA,8.3,NA,NA,NA,NA,NA,NA,NA,NA,NA
Daily,2017-05-09,69.2938,20.695,NA,26.095,37406.3,NA,NA,NA,NA,NA,788,NA,0.797656,NA,8.4075,NA,NA,NA,NA,NA,NA,NA,NA,NA
Daily,2017-05-10,68.8438,20.425,NA,26.15,37356.2,NA,NA,NA,NA,NA,783.2,NA,2.09687,NA,8.2775,NA,NA,NA,NA,NA,NA,NA,NA,NA
Daily,2017-05-11,68.7875,20.405,NA,26.325,37512.5,NA,NA,NA,NA,NA,788.8,NA,3.10156,NA,8.4025,NA,NA,NA,NA,NA,NA,NA,NA,NA
Daily,2017-05-12,69.1813,20.675,NA,26.335,37743.7,NA,NA,NA,NA,NA,786.4,NA,2.89687,NA,8.4025,NA,NA,NA,NA,NA,NA,NA,NA,NA
Daily,2017-05-13,69.6875,20.965,NA,26.435,38000,NA,NA,NA,NA,NA,784.8,NA,0.5988279999999999,NA,8.4075,NA,NA,NA,NA,NA,NA,NA,NA,NA
Daily,2017-05-14,69.7438,21.005,NA,26.415,38081.2,NA,NA,NA,NA,NA,792,NA,0.65,NA,8.4025,NA,NA,NA,NA,NA,NA,NA,NA,NA
Daily,2017-05-15,69.7438,20.945,NA,26.415,38037.5,NA,NA,NA,NA,NA,796,NA,1.00312,NA,8.3975,NA,NA,NA,NA,NA,NA,NA,NA,NA
Daily,2017-05-16,69.4625,20.84,NA,26.535,38012.5,NA,NA,NA,NA,NA,795.2,NA,1.29922,NA,8.3975,NA,NA,NA,NA,NA,NA,NA,NA,NA
Daily,2017-05-17,69.1813,20.695,NA,26.53,38050,NA,NA,NA,NA,NA,792,NA,1.097655,NA,NA,NA,NA,NA,NA,NA,NA,NA,NA,NA
Daily,2017-05-18,69.0687,20.57,NA,26.565,37956.2,NA,NA,NA,NA,NA,794.4,NA,1.90469,NA,8.43,NA,NA,NA,NA,NA,NA,NA,NA,NA
Daily,2017-05-19,69.0687,20.57,NA,26.75,38037.5,NA,NA,NA,NA,NA,799.2,NA,3.69375,NA,8.385,NA,NA,NA,NA,NA,NA,NA,NA,NA
Daily,2017-05-20,68.9563,20.57,NA,26.775,38168.7,NA,NA,NA,NA,NA,800,NA,4.612500000000001,NA,8.30375,NA,NA,NA,NA,NA,NA,NA,NA,NA
Daily,2017-05-21,69.125,20.66,NA,26.79,38231.2,NA,NA,NA,NA,NA,794.4,NA,2.55312,NA,NA,NA,NA,NA,NA,NA,NA,NA,NA,NA
Daily,2017-05-22,69.4063,20.82,NA,26.84,38325,NA,NA,NA,NA,NA,794.4,NA,6.20625,NA,8.39,NA,NA,NA,NA,NA,NA,NA,NA,NA
Daily,2017-05-23,69.7438,21.08,NA,26.825,38506.2,NA,NA,NA,NA,NA,797.6,NA,10.662500000000001,NA,8.3675,NA,NA,NA,NA,NA,NA,NA,NA,NA
Daily,2017-05-24,70.3625,21.33,NA,26.835,NA,NA,NA,NA,NA,NA,807.2,NA,NA,NA,8.3675,NA,NA,NA,NA,NA,NA,NA,NA,NA
Daily,2017-05-25,70.5875,21.49,NA,26.845,38975,NA,NA,NA,NA,NA,810.4,NA,0.199805,NA,8.3975,NA,NA,NA,NA,NA,NA,NA,NA,NA
Daily,2017-05-26,70.7,21.515,NA,26.97,39087.5,NA,NA,NA,NA,NA,806.4,NA,0.4,NA,8.36,NA,NA,NA,NA,NA,NA,NA,NA,NA
Daily,2017-05-27,70.7,21.515,NA,26.93,39125,NA,NA,NA,NA,NA,808,NA,0.700781,NA,NA,NA,NA,NA,NA,NA,NA,NA,NA,NA
Daily,2017-05-28,70.7,21.51,NA,26.91,39193.7,NA,NA,NA,NA,NA,799.2,NA,0.4,NA,8.1725,NA,NA,NA,NA,NA,NA,NA,NA,NA
Daily,2017-05-29,70.925,21.63,NA,26.93,39293.7,NA,NA,NA,NA,NA,802.4,NA,0.300391,NA,8.235,NA,NA,NA,NA,NA,NA,NA,NA,NA
Daily,2017-05-30,71.0938,21.775,NA,26.995,39437.5,NA,NA,NA,NA,NA,801.6,NA,0.8,NA,8.23,NA,NA,NA,NA,NA,NA,NA,NA,NA
Daily,2017-05-31,71.3187,22,NA,27.1,39681.2,NA,NA,NA,NA,NA,804.8,NA,0.701562,NA,8.2175,NA,NA,NA,NA,NA,NA,NA,NA,NA
Daily,2017-06-01,71.4875,21.9,NA,27.1,39700,NA,NA,NA,NA,NA,807,NA,1,NA,8.2,NA,NA,NA,NA,NA,NA,NA,NA,NA
Daily,2017-06-02,71.4875,21.9,NA,27.2,39900,NA,NA,NA,NA,NA,806,NA,2,NA,8.2,NA,NA,NA,NA,NA,NA,NA,NA,NA
Daily,2017-06-03,72.05,22.2,NA,27.2,40100,NA,NA,NA,NA,NA,807,NA,4,NA,8.2,NA,NA,NA,NA,NA,NA,NA,NA,NA
Daily,2017-06-04,72.6125,22.5,NA,27.2,40400,NA,NA,NA,NA,NA,808,NA,3,NA,8.2,NA,NA,NA,NA,NA,NA,NA,NA,NA
Daily,2017-06-05,72.95,22.7,NA,27.2,40600,NA,NA,NA,NA,NA,811,NA,5,NA,8.2,NA,NA,NA,NA,NA,NA,NA,NA,NA
Daily,2017-06-06,73.2313,22.9,NA,27.3,40800,NA,NA,NA,NA,NA,812,NA,7,NA,8.2,NA,NA,NA,NA,NA,NA,NA,NA,NA
Daily,2017-06-07,73.5688,23.1,NA,27.3,41000,NA,NA,NA,NA,NA,812,NA,4,NA,8.1,NA,NA,NA,NA,NA,NA,NA,NA,NA
Daily,2017-06-08,73.7938,23.2,NA,27.4,41200,NA,NA,NA,NA,NA,806,NA,0,NA,8.2,NA,NA,NA,NA,NA,NA,NA,NA,NA
Daily,2017-06-09,73.9625,23.3,NA,27.4,41300,NA,NA,NA,NA,NA,808,NA,0,NA,8.2,NA,NA,NA,NA,NA,NA,NA,NA,NA
Daily,2017-06-10,73.9625,23.3,NA,27.4,41300,NA,NA,NA,NA,NA,806,NA,0,NA,8.2,NA,NA,NA,NA,NA,NA,NA,NA,NA
Daily,2017-06-11,73.7375,23.2,NA,27.5,41300,NA,NA,NA,NA,NA,807,NA,0,NA,8.2,NA,NA,NA,NA,NA,NA,NA,NA,NA
Daily,2017-06-12,73.5125,23,NA,27.5,41100,NA,NA,NA,NA,NA,804,NA,0,NA,8.2,NA,NA,NA,NA,NA,NA,NA,NA,NA
Daily,2017-06-13,73.2313,22.9,NA,27.5,41000,NA,NA,NA,NA,NA,794,NA,0,NA,8.2,NA,NA,NA,NA,NA,NA,NA,NA,NA
Daily,2017-06-14,73.0625,22.8,NA,27.5,41000,NA,NA,NA,NA,NA,791,NA,1,NA,8.2,NA,NA,NA,NA,NA,NA,NA,NA,NA
Daily,2017-06-15,73.0062,22.8,NA,27.5,41000,NA,NA,NA,NA,NA,790,NA,3,NA,8.2,NA,NA,NA,NA,NA,NA,NA,NA,NA
Daily,2017-06-16,73.0062,22.8,NA,27.5,41000,NA,NA,NA,NA,NA,791,NA,6,NA,8.2,NA,NA,NA,NA,NA,NA,NA,NA,NA
Daily,2017-06-17,73.1188,22.8,NA,27.5,41000,NA,NA,NA,NA,NA,798,NA,12,NA,8.2,NA,NA,NA,NA,NA,NA,NA,NA,NA
Daily,2017-06-18,73.2313,22.9,NA,27.5,41100,NA,NA,NA,NA,NA,800,NA,13,NA,8.2,NA,NA,NA,NA,NA,NA,NA,NA,NA
Daily,2017-06-19,73.625,23.1,NA,27.5,41300,NA,NA,NA,NA,NA,799,NA,13,NA,8.2,NA,NA,NA,NA,NA,NA,NA,NA,NA
Daily,2017-06-20,73.9063,23.3,NA,27.5,41400,NA,NA,NA,NA,NA,801,NA,17,NA,8.1,NA,NA,NA,NA,NA,NA,NA,NA,NA
Daily,2017-06-21,74.2438,23.5,NA,27.6,41700,NA,NA,NA,NA,NA,797,NA,24,NA,8,NA,NA,NA,NA,NA,NA,NA,NA,NA
Daily,2017-06-22,74.5812,23.7,NA,27.6,41900,NA,NA,NA,NA,NA,808,NA,18,NA,8.2,NA,NA,NA,NA,NA,NA,NA,NA,NA
Daily,2017-06-23,74.975,23.8,NA,27.6,42100,NA,NA,NA,NA,NA,811,NA,21,NA,8.2,NA,NA,NA,NA,NA,NA,NA,NA,NA
Daily,2017-06-24,75.2,24,NA,27.7,42200,NA,NA,NA,NA,NA,812,NA,21,NA,8.2,NA,NA,NA,NA,NA,NA,NA,NA,NA
Daily,2017-06-25,75.3125,24.1,NA,27.7,42300,NA,NA,NA,NA,NA,812,NA,22,NA,8.2,NA,NA,NA,NA,NA,NA,NA,NA,NA
Daily,2017-06-26,75.5375,24.2,NA,27.7,42400,NA,NA,NA,NA,NA,812,NA,22,NA,8.2,NA,NA,NA,NA,NA,NA,NA,NA,NA
Daily,2017-06-27,75.7625,24.3,NA,27.9,42800,NA,NA,NA,NA,NA,802,NA,3,NA,8.2,NA,NA,NA,NA,NA,NA,NA,NA,NA
Daily,2017-06-28,75.7062,24.3,NA,27.9,42800,NA,NA,NA,NA,NA,805,NA,2,NA,8.2,NA,NA,NA,NA,NA,NA,NA,NA,NA
Daily,2017-06-29,75.65,24.2,NA,27.9,42700,NA,NA,NA,NA,NA,809,NA,3,NA,8.2,NA,NA,NA,NA,NA,NA,NA,NA,NA
Daily,2017-06-30,75.425,24.1,NA,27.9,42600,NA,NA,NA,NA,NA,808,NA,5,NA,8.2,NA,NA,NA,NA,NA,NA,NA,NA,NA
Daily,2017-07-01,75.1437,24,NA,27.9,42600,NA,NA,NA,NA,NA,805,NA,2,NA,8.2,NA,NA,NA,NA,NA,NA,NA,NA,NA
Daily,2017-07-02,75.1437,23.9,NA,27.9,42600,NA,NA,NA,NA,NA,808,NA,3,NA,8.2,NA,NA,NA,NA,NA,NA,NA,NA,NA
Daily,2017-07-03,75.425,24.1,NA,28,42700,NA,NA,NA,NA,NA,809,NA,7,NA,8.2,NA,NA,NA,NA,NA,NA,NA,NA,NA
Daily,2017-07-04,75.7062,24.3,NA,28,42900,NA,NA,NA,NA,NA,810,NA,13,NA,8.2,NA,NA,NA,NA,NA,NA,NA,NA,NA
Daily,2017-07-05,75.9875,24.4,NA,28,43000,NA,NA,NA,NA,NA,807,NA,16,NA,8.2,NA,NA,NA,NA,NA,NA,NA,NA,NA
Daily,2017-07-06,76.2687,24.6,NA,28,43200,NA,NA,NA,NA,NA,806,NA,15,NA,8.2,NA,NA,NA,NA,NA,NA,NA,NA,NA
Daily,2017-07-07,76.4938,24.7,NA,28,43300,NA,NA,NA,NA,NA,806,NA,19,NA,8.2,NA,NA,NA,NA,NA,NA,NA,NA,NA
Daily,2017-07-08,76.6625,24.8,NA,28,43400,NA,NA,NA,NA,NA,804.5,NA,16,NA,8.2,NA,NA,NA,NA,NA,NA,NA,NA,NA
Daily,2017-07-09,76.775,24.8,NA,28,43400,NA,NA,NA,NA,NA,808,NA,15,NA,8.2,NA,NA,NA,NA,NA,NA,NA,NA,NA
Daily,2017-07-10,76.9438,25,NA,28,43500,NA,NA,NA,NA,NA,797,NA,18,NA,7.9,NA,NA,NA,NA,NA,NA,NA,NA,NA
Daily,2017-07-11,77.1125,25,NA,28,43600,NA,NA,NA,NA,NA,806,NA,24,NA,8.2,NA,NA,NA,NA,NA,NA,NA,NA,NA
Daily,2017-07-12,77.1688,25.1,NA,28,43650,NA,NA,NA,NA,NA,809,NA,22,NA,8.2,NA,NA,NA,NA,NA,NA,NA,NA,NA
Daily,2017-07-13,77.2813,25.1,NA,28,43700,NA,NA,NA,NA,NA,805,NA,0,NA,8.2,NA,NA,NA,NA,NA,NA,NA,NA,NA
Daily,2017-07-14,77.5625,25.3,NA,28.1,43900,NA,NA,NA,NA,NA,806,NA,0,NA,8.2,NA,NA,NA,NA,NA,NA,NA,NA,NA
Daily,2017-07-15,77.5625,25.3,NA,28.1,43900,NA,NA,NA,NA,NA,808,NA,0,NA,8.2,NA,NA,NA,NA,NA,NA,NA,NA,NA
Daily,2017-07-16,77.5063,25.3,NA,28.1,43900,NA,NA,NA,NA,NA,814,NA,0,NA,8.2,NA,NA,NA,NA,NA,NA,NA,NA,NA
Daily,2017-07-17,77.3937,25.2,NA,28.1,43900,NA,NA,NA,NA,NA,812,NA,0,NA,8.2,NA,NA,NA,NA,NA,NA,NA,NA,NA
Daily,2017-07-18,77.3937,25.2,NA,28,43800,NA,NA,NA,NA,NA,813,NA,0,NA,8.2,NA,NA,NA,NA,NA,NA,NA,NA,NA
Daily,2017-07-19,77.3937,25.2,NA,27.9,43600,NA,NA,NA,NA,NA,816,NA,7.5,NA,8.2,NA,NA,NA,NA,NA,NA,NA,NA,NA
Daily,2017-07-20,77.3375,25.2,NA,27.9,43500,NA,NA,NA,NA,NA,809,NA,1,NA,8.2,NA,NA,NA,NA,NA,NA,NA,NA,NA
Daily,2017-07-21,77.45,25.2,NA,27.8,43500,NA,NA,NA,NA,NA,813,NA,2,NA,8.2,NA,NA,NA,NA,NA,NA,NA,NA,NA
Daily,2017-07-22,77.45,25.2,NA,27.4,42900,NA,NA,NA,NA,NA,813,NA,4,NA,8.1,NA,NA,NA,NA,NA,NA,NA,NA,NA
Daily,2017-07-23,77.225,25.1,NA,27,42300,NA,NA,NA,NA,NA,810,NA,9,NA,8.1,NA,NA,NA,NA,NA,NA,NA,NA,NA
Daily,2017-07-24,77,25,NA,26.8,41900,NA,NA,NA,NA,NA,781,NA,7,NA,8.1,NA,NA,NA,NA,NA,NA,NA,NA,NA
Daily,2017-07-25,77.1125,25,NA,26.9,42000,NA,NA,NA,NA,NA,788,NA,2,NA,8.1,NA,NA,NA,NA,NA,NA,NA,NA,NA
Daily,2017-07-26,77.2813,25.1,NA,26.9,42100,NA,NA,NA,NA,NA,808,NA,3,NA,8.1,NA,NA,NA,NA,NA,NA,NA,NA,NA
Daily,2017-07-27,77.3375,25.2,NA,26.9,42200,NA,NA,NA,NA,NA,798,NA,6,NA,7.8,NA,NA,NA,NA,NA,NA,NA,NA,NA
Daily,2017-07-28,77.5625,25.3,NA,27.3,42800,NA,NA,NA,NA,NA,808,NA,1,NA,8.1,NA,NA,NA,NA,NA,NA,NA,NA,NA
Daily,2017-07-29,77.6188,25.3,NA,27.3,42800,NA,NA,NA,NA,NA,808,NA,2,NA,8.1,NA,NA,NA,NA,NA,NA,NA,NA,NA
Daily,2017-07-30,77.3375,25.2,NA,27.3,42700,NA,NA,NA,NA,NA,809,NA,6,NA,8,NA,NA,NA,NA,NA,NA,NA,NA,NA
Daily,2017-07-31,77.2813,25.1,NA,27.3,42700,NA,NA,NA,NA,NA,811.5,NA,4,NA,8.1,NA,NA,NA,NA,NA,NA,NA,NA,NA
Daily,2017-08-01,77.3375,25.2,NA,27.4,42800,NA,NA,NA,NA,NA,810,NA,4,NA,8.1,NA,NA,NA,NA,NA,NA,NA,NA,NA
Daily,2017-08-02,77.225,25.1,NA,27.5,42900,NA,NA,NA,NA,NA,810,NA,10,NA,8.1,NA,NA,NA,NA,NA,NA,NA,NA,NA
Daily,2017-08-03,77.1125,25,NA,27.5,42900,NA,NA,NA,NA,NA,807,NA,5,NA,8.1,NA,NA,NA,NA,NA,NA,NA,NA,NA
Daily,2017-08-04,77.1688,25.1,NA,27.5,42900,NA,NA,NA,NA,NA,806,NA,0,NA,8.1,NA,NA,NA,NA,NA,NA,NA,NA,NA
Daily,2017-08-05,77.45,25.2,NA,27.5,43100,NA,NA,NA,NA,NA,807,NA,1,NA,8.1,NA,NA,NA,NA,NA,NA,NA,NA,NA
Daily,2017-08-06,77.6188,25.3,NA,27.7,43400,NA,NA,NA,NA,NA,804,NA,1,NA,8.1,NA,NA,NA,NA,NA,NA,NA,NA,NA
Daily,2017-08-07,77.6188,25.4,NA,27.7,43400,NA,NA,NA,NA,NA,804,NA,2,NA,8.1,NA,NA,NA,NA,NA,NA,NA,NA,NA
Daily,2017-08-08,77.5063,25.3,NA,27.8,43500,NA,NA,NA,NA,NA,805,NA,2,NA,8.1,NA,NA,NA,NA,NA,NA,NA,NA,NA
Daily,2017-08-09,77.45,25.2,NA,27.8,43500,NA,NA,NA,NA,NA,803,NA,4,NA,8.1,NA,NA,NA,NA,NA,NA,NA,NA,NA
Daily,2017-08-10,77.45,25.2,NA,27.8,43500,NA,NA,NA,NA,NA,800,NA,6,NA,8.2,NA,NA,NA,NA,NA,NA,NA,NA,NA
Daily,2017-08-11,77.45,25.2,NA,27.8,43500,NA,NA,NA,NA,NA,803,NA,8,NA,8.2,NA,NA,NA,NA,NA,NA,NA,NA,NA
Daily,2017-08-12,77.7875,25.4,NA,27.8,43700,NA,NA,NA,NA,NA,805,NA,9,NA,8.1,NA,NA,NA,NA,NA,NA,NA,NA,NA
Daily,2017-08-13,77.7875,25.4,NA,28.5,44700,NA,NA,NA,NA,NA,800,NA,9,NA,8,NA,NA,NA,NA,NA,NA,NA,NA,NA
Daily,2017-08-14,77.9562,25.5,NA,28.5,44800,NA,NA,NA,NA,NA,806,NA,9,NA,8.1,NA,NA,NA,NA,NA,NA,NA,NA,NA
Daily,2017-08-15,77.9562,25.5,NA,29.4,45800,NA,NA,NA,NA,NA,805,NA,0,NA,8.1,NA,NA,NA,NA,NA,NA,NA,NA,NA
Daily,2017-08-16,77.7313,25.4,NA,29.3,45700,NA,NA,NA,NA,NA,804,NA,0,NA,8.1,NA,NA,NA,NA,NA,NA,NA,NA,NA
Daily,2017-08-17,77.5625,25.3,NA,29.3,45600,NA,NA,NA,NA,NA,804,NA,0,NA,8.1,NA,NA,NA,NA,NA,NA,NA,NA,NA
Daily,2017-08-18,77.3375,25.2,NA,29.3,45500,NA,NA,NA,NA,NA,803,NA,0,NA,8.1,NA,NA,NA,NA,NA,NA,NA,NA,NA
Daily,2017-08-19,77.0563,25,NA,29.3,45400,NA,NA,NA,NA,NA,801,NA,0,NA,8.1,NA,NA,NA,NA,NA,NA,NA,NA,NA
Daily,2017-08-20,76.7188,24.8,NA,29.3,45200,NA,NA,NA,NA,NA,802,NA,0,NA,8.1,NA,NA,NA,NA,NA,NA,NA,NA,NA
Daily,2017-08-21,76.55,24.7,NA,29.3,45100,NA,NA,NA,NA,NA,803,NA,0,NA,8.1,NA,NA,NA,NA,NA,NA,NA,NA,NA
Daily,2017-08-22,76.6625,24.8,NA,29.3,45200,NA,NA,NA,NA,NA,799,NA,0,NA,8.1,NA,NA,NA,NA,NA,NA,NA,NA,NA
Daily,2017-08-23,76.9438,25,NA,29.2,45200,NA,NA,NA,NA,NA,797,NA,0,NA,8.1,NA,NA,NA,NA,NA,NA,NA,NA,NA
Daily,2017-08-24,76.8312,24.9,NA,29.2,45200,NA,NA,NA,NA,NA,794,NA,0,NA,7.8,NA,NA,NA,NA,NA,NA,NA,NA,NA
Daily,2017-08-25,76.8312,24.9,NA,29.2,45200,NA,NA,NA,NA,NA,800,NA,2,NA,7.9,NA,NA,NA,NA,NA,NA,NA,NA,NA
Daily,2017-08-26,76.9438,24.9,NA,29.2,45300,NA,NA,NA,NA,NA,801,NA,5,NA,8.1,NA,NA,NA,NA,NA,NA,NA,NA,NA
Daily,2017-08-27,77.1125,25,NA,29.3,45400,NA,NA,NA,NA,NA,802,NA,1,NA,8,NA,NA,NA,NA,NA,NA,NA,NA,NA
Daily,2017-08-28,77.1688,25.1,NA,29.3,45400,NA,NA,NA,NA,NA,801,NA,1,NA,8,NA,NA,NA,NA,NA,NA,NA,NA,NA
Daily,2017-08-29,77.1688,25.1,NA,29.3,45400,NA,NA,NA,NA,NA,794,NA,1,NA,7.7,NA,NA,NA,NA,NA,NA,NA,NA,NA
Daily,2017-08-30,77.1125,25.1,NA,29.3,45400,NA,NA,NA,NA,NA,799,NA,1,NA,8,NA,NA,NA,NA,NA,NA,NA,NA,NA
Daily,2017-08-31,76.8312,24.9,NA,29.3,45300,NA,NA,NA,NA,NA,801,NA,1,NA,8,NA,NA,NA,NA,NA,NA,NA,NA,NA
Daily,2017-09-01,76.4375,24.7,NA,29.3,45100,NA,NA,NA,NA,NA,797,NA,1,NA,8,NA,NA,NA,NA,NA,NA,NA,NA,NA
Daily,2017-09-02,76.0438,24.5,NA,29.3,45000,NA,NA,NA,NA,NA,797,NA,1,NA,8,NA,NA,NA,NA,NA,NA,NA,NA,NA
Daily,2017-09-03,76.0438,24.5,NA,29.3,45000,NA,NA,NA,NA,NA,794,NA,2,NA,8,NA,NA,NA,NA,NA,NA,NA,NA,NA
Daily,2017-09-04,76.2125,24.6,NA,29.3,45000,NA,NA,NA,NA,NA,796,NA,3,NA,8,NA,NA,NA,NA,NA,NA,NA,NA,NA
Daily,2017-09-05,76.3813,24.6,NA,29.3,45100,NA,NA,NA,NA,NA,797,NA,2,NA,8,NA,NA,NA,NA,NA,NA,NA,NA,NA
Daily,2017-09-06,76.325,24.6,NA,29.3,45100,NA,NA,NA,NA,NA,798,NA,2,NA,7.9,NA,NA,NA,NA,NA,NA,NA,NA,NA
Daily,2017-09-07,76.2687,24.6,NA,29.3,45100,NA,NA,NA,NA,NA,798,NA,3,NA,8,NA,NA,NA,NA,NA,NA,NA,NA,NA
Daily,2017-09-08,76.1563,24.5,NA,29.4,45000,NA,NA,NA,NA,NA,776,NA,6,NA,7.9,NA,NA,NA,NA,NA,NA,NA,NA,NA
Daily,2017-09-09,76.0438,24.5,NA,29.4,45000,NA,NA,NA,NA,NA,801,NA,8.5,NA,8,NA,NA,NA,NA,NA,NA,NA,NA,NA
Daily,2017-09-10,76.0438,24.5,NA,29.4,45000,NA,NA,NA,NA,NA,804,NA,5,NA,8,NA,NA,NA,NA,NA,NA,NA,NA,NA
Daily,2017-09-11,76.0438,24.5,NA,29.4,45000,NA,NA,NA,NA,NA,805,NA,3,NA,8,NA,NA,NA,NA,NA,NA,NA,NA,NA
Daily,2017-09-12,76.1,24.5,NA,29.4,45000,NA,NA,NA,NA,NA,808,NA,5,NA,8,NA,NA,NA,NA,NA,NA,NA,NA,NA
Daily,2017-09-13,76.2125,24.5,NA,29.4,45100,NA,NA,NA,NA,NA,811,NA,5,NA,8,NA,NA,NA,NA,NA,NA,NA,NA,NA
Daily,2017-09-14,76.325,24.6,NA,29.3,45100,NA,NA,NA,NA,NA,808,NA,4,NA,7.9,NA,NA,NA,NA,NA,NA,NA,NA,NA
Daily,2017-09-15,76.1563,24.5,NA,29.4,45100,NA,NA,NA,NA,NA,799,NA,0,NA,7.6,NA,NA,NA,NA,NA,NA,NA,NA,NA
Daily,2017-09-16,76.0438,24.5,NA,29.4,45000,NA,NA,NA,NA,NA,790,NA,0,NA,7.5,NA,NA,NA,NA,NA,NA,NA,NA,NA
Daily,2017-09-17,75.875,24.4,NA,29.5,45000,NA,NA,NA,NA,NA,791,NA,0,NA,7.5,NA,NA,NA,NA,NA,NA,NA,NA,NA
Daily,2017-09-18,75.5938,24.2,NA,29.5,44900,NA,NA,NA,NA,NA,794,NA,0,NA,7.5,NA,NA,NA,NA,NA,NA,NA,NA,NA
Daily,2017-09-19,75.3688,24.1,NA,29.5,44800,NA,NA,NA,NA,NA,798,NA,0,NA,7.6,NA,NA,NA,NA,NA,NA,NA,NA,NA
Daily,2017-09-20,75.2563,24,NA,29.5,44800,NA,NA,NA,NA,NA,795,NA,0,NA,7.6,NA,NA,NA,NA,NA,NA,NA,NA,NA
Daily,2017-09-21,75.1437,24,NA,29.5,44800,NA,NA,NA,NA,NA,787,NA,0,NA,7.7,NA,NA,NA,NA,NA,NA,NA,NA,NA
Daily,2017-09-22,74.975,23.9,NA,29.5,44700,NA,NA,NA,NA,NA,794,NA,0,NA,7.6,NA,NA,NA,NA,NA,NA,NA,NA,NA
Daily,2017-09-23,74.5812,23.7,NA,29.5,44500,NA,NA,NA,NA,NA,801,NA,0,NA,7.6,NA,NA,NA,NA,NA,NA,NA,NA,NA
Daily,2017-09-24,73.85,23.2,NA,29.6,44200,NA,NA,NA,NA,NA,800,NA,0,NA,7.7,NA,NA,NA,NA,NA,NA,NA,NA,NA
Daily,2017-09-25,73.175,22.9,NA,29.6,43900,NA,NA,NA,NA,NA,799,NA,0,NA,7.7,NA,NA,NA,NA,NA,NA,NA,NA,NA
Daily,2017-09-26,72.6125,22.6,NA,29.6,43600,NA,NA,NA,NA,NA,797,NA,0,NA,7.7,NA,NA,NA,NA,NA,NA,NA,NA,NA
Daily,2017-09-27,72.1625,22.3,NA,29.6,43300,NA,NA,NA,NA,NA,795,NA,0,NA,7.7,NA,NA,NA,NA,NA,NA,NA,NA,NA
Daily,2017-09-28,71.9938,22.2,NA,29.7,43500,NA,NA,NA,NA,NA,794,NA,0,NA,7.7,NA,NA,NA,NA,NA,NA,NA,NA,NA
Daily,2017-09-29,72.1063,22.3,NA,29.9,43800,NA,NA,NA,NA,NA,794,NA,0,NA,7.7,NA,NA,NA,NA,NA,NA,NA,NA,NA
Daily,2017-09-30,72.3875,22.4,NA,29.9,43900,NA,NA,NA,NA,NA,798,NA,0,NA,7.7,NA,NA,NA,NA,NA,NA,NA,NA,NA
Daily,2017-10-01,72.3875,22.4,NA,30,44000,NA,NA,NA,NA,NA,795,NA,0,NA,7.8,NA,NA,NA,NA,NA,NA,NA,NA,NA
Daily,2017-10-02,72.1625,22.3,NA,30,43900,NA,NA,NA,NA,NA,791,NA,0,NA,7.6,NA,NA,NA,NA,NA,NA,NA,NA,NA
Daily,2017-10-03,71.9938,22.2,NA,30.1,43800,NA,NA,NA,NA,NA,789,NA,0,NA,7.6,NA,NA,NA,NA,NA,NA,NA,NA,NA
Daily,2017-10-04,71.9375,22.2,NA,30.1,43900,NA,NA,NA,NA,NA,795,NA,0,NA,7.8,NA,NA,NA,NA,NA,NA,NA,NA,NA
Daily,2017-10-05,72.2188,22.3,NA,30,44000,NA,NA,NA,NA,NA,801,NA,0,NA,7.8,NA,NA,NA,NA,NA,NA,NA,NA,NA
Daily,2017-10-06,72.275,22.4,NA,29.9,43900,NA,NA,NA,NA,NA,800,NA,0,NA,7.7,NA,NA,NA,NA,NA,NA,NA,NA,NA
Daily,2017-10-07,71.9375,22.2,NA,30,43700,NA,NA,NA,NA,NA,793,NA,0,NA,7.7,NA,NA,NA,NA,NA,NA,NA,NA,NA
Daily,2017-10-08,71.6,22,NA,30,43600,NA,NA,NA,NA,NA,788,NA,0,NA,7.7,NA,NA,NA,NA,NA,NA,NA,NA,NA
Daily,2017-10-09,71.3187,21.8,NA,30,43500,NA,NA,NA,NA,NA,781,NA,0,NA,7.8,NA,NA,NA,NA,NA,NA,NA,NA,NA
Daily,2017-10-10,70.9813,21.6,NA,30,43200,NA,NA,NA,NA,NA,797,NA,0,NA,7.8,NA,NA,NA,NA,NA,NA,NA,NA,NA
Daily,2017-10-11,70.8688,21.6,NA,29.8,42900,NA,NA,NA,NA,NA,803,NA,0,NA,7.8,NA,NA,NA,NA,NA,NA,NA,NA,NA
Daily,2017-10-12,70.8688,21.6,NA,29.7,42800,NA,NA,NA,NA,NA,802,NA,0,NA,7.8,NA,NA,NA,NA,NA,NA,NA,NA,NA
Daily,2017-10-13,70.7562,21.5,NA,29.7,42800,NA,NA,NA,NA,NA,801,NA,0,NA,7.8,NA,NA,NA,NA,NA,NA,NA,NA,NA
Daily,2017-10-14,70.6438,21.5,NA,30,43200,NA,NA,NA,NA,NA,799,NA,0,NA,7.8,NA,NA,NA,NA,NA,NA,NA,NA,NA
Daily,2017-10-15,70.5313,21.4,NA,30.5,43600,NA,NA,NA,NA,NA,802,NA,0,NA,7.8,NA,NA,NA,NA,NA,NA,NA,NA,NA
Daily,2017-10-16,70.5875,21.4,NA,30.4,43700,NA,NA,NA,NA,NA,797,NA,0,NA,7.8,NA,NA,NA,NA,NA,NA,NA,NA,NA
Daily,2017-10-17,70.7,21.5,NA,30.6,NA,NA,NA,NA,NA,NA,766,NA,0,NA,8.1,NA,NA,NA,NA,NA,NA,NA,NA,NA
Daily,2017-10-18,70.7,21.5,NA,30.6,43900,NA,NA,NA,NA,NA,784,NA,0,NA,8.1,NA,NA,NA,NA,NA,NA,NA,NA,NA
Daily,2017-10-19,70.7,21.5,NA,30.6,43900,NA,NA,NA,NA,NA,785,NA,0,NA,8.1,NA,NA,NA,NA,NA,NA,NA,NA,NA
Daily,2017-10-20,70.7562,21.5,NA,30.6,44000,NA,NA,NA,NA,NA,788,NA,0,NA,8.1,NA,NA,NA,NA,NA,NA,NA,NA,NA
Daily,2017-10-21,70.5875,21.4,NA,30.6,43900,NA,NA,NA,NA,NA,784,NA,0,NA,8.1,NA,NA,NA,NA,NA,NA,NA,NA,NA
Daily,2017-10-22,70.3063,21.3,NA,30.6,43700,NA,NA,NA,NA,NA,790,NA,0,NA,8.1,NA,NA,NA,NA,NA,NA,NA,NA,NA
Daily,2017-10-23,70.1375,21.2,NA,30.6,43600,NA,NA,NA,NA,NA,793,NA,1,NA,8.1,NA,NA,NA,NA,NA,NA,NA,NA,NA
Daily,2017-10-24,70.025,21.1,NA,30.6,NA,NA,NA,NA,NA,NA,791,NA,0,NA,8.1,NA,NA,NA,NA,NA,NA,NA,NA,NA
Daily,2017-10-25,70.025,21.1,NA,30.2,43100,NA,NA,NA,NA,NA,795,NA,0,NA,8.1,NA,NA,NA,NA,NA,NA,NA,NA,NA
Daily,2017-10-26,69.9688,21.1,NA,29.3,NA,NA,NA,NA,NA,NA,505,NA,0,NA,8.5,NA,NA,NA,NA,NA,NA,NA,NA,NA
Daily,2017-10-27,69.6875,20.9,NA,29.3,41700,NA,NA,NA,NA,NA,583,NA,0,NA,8.5,NA,NA,NA,NA,NA,NA,NA,NA,NA
Daily,2017-10-28,69.4063,20.8,NA,29.3,41600,NA,NA,NA,NA,NA,658,NA,0,NA,8.5,NA,NA,NA,NA,NA,NA,NA,NA,NA
Daily,2017-10-29,69.2375,20.7,NA,29.3,41500,NA,NA,NA,NA,NA,680,NA,0,NA,8.6,NA,NA,NA,NA,NA,NA,NA,NA,NA
Daily,2017-10-30,68.9,20.5,NA,29.3,41300,NA,NA,NA,NA,NA,711,NA,0,NA,8.5,NA,NA,NA,NA,NA,NA,NA,NA,NA
Daily,2017-10-31,68.6188,20.3,NA,29.3,41200,NA,NA,NA,NA,NA,718,NA,0,NA,8.6,NA,NA,NA,NA,NA,NA,NA,NA,NA
Daily,2017-11-01,68.3938,20.2,NA,29.3,41100,NA,NA,NA,NA,NA,728,NA,0,NA,8.6,NA,NA,NA,NA,NA,NA,NA,NA,NA
Daily,2017-11-02,68.2813,20.2,NA,29.3,41000,NA,NA,NA,NA,NA,730,NA,0,NA,8.5,NA,NA,NA,NA,NA,NA,NA,NA,NA
Daily,2017-11-03,68.5062,20.3,NA,29.3,41100,NA,NA,NA,NA,NA,741,NA,0,NA,8.6,NA,NA,NA,NA,NA,NA,NA,NA,NA
Daily,2017-11-04,69.125,20.6,NA,29.3,41400,NA,NA,NA,NA,NA,748,NA,0,NA,8.7,NA,NA,NA,NA,NA,NA,NA,NA,NA
Daily,2017-11-05,69.8563,21,NA,29.3,41800,NA,NA,NA,NA,NA,752,NA,0,NA,8.7,NA,NA,NA,NA,NA,NA,NA,NA,NA
Daily,2017-11-06,70.4188,21.3,NA,29.3,42000,NA,NA,NA,NA,NA,757,NA,0,NA,8.7,NA,NA,NA,NA,NA,NA,NA,NA,NA
Daily,2017-11-07,70.475,21.3,NA,29.4,42200,NA,NA,NA,NA,NA,749,NA,0,NA,8.8,NA,NA,NA,NA,NA,NA,NA,NA,NA
Daily,2017-11-08,70.8125,21.5,NA,29.4,42400,NA,NA,NA,NA,NA,750,NA,0,NA,8.8,NA,NA,NA,NA,NA,NA,NA,NA,NA
Daily,2017-11-09,71.2063,21.7,NA,29.4,42600,NA,NA,NA,NA,NA,760,NA,0,NA,8.8,NA,NA,NA,NA,NA,NA,NA,NA,NA
Daily,2017-11-10,71.4313,21.9,NA,29.4,42800,NA,NA,NA,NA,NA,763,NA,0,NA,8.7,NA,NA,NA,NA,NA,NA,NA,NA,NA
Daily,2017-11-11,71.8812,22.1,NA,29.4,43000,NA,NA,NA,NA,NA,768,NA,0,NA,8.8,NA,NA,NA,NA,NA,NA,NA,NA,NA
Daily,2017-11-12,72.4437,22.4,NA,29.4,43200,NA,NA,NA,NA,NA,766,NA,0,NA,8.8,NA,NA,NA,NA,NA,NA,NA,NA,NA
Daily,2017-11-13,72.8938,22.7,NA,29.4,43500,NA,NA,NA,NA,NA,767,NA,0,NA,8.7,NA,NA,NA,NA,NA,NA,NA,NA,NA
Daily,2017-11-14,73.0625,22.8,NA,29.4,43600,NA,NA,NA,NA,NA,767,NA,0,NA,8.7,NA,NA,NA,NA,NA,NA,NA,NA,NA
Daily,2017-11-15,73.0625,22.8,NA,29.6,43700,NA,NA,NA,NA,NA,764,NA,0,NA,8.8,NA,NA,NA,NA,NA,NA,NA,NA,NA
Daily,2017-11-16,73.1188,22.8,NA,29.6,43700,NA,NA,NA,NA,NA,770,NA,0,NA,8.8,NA,NA,NA,NA,NA,NA,NA,NA,NA
Daily,2017-11-17,73.2313,22.9,NA,29.5,43800,NA,NA,NA,NA,NA,773,NA,0,NA,8.8,NA,NA,NA,NA,NA,NA,NA,NA,NA
Daily,2017-11-18,73.4563,22.9,NA,29.5,43800,NA,NA,NA,NA,NA,778,NA,0,NA,8.8,NA,NA,NA,NA,NA,NA,NA,NA,NA
Daily,2017-11-19,73.4,22.9,NA,29.5,43800,NA,NA,NA,NA,NA,780,NA,0,NA,8.8,NA,NA,NA,NA,NA,NA,NA,NA,NA
Daily,2017-11-20,73.175,22.8,NA,29.5,43700,NA,NA,NA,NA,NA,766,NA,0,NA,8.8,NA,NA,NA,NA,NA,NA,NA,NA,NA
Daily,2017-11-21,73.0625,22.8,NA,NA,43600,NA,NA,NA,NA,NA,500,NA,0,NA,8.4,NA,NA,NA,NA,NA,NA,NA,NA,NA
Daily,2017-11-22,73.0625,22.8,NA,30.6,45100,NA,NA,NA,NA,NA,603,NA,0,NA,8.4,NA,NA,NA,NA,NA,NA,NA,NA,NA
Daily,2017-11-23,73.175,22.9,NA,30.6,45200,NA,NA,NA,NA,NA,668.5,NA,0,NA,8.4,NA,NA,NA,NA,NA,NA,NA,NA,NA
Daily,2017-11-24,73.3438,23,NA,30.6,45200,NA,NA,NA,NA,NA,701,NA,0,NA,8.4,NA,NA,NA,NA,NA,NA,NA,NA,NA
Daily,2017-11-25,73.2875,22.9,NA,30.6,45200,NA,NA,NA,NA,NA,703,NA,0,NA,8.4,NA,NA,NA,NA,NA,NA,NA,NA,NA
Daily,2017-11-26,73.0625,22.8,NA,30.6,45100,NA,NA,NA,NA,NA,744.5,NA,0,NA,8.4,NA,NA,NA,NA,NA,NA,NA,NA,NA
Daily,2017-11-27,72.95,22.7,NA,30.5,45000,NA,NA,NA,NA,NA,753,NA,0,NA,8.4,NA,NA,NA,NA,NA,NA,NA,NA,NA
Daily,2017-11-28,72.8938,22.7,NA,30.5,44900,NA,NA,NA,NA,NA,756,NA,0,NA,8.4,NA,NA,NA,NA,NA,NA,NA,NA,NA
Daily,2017-11-29,72.7813,22.6,NA,30.5,44900,NA,NA,NA,NA,NA,758,NA,0,NA,8.3,NA,NA,NA,NA,NA,NA,NA,NA,NA
Daily,2017-11-30,72.6125,22.5,NA,30.5,44800,NA,NA,NA,NA,NA,758,NA,0,NA,8.4,NA,NA,NA,NA,NA,NA,NA,NA,NA
Daily,2017-12-01,72.58439999999999,22.5,NA,30.5,44800,NA,NA,NA,NA,NA,749.5,NA,0,NA,8.4,NA,NA,0.7,1.4,NA,NA,NA,NA,NA
Daily,2017-12-02,72.47185,22.45,NA,30.5,44700,NA,NA,NA,NA,NA,758.5,NA,0,NA,8.25,NA,NA,NA,NA,NA,NA,NA,NA,NA
Daily,2017-12-03,72.3313,22.4,NA,30.5,44700,NA,NA,NA,NA,NA,757.5,NA,0,NA,8.3,NA,NA,NA,NA,NA,NA,NA,NA,NA
Daily,2017-12-04,72.3875,22.4,NA,30.5,44700,NA,NA,NA,NA,NA,760,NA,0,NA,8.3,NA,NA,NA,NA,NA,NA,NA,NA,NA
Daily,2017-12-05,71.9938,22.15,NA,30.5,44450,NA,NA,NA,NA,NA,762,NA,0,NA,8.3,NA,NA,NA,NA,NA,NA,NA,NA,NA
Daily,2017-12-06,71.8812,22.1,NA,30.5,44400,NA,NA,NA,NA,NA,738,NA,0,NA,8.4,NA,NA,NA,NA,NA,NA,NA,NA,NA
Daily,2017-12-07,71.7688,22,NA,30.6,44400,NA,NA,NA,NA,NA,733.5,NA,0,NA,8.4,0,0.04,0.9,1.5,NA,NA,NA,NA,NA
Daily,2017-12-08,71.375,21.85,NA,30.6,44250,NA,NA,NA,NA,NA,742,NA,0,NA,8.4,NA,NA,NA,NA,NA,NA,NA,NA,NA
Daily,2017-12-09,71.34685,21.85,NA,30.6,44250,NA,NA,NA,NA,NA,728.5,NA,0,NA,8.3,NA,NA,NA,NA,NA,NA,NA,NA,NA
Daily,2017-12-10,71.375,21.85,NA,30.6,44250,NA,NA,NA,NA,NA,740,NA,0,NA,8.4,NA,NA,NA,NA,NA,NA,NA,NA,NA
Daily,2017-12-11,71.12190000000001,21.7,NA,30.6,44100,NA,NA,NA,NA,NA,744,NA,0,NA,8.3,NA,NA,NA,NA,NA,NA,NA,NA,NA
Daily,2017-12-12,71.2625,21.7,NA,30.5,44100,NA,NA,NA,NA,NA,756,NA,0,NA,8.4,NA,NA,NA,NA,NA,NA,NA,NA,NA
Daily,2017-12-13,71.375,21.799999999999997,NA,30.7,44400,NA,NA,NA,NA,NA,763,NA,0,NA,8.4,NA,NA,NA,NA,NA,NA,NA,NA,NA
Daily,2017-12-14,71.76875,22.05,NA,30.7,44600,NA,NA,NA,NA,NA,751.5,NA,0,NA,8.4,NA,NA,NA,NA,NA,NA,NA,NA,NA
Daily,2017-12-15,72.05,22.2,NA,31,45150,NA,NA,NA,NA,NA,747.5,NA,0,NA,8.4,0,0.05,1,1.7,NA,NA,NA,NA,NA
Daily,2017-12-16,72.1063,22.2,NA,31,45200,NA,NA,NA,NA,NA,757,NA,0,NA,8.4,NA,NA,NA,NA,NA,NA,NA,NA,NA
Daily,2017-12-17,72.6125,22.6,NA,31,45400,NA,NA,NA,NA,NA,751,NA,0,NA,8.3,NA,NA,NA,NA,NA,NA,NA,NA,NA
Daily,2017-12-18,73.6813,23.2,NA,30.9,45900,NA,NA,NA,NA,NA,753,NA,0,NA,8.4,NA,NA,NA,NA,NA,NA,NA,NA,NA
Daily,2017-12-19,74.1875,23.5,NA,29.8,NA,NA,NA,NA,NA,NA,482,NA,0,NA,8.6,NA,NA,NA,NA,NA,NA,NA,NA,NA
Daily,2017-12-20,74.8063,23.8,NA,29.8,44900,NA,NA,NA,NA,NA,615.5,NA,0,NA,8.7,NA,NA,NA,NA,NA,NA,NA,NA,NA
Daily,2017-12-21,75.1437,23.9,NA,29.9,45100,NA,NA,NA,NA,NA,665,NA,0,NA,8.6,0,0.06,1,1.3,NA,NA,NA,NA,NA
Daily,2017-12-22,76.6625,24.7,NA,30,46100,NA,NA,NA,NA,NA,692,NA,0,NA,8.6,NA,NA,NA,NA,NA,NA,NA,NA,NA
Daily,2017-12-23,77.9,25.5,NA,30,46800,NA,NA,NA,NA,NA,715,NA,0,NA,8.7,NA,NA,NA,NA,NA,NA,NA,NA,NA
Daily,2017-12-24,77.8438,25.4,NA,30,46800,NA,NA,NA,NA,NA,728,NA,0,NA,8.6,NA,NA,NA,NA,NA,NA,NA,NA,NA
Daily,2017-12-25,77.1688,25.1,NA,30,46400,NA,NA,NA,NA,NA,731,NA,0,NA,8.6,NA,NA,NA,NA,NA,NA,NA,NA,NA
Daily,2017-12-26,76.775,24.9,NA,30,46200,NA,NA,NA,NA,NA,724,NA,0,NA,8.6,NA,NA,NA,NA,NA,NA,NA,NA,NA
Daily,2017-12-27,76.775,24.8,NA,30,46200,NA,NA,NA,NA,NA,736,NA,0,NA,8.5,NA,NA,NA,NA,NA,NA,NA,NA,NA
Daily,2017-12-28,76.55,24.7,NA,30,46100,NA,NA,NA,NA,NA,744,NA,0,NA,8.6,0,0.05,0.8,1.5,NA,NA,NA,NA,NA
Daily,2017-12-29,76.0438,24.5,NA,30,46000,NA,NA,NA,NA,NA,737,NA,0,NA,8.5,NA,NA,NA,NA,NA,NA,NA,NA,NA
Daily,2017-12-30,76.1,24.5,NA,30.2,46100,NA,NA,NA,NA,NA,735,NA,0,NA,8.4,NA,NA,NA,NA,NA,NA,NA,NA,NA
Daily,2017-12-31,76.325,24.6,NA,30.2,46200,NA,NA,NA,NA,NA,750,NA,0,NA,8.6,NA,NA,NA,NA,NA,NA,NA,NA,NA
Daily,2018-01-01,76.4938,24.7,NA,30.2,46300,NA,NA,NA,NA,NA,757,NA,0,NA,8.6,NA,NA,NA,NA,NA,NA,NA,NA,NA
Daily,2018-01-02,76.7188,24.8,NA,30.2,46500,NA,NA,NA,NA,NA,743,NA,0,NA,8.5,NA,NA,NA,NA,NA,NA,NA,NA,NA
Daily,2018-01-03,76.7188,24.8,NA,30.3,46600,NA,NA,NA,NA,NA,754,NA,0,NA,8.5,0,0.08,1.2,2,NA,NA,NA,NA,NA
Daily,2018-01-04,76.7188,24.8,NA,30.3,46500,NA,NA,NA,NA,NA,756,NA,0,NA,8.5,NA,NA,NA,NA,NA,NA,NA,NA,NA
Daily,2018-01-05,76.6625,24.8,NA,30.3,46500,NA,NA,NA,NA,NA,740.5,NA,0,NA,8.2,NA,NA,NA,NA,NA,NA,NA,NA,NA
Daily,2018-01-06,76.6063,24.7,NA,30.3,46500,NA,NA,NA,NA,NA,756,NA,0,NA,8.5,NA,NA,NA,NA,NA,NA,NA,NA,NA
Daily,2018-01-07,76.775,24.8,NA,30.2,46500,NA,NA,NA,NA,NA,761,NA,0,NA,8.5,NA,NA,NA,NA,NA,NA,NA,NA,NA
Daily,2018-01-08,76.55,24.7,NA,30.3,46400,NA,NA,NA,NA,NA,764,NA,0,NA,8.5,NA,NA,NA,NA,NA,NA,NA,NA,NA
Daily,2018-01-09,76.55,24.7,NA,30.3,46500,NA,NA,NA,NA,NA,759,NA,0,NA,8.6,NA,NA,NA,NA,NA,NA,NA,NA,NA
Daily,2018-01-10,76.6625,24.8,NA,30.4,46700,NA,NA,NA,NA,NA,754,NA,0,NA,8.5,NA,NA,NA,NA,NA,NA,NA,NA,NA
Daily,2018-01-11,76.775,24.9,NA,30.4,46700,NA,NA,NA,NA,NA,729,NA,0,NA,8.5,NA,NA,NA,NA,NA,NA,NA,NA,NA
Daily,2018-01-12,76.6063,24.7,NA,30.4,46700,NA,NA,NA,NA,NA,734,NA,0,NA,8.5,0,0.09,1.1,2.5,NA,NA,NA,NA,NA
Daily,2018-01-13,76.6625,24.8,NA,30.5,46700,NA,NA,NA,NA,NA,739,NA,0,NA,8.4,NA,NA,NA,NA,NA,NA,NA,NA,NA
Daily,2018-01-14,76.8312,24.9,NA,30.4,46900,NA,NA,NA,NA,NA,743,NA,0,NA,8.4,NA,NA,NA,NA,NA,NA,NA,NA,NA
Daily,2018-01-15,77.225,25.1,NA,30.4,47000,NA,NA,NA,NA,NA,755,NA,0,NA,8.4,NA,NA,NA,NA,NA,NA,NA,NA,NA
Daily,2018-01-16,77.0563,25,NA,30.5,47000,NA,NA,NA,NA,NA,739,NA,0,NA,8.5,NA,NA,NA,NA,NA,NA,NA,NA,NA
Daily,2018-01-17,77.0563,25,NA,31,47600,NA,NA,NA,NA,NA,729.5,NA,0,NA,8.7,NA,NA,NA,NA,NA,NA,NA,NA,NA
Daily,2018-01-18,77.1688,25.1,NA,31.1,47800,NA,NA,NA,NA,NA,762,NA,0,NA,8.7,NA,NA,NA,NA,NA,NA,NA,NA,NA
Daily,2018-01-19,76.6625,24.8,NA,31.1,47600,NA,NA,NA,NA,NA,780,NA,0,NA,8.6,0,0.05,1,1.5,NA,NA,NA,NA,NA
Daily,2018-01-20,76.325,24.6,NA,31.1,47400,NA,NA,NA,NA,NA,781,NA,0,NA,8.7,NA,NA,NA,NA,NA,NA,NA,NA,NA
Daily,2018-01-21,76.2687,24.6,NA,31.1,47400,NA,NA,NA,NA,NA,780,NA,0,NA,8.7,NA,NA,NA,NA,NA,NA,NA,NA,NA
Daily,2018-01-22,77.0563,25,NA,31.1,47800,NA,NA,NA,NA,NA,781,NA,0,NA,8.7,NA,NA,NA,NA,NA,NA,NA,NA,NA
Daily,2018-01-23,78.0688,25.6,NA,31,48300,NA,NA,NA,NA,NA,783,NA,0,NA,8.7,NA,NA,NA,NA,NA,NA,NA,NA,NA
Daily,2018-01-24,77.7875,25.4,NA,31,48200,NA,NA,NA,NA,NA,788,NA,0,NA,8.7,NA,NA,NA,NA,NA,NA,NA,NA,NA
Daily,2018-01-25,77.5063,25.3,NA,31,48000,NA,NA,NA,NA,NA,763,NA,0,NA,8.4,0,0.12,1.2,1.8,NA,NA,NA,NA,NA
Daily,2018-01-26,77.2813,25.1,NA,31.1,47900,NA,NA,NA,NA,NA,779,NA,0,NA,8.4,NA,NA,NA,NA,NA,NA,NA,NA,NA
Daily,2018-01-27,76.7188,24.8,NA,31.1,47600,NA,NA,NA,NA,NA,785,NA,0,NA,8.7,NA,NA,NA,NA,NA,NA,NA,NA,NA
Daily,2018-01-28,76.6063,24.8,NA,31.1,47500,NA,NA,NA,NA,NA,795,NA,0,NA,8.6,NA,NA,NA,NA,NA,NA,NA,NA,NA
Daily,2018-01-29,76.2687,24.6,NA,31,47400,NA,NA,NA,NA,NA,794,NA,0,NA,8.6,NA,NA,NA,NA,NA,NA,NA,NA,NA
Daily,2018-01-30,75.7625,24.3,NA,31,47100,NA,NA,NA,NA,NA,794,NA,0,NA,8.6,NA,NA,NA,NA,NA,NA,NA,NA,NA
Daily,2018-01-31,75.5375,24.2,NA,31.1,47100,NA,NA,NA,NA,NA,794,NA,0,NA,8.6,NA,NA,1,1.9,NA,NA,NA,NA,NA
Daily,2018-02-01,75.425,24.1,NA,31.1,47000,NA,NA,NA,NA,NA,795,NA,0,NA,8.6,NA,NA,NA,NA,NA,NA,NA,NA,NA
Daily,2018-02-02,75.2563,24,NA,31.1,46800,NA,NA,NA,NA,NA,794,NA,0,NA,8.6,NA,NA,NA,NA,NA,NA,NA,NA,NA
Daily,2018-02-03,75.3688,24,NA,31,46800,NA,NA,NA,NA,NA,787,NA,0,NA,8.6,NA,NA,NA,NA,NA,NA,NA,NA,NA
Daily,2018-02-04,75.9313,24.4,NA,31,47100,NA,NA,NA,NA,NA,789,NA,0,NA,8.6,NA,NA,NA,NA,NA,NA,NA,NA,NA
Daily,2018-02-05,76.1563,24.5,NA,31,47200,NA,NA,NA,NA,NA,780,NA,0,NA,8.4,NA,NA,NA,NA,NA,NA,NA,NA,NA
Daily,2018-02-06,76.0438,24.4,NA,31,47100,NA,NA,NA,NA,NA,788,NA,0,NA,8.6,NA,NA,NA,NA,NA,NA,NA,NA,NA
Daily,2018-02-07,75.875,24.4,NA,31,47100,NA,NA,NA,NA,NA,782,NA,0,NA,8.7,NA,NA,NA,NA,NA,NA,NA,NA,NA
Daily,2018-02-08,75.7625,24.3,NA,31,47000,NA,NA,NA,NA,NA,786,NA,1,NA,8.7,NA,NA,NA,NA,NA,NA,NA,NA,NA
Daily,2018-02-09,76.0438,24.4,NA,31,47100,NA,NA,NA,NA,NA,799,NA,6,NA,8.6,NA,NA,NA,NA,NA,NA,NA,NA,NA
Daily,2018-02-10,76.4938,24.7,NA,31,47400,NA,NA,NA,NA,NA,798,NA,0,NA,8.6,0,0.2,1,1.4,NA,NA,NA,NA,NA
Daily,2018-02-11,76.4938,24.7,NA,31,47400,NA,NA,NA,NA,NA,798,NA,0,NA,8.6,NA,NA,NA,NA,NA,NA,NA,NA,NA
Daily,2018-02-12,76.1563,24.5,NA,31,47200,NA,NA,NA,NA,NA,787,NA,0,NA,8.4,NA,NA,NA,NA,NA,NA,NA,NA,NA
Daily,2018-02-13,75.7062,24.3,NA,31,47000,NA,NA,NA,NA,NA,332,NA,0,NA,8.5,NA,NA,NA,NA,NA,NA,NA,NA,NA
Daily,2018-02-14,75.425,24.1,NA,31,46900,NA,NA,NA,NA,NA,610.5,NA,0,NA,8.4,0,0.05,0.8,1.4,NA,NA,NA,NA,NA
Daily,2018-02-15,75.5375,24.1,NA,31,46900,NA,NA,NA,NA,NA,724,NA,0,NA,8.5,NA,NA,NA,NA,NA,NA,NA,NA,NA
Daily,2018-02-16,75.65,24.2,NA,31,47000,NA,NA,NA,NA,NA,740,NA,0,NA,8.6,NA,NA,NA,NA,NA,NA,NA,NA,NA
Daily,2018-02-17,76.4938,24.7,NA,31,47500,NA,NA,NA,NA,NA,745,NA,0,NA,8.5,NA,NA,NA,NA,NA,NA,NA,NA,NA
Daily,2018-02-18,77.6188,25.4,NA,31,48000,NA,NA,NA,NA,NA,756,NA,0,NA,8.5,NA,NA,NA,NA,NA,NA,NA,NA,NA
Daily,2018-02-19,78.0125,25.5,NA,31,48200,NA,NA,NA,NA,NA,753,NA,0,NA,8.6,NA,NA,NA,NA,NA,NA,NA,NA,NA
Daily,2018-02-20,77.2813,25.1,NA,31,NA,NA,NA,NA,NA,NA,NA,NA,0,NA,8.6,NA,NA,NA,NA,NA,NA,NA,NA,NA
Daily,2018-02-21,77,25,NA,31.7,48700,NA,NA,NA,NA,NA,708,NA,0,NA,9.1,NA,NA,NA,NA,NA,NA,NA,NA,NA
Daily,2018-02-22,77.2813,25.1,NA,31.7,NA,NA,NA,NA,NA,NA,726.5,NA,0,NA,9.1,NA,NA,NA,NA,NA,NA,NA,NA,NA
Daily,2018-02-23,76.9438,24.9,NA,31.9,48900,NA,NA,NA,NA,NA,738,NA,0,NA,8.8,0,0.06,0.7,1.8,NA,NA,NA,NA,NA
Daily,2018-02-24,76.8875,24.9,NA,31.9,48900,NA,NA,NA,NA,NA,749,NA,0,NA,8.8,NA,NA,NA,NA,NA,NA,NA,NA,NA
Daily,2018-02-25,77.1688,25,NA,31.9,49000,NA,NA,NA,NA,NA,755,NA,0,NA,8.8,NA,NA,NA,NA,NA,NA,NA,NA,NA
Daily,2018-02-26,77.0563,25,NA,31.9,48900,NA,NA,NA,NA,NA,759,NA,0,NA,8.8,NA,NA,NA,NA,NA,NA,NA,NA,NA
Daily,2018-02-27,76.8312,24.9,NA,31.9,48900,NA,NA,NA,NA,NA,757,NA,0,NA,8.8,NA,NA,NA,NA,NA,NA,NA,NA,NA
Daily,2018-02-28,76.4938,24.7,NA,32,48800,NA,NA,NA,NA,NA,758,NA,0,NA,8.8,NA,NA,NA,NA,NA,NA,NA,NA,NA
Daily,2018-03-01,76.4375,24.6,NA,32,48800,NA,NA,NA,NA,NA,760,NA,0,NA,8.8,NA,NA,NA,NA,NA,NA,NA,NA,NA
Daily,2018-03-02,76.4938,24.7,NA,32,48800,NA,NA,NA,NA,NA,765,NA,0,NA,8.8,0,NA,0.8,1.1,NA,NA,NA,NA,NA
Daily,2018-03-03,76.6625,24.8,NA,32,48900,NA,NA,NA,NA,NA,768,NA,0,NA,8.8,NA,NA,NA,NA,NA,NA,NA,NA,NA
Daily,2018-03-04,77.0563,25,NA,32,49100,NA,NA,NA,NA,NA,772,NA,0,NA,8.8,NA,NA,NA,NA,NA,NA,NA,NA,NA
Daily,2018-03-05,77.225,25.1,NA,32,49200,NA,NA,NA,NA,NA,759,NA,0,NA,8.9,NA,NA,NA,NA,NA,NA,NA,NA,NA
Daily,2018-03-06,77,25,NA,32,49100,NA,NA,NA,NA,NA,770.5,NA,0,NA,8.8,NA,NA,NA,NA,NA,NA,NA,NA,NA
Daily,2018-03-07,76.8875,24.9,NA,32,49000,NA,NA,NA,NA,NA,772,NA,0,NA,8.8,NA,NA,NA,NA,NA,NA,NA,NA,NA
Daily,2018-03-08,76.7188,24.8,NA,32,48900,NA,NA,NA,NA,NA,775,NA,0,NA,8.9,0,0.12,0.9,1.6,NA,NA,NA,NA,NA
Daily,2018-03-09,76.6625,24.8,NA,32.1,49100,NA,NA,NA,NA,NA,772,NA,0,NA,8.8,NA,NA,NA,NA,NA,NA,NA,NA,NA
Daily,2018-03-10,76.6063,24.7,NA,32.1,49000,NA,NA,NA,NA,NA,769,NA,0,NA,8.8,NA,NA,NA,NA,NA,NA,NA,NA,NA
Daily,2018-03-11,76.3813,24.6,NA,32.1,48900,NA,NA,NA,NA,NA,782,NA,0,NA,8.8,NA,NA,NA,NA,NA,NA,NA,NA,NA
Daily,2018-03-12,76.7188,24.8,NA,32.1,49100,NA,NA,NA,NA,NA,776,NA,0,NA,8.8,NA,NA,NA,NA,NA,NA,NA,NA,NA
Daily,2018-03-13,76.8312,24.9,NA,32.1,49100,NA,NA,NA,NA,NA,773,NA,0,NA,8.8,NA,NA,NA,NA,NA,NA,NA,NA,NA
Daily,2018-03-14,76.9438,24.9,NA,32.1,49100,NA,NA,NA,NA,NA,774,NA,0,NA,8.9,NA,NA,NA,NA,NA,NA,NA,NA,NA
Daily,2018-03-15,76.775,24.8,NA,32,49000,NA,NA,NA,NA,NA,778,NA,0,NA,8.8,NA,NA,NA,NA,NA,NA,NA,NA,NA
Daily,2018-03-16,76.7188,24.8,NA,32,49000,NA,NA,NA,NA,NA,779,NA,0,NA,8.8,NA,NA,NA,NA,NA,NA,NA,NA,NA
Daily,2018-03-17,76.8312,24.9,NA,32.1,49000,NA,NA,NA,NA,NA,781,NA,0,NA,8.9,0,0.11,0.9,1,NA,NA,NA,NA,NA
Daily,2018-03-18,77.0563,25,NA,32.1,49100,NA,NA,NA,NA,NA,774,NA,0,NA,8.9,NA,NA,NA,NA,NA,NA,NA,NA,NA
Daily,2018-03-19,77.3937,25.2,NA,32.1,49300,NA,NA,NA,NA,NA,778,NA,0,NA,8.8,NA,NA,NA,NA,NA,NA,NA,NA,NA
Daily,2018-03-20,77.2813,25.1,NA,32.1,49300,NA,NA,NA,NA,NA,592,NA,0,NA,8.8,0,0.1,0.7,1.8,NA,NA,NA,NA,NA
Daily,2018-03-21,77.0563,25,NA,32.6,49800,NA,NA,NA,NA,NA,664,NA,0,NA,8.8,NA,NA,NA,NA,NA,NA,NA,NA,NA
Daily,2018-03-22,76.3813,24.6,NA,32.7,49600,NA,NA,NA,NA,NA,705,NA,0,NA,8.7,NA,NA,NA,NA,NA,NA,NA,NA,NA
Daily,2018-03-23,76.4938,24.7,NA,32.7,49800,NA,NA,NA,NA,NA,733,NA,0,NA,8.8,NA,NA,NA,NA,NA,NA,NA,NA,NA
Daily,2018-03-24,76.8312,24.8,NA,32.7,49900,NA,NA,NA,NA,NA,754,NA,0,NA,8.8,NA,NA,NA,NA,NA,NA,NA,NA,NA
Daily,2018-03-25,77.0563,25,NA,32.7,50000,NA,NA,NA,NA,NA,772,NA,0,NA,8.8,NA,NA,NA,NA,NA,NA,NA,NA,NA
Daily,2018-03-26,76.775,24.9,NA,32.7,NA,NA,NA,NA,NA,NA,767,NA,0,NA,8.8,NA,NA,NA,NA,NA,NA,NA,NA,NA
Daily,2018-03-27,76.4938,24.7,NA,32.7,49800,NA,NA,NA,NA,NA,776,NA,0,NA,8.7,NA,NA,NA,NA,NA,NA,NA,NA,NA
Daily,2018-03-28,76.6063,24.8,NA,32.9,50000,NA,NA,NA,NA,NA,768,NA,0,NA,8.7,NA,NA,NA,NA,NA,NA,NA,NA,NA
Daily,2018-03-29,77,25,NA,32.9,50400,NA,NA,NA,NA,NA,766.5,NA,0,NA,8.7,0,0.12,1,1.3,NA,NA,NA,NA,NA
Daily,2018-03-30,76.8875,24.9,NA,33,50400,NA,NA,NA,NA,NA,767,NA,0,NA,8.7,NA,NA,NA,NA,NA,NA,NA,NA,NA
Daily,2018-03-31,76.775,24.8,NA,33,50200,NA,NA,NA,NA,NA,761,NA,0,NA,8.8,NA,NA,NA,NA,NA,NA,NA,NA,NA
Daily,2018-04-01,76.7188,24.8,NA,33,50200,NA,NA,NA,NA,NA,785,NA,0,NA,8.7,NA,NA,NA,NA,NA,NA,NA,NA,NA
Daily,2018-04-02,76.55,24.7,NA,33,50200,NA,NA,NA,NA,NA,786,NA,0,NA,8.7,NA,NA,NA,NA,NA,NA,NA,NA,NA
Daily,2018-04-03,76.4938,24.7,NA,33.05,NA,NA,NA,NA,NA,NA,680,NA,0,NA,8.3,1,0.13,1.1,1.4,NA,NA,NA,NA,NA
Daily,2018-04-04,76.6063,24.8,NA,33.1,50300,NA,NA,NA,NA,NA,753,NA,0,NA,8.7,NA,NA,NA,NA,NA,NA,NA,NA,NA
Daily,2018-04-05,76.8312,24.9,NA,33.1,50400,NA,NA,NA,NA,NA,767,NA,0,NA,8.7,NA,NA,NA,NA,NA,NA,NA,NA,NA
Daily,2018-04-06,76.8312,24.9,NA,33.1,50400,NA,NA,NA,NA,NA,776,NA,0,NA,8.7,NA,NA,NA,NA,NA,NA,NA,NA,NA
Daily,2018-04-07,76.775,24.8,NA,33.1,50400,NA,NA,NA,NA,NA,779,NA,0,NA,8.7,NA,NA,NA,NA,NA,NA,NA,NA,NA
Daily,2018-04-08,77,25,NA,33,50500,NA,NA,NA,NA,NA,782,NA,0,NA,8.7,NA,NA,NA,NA,NA,NA,NA,NA,NA
Daily,2018-04-09,76.7188,24.8,NA,33,50300,NA,NA,NA,NA,NA,781,NA,0,NA,8.7,NA,NA,NA,NA,NA,NA,NA,NA,NA
Daily,2018-04-10,76.55,24.7,NA,33,50200,NA,NA,NA,NA,NA,784,NA,0,NA,8.7,NA,NA,NA,NA,NA,NA,NA,NA,NA
Daily,2018-04-11,76.4375,24.7,NA,33,50200,NA,NA,NA,NA,NA,787,NA,0,NA,8.7,0,0.12,0.8,1.2,NA,NA,NA,NA,NA
Daily,2018-04-12,76.2687,24.6,NA,33,50100,NA,NA,NA,NA,NA,782,NA,0,NA,8.7,NA,NA,NA,NA,NA,NA,NA,NA,NA
Daily,2018-04-13,76.4938,24.7,NA,33,50200,NA,NA,NA,NA,NA,773,NA,0,NA,8.8,NA,NA,NA,NA,NA,NA,NA,NA,NA
Daily,2018-04-14,76.8312,24.9,NA,33.1,50400,NA,NA,NA,NA,NA,786,NA,0,NA,8.8,NA,NA,NA,NA,NA,NA,NA,NA,NA
Daily,2018-04-15,77.1688,25,NA,33.1,50600,NA,NA,NA,NA,NA,789,NA,0,NA,8.8,NA,NA,NA,NA,NA,NA,NA,NA,NA
Daily,2018-04-16,76.8312,24.9,NA,33.1,50400,NA,NA,NA,NA,NA,781,NA,0,NA,8.3,NA,NA,NA,NA,NA,NA,NA,NA,NA
Daily,2018-04-17,75.7625,24.3,NA,33.1,49800,NA,NA,NA,NA,NA,794,NA,0,NA,8.8,NA,NA,NA,NA,NA,NA,NA,NA,NA
Daily,2018-04-18,75.3688,24,NA,33.1,49600,NA,NA,NA,NA,NA,793,NA,0,NA,8.7,NA,NA,NA,NA,NA,NA,NA,NA,NA
Daily,2018-04-19,75.0313,23.9,NA,33.1,49500,NA,NA,NA,NA,NA,794,NA,0,NA,8.8,0,0.06,1,1.5,NA,NA,NA,NA,NA
Daily,2018-04-20,75.0875,23.9,NA,33.1,49600,NA,NA,NA,NA,NA,794,NA,0,NA,8.8,NA,NA,NA,NA,NA,NA,NA,NA,NA
Daily,2018-04-21,75.65,24.2,NA,33.2,49900,NA,NA,NA,NA,NA,798,NA,0,NA,8.8,NA,NA,NA,NA,NA,NA,NA,NA,NA
Daily,2018-04-22,76.325,24.6,NA,33.2,50200,NA,NA,NA,NA,NA,802,NA,0,NA,8.9,NA,NA,NA,NA,NA,NA,NA,NA,NA
Daily,2018-04-23,76.2125,24.5,NA,33.2,50200,NA,NA,NA,NA,NA,801,NA,0,NA,8.8,NA,NA,NA,NA,NA,NA,NA,NA,NA
Daily,2018-04-24,75.875,24.4,NA,33.2,50000,NA,NA,NA,NA,NA,799,NA,0,NA,8.8,NA,NA,NA,NA,NA,NA,NA,NA,NA
Daily,2018-04-25,75.5938,24.2,NA,33.1,49800,NA,NA,NA,NA,NA,800,NA,0,NA,8.8,NA,NA,NA,NA,NA,NA,NA,NA,NA
Daily,2018-04-26,75.2,23.9,NA,33.1,47700,NA,NA,NA,NA,NA,NA,NA,0,NA,8.8,NA,NA,NA,NA,NA,NA,NA,NA,NA
Daily,2018-04-27,74.75,23.7,NA,31.8,47500,NA,NA,NA,NA,NA,576,NA,0,NA,8.4,2,0.22,1.2,1.8,NA,NA,NA,NA,NA
Daily,2018-04-28,74.6375,23.7,NA,31.7,47400,NA,NA,NA,NA,NA,669,NA,0,NA,8.9,NA,NA,NA,NA,NA,NA,NA,NA,NA
Daily,2018-04-29,74.3,23.5,NA,31.7,47200,NA,NA,NA,NA,NA,699,NA,0,NA,8.9,NA,NA,NA,NA,NA,NA,NA,NA,NA
Daily,2018-04-30,74.1313,23.4,NA,31.7,47100,NA,NA,NA,NA,NA,717,NA,0,NA,8.9,NA,NA,NA,NA,NA,NA,NA,NA,NA
Daily,2018-05-01,74.1313,23.4,NA,31.7,47100,NA,NA,NA,NA,NA,727,NA,0,NA,8.8,0,0.03,1.1,2.8,NA,NA,NA,NA,NA
Daily,2018-05-02,74.1313,23.4,NA,31.7,47100,NA,NA,NA,NA,NA,747,NA,0,NA,8.7,NA,NA,NA,NA,NA,NA,NA,NA,NA
Daily,2018-05-03,74.075,23.3,NA,31.7,NA,NA,NA,NA,NA,NA,748,NA,0,NA,8.7,NA,NA,NA,NA,NA,NA,NA,NA,NA
Daily,2018-05-04,74.525,23.5,NA,31.7,47200,NA,NA,NA,NA,NA,747,NA,0,NA,8.8,NA,NA,NA,NA,NA,NA,NA,NA,NA
Daily,2018-05-05,74.2438,23.5,NA,31.7,47200,NA,NA,NA,NA,NA,746,NA,0,NA,8.8,NA,NA,NA,NA,NA,NA,NA,NA,NA
Daily,2018-05-06,74.1875,23.5,NA,31.7,47200,NA,NA,NA,NA,NA,746,NA,0,NA,8.8,NA,NA,NA,NA,NA,NA,NA,NA,NA
Daily,2018-05-07,74.1313,23.5,NA,31.7,47200,NA,NA,NA,NA,NA,746,NA,0,NA,8.8,NA,NA,NA,NA,NA,NA,NA,NA,NA
Daily,2018-05-08,74.0187,23.5,NA,31.7,47200,NA,NA,NA,NA,NA,746,NA,0,NA,8.8,NA,NA,NA,NA,NA,NA,NA,NA,NA
Daily,2018-05-09,74.10315,NA,NA,NA,NA,NA,NA,NA,NA,NA,NA,NA,NA,NA,NA,NA,NA,NA,NA,NA,NA,NA,NA,NA
Daily,2018-05-10,74.75,NA,NA,NA,NA,NA,NA,NA,NA,NA,NA,NA,NA,NA,NA,0,0.09,1,2.3,NA,NA,NA,NA,NA
Daily,2018-05-11,74.6938,NA,NA,NA,NA,NA,NA,NA,NA,NA,NA,NA,NA,NA,NA,NA,NA,NA,NA,NA,NA,NA,NA,NA
Daily,2018-05-12,74.4125,NA,NA,NA,NA,NA,NA,NA,NA,NA,NA,NA,NA,NA,NA,NA,NA,NA,NA,NA,NA,NA,NA,NA
Daily,2018-05-13,73.9063,NA,NA,NA,NA,NA,NA,NA,NA,NA,NA,NA,NA,NA,NA,NA,NA,NA,NA,NA,NA,NA,NA,NA
Daily,2018-05-14,73.6813,NA,NA,NA,NA,NA,NA,NA,NA,NA,NA,NA,NA,NA,NA,NA,NA,NA,NA,NA,NA,NA,NA,NA
Daily,2018-05-15,73.5688,NA,NA,NA,NA,NA,NA,NA,NA,NA,NA,NA,NA,NA,NA,NA,NA,NA,NA,NA,NA,NA,NA,NA
Daily,2018-05-16,73.4563,NA,NA,NA,NA,NA,NA,NA,NA,NA,NA,NA,NA,NA,NA,NA,NA,NA,NA,NA,NA,NA,NA,NA
Daily,2018-05-17,73.4563,NA,NA,NA,NA,NA,NA,NA,NA,NA,NA,NA,NA,NA,NA,NA,NA,NA,NA,NA,NA,NA,NA,NA
Daily,2018-05-18,73.5125,NA,NA,NA,NA,NA,NA,NA,NA,NA,NA,NA,NA,NA,NA,0,0.08,1.2,2.2,NA,NA,NA,NA,NA
Daily,2018-05-19,74.3563,NA,NA,NA,NA,NA,NA,NA,NA,NA,NA,NA,NA,NA,NA,NA,NA,NA,NA,NA,NA,NA,NA,NA
Daily,2018-05-20,74.8063,NA,NA,NA,NA,NA,NA,NA,NA,NA,NA,NA,NA,NA,NA,NA,NA,NA,NA,NA,NA,NA,NA,NA
Daily,2018-05-21,74.6938,NA,NA,NA,NA,NA,NA,NA,NA,NA,NA,NA,NA,NA,NA,NA,NA,NA,NA,NA,NA,NA,NA,NA
Daily,2018-05-22,74.525,NA,NA,NA,NA,NA,NA,NA,NA,NA,NA,NA,NA,NA,NA,NA,NA,NA,NA,NA,NA,NA,NA,NA
Daily,2018-05-23,74.3,NA,NA,NA,NA,NA,NA,NA,NA,NA,NA,NA,NA,NA,NA,NA,NA,NA,NA,NA,NA,NA,NA,NA
Daily,2018-05-24,74.1875,23.5,NA,31.5,46900,NA,NA,NA,NA,NA,699,NA,0,NA,8.8,NA,NA,NA,NA,NA,NA,NA,NA,NA
Daily,2018-05-25,74.075,23.4,NA,31.5,46800,NA,NA,NA,NA,NA,774,NA,0,NA,8.8,0,0.05,0.7,2,NA,NA,NA,NA,NA
Daily,2018-05-26,73.7938,23.2,NA,31.5,46700,NA,NA,NA,NA,NA,778,NA,0,NA,8.8,NA,NA,NA,NA,NA,NA,NA,NA,NA
Daily,2018-05-27,73.4,23,NA,31.5,46500,NA,NA,NA,NA,NA,779,NA,0,NA,8.8,NA,NA,NA,NA,NA,NA,NA,NA,NA
Daily,2018-05-28,73.4,23,NA,31.5,46500,NA,NA,NA,NA,NA,796,NA,0,NA,8.9,NA,NA,NA,NA,NA,NA,NA,NA,NA
Daily,2018-05-29,73.5688,23.1,NA,31.3,46400,NA,NA,NA,NA,NA,726,NA,0,NA,8.6,NA,NA,NA,NA,NA,NA,NA,NA,NA
Daily,2018-05-30,73.7375,23.2,NA,31.3,46300,NA,NA,NA,NA,NA,746,NA,0,NA,8.6,NA,NA,NA,NA,NA,NA,NA,NA,NA
Daily,2018-05-31,73.7938,23.2,NA,31.3,46300,NA,NA,NA,NA,NA,760,NA,0,NA,8.7,NA,NA,NA,NA,NA,NA,NA,NA,NA
Daily,2018-06-01,73.6813,23.1,NA,31.3,46300,NA,NA,NA,NA,NA,773,NA,0,NA,8.7,0,0.12,1.1,2.3,NA,NA,NA,NA,NA
Daily,2018-06-02,73.625,23.1,NA,31.2,46200,NA,NA,NA,NA,NA,790,NA,0,NA,8.7,NA,NA,NA,NA,NA,NA,NA,NA,NA
Daily,2018-06-03,73.85,23.2,NA,31.2,46400,NA,NA,NA,NA,NA,792,NA,0,NA,8.7,NA,NA,NA,NA,NA,NA,NA,NA,NA
Daily,2018-06-04,74.0187,23.3,NA,31.2,46400,NA,NA,NA,NA,NA,799,NA,0,NA,8.7,NA,NA,NA,NA,NA,NA,NA,NA,NA
Daily,2018-06-05,74.3563,23.5,NA,31.2,46600,NA,NA,NA,NA,NA,799,NA,0,NA,8.7,NA,NA,NA,NA,NA,NA,NA,NA,NA
Daily,2018-06-06,74.75,23.7,NA,31.2,46800,NA,NA,NA,NA,NA,808,NA,0,NA,8.7,NA,NA,NA,NA,NA,NA,NA,NA,NA
Daily,2018-06-07,75.1437,23.9,NA,31.2,47000,NA,NA,NA,NA,NA,807,NA,0,NA,8.7,0,0.2,0.8,1.8,NA,NA,NA,NA,NA
Daily,2018-06-08,75.2,24,NA,31.2,47100,NA,NA,NA,NA,NA,806,NA,0,NA,8.7,NA,NA,NA,NA,NA,NA,NA,NA,NA
Daily,2018-06-09,75.3125,24,NA,31.2,47100,NA,NA,NA,NA,NA,808,NA,0,NA,8.7,NA,NA,NA,NA,NA,NA,NA,NA,NA
Daily,2018-06-10,75.3125,24,NA,31.2,47100,NA,NA,NA,NA,NA,809,NA,0,NA,8.7,NA,NA,NA,NA,NA,NA,NA,NA,NA
Daily,2018-06-11,75.2563,24.1,NA,31.3,47200,NA,NA,NA,NA,NA,805,NA,0,NA,8.8,NA,NA,NA,NA,NA,NA,NA,NA,NA
Daily,2018-06-12,75.2563,24,NA,31.2,47000,NA,NA,NA,NA,NA,804,NA,0,NA,8.8,NA,NA,NA,NA,NA,NA,NA,NA,NA
Daily,2018-06-13,75.2563,NA,NA,NA,NA,NA,NA,NA,NA,NA,NA,NA,0,NA,NA,0,0.17,1.2,1.5,NA,NA,NA,NA,NA
Daily,2018-06-14,75.3125,NA,NA,NA,NA,NA,NA,NA,NA,NA,NA,NA,0,NA,NA,NA,NA,NA,NA,NA,NA,NA,NA,NA
Daily,2018-06-15,75.2,NA,NA,NA,NA,NA,NA,NA,NA,NA,NA,NA,0,NA,NA,NA,NA,NA,NA,NA,NA,NA,NA,NA
Daily,2018-06-16,74.6938,NA,NA,NA,NA,NA,NA,NA,NA,NA,NA,NA,0,NA,NA,NA,NA,NA,NA,NA,NA,NA,NA,NA
Daily,2018-06-17,74.6375,NA,NA,NA,NA,NA,NA,NA,NA,NA,NA,NA,0,NA,NA,NA,NA,NA,NA,NA,NA,NA,NA,NA
Daily,2018-06-18,74.9188,NA,NA,NA,NA,NA,NA,NA,NA,NA,NA,NA,0,NA,NA,NA,NA,NA,NA,NA,NA,NA,NA,NA
Daily,2018-06-19,75.0313,NA,NA,NA,NA,NA,NA,NA,NA,NA,NA,NA,0,NA,NA,NA,NA,NA,NA,NA,NA,NA,NA,NA
Daily,2018-06-20,75.0875,NA,NA,NA,NA,NA,NA,NA,NA,NA,NA,NA,0,NA,NA,NA,NA,NA,NA,NA,NA,NA,NA,NA
Daily,2018-06-21,75.3688,NA,NA,NA,NA,NA,NA,NA,NA,NA,NA,NA,0,NA,NA,NA,NA,NA,NA,NA,NA,NA,NA,NA
Daily,2018-06-22,75.5938,NA,NA,NA,NA,NA,NA,NA,NA,NA,NA,NA,0,NA,NA,0,0.15,0.9,1.2,NA,NA,NA,NA,NA
Daily,2018-06-23,75.7625,NA,NA,NA,NA,NA,NA,NA,NA,NA,NA,NA,0,NA,NA,NA,NA,NA,NA,NA,NA,NA,NA,NA
Daily,2018-06-24,75.9875,NA,NA,NA,NA,NA,NA,NA,NA,NA,NA,NA,0,NA,NA,NA,NA,NA,NA,NA,NA,NA,NA,NA
Daily,2018-06-25,76.1,NA,NA,NA,NA,NA,NA,NA,NA,NA,NA,NA,0,NA,NA,NA,NA,NA,NA,NA,NA,NA,NA,NA
Daily,2018-06-26,76.2687,NA,NA,NA,NA,NA,NA,NA,NA,NA,NA,NA,0,NA,NA,0,0.18,1.1,1.9,NA,NA,NA,NA,NA
Daily,2018-06-27,76.3813,NA,NA,NA,NA,NA,NA,NA,NA,NA,NA,NA,0,NA,NA,NA,NA,NA,NA,NA,NA,NA,NA,NA
Daily,2018-06-28,76.6063,NA,NA,NA,NA,NA,NA,NA,NA,NA,NA,NA,0,NA,NA,NA,NA,NA,NA,NA,NA,NA,NA,NA
Daily,2018-06-29,76.775,NA,NA,NA,NA,NA,NA,NA,NA,NA,NA,NA,0,NA,NA,NA,NA,NA,NA,NA,NA,NA,NA,NA
Daily,2018-06-30,76.7188,NA,NA,NA,NA,NA,NA,NA,NA,NA,NA,NA,0,NA,NA,NA,NA,NA,NA,NA,NA,NA,NA,NA
Daily,2018-07-01,76.4938,NA,NA,NA,NA,NA,NA,NA,NA,NA,NA,NA,0,NA,NA,NA,NA,NA,NA,NA,NA,NA,NA,NA
Daily,2018-07-02,76.325,NA,NA,NA,NA,NA,NA,NA,NA,NA,NA,NA,0,NA,NA,NA,NA,NA,NA,NA,NA,NA,NA,NA
Daily,2018-07-03,76.325,NA,NA,NA,NA,NA,NA,NA,NA,NA,NA,NA,0,NA,NA,NA,NA,NA,NA,NA,NA,NA,NA,NA
Daily,2018-07-04,76.4938,NA,NA,NA,NA,NA,NA,NA,NA,NA,NA,NA,0,NA,NA,NA,NA,NA,NA,NA,NA,NA,NA,NA
Daily,2018-07-05,76.6625,NA,NA,NA,NA,NA,NA,NA,NA,NA,NA,NA,0,NA,NA,0,0.07,1.3,2,NA,NA,NA,NA,NA
Daily,2018-07-06,76.8312,NA,NA,NA,NA,NA,NA,NA,NA,NA,NA,NA,0,NA,NA,NA,NA,NA,NA,NA,NA,NA,NA,NA
Daily,2018-07-07,76.9438,NA,NA,NA,NA,NA,NA,NA,NA,NA,NA,NA,0,NA,NA,NA,NA,NA,NA,NA,NA,NA,NA,NA
Daily,2018-07-08,77.1688,NA,NA,NA,NA,NA,NA,NA,NA,NA,NA,NA,0,NA,NA,NA,NA,NA,NA,NA,NA,NA,NA,NA
Daily,2018-07-09,77.2813,NA,NA,NA,NA,NA,NA,NA,NA,NA,NA,NA,0,NA,NA,NA,NA,NA,NA,NA,NA,NA,NA,NA
Daily,2018-07-10,76.9438,NA,NA,NA,NA,NA,NA,NA,NA,NA,NA,NA,0,NA,NA,0,0.1,1.5,1.8,NA,NA,NA,NA,NA
Daily,2018-07-11,76.55,NA,NA,NA,NA,NA,NA,NA,NA,NA,NA,NA,0,NA,NA,NA,NA,NA,NA,NA,NA,NA,NA,NA
Daily,2018-07-12,76.775,NA,NA,NA,NA,NA,NA,NA,NA,NA,NA,NA,0,NA,NA,NA,NA,NA,NA,NA,NA,NA,NA,NA
Daily,2018-07-13,77.0563,NA,NA,NA,NA,NA,NA,NA,NA,NA,NA,NA,0,NA,NA,NA,NA,NA,NA,NA,NA,NA,NA,NA
Daily,2018-07-14,76.8875,NA,NA,NA,NA,NA,NA,NA,NA,NA,NA,NA,0,NA,NA,NA,NA,NA,NA,NA,NA,NA,NA,NA
Daily,2018-07-15,76.8312,NA,NA,NA,NA,NA,NA,NA,NA,NA,NA,NA,0,NA,NA,NA,NA,NA,NA,NA,NA,NA,NA,NA
Daily,2018-07-16,77,NA,NA,NA,NA,NA,NA,NA,NA,NA,NA,NA,0,NA,NA,NA,NA,NA,NA,NA,NA,NA,NA,NA
Daily,2018-07-17,77.45,NA,NA,NA,NA,NA,NA,NA,NA,NA,NA,NA,0,NA,NA,NA,NA,NA,NA,NA,NA,NA,NA,NA
Daily,2018-07-18,77.9,NA,NA,NA,NA,NA,NA,NA,NA,NA,NA,NA,0,NA,NA,NA,NA,NA,NA,NA,NA,NA,NA,NA
Daily,2018-07-19,78.4063,NA,NA,NA,NA,NA,NA,NA,NA,NA,NA,NA,0,NA,NA,0,0.08,1.1,1.8,NA,NA,NA,NA,NA
Daily,2018-07-20,78.8,NA,NA,NA,NA,NA,NA,NA,NA,NA,NA,NA,0,NA,NA,NA,NA,NA,NA,NA,NA,NA,NA,NA
Daily,2018-07-21,78.8,NA,NA,NA,NA,NA,NA,NA,NA,NA,NA,NA,0,NA,NA,NA,NA,NA,NA,NA,NA,NA,NA,NA
Daily,2018-07-22,79.025,NA,NA,NA,NA,NA,NA,NA,NA,NA,NA,NA,0,NA,NA,NA,NA,NA,NA,NA,NA,NA,NA,NA
Daily,2018-07-23,79.3063,NA,NA,NA,NA,NA,NA,NA,NA,NA,NA,NA,0,NA,NA,NA,NA,NA,NA,NA,NA,NA,NA,NA
Daily,2018-07-24,79.5313,NA,NA,NA,NA,NA,NA,NA,NA,NA,NA,NA,0,NA,NA,NA,NA,NA,NA,NA,NA,NA,NA,NA
Daily,2018-07-25,79.5875,NA,NA,NA,NA,NA,NA,NA,NA,NA,NA,NA,0,NA,NA,NA,NA,NA,NA,NA,NA,NA,NA,NA
Daily,2018-07-26,79.6437,NA,NA,NA,NA,NA,NA,NA,NA,NA,NA,NA,0,NA,NA,NA,NA,NA,NA,NA,NA,NA,NA,NA
Daily,2018-07-27,79.7,NA,NA,NA,NA,NA,NA,NA,NA,NA,NA,NA,0,NA,NA,NA,NA,NA,NA,NA,NA,NA,NA,NA
Daily,2018-07-28,79.5875,NA,NA,NA,NA,NA,NA,NA,NA,NA,NA,NA,0,NA,NA,NA,NA,NA,NA,NA,NA,NA,NA,NA
Daily,2018-07-29,79.4188,NA,NA,NA,NA,NA,NA,NA,NA,NA,NA,NA,0,NA,NA,NA,NA,NA,NA,NA,NA,NA,NA,NA
Daily,2018-07-30,79.475,NA,NA,NA,NA,NA,NA,NA,NA,NA,NA,NA,0,NA,NA,NA,NA,NA,NA,NA,NA,NA,NA,NA
Daily,2018-07-31,79.5875,NA,NA,NA,NA,NA,NA,NA,NA,NA,NA,NA,0,NA,NA,NA,NA,NA,NA,NA,NA,NA,NA,NA
Daily,2018-08-01,79.8688,NA,NA,NA,NA,NA,NA,NA,NA,NA,NA,NA,0,NA,NA,0,0.09,0.9,0.9,NA,NA,NA,NA,NA
Daily,2018-08-02,79.925,NA,NA,NA,NA,NA,NA,NA,NA,NA,NA,NA,0,NA,NA,NA,NA,NA,NA,NA,NA,NA,NA,NA
Daily,2018-08-03,79.9813,NA,NA,NA,NA,NA,NA,NA,NA,NA,NA,NA,0,NA,NA,NA,NA,NA,NA,NA,NA,NA,NA,NA
Daily,2018-08-04,79.9813,NA,NA,NA,NA,NA,NA,NA,NA,NA,NA,NA,0,NA,NA,NA,NA,NA,NA,NA,NA,NA,NA,NA
Daily,2018-08-05,79.9813,NA,NA,NA,NA,NA,NA,NA,NA,NA,NA,NA,0,NA,NA,NA,NA,NA,NA,NA,NA,NA,NA,NA
Daily,2018-08-06,79.925,NA,NA,NA,NA,NA,NA,NA,NA,NA,NA,NA,0,NA,NA,NA,NA,NA,NA,NA,NA,NA,NA,NA
Daily,2018-08-07,79.8688,NA,NA,NA,NA,NA,NA,NA,NA,NA,NA,NA,0,NA,NA,NA,NA,NA,NA,NA,NA,NA,NA,NA
Daily,2018-08-08,79.7563,NA,NA,NA,NA,NA,NA,NA,NA,NA,NA,NA,0,NA,NA,NA,NA,NA,NA,NA,NA,NA,NA,NA
Daily,2018-08-09,79.5875,NA,NA,NA,NA,NA,NA,NA,NA,NA,NA,NA,0,NA,NA,NA,NA,NA,NA,NA,NA,NA,NA,NA
Daily,2018-08-10,79.475,NA,NA,NA,NA,NA,NA,NA,NA,NA,NA,NA,0,NA,NA,NA,NA,NA,NA,NA,NA,NA,NA,NA
Daily,2018-08-11,79.3063,NA,NA,NA,NA,NA,NA,NA,NA,NA,NA,NA,0,NA,NA,NA,NA,NA,NA,NA,NA,NA,NA,NA
Daily,2018-08-12,79.1375,NA,NA,NA,NA,NA,NA,NA,NA,NA,NA,NA,0,NA,NA,NA,NA,NA,NA,NA,NA,NA,NA,NA
Daily,2018-08-13,79.025,NA,NA,NA,NA,NA,NA,NA,NA,NA,NA,NA,0,NA,NA,NA,NA,NA,NA,NA,NA,NA,NA,NA
Daily,2018-08-14,79.0812,NA,NA,NA,NA,NA,NA,NA,NA,NA,NA,NA,0,NA,NA,NA,NA,NA,NA,NA,NA,NA,NA,NA
Daily,2018-08-15,79.0812,NA,NA,NA,NA,NA,NA,NA,NA,NA,NA,NA,0,NA,NA,NA,NA,NA,NA,NA,NA,NA,NA,NA
Daily,2018-08-16,78.7438,NA,NA,NA,NA,NA,NA,NA,NA,NA,NA,NA,0,NA,NA,NA,NA,NA,NA,NA,NA,NA,NA,NA
Daily,2018-08-17,78.8,NA,NA,NA,NA,NA,NA,NA,NA,NA,NA,NA,0,NA,NA,NA,NA,NA,NA,NA,NA,NA,NA,NA
Daily,2018-08-18,79.025,NA,NA,NA,NA,NA,NA,NA,NA,NA,NA,NA,0,NA,NA,NA,NA,NA,NA,NA,NA,NA,NA,NA
Daily,2018-08-19,79.1375,NA,NA,NA,NA,NA,NA,NA,NA,NA,NA,NA,0,NA,NA,NA,NA,NA,NA,NA,NA,NA,NA,NA
Daily,2018-08-20,79.3063,NA,NA,NA,NA,NA,NA,NA,NA,NA,NA,NA,0,NA,NA,NA,NA,NA,NA,NA,NA,NA,NA,NA
Daily,2018-08-21,79.3063,NA,NA,NA,NA,NA,NA,NA,NA,NA,NA,NA,0,NA,NA,NA,NA,NA,NA,NA,NA,NA,NA,NA
Daily,2018-08-22,79.25,NA,NA,NA,NA,NA,NA,NA,NA,NA,NA,NA,0,NA,NA,NA,NA,NA,NA,NA,NA,NA,NA,NA
Daily,2018-08-23,78.9688,NA,NA,NA,NA,NA,NA,NA,NA,NA,NA,NA,0,NA,NA,NA,NA,NA,NA,NA,NA,NA,NA,NA
Daily,2018-08-24,78.7438,NA,NA,NA,NA,NA,NA,NA,NA,NA,NA,NA,0,NA,NA,NA,NA,NA,NA,NA,NA,NA,NA,NA
Daily,2018-08-25,78.4625,NA,NA,NA,NA,NA,NA,NA,NA,NA,NA,NA,0,NA,NA,NA,NA,NA,NA,NA,NA,NA,NA,NA
Daily,2018-08-26,78.4625,NA,NA,NA,NA,NA,NA,NA,NA,NA,NA,NA,0,NA,NA,NA,NA,NA,NA,NA,NA,NA,NA,NA
Daily,2018-08-27,78.575,NA,NA,NA,NA,NA,NA,NA,NA,NA,NA,NA,0,NA,NA,NA,NA,NA,NA,NA,NA,NA,NA,NA
Daily,2018-08-28,78.575,NA,NA,NA,NA,NA,NA,NA,NA,NA,NA,NA,0,NA,NA,NA,NA,NA,NA,NA,NA,NA,NA,NA
Daily,2018-08-29,78.5187,NA,NA,NA,NA,NA,NA,NA,NA,NA,NA,NA,0,NA,NA,NA,NA,NA,NA,NA,NA,NA,NA,NA
Daily,2018-08-30,78.1813,NA,NA,NA,NA,NA,NA,NA,NA,NA,NA,NA,0,NA,NA,NA,NA,NA,NA,NA,NA,NA,NA,NA
Daily,2018-08-31,78.0688,NA,NA,NA,NA,NA,NA,NA,NA,NA,NA,NA,0,NA,NA,NA,NA,NA,NA,NA,NA,NA,NA,NA
Daily,2018-09-01,78.2938,NA,NA,NA,NA,NA,NA,NA,NA,NA,NA,NA,0,NA,NA,NA,NA,NA,NA,NA,NA,NA,NA,NA
Daily,2018-09-02,78.35,NA,NA,NA,NA,NA,NA,NA,NA,NA,NA,NA,0,NA,NA,NA,NA,NA,NA,NA,NA,NA,NA,NA
Daily,2018-09-03,78.0688,NA,NA,NA,NA,NA,NA,NA,NA,NA,NA,NA,0,NA,NA,NA,NA,NA,NA,NA,NA,NA,NA,NA
Daily,2018-09-04,77.7875,NA,NA,NA,NA,NA,NA,NA,NA,NA,NA,NA,0,NA,NA,NA,NA,NA,NA,NA,NA,NA,NA,NA
Daily,2018-09-05,77.5625,NA,NA,NA,NA,NA,NA,NA,NA,NA,NA,NA,0,NA,NA,NA,NA,NA,NA,NA,NA,NA,NA,NA
Daily,2018-09-06,77.675,NA,NA,NA,NA,NA,NA,NA,NA,NA,NA,NA,0,NA,NA,NA,NA,NA,NA,NA,NA,NA,NA,NA
Daily,2018-09-07,77.675,NA,NA,NA,NA,NA,NA,NA,NA,NA,NA,NA,0,NA,NA,NA,NA,NA,NA,NA,NA,NA,NA,NA
Daily,2018-09-08,77.675,NA,NA,NA,NA,NA,NA,NA,NA,NA,NA,NA,0,NA,NA,NA,NA,NA,NA,NA,NA,NA,NA,NA
Daily,2018-09-09,77.6188,NA,NA,NA,NA,NA,NA,NA,NA,NA,NA,NA,0,NA,NA,NA,NA,NA,NA,NA,NA,NA,NA,NA
Daily,2018-09-10,77.6188,NA,NA,NA,NA,NA,NA,NA,NA,NA,NA,NA,0,NA,NA,NA,NA,NA,NA,NA,NA,NA,NA,NA
Daily,2018-09-11,77.6188,NA,NA,NA,NA,NA,NA,NA,NA,NA,NA,NA,0,NA,NA,NA,NA,NA,NA,NA,NA,NA,NA,NA
Daily,2018-09-12,77.5063,NA,NA,NA,NA,NA,NA,NA,NA,NA,NA,NA,0,NA,NA,NA,NA,NA,NA,NA,NA,NA,NA,NA
Daily,2018-09-13,77.3937,NA,NA,NA,NA,NA,NA,NA,NA,NA,NA,NA,0,NA,NA,NA,NA,NA,NA,NA,NA,NA,NA,NA
Daily,2018-09-14,77.1688,NA,NA,NA,NA,NA,NA,NA,NA,NA,NA,NA,0,NA,NA,NA,NA,NA,NA,NA,NA,NA,NA,NA
Daily,2018-09-15,77,NA,NA,NA,NA,NA,NA,NA,NA,NA,NA,NA,0,NA,NA,NA,NA,NA,NA,NA,NA,NA,NA,NA
Daily,2018-09-16,76.9438,NA,NA,NA,NA,NA,NA,NA,NA,NA,NA,NA,0,NA,NA,NA,NA,NA,NA,NA,NA,NA,NA,NA
Daily,2018-09-17,77.0563,NA,NA,NA,NA,NA,NA,NA,NA,NA,NA,NA,0,NA,NA,NA,NA,NA,NA,NA,NA,NA,NA,NA
Daily,2018-09-18,77.225,NA,NA,NA,NA,NA,NA,NA,NA,NA,NA,NA,0,NA,NA,NA,NA,NA,NA,NA,NA,NA,NA,NA
Daily,2018-09-19,77.1125,NA,NA,NA,NA,NA,NA,NA,NA,NA,NA,NA,0,NA,NA,NA,NA,NA,NA,NA,NA,NA,NA,NA
Daily,2018-09-20,77.3937,NA,NA,NA,NA,NA,NA,NA,NA,NA,NA,NA,0,NA,NA,NA,NA,NA,NA,NA,NA,NA,NA,NA
Daily,2018-09-21,77.7313,NA,NA,NA,NA,NA,NA,NA,NA,NA,NA,NA,0,NA,NA,0,0.1,1.1,NA,NA,NA,NA,NA,NA
Daily,2018-09-22,77.45,NA,NA,NA,NA,NA,NA,NA,NA,NA,NA,NA,0,NA,NA,NA,NA,NA,NA,NA,NA,NA,NA,NA
Daily,2018-09-23,76.8875,NA,NA,NA,NA,NA,NA,NA,NA,NA,NA,NA,0,NA,NA,NA,NA,NA,NA,NA,NA,NA,NA,NA
Daily,2018-09-24,76.8312,NA,NA,NA,NA,NA,NA,NA,NA,NA,NA,NA,0,NA,NA,NA,NA,NA,NA,NA,NA,NA,NA,NA
Daily,2018-09-25,76.775,NA,NA,NA,NA,NA,NA,NA,NA,NA,NA,NA,0,NA,NA,NA,NA,NA,NA,NA,NA,NA,NA,NA
Daily,2018-09-26,76.6625,NA,NA,NA,NA,NA,NA,NA,NA,NA,NA,NA,0,NA,NA,NA,NA,NA,NA,NA,NA,NA,NA,NA
Daily,2018-09-27,76.6063,NA,NA,NA,NA,NA,NA,NA,NA,NA,NA,NA,0,NA,NA,0,0.04,1.2,2.2,NA,NA,NA,NA,NA
Daily,2018-09-28,76.4938,NA,NA,NA,NA,NA,NA,NA,NA,NA,NA,NA,0,NA,NA,NA,NA,NA,NA,NA,NA,NA,NA,NA
Daily,2018-09-29,76.325,NA,NA,NA,NA,NA,NA,NA,NA,NA,NA,NA,0,NA,NA,NA,NA,NA,NA,NA,NA,NA,NA,NA
Daily,2018-09-30,76.1563,NA,NA,NA,NA,NA,NA,NA,NA,NA,NA,NA,0,NA,NA,NA,NA,NA,NA,NA,NA,NA,NA,NA
Daily,2018-10-01,75.8188,NA,NA,NA,NA,NA,NA,NA,NA,NA,NA,NA,0,NA,NA,NA,NA,NA,NA,NA,NA,NA,NA,NA
Daily,2018-10-02,75.5938,NA,NA,NA,NA,NA,NA,NA,NA,NA,NA,NA,0,NA,NA,NA,NA,NA,NA,NA,NA,NA,NA,NA
Daily,2018-10-03,75.5375,NA,NA,NA,NA,NA,NA,NA,NA,NA,NA,NA,0,NA,NA,NA,NA,NA,NA,NA,NA,NA,NA,NA
Daily,2018-10-04,75.65,NA,NA,NA,NA,NA,NA,NA,NA,NA,NA,NA,0,NA,NA,0,0.06,1.1,1.9,NA,NA,NA,NA,NA
Daily,2018-10-05,75.3688,NA,NA,NA,NA,NA,NA,NA,NA,NA,NA,NA,0,NA,NA,NA,NA,NA,NA,NA,NA,NA,NA,NA
Daily,2018-10-06,74.8063,NA,NA,NA,NA,NA,NA,NA,NA,NA,NA,NA,0,NA,NA,0,0.04,0.7,1.1,NA,NA,NA,NA,NA
Daily,2018-10-07,74.1875,NA,NA,NA,NA,NA,NA,NA,NA,NA,NA,NA,0,NA,NA,NA,NA,NA,NA,NA,NA,NA,NA,NA
Daily,2018-10-08,73.4563,NA,NA,NA,NA,NA,NA,NA,NA,NA,NA,NA,0,NA,NA,NA,NA,NA,NA,NA,NA,NA,NA,NA
Daily,2018-10-09,72.7813,NA,NA,NA,NA,NA,NA,NA,NA,NA,NA,NA,0,NA,NA,NA,NA,NA,NA,NA,NA,NA,NA,NA
Daily,2018-10-10,72.3313,NA,NA,NA,NA,NA,NA,NA,NA,NA,NA,NA,0,NA,NA,NA,NA,NA,NA,NA,NA,NA,NA,NA
Daily,2018-10-11,72.2188,NA,NA,NA,NA,NA,NA,NA,NA,NA,NA,NA,0,NA,NA,NA,NA,NA,NA,NA,NA,NA,NA,NA
Daily,2018-10-12,71.9375,22.1349995,NA,31.58,NA,NA,NA,NA,93.5,NA,758,NA,NA,NA,8.259999,NA,NA,NA,NA,NA,NA,NA,NA,NA
Daily,2018-10-13,71.4875,21.959999,NA,31.594999,45387.497,NA,NA,NA,90.5,NA,764,NA,NA,NA,8.197499,NA,NA,1.4,NA,NA,NA,NA,NA,NA
Daily,2018-10-14,71.2063,21.814999,NA,31.449999,45231.247,NA,NA,NA,92,NA,768,NA,NA,NA,8.24,NA,NA,NA,NA,NA,NA,NA,NA,NA
Daily,2018-10-15,71.0375,21.689999,NA,31.4424995,45149.998,NA,NA,NA,93.5,NA,768,NA,NA,NA,8.24,NA,NA,NA,NA,NA,NA,NA,NA,NA
Daily,2018-10-16,70.6438,21.459999,NA,31.464998,44918.747,NA,NA,NA,93,NA,770,NA,NA,NA,NA,NA,NA,NA,NA,NA,NA,NA,NA,NA
Daily,2018-10-17,70.025,21.125,NA,31.584999,44506.248,NA,NA,NA,93.75,NA,762,NA,NA,NA,8.254999,NA,NA,NA,NA,NA,NA,NA,NA,NA
Daily,2018-10-18,69.6875,20.934999,NA,31.4424995,44424.999,NA,NA,NA,93,NA,766,NA,NA,NA,8.3025,NA,NA,NA,NA,NA,NA,NA,NA,NA
Daily,2018-10-19,69.6875,20.934999,NA,31.424999,44431.248,NA,NA,NA,91.5,NA,772,NA,NA,NA,8.3025,0,NA,0.8,1.2,NA,NA,NA,NA,NA
Daily,2018-10-20,70.025,21.119999,NA,31.449999,44596.873999999996,NA,NA,NA,93.5,NA,771,NA,NA,NA,8.3025,NA,NA,NA,NA,NA,NA,NA,NA,NA
Daily,2018-10-21,70.025,21.119999,NA,31.434999,44599.998,NA,NA,NA,92,NA,772,NA,NA,NA,NA,NA,NA,NA,NA,NA,NA,NA,NA,NA
Daily,2018-10-22,70.1375,21.224998,NA,31.389999,44693.748,NA,NA,NA,92.5,NA,774,NA,NA,NA,8.3025,NA,NA,NA,NA,NA,NA,NA,NA,NA
Daily,2018-10-23,70.25,21.309999,NA,31.445,44724.998,NA,NA,NA,90.5,NA,776,NA,NA,NA,8.3025,NA,NA,NA,NA,NA,NA,NA,NA,NA
Daily,2018-10-24,70.025,21.059999,NA,31.445,44631.248,NA,NA,NA,93.5,NA,778,NA,NA,NA,8.3025,NA,NA,NA,NA,NA,NA,NA,NA,NA
Daily,2018-10-25,70.0813,21.139999,NA,31.445,44637.497,NA,NA,NA,93,NA,780,NA,NA,NA,8.3025,0,0.08,0.8,1.2,NA,NA,NA,NA,NA
Daily,2018-10-26,70.025,21.139999,NA,31.445,44631.248,NA,NA,NA,93,NA,780,NA,NA,NA,NA,NA,NA,NA,NA,NA,NA,NA,NA,NA
Daily,2018-10-27,70.025,21.139999,NA,31.439999,44618.748,NA,NA,NA,93.5,NA,784,NA,NA,NA,8.36,NA,NA,NA,NA,NA,NA,NA,NA,NA
Daily,2018-10-28,70.0813,21.16,NA,31.445,44612.499,NA,NA,NA,93.5,NA,786,NA,NA,NA,8.355,NA,NA,NA,NA,NA,NA,NA,NA,NA
Daily,2018-10-29,70.1375,21.16,NA,31.449999,44631.248,NA,NA,NA,93,NA,788,NA,NA,NA,8.355,NA,NA,NA,NA,NA,NA,NA,NA,NA
Daily,2018-10-30,70.025,21.139999,NA,31.429998,44618.748,NA,NA,NA,92,NA,784,NA,NA,NA,8.349999,NA,NA,NA,NA,NA,NA,NA,NA,NA
Daily,2018-10-31,69.8563,21.014999,NA,31.404999,44500,NA,NA,NA,90,NA,0,NA,NA,NA,NA,NA,NA,NA,NA,NA,NA,NA,NA,NA
Daily,2018-11-01,69.2938,20.719999,NA,31.459999,44187.5,NA,NA,NA,92.5,NA,780,NA,NA,NA,8.36,0,0.06,1.3,1.2,NA,NA,NA,NA,NA
Daily,2018-11-02,68.9563,20.574999,NA,31.419998,44049.999,NA,NA,NA,93,NA,780,NA,NA,NA,8.349999,NA,NA,NA,NA,NA,NA,NA,NA,NA
Daily,2018-11-03,68.7875,20.449999,NA,31.449999,43887.497,NA,NA,NA,93,NA,782,NA,NA,NA,8.33,NA,NA,NA,NA,NA,NA,NA,NA,NA
Daily,2018-11-04,68.5625,20.324999,NA,31.404999,43818.748,NA,NA,NA,92.5,NA,784,NA,NA,NA,8.33,NA,NA,NA,NA,NA,NA,NA,NA,NA
Daily,2018-11-05,68.3938,20.199999,NA,31.464998,43643.749,NA,NA,NA,93,NA,786,NA,NA,NA,8.349999,NA,NA,NA,NA,NA,NA,NA,NA,NA
Daily,2018-11-06,68.2813,20.134998,NA,31.464998,43606.247,NA,NA,NA,93,NA,784,NA,NA,NA,8.412499,NA,NA,NA,NA,NA,NA,NA,NA,NA
Daily,2018-11-07,68.225,20.154999,NA,31.455,43587.498,NA,NA,NA,93,NA,786,NA,NA,NA,NA,NA,NA,NA,NA,NA,NA,NA,NA,NA
Daily,2018-11-08,68.675,20.259998,NA,31.439999,43762.497,NA,NA,NA,93,NA,788,NA,NA,NA,8.344999,0,0.06,1.2,NA,NA,NA,NA,NA,NA
Daily,2018-11-09,69.2375,20.66,NA,31.4,44231.247,NA,NA,NA,92.5,NA,794,NA,NA,NA,8.339999,NA,NA,NA,NA,NA,NA,NA,NA,NA
Daily,2018-11-10,70.7562,21.514999,NA,31.434999,44887.497,NA,NA,NA,92,NA,802,NA,NA,NA,NA,NA,NA,NA,NA,NA,NA,NA,NA,NA
Daily,2018-11-11,71.4875,21.994999,NA,31.439999,45312.5,NA,NA,NA,92,NA,808,NA,NA,NA,NA,NA,NA,NA,NA,NA,NA,NA,NA,NA
Daily,2018-11-12,72.05,22.224998,NA,31.464998,45537.498,NA,NA,NA,92.5,NA,808,NA,NA,NA,8.339999,NA,NA,NA,NA,NA,NA,NA,NA,NA
Daily,2018-11-13,72.1063,22.304998,NA,31.414999,45631.248,NA,NA,NA,92.5,NA,810,NA,NA,NA,8.339999,NA,NA,NA,NA,NA,NA,NA,NA,NA
Daily,2018-11-14,73.0625,22.785,NA,31.429998,46012.497,NA,NA,NA,92,NA,812,NA,NA,NA,8.334999,NA,NA,NA,NA,NA,NA,NA,NA,NA
Daily,2018-11-15,74.0187,23.285,NA,31.424999,46537.498,NA,NA,NA,92,NA,816,NA,NA,NA,8.325,0,0.09,0.9,2.6,NA,NA,NA,NA,NA
Daily,2018-11-16,74.8625,23.759998,NA,31.41,46993.748,NA,NA,NA,91.5,NA,816,NA,NA,NA,8.32,NA,NA,NA,NA,NA,NA,NA,NA,NA
Daily,2018-11-17,75.4813,24.134998,NA,31.414999,47293.747,NA,NA,NA,91.5,NA,808,NA,NA,NA,8.315,NA,NA,NA,NA,NA,NA,NA,NA,NA
Daily,2018-11-18,75.8188,24.324999,NA,31.314999,47500,NA,NA,NA,90.5,NA,810,NA,NA,NA,8.367499,NA,NA,NA,NA,8.2,NA,0.32,NA,NA
Daily,2018-11-19,76.2125,24.529999,NA,31.285,47643.749,NA,NA,NA,91.5,NA,810,NA,NA,NA,8.372499,NA,NA,NA,NA,NA,NA,NA,NA,NA
Daily,2018-11-20,76.6063,24.759998,NA,31.32,47862.499,NA,NA,NA,91.5,NA,812,NA,NA,NA,8.359999,NA,NA,NA,NA,NA,132,0.33,0.005,NA
Daily,2018-11-21,76.6063,24.759998,NA,31.289999,47853.1225,NA,NA,NA,91.5,NA,816,NA,NA,NA,8.3475,NA,NA,NA,NA,NA,NA,NA,NA,NA
Daily,2018-11-22,76.4375,24.679998,NA,31.33,NA,NA,NA,NA,90,NA,NA,NA,NA,NA,8.3375,NA,NA,NA,NA,NA,NA,NA,NA,NA
Daily,2018-11-23,76.6063,NA,NA,NA,NA,NA,NA,NA,NA,NA,0,NA,NA,NA,NA,NA,NA,NA,NA,NA,NA,NA,NA,NA
Daily,2018-11-24,76.6625,NA,NA,NA,NA,NA,NA,NA,NA,NA,0,NA,NA,NA,NA,NA,NA,NA,NA,NA,NA,NA,NA,NA
Daily,2018-11-25,76.7188,NA,NA,NA,NA,NA,NA,NA,NA,NA,0,NA,NA,NA,NA,NA,NA,NA,NA,NA,NA,NA,NA,NA
Daily,2018-11-26,77.1125,NA,NA,NA,NA,NA,NA,NA,NA,NA,0,NA,NA,NA,NA,NA,NA,NA,NA,NA,NA,NA,NA,NA
Daily,2018-11-27,77,NA,NA,NA,NA,NA,NA,NA,NA,NA,0,NA,NA,NA,NA,NA,NA,NA,NA,NA,NA,NA,NA,NA
Daily,2018-11-28,75.7625,NA,NA,NA,NA,NA,NA,NA,NA,NA,0,NA,NA,NA,NA,NA,NA,NA,NA,NA,NA,NA,NA,NA
Daily,2018-11-29,75.0313,NA,NA,NA,NA,NA,NA,NA,NA,NA,0,NA,NA,NA,NA,NA,NA,NA,NA,NA,NA,NA,NA,NA
Daily,2018-11-30,74.075,23.285,NA,31.334999,46412.498,NA,NA,NA,90.5,NA,0,NA,NA,NA,8.3425,0,0.03,1.2,1.8,8.29,NA,0.3,0.004,NA
Daily,2018-12-01,73.4,22.99,NA,31.33,46174.999,NA,NA,NA,90.5,NA,804,NA,NA,NA,8.155,0,0.03,0.8,1.8,NA,NA,NA,NA,NA
Daily,2018-12-02,72.5563,22.57,NA,31.304998,45824.997,NA,NA,NA,91,NA,802,NA,NA,NA,8.174999,NA,NA,NA,NA,NA,NA,NA,NA,NA
Daily,2018-12-03,72.1063,22.269999,NA,31.304998,45581.249,NA,NA,NA,93,NA,808,NA,NA,NA,8.242499,NA,NA,NA,NA,NA,NA,NA,NA,NA
Daily,2018-12-04,71.9375,22.164999,NA,31.434999,45443.748,NA,NA,NA,93,NA,808,NA,NA,NA,8.2525,NA,NA,NA,NA,NA,NA,NA,NA,NA
Daily,2018-12-05,71.6563,22,NA,31.419998,45381.248,NA,NA,NA,91.5,NA,812,NA,NA,NA,NA,NA,NA,NA,NA,NA,NA,NA,NA,NA
Daily,2018-12-06,71.4875,21.904999,NA,31.1274985,NA,NA,NA,NA,91.5,NA,744,NA,NA,NA,8.184999,0,0.06,0.8,1.5,NA,NA,NA,NA,NA
Daily,2018-12-07,71.3187,21.844999,NA,31.074999,44731.247,NA,NA,NA,91,NA,768,NA,NA,NA,8.15,NA,NA,NA,NA,8.3,NA,0.26,0,NA
Daily,2018-12-08,71.2063,21.82,NA,31.049999,44737.499,NA,NA,NA,93,NA,782,NA,NA,NA,8.155,NA,NA,NA,NA,NA,NA,NA,NA,NA
Daily,2018-12-09,71.4313,21.939999,NA,31.099998,44843.75,NA,NA,NA,93.5,NA,789,NA,NA,NA,8.2175,NA,NA,NA,NA,NA,NA,NA,NA,NA
Daily,2018-12-10,71.6563,22.039999,NA,31.049999,44956.249,NA,NA,NA,92.5,NA,794,NA,NA,NA,8.2275,NA,NA,NA,NA,NA,NA,NA,NA,NA
Daily,2018-12-11,71.8812,22.125,NA,31.049999,NA,NA,NA,NA,92.25,NA,772,NA,NA,NA,8.232499,NA,NA,NA,NA,NA,NA,NA,NA,NA
Daily,2018-12-12,72.05,NA,NA,NA,NA,NA,NA,NA,NA,NA,0,NA,NA,NA,NA,NA,NA,NA,NA,NA,NA,NA,NA,NA
Daily,2018-12-13,72.1063,NA,NA,NA,NA,NA,NA,NA,NA,NA,0,NA,NA,NA,NA,0,0.09,NA,2.5,NA,NA,NA,NA,NA
Daily,2018-12-14,71.8812,NA,NA,NA,NA,NA,NA,NA,NA,NA,0,NA,NA,NA,NA,NA,NA,NA,NA,NA,NA,NA,NA,NA
Daily,2018-12-15,71.6,NA,NA,NA,NA,NA,NA,NA,NA,NA,0,NA,NA,NA,NA,NA,NA,NA,NA,NA,NA,NA,NA,NA
Daily,2018-12-16,71.4313,NA,NA,NA,NA,NA,NA,NA,NA,NA,0,NA,NA,NA,NA,NA,NA,NA,NA,NA,NA,NA,NA,NA
Daily,2018-12-17,71.6,22.164999,NA,31.049999,NA,NA,NA,NA,96.5,NA,NA,NA,NA,NA,8.294999,NA,NA,NA,NA,NA,NA,NA,NA,NA
Daily,2018-12-18,71.8812,22.164999,NA,31.08,45118.748,NA,NA,NA,93,NA,800,NA,NA,NA,8.304999,NA,NA,NA,NA,NA,NA,NA,NA,NA
Daily,2018-12-19,71.9938,22.184999,NA,31.035,NA,NA,NA,NA,92.5,NA,784,NA,NA,NA,8.304999,NA,NA,NA,NA,NA,NA,NA,NA,NA
Daily,2018-12-20,72.2188,22.289999,NA,31.094999,45224.9985,NA,NA,NA,92,NA,808,NA,NA,NA,8.304999,NA,NA,NA,NA,NA,NA,NA,NA,NA
Daily,2018-12-21,72.1625,22.269999,NA,31.089998,45268.749,NA,NA,NA,92.5,NA,800,NA,NA,NA,8.294999,NA,0.05,0.7,1,8.39,NA,NA,NA,NA
Daily,2018-12-22,72.1625,22.289999,NA,31.074999,45187.5,NA,NA,NA,95.5,NA,800,NA,NA,NA,8.285,NA,NA,NA,NA,NA,NA,NA,NA,NA
Daily,2018-12-23,72.1625,22.33,NA,31.054998,45224.998,NA,NA,NA,96,NA,804,NA,NA,NA,8.28,NA,NA,NA,NA,NA,NA,NA,NA,NA
Daily,2018-12-24,72.275,22.394999,NA,31.029999,45299.999,NA,NA,NA,96,NA,806,NA,NA,NA,8.28,NA,NA,NA,NA,NA,NA,NA,NA,NA
Daily,2018-12-25,72.2188,22.33,NA,31.08,45199.997,NA,NA,NA,94.5,NA,800,NA,NA,NA,8.28,NA,NA,NA,NA,NA,NA,NA,NA,NA
Daily,2018-12-26,71.7688,22.109999,NA,31.084999,44987.499,NA,NA,NA,90.5,NA,784,NA,NA,NA,8.155,NA,NA,NA,NA,NA,NA,NA,NA,NA
Daily,2018-12-27,71.9375,22.214998,NA,31.059999,45049.999,NA,NA,NA,91,NA,797,NA,NA,NA,8.155,NA,NA,NA,NA,NA,NA,NA,NA,NA
Daily,2018-12-28,72.2188,22.33,NA,31.039999,45224.998,NA,NA,NA,92,NA,802,NA,NA,NA,8.275,NA,NA,NA,NA,NA,NA,NA,NA,NA
Daily,2018-12-29,72.1063,22.25,NA,31.039999,45187.5,NA,NA,NA,92.5,NA,796,NA,NA,NA,8.28,NA,NA,NA,NA,NA,NA,NA,NA,NA
Daily,2018-12-30,72.1063,22.254999,NA,31.029999,45193.748,NA,NA,NA,92,NA,798,NA,NA,NA,8.2175,NA,NA,NA,NA,NA,NA,NA,NA,NA
Daily,2018-12-31,72.3875,22.375,NA,31.059999,45268.749,NA,NA,NA,90.5,NA,808,NA,NA,NA,8.2225,NA,NA,NA,NA,NA,NA,NA,NA,NA
Daily,2019-01-01,72.1625,22.334999,NA,31.105,NA,NA,NA,NA,89.5,NA,0,NA,NA,NA,8.2125,NA,NA,NA,NA,NA,NA,NA,NA,NA
Daily,2019-01-02,73.85,23.549999,NA,30.929999000000002,46309.373999999996,NA,NA,NA,91.5,NA,0,NA,NA,NA,8.3075,NA,NA,NA,NA,NA,NA,NA,NA,NA
Daily,2019-01-03,75.2,24,NA,30.939999,46643.749,NA,NA,NA,92,NA,816,NA,NA,NA,8.3025,0,0.07,NA,1.6,NA,NA,NA,NA,NA
Daily,2019-01-04,75.0313,23.939999,NA,30.919998,46712.498,NA,NA,NA,92,NA,820,NA,NA,NA,8.2975,NA,NA,NA,NA,NA,NA,NA,NA,NA
Daily,2019-01-05,76.2125,24.584999,NA,30.914999,47181.248,NA,NA,NA,90.5,NA,826,NA,NA,NA,8.287499,NA,NA,NA,NA,NA,NA,NA,NA,NA
Daily,2019-01-06,75.3125,NA,NA,NA,NA,NA,NA,NA,NA,NA,NA,NA,NA,NA,NA,NA,NA,NA,NA,NA,NA,NA,NA,NA
Daily,2019-01-07,74.5812,NA,NA,NA,NA,NA,NA,NA,NA,NA,NA,NA,NA,NA,NA,NA,NA,NA,NA,NA,NA,NA,NA,NA
Daily,2019-01-08,74.5812,23.714998,NA,30.89502,NA,NA,NA,NA,93.5,NA,NA,NA,NA,NA,8.1825,NA,NA,NA,NA,NA,NA,NA,NA,NA
Daily,2019-01-09,74.1875,23.464998,NA,31.0566405,NA,NA,NA,NA,91.5,NA,822,NA,NA,NA,8.134999,NA,NA,NA,NA,NA,NA,NA,NA,NA
Daily,2019-01-10,73.7375,23.214998,NA,31.019999,46084.3735,NA,NA,NA,84.5,NA,800,NA,NA,NA,8.15,NA,NA,NA,NA,NA,NA,NA,NA,NA
Daily,2019-01-11,73.5688,23.115,NA,31.049999,45974.998,NA,NA,NA,82.5,NA,650,NA,NA,NA,8.155,NA,NA,NA,NA,NA,NA,NA,NA,NA
Daily,2019-01-12,73.6813,23.134998,NA,31.044998,45849.998,NA,NA,NA,91.5,NA,742,NA,NA,NA,8.12,NA,NA,NA,NA,NA,NA,NA,NA,NA
Daily,2019-01-13,73.4,23.009998,NA,31.014999,45793.747,NA,NA,NA,91.5,NA,802,NA,NA,NA,7.875,NA,NA,NA,NA,NA,NA,NA,NA,NA
Daily,2019-01-14,73.1188,22.839998,NA,31.25,45768.749,NA,NA,NA,91.5,NA,799,NA,NA,NA,7.93,NA,NA,NA,NA,NA,NA,NA,NA,NA
Daily,2019-01-15,72.8938,22.684999,NA,31.299999,45868.748,NA,NA,NA,91.5,NA,802,NA,NA,NA,7.97375,NA,NA,NA,NA,NA,NA,NA,NA,NA
Daily,2019-01-16,72.7813,22.674999,NA,31.324999,45893.749,NA,NA,NA,93,NA,812,NA,NA,NA,8.077499,NA,NA,NA,NA,NA,NA,NA,NA,NA
Daily,2019-01-17,72.8375,22.674999,NA,31.334999,45812.5,NA,NA,NA,93.5,NA,808,NA,NA,NA,8.15,NA,NA,NA,NA,NA,NA,NA,NA,NA
Daily,2019-01-18,72.8938,22.714998,NA,31.314999,45893.749,NA,NA,NA,93,NA,796,NA,NA,NA,NA,NA,NA,NA,NA,NA,NA,NA,NA,NA
Daily,2019-01-19,72.7813,22.644999,NA,31.309999,45843.75,NA,NA,NA,93.5,NA,792,NA,NA,NA,8.2175,0,0.06,0.7,1,8.45,NA,NA,NA,NA
Daily,2019-01-20,72.6688,22.564999,NA,31.289999,45812.5,NA,NA,NA,93.5,NA,792,NA,NA,NA,8.2275,NA,NA,NA,NA,NA,NA,NA,NA,NA
Daily,2019-01-21,72.5563,22.519999,NA,31.279999,NA,NA,NA,NA,92,NA,NA,NA,NA,NA,8.232499,NA,NA,NA,NA,NA,NA,NA,NA,NA
Daily,2019-01-22,72.3313,22.379999,NA,31.344999,NA,NA,NA,NA,96.5,NA,NA,NA,NA,NA,8.179999,NA,NA,NA,NA,NA,NA,NA,NA,NA
Daily,2019-01-23,72.05,22.275,NA,31.41,45581.249,NA,NA,NA,93.5,NA,780.5,NA,NA,NA,8.19,NA,NA,NA,NA,NA,NA,NA,NA,NA
Daily,2019-01-24,71.9938,22.184999,NA,31.419998,45512.497,NA,NA,NA,93.5,NA,784,NA,NA,NA,8.195,NA,NA,NA,NA,NA,NA,NA,NA,NA
Daily,2019-01-25,71.825,22.125,NA,31.455,45412.498,NA,NA,NA,93.5,NA,774,NA,NA,NA,8.2,2,0.03,0.7,1.6,NA,NA,NA,NA,NA
Daily,2019-01-26,71.6563,22.025,NA,31.434999,45381.248,NA,NA,NA,94,NA,774,NA,NA,NA,8.2,NA,NA,NA,NA,NA,NA,NA,NA,NA
Daily,2019-01-27,71.4875,21.919998,NA,31.4,45312.5,NA,NA,NA,93.5,NA,764,NA,NA,NA,8.26,NA,NA,NA,NA,NA,NA,NA,NA,NA
Daily,2019-01-28,71.4313,21.934999,NA,31.419998,45274.998,NA,NA,NA,93.5,NA,764,NA,NA,NA,8.32,NA,NA,NA,NA,NA,NA,NA,NA,NA
Daily,2019-01-29,71.5438,21.99,NA,31.429998,45343.75,NA,NA,NA,92.5,NA,766,NA,NA,NA,8.32,NA,NA,NA,NA,NA,NA,NA,NA,NA
Daily,2019-01-30,71.4875,21.889999,NA,31.404999,45268.749,NA,NA,NA,93,NA,772,NA,NA,NA,8.32,NA,NA,NA,NA,NA,NA,NA,NA,NA
Daily,2019-01-31,71.375,21.875,NA,31.439999,45193.748,NA,NA,NA,93.5,NA,770,NA,NA,NA,8.2575,0,0.03,1.1,2.5,NA,NA,0.03,NA,NA
Daily,2019-02-01,71.2625,21.769999,NA,31.445,45143.749,NA,NA,NA,93.5,NA,768,NA,NA,NA,8.195,0,0,0.9,2,8.5,136,0.16,0.005,NA
Daily,2019-02-02,71.2063,21.769999,NA,31.414999,NA,NA,NA,NA,92.5,NA,NA,NA,NA,NA,8.2525,NA,NA,NA,NA,NA,NA,NA,NA,NA
Daily,2019-02-03,70.9813,NA,NA,NA,NA,NA,NA,NA,NA,NA,0,NA,NA,NA,NA,NA,NA,NA,NA,NA,NA,NA,NA,NA
Daily,2019-02-04,70.8688,21.65,NA,31.359999,NA,NA,NA,NA,95,NA,NA,NA,NA,NA,8.242499,NA,NA,NA,NA,NA,NA,NA,NA,NA
Daily,2019-02-05,71.15,21.589998,NA,31.33,44890.62300000001,NA,NA,NA,91.5,NA,776,NA,NA,NA,8.232499,NA,NA,NA,NA,NA,NA,NA,NA,NA
Daily,2019-02-06,71.7688,22.414999,NA,31.309999,45556.248,NA,NA,NA,94.75,NA,775,NA,NA,NA,8.28,NA,NA,NA,NA,NA,NA,NA,NA,NA
Daily,2019-02-07,72.1063,22.289999,NA,31.289999,45481.247,NA,NA,NA,94,NA,770,NA,NA,NA,8.285,NA,NA,NA,NA,NA,NA,NA,NA,NA
Daily,2019-02-08,72.275,22.369999,NA,31.32,45581.249,NA,NA,NA,94.75,NA,768,NA,NA,NA,8.29,NA,NA,NA,NA,NA,NA,NA,NA,NA
Daily,2019-02-09,71.8812,NA,NA,NA,NA,NA,NA,NA,NA,NA,NA,NA,NA,NA,NA,NA,NA,NA,NA,NA,NA,NA,NA,NA
Daily,2019-02-10,71.4313,NA,NA,NA,NA,NA,NA,NA,NA,NA,NA,NA,NA,NA,NA,NA,NA,NA,NA,NA,NA,NA,NA,NA
Daily,2019-02-11,71.3187,21.889999,NA,31.334999,45124.998,NA,NA,NA,98,NA,762,NA,NA,NA,8.304999,NA,NA,NA,NA,NA,NA,NA,NA,NA
Daily,2019-02-12,71.825,22.5024995,NA,31.3074985,45612.4975,NA,NA,NA,96.75,NA,764,NA,NA,NA,8.3475,NA,NA,NA,NA,NA,NA,NA,NA,NA
Daily,2019-02-13,72.4437,22.429998,NA,31.344999,45631.248,NA,NA,NA,93.5,NA,766,NA,NA,NA,8.357499,NA,NA,NA,NA,NA,NA,NA,NA,NA
Daily,2019-02-14,72.3313,22.4324985,NA,31.32,45625,NA,NA,NA,92.5,NA,766,NA,NA,NA,8.294999,NA,NA,NA,NA,NA,NA,NA,NA,NA
Daily,2019-02-15,72.1625,22.309999,NA,31.279999,45556.248,NA,NA,NA,92.5,NA,772,NA,NA,NA,8.28,NA,NA,NA,NA,NA,NA,NA,NA,NA
Daily,2019-02-16,71.9375,22.164999,NA,31.334999,45403.123999999996,NA,NA,NA,92,NA,774,NA,NA,NA,8.285,NA,NA,NA,NA,NA,NA,NA,NA,NA
Daily,2019-02-17,71.5438,NA,NA,NA,NA,NA,NA,NA,NA,NA,NA,NA,NA,NA,NA,NA,NA,NA,NA,NA,NA,NA,NA,NA
Daily,2019-02-18,70.9813,21.654999,NA,31.349998,44875,NA,NA,NA,93,NA,764,NA,NA,NA,8.174999,NA,NA,NA,NA,NA,NA,NA,NA,NA
Daily,2019-02-19,70.7562,21.5,NA,31.294998,44893.749,NA,NA,NA,93.5,NA,754,NA,NA,NA,8.237499,NA,NA,NA,NA,NA,NA,NA,NA,NA
Daily,2019-02-20,70.9813,NA,NA,NA,NA,NA,NA,NA,NA,NA,NA,NA,NA,NA,NA,NA,NA,NA,NA,NA,NA,NA,NA,NA
Daily,2019-02-21,72.5563,22.504999,NA,31.314999,45709.3735,NA,NA,NA,92,NA,780,NA,NA,NA,8.155,0,0.06,0.6,1.6,NA,125.2,0.28,0.007,NA
Daily,2019-02-22,71.7125,22.267499,NA,31.3024985,45456.248999999996,NA,NA,NA,90,NA,782,NA,NA,NA,8.155,NA,NA,NA,NA,NA,NA,NA,NA,NA
Daily,2019-02-23,71.2063,NA,NA,NA,NA,NA,NA,NA,NA,NA,NA,NA,NA,NA,NA,NA,NA,NA,NA,NA,NA,NA,NA,NA
Daily,2019-02-24,70.8688,NA,NA,NA,NA,NA,NA,NA,NA,NA,NA,NA,NA,NA,NA,NA,NA,NA,NA,NA,NA,NA,NA,NA
Daily,2019-02-25,70.7562,21.574999,NA,31.309999,44887.497,NA,NA,NA,97.5,NA,755,NA,NA,NA,8.357499,NA,NA,NA,NA,NA,NA,NA,NA,NA
Daily,2019-02-26,70.7562,21.634998,NA,31.352499,44812.5,NA,NA,NA,94,NA,765,NA,NA,NA,8.357499,NA,NA,NA,NA,NA,NA,NA,NA,NA
Daily,2019-02-27,70.9813,21.654999,NA,31.269999,45121.873999999996,NA,NA,NA,96.5,NA,750,NA,NA,NA,8.429999,NA,NA,NA,NA,NA,NA,NA,NA,NA
Daily,2019-02-28,71.0938,21.8099995,NA,31.309999,45081.249,NA,NA,NA,97.75,NA,748,NA,NA,NA,8.434999,0,0,1,2,NA,111.6,0,0.023,NA
Daily,2019-03-01,71.15,21.719999,NA,31.3424985,44918.747,NA,NA,NA,94.25,NA,756,NA,NA,NA,8.429999,0,0.05,0.7,2,NA,NA,0.24,0.013,NA
Daily,2019-03-02,70.9813,21.714998,NA,31.309999,44868.748,NA,NA,NA,93.5,NA,760,NA,NA,NA,8.389999,NA,NA,NA,NA,NA,NA,NA,NA,NA
Daily,2019-03-03,70.9813,21.629999,NA,31.324999,44865.6235,NA,NA,NA,97,NA,760,NA,NA,NA,8.389999,NA,NA,NA,NA,NA,NA,NA,NA,NA
Daily,2019-03-04,70.9813,21.724998499999998,NA,31.33,44856.247,NA,NA,NA,93.5,NA,766,NA,NA,NA,8.3975,NA,NA,NA,NA,NA,NA,NA,NA,NA
Daily,2019-03-05,71.2063,21.674999,NA,31.279999,44949.997,NA,NA,NA,93,NA,766,NA,NA,NA,8.4,NA,NA,NA,NA,NA,NA,NA,NA,NA
Daily,2019-03-06,71.375,21.879999,NA,31.334999,45093.75,NA,NA,NA,97.25,NA,768,NA,NA,NA,NA,NA,NA,NA,NA,NA,NA,NA,NA,NA
Daily,2019-03-07,71.3187,21.839998,NA,31.304998,45149.998,NA,NA,NA,95.5,NA,768,NA,NA,NA,8.41,0,NA,0.7,1.8,NA,107.2,0.48,0,NA
Daily,2019-03-08,71.0375,21.654999,NA,31.339998,44912.498,NA,NA,NA,92,NA,772,NA,NA,NA,8.395,NA,NA,NA,NA,NA,NA,NA,NA,NA
Daily,2019-03-09,70.6438,21.414999,NA,31.309999,44762.497,NA,NA,NA,94.5,NA,758,NA,NA,NA,8.299999,NA,NA,NA,NA,NA,NA,NA,NA,NA
Daily,2019-03-10,70.6438,21.434999,NA,31.304998,44762.497,NA,NA,NA,94,NA,760,NA,NA,NA,8.304999,NA,NA,NA,NA,NA,NA,NA,NA,NA
Daily,2019-03-11,70.7562,21.535,NA,31.3424985,44943.748,NA,NA,NA,94,NA,754,NA,NA,NA,8.309999,NA,NA,NA,NA,NA,NA,NA,NA,NA
Daily,2019-03-12,70.4188,21.289999,NA,32.25,45881.248,NA,NA,NA,92.5,NA,748,NA,NA,NA,8.254999,NA,NA,NA,NA,NA,NA,NA,NA,NA
Daily,2019-03-13,69.4063,20.834999,NA,32.609997,45912.498,NA,NA,NA,91.5,NA,761,NA,NA,NA,8.242499,NA,NA,NA,NA,NA,NA,NA,NA,NA
Daily,2019-03-14,69.0687,20.544998,NA,32.649998,45568.748,NA,NA,NA,95.5,NA,766,NA,NA,NA,8.24,0,0.02,0.7,1,8.5,145.2,0.31,0,NA
Daily,2019-03-15,69.0125,20.504999,NA,32.559998,45456.249,NA,NA,NA,95,NA,772,NA,NA,NA,8.2125,NA,NA,NA,NA,NA,NA,NA,NA,NA
Daily,2019-03-16,69.0125,20.584999,NA,32.579998,45474.998,NA,NA,NA,95,NA,769,NA,NA,NA,8.192499,NA,NA,NA,NA,NA,NA,NA,NA,NA
Daily,2019-03-17,69.4625,20.769999,NA,32.389999,45556.248,NA,NA,NA,95,NA,774,NA,NA,NA,8.29,NA,NA,NA,NA,NA,NA,NA,NA,NA
Daily,2019-03-18,69.6312,20.974998,NA,32.399998,45574.997,NA,NA,NA,94.5,NA,776.75,NA,NA,NA,8.27,NA,NA,NA,NA,NA,NA,NA,NA,NA
Daily,2019-03-19,70.0813,21.134998,NA,32.364998,45643.749,NA,NA,NA,95,NA,779,NA,NA,NA,8.3125,NA,NA,NA,NA,NA,NA,NA,NA,NA
Daily,2019-03-20,70.4188,21.259998,NA,32.079998,45743.748,NA,NA,NA,95,NA,777,NA,NA,NA,8.372499,NA,NA,NA,NA,NA,NA,NA,NA,NA
Daily,2019-03-21,70.4188,21.339998,NA,32.199997,45643.749,NA,NA,NA,94.5,NA,785,NA,NA,NA,8.415,0,0,0.8,1.5,NA,118,NA,NA,NA
Daily,2019-03-22,70.3063,21.275,NA,NA,45500,NA,NA,NA,92.5,NA,568,NA,NA,NA,8.657499,0,0.04,0.5,0.9,8.3,134,0.21,0.008,NA
Daily,2019-03-23,70.3063,21.254999,NA,33.859997,47718.75,NA,NA,NA,90.5,NA,590,NA,NA,NA,8.7,NA,NA,NA,NA,NA,NA,NA,NA,NA
Daily,2019-03-24,70.3625,21.359999,NA,33.82,47724.998,NA,NA,NA,90.5,NA,612,NA,NA,NA,8.634999,NA,NA,NA,NA,NA,NA,NA,NA,NA
Daily,2019-03-25,70.5313,21.379999,NA,33.939999,47787.498,NA,NA,NA,90.5,NA,624,NA,NA,NA,NA,NA,NA,NA,NA,NA,NA,NA,NA,NA
Daily,2019-03-26,70.7562,21.525,NA,33.829998,47918.747,NA,NA,NA,90,NA,636,NA,NA,NA,8.697499,NA,NA,NA,NA,NA,NA,NA,NA,NA
Daily,2019-03-27,70.8125,21.525,NA,33.929996,47949.997,NA,NA,NA,89.5,NA,648,NA,NA,NA,8.7,NA,NA,NA,NA,NA,NA,NA,NA,NA
Daily,2019-03-28,71.0375,21.629999,NA,33.879997,48143.749,NA,NA,NA,89.5,NA,651,NA,NA,NA,8.6375,0,0.02,0.4,0.8,8.2,124,0.36,0.002,NA
Daily,2019-03-29,71.0938,21.74,NA,33.949997,48159.3725,NA,NA,NA,87.5,NA,604,NA,NA,NA,NA,NA,NA,NA,NA,NA,NA,NA,NA,NA
Daily,2019-03-30,71.0938,NA,NA,NA,NA,NA,NA,NA,NA,NA,NA,NA,NA,NA,NA,NA,NA,NA,NA,NA,NA,NA,NA,NA
Daily,2019-03-31,71.0938,NA,NA,NA,NA,NA,NA,NA,NA,NA,NA,NA,NA,NA,NA,NA,NA,NA,NA,NA,NA,NA,NA,NA
Daily,2019-04-01,71.0938,NA,NA,NA,NA,NA,NA,NA,NA,NA,NA,NA,NA,NA,NA,NA,NA,NA,NA,NA,NA,NA,NA,NA
Daily,2019-04-02,71.15,21.799999,NA,33.884998,48346.873999999996,NA,NA,NA,91.5,NA,662,NA,NA,NA,8.4175,NA,NA,NA,NA,NA,NA,NA,NA,NA
Daily,2019-04-03,71.2063,21.74,NA,33.919998,48324.997,NA,NA,NA,89.5,NA,666,NA,NA,NA,NA,NA,NA,NA,NA,NA,NA,NA,NA,NA
Daily,2019-04-04,71.15,21.74,NA,33.859997,48356.247,NA,NA,NA,88.5,NA,667.625,NA,NA,NA,NA,1,0.02,0.7,1.2,NA,121,0.51,0,NA
Daily,2019-04-05,71.0375,21.654999,NA,33.82,48334.3735,NA,NA,NA,88.5,NA,662,NA,NA,NA,8.365,NA,NA,NA,NA,NA,NA,NA,NA,NA
Daily,2019-04-06,70.9813,21.634998,NA,33.879997,48299.999,NA,NA,NA,88.5,NA,674,NA,NA,NA,8.37,NA,NA,NA,NA,NA,NA,NA,NA,NA
Daily,2019-04-07,71.3187,21.824999,NA,33.919998,48518.749,NA,NA,NA,89.5,NA,680,NA,NA,NA,8.362499,NA,NA,NA,NA,NA,NA,NA,NA,NA
Daily,2019-04-08,71.825,22.094999,NA,34.149998,48768.749,NA,NA,NA,89.5,NA,686,NA,NA,NA,8.315,NA,NA,NA,NA,NA,NA,NA,NA,NA
Daily,2019-04-09,72.275,22.379999,NA,34.179996,49018.749,NA,NA,NA,88,NA,695,NA,NA,NA,8.379999,NA,NA,NA,NA,NA,NA,NA,NA,NA
Daily,2019-04-10,72.3875,22.419998,NA,34.139999,49125,NA,NA,NA,89,NA,695,NA,NA,NA,NA,NA,NA,NA,NA,NA,NA,NA,NA,NA
Daily,2019-04-11,72.1625,22.279999,NA,34.149998,49049.999,NA,NA,NA,88.5,NA,702,NA,NA,NA,8.389999,0,0,0.6,1,8.2,102,0.21,0.02,NA
Daily,2019-04-12,71.8812,22.154999,NA,34.169998,48856.247,NA,NA,NA,86,NA,702,NA,NA,NA,8.395,NA,NA,NA,NA,NA,NA,NA,NA,NA
Daily,2019-04-13,71.6563,22.009998,NA,34.169998,48837.498,NA,NA,NA,88.5,NA,705.5,NA,NA,NA,8.3775,NA,NA,NA,NA,NA,NA,NA,NA,NA
Daily,2019-04-14,71.7125,21.949999,NA,34.099998,48881.248,NA,NA,NA,85.5,NA,708,NA,NA,NA,8.3475,NA,NA,NA,NA,NA,NA,NA,NA,NA
Daily,2019-04-15,71.8812,22.1849995,NA,34.119999,49137.497,NA,NA,NA,92.5,NA,702,NA,NA,NA,8.41,NA,NA,NA,NA,NA,NA,NA,NA,NA
Daily,2019-04-16,72.05,22.24,NA,34.199997,49059.373999999996,NA,NA,NA,87.5,NA,704,NA,NA,NA,8.3825,NA,NA,NA,NA,NA,NA,NA,NA,NA
Daily,2019-04-17,71.9938,22.24,NA,34.119999,49112.499,NA,NA,NA,86.5,NA,696,NA,NA,NA,NA,NA,NA,NA,NA,NA,NA,NA,NA,NA
Daily,2019-04-18,72.2188,22.279999,NA,34.099998,49237.499,NA,NA,NA,88.5,NA,695.5,NA,NA,NA,8.357499,0,0.02,0.4,0.7,8.3,107,0.3,0.003,NA
Daily,2019-04-19,72.4437,22.469999,NA,34.029999,49415.624500000005,NA,NA,NA,88,NA,693.25,NA,NA,NA,8.407499,NA,NA,NA,NA,NA,NA,NA,NA,NA
Daily,2019-04-20,72.6688,22.615,NA,34.16,49518.749,NA,NA,NA,88,NA,697,NA,NA,NA,8.367499,NA,NA,NA,NA,NA,NA,NA,NA,NA
Daily,2019-04-21,72.725,22.615,NA,34.199997,49568.748,NA,NA,NA,87.5,NA,700.5,NA,NA,NA,8.4187495,NA,NA,NA,NA,NA,NA,NA,NA,NA
Daily,2019-04-22,72.8938,22.74,NA,34.289997,49731.247,NA,NA,NA,87.5,NA,704.25,NA,NA,NA,8.37,NA,NA,NA,NA,NA,NA,NA,NA,NA
Daily,2019-04-23,73.0062,22.824999,NA,34.339996,49815.623999999996,NA,NA,NA,87.5,NA,704.75,NA,NA,NA,8.315,NA,NA,NA,NA,NA,NA,NA,NA,NA
Daily,2019-04-24,72.95,22.759998,NA,34.439999,49787.498,NA,NA,NA,88.5,NA,687,NA,NA,NA,8.139999,NA,NA,NA,NA,NA,NA,NA,NA,NA
Daily,2019-04-25,73.4,23.07,NA,34.349998,50056.248,NA,NA,NA,88,NA,692,NA,NA,NA,8.139999,0,0.07,0.8,1.5,8.4,NA,0,0,NA
Daily,2019-04-26,73.7938,23.195,NA,34.449997,50281.25,NA,NA,NA,88.5,NA,696,NA,NA,NA,8.205,NA,NA,NA,NA,NA,NA,NA,NA,NA
Daily,2019-04-27,74.0187,23.355,NA,34.349998,50481.247,NA,NA,NA,88.5,NA,704,NA,NA,NA,8.2175,NA,NA,NA,NA,NA,NA,NA,NA,NA
Daily,2019-04-28,74.2438,23.48,NA,34.389999,50562.5,NA,NA,NA,88,NA,709,NA,NA,NA,NA,NA,NA,NA,NA,NA,NA,NA,NA,NA
Daily,2019-04-29,74.1313,23.409999,NA,34.329998,50456.249,NA,NA,NA,86,NA,709,NA,NA,NA,8.235,NA,NA,NA,NA,NA,NA,NA,NA,NA
Daily,2019-04-30,73.85,23.25,NA,34.219997,50218.75,NA,NA,NA,89,NA,704,NA,NA,NA,8.2975,NA,NA,NA,NA,NA,NA,NA,NA,NA
Daily,2019-05-01,73.9063,23.264999,NA,34.089996,50162.498,NA,NA,NA,88.5,NA,707,NA,NA,NA,8.2975,NA,NA,NA,NA,NA,NA,NA,NA,NA
Daily,2019-05-02,73.85,23.224998,NA,34.16,50106.247,NA,NA,NA,88,NA,708,NA,NA,NA,8.2975,0,0.07,0.6,0.4,8,NA,0.32,0,NA
Daily,2019-05-03,73.7375,23.144999,NA,34.059998,50068.748,NA,NA,NA,88.5,NA,715,NA,NA,NA,8.2275,NA,NA,NA,NA,NA,NA,NA,NA,NA
Daily,2019-05-04,73.7375,23.184999,NA,34.099998,49921.87300000001,NA,NA,NA,88,NA,723,NA,NA,NA,8.2575,NA,NA,NA,NA,NA,NA,NA,NA,NA
Daily,2019-05-05,73.9625,23.309999,NA,34.074999000000005,50065.623999999996,NA,NA,NA,88,NA,725,NA,NA,NA,8.28,NA,NA,NA,NA,NA,NA,NA,NA,NA
Daily,2019-05-06,73.9063,23.309999,NA,34.119999,50112.499,NA,NA,NA,87.5,NA,722.25,NA,NA,NA,8.277499,NA,NA,NA,NA,NA,NA,NA,NA,NA
Daily,2019-05-07,73.6813,23.125,NA,34.169998,49906.25,NA,NA,NA,88,NA,713.5,NA,NA,NA,8.277499,NA,NA,NA,NA,NA,NA,NA,NA,NA
Daily,2019-05-08,73.2875,22.914999,NA,34.174997000000005,49721.8725,NA,NA,NA,85,NA,717.75,NA,NA,NA,8.272499,NA,NA,NA,NA,NA,NA,NA,NA,NA
Daily,2019-05-09,73.2313,22.974998,NA,34.084997,49893.749,NA,NA,NA,92.25,NA,717.375,NA,NA,NA,8.283749499999999,NA,NA,NA,NA,NA,NA,NA,NA,NA
Daily,2019-05-10,73.0062,NA,NA,NA,NA,NA,NA,NA,NA,NA,NA,NA,NA,NA,NA,NA,NA,NA,NA,NA,NA,NA,NA,NA
Daily,2019-05-11,72.7813,NA,NA,NA,NA,NA,NA,NA,NA,NA,NA,NA,NA,NA,NA,NA,NA,NA,NA,NA,NA,NA,NA,NA
Daily,2019-05-12,72.6688,NA,NA,NA,NA,NA,NA,NA,NA,NA,NA,NA,NA,NA,NA,NA,NA,NA,NA,NA,NA,NA,NA,NA
Daily,2019-05-13,72.5,22.539999,NA,34.079998,49646.8735,NA,NA,NA,92.5,NA,710.5,NA,NA,NA,8.3075,NA,NA,NA,NA,NA,NA,NA,NA,NA
Daily,2019-05-14,72.725,22.664999,NA,34.209999,49674.999,NA,NA,NA,89,NA,710,NA,NA,NA,8.247499,NA,NA,NA,NA,NA,NA,NA,NA,NA
Daily,2019-05-15,73.175,22.889999,NA,34.25,49899.998,NA,NA,NA,89.5,NA,722,NA,NA,NA,8.254999,NA,NA,NA,NA,NA,NA,NA,NA,NA
Daily,2019-05-16,73.4,22.974998,NA,34.169998,49981.247,NA,NA,NA,88,NA,728.5,NA,NA,NA,8.309999,NA,NA,NA,NA,NA,NA,NA,NA,NA
Daily,2019-05-17,73.2313,22.914999,NA,34.339996,49949.997,NA,NA,NA,88.5,NA,724,NA,NA,NA,8.2525,2,0.05,0.7,1.3,NA,NA,0.19,0.007,NA
Daily,2019-05-18,73.0062,22.809999,NA,34.359997,49824.997,NA,NA,NA,89,NA,723,NA,NA,NA,NA,NA,NA,NA,NA,NA,NA,NA,NA,NA
Daily,2019-05-19,72.6125,22.519999,NA,34.309998,49615.6235,NA,NA,NA,87.5,NA,721,NA,NA,NA,8.2525,NA,NA,NA,NA,NA,NA,NA,NA,NA
Daily,2019-05-20,72.1625,22.309999,NA,34.329998,49375,NA,NA,NA,87,NA,712.5,NA,NA,NA,8.2525,NA,NA,NA,NA,NA,NA,NA,NA,NA
Daily,2019-05-21,72.05,22.23,NA,34.349998,49231.247,NA,NA,NA,89,NA,711,NA,NA,NA,8.2525,NA,NA,NA,NA,NA,NA,NA,NA,NA
Daily,2019-05-22,72.1063,22.269999,NA,34.379997,49262.497,NA,NA,NA,89,NA,710,NA,NA,NA,8.2525,NA,NA,NA,NA,NA,NA,NA,NA,NA
Daily,2019-05-23,72.2188,22.269999,NA,34.419998,49306.248,NA,NA,NA,89.5,NA,711.5,NA,NA,NA,8.23,NA,NA,NA,NA,NA,NA,NA,NA,NA
Daily,2019-05-24,72.1625,22.309999,NA,34.419998,49324.997,NA,NA,NA,89,NA,701.5,NA,NA,NA,8.254999,NA,NA,NA,NA,NA,NA,NA,NA,NA
Daily,2019-05-25,72.2188,22.289999,NA,34.429996,49331.249,NA,NA,NA,89.5,NA,715,NA,NA,NA,8.254999,NA,NA,NA,NA,NA,NA,NA,NA,NA
Daily,2019-05-26,72.1625,22.289999,NA,34.359997,49393.749,NA,NA,NA,89,NA,713.5,NA,NA,NA,8.2575,NA,NA,NA,NA,NA,NA,NA,NA,NA
Daily,2019-05-27,72.1625,22.269999,NA,34.41,49343.75,NA,NA,NA,89,NA,715.5,NA,NA,NA,8.2575,NA,NA,NA,NA,NA,NA,NA,NA,NA
Daily,2019-05-28,72.1063,22.269999,NA,34.389999,49356.247,NA,NA,NA,89,NA,713.5,NA,NA,NA,8.242499,NA,NA,NA,NA,NA,NA,NA,NA,NA
Daily,2019-05-29,72.275,22.309999,NA,34.429996,49312.5,NA,NA,NA,88.5,NA,704.023437,NA,NA,NA,8.254999,NA,NA,NA,NA,NA,NA,NA,NA,NA
Daily,2019-05-30,72.4437,22.414999,NA,34.359997,49500,NA,NA,NA,89,NA,708.023437,NA,NA,NA,8.254999,NA,NA,NA,NA,NA,NA,NA,NA,NA
Daily,2019-05-31,72.6688,22.58,NA,34.149998,49549.999,NA,NA,NA,88.5,NA,712.019531,NA,NA,NA,NA,0,0.09,0.7,2.3,NA,NA,0.45,0,NA
Daily,2019-06-01,72.8375,22.705,NA,34.039997,49674.999,NA,NA,NA,88.5,NA,716.007812,NA,NA,NA,8.304999,NA,NA,NA,NA,NA,NA,NA,NA,NA
Daily,2019-06-02,73.3438,22.949999,NA,34.179996,49824.997,NA,NA,NA,88.5,NA,720,NA,NA,NA,8.32,NA,NA,NA,NA,NA,NA,NA,NA,NA
Daily,2019-06-03,73.6813,23.119999,NA,34.16,50012.497,NA,NA,NA,88,NA,723.988281,NA,NA,NA,8.365,NA,NA,NA,NA,NA,NA,NA,NA,NA
Daily,2019-06-04,73.9625,23.285,NA,34.089996,50218.748,NA,NA,NA,87,NA,703.964844,NA,NA,NA,8.33,NA,NA,NA,NA,NA,NA,NA,NA,NA
Daily,2019-06-05,74.2438,23.429998,NA,34.179996,50337.498,NA,NA,NA,87.5,NA,723.8125,NA,NA,NA,8.3475,NA,NA,NA,NA,NA,NA,NA,NA,NA
Daily,2019-06-06,74.525,23.619999,NA,34.149998,50474.998,NA,NA,NA,88,NA,737,NA,NA,NA,8.3412495,NA,NA,NA,NA,NA,NA,NA,NA,NA
Daily,2019-06-07,74.6938,23.73,NA,34.039997,50690.623999999996,NA,NA,NA,88,NA,732,NA,NA,NA,8.285,0,0,1.5,1.7,NA,126,0.46,NA,NA
Daily,2019-06-08,74.8625,23.75,NA,34.119999,50687.498,NA,NA,NA,86.5,NA,735,NA,NA,NA,8.284999,NA,NA,NA,NA,NA,NA,NA,NA,NA
Daily,2019-06-09,74.9188,NA,NA,NA,NA,NA,NA,NA,NA,NA,NA,NA,NA,NA,NA,NA,NA,NA,NA,NA,NA,NA,NA,NA
Daily,2019-06-10,75.0313,NA,NA,NA,NA,NA,NA,NA,NA,NA,NA,NA,NA,NA,NA,NA,NA,NA,NA,NA,NA,NA,NA,NA
Daily,2019-06-11,75.4813,NA,NA,NA,NA,NA,NA,NA,NA,NA,NA,NA,NA,NA,NA,0,0,0.9,1.7,8.4,114.5,0.32,0,NA
Daily,2019-06-12,75.5938,24.269999,NA,34.07,51375,NA,NA,NA,90,NA,749.5,NA,NA,NA,8.309999,NA,NA,NA,NA,NA,NA,NA,NA,NA
Daily,2019-06-13,75.875,24.375,NA,34.259998,51399.998,NA,NA,NA,87.5,NA,745.75,NA,NA,NA,8.2437495,NA,NA,NA,NA,NA,NA,NA,NA,NA
Daily,2019-06-14,75.9313,24.394999,NA,34.349998,51493.748,NA,NA,NA,87,NA,744,NA,NA,NA,8.232499,NA,0.06,0.8,2.2,8.46,132,0.82,0.015,NA
Daily,2019-06-15,75.9875,24.48,NA,34.379997,51531.25,NA,NA,NA,87,NA,745.5,NA,NA,NA,8.197499,NA,NA,NA,NA,NA,NA,NA,NA,NA
Daily,2019-06-16,76.0438,24.484999,NA,34.41,51549.999,NA,NA,NA,87,NA,742.375,NA,NA,NA,8.197499,NA,NA,NA,NA,NA,NA,NA,NA,NA
Daily,2019-06-17,76.325,24.605,NA,34.289997,51731.247,NA,NA,NA,86.5,NA,747.75,NA,NA,NA,8.254999,NA,NA,NA,NA,NA,NA,NA,NA,NA
Daily,2019-06-18,76.4375,24.705,NA,34.329998,51787.498,NA,NA,NA,87,NA,749.75,NA,NA,NA,8.259999,0,0.04,1.1,2.7,8.45,119,0.24,0,NA
Daily,2019-06-19,76.4375,24.684999,NA,34.389999,51750,NA,NA,NA,86.5,NA,749.75,NA,NA,NA,8.2625,NA,NA,NA,NA,NA,NA,NA,NA,NA
Daily,2019-06-20,76.4375,24.714998,NA,34.379997,51799.999,NA,NA,NA,85,NA,745.375,NA,NA,NA,8.259999,NA,NA,NA,NA,NA,NA,NA,NA,NA
Daily,2019-06-21,76.325,24.609999,NA,34.269997,NA,NA,NA,NA,85.5,NA,NA,NA,NA,NA,NA,0,0.07,1.3,1.5,8.45,118,0.26,0.006,NA
Daily,2019-06-22,76.2687,NA,NA,NA,NA,NA,NA,NA,NA,NA,NA,NA,NA,NA,NA,NA,NA,NA,NA,NA,NA,NA,NA,NA
Daily,2019-06-23,76.1563,NA,NA,NA,NA,NA,NA,NA,NA,NA,NA,NA,NA,NA,NA,NA,NA,NA,NA,NA,NA,NA,NA,NA
Daily,2019-06-24,76.1563,NA,NA,NA,NA,NA,NA,NA,NA,NA,NA,NA,NA,NA,NA,NA,NA,NA,NA,NA,NA,NA,NA,NA
Daily,2019-06-25,76.2687,NA,NA,NA,NA,NA,NA,NA,NA,NA,NA,NA,NA,NA,NA,0,0,1.1,1.4,8.49,111,0.77,0.003,NA
Daily,2019-06-26,76.325,24.664999,NA,34.239998,51356.247,NA,NA,NA,96,NA,697,NA,NA,NA,8.764999,NA,NA,NA,NA,NA,NA,NA,NA,NA
Daily,2019-06-27,76.4375,24.73,NA,34.109997,51468.75,NA,NA,NA,95,NA,703,NA,NA,NA,NA,NA,NA,NA,NA,NA,NA,NA,NA,NA
Daily,2019-06-28,76.6063,24.769999,NA,34.099998,51549.999,NA,NA,NA,94.5,NA,734,NA,NA,NA,NA,0,0.04,0.7,1.7,8.48,112,0.61,0.012,NA
Daily,2019-06-29,76.775,24.875,NA,34.174997000000005,51643.749,NA,NA,NA,94,NA,744.5,NA,NA,NA,8.702499,NA,NA,NA,NA,NA,NA,NA,NA,NA
Daily,2019-06-30,76.8312,24.959999,NA,34.079998,51712.498,NA,NA,NA,95,NA,716.5,NA,NA,NA,NA,NA,NA,NA,NA,NA,NA,NA,NA,NA
Daily,2019-07-01,77.225,25.134998,NA,34.049999,51937.5,NA,NA,NA,94.5,NA,732,NA,NA,NA,8.577499,NA,NA,NA,NA,NA,NA,NA,NA,NA
Daily,2019-07-02,77.675,25.375,NA,34.039997,52168.747,NA,NA,NA,94,NA,733,NA,NA,NA,8.7,0,0,0.8,1.8,8.48,117,0.45,0.001,NA
Daily,2019-07-03,77.9,25.5,NA,34.119999,52268.749,NA,NA,NA,93.5,NA,731,NA,NA,NA,8.7,NA,NA,NA,NA,NA,NA,NA,NA,NA
Daily,2019-07-04,78.0125,25.544998,NA,34.179996,52331.249,NA,NA,NA,94,NA,740,NA,NA,NA,8.7,NA,NA,NA,NA,NA,NA,NA,NA,NA
Daily,2019-07-05,77.9562,25.504999,NA,34.079998,52299.999,NA,NA,NA,94.5,NA,748,NA,NA,NA,8.697499,0,0,1,0.9,8.48,NA,1.4,0.003,NA
Daily,2019-07-06,77.7313,25.4,NA,34.139999,52165.6225,NA,NA,NA,93,NA,754,NA,NA,NA,8.634999,NA,NA,NA,NA,NA,NA,NA,NA,NA
Daily,2019-07-07,77.675,25.365,NA,34.129997,52125,NA,NA,NA,93,NA,758,NA,NA,NA,NA,NA,NA,NA,NA,NA,NA,NA,NA,NA
Daily,2019-07-08,77.675,25.334999,NA,34.139999,52106.247,NA,NA,NA,94,NA,757,NA,NA,NA,8.5075,NA,NA,NA,NA,NA,NA,NA,NA,NA
Daily,2019-07-09,77.6188,25.369999,NA,34.109997,52125,NA,NA,NA,93,NA,766.5,NA,NA,NA,8.629999,0,NA,1,1,8.5,NA,0.42,NA,NA
Daily,2019-07-10,77.7875,25.49,NA,34.049999,52237.499,NA,NA,NA,93.5,NA,762.5,NA,NA,NA,8.6325,NA,NA,NA,NA,NA,NA,NA,NA,NA
Daily,2019-07-11,77.9562,25.529999,NA,34.07,52331.249,NA,NA,NA,92,NA,765.5,NA,NA,NA,8.6325,NA,NA,NA,NA,NA,NA,NA,NA,NA
Daily,2019-07-12,77.8438,25.429998,NA,34.149998,52181.248,NA,NA,NA,92,NA,768.75,NA,NA,NA,8.5974995,0,0,0.5,1,8.47,NA,0.5,0,NA
Daily,2019-07-13,77.7875,25.455,NA,34.119999,52193.748,NA,NA,NA,93,NA,762,NA,NA,NA,8.575,NA,NA,NA,NA,NA,NA,NA,NA,NA
Daily,2019-07-14,77.7313,25.469999,NA,34.119999,52206.249,NA,NA,NA,94,NA,759,NA,NA,NA,NA,NA,NA,NA,NA,NA,NA,NA,NA,NA
Daily,2019-07-15,77.7313,25.594999,NA,34.039997,52424.999,NA,NA,NA,93.5,NA,746,NA,NA,NA,8.009999,NA,NA,NA,NA,NA,NA,NA,NA,NA
Daily,2019-07-16,78.2938,25.724998,NA,34.059998,52481.247,NA,NA,NA,91.5,NA,753,NA,NA,NA,8.009999,0,0,1,1.3,8.48,128,1.43,NA,NA
Daily,2019-07-17,78.35,25.734999,NA,34.07,52518.749,NA,NA,NA,91.5,NA,767,NA,NA,NA,8.2175,NA,NA,NA,NA,NA,NA,NA,NA,NA
Daily,2019-07-18,78.6875,25.904999,NA,34.079998,52737.499,NA,NA,NA,92.5,NA,748.5,NA,NA,NA,8.3825,NA,NA,NA,NA,NA,NA,NA,NA,NA
Daily,2019-07-19,78.8563,26,NA,34.109997,52849.998,NA,NA,NA,93,NA,761,NA,NA,NA,NA,0,0,0.8,1.2,8.44,115,0.77,0,NA
Daily,2019-07-20,78.8563,26.039999,NA,34.119999,52837.498,NA,NA,NA,94,NA,755,NA,NA,NA,8.447499,NA,NA,NA,NA,NA,NA,NA,NA,NA
Daily,2019-07-21,78.8563,26.019999,NA,34.139999,52837.498,NA,NA,NA,94.5,NA,763,NA,NA,NA,8.384999,NA,NA,NA,NA,NA,NA,NA,NA,NA
Daily,2019-07-22,78.8563,26.044998,NA,34.07,52846.873999999996,NA,NA,NA,91.5,NA,765.5,NA,NA,NA,8.4,NA,NA,NA,NA,NA,NA,NA,NA,NA
Daily,2019-07-23,78.6875,NA,NA,NA,NA,NA,NA,NA,NA,NA,NA,NA,NA,NA,NA,0,0,1.2,1.3,8.45,130,1.91,0.022,NA
Daily,2019-07-24,78.8563,NA,NA,NA,NA,NA,NA,NA,NA,NA,NA,NA,NA,NA,NA,NA,NA,NA,NA,NA,NA,NA,NA,NA
Daily,2019-07-25,79.025,NA,NA,NA,NA,NA,NA,NA,NA,NA,NA,NA,NA,NA,NA,NA,NA,NA,NA,NA,NA,NA,NA,NA
Daily,2019-07-26,79.3063,NA,NA,NA,NA,NA,NA,NA,NA,NA,NA,NA,NA,NA,NA,0,NA,1.8,NA,8.44,130,0.34,NA,NA
Daily,2019-07-27,79.7563,26.639999,NA,34.16,53406.25,NA,NA,NA,94,NA,771.785156,NA,NA,NA,NA,NA,NA,NA,NA,NA,NA,NA,NA,NA
Daily,2019-07-28,79.8688,26.544998,NA,34.109997,53384.3725,NA,NA,NA,90.5,NA,779.785156,NA,NA,NA,8.492499,NA,NA,NA,NA,NA,NA,NA,NA,NA
Daily,2019-07-29,79.8688,26.605,NA,34.07,53403.123999999996,NA,NA,NA,91.5,NA,783.78125,NA,NA,NA,8.5175,NA,NA,NA,NA,NA,NA,NA,NA,NA
Daily,2019-07-30,79.8688,26.519999,NA,34.179996,53368.748,NA,NA,NA,88.5,NA,783.783203,NA,NA,NA,8.514999,0,NA,1.1,1.1,8.49,132,0.46,NA,NA
Daily,2019-07-31,79.5875,26.375,NA,34.104997499999996,53174.999,NA,NA,NA,90.25,NA,707.789062,NA,NA,NA,8.442499,NA,NA,NA,NA,NA,NA,NA,NA,NA
Daily,2019-08-01,79.1375,26.15,NA,34.019997,52884.3725,NA,NA,NA,90,NA,767.800781,NA,NA,NA,8.4375,NA,NA,NA,NA,NA,NA,NA,NA,NA
Daily,2019-08-02,78.6875,25.924999,NA,33.869999,52643.749,NA,NA,NA,92,NA,793.8085935,NA,NA,NA,8.429999,0,0.17,1.1,1.1,8.41,135,0.65,0.009,NA
Daily,2019-08-03,78.575,25.839998,NA,33.859997,52581.249,NA,NA,NA,92,NA,807.820312,NA,NA,NA,8.429999,NA,NA,NA,NA,NA,NA,NA,NA,NA
Daily,2019-08-04,78.575,25.875,NA,33.919998,52556.248,NA,NA,NA,93,NA,791.8125,NA,NA,NA,8.492499,NA,NA,NA,NA,NA,NA,NA,NA,NA
Daily,2019-08-05,78.6313,25.7624985,NA,33.914998999999995,52481.2485,NA,NA,NA,88.25,NA,803.8222655,NA,NA,NA,8.4275,NA,NA,NA,NA,NA,NA,NA,NA,NA
Daily,2019-08-06,78.35,25.734999,NA,33.929996,52381.248,NA,NA,NA,94.5,NA,NA,NA,NA,NA,8.495,NA,NA,NA,NA,NA,NA,NA,NA,NA
Daily,2019-08-07,NA,25.669998,NA,33.889999,52356.247,NA,NA,NA,91,NA,799.824219,NA,NA,NA,8.464999,NA,NA,NA,NA,NA,NA,NA,NA,NA
Daily,2019-08-08,NA,25.639999500000002,NA,33.809998,52109.37300000001,NA,NA,NA,87.5,NA,NA,NA,NA,NA,NA,NA,NA,NA,NA,NA,NA,NA,NA,NA
Daily,2019-08-09,NA,NA,NA,NA,NA,NA,NA,NA,NA,NA,NA,NA,NA,NA,NA,NA,0.06,NA,NA,8.43,103,0.62,NA,NA
Daily,2019-08-10,NA,NA,NA,NA,NA,NA,NA,NA,NA,NA,NA,NA,NA,NA,NA,NA,NA,NA,NA,NA,NA,NA,NA,NA
Daily,2019-08-11,NA,NA,NA,NA,NA,NA,NA,NA,NA,NA,NA,NA,NA,NA,NA,NA,NA,NA,NA,NA,NA,NA,NA,NA
Daily,2019-08-12,NA,NA,NA,NA,NA,NA,NA,NA,NA,NA,NA,NA,NA,NA,NA,NA,NA,NA,NA,NA,NA,NA,NA,NA
Daily,2019-08-13,NA,NA,NA,NA,NA,NA,NA,NA,NA,NA,NA,NA,NA,NA,NA,NA,NA,NA,NA,NA,NA,NA,NA,NA
Daily,2019-08-14,NA,NA,NA,NA,NA,NA,NA,NA,NA,NA,NA,NA,NA,NA,NA,NA,NA,NA,NA,NA,NA,NA,NA,NA
Daily,2019-08-15,NA,25.619999,NA,33.889999,52181.248,NA,NA,NA,98.5,NA,NA,NA,NA,NA,8.599999,NA,NA,NA,NA,NA,NA,NA,NA,NA
Daily,2019-08-16,NA,25.469999,NA,33.869999,52074.997,NA,NA,NA,93.5,NA,783.839844,NA,NA,NA,8.5475,0,0.07,NA,NA,8.44,111,0.39,0,NA
Daily,2019-08-17,NA,25.389999,NA,33.899998,52062.5,NA,NA,NA,94,NA,783.847656,NA,NA,NA,8.6162495,NA,NA,NA,NA,NA,NA,NA,NA,NA
Daily,2019-08-18,NA,25.285,NA,33.929996,51962.498,NA,NA,NA,92,NA,787.835937,NA,NA,NA,8.622499,NA,NA,NA,NA,NA,NA,NA,NA,NA
Daily,2019-08-19,NA,25.089998,NA,34.139999,51768.749,NA,NA,NA,93,NA,775.871094,NA,NA,NA,8.629999,NA,NA,NA,NA,NA,NA,NA,NA,NA
Daily,2019-08-20,NA,25.3874985,NA,34.169998,52106.247,NA,NA,NA,100,NA,NA,NA,NA,NA,8.572499,NA,NA,NA,NA,NA,NA,NA,NA,NA
Daily,2019-08-21,NA,25.389999,NA,34.07,52106.247,NA,NA,NA,92.5,NA,783.855469,NA,NA,NA,8.5175,NA,NA,NA,NA,NA,NA,NA,NA,NA
Daily,2019-08-22,NA,25.369999,NA,34.074999000000005,52231.247,NA,NA,NA,93.5,NA,787.847656,NA,NA,NA,8.5625,NA,NA,NA,NA,NA,NA,NA,NA,NA
Daily,2019-08-23,NA,25.41,NA,34.149998,52243.7475,NA,NA,NA,92.5,NA,791.839844,NA,NA,NA,8.567499,0,0,0.7,1.3,8.47,128,0.64,0.008,NA
Daily,2019-08-24,NA,25.514999,NA,34.059998,52456.249,NA,NA,NA,93,NA,791.835937,NA,NA,NA,8.567499,NA,NA,NA,NA,NA,NA,NA,NA,NA
Daily,2019-08-25,NA,25.599998,NA,34.109997,52443.748,NA,NA,NA,92,NA,791.835937,NA,NA,NA,8.532499,NA,NA,NA,NA,NA,NA,NA,NA,NA
Daily,2019-08-26,NA,25.639999,NA,34.139999,52531.25,NA,NA,NA,93.5,NA,787.835937,NA,NA,NA,8.594999,NA,NA,NA,NA,NA,NA,NA,NA,NA
Daily,2019-08-27,NA,25.83,NA,34.134998,52737.499,NA,NA,NA,94,NA,787.824219,NA,NA,NA,8.537499,NA,NA,NA,NA,NA,NA,NA,NA,NA
Daily,2019-08-28,NA,25.889999,NA,34.129997,52875,NA,NA,NA,93.5,NA,783.828125,NA,NA,NA,8.594999,NA,NA,NA,NA,NA,NA,NA,NA,NA
Daily,2019-08-29,NA,25.914999,NA,34.07,52968.75,NA,NA,NA,95,NA,783.816406,NA,NA,NA,8.5475,NA,NA,NA,NA,NA,NA,NA,NA,NA
Daily,2019-08-30,NA,26.014999,NA,34.139999,53000,NA,NA,NA,93,NA,783.820312,NA,NA,NA,8.535,NA,NA,NA,NA,NA,NA,NA,NA,NA
Daily,2019-08-31,NA,26.184999,NA,34.079998,53199.997,NA,NA,NA,94.5,NA,787.8125,NA,NA,NA,8.492499,NA,NA,NA,NA,NA,NA,NA,NA,NA
Daily,2019-09-01,NA,26.205,NA,34.149998,53299.999,NA,NA,NA,93.5,NA,791.796875,NA,NA,NA,8.5575,NA,NA,NA,NA,NA,NA,NA,NA,NA
Daily,2019-09-02,NA,26.164999,NA,34.329998,53306.248,NA,NA,NA,91.5,NA,787.820312,NA,NA,NA,8.5025,NA,NA,NA,NA,NA,NA,NA,NA,NA
Daily,2019-09-03,NA,26.0699995,NA,34.369999,53178.1235,NA,NA,NA,88.5,NA,795.820312,NA,NA,NA,8.504999,NA,NA,NA,NA,NA,NA,NA,NA,NA
Daily,2019-09-04,NA,NA,NA,NA,NA,NA,NA,NA,NA,NA,NA,NA,NA,NA,NA,NA,NA,NA,NA,NA,NA,NA,NA,NA
Daily,2019-09-05,NA,25.99,NA,34.389999,53137.497,NA,NA,NA,97.5,NA,783.820312,NA,NA,NA,NA,NA,NA,NA,NA,NA,NA,NA,NA,NA
Daily,2019-09-06,NA,25.73,NA,34.399998,52887.497,NA,NA,NA,90.5,NA,799.835937,NA,NA,NA,8.5075,NA,0.03,0.7,1.2,8.48,115,0.85,0.007,NA
Daily,2019-09-07,NA,25.644999,NA,34.399998,52849.998,NA,NA,NA,90.5,NA,807.835937,NA,NA,NA,8.4625,NA,NA,NA,NA,NA,NA,NA,NA,NA
Daily,2019-09-08,NA,25.58,NA,34.419998,52840.623999999996,NA,NA,NA,92.5,NA,791.851562,NA,NA,NA,8.03,NA,NA,NA,NA,NA,NA,NA,NA,NA
Daily,2019-09-09,NA,25.589998,NA,34.414998999999995,52849.998,NA,NA,NA,93.5,NA,NA,NA,NA,NA,8.16,NA,NA,NA,NA,NA,NA,NA,NA,NA
Daily,2019-09-10,NA,25.609999,NA,34.404999,52868.748,NA,NA,NA,94,NA,NA,NA,NA,NA,8.287499,NA,NA,NA,NA,NA,NA,NA,NA,NA
Daily,2019-09-11,NA,25.559999,NA,34.399998,52856.247,NA,NA,NA,92.5,NA,799.847656,NA,NA,NA,8.349999,NA,NA,NA,NA,NA,NA,NA,NA,NA
Daily,2019-09-12,NA,25.41,NA,34.379997,52699.997,NA,NA,NA,94,NA,NA,NA,NA,NA,8.4225,NA,NA,NA,NA,NA,NA,NA,NA,NA
Daily,2019-09-13,NA,25.129999,NA,34.359997,52449.997,NA,NA,NA,92.5,NA,NA,NA,NA,NA,8.4225,NA,0.05,0.8,1.7,8.45,139,1.12,0.014,NA
Daily,2019-09-14,NA,24.834999,NA,34.359997,52128.123999999996,NA,NA,NA,89.5,NA,743.878906,NA,NA,NA,8.2975,NA,NA,NA,NA,NA,NA,NA,NA,NA
Daily,2019-09-15,NA,NA,NA,NA,NA,NA,NA,NA,NA,NA,NA,NA,NA,NA,NA,NA,NA,NA,NA,NA,NA,NA,NA,NA
Daily,2019-09-16,NA,24.584999,NA,34.369999,51915.6225,NA,NA,NA,95.25,NA,795.894531,NA,NA,NA,8.415,NA,NA,NA,NA,NA,NA,NA,NA,NA
Daily,2019-09-17,NA,24.449999,NA,34.459999,51799.999,NA,NA,NA,90,NA,NA,NA,NA,NA,8.372499,NA,NA,NA,NA,NA,NA,NA,NA,NA
Daily,2019-09-18,NA,NA,NA,NA,NA,NA,NA,NA,NA,NA,NA,NA,NA,NA,NA,NA,NA,NA,NA,NA,NA,NA,NA,NA
Daily,2019-09-19,NA,24.279999,NA,34.619999,51706.249,NA,NA,NA,95.5,NA,NA,NA,NA,NA,8.3925,NA,NA,NA,NA,NA,NA,NA,NA,NA
Daily,2019-09-20,NA,23.869999,NA,34.589996,51487.499,NA,NA,NA,90.5,NA,803.929687,NA,NA,NA,8.275,NA,0.03,0.6,0.2,8.41,123,1.26,0,NA
Daily,2019-09-21,NA,NA,NA,NA,NA,NA,NA,NA,NA,NA,NA,NA,NA,NA,NA,NA,NA,NA,NA,NA,NA,NA,NA,NA
Daily,2019-09-22,NA,23.474999500000003,NA,34.649998,50849.998,NA,NA,NA,94.25,NA,NA,NA,NA,NA,8.384999,NA,NA,NA,NA,NA,NA,NA,NA,NA
Daily,2019-09-23,NA,23.49,NA,34.619999,50906.25,NA,NA,NA,93,NA,NA,NA,NA,NA,8.327499,NA,NA,NA,NA,NA,NA,NA,NA,NA
Daily,2019-09-24,NA,23.219999,NA,34.579998,50656.25,NA,NA,NA,88.5,NA,807.964844,NA,NA,NA,8.2675,NA,NA,NA,NA,NA,NA,NA,NA,NA
Daily,2019-09-25,NA,22.789999,NA,34.519997,50381.248,NA,NA,NA,89,NA,NA,NA,NA,NA,8.25,NA,NA,NA,NA,NA,NA,NA,NA,NA
Daily,2019-09-26,NA,22.875,NA,34.629997,50240.6235,NA,NA,NA,92,NA,NA,NA,NA,NA,8.2575,NA,NA,NA,NA,NA,NA,NA,NA,NA
Daily,2019-09-27,NA,22.834999,NA,34.349998,50118.748,NA,NA,NA,90.5,NA,791.984375,NA,NA,NA,8.355,0,0.03,0.5,0.3,8.31,125,1.51,0.006,NA
Daily,2019-09-28,NA,22.849998,NA,34.399998,50087.498,NA,NA,NA,91.5,NA,807.984375,NA,NA,NA,8.3525,NA,NA,NA,NA,NA,NA,NA,NA,NA
Daily,2019-09-29,NA,22.924999,NA,34.384998,50131.248,NA,NA,NA,92.5,NA,NA,NA,NA,NA,NA,NA,NA,NA,NA,NA,NA,NA,NA,NA
Daily,2019-09-30,NA,22.945,NA,34.359997,50081.249,NA,NA,NA,92.5,NA,NA,NA,NA,NA,8.404999,NA,NA,NA,NA,NA,NA,NA,NA,NA
Daily,2019-10-01,NA,22.839998,NA,34.279999,49881.248,NA,NA,NA,94,NA,NA,NA,NA,NA,8.3875,NA,NA,NA,NA,NA,NA,NA,NA,NA
Daily,2019-10-02,NA,22.865,NA,33.879997,49562.5,NA,NA,NA,94.5,NA,NA,NA,NA,NA,8.434999,NA,NA,NA,NA,NA,NA,NA,NA,NA
Daily,2019-10-03,NA,22.924999,NA,33.639999,48887.497,NA,NA,NA,93.5,NA,523.980469,NA,NA,NA,8.397499,NA,NA,NA,NA,NA,NA,NA,NA,NA
Daily,2019-10-04,NA,22.949999,NA,33.599998,49125,NA,NA,NA,94,NA,643.984375,NA,NA,NA,NA,NA,NA,NA,NA,NA,NA,NA,NA,NA
Daily,2019-10-05,NA,22.98,NA,33.619999,49118.748,NA,NA,NA,95,NA,687.996094,NA,NA,NA,8.205,NA,NA,NA,NA,NA,NA,NA,NA,NA
Daily,2019-10-06,NA,22.894999,NA,33.57,49059.373999999996,NA,NA,NA,95,NA,707.980469,NA,NA,NA,8.205,NA,NA,NA,NA,NA,NA,NA,NA,NA
Daily,2019-10-07,NA,22.839998,NA,33.639999,48918.747,NA,NA,NA,96.5,NA,715.980469,NA,NA,NA,8.2,NA,NA,NA,NA,NA,NA,NA,NA,NA
Daily,2019-10-08,NA,22.875,NA,33.609997,48987.499,NA,NA,NA,96.5,NA,719.992187,NA,NA,NA,8.205,NA,NA,NA,NA,NA,NA,NA,NA,NA
Daily,2019-10-09,NA,22.809999,NA,33.619999,48899.998,NA,NA,NA,94.5,NA,727.984375,NA,NA,NA,8.197499,NA,NA,NA,NA,NA,NA,NA,NA,NA
Daily,2019-10-10,NA,22.629999,NA,33.429996,48643.749,NA,NA,NA,94,NA,731.996094,NA,NA,NA,8.2525,NA,NA,NA,NA,NA,NA,NA,NA,NA
Daily,2019-10-11,NA,22.2724995,NA,33.379997,48393.749,NA,NA,NA,94.5,NA,744.011719,NA,NA,NA,8.247499,NA,NA,NA,NA,NA,NA,NA,NA,NA
Daily,2019-10-12,NA,22.16,NA,33.399998,48168.747,NA,NA,NA,95,NA,NA,NA,NA,NA,8.117499,NA,NA,NA,NA,NA,NA,NA,NA,NA
Daily,2019-10-13,NA,22.054998,NA,33.329998,48037.498,NA,NA,NA,94.5,NA,752.027344,NA,NA,NA,8.099999,NA,NA,NA,NA,NA,NA,NA,NA,NA
Daily,2019-10-14,NA,22.029999,NA,33.389999,47993.748,NA,NA,NA,95,NA,752.035156,NA,NA,NA,8.117499,NA,NA,NA,NA,NA,NA,NA,NA,NA
Daily,2019-10-15,NA,21.949999,NA,33.389999,47962.498,NA,NA,NA,95,NA,NA,NA,NA,NA,8.1775,NA,NA,NA,NA,NA,NA,NA,NA,NA
Daily,2019-10-16,NA,21.904999,NA,33.379997,47831.249,NA,NA,NA,95,NA,752.03125,NA,NA,NA,8.174999,NA,NA,NA,NA,NA,NA,NA,NA,NA
Daily,2019-10-17,NA,23.9,NA,33.369999,49899.998,NA,NA,NA,94,NA,763.933594,NA,NA,NA,8.4325,0,0,0.4,1.1,8.48,127,1.1,0.006,NA
Daily,2019-10-18,NA,23.529999,NA,33.339996,49531.25,NA,NA,NA,93.5,NA,763.960937,NA,NA,NA,8.429999,NA,NA,NA,NA,NA,NA,NA,NA,NA
Daily,2019-10-19,NA,23.054998,NA,33.349998,49062.5,NA,NA,NA,94,NA,759.976562,NA,NA,NA,8.304999,NA,NA,NA,NA,NA,NA,NA,NA,NA
Daily,2019-10-20,NA,22.639999,NA,33.369999,48593.75,NA,NA,NA,94,NA,747.996094,NA,NA,NA,8.3025,NA,NA,NA,NA,NA,NA,NA,NA,NA
Daily,2019-10-21,NA,22.24,NA,33.399998,48153.123999999996,NA,NA,NA,95,NA,740.019531,NA,NA,NA,8.4225,NA,NA,NA,NA,NA,NA,NA,NA,NA
Daily,2019-10-22,NA,21.919998,NA,33.389999,47887.497,NA,NA,NA,95.5,NA,740.03125,NA,NA,NA,8.242499,NA,NA,NA,NA,NA,NA,NA,NA,NA
Daily,2019-10-23,NA,21.699999,NA,33.41,47706.249,NA,NA,NA,95,NA,740.050781,NA,NA,NA,8.115,NA,NA,NA,NA,NA,NA,NA,NA,NA
Daily,2019-10-24,NA,21.525,NA,33.369999,47587.498,NA,NA,NA,95,NA,736.0625,NA,NA,NA,8.147499,NA,NA,NA,NA,NA,NA,NA,NA,NA
Daily,2019-10-25,NA,21.275,NA,33.309998,47306.248,NA,NA,NA,95.5,NA,744.070312,NA,NA,NA,8.179999,0,0.03,0.4,0.6,8.22,132,0.61,0,NA
Daily,2019-10-26,NA,21.414999,NA,33.339996,47474.998,NA,NA,NA,95,NA,760.058594,NA,NA,NA,8.242499,NA,NA,NA,NA,NA,NA,NA,NA,NA
Daily,2019-10-27,NA,21.769999,NA,33.41,47781.25,NA,NA,NA,94.5,NA,776.054687,NA,NA,NA,8.304999,NA,NA,NA,NA,NA,NA,NA,NA,NA
Daily,2019-10-28,NA,21.669998,NA,33.429996,47637.497,NA,NA,NA,94.5,NA,764.046875,NA,NA,NA,8.264999,NA,NA,NA,NA,NA,NA,NA,NA,NA
Daily,2019-10-29,NA,22.099998,NA,33.344997,48049.999,NA,NA,NA,94,NA,764.027344,NA,NA,NA,8.297499,NA,NA,NA,NA,NA,NA,NA,NA,NA
Daily,2019-10-30,NA,21.809999,NA,33.329998,47831.249,NA,NA,NA,94.5,NA,NA,NA,NA,NA,8.3025,NA,NA,NA,NA,NA,NA,NA,NA,NA
Daily,2019-10-31,NA,21.314999,NA,33.329998,47381.248,NA,NA,NA,95,NA,764.066406,NA,NA,NA,8.235,NA,NA,NA,NA,NA,NA,NA,NA,NA
Daily,2019-11-01,NA,21.144999,NA,33.414998999999995,47131.248,NA,NA,NA,95,NA,NA,NA,NA,NA,8.245,0,0.02,0.6,0.8,8.42,130,0.35,0,NA
Daily,2019-11-02,NA,21.07,NA,33.369999,47090.623999999996,NA,NA,NA,94.5,NA,NA,NA,NA,NA,8.245,NA,NA,NA,NA,NA,NA,NA,NA,NA
Daily,2019-11-03,NA,21.044998,NA,33.339996,47109.37300000001,NA,NA,NA,93.5,NA,NA,NA,NA,NA,8.24,NA,NA,NA,NA,NA,NA,NA,NA,NA
Daily,2019-11-04,NA,21.035,NA,33.299999,47074.997,NA,NA,NA,95,NA,NA,NA,NA,NA,8.245,NA,NA,NA,NA,NA,NA,NA,NA,NA
Daily,2019-11-05,NA,21.019999,NA,33.379997,46981.247,NA,NA,NA,94.5,NA,780.085937,NA,NA,NA,8.2275,NA,NA,NA,NA,NA,NA,NA,NA,NA
Daily,2019-11-06,NA,21.049999,NA,33.429996,46946.8725,NA,NA,NA,92.5,NA,NA,NA,NA,NA,8.224999,NA,NA,NA,NA,NA,NA,NA,NA,NA
Daily,2019-11-07,NA,21.169998,NA,33.309998,47118.748,NA,NA,NA,97,NA,768.074219,NA,NA,NA,8.2225,NA,NA,NA,NA,NA,NA,NA,NA,NA
Daily,2019-11-08,NA,22.039999,NA,33.289997,48003.123999999996,NA,NA,NA,94.25,NA,776.017578,NA,NA,NA,8.253749,0,0.02,0.6,1.1,8.3,131,0.23,0.015,NA
Daily,2019-11-09,NA,22.044998,NA,33.429996,47849.998,NA,NA,NA,94,NA,764.039062,NA,NA,NA,8.211249500000001,NA,NA,NA,NA,NA,NA,NA,NA,NA
Daily,2019-11-10,NA,21.919998,NA,33.379997,47843.75,NA,NA,NA,93.5,NA,NA,NA,NA,NA,8.165,NA,NA,NA,NA,NA,NA,NA,NA,NA
Daily,2019-11-11,NA,21.924999,NA,33.369999,47862.499,NA,NA,NA,93.5,NA,780.042969,NA,NA,NA,8.165,NA,NA,NA,NA,NA,NA,NA,NA,NA
Daily,2019-11-12,NA,21.904999,NA,33.309998,47824.997,NA,NA,NA,94,NA,780.042969,NA,NA,NA,8.1424995,NA,NA,NA,NA,NA,NA,NA,NA,NA
Daily,2019-11-13,NA,21.865,NA,33.339996,47781.25,NA,NA,NA,94,NA,780.042969,NA,NA,NA,8.147499,NA,NA,NA,NA,NA,NA,NA,NA,NA
Daily,2019-11-14,NA,21.99,NA,33.449997,47793.747,NA,NA,NA,95,NA,776.035156,NA,NA,NA,8.129999,NA,NA,NA,NA,NA,NA,NA,NA,NA
Daily,2019-11-15,NA,21.945,NA,33.334997,47899.998,NA,NA,NA,94,NA,780.039062,NA,NA,NA,8.1362495,0,0.04,1.3,1.1,8.21,116,0.28,0,NA
Daily,2019-11-16,NA,21.865,NA,33.289997,47781.25,NA,NA,NA,93.5,NA,NA,NA,NA,NA,8.16,NA,NA,NA,NA,NA,NA,NA,NA,NA
Daily,2019-11-17,NA,21.865,NA,33.309998,47787.498,NA,NA,NA,94,NA,784.042969,NA,NA,NA,8.16,NA,NA,NA,NA,NA,NA,NA,NA,NA
Daily,2019-11-18,NA,21.865,NA,33.339996,47774.998,NA,NA,NA,94.5,NA,NA,NA,NA,NA,NA,NA,NA,NA,NA,NA,NA,NA,NA,NA
Daily,2019-11-19,NA,21.804998,NA,33.449997,47662.498,NA,NA,NA,93,NA,784.046875,NA,NA,NA,8.035,NA,NA,NA,NA,NA,NA,NA,NA,NA
Daily,2019-11-20,NA,22.244999,NA,33.399998,48174.999,NA,NA,NA,91.5,NA,788.035156,NA,NA,NA,8.094999,NA,NA,NA,NA,NA,NA,NA,NA,NA
Daily,2019-11-21,NA,23.75,NA,33.439999,49593.748,NA,NA,NA,91,NA,791.941406,NA,NA,NA,NA,NA,NA,NA,NA,NA,NA,NA,NA,NA
Daily,2019-11-22,NA,23.839998,NA,33.469997,49649.998,NA,NA,NA,93,NA,NA,NA,NA,NA,8.2175,0,0.03,0.5,0.5,8.23,138,1.79,0,NA
Daily,2019-11-23,NA,23.809999,NA,33.289997,49750,NA,NA,NA,93,NA,791.929687,NA,NA,NA,8.282499,NA,NA,NA,NA,NA,NA,NA,NA,NA
Daily,2019-11-24,NA,23.849998,NA,33.279999,49899.998,NA,NA,NA,92.5,NA,NA,NA,NA,NA,8.232499,NA,NA,NA,NA,NA,NA,NA,NA,NA
Daily,2019-11-25,NA,23.834999,NA,33.299999,49856.247,NA,NA,NA,91.5,NA,NA,NA,NA,NA,8.232499,NA,NA,NA,NA,NA,NA,NA,NA,NA
Daily,2019-11-26,NA,23.814999,NA,33.339996,49812.5,NA,NA,NA,91,NA,803.941406,NA,NA,NA,8.24,NA,NA,NA,NA,NA,NA,NA,NA,NA
Daily,2019-11-27,NA,22.474998,NA,33.349998,48549.999,NA,NA,NA,91.5,NA,799.980469,NA,NA,NA,8.117499,0,0.03,0.5,0.6,8.37,132,0.36,0,NA
Daily,2019-11-28,NA,23.564999,NA,33.329998,49618.748,NA,NA,NA,91.5,NA,NA,NA,NA,NA,8.24,NA,NA,NA,NA,NA,NA,NA,NA,NA
Daily,2019-11-29,NA,23.804998,NA,33.339996,49831.249,NA,NA,NA,90,NA,NA,NA,NA,NA,8.107499,NA,NA,NA,NA,NA,NA,NA,NA,NA
Daily,2019-11-30,NA,NA,NA,NA,NA,NA,NA,NA,NA,NA,NA,NA,NA,NA,NA,NA,NA,NA,NA,NA,NA,NA,NA,NA
Daily,2019-12-01,NA,NA,NA,NA,NA,NA,NA,NA,NA,NA,NA,NA,NA,NA,NA,NA,NA,NA,NA,NA,NA,NA,NA,NA
Daily,2019-12-02,NA,NA,NA,NA,NA,NA,NA,NA,NA,NA,NA,NA,NA,NA,NA,NA,NA,NA,NA,NA,NA,NA,NA,NA
Daily,2019-12-03,NA,NA,NA,NA,NA,NA,NA,NA,NA,NA,NA,NA,NA,NA,NA,NA,NA,NA,NA,NA,NA,NA,NA,NA
Daily,2019-12-04,NA,23.834999,NA,33.669998,49856.247,NA,NA,NA,94,NA,NA,NA,NA,NA,8.19,NA,NA,NA,NA,NA,NA,NA,NA,NA
Daily,2019-12-05,NA,23.865,NA,33.699997,49859.37300000001,NA,NA,NA,92.5,NA,NA,NA,NA,NA,8.07,NA,NA,NA,NA,NA,NA,NA,NA,NA
Daily,2019-12-06,NA,23.884998,NA,33.699997,49912.498,NA,NA,NA,93,NA,807.921875,NA,NA,NA,8.2,NA,NA,NA,NA,NA,NA,NA,NA,NA
Daily,2019-12-07,NA,23.834999,NA,33.309998,49834.3735,NA,NA,NA,94,NA,819.925781,NA,NA,NA,8.232499,NA,NA,NA,NA,NA,NA,NA,NA,NA
Daily,2019-12-08,NA,23.814999,NA,33.32,49856.247,NA,NA,NA,93,NA,NA,NA,NA,NA,8.2225,NA,NA,NA,NA,NA,NA,NA,NA,NA
Daily,2019-12-09,NA,23.879999,NA,33.32,49912.4985,NA,NA,NA,93,NA,NA,NA,NA,NA,8.232499,NA,NA,NA,NA,NA,NA,NA,NA,NA
Daily,2019-12-10,NA,23.884998,NA,33.339996,49837.498,NA,NA,NA,93.5,NA,819.925781,NA,NA,NA,8.235,NA,NA,NA,NA,NA,NA,NA,NA,NA
Daily,2019-12-11,NA,23.879999,NA,33.359997,49949.997,NA,NA,NA,92,NA,NA,NA,NA,NA,8.1775,NA,NA,NA,NA,NA,NA,NA,NA,NA
Daily,2019-12-12,NA,NA,NA,NA,NA,NA,NA,NA,NA,NA,NA,NA,NA,NA,NA,NA,NA,NA,NA,NA,NA,NA,NA,NA
Daily,2019-12-13,NA,NA,NA,NA,NA,NA,NA,NA,NA,NA,NA,NA,NA,NA,NA,NA,NA,NA,NA,NA,NA,NA,NA,NA
Daily,2019-12-14,NA,NA,NA,NA,NA,NA,NA,NA,NA,NA,NA,NA,NA,NA,NA,NA,NA,NA,NA,NA,NA,NA,NA,NA
Daily,2019-12-15,NA,NA,NA,NA,NA,NA,NA,NA,NA,NA,NA,NA,NA,NA,NA,NA,NA,NA,NA,NA,NA,NA,NA,NA
Daily,2019-12-16,NA,NA,NA,NA,NA,NA,NA,NA,NA,NA,NA,NA,NA,NA,NA,NA,NA,NA,NA,NA,NA,NA,NA,NA
Daily,2019-12-17,NA,NA,NA,NA,NA,NA,NA,NA,NA,NA,NA,NA,NA,NA,NA,NA,NA,NA,NA,NA,NA,NA,NA,NA
Daily,2019-12-18,NA,NA,NA,NA,NA,NA,NA,NA,NA,NA,NA,NA,NA,NA,NA,NA,NA,NA,NA,NA,NA,NA,NA,NA
Daily,2019-12-19,NA,NA,NA,NA,NA,NA,NA,NA,NA,NA,NA,NA,NA,NA,NA,NA,NA,NA,NA,NA,NA,NA,NA,NA
Daily,2019-12-20,NA,23.789999,NA,33.32,49818.748,NA,NA,NA,97,NA,NA,NA,NA,NA,NA,0,0.09,0.4,0.7,8.41,129,1.86,0.002,NA
Daily,2019-12-21,NA,23.859999,NA,33.359997,49887.497,NA,NA,NA,96,NA,NA,NA,NA,NA,8.179999,NA,NA,NA,NA,NA,NA,NA,NA,NA
Daily,2019-12-22,NA,23.914999,NA,33.359997,49899.998,NA,NA,NA,94.5,NA,NA,NA,NA,NA,8.054999,NA,NA,NA,NA,NA,NA,NA,NA,NA
Daily,2019-12-23,NA,23.794998,NA,33.349998,49837.498,NA,NA,NA,94,NA,NA,NA,NA,NA,8.033749499999999,NA,NA,NA,NA,NA,NA,NA,NA,NA
Daily,2019-12-24,NA,23.794998,NA,33.359997,49875,NA,NA,NA,93.5,NA,NA,NA,NA,NA,NA,NA,NA,NA,NA,NA,NA,NA,NA,NA
Daily,2019-12-25,NA,23.809999,NA,33.369999,49899.998,NA,NA,NA,94.5,NA,NA,NA,NA,NA,7.9975,NA,NA,NA,NA,NA,NA,NA,NA,NA
Daily,2019-12-26,NA,23.844999,NA,33.379997,49875,NA,NA,NA,95,NA,823.929687,NA,NA,NA,7.9675,NA,NA,NA,NA,NA,NA,NA,NA,NA
Daily,2019-12-27,NA,23.844999,NA,33.379997,49875,NA,NA,NA,93.5,NA,NA,NA,NA,NA,8.0575,0,0.04,0.4,NA,8.4,137,NA,0.005,NA
Daily,2019-12-28,NA,23.849998,NA,33.369999,49862.499,NA,NA,NA,94,NA,NA,NA,NA,NA,8.0625,NA,NA,NA,NA,NA,NA,NA,NA,NA
Daily,2019-12-29,NA,23.91,NA,33.66,49843.75,NA,NA,NA,95.5,NA,NA,NA,NA,NA,8.0625,NA,NA,NA,NA,NA,NA,NA,NA,NA
Daily,2019-12-30,NA,23.889999,NA,33.669998,49924.999,NA,NA,NA,95,NA,NA,NA,NA,NA,NA,NA,NA,NA,NA,NA,NA,NA,NA,NA
Daily,2019-12-31,NA,23.844999,NA,33.649998,49868.748,NA,NA,NA,94.5,NA,815.941406,NA,NA,NA,8.117499,NA,NA,NA,NA,NA,NA,NA,NA,NA
Daily,2020-01-01,NA,23.865,NA,33.379997,49862.499,NA,NA,NA,95,NA,827.929687,NA,NA,NA,8.1012495,NA,NA,NA,NA,NA,NA,NA,NA,NA
Daily,2020-01-02,NA,23.875,NA,33.389999,49893.749,NA,NA,NA,94,NA,NA,NA,NA,NA,8.0575,NA,NA,NA,NA,NA,NA,NA,NA,NA
Daily,2020-01-03,NA,23.914999,NA,33.399998,49843.75,NA,NA,NA,95,NA,827.933594,NA,NA,NA,NA,1,0.03,0.4,1,NA,136,0.99,0,NA
Daily,2020-01-04,NA,23.91,NA,33.399998,49862.499,NA,NA,NA,95.5,NA,NA,NA,NA,NA,NA,NA,NA,NA,NA,NA,NA,NA,NA,NA
Daily,2020-01-05,NA,23.879999,NA,33.389999,49878.123999999996,NA,NA,NA,95.5,NA,NA,NA,NA,NA,8.214999,NA,NA,NA,NA,NA,NA,NA,NA,NA
Daily,2020-01-06,NA,23.879999,NA,33.41,49918.747,NA,NA,NA,94.5,NA,831.9375,NA,NA,NA,8.1875,NA,NA,NA,NA,NA,NA,NA,NA,NA
Daily,2020-01-07,NA,23.875,NA,33.669998,49875,NA,NA,NA,93.5,NA,823.933594,NA,NA,NA,8.259999,NA,NA,NA,NA,NA,NA,NA,NA,NA
Daily,2020-01-08,NA,23.855,NA,33.359997,49875,NA,NA,NA,94.5,NA,831.9375,NA,NA,NA,8.242499,NA,NA,NA,NA,NA,NA,NA,NA,NA
Daily,2020-01-09,NA,23.875,NA,33.649998,49793.747,NA,NA,NA,92,NA,659.996094,NA,NA,NA,8.245,NA,NA,NA,NA,NA,NA,NA,NA,NA
Daily,2020-01-10,NA,23.939999,NA,34.439999,51125,NA,NA,NA,91.5,NA,611.929687,NA,NA,NA,8.74,0,0,0.5,0.6,NA,135,1.63,0,NA
Daily,2020-01-11,NA,23.919998,NA,34.419998,51106.247,NA,NA,NA,91.5,NA,667.941406,NA,NA,NA,NA,NA,NA,NA,NA,NA,NA,NA,NA,NA
Daily,2020-01-12,NA,23.924999,NA,34.41,51087.498,NA,NA,NA,92,NA,687.9375,NA,NA,NA,8.669999,NA,NA,NA,NA,NA,NA,NA,NA,NA
Daily,2020-01-13,NA,23.904999,NA,34.399998,51143.749,NA,NA,NA,92,NA,NA,NA,NA,NA,8.617499,NA,NA,NA,NA,NA,NA,NA,NA,NA
Daily,2020-01-14,NA,23.924999,NA,34.419998,51131.248,NA,NA,NA,92,NA,699.941406,NA,NA,NA,8.61,NA,NA,NA,NA,NA,NA,NA,NA,NA
Daily,2020-01-15,NA,23.904999,NA,34.41,51118.748,NA,NA,NA,92,NA,NA,NA,NA,NA,NA,NA,NA,NA,NA,NA,NA,NA,NA,NA
Daily,2020-01-16,NA,23.799999,NA,34.379997,51118.748,NA,NA,NA,90.5,NA,NA,NA,NA,NA,8.669999,NA,NA,NA,NA,NA,NA,NA,NA,NA
Daily,2020-01-17,NA,23.884998,NA,34.389999,51112.499,NA,NA,NA,92,NA,NA,NA,NA,NA,8.669999,2,0.12,0.5,2.8,NA,135,1.63,0,NA
Daily,2020-01-18,NA,23.869999,NA,34.399998,51099.998,NA,NA,NA,92,NA,715.945312,NA,NA,NA,8.5475,NA,NA,NA,NA,NA,NA,NA,NA,NA
Daily,2020-01-19,NA,23.809999,NA,34.399998,51112.499,NA,NA,NA,92.5,NA,715.929687,NA,NA,NA,8.61,NA,NA,NA,NA,NA,NA,NA,NA,NA
Daily,2020-01-20,NA,23.844999,NA,34.399998,51131.248,NA,NA,NA,92.5,NA,NA,NA,NA,NA,NA,NA,NA,NA,NA,NA,NA,NA,NA,NA
Daily,2020-01-21,NA,23.794998,NA,34.399998,51112.499,NA,NA,NA,91.5,NA,727.941406,NA,NA,NA,8.735,NA,NA,NA,NA,NA,NA,NA,NA,NA
Daily,2020-01-22,NA,23.794998,NA,34.41,51156.25,NA,NA,NA,92,NA,NA,NA,NA,NA,8.674999,NA,NA,NA,NA,NA,NA,NA,NA,NA
Daily,2020-01-23,NA,23.904999,NA,34.41,51099.998,NA,NA,NA,92.5,NA,731.9375,NA,NA,NA,8.66,NA,NA,NA,NA,NA,NA,NA,NA,NA
Daily,2020-01-24,NA,23.839998,NA,34.419998,51081.249,NA,NA,NA,92.5,NA,NA,NA,NA,NA,8.6775,0,0.14,0.6,0.9,8.46,133,NA,0,NA
Daily,2020-01-25,NA,23.839998,NA,34.429996,51162.498,NA,NA,NA,92.5,NA,731.941406,NA,NA,NA,NA,NA,NA,NA,NA,NA,NA,NA,NA,NA
Daily,2020-01-26,NA,23.839998,NA,34.419998,51078.12300000001,NA,NA,NA,92.5,NA,NA,NA,NA,NA,8.735,NA,NA,NA,NA,NA,NA,NA,NA,NA
Daily,2020-01-27,NA,23.775,NA,34.429996,50906.25,NA,NA,NA,93,NA,NA,NA,NA,NA,8.747499,NA,NA,NA,NA,NA,NA,NA,NA,NA
Daily,2020-01-28,NA,23.855,NA,34.429996,51103.1225,NA,NA,NA,92.5,NA,731.933594,NA,NA,NA,8.804999,NA,NA,NA,NA,NA,NA,NA,NA,NA
Daily,2020-01-29,NA,23.844999,NA,34.41,51174.999,NA,NA,NA,92,NA,723.933594,NA,NA,NA,8.865,NA,NA,NA,NA,NA,NA,NA,NA,NA
Daily,2020-01-30,NA,23.849998,NA,34.41,51162.498,NA,NA,NA,92,NA,739.929687,NA,NA,NA,NA,NA,NA,NA,NA,NA,NA,NA,NA,NA
Daily,2020-01-31,NA,23.849998,NA,34.419998,51128.123999999996,NA,NA,NA,93,NA,NA,NA,NA,NA,8.8475,0,0,0.4,0.3,8.51,128,1.6,0,NA
Daily,2020-02-01,NA,23.834999,NA,34.419998,51118.748,NA,NA,NA,93,NA,735.929687,NA,NA,NA,8.777499,NA,NA,NA,NA,NA,NA,NA,NA,NA
Daily,2020-02-02,NA,23.855,NA,34.419998,51093.75,NA,NA,NA,92.5,NA,731.933594,NA,NA,NA,8.6775,NA,NA,NA,NA,NA,NA,NA,NA,NA
Daily,2020-02-03,NA,23.855,NA,34.389999,51087.498,NA,NA,NA,91.5,NA,739.925781,NA,NA,NA,8.737499,NA,NA,NA,NA,NA,NA,NA,NA,NA
Daily,2020-02-04,NA,23.834999,NA,34.379997,51168.747,NA,NA,NA,90.5,NA,NA,NA,NA,NA,8.735,NA,NA,NA,NA,NA,NA,NA,NA,NA
Daily,2020-02-05,NA,23.75,NA,34.41,51181.248,NA,NA,NA,94.25,NA,735.933594,NA,NA,NA,8.78,NA,NA,NA,NA,NA,NA,NA,NA,NA
Daily,2020-02-06,NA,23.894999,NA,34.41,51165.6225,NA,NA,NA,92.5,NA,735.929687,NA,NA,NA,8.737499,NA,NA,NA,NA,NA,NA,NA,NA,NA
Daily,2020-02-07,NA,23.844999,NA,34.41,51096.873999999996,NA,NA,NA,92,NA,735.929687,NA,NA,NA,8.674999,0,0.03,0.5,0.6,NA,NA,1.35,0,NA
Daily,2020-02-08,NA,23.839998,NA,34.41,51149.999500000005,NA,NA,NA,92,NA,NA,NA,NA,NA,8.6775,NA,NA,NA,NA,NA,NA,NA,NA,NA
Daily,2020-02-09,NA,23.814999,NA,34.399998,51128.123999999996,NA,NA,NA,91.5,NA,NA,NA,NA,NA,8.737499,NA,NA,NA,NA,NA,NA,NA,NA,NA
Daily,2020-02-10,NA,23.769999,NA,34.379997,51159.373999999996,NA,NA,NA,90.5,NA,NA,NA,NA,NA,8.7975,NA,NA,NA,NA,NA,NA,NA,NA,NA
Daily,2020-02-11,NA,23.769999,NA,34.41,51087.498,NA,NA,NA,91.5,NA,NA,NA,NA,NA,NA,NA,NA,NA,NA,NA,NA,NA,NA,NA
Daily,2020-02-12,NA,23.859999,NA,34.41,51143.749,NA,NA,NA,92,NA,723.933594,NA,NA,NA,7.90125,NA,NA,NA,NA,NA,NA,NA,NA,NA
Daily,2020-02-13,NA,23.894999,NA,34.399998,51143.749,NA,NA,NA,92.5,NA,739.925781,NA,NA,NA,8.485,NA,NA,NA,NA,NA,NA,NA,NA,NA
Daily,2020-02-14,NA,23.849998,NA,34.379997,51081.249,NA,NA,NA,92.5,NA,739.9375,NA,NA,NA,8.5425,0,0,0.6,1,8.53,137,1.82,0,NA
Daily,2020-02-15,NA,23.849998,NA,34.369999,51149.998,NA,NA,NA,92.5,NA,NA,NA,NA,NA,8.544999,NA,NA,NA,NA,NA,NA,NA,NA,NA
Daily,2020-02-16,NA,23.855,NA,34.379997,51112.499,NA,NA,NA,92.5,NA,739.9375,NA,NA,NA,8.544999,NA,NA,NA,NA,NA,NA,NA,NA,NA
Daily,2020-02-17,NA,23.914999,NA,34.389999,51125,NA,NA,NA,92,NA,NA,NA,NA,NA,8.53,NA,NA,NA,NA,NA,NA,NA,NA,NA
Daily,2020-02-18,NA,23.884998,NA,34.389999,51174.999,NA,NA,NA,92,NA,NA,NA,NA,NA,8.61,NA,NA,NA,NA,NA,NA,NA,NA,NA
Daily,2020-02-19,NA,23.849998,NA,34.389999,51125,NA,NA,NA,91.5,NA,NA,NA,NA,NA,8.5525,NA,NA,NA,NA,NA,NA,NA,NA,NA
Daily,2020-02-20,NA,23.855,NA,34.389999,51087.498,NA,NA,NA,91.5,NA,NA,NA,NA,NA,8.6725,NA,NA,NA,NA,NA,NA,NA,NA,NA
Daily,2020-02-21,NA,23.775,NA,34.459999,50849.998,NA,NA,NA,91,NA,NA,NA,NA,NA,8.6375,0,0.04,0.4,0.6,NA,134,NA,0.002,NA
Daily,2020-02-22,NA,23.775,NA,34.454998,50849.998,NA,NA,NA,90.5,NA,NA,NA,NA,NA,8.6375,NA,NA,NA,NA,NA,NA,NA,NA,NA
Daily,2020-02-23,NA,23.859999,NA,34.269997,51031.25,NA,NA,NA,91.5,NA,NA,NA,NA,NA,8.709999,NA,NA,NA,NA,NA,NA,NA,NA,NA
Daily,2020-02-24,NA,23.924999,NA,34.279999,51131.248,NA,NA,NA,92.5,NA,743.925781,NA,NA,NA,8.645,NA,NA,NA,NA,NA,NA,NA,NA,NA
Daily,2020-02-25,NA,23.859999,NA,34.269997,50937.5,NA,NA,NA,93,NA,NA,NA,NA,NA,8.639999,NA,NA,NA,NA,NA,NA,NA,NA,NA
Daily,2020-02-26,NA,23.865,NA,34.279999,51049.999,NA,NA,NA,93,NA,747.929687,NA,NA,NA,8.645,NA,NA,NA,NA,NA,NA,NA,NA,NA
Daily,2020-02-27,NA,23.884998,NA,34.279999,51149.998,NA,NA,NA,93.5,NA,747.933594,NA,NA,NA,8.645,NA,NA,NA,NA,NA,NA,NA,NA,NA
Daily,2020-02-28,NA,23.82,NA,34.299999,51037.498,NA,NA,NA,93,NA,NA,NA,NA,NA,8.634999,0,0.05,0.5,0.5,8.56,132,1.81,0.001,NA
Daily,2020-02-29,NA,23.834999,NA,34.339996,51128.123999999996,NA,NA,NA,92.5,NA,743.9375,NA,NA,NA,8.662499,NA,NA,NA,NA,NA,NA,NA,NA,NA
Daily,2020-03-01,NA,23.794998,NA,34.369999,51093.75,NA,NA,NA,92,NA,NA,NA,NA,NA,8.73,NA,NA,NA,NA,NA,NA,NA,NA,NA
Daily,2020-03-02,NA,23.775,NA,34.379997,51128.123999999996,NA,NA,NA,92,NA,NA,NA,NA,NA,8.735,NA,NA,NA,NA,NA,NA,NA,NA,NA
Daily,2020-03-03,NA,23.834999,NA,34.379997,51146.8735,NA,NA,NA,92,NA,NA,NA,NA,NA,8.75,NA,NA,NA,NA,NA,NA,NA,NA,NA
Daily,2020-03-04,NA,23.894999,NA,34.339996,51112.499,NA,NA,NA,93.5,NA,NA,NA,NA,NA,8.785,NA,NA,NA,NA,NA,NA,NA,NA,NA
Daily,2020-03-05,NA,23.894999,NA,34.339996,51106.247,NA,NA,NA,93.5,NA,NA,NA,NA,NA,8.721249499999999,NA,NA,NA,NA,NA,NA,NA,NA,NA
Daily,2020-03-06,NA,23.91,NA,34.32,51168.747,NA,NA,NA,93.5,NA,NA,NA,NA,NA,8.8125,0,0.05,0.7,1.2,NA,130,NA,0.003,NA
Daily,2020-03-07,NA,23.929998,NA,34.339996,51106.247,NA,NA,NA,93,NA,747.925781,NA,NA,NA,8.834999,NA,NA,NA,NA,NA,NA,NA,NA,NA
Daily,2020-03-08,NA,23.849998,NA,34.299999,51131.248,NA,NA,NA,92,NA,747.917969,NA,NA,NA,8.777499,NA,NA,NA,NA,NA,NA,NA,NA,NA
Daily,2020-03-09,NA,23.91,NA,34.32,51084.3735,NA,NA,NA,93.5,NA,747.925781,NA,NA,NA,8.78,NA,NA,NA,NA,NA,NA,NA,NA,NA
Daily,2020-03-10,NA,23.849998,NA,34.299999,51106.247,NA,NA,NA,92,NA,NA,NA,NA,NA,NA,NA,NA,NA,NA,NA,NA,NA,NA,NA
Daily,2020-03-11,NA,23.889999,NA,34.309998,51143.749,NA,NA,NA,92,NA,735.929687,NA,NA,NA,8.5925,NA,NA,NA,NA,NA,NA,NA,NA,NA
Daily,2020-03-12,NA,23.834999,NA,34.299999,51137.497,NA,NA,NA,91,NA,743.925781,NA,NA,NA,8.567499,NA,NA,NA,NA,NA,NA,NA,NA,NA
Daily,2020-03-13,NA,23.859999,NA,34.329998,51140.62300000001,NA,NA,NA,93,NA,NA,NA,NA,NA,8.612499,0,0.02,0.5,1.2,NA,131,NA,0.008,NA
Daily,2020-03-14,NA,23.9,NA,34.354997499999996,51059.373999999996,NA,NA,NA,93,NA,NA,NA,NA,NA,8.655,NA,NA,NA,NA,NA,NA,NA,NA,NA
Daily,2020-03-15,NA,23.879999,NA,34.339996,51081.249,NA,NA,NA,93,NA,NA,NA,NA,NA,8.655,NA,NA,NA,NA,NA,NA,NA,NA,NA
Daily,2020-03-16,NA,23.929998,NA,34.339996,51143.7475,NA,NA,NA,93.5,NA,NA,NA,NA,NA,8.5925,NA,NA,NA,NA,NA,NA,NA,NA,NA
Daily,2020-03-17,NA,23.865,NA,34.339996,51099.998,NA,NA,NA,93,NA,739.933594,NA,NA,NA,8.66,NA,NA,NA,NA,NA,NA,NA,NA,NA
Daily,2020-03-18,NA,23.834999,NA,34.329998,51062.5,NA,NA,NA,91.5,NA,NA,NA,NA,NA,8.7225,NA,NA,NA,NA,NA,NA,NA,NA,NA
Daily,2020-03-19,NA,23.894999,NA,34.349998,51093.75,NA,NA,NA,93,NA,735.933594,NA,NA,NA,8.75,NA,NA,NA,NA,NA,NA,NA,NA,NA
Daily,2020-03-20,NA,23.9,NA,34.359997,51131.248,NA,NA,NA,93.5,NA,743.921875,NA,NA,NA,8.724999,0,0.04,1.1,1.2,8.17,134,1.41,0.002,NA
Daily,2020-03-21,NA,23.945,NA,34.329998,51125,NA,NA,NA,93.5,NA,743.933594,NA,NA,NA,8.665,NA,NA,NA,NA,NA,NA,NA,NA,NA
Daily,2020-03-22,NA,23.879999,NA,34.354997499999996,51112.499,NA,NA,NA,93.5,NA,NA,NA,NA,NA,8.665,NA,NA,NA,NA,NA,NA,NA,NA,NA
Daily,2020-03-23,NA,23.945,NA,34.329998,51106.247,NA,NA,NA,93.5,NA,743.929687,NA,NA,NA,8.709999,NA,NA,NA,NA,NA,NA,NA,NA,NA
Daily,2020-03-24,NA,23.994999,NA,34.32,51162.498,NA,NA,NA,93,NA,NA,NA,NA,NA,8.594999,NA,NA,NA,NA,NA,NA,NA,NA,NA
Daily,2020-03-25,NA,23.984999,NA,34.32,51206.249,NA,NA,NA,93.5,NA,NA,NA,NA,NA,8.69,NA,NA,NA,NA,NA,NA,NA,NA,NA
Daily,2020-03-26,NA,23.839998,NA,34.339996,51193.748,NA,NA,NA,91.5,NA,NA,NA,NA,NA,8.662499,NA,NA,NA,NA,NA,NA,NA,NA,NA
Daily,2020-03-27,NA,23.839998,NA,34.359997,51162.498,NA,NA,NA,92.5,NA,NA,NA,NA,NA,8.66,NA,NA,NA,NA,NA,NA,NA,NA,NA
Daily,2020-03-28,NA,23.945,NA,34.339996,51056.248,NA,NA,NA,92,NA,NA,NA,NA,NA,8.66,0,0.07,0.6,0.8,8.18,132,1.26,0,NA
Daily,2020-03-29,NA,23.945,NA,34.344997,51143.749,NA,NA,NA,94,NA,NA,NA,NA,NA,8.662499,NA,NA,NA,NA,NA,NA,NA,NA,NA
Daily,2020-03-30,NA,24.044998,NA,34.374998000000005,51237.499,NA,NA,NA,94.25,NA,743.921875,NA,NA,NA,8.724999,NA,NA,NA,NA,NA,NA,NA,NA,NA
Daily,2020-03-31,NA,23.949999,NA,34.399998,51074.997,NA,NA,NA,93.5,NA,NA,NA,NA,NA,8.5975,NA,NA,NA,NA,NA,NA,NA,NA,NA
Daily,2020-04-01,NA,24,NA,34.329998,51125,NA,NA,NA,93.5,NA,743.921875,NA,NA,NA,8.7225,NA,NA,NA,NA,NA,NA,NA,NA,NA
Daily,2020-04-02,NA,24,NA,34.359997,51193.748,NA,NA,NA,93.5,NA,743.921875,NA,NA,NA,8.7812495,NA,NA,NA,NA,NA,NA,NA,NA,NA
Daily,2020-04-03,NA,23.98,NA,34.339996,51181.248,NA,NA,NA,93.5,NA,743.917969,NA,NA,NA,8.775,0,0.03,0.5,0.9,8.23,NA,NA,0.003,NA
Daily,2020-04-04,NA,23.934999,NA,34.339996,51143.749,NA,NA,NA,94,NA,NA,NA,NA,NA,8.751249999999999,NA,NA,NA,NA,NA,NA,NA,NA,NA
Daily,2020-04-05,NA,23.964998,NA,34.32,51125,NA,NA,NA,94,NA,747.925781,NA,NA,NA,8.655,NA,NA,NA,NA,NA,NA,NA,NA,NA
Daily,2020-04-06,NA,23.934999,NA,34.329998,51143.749,NA,NA,NA,94.5,NA,747.929687,NA,NA,NA,8.719999,NA,NA,NA,NA,NA,NA,NA,NA,NA
Daily,2020-04-07,NA,23.959999,NA,34.309998,51153.1235,NA,NA,NA,94.5,NA,NA,NA,NA,NA,8.7625,NA,NA,NA,NA,NA,NA,NA,NA,NA
Daily,2020-04-08,NA,23.934999,NA,34.329998,51118.748,NA,NA,NA,94,NA,NA,NA,NA,NA,8.775,NA,NA,NA,NA,NA,NA,NA,NA,NA
Daily,2020-04-09,NA,23.959999,NA,34.299999,51084.3735,NA,NA,NA,95,NA,747.925781,NA,NA,NA,8.777499,NA,NA,NA,NA,NA,NA,NA,NA,NA
Daily,2020-04-10,NA,23.955,NA,34.329998,51168.747,NA,NA,NA,94.5,NA,NA,NA,NA,NA,8.775,0,0.02,0.6,NA,8.26,150,1.7,0.003,NA
Daily,2020-04-11,NA,23.894999,NA,34.289997,51093.75,NA,NA,NA,93.5,NA,NA,NA,NA,NA,8.777499,NA,NA,NA,NA,NA,NA,NA,NA,NA
Daily,2020-04-12,NA,23.914999,NA,34.329998,51093.75,NA,NA,NA,94,NA,NA,NA,NA,NA,8.7175,NA,NA,NA,NA,NA,NA,NA,NA,NA
Daily,2020-04-13,NA,23.914999,NA,34.32,51068.748,NA,NA,NA,94,NA,743.925781,NA,NA,NA,8.709999,NA,NA,NA,NA,NA,NA,NA,NA,NA
Daily,2020-04-14,NA,23.75,NA,34.354997499999996,50899.998,NA,NA,NA,94.5,NA,743.929687,NA,NA,NA,8.733749,NA,NA,NA,NA,NA,NA,NA,NA,NA
Daily,2020-04-15,NA,23.994999,NA,34.339996,51109.37300000001,NA,NA,NA,94.5,NA,735.921875,NA,NA,NA,8.772499,NA,NA,NA,NA,NA,NA,NA,NA,NA
Daily,2020-04-16,NA,24,NA,34.289997,51193.748,NA,NA,NA,95,NA,743.921875,NA,NA,NA,8.714999,NA,NA,NA,NA,NA,NA,NA,NA,NA
Daily,2020-04-17,NA,23.839998,NA,34.359997,50981.2485,NA,NA,NA,95,NA,NA,NA,NA,NA,8.645,2,0.02,0.5,1,8.28,147,1.64,0.012,NA
Daily,2020-04-18,NA,23.519999,NA,34.369999,50656.25,NA,NA,NA,94.5,NA,751.941406,NA,NA,NA,8.709999,NA,NA,NA,NA,NA,NA,NA,NA,NA
Daily,2020-04-19,NA,23.3274995,NA,34.279999,50368.748,NA,NA,NA,95.5,NA,747.957031,NA,NA,NA,8.7587495,NA,NA,NA,NA,NA,NA,NA,NA,NA
Daily,2020-04-20,NA,23.955,NA,34.41,51018.749,NA,NA,NA,95.25,NA,739.921875,NA,NA,NA,8.737499,NA,NA,NA,NA,NA,NA,NA,NA,NA
Daily,2020-04-21,NA,23.955,NA,34.299999,51187.5,NA,NA,NA,95,NA,NA,NA,NA,NA,8.77,NA,NA,NA,NA,NA,NA,NA,NA,NA
Daily,2020-04-22,NA,23.894999,NA,34.3499965,50996.873999999996,NA,NA,NA,95.5,NA,NA,NA,NA,NA,8.77,NA,NA,NA,NA,NA,NA,NA,NA,NA
Daily,2020-04-23,NA,23.889999,NA,34.424997000000005,50931.248,NA,NA,NA,96.5,NA,743.921875,NA,NA,NA,8.7675,NA,NA,NA,NA,NA,NA,NA,NA,NA
Daily,2020-04-24,NA,24.019999,NA,34.429996,50968.75,NA,NA,NA,95.5,NA,NA,NA,NA,NA,8.7525,NA,NA,NA,NA,NA,NA,NA,NA,NA
Daily,2020-04-25,NA,24.119999,NA,34.284998,51043.747,NA,NA,NA,94.5,NA,735.921875,NA,NA,NA,8.7625,0,0.02,0.6,0.7,8.25,128,1.78,0.001,NA
Daily,2020-04-26,NA,24.129999,NA,34.349998,51118.748,NA,NA,NA,93.5,NA,731.910156,NA,NA,NA,8.7,NA,NA,NA,NA,NA,NA,NA,NA,NA
Daily,2020-04-27,NA,24.209999,NA,34.384998,51306.248,NA,NA,NA,93,NA,731.914062,NA,NA,NA,8.697499,NA,NA,NA,NA,NA,NA,NA,NA,NA
Daily,2020-04-28,NA,24.089998,NA,34.299999,51156.25,NA,NA,NA,94.5,NA,735.917969,NA,NA,NA,8.702499,NA,NA,NA,NA,NA,NA,NA,NA,NA
Daily,2020-04-29,NA,23.914999,NA,34.279999,51024.998,NA,NA,NA,95,NA,719.933594,NA,NA,NA,8.7625,NA,NA,NA,NA,NA,NA,NA,NA,NA
Daily,2020-04-30,NA,23.939999,NA,34.289997,51068.748,NA,NA,NA,94,NA,735.929687,NA,NA,NA,8.714999,NA,NA,NA,NA,NA,NA,NA,NA,NA
Daily,2020-05-01,NA,24.025,NA,34.309998,51143.749,NA,NA,NA,94,NA,739.914062,NA,NA,NA,8.665,0,0,0.6,1.1,8.29,132,1.82,0.007,NA
Daily,2020-05-02,NA,24.129999,NA,34.384998,51231.247,NA,NA,NA,94,NA,NA,NA,NA,NA,8.639999,NA,NA,NA,NA,NA,NA,NA,NA,NA
Daily,2020-05-03,NA,24.074999,NA,34.389999,51165.6225,NA,NA,NA,94,NA,NA,NA,NA,NA,8.634999,NA,NA,NA,NA,NA,NA,NA,NA,NA
Daily,2020-05-04,NA,24.004999,NA,34.429996,50984.37300000001,NA,NA,NA,94,NA,739.919922,NA,NA,NA,8.6725,NA,NA,NA,NA,NA,NA,NA,NA,NA
Daily,2020-05-05,NA,23.98,NA,34.289997,51099.998,NA,NA,NA,95.25,NA,NA,NA,NA,NA,8.70625,NA,NA,NA,NA,NA,NA,NA,NA,NA
Daily,2020-05-06,NA,23.919998,NA,34.269997,51074.997,NA,NA,NA,94.5,NA,NA,NA,NA,NA,8.6775,NA,NA,NA,NA,NA,NA,NA,NA,NA
Daily,2020-05-07,NA,23.919998,NA,34.269997,51112.499,NA,NA,NA,94,NA,NA,NA,NA,NA,8.695,NA,NA,NA,NA,NA,NA,NA,NA,NA
Daily,2020-05-08,NA,23.9,NA,34.299999,50993.748,NA,NA,NA,94,NA,NA,NA,NA,NA,8.6375,0,0.03,NA,NA,8.08,132,0.63,0,NA
Daily,2020-05-09,NA,23.904999,NA,34.284998,51049.999,NA,NA,NA,95,NA,NA,NA,NA,NA,NA,NA,NA,NA,NA,NA,NA,NA,NA,NA
Daily,2020-05-10,NA,23.879999,NA,34.429996,50974.998,NA,NA,NA,93.5,NA,743.929687,NA,NA,NA,8.697499,NA,NA,NA,NA,NA,NA,NA,NA,NA
Daily,2020-05-11,NA,23.879999,NA,34.309998,50962.498,NA,NA,NA,93,NA,743.921875,NA,NA,NA,8.634999,NA,NA,NA,NA,NA,NA,NA,NA,NA
Daily,2020-05-12,NA,23.91,NA,34.299999,51015.62300000001,NA,NA,NA,94.5,NA,727.929687,NA,NA,NA,8.572499,NA,NA,NA,NA,NA,NA,NA,NA,NA
Daily,2020-05-13,NA,23.894999,NA,34.359997,51024.998,NA,NA,NA,95,NA,715.925781,NA,NA,NA,NA,NA,NA,NA,NA,NA,NA,NA,NA,NA
Daily,2020-05-14,NA,23.844999,NA,34.449997,50862.499,NA,NA,NA,91,NA,739.933594,NA,NA,NA,NA,NA,NA,NA,NA,NA,NA,NA,NA,NA
Daily,2020-05-15,NA,23.945,NA,34.289997,51093.75,NA,NA,NA,97,NA,NA,NA,NA,NA,8.6375,0,0.07,0.5,0.7,8.05,124,1.04,0,NA
Daily,2020-05-16,NA,23.879999,NA,34.299999,50968.75,NA,NA,NA,94.5,NA,747.933594,NA,NA,NA,8.6375,NA,NA,NA,NA,NA,NA,NA,NA,NA
Daily,2020-05-17,NA,23.924999,NA,34.309998,51074.997,NA,NA,NA,93.5,NA,NA,NA,NA,NA,8.634999,NA,NA,NA,NA,NA,NA,NA,NA,NA
Daily,2020-05-18,NA,24.025,NA,34.429996,51012.497,NA,NA,NA,94.5,NA,743.929687,NA,NA,NA,8.634999,NA,NA,NA,NA,NA,NA,NA,NA,NA
Daily,2020-05-19,NA,23.934999,NA,34.279999,50862.499,NA,NA,NA,93,NA,739.929687,NA,NA,NA,8.447499,NA,NA,NA,NA,NA,NA,NA,NA,NA
Daily,2020-05-20,NA,23.83,NA,34.064999,50912.498,NA,NA,NA,89.5,NA,719.949219,NA,NA,NA,8.112499,NA,NA,NA,NA,NA,NA,NA,NA,NA
Daily,2020-05-21,NA,NA,NA,NA,NA,NA,NA,NA,NA,NA,NA,NA,NA,NA,NA,NA,NA,NA,NA,NA,NA,NA,NA,NA
Daily,2020-05-22,NA,NA,NA,NA,NA,NA,NA,NA,NA,NA,NA,NA,NA,NA,NA,NA,0.05,0.7,0.8,8.32,122,0.78,0,NA
Daily,2020-05-23,NA,NA,NA,NA,NA,NA,NA,NA,NA,NA,NA,NA,NA,NA,NA,NA,NA,NA,NA,NA,NA,NA,NA,NA
Daily,2020-05-24,NA,NA,NA,NA,NA,NA,NA,NA,NA,NA,NA,NA,NA,NA,NA,NA,NA,NA,NA,NA,NA,NA,NA,NA
Daily,2020-05-25,NA,NA,NA,NA,NA,NA,NA,NA,NA,NA,NA,NA,NA,NA,NA,NA,NA,NA,NA,NA,NA,NA,NA,NA
Daily,2020-05-26,NA,NA,NA,NA,NA,NA,NA,NA,NA,NA,NA,NA,NA,NA,NA,NA,NA,NA,NA,NA,NA,NA,NA,NA
Daily,2020-05-27,NA,NA,NA,NA,NA,NA,NA,NA,NA,NA,NA,NA,NA,NA,NA,NA,NA,NA,NA,NA,NA,NA,NA,NA
Daily,2020-05-28,NA,NA,NA,NA,NA,NA,NA,NA,NA,NA,NA,NA,NA,NA,NA,NA,NA,NA,NA,NA,NA,NA,NA,NA
Daily,2020-05-29,NA,23.939999,NA,34.089996,50856.247,NA,NA,NA,94.5,NA,703.925781,NA,NA,NA,8.652499,0,0.08,0.8,2.1,8.56,112,0.67,0,NA
Daily,2020-05-30,NA,23.914999,NA,34.129997,50853.1225,NA,NA,NA,92,NA,719.929687,NA,NA,NA,8.6875,NA,NA,NA,NA,NA,NA,NA,NA,NA
Daily,2020-05-31,NA,23.91,NA,34.099998,50837.498,NA,NA,NA,92,NA,731.925781,NA,NA,NA,8.6725,NA,NA,NA,NA,NA,NA,NA,NA,NA
Daily,2020-06-01,NA,23.91,NA,34.139999,50868.748,NA,NA,NA,93,NA,735.933594,NA,NA,NA,8.674999,NA,NA,NA,NA,NA,NA,NA,NA,NA
Daily,2020-06-02,NA,23.9,NA,34.209999,50981.247,NA,NA,NA,93.5,NA,731.929687,NA,NA,NA,8.679999,NA,NA,NA,NA,NA,NA,NA,NA,NA
Daily,2020-06-03,NA,24.025,NA,34.129997,50884.3725,NA,NA,NA,92.5,NA,739.914062,NA,NA,NA,8.679999,NA,NA,NA,NA,NA,NA,NA,NA,NA
Daily,2020-06-04,NA,24.504999,NA,34.209999,51537.498,NA,NA,NA,92,NA,739.890625,NA,NA,NA,8.692499,NA,NA,NA,NA,NA,NA,NA,NA,NA
Daily,2020-06-05,NA,24.4674985,NA,34.289997,51606.247,NA,NA,NA,89.5,NA,743.894531,NA,NA,NA,8.309999,0,0.02,0.9,2.1,8.32,123,0.47,0.003,NA
Daily,2020-06-06,NA,24.484999,NA,34.309998,51543.747,NA,NA,NA,92.5,NA,743.894531,NA,NA,NA,8.684999,NA,NA,NA,NA,NA,NA,NA,NA,NA
Daily,2020-06-07,NA,24.474998,NA,34.349998,51562.5,NA,NA,NA,93.5,NA,735.898437,NA,NA,NA,8.304999,NA,NA,NA,NA,NA,NA,NA,NA,NA
Daily,2020-06-08,NA,24.455,NA,34.339996,51506.248,NA,NA,NA,94,NA,NA,NA,NA,NA,8.6325,NA,NA,NA,NA,NA,NA,NA,NA,NA
Daily,2020-06-09,NA,24.509998,NA,34.349998,51649.998,NA,NA,NA,94.5,NA,747.894531,NA,NA,NA,8.6425,NA,NA,NA,NA,NA,NA,NA,NA,NA
Daily,2020-06-10,NA,24.919998,NA,34.309998,52043.747,NA,NA,NA,94.5,NA,739.867187,NA,NA,NA,8.7,NA,NA,NA,NA,NA,NA,NA,NA,NA
Daily,2020-06-11,NA,25.025,NA,34.119999,52099.998,NA,NA,NA,94,NA,739.863281,NA,NA,NA,8.7,NA,NA,NA,NA,NA,NA,NA,NA,NA
Daily,2020-06-12,NA,25.025,NA,34.309998,52153.123999999996,NA,NA,NA,94,NA,743.859375,NA,NA,NA,8.695,0,0.04,0.8,1,8.27,124,0.52,0.004,NA
Daily,2020-06-13,NA,25.004999,NA,34.309998,52125,NA,NA,NA,94,NA,743.863281,NA,NA,NA,8.702499,NA,NA,NA,NA,NA,NA,NA,NA,NA
Daily,2020-06-14,NA,24.924999,NA,34.209999,51918.747,NA,NA,NA,94.5,NA,743.880859,NA,NA,NA,8.195,NA,NA,NA,NA,NA,NA,NA,NA,NA
Daily,2020-06-15,NA,24.894999,NA,34.309998,51924.999,NA,NA,NA,94,NA,727.867187,NA,NA,NA,8.732499,NA,NA,NA,NA,NA,NA,NA,NA,NA
Daily,2020-06-16,NA,25.029999,NA,34.16,52049.999,NA,NA,NA,94.5,NA,727.855469,NA,NA,NA,8.684999,NA,NA,NA,NA,NA,NA,NA,NA,NA
Daily,2020-06-17,NA,25.009998,NA,34.259998,52093.748,NA,NA,NA,94.5,NA,743.855469,NA,NA,NA,8.612499,NA,NA,NA,NA,NA,NA,NA,NA,NA
Daily,2020-06-18,NA,25.019999,NA,34.329998,52106.247,NA,NA,NA,94.5,NA,747.863281,NA,NA,NA,8.625,NA,NA,NA,NA,NA,NA,NA,NA,NA
Daily,2020-06-19,NA,25.009998,NA,34.359997,52140.62300000001,NA,NA,NA,93,NA,751.861328,NA,NA,NA,8.625,0,0.06,0.7,0.9,NA,108,0.49,0,NA
Daily,2020-06-20,NA,25.029999,NA,34.289997,52096.873999999996,NA,NA,NA,93.5,NA,747.871094,NA,NA,NA,8.6287495,NA,NA,NA,NA,NA,NA,NA,NA,NA
Daily,2020-06-21,NA,25.029999,NA,34.279999,52125,NA,NA,NA,93,NA,747.867187,NA,NA,NA,8.565,NA,NA,NA,NA,NA,NA,NA,NA,NA
Daily,2020-06-22,NA,25.014999,NA,34.359997,52149.998,NA,NA,NA,94.5,NA,755.867187,NA,NA,NA,8.634999,NA,NA,NA,NA,NA,NA,NA,NA,NA
Daily,2020-06-23,NA,25.019999,NA,34.219997,52062.5,NA,NA,NA,93.5,NA,755.859375,NA,NA,NA,8.634999,NA,NA,NA,NA,NA,NA,NA,NA,NA
Daily,2020-06-24,NA,24.974998,NA,34.209999,52024.998,NA,NA,NA,93,NA,747.859375,NA,NA,NA,8.57,NA,NA,NA,NA,NA,NA,NA,NA,NA
Daily,2020-06-25,NA,25.025,NA,34.149998,51875,NA,NA,NA,93.5,NA,751.867187,NA,NA,NA,8.544999,NA,NA,NA,NA,NA,NA,NA,NA,NA
Daily,2020-06-26,NA,24.969999,NA,34.029999,51912.498,NA,NA,NA,93,NA,743.871094,NA,NA,NA,8.559999,0,0.04,0.7,1,8.27,126,0.4,0,NA
Daily,2020-06-27,NA,25.035,NA,33.459999,51006.248,NA,NA,NA,94,NA,747.875,NA,NA,NA,8.5575,NA,NA,NA,NA,NA,NA,NA,NA,NA
Daily,2020-06-28,NA,25.014999,NA,33.449997,51068.748,NA,NA,NA,93,NA,751.878906,NA,NA,NA,8.567499,NA,NA,NA,NA,NA,NA,NA,NA,NA
Daily,2020-06-29,NA,25.035,NA,33.689999,51243.748,NA,NA,NA,95,NA,751.878906,NA,NA,NA,8.589999,NA,NA,NA,NA,NA,NA,NA,NA,NA
Daily,2020-06-30,NA,25.039999,NA,34.089996,52031.25,NA,NA,NA,93.5,NA,747.875,NA,NA,NA,8.6137495,NA,NA,NA,NA,NA,NA,NA,NA,NA
Daily,2020-07-01,NA,25.035,NA,34.169998,52037.498,NA,NA,NA,94.5,NA,NA,NA,NA,NA,8.554999,NA,NA,NA,NA,NA,NA,NA,NA,NA
Daily,2020-07-02,NA,25.039999,NA,34.089996,52081.249,NA,NA,NA,93.5,NA,739.875,NA,NA,NA,8.54375,NA,NA,NA,NA,NA,NA,NA,NA,NA
Daily,2020-07-03,NA,25.014999,NA,34.049999,52093.75,NA,NA,NA,95,NA,743.867187,NA,NA,NA,8.5575,0,0.01,0.7,0.6,8.28,128,0.41,0,NA
Daily,2020-07-04,NA,25.074999,NA,34.059998,52162.498,NA,NA,NA,94,NA,751.863281,NA,NA,NA,8.559999,NA,NA,NA,NA,NA,NA,NA,NA,NA
Daily,2020-07-05,NA,25.059999,NA,34.299999,52134.3725,NA,NA,NA,95.5,NA,NA,NA,NA,NA,8.2387495,NA,NA,NA,NA,NA,NA,NA,NA,NA
Daily,2020-07-06,NA,25.044998,NA,33.989998,51893.749,NA,NA,NA,94.5,NA,NA,NA,NA,NA,8.495,NA,NA,NA,NA,NA,NA,NA,NA,NA
Daily,2020-07-07,NA,25.099998,NA,34.389999,52174.999,NA,NA,NA,94,NA,755.855469,NA,NA,NA,8.58,NA,NA,NA,NA,NA,NA,NA,NA,NA
Daily,2020-07-08,NA,25.119999,NA,34.419998,52149.998,NA,NA,NA,95,NA,NA,NA,NA,NA,8.5125,NA,NA,NA,NA,NA,NA,NA,NA,NA
Daily,2020-07-09,NA,25.099998,NA,34.459999,52181.248,NA,NA,NA,91.5,NA,751.867187,NA,NA,NA,NA,NA,NA,NA,NA,NA,NA,NA,NA,NA
Daily,2020-07-10,NA,NA,NA,NA,NA,NA,NA,NA,NA,NA,NA,NA,NA,NA,NA,0,0.05,1.1,1.8,NA,135,0.46,0.022,NA
Daily,2020-07-11,NA,25.0524985,NA,34.449997,52093.75,NA,NA,NA,95,NA,737.8652345,NA,NA,NA,7.8225,NA,NA,NA,NA,NA,NA,NA,NA,NA
Daily,2020-07-12,NA,25.029999,NA,34.209999,52081.249,NA,NA,NA,93.5,NA,735.871094,NA,NA,NA,8.65,NA,NA,NA,NA,NA,NA,NA,NA,NA
Daily,2020-07-13,NA,25.074999,NA,34.1849975,51943.748,NA,NA,NA,94.5,NA,743.867187,NA,NA,NA,8.5925,NA,NA,NA,NA,NA,NA,NA,NA,NA
Daily,2020-07-14,NA,25.039999,NA,34.349998,52168.747,NA,NA,NA,94.5,NA,751.859375,NA,NA,NA,8.525,NA,NA,NA,NA,NA,NA,NA,NA,NA
Daily,2020-07-15,NA,25.044998,NA,34.064999,51993.748,NA,NA,NA,93,NA,747.863281,NA,NA,NA,8.527499,NA,NA,NA,NA,NA,NA,NA,NA,NA
Daily,2020-07-16,NA,25.054998,NA,34.359997,52174.999,NA,NA,NA,94,NA,735.875,NA,NA,NA,8.014999,NA,NA,NA,NA,NA,NA,NA,NA,NA
Daily,2020-07-17,NA,25.039999,NA,34.329998,52168.747,NA,NA,NA,94,NA,747.875,NA,NA,NA,8.4637495,0,0.11,0.8,1,NA,122,0.52,0,NA
Daily,2020-07-18,NA,25.054998,NA,34.419998,52149.998,NA,NA,NA,94,NA,743.882812,NA,NA,NA,8.5175,NA,NA,NA,NA,NA,NA,NA,NA,NA
Daily,2020-07-19,NA,25.035,NA,34.41,52112.499,NA,NA,NA,92.5,NA,739.871094,NA,NA,NA,8.202499,NA,NA,NA,NA,NA,NA,NA,NA,NA
Daily,2020-07-20,NA,25.064999,NA,34.48,52206.249,NA,NA,NA,93,NA,731.875,NA,NA,NA,8.157499,NA,NA,NA,NA,NA,NA,NA,NA,NA
Daily,2020-07-21,NA,25.08,NA,34.32,52331.249,NA,NA,NA,93,NA,735.878906,NA,NA,NA,8.44,NA,NA,NA,NA,NA,NA,NA,NA,NA
Daily,2020-07-22,NA,25.035,NA,34.379997,52231.247,NA,NA,NA,94,NA,755.865234,NA,NA,NA,8.3475,NA,NA,NA,NA,NA,NA,NA,NA,NA
Daily,2020-07-23,NA,25.009998,NA,34.469997,52081.249,NA,NA,NA,91,NA,NA,NA,NA,NA,8.402499,NA,NA,NA,NA,NA,NA,NA,NA,NA
Daily,2020-07-24,NA,NA,NA,NA,NA,NA,NA,NA,NA,NA,NA,NA,NA,NA,NA,0,0,0.6,0.5,NA,127,0.62,0,NA
Daily,2020-07-25,NA,NA,NA,NA,NA,NA,NA,NA,NA,NA,NA,NA,NA,NA,NA,NA,NA,NA,NA,NA,NA,NA,NA,NA
Daily,2020-07-26,NA,NA,NA,NA,NA,NA,NA,NA,NA,NA,NA,NA,NA,NA,NA,NA,NA,NA,NA,NA,NA,NA,NA,NA
Daily,2020-07-27,NA,25.025,NA,34.359997,52056.248,NA,NA,NA,95.5,NA,NA,NA,NA,NA,8.44,NA,NA,NA,NA,NA,NA,NA,NA,NA
Daily,2020-07-28,NA,25.089998,NA,34.429996,52168.747,NA,NA,NA,91.5,NA,759.871094,NA,NA,NA,8.3875,NA,NA,NA,NA,NA,NA,NA,NA,NA
Daily,2020-07-29,NA,25.054998,NA,34.41,52112.499,NA,NA,NA,93,NA,759.875,NA,NA,NA,8.39875,NA,NA,NA,NA,NA,NA,NA,NA,NA
Daily,2020-07-30,NA,25.049999,NA,34.329998,52143.749,NA,NA,NA,93,NA,NA,NA,NA,NA,8.235,NA,NA,NA,NA,NA,NA,NA,NA,NA
Daily,2020-07-31,NA,25.044998,NA,34.359997,52146.8735,NA,NA,NA,93,NA,NA,NA,NA,NA,8.3775,0,0.05,0.4,0.3,8.23,NA,0.52,0.033,NA
Daily,2020-08-01,NA,25.049999,NA,34.049999,52000,NA,NA,NA,93,NA,NA,NA,NA,NA,8.4737495,NA,NA,NA,NA,NA,NA,NA,NA,NA
Daily,2020-08-02,NA,25.044998,NA,34.079998,51899.998,NA,NA,NA,92.5,NA,751.871094,NA,NA,NA,8.49,NA,NA,NA,NA,NA,NA,NA,NA,NA
Daily,2020-08-03,NA,25.044998,NA,34.059998,51996.873999999996,NA,NA,NA,92,NA,755.875,NA,NA,NA,8.4725,NA,NA,NA,NA,NA,NA,NA,NA,NA
Daily,2020-08-04,NA,25.059999,NA,34.23,52037.498,NA,NA,NA,92.5,NA,NA,NA,NA,NA,8.45,NA,NA,NA,NA,NA,NA,NA,NA,NA
Daily,2020-08-05,NA,25.064999,NA,34.179996,51981.247,NA,NA,NA,91.5,NA,751.878906,NA,NA,NA,8.442499,NA,NA,NA,NA,NA,NA,NA,NA,NA
Daily,2020-08-06,NA,25.044998,NA,34.079998,52109.37300000001,NA,NA,NA,89.5,NA,747.882812,NA,NA,NA,8.2362495,NA,NA,NA,NA,NA,NA,NA,NA,NA
Daily,2020-08-07,NA,25.08,NA,34.049999,52049.999,NA,NA,NA,93,NA,NA,NA,NA,NA,NA,0,0.01,0.7,1.3,8.29,126,0.31,0.032,NA
Daily,2020-08-08,NA,25.074999,NA,34.189999,51906.25,NA,NA,NA,91.5,NA,NA,NA,NA,NA,8.419999,NA,NA,NA,NA,NA,NA,NA,NA,NA
Daily,2020-08-09,NA,25.049999,NA,34.239998,52112.499,NA,NA,NA,90.5,NA,751.878906,NA,NA,NA,8.299999,NA,NA,NA,NA,NA,NA,NA,NA,NA
Daily,2020-08-10,NA,25.044998,NA,34.179996,51881.248,NA,NA,NA,90.5,NA,743.886719,NA,NA,NA,8.474999,NA,NA,NA,NA,NA,NA,NA,NA,NA
Daily,2020-08-11,NA,25.07,NA,34.2649975,52087.498,NA,NA,NA,90.5,NA,739.867187,NA,NA,NA,8.504999,NA,NA,NA,NA,NA,NA,NA,NA,NA
Daily,2020-08-12,NA,25.115,NA,34.079998,51984.37300000001,NA,NA,NA,90,NA,735.875,NA,NA,NA,8.6025,NA,NA,NA,NA,NA,NA,NA,NA,NA
Daily,2020-08-13,NA,25.049999,NA,34.079998,52074.997,NA,NA,NA,89,NA,727.875,NA,NA,NA,8.4837495,NA,NA,NA,NA,NA,NA,NA,NA,NA
Daily,2020-08-14,NA,25.064999,NA,34.75,52750,NA,NA,NA,89.5,NA,739.875,NA,NA,NA,8.247499,0,0,1.7,1.6,NA,126,0.31,0.033,NA
Daily,2020-08-15,NA,25.074999,NA,34.104997499999996,51949.997,NA,NA,NA,89.5,NA,735.882812,NA,NA,NA,8.445,NA,NA,NA,NA,NA,NA,NA,NA,NA
Daily,2020-08-16,NA,25.044998,NA,34.329998,52112.499,NA,NA,NA,89.5,NA,735.871094,NA,NA,NA,8.447499,NA,NA,NA,NA,NA,NA,NA,NA,NA
Daily,2020-08-17,NA,25.019999,NA,34.279999,52056.248,NA,NA,NA,88.5,NA,731.875,NA,NA,NA,8.2525,NA,NA,NA,NA,NA,NA,NA,NA,NA
Daily,2020-08-18,NA,25.07,NA,34.379997,52137.497,NA,NA,NA,87.5,NA,747.871094,NA,NA,NA,8.389999,NA,NA,NA,NA,NA,NA,NA,NA,NA
Daily,2020-08-19,NA,25.07,NA,34.359997,52106.247,NA,NA,NA,87.5,NA,743.875,NA,NA,NA,8.4199995,NA,NA,NA,NA,NA,NA,NA,NA,NA
Daily,2020-08-20,NA,25.07,NA,34.049999,52093.75,NA,NA,NA,85.5,NA,NA,NA,NA,NA,8.3775,NA,NA,NA,NA,NA,NA,NA,NA,NA
Daily,2020-08-21,NA,24.955,NA,34.039997,52118.748,NA,NA,NA,81.75,NA,735.882812,NA,NA,NA,7.74875,0,0.02,1.3,1.6,NA,123,0.44,0,NA
Daily,2020-08-22,NA,NA,NA,NA,NA,NA,NA,NA,NA,NA,NA,NA,NA,NA,NA,NA,NA,NA,NA,NA,NA,NA,NA,NA
Daily,2020-08-23,NA,NA,NA,NA,NA,NA,NA,NA,NA,NA,NA,NA,NA,NA,NA,NA,NA,NA,NA,NA,NA,NA,NA,NA
Daily,2020-08-24,NA,25.044998,NA,34.199997,52068.748,NA,NA,NA,87.5,NA,715.875,NA,NA,NA,8.4775,NA,NA,NA,NA,NA,NA,NA,NA,NA
Daily,2020-08-25,NA,25.07,NA,34.019997,51818.748,NA,NA,NA,86,NA,727.871094,NA,NA,NA,8.415,NA,NA,NA,NA,NA,NA,NA,NA,NA
Daily,2020-08-26,NA,25.064999,NA,34.349998,52093.75,NA,NA,NA,85.5,NA,735.878906,NA,NA,NA,8.1325,NA,NA,NA,NA,NA,NA,NA,NA,NA
Daily,2020-08-27,NA,25.039999,NA,34.41,52131.248,NA,NA,NA,87,NA,NA,NA,NA,NA,8.254999,NA,NA,NA,NA,NA,NA,NA,NA,NA
Daily,2020-08-28,NA,25.049999,NA,34.3949985,52140.62300000001,NA,NA,NA,87,NA,743.875,NA,NA,NA,8.245,0,0.15,1.7,1.7,8.23,130,0.41,0.003,NA
Daily,2020-08-29,NA,25.064999,NA,34.349998,52081.249,NA,NA,NA,87.5,NA,NA,NA,NA,NA,8.192499,NA,NA,NA,NA,NA,NA,NA,NA,NA
Daily,2020-08-30,NA,25.039999,NA,34.3949985,52093.75,NA,NA,NA,87.5,NA,743.886719,NA,NA,NA,8.214999,NA,NA,NA,NA,NA,NA,NA,NA,NA
Daily,2020-08-31,NA,25.059999,NA,34.329998,52074.997,NA,NA,NA,89.5,NA,743.878906,NA,NA,NA,8.2575,NA,NA,NA,NA,NA,NA,NA,NA,NA
Daily,2020-09-01,NA,25.044998,NA,34.219997,52068.748,NA,NA,NA,87,NA,735.878906,NA,NA,NA,8.2,NA,NA,NA,NA,NA,NA,NA,NA,NA
Daily,2020-09-02,NA,25.059999,NA,34.239998,52049.999,NA,NA,NA,90.5,NA,NA,NA,NA,NA,8.27,NA,NA,NA,NA,NA,NA,NA,NA,NA
Daily,2020-09-03,NA,25.059999,NA,34.124998000000005,52018.749,NA,NA,NA,89,NA,739.867187,NA,NA,NA,8.259999,NA,NA,NA,NA,NA,NA,NA,NA,NA
Daily,2020-09-04,NA,25.059999,NA,34.379997,52087.498,NA,NA,NA,89.5,NA,NA,NA,NA,NA,8.3025,NA,0.02,1.5,1.3,NA,134,0.02,0,NA
Daily,2020-09-05,NA,25.054998,NA,34.359997,52137.497,NA,NA,NA,89,NA,747.875,NA,NA,NA,8.315,NA,NA,NA,NA,NA,NA,NA,NA,NA
Daily,2020-09-06,NA,25.07,NA,34.199997,52062.5,NA,NA,NA,89,NA,759.863281,NA,NA,NA,8.379999,NA,NA,NA,NA,NA,NA,NA,NA,NA
Daily,2020-09-07,NA,25.054998,NA,34.219997,52118.748,NA,NA,NA,89.5,NA,755.875,NA,NA,NA,8.407499,NA,NA,NA,NA,NA,NA,NA,NA,NA
Daily,2020-09-08,NA,25.029999,NA,34.089996,52156.25,NA,NA,NA,87.5,NA,763.878906,NA,NA,NA,8.384999,NA,NA,NA,NA,NA,NA,NA,NA,NA
Daily,2020-09-09,NA,24.964998,NA,34.329998,52131.248,NA,NA,NA,88,NA,NA,NA,NA,NA,8.3837495,NA,NA,NA,NA,NA,NA,NA,NA,NA
Daily,2020-09-10,NA,24.945,NA,34.139999,52000,NA,NA,NA,87,NA,771.875,NA,NA,NA,8.419999,NA,NA,NA,NA,NA,NA,NA,NA,NA
Daily,2020-09-11,NA,24.945,NA,34.16,51837.498,NA,NA,NA,86,NA,771.890625,NA,NA,NA,8.395,0,0.05,1.7,2.3,NA,121,0.29,0,NA
Daily,2020-09-12,NA,24.99,NA,34.219997,51987.499,NA,NA,NA,87,NA,NA,NA,NA,NA,8.367499,NA,NA,NA,NA,NA,NA,NA,NA,NA
Daily,2020-09-13,NA,25,NA,34.23,52018.749,NA,NA,NA,88,NA,763.886719,NA,NA,NA,8.174999,NA,NA,NA,NA,NA,NA,NA,NA,NA
Daily,2020-09-14,NA,24.959999,NA,34.109997,51831.249,NA,NA,NA,88.5,NA,767.878906,NA,NA,NA,8.192499,NA,NA,NA,NA,NA,NA,NA,NA,NA
Daily,2020-09-15,NA,25.07,NA,34.299999,52093.75,NA,NA,NA,88.5,NA,767.882812,NA,NA,NA,8.375,NA,NA,NA,NA,NA,NA,NA,NA,NA
Daily,2020-09-16,NA,24.549999,NA,34.329998,51674.999,NA,NA,NA,88,NA,779.914062,NA,NA,NA,8.192499,NA,NA,NA,NA,NA,NA,NA,NA,NA
Daily,2020-09-17,NA,25.049999,NA,34.369999,52118.748,NA,NA,NA,87.5,NA,NA,NA,NA,NA,8.3825,NA,NA,NA,NA,NA,NA,NA,NA,NA
Daily,2020-09-18,NA,24.99,NA,34.25,52137.497,NA,NA,NA,88,NA,771.886719,NA,NA,NA,8.4112495,0,0.02,1.5,1.8,8.27,117,0.37,0,NA
Daily,2020-09-19,NA,25.025,NA,34.099998,51787.498,NA,NA,NA,88,NA,771.882812,NA,NA,NA,8.407499,NA,NA,NA,NA,NA,NA,NA,NA,NA
Daily,2020-09-20,NA,25.029999,NA,34.25,52074.997,NA,NA,NA,87.5,NA,NA,NA,NA,NA,8.384999,NA,NA,NA,NA,NA,NA,NA,NA,NA
Daily,2020-09-21,NA,25.019999,NA,34.2249985,52074.997,NA,NA,NA,87.25,NA,775.875,NA,NA,NA,8.384999,NA,NA,NA,NA,NA,NA,NA,NA,NA
Daily,2020-09-22,NA,25.054998,NA,34.16,51956.249,NA,NA,NA,87.5,NA,775.878906,NA,NA,NA,8.412499,NA,NA,NA,NA,NA,NA,NA,NA,NA
Daily,2020-09-23,NA,25.07,NA,34.084997,52093.75,NA,NA,NA,88.5,NA,779.865234,NA,NA,NA,8.405,NA,NA,NA,NA,NA,NA,NA,NA,NA
Daily,2020-09-24,NA,25.074999,NA,34.139999,51881.248,NA,NA,NA,87.5,NA,775.871094,NA,NA,NA,8.362499,NA,NA,NA,NA,NA,NA,NA,NA,NA
Daily,2020-09-25,NA,25.014999,NA,34.07,51837.498,NA,NA,NA,86,NA,767.882812,NA,NA,NA,8.014999,0,0.01,1.3,1.8,NA,102,0.41,0,NA
Daily,2020-09-26,NA,25.025,NA,34.139999,51887.497,NA,NA,NA,86.5,NA,NA,NA,NA,NA,8.174999,NA,NA,NA,NA,NA,NA,NA,NA,NA
Daily,2020-09-27,NA,24.984999,NA,34.169998,51693.748,NA,NA,NA,85.5,NA,767.882812,NA,NA,NA,8.197499,NA,NA,NA,NA,NA,NA,NA,NA,NA
Daily,2020-09-28,NA,25,NA,34.079998,51837.498,NA,NA,NA,85,NA,771.871094,NA,NA,NA,8.282499,NA,NA,NA,NA,NA,NA,NA,NA,NA
Daily,2020-09-29,NA,25.009998,NA,34.109997,51774.998,NA,NA,NA,84.5,NA,767.875,NA,NA,NA,8.334999,NA,NA,NA,NA,NA,NA,NA,NA,NA
Daily,2020-09-30,NA,25,NA,33.989998,51618.748,NA,NA,NA,83.5,NA,771.878906,NA,NA,NA,8.28,NA,NA,NA,NA,NA,NA,NA,NA,NA
Daily,2020-10-01,NA,25.009998,NA,34.039997,51774.998,NA,NA,NA,85,NA,NA,NA,NA,NA,8.272499,NA,NA,NA,NA,NA,NA,NA,NA,NA
Daily,2020-10-02,NA,24.99,NA,34.029999,51812.5,NA,NA,NA,85,NA,775.875,NA,NA,NA,8.395,0,0.19,1.4,1.6,8.28,103,0.33,0,NA
Daily,2020-10-03,NA,24.945,NA,34.119999,51856.247,NA,NA,NA,83.5,NA,771.878906,NA,NA,NA,8.407499,NA,NA,NA,NA,NA,NA,NA,NA,NA
Daily,2020-10-04,NA,24.974998,NA,34.029999,51668.747,NA,NA,NA,85,NA,755.876953,NA,NA,NA,8.504999,NA,NA,NA,NA,NA,NA,NA,NA,NA
Daily,2020-10-05,NA,24.984999,NA,34.019997,51687.5,NA,NA,NA,85.5,NA,755.882812,NA,NA,NA,8.45,NA,NA,NA,NA,NA,NA,NA,NA,NA
Daily,2020-10-06,NA,24.984999,NA,34.049999,51812.5,NA,NA,NA,84.75,NA,755.876953,NA,NA,NA,8.4312495,NA,NA,NA,NA,NA,NA,NA,NA,NA
Daily,2020-10-07,NA,24.984999,NA,34.079998,51799.999,NA,NA,NA,84.5,NA,759.867187,NA,NA,NA,8.402499,NA,NA,NA,NA,NA,NA,NA,NA,NA
Daily,2020-10-08,NA,24.984999,NA,33.969997,51656.25,NA,NA,NA,84.25,NA,763.871094,NA,NA,NA,8.474999,NA,NA,NA,NA,NA,NA,NA,NA,NA
Daily,2020-10-09,NA,24.959999,NA,34,51674.999,NA,NA,NA,84.5,NA,763.871094,NA,NA,NA,8.459999,0,0.05,1.2,2,8.22,114,0.36,0.05,NA
Daily,2020-10-10,NA,24.99,NA,34.059998,51774.998,NA,NA,NA,86,NA,767.875,NA,NA,NA,8.397499,NA,NA,NA,NA,NA,NA,NA,NA,NA
Daily,2020-10-11,NA,24.964998,NA,33.889999,51628.123999999996,NA,NA,NA,85.5,NA,761.8749995,NA,NA,NA,8.099999,NA,NA,NA,NA,NA,NA,NA,NA,NA
Daily,2020-10-12,NA,24.974998,NA,33.82,51631.248,NA,NA,NA,86,NA,775.8632809999999,NA,NA,NA,8.254999,NA,NA,NA,NA,NA,NA,NA,NA,NA
Daily,2020-10-13,NA,24.964998,NA,34.039997,51649.998,NA,NA,NA,85,NA,767.875,NA,NA,NA,8.327499,NA,NA,NA,NA,NA,NA,NA,NA,NA
Daily,2020-10-14,NA,24.969999,NA,33.66,51131.248,NA,NA,NA,84.5,NA,751.878906,NA,NA,NA,8.089999,NA,NA,NA,NA,NA,NA,NA,NA,NA
Daily,2020-10-15,NA,24.964998,NA,33.529999,51006.248,NA,NA,NA,86,NA,767.892578,NA,NA,NA,8.179999,NA,NA,NA,NA,NA,NA,NA,NA,NA
Daily,2020-10-16,NA,24.98,NA,33.519997,51143.749,NA,NA,NA,87.5,NA,747.898437,NA,NA,NA,8.275,0,0,1.8,2.5,8.27,116,0.38,0.007,NA
Daily,2020-10-17,NA,24.98,NA,33.509998,51056.248,NA,NA,NA,88,NA,771.902344,NA,NA,NA,8.28,NA,NA,NA,NA,NA,NA,NA,NA,NA
Daily,2020-10-18,NA,24.964998,NA,33.449997,50949.997,NA,NA,NA,90,NA,771.896484,NA,NA,NA,8.305,NA,NA,NA,NA,NA,NA,NA,NA,NA
Daily,2020-10-19,NA,24.959999,NA,34.07,51656.248,NA,NA,NA,87,NA,771.894531,NA,NA,NA,8.304999,NA,NA,NA,NA,NA,NA,NA,NA,NA
Daily,2020-10-20,NA,24.964998,NA,33.879997,51637.497,NA,NA,NA,86.5,NA,767.914062,NA,NA,NA,8.3125,NA,NA,NA,NA,NA,NA,NA,NA,NA
Daily,2020-10-21,NA,24.994999,NA,34.189999,51587.498,NA,NA,NA,86.5,NA,767.894531,NA,NA,NA,8.2975,NA,NA,NA,NA,NA,NA,NA,NA,NA
Daily,2020-10-22,NA,24.974998,NA,34.169998,51637.497,NA,NA,NA,87.5,NA,771.886719,NA,NA,NA,8.1825,NA,NA,NA,NA,NA,NA,NA,NA,NA
Daily,2020-10-23,NA,24.994999,NA,34.149998,51724.998,NA,NA,NA,87.5,NA,763.875,NA,NA,NA,8.3125,0,0.17,1.6,2.2,8.15,119,0.36,0,NA
Daily,2020-10-24,NA,24.964998,NA,34.189999,51668.747,NA,NA,NA,87,NA,755.882812,NA,NA,NA,8.372499,NA,NA,NA,NA,NA,NA,NA,NA,NA
Daily,2020-10-25,NA,24.91,NA,33.829998,51543.747,NA,NA,NA,85.5,NA,763.882812,NA,NA,NA,8.317499,NA,NA,NA,NA,NA,NA,NA,NA,NA
Daily,2020-10-26,NA,24.945,NA,33.839996,51593.75,NA,NA,NA,85.5,NA,771.886719,NA,NA,NA,8.077499,NA,NA,NA,NA,NA,NA,NA,NA,NA
Daily,2020-10-27,NA,24.962498500000002,NA,34.019997,51603.1225,NA,NA,NA,86.5,NA,783.882812,NA,NA,NA,8.3524995,NA,NA,NA,NA,NA,NA,NA,NA,NA
Daily,2020-10-28,NA,24.934999,NA,34.029999,51618.748,NA,NA,NA,87.5,NA,779.878906,NA,NA,NA,8.317499,NA,NA,NA,NA,NA,NA,NA,NA,NA
Daily,2020-10-29,NA,24.974998,NA,33.789997,51612.499,NA,NA,NA,87,NA,775.886719,NA,NA,NA,8.29,NA,NA,NA,NA,NA,NA,NA,NA,NA
Daily,2020-10-30,NA,24.949999,NA,33.789997,51587.498,NA,NA,NA,87,NA,763.890625,NA,NA,NA,8.2862495,0,0.05,1.3,1.3,8.18,130,0.36,0.015,NA
Daily,2020-10-31,NA,24.974998,NA,33.929996,51631.248,NA,NA,NA,86,NA,763.876953,NA,NA,NA,8.365,NA,NA,NA,NA,NA,NA,NA,NA,NA
Daily,2020-11-01,NA,24.914999,NA,34.174997000000005,51581.249,NA,NA,NA,86.5,NA,775.890625,NA,NA,NA,8.2525,NA,NA,NA,NA,NA,NA,NA,NA,NA
Daily,2020-11-02,NA,24.959999,NA,33.839998,51556.248,NA,NA,NA,87,NA,779.882812,NA,NA,NA,8.12,NA,NA,NA,NA,NA,NA,NA,NA,NA
Daily,2020-11-03,NA,24.994999,NA,33.529999,51081.249,NA,NA,NA,87,NA,779.882812,NA,NA,NA,8.327499,NA,NA,NA,NA,NA,NA,NA,NA,NA
Daily,2020-11-04,NA,24.969999,NA,33.399998,50824.997,NA,NA,NA,86,NA,775.878906,NA,NA,NA,8.33,NA,NA,NA,NA,NA,NA,NA,NA,NA
Daily,2020-11-05,NA,24.914999,NA,33.359997,50818.748,NA,NA,NA,86,NA,771.8847655,NA,NA,NA,8.282499,NA,NA,NA,NA,NA,NA,NA,NA,NA
Daily,2020-11-06,NA,24.914999,NA,33.279999,50646.8735,NA,NA,NA,84.5,NA,763.882812,NA,NA,NA,8.28,0,0.09,0.9,1.2,8.19,132,0.48,0,NA
Daily,2020-11-07,NA,24.894999,NA,32.939999,50087.498,NA,NA,NA,83,NA,779.882812,NA,NA,NA,8.2675,NA,NA,NA,NA,NA,NA,NA,NA,NA
Daily,2020-11-08,NA,24.959999,NA,32.91,50312.5,NA,NA,NA,84,NA,NA,NA,NA,NA,8.2075,NA,NA,NA,NA,NA,NA,NA,NA,NA
Daily,2020-11-09,NA,24.934999,NA,32.73,49974.998,NA,NA,NA,83.5,NA,NA,NA,NA,NA,7.887499999999999,NA,NA,NA,NA,NA,NA,NA,NA,NA
Daily,2020-11-10,NA,24.959999,NA,32.57,49849.998,NA,NA,NA,84.5,NA,775.878906,NA,NA,NA,8.0475,NA,NA,NA,NA,NA,NA,NA,NA,NA
Daily,2020-11-11,NA,24.98,NA,32.019997,49074.997,NA,NA,NA,86.5,NA,775.876953,NA,NA,NA,8.27,NA,NA,NA,NA,NA,NA,NA,NA,NA
Daily,2020-11-12,NA,24.984999,NA,32.849998,50049.999,NA,NA,NA,85,NA,NA,NA,NA,NA,8.1725,NA,NA,NA,NA,NA,NA,NA,NA,NA
Daily,2020-11-13,NA,24.914999,NA,32.674997000000005,49581.249,NA,NA,NA,84,NA,779.875,NA,NA,NA,8.259999,0,NA,0.9,0.9,NA,133,0.55,0,NA
Daily,2020-11-14,NA,24.974998,NA,32.429996,49699.997,NA,NA,NA,86,NA,771.886719,NA,NA,NA,8.2525,NA,NA,NA,NA,NA,NA,NA,NA,NA
Daily,2020-11-15,NA,24.964998,NA,32.359997,49543.747,NA,NA,NA,86,NA,779.878906,NA,NA,NA,8.192499,NA,NA,NA,NA,NA,NA,NA,NA,NA
Daily,2020-11-16,NA,25.025,NA,31.4849985,47656.25,NA,NA,NA,86,NA,775.882812,NA,NA,NA,8.219999,NA,NA,NA,NA,NA,NA,NA,NA,NA
Daily,2020-11-17,NA,25.014999,NA,NA,46474.998,NA,NA,NA,87,NA,771.882812,NA,NA,NA,8.2087495,NA,NA,NA,NA,NA,NA,NA,NA,NA
Daily,2020-11-18,NA,24.994999,NA,33.269997,NA,NA,NA,NA,87,NA,771.890625,NA,NA,NA,7.91125,NA,NA,NA,NA,NA,NA,NA,NA,NA
Daily,2020-11-19,NA,24.974998,NA,33.5,51006.248,NA,NA,NA,85,NA,767.882812,NA,NA,NA,7.96125,NA,NA,NA,NA,NA,NA,NA,NA,NA
Daily,2020-11-20,NA,24.934999,NA,33.559998,51087.498,NA,NA,NA,86,NA,755.882812,NA,NA,NA,7.98875,0,0.11,1.5,NA,8.14,NA,0.91,0,NA
Daily,2020-11-23,NA,24.91,NA,33.874998000000005,51484.37300000001,NA,NA,NA,85,NA,NA,NA,NA,NA,8.065,NA,NA,NA,NA,NA,NA,NA,NA,NA
Daily,2020-11-24,NA,24.839998,NA,33.849998,51393.749,NA,NA,NA,85,NA,779.886719,NA,NA,NA,8.0925,NA,NA,NA,NA,NA,NA,NA,NA,NA
Daily,2020-11-25,NA,24.924999,NA,33.919998,51593.75,NA,NA,NA,84.5,NA,767.886719,NA,NA,NA,8.115,NA,NA,NA,NA,NA,NA,NA,NA,NA
Daily,2020-11-26,NA,24.969999,NA,34.039997,51687.5,NA,NA,NA,84,NA,755.882812,NA,NA,NA,8.1325,NA,NA,NA,NA,NA,NA,NA,NA,NA
Daily,2020-11-27,NA,24.929998,NA,34.009998,51643.749,NA,NA,NA,86,NA,763.886719,NA,NA,NA,8.129999,0,0.1,0.9,0.7,8.13,126,0.56,0,NA
Daily,2020-11-28,NA,24.964998,NA,34.009998,51646.8735,NA,NA,NA,86,NA,751.882812,NA,NA,NA,8.1375,NA,NA,NA,NA,NA,NA,NA,NA,NA
Daily,2020-11-29,NA,24.964998,NA,33.879997,51559.373999999996,NA,NA,NA,86.5,NA,751.859375,NA,NA,NA,8.147499,NA,NA,NA,NA,NA,NA,NA,NA,NA
Daily,2020-11-30,NA,24.984999,NA,34.119999,51656.25,NA,NA,NA,86.75,NA,751.890625,NA,NA,NA,8.1325,NA,NA,NA,NA,NA,NA,NA,NA,NA
Daily,2020-12-01,NA,24.939999,NA,33.899998,51618.748,NA,NA,NA,88.5,NA,771.875,NA,NA,NA,8.232499,NA,NA,NA,NA,NA,NA,NA,NA,NA
Daily,2020-12-02,NA,24.959999,NA,33.939999,51649.998,NA,NA,NA,88,NA,763.890625,NA,NA,NA,8.2175,NA,NA,NA,NA,NA,NA,NA,NA,NA
Daily,2020-12-03,NA,24.959999,NA,34,51568.748,NA,NA,NA,85,NA,743.878906,NA,NA,NA,8.195,NA,NA,NA,NA,NA,NA,NA,NA,NA
Daily,2020-12-04,NA,24.945,NA,34.32,52068.748,NA,NA,NA,86.5,NA,731.882812,NA,NA,NA,8.264999,0,0.19,1.4,1.2,8.07,129,0.61,0.016,NA
Daily,2020-12-05,NA,24.929998,NA,34.114998,51831.249,NA,NA,NA,87,NA,755.871094,NA,NA,NA,8.1675,NA,NA,NA,NA,NA,NA,NA,NA,NA
Daily,2020-12-06,NA,24.959999,NA,34.16,51893.7475,NA,NA,NA,87.5,NA,779.882812,NA,NA,NA,8.27,NA,NA,NA,NA,NA,NA,NA,NA,NA
Daily,2020-12-07,NA,24.9,NA,33.969997,51556.248,NA,NA,NA,88,NA,779.882812,NA,NA,NA,8.272499,NA,NA,NA,NA,NA,NA,NA,NA,NA
Daily,2020-12-08,NA,24.959999,NA,33.929996,51456.249,NA,NA,NA,87,NA,779.871094,NA,NA,NA,8.237499,NA,NA,NA,NA,NA,NA,NA,NA,NA
Daily,2020-12-09,NA,24.939999,NA,34.019997,51621.873999999996,NA,NA,NA,87,NA,779.886719,NA,NA,NA,8.202499,NA,NA,NA,NA,NA,NA,NA,NA,NA
Daily,2020-12-10,NA,24.919998,NA,34.209999,51687.5,NA,NA,NA,87,NA,NA,NA,NA,NA,NA,NA,NA,NA,NA,NA,NA,NA,NA,NA
Daily,2020-12-11,NA,24.984999,NA,34.039997,51706.2475,NA,NA,NA,87.5,NA,NA,NA,NA,NA,8.1912495,0,0,NA,1.3,8.09,131,0.77,0,NA
Daily,2020-12-12,NA,24.964998,NA,34,51593.75,NA,NA,NA,87.5,NA,775.878906,NA,NA,NA,8.174999,NA,NA,NA,NA,NA,NA,NA,NA,NA
Daily,2020-12-13,NA,24.939999,NA,33.969997,51518.749,NA,NA,NA,88,NA,767.867187,NA,NA,NA,8.2,NA,NA,NA,NA,NA,NA,NA,NA,NA
Daily,2020-12-14,NA,24.959999,NA,33.649998,51149.998,NA,NA,NA,87,NA,767.886719,NA,NA,NA,8.205,NA,NA,NA,NA,NA,NA,NA,NA,NA
Daily,2020-12-15,NA,24.959999,NA,33.289997,50812.5,NA,NA,NA,86.5,NA,763.873047,NA,NA,NA,8.2637495,NA,NA,NA,NA,NA,NA,NA,NA,NA
Daily,2020-12-16,NA,24.969999,NA,33.929996,51574.997,NA,NA,NA,87.5,NA,751.886719,NA,NA,NA,8.313749999999999,NA,NA,NA,NA,NA,NA,NA,NA,NA
Daily,2020-12-17,NA,24.969999,NA,33.919998,51631.248,NA,NA,NA,87.5,NA,NA,NA,NA,NA,8.3262495,NA,NA,NA,NA,NA,NA,NA,NA,NA
Daily,2020-12-18,NA,24.969999,NA,33.699997,51250,NA,NA,NA,87.5,NA,747.882812,NA,NA,NA,8.355,0,0,1.1,2.1,8.1,126,0.51,0.003,NA
Daily,2020-12-19,NA,24.929998,NA,33.879997,51534.3725,NA,NA,NA,86,NA,739.882812,NA,NA,NA,8.33,NA,NA,NA,NA,NA,NA,NA,NA,NA
Daily,2020-12-20,NA,24.929998,NA,33.809998,51531.25,NA,NA,NA,88,NA,735.878906,NA,NA,NA,8.3375,NA,NA,NA,NA,NA,NA,NA,NA,NA
Daily,2020-12-21,NA,24.929998,NA,34.039997,51743.748,NA,NA,NA,88.25,NA,739.878906,NA,NA,NA,8.3475,NA,NA,NA,NA,NA,NA,NA,NA,NA
Daily,2020-12-22,NA,24.929998,NA,33.82,51415.624500000005,NA,NA,NA,86,NA,735.878906,NA,NA,NA,8.3475,NA,NA,NA,NA,NA,NA,NA,NA,NA
Daily,2020-12-23,NA,24.974998,NA,33.809998,51449.9985,NA,NA,NA,88.5,NA,NA,NA,NA,NA,8.3125,NA,NA,NA,NA,NA,NA,NA,NA,NA
Daily,2020-12-24,NA,24.91,NA,33.57,51206.249,NA,NA,NA,85,NA,NA,NA,NA,NA,8.3375,NA,NA,NA,NA,NA,NA,NA,NA,NA
Daily,2020-12-25,NA,24.9224985,NA,34.019997,51712.498,NA,NA,NA,86,NA,735.894531,NA,NA,NA,8.2662495,0,0.11,1.1,0.9,8.07,128,0.78,0.003,NA
Daily,2020-12-26,NA,24.929998,NA,34.089996,51918.747,NA,NA,NA,86.5,NA,739.882812,NA,NA,NA,8.04,NA,NA,NA,NA,NA,NA,NA,NA,NA
Daily,2020-12-27,NA,24.924999,NA,34.074999000000005,51918.747,NA,NA,NA,87.5,NA,NA,NA,NA,NA,8.147499,NA,NA,NA,NA,NA,NA,NA,NA,NA
Daily,2020-12-28,NA,24.924999,NA,34.119997,51875,NA,NA,NA,86,NA,NA,NA,NA,NA,8.157499,NA,NA,NA,NA,NA,NA,NA,NA,NA
Daily,2020-12-29,NA,24.934999,NA,34.069998,51687.5,NA,NA,NA,86.5,NA,735.886719,NA,NA,NA,8.169999,NA,NA,NA,NA,NA,NA,NA,NA,NA
Daily,2020-12-30,NA,24.914999,NA,33.879997,51481.247,NA,NA,NA,87.5,NA,731.898437,NA,NA,NA,8.277499,NA,NA,NA,NA,NA,NA,NA,NA,NA
Daily,2020-12-31,NA,24.894999,NA,33.959999,51487.499,NA,NA,NA,89,NA,735.886719,NA,NA,NA,8.2787495,NA,NA,NA,NA,NA,NA,NA,NA,NA
Daily,2021-01-01,NA,24.98,NA,33.719997,51356.247,NA,NA,NA,88,NA,743.902344,NA,NA,NA,8.2525,0,0.13,1.1,2.1,8.07,118,0.58,0,NA
Daily,2021-01-02,NA,24.98,NA,33.849998,51637.497,NA,NA,NA,89,NA,747.894531,NA,NA,NA,8.2175,NA,NA,NA,NA,NA,NA,NA,NA,NA
Daily,2021-01-03,NA,24.959999,NA,33.899998,51568.748,NA,NA,NA,87.75,NA,747.890625,NA,NA,NA,8.2275,NA,NA,NA,NA,NA,NA,NA,NA,NA
Daily,2021-01-04,NA,24.98,NA,33.939999,51628.123999999996,NA,NA,NA,89.5,NA,743.890625,NA,NA,NA,8.2562495,NA,NA,NA,NA,NA,NA,NA,NA,NA
Daily,2021-01-05,NA,24.98,NA,33.939999,51637.497,NA,NA,NA,87.5,NA,743.886719,NA,NA,NA,8.2575,NA,NA,NA,NA,NA,NA,NA,NA,NA
Daily,2021-01-06,NA,24.974998,NA,33.879997,51618.748,NA,NA,NA,88,NA,NA,NA,NA,NA,8.28,NA,NA,NA,NA,NA,NA,NA,NA,NA
Daily,2021-01-07,NA,24.994999,NA,33.899998,51599.998,NA,NA,NA,87,NA,747.890625,NA,NA,NA,8.3075,NA,NA,NA,NA,NA,NA,NA,NA,NA
Daily,2021-01-08,NA,24.939999,NA,34,51618.748,NA,NA,NA,87,NA,NA,NA,NA,NA,8.24,0,0,1.4,2.1,8.11,127,0.79,0,NA
Daily,2021-01-09,NA,24.934999,NA,33.864998,51681.248,NA,NA,NA,87,NA,NA,NA,NA,NA,8.282499,NA,NA,NA,NA,NA,NA,NA,NA,NA
Daily,2021-01-10,NA,24.994999,NA,34.059998,51687.5,NA,NA,NA,87.5,NA,NA,NA,NA,NA,8.264999,NA,NA,NA,NA,NA,NA,NA,NA,NA
Daily,2021-01-11,NA,24.969999,NA,33.829998,51549.999,NA,NA,NA,88.5,NA,NA,NA,NA,NA,8.339999,NA,NA,NA,NA,NA,NA,NA,NA,NA
Daily,2021-01-12,NA,24.969999,NA,33.989998,51606.247,NA,NA,NA,87.5,NA,731.894531,NA,NA,NA,7.971875000000001,NA,NA,NA,NA,NA,NA,NA,NA,NA
Daily,2021-01-13,NA,24.974998,NA,33.989998,51618.748,NA,NA,NA,88,NA,NA,NA,NA,NA,8.1025,NA,NA,NA,NA,NA,NA,NA,NA,NA
Daily,2021-01-14,NA,24.994999,NA,33.939999,51599.998,NA,NA,NA,87.5,NA,NA,NA,NA,NA,8.294999,NA,NA,NA,NA,NA,NA,NA,NA,NA
Daily,2021-01-15,NA,24.934999,NA,34.079998,51765.62300000001,NA,NA,NA,88,NA,NA,NA,NA,NA,8.277499,0,0.05,0.8,1.5,8.14,NA,0.72,0,NA
Daily,2021-01-16,NA,24.914999,NA,34.079998,51793.747,NA,NA,NA,90,NA,NA,NA,NA,NA,8.28,NA,NA,NA,NA,NA,NA,NA,NA,NA
Daily,2021-01-17,NA,24.945,NA,34.029999,51750,NA,NA,NA,89.5,NA,723.882812,NA,NA,NA,8.384999,NA,NA,NA,NA,NA,NA,NA,NA,NA
Daily,2021-01-18,NA,24.974998,NA,33.82,51556.248,NA,NA,NA,87,NA,723.890625,NA,NA,NA,8.344999,NA,NA,NA,NA,NA,NA,NA,NA,NA
Daily,2021-01-19,NA,24.939999,NA,33.98,51718.75,NA,NA,NA,87,NA,731.886719,NA,NA,NA,7.9275,NA,NA,NA,NA,NA,NA,NA,NA,NA
Daily,2021-01-20,NA,24.924999,NA,33.879997,51612.499,NA,NA,NA,87.5,NA,NA,NA,NA,NA,8.219999,NA,NA,NA,NA,NA,NA,NA,NA,NA
Daily,2021-01-21,NA,24.894999,NA,32.789997,50181.248,NA,NA,NA,87,NA,NA,NA,NA,NA,8.28,NA,NA,NA,NA,NA,NA,NA,NA,NA
Daily,2021-01-22,NA,24.934999,NA,32.359997,49306.248,NA,NA,NA,89.5,NA,NA,NA,NA,NA,8.27,0,0.09,1.2,2.3,8.1,123,0.86,0,NA
Daily,2021-01-23,NA,24.974998,NA,33.309998,50737.499,NA,NA,NA,87,NA,731.894531,NA,NA,NA,8.28,NA,NA,NA,NA,NA,NA,NA,NA,NA
Daily,2021-01-24,NA,24.964998,NA,33.179996,50599.998,NA,NA,NA,86.5,NA,731.890625,NA,NA,NA,8.287499,NA,NA,NA,NA,NA,NA,NA,NA,NA
Daily,2021-01-25,NA,24.974998,NA,32.57,49743.748,NA,NA,NA,87.5,NA,NA,NA,NA,NA,7.975625,NA,NA,NA,NA,NA,NA,NA,NA,NA
Daily,2021-01-26,NA,25.014999,NA,33.309998,50899.998,NA,NA,NA,87,NA,735.890625,NA,NA,NA,8.272499,NA,NA,NA,NA,NA,NA,NA,NA,NA
Daily,2021-01-27,NA,25.035,NA,33.349998,50931.248,NA,NA,NA,88,NA,NA,NA,NA,NA,8.29,NA,NA,NA,NA,NA,NA,NA,NA,NA
Daily,2021-01-28,NA,24.994999,NA,33.16,50449.997,NA,NA,NA,88,NA,NA,NA,NA,NA,8.28,NA,NA,NA,NA,NA,NA,NA,NA,NA
Daily,2021-01-29,NA,24.974998,NA,33.329998,50774.998,NA,NA,NA,88.5,NA,NA,NA,NA,NA,8.282499,0,0.03,1.4,1.7,8.07,NA,0.86,0.002,NA
Daily,2021-01-30,NA,25.08,NA,33.629997,51212.498,NA,NA,NA,89,NA,NA,NA,NA,NA,8.275,NA,NA,NA,NA,NA,NA,NA,NA,NA
Daily,2021-01-31,NA,25.039999,NA,33.169998,50562.5,NA,NA,NA,89.5,NA,735.886719,NA,NA,NA,8.2925,NA,NA,NA,NA,NA,NA,NA,NA,NA
Daily,2021-02-01,NA,24.994999,NA,33.849998,51574.997,NA,NA,NA,89,NA,NA,NA,NA,NA,8.272499,NA,NA,NA,NA,NA,NA,NA,NA,NA
Daily,2021-02-02,NA,25.029999,NA,33.669998,51268.749,NA,NA,NA,90,NA,731.886719,NA,NA,NA,7.895,NA,NA,NA,NA,NA,NA,NA,NA,NA
Daily,2021-02-03,NA,24.98,NA,33.989998,51699.997,NA,NA,NA,90,NA,NA,NA,NA,NA,8.2125,NA,NA,NA,NA,NA,NA,NA,NA,NA
Daily,2021-02-04,NA,24.98,NA,33.859997,51528.123999999996,NA,NA,NA,88.5,NA,735.875,NA,NA,NA,8.2462495,NA,NA,NA,NA,NA,NA,NA,NA,NA
Daily,2021-02-05,NA,24.98,NA,33.829998,51559.373999999996,NA,NA,NA,89.5,NA,735.886719,NA,NA,NA,8.0425,0,0.07,1.5,2.1,8.16,142,NA,0,NA
Daily,2021-02-06,NA,24.959999,NA,34.309998,52118.748,NA,NA,NA,89.5,NA,NA,NA,NA,NA,8.197499,NA,NA,NA,NA,NA,NA,NA,NA,NA
Daily,2021-02-07,NA,25,NA,34.339996,52112.499,NA,NA,NA,88.5,NA,NA,NA,NA,NA,8.232499,NA,NA,NA,NA,NA,NA,NA,NA,NA
Daily,2021-02-08,NA,25,NA,34.32,52112.499,NA,NA,NA,88.5,NA,727.890625,NA,NA,NA,8.237499,NA,NA,NA,NA,NA,NA,NA,NA,NA
Daily,2021-02-09,NA,25,NA,34.269997,52099.998,NA,NA,NA,88.5,NA,727.890625,NA,NA,NA,8.25,NA,NA,NA,NA,NA,NA,NA,NA,NA
Daily,2021-02-10,NA,24.984999,NA,34.099998,52000,NA,NA,NA,88.75,NA,723.894531,NA,NA,NA,7.86625,NA,NA,NA,NA,NA,NA,NA,NA,NA
Daily,2021-02-11,NA,25,NA,34.279999,52125,NA,NA,NA,88.5,NA,NA,NA,NA,NA,8.065,NA,NA,NA,NA,NA,NA,NA,NA,NA
Daily,2021-02-12,NA,24.98,NA,34.309998,52074.997,NA,NA,NA,87,NA,735.882812,NA,NA,NA,8.24,0,0.09,1.2,1.7,8.17,137,0.5,0.002,NA
Daily,2021-02-13,NA,24.98,NA,34.289997,52099.998,NA,NA,NA,86.5,NA,723.886719,NA,NA,NA,8.25,NA,NA,NA,NA,NA,NA,NA,NA,NA
Daily,2021-02-14,NA,24.984999,NA,34.279999,52059.3735,NA,NA,NA,86,NA,NA,NA,NA,NA,7.62,NA,NA,NA,NA,NA,NA,NA,NA,NA
Daily,2021-02-15,NA,25,NA,34.099998,52056.248,NA,NA,NA,89,NA,731.871094,NA,NA,NA,8.2975,NA,NA,NA,NA,NA,NA,NA,NA,NA
Daily,2021-02-16,NA,24.894999,NA,34.174997000000005,51828.12300000001,NA,NA,NA,86.5,NA,NA,NA,NA,NA,8.28,NA,NA,NA,NA,NA,NA,NA,NA,NA
Daily,2021-02-17,NA,24.98,NA,34.119999,51937.5,NA,NA,NA,87.5,NA,727.890625,NA,NA,NA,8.2,NA,NA,NA,NA,NA,NA,NA,NA,NA
Daily,2021-02-18,NA,24.984999,NA,34.199997,52074.997,NA,NA,NA,87.5,NA,715.878906,NA,NA,NA,8.23,NA,NA,NA,NA,NA,NA,NA,NA,NA
Daily,2021-02-19,NA,25,NA,34.179996,52056.248,NA,NA,NA,88.5,NA,NA,NA,NA,NA,8.3025,0,0.03,1,2.1,8.35,143,0.5,0,NA
Daily,2021-02-20,NA,24.974998,NA,34.139999,52043.747,NA,NA,NA,87.5,NA,NA,NA,NA,NA,8.275,NA,NA,NA,NA,NA,NA,NA,NA,NA
Daily,2021-02-21,NA,24.98,NA,34.169998,51962.498,NA,NA,NA,88.75,NA,NA,NA,NA,NA,8.299999,NA,NA,NA,NA,NA,NA,NA,NA,NA
Daily,2021-02-22,NA,25,NA,34.129997,52024.998,NA,NA,NA,89.5,NA,731.882812,NA,NA,NA,8.245,NA,NA,NA,NA,NA,NA,NA,NA,NA
Daily,2021-02-23,NA,25.0099995,NA,34.139999,52000,NA,NA,NA,87.5,NA,727.890625,NA,NA,NA,8.2975,NA,NA,NA,NA,NA,NA,NA,NA,NA
Daily,2021-02-24,NA,25,NA,34.079998,52000,NA,NA,NA,89.5,NA,723.894531,NA,NA,NA,8.2925,NA,NA,NA,NA,NA,NA,NA,NA,NA
Daily,2021-02-25,NA,24.994999,NA,34.099998,52037.498,NA,NA,NA,89.5,NA,719.875,NA,NA,NA,8.3075,NA,NA,NA,NA,NA,NA,NA,NA,NA
Daily,2021-02-26,NA,24.984999,NA,34.169998,52018.749,NA,NA,NA,87.5,NA,715.882812,NA,NA,NA,8.3775,NA,NA,NA,NA,NA,NA,NA,NA,NA
Daily,2021-02-27,NA,24.964998,NA,31.4699985,47993.748,NA,NA,NA,88.5,NA,723.871094,NA,NA,NA,8.299999,NA,NA,NA,NA,NA,NA,NA,NA,NA
Daily,2021-02-28,NA,24.994999,NA,31.527499,44759.374500000005,NA,NA,NA,88,NA,723.871094,NA,NA,NA,8.2,NA,NA,NA,NA,NA,NA,NA,NA,NA
Daily,2021-03-01,NA,25.039999,NA,34.399998,52118.748,NA,NA,NA,89,NA,723.882812,NA,NA,NA,8.009999,NA,NA,NA,NA,NA,NA,NA,NA,NA
Daily,2021-03-02,NA,25.014999,NA,34.359997,52081.2475,NA,NA,NA,90.5,NA,697.875,NA,NA,NA,8.315,NA,NA,NA,NA,NA,NA,NA,NA,NA
Daily,2021-03-03,NA,25.075,NA,34.179996,52024.998,NA,NA,NA,88,NA,719.878906,NA,NA,NA,8.294999,NA,NA,NA,NA,NA,NA,NA,NA,NA
Daily,2021-03-04,NA,25.059999,NA,31.654999,48518.749,NA,NA,NA,89.5,NA,719.867187,NA,NA,NA,8.2887495,NA,NA,NA,NA,NA,NA,NA,NA,NA
Daily,2021-03-05,NA,25.039999,NA,NA,43862.498999999996,NA,NA,NA,89.5,NA,719.861328,NA,NA,NA,8.28,NA,0.08,0.7,1.4,8.25,132,0.64,0,NA
Daily,2021-03-06,NA,25.059999,NA,NA,44193.748,NA,NA,NA,89,NA,711.878906,NA,NA,NA,8.285,NA,NA,NA,NA,NA,NA,NA,NA,NA
Daily,2021-03-07,NA,25.035,NA,34.019997,44518.749,NA,NA,NA,89,NA,711.882812,NA,NA,NA,8.32,NA,NA,NA,NA,NA,NA,NA,NA,NA
Daily,2021-03-08,NA,25.08,NA,34.059998,48078.12300000001,NA,NA,NA,88.5,NA,715.871094,NA,NA,NA,8.285,NA,NA,NA,NA,NA,NA,NA,NA,NA
Daily,2021-03-09,NA,25.044998,NA,33.339996,50156.25,NA,NA,NA,87.5,NA,711.878906,NA,NA,NA,8.277499,NA,NA,NA,NA,NA,NA,NA,NA,NA
Daily,2021-03-10,NA,25.039999,NA,34.129997,51918.747,NA,NA,NA,89,NA,715.871094,NA,NA,NA,8.29,NA,NA,NA,NA,NA,NA,NA,NA,NA
Daily,2021-03-11,NA,25.059999,NA,34.109997,51931.248,NA,NA,NA,89.5,NA,711.871094,NA,NA,NA,NA,NA,NA,NA,NA,NA,NA,NA,NA,NA
Daily,2021-03-12,NA,25.009998,NA,34.169998,51862.499,NA,NA,NA,88.5,NA,703.878906,NA,NA,NA,8.162499,0,0.05,1,1.5,8.27,134,0.7,0.001,NA
Daily,2021-03-13,NA,25.059999,NA,34.099998,51890.62300000001,NA,NA,NA,88,NA,NA,NA,NA,NA,8.275,NA,NA,NA,NA,NA,NA,NA,NA,NA
Daily,2021-03-22,NA,25.074999,NA,34.1849975,51949.997,NA,NA,NA,90.5,NA,731.871094,NA,NA,NA,8.11,NA,NA,NA,NA,NA,NA,NA,NA,NA
Daily,2021-03-23,NA,25.0524985,NA,32.022498999999996,48737.499,NA,NA,NA,88,NA,739.871094,NA,NA,NA,8.125,NA,NA,NA,NA,NA,NA,NA,NA,NA
Daily,2021-03-24,NA,25.039999,NA,NA,NA,NA,NA,NA,88.5,NA,743.875,NA,NA,NA,8.162499,NA,NA,NA,NA,NA,NA,NA,NA,NA
Daily,2021-03-25,NA,25.054998,NA,33.369999,47837.498,NA,NA,NA,88.75,NA,743.871094,NA,NA,NA,8.3187495,NA,NA,NA,NA,NA,NA,NA,NA,NA
Daily,2021-03-26,NA,25.074999,NA,34.149998,51984.37300000001,NA,NA,NA,89,NA,743.871094,NA,NA,NA,8.334999,0,0,1.1,1.2,8.34,131,0.5,0.006,NA
Daily,2021-03-27,NA,25.074999,NA,34.16,51881.248,NA,NA,NA,91,NA,NA,NA,NA,NA,8.322499,NA,NA,NA,NA,NA,NA,NA,NA,NA
Daily,2021-03-28,NA,25.054998,NA,34.109997,51856.247,NA,NA,NA,92,NA,755.865234,NA,NA,NA,8.334999,NA,NA,NA,NA,NA,NA,NA,NA,NA
Daily,2021-03-29,NA,25.035,NA,34.139999,51837.498,NA,NA,NA,91,NA,763.859375,NA,NA,NA,8.322499,NA,NA,NA,NA,NA,NA,NA,NA,NA
Daily,2021-03-30,NA,25.054998,NA,NA,NA,NA,NA,NA,91,NA,759.873047,NA,NA,NA,8.3425,NA,NA,NA,NA,NA,NA,NA,NA,NA
Daily,2021-03-31,NA,25.035,NA,34.049999,48359.373,NA,NA,NA,91.5,NA,763.863281,NA,NA,NA,8.344999,NA,NA,NA,NA,NA,NA,NA,NA,NA
Daily,2021-04-01,NA,25.035,NA,34.169998,51875,NA,NA,NA,91.5,NA,763.875,NA,NA,NA,8.3525,NA,NA,NA,NA,NA,NA,NA,NA,NA
Daily,2021-04-02,NA,25.025,NA,34.089996,51846.873999999996,NA,NA,NA,91.5,NA,NA,NA,NA,NA,8.28,0,0.04,0.5,0.7,8.4,135,0.51,0,NA
Daily,2021-04-03,NA,25.084999,NA,34.129997,51931.248,NA,NA,NA,92,NA,NA,NA,NA,NA,8.2275,NA,NA,NA,NA,NA,NA,NA,NA,NA
Daily,2021-04-04,NA,25.062499000000003,NA,34.169998,51831.249,NA,NA,NA,91,NA,NA,NA,NA,NA,8.209999,NA,NA,NA,NA,NA,NA,NA,NA,NA
Daily,2021-04-05,NA,25.025,NA,34.169998,51931.248,NA,NA,NA,90,NA,NA,NA,NA,NA,8.2275,NA,NA,NA,NA,NA,NA,NA,NA,NA
Daily,2021-04-06,NA,25.064999,NA,34.199997,51865.6235,NA,NA,NA,90.5,NA,767.878906,NA,NA,NA,8.2275,NA,NA,NA,NA,NA,NA,NA,NA,NA
Daily,2021-04-07,NA,25.059999,NA,34.189999,51893.749,NA,NA,NA,90,NA,763.865234,NA,NA,NA,7.825,NA,NA,NA,NA,NA,NA,NA,NA,NA
Daily,2021-04-08,NA,25.044998,NA,34.179996,51912.498,NA,NA,NA,89.5,NA,767.875,NA,NA,NA,8.224999,NA,NA,NA,NA,NA,NA,NA,NA,NA
Daily,2021-04-09,NA,25.029999,NA,34.179996,51899.998,NA,NA,NA,88,NA,NA,NA,NA,NA,8.2787495,0,0.02,0.9,0.8,8.28,136,0.45,0,NA
Daily,2021-04-10,NA,25.08,NA,34.16,51881.248,NA,NA,NA,89,NA,771.875,NA,NA,NA,8.2225,NA,NA,NA,NA,NA,NA,NA,NA,NA
Daily,2021-04-11,NA,25.039999,NA,34.149998,51824.997,NA,NA,NA,88.5,NA,NA,NA,NA,NA,8.22875,NA,NA,NA,NA,NA,NA,NA,NA,NA
Daily,2021-04-12,NA,25.064999,NA,NA,NA,NA,NA,NA,89,NA,771.882812,NA,NA,NA,8.2275,NA,NA,NA,NA,NA,NA,NA,NA,NA
Daily,2021-04-13,NA,25.019999,NA,32.659998,46437.498,NA,NA,NA,88.5,NA,NA,NA,NA,NA,8.27,NA,NA,NA,NA,NA,NA,NA,NA,NA
Daily,2021-04-14,NA,25.044998,NA,31.749999000000003,45462.499500000005,NA,NA,NA,89,NA,767.867187,NA,NA,NA,7.895625,NA,NA,NA,NA,NA,NA,NA,NA,NA
Daily,2021-04-15,NA,25.049999,NA,33.179996,50293.7485,NA,NA,NA,89,NA,763.878906,NA,NA,NA,7.9375,NA,NA,NA,NA,NA,NA,NA,NA,NA
Daily,2021-04-16,NA,25.049999,NA,34.299999,47934.3735,NA,NA,NA,89,NA,763.894531,NA,NA,NA,8.067499,0,0.05,1.1,1.5,8.24,126,1.2,0,NA
Daily,2021-04-17,NA,25.054998,NA,32.07,48799.999,NA,NA,NA,89.5,NA,759.892578,NA,NA,NA,8.094999,NA,NA,NA,NA,NA,NA,NA,NA,NA
Daily,2021-04-18,NA,25.049999,NA,34.009998,50500,NA,NA,NA,90.5,NA,NA,NA,NA,NA,8.1775,NA,NA,NA,NA,NA,NA,NA,NA,NA
Daily,2021-04-19,NA,25.049999,NA,34.029999,51924.999,NA,NA,NA,90,NA,767.878906,NA,NA,NA,8.162499,NA,NA,NA,NA,NA,NA,NA,NA,NA
Daily,2021-04-20,NA,25.049999,NA,33.879999,49803.1235,NA,NA,NA,89.5,NA,767.898437,NA,NA,NA,8.174999,NA,NA,NA,NA,NA,NA,NA,NA,NA
Daily,2021-04-21,NA,24.984999,NA,32.489998,48628.123999999996,NA,NA,NA,89.5,NA,NA,NA,NA,NA,8.184999,NA,NA,NA,NA,NA,NA,NA,NA,NA
Daily,2021-04-22,NA,24.984999,NA,31.679998,47743.748,NA,NA,NA,89,NA,775.890625,NA,NA,NA,8.169999,NA,NA,NA,NA,NA,NA,NA,NA,NA
Daily,2021-04-23,NA,25.044998,NA,34.029999,51284.373999999996,NA,NA,NA,88.5,NA,775.8730465,NA,NA,NA,8.23,0,0.19,1.3,1.9,8.19,132,0.64,0,NA
Daily,2021-04-24,NA,25.025,NA,32.259998,49412.498,NA,NA,NA,89.5,NA,771.882812,NA,NA,NA,8.2175,NA,NA,NA,NA,NA,NA,NA,NA,NA
Daily,2021-04-25,NA,25.025,NA,34.209999,52078.12300000001,NA,NA,NA,89.5,NA,771.878906,NA,NA,NA,8.19,NA,NA,NA,NA,NA,NA,NA,NA,NA
Daily,2021-04-26,NA,25,NA,34.019997,51924.999,NA,NA,NA,89.5,NA,NA,NA,NA,NA,8.247499,NA,NA,NA,NA,NA,NA,NA,NA,NA
Daily,2021-04-27,NA,24.994999,NA,32.3649975,49631.248,NA,NA,NA,88,NA,NA,NA,NA,NA,8.089999,NA,NA,NA,NA,NA,NA,NA,NA,NA
Daily,2021-04-28,NA,24.974998,NA,34.114998,47987.499,NA,NA,NA,88.5,NA,771.890625,NA,NA,NA,7.88,NA,NA,NA,NA,NA,NA,NA,NA,NA
Daily,2021-04-29,NA,25.059999,NA,34.099998,45174.999,NA,NA,NA,90,NA,771.896484,NA,NA,NA,8.152499,NA,NA,NA,NA,NA,NA,NA,NA,NA
Daily,2021-04-30,NA,25.029999,NA,32.034998,49453.123,NA,NA,NA,90,NA,775.886719,NA,NA,NA,8.157499,0,0.11,1,0.9,8.21,123,0.75,0,NA
Daily,2021-05-01,NA,25.004999,NA,34.059998,46024.998,NA,NA,NA,90,NA,775.882812,NA,NA,NA,8.157499,NA,NA,NA,NA,NA,NA,NA,NA,NA
Daily,2021-05-02,NA,24.99,NA,NA,NA,NA,NA,NA,89,NA,771.886719,NA,NA,NA,8.152499,NA,NA,NA,NA,NA,NA,NA,NA,NA
Daily,2021-05-03,NA,25.014999,NA,NA,NA,NA,NA,NA,90,NA,767.894531,NA,NA,NA,8.089999,NA,NA,NA,NA,NA,NA,NA,NA,NA
Daily,2021-05-04,NA,25.049999,NA,34.07,51853.124500000005,NA,NA,NA,89,NA,771.8847655,NA,NA,NA,8.049999,NA,NA,NA,NA,NA,NA,NA,NA,NA
Daily,2021-05-05,NA,25.025,NA,34.109997,51818.748,NA,NA,NA,89,NA,767.886719,NA,NA,NA,8.0825,NA,NA,NA,NA,NA,NA,NA,NA,NA
Daily,2021-05-06,NA,25.019999,NA,34.039997,51824.997,NA,NA,NA,89.25,NA,767.890625,NA,NA,NA,7.78,NA,NA,NA,NA,NA,NA,NA,NA,NA
Daily,2021-05-07,NA,24.994999,NA,32.799999,50431.248,NA,NA,NA,89,NA,NA,NA,NA,NA,7.8525,0,0.15,1.3,2.4,8.27,135,0.84,0.007,NA
Daily,2021-05-08,NA,24.99,NA,NA,51762.497,NA,NA,NA,89.5,NA,767.890625,NA,NA,NA,8.0925,NA,NA,NA,NA,NA,NA,NA,NA,NA
Daily,2021-05-09,NA,25,NA,34.059998,45062.49800000001,NA,NA,NA,88.5,NA,767.888672,NA,NA,NA,8.0912495,NA,NA,NA,NA,NA,NA,NA,NA,NA
Daily,2021-05-10,NA,25.014999,NA,32.954998,50324.997,NA,NA,NA,89,NA,771.878906,NA,NA,NA,8.0525,NA,NA,NA,NA,NA,NA,NA,NA,NA
Daily,2021-05-11,NA,25.049999,NA,32.709999,49918.747,NA,NA,NA,90,NA,779.878906,NA,NA,NA,8.125,NA,NA,NA,NA,NA,NA,NA,NA,NA
Daily,2021-05-12,NA,25.029999,NA,32.259998,49321.8725,NA,NA,NA,89,NA,775.894531,NA,NA,NA,8.11,NA,NA,NA,NA,NA,NA,NA,NA,NA
Daily,2021-05-13,NA,25.259998,NA,32.509998,49918.747,NA,NA,NA,89.5,NA,771.890625,NA,NA,NA,8.099999,NA,NA,NA,NA,NA,NA,NA,NA,NA
Daily,2021-05-14,NA,25.554998,NA,32.299999,50034.373999999996,NA,NA,NA,89,NA,767.886719,NA,NA,NA,8.0912495,0,0.11,1.6,1.2,8.35,125,2.05,0,NA
Daily,2021-05-15,NA,25.75,NA,32.389999,50199.997,NA,NA,NA,88,NA,767.886719,NA,NA,NA,7.75125,NA,NA,NA,NA,NA,NA,NA,NA,NA
Daily,2021-05-16,NA,26.389999,NA,31.849998,50128.123999999996,NA,NA,NA,87,NA,767.892578,NA,NA,NA,8.0475,NA,NA,NA,NA,NA,NA,NA,NA,NA
Daily,2021-05-17,NA,25.705,NA,32.579998,50493.748,NA,NA,NA,87,NA,771.878906,NA,NA,NA,8.067499,NA,NA,NA,NA,NA,NA,NA,NA,NA
Daily,2021-05-18,NA,25.955,NA,32.039997,49893.749,NA,NA,NA,86.5,NA,771.917969,NA,NA,NA,8.02,NA,NA,NA,NA,NA,NA,NA,NA,NA
Daily,2021-05-19,NA,26.349998,NA,31.959999,50137.497,NA,NA,NA,84,NA,NA,NA,NA,NA,8.032499,NA,NA,NA,NA,NA,NA,NA,NA,NA
Daily,2021-05-21,NA,27.679998,NA,31.1799985,50537.498,NA,NA,NA,85,NA,NA,NA,NA,NA,8.065,0,0.04,1.3,0.8,8.36,125,0.92,0.002,NA
Daily,2021-05-22,NA,25.084999,NA,32.629997,50393.749,NA,NA,NA,86,NA,767.890625,NA,NA,NA,8.0837495,NA,NA,NA,NA,NA,NA,NA,NA,NA
Daily,2021-05-23,NA,26.494999,NA,32.049999,50399.998,NA,NA,NA,85,NA,759.898437,NA,NA,NA,8.0137495,NA,NA,NA,NA,NA,NA,NA,NA,NA
Daily,2021-05-24,NA,26.8774995,NA,31.982498999999997,50378.123999999996,NA,NA,NA,85.5,NA,751.894531,NA,NA,NA,7.8675,NA,NA,NA,NA,NA,NA,NA,NA,NA
Daily,2021-05-25,NA,27.492498,NA,31.5,49181.2475,NA,NA,NA,82.5,NA,NA,NA,NA,NA,8.0687495,NA,NA,NA,NA,NA,NA,NA,NA,NA
Daily,2021-05-26,77.181122,25.100624,-92.104485,33.229664,50657.7832035,50310.921875,50324.316405000005,6.384461,93.2679255,106.6917345,258.2549745,0.401297,0.925692,32712.150391,8.270679,NA,NA,NA,NA,NA,NA,NA,NA,NA
Daily,2021-05-27,77.181122,25.100624,-91.104515,33.230789,NA,50322.777344,50270.078125,6.048572,87.89841849999999,100.838215,255.157959,0.412182,0.972694,32767.849609,8.211782,NA,NA,NA,NA,NA,NA,NA,NA,NA
Daily,2021-05-28,77.181122,25.100624,-91.093414,33.239200499999995,50675.808594,50279.308594,50306.554688,6.05614,88.135498,101.140717,256.3638455,0.425819,1.0781575,32870.892578,8.2199005,0,0,1.5,2,8.38,125,0.83,0.001,NA
Daily,2021-05-29,77.181122,25.100624,-91.0525135,33.2218705,NA,50287.923828,50303.636719,6.026559,87.747734,100.1488535,256.30630499999995,0.4401235,1.1481735,32700.998047,8.213194999999999,NA,NA,NA,NA,NA,NA,NA,NA,NA
Daily,2021-05-30,77.181122,25.100624,-91.0122755,33.236948,50670.353516,50312.988281,50297.898438,6.0303035000000005,87.91423,100.29431550000001,256.387421,0.451839,1.238256,32837.8984375,8.224484499999999,NA,NA,NA,NA,NA,NA,NA,NA,NA
Daily,2021-05-31,77.016495,25.009165,-90.842957,33.237957,NA,50222.6015625,50293.695313,6.0290115,88.048031,100.8747905,NA,0.479798,1.234459,32934.7929685,8.217719,NA,NA,NA,NA,NA,NA,NA,NA,NA
Daily,2021-06-01,77.016495,25.009165,-90.842957,33.234913,50663.753906,50218.996094,50293.695313,6.1863,90.453117,102.569061,258.333557,0.501013,1.234459,32997.691406,8.217719,NA,NA,NA,NA,NA,NA,NA,NA,NA
Daily,2021-06-02,77.016495,25.009165,-90.842957,33.234913,50663.753906,50218.996094,50293.695313,6.1863,90.453117,102.569061,258.333557,0.501013,1.234459,32997.691406,8.217719,NA,NA,NA,NA,NA,NA,NA,NA,NA
Daily,2021-06-03,77.181122,25.100624,-91.726501,33.024998,50452.433594,50611.113281,50653.085938,6.225291,91.402473,104.480804,262.5802,0.40296,0.57076,32804.09375,8.201015,NA,NA,NA,NA,NA,NA,NA,NA,NA
Daily,2021-06-04,77.181122,25.100624,-90.93562299999999,33.015316,50448.46875,50568.6289065,50598.808594,6.0586305,88.106766,101.168556,NA,0.436316,0.816783,32899.496094,8.1578395,0,0.05,1.5,2.2,8.21,126,0.95,0.005,NA
Daily,2021-06-05,77.181122,25.100624,-90.52577600000001,33.2114375,NA,50296.933594,50292.527344,6.046931,88.03910049999999,100.592018,NA,0.461329,0.9644010000000001,32703.347656,8.153097,NA,NA,NA,NA,NA,NA,NA,NA,NA
Daily,2021-06-06,77.181122,25.100624,-90.895149,33.205914,NA,50304.933594,50295.859375,6.039152,88.374718,100.94467900000001,274.224731,0.664423,1.108347,32691.947266,8.160083,NA,NA,NA,NA,NA,NA,NA,NA,NA
Daily,2021-06-07,77.181122,25.100624,-90.5008355,33.210884,NA,50286.042969,50297.511719,6.026084,87.80043,100.845604,276.216522,0.808274,1.483593,32700.046875,8.152239,NA,NA,NA,NA,NA,NA,NA,NA,NA
Daily,2021-06-08,77.181122,25.100624,-90.08203499999999,NA,NA,50281.5683595,50370.1621095,6.0253689999999995,87.982605,100.365669,282.38211049999995,1.3248145,2.1723049999999997,32880.998047,8.159096,NA,NA,NA,NA,NA,NA,NA,NA,NA
Daily,2021-06-09,77.181122,25.100624,-90.303978,NA,NA,50378.90625,50533.875,6.0689735,88.5983005,101.080467,288.409851,1.9660755,2.453994,32882.292969,8.168944,NA,NA,NA,NA,NA,NA,NA,NA,NA
Daily,2021-06-10,77.181122,25.100624,-90.5665815,33.006649,NA,50462.488281,50576.7578125,6.078137,88.6784325,101.419662,292.425949,2.5564780000000003,2.954362,32870.3945315,8.152261,NA,NA,NA,NA,NA,NA,NA,NA,NA
Daily,2021-06-11,77.181122,25.100624,-91.0394325,32.298628,NA,49491.082031,49530.8125,6.13905,89.3634375,102.2955135,266.4924775,0.0591385,0.275449,32150.595703,8.1978625,0,0.16,1.1,1,8.25,131,NA,0,NA
Daily,2021-06-12,77.181122,25.100624,-91.07793050000001,32.4817925,49634.332031,49263.8359375,49282.078125,6.1294935,88.781563,101.9776535,268.321533,0.0727555,0.4507585,32057.498047,8.200641,NA,NA,NA,NA,NA,NA,NA,NA,NA
Daily,2021-06-13,77.181122,25.100624,-91.01081099999999,32.470062,NA,49277.1621095,49297.9921875,6.097538,88.75724,101.541367,274.2493435,0.1559105,0.584891,32050.897461,8.2003865,NA,NA,NA,NA,NA,NA,NA,NA,NA
Daily,2021-06-14,77.181122,25.100624,-91.4142305,32.468239,NA,49281.904297,49298.8125,6.1530125,89.14665600000001,102.001274,276.2321015,0.321145,0.991174,32066.7978515,8.20047,NA,NA,NA,NA,NA,NA,NA,NA,NA
Daily,2021-06-15,77.181122,25.100624,-91.031975,32.484056499999994,NA,49262.277344,49287.53125,6.12702,89.330353,102.483002,NA,0.6755925,1.201753,32069.845703,8.19223,NA,NA,NA,NA,NA,NA,NA,NA,NA
Daily,2021-06-16,77.181122,25.100624,-90.94789499999999,32.264484,NA,49548.878906,49532.214844,6.1152169999999995,88.947113,102.24124499999999,NA,0.937674,4.7021675,32083.6494145,8.176588500000001,NA,NA,NA,NA,NA,NA,NA,NA,NA
Daily,2021-06-17,77.181122,25.100624,-90.798103,32.295759000000004,49450.4902345,49528.1972655,49506.0625,6.131587,89.300682,102.0704305,278.68037400000003,0.066074,0.159339,32196.598633,8.191776,NA,NA,NA,NA,NA,NA,NA,NA,NA
Daily,2021-06-18,77.181122,25.100624,-90.954773,NA,NA,NA,NA,6.105803,88.716293,101.914608,NA,0.0899885,0.21988249999999998,NA,8.194598,0,0.11,1.3,1.5,8.27,125,0.94,NA,NA
Daily,2021-06-19,77.181122,25.100624,-91.20339949999999,32.2952115,49449.607422,49539.2851565,49548.7578125,6.12339,89.00078199999999,102.08343500000001,274.70098900000005,0.07223099999999999,0.3566805,32192.548828,8.199109,NA,NA,NA,NA,NA,NA,NA,NA,NA
Daily,2021-06-20,77.181122,25.100624,-91.261436,32.291052,49446.097656,49522.5214845,49497.25,6.141956,89.044952,102.12551500000001,278.685608,0.1078245,0.42883899999999997,32206.699219000002,8.203632500000001,NA,NA,NA,NA,NA,NA,NA,NA,NA
Daily,2021-06-21,77.181122,25.100624,-91.046013,32.285366,49442.578125,49539.341797,49542.1875,6.1327514999999995,89.4511645,102.8438795,278.63098149999996,0.4087685,0.722925,32183.946289,8.2142515,NA,NA,NA,NA,NA,NA,NA,NA,NA
Daily,2021-06-22,77.181122,25.100624,-91.029507,32.287529,49442.042969,49533.734375,49523.433594,6.1683495,89.711166,102.8286095,284.642975,0.46911250000000004,1.2311619999999999,32188.9482425,8.2101445,NA,NA,NA,NA,NA,NA,NA,NA,NA
Daily,2021-06-23,77.181122,25.100624,-90.498634,32.2818625,49439.0253905,49544.6953125,49551.917969,6.140728,89.184158,102.051064,NA,0.656844,1.2114630000000002,32179.647461,8.1757365,NA,NA,NA,NA,NA,NA,NA,NA,NA
Daily,2021-06-24,77.181122,25.100624,-90.640934,32.2906495,49444.824219,49530.40625,49540.3984375,6.1712285,89.8632465,102.8201525,288.666718,0.961891,1.2702385,32178.6494145,8.171234,NA,NA,NA,NA,NA,NA,NA,NA,NA
Daily,2021-06-25,77.016495,25.009165,-90.706463,32.2946625,49448.699219,49527.029297,49542.6757815,6.149115,89.645294,102.983261,298.68145749999996,0.954312,2.0643485,32194.498047,8.180854,NA,0.17,1.6,1.3,8.22,132,1.26,0.018,NA
Daily,2021-06-26,77.181122,25.100624,-90.9656105,32.296493999999996,49453.1777345,49569.6640625,49533.5976565,6.159521,89.631874,102.630676,258.706253,0.107072,0.9243205,32170.143555000002,8.286023499999999,NA,NA,NA,NA,NA,NA,NA,NA,NA
Daily,2021-06-27,77.016495,25.009165,-91.480324,32.284988,49441.888672,49534.7265625,49549.7265625,6.158608,89.582897,102.515446,262.6318205,0.10489899999999999,1.031741,32176.243164,8.276999,NA,NA,NA,NA,NA,NA,NA,NA,NA
Daily,2021-06-28,77.181122,25.100624,-91.47593699999999,32.293623,49450.0332035,49498.4765625,49545.917969,6.1215955,88.8918725,102.40744,260.688919,0.121254,1.3525195,32186.494141,8.281293,NA,NA,NA,NA,NA,NA,NA,NA,NA
Daily,2021-06-29,77.016495,25.009165,-91.721344,32.279163499999996,49437.769531,49537.058594,49519.5,6.148556,89.848686,102.807762,262.531036,0.139733,1.5430855,32183.7431645,8.280746,NA,NA,NA,NA,NA,NA,NA,NA,NA
Daily,2021-06-30,77.181122,25.100624,-91.422508,32.272772,49429.4101565,49539.046875,49539.4531255,6.179764,89.881958,102.982597,262.58700550000003,0.153096,1.8438775,32182.59375,8.284492,NA,NA,NA,NA,NA,NA,NA,NA,NA
Daily,2021-07-01,77.181122,25.100624,NA,NA,NA,NA,NA,6.161892,89.705734,102.88099299999999,260.569702,0.168414,2.125176,NA,8.265239000000001,NA,NA,NA,NA,NA,NA,NA,NA,NA
Daily,2021-07-02,77.181122,25.100624,-90.208252,32.276768000000004,49429.933594,49379.738281,49401.960938,6.1669705,89.63707,102.7588995,260.3950045,0.1192185,1.9285700000000001,32104.5927735,8.224707500000001,NA,0.09,1.4,1.3,8.21,126,1.64,0.013,NA
Daily,2021-07-03,77.181122,25.100624,-89.052803,NA,NA,49275.699219,49338.992188,6.1331105,89.1430475,102.15711999999999,257.967712,0.121956,1.793038,32049.34375,8.21198,NA,NA,NA,NA,NA,NA,NA,NA,NA
Daily,2021-07-04,77.181122,25.100624,-88.671864,32.450119,NA,49318.15625,49300.4140625,6.184722,89.975594,102.812721,255.065262,0.121033,1.270532,32041.294922,8.223232,NA,NA,NA,NA,NA,NA,NA,NA,NA
Daily,2021-07-05,77.181122,25.100624,-88.26750150000001,32.4580115,NA,49300.4472655,49286.25,6.1517115,89.3672865,102.704643,262.1634525,0.11071349999999999,1.013427,32041.244141,8.17943,NA,NA,NA,NA,NA,NA,NA,NA,NA
Daily,2021-07-06,77.181122,25.100624,-88.79142,32.466545000000004,49622.089844,49266.886719,49286.546875,6.18255,90.1952095,103.098034,268.211945,0.139916,0.940251,32041.244141,8.204272,NA,NA,NA,NA,NA,NA,NA,NA,NA
Daily,2021-07-07,77.181122,25.100624,-89.2310755,32.457481,49602.410156,49297.050781,49254.179688,6.182999,90.25544,103.1721155,270.158966,0.17284,1.3256,32041.244141,8.2209975,NA,NA,NA,NA,NA,NA,NA,NA,NA
Daily,2021-07-08,77.181122,25.100624,-89.8353195,32.4531385,49607.666016,49277.65625,49292.78125,6.171906,89.81321349999999,103.23903250000001,272.138184,0.127014,1.2162104999999999,32041.244141,8.212145499999998,NA,NA,NA,NA,NA,NA,NA,NA,NA
Daily,2021-07-09,77.181122,25.100624,-90.33595650000001,32.4499685,NA,49295.0703125,49284.328125,6.1805900000000005,89.81545249999999,103.254478,266.10276799999997,0.108985,0.5786575,32041.244141,8.117583,0,0.16,1.4,1.9,8.14,128,1.86,0,NA
Daily,2021-07-10,77.181122,25.100624,-90.4604985,32.4488275,NA,49245.214844,49274.7109375,6.193772,90.330315,103.206841,268.110962,0.152322,0.430973,32041.244141,8.128703999999999,NA,NA,NA,NA,NA,NA,NA,NA,NA
Daily,2021-07-11,77.181122,25.100624,-90.048012,32.446426,49351.976563,49211.910156,49356.734375,6.143198,89.16449,102.065804,270.102051,0.144365,0.319573,32041.244141,8.159058,NA,NA,NA,NA,NA,NA,NA,NA,NA
Daily,2021-07-12,77.181122,25.100624,-90.048012,32.446426,49351.976563,49211.910156,49356.734375,6.143198,89.16449,102.065804,270.102051,0.144365,0.319573,32041.244141,8.159058,NA,NA,NA,NA,NA,NA,NA,NA,NA
Daily,2021-07-13,77.181122,25.100624,-90.048012,32.446426,49351.976563,49211.910156,49356.734375,6.143198,89.16449,102.065804,270.102051,0.144365,0.319573,32041.244141,8.159058,NA,NA,NA,NA,NA,NA,NA,NA,NA
Daily,2021-07-14,77.181122,25.100624,-90.048012,32.446426,49351.976563,49211.910156,49356.734375,6.143198,89.16449,102.065804,270.102051,0.144365,0.319573,32041.244141,8.159058,NA,NA,NA,NA,NA,NA,NA,NA,NA
Daily,2021-07-15,77.181122,25.100624,-89.2464335,32.446562,NA,49260.1015625,49247.515625,6.149792,89.590828,102.850998,294.091553,0.234305,0.881356,32005.044922,8.091525,NA,NA,NA,NA,NA,NA,NA,NA,NA
Daily,2021-07-16,77.181122,25.100624,-89.3734395,NA,NA,NA,NA,6.178433,89.788773,102.7208785,298.08738700000004,0.204167,1.294246,NA,8.085876,0,0,1.5,1.9,8.15,128,1.82,0.009,NA
Daily,2021-07-17,77.181122,25.100624,-90.0124395,32.417336,NA,49554.8632815,49544.8378905,6.156376,89.6456145,102.521431,269.4219515,-0.1437635,1.0960079999999999,32253.539063,8.1020575,NA,NA,NA,NA,NA,NA,NA,NA,NA
Daily,2021-07-18,77.181122,25.100624,-90.277489,32.416321,NA,49510.394531,49538.53125,6.161113,89.66655,102.6767845,NA,-0.08710899999999999,1.1817425,32253.539063,8.08822,NA,NA,NA,NA,NA,NA,NA,NA,NA
Daily,2021-07-19,77.181122,25.100624,-90.280708,32.416323,NA,49554.0839845,49535.121094,6.1758995,90.014118,103.42617,NA,0.0834515,1.2597999999999998,32253.539063,8.0940765,NA,NA,NA,NA,NA,NA,NA,NA,NA
Daily,2021-07-20,77.181122,25.100624,-90.7829665,32.41383,NA,49541.5625,49514.242188,6.188188,90.154877,103.184639,NA,0.4755735,1.857546,32253.539063,8.107358,NA,NA,NA,NA,NA,NA,NA,NA,NA
Daily,2021-07-21,77.181122,25.100624,-90.627899,32.412923500000005,NA,49558.576172,49532.882813,6.1845875,90.00906,102.98113649999999,279.37870799999996,0.96449,2.870866,32253.539063,8.0968155,NA,NA,NA,NA,NA,NA,NA,NA,NA
Daily,2021-07-22,77.181122,25.100624,-90.262413,32.4166355,NA,49560.9121095,49529.996094,6.159183,90.061516,103.280327,279.41778550000004,1.616474,6.961466,32253.539063,8.0939605,NA,NA,NA,NA,NA,NA,NA,NA,NA
Daily,2021-07-23,77.181122,25.100624,-89.766178,32.419012,NA,49539.3945315,49542.5,6.178005,90.028091,103.138893,283.427277,7.8578355,130.289665,32253.539063,8.086612500000001,0,0.13,1.6,1.7,8.21,125,1.61,0.007,NA
Daily,2021-07-24,77.181122,25.100624,-88.556713,32.424168,49581.8007815,49502.8378905,49556.4257815,6.143519,89.544052,102.365173,287.468155,9.7722725,153.761612,32253.539063,8.080803,NA,NA,NA,NA,NA,NA,NA,NA,NA
Daily,2021-07-25,77.181122,25.100624,-86.5513915,32.410366,49569.109375,49538.886719,49501.050781,6.132435,89.421837,102.199615,289.358826,14.9519555,157.734406,32253.238281,8.0289815,NA,NA,NA,NA,NA,NA,NA,NA,NA
Daily,2021-07-26,77.181122,25.100624,-86.03968,32.428713,NA,49532.089844,49456.324219,6.183441,89.70753099999999,102.645454,289.51239,26.592587,158.8293,32253.539063,8.0347545,NA,NA,NA,NA,NA,NA,NA,NA,NA
Daily,2021-07-27,77.181122,25.100624,-87.72074900000001,32.441216,NA,49558.9375,49505.902344,6.232449,90.33345,103.561951,NA,1.8079735,NA,32253.839844,8.082819,NA,NA,NA,NA,NA,NA,NA,NA,NA
Daily,2021-07-28,77.181122,25.100624,-88.093628,32.451992,NA,49551.066406,49532.632813,6.177398999999999,89.8005985,102.69234850000001,289.658569,-0.130838,3.186799,32225.939453,8.10011,NA,NA,NA,NA,NA,NA,NA,NA,NA
Daily,2021-07-29,77.181122,25.100624,-88.847084,32.4647275,NA,49543.6914065,49541.40625,6.187048,89.9870755,102.97976700000001,289.71025050000003,0.455097,12.9070635,NA,8.095014500000001,NA,NA,NA,NA,NA,NA,NA,NA,NA
Daily,2021-07-30,77.181122,25.100624,-89.03976449999999,32.4701995,49759.009766,49523.1953125,49536.5996095,6.187579,90.03706349999999,103.087917,295.7436065,0.7828215000000001,21.443414500000003,32353.939453,8.113023,0,0.21,1.2,1.1,8.17,123,1.86,0.006,NA
Daily,2021-07-31,77.181122,25.100624,-90.180084,32.474453,NA,49557.0820315,49557.8007815,6.20107,90.779419,103.63720699999999,300.763489,1.6092455,37.2676355,32353.939453,8.158068,NA,NA,NA,NA,NA,NA,NA,NA,NA
Daily,2021-08-01,77.181122,25.100624,-90.8075295,32.482273,49895.40625,49527.0839845,49528.5664065,6.204506,90.4188305,104.317894,301.797348,2.739217,72.80472950000001,32354.088867,8.151917,NA,NA,NA,NA,NA,NA,NA,NA,NA
Daily,2021-08-02,77.181122,25.100624,-91.136753,32.488419,49902.839844,49547,49524.355469,6.186945,90.675713,103.5712015,299.852478,4.3195879999999995,105.078758,32354.238281,8.164289,NA,NA,NA,NA,NA,NA,NA,NA,NA
Daily,2021-08-03,77.181122,25.100624,-91.411819500000007,32.257744,NA,49640.3398435,49775.8945315,6.210415,90.593674,103.650558,305.965912,5.388731,145.241364,32353.939453,8.158672,NA,NA,NA,NA,NA,NA,NA,NA,NA
Daily,2021-08-04,77.181122,25.100624,NA,NA,NA,NA,NA,6.1748955,89.95679050000001,102.93709150000001,304.018524,23.169205,112.1322785,NA,8.138104,NA,NA,NA,NA,NA,NA,NA,NA,NA
Daily,2021-08-05,77.181122,25.100624,-92.3052175,32.259243,NA,49707.9375,49780.4707035,6.178014,90.108475,103.3075335,293.975159,-0.047195,1.9824005,32283.839844,8.1518175,NA,NA,NA,NA,NA,NA,NA,NA,NA
Daily,2021-08-06,77.181122,25.100624,-92.837486,NA,49911.8125,49547.832031,49694.9375,6.2194445,90.518555,103.837379,311.875488,0.346471,3.981426,32283.839844,8.156528,0,0.22,1.3,1.3,8.15,119,1.24,0,NA
Daily,2021-08-07,77.181122,25.100624,-92.85297,NA,49910.519531,49527.1015625,49585.679688,6.189873,90.32505,103.15583,315.900116,0.932717,5.787667,32283.839844,8.1561785,NA,NA,NA,NA,NA,NA,NA,NA,NA
Daily,2021-08-08,77.181122,25.100624,-92.926788,NA,49911.066406,49521.324219,49639.1777345,6.1810915,90.08504099999999,103.07711,NA,1.244452,6.5057685,32283.839844,8.165544,NA,NA,NA,NA,NA,NA,NA,NA,NA
Daily,2021-08-09,77.181122,25.100624,-92.8581085,NA,49910.90625,49518.8828125,49563.75,6.185261,89.971561500000007,103.036049,317.900177,2.103922,9.6371155,32283.839844,8.163624500000001,NA,NA,NA,NA,NA,NA,NA,NA,NA
Daily,2021-08-10,77.181122,25.100624,-91.84078600000001,NA,49911.074219,49529.964844,49628.964844,6.14124,89.68401750000001,102.605175,313.91745,3.691775,14.637745,32283.839844,8.151237,NA,NA,NA,NA,NA,NA,NA,NA,NA
Daily,2021-08-11,77.181122,25.100624,-91.3326075,NA,49911.128906,49540.591797,49597.5000005,6.200185,90.470711,103.746387,313.89854449999996,4.254826,21.8352995,32284.138672,8.1589285,NA,NA,NA,NA,NA,NA,NA,NA,NA
Daily,2021-08-12,77.181122,25.100624,-91.306473,NA,NA,NA,NA,6.1944420000000004,90.317417,103.580177,315.934326,5.5699375,33.798401,NA,8.159519,NA,NA,NA,NA,NA,NA,NA,NA,NA
Daily,2021-08-13,77.181122,25.100624,-91.738289,32.261341,49673.5488285,49781.3203125,49757.714844,6.235788,90.731064,103.981224,299.985672,0.085533,2.972603,32306.640625,8.152224,0,0.25,1.3,1.3,8.15,130,1.53,0.004,NA
Daily,2021-08-14,77.181122,25.100624,-91.32794150000001,NA,49672.5625,49803.0625,49791.205078,6.1828775,90.101532,103.278774,310.0000765,0.41451899999999997,4.321153,32306.339844,8.161222500000001,NA,NA,NA,NA,NA,NA,NA,NA,NA
Daily,2021-08-15,77.181122,25.100624,-90.772297,NA,NA,49818.121094,49783.111328,6.171917,90.547943,103.517189,315.972809,0.891292,4.976793,32306.640625,8.156713,NA,NA,NA,NA,NA,NA,NA,NA,NA
Daily,2021-08-16,77.181122,25.100624,-91.310127,NA,49668.441406,49795.328125,49810.683594,6.1903925,90.032997,103.567184,309.992126,2.347722,5.289687,32306.640625,8.145832,NA,NA,NA,NA,NA,NA,NA,NA,NA
Daily,2021-08-17,77.016495,25.009165,-90.76631499999999,NA,49671.78125,49803.144531,49780.611328,6.148877,89.688316,102.7848245,305.989273,3.5643705,8.7663725,32306.640625,8.151964,NA,NA,NA,NA,NA,NA,NA,NA,NA
Daily,2021-08-18,77.181122,25.100624,-90.88490300000001,32.518593,49676.8789065,49785.746094,49823.898438,6.181505,90.435486,103.238174,304.046631,4.97565,13.018237,32306.640625,8.157937,NA,NA,NA,NA,NA,NA,NA,NA,NA
Daily,2021-08-19,77.181122,25.009165,NA,NA,NA,NA,NA,6.200127,90.129707,103.1910555,306.06407149999995,6.040346,22.229647999999997,NA,8.138768,NA,NA,NA,NA,NA,NA,NA,NA,NA
Daily,2021-08-20,77.181122,25.100624,-91.654331,32.537251,49696.7558595,49795.4277345,49795.9453125,6.182847,90.1131705,103.318607,290.155655,0.080929,2.2561775,32301.539063,8.089553500000001,2,0.18,1.3,1.9,8.21,120,1.58,0.01,NA
Daily,2021-08-21,77.005234,25.002907,-92.16044600000001,32.522324,49937.523438,50045.357422,50063.4707035,6.145795,89.812447,102.91011,NA,-0.249715,-5.081667,32450.240234,8.10252,NA,NA,NA,NA,NA,NA,NA,NA,NA
Daily,2021-08-22,77.005234,25.002907,-92.415592,32.525337,49940.015625,50063.765625,50039.5703125,6.152164,89.5530545,103.2809755,271.5826415,-0.012836,-4.8477575,32450.240234,8.0992775,NA,NA,NA,NA,NA,NA,NA,NA,NA
Daily,2021-08-23,77.005234,25.002907,-92.789097,32.522671,49936.5839845,50040.5546875,50067.28125,6.144958000000001,89.74793249999999,103.0022045,269.558685,0.004069,-4.300358,32450.541016,8.109355,NA,NA,NA,NA,NA,NA,NA,NA,NA
Daily,2021-08-24,77.005234,25.002907,-92.7904585,32.518719,49933,50053.4375,50038.4570315,6.165563,89.88089,103.231819,274.537277,0.307072,-4.06543,32450.240234,8.113831999999999,NA,NA,NA,NA,NA,NA,NA,NA,NA
Daily,2021-08-25,77.005234,25.002907,-93.08342350000001,32.519196,49933.554688,50044.703125,50058.060547,6.176583,90.470226,104.024597,277.5404815,0.8213975,-4.267875,32450.541016,8.1225215,NA,NA,NA,NA,NA,NA,NA,NA,NA
Daily,2021-08-26,77.005234,25.002907,-93.34390250000001,32.51099,NA,49995.376953,50052.3593755,6.179065,90.5889665,104.11807999999999,281.46365349999996,1.3936475000000002,-3.618136,32450.240234,8.1370705,NA,NA,NA,NA,NA,NA,NA,NA,NA
Daily,2021-08-27,77.005234,25.002907,-93.2839355,32.5060575,NA,49834.9609375,50069.75,6.140204,89.763817,102.971451,NA,2.000496,4.32912,32450.541016,8.129042,2,0.27,1.8,2,8.26,117,1.61,0.006,NA
Daily,2021-08-28,77.005234,25.002907,-93.18182,NA,NA,49823.0390625,50022.511719,6.128884,89.72168,102.918205,275.4556275,-0.22226,-4.610018999999999,32436.740234,8.0980895,NA,NA,NA,NA,NA,NA,NA,NA,NA
Daily,2021-08-29,77.005234,25.002907,-93.085274,NA,NA,49812.417969,49900.679688,6.153375499999999,89.7113075,103.0655215,NA,-0.055911,-3.2113679999999998,32435.839844,8.086829,NA,NA,NA,NA,NA,NA,NA,NA,NA
Daily,2021-08-30,77.005234,25.002907,-93.176327,32.6263945,50167.5625005,49794.605469,49928.5703125,6.1289435,89.353043,102.75795,NA,0.535342,-2.460905,32436.140625,8.096164000000002,NA,NA,NA,NA,NA,NA,NA,NA,NA
Daily,2021-08-31,77.005234,25.002907,-92.969696,32.740389,NA,49795.373047,49836.828125,6.137528,89.796711,102.562866,NA,1.2148210000000002,-0.9647114999999999,32436.439453,8.099571999999998,NA,NA,NA,NA,NA,NA,NA,NA,NA
Daily,2021-09-01,77.005234,25.002907,-91.8170355,32.7411765,50162.167969,49814.2773435,49764.671875,6.119490000000001,89.166977,102.18042750000001,NA,1.9148385,-1.08146,32436.740234,8.094312500000001,NA,NA,NA,NA,NA,NA,NA,NA,NA
Daily,2021-09-02,77.005234,25.002907,-91.1907005,NA,50169.832031,49803.0898435,49891.6640625,6.12854,89.821075,103.174957,287.4181515,2.5169505,0.30568,32435.839844,8.087884,NA,NA,NA,NA,NA,NA,NA,NA,NA
Daily,2021-09-03,77.005234,25.002907,-91.311607,32.511299,49930.626953,50069.2890625,50067.234375,6.1697355,90.36368949999999,103.630638,NA,4.533662,2.352414,32435.539063,8.097095,0,0.2,1.6,2.3,8.19,115,1.78,0.015,NA
Daily,2021-09-04,77.005234,25.002907,-92.31129849999999,32.521730500000004,49935.4433595,50044.546875,50045.132813,6.1675255,90.1021235,103.497444,271.556396,-0.0318075,-3.540676,32454.439453,8.111568,NA,NA,NA,NA,NA,NA,NA,NA,NA
Daily,2021-09-05,77.005234,25.002907,-92.45884699999999,32.524187,49936.792969,50024.609375,50047.546875,6.160056,90.03556850000001,103.975739,NA,0.2602275,0.26293750000000005,32454.439453,8.1160885,NA,NA,NA,NA,NA,NA,NA,NA,NA
Daily,2021-09-06,77.005234,25.002907,-92.603096,32.528713,49946.011719,50037.917969,50047.125,6.199656,90.312828,103.698036,NA,0.766427,3.182267,32454.140625,8.13517,NA,NA,NA,NA,NA,NA,NA,NA,NA
Daily,2021-09-07,77.005234,25.002907,-92.94622799999999,32.53006,49942.855469,50018.4726565,50051.4726565,6.162234,89.854073,103.472229,NA,2.0677195,7.2233745,32454.140625,8.139247000000001,NA,NA,NA,NA,NA,NA,NA,NA,NA
Daily,2021-09-08,77.005234,25.002907,-92.9725075,32.527632,49941.0078125,50076.2128905,50050.0390625,6.15372,90.150322,103.46479,279.593277,2.779122,13.291346,32454.140625,8.1447365,NA,NA,NA,NA,NA,NA,NA,NA,NA
Daily,2021-09-09,77.005234,25.002907,-90.225525,NA,NA,NA,NA,6.160136,89.930984,103.494751,283.635651,3.598901,25.3353005,NA,8.1297575,NA,NA,NA,NA,NA,NA,NA,NA,NA
Daily,2021-09-10,77.005234,25.002907,-93.4138605,32.538067,49954.40625,50053.328125,50023.453125,6.1800565,90.173904,103.706886,281.663177,0.1746065,3.495207,32440.640625,8.098733,0,0.16,1.3,1.8,8.24,115,1.88,0.012,NA
Daily,2021-09-11,77.005234,25.002907,-93.776989,32.5272445,49940.373047,50046.7734375,50056.4453125,6.184566,89.834305,103.1019405,NA,1.3534195,9.039621499999999,32441.240234,8.105521,NA,NA,NA,NA,NA,NA,NA,NA,NA
Daily,2021-09-12,77.005234,25.002907,-93.37593849999999,32.5248105,49939.041016,50037.8359375,50037.2050785,6.1660335,89.7459525,102.969818,NA,2.283591,8.69601,32441.539063,8.101117,NA,NA,NA,NA,NA,NA,NA,NA,NA
Daily,2021-09-13,77.005234,25.002907,-93.432163,32.520525,49935.890625,50043.417969,50062.351563,6.135021,89.8454515,103.320301,296.99690250000003,3.6556290000000002,13.2256285,32440.1894535,8.101333,NA,NA,NA,NA,NA,NA,NA,NA,NA
Daily,2021-09-14,77.005234,25.002907,-93.600769,32.51899,49933.773438,50055.703125,50050.851563,6.145935,89.54414750000001,102.975143,291.531647,4.849175,19.198614,32441.539063,8.104282,NA,NA,NA,NA,NA,NA,NA,NA,NA
Daily,2021-09-15,77.005234,25.002907,-93.1685025,32.518017,49933.2109375,50058.3378905,50067.857422,6.143403,89.416061,103.0641975,NA,7.4426685,22.07604,32441.839844,8.097112,NA,NA,NA,NA,NA,NA,NA,NA,NA
Daily,2021-09-16,77.005234,25.002907,-93.12323,32.512127,NA,50008.6875,50063.820313,6.132403,89.488197,103.00507,NA,9.257244499999999,30.568779,32441.839844,8.097327,NA,NA,NA,NA,NA,NA,NA,NA,NA
Daily,2021-09-17,77.005234,25.002907,-92.7687725,32.513985,NA,49960.71875,50053.292969,6.1294355,89.2421875,102.60552200000001,283.494232,12.068726,36.876846,32441.539063,8.094698000000001,0,0.21,1.1,1.5,8.22,112,1.9,0.008,NA
Daily,2021-09-18,77.005234,25.002907,-92.2161025,32.512062,49927.6445315,50048.574219,50051.171875,6.160902,89.8069725,103.191532,287.494354,2.5261375,8.089271499999999,32439.439453,8.095193,NA,NA,NA,NA,NA,NA,NA,NA,NA
Daily,2021-09-19,77.005234,25.002907,-92.1903995,32.512726,NA,50054.671875,50029.0507815,6.152426,89.786606,103.430412,NA,4.5517215,14.910178,32439.439453,8.095592,NA,NA,NA,NA,NA,NA,NA,NA,NA
Daily,2021-09-20,77.005234,25.002907,-92.117149,32.510952,NA,50029.066406,50057.757813,6.137862500000001,89.56089,102.874962,NA,6.599927,17.567408,32439.439453,8.093109,NA,NA,NA,NA,NA,NA,NA,NA,NA
Daily,2021-09-21,77.005234,25.002907,-92.471012,32.509594,NA,49980.625,50052.476563,6.177393,90.474701,103.940887,285.445618,8.012951,20.007703,32439.439453,8.099804500000001,NA,NA,NA,NA,NA,NA,NA,NA,NA
Daily,2021-09-22,77.005234,25.002907,-89.081573,NA,NA,NA,NA,6.1813895,90.310776,103.355797,NA,9.134886,21.8166965,NA,8.087534,NA,NA,NA,NA,NA,NA,NA,NA,NA
Daily,2021-09-23,77.005234,25.002907,-92.1151045,NA,50170.9296875,49838.480469,49818.277344,6.154234,89.694267,103.036919,289.4226075,4.457046,9.905075499999999,32454.140625,8.103701000000001,NA,NA,NA,NA,NA,NA,NA,NA,NA
Daily,2021-09-24,77.005234,25.002907,-90.6265065,32.505676,NA,49971.191406,50047.09375,6.121378,89.306641,102.53015149999999,297.46875,8.134518,22.192284,32454.140625,8.090818,0,0.11,1.2,2.2,8.15,128,2.09,0,NA
Daily,2021-09-25,77.005234,25.002907,-90.630207,32.505833,NA,49974.714844,50022.84375,6.135989,89.357697,102.94062,301.423096,9.213742,24.3154145,32454.140625,8.0909405,NA,NA,NA,NA,NA,NA,NA,NA,NA
Daily,2021-09-26,77.005234,25.002907,-90.2121775,32.527744,NA,49891.886719,50022.023438,6.123799,89.485359,102.569443,297.451126,9.008504,27.124549000000002,32454.140625,8.097321,NA,NA,NA,NA,NA,NA,NA,NA,NA
Daily,2021-09-27,77.005234,25.002907,-89.650093,32.516037,49931.804688,50042.201172,50044.4570315,6.144042,89.506374,102.7615855,NA,10.608381,29.322363,32454.140625,8.092425500000001,NA,NA,NA,NA,NA,NA,NA,NA,NA
Daily,2021-09-28,77.005234,25.002907,-89.774315,32.517639,49932.4472655,50042.9628905,50067.5683595,6.158162,90.222267,103.654846,NA,10.358885,36.143755,32453.9902345,8.098274499999999,NA,NA,NA,NA,NA,NA,NA,NA,NA
Daily,2021-09-29,77.005234,25.002907,-90.1475985,32.524748,49939.3183595,50062.7441405,50047.564453,6.13488,89.6038095,103.075867,NA,10.142764,43.420868,32454.140625,8.094544500000001,NA,NA,NA,NA,NA,NA,NA,NA,NA
Daily,2021-09-30,77.005234,25.002907,-90.5377655,32.529441500000004,49943.574219,50055.34375,50062.4296875,6.149887,89.7230835,102.8006705,287.579346,11.7725015,50.9146255,32454.439453,8.094116499999998,NA,NA,NA,NA,NA,NA,NA,NA,NA
Daily,2021-10-01,77.005234,25.002907,-86.522377,NA,NA,NA,NA,6.1674095,89.947327,103.138435,291.773499,7.702495,51.6964165,NA,8.086157,NA,0.17,1.3,2.1,8.18,132,2.01,0.01,NA
Daily,2021-10-02,77.005234,25.002907,-90.7161405,NA,50007.8007815,50072.7265625,50039.8789065,6.164682,89.8452795,103.449478,287.957947,6.1579820000000005,20.8703145,NA,8.095267,NA,NA,NA,NA,NA,NA,NA,NA,NA
Daily,2021-10-03,77.005234,25.002907,-91.156975,32.87291,50041.238281,50050.78125,50047.015625,6.1799725,89.837616,103.081589,286.116913,8.729917,39.044281,32551.240234,8.09024,NA,NA,NA,NA,NA,NA,NA,NA,NA
Daily,2021-10-04,77.005234,25.002907,-91.3252675,32.8825415,NA,50040.111328,50056.2539065,6.181146,90.3184665,103.7305145,284.216644,9.538932,42.295191,32550.939453,8.100842499999999,NA,NA,NA,NA,NA,NA,NA,NA,NA
Daily,2021-10-05,77.005234,25.002907,-91.125801,32.858784,50068.496094,50051.800781,50038.804688,6.162168,90.296047,103.5867615,292.348022,2.339217,30.538452,NA,8.089454,NA,NA,NA,NA,NA,NA,NA,NA,NA
Daily,2021-10-06,77.005234,25.002907,-91.03900150000001,32.5296405,49945.046875,50056.408203,50044.9882815,6.162179,89.970924,103.266441,327.5992585,0.22113349999999998,8.6031135,32423.240234,8.0944985,NA,NA,NA,NA,NA,NA,NA,NA,NA
Daily,2021-10-07,77.005234,25.002907,NA,NA,NA,NA,NA,6.1678985,89.783512,103.2567325,325.682281,0.444149,23.462978,NA,8.0810645,NA,NA,NA,NA,NA,NA,NA,NA,NA
Daily,2021-10-08,77.005234,25.002907,-91.66523749999999,NA,50043.759766,49917.4746095,50033.53125,6.057869,88.43079,101.07944499999999,263.4449155,-0.942326,3.4303165,32443.640625,8.0947135,0,0.14,1.2,1.5,NA,138,1.93,0.008,NA
Daily,2021-10-09,77.005234,25.002907,-91.8553735,NA,50170.949219,49788.5058595,49929.373047,6.05763,88.1759335,100.83852350000001,265.41517650000003,-0.6766015000000001,9.4685175,32443.640625,8.097167500000001,NA,NA,NA,NA,NA,NA,NA,NA,NA
Daily,2021-10-10,77.005234,25.002907,-92.183693,NA,50166.457031,49808.2265625,49791.789063,6.035007,87.721664,100.307533,265.404709,0.069189,7.327992,32443.939453,8.08608,NA,NA,NA,NA,NA,NA,NA,NA,NA
Daily,2021-10-11,77.005234,25.002907,-92.32860199999999,32.7402095,50159.9746095,49821.296875,49800.8125,6.0315484999999995,88.33223,100.905975,257.3674625,-1.097278,0.044286,32441.0419925,8.0969685,NA,NA,NA,NA,NA,NA,NA,NA,NA
Daily,2021-10-12,77.005234,25.002907,-92.2691195,32.7198925,50138.277344,49818.808594,49801.9296875,5.965619,86.769234,99.566681,249.6263505,-1.125612,-0.17561900000000003,32418.8447265,8.101388499999999,NA,NA,NA,NA,NA,NA,NA,NA,NA
Daily,2021-10-13,77.005234,25.002907,-91.4047355,32.7226695,50136.7519535,49807.564453,49787.359375,5.976033,86.8936995,99.395691,249.60736050000003,-1.1232099999999998,-0.131214,32430.394531500002,8.0885335,NA,NA,NA,NA,NA,NA,NA,NA,NA
Daily,2021-10-14,77.005234,25.002907,-91.878868,32.730711,50145.681641,49802.6953125,49812.265625,6.001947,87.60726149999999,100.293472,249.630951,-1.1010805000000001,0.109924,32419.993164,8.0977945,NA,NA,NA,NA,NA,NA,NA,NA,NA
Daily,2021-10-15,77.005234,25.002907,-92.293785,32.735168,50152.71875,49793.386719,49780.875,6.040072,88.38533,100.53588500000001,250.656128,-1.102696,0.22404,32433.34375,8.093355,0,0.13,0.8,1.6,8.16,131,1.79,0,NA
Daily,2021-10-16,77.005234,25.002907,-92.2537,32.515713,NA,50005.046875,50042.25,6.060161,88.051376,100.707024,252.768341,-1.082803,0.350636,32445.644531,8.0891,NA,NA,NA,NA,NA,NA,NA,NA,NA
Daily,2021-10-17,77.005234,25.002907,-92.246029,32.527317,49940.757813,50059.6328125,50070.5625,6.058195,88.428848,101.214729,253.79393,-1.0932819999999999,0.537691,32429.3447265,8.0885885,NA,NA,NA,NA,NA,NA,NA,NA,NA
Daily,2021-10-18,77.005234,25.002907,-92.26235199999999,32.533602,49945.5390625,50060.3203125,50052.40625,6.06184,88.037407,101.359779,252.8115995,-1.067744,0.46672800000000003,32428.0429685,8.0946695,NA,NA,NA,NA,NA,NA,NA,NA,NA
Daily,2021-10-19,77.005234,25.002907,-92.040863,32.535122,49948.25,50052.9453125,50071.75,6.011264,87.893017,100.312767,252.812241,-1.0653605,0.319681,32454.943359,8.098314,NA,NA,NA,NA,NA,NA,NA,NA,NA
Daily,2021-10-20,77.005234,25.002907,-91.877678,32.52795,49940.4570315,50016.691406,50037.125,6.0523825,88.2875975,100.932114,253.7900085,-1.075355,0.222283,32437.84375,8.094826999999999,NA,NA,NA,NA,NA,NA,NA,NA,NA
Daily,2021-10-21,77.005234,25.002907,-91.9324795,32.526924,49939.914063,50058.113281,50075.625,6.0591545,88.862488,101.319954,253.781578,-1.082623,0.129562,32434.542969,8.103926,NA,NA,NA,NA,NA,NA,NA,NA,NA
Daily,2021-10-22,77.005234,25.002907,NA,NA,49936.7246095,50023.574219,NA,6.0737939999999995,88.470573,101.310196,255.771713,-1.075168,0.1676,NA,8.0831105,0,0.12,0.8,1,8.13,139,NA,0.009,NA
Daily,2021-10-23,77.005234,25.002907,-92.08142849999999,32.529041,49941.183594,50085.433594,50088.546875,6.041597,88.215233,100.536537,254.79814149999999,-1.0519245000000002,0.066389,32430.2441405,8.1534585,NA,NA,NA,NA,NA,NA,NA,NA,NA
Daily,2021-10-24,77.005234,25.002907,-92.1175575,32.528574000000006,49942.8164065,50044.058594,50026.09375,6.02913,87.686829,100.4383205,253.797974,-1.033799,0.24898150000000002,32443.694336,8.151644999999998,NA,NA,NA,NA,NA,NA,NA,NA,NA
Daily,2021-10-25,77.005234,25.002907,-92.048172,32.517738,49930.421875,50040.359375,50032.9375,6.043599,87.909256,100.681759,253.764709,-1.027734,0.224214,32423.246094,8.1502875,NA,NA,NA,NA,NA,NA,NA,NA,NA
Daily,2021-10-26,77.005234,25.002907,-91.77207200000001,32.513399,49928.691406,50037.753906,50036.28125,6.014165500000001,87.971054,100.58506750000001,251.746994,-0.998326,0.240796,32442.643555,8.1566245,NA,NA,NA,NA,NA,NA,NA,NA,NA
Daily,2021-10-27,77.005234,25.002907,-91.379547,32.518929,49932.75,50020.515625,50016.84375,6.047267,88.268295,100.842541,248.755615,-1.003807,0.166598,32423.744141,8.159909,NA,NA,NA,NA,NA,NA,NA,NA,NA
Daily,2021-10-28,77.005234,25.002907,-91.3722075,32.508601999999996,NA,49953.265625,50070.9375,6.053235,88.441872,101.286381,245.724167,-0.9899100000000001,0.247602,32430.644530999998,8.164562,NA,NA,NA,NA,NA,NA,NA,NA,NA
Daily,2021-10-29,77.005234,25.002907,NA,NA,NA,NA,NA,6.072151,88.26495349999999,101.06555900000001,252.7229155,-1.009714,0.189013,NA,NA,0,0.16,0.8,0.8,8.16,136,1.9,0.004,NA
Daily,2021-10-30,77.005234,25.002907,-91.472141,NA,50166.8964845,49807.123047,49866.46875,6.041987000000001,88.219742,101.166611,251.6978375,-1.0016835,-0.051386,32435.744141,8.159072,NA,NA,NA,NA,NA,NA,NA,NA,NA
Daily,2021-10-31,77.005234,25.002907,-91.42918399999999,32.516891,NA,49790.78125,50053.21875,6.060277,88.098518,100.842255,248.7190555,-1.01061,-0.002206,32437.2939455,8.155854999999999,NA,NA,NA,NA,NA,NA,NA,NA,NA
Daily,2021-11-01,77.005234,25.002907,-91.2776795,32.508087,NA,49974.392578,50025.75,6.0686225,88.105255,100.96799100000001,244.7388075,-0.9935974999999999,0.07203899999999999,32428.84375,8.156635,NA,NA,NA,NA,NA,NA,NA,NA,NA
Daily,2021-11-02,77.005234,25.002907,-91.249382,32.507305,NA,49908.339844,50050.96875,6.090879,88.8050805,101.47751600000001,245.72847000000002,-0.973655,-0.024602,32428.09375,8.1528165,NA,NA,NA,NA,NA,NA,NA,NA,NA
Daily,2021-11-03,77.005234,25.002907,-91.0637475,32.507287500000004,NA,49917.875,50063.078125,6.078931,88.5058785,101.2113115,245.71923049999998,-0.943368,0.4170895,32425.444336,8.143325,NA,NA,NA,NA,NA,NA,NA,NA,NA
Daily,2021-11-04,77.005234,25.002907,-91.253994,32.50687,NA,49775.78125,50050.90625,6.073484,88.237518,101.0936505,245.7175975,-0.9358029999999999,0.3106025,32427.2958985,8.153709500000001,NA,NA,NA,NA,NA,NA,NA,NA,NA
Daily,2021-11-05,77.005234,25.002907,NA,NA,NA,NA,NA,6.096686,88.395454,101.38903049999999,245.66223150000002,-0.9345315000000001,0.344664,NA,8.12145,0,0.1,1.1,1.1,8.16,130,2.03,0,NA
Daily,2021-11-06,77.005234,25.002907,-91.12456900000001,32.848177,50267.9941405,50286.496094,50299.4570315,6.068378,88.8411105,101.525139,257.512848,-0.2731715,1.013586,32678.196289,8.155965,NA,NA,NA,NA,NA,NA,NA,NA,NA
Daily,2021-11-07,77.005234,25.002907,-90.881874,32.857338,50278.541016,50292.238281,50299.0039065,6.080635,89.479435,101.697197,255.76442,-0.253809,1.0176015,32710.245117,8.155996,NA,NA,NA,NA,NA,NA,NA,NA,NA
Daily,2021-11-08,77.005234,25.002907,-90.78488899999999,32.874674,NA,50322.216797,50323.867188,6.0855809999999995,88.726608,101.959435,253.832741,-0.2322735,1.128647,32707.944336,8.149564,NA,NA,NA,NA,NA,NA,NA,NA,NA
Daily,2021-11-09,77.005234,25.002907,-90.7523535,32.865797,50287.5839845,50308.3964845,50301.8320315,6.1003074999999995,89.5814095,102.0615005,252.817184,-0.22970849999999998,1.292268,32677.3935545,8.150017,NA,NA,NA,NA,NA,NA,NA,NA,NA
Daily,2021-11-10,77.005234,25.002907,-90.26953900000001,32.8804685,50300.886719,50320.439453,50313.328125,6.07437,88.7704355,101.6502495,250.85616299999998,-0.2171135,1.2342255,32676.6445315,8.135117000000001,NA,NA,NA,NA,NA,NA,NA,NA,NA
Daily,2021-11-11,77.005234,25.002907,-90.301094,32.880432,NA,50283.078125,50330.414063,6.0780034999999994,88.87664050000001,101.309624,250.826523,-0.1834575,1.2108094999999999,32714.7421875,8.131852,NA,NA,NA,NA,NA,NA,NA,NA,NA
Daily,2021-11-12,77.005234,25.002907,-90.323906,32.873741,50293.8632815,50285.277344,50304.140625,6.081005,88.656548,101.469566,249.82849099999999,-0.192299,1.425332,32690.646484,8.140275,0,0.16,1,0.9,8.11,139,1.84,0.008,NA
Daily,2021-11-13,77.005234,25.002907,-90.2757185,32.882805,NA,50324.3125,50342.5820315,6.113646,88.877235,101.743656,249.844727,-0.18401250000000002,1.3789185000000002,32695.34375,8.127563,NA,NA,NA,NA,NA,NA,NA,NA,NA
Daily,2021-11-14,77.005234,25.002907,-89.783394,32.896645,NA,50301.863281,50310.929688,6.089188,88.81748999999999,101.924782,249.897491,-0.183729,1.504701,32677.642578,8.108544,NA,NA,NA,NA,NA,NA,NA,NA,NA
Daily,2021-11-15,77.005234,25.002907,-89.80763999999999,32.911453,NA,50267.265625,50322.421875,6.117002,89.649162,102.771839,248.9496995,-0.199114,1.450266,32679.1953125,8.109012,NA,NA,NA,NA,NA,NA,NA,NA,NA
Daily,2021-11-16,77.005234,25.002907,-89.7887535,32.912874,NA,50306.910156,50303.308594,6.12119,89.54363649999999,101.525101,248.9384,-0.174957,1.505233,32677.3945315,8.109111500000001,NA,NA,NA,NA,NA,NA,NA,NA,NA
Daily,2021-11-17,77.005234,25.002907,-89.8010295,32.9177935,NA,50275.7402345,50314.699219,6.087188,88.681961,101.1650235,246.9763105,-0.176748,1.4974115000000001,32692.644531,8.106668,NA,NA,NA,NA,NA,NA,NA,NA,NA
Daily,2021-11-18,77.005234,25.002907,-89.328979,32.922054,NA,50287.332031,50289.59375,6.062104,88.730408,101.441528,246.976227,-0.178748,1.427107,32675.044922,8.093264,NA,NA,NA,NA,NA,NA,NA,NA,NA
Daily,2021-11-19,77.005234,25.002907,NA,NA,NA,NA,NA,6.1028975,88.980766,101.813965,247.9542465,-0.1665325,1.4465255,NA,NA,0,NA,1,1.6,8.05,132,1.69,0,NA
Daily,2021-11-20,77.005234,25.002907,-89.878319,33.209095000000005,50637.40625,50302.628906,50292.6289065,6.121861,89.40473549999999,102.70295,255.0871505,-0.40091,0.6637415,32691.944336,8.0933055,NA,NA,NA,NA,NA,NA,NA,NA,NA
Daily,2021-11-21,77.005234,25.002907,-89.82124350000001,33.212414,50640.515625,50304.875,50303.21875,6.127268,89.39424149999999,102.105515,253.085159,-0.426152,0.550408,32681.244141,8.095602,NA,NA,NA,NA,NA,NA,NA,NA,NA
Daily,2021-11-22,77.005234,25.002907,-88.9009325,33.210817500000005,50638.1582035,50322.65625,50321.652344,6.124613,89.629845,102.420097,252.0859835,-0.3802315,0.7085785,32693.393555,8.091288500000001,NA,NA,NA,NA,NA,NA,NA,NA,NA
Daily,2021-11-23,77.005234,25.002907,-88.846626,33.21022,50639.8339845,50322.785156,50280.2109375,6.136472,89.846165,102.544079,252.096741,-0.384049,0.7202815,32677.493164,8.099562500000001,NA,NA,NA,NA,NA,NA,NA,NA,NA
Daily,2021-11-24,77.005234,25.002907,-88.31662,33.228413,50657.9062505,50315.1484375,50269.71875,6.100986,89.3081435,102.044483,249.160652,-0.34820399999999996,0.843756,32691.744141,8.089336500000002,NA,NA,NA,NA,NA,NA,NA,NA,NA
Daily,2021-11-25,77.005234,25.002907,-88.2898865,33.232117,50661.1464845,50263.9941405,50271.34375,6.1331375,89.547928,102.12984850000001,248.160179,-0.3550645,0.7167375,32810.285156,8.094687,NA,NA,NA,NA,NA,NA,NA,NA,NA
Daily,2021-11-26,77.005234,25.002907,-88.340874,33.243061,50672.609375,50298.46875,50316.226563,6.140257,89.82773599999999,102.420509,248.200912,-0.336525,0.722781,32885.289063,8.091876,0,0.1,0.8,1.2,8.03,129,1.78,0.006,NA
Daily,2021-11-27,77.005234,25.002907,-88.3863255,33.199387,50627.371094,50320.1347655,50312.734375,6.125066,89.91197199999999,102.80114,247.090622,-0.344156,0.878083,32686.644531,8.0984265,NA,NA,NA,NA,NA,NA,NA,NA,NA
Daily,2021-11-28,77.005234,25.002907,-88.832184,33.200035,50625.933594,50321.78125,50304.976563,6.142982,89.854156,102.8082885,248.067505,-0.318516,0.913514,32688.744141,8.090965,NA,NA,NA,NA,NA,NA,NA,NA,NA
Daily,2021-11-29,77.005234,25.002907,-88.80441300000001,33.182636,50613.515625,50272.128906,50329.023438,6.154661,89.914574,102.4716375,248.017502,-0.304751,0.917088,32696.244141,8.091559,NA,NA,NA,NA,NA,NA,NA,NA,NA
Daily,2021-11-30,77.005234,25.002907,-89.28452300000001,NA,50604.046875,50322.941406,50309.914063,6.129975,89.897003,102.997341,247.010513,-0.371222,0.987351,32706.5947265,8.096911500000001,NA,NA,NA,NA,NA,NA,NA,NA,NA
Daily,2021-12-01,77.005234,25.002907,-89.291725,32.921959,50359.691406,50306.1875,50314.828125,6.14136,89.75721,102.825737,246.971146,-0.380738,0.964954,32676.443359,8.090179,NA,NA,NA,NA,NA,NA,NA,NA,NA
Daily,2021-12-02,77.005234,25.002907,-88.81552149999999,32.914108,NA,50313.886719,50290.359375,6.137087,89.793369,102.758133,245.95320850000002,-0.334033,1.091132,32705.394531,8.09726,NA,NA,NA,NA,NA,NA,NA,NA,NA
Daily,2021-12-03,77.005234,25.002907,NA,NA,NA,NA,NA,6.178515,90.367332,102.994446,244.96611000000001,-0.359405,1.044435,NA,8.072303,0,0.13,1.1,1.4,8.07,128,1.86,0.015,NA
Daily,2021-12-04,77.005234,25.002907,-89.34412,33.395611,50828.1894535,50816.15625,50840.9140625,6.1108295,89.6062275,102.709198,253.405014,-2.234316,-12.535699,33145.7871095,8.0328605,NA,NA,NA,NA,NA,NA,NA,NA,NA
Daily,2021-12-05,77.005234,25.002907,-89.379066,33.4264065,NA,50859.25,50819.5976565,6.104919,89.715973,102.511566,249.49947350000002,-2.227567,-12.478167500000001,33149.085938,8.034202,NA,NA,NA,NA,NA,NA,NA,NA,NA
Daily,2021-12-06,77.005234,25.002907,-89.3827555,33.435062,51125.253906,50774.40625,50826.261719,6.092389,89.828949,102.522881,248.523804,-2.235681,-12.511492,33157.085938,8.034159500000001,NA,NA,NA,NA,NA,NA,NA,NA,NA
Daily,2021-12-07,77.005234,25.002907,-89.34321249999999,33.4249785,NA,50803.667969,50817.9277345,6.086987000000001,89.384941,102.262695,245.508057,-2.218945,-12.385172,33107.087891,8.038684,NA,NA,NA,NA,NA,NA,NA,NA,NA
Daily,2021-12-08,77.005234,25.002907,-88.849266,33.415585,NA,50844.0410155,50838.792969,6.095654,89.225159,102.08095549999999,244.45681000000002,-2.1815215,-12.383141,33103.089844,8.0300805,NA,NA,NA,NA,NA,NA,NA,NA,NA
Daily,2021-12-09,77.005234,25.002907,-88.8429715,33.41132,NA,50805.8964845,50827.5019535,6.0983455,89.793877,102.39425650000001,241.44149,-2.18936,-12.446649,33130.685547,8.0277045,NA,NA,NA,NA,NA,NA,NA,NA,NA
Daily,2021-12-10,77.005234,25.002907,-88.830811,NA,NA,NA,NA,6.069193,89.2370105,101.85199,243.9316785,-2.21841,-12.600207000000001,NA,8.025596,0,0.14,0.9,1.2,7.98,128,1.89,0,NA
Daily,2021-12-11,77.005234,25.002907,-88.468887,33.421734,NA,50821.421875,50832.914063,6.1077775,89.568611,102.4508555,245.48587,-2.172282,-12.632832,33137.292969,7.94838,NA,NA,NA,NA,NA,NA,NA,NA,NA
Daily,2021-12-12,77.005234,25.002907,-88.8314475,33.425705,51106.587891,50849.2695315,50821.166016,6.1206765,89.668518,102.70269400000001,241.4833605,-2.157434,-12.603724,33134.386719,7.9523589999999995,NA,NA,NA,NA,NA,NA,NA,NA,NA
Daily,2021-12-13,77.005234,25.002907,-88.82242550000001,33.425619,NA,50829.423828,50814.2187505,6.1156655,89.632133,102.7400745,243.487915,-2.1501125,-12.5725225,33142.5839845,7.95352,NA,NA,NA,NA,NA,NA,NA,NA,NA
Daily,2021-12-14,77.005234,25.002907,-88.729084,33.416648499999994,NA,50835.9609375,50838.001953,6.125311,89.758747,102.59371200000001,240.472374,-2.1333475,-12.4771655,33138.9902345,7.949999,NA,NA,NA,NA,NA,NA,NA,NA,NA
Daily,2021-12-15,77.005234,25.002907,-87.779514,33.4198095,NA,50789.441406,50828.6445315,6.054513,88.895248,101.362045,241.47103099999998,-2.110591,-12.416029,33105.185547,7.9251854999999995,NA,NA,NA,NA,NA,NA,NA,NA,NA
Daily,2021-12-16,77.005234,25.002907,-87.528576,33.4278545,51114.919922,50798.529297,50825.1621095,6.0823775,89.137314,102.414379,239.516129,-2.1112605,-12.416879000000002,33114.390625,7.924567,NA,NA,NA,NA,NA,NA,NA,NA,NA
Daily,2021-12-17,77.005234,25.002907,-86.032249,NA,NA,NA,NA,6.0716865,88.9289015,101.805294,236.9770435,-2.111619,-12.507242000000002,NA,7.927284,0,0.06,0.7,0.8,7.97,123,1.73,0.009,NA
Daily,2021-12-18,77.005234,25.002907,-88.408997,33.415176,NA,50825.746094,50821.484375,6.0986335,89.150604,102.44254649999999,236.468552,-2.125474,-12.571532000000001,33102.388672,7.951059,NA,NA,NA,NA,NA,NA,NA,NA,NA
Daily,2021-12-19,77.005234,25.002907,-88.453228,33.428282,51115.9531255,50850.236328,50797.017578,6.114891,89.628273,102.324203,236.507828,-2.1109625000000003,-12.5727785,33120.888672,7.9606460000000006,NA,NA,NA,NA,NA,NA,NA,NA,NA
Daily,2021-12-20,77.005234,25.002907,-88.884747,33.410517,NA,50814.21875,50828.2109375,6.147724,89.958794,102.810143,235.470856,-2.1106225,-12.5081755,33144.5878905,7.9679365,NA,NA,NA,NA,NA,NA,NA,NA,NA
Daily,2021-12-21,77.005234,25.002907,-88.8742485,33.409458,NA,50786.816406,50837.367188,6.127267,90.050705,103.242882,236.463188,-2.12337,-12.569200500000001,33099.886719,7.974156,NA,NA,NA,NA,NA,NA,NA,NA,NA
Daily,2021-12-22,77.005234,25.002907,-88.8086395,33.405489,50840.375,50803.5566405,50811.5039065,6.120744999999999,89.565586,102.8360325,237.4330295,-2.1242675,-12.756689,33082.888672,7.965489,NA,NA,NA,NA,NA,NA,NA,NA,NA
Daily,2021-12-23,77.005234,25.002907,-89.023285,33.3978885,50832.210938,50813.701172,50827.400391,6.1373475,89.967476,102.815804,240.9147415,-2.076304,-12.442326000000001,33106.685547,7.976723,NA,NA,NA,NA,NA,NA,NA,NA,NA
Daily,2021-12-24,77.005234,25.002907,NA,NA,NA,NA,NA,6.091406,89.306286,101.9662975,236.396881,-2.075375,-12.378664,NA,7.963856,0,0.11,0.8,0.8,8.02,128,1.89,0.005,NA
Daily,2021-12-25,77.005234,25.002907,-87.324421,33.402041999999994,50835.109375,50806.9277345,50818.9863285,6.0522335,88.800877,101.453175,236.406723,-2.0922245000000004,-12.443964000000001,33098.3867185,8.0867225,NA,NA,NA,NA,NA,NA,NA,NA,NA
Daily,2021-12-26,77.005234,25.002907,-86.852814,33.416176,NA,50803.167969,50792.820313,6.071687,89.006218,101.986332,235.468948,-2.092479,-12.508115,33147.082031,8.093809,NA,NA,NA,NA,NA,NA,NA,NA,NA
Daily,2021-12-27,77.005234,25.002907,-87.370636,33.4251425,NA,50799.425781,50848.6171875,6.0952,89.33688000000001,102.43943,235.497238,-2.07903,-12.478292,33107.292969,8.092806,NA,NA,NA,NA,NA,NA,NA,NA,NA
Daily,2021-12-28,77.005234,25.002907,-86.46825000000001,33.434277,51122.34375,50831.9921875,50793.9882815,6.020686,88.4869535,101.288063,235.53894,-2.064342,-12.4478,33110.6875005,8.0831895,NA,NA,NA,NA,NA,NA,NA,NA,NA
Daily,2021-12-29,77.005234,25.002907,-87.358055,33.4325695,51121.3632815,50810.8652345,50822.027344,6.037549500000001,88.5813675,101.49472399999999,234.5232235,-2.055883,-12.4489845,33109.986328,8.0990735,NA,NA,NA,NA,NA,NA,NA,NA,NA
Daily,2021-12-30,77.005234,25.002907,-86.9720535,33.441768499999995,NA,50801.363281,50817.3828125,6.065792500000001,89.134834,101.825245,233.549118,-2.073319,-12.512088,33133.7871095,8.091374,NA,NA,NA,NA,NA,NA,NA,NA,NA
Daily,2021-12-31,77.005234,25.002907,-86.8604355,33.4373245,51126.253906,50803.089844,50830.085938,6.0480920000000005,88.796238,101.268482,235.030922,-2.048495,-12.324999,33122.791016,8.097096,0,0.07,0.7,1.2,8.02,128,2.09,0.01,NA
Daily,2022-01-01,77.005234,25.002907,-86.83252,33.41925,NA,50834.988281,50817.761719,6.034053999999999,88.36937,101.076256,237.507736,-2.04958,-12.383414,33090.886719,8.1055285,NA,NA,NA,NA,NA,NA,NA,NA,NA
Daily,2022-01-02,77.005234,25.002907,-84.469154,NA,NA,NA,NA,6.1366525,89.804565,102.557388,235.507889,-2.111539,-12.511165,NA,8.075358999999999,NA,NA,NA,NA,NA,NA,NA,NA,NA
Daily,2022-01-03,77.005234,25.002907,-87.927055,33.462597,51148.494141,50805.654297,50814.169922,6.144086,89.896416,102.994461,241.098671,-2.340962,-12.733431,33092.5859375,8.0365675,NA,NA,NA,NA,NA,NA,NA,NA,NA
Daily,2022-01-04,77.005234,25.002907,-88.4415095,33.477146000000005,51165.544922,50852.1796875,50829.8945315,6.153665,90.424408,103.07864000000001,243.641891,-2.3410029999999997,-12.706391,33147.792969,8.0313995,NA,NA,NA,NA,NA,NA,NA,NA,NA
Daily,2022-01-05,77.005234,25.002907,-88.986084,33.483511,51172.234375,50825.597656,50798.548828,6.143695,89.98274599999999,102.968102,242.649658,-2.3336295,-12.7059395,33138.484375,8.0291805,NA,NA,NA,NA,NA,NA,NA,NA,NA
Daily,2022-01-06,77.005234,25.002907,-89.443329,33.482037,51170.984375,50794.203125,50822.898438,6.141806000000001,89.847214,102.564682,241.673767,-2.31801,-12.644136,33134.6875,8.034266,NA,NA,NA,NA,NA,NA,NA,NA,NA
Daily,2022-01-07,77.005234,25.002907,-89.852303,NA,NA,NA,NA,6.123868,89.815586,102.4548455,242.658096,-2.31571,-12.705203,NA,8.025345,0,0.24,0.7,1.5,8,128,1.91,0.009,NA
Daily,2022-01-08,77.005234,25.002907,-90.3246915,33.641502,51079.566406,51031.613281,51096.3789065,6.115526,89.986687,103.45475,258.3199005,0.51157,-1.79083,33117.185547,7.98599,NA,NA,NA,NA,NA,NA,NA,NA,NA
Daily,2022-01-09,77.005234,25.002907,-90.407982,33.662663,NA,51073.4179685,51058.953125,6.13129,89.965309,103.402901,256.407776,0.517416,-1.716992,33129.689453,7.99459,NA,NA,NA,NA,NA,NA,NA,NA,NA
Daily,2022-01-10,77.005234,25.002907,-90.421242,33.656464,NA,51092.4375,51094.689453,6.180918,90.7678645,104.0975345,255.190536,0.543078,-1.6504295,33137.085938,8.010843999999999,NA,NA,NA,NA,NA,NA,NA,NA,NA
Daily,2022-01-11,77.005234,25.002907,-90.880257,33.660797,NA,51071.421875,51060.7890625,6.1703305,90.38903,103.983932,254.197723,0.560704,-1.6152955,33128.484375,8.021514,NA,NA,NA,NA,NA,NA,NA,NA,NA
Daily,2022-01-12,77.005234,25.002907,-90.858185,33.648344,NA,51063.9121095,51044.851563,6.166142,90.73046099999999,104.073738,254.1663055,0.5916675,-1.509692,33134.585938,8.021594,NA,NA,NA,NA,NA,NA,NA,NA,NA
Daily,2022-01-13,77.005234,25.002907,-90.895424,33.646446,NA,51072.283203,51060.148438,6.1801175,90.538101,104.0070685,252.6642305,0.5681545,-1.415914,33120.289063,8.025195,NA,NA,NA,NA,NA,NA,NA,NA,NA
Daily,2022-01-14,77.005234,25.002907,NA,NA,NA,NA,NA,6.171546,90.450558,103.918816,254.152664,0.56222,-1.474365,NA,8.013458,2,0.13,0.7,NA,8.06,125,1.88,0.006,NA
Daily,2022-01-15,77.005234,25.002907,-90.8636055,33.656849,NA,51076.580078,51068.9843755,6.152092,90.140259,103.849709,244.19176449999998,0.683651,-1.552589,33164.292969,8.158621,NA,NA,NA,NA,NA,NA,NA,NA,NA
Daily,2022-01-16,77.005234,25.002907,-90.9281315,33.6679535,NA,51058.699219,51059.5507815,6.170477,90.2425725,103.903572,241.2290805,0.6897845,-1.396754,33108.1914065,8.1551485,NA,NA,NA,NA,NA,NA,NA,NA,NA
Daily,2022-01-17,77.005234,25.002907,-91.2922135,33.66724,NA,51067.5,51086.3359375,6.165031,90.4165725,104.144005,242.221794,0.70722,-1.404608,33119.085938,8.1543025,NA,NA,NA,NA,NA,NA,NA,NA,NA
Daily,2022-01-18,77.005234,25.002907,-90.8618395,33.658981,NA,51088.4160155,51055.777344,6.13483,89.944187,103.3349,244.208359,0.722577,-1.381045,33114.888672,8.160052499999999,NA,NA,NA,NA,NA,NA,NA,NA,NA
Daily,2022-01-19,77.005234,25.002907,-89.8891525,33.667764500000004,NA,51073.25,51084.375,6.120213,89.468613,102.950317,235.22995,0.773507,-1.1819674999999998,33105.492188,8.1499335,NA,NA,NA,NA,NA,NA,NA,NA,NA
Daily,2022-01-20,77.005234,25.002907,-89.421967,33.6644935,NA,51069.703125,51063.898438,6.135258,89.95491,103.4467395,240.210464,0.761943,-1.158414,33147.5878905,8.11377,NA,NA,NA,NA,NA,NA,NA,NA,NA
Daily,2022-01-21,77.005234,25.002907,-90.359211,33.668893499999996,NA,51096.964844,51075.6875,6.171258,90.48716,104.259392,239.2129365,0.746152,-1.170289,33094.28125,8.154227,0,0.24,0.8,1.1,8.08,142,NA,0.02,NA
Daily,2022-01-22,77.005234,25.002907,-90.8957825,33.668076,NA,51075.6621095,51086.996094,6.102801,89.396751,103.013981,240.2200085,0.554791,-2.059169,33121.1875005,8.032629,NA,NA,NA,NA,NA,NA,NA,NA,NA
Daily,2022-01-23,77.005234,25.002907,-89.86013,33.682541,51376.554688,51061.638672,51052.9570315,6.0798045,89.299294,102.600159,235.277771,0.549158,-1.990755,33126.082031,8.033653,NA,NA,NA,NA,NA,NA,NA,NA,NA
Daily,2022-01-24,77.005234,25.002907,-90.388359,33.6758595,51369.496094,51069.667969,51065.945313,6.145797,90.532761,103.8034665,235.248856,0.574802,-1.963358,33124.789063,8.025025,NA,NA,NA,NA,NA,NA,NA,NA,NA
Daily,2022-01-25,77.005234,25.002907,-90.89695,33.654888,NA,51071.644531,51086.335938,6.122749,89.955063,103.3125455,230.6697995,0.589847,-1.818399,33103.285156,8.0390725,NA,NA,NA,NA,NA,NA,NA,NA,NA
Daily,2022-01-26,77.005234,25.002907,-91.421101,33.678543000000005,51369.957031,51049.59375,51093.140625,6.131589,90.00112899999999,103.5823705,229.7449495,0.609605,-1.6663735,33106.986328,8.060432,NA,NA,NA,NA,NA,NA,NA,NA,NA
Daily,2022-01-27,77.005234,25.002907,-91.95449450000001,33.70269,51398.8183595,51050.859375,51062.046875,6.144486,89.9814875,103.823586,229.299545,0.6158625,-1.5381045,33132.4902345,8.086907499999999,NA,NA,NA,NA,NA,NA,NA,NA,NA
Daily,2022-01-28,77.005234,25.002907,NA,NA,NA,NA,NA,6.185873,90.400482,103.76532,228.359772,0.605797,-1.5304655,NA,8.063776,0,0.03,NA,NA,8.06,133.5,1.96,0.016,NA
Daily,2022-01-29,77.005234,25.002907,-93.3568915,33.699793,51395.4277345,51078.246094,51101.21875,6.155747,90.489166,103.80058650000001,233.335907,0.738982,-1.96765,33094.4882815,8.157258500000001,NA,NA,NA,NA,NA,NA,NA,NA,NA
Daily,2022-01-30,77.005234,25.002907,-93.571621,33.687749499999995,51383.6621095,51065.484375,51072.226563,6.149951,90.02507,103.440529,234.777435,0.754256,-1.701751,33120.089844,8.152456,NA,NA,NA,NA,NA,NA,NA,NA,NA
Daily,2022-01-31,77.005234,25.002907,-93.842666500000007,33.682983,51378.9589845,51078.847656,51093.945313,6.170751,90.525680499999993,104.183441,235.28331,0.7754414999999999,-1.685982,33127.4863285,8.148458999999999,NA,NA,NA,NA,NA,NA,NA,NA,NA
Daily,2022-02-01,77.005234,25.002907,-93.846138,33.680206,NA,51079.792969,51081.714844,6.1764375,90.388504,103.87722,234.244781,0.769396,-1.529802,33116.085938,8.155915,NA,NA,NA,NA,NA,NA,NA,NA,NA
Daily,2022-02-02,77.005234,25.002907,-92.8988645,33.675793,NA,51080.222656,51072.152344,6.08481,89.21029300000001,102.505463,231.248444,0.781238,-1.4437825,33148.1875,8.152867,NA,NA,NA,NA,NA,NA,NA,NA,NA
Daily,2022-02-03,77.005234,25.002907,-92.9333495,33.676937,51370.810547,51062.1875,51057.796875,6.104361,89.4525415,102.8202555,232.266724,0.7835535,-1.424268,33130.1875,8.161449000000001,NA,NA,NA,NA,NA,NA,NA,NA,NA
Daily,2022-02-04,77.005234,25.002907,NA,NA,NA,NA,NA,6.1723845,90.41655,103.901703,230.7159195,0.722706,0.427291,NA,NA,0,0.09,0.8,1.3,8.07,131,1.82,0.013,NA
Daily,2022-02-05,77.005234,25.002907,-94.3000605,33.280758,50708.753906,50834.2578125,50826.125,6.055522,88.538132,100.3244055,233.053696,-0.343819,0.14919549999999998,32857.5859375,8.159668,NA,NA,NA,NA,NA,NA,NA,NA,NA
Daily,2022-02-06,77.005234,25.002907,-94.363129,33.271816,50701.113281,50809.828125,50791.1875,6.072066,89.087181,100.710876,234.016281,-0.350352,0.188239,32897.289063,8.158599,NA,NA,NA,NA,NA,NA,NA,NA,NA
Daily,2022-02-07,77.005234,25.002907,-94.824253,33.290577,50719.263672,50834.7910155,50777.75,6.1175315,89.265533,101.266945,234.07261649999998,-0.354513,0.1609425,32831.886719,8.1575565,NA,NA,NA,NA,NA,NA,NA,NA,NA
Daily,2022-02-08,77.005234,25.002907,-94.848225,33.293673,50722.263672,50814.3203125,50831,6.1023685,89.3410605,100.9780045,232.10254650000002,-0.356679,0.039506,32873.587891,8.15645,NA,NA,NA,NA,NA,NA,NA,NA,NA
Daily,2022-02-09,77.230232,25.127907,-94.53749049999999,33.279942,50704.96875,50811.861328,50833.59375,6.074302,88.94606,100.65036,232.049667,-0.349104,5.75e-4,32846.4863285,8.154649,NA,NA,NA,NA,NA,NA,NA,NA,NA
Daily,2022-02-10,77.230232,25.127907,-94.5562975,33.276669,50702.460938,50788.6347655,50820.578125,6.0751915,88.79853800000001,100.633492,231.0541155,-0.342911,-0.029146,32828.2871095,8.156711,NA,NA,NA,NA,NA,NA,NA,NA,NA
Daily,2022-02-11,77.005234,25.002907,-94.9904785,33.1369975,NA,50719.7246095,50794.5,6.1040255000000005,88.929962,101.0295065,232.99174499999998,-0.33093,0.1359605,32837.484375,8.162091499999999,0,0.07,0.6,1.2,8.1,134,NA,0.016,NA
Daily,2022-02-12,77.005234,25.002907,-95.4725685,33.2684955,50696.214844,50828.1972655,50817.5625,6.14022,89.7910195,101.558777,247.016922,-0.3760835,-0.177483,32886.7871095,8.216718,NA,NA,NA,NA,NA,NA,NA,NA,NA
Daily,2022-02-13,77.005234,25.002907,-95.496468,33.278194,50704.367188,50809.888672,50807.96875,6.1221945,89.8655435,102.074989,243.061226,-0.37017849999999997,-0.061469,32872.890625,8.2305125,NA,NA,NA,NA,NA,NA,NA,NA,NA
Daily,2022-02-14,77.005234,25.002907,-95.669533,33.274679500000005,50700.328125,50759.8691405,50804.8125,6.1214115,90.1142615,101.873177,241.038925,-0.360518,0.008715,32873.185547,8.231551499999998,NA,NA,NA,NA,NA,NA,NA,NA,NA
Daily,2022-02-15,77.230232,25.127907,-95.6024475,33.278423,50706.832031,50816.7070315,50807.0625,6.086968,89.389748,100.9525295,240.045929,-0.3468415,0.123417,32857.5859375,8.229890000000001,NA,NA,NA,NA,NA,NA,NA,NA,NA
Daily,2022-02-16,77.005234,25.002907,-93.883148,NA,NA,50732.2910155,NA,6.0564505,88.6973115,100.303482,237.994415,-0.31938500000000003,0.4174485,NA,8.247029,NA,NA,NA,NA,NA,NA,NA,NA,NA
Daily,2022-02-17,77.230232,25.127907,-95.011131,NA,NA,50627.191406,50804.671875,5.9952095,87.823883,99.348106,226.995193,-0.3916215,-0.080921,32861.185547,8.149226,NA,NA,NA,NA,NA,NA,NA,NA,NA
Daily,2022-02-18,77.230232,25.127907,-95.004967,NA,NA,50595.3828125,50865.25,6.060841,89.148033,100.837463,228.995773,-0.388006,-0.058037,32866.484375,8.161166,0,0.12,NA,NA,8.11,132,NA,0.005,NA
Daily,2022-02-19,77.230232,25.127907,-95.490456,NA,NA,50537.080078,50767.6875,6.074649,88.903595,100.563305,238.500168,-0.382173,-0.15255849999999999,32853.285156,8.156729,NA,NA,NA,NA,NA,NA,NA,NA,NA
Daily,2022-02-20,77.005234,25.002907,-95.5559575,NA,50934.9394535,50592.519531,50817.59375,6.072986,89.017937,100.71595,231.97316,-0.371961,-0.12992,32840.886719,8.150427,NA,NA,NA,NA,NA,NA,NA,NA,NA
Daily,2022-02-21,77.005234,25.002907,-95.939278,NA,50932.03125,50528.222656,50689.8125,6.0501605000000005,88.9692,100.475639,229.973007,-0.374317,-0.145214,32844.28125,8.156691,NA,NA,NA,NA,NA,NA,NA,NA,NA
Daily,2022-02-22,77.230232,25.127907,-95.958744,NA,50928.261719,50540.652344,50593.96875,6.070131,88.742722,100.501877,227.9485325,-0.36620549999999996,-0.3636475,32848.890625,8.1590265,NA,NA,NA,NA,NA,NA,NA,NA,NA
Daily,2022-02-23,77.005234,25.002907,-92.796448,NA,NA,NA,NA,6.072511,88.580956,100.282364,225.937874,-0.362096,-0.518263,NA,8.1438585,NA,NA,NA,NA,NA,NA,NA,NA,NA
Daily,2022-02-24,77.005234,25.002907,-95.932381,NA,50933.863281,50577.1191405,50743.152344,6.0210545,88.1566125,99.690529,222.9498065,-0.37959350000000003,-0.573067,32866.6875,8.157262,NA,NA,NA,NA,NA,NA,NA,NA,NA
Daily,2022-02-25,77.230232,25.127907,-96.044518,NA,NA,50761.644531,50808.648438,6.1060645000000005,89.389183,101.147095,223.009521,-0.38219400000000003,-0.674778,32850.691406,8.160328,0,0.08,0.9,0.7,8.15,130,1.16,0.014,NA
Daily,2022-02-26,77.230232,25.127907,-96.43522250000001,NA,NA,50812.7890625,50825.3359375,6.0977465,89.22422,101.1377375,222.519638,-0.377986,-0.659144,32894.785156,8.177204,NA,NA,NA,NA,NA,NA,NA,NA,NA
Daily,2022-02-27,77.230232,25.127907,-96.661751,NA,NA,50588.8183595,50806.6171875,6.1257655,89.7513085,101.6218035,220.98244449999999,-0.356933,-0.56149,32835.882813,8.178218,NA,NA,NA,NA,NA,NA,NA,NA,NA
Daily,2022-02-28,77.005234,25.002907,-96.93631,NA,NA,50614.230469,50803.492188,6.105253,89.76236,101.32357,222.986984,-0.348602,-0.477995,32877.1875005,8.185457,NA,NA,NA,NA,NA,NA,NA,NA,NA
Daily,2022-03-01,77.117733,25.127907,-96.448326,NA,NA,50582.734375,50814.40625,6.089705,89.23336,101.082943,222.989311,-0.350722,-0.506745,32887.292969,8.158511,NA,NA,NA,NA,NA,NA,NA,NA,NA
Daily,2022-03-02,77.005234,25.002907,-91.179718,NA,NA,NA,NA,6.13997,89.475113,101.305626,220.009308,-0.353763,-0.557471,NA,8.1652305,NA,NA,NA,NA,NA,NA,NA,NA,NA
Daily,2022-03-03,77.005234,25.002907,-96.22331650000001,33.1841925,50864.140625,50574.5683595,50554.902344,6.173883,90.3783875,103.263092,NA,-0.652929,-3.0550085,32898.882813,8.0321225,NA,NA,NA,NA,NA,NA,NA,NA,NA
Daily,2022-03-04,77.005234,25.002907,-95.9008635,33.191987499999996,50870.181641,50560.0078125,50584.078125,6.1599955,90.29892,103.115921,257.588806,-0.637395,-2.9851285,32895.9863285,8.026525,0,0.06,0.8,0.8,8.02,125,1.42,0.017,NA
Daily,2022-03-05,77.230232,25.127907,-95.60730749999999,33.2173615,50894.859375,50568.310547,50559.109375,6.179486,90.137398,103.269287,NA,-0.5872725,-2.9705215000000003,32863.9882815,8.031271,NA,NA,NA,NA,NA,NA,NA,NA,NA
Daily,2022-03-06,77.230232,25.127907,-96.0275115,33.2189865,50897.691406,50535.390625,50549.59375,6.154368,90.3860395,103.235542,257.7172245,-0.517228,-2.6894405,32855.2871095,8.035181000000001,NA,NA,NA,NA,NA,NA,NA,NA,NA
Daily,2022-03-07,77.230232,25.127907,-96.170288,33.213974,50892.1152345,50580.261719,50546.648438,6.174129,90.390945,103.709831,259.75881949999996,-0.501401,-2.540605,32870.289063,8.035494,NA,NA,NA,NA,NA,NA,NA,NA,NA
Daily,2022-03-08,77.230232,25.127907,-96.54209900000001,33.2124135,50890.804688,50553.7695315,50547.277344,6.1507005,90.2206955,102.834747,259.6930845,-0.32810249999999996,-2.540549,32874.888672,8.031225500000001,NA,NA,NA,NA,NA,NA,NA,NA,NA
Daily,2022-03-09,77.230232,25.127907,NA,NA,NA,NA,NA,6.096315,89.163849,101.961071,259.67482,-0.301373,-2.134514,NA,8.027495,NA,NA,NA,NA,NA,NA,NA,NA,NA
Daily,2022-03-10,77.230232,25.127907,-97.067436,33.229202,50907.707031,50544.7265625,50565.292969,6.115685,89.61489499999999,102.177429,239.898163,-0.6150665,-2.681815,32892.285156,8.091434,NA,NA,NA,NA,NA,NA,NA,NA,NA
Daily,2022-03-11,77.230232,25.127907,-97.499298,33.223133,50902.8945315,50548.060547,50578.320313,6.126539,90.1585735,102.6255305,238.875015,-0.607558,-2.6036265,32860.484375,8.096371,0,0.07,0.7,0.4,8.17,132,1.22,0.005,NA
Daily,2022-03-12,77.230232,25.127907,-97.54063400000001,33.218811,50898.314453,50564.574219,50542.060547,6.196297,90.327301,103.35888299999999,237.87042250000002,-0.595027,-2.486274,32853.390625,8.093026,NA,NA,NA,NA,NA,NA,NA,NA,NA
Daily,2022-03-13,77.230232,25.127907,-97.673904,33.219429000000005,50897.8144535,50541.941406,50555.117188,6.149822,90.021164,103.2690655,237.862442,-0.587442,-2.478479,32877.1875,8.091417,NA,NA,NA,NA,NA,NA,NA,NA,NA
Daily,2022-03-14,77.230232,25.127907,-97.9521215,33.214525,50895.714844,50525.421875,50546.8789065,6.169666,90.353951,103.221573,237.8703075,-0.579285,-2.5328935,32868.0859375,8.103204,NA,NA,NA,NA,NA,NA,NA,NA,NA
Daily,2022-03-15,77.005234,25.002907,-97.956646,33.20816,50888.894531,50565.75,50544.0390625,6.233129,90.985626,104.2016945,237.846672,-0.57118,-2.517119,32888.7851565,8.1022845,NA,NA,NA,NA,NA,NA,NA,NA,NA
Daily,2022-03-16,77.005234,25.002907,-95.751961,NA,NA,NA,NA,6.189148,90.5729485,103.8898695,237.844864,-0.559536,-2.431341,NA,8.105642,NA,NA,NA,NA,NA,NA,NA,NA,NA
Daily,2022-03-17,77.005234,25.002907,-98.32467299999999,33.209322,50890.683594,50568.609375,50565.353516,6.169163,90.4368935,103.014099,238.82518,-0.590766,-2.5248155,32888.7851565,8.166928500000001,NA,NA,NA,NA,NA,NA,NA,NA,NA
Daily,2022-03-18,77.230232,25.127907,-98.357422,33.2165125,50897.167969,50581.3945315,50576.28125,6.1647704999999995,90.4833985,103.43955249999999,236.8590165,-0.573537,-2.290952,32880.882813,8.177876,0,0.07,0.9,0.9,8.23,138,1.55,0.011,NA
Daily,2022-03-19,77.005234,25.002907,-98.329811,33.213685999999996,NA,50582.402344,50527.085938,6.213742,90.87414949999999,103.848232,237.836655,-0.557256,-2.071983,32898.882813,8.181446,NA,NA,NA,NA,NA,NA,NA,NA,NA
Daily,2022-03-20,77.005234,25.002907,-98.582695,33.21204,NA,50579.753906,50541.851563,6.164748,90.20428050000001,103.19828,236.848053,-0.543235,-1.957698,32873.289063,8.178602,NA,NA,NA,NA,NA,NA,NA,NA,NA
Daily,2022-03-21,77.005234,25.002907,-97.684471,33.2199385,50906.457031,50561.859375,50569.509766,6.115035,89.3837585,102.165161,234.8812945,-0.520243,-1.840809,32883.7871095,8.1513,NA,NA,NA,NA,NA,NA,NA,NA,NA
Daily,2022-03-22,77.005234,25.002907,-97.710289,33.2196735,50904.492188,50545.576172,50567.0625,6.1659945,90.178146,102.960049,234.86956750000002,-0.53018,-1.926646,32866.085938,8.1544285,NA,NA,NA,NA,NA,NA,NA,NA,NA
Daily,2022-03-23,77.005234,25.002907,NA,NA,50894.316406,50573.390625,NA,6.180232,90.312454,103.309059,232.88031,-0.540322,-2.197309,NA,8.148909,NA,NA,NA,NA,NA,NA,NA,NA,NA
Daily,2022-03-24,77.005234,25.002907,-98.219452,33.216396,50903.2363285,50551.5390625,50561.7695315,6.2137205,91.100189,103.9252245,236.8546905,-0.582365,-2.6267495,32901.9863285,8.171163499999999,NA,NA,NA,NA,NA,NA,NA,NA,NA
Daily,2022-03-25,77.005234,25.002907,-98.36192349999999,33.208504,NA,50558.566406,50570.910156,6.195836,90.74762,103.796165,235.854904,-0.566295,-2.58725,32858.082031,8.190734,0,0.14,0.8,1.2,8.18,124,1.65,0,NA
Daily,2022-03-26,77.005234,25.002907,-98.581055,33.208042,NA,50554.109375,50559.546875,6.205683,90.69208900000001,103.74790200000001,235.849731,-0.554469,-2.524886,32853.089844,8.192394,NA,NA,NA,NA,NA,NA,NA,NA,NA
Daily,2022-03-27,77.005234,25.002907,-98.2664945,33.2080995,NA,50572.925781,50574.5859375,6.177193,90.29087849999999,103.310455,234.84751899999998,-0.54272,-2.548187,32862.882813,8.174221,NA,NA,NA,NA,NA,NA,NA,NA,NA
Daily,2022-03-28,77.005234,25.002907,-98.086544,33.204613,50638.769531,50588.6953125,50550.791016,6.2016905,90.583542,103.67320649999999,236.835159,-0.523187,-2.555893,32835.0839845,8.1634485,NA,NA,NA,NA,NA,NA,NA,NA,NA
Daily,2022-03-29,77.005234,25.002907,-96.208977,33.2163735,NA,50574.9003905,50562.416016,6.088752,89.189346,101.89653,232.855637,-0.519684,-2.6112770000000003,32840.484375,8.147101500000002,NA,NA,NA,NA,NA,NA,NA,NA,NA
Daily,2022-03-30,77.005234,25.002907,NA,NA,NA,NA,NA,6.1047325,89.193291,102.108406,234.373062,-0.5273525,-2.720584,NA,8.1336785,NA,NA,NA,NA,NA,NA,NA,NA,NA
Daily,2022-03-31,77.005234,25.002907,-96.162029,33.206623,NA,50541.746094,50543.601563,6.1954425,90.566536,103.421036,236.821472,-0.519235,-2.57175,32857.6875,8.150518,NA,NA,NA,NA,NA,NA,NA,NA,NA
Daily,2022-04-01,77.005234,25.002907,-96.7576905,33.198353,NA,50572.2695315,50531.867188,6.174392,90.568558,103.447845,234.82885,-0.5084335,-2.570879,32845.292969,8.158760000000001,0,0.09,0.9,0.9,8.1,122,1.59,0,NA
Daily,2022-04-02,77.005234,25.002907,-97.56641400000001,33.1783485,NA,50583.109375,50536.5214845,6.203464,90.496914,103.475624,234.756393,-0.4931215,-2.67209,32845.085938,8.1838045,NA,NA,NA,NA,NA,NA,NA,NA,NA
Daily,2022-04-03,77.005234,25.002907,-97.839294,33.178391,NA,50552.75,50547.394531,6.1970645,90.530899,103.4779355,235.7543335,-0.483897,-2.664069,32866.890625,8.210126,NA,NA,NA,NA,NA,NA,NA,NA,NA
Daily,2022-04-04,77.005234,25.002907,-98.106926,33.1831915,NA,50553.0527345,50569.9257815,6.161975,90.330452,102.88465500000001,232.77005,-0.46525,-2.586346,32869.6875,8.218733,NA,NA,NA,NA,NA,NA,NA,NA,NA
Daily,2022-04-05,77.005234,25.002907,-98.587929,33.173815000000005,NA,50545.730469,50562.9375,6.198267,90.65947,103.469879,234.742706,-0.4969935,-2.554787,32886.285156,8.216645,NA,NA,NA,NA,NA,NA,NA,NA,NA
Daily,2022-04-06,77.005234,25.002907,NA,NA,NA,NA,NA,6.206324,90.423965,103.5270045,234.739769,-0.5028805000000001,NA,NA,8.071804,NA,NA,NA,NA,NA,NA,NA,NA,NA
Daily,2022-04-07,77.005234,25.002907,-99.3799175,32.942522,NA,50019.873047,50041.625,6.177088,90.370651,102.935951,248.7901,-0.324445,-0.0193655,32561.943359,8.0771665,NA,NA,NA,NA,NA,NA,NA,NA,NA
Daily,2022-04-08,77.005234,25.002907,-99.569977,32.946686,NA,50031.890625,50047.78125,6.186769,90.152267,103.2145235,245.300858,-0.308276,0.066169,32557.341797,8.088195,0,0.1,1,1.1,8.18,128,1.62,0,NA
Daily,2022-04-09,77.005234,25.002907,-99.829548,32.9468215,NA,50055.7558595,50086.09375,6.147133999999999,89.861759,102.488609,242.314079,-0.30446,0.0698325,32563.59375,8.0987285,NA,NA,NA,NA,NA,NA,NA,NA,NA
Daily,2022-04-10,77.005234,25.002907,-100.019554,32.948128,NA,50016.9375,50089,6.109837,89.785652,102.244286,242.306,-0.296646,0.053841,32565.09375,8.088113,NA,NA,NA,NA,NA,NA,NA,NA,NA
Daily,2022-04-11,77.005234,25.002907,-100.054146,32.949574,NA,50023.7265625,50051.765625,6.1359390000000005,89.424301,102.10022,242.316147,-0.2956305,0.124764,32573.242188,8.0986495,NA,NA,NA,NA,NA,NA,NA,NA,NA
Daily,2022-04-12,77.005234,25.002907,-100.310364,32.949684,NA,50054.980469,50079.3125,6.134922,89.438629,102.19320300000001,241.313568,-0.2878275,0.195829,32589.544922,8.09816,NA,NA,NA,NA,NA,NA,NA,NA,NA
Daily,2022-04-13,77.005234,25.002907,-100.170746,NA,NA,NA,NA,6.105577,89.1901585,101.745056,240.33304600000002,-0.27526300000000004,0.26186299999999996,NA,8.103237,NA,NA,NA,NA,NA,NA,NA,NA,NA
Daily,2022-04-14,77.005234,25.002907,-100.680145,32.950172,NA,50048.263672,50061.6914065,6.1361785,89.573921,102.264977,237.305817,-0.4032575,-0.496699,32556.496093499998,8.259917,NA,NA,NA,NA,NA,NA,NA,NA,NA
Daily,2022-04-15,77.005234,25.002907,-100.836952,32.940849,NA,50043.9316405,50031.0859375,6.128781,89.057106,102.262993,232.2902605,-0.3887525,-0.4159925,32546.2441405,8.2705465,0,0.13,0.9,1.4,8.24,121,1.57,0.002,NA
Daily,2022-04-16,77.005234,25.002907,-100.9621735,32.933687500000005,NA,50033.9375,50083.917969,6.141389500000001,89.482666,102.234192,232.26799799999998,-0.375341,-0.3778465,32558.34375,8.270437,NA,NA,NA,NA,NA,NA,NA,NA,NA
Daily,2022-04-17,77.005234,25.002907,-100.852234,32.9316005,NA,50051.984375,50045.1875,6.149024,89.474236,102.469101,231.254578,-0.363595,-0.325103,32554.144531,8.271951,NA,NA,NA,NA,NA,NA,NA,NA,NA
Daily,2022-04-18,77.005234,25.002907,-101.043091,32.926468,NA,50061.550781,50049.078125,6.186445,90.267776,103.145721,234.240372,-0.355512,-0.2045205,32543.541016,8.270893,NA,NA,NA,NA,NA,NA,NA,NA,NA
Daily,2022-04-19,77.005234,25.002907,-100.710121,32.944374,NA,50077.21875,50014.875,6.134098,89.655914,102.29542950000001,233.275116,-0.336094,-0.107177,32566.544922,8.266568,NA,NA,NA,NA,NA,NA,NA,NA,NA
Daily,2022-04-20,77.005234,25.002907,-98.135567,NA,NA,NA,NA,6.129068,89.48046099999999,101.899048,230.327164,-0.34025300000000003,0.001339,NA,8.225856,NA,NA,NA,NA,NA,NA,NA,NA,NA
Daily,2022-04-21,77.005234,25.002907,-100.574486,32.9108925,NA,50025.625,50039,6.143952,89.87446249999999,102.336136,237.207062,-0.352922,0.010055999999999999,32574.9433595,8.214333,NA,NA,NA,NA,NA,NA,NA,NA,NA
Daily,2022-04-22,77.005234,25.002907,-101.034668,32.904837,NA,50030.671875,50045,6.160019,89.780495,102.569244,236.674797,-0.343115,0.163392,32559.142578,8.215428500000002,0,0.22,1.2,1,8.25,121,1.52,0.002,NA
Daily,2022-04-23,77.005234,25.002907,-101.139488,32.9081385,NA,50036.828125,50010.640625,6.097815499999999,89.60157,102.28692649999999,234.1896435,-0.32991000000000004,0.23974250000000003,32556.645508,8.215581,NA,NA,NA,NA,NA,NA,NA,NA,NA
Daily,2022-04-24,77.005234,25.002907,-101.113865,32.907536,50086.6777345,50088.28125,50048.3125,6.12678,89.4038775,102.074944,233.20185850000001,-0.327601,0.1058635,32544.294922,8.2162825,NA,NA,NA,NA,NA,NA,NA,NA,NA
Daily,2022-04-25,77.005234,25.002907,-101.10870349999999,32.8989545,50073.0625,50025.761719,50067.09375,6.1434275,89.594345,102.38261,232.164566,-0.317687,-0.079234,32570.746094,8.2189585,NA,NA,NA,NA,NA,NA,NA,NA,NA
Daily,2022-04-26,77.005234,25.002907,-101.282867,NA,NA,NA,NA,6.120886,88.979553,101.736496,233.14295950000002,-0.292314,-0.08826049999999999,NA,8.214227,NA,NA,NA,NA,NA,NA,NA,NA,NA
Daily,2022-04-27,77.005234,25.002907,-98.480072,NA,NA,NA,NA,6.167929,90.041595,102.6057395,232.149536,-0.28683400000000003,-0.0332615,NA,8.193134,NA,NA,NA,NA,NA,NA,NA,NA,NA
Daily,2022-04-28,77.005234,25.002907,-101.2669485,32.882187,50051.339844,50032.109375,50045.71875,6.1284305,89.759087,102.040588,234.109741,-0.361254,-0.461315,32548.143555000002,8.1624285,NA,NA,NA,NA,NA,NA,NA,NA,NA
Daily,2022-04-29,77.005234,25.002907,-101.5486525,32.880535,50049.960938,50051.5410155,50038.023438,6.138856499999999,89.791687,102.538376,232.1031645,-0.349121,-0.35874,32556.993164,8.15699,0,0.14,1.1,0.8,8.23,125,1.7,0.002,NA
Daily,2022-04-30,77.005234,25.002907,-101.56896950000001,32.876705,50046.445313,50052.144531,50064.859375,6.160351,89.699265,102.554138,231.084793,-0.3375375,-0.24920900000000001,32568.84375,8.153822,NA,NA,NA,NA,NA,NA,NA,NA,NA
Daily,2022-05-01,77.005234,25.002907,-101.5518725,32.878408500000006,50047.390625,50070.066406,50037.8203125,6.137675,89.69939450000001,102.317207,232.090179,-0.317006,-0.183741,32566.2421875,8.148324,NA,NA,NA,NA,NA,NA,NA,NA,NA
Daily,2022-05-02,77.005234,25.002907,-101.6800385,32.874117,50044.332031,49998.2285155,50041,6.15456,89.9951325,102.247673,233.07952849999998,-0.3099055,-0.031779,32555.9433595,8.154382,NA,NA,NA,NA,NA,NA,NA,NA,NA
Daily,2022-05-03,77.005234,25.002907,-101.77504,32.8653795,50034.445313,50056.8554685,50021.6875,6.1300215,89.878014,102.607697,231.058578,-0.292344,0.07817,32561.746093499998,8.1676295,NA,NA,NA,NA,NA,NA,NA,NA,NA
Daily,2022-05-04,77.005234,25.002907,-101.79267899999999,32.86655,50036.042969,50047.0390625,50056.75,6.109645,89.59724399999999,101.918953,231.070847,-0.295169,0.107962,32569.341797,8.1602945,NA,NA,NA,NA,NA,NA,NA,NA,NA
Daily,2022-05-05,77.005234,25.002907,-102.056358,33.127773,50558.207031,50550.296875,50535.527344,6.12619,89.68779,103.219044,238.571716,-0.3467785,1.0225235000000001,32848.791016,8.171301,NA,NA,NA,NA,NA,NA,NA,NA,NA
Daily,2022-05-06,77.005234,25.002907,-102.18746949999999,33.112944,50543.4746095,50577.980469,50563.185547,6.1062255,89.57189550000001,102.739578,233.5631485,-0.31731,1.205804,32850.1875,8.191745,0,0.19,1.1,1.3,8.24,120,1.68,0.006,NA
Daily,2022-05-07,NA,NA,-102.33017000000001,33.1049615,50535.5703125,50538.501953,50565.1875,6.123864,89.9458735,102.836891,233.590347,-0.299879,1.463454,32870.082031,8.191850500000001,NA,NA,NA,NA,NA,NA,NA,NA,NA
Daily,2022-05-08,77.218964,25.121647,-102.375141,33.091045,50521.15625,50554.246094,50534.703125,6.073273,88.821392,101.76747900000001,232.49452200000002,-0.288093,1.611637,32855.886719,8.200394,NA,NA,NA,NA,NA,NA,NA,NA,NA
Daily,2022-05-09,77.218964,25.121647,-102.489799,33.08429,50511.738281,50545.0546875,50548.265625,6.10964,89.29332,102.82782399999999,233.4716415,-0.27105999999999997,1.8458809999999999,32885.089844,8.201299,NA,NA,NA,NA,NA,NA,NA,NA,NA
Daily,2022-05-10,77.218964,25.121647,-102.541893,33.0822295,50509.546875,50535.3691405,50560.105469,6.140534,89.715508,103.388966,233.464722,-0.260289,1.877108,32858.289063,8.212973,NA,NA,NA,NA,NA,NA,NA,NA,NA
Daily,2022-05-11,77.218964,25.121647,-102.5889435,33.088716500000004,50516.417969,50529.902344,50552.21875,6.1481085,89.870041,103.417572,233.46314999999998,-0.24524600000000002,1.924092,32837.886719,8.203925,NA,NA,NA,NA,NA,NA,NA,NA,NA
Daily,2022-05-12,77.218964,25.121647,-102.655434,33.076054,50501.316406,50537.0078125,50553.28125,6.106092,88.5870135,101.80217400000001,234.4123385,-0.303666,1.634789,32875.085938,8.214497,NA,NA,NA,NA,NA,NA,NA,NA,NA
Daily,2022-05-13,77.218964,25.121647,-102.6796,33.0681365,50495.654297,50605.953125,50521.257813,6.15723,90.23175,103.557083,231.41217799999998,-0.295733,1.4548670000000001,32888.289063,8.2166155,0,0.16,0.9,1.4,8.17,122,1.73,0.008,NA
Daily,2022-05-14,77.218964,25.121647,-102.644257,33.057417,50486.7714845,50567.46875,50560.716797,6.1228169999999995,89.76891699999999,103.2469255,227.8893435,-0.280685,1.325824,32858.082031,8.216224,NA,NA,NA,NA,NA,NA,NA,NA,NA
Daily,2022-05-15,77.218964,25.121647,-102.6186715,33.045963,50474.84375,50562.816406,50583.296875,6.1757445,90.017525,103.591194,227.346092,-0.272376,1.25918,32871.384766,8.2198205,NA,NA,NA,NA,NA,NA,NA,NA,NA
Daily,2022-05-16,77.207703,25.115391,-102.587837,33.043137,50471.3339845,50573.6796875,50548.6757815,6.153709,90.207298,103.324669,227.347168,-0.257066,1.548122,32866.6875,8.213233,NA,NA,NA,NA,NA,NA,NA,NA,NA
Daily,2022-05-17,77.207703,25.115391,-102.613853,33.038918,50467.304688,50532.953125,50564.289063,6.122029,89.289261,102.846893,227.333641,-0.261272,1.4347505,32870.289063,8.217034,NA,NA,NA,NA,NA,NA,NA,NA,NA
Daily,2022-05-18,77.207703,25.115391,NA,NA,NA,NA,NA,6.166171,90.05101,103.605515,226.823814,-0.249436,1.5987875,NA,8.204642,NA,NA,NA,NA,NA,NA,NA,NA,NA
Daily,2022-05-19,77.207703,25.115391,-103.000801,33.035759,50461.542969,50565.5625,50552.367188,6.249406,91.03907,105.468369,231.326935,-0.262722,1.649555,32843.0820315,8.2283935,NA,NA,NA,NA,NA,NA,NA,NA,NA
Daily,2022-05-20,77.207703,25.115391,-103.011482,33.042572,50471.355469,50578.2910155,50583.476563,6.042654,88.2886775,101.511024,227.349152,-0.268908,1.6575255,32876.683594,8.225788000000001,0,0.22,1.4,1.4,8.1,123,1.81,0,NA
Daily,2022-05-21,77.218964,25.121647,-103.115913,33.060478,50485.625,50530.824219,50552.28125,6.075889999999999,89.026917,102.600677,228.399086,-0.226226,2.081366,32847.882813,8.226994000000001,NA,NA,NA,NA,NA,NA,NA,NA,NA
Daily,2022-05-22,77.218964,25.121647,-103.095856,33.061214,50489.089844,50574.59375,50550.3027345,6.138008,89.82003,103.352081,230.404099,-0.20839200000000002,2.1829799999999997,32881.484375,8.2158315,NA,NA,NA,NA,NA,NA,NA,NA,NA
Daily,2022-05-23,77.218964,25.121647,-102.636097,33.059776,50488.8789065,50587.308594,50565.300781,6.09485,89.318199,102.65969100000001,229.893471,-0.193938,2.331415,32860.6875,8.215447000000001,NA,NA,NA,NA,NA,NA,NA,NA,NA
Daily,2022-05-24,77.218964,25.121647,-103.0370905,33.058828,50489.234375,50586.0585935,50570.71875,6.078169,88.72769550000001,102.121277,229.39714049999998,-0.20738499999999999,2.0812125000000004,32848.0878905,8.222976,NA,NA,NA,NA,NA,NA,NA,NA,NA
Daily,2022-05-25,77.218964,25.121647,-99.368034,NA,NA,NA,NA,6.1359580000000005,89.5345385,103.144665,230.375412,-0.199522,2.221644,NA,8.2047185,NA,NA,NA,NA,NA,NA,NA,NA,NA
Daily,2022-05-26,77.207703,25.115391,-103.120918,33.049484,50476.753906,50547.925781,50536.453125,6.117314,89.560135,102.99721149999999,234.3680875,-0.259031,1.970193,32867.185547,8.22133,NA,NA,NA,NA,NA,NA,NA,NA,NA
Daily,2022-05-27,77.207703,25.115391,-103.2388685,33.046768,50475.757813,50541.2851565,50587.671875,6.106625,89.41586699999999,102.695797,232.356033,-0.2524735,1.704484,32906.683594,8.216964,NA,0.15,1.1,1.5,8.22,133,2.18,0.011,NA
Daily,2022-05-28,77.207703,25.115391,-103.1870765,33.04792,50476.054688,50549.800781,50587.2226565,6.081847,88.79799249999999,101.9460755,231.34920499999998,-0.26235949999999997,1.78654,32891.492188,8.213567,NA,NA,NA,NA,NA,NA,NA,NA,NA
Daily,2022-05-29,77.207703,25.115391,-103.053406,33.056469,50482.757813,50525.765625,50553.914063,6.085681,88.928665,101.9771765,229.37815849999998,-0.2412105,2.081315,32885.9882815,8.217384,NA,NA,NA,NA,NA,NA,NA,NA,NA
Daily,2022-05-30,77.196434,25.109131,-103.12222299999999,33.05003,50478.609375,50538.0234375,50550.335938,6.018705,87.88931299999999,100.648804,228.36767600000002,-0.2200045,1.977957,32854.292969,8.2213315,NA,NA,NA,NA,NA,NA,NA,NA,NA
Daily,2022-05-31,77.196434,25.109131,-103.12594200000001,33.046892,50474.132813,50589.808594,50581.984375,6.069008,88.8652115,101.99688,230.353561,-0.1951645,2.2839780000000003,32849.486328,8.218812,NA,NA,NA,NA,NA,NA,NA,NA,NA
Daily,2022-06-01,NA,25.109131,NA,33.039845,50468.464844,50545.832031,50581.017578,6.08701,88.71804,102.124458,229.336456,-0.212494,2.307227,NA,8.2252715,NA,NA,NA,NA,NA,NA,NA,NA,NA
Daily,2022-06-02,77.196434,25.109131,-103.605865,33.033268,50459.488281,50568.6972655,50553,6.101633,89.003761,102.593925,235.78912350000002,-0.221932,2.2364800000000002,32847.089844,8.279885,NA,NA,NA,NA,NA,NA,NA,NA,NA
Daily,2022-06-03,77.207703,25.115391,-103.552246,33.0221845,50455.25,50562.433594,50476.6328125,6.1197035,89.243675,102.852112,234.310913,-0.221879,2.134255,32860.087891,8.2804745,NA,NA,NA,NA,NA,NA,NA,NA,NA
Daily,2022-06-04,77.207703,25.115391,-103.445282,33.218975,50658.90625,50336.484375,50409.2812505,6.071898,88.616203,101.940239,230.2381895,-0.2107325,1.922215,32860.9863285,8.285977,NA,NA,NA,NA,NA,NA,NA,NA,NA
Daily,2022-06-05,77.207703,25.115391,-103.069824,33.021307,50448.5058595,50571.2441405,50560.414063,6.100662,89.079418,102.385834,227.269028,-0.2083275,1.6961469999999998,32859.486328,8.2801385,NA,NA,NA,NA,NA,NA,NA,NA,NA
Daily,2022-06-06,77.207703,25.115391,-103.077278,NA,50458.210938,50591.1445315,50562.09375,6.116934,89.119743,102.075485,226.289703,-0.188847,1.7118595,32856.384766,8.279194,NA,NA,NA,NA,NA,NA,NA,NA,NA
Daily,2022-06-07,77.207703,25.115391,-103.093475,33.021912,50450.835938,50575.433594,50566.7070315,6.113445,89.2827,102.835945,225.2782665,-0.203619,1.571136,32875.085938,8.282214499999998,NA,NA,NA,NA,NA,NA,NA,NA,NA
Daily,2022-06-08,77.207703,NA,NA,NA,NA,NA,NA,6.049742,88.3664585,101.623924,227.328918,NA,5.215296,NA,8.170974999999999,NA,NA,NA,NA,NA,NA,NA,NA,NA
Daily,2022-06-09,77.207703,25.115391,-102.865921,33.474571499999996,51163.3164065,50821.765625,50818.84375,6.0611305,88.897152,101.853577,247.6315995,-0.10167,1.7287949999999999,33107.6875005,8.1653725,NA,NA,NA,NA,NA,NA,NA,NA,NA
Daily,2022-06-10,77.185165,25.102871,-101.847992,33.477776,NA,50797.394531,50805.7851565,6.040115999999999,88.524551,101.53768149999999,242.6501005,-0.095911,1.8030135,33123.0839845,8.1600265,2,0.22,1.3,1.87,NA,115,NA,0.002,NA
Daily,2022-06-11,77.185165,25.102871,-102.342106,33.450508,51138.925781,50842.9941405,50861.933594,6.10964,88.9774855,102.382862,241.5671615,-0.090427,1.876729,33089.6875,8.1608245,NA,NA,NA,NA,NA,NA,NA,NA,NA
Daily,2022-06-12,77.185165,25.102871,-102.32819,33.4418985,NA,50812.988281,50821.703125,6.129138,89.761742,102.80565250000001,240.5490645,-0.074742,2.0109145,33128.6875,8.156011,NA,NA,NA,NA,NA,NA,NA,NA,NA
Daily,2022-06-13,77.185165,25.102871,-102.2937775,33.440912,NA,50837.7128905,50811.515625,6.05781,88.554489,101.915428,239.541046,-0.051041,2.143579,33137.285156,8.161753,NA,NA,NA,NA,NA,NA,NA,NA,NA
Daily,2022-06-14,77.185165,25.102871,-102.3145065,33.440647,NA,50819.457031,50814.234375,6.068179,89.290657,102.433243,238.540741,-0.047536499999999995,2.268714,33104.085938,8.1632125,NA,NA,NA,NA,NA,NA,NA,NA,NA
Daily,2022-06-15,NA,NA,NA,NA,NA,NA,NA,6.054266999999999,88.513428,101.7590715,237.5465925,-0.058557,2.128086,NA,8.165866,NA,NA,NA,NA,NA,NA,NA,NA,NA
Daily,2022-06-16,77.185165,25.102871,-102.884796,33.438988,NA,50780.408203,50809.640625,6.0840084999999995,88.746902,101.965622,237.5335925,-0.05529,1.868735,33091.488281,8.223796,NA,NA,NA,NA,NA,NA,NA,NA,NA
Daily,2022-06-17,77.17953449999999,25.096615,-102.765846,33.4277285,NA,50809.390625,50814.210938,6.0933600000000006,89.2546615,102.36881249999999,235.52387249999998,-0.0328315,1.868392,33124.488281,8.2085605,0,0.07,1.33,1.13,8.13,120,1.89,0.001,NA
Daily,2022-06-18,77.173904,25.096615,-101.0699885,33.4017865,50841.664063,50860.847656,50844.9882815,6.0293485,87.91996,100.790611,233.431885,-0.017417,1.9417995000000001,33110.6875,8.2133115,NA,NA,NA,NA,NA,NA,NA,NA,NA
Daily,2022-06-19,77.173904,25.096615,-100.877403,33.402409,NA,50810.34375,50794.28125,6.19481,90.64563000000001,104.03050999999999,233.42638399999998,-0.0030505000000000003,1.9500335,33116.6875,8.1996705,NA,NA,NA,NA,NA,NA,NA,NA,NA
Daily,2022-06-20,77.173904,25.096615,-101.066856,33.405521,NA,50811.421875,50838.433594,6.130024000000001,89.878952,102.71989049999999,232.4363865,-0.0012745000000000002,2.001228,33134.484375,8.223295,NA,NA,NA,NA,NA,NA,NA,NA,NA
Daily,2022-06-21,77.173904,25.096615,-101.591331,33.4074575,50844.214844,50826.921875,50799.486328,6.1358705,89.785637,103.276665,230.436615,0.028474,2.126773,33095.685547,8.214602,NA,NA,NA,NA,NA,NA,NA,NA,NA
Daily,2022-06-22,77.162636,25.090355,NA,NA,NA,NA,NA,6.069348,88.57579,101.728081,228.461746,-0.006703,1.954161,NA,8.157825,NA,NA,NA,NA,NA,NA,NA,NA,NA
Daily,2022-06-23,77.162636,25.090355,-101.061615,33.407555,NA,50802.128906,50814.808594,6.157003,90.20282,103.4492415,232.44809,-0.017662999999999998,1.8719465,33166.4882815,8.154697,NA,NA,NA,NA,NA,NA,NA,NA,NA
Daily,2022-06-24,77.162636,25.090355,-100.7126045,33.4097675,NA,50808.855469,50796.3125,6.070918,88.793961,102.005272,230.45162950000002,-0.007270500000000001,1.8368425,33124.8906255,8.156896,0,0.2,1.27,1.57,7.97,110,1.94,0.022,NA
Daily,2022-06-25,77.173904,25.096615,-100.696846,33.41098,50850.296875,50781.7753905,50841.0859375,6.0893865,89.2774735,102.389168,229.473816,0.02487,1.868118,33120.886719,8.156069,NA,NA,NA,NA,NA,NA,NA,NA,NA
Daily,2022-06-26,77.173904,25.096615,-100.064003,33.409012,50849.125,50820.078125,50815.982422,6.099288,89.1101345,102.461674,229.455246,0.0121265,1.899359,33113.3867185,8.1597715,NA,NA,NA,NA,NA,NA,NA,NA,NA
Daily,2022-06-27,77.162636,25.090355,-99.821899,33.408203,NA,50807.453125,50804.109375,6.170024,90.323654,103.455612,229.450508,0.0517035,2.0486125,33109.0839845,8.160484499999999,NA,NA,NA,NA,NA,NA,NA,NA,NA
Daily,2022-06-28,77.162636,25.090355,-99.966404,33.409061,NA,50825.496094,50791.40625,6.1624575,90.262726,103.72216,229.4544525,0.0482785,2.1815645,33103.4882815,8.1632255,NA,NA,NA,NA,NA,NA,NA,NA,NA
Daily,2022-06-29,NA,NA,NA,NA,NA,NA,NA,6.15632,90.438789,102.89394,228.959503,0.036848,2.048903,NA,8.083659,NA,NA,NA,NA,NA,NA,NA,NA,NA
Daily,2022-06-30,77.162636,25.090355,-100.82785,33.415859,NA,50831.628906,50846.7890625,6.155975,90.431717,103.123352,233.457916,0.005782,1.684487,33108.683594,8.1261625,NA,NA,NA,NA,NA,NA,NA,NA,NA
Daily,2022-07-01,77.173904,25.096615,-100.976952,33.415009,NA,50811.625,50807.070313,6.120332,89.221138,102.456993,232.459763,0.006220999999999999,1.938454,33131.482422,8.136411,0,0.03,NA,NA,8.01,117,2.01,0,NA
Daily,2022-07-02,77.173904,25.096615,-99.735634,33.432167,NA,50809.28125,50803.011719,6.0543365,88.670097,101.773598,229.517273,0.052705,1.852919,33131.884766,8.09614,NA,NA,NA,NA,NA,NA,NA,NA,NA
Daily,2022-07-03,77.173904,25.096615,-100.3321305,33.43486,NA,50815.4472655,50837.535156,6.125315,89.140606,102.281315,231.5260315,0.054718,2.049779,33108.289063,8.103268,NA,NA,NA,NA,NA,NA,NA,NA,NA
Daily,2022-07-04,77.173904,25.096615,-100.77555849999999,33.434292,NA,50807.78125,50816.226563,6.114273,89.251343,102.705097,230.522995,0.047329,2.018353,33156.886719,8.105944,NA,NA,NA,NA,NA,NA,NA,NA,NA
Daily,2022-07-05,77.173904,25.096615,-100.8631135,33.431281999999996,NA,50828.326172,50814.5,6.082624,89.12063950000001,102.374969,228.503281,0.033686999999999995,1.93893,33146.085938,8.114428,NA,NA,NA,NA,NA,NA,NA,NA,NA
Daily,2022-07-06,NA,NA,NA,NA,NA,NA,NA,6.180186,90.011063,103.337219,228.509476,NA,1.81378,NA,8.1018855,NA,NA,NA,NA,NA,NA,NA,NA,NA
Daily,2022-07-07,77.173904,25.096615,-102.522255,34.095543000000006,51803.8789065,51837.515625,51838.421875,6.065692,89.2776375,102.207542,238.276375,-3.855105,-5.798306,33630.4863285,8.177127,NA,NA,NA,NA,NA,NA,NA,NA,NA
Daily,2022-07-08,77.162636,25.090355,-102.888634,34.084152,51791.949219,51814.792969,51851.878906,6.06799,89.385849,101.5153315,234.244614,-3.853044,-5.578521,33609.7871095,8.198467,0,NA,NA,NA,8.06,123,2,0.009,NA
Daily,2022-07-09,77.162636,25.090355,-103.251228,34.0818295,51788.8808595,51854.347656,51844.515625,6.090153,89.749397,102.66507,233.236404,-3.772449,-5.578425,33634.6875,8.211517,NA,NA,NA,NA,NA,NA,NA,NA,NA
Daily,2022-07-10,77.162636,25.090355,-103.448799,34.081554499999996,51791.234375,51837.296875,51810.53125,6.125852,89.937027,102.907745,231.24794,-3.7461555,-5.656637,33634.085938,8.223144,NA,NA,NA,NA,NA,NA,NA,NA,NA
Daily,2022-07-11,77.162636,25.090355,-103.857586,34.083012,51788.066406,51833.2128905,51852.265625,6.060532,88.927559,101.8106995,229.235825,-3.716225,-5.734812,33618.285156,8.213357,NA,NA,NA,NA,NA,NA,NA,NA,NA
Daily,2022-07-12,77.162636,25.090355,-103.902336,34.084173,51787.654297,51880.816406,51843.578125,6.028612,88.855789,101.203453,227.244171,-3.823728,-5.516361,33645.691406,8.213926,NA,NA,NA,NA,NA,NA,NA,NA,NA
Daily,2022-07-13,NA,NA,NA,NA,NA,NA,NA,5.997241,88.14583999999999,100.696266,226.24115,-3.727637,-5.547348,NA,8.182727,NA,NA,NA,NA,NA,NA,NA,NA,NA
Daily,2022-07-14,77.162636,25.090355,-103.330509,34.07626,51781.228516,51840.472656,51831.757813,6.030542499999999,89.1922225,101.584221,224.208862,-3.743299,-5.640501,33642.488281,8.14026,NA,NA,NA,NA,NA,NA,NA,NA,NA
Daily,2022-07-15,77.151375,25.084099,-102.884468,34.071710499999995,51780.496094,51817.8496095,51858.480469,5.997408,88.195496,100.885826,220.204933,-3.8206275,-5.9527335,33618.4863285,8.1225325,0,NA,NA,NA,8.05,120,2.03,0.008,NA
Daily,2022-07-16,77.162636,25.090355,-103.42465200000001,34.075409,51779.539063,51850.9628905,51873.962891,6.0540025,89.07872,101.695358,222.208115,-3.775723,-5.687443,33629.683594,8.143177999999999,NA,NA,NA,NA,NA,NA,NA,NA,NA
Daily,2022-07-17,77.162636,25.090355,-103.982147,34.080441,51784.246094,51842.636719,51844.953125,6.039152,88.889046,101.686615,222.225739,-3.7919539999999996,-5.6409175000000005,33631.1894535,8.157255,NA,NA,NA,NA,NA,NA,NA,NA,NA
Daily,2022-07-18,77.162636,25.090355,-104.32234199999999,34.0784415,51784.191406,51832.546875,51832.21875,6.0479235,88.72747,101.5541075,223.225571,-3.7594855000000003,-5.453156,33632.185547,8.1566635,NA,NA,NA,NA,NA,NA,NA,NA,NA
Daily,2022-07-19,77.162636,25.090355,-104.892281,34.080429,51782.066406,51832.53125,51853.984375,6.0420645,88.7179565,101.6254005,222.226227,-3.7384895,-5.140755,33636.1875,8.163340000000002,NA,NA,NA,NA,NA,NA,NA,NA,NA
Daily,2022-07-20,NA,NA,-104.4995385,NA,NA,NA,NA,6.0747005000000005,89.290375,101.948517,223.22567750000002,-3.745321,-5.40651,NA,8.1542545,NA,NA,NA,NA,NA,NA,NA,NA,NA
Daily,2022-07-21,77.173904,25.096615,-105.460876,34.0809785,51782.5527345,51844.042969,51834.234375,6.033319,88.8783645,101.622826,223.22758499999998,-3.7153365,-5.390977,33625.890625,8.212217,NA,NA,NA,NA,NA,NA,NA,NA,NA
Daily,2022-07-22,77.151375,25.084099,-104.960701,34.0753155,51777.339844,51838.6347655,51839.072266,5.9931895,88.24381650000001,101.018219,219.71038049999999,-3.6990024999999997,-5.327909,33614.886719,8.215854,NA,NA,NA,NA,8.07,117,2.11,0.023,NA
Daily,2022-07-23,77.151375,25.084099,-104.966637,34.071838,51774.5410155,51868.753906,51853.976563,5.995263,88.2119675,100.971977,220.205734,-3.620117,-5.1871595,33642.5898435,8.21992,NA,NA,NA,NA,NA,NA,NA,NA,NA
Daily,2022-07-24,77.140106,25.077839,-105.1822815,34.068695,51772.199219,51813.050781,51818.5234375,6.068089,89.360603,102.152,220.1964565,-3.555654,-4.6087655000000005,33638.886719,8.216775,NA,NA,NA,NA,NA,NA,NA,NA,NA
Daily,2022-07-25,77.151375,25.084099,-103.599548,34.068068999999994,51776.714844,51863.3535155,51831.398438,5.973197,87.81675,100.363113,219.19383249999998,-3.5317945,-4.796165,33650.3906255,8.19585,NA,NA,NA,NA,NA,NA,NA,NA,NA
Daily,2022-07-26,77.151375,25.084099,-103.820656,34.06957250000001,51777.3964845,51821.871094,51826.8359375,6.033223,88.821526,101.485939,218.205048,-3.4592039999999997,-4.389804,33640.292969,8.202684,NA,NA,NA,NA,NA,NA,NA,NA,NA
Daily,2022-07-27,77.151375,25.084099,-103.26342,34.073139,51780.46875,51844.671875,51819.148438,5.98426,87.896469,100.679688,219.2065885,-3.508225,-4.577802,33614.289063,8.164215,NA,NA,NA,NA,NA,NA,NA,NA,NA
Daily,2022-07-28,77.151375,25.084099,-102.182144,34.074051,51784.53125,51863.535156,51835.039063,6.009181,88.408592,101.065666,213.218628,-3.349874,-4.0779555,33614.585938,8.1441685,NA,NA,NA,NA,NA,NA,NA,NA,NA
Daily,2022-07-29,77.151375,25.084099,-100.724457,34.072948,51783.273438,51826.265625,51836.210938,5.949841,87.310204,99.8008235,213.1839445,-3.50702,-4.843638,33622.0878905,8.158698000000001,0,0.06,NA,NA,7.99,120,NA,0.009,NA
Daily,2022-07-30,77.140106,25.077839,-101.200111,34.056652,51763.242188,51838.535156,51835.125,6.043201,88.964493,101.18265149999999,215.158165,-3.411524,-4.2946785,33650.492188,8.15672,NA,NA,NA,NA,NA,NA,NA,NA,NA
Daily,2022-07-31,77.151375,25.084099,-101.117439,34.06292,51770.96875,51837.7851565,51822.503906,5.987099499999999,88.01403,100.91127750000001,215.6741945,-3.30881,-3.9527115,33616.5839845,8.1534625,NA,NA,NA,NA,NA,NA,NA,NA,NA
Daily,2022-08-01,77.151375,25.084099,-102.3912085,34.07118,51781.117188,51842.167969,51821.3964845,6.027801,88.615181,101.2308045,215.197418,-3.365533,-4.328377,33631.6875,8.155605,NA,NA,NA,NA,NA,NA,NA,NA,NA
Daily,2022-08-02,77.140106,25.077839,-103.449615,34.081167,51787.3535155,51821.171875,51837.914063,6.028679,88.687523,101.405922,217.22287,-3.3829935,-4.421873,33637.6875005,8.182565,NA,NA,NA,NA,NA,NA,NA,NA,NA
Daily,2022-08-03,77.140106,25.077839,-102.8643225,34.089481,51795.4589845,51829.2128905,51823.1914065,5.962801,87.578217,100.243576,210.270157,-3.386662,-4.51673,33619.087891,8.163931,NA,NA,NA,NA,NA,NA,NA,NA,NA
Daily,2022-08-04,77.151375,25.084099,-102.41564199999999,34.098616,51803.472656,51838.015625,51827.3300785,5.9824655,88.10570150000001,100.705551,210.280182,-3.4097975,-4.392273,33595.8847655,8.156597,NA,NA,NA,NA,NA,NA,NA,NA,NA
Daily,2022-08-05,77.151375,25.084099,-102.984993,34.1045035,51812.625,51852.183594,51849.621094,6.03181,89.21521,101.92992799999999,214.2980805,-3.415889,-4.486618,33657.1875005,8.1608415,NA,0.23,1.3,2.27,8.08,118.5,NA,0.015,NA
Daily,2022-08-06,77.140106,25.077839,-103.482628,34.118801,51825.8144535,51833.925781,51839.3593755,6.056939,89.253014,101.856445,215.348831,-3.4499165,-4.440849999999999,33637.085938,8.185527,NA,NA,NA,NA,NA,NA,NA,NA,NA
Daily,2022-08-07,77.151375,25.084099,-104.036224,34.129244,NA,51875.267578,51860.488281,6.082722,89.4726335,102.21189150000001,215.380325,-3.4968310000000002,-4.6448435,33615.4863285,8.208347,NA,NA,NA,NA,NA,NA,NA,NA,NA
Daily,2022-08-08,77.151375,25.084099,-104.320709,34.141353499999994,NA,51848.6660155,51823.980469,5.996103,88.335823,101.113998,212.406586,-3.52953,-4.817639,33638.185547,8.21488,NA,NA,NA,NA,NA,NA,NA,NA,NA
Daily,2022-08-09,77.140106,25.077839,-104.588249,34.146126,NA,51843.7597655,51846.984375,6.0588555,89.4371835,102.3221205,210.42882550000002,-3.4665834999999996,-4.6306135,33627.7871095,8.220968500000001,NA,NA,NA,NA,NA,NA,NA,NA,NA
Daily,2022-08-10,77.140106,25.077839,-104.25647,34.155033,NA,51826.183594,51816.513672,5.973966,87.948174,100.429031,207.451477,-3.576262,-4.740292,33617.289063,8.215504,NA,NA,NA,NA,NA,NA,NA,NA,NA
Daily,2022-08-11,77.128845,25.071581,-104.304382,34.157833,NA,51826.6835935,51842.613281,6.0476185000000005,88.756203,101.767563,210.44108599999998,-3.4284014999999997,-4.6933465000000005,33651.1875,8.217114,NA,NA,NA,NA,NA,NA,NA,NA,NA
Daily,2022-08-12,77.128845,25.071581,-103.878754,34.166088,NA,51854.3359375,51875.375,6.04795,88.578682,101.536659,214.488297,-3.5241565,-4.741596,33617.2871095,8.19659,NA,0.12,1.43,1.96,8.09,132,NA,0,NA
Daily,2022-08-13,77.128845,25.071581,-102.2895815,34.1705685,NA,51842.0722655,51844.4218755,5.995228,88.30645,100.864723,216.5002595,-3.469249,-4.710770999999999,33629.289063,8.158980499999998,NA,NA,NA,NA,NA,NA,NA,NA,NA
Daily,2022-08-14,77.128845,25.071581,-102.915436,34.179733,NA,51876.464844,51874.589844,6.020472,88.499672,101.202095,215.533997,-3.592156,-4.742938,33632.082031,8.1717005,NA,NA,NA,NA,NA,NA,NA,NA,NA
Daily,2022-08-15,77.140106,25.077839,-103.418816,34.187939,NA,51831.763672,51859.835938,6.0366,89.3552435,101.388145,215.5516435,-3.447977,-4.946512,33634.2851565,8.176617,NA,NA,NA,NA,NA,NA,NA,NA,NA
Daily,2022-08-16,77.140106,25.077839,-103.7669485,34.193401,NA,51814.466797,51847.3984375,6.035247,89.043663,101.537628,216.572403,-3.671937,-5.243828,33632.185547,8.195838,NA,NA,NA,NA,NA,NA,NA,NA,NA
Daily,2022-08-17,NA,NA,NA,NA,NA,NA,NA,6.055181,88.7586135,101.317047,217.56940450000002,-3.653822,-5.14995,NA,8.196586,NA,NA,NA,NA,NA,NA,NA,NA,NA
Daily,2022-08-18,77.117584,25.065323,-104.04493,33.1828175,50364.757813,50269.542969,50279.335938,5.959071,86.885643,99.549656,232.01708200000002,-1.099086,-2.832145,32688.044922,8.236816,NA,NA,NA,NA,NA,NA,NA,NA,NA
Daily,2022-08-19,77.106316,25.059065,-103.780495,33.179428,NA,50350.640625,50282.4609375,6.006466,87.743416,100.67970249999999,228.508598,-1.007184,-2.605517,32670.2421875,8.229765,NA,NA,NA,NA,NA,NA,NA,NA,NA
Daily,2022-08-20,76.892578,24.940323,-101.4059335,NA,50357.5625,50299.357422,50303.935547,5.8610045,85.451164,97.9182625,222.98275,-1.223661,-2.964339,32698.644531,8.204694,NA,NA,NA,NA,NA,NA,NA,NA,NA
Daily,2022-08-21,NA,NA,-100.45043949999999,NA,50349.2851565,50289.3691405,50307.3945315,5.9343675000000005,86.698654,99.408089,NA,-1.26384,-3.252482,32690.244141,8.168512,NA,NA,NA,NA,NA,NA,NA,NA,NA
Daily,2022-08-22,NA,NA,-100.557686,32.920525,NA,50333.0664065,50299.6328125,5.9610769999999995,86.8978535,99.832855,224.977249,-1.2715945,-3.370022,32682.744141,8.178113,NA,NA,NA,NA,NA,NA,NA,NA,NA
Daily,2022-08-23,77.095047,25.052805,-101.62707900000001,32.925682,NA,50306.605469,50308.046875,6.002801,88.0168685,100.3821755,221.982407,-1.2675895000000001,-3.3704375,32688.041016,8.0700155,NA,NA,NA,NA,NA,NA,NA,NA,NA
Daily,2022-08-24,77.095047,25.052805,-101.91681249999999,NA,NA,50331.25,50287.6601565,5.932606,86.61721,99.370422,216.491089,-1.2825514999999998,-3.46445,32684.044922,8.080788,NA,NA,NA,NA,NA,NA,NA,NA,NA
Daily,2022-08-25,77.106316,25.059065,-101.5899655,NA,NA,50284.486328,50348.601563,5.975246,87.136169,99.829262,216.010712,-1.357116,-3.5426745,32678.7958985,8.0737095,NA,NA,NA,NA,NA,NA,NA,NA,NA
Daily,2022-08-26,76.881317,24.934065,-101.899242,NA,NA,50303.230469,50314.492188,5.963435,86.93989199999999,99.332275,214.030045,-1.348785,-3.4493335,32700.59375,8.0784635,0,0.13,1.36,2.33,8.11,122,NA,0,NA
Daily,2022-08-27,77.106316,25.059065,-101.55881500000001,33.18972,NA,50306.371094,50299.441406,5.977767,87.210285,99.90170699999999,215.0391235,-1.283583,-3.3949575000000003,32681.591797,8.0717495,NA,NA,NA,NA,NA,NA,NA,NA,NA
Daily,2022-08-28,77.106316,25.059065,-101.8203735,33.199566,NA,50319.6796875,50285.8339845,5.9532454999999995,86.806595,99.494171,214.060196,-1.343273,-3.5283435,32681.945313,8.077698999999999,NA,NA,NA,NA,NA,NA,NA,NA,NA
Daily,2022-08-29,77.106316,25.059065,-102.1639445,33.210922,NA,50301.261719,50322.675781,5.963279999999999,87.214497,99.849644,215.099442,-1.339207,-3.3342905,32699.84375,8.089683,NA,NA,NA,NA,NA,NA,NA,NA,NA
Daily,2022-08-30,77.095047,25.052805,-102.49519749999999,33.20076,NA,50268.363281,50316.6484375,6.022909,88.18057999999999,100.935349,217.06012,-1.3869799999999999,-3.544472,32692.943359,8.0925245,NA,NA,NA,NA,NA,NA,NA,NA,NA
Daily,2022-08-31,NA,NA,-102.798042,33.203476,NA,50304.6132815,50304.976563,5.977432,88.1929285,100.434219,214.07660650000003,-1.350178,-3.5211094999999997,32692.5927735,8.091331499999999,NA,NA,NA,NA,NA,NA,NA,NA,NA
Daily,2022-09-01,77.083786,25.046549,-102.9002265,33.2065355,NA,50320.082031,50300.882813,5.978875,87.18775149999999,100.2898945,212.090805,-1.4291179999999999,-3.537125,32690.244141,8.0919945,NA,NA,NA,NA,NA,NA,NA,NA,NA
Daily,2022-09-02,77.095047,25.052805,-103.197624,33.198389500000005,NA,50342.222656,50323.4414065,6.015404,87.700035,100.587601,211.0624545,-1.354451,-3.3177000000000003,32691.444336,8.10516,NA,0,1.3,1.7,8.08,112.5,NA,0.002,NA
Daily,2022-09-03,77.083786,25.046549,-103.18885800000001,NA,50338.957031,50319.1914065,50308.914063,5.990154,87.781815,100.3228835,211.946716,-1.388531,-3.4005824999999996,32686.0439455,8.093888,NA,NA,NA,NA,NA,NA,NA,NA,NA
Daily,2022-09-04,77.083786,25.046549,-102.65629200000001,32.904877,50332.300781,50288.4023435,50299.328125,5.954018,87.158882,99.692055,211.9368135,-1.371642,-3.306145,32696.244141,8.0963075,NA,NA,NA,NA,NA,NA,NA,NA,NA
Daily,2022-09-05,NA,NA,-102.91864,32.908779,50339.5820315,50286.246094,50299.207031,5.981191,87.66657599999999,100.451546,212.948387,-1.34827,-3.290965,32684.3427735,8.093536,NA,NA,NA,NA,NA,NA,NA,NA,NA
Daily,2022-09-06,NA,NA,-103.0347635,32.900452,50327.3808595,50318.339844,50322.8125,5.982483,87.164886,100.142811,213.41629799999998,-1.371455,-3.3758645,32692.142578,8.099898,NA,NA,NA,NA,NA,NA,NA,NA,NA
Daily,2022-09-07,NA,NA,-103.361778,32.90554,50334.8515625,50275.845703,50319.328125,6.0060525,87.5616535,100.066284,211.94035300000002,-1.3872365000000002,-3.368823,32692.34375,8.106613,NA,NA,NA,NA,NA,NA,NA,NA,NA
Daily,2022-09-08,NA,25.040289,-103.220436,32.906837,50336.238281,50296.375,50315.582031,5.9924425,87.706192,100.370102,215.936722,-1.442938,-4.019202,32683.994141,8.073445,NA,NA,NA,NA,NA,NA,NA,NA,NA
Daily,2022-09-09,NA,25.046549,-102.702873,32.909111,50342.121094,50313.511719,50331.685547,5.951308,86.644791,99.3371545,213.944107,-1.4120905000000001,-3.6112875,32684.3427735,8.033408000000001,0,0.11,1.2,1.8,8.09,117,NA,0.019,NA
Daily,2022-09-10,77.083786,25.046549,-102.0047645,32.913822,NA,50305.421875,50288.761719,5.9457445,87.170433,99.7221145,212.45912900000002,-1.314879,-3.697626,32697.6923825,8.032254,NA,NA,NA,NA,NA,NA,NA,NA,NA
Daily,2022-09-11,77.083786,25.046549,-102.038498,32.916793999999996,50344.679688,50291.121094,50295.4531255,5.965419499999999,87.04184000000001,99.7032125,212.965607,-1.403886,-3.7134584999999998,32705.345703,8.031347499999999,NA,NA,NA,NA,NA,NA,NA,NA,NA
Daily,2022-09-12,77.072517,25.040289,-102.457085,32.915462,NA,50328.800781,50302.851563,5.9423885,86.534431,99.304451,211.9644315,-1.411408,-3.8226825,32680.445313,8.0294365,NA,NA,NA,NA,NA,NA,NA,NA,NA
Daily,2022-09-13,77.095047,25.052805,-101.913048,NA,NA,50279.0351565,50297.7382815,6.1318625,89.737167,102.67411050000001,234.987305,-1.6171570000000002,-3.3939765,32684.84375,8.092756,NA,NA,NA,NA,NA,NA,NA,NA,NA
Daily,2022-09-14,77.095047,25.052805,-102.49292,33.182632,NA,50282.8046875,50324.441406,6.135807,89.5401115,102.763115,231.009384,-1.693296,-3.527567,32683.34375,8.09589,NA,NA,NA,NA,NA,NA,NA,NA,NA
Daily,2022-09-15,77.106316,25.059065,-102.5187375,33.1912555,NA,50272.998047,50272.796875,6.170147,90.364662,103.402424,230.0309525,-1.6430775,-3.4029575000000003,32686.644531,8.097574,NA,NA,NA,NA,NA,NA,NA,NA,NA
Daily,2022-09-16,77.095047,25.052805,-102.885231,33.20010550000001,NA,50331.1484375,50306.144531,6.1684944999999995,90.09832800000001,102.9592095,228.059586,-1.68594,-3.40351,32679.243164,8.094878,0,0.17,1.4,1.4,8.06,115,NA,0.011,NA
Daily,2022-09-17,77.106316,25.059065,-102.781441,33.213406,NA,50326.703125,50298.8789065,6.1573139999999995,89.921371,102.4268725,227.102829,-1.56195,-3.0922384999999997,32691.744141,8.091749,NA,NA,NA,NA,NA,NA,NA,NA,NA
Daily,2022-09-18,77.095047,25.052805,-102.854504,33.222839,NA,50287.330078,50293.367188,6.154172,89.869064,102.737671,227.1248325,-1.6479705,-3.296089,32688.744141,8.095196,NA,NA,NA,NA,NA,NA,NA,NA,NA
Daily,2022-09-19,NA,25.052805,-102.995949,33.223812,NA,50301.1640625,50314.0253905,6.090581,88.953987,101.793671,227.1394575,-1.655361,-3.296028,32690.945313,8.099027,NA,NA,NA,NA,NA,NA,NA,NA,NA
Daily,2022-09-20,77.095047,25.052805,-103.057747,33.20285,NA,50282.808594,50307.847656,6.145835,89.503578,102.35411049999999,221.0867385,-1.717256,-3.9662895000000002,32672.8427735,8.099116,NA,NA,NA,NA,NA,NA,NA,NA,NA
Daily,2022-09-21,77.095047,25.052805,-102.5240095,33.195623499999996,NA,50351.6679685,50301.152344,6.098857,89.36392599999999,102.028168,221.054665,-1.6585595,-3.762652,32683.844727,8.1011045,NA,NA,NA,NA,NA,NA,NA,NA,NA
Daily,2022-09-22,77.083786,25.046549,-102.015198,33.192665,NA,50306.511719,50313.7968755,6.134744,90.3927345,103.302345,219.037308,-1.678265,-3.746731,32694.443359,8.101098,NA,NA,NA,NA,NA,NA,NA,NA,NA
Daily,2022-09-23,77.083786,25.046549,-102.31245050000001,33.188023,NA,50306.236328,50269.761719,6.1142985,89.426079,102.334488,219.02855699999998,-1.693344,-3.7073905,32690.042969000002,8.090295,NA,NA,1.03,1.5,8.07,115,NA,0.042,NA
Daily,2022-09-24,77.083786,25.046549,-102.061413,33.1893005,NA,50296.234375,50320.785156,6.166089,90.15028000000001,103.226303,217.028397,-1.654703,-3.574616,32681.646484,8.0891155,NA,NA,NA,NA,NA,NA,NA,NA,NA
Daily,2022-09-25,77.083786,25.046549,-102.33181400000001,33.192501,NA,50304.1660155,50344.453125,6.1659855,90.150680499999993,103.299049,219.037552,-1.608204,-3.371976,32687.144531500002,8.091723,NA,NA,NA,NA,NA,NA,NA,NA,NA
Daily,2022-09-26,77.061256,25.034033,-102.390411,NA,50352.84375,50293.703125,50287.322266,6.1200545,89.401161,102.292305,217.988327,-1.657803,-3.385697,32685.59375,8.091266,NA,NA,NA,NA,NA,NA,NA,NA,NA
Daily,2022-09-27,77.083786,25.046549,-102.258831,32.899792000000005,50327.884766,50316.388672,50330.550781,6.129595,89.728294,102.4921415,220.41877,-1.71989,-3.8762809999999996,32672.243164,8.201552,NA,NA,NA,NA,NA,NA,NA,NA,NA
Daily,2022-09-28,77.083786,25.046549,-102.2009885,32.897535500000004,50326.738281,50262.707031,50288.6171875,6.175152499999999,90.2850265,102.715736,219.904907,-1.669026,-3.7275335,32678.4921875,8.199467,NA,NA,NA,NA,NA,NA,NA,NA,NA
Daily,2022-09-29,77.083786,25.046549,-101.60199,32.890038,50317.791016,50308.142578,50312.71875,6.133962,89.81036,102.683449,218.865891,-1.7002255,-3.664313,32679.143555000002,8.1575635,NA,NA,NA,NA,NA,NA,NA,NA,NA
Daily,2022-09-30,77.083786,25.046549,-100.547245,32.893471,50320.128906,50308.328125,50320.648438,6.1052735,89.4679645,102.470108,216.895401,-1.68468,-3.5317655,32694.246094,8.160456,0,NA,1.13,1.3,8.03,113,NA,0.018,NA
Daily,2022-10-01,77.083786,25.046549,-100.53727,32.891796,50318.3964845,50308.8671875,50316.058594,6.1239550000000005,89.4106675,102.4310265,215.8907395,-1.6221915,-3.625782,32677.541016,8.159459,NA,NA,NA,NA,NA,NA,NA,NA,NA
Daily,2022-10-02,77.083786,25.046549,-101.028843,32.883232,50308.433594,50294.9160155,50327.726563,6.170151,89.981804,103.010254,217.870499,-1.64527,-3.55462,32703.0927735,8.161628,NA,NA,NA,NA,NA,NA,NA,NA,NA
Daily,2022-10-03,77.083786,25.046549,-100.786171,32.876015,50302.414063,50318.453125,50333.3750005,6.116678,89.006882,102.214905,216.3429945,-1.675988,-3.6631275,32682.1953125,8.152022,NA,NA,NA,NA,NA,NA,NA,NA,0.01
Daily,2022-10-04,77.083786,25.046549,-101.032265,32.799965,50222.550781,50287.066406,50312.441406,6.0882415000000005,88.942963,101.987896,235.614517,-0.46149,-8.2539285,32675.1923825,7.985137,NA,NA,NA,NA,NA,NA,NA,NA,NA
Daily,2022-10-05,77.083786,25.046549,-100.671066,32.8029155,50226.1660155,50314.703125,50315.410156,6.179641,89.669434,103.123924,233.608734,-0.410928,-8.068867,32696.945313,7.983422,NA,NA,NA,NA,NA,NA,NA,NA,NA
Daily,2022-10-06,77.083786,25.046549,-101.0131875,32.805641,50226.582031,50323.957031,50297.15625,6.163752,90.2135775,103.51239799999999,232.11355600000002,-0.428513,-8.080784999999999,32698.292969000002,7.984059,NA,NA,NA,NA,NA,NA,NA,NA,NA
Daily,2022-10-07,77.083786,25.046549,-100.606255,32.812351,50235.4277345,50331.675781,50297.455078,6.1167105,89.3709945,102.25042,229.64844499999998,-0.489935,-8.070207,32701.7939455,7.9803625,0,0.18,NA,2.37,8.03,116,NA,0.012,NA
Daily,2022-10-08,77.083786,25.046549,-100.127716,32.8138735,50238.2734375,50321.1328125,50297.742188,6.105405,89.065666,102.2525825,229.650589,-0.435351,-8.133118,32674.442383,7.975235,NA,NA,NA,NA,NA,NA,NA,NA,NA
Daily,2022-10-09,77.083786,25.046549,-99.608269,32.797684,50218.375,50309.457031,50298.300781,6.079131,88.831673,101.807636,228.60103600000002,-0.457638,-8.0660425,32687.646484,7.959633,NA,NA,NA,NA,NA,NA,NA,NA,NA
Daily,2022-10-10,77.083786,25.046549,-100.08272600000001,32.799908,50223.175781,50305.455078,50336.6953125,6.18467,89.82603449999999,103.10916549999999,229.615051,-0.424319,-7.96991,32698.242188,7.973992,NA,NA,NA,NA,NA,NA,NA,NA,NA
Daily,2022-10-11,77.083786,25.046549,-100.1181945,32.8004245,50224.136719,50275.480469,50303.5996095,6.102951,89.0545195,102.101551,227.11902600000002,-0.467486,-8.160722,32683.1435545,8.011059,NA,NA,NA,NA,NA,NA,NA,NA,NA
Daily,2022-10-12,77.072517,25.040289,-100.1837045,32.796658,50219.554688,50275.722656,50296.558594,6.135544,89.54744,102.773285,226.6037295,-0.471177,-8.283698999999999,32680.7939455,8.0191995,NA,NA,NA,NA,NA,NA,NA,NA,NA
Daily,2022-10-13,77.072517,25.040289,-100.6144485,32.793175,50216.4003905,50332.203125,50289.464844,6.1440915,89.517723,102.687538,226.6013565,-0.455752,-8.1888455,32689.743164,8.0241135,NA,NA,NA,NA,NA,NA,NA,NA,NA
Daily,2022-10-14,77.072517,25.040289,-100.5625875,32.789555,50211.2871095,50326.6953125,50292.125,6.13791,89.7398185,102.7742195,210.57254,-0.4595555,-8.250241500000001,32680.746094,8.0259165,0,0.09,1.07,NA,8.08,118,NA,0.004,NA
Daily,2022-10-15,77.072517,25.040289,-100.086464,32.788359,50212.992188,50279.9003905,50331.710938,6.089225,88.449203,101.4688875,209.59105699999998,-0.4789605,-8.2187385,32626.744141,8.015968,NA,NA,NA,NA,NA,NA,NA,NA,NA
Daily,2022-10-16,77.061256,25.034033,-98.592155,32.794191,50217.7089845,50306.371094,50286.65625,6.045092,88.188416,101.198265,209.607071,-0.510746,-8.128079,32693.8945315,7.981172,NA,NA,NA,NA,NA,NA,NA,NA,NA
Daily,2022-10-17,77.061256,25.034033,NA,32.8134955,50234.8652345,50308.751953,NA,6.077927,88.618431,101.621078,209.63919049999998,-0.479676,-8.351756,NA,7.9443135,NA,NA,NA,NA,NA,NA,NA,NA,NA
Daily,2022-10-18,77.061256,25.034033,-99.21731550000001,32.803537500000004,50224.9746095,50268.7089845,50275.75,6.110915,89.082535,102.19874200000001,220.623489,-0.5309575,-8.505819,32701.146484,8.08508,NA,NA,NA,NA,NA,NA,NA,NA,NA
Daily,2022-10-19,77.072517,25.040289,-99.7133445,32.795269,50216.916016,50281.78125,50319.042969,6.077665,88.707115,101.893284,220.57341,-0.5287945000000001,-8.471283,32689.4941405,8.091005500000001,NA,NA,NA,NA,NA,NA,NA,NA,NA
Daily,2022-10-20,77.072517,25.040289,-100.174942,32.7926865,50212.388672,50267.050781,50318.0878905,6.115117,89.347076,102.1880225,219.586365,-0.486991,-8.501058,32684.6425785,8.095251,NA,NA,NA,NA,NA,NA,NA,NA,NA
Daily,2022-10-21,77.072517,25.040289,-100.1492425,32.786722,50208.375,50281.691406,50295.3125,6.061125,88.49398,101.372147,218.579559,-0.543982,-8.625159,32559.594727,8.085603,NA,NA,NA,NA,NA,NA,NA,NA,NA
Daily,2022-10-22,77.072517,25.040289,-100.313751,32.777504,50199.671875,50320.441406,50287.367188,6.073251,88.654266,101.6486855,219.53709450000002,-0.497631,-8.558106500000001,32560.2421875,8.0923115,NA,NA,NA,NA,NA,NA,NA,NA,NA
Daily,2022-10-23,77.072517,25.040289,-99.745953,32.782059,50204.046875,50305.957031,50282.3925785,6.066565000000001,88.393219,101.395607,218.56287400000002,-0.49265899999999996,-8.433966999999999,32550.542969000002,8.095856,NA,NA,NA,NA,NA,NA,NA,NA,NA
Daily,2022-10-24,77.072517,25.040289,-98.790688,32.788525,50208.707031,50308.316406,50303.375,6.017142,87.8659475,100.694473,218.580643,-0.485099,-8.249651,32650.8447265,8.100226500000002,NA,NA,NA,NA,NA,NA,NA,NA,NA
Daily,2022-10-25,77.061256,25.034033,-99.824585,32.803704999999994,50222.8027345,50338.7773435,50288.257813,6.0980715,88.980347,102.709885,219.615585,-0.434582,-8.192325499999999,32680.042969,8.068249,NA,NA,NA,NA,NA,NA,NA,NA,NA
Daily,2022-10-26,77.061256,25.034033,-100.260277,32.7808265,50199.6425785,50297.621094,50292.015625,6.068757,89.043457,101.658165,216.548767,-0.4324335,-8.373021,32552.242188,8.0758065,NA,NA,NA,NA,NA,NA,NA,NA,NA
Daily,2022-10-27,77.049988,25.027773,-100.292839,32.776886,50196.261719,50300.421875,50288.089844,6.032518,88.3566665,101.1433145,217.5448075,-0.492803,-8.37033,32569.6455075,8.0869509999999991,NA,NA,NA,NA,NA,NA,NA,NA,NA
Daily,2022-10-28,77.049988,25.027773,-100.313377,32.784912,50203.445313,50331.28125,50283.8125,6.050023,88.42715849999999,101.33531550000001,214.548462,-0.479369,-8.186969,32550.945313,8.093703000000001,0,0.07,1.1,1.1,7.96,105,1.6,NA,NA
Daily,2022-10-29,77.049988,25.027773,-100.3101925,32.7859215,50206.1718755,50274.78125,50284.183594,6.112576,88.940704,101.887772,219.561806,-0.391492,-8.094008,32581.744141,8.089508,NA,NA,NA,NA,NA,NA,NA,NA,NA
Daily,2022-10-30,77.049988,25.027773,-100.326622,32.777336500000004,50196.6796875,50304.9277345,50290.7421875,6.104896500000001,89.120834,102.492805,219.5346605,-0.505149,-8.120539,32549.042969,8.094558,NA,NA,NA,NA,NA,NA,NA,NA,NA
Daily,2022-10-31,77.038727,25.021513,-100.279671,32.7769925,50196.8007815,50296.3984375,50297.6503905,6.109665,89.253456,102.207878,219.558304,-0.284073,-7.623597,32564.6953125,8.096644,NA,NA,NA,NA,NA,NA,NA,NA,NA
Daily,2022-11-01,77.049988,25.027773,-100.64389,32.772562,50193.3203125,50334.589844,50308.550781,6.0757175,88.757332,101.816727,218.532074,-0.4361935,-8.492954,32555.644531,8.096751999999999,NA,NA,NA,NA,NA,NA,NA,NA,NA
Daily,2022-11-02,77.049988,25.027773,-99.706383,32.777115,50196.714844,50337.341797,50289.869141,5.949291,86.8681985,99.535202,200.535431,-0.455565,-8.308862,32552.445313,8.093059,NA,NA,NA,NA,NA,NA,NA,NA,NA
Daily,2022-11-03,77.049988,25.027773,-99.2129365,32.771793,50192.671875,50327.347656,50276.931641,5.970421,87.1848185,99.918648,200.527092,-0.4040525,-8.243603,32561.643555,8.0887815,NA,NA,NA,NA,NA,NA,NA,NA,NA
Daily,2022-11-04,77.049988,25.027773,-97.357117,32.7698915,50189.632813,50324.970703,50285.738281,6.0288545,87.690376,100.678802,213.514587,-0.39928,-8.3689015,32570.34375,8.0374585,2,0,1.27,1.67,7.97,104.5,1.6,0,NA
Daily,2022-11-05,77.049988,25.027773,-98.295876,32.7696435,50187.919922,50282.019531,50325.2109375,6.0885615,89.158089,102.0824015,214.513199,-0.377764,-8.180199,32545.2939455,8.057717,NA,NA,NA,NA,NA,NA,NA,NA,NA
Daily,2022-11-06,77.049988,25.027773,-98.351044,32.767693,50186.6601565,50306.3867185,50316.117188,6.097457,89.0191725,101.85962699999999,212.506195,-0.35805600000000004,-8.555669,32553.742188,8.06792,NA,NA,NA,NA,NA,NA,NA,NA,NA
Daily,2022-11-07,77.055622,25.030903000000002,-98.780464,32.769524,50188.9375,50327.183594,50336.320313,6.080903,88.877663,101.86367,216.527725,-0.364142,-8.4931275,32547.243164,8.0805,NA,NA,NA,NA,NA,NA,NA,NA,NA
Daily,2022-11-08,77.049988,25.027773,-99.294289,33.18837,NA,50554.5,50546.4257815,6.0343705,88.4361265,101.123894,229.7803425,-2.468096,-14.346484499999999,32859.285156,8.079027,NA,NA,NA,NA,NA,NA,NA,NA,NA
Daily,2022-11-09,77.038727,25.021513,-99.675743,33.186369,NA,50579.8046875,50573.201172,5.97131,87.638596,100.147743,214.776077,-2.424368,-14.158656,32887.292969,8.078639,NA,NA,NA,NA,NA,NA,NA,NA,NA
Daily,2022-11-10,77.038727,25.021513,-99.22303,33.188081999999994,NA,50566.082031,50583.7910155,5.9657754999999995,87.461304,100.153366,209.781174,-2.374426,-14.033373,32888.082031,8.073917999999999,NA,NA,NA,NA,NA,NA,NA,NA,NA
Daily,2022-11-11,77.038727,25.021513,-98.793755,33.1878945,NA,50545.673828,50537.113281,6.0292195,88.393219,101.060013,220.804977,-2.3680985,-14.283506,32846.289063,8.048953,1,0.07,0.5,0.7,7.96,123,0.04,NA,0.05
Daily,2022-11-12,77.038727,25.021513,-98.795586,33.195011,NA,50570.207031,50518.710938,6.033113,87.95816450000001,100.987366,221.808273,-2.2908165,-14.097506,32856.5839845,8.052639,NA,NA,NA,NA,NA,NA,NA,NA,NA
Daily,2022-11-13,77.027466,25.015257,-98.78924549999999,33.192356,NA,50569.996094,50566.679688,6.019248,88.12889100000001,100.96067,222.7893295,-2.4534605,-13.8159685,32866.0878905,8.054712,NA,NA,NA,NA,NA,NA,NA,NA,NA
Daily,2022-11-14,77.027466,25.015257,-98.8165665,33.199711,50885.347656,50569.7265625,50555.277344,6.0189525,87.944031,100.678581,220.814789,-2.438104,-14.285008,32862.488281,8.05415,NA,NA,NA,NA,NA,NA,NA,NA,NA
Daily,2022-11-15,77.027466,25.015257,-99.313927,33.194504,NA,50551.9492185,50571.378906,6.076935,88.744675,101.7367935,222.832199,-2.330254,-14.286687,32857.6875,8.0272775,NA,NA,NA,NA,NA,NA,NA,NA,NA
Daily,2022-11-16,77.016197,25.008997,-99.314415,33.208298,50893.585938,50590.404297,50535.972656,6.050931,88.3590585,101.395981,220.84709149999998,-2.439606,-14.0366475,32851.7890625,8.027489,NA,NA,NA,NA,NA,NA,NA,NA,NA
Daily,2022-11-17,77.016197,25.008997,-99.29989599999999,33.201145,50885.339844,50554.669922,50563.6503905,6.084473,89.0673985,101.5334815,219.7998355,-2.283441,-14.348841499999999,32842.986328,8.038821,NA,NA,NA,NA,NA,NA,NA,NA,NA
Daily,2022-11-18,77.016197,25.008997,-99.275398,33.2067085,50892.3359375,50565.917969,50551.980469,6.024687,88.072456,101.1165275,218.838882,-2.4304975,-14.442730000000001,32864.0839845,8.033492,0,0.07,0.93,1.43,7.96,127,1.6,0.027,NA
Daily,2022-11-19,77.016197,25.008997,-98.8387185,33.22517,50910.3789065,50554.8671875,50564.417969,6.011939,88.087463,100.827301,219.882004,-2.417276,-14.1024,32871.285156,8.033943,NA,NA,NA,NA,NA,NA,NA,NA,NA
Daily,2022-11-20,77.016197,25.008997,-99.23255900000001,33.232975,50920.035156,50566.878906,50575.023438,6.0343065,88.190178,101.09053399999999,218.91464200000001,-2.471014,-14.478327499999999,32841.28125,8.0277575,NA,NA,NA,NA,NA,NA,NA,NA,NA
Daily,2022-11-21,77.004929,25.002739,-98.85162,33.240648,50925.0390625,50566.0664065,50586.589844,6.073377,88.634315,101.6830215,219.947067,-2.316181,-14.135798999999999,32900.6914065,8.040493,NA,NA,NA,NA,NA,NA,NA,NA,NA
Daily,2022-11-22,77.004929,25.002739,-99.1791155,33.226574,50912.730469,50586.566406,50536.789063,6.0658735,88.864349,101.8606185,220.8965,-2.424464,-14.352595,32882.683594,8.035291,NA,NA,NA,NA,NA,NA,NA,NA,NA
Daily,2022-11-23,77.016197,25.008997,-98.697708,33.203255,50888.71875,50574.21875,50544.710938,6.054555,88.692463,101.85165,205.849136,-2.485352,-14.223218,32851.189453,8.0207735,NA,NA,NA,NA,NA,NA,NA,NA,NA
Daily,2022-11-24,77.004929,25.002739,-98.745178,33.205988000000005,50890.472656,50562.863281,50551.046875,6.058325,88.491234,101.479103,218.8238905,-2.4236875,-14.0367355,32842.388672,8.013638,NA,NA,NA,NA,NA,NA,NA,NA,NA
Daily,2022-11-25,NA,NA,-98.751465,33.21513,50897.9960935,50567.621094,50556.21875,6.0658639999999995,88.662331,101.6674385,219.828918,-2.533039,-14.60076,32849.486328,8.0246785,0,0.08,0.9,1.1,7.98,107,1.6,NA,NA
Daily,2022-11-26,77.004929,25.002739,-98.780426,33.218667999999994,50903.734375,50577.3789065,50576.414063,6.039629,88.5167505,101.572029,220.870743,-2.4869005,-14.6629055,32854.085938,8.006915,NA,NA,NA,NA,NA,NA,NA,NA,NA
Daily,2022-11-27,NA,NA,-98.760681,33.214287,50899.5898435,50570.669922,50575.6191405,6.051592,88.50869,101.597591,220.870956,-2.500974,-14.226496,32850.089844,8.011448999999999,NA,NA,NA,NA,NA,NA,NA,NA,NA
Daily,2022-11-28,77.218666,25.121481,-98.338448,33.217558,50902.597656,50576.611328,50555.566406,6.0331945000000005,88.437531,101.239449,220.8762285,-2.377628,-14.194248,32840.087891,8.0085815,NA,NA,NA,NA,NA,NA,NA,NA,NA
Daily,2022-11-29,77.004929,25.002739,-98.365028,33.2149105,50899.2265625,50587.207031,50546.935547,6.008164,87.891121,100.838776,220.8562315,-2.401558,-14.476126,32878.1894535,8.099743,NA,NA,NA,NA,NA,NA,NA,NA,NA
Daily,2022-11-30,77.004929,25.002739,-98.3128315,33.1912535,50874.640625,50528.751953,50534,6.054009,88.56412900000001,101.782997,221.7884445,-2.375033,-13.940372499999999,32859.488281,8.097471,NA,NA,NA,NA,NA,NA,NA,NA,NA
Daily,2022-12-01,77.004929,25.002739,-97.8237115,33.183151,NA,50582.3027345,50571.460938,6.056355999999999,88.453117,101.4795685,221.747528,-2.313541,-14.157895,32846.587891,8.08824,NA,NA,NA,NA,NA,NA,NA,NA,NA
Daily,2022-12-02,77.196136,25.108965,-97.816498,33.1948035,50875.3964845,50582.640625,50559.101563,6.066369,89.131237,102.05495450000001,222.301437,-2.282806,-13.910057,32847.089844,8.092975,0,0.04,1.1,1.48,7.93,134,1.6,0.006,NA
Daily,2022-12-03,77.218666,25.121481,-97.3055115,33.206325500000005,50892.324219,50570.173828,50556.2832035,6.10085,89.2866555,102.3150595,220.837921,-2.360943,-14.036419,32856.2890625,8.0838815,NA,NA,NA,NA,NA,NA,NA,NA,NA
Daily,2022-12-04,77.218666,25.121481,-94.77136250000001,33.20373,50889.277344,50561.2089845,50550.171875,6.059318,88.721855,101.820152,217.838318,-2.4149849999999997,-14.036041,32833.6875,8.041183,NA,NA,NA,NA,NA,NA,NA,NA,NA
Daily,2022-12-05,77.218666,25.121481,-92.821663,33.211407,50897.5703125,50531.902344,50555.21875,6.0525415,88.421013,101.39264700000001,219.83612799999997,-2.4004105,-14.19398,32857.890625,7.9855175,NA,NA,NA,NA,NA,NA,NA,NA,NA
Daily,2022-12-06,77.207397,25.115223,-93.299957,33.231945,50916.5312505,50577.113281,50578.726563,6.086056,88.897415,101.833328,218.9170915,-2.439843,-14.165906,32866.484375,7.9939409999999995,NA,NA,NA,NA,NA,NA,NA,NA,NA
Daily,2022-12-07,NA,NA,NA,NA,NA,NA,NA,6.090459,88.9637605,102.01070000000001,223.40855399999998,-2.471976,-14.415236,32397.34375,7.955142,NA,NA,NA,NA,NA,NA,NA,NA,NA
Daily,2022-12-08,77.218666,25.121481,-94.371971,32.854137,50017.9589845,50054.8535155,50067.529297,6.0764785,88.687851,101.17907,232.02133149999997,-1.2011954999999999,-4.048196,32547.140625,7.963388,NA,NA,NA,NA,NA,NA,NA,NA,NA
Daily,2022-12-09,77.207397,25.115223,-95.34632099999999,32.8668445,50030.863281,49995.5,50062.292969,6.088012,88.811844,101.2833255,230.0505295,-1.255264,-4.081699,32564.34375,7.9836089999999995,0,0.11,0.9,1.4,7.87,108,1.6,0.016,NA
Daily,2022-12-10,77.207397,25.115223,-95.872875,32.863159,50028.4609375,50034.3671875,50058.6816405,6.062822,88.43363550000001,100.91678250000001,228.0672,-1.178331,-3.87631,32550.244141,7.987059,NA,NA,NA,NA,NA,NA,NA,NA,NA
Daily,2022-12-11,77.218666,25.121481,-96.350517,32.7225605,50011.921875,50083.59375,50094.1464845,6.1117539999999995,89.266098,101.8315355,230.0075,-1.122329,-3.9064085,32532.5439455,7.992822,NA,NA,NA,NA,NA,NA,NA,NA,NA
Daily,2022-12-12,77.207397,25.115223,-96.389305,32.854706,50018.582031,50051.59375,50043.480469,6.037379,88.095238,100.5869405,227.0214535,-1.240382,-4.095419,32556.441406,7.994514,NA,NA,NA,NA,NA,NA,NA,NA,NA
Daily,2022-12-13,77.207397,25.115223,-95.3992385,32.857124,50021,50063.2578125,50044.230469,5.990664,87.803085,99.925629,226.0231705,-1.220869,-4.0490405,32553.745117,7.9850695,NA,NA,NA,NA,NA,NA,NA,NA,NA
Daily,2022-12-14,77.207397,25.115223,-94.5343285,NA,NA,NA,NA,6.061121,88.188194,100.6685295,228.0598985,-1.224631,-4.098089,NA,7.989916,NA,NA,NA,NA,NA,NA,NA,NA,NA
Daily,2022-12-15,77.20176649999999,25.108965,-96.3815045,32.8823835,50046.353516,50053.746094,50034.292969,6.086334000000001,88.989784,101.76832200000001,225.10524,-1.159186,-4.0996685,32553.542969,8.035295,NA,NA,NA,NA,NA,NA,NA,NA,NA
Daily,2022-12-16,77.196136,25.108965,-96.864998,32.889385,50054.009766,50002.341797,50050.4375,6.099197,88.77343,101.37844100000001,224.116928,-1.1942035,-4.007558,32560.941406,8.038037,NA,NA,NA,NA,NA,NA,NA,NA,NA
Daily,2022-12-17,77.207397,25.115223,-96.84687,32.8828545,50048.03125,50020.9101565,50022.84375,6.067343,88.5516585,101.035786,224.108932,-1.0924334999999998,-3.901407,32548.845703,8.029666,0,0.08,0.8,1.4,7.92,119,1.6,0,NA
Daily,2022-12-18,77.207397,25.115223,-96.8649905,32.8787555,50043.289063,50078.2226565,50076.2539065,6.052122,88.135536,100.639175,222.0995865,-1.147771,-3.705813,32571.294922,8.035207,NA,NA,NA,NA,NA,NA,NA,NA,NA
Daily,2022-12-19,77.207397,25.115223,-96.3414265,32.873798,50037.560547,50060.324219,50055.3125,6.0706115,88.543026,101.115067,222.076523,-1.162515,-3.908555,32547.542969,8.0355935,NA,NA,NA,NA,NA,NA,NA,NA,NA
Daily,2022-12-20,77.207397,25.115223,-96.8867035,32.86977,50034.121094,50057.078125,50016.765625,6.1183095000000005,89.389931,101.999878,223.069069,-1.19367,-3.7129875,32559.441406,8.032071,NA,NA,NA,NA,NA,NA,NA,NA,NA
Daily,2022-12-21,77.207397,25.115223,-96.924896,32.87458,50038.9550785,50065.191406,50065.554688,6.1004760000000005,89.10006,101.713745,218.078873,-1.193808,-3.6740565,32574.441406,8.031543,NA,NA,NA,NA,NA,NA,NA,NA,NA
Daily,2022-12-22,77.207397,25.115223,-97.323677,32.880466,50043.9433595,50058.96875,50085.4375,5.904138,86.0677185,98.3604585,207.088547,-1.186272,-3.565281,32561.541016,8.023698,NA,NA,NA,NA,NA,NA,NA,NA,NA
Daily,2022-12-23,77.196136,25.108965,-97.361824,32.886936,50051.386719,50057.09375,50043.402344,5.937746499999999,86.611595,98.533852,205.11855300000002,-1.154947,-3.6984005,32548.392578,8.0297885,0,0.13,0.9,0.6,7.91,137,1.6,0.011,NA
Daily,2022-12-24,77.207397,25.115223,-97.741669,32.8938945,50059.96875,50031.185547,50037.578125,5.932725,86.405369,98.529049,203.6415025,-1.155331,-3.597517,32556.3427735,8.025463,NA,NA,NA,NA,NA,NA,NA,NA,NA
Daily,2022-12-25,77.218666,25.121481,-97.775475,32.899105000000006,50065.470703,50056.574219,50027.828125,5.9229835,86.49788649999999,98.8295025,202.65435050000002,-1.127856,-3.598065,32556.994141,8.0299115,NA,NA,NA,NA,NA,NA,NA,NA,NA
Daily,2022-12-26,77.196136,25.108965,-97.79805,32.8959125,50062.355469,50049.683594,50063.640625,5.905017,86.2496605,98.405251,205.144775,-1.093105,-3.566433,32551.144531,8.030757999999999,NA,NA,NA,NA,NA,NA,NA,NA,NA
Daily,2022-12-27,77.196136,25.108965,-97.75708399999999,32.897255,50064.628906,50085.605469,50029.556641,5.905486,86.019028,98.3210335,205.652702,-1.1315915,-3.5430789999999996,32561.292968499998,8.0301975,NA,NA,NA,NA,NA,NA,NA,NA,NA
Daily,2022-12-28,77.1905055,25.108965,-97.237129,32.898262,50064.8046875,50073.314453,50052.7265625,6.146537,89.6918755,102.4171565,228.150986,-1.1472335,-3.5665075,32555.34375,8.02589,NA,NA,NA,NA,NA,NA,NA,NA,NA
Daily,2022-12-29,77.196136,25.108965,-95.281898,32.9003125,50066.632813,50034.863281,50049.15625,6.159602,89.987274,102.681084,224.162964,-1.108434,-3.598165,32564.242188,7.98331,NA,NA,NA,NA,NA,NA,NA,NA,NA
Daily,2022-12-30,77.196136,25.108965,-94.895386,32.893456,50058.808594,50025.890625,50054.796875,6.186982,90.3387265,103.0920905,227.130188,-1.147546,-3.644977,32552.644531,7.982079000000001,0,0,1,1.2,7.86,133,1.6,0.005,NA
Daily,2022-12-31,77.207397,25.115223,-94.8133965,32.89175,50056.691406,50061.8535155,50041.585938,6.2062905,90.648056,103.3778765,224.136566,-1.170843,-3.862737,32564.4433595,7.982006,NA,NA,NA,NA,NA,NA,NA,NA,NA
Daily,2023-01-01,77.184875,25.102707,-95.271233,32.887079,50053.097656,50072.703125,50020.171875,6.154233,89.81665000000001,102.5169445,225.10672749999998,-1.16258,-3.847134,32546.943359,7.9874225,NA,NA,NA,NA,NA,NA,NA,NA,NA
Daily,2023-01-02,77.184875,25.102707,-93.364128,32.876078,50038.982422,49992.8964845,50035.75,6.11322,89.383759,102.186157,220.092285,-1.1632575,-3.815044,32555.445313,7.952198,NA,NA,NA,NA,NA,NA,NA,NA,NA
Daily,2023-01-03,77.184875,25.102707,-92.961517,32.878651,50042.15625,50056.542969,50037.2187505,6.174625000000001,90.123215,102.85191,221.09225500000002,-1.186267,-3.924372,32555.1425785,7.9533495,NA,NA,NA,NA,NA,NA,NA,NA,NA
Daily,2023-01-04,77.196136,25.108965,-93.86737099999999,NA,NA,NA,NA,6.246391,90.665535,103.60343549999999,223.0864865,-1.123985,-3.7999,NA,7.960372,NA,NA,NA,NA,NA,NA,NA,NA,NA
Daily,2023-01-05,77.184875,25.102707,-95.3245545,33.1704425,NA,50569.503906,50550.544922,6.240617,91.0841635,103.979206,229.73200200000002,-0.530926,-2.070201,32841.488281,8.011862,NA,NA,NA,NA,NA,NA,NA,NA,NA
Daily,2023-01-06,77.184875,25.102707,-95.33773049999999,33.1698035,NA,50565.611328,50533.0859375,6.229957,91.0516855,103.663208,228.711777,-0.525274,-2.085706,32851.6875,8.019259,0,0.09,0.9,1.6,7.85,136,1.6,0.003,NA
Daily,2023-01-07,77.196136,25.108965,-95.430092,33.170769,NA,50571.714844,50553.875,6.234365,91.02784,104.01225299999999,225.7238845,-0.5080705,-2.0232729999999997,32835.685547,8.027578,NA,NA,NA,NA,NA,NA,NA,NA,NA
Daily,2023-01-08,77.196136,25.108965,-96.379799,33.171124,NA,50525.421875,50542.5527345,6.259676,91.626343,104.0040395,223.729752,-0.504245,-1.9569489999999998,32874.888672,8.033686,NA,NA,NA,NA,NA,NA,NA,NA,NA
Daily,2023-01-09,77.196136,25.108965,-96.910408,33.169811,NA,50543.003906,50556.197266,6.248862,91.380081,103.92711249999999,221.717972,-0.490378,-1.949114,32857.9882815,8.029147,NA,NA,NA,NA,NA,NA,NA,NA,NA
Daily,2023-01-10,77.184875,25.102707,-97.832771,33.166092,NA,50558.9589845,50571.734375,6.2381105,91.447441,103.98808249999999,223.708099,-0.490098,-1.863117,32845.292969,8.026965,NA,NA,NA,NA,NA,NA,NA,NA,NA
Daily,2023-01-11,77.196136,25.108965,-97.815495,33.165894,NA,50574.839844,50579.8652345,6.211753,90.818077,103.328743,223.71344,-0.473676,-1.8552685,32850.1875,8.03466,NA,NA,NA,NA,NA,NA,NA,NA,NA
Daily,2023-01-12,77.184875,25.102707,-98.34441749999999,33.162483,NA,50558.160156,50572.03125,6.248369,91.3105545,103.981804,223.699402,-0.5213289999999999,-2.0699445,32843.0820315,8.036407,NA,NA,NA,NA,NA,NA,NA,NA,NA
Daily,2023-01-13,77.184875,25.102707,-98.3620185,33.153378,NA,50545.761719,50557.6640625,6.245722,91.764915,104.2314495,219.675613,-0.48814,-1.88635,32856.089844,8.0375485,0,0.25,1.1,1.3,7.87,129,1.6,0.004,NA
Daily,2023-01-14,77.173607,25.096447,-98.87499199999999,33.146091,50574.304688,50565.957031,50576.773438,6.223244,91.013958,103.8790245,219.650558,-0.482214,-1.823642,32841.089844,8.028451,NA,NA,NA,NA,NA,NA,NA,NA,NA
Daily,2023-01-15,77.173607,25.096447,-98.33741,33.146214,50573.732422,50566.691406,50564.105469,6.157358,90.104645,102.60038,220.649323,-0.470443,-1.808053,32879.289063,8.034348,NA,NA,NA,NA,NA,NA,NA,NA,NA
Daily,2023-01-16,77.162346,25.090191,-95.914253,33.132515,50558.0214845,50537.621094,50577.892578,6.132314,89.8392675,102.075584,218.595505,-0.4373545,-1.737517,32845.783203,8.030417,NA,NA,NA,NA,NA,NA,NA,NA,NA
Daily,2023-01-17,77.162346,25.090191,-94.420601,33.120802,50545.8320315,50557.3222655,50563.53125,6.115211,89.49860799999999,101.757885,217.581284,-0.454716,-1.81142,32875.4882815,7.980243,NA,NA,NA,NA,NA,NA,NA,NA,NA
Daily,2023-01-18,77.162346,25.090191,-94.488289,33.116709,50541.7265625,50557.341797,50597.390625,6.169211000000001,90.15119949999999,102.5795095,217.566971,-0.47525700000000004,-1.8425835,32869.9882815,7.988232,NA,NA,NA,NA,NA,NA,NA,NA,NA
Daily,2023-01-19,77.173607,25.096447,-95.93753799999999,33.115978,50541.386719,50544.623047,50529.070313,6.2485105,91.478409,103.927444,222.562637,-0.5635975,-1.979295,32821.085938,8.035926,NA,NA,NA,NA,NA,NA,NA,NA,NA
Daily,2023-01-20,77.173607,25.096447,-96.901955,33.110029499999996,50535.6738285,50542.328125,50544.589844,6.203344,90.7602885,103.29712699999999,222.54567,-0.55757,-1.9557245,32860.6875,8.029378,0,0.07,0.93,0.63,7.88,133,1.6,0,NA
Daily,2023-01-21,77.173607,25.096447,-97.35321049999999,33.1067735,50532.078125,50568.871094,50535.28125,6.21894,90.935814,103.4384805,221.534271,-0.538175,-1.908764,32843.886719,8.0304055,NA,NA,NA,NA,NA,NA,NA,NA,NA
Daily,2023-01-22,77.162346,25.090191,-98.359802,33.103161,50528.195313,50555.816406,50529.183594,6.241377,91.320465,103.929985,222.520126,-0.549769,-1.9399625,32892.882813,8.0530705,NA,NA,NA,NA,NA,NA,NA,NA,NA
Daily,2023-01-23,77.162346,25.090191,-98.84099950000001,33.095852,50521.113281,50571.269531,50574.7910155,6.1490485,90.202076,102.329914,220.50420400000002,-0.533828,-1.9007174999999998,32844.0839845,8.096524500000001,NA,NA,NA,NA,NA,NA,NA,NA,NA
Daily,2023-01-24,77.162346,25.090191,-98.831276,33.090748,50516.4707035,50581.017578,50545.140625,6.1973635,90.664276,103.216782,220.487701,-0.5417244999999999,-1.916312,32876.886719,8.087651000000001,NA,NA,NA,NA,NA,NA,NA,NA,NA
Daily,2023-01-25,77.151077,25.083931,-99.379074,33.086746,50512.484375,50542.7265625,50522.105469,6.2732595,91.514366,104.142616,221.4825285,-0.534273,-1.924088,32886.2832035,8.1011105,NA,NA,NA,NA,NA,NA,NA,NA,NA
Daily,2023-01-26,77.139809,25.077671,-99.85276049999999,33.083817,50508.2402345,50552.566406,50549.402344,6.214532,90.944862,103.423065,220.46736149999998,-0.5456300000000001,-1.93957,32853.291016,8.096524,NA,NA,NA,NA,NA,NA,NA,NA,NA
Daily,2023-01-27,77.151077,25.083931,-100.364281,33.083038,50507.4140625,50568.9589845,50542.78125,6.212740999999999,90.856613,103.503609,225.45665,-0.526439,-2.254148,32940.679688,8.095984,0,0.02,1.1,1.4,7.93,130,1.6,0.012,NA
Daily,2023-01-28,77.151077,25.083931,-100.401276,33.079552,50504.097656,50525.888672,50557.121094,6.1706145,90.4028435,102.8095355,220.465881,-0.5125225,-2.1367455,32941.28125,8.095623,NA,NA,NA,NA,NA,NA,NA,NA,NA
Daily,2023-01-29,77.162346,25.083931,-100.8498575,33.073376,50497.576172,50548.9335935,50545.1660155,6.182402,90.321442,102.877579,221.431076,-0.499207,-1.822198,32941.28125,8.093259,NA,NA,NA,NA,NA,NA,NA,NA,NA
Daily,2023-01-30,77.162346,25.090191,-100.888176,33.071308,50495.0507815,50588.730469,50561.3164065,6.177668,90.483139,102.88581500000001,NA,-0.46709,-1.908095,32941.28125,8.0942335,NA,NA,NA,NA,NA,NA,NA,NA,0.03
Daily,2023-01-31,77.162346,25.090191,-101.401237,33.068281,50490.8476565,50544.230469,50568.855469,6.158915,90.047951,102.540443,227.920578,-0.45738449999999997,-1.509611,32941.878906,8.097379,NA,NA,NA,NA,NA,NA,NA,NA,NA
Daily,2023-02-01,77.162346,25.090191,-101.394684,33.0705625,50494.238281,50536.050781,50525.625,6.18849,90.686249,102.958881,222.42066949999997,-0.378313,-0.932564,32941.878906,8.103844,NA,NA,NA,NA,NA,NA,NA,NA,NA
Daily,2023-02-02,77.162346,25.090191,-101.37503050000001,33.068829,50492.429688,50569.3125,50569.796875,6.217978,90.776421,103.259521,224.422707,-0.2538585,0.188214,32941.28125,8.091733,NA,NA,NA,NA,NA,NA,NA,NA,NA
Daily,2023-02-03,77.162346,25.090191,NA,NA,NA,NA,NA,6.283252,91.418068,103.922722,238.299469,-0.125566,3.128641,NA,NA,0,0.15,1.06,2,8.01,139,2.11,0.012,NA
Daily,2023-02-04,77.162346,25.083931,-102.110344,33.358658,50788.9726565,50837.582031,50848.449219,6.203515,90.68811,103.0851935,242.2895355,-0.912989,-6.124516,NA,8.143368,NA,NA,NA,NA,NA,NA,NA,NA,NA
Daily,2023-02-05,77.151077,25.083931,-102.324608,33.358681,NA,50825.109375,50820.076172,6.2309365,90.946564,103.265045,240.29132099999998,-0.883868,-6.155979,32854.28125,8.150023,NA,NA,NA,NA,NA,NA,NA,NA,NA
Daily,2023-02-06,77.139809,25.077671,-102.35247,33.350998,50781.875,50880.300781,50822.2421875,6.149137,90.091606,102.956924,NA,-0.885713,-6.155074,32853.679688,8.15259,NA,NA,NA,NA,NA,NA,NA,NA,NA
Daily,2023-02-07,NA,25.083931,-102.390862,33.344426999999996,50773.7890625,50815.5722655,50813.6406255,6.174427,90.3274385,103.181633,238.233246,-0.850521,-6.060924,32853.679688,8.16188,NA,NA,NA,NA,NA,NA,NA,NA,NA
Daily,2023-02-08,77.151077,25.083931,-102.423035,33.337032,50767.257813,50811.4375,50824.0058595,6.192567,90.683754,103.2350005,236.237076,-0.826888,-5.59144,32854.28125,8.156562,NA,NA,NA,NA,NA,NA,NA,NA,NA
Daily,2023-02-09,77.151077,25.083931,-102.8598825,33.326664,50756.4375005,50800.7265625,50787.109375,6.214847,90.879715,103.69069300000001,240.190491,-0.811297,-5.714882,32854.28125,8.155513,NA,NA,NA,NA,NA,NA,NA,NA,NA
Daily,2023-02-10,77.151077,25.083931,-102.896767,33.3271125,50755.822266,50803.7753905,50805.777344,6.181712,90.507553,102.870621,235.197632,-0.8972415,-6.0906579999999995,32845.28125,8.154697500000001,0,0.02,0.96,0.3,8.03,131,1.6,0.005,NA
Daily,2023-02-11,77.139809,25.083931,-102.81338099999999,33.3221415,50753.496094,50849.019531,50833.757813,6.191185,90.593193,103.0600125,236.184937,-0.795303,-5.246346,32845.878906,8.154387,NA,NA,NA,NA,NA,NA,NA,NA,NA
Daily,2023-02-12,77.151077,25.083931,-101.345276,33.3215755,50751.277344,50836.392578,50782.0976565,6.0968029999999995,89.375404,101.542221,236.180618,-0.8207385,-4.246467,32845.878906,8.106562,NA,NA,NA,NA,NA,NA,NA,NA,NA
Daily,2023-02-13,77.151077,25.083931,-101.3978235,33.312691,50742.628906,50832.453125,50842.3125,6.101343,89.2341115,101.670586,NA,-0.6937365,-0.4352935,32845.878906,8.103685,NA,NA,NA,NA,NA,NA,NA,NA,0.02
Daily,2023-02-14,77.139809,25.077671,-99.891266,33.302925,50733.962891,50811.625,50847.414063,6.0681685000000005,88.913445,101.09275450000001,240.1350635,-0.615686,6.307815,32846.480469,8.102518,NA,NA,NA,NA,NA,NA,NA,NA,NA
Daily,2023-02-15,77.145443,25.083931,-100.8229065,33.298931,50727.316406,50838.847656,50810.234375,6.0925335,89.1508525,101.37677,236.125198,-0.473779,12.614119,32845.878906,8.101337,NA,NA,NA,NA,NA,NA,NA,NA,NA
Daily,2023-02-16,77.139809,25.077671,-101.387108,33.288967,50718.382813,50819.123047,50831.6601565,6.16497,90.163227,102.5910915,235.081543,-0.18608,22.7886715,32845.878906,8.114351,NA,NA,NA,NA,NA,NA,NA,NA,NA
Daily,2023-02-17,77.128548,25.071415,-102.320221,33.288902,50719.800781,50823.902344,50827.625,6.214038,90.94091399999999,103.211731,233.5759045,0.119356,8.987209,32824.277344,8.153033,0,0.09,0.8,1.46,8.12,133,1.8,0.036,NA
Daily,2023-02-18,77.128548,25.071415,-102.784466,33.28414,50715.824219,50756.378906,50813.472656,6.160066499999999,90.41196049999999,102.616585,NA,0.878585,17.348478,32824.277344,8.1519255,NA,NA,NA,NA,NA,NA,NA,NA,NA
Daily,2023-02-19,77.139809,25.077671,-102.2519225,33.264992,50697.560547,50803.1484375,50804.734375,6.187456,90.613884,103.0040285,NA,0.188749,11.546082,32824.277344,8.163980500000001,NA,NA,NA,NA,NA,NA,NA,NA,NA
Daily,2023-02-20,77.139809,25.077671,-100.752869,NA,NA,50639.7539065,50802.9843755,6.1498185,89.9422375,102.314896,234.972198,0.899407,7.986981,32825.480469,8.154825,NA,NA,NA,NA,NA,NA,NA,NA,NA
Daily,2023-02-21,77.139809,25.077671,-100.225372,NA,50933.226563,50604.5,50560.234375,6.1303339999999995,89.64257,102.156776,234.96846,-0.121681,-0.795632,32824.878906,8.159458,NA,NA,NA,NA,NA,NA,NA,NA,NA
Daily,2023-02-22,77.139809,25.077671,-98.790352,33.233002,50917.873047,50570.089844,50543.390625,6.0353205,88.412056,100.643753,NA,0.703983,9.603504000000001,32824.878906,8.103567,NA,NA,NA,NA,NA,NA,NA,NA,NA
Daily,2023-02-23,77.139809,25.077671,-97.35550649999999,33.2197415,50904.0937505,50551.777344,50523.1171875,6.0728805,88.920692,102.100731,237.881241,0.637482,5.706949,32824.878906,8.0984125,NA,NA,NA,NA,NA,NA,NA,NA,NA
Daily,2023-02-24,NA,NA,-98.348854,NA,50896.484375,50575.714844,NA,6.1682235,90.045429,102.51928749999999,237.863693,1.5637435000000002,12.694090500000001,NA,8.089317000000001,0,0.06,0.66,NA,7.95,131,1.73,0.014,NA
Daily,2023-02-25,77.139809,25.077671,-99.80896,33.195034,NA,50593.761719,50536.890625,6.206328,90.626228,103.127174,NA,1.76587,9.034708,32839.878906,8.08153,NA,NA,NA,NA,NA,NA,NA,NA,NA
Daily,2023-02-26,77.139809,25.077671,-99.717308,33.1733115,50606.347656,50558.558594,50577.7734375,6.1402,89.83491900000001,102.113174,239.757202,4.5887195,26.5633925,32839.277344,8.095194,NA,NA,NA,NA,NA,NA,NA,NA,NA
Daily,2023-02-27,77.139809,25.077671,-99.744286,33.150654,NA,50556.6933595,50533.746094,6.1634465,90.2613755,102.39543549999999,240.67199699999998,7.212644,33.736545500000005,32839.277344,8.085526,NA,NA,NA,NA,NA,NA,NA,NA,0.03
Daily,2023-02-28,77.139809,25.077671,-101.146923,33.125797,50556.5664065,50538.136719,50543.839844,6.1882985,90.459488,102.71523300000001,243.6159515,10.3514955,42.3465955,32839.878906,8.094578,NA,NA,NA,NA,NA,NA,NA,NA,NA
Daily,2023-03-01,77.139809,25.077671,-101.7149655,33.112007,50542.105469,50558.091797,50579.935547,6.172489,90.07816299999999,102.51862750000001,246.54879,13.100076,56.0852795,32839.277344,8.102392,NA,NA,NA,NA,NA,NA,NA,NA,NA
Daily,2023-03-02,77.139809,25.077671,-102.189491,33.098969,50524.851563,50524.355469,50562.320313,6.0790475,88.9292795,101.137913,NA,13.22807,60.459671,32839.277344,8.100396,NA,NA,NA,NA,NA,NA,NA,NA,NA
Daily,2023-03-03,77.128548,25.077671,-102.638058,33.080559,50509.9121095,50564.486328,50572.640625,6.1574325000000005,90.058838,102.41608049999999,NA,7.545971,4.60183,32805.078125,8.152566,0,0.02,0.7,1.3,7.97,127,1.3,0.004,NA
Daily,2023-03-04,77.128548,25.071415,-103.378815,33.065611,50489.75,50563.527344,50507.078125,6.20052,90.874069,102.831039,240.41159850000003,14.999721000000001,13.701239,32804.480469,8.157692,NA,NA,NA,NA,NA,NA,NA,NA,NA
Daily,2023-03-05,77.128548,25.071415,-103.6784515,33.0492115,50477.113281,50585.785156,50542.835938,6.1644005,90.049286,102.598564,242.362747,17.671896,16.522123,32805.078125,8.153976,NA,NA,NA,NA,NA,NA,NA,NA,NA
Daily,2023-03-06,77.117279,25.065155,-103.753288,33.034367,50463.1308595,50544.09375,50568.951172,6.186135999999999,90.37117,102.675232,NA,19.037128000000003,16.955517,32805.078125,8.164608,NA,NA,NA,NA,NA,NA,NA,NA,NA
Daily,2023-03-07,77.128548,25.071415,-103.599609,33.014244,50444.734375,50578.003906,50555.453125,6.16973,90.302254,102.960861,243.263519,20.5206635,22.510223,32804.480469,8.156286999999999,NA,NA,NA,NA,NA,NA,NA,NA,NA
Daily,2023-03-08,77.139809,25.077671,-103.137634,NA,50678.507813,50318.050781,50296.664063,6.160442,90.056297,102.584579,243.182922,23.387846,25.629093,NA,8.1604495,NA,NA,NA,NA,NA,NA,NA,NA,NA
Daily,2023-03-09,77.139809,25.071415,-103.6127855,33.2245905,50653.816406,50284.6835935,50322.125,6.203361,90.596207,103.141857,NA,25.8147115,22.36969,NA,8.153442,NA,NA,NA,NA,NA,NA,NA,NA,NA
Daily,2023-03-10,77.128548,25.071415,-104.130562,32.7332265,50154.171875,49798.8378905,49785.203125,6.279663,91.456665,104.596153,244.650963,-1.574759,-5.544358,32485.339844,8.092362,0,0.27,0.97,1.17,8.07,134.8,1.64,0.012,NA
Daily,2023-03-11,77.117279,25.065155,-104.147858,32.7139605,NA,49814.40625,49814.8789065,6.248106999999999,91.126595,104.19561,240.5995175,-1.374752,-5.0097465,32485.041016,8.098616,NA,NA,NA,NA,NA,NA,NA,NA,NA
Daily,2023-03-12,77.117279,25.065155,-103.629547,32.697155,NA,49770.765625,49759,6.2522525,91.0678135,104.336067,239.552353,-0.792838,-1.7401235000000002,32485.041016,8.072772,NA,NA,NA,NA,NA,NA,NA,NA,NA
Daily,2023-03-13,77.106018,25.062027,-104.1622275,32.678583,NA,49778.2890625,49771.617188,6.294437,91.740276,104.84814449999999,240.486877,0.5639815,5.7854600000000005,32485.041016,8.088245,NA,NA,NA,NA,NA,NA,NA,NA,NA
Daily,2023-03-14,77.117279,25.058899,-104.315521,32.656437,NA,49759.1796875,49789.5664065,6.260521,91.457062,104.5904465,NA,1.49864,16.002234,NA,8.0975675,NA,NA,NA,NA,NA,NA,NA,NA,NA
Daily,2023-03-15,77.106018,25.058899,-104.642086,32.635206499999995,49798.167969,49800.6875,49805.9121095,6.2647195,91.529793,104.637268,NA,2.588371,26.610951,32357.041016,8.0844935,NA,NA,NA,NA,NA,NA,NA,NA,NA
Daily,2023-03-16,77.106018,25.058899,-102.246361,32.624977,49786.546875,49782.451172,49787.898438,6.195287,90.19021599999999,103.265633,240.3324505,0.356834,NA,32357.041016,8.036443,NA,NA,NA,NA,NA,NA,NA,NA,NA
Daily,2023-03-17,77.117279,25.065155,-102.511932,32.615011,49775.4785155,49781.816406,49781.601563,6.2382985,90.945854,104.09272,239.3068925,-0.9086905000000001,-4.243685,32287.138672,8.094325,0,0,1.1,1.1,NA,NA,1.7,0.002,NA
Daily,2023-03-18,77.117279,25.065155,-103.20422400000001,32.5996435,49759.310547,49799.761719,49768.789063,6.2657545,91.261177,104.35759,241.258804,-1.449823,-3.690881,32287.439453,8.095007500000001,NA,NA,NA,NA,NA,NA,NA,NA,NA
Daily,2023-03-19,77.117279,25.065155,-104.162529,32.58683,49746.9433595,49783.832031,49779.375,6.261131,91.285263,104.557594,244.222122,-0.9318635,-0.955653,32287.740234,8.10379,NA,NA,NA,NA,NA,NA,NA,NA,NA
Daily,2023-03-20,77.117279,25.065155,-104.178024,32.571712,49731.5976565,49769.191406,49831.296875,6.2436555,91.09518449999999,104.1921465,242.170532,-0.950993,2.9228985,32287.740234,8.094559,NA,NA,NA,NA,NA,NA,NA,NA,NA
Daily,2023-03-21,77.117279,25.065155,-104.234482,32.557354,49717.503906,49822.933594,49774.171875,6.217061,90.49855,103.846725,237.120987,-0.3914865,5.421709,32287.439453,8.106069000000002,NA,NA,NA,NA,NA,NA,NA,NA,NA
Daily,2023-03-22,77.117279,25.065155,-102.217163,32.543369,49704.75,49777.980469,49786.8125,6.192717,90.304642,103.23204,238.088295,0.34454450000000003,8.871189000000001,32287.740234,8.0931405,NA,NA,NA,NA,NA,NA,NA,NA,NA
Daily,2023-03-23,77.117279,25.065155,-100.751999,32.527248,49685.160156,49787.53125,49780.3203125,6.2136914999999995,90.568108,103.58093600000001,242.0116425,1.420601,12.894532,32287.740234,8.038826,NA,NA,NA,NA,NA,NA,NA,NA,NA
Daily,2023-03-24,77.106018,25.058899,-101.738464,32.527998,49686.7089845,49795.542969,49754.625,6.283273,91.607849,104.95285,237.05058300000002,-0.214193,2.7786515,32319.839844,8.089781,0,0,0.66,1.03,8.04,142,1.56,0.002,NA
Daily,2023-03-25,77.106018,25.058899,-102.165321,NA,49674.179688,49799.292969,49803.0507815,6.273654,92.050728,105.351631,243.009407,1.6939125000000002,9.0183465,32320.140625,8.0966595,NA,NA,NA,NA,NA,NA,NA,NA,NA
Daily,2023-03-26,77.106018,25.058899,-103.638985,NA,49914.777344,49516.933594,49735.304688,6.312332,91.277763,105.101646,243.965866,4.335483,20.150848,32320.439453,8.146968000000001,NA,NA,NA,NA,NA,NA,NA,NA,NA
Daily,2023-03-27,77.094749,25.055768999999998,-104.481354,32.481449,49894.5234375,49549.644531,49536.6152345,6.31181,91.939476,105.30603,242.899689,6.9896840000000005,31.889041,32320.439453,8.161565,NA,NA,NA,NA,NA,NA,NA,NA,NA
Daily,2023-03-28,77.106018,25.058899,-105.313728,32.459648,NA,49543.046875,49522.7832035,6.352717999999999,92.300217,105.644035,227.83689900000002,-1.711833,-6.343212,32198.943359,8.138926,NA,NA,NA,NA,NA,NA,NA,NA,NA
Daily,2023-03-29,77.094749,25.052639,-105.879913,32.438848500000006,NA,49518.949219,49537.515625,6.271357,91.497787,104.547951,224.777374,-1.696538,-6.2148675,32172.9433595,8.150492,NA,NA,NA,NA,NA,NA,NA,NA,NA
Daily,2023-03-30,77.094749,25.052639,-106.1695135,32.417992,49575.671875,49536.730469,49493.867188,6.2906615,91.639572,104.905869,224.217964,-1.662824,-6.086485,32174.242188,8.155208,NA,NA,NA,NA,NA,NA,NA,NA,NA
Daily,2023-03-31,77.117279,25.065155,-104.853462,32.415119,NA,49541,49523.714844,6.228754,90.635689,103.9394455,223.696213,-1.647624,-5.882808,32165.6435545,8.114309,NA,0,1.1,NA,8.18,NA,1.23,0.017,NA
Daily,2023-04-01,77.094749,25.052639,-105.693146,32.396828,NA,49531.996094,49563.375,6.3319410000000005,92.180397,105.3284495,223.656448,-1.624411,-5.771104,32170.744141,8.15485,NA,NA,NA,NA,NA,NA,NA,NA,NA
Daily,2023-04-02,77.094749,25.052639,-106.20215999999999,32.378811,49540.582031,49504.15625,49553.972656,6.308804,91.867279,104.916801,223.603363,-1.606708,-5.705263,32175.745117,8.160474,NA,NA,NA,NA,NA,NA,NA,NA,NA
Daily,2023-04-03,77.10038349999999,25.058899,-106.721371,32.359325,49513.339844,49516.8652345,49533.53125,6.29641,91.745918,105.447014,223.545105,-1.560705,-5.514575,32174.944336,8.150476,NA,NA,NA,NA,NA,NA,NA,NA,NA
Daily,2023-04-04,NA,NA,-107.053749,32.343647,49497.113281,49525.777344,49556.917969,6.249569,91.157188,104.165726,223.493469,-1.5591750000000002,-5.511991,32176.0927735,8.155969,NA,NA,NA,NA,NA,NA,NA,NA,NA
Daily,2023-04-05,77.117279,25.058899,-107.327347,32.326824,49476.9394535,49555.644531,49549.269531,6.2755175,91.377281,104.686554,223.435944,-1.567622,-5.446596,32177.146484,8.148427,NA,NA,NA,NA,NA,NA,NA,NA,NA
Daily,2023-04-06,77.117279,25.065155,-107.752441,32.313931,49464.457031,49545.3046875,49550.421875,6.283784,91.348267,104.4509775,223.397873,-1.535644,-5.25723,32176.8427735,8.160130500000001,NA,NA,NA,NA,NA,NA,NA,NA,NA
Daily,2023-04-07,77.106018,25.058899,-107.753174,32.2973175,49447.8320315,49507.816406,49522.1601565,6.259472499999999,91.009903,104.50280000000001,224.3508,-1.531574,-5.3325255,32176.9921875,8.153099,0,0.06,1.03,1.4,8.16,136.8,1.41,0,NA
Daily,2023-04-08,77.128548,25.071415,-107.775826,32.281719,49433.0781255,49523.65625,49544.167969,6.294837,91.9375115,105.108009,225.2965775,-1.513395,-5.1896925,32166.5439455,8.154125,NA,NA,NA,NA,NA,NA,NA,NA,NA
Daily,2023-04-09,77.117279,25.065155,-108.116798,32.270859,49422.070313,49555.09375,49538.398438,6.328721,91.9148485,105.51380900000001,224.7714695,-1.484003,-5.1407205000000005,32160.84375,8.163682,NA,NA,NA,NA,NA,NA,NA,NA,NA
Daily,2023-04-10,NA,NA,-108.187706,32.256922,NA,49379.611328,49547.679688,6.334056,92.312752,105.247223,225.236008,-1.496906,-5.216757,32041.742188,8.156553,NA,NA,NA,NA,NA,NA,NA,NA,NA
Daily,2023-04-11,77.128548,25.071415,-108.15399550000001,32.488907,49644.556641,49306.921875,49288.578125,6.279237,91.5234985,104.941273,225.164444,-1.509712,-5.2607135,32043.541016,8.156213000000001,NA,NA,NA,NA,NA,NA,NA,NA,NA
Daily,2023-04-12,77.117279,25.065155,-108.017433,32.47047,49627.3125,49255.84375,49251.107422,6.248632,90.783653,104.180267,224.1200255,-1.5173285,-5.304327,32043.943359,8.1628535,NA,NA,NA,NA,NA,NA,NA,NA,NA
Daily,2023-04-13,77.128548,25.071415,-108.191811,32.487331499999996,49639.785156,49279.722656,49286.875,6.263363,91.48456200000001,104.703163,226.134766,-1.523931,-5.338718,32050.244141,8.1544075,NA,NA,NA,NA,NA,NA,NA,NA,NA
Daily,2023-04-14,77.128548,NA,-108.356327,32.315331,49467.296875,49569.613281,49547.011719,6.201299,90.298004,104.7110295,236.3594515,-1.048425,-9.135224,32165.1933595,8.155069000000001,0,0.18,1.67,1.13,8.24,125,1.44,0.033,NA
Daily,2023-04-15,77.106018,25.058899,-108.29287,32.3358975,49488.1367185,49552.201172,49566.3007815,6.249649,90.997391,105.285851,232.447243,-1.0588115,-9.082447,32192.194336,8.160824,NA,NA,NA,NA,NA,NA,NA,NA,NA
Daily,2023-04-16,77.106018,25.058899,-108.442902,32.3587665,NA,49582.636719,49551.601563,6.3149645,92.083031,106.7469215,232.514191,-1.036212,-8.9664715,32188.642578,8.150522,NA,NA,NA,NA,NA,NA,NA,NA,NA
Daily,2023-04-17,77.106018,25.058899,-108.556877,32.381477,NA,49552.003906,49530.6445315,6.31071,91.833168,106.375282,231.601822,-1.0029795,-8.8505325,32170.59375,8.162288,NA,NA,NA,NA,NA,NA,NA,NA,NA
Daily,2023-04-18,77.128548,25.071415,-108.6361885,32.4056205,NA,49553.515625,49521.046875,6.28817,91.506561,106.05784650000001,233.648758,-0.9922285,-8.764086500000001,32183.943359,8.16111,NA,NA,NA,NA,NA,NA,NA,NA,NA
Daily,2023-04-19,77.128548,25.071415,-108.73249799999999,32.449352,49856.8164065,49543.378906,49527.2109375,6.22553,90.881226,105.398499,231.7684325,-0.9787505000000001,-8.743079,32183.194336,8.1495645,NA,NA,NA,NA,NA,NA,NA,NA,NA
Daily,2023-04-20,77.128548,25.065155,-108.839203,NA,49915.589844,49526.800781,49721.335938,6.265153,90.8803595,105.4321025,229.89743049999998,-0.9390805,-8.640013,32311.34375,8.155023,NA,NA,NA,NA,NA,NA,NA,NA,NA
Daily,2023-04-21,77.117279,25.071415,-108.841286,32.548641,49708.6679685,49809.675781,49797.4277345,6.296528,91.8367045,106.606293,230.115402,-0.936802,-8.59256,32287.943359,8.15699,0,0.06,1.03,1.7,8.25,136.4,1.74,0.001,NA
Daily,2023-04-22,77.117279,25.052639,-109.06028,32.596525,49754.1777345,49785.2753905,49766.3164065,6.270997,91.39254399999999,105.996876,229.206512,-0.9643335,-8.668338,32319.941406,8.1749525,NA,NA,NA,NA,NA,NA,NA,NA,NA
Daily,2023-04-23,77.117279,25.065155,-109.1047475,32.635593,NA,49788.363281,49793.6054685,6.212880999999999,91.09285750000001,104.9331095,226.338593,-0.9314525,-8.6179425,32314.644531,8.170553,NA,NA,NA,NA,NA,NA,NA,NA,NA
Daily,2023-04-24,77.106018,25.058899,-109.1506725,32.674286,NA,49800.816406,49810.0273435,6.2036735,90.385643,104.681473,224.462585,-0.925322,-8.4748635,32434.345703,8.176868,NA,NA,NA,NA,NA,NA,NA,NA,NA
Daily,2023-04-25,77.094749,25.052639,-109.374947,32.7196195,50135.0996095,49802.988281,49807.7265625,6.248667,90.7216265,105.15033,225.614136,-0.8855635,-8.1778715,32432.443359,8.1815365,NA,NA,NA,NA,NA,NA,NA,NA,NA
Daily,2023-04-26,77.094749,25.052639,-109.547863,NA,NA,49927.654297,50005.121094,6.1935785,90.1976815,104.6008,224.715706,-0.911227,-8.344189,32438.642578,8.191092,NA,NA,NA,NA,NA,NA,NA,NA,NA
Daily,2023-04-27,77.106018,25.058899,-109.589912,32.552623499999996,49967.7421875,50021,50050.40625,6.211804,90.9320985,104.8537215,225.829254,-0.869571,-7.929893,32423.744141,8.194939,NA,NA,NA,NA,NA,NA,NA,NA,NA
Daily,2023-04-28,NA,NA,NA,NA,NA,NA,NA,6.254421,90.868568,105.838875,225.950073,-0.862587,-8.029428,NA,8.191028,0,0.14,1.33,2.13,8.25,130,1.78,0.027,NA
Daily,2023-04-29,77.106018,25.058899,-109.9658545,32.883318,50059.136719,50041.582031,50085.6914065,6.25699,91.369106,105.546654,225.121277,-1.005755,-8.231249,32566.941406500002,8.241438,NA,NA,NA,NA,NA,NA,NA,NA,NA
Daily,2023-04-30,77.106018,25.058899,-109.990078,32.9182755,NA,50005.765625,50058.107422,6.234252,90.9582255,105.344879,223.20919049999998,-0.991529,-8.2090165,32555.494141,8.241613,NA,NA,NA,NA,NA,NA,NA,NA,NA
Daily,2023-05-01,77.106018,25.058899,-109.646187,32.955551,50254.0644535,50035.470703,50044.21875,6.233289,91.102596,105.242199,222.303055,-0.985801,-7.989601,32554.341797,8.230676,NA,NA,NA,NA,NA,NA,NA,NA,NA
Daily,2023-05-02,77.106018,25.058899,-109.4977875,NA,50420.6933595,50030.890625,50094.859375,6.2132570000000005,90.537254,105.049679,219.414063,-0.9831935,-8.356897499999999,32562.3427735,8.230608,NA,NA,NA,NA,NA,NA,NA,NA,NA
Daily,2023-05-03,77.106018,25.058899,-109.355621,32.782551,50205.4414065,50339.410156,50337.910156,6.199381,90.313492,104.66526,217.522751,-0.947146,-8.499431,32581.6933595,8.225232,NA,NA,NA,NA,NA,NA,NA,NA,NA
Daily,2023-05-04,77.106018,25.058899,-109.1385765,32.822746,50244.027344,50317.34375,50288.40625,6.188046,90.346466,104.7970315,217.6514355,-0.9629985,-8.385415,32694.893555000002,8.220547,NA,NA,NA,NA,NA,NA,NA,NA,NA
Daily,2023-05-05,77.117279,25.065155,-109.214874,32.8684005,NA,50313.7617185,50321.628906,6.201825,90.496887,105.077698,217.8028715,-0.948239,-8.397225,32684.244141,8.2083025,0,0.11,1.5,2.3,8.3,135,1.95,0.008,NA
Daily,2023-05-06,77.106018,25.058899,-109.243568,32.9169785,50350.894531,50294.5703125,50297.53125,6.265197,91.69118850000001,106.01151250000001,215.965607,-0.9683515,-8.510486499999999,32679.443359,8.217392,NA,NA,NA,NA,NA,NA,NA,NA,NA
Daily,2023-05-07,77.094749,25.052639,-109.253433,33.210437999999996,50640.9628905,50314.386719,50290.90625,6.230093,91.33918,105.7005045,217.5723725,-0.960129,-8.399283,32674.244141,8.215068,NA,NA,NA,NA,NA,NA,NA,NA,NA
Daily,2023-05-08,77.094749,25.052639,-109.219177,NA,NA,50385.5839845,50485.3281255,6.258246,91.2387085,105.5974465,218.224503,-0.965544,-8.349532,32881.6875,8.218834000000001,NA,NA,NA,NA,NA,NA,NA,NA,0.01
Daily,2023-05-09,77.083488,25.046381,-109.0508155,33.040739,50466.982422,50537.089844,50590.128906,6.196908,90.467232,104.862122,215.314392,-0.9396785,-8.447127,32890.6875,8.218620000000001,NA,NA,NA,NA,NA,NA,NA,NA,NA
Daily,2023-05-10,77.094749,25.052639,-109.372402,33.08112,50509.6308595,50560.980469,50566.2441405,6.200729,90.780121,105.325043,215.421051,-0.943699,-8.3910235,32891.289063,8.2200855,NA,NA,NA,NA,NA,NA,NA,NA,NA
Daily,2023-05-11,NA,25.046381,-109.330574,33.1324235,NA,50550.792969,50568.140625,6.1961885,90.55481,104.960945,215.566544,-0.928827,-8.397105,32875.890625,8.220206999999998,NA,NA,NA,NA,NA,NA,NA,NA,NA
Daily,2023-05-12,77.083488,25.046381,-109.779728,33.386356,NA,50790.355469,50834.089844,6.136791,90.254082,103.366608,229.340897,-0.581462,-7.8764195,33124.0839845,8.2199215,0,0.03,1.3,1.8,8.34,133,1.56,0.022,NA
Daily,2023-05-13,77.083488,25.040123,-109.74491900000001,33.422867,NA,50813.7558595,50817.078125,6.14194,89.966301,103.119713,226.4839785,-0.558467,-7.692834,33099.285156,8.210248,NA,NA,NA,NA,NA,NA,NA,NA,NA
Daily,2023-05-14,77.07222,25.040123,-109.977242,33.459461,NA,50795.3007815,50840.945313,6.144715,89.8436355,103.337685,222.5782925,-0.5606104999999999,-7.664057,33143.890625,8.230234,NA,NA,NA,NA,NA,NA,NA,NA,NA
Daily,2023-05-15,77.07222,25.040123,-109.5129395,NA,NA,50878.5625,51057.859375,6.1504775,90.148705,103.563782,220.7088165,-0.5287155,-7.604702,33108.082031,8.203967,NA,NA,NA,NA,NA,NA,NA,NA,NA
Daily,2023-05-16,77.060959,25.033865,-109.655602,33.286539000000005,50976.5507815,51076.160156,51094.390625,6.1546345,90.097237,103.699013,221.3314895,-0.532305,-7.4828335,33113.2910155,8.214852,NA,NA,NA,NA,NA,NA,NA,NA,NA
Daily,2023-05-17,NA,NA,NA,NA,NA,NA,NA,6.142467,89.94280599999999,103.46781150000001,220.907799,-0.5172615,-7.421706,NA,8.176117,NA,NA,NA,NA,NA,NA,NA,NA,NA
Daily,2023-05-18,77.07222,25.040123,-109.682098,NA,51035.1835935,51089.964844,51089.2402345,6.148688999999999,89.746094,103.278275,223.007339,-0.5279035000000001,-7.456283,33136.882813,8.1517375,NA,NA,NA,NA,NA,NA,NA,NA,NA
Daily,2023-05-19,77.07222,25.040123,-110.008278,33.607676,51048.4414065,51074.605469,51073.890625,6.160566,90.164291,104.00045399999999,221.05071249999997,-0.51904,-7.457156,33104.6875,8.1634585,0,0.17,1.4,1.9,8.36,128,1.62,0.005,NA
Daily,2023-05-20,77.07222,25.040123,-110.1874695,33.613632,51054.53125,51111.9257815,51039.8339845,6.198759,90.8475,104.310127,220.065582,-0.488641,-7.2233825,33113.6875,8.152363,NA,NA,NA,NA,NA,NA,NA,NA,NA
Daily,2023-05-21,77.07222,25.040123,-110.586983,33.6168975,51062.988281,51053.390625,51060.796875,6.154632,90.2124065,103.5602915,218.076485,-0.467989,-7.254907,33150.289063,8.15544,NA,NA,NA,NA,NA,NA,NA,NA,NA
Daily,2023-05-22,77.07222,25.040123,-110.6416475,33.611431,51051.509766,51067.25,51069.40625,6.17049,90.431648,103.884365,218.063202,-0.4711785,-6.988829,33099.886719,8.15976,NA,NA,NA,NA,NA,NA,NA,NA,NA
Daily,2023-05-23,77.07222,25.040123,-110.72393,33.613403500000004,51052.882813,51088.828125,51100.878906,6.1728815,90.5872265,103.74733,218.054749,-0.441239,-6.739555,33097.691406,8.156191,NA,NA,NA,NA,NA,NA,NA,NA,NA
Daily,2023-05-24,77.07222,25.040123,-110.872612,33.633644,51078.1601565,51058.5839845,51100.613281,6.121532,89.625343,103.465469,217.101013,-0.407722,-6.865176,33116.085938,8.157098,NA,NA,NA,NA,NA,NA,NA,NA,NA
Daily,2023-05-25,77.083488,25.040123,-111.163368,33.667236,NA,51097.191406,51078.984375,6.110208,89.567047,103.061928,220.721611,-0.565869,-7.492615,33112.0859375,8.220634,NA,NA,NA,NA,NA,NA,NA,NA,NA
Daily,2023-05-26,77.07222,25.040123,-111.1901815,33.704655,NA,51076.4921875,51069.351563,6.0963925,89.589653,102.795067,218.3334805,-0.52727,-7.121258,33133.390625,8.220317,0,0.1,1.5,2.1,8.34,130,1.5,0.005,NA
Daily,2023-05-27,77.07222,25.040123,-111.244225,33.732832,51439.417969,51059.121094,51045.824219,6.090793,89.0770375,102.7164535,214.936447,-0.523693,-7.171132,33129.484375,8.216967,NA,NA,NA,NA,NA,NA,NA,NA,NA
Daily,2023-05-28,77.060959,25.033865,-111.2258605,33.537628,51231.716797,51350.292969,51323.132813,6.141043,90.223824,103.485321,216.5769575,-0.469966,-6.940784,33392.691406,8.219451,NA,NA,NA,NA,NA,NA,NA,NA,NA
Daily,2023-05-29,77.060959,25.033865,-111.218872,33.568783,51265.652344,51312.472656,51344.929688,6.1176555,89.458054,103.147438,217.703735,-0.465759,-6.861741,33402.6875,8.219139,NA,NA,NA,NA,NA,NA,NA,NA,0
Daily,2023-05-30,77.060959,25.033865,-111.647678,33.6706485,NA,51045.779297,51081.355469,6.160057,90.4805715,104.38665,222.746513,-0.44455,-6.587219,33106.089844,8.221517,NA,NA,NA,NA,NA,NA,NA,NA,NA
Daily,2023-05-31,77.060959,25.033865,-111.669365,NA,51032.925781,51102.2714845,51065.746094,6.0952405,89.949871,102.720497,222.0165025,-0.40541649999999996,-6.362498,33132.289063,8.219189,NA,NA,NA,NA,NA,NA,NA,NA,NA
Daily,2023-06-01,77.04969,25.027605,-112.0849305,NA,51026.160156,51075.644531,51066.623047,6.110383,89.707542,102.85453,225.9752885,-0.517992,-6.5808055,33099.089844,8.21707,NA,NA,NA,NA,NA,NA,NA,NA,NA
Daily,2023-06-02,77.060959,25.033865,-112.223293,33.3274325,51016.554688,51025.355469,51100.1621095,6.105697,89.500092,103.130196,223.9531475,-0.502006,-6.6577655,33106.8828125,8.218131,0,0.15,1.3,2.17,8.2,129,1.57,0.017,NA
Daily,2023-06-03,77.07222,25.040123,-112.197021,33.337593,51022.517578,51056.042969,51084.886719,6.090674,89.174332,102.66427200000001,221.9872895,-0.466047,-6.5021,33109.3847655,8.2202625,NA,NA,NA,NA,NA,NA,NA,NA,NA
Daily,2023-06-04,77.07222,25.040123,-112.1258735,33.325775,51015.414063,51050.234375,51065.445313,6.110708,89.329636,102.833115,220.9712295,-0.43602,-6.392177,33111.8867185,8.213922,NA,NA,NA,NA,NA,NA,NA,NA,NA
Daily,2023-06-05,77.07222,25.040123,-112.154945,33.329346,51017.460938,51094.847656,51038.914063,6.187004,90.990646,104.34701899999999,221.960205,-0.387911,-6.251551,33122.6875,8.211805,NA,NA,NA,NA,NA,NA,NA,NA,NA
Daily,2023-06-06,77.060959,25.033865,-112.337227,33.328678,51018.792969,51083.222656,51086.142578,6.122241,89.78258550000001,102.966476,218.978867,-0.3661895,-6.1423115,33115.1875005,8.2164345,NA,NA,NA,NA,NA,NA,NA,NA,NA
Daily,2023-06-07,77.060959,25.033865,-112.151909,33.3214855,51007.625,51066.3515625,51084.060547,6.125045500000001,89.815567,103.3450205,218.9340055,-0.33145,-5.923088,33109.691406,8.219777,NA,NA,NA,NA,NA,NA,NA,NA,NA
Daily,2023-06-08,77.04969,25.027605,-112.320885,33.318449,51008.904297,51078.78125,51040.8242185,6.103926,89.375854,102.7609025,218.937973,-0.30755,-5.9853024999999995,33153.886719,8.223746,NA,NA,NA,NA,NA,NA,NA,NA,NA
Daily,2023-06-09,NA,NA,NA,33.32139,NA,51095.3378905,51064.888672,6.095314,89.41172,102.52536,219.92324100000002,-0.582381,-6.8288005,33108.886719,8.1958205,0,0.08,1.3,2.2,8.12,131,1.57,0.004,NA
Daily,2023-06-10,77.060959,25.033865,-112.2065425,33.357420000000005,NA,50799.9160155,50813.578125,6.208144000000001,91.086174,104.37364550000001,228.3054885,-1.9225664999999998,-3.820173,32909.289063,8.221717,NA,NA,NA,NA,NA,NA,NA,NA,NA
Daily,2023-06-11,77.060959,25.027605,-112.5819855,33.286335,50718.0039065,50823.738281,50804.234375,6.169017,90.162544,103.174637,225.07486,-1.884963,-3.903069,32867.7910155,8.220644,NA,NA,NA,NA,NA,NA,NA,NA,NA
Daily,2023-06-12,NA,NA,-112.266655,33.304951,50737.40625,50810.722656,50838.607422,6.184987,90.59946450000001,103.615112,225.634476,-1.8601584999999998,-3.77884,32833.9863285,8.224827999999999,NA,NA,NA,NA,NA,NA,NA,NA,NA
Daily,2023-06-13,77.060959,25.033865,-112.191788,33.295498,50728.921875,50813.300781,50788.707031,6.213655,90.790447,104.037659,221.116272,-1.851887,-4.041691999999999,32851.6875,8.212366,NA,NA,NA,NA,NA,NA,NA,NA,NA
Daily,2023-06-14,NA,25.033865,-112.124626,33.280678,50713.503906,50775.191406,50757.421875,6.18799,90.611092,103.4911005,216.066391,-1.822991,-4.337051,32873.185547,8.2123825,NA,NA,NA,NA,NA,NA,NA,NA,NA
Daily,2023-06-15,NA,NA,-112.121674,33.275043,50707.886719,50863.035156,50804.4882815,6.1821295,90.18937700000001,103.30718200000001,211.0479735,-1.853844,-4.742435,32851.6875,8.212345,NA,NA,NA,NA,NA,NA,NA,NA,NA
Daily,2023-06-16,77.04969,25.021349,-112.135323,33.275806,50707.050781,50805.136719,50820.195313,6.213644,90.71020899999999,103.61236550000001,211.040695,-1.822886,-4.679821,32861.289063,8.225425000000001,0,0.12,NA,NA,8.11,122,1.48,0.004,NA
Daily,2023-06-17,77.038429,25.021349,-112.224052,33.321594,50754.8984375,50811.7226565,50830.7402345,6.227591,91.138313,104.655781,213.156387,-1.936689,-5.152799,32878.388672,8.281667,NA,NA,NA,NA,NA,NA,NA,NA,NA
Daily,2023-06-18,77.060959,NA,-112.442574,33.343388,50777.703125,50798.607422,50825.1152345,6.234228,91.16999799999999,104.3214035,210.24124899999998,-1.926105,-4.9356659999999994,32893.292969,8.2831745,NA,NA,NA,NA,NA,NA,NA,NA,NA
Daily,2023-06-19,77.04969,25.024477,-112.34848,33.338139,50771.164063,50848.089844,50833.605469,6.2211455,91.0013615,104.453667,210.26754749999998,-1.887525,-4.7798305,32869.6875005,8.2837385,NA,NA,NA,NA,NA,NA,NA,NA,NA
Daily,2023-06-20,77.04969,25.027605,-112.21582,NA,50938.638672,50569.8222655,50709.867188,6.21996,90.7996445,104.042343,210.972824,-1.855576,-4.677901,32848.386719,8.2841919999999991,NA,NA,NA,NA,NA,NA,NA,NA,NA
Daily,2023-06-21,77.04969,25.024477,-112.530579,NA,NA,50596.482422,50783.7246095,6.2075175,90.8542445,103.972435,209.967361,-1.8426665,-4.4755525,32877.1875,8.281550500000002,NA,NA,NA,NA,NA,NA,NA,NA,NA
Daily,2023-06-22,77.04969,25.021349,-112.66655349999999,33.243382,50932.769531,50557.03125,50567.0507815,6.231577,91.112633,104.095459,215.945282,-1.855162,-4.865166500000001,32880.285156,8.26005,NA,NA,NA,NA,NA,NA,NA,NA,NA
Daily,2023-06-23,77.038429,25.021349,-112.67606749999999,NA,50931.8222655,50552.5625,50617.9472655,6.237946,91.70561599999999,104.484856,212.929466,-1.809035,-4.614671,32853.9863285,8.2613705,0,0.14,1.4,2.3,8.14,144,1.36,0.012,NA
Daily,2023-06-24,77.038429,25.021349,-112.731537,33.2823145,50714.994141,50802.691406,50823.078125,6.2712164999999995,91.90530050000001,104.875992,209.0746,-1.768225,-4.555004,32844.28125,8.268337,NA,NA,NA,NA,NA,NA,NA,NA,NA
Daily,2023-06-25,77.027161,25.015089,-113.091068,33.321442,50754.695313,50832.5214845,50818.699219,6.247887,91.1510925,104.800476,209.1547545,-1.745827,-4.433919,32858.7851565,8.276443,NA,NA,NA,NA,NA,NA,NA,NA,NA
Daily,2023-06-26,NA,25.008831,-113.16590500000001,33.270931,50705.6875,50800.199219,50826.828125,6.237531,91.319046,104.691315,210.213211,-1.690326,-4.351630999999999,32845.6875,8.2784685,NA,NA,NA,NA,NA,NA,NA,NA,NA
Daily,2023-06-27,NA,25.008831,-112.918053,33.0693535,50809.951172,50649.472656,50702.1621095,6.260402,91.598244,105.12899,211.98449699999998,-1.6417950000000001,-4.241055,32867.886719,8.2673175,NA,NA,NA,NA,NA,NA,NA,NA,NA
Daily,2023-06-28,NA,NA,-113.233013,32.790598,50215.273438,50247.878906,50279.953125,6.280693,91.828354,104.92217600000001,212.658478,-1.605348,-4.213894,32593.393555000002,8.271368500000001,NA,NA,NA,NA,NA,NA,NA,NA,NA
Daily,2023-06-29,77.038429,25.021349,-113.227318,32.903839,NA,50033.5410155,50053.382813,6.309882,91.819038,105.295822,221.175293,-1.8746155,-4.355187,32555.34375,8.1530725,NA,NA,NA,NA,NA,NA,NA,NA,NA
Daily,2023-06-30,77.027161,NA,-113.250496,32.949104,NA,50033.423828,50059.8125,6.346747,92.875664,105.9588435,216.2830735,-1.868568,-4.359753,32565.646484,8.158213499999999,0,NA,1.2,1.3,7.99,NA,0.97,0.007,NA
Daily,2023-07-01,77.027161,25.015089,-113.439148,32.9865,50410.601563,50050.058594,50077.226563,6.282074,91.912407,105.2005005,214.390419,-1.833424,-4.274212,32551.544922,8.1646945,NA,NA,NA,NA,NA,NA,NA,NA,NA
Daily,2023-07-02,77.027161,25.015089,-113.55381750000001,32.772960499999996,50191.9804685,50310.125,50305.382813,6.31671,92.6721765,105.934647,215.51703650000002,-1.7997295,-4.186215499999999,32549.042969,8.161026,NA,NA,NA,NA,NA,NA,NA,NA,NA
Daily,2023-07-03,77.027161,25.015089,-113.749641,32.804672,50225,50327.207031,50290.1796875,6.256171,91.708706,104.5457,213.608414,-1.755485,-4.034555,32695.841797,8.150832000000001,NA,NA,NA,NA,NA,NA,NA,NA,0.01
Daily,2023-07-04,77.04969,25.027605,-113.7519185,32.832989,50254.3925785,50291.863281,50307.511719,6.24594,91.28419099999999,104.560898,213.726639,-1.738529,-4.038089,32691.642578,8.157364999999999,NA,NA,NA,NA,NA,NA,NA,NA,NA
Daily,2023-07-05,77.04969,25.027605,-113.788612,32.862709,50291.359375,50336.3847655,50316.949219,6.303363,92.401146,105.40686,211.8050005,-1.7031065,-3.913264,32677.943359,8.1550495,NA,NA,NA,NA,NA,NA,NA,NA,NA
Daily,2023-07-06,77.038429,25.021349,-114.0518415,32.595169,49753.457031,49774.761719,49757.328125,6.349067,93.071915,106.740524,231.248306,-0.230115,-32.426346,32283.443359,8.225533,NA,NA,NA,NA,NA,NA,NA,NA,NA
Daily,2023-07-07,77.038429,25.021349,-114.341217,32.618904,NA,49777.5058595,49805.273438,6.352603,92.991508,106.473091,224.293381,-0.2103955,NA,32319.59375,8.224447999999999,0,0.13,1.5,2.1,8.28,136,0.68,0.006,NA
Daily,2023-07-08,77.038429,25.027605,-114.335388,32.643442,NA,49774.5527345,49825.9238285,6.376501,93.09143449999999,106.597878,223.877655,-0.194321,-32.480991,32305.042969,8.215501,NA,NA,NA,NA,NA,NA,NA,NA,NA
Daily,2023-07-09,NA,NA,-114.065186,32.664713,NA,49776.671875,49774.572266,6.360858,92.981575,106.404839,222.4323195,-0.162065,-32.027769,32426.8427735,8.221780500000001,NA,NA,NA,NA,NA,NA,NA,NA,NA
Daily,2023-07-10,77.156559,25.027605,-113.97378549999999,32.6832275,50095.5742185,49771.1308595,49814.804688,6.351369,93.023567,105.9117085,219.505508,-0.137834,-32.036215,32434.09375,8.216556,NA,NA,NA,NA,NA,NA,NA,NA,NA
Daily,2023-07-11,77.263428,25.146349,-113.532982,32.700169,50111.007813,49799.328125,49801.804688,6.401021,93.256203,107.022453,217.553375,-0.0902365,-31.905741,32430.194336,8.219866499999998,NA,NA,NA,NA,NA,NA,NA,NA,NA
Daily,2023-07-12,77.252159,25.140089,-113.5366705,32.712849,50124.5371095,49827.701172,49768.392578,6.388347,92.939625,106.639717,216.587372,-0.087521,-31.913518,32422.4921875,8.214943,NA,NA,NA,NA,NA,NA,NA,NA,NA
Daily,2023-07-13,77.252159,25.140089,-113.06064599999999,32.732269,50142.84375,49849.8984375,49791.6132815,6.381311,93.224701,106.700432,227.6491165,-0.15472,NA,32511.998047,8.278531,NA,NA,NA,NA,NA,NA,NA,NA,NA
Daily,2023-07-14,77.252159,25.140089,-113.0822905,32.7421225,50153.810547,49781.886719,49841.164063,6.3263195,92.25529900000001,106.22921,232.6805875,-0.123273,-32.361805,32511.998047,8.272336,0,0.18,1.2,1.8,7.94,131,0.59,0.006,NA
Daily,2023-07-15,77.252159,25.140089,-113.10376,32.505502500000006,NA,49778.7128905,50013.558594,6.3317,92.2791135,106.1544725,242.71765900000003,-0.098889,-32.134838,32511.998047,8.2908535,NA,NA,NA,NA,NA,NA,NA,NA,NA
Daily,2023-07-16,77.240898,25.133831,-113.15091699999999,32.52236550000001,49928.947266,50014.484375,50027.15625,6.386504,93.1948965,107.125381,246.754532,0.031199,-31.827053,32511.998047,8.286369,NA,NA,NA,NA,NA,NA,NA,NA,NA
Daily,2023-07-17,77.240898,25.133831,-113.533592,32.5331725,49940.4746095,50040.253906,50080.613281,6.37424,92.871685,106.687576,250.802078,0.045807,-31.835499,32511.998047,8.275974,NA,NA,NA,NA,NA,NA,NA,NA,0.06
Daily,2023-07-18,77.015892,25.008831,-113.478825,32.5472695,49959.0878905,50080.488281,50056.929688,6.2906785,91.8636095,105.138542,251.844772,0.104282,NA,32511.998047,8.286363,NA,NA,NA,NA,NA,NA,NA,NA,NA
Daily,2023-07-19,NA,NA,-113.572838,32.564572999999996,49972.513672,50061.890625,50039.779297,6.357124,92.6176605,106.705429,254.3980945,0.224934,-31.729598000000003,32511.998047,8.2769335,NA,NA,NA,NA,NA,NA,NA,NA,NA
Daily,2023-07-20,NA,NA,-113.978767,32.778757,50193.71875,50309.136719,50325.039063,6.3110409999999995,92.403843,105.8611415,232.5434265,-0.268657,NA,32639.998047,8.2269115,NA,NA,NA,NA,NA,NA,NA,NA,NA
Daily,2023-07-21,77.015892,25.008831,-113.982918,32.801273,50219.90625,50308.294922,50262.285156,6.285972,91.814514,105.411507,233.605789,-0.238327,NA,32767.998047,8.219747,0,0.18,1.6,2.4,7.93,138,0.55,0,NA
Daily,2023-07-22,77.027161,25.015089,-113.76416,32.827847,50248.892578,50299.3535155,50312.6015625,6.25625,91.603958,104.972427,230.677368,-0.2145485,NA,32767.998047,8.212048,NA,NA,NA,NA,NA,NA,NA,NA,NA
Daily,2023-07-23,NA,NA,-112.9328195,32.854292,50272.742188,50296.199219,50312.853516,6.264201,91.513767,104.987995,NA,-0.1433735,-32.085209,32767.998047,8.224614,NA,NA,NA,NA,NA,NA,NA,NA,NA
Daily,2023-07-24,77.038429,NA,-112.961754,32.871773,50312.09375,50341.246094,50290.859375,6.318213,92.414169,105.721439,233.819534,0.100026,-31.1817255,32767.998047,8.2106275,NA,NA,NA,NA,NA,NA,NA,NA,NA
Daily,2023-07-25,77.027161,25.015089,-111.949043,32.884405,NA,50314.167969,50303.498047,6.3010535,92.407692,105.857414,232.85614,0.25379850000000004,-29.561681,32767.998047,8.191633,NA,NA,NA,NA,NA,NA,NA,NA,NA
Daily,2023-07-26,77.252159,25.140089,-112.055958,32.900394,NA,50323.8652345,50302.75,6.3764845,93.128334,106.999985,234.913727,0.574486,-28.324852,32767.998047,8.206931,NA,NA,NA,NA,NA,NA,NA,NA,NA
Daily,2023-07-27,77.015892,25.008831,-112.72056599999999,NA,NA,50351.78125,50302.179688,6.3542855,92.96928399999999,106.150124,232.973404,-0.3396675,-32.923553,32767.998047,8.209506999999999,NA,NA,NA,NA,NA,NA,NA,NA,NA
Daily,2023-07-28,77.015892,25.008831,-113.412422,33.195339,50619.34375,50279.207031,50287.257813,6.319459,92.837135,106.32700349999999,232.0468065,-0.029937,-32.207047,32767.998047,8.233154,0,0.19,1.8,2.6,7.95,142,0.84,0.007,NA
Daily,2023-07-29,77.21273049999999,25.118185,-113.402428,33.2110025,50638.425781,50301.191406,50304.03125,6.392937,93.0783,107.187904,231.0974805,0.513314,-30.924169499999998,32767.998047,8.227598,NA,NA,NA,NA,NA,NA,NA,NA,NA
Daily,2023-07-30,77.218361,25.121313,-112.98026300000001,33.230122,50659.671875,50269.6601565,50326.207031,6.3104375,92.581421,106.073036,231.1456605,1.236701,-26.874331,32767.998047,8.2265285,NA,NA,NA,NA,NA,NA,NA,NA,NA
Daily,2023-07-31,77.218361,25.121313,-112.767048,NA,50679.8671875,50299.621094,50494.9277345,6.357467,92.883152,106.076012,230.223831,1.6814165,-24.00631,33023.996094,8.211317,NA,NA,NA,NA,NA,NA,NA,NA,NA
Daily,2023-08-01,77.218361,25.121313,-112.749847,33.01925850000001,50443.7773435,50562.8222655,50544.3203125,6.373443,93.363159,106.565853,229.272263,3.5206035,-11.006305,33023.996094,8.2231175,NA,NA,NA,NA,NA,NA,NA,NA,NA
Daily,2023-08-02,77.218361,25.121313,NA,NA,NA,50576.4296875,NA,6.4139505,93.7372705,107.655914,230.312454,1.7860145,-26.5176615,33023.996094,8.214603,NA,NA,NA,NA,NA,NA,NA,NA,NA
Daily,2023-08-03,77.443367,25.246313,-113.135895,32.8944435,50314.378906,50159.1640625,50192.523438,6.148617,89.9617615,102.6084785,231.985649,-0.3244115,-32.447861,32639.998047,8.277371500000001,NA,NA,NA,NA,NA,NA,NA,NA,NA
Daily,2023-08-04,77.218361,25.121313,-113.438133,32.935417,50360.244141,50086.355469,50037.484375,6.1639305,89.79921300000001,102.690109,NA,-0.165189,-32.361318499999996,32639.998047,8.274117,0,0.12,1.5,2.1,7.85,144,0.7,0.006,NA
Daily,2023-08-05,77.218361,25.121313,-113.384377,32.969555,50395.488281,50055.472656,50070.125,6.171693,90.347626,102.823418,234.37580100000002,-0.186183,-30.703311,32639.998047,8.2767835,NA,NA,NA,NA,NA,NA,NA,NA,NA
Daily,2023-08-06,77.218361,25.121313,-113.20166,NA,50304.5019535,50150.4492185,50242.128906,6.165575499999999,90.19722,102.703773,233.476494,-0.069524,-28.852901,32639.998047,8.276649,NA,NA,NA,NA,NA,NA,NA,NA,NA
Daily,2023-08-07,77.218361,25.121313,-113.2174,32.782696,50201.484375,50301,50282.373047,6.206651,90.826042,103.605896,234.5564345,-0.061395,-27.1217655,32639.998047,8.281578,NA,NA,NA,NA,NA,NA,NA,NA,NA
Daily,2023-08-08,77.2071,25.115057,-112.944794,32.8036385,50221.929688,50262.7128905,50292.996094,6.161326,89.926636,102.439949,232.62589250000002,0.1748545,-22.3213565,32767.998047,8.278634,NA,NA,NA,NA,NA,NA,NA,NA,NA
Daily,2023-08-09,77.2071,25.115057,-112.527168,32.826088,50248.871094,50285.441406,50295.261719,6.1699585,90.525799,102.81902299999999,232.692368,0.407628,-12.82464,32767.998047,8.27965,NA,NA,NA,NA,NA,NA,NA,NA,NA
Daily,2023-08-10,77.218361,25.121313,-113.016296,32.8505215,50271.257813,50282.515625,50317.988281,6.178163,90.430031,103.0660095,232.757736,-0.358738,1.353955,32767.998047,8.161023499999999,NA,NA,NA,NA,NA,NA,NA,NA,NA
Daily,2023-08-11,77.218361,25.121313,-112.847038,32.873577,50297.3476565,50312.925781,50340.753906,6.150213,89.913078,102.448311,229.820511,-0.3325275,2.4139445,32767.998047,8.156514,0,0.22,1.5,2.3,8.22,139,0.95,0.017,NA
Daily,2023-08-12,77.2071,25.115057,-111.815094,32.89579,NA,50328.296875,50329.5507815,6.1446225000000005,90.113319,102.743614,227.890747,-0.269207,2.492937,32767.998047,8.1500655,NA,NA,NA,NA,NA,NA,NA,NA,NA
Daily,2023-08-13,77.218361,25.121313,-112.184586,NA,NA,50286.4316405,50299.060547,6.2207,91.011925,103.840538,228.981445,-0.137718,3.7999140000000002,32767.998047,8.149261,NA,NA,NA,NA,NA,NA,NA,NA,NA
Daily,2023-08-14,77.218361,25.121313,-110.713043,33.198902,NA,50342.3164065,50314.804688,6.1219660000000005,89.225151,102.295578,227.056458,-0.061045,6.1821795,32767.998047,8.163191,NA,NA,NA,NA,NA,NA,NA,NA,NA
Daily,2023-08-15,77.11149599999999,NA,-109.5146445,33.227539,50656.064453,50301.6660155,50333.472656,6.155885,90.072655,102.5222355,228.131477,0.23990050000000002,12.060165,32767.998047,8.10144,NA,NA,NA,NA,NA,NA,NA,NA,NA
Daily,2023-08-16,77.218361,25.121313,-109.99744799999999,NA,50679.4316405,50314.484375,50490.84375,6.199277,90.804596,103.779915,228.2319185,0.0280095,13.126837,33023.996094,8.108449,NA,NA,NA,NA,NA,NA,NA,NA,NA
Daily,2023-08-17,NA,NA,-109.834717,33.0193655,50443.9277345,50551.060547,50554.6464845,6.15757,90.1085395,102.663956,228.2671735,0.340801,23.011663,33023.996094,8.099298,NA,NA,NA,NA,NA,NA,NA,NA,NA
Daily,2023-08-18,77.11149599999999,NA,-109.389442,33.0357035,NA,50531.453125,50541.7070315,6.133629,89.785919,102.08844,230.81575800000002,0.3541925,28.1419065,33023.996094,8.100472,0,0.14,1.2,2.2,8.14,139,0.78,0.015,NA
Daily,2023-08-19,77.218361,25.121313,-109.8519285,33.235016,50665.638672,50295.314453,50277.125,6.181942,90.410782,103.300934,225.16601550000001,-0.222855,2.874949,33023.996094,8.158122,NA,NA,NA,NA,NA,NA,NA,NA,NA
Daily,2023-08-20,77.2071,25.115057,-109.732262,NA,NA,50322.0234375,50489.433594,6.153004,89.924583,102.8324585,222.2205505,-3.6e-5,5.970342,33023.996094,8.151943,NA,NA,NA,NA,NA,NA,NA,NA,NA
Daily,2023-08-21,77.2071,25.115057,-108.9970325,33.013731,50438.707031,50553.390625,50556.8007815,6.1510605,89.94883,102.265656,224.25998700000002,0.066547,5.315072,33023.996094,8.143145,NA,NA,NA,NA,NA,NA,NA,NA,NA
Daily,2023-08-22,77.2071,25.115057,-109.100243,33.0114385,NA,50542.5390625,50574.03125,6.129417,89.778717,102.4898835,225.256897,0.8976295,9.692612,33023.996094,8.145903,NA,NA,NA,NA,NA,NA,NA,NA,NA
Daily,2023-08-23,77.2071,25.115057,-109.549549,32.634735,NA,NA,NA,6.1304885,89.766716,102.559067,226.2754745,1.497309,13.35192,32511.998047,8.1630345,NA,NA,NA,NA,NA,NA,NA,NA,NA
Daily,2023-08-24,77.2071,25.115057,-110.032005,32.675369,NA,49780.7714845,49789.3222655,6.169194,89.902996,102.5901145,229.4846955,-0.251826,2.0169395000000003,32511.998047,8.115775,NA,NA,NA,NA,NA,NA,NA,NA,NA
Daily,2023-08-25,77.2071,25.115057,-110.66547,32.680176,NA,49800.46875,49784.445313,6.158227,90.422554,103.165993,229.502197,-0.063944,4.192023,32511.998047,8.137313,0,0.01,1.13,1.73,8.23,126,0.77,0.028,NA
Daily,2023-08-26,77.22963,25.115057,-110.425224,32.669458500000005,NA,49786.7714845,49773.734375,6.133685,89.2734985,102.07835399999999,228.4676895,0.363403,4.846143,32511.998047,8.130083,NA,NA,NA,NA,NA,NA,NA,NA,NA
Daily,2023-08-27,77.2071,25.118185,-110.24786399999999,32.663979,NA,49790.15625,49782.169922,6.164011,89.7004585,102.57698049999999,229.447495,1.2461280000000001,6.407688,32511.998047,8.123785,NA,NA,NA,NA,NA,NA,NA,NA,NA
Daily,2023-08-28,77.218361,25.121313,-110.749466,32.6652375,NA,49777.230469,49810.265625,6.1769225,90.130653,102.972786,229.45105,1.461164,15.098015499999999,32511.998047,8.1360055,NA,NA,NA,NA,NA,NA,NA,NA,NA
Daily,2023-08-29,77.218361,25.121313,-110.974281,32.668995,NA,49779.582031,49812.457031,6.128356,89.42460249999999,102.389267,228.464844,2.421894,25.134634,32511.998047,8.141718000000001,NA,NA,NA,NA,NA,NA,NA,NA,NA
Daily,2023-08-30,77.218361,25.121313,NA,NA,NA,NA,NA,6.110478,89.729935,102.377777,NA,3.595742,35.144024,32511.998047,8.1358435,NA,NA,NA,NA,NA,NA,NA,NA,NA
Daily,2023-08-31,77.218361,25.121313,-111.447044,32.6726895,50086.921875,49795.535156,49792.007813,6.1400655,89.973076,102.377182,230.4765395,-0.03395,2.5092535,32511.998047,8.155022,NA,NA,NA,NA,NA,NA,NA,NA,NA
Daily,2023-09-01,77.2071,25.115057,-111.386204,32.67432,NA,49805.488281,49796.6914065,6.103795,89.4406855,102.051247,NA,0.046358,4.097048,32511.998047,8.1580255,0,0.18,1.33,0.83,8.26,124,0.61,0.012,NA
Daily,2023-09-02,NA,25.108797,-110.042267,32.695858,NA,49764.9277345,49778.464844,6.111972,89.17813899999999,101.784458,NA,0.373958,3.894038,32511.998047,8.141051000000001,NA,NA,NA,NA,NA,NA,NA,NA,NA
Daily,2023-09-03,77.195831,25.115057,-109.860161,32.713962499999994,50130.660156,49789.113281,49814.191406,6.158684,89.919189,102.6760595,NA,1.438543,7.1967865,32511.998047,8.1196315,NA,NA,NA,NA,NA,NA,NA,NA,NA
Daily,2023-09-04,77.195831,25.108797,-109.808662,32.7365455,50155.074219,49783.421875,49783.1933595,6.146489,89.661415,102.22308699999999,NA,2.260198,13.713586,32511.998047,8.129874,NA,NA,NA,NA,NA,NA,NA,NA,NA
Daily,2023-09-05,77.195831,25.108797,-110.211449,32.744343,50164.2832035,49791.417969,49811.410156,6.147794,89.2579725,101.805649,NA,3.503589,25.311899,32511.998047,8.138493,NA,NA,NA,NA,NA,NA,NA,NA,0
Daily,2023-09-06,77.195831,25.108797,-110.64905949999999,NA,50168.390625,49764.125,49886.042969,6.154775,89.706051,102.4234505,230.7023165,5.132791,34.374525,32511.998047,8.161661500000001,NA,NA,NA,NA,NA,NA,NA,NA,NA
Daily,2023-09-07,77.18457,25.102539,-111.228516,33.327415,50761.654297,50786.910156,50790.359375,6.111548,89.3759655,102.383331,235.197189,-0.150912,2.77973,33023.996094,8.158664,NA,NA,NA,NA,NA,NA,NA,NA,NA
Daily,2023-09-08,77.18457,25.102539,-111.345062,33.321484,50752.316406,50809.7148435,50849.925781,6.1109694999999995,89.55147199999999,102.6060485,234.177536,-1.6765729999999999,-19.734681000000002,33023.996094,8.1723425,0,0.05,1.7,2.07,8.14,127,0.86,0.005,NA
Daily,2023-09-09,77.18457,25.102539,-110.78516400000001,33.317541000000006,50749.097656,50814.1191405,50861.074219,6.128119,89.8573725,102.741394,231.16859449999998,-1.628854,-19.859314,33023.996094,8.1648405,NA,NA,NA,NA,NA,NA,NA,NA,NA
Daily,2023-09-10,77.18457,25.102539,-110.8599245,33.31427,50745.320313,50786.6503905,50836.2441405,6.1279960000000004,89.8930205,102.982582,230.166519,-1.5075665,-17.5461015,33023.996094,8.157384,NA,NA,NA,NA,NA,NA,NA,NA,NA
Daily,2023-09-11,77.18457,25.102539,-110.874458,33.313396,50743.363281,50811.652344,50816.964844,6.127071,89.73275000000001,102.6656495,229.152695,-0.869027,-13.1163575,33023.996094,8.150747500000001,NA,NA,NA,NA,NA,NA,NA,NA,NA
Daily,2023-09-12,77.173309,25.096281,-110.02054949999999,33.3166315,50748.910156,50831.910156,50833.234375,6.090117,89.059753,101.784821,226.164688,0.435516,-7.43359,33023.996094,8.153529,NA,NA,NA,NA,NA,NA,NA,NA,NA
Daily,2023-09-13,77.173309,25.096281,NA,NA,50762.777344,50812.5625,NA,6.1330855,90.045609,103.11513149999999,225.19492350000002,0.217278,-2.920312,33023.996094,8.145898,NA,NA,NA,NA,NA,NA,NA,NA,NA
Daily,2023-09-14,77.18457,25.096281,-109.253986,33.339642,50771.2890625,50821.515625,50838.394531,6.079688,89.1456565,102.102509,225.224045,-1.6844190000000001,-18.742031,33023.996094,8.149721,NA,NA,NA,NA,NA,NA,NA,NA,NA
Daily,2023-09-15,77.18457,25.102539,-109.9451825,33.329979,50761.306641,50785.496094,50836.082031,6.161246,90.054783,103.464752,224.2065355,-1.465061,-17.988564,33023.996094,8.149261,0,0.01,1,1.33,8.18,118,0.59,0.015,NA
Daily,2023-09-16,77.18457,25.102539,-110.160351,NA,50706.097656,50825.7597655,50873.546875,6.1034205,88.959869,101.634087,223.61629499999998,-1.111958,-14.233883500000001,33023.996094,8.154908,NA,NA,NA,NA,NA,NA,NA,NA,NA
Daily,2023-09-17,77.18457,25.102539,-110.422386,33.004789,NA,50544.128906,50814.1875,6.060558,88.811329,101.68964,226.98503899999997,-0.4506745,-11.481431,33023.996094,8.152709,NA,NA,NA,NA,NA,NA,NA,NA,NA
Daily,2023-09-18,77.18457,25.102539,-110.522774,NA,NA,50566.0546875,50815.808594,6.1518415,90.353516,103.0255625,226.984573,1.29158,-3.6283035,33023.996094,8.1662725,NA,NA,NA,NA,NA,NA,NA,NA,NA
Daily,2023-09-19,77.18457,25.102539,-110.768501,33.2678565,50697.585938,50808.597656,50802.875,6.116073999999999,89.5991895,102.65029150000001,226.019119,1.3698320000000002,2.8634465000000002,33023.996094,8.163928,NA,NA,NA,NA,NA,NA,NA,NA,NA
Daily,2023-09-20,77.18457,25.102539,-110.514679,33.266148,50697.6621095,50821.5039065,50828.40625,6.084975,88.597389,101.957504,225.0167465,1.854236,10.421694,33023.996094,8.150126,NA,NA,NA,NA,NA,NA,NA,NA,NA
Daily,2023-09-21,77.18457,25.102539,-110.261139,33.28014,50709.582031,50803.207031,50943.996094,6.108299499999999,89.44232149999999,102.345062,222.0396805,NA,NA,33023.996094,8.220361,NA,NA,NA,NA,NA,NA,NA,NA,NA
Daily,2023-09-22,77.1789395,25.102539,-109.75140400000001,33.288704,50719.628906,50826.046875,50943.996094,6.104411,89.471699,102.424938,224.081436,NA,NA,33023.996094,8.193996,0,0.01,1.43,1.86,8.18,129,0.76,0.03,NA
Daily,2023-09-23,77.173309,25.096281,-109.333763,33.287580500000004,50716.7421875,50800.3085935,50943.996094,6.0891455,89.104088,101.982697,223.084167,NA,NA,33023.996094,8.1758105,NA,NA,NA,NA,NA,NA,NA,NA,NA
Daily,2023-09-24,77.173309,25.090021,-109.583382,33.296429,50726.765625,50834.449219,50943.996094,6.161079,89.9166105,103.0069925,223.109512,NA,NA,33023.996094,8.192677,NA,NA,NA,NA,NA,NA,NA,NA,NA
Daily,2023-09-25,77.162041,25.090021,-109.78860850000001,33.295593,50727.376953,50792.847656,50943.996094,6.162472,89.903137,102.8404235,221.127319,NA,NA,33023.996094,8.201963,NA,NA,NA,NA,NA,NA,NA,NA,NA
Daily,2023-09-26,77.162041,25.090021,-110.063911,33.292118,50722.867188,50800.0546875,50943.996094,6.135449,90.066372,103.028778,221.096344,NA,NA,33023.996094,8.2089135,NA,NA,NA,NA,NA,NA,NA,NA,NA
Daily,2023-09-27,77.162041,25.090021,-109.714077,NA,NA,NA,50943.996094,6.1178550000000005,89.108803,102.256996,222.078842,NA,NA,33023.996094,8.20277,NA,NA,NA,NA,NA,NA,NA,NA,NA
Daily,2023-09-28,77.162041,25.090021,-110.264191,33.2843055,50714.84375,50805.730469,50943.996094,6.114098,89.931442,102.9067805,221.566696,NA,NA,33023.996094,8.148817000000001,NA,NA,NA,NA,NA,NA,NA,NA,NA
Daily,2023-09-29,77.173309,25.096281,-110.221779,33.287842,50718.828125,50799.214844,50943.996094,6.125004000000001,89.754791,102.944946,221.076485,NA,NA,33023.996094,8.1540965,0,0.04,1,0.23,8.22,130,0.62,0.02,NA
Daily,2023-09-30,77.173309,25.096281,-110.2821045,33.299425,50728.203125,50848.027344,50943.996094,6.1394865,90.50784300000001,103.192482,220.1361695,NA,NA,33023.996094,8.1518865,NA,NA,NA,NA,NA,NA,NA,NA,NA
Daily,2023-10-01,77.18457,25.102539,-110.37821600000001,33.2980575,50728.1328125,50833.324219,50943.996094,6.073133,89.225891,101.858368,220.11615,NA,NA,33023.996094,8.154754,NA,NA,NA,NA,NA,NA,NA,NA,NA
Daily,2023-10-02,77.18457,25.102539,-110.436287,33.296617499999996,50724.939453,50777.128906,50943.996094,6.09701,88.991028,102.2213785,222.103516,NA,NA,33023.996094,8.158945,NA,NA,NA,NA,NA,NA,NA,NA,0
Daily,2023-10-03,77.18457,25.102539,-110.42319499999999,33.3010635,50726.8984375,50859.2402345,50943.996094,6.0714365,89.965492,102.35231350000001,222.12461050000002,NA,NA,33023.996094,8.159249,NA,NA,NA,NA,NA,NA,NA,NA,NA
Daily,2023-10-04,77.173309,25.096281,-109.873066,NA,NA,NA,50943.996094,6.05781,87.830444,101.302956,222.104568,NA,NA,33023.996094,8.154193500000002,NA,NA,NA,NA,NA,NA,NA,NA,NA
Daily,2023-10-05,77.173309,NA,-110.422039,33.11759,50543.867188,50524.689453,50687.996094,5.961437,87.219433,99.732128,234.576981,NA,NA,33023.996094,8.107872,NA,NA,NA,NA,NA,NA,NA,NA,NA
Daily,2023-10-06,77.162041,25.090021,-110.384735,33.115734,50546.355469,50568.558594,50687.996094,5.989727,87.590637,100.377892,233.553589,NA,NA,33023.996094,8.101661499999999,0,NA,1.4,1.73,8.09,128,0.6,0.051,NA
Daily,2023-10-07,77.162041,25.090021,-109.800934,33.089764,50516.996094,50550.050781,50687.996094,5.9747835,87.628006,100.27202249999999,232.48940249999998,NA,NA,33023.996094,8.094343,NA,NA,NA,NA,NA,NA,NA,NA,NA
Daily,2023-10-08,77.162041,25.090021,-109.898506,33.088425,50514.9589845,50547.9746095,50687.996094,6.024259,87.6605605,100.5917015,NA,NA,NA,33023.996094,8.098575499999999,NA,NA,NA,NA,NA,NA,NA,NA,NA
Daily,2023-10-09,77.162041,25.090021,-109.94471,33.082436,50508.7070315,50583.59375,50687.996094,6.009902,88.073189,100.78344,233.4717635,NA,NA,33023.996094,8.0915945,NA,NA,NA,NA,NA,NA,NA,NA,NA
Daily,2023-10-10,77.162041,25.083765,-109.483742,33.079693,50506.056641,50556.65625,50687.996094,5.9483619999999995,86.910919,99.566574,233.4520415,NA,NA,33023.996094,8.098165,NA,NA,NA,NA,NA,NA,NA,NA,NA
Daily,2023-10-11,77.162041,25.083765,-109.754143,33.078858999999994,50504.527344,50574.011719,50687.996094,5.9185585,86.611221,99.190311500000007,233.4429705,NA,NA,33023.996094,8.095123,NA,NA,NA,NA,NA,NA,NA,NA,NA
Daily,2023-10-12,77.15078,25.090021,-109.808815,33.074997,50499.644531,50546.28125,50687.996094,5.953866,87.344597,99.7805405,231.4354245,NA,NA,33023.996094,8.095729,NA,NA,NA,NA,NA,NA,NA,NA,NA
Daily,2023-10-13,NA,NA,NA,NA,NA,NA,50687.996094,5.957113,87.232338,99.747643,NA,NA,NA,33023.996094,8.023517,0,0,1.43,2.27,NA,NA,NA,NA,NA
Daily,2023-10-14,77.15078,25.083765,-109.845947,33.0933115,50519.2246095,50507.498047,50687.996094,6.0010875,87.77877,100.4381025,235.4907225,NA,NA,33023.996094,8.091306,NA,NA,NA,NA,NA,NA,NA,NA,NA
Daily,2023-10-15,77.15078,25.083765,-109.3183635,33.095377,50521.144531,50545.003906,50687.996094,5.987377,87.509811,100.3601725,235.5108185,NA,NA,33023.996094,8.0696795,NA,NA,NA,NA,NA,NA,NA,NA,NA
Daily,2023-10-16,77.162041,25.083765,-109.247864,33.085539,50511.566406,50582,50687.996094,6.068682,88.723228,101.683792,238.471283,NA,NA,33023.996094,8.0645415,NA,NA,NA,NA,NA,NA,NA,NA,NA
Daily,2023-10-17,77.162041,25.083765,-108.919319,33.0845565,50509.082031,50562.828125,50687.996094,6.020995,88.228615,100.798271,239.465622,NA,NA,33023.996094,8.053457,NA,NA,NA,NA,NA,NA,NA,NA,NA
Daily,2023-10-18,77.15078,25.083765,NA,NA,NA,NA,50687.996094,5.999765,87.7128865,100.43837350000001,246.4750215,NA,NA,33023.996094,8.023731999999999,NA,NA,NA,NA,NA,NA,NA,NA,NA
Daily,2023-10-19,77.162041,25.090021,-108.913727,33.094456,50519.6621095,50548.5234375,50687.996094,6.0331695,88.050106,100.929688,242.504471,NA,NA,33023.996094,8.155677,NA,NA,NA,NA,NA,NA,NA,NA,NA
Daily,2023-10-20,77.162041,25.090021,-108.871685,33.0912035,50517.960938,50556.90625,50687.996094,6.023376,88.36837,100.91888399999999,244.474083,NA,NA,33023.996094,8.152967499999999,0,0.04,1.8,0.83,8.15,126,0.57,NA,NA
Daily,2023-10-21,77.162041,25.083765,-108.8427655,33.113862999999995,NA,50562.1875,50687.996094,5.9991235,87.675541,100.416229,243.5393445,NA,NA,33023.996094,8.153674500000001,NA,NA,NA,NA,NA,NA,NA,NA,NA
Daily,2023-10-22,77.162041,25.090021,-108.823051,33.1237965,NA,50557.6132815,50687.996094,6.012082,88.14991,100.8034055,244.588104,NA,NA,33023.996094,8.156897,NA,NA,NA,NA,NA,NA,NA,NA,NA
Daily,2023-10-23,77.162041,25.090021,-108.83873750000001,33.120264,NA,50566.019531,50687.996094,5.987648,87.464905,100.16153,NA,NA,NA,33023.996094,8.151381,NA,NA,NA,NA,NA,NA,NA,NA,NA
Daily,2023-10-24,77.162041,25.090021,-108.85022749999999,33.123077,50547.90625,50554.21875,50687.996094,5.9699,87.467522,100.159786,NA,NA,NA,33023.996094,8.150893,NA,NA,NA,NA,NA,NA,NA,NA,NA
Daily,2023-10-25,77.162041,25.090021,-107.40493,33.138672,NA,50577.265625,50687.996094,5.928564,86.63282,99.196678,249.64473,NA,NA,33023.996094,8.0963945,NA,NA,NA,NA,NA,NA,NA,NA,NA
Daily,2023-10-26,77.162041,25.090021,-107.487633,33.1419885,NA,50560.9628905,50687.996094,5.9871275,87.6217305,100.322586,246.626259,NA,NA,33023.996094,8.144213,NA,NA,NA,NA,NA,NA,NA,NA,NA
Daily,2023-10-27,77.15078,25.083765,-107.904388,33.14354350000001,NA,50591.935547,50687.996094,5.986561,87.699394,100.483269,245.647354,NA,NA,33023.996094,8.160539,0,0.06,1.43,1.8,8.07,117,0.66,0.021,NA
Daily,2023-10-28,77.139511,25.077505,-107.884605,33.143906,NA,50527.503906,50687.996094,5.99044,87.493294,100.160076,245.6502765,NA,NA,33023.996094,8.1551380000000009,NA,NA,NA,NA,NA,NA,NA,NA,NA
Daily,2023-10-29,77.139511,25.077505,-107.947777,33.14978,NA,50567.294922,50687.996094,5.9839275,87.681236,100.33544549999999,246.682114,NA,NA,33023.996094,8.156043,NA,NA,NA,NA,NA,NA,NA,NA,NA
Daily,2023-10-30,77.139511,25.077505,-107.9753685,33.1524865,NA,50549.0625,50687.996094,5.9768384999999995,87.73777,100.270004,250.6753155,NA,NA,33023.996094,8.159278,NA,NA,NA,NA,NA,NA,NA,NA,NA
Daily,2023-10-31,77.128242,25.071247,-108.2199555,33.150720500000006,NA,50557.183594,50687.996094,5.990416,87.324364,100.088875,250.670563,NA,NA,33023.996094,8.1558085,NA,NA,NA,NA,NA,NA,NA,NA,NA
Daily,2023-11-01,NA,25.083765,-107.954422,33.137257,NA,50570.5078125,50687.996094,6.019645499999999,87.812729,100.6933745,251.6218795,NA,NA,33023.996094,8.1545305,NA,NA,NA,NA,NA,NA,NA,NA,NA
Daily,2023-11-02,NA,NA,-108.402039,32.6789665,50092.1015625,49802.347656,49919.996094,5.874524,85.66766000000001,101.402382,246.503265,NA,NA,32511.998047,8.0287625,NA,NA,NA,NA,NA,NA,NA,NA,NA
Daily,2023-11-03,77.15078,25.083765,-108.37124299999999,32.669945,50085.0468755,49825.390625,49919.996094,5.874883,85.5744975,101.5667535,NA,NA,NA,32511.998047,8.022542999999999,0,0.13,1.5,2.83,8.11,124,0.66,NA,NA
Daily,2023-11-04,NA,25.083765,-108.114906,32.639423,NA,49797.798828,49919.996094,5.860229,85.519997,101.3136405,241.368828,NA,NA,32383.998047,8.017642,NA,NA,NA,NA,NA,NA,NA,NA,NA
Daily,2023-11-05,77.15078,25.083765,-107.995934,32.6368735,NA,49764.964844,49919.996094,5.869962,85.6247405,101.840885,244.370987,NA,NA,32383.998047,8.0181915,NA,NA,NA,NA,NA,NA,NA,NA,NA
Daily,2023-11-06,77.139511,25.080635,-107.850945,32.619942,NA,49758.357422,49919.996094,5.867834,85.433914,101.2752875,246.32431,NA,NA,32383.998047,8.012705,NA,NA,NA,NA,NA,NA,NA,NA,0.02
Daily,2023-11-07,77.162041,25.083765,-107.637596,32.62326,NA,49765.378906,49919.996094,5.873128,85.7900505,101.633972,NA,NA,NA,32383.998047,8.000741999999999,NA,NA,NA,NA,NA,NA,NA,NA,NA
Daily,2023-11-08,77.15078,25.083765,-107.55215050000001,32.627300500000004,NA,49788.8339845,49919.996094,5.885197,85.663536,101.627289,249.335999,NA,NA,32383.998047,7.998237,NA,NA,NA,NA,NA,NA,NA,NA,NA
Daily,2023-11-09,77.139511,25.077505,-107.895294,32.631458,NA,49793.0664065,49919.996094,5.886114,85.863594,101.768715,241.351135,NA,NA,32383.998047,8.02044,0,0.14,1.36,2.66,8.09,132,0.43,NA,NA
Daily,2023-11-10,77.128242,25.071247,-107.866402,32.6333025,NA,49808.9648435,49919.996094,5.877741500000001,85.8894695,101.736099,NA,NA,NA,32383.998047,8.0373065,NA,NA,NA,NA,NA,NA,NA,NA,NA
Daily,2023-11-11,77.15078,25.071247,-107.872337,32.6581345,49943.121094,49818.496094,49919.996094,5.9037345000000006,86.16035450000001,102.039288,NA,NA,NA,32511.998047,8.032353,NA,NA,NA,NA,NA,NA,NA,NA,NA
Daily,2023-11-12,77.128242,25.071247,-107.438816,32.659756,NA,49734.921875,49919.996094,5.8997155,86.078468,102.024147,NA,NA,NA,32511.998047,8.030167,NA,NA,NA,NA,NA,NA,NA,NA,NA
Daily,2023-11-13,77.128242,25.071247,-107.38004699999999,32.656724999999994,NA,49789.314453,49919.996094,5.9154295,86.45065299999999,102.363892,NA,NA,NA,32511.998047,8.0335819999999991,NA,NA,NA,NA,NA,NA,NA,NA,NA
Daily,2023-11-14,77.116982,25.064989,-107.0196,32.653633,NA,49821.796875,49919.996094,5.892765,86.023056,101.94096,241.415894,NA,NA,32383.998047,8.039362,NA,NA,NA,NA,NA,NA,NA,NA,NA
Daily,2023-11-15,77.116982,NA,-106.828819,NA,NA,NA,49919.996094,5.913784,86.1626625,102.204491,241.39660650000002,NA,NA,32383.998047,8.030114000000001,NA,NA,NA,NA,NA,NA,NA,NA,NA
Daily,2023-11-16,77.116982,25.064989,-106.821716,32.648258,49807.71875,49770.736328,49919.996094,5.903769,86.143387,102.077263,238.4032135,NA,NA,32383.998047,8.029181000000001,NA,NA,NA,NA,NA,NA,NA,NA,NA
Daily,2023-12-14,77.1,NA,NA,32.525000000000006,49750,NA,NA,6.25,NA,91.1,278.4,-10.504999999999999,-2.83,NA,7.91,NA,NA,NA,NA,NA,NA,NA,NA,NA
Daily,2023-12-21,77.1,NA,NA,32.485,49683,NA,NA,6.28,NA,91.5,287.25,-11.22,-2.86,NA,8.05,NA,NA,NA,NA,NA,NA,NA,NA,NA
Daily,2024-01-11,77.386742,25.221113,-77.4628795,32.068174,49206.804688,49280.597656,49291.183594,5.852552,85.345009,87.911217,136.6405335,2.387008,0.068811,NA,8.3084905,NA,NA,NA,NA,NA,NA,NA,NA,NA
Daily,2024-01-12,77.251862,25.139923,-76.056385,32.090279,49228.542969,49320.4375,49262.277344,5.951695,86.790115,89.690918,147.694946,2.4597685,0.057878,NA,8.283956499999999,0,0.05,0.96,1.16,8.14,129,1.16,0.012,NA
Daily,2024-01-13,77.251862,25.139923,-76.508915,32.113761999999994,49259.1152345,49259.0703125,49301.2929685,6.0237665,87.61507,90.69184100000001,157.798233,2.483164,0.037159,NA,8.286492,NA,NA,NA,NA,NA,NA,NA,NA,NA
Daily,2024-01-14,77.071922,25.033699,-76.987007,32.118908000000005,49261.716797,49286.136719,49334.402344,6.067264,88.266388,91.067741,167.805565,2.482955,-0.0026815,NA,8.280802,NA,NA,NA,NA,NA,NA,NA,NA,NA
Daily,2024-01-15,NA,25.052471,-77.4094085,32.1237735,NA,49280.121094,49255.425781,6.0538375,88.096718,91.061989,177.30928,2.451395,-0.043886499999999995,NA,8.2947345,NA,NA,NA,NA,NA,NA,NA,NA,NA
Daily,2024-01-16,77.094444,25.052471,-77.465321,32.133114,NA,49279.777344,49262.7382815,6.09913,88.512974,91.7324905,180.854584,2.386626,-0.07606099999999999,NA,8.3045915,NA,NA,NA,NA,NA,NA,NA,NA,NA
Daily,2024-01-17,77.105713,25.058731,-77.465191,32.144543,NA,49301.515625,49270.503906,6.064258,88.1251145,91.325897,177.888565,2.342503,-0.099294,NA,8.3069725,NA,NA,NA,NA,NA,NA,NA,NA,NA
Daily,2024-01-18,NA,NA,-77.432945,32.1455975,NA,49283.097656,49285.123047,6.074641,88.338951,91.534058,180.38498650000002,2.157571,-0.146824,NA,8.30572,NA,NA,NA,NA,NA,NA,NA,NA,NA
Daily,2024-01-19,77.15078,25.083765,-77.397331,32.153169500000004,NA,49293.205078,49270.9746095,6.0854475,88.964508,91.731743,176.914734,2.0156545,-0.14685,NA,8.309155,0,0.03,1.1,1.43,8.14,124,1.02,0.024,NA
Daily,2024-01-20,77.139511,25.077505,-77.369385,32.689323,50104.517578,49787.90625,49797.511719,6.2581625,91.415993,104.7130545,194.03260799999998,0.84042,0.314798,32464.400391,8.025476,NA,NA,NA,NA,NA,NA,NA,NA,NA
Daily,2024-01-21,77.162041,25.090021,-76.3669245,32.683595499999996,50098.476563,49779.6328125,49778.417969,6.222628500000001,91.082455,104.0249175,195.511261,0.801599,0.28944499999999995,32464.652344,8.025638,NA,NA,NA,NA,NA,NA,NA,NA,NA
Daily,2024-01-22,77.173309,25.096281,-74.922813,32.689113999999996,50103.003906,49769.863281,49803.8007815,6.214932,90.721603,103.746208,193.510941,1.1456865,0.318699,32473.148438,7.9807855,NA,NA,NA,NA,NA,NA,NA,NA,NA
Daily,2024-01-23,77.173309,25.096281,-74.881531,32.702261,50116.0390625,49819.111328,49781.136719,6.2167565,90.735413,103.640602,189.56059249999998,0.91076,0.2856965,32459.5996095,7.9885645,NA,NA,NA,NA,NA,NA,NA,NA,NA
Daily,2024-01-24,77.162041,25.090021,-74.420727,32.7221205,50136.0039065,49787.328125,49773.179688,6.2038395,90.451805,103.6739575,177.611053,1.127067,0.2955095,32464.9492185,7.9829105,NA,NA,NA,NA,NA,NA,NA,NA,NA
Daily,2024-01-25,77.18457,25.102539,-73.461365,32.72443,50137.734375,49810.671875,49782.5683595,6.2557,91.459686,104.3246915,159.14740799999998,1.061572,0.258516,32467.447266,7.960001,NA,NA,NA,NA,NA,NA,NA,NA,NA
Daily,2024-01-26,NA,NA,-73.987579,32.726826,50141.042969,49789.136719,49796.953125,6.2406535,91.06295399999999,104.175453,140.635162,1.01049,0.2454285,32462.9990235,7.980606,0,0.11,0.6,1.3,8.16,128,1.18,0.014,NA
Daily,2024-01-27,77.2071,25.115057,-74.99149700000001,32.707024,50120.882813,49782.8125,49784.8125,6.328605,92.246277,105.755501,199.58493000000001,0.0051345,0.119271,32450.449219,7.8939924999999995,NA,NA,NA,NA,NA,NA,NA,NA,NA
Daily,2024-01-28,77.218361,25.121313,-75.946007,32.706535,50116.570313,49772.3671875,49779.75,6.28266,92.0107765,104.91497799999999,193.55204,0.263061,0.125275,32464.151367,7.8944525,NA,NA,NA,NA,NA,NA,NA,NA,NA
Daily,2024-01-29,77.2071,25.115057,-76.448151,32.699072,50112.878906,49778.84375,49796.5390625,6.248853,91.200512,104.358635,184.55072,0.561763,0.144723,32455.951172,7.912813,NA,NA,NA,NA,NA,NA,NA,NA,NA
Daily,2024-01-30,77.218361,25.121313,-76.8507995,32.667709,NA,49815.066406,49794.84375,6.2514275,90.956009,104.460228,176.96326449999998,0.49614,0.1243175,32454.650391,7.9197085000000005,NA,NA,NA,NA,NA,NA,NA,NA,NA
Daily,2024-01-31,77.218361,25.121313,-77.337708,32.671272,NA,49813.625,49768.5,6.297196,91.721855,105.296074,170.963341,0.3398485,0.084026,32455.25,7.923678499999999,NA,NA,NA,NA,NA,NA,NA,NA,NA
Daily,2024-02-01,NA,25.002573,-77.361572,32.670906,NA,49819.144531,49812.4375,6.2254425,90.9121055,103.9738045,175.46054049999998,0.168955,0.069374,32466.4521485,7.928376,NA,NA,NA,NA,NA,NA,NA,NA,NA
Daily,2024-02-02,77.004631,25.002573,NA,NA,NA,49819.25,NA,6.18908,90.787437,103.5970915,170.491867,0.230517,0.056187,NA,NA,0,0.1,1.23,1.4,8.01,132,1.1,NA,NA
Daily,2024-02-03,77.2071,25.115057,-76.462898,32.707481,50121.980469,49822.394531,49763,6.107215,89.22073,102.105347,172.577255,-1.0251705,-0.06260550000000001,32454.6503905,8.0271915,NA,NA,NA,NA,NA,NA,NA,NA,NA
Daily,2024-02-04,77.218361,25.121313,-76.510311,32.720825,50133.205078,49799.441406,49761.640625,6.15587,89.836998,102.84969749999999,161.619675,-0.680855,-0.055986,32454.949219,8.0154335,NA,NA,NA,NA,NA,NA,NA,NA,NA
Daily,2024-02-05,77.2071,25.121313,-76.9453125,32.727558,50141.828125,49794.4921875,49799.90625,6.182508,90.068329,103.448959,150.619003,-0.7904374999999999,-0.07709099999999999,32449.25,8.031532,NA,NA,NA,NA,NA,NA,NA,NA,NA
Daily,2024-02-06,77.2071,25.115057,-76.874302,32.728046,50144.152344,49810.0839845,49755,6.116068,89.272907,102.3967515,143.14419550000002,-0.684561,-0.07098750000000001,32444.800780999998,8.0302115,NA,NA,NA,NA,NA,NA,NA,NA,NA
Daily,2024-02-07,77.2071,25.115057,-74.45018400000001,32.735754,50159.2714845,49768.910156,49786.0625,6.197536,90.630074,104.1855855,133.700043,-0.40505800000000003,-0.057001,32448.949219,7.986814,NA,NA,NA,NA,NA,NA,NA,NA,NA
Daily,2024-02-08,77.432106,25.240057,-73.264313,32.5132315,NA,49933.798828,50023.78125,6.092541,88.954937,101.811657,122.357986,-0.4153675,-0.077181,32452.7001955,7.9558355,NA,NA,NA,NA,NA,NA,NA,NA,NA
Daily,2024-02-09,77.432106,25.240057,-74.27593250000001,32.529163,49937.527344,50022.902344,50014.6875,6.11878,89.46064,102.44738,118.898552,-0.47594499999999995,-0.076959,32439.3496095,7.9774685000000005,0,0.11,0.7,0.7,7.97,120,1.3,0.013,NA
Daily,2024-02-10,NA,25.121313,-75.459442,28.3029395,43874.3125,43908.6152345,43873.738281,6.292568,89.5951,103.186157,206.319168,0.284859,-4.558295,28481.052734,8.040227,NA,NA,NA,NA,NA,NA,NA,NA,NA
Daily,2024-02-11,77.432106,25.240057,-74.016823,28.311359,NA,43912.453125,43888.408203,6.2971664999999994,89.9326135,102.907372,208.4106825,0.351481,-4.56003,28492.401367,8.033657999999999,NA,NA,NA,NA,NA,NA,NA,NA,NA
Daily,2024-02-12,NA,NA,-75.5773505,28.317509,NA,43883.8222655,43927.917969,6.3761075,90.935593,104.3613815,209.495483,0.448967,-4.531793,28559.851563,8.03826,NA,NA,NA,NA,NA,NA,NA,NA,NA
Daily,2024-02-13,77.409569,NA,-76.989845,28.324064,NA,43932.935547,43886.0625,6.395292,91.192356,104.9222335,204.581909,0.474626,-4.533986,28608.152344,8.075868,NA,NA,NA,NA,NA,NA,NA,NA,NA
Daily,2024-02-14,NA,NA,-77.990433,28.323418,NA,43918.9375,43876.054688,6.440515,91.72292350000001,105.7856295,205.58531950000003,0.508278,-4.533483,28612.7001955,8.094044,NA,NA,NA,NA,NA,NA,NA,NA,NA
Daily,2024-02-15,NA,NA,-78.6724475,28.323413,NA,43929.058594,43875.892578,6.431962,91.153648,104.9485705,203.5661465,0.493992,-4.5343365,28609.849609,8.096479,NA,NA,NA,NA,NA,NA,NA,NA,NA
Daily,2024-02-16,NA,NA,NA,NA,NA,NA,NA,6.338592,89.825218,103.5052945,200.518181,0.439282,-4.5641110000000005,NA,8.097878000000001,0,0.04,0.86,1.3,8.35,105,0.93,0.041,NA
Daily,2024-02-17,NA,NA,-79.874962,28.310025,NA,43912.9765625,43904.361328,6.366137,90.447227,104.110161,193.402023,0.454643,-4.590981,28474.649414,8.0954785,NA,NA,NA,NA,NA,NA,NA,NA,NA
Daily,2024-02-18,NA,NA,-80.397316,28.310305,43897.320313,43883.1679685,43890.730469,6.295385,89.62041450000001,102.91924700000001,189.461868,0.4509805,-4.5918145,28478.1503905,8.099568999999999,NA,NA,NA,NA,NA,NA,NA,NA,NA
Daily,2024-02-19,NA,NA,-80.664463,28.310452,NA,43895.207031,43900.160156,6.327145,90.5172345,103.741592,192.411972,0.433632,-4.622479,28492.949219,8.103379,NA,NA,NA,NA,NA,NA,NA,NA,NA
Daily,2024-02-20,77.04969,25.027605,-81.1226195,28.310308,43891.207031,43904.355469,43905.5175785,6.2952135,89.65419,103.20388,187.4262545,0.499596,-4.6221695,28490.451172,8.115775,NA,NA,NA,NA,NA,NA,NA,NA,NA
Daily,2024-02-21,NA,NA,-81.370308,28.308598500000002,NA,43905.4570315,43904.746094,6.3553525,90.580147,104.010742,188.385208,0.5733675,-4.591078,28484.0009765,8.133111,NA,NA,NA,NA,NA,NA,NA,NA,NA
Daily,2024-02-22,77.04969,25.027605,-81.49485,28.307611,43885.03125,43907.6035155,43891.792969,6.3050595000000005,89.73073199999999,103.394947,185.373001,0.647934,-4.591079499999999,28492.050781,8.141154,NA,NA,NA,NA,NA,NA,NA,NA,NA
Daily,2024-02-23,NA,NA,-81.560486,NA,NA,NA,NA,6.328733,89.988846,103.5788955,200.336594,0.6287505,-4.620056,NA,8.146515,0,0.13,0.8,0.86,8.16,115,0.77,0.021,NA
Daily,2024-02-24,77.218361,25.121313,-81.4656375,NA,NA,NA,42661.859375,6.347817,90.3468325,103.568054,197.394958,0.0457155,-4.6840245,NA,8.158519,NA,NA,NA,NA,NA,NA,NA,NA,NA
Daily,2024-02-25,77.218361,NA,-81.5115965,NA,NA,NA,NA,6.3964645,91.13990799999999,104.830864,191.397446,0.058304499999999995,-4.683261,NA,8.163366,NA,NA,NA,NA,NA,NA,NA,NA,NA
Daily,2024-02-26,NA,NA,-81.306145,NA,NA,NA,NA,6.305671,89.519047,103.1168175,188.380844,0.162846,-4.653456,NA,8.146317,NA,NA,NA,NA,NA,NA,NA,NA,NA
Daily,2024-02-27,77.218361,25.121313,-79.3508035,NA,NA,NA,NA,6.216795,88.2600365,101.502388,185.627548,0.24877,-4.6833849999999995,NA,8.122837,NA,NA,NA,NA,NA,NA,NA,NA,NA
Daily,2024-02-28,77.218361,25.121313,-79.3720705,NA,NA,NA,NA,6.3008690000000005,89.963776,103.397041,181.452835,0.341463,-4.684771,NA,8.125979,NA,NA,NA,NA,NA,NA,NA,NA,NA
Daily,2024-02-29,77.218361,25.121313,-78.0177915,NA,NA,NA,NA,6.238357,88.440582,101.876617,176.434372,0.345619,-4.684834,NA,8.100109,NA,NA,NA,NA,NA,NA,NA,NA,NA
Daily,2024-03-01,77.218361,25.121313,NA,NA,NA,NA,NA,6.3479635000000005,89.638672,103.1991385,183.414536,0.4070185,-4.681699999999999,NA,8.116238500000001,0,NA,1.3,1.83,8.15,129,0.87,0.021,NA
Daily,2024-03-02,NA,NA,-79.98005649999999,28.30341,43875.554688,43903.996094,43878.96875,6.317462,90.003693,103.574623,178.837883,0.343325,-4.713786000000001,28486.401367,8.10192,NA,NA,NA,NA,NA,NA,NA,NA,NA
Daily,2024-03-03,NA,NA,-80.893623,28.3056515,43879.9003905,43901.767578,43890.832031,6.376708000000001,90.8426515,104.21947499999999,174.367172,0.30076,-4.71477,28497.5488285,8.115965,NA,NA,NA,NA,NA,NA,NA,NA,NA
Daily,2024-03-04,NA,NA,-81.403824,28.305624,43882.0859375,43910.933594,43918.9277345,6.267708,89.675434,102.545475,170.366119,0.302322,-4.7156345,28495.847656,8.144779,NA,NA,NA,NA,NA,NA,NA,NA,NA
Daily,2024-03-05,77.04969,25.027605,-82.0396195,28.302329999999998,43873.337891,43946.080078,43927.513672,6.3801105,90.29892000000001,103.689682,173.33406050000002,0.460579,-4.714132,28493.25,8.148093,NA,NA,NA,NA,NA,NA,NA,NA,NA
Daily,2024-03-06,77.027161,25.015089,-81.911804,28.296103,43861.613281,43876.189453,43904.269531,6.246046,89.189026,102.249123,165.277344,0.421327,-4.711904,28489.349609,8.161736,NA,NA,NA,NA,NA,NA,NA,NA,NA
Daily,2024-03-07,NA,NA,-81.4175375,28.293517,43852.4687505,43927.9570315,43893.847656,6.2473285,88.999863,102.4814985,162.722084,0.399891,-4.742096,28484.550781,8.132322,NA,NA,NA,NA,NA,NA,NA,NA,NA
Daily,2024-03-08,77.218365,25.127573,-80.592308,NA,NA,NA,NA,6.233029,90.125305,103.78817,240.68379950000002,0.393248,1.080404,NA,8.091523,0,0.01,0.9,1.1,8.11,122,1.07,0.024,NA
Daily,2024-03-09,77.22963,25.127573,-79.936268,NA,NA,NA,NA,6.6741790000000005,96.502991,110.600746,241.670761,0.405773,1.088793,NA,8.090755000000001,NA,NA,NA,NA,NA,NA,NA,NA,NA
Daily,2024-03-10,77.22963,25.127573,-80.412708,NA,NA,NA,NA,6.450536,91.801773,105.5175935,241.659317,0.426082,1.095188,NA,8.090065,NA,NA,NA,NA,NA,NA,NA,NA,NA
Daily,2024-03-11,77.218361,25.121313,-81.371674,NA,NA,NA,NA,6.351993,91.9398235,105.8649825,243.683624,0.4527835,1.087116,NA,8.101735999999999,NA,NA,NA,NA,NA,NA,NA,NA,NA
Daily,2024-03-12,77.218361,25.121313,-81.920296,NA,NA,NA,NA,6.357795,92.49617,106.3234635,246.622269,0.450535,1.088497,NA,8.09697,NA,NA,NA,NA,NA,NA,NA,NA,NA
Daily,2024-03-13,77.218361,25.121313,-82.43391,NA,NA,NA,NA,6.408968,92.33408,106.221676,246.668396,0.465743,1.079576,NA,8.113264,NA,NA,NA,NA,NA,NA,NA,NA,NA
Daily,2024-03-14,77.218361,25.121313,-82.881935,NA,NA,NA,NA,6.29183,91.701492,105.5357475,247.618958,0.473122,1.08759,NA,8.123163,NA,NA,NA,NA,NA,NA,NA,NA,NA
Daily,2024-03-15,NA,NA,-78.827827,NA,NA,NA,NA,6.184389,90.670296,104.1368635,249.633072,0.4486015,1.078917,NA,8.101243499999999,0,0.07,0.8,1.27,7.91,129,0.79,NA,NA
Daily,2024-03-16,77.218361,25.121313,-80.9411125,32.80452,50220.265625,50311.998047,50311.263672,6.171717,90.0966875,103.6134605,229.619461,0.229157,1.016367,32716.451172,8.056469,NA,NA,NA,NA,NA,NA,NA,NA,NA
Daily,2024-03-17,77.218361,25.121313,-81.631012,32.800518,50216.890625,50321.8964845,50284.8125,6.240937,91.2075045,105.153336,223.613785,0.240807,1.016193,32715.450195,8.1016705000000009,NA,NA,NA,NA,NA,NA,NA,NA,NA
Daily,2024-03-18,77.218361,25.121313,-81.4824025,32.7985305,50213.507813,50319.25,50297.3632815,6.270335,91.628242,105.733154,220.6045075,0.170504,1.0160345,32721.498047,8.086168,NA,NA,NA,NA,NA,NA,NA,NA,NA
Daily,2024-03-19,NA,NA,-81.903526,32.800667,50215.578125,50289.488281,50304.898438,6.310651,92.0589295,105.88172900000001,219.6145175,0.15192899999999998,1.00837,32681.951172,8.095359,NA,NA,NA,NA,NA,NA,NA,NA,NA
Daily,2024-03-20,NA,NA,-82.39265850000001,32.801651,50216.320313,50320.167969,50296.9882815,6.312625499999999,92.29493,106.089478,218.591705,0.203306,1.023903,32700.0507815,8.0917605,NA,NA,NA,NA,NA,NA,NA,NA,NA
Daily,2024-03-21,77.2071,25.115057,-82.521873,32.800095,50216.701172,50325.294922,50323.46875,6.3163915,92.406448,106.240887,217.6068195,0.166574,1.01211,32716.050781,8.088836,NA,NA,NA,NA,NA,NA,NA,NA,NA
Daily,2024-03-22,77.2071,25.115057,-82.747978,NA,NA,NA,NA,6.285064,92.274391,105.796074,216.595459,0.164548,1.007964,NA,8.095567,NA,NA,NA,NA,NA,NA,NA,NA,NA
Daily,2024-03-22,77.2071,25.115057,-82.747978,NA,NA,NA,NA,6.285064,92.274391,105.796074,216.595459,0.164548,1.007964,NA,8.095567,0,0.04,0.9,1.23,8.07,117,0.82,0.015,NA
Daily,2024-03-23,77.2071,25.115057,-83.396301,NA,NA,NA,NA,6.25664,91.10336699999999,105.378059,216.669716,0.5376475000000001,1.008919,NA,8.156458,NA,NA,NA,NA,NA,NA,NA,NA,NA
Daily,2024-03-24,77.2071,25.115057,-82.9394915,NA,50260.328125,50316.4140625,NA,6.1782865000000005,90.149937,103.7508355,212.7292555,0.5687665,1.017482,NA,8.161232,NA,NA,NA,NA,NA,NA,NA,NA,NA
Daily,2024-03-25,77.2071,25.115057,-82.154499,32.8514805,50268.044922,50294.136719,50232.5976565,6.132706,89.751366,103.180668,208.26843300000002,0.538424,0.997432,32694.058594,8.132116,NA,NA,NA,NA,NA,NA,NA,NA,NA
Daily,2024-03-26,77.218361,25.121313,-81.8926045,32.852272,50270.488281,50269.34375,50310.027344,6.167565,90.117615,103.53582,205.770363,0.5168325,1.018095,32717.777344,8.103581,NA,NA,NA,NA,NA,NA,NA,NA,NA
Daily,2024-03-27,77.2071,25.115057,-81.8619235,32.851566,50269.554688,50310.167969,50303.523438,6.266383,91.28750199999999,105.229561,205.753296,0.472309,1.0026815,32713.751953,8.121595,NA,NA,NA,NA,NA,NA,NA,NA,NA
Daily,2024-03-28,NA,NA,-82.852821,32.850563,50267.996094,50275.3652345,50285.2285155,6.3267275000000005,92.438934,106.492512,204.7694395,0.46033,1.010455,32703.449218499998,8.152631,NA,NA,NA,NA,NA,NA,NA,NA,NA
Daily,2024-03-29,77.218361,25.121313,-83.462029,32.833431,50252.367188,50294.066406,50302.5351565,6.227618,91.545952,104.865036,202.74617,0.451488,1.010203,32721.651367,8.160463,0,0.03,0.9,1.26,8.15,131,0.88,0.022,NA
Daily,2024-03-30,77.218361,25.121313,-84.29232,32.825455,50242.636719,50266.0839845,50317.613281,6.299227,92.318615,105.911373,208.6945955,0.2236725,1.009123,32710.751953,8.030823999999999,NA,NA,NA,NA,NA,NA,NA,NA,NA
Daily,2024-03-31,77.004631,25.002573,-83.87925,32.832409,50251.875,50294.722656,50295.753906,6.154736,89.921188,103.337708,204.683456,0.217467,1.017362,32703.2509765,8.020012,NA,NA,NA,NA,NA,NA,NA,NA,NA
Daily,2024-04-01,77.004631,25.002573,-81.882927,32.835453,50254.242188,50305.861328,50321.1015625,6.076419,88.668411,102.09671,201.736069,0.232126,1.025501,32684.25,7.98233,NA,NA,NA,NA,NA,NA,NA,NA,NA
Daily,2024-04-02,NA,NA,-81.8859255,32.854507,NA,50281.578125,50304.839844,6.215565,90.841583,104.21090699999999,199.774094,0.273425,1.018399,32714.351563,7.9823495,NA,NA,NA,NA,NA,NA,NA,NA,NA
Daily,2024-04-03,77.027161,25.015089,-82.5299835,32.861641,NA,50320.107422,50293.101563,6.23501,90.96002949999999,104.7478105,197.786819,0.265267,1.026379,32720.3496095,7.993742,NA,NA,NA,NA,NA,NA,NA,NA,NA
Daily,2024-04-04,NA,NA,-83.5320665,32.846867,50264.3125,50310.140625,50327.515625,6.276494,91.914909,105.304543,196.248482,0.25545,1.0219875,32709.5009765,8.035608,NA,NA,NA,NA,NA,NA,NA,NA,NA
Daily,2024-04-05,NA,NA,-84.294037,32.846684,50266.279297,50305.5839845,50283.953125,6.199701,90.1425475,104.47435,193.764557,0.23905949999999998,1.017971,32707.5,8.030446,NA,NA,NA,NA,NA,NA,NA,NA,NA
Daily,2024-04-06,NA,25.127573,-84.989227,29.827448,46221.78125,45968.175781,45912.748047,7.219535,103.34118649999999,103.271004,244.5163115,0.400305,-8.031487,29889.550781,8.14476,NA,NA,NA,NA,NA,NA,NA,NA,NA
Daily,2024-04-07,NA,NA,-85.5600775,29.824053,NA,45968.558594,45967.570313,7.251127,104.074135,104.308617,242.92543,0.298669,-8.029768,29897.751953,8.1588335,NA,NA,NA,NA,NA,NA,NA,NA,NA
Daily,2024-04-08,NA,NA,-85.945129,29.8241585,NA,45924.060547,45935.775391,7.122459,102.176571,102.242081,245.43003850000002,0.566166,-8.029483,29913.25,8.1585185,NA,NA,NA,NA,NA,NA,NA,NA,NA
Daily,2024-04-09,NA,NA,-86.119068,29.8271105,NA,45971.0625,45925.335938,7.189298,103.287231,103.147888,247.941452,0.589368,-8.03071,29897.152344,8.155554,NA,NA,NA,NA,NA,NA,NA,NA,NA
Daily,2024-04-10,77.22963,25.127573,-86.428802,29.828838,NA,45907.933594,45907.7539065,7.271489,103.82901,104.001713,251.94634250000001,0.64876,-8.030952,29901.849609,8.153747,NA,NA,NA,NA,NA,NA,NA,NA,NA
Daily,2024-04-11,77.218361,25.121313,-86.735199,29.827508,NA,45968.5234375,45961.601563,7.207205,103.35862,103.279274,249.959114,0.72638,NA,29892.7509765,8.1508035,NA,NA,NA,NA,NA,NA,NA,NA,NA
Daily,2024-04-12,77.015892,25.002573,-86.761139,29.819765,NA,45929.765625,45946.863281,7.1236295,102.14528999999999,102.469872,252.357849,0.720141,-8.025325,29888.650391,8.1612305,0,0.02,1,1.36,8.03,123,0.97,0.014,NA
Daily,2024-04-13,77.218361,25.108797,-87.235199,29.8264765,NA,45991.9179685,46014.373047,7.2618,104.46682,104.469894,236.4231565,1.147187,NA,29876.5498045,8.151795,NA,NA,NA,NA,NA,NA,NA,NA,NA
Daily,2024-04-14,77.218361,25.121313,-87.638611,29.828288999999998,NA,45997.9121095,45979.578125,7.216969,104.0926935,103.768867,232.4730835,1.1275249999999999,NA,29903.5,8.155719000000001,NA,NA,NA,NA,NA,NA,NA,NA,NA
Daily,2024-04-15,77.218361,25.121313,-87.743309,29.824047,45979.40625,45945.2910155,45950.8808595,7.12245,102.09838099999999,102.2717095,231.4060215,1.0920505,NA,29876.850586,8.155328,NA,NA,NA,NA,NA,NA,NA,NA,NA
Daily,2024-04-16,77.2071,25.121313,-87.7991825,29.8125735,45946.542969,45953.6835935,45946.0625,7.114974,102.005821,102.0982325,229.277618,1.0888675,NA,29901.951172,8.1592085,NA,NA,NA,NA,NA,NA,NA,NA,NA
Daily,2024-04-17,77.218361,25.127573,-88.138741,29.812777,45957.28125,45975.488281,45941.769531,7.152223,102.320702,102.34717549999999,228.258408,0.9346405,-8.082072,29897.949219,8.157568999999999,NA,NA,NA,NA,NA,NA,NA,NA,NA
Daily,2024-04-18,NA,NA,-88.2164765,29.817947,NA,45961.7890625,45934.261719,7.156858,102.671783,102.441364,229.820671,0.8359675,-8.0279405,29908.149414,8.160545,NA,NA,NA,NA,NA,NA,NA,NA,NA
Daily,2024-04-19,77.004631,25.002573,NA,NA,NA,45982.175781,NA,7.1858435,102.555969,102.743027,229.374283,0.905077,-8.0280185,NA,8.132531,0,0.04,NA,2.6,8.14,123,1.01,0.019,NA
Daily,2024-04-20,NA,NA,-88.48973050000001,29.817322,45958.484375,45955.308594,45935.578125,7.178119,102.710846,103.143532,215.331047,0.569902,-8.087326,29921.248047,8.082836,NA,NA,NA,NA,NA,NA,NA,NA,NA
Daily,2024-04-21,77.027161,25.015089,-88.588112,29.8164845,NA,45931.058594,45974.445313,7.201276,103.182373,103.077583,217.331085,0.5015674999999999,NA,29897.4003905,8.0832775,NA,NA,NA,NA,NA,NA,NA,NA,NA
Daily,2024-04-22,77.004631,25.002573,-88.72795149999999,29.815472,45959.25,45964.683594,45940.0039065,7.178873,102.871056,103.0899545,215.307083,0.50157,-8.0851515,29892.900391,8.0912285,NA,NA,NA,NA,NA,NA,NA,NA,NA
Daily,2024-04-23,77.015892,25.002573,-88.999199,29.815238,45952.136719,45967.076172,45936.488281,7.2031945,103.202583,103.071064,216.81258400000002,0.596617,-8.024303,29908.848633,8.098974,NA,NA,NA,NA,NA,NA,NA,NA,NA
Daily,2024-04-24,77.015892,25.008831,-88.9004975,29.815039,NA,45954.748047,45936.304688,7.175848,103.0314635,103.1043585,216.296997,0.602258,-8.022717499999999,29889.5498045,8.095128,NA,NA,NA,NA,NA,NA,NA,NA,NA
Daily,2024-04-25,NA,NA,-88.623322,29.811237,45947.136719,45947.859375,45967.800781,7.155927,102.610596,102.886044,215.167542,0.5617920000000001,-7.9769635,29896.149414,8.074829,NA,NA,NA,NA,NA,NA,NA,NA,NA
Daily,2024-04-26,NA,25.015089,-88.718483,NA,NA,NA,NA,7.1592234999999995,102.735432,102.6703075,214.715149,0.581149,-7.977518,NA,8.09844,0,0.01,1.1,1.76,7.97,123,0.87,0.001,NA
Daily,2024-04-27,77.218361,NA,-89.125114,29.807288999999997,45936.675781,45957.933594,45950.851563,7.084395499999999,101.79921350000001,101.7727775,215.2194215,0.8271,NA,29901.351563,8.148145,NA,NA,NA,NA,NA,NA,NA,NA,NA
Daily,2024-04-28,77.22963,25.127573,-88.721794,29.811243,NA,45931.609375,45935.007813,7.119319,102.047829,102.33156600000001,210.23555,0.8744514999999999,-8.020862000000001,29889.0009765,8.155661,NA,NA,NA,NA,NA,NA,NA,NA,NA
Daily,2024-04-29,77.218361,25.121313,-89.03167350000001,29.810919,45939.855469,45922.050781,45941.867188,7.105294499999999,101.710106,101.666451,207.746033,0.8293429999999999,NA,29893.449219,8.166117,NA,NA,NA,NA,NA,NA,NA,NA,NA
Daily,2024-04-30,77.2071,25.115057,-89.1894835,29.811777,45950.6308595,45963.65625,45919.96875,7.1115794999999995,101.972237,102.3536685,207.2505415,0.83108,NA,29884.350586,8.158745,NA,NA,NA,NA,NA,NA,NA,NA,NA
Daily,2024-05-01,77.2071,25.115057,-89.211082,29.812885,45949.4375,45938.941406,45954.390625,7.130721,102.47927849999999,102.5671425,207.248337,0.817412,-8.0825505,29885.649414,8.161367,NA,NA,NA,NA,NA,NA,NA,NA,NA
Daily,2024-05-02,NA,NA,-89.6138115,29.8080445,45937.546875,45937.591797,45934.507813,7.139895,102.393715,102.2267725,208.192772,0.8197585000000001,-8.049781,29890.150391,8.1696185,NA,NA,NA,NA,NA,NA,NA,NA,NA
Daily,2024-05-03,77.2071,25.115057,-89.704586,NA,45936.2343755,45971.966797,NA,7.1282695,102.684135,102.6497115,206.220306,0.7797895,NA,NA,8.169226,NA,NA,NA,NA,NA,NA,NA,NA,NA
Daily,2024-05-04,77.218361,25.121313,-89.944275,30.383553,NA,46946.933594,46954,6.243028,89.809952,103.439369,250.57638550000001,0.5138895,0.636345,30453.949219,8.160725,NA,NA,NA,NA,NA,NA,NA,NA,NA
Daily,2024-05-05,77.2071,25.115057,-90.1595915,30.38011,NA,46865.611328,46981.984375,6.22923,89.8332975,103.608772,250.492981,0.504975,0.6502625,30402.2998045,8.1524045,NA,NA,NA,NA,NA,NA,NA,NA,NA
Daily,2024-05-06,NA,NA,-90.199554,30.385224,NA,46901.722656,46995.792969,6.230916,89.7092705,103.85141,250.593277,0.48377400000000004,0.6445105,30481.453125,8.157666,NA,NA,NA,NA,NA,NA,NA,NA,NA
Daily,2024-05-07,NA,NA,-90.5769005,30.380911,NA,46935.296875,46982.53125,6.254118,90.029915,104.30764,251.565765,0.29773649999999996,0.632626,30401.951172,8.158496,NA,NA,NA,NA,NA,NA,NA,NA,NA
Daily,2024-05-08,77.2071,NA,-90.64467250000001,30.382935,NA,46938.390625,46988.515625,6.189988,89.463882,102.830772,250.6025315,0.271913,0.609321,30444.347656,8.150610499999999,NA,NA,NA,NA,NA,NA,NA,NA,NA
Daily,2024-05-09,77.2071,NA,-90.75456199999999,30.3842955,46857.359375,46982.28125,46956.90625,6.236727,89.5809975,103.196716,249.590515,0.279924,0.6385959999999999,30444.951172,8.154568000000001,NA,NA,NA,NA,NA,NA,NA,NA,NA
Daily,2024-05-10,NA,NA,-91.10525150000001,30.392094,46875.6796875,46970.2734375,46962.109375,6.267262,90.14931100000001,104.043354,252.672165,0.262224,0.6450175,30538.5498045,8.163219999999999,0,0.14,1.2,1.8,8.24,125,1.06,0.01,NA
Daily,2024-05-11,NA,NA,-91.16081249999999,30.3857615,46860.152344,46965.800781,46947.5039065,6.239441,89.347881,103.154823,251.5898515,0.244403,0.656308,30486.349609,8.15445,NA,NA,NA,NA,NA,NA,NA,NA,NA
Daily,2024-05-12,77.2071,25.115057,-91.228264,30.39048,46872.050781,46953.205078,46979.234375,6.265175,89.88306800000001,103.897003,256.527733,0.1981755,0.656414,30528.751953,8.152669,NA,NA,NA,NA,NA,NA,NA,NA,NA
Daily,2024-05-13,77.18457,25.102539,-91.377689,30.392916,46878.9765625,46977.441406,46977.453125,6.253745,89.9130175,103.702911,257.34848,0.189042,0.675986,30542.150391,8.15795,NA,NA,NA,NA,NA,NA,NA,NA,NA
Daily,2024-05-14,NA,NA,-91.3656575,NA,NA,46894.5546875,46969.40625,6.225753,89.849018,103.424126,259.1174315,0.1701615,0.691331,30411.552734,8.163203,NA,NA,NA,NA,NA,NA,NA,NA,NA
Daily,2024-05-15,77.18457,25.102539,-91.6116865,NA,47090.648438,46733.2246095,46918.8437505,6.254736,89.959732,103.609779,260.930725,0.120679,0.694925,30402.402343499998,8.162284499999998,NA,NA,NA,NA,NA,NA,NA,NA,NA
Daily,2024-05-16,77.18457,25.102539,-91.519836,30.378484,NA,46803.7890625,46948.7226565,6.2122905,89.148582,102.9884265,258.9839475,0.155446,0.6951075,30421.650391,8.154593,NA,NA,NA,NA,NA,NA,NA,NA,NA
Daily,2024-05-17,77.2071,25.115057,-91.175667,30.3809015,NA,46930.425781,46990.78125,6.220703,89.44570949999999,103.462936,259.169464,0.102646,0.7049829999999999,30414.548828,8.160739,0,0.06,1.5,2.36,7.79,123,0.99,0.009,NA
Daily,2024-05-18,77.2071,25.121313,-91.58799,NA,47095.072266,46705.472656,46775.683594,6.2528245,89.838524,104.020512,260.895416,0.13220500000000002,0.730067,30414.648438,8.1609175,NA,NA,NA,NA,NA,NA,NA,NA,NA
Daily,2024-05-19,77.218361,25.121313,-91.640694,30.496096,47090.492188,46746.660156,46725.558594,6.24042,89.749115,103.793228,262.80246,0.092848,0.7455575,30412.199219,8.158967,NA,NA,NA,NA,NA,NA,NA,NA,NA
Daily,2024-05-20,NA,NA,-92.656334,NA,NA,NA,NA,6.232898,89.727562,103.418285,262.830734,0.088612,0.730032,NA,8.157786,NA,NA,NA,NA,NA,NA,NA,NA,NA
Daily,2024-05-21,77.195831,25.108797,-91.05728500000001,NA,NA,46861.6777345,46928.554688,6.1841065,89.07312,102.999954,238.540131,0.264073,0.522996,30391.451172,8.101869,NA,NA,NA,NA,NA,NA,NA,NA,NA
Daily,2024-05-22,77.18457,25.102539,-91.611553,NA,47096.824219,46738.8359375,46863.828125,6.2467215,89.993156,103.456825,234.468178,0.2612945,0.53848,30408.600586,8.0983255,NA,NA,NA,NA,NA,NA,NA,NA,NA
Daily,2024-05-23,77.18457,25.102539,-91.701851,NA,47092.542969,46718.9765625,46783.3632815,6.233806,89.75991450000001,103.590172,231.44956200000001,0.2524915,0.562032,30407.6015625,8.0914275,NA,NA,NA,NA,NA,NA,NA,NA,NA
Daily,2024-05-24,77.18457,25.102539,-92.11905300000001,30.496191,47088.503906,46724.28125,46698.21875,6.233427,89.734848,103.560936,230.43811,0.218056,0.593102,30405.852539,8.099684,0,0.12,1.1,1.53,8.01,122,0.87,0.016,NA
Daily,2024-05-24,77.18457,25.102539,-92.11905300000001,30.496191,47088.503906,46724.28125,46698.21875,6.233427,89.734848,103.560936,230.43811,0.218056,0.593102,30405.852539,8.099684,0,0.19,1.2,1.6,8.2,111,0.9,0.002,NA
Daily,2024-05-25,77.18457,25.102539,-92.46893700000001,NA,47079.136719,46794.535156,46916.546875,6.230387,89.712006,103.448196,230.500549,0.190861,0.6207415000000001,30392.849609,8.0946525,NA,NA,NA,NA,NA,NA,NA,NA,NA
Daily,2024-05-26,77.18457,25.102539,-92.5933495,NA,47092.480469,46722.015625,46767.4257815,6.228934499999999,89.71698,103.44555249999999,228.45298000000003,0.156608,0.63998,30398.25,8.1021085,NA,NA,NA,NA,NA,NA,NA,NA,NA
Daily,2024-05-27,NA,25.096281,-92.66468800000001,30.496679999999998,47090.171875,46723.140625,46705.164063,6.252138,90.166706,103.7647055,228.43103,0.130288,0.669415,30416.550780999998,8.091523500000001,NA,NA,NA,NA,NA,NA,NA,NA,NA
Daily,2024-05-28,77.173309,25.096281,-92.7020455,30.494816,47085.488281,46744.378906,46747.917969,6.255642,90.025269,104.208984,228.43382250000002,0.105166,0.686877,30413.501953,8.09459,NA,NA,NA,NA,NA,NA,NA,NA,NA
Daily,2024-05-29,77.173309,25.096281,-92.869503,30.496019,47087.222656,46712.027344,46738.523438,6.256405,90.239006,103.951721,227.43486,0.07054,0.729823,30409.349609,8.099394,NA,NA,NA,NA,NA,NA,NA,NA,NA
Daily,2024-05-30,77.18457,25.102539,-93.17119600000001,30.496915,47089.681641,46733.279297,46692.5625,6.251263,90.1819,103.7862245,228.438889,0.011042,0.753377,30403.850586,8.1072885,NA,NA,NA,NA,NA,NA,NA,NA,NA
Daily,2024-05-31,77.195831,25.108797,-93.011711,NA,NA,NA,NA,6.213455,89.720238,103.358696,229.449051,0.046171,0.768826,NA,8.105994,0,0.27,1.2,1.6,NA,NA,0.66,0.009,NA
Daily,2024-06-01,77.162041,25.096281,-93.19368349999999,30.493518,47082.875,46718.933594,46705.246094,6.223089,89.671997,103.811825,232.379013,0.338106,0.5794475,30410.652344,8.014081,NA,NA,NA,NA,NA,NA,NA,NA,NA
Daily,2024-06-02,77.162041,25.093151,-93.66043450000001,30.493242,47083.296875,46738.4746095,46723.324219,6.2464275,89.8678285,103.6039275,228.398453,0.322736,0.600958,30399,8.026745,NA,NA,NA,NA,NA,NA,NA,NA,NA
Daily,2024-06-03,77.162041,25.090021,-93.633614,30.495461,47087.402344,46728.796875,46710.609375,6.239765,89.601791,103.779854,227.412155,0.28774350000000004,0.634169,30409.949219,8.025615,NA,NA,NA,NA,NA,NA,NA,NA,NA
Daily,2024-06-04,77.162041,25.090021,-93.6545715,30.496559,47088.71875,46709.296875,46733.664063,6.244843,89.764374,103.77961,223.438248,0.26156100000000004,0.686999,30402.75,8.026206,NA,NA,NA,NA,NA,NA,NA,NA,NA
Daily,2024-06-05,77.162041,25.090021,-93.96251699999999,30.496847,47089.542969,46739.074219,46708.914063,6.2575734999999995,89.9926035,103.914837,226.92148600000002,0.2244645,0.702616,30399.449219,8.031213999999999,NA,NA,NA,NA,NA,NA,NA,NA,NA
Daily,2024-06-06,77.162041,25.083765,-94.399906,30.493412,47081.3125,46729.232422,46711.242188,6.245257499999999,90.21077349999999,103.925999,224.382614,0.234685,0.710331,30397.1015625,8.031602,NA,NA,NA,NA,NA,NA,NA,NA,NA
Daily,2024-06-07,77.15078,25.083765,NA,NA,NA,NA,NA,6.2498315,89.894928,103.108673,225.410599,0.301359,NA,NA,8.010972,0,0.2,1.4,2.36,8.15,NA,0.58,0,NA
Daily,2024-06-08,77.173309,25.096281,-94.426628,NA,NA,49266.7089845,49283.988281,6.11244,88.989723,102.3798485,240.003357,4.9723355,1.754562,32074.0996095,8.157636,NA,NA,NA,NA,NA,NA,NA,NA,NA
Daily,2024-06-09,77.173309,25.096281,-94.29525,32.4458405,NA,49284.472656,49275.824219,6.090203,88.870613,102.022484,239.044891,4.971798,1.770331,32060.75,8.1664545,NA,NA,NA,NA,NA,NA,NA,NA,NA
Daily,2024-06-10,77.18457,25.102539,-94.2487945,32.446798,NA,49292.222656,49295.054688,6.130978,89.132202,102.58313,244.045746,4.946333,1.770314,32072.75,8.158457,NA,NA,NA,NA,NA,NA,NA,NA,NA
Daily,2024-06-11,77.18457,25.102539,-94.3706205,NA,NA,49292.9921875,49268.775391,6.1036269999999995,89.132027,102.2616425,246.01010150000002,4.910785,1.770084,32072.1015625,8.156528,NA,NA,NA,NA,NA,NA,NA,NA,NA
Daily,2024-06-12,77.18457,25.102539,-94.499382,32.437,NA,49261.292969,49287.96875,6.111426,89.282112,102.321121,244.007408,4.914456,1.770005,32071.3515625,8.159202,NA,NA,NA,NA,NA,NA,NA,NA,NA
Daily,2024-06-13,77.2071,25.115057,-94.4965555,32.439684,49590.904297,49270.1992185,49244.628906,6.122339,89.320976,102.357727,244.020172,4.8488945,1.785949,32062.548828,8.158572,NA,NA,NA,NA,NA,NA,NA,NA,NA
Daily,2024-06-14,77.18457,25.102539,NA,NA,NA,NA,NA,6.103499,88.878197,102.041382,240.03891,4.850628,1.794009,NA,8.1314265,0,0.16,1.3,2.1,8.28,NA,0.92,0.005,NA
Daily,2024-06-15,NA,NA,-94.073208,32.453005,49605.125,49278.238281,49301.466797,6.137957,89.591095,102.922379,239.063278,4.792631,1.739474,32055.7001955,8.032446499999999,NA,NA,NA,NA,NA,NA,NA,NA,NA
Daily,2024-06-16,77.162041,25.090021,-94.43660349999999,32.458572,49611.492188,49303.0703125,49261.449219,6.148623000000001,89.36101149999999,102.6340945,239.572235,4.820565,1.73233,32058.650391,8.042213499999999,NA,NA,NA,NA,NA,NA,NA,NA,NA
Daily,2024-06-17,77.162041,25.090021,-94.378574,32.470356,49622.3125,49303.910156,49259.242188,6.125325,89.057335,102.531662,239.125595,4.762343,1.7520105,32063.449219,8.042475,NA,NA,NA,NA,NA,NA,NA,NA,NA
Daily,2024-06-18,NA,NA,-94.01444649999999,32.151901,NA,49291.957031,49278.3125,6.0370065,88.173546,101.326927,242.819885,4.749493,1.770243,32075.449219,8.039184,NA,NA,NA,NA,NA,NA,NA,NA,NA
Daily,2024-06-19,77.15078,25.083765,-94.37045649999999,32.1278035,NA,49302.4921875,49300.765625,6.1032785,88.954189,102.29571899999999,243.82591250000002,4.686713,1.783209,32067.751953,8.0447665,NA,NA,NA,NA,NA,NA,NA,NA,NA
Daily,2024-06-20,NA,NA,-94.455193,32.136486,NA,49280.345703,49270.080078,6.1132525,89.12363400000001,102.3996885,241.8733215,4.7485275,1.791416,32058.048828,8.038803,NA,NA,NA,NA,NA,NA,NA,NA,NA
Daily,2024-06-21,77.15078,25.083765,-94.387901,NA,NA,NA,NA,6.0960985,88.719444,102.04213,239.869843,4.780644,1.799535,NA,8.0314945,2,NA,1.73,NA,8.17,106,0.56,0.004,NA
Daily,2024-06-22,77.18457,25.102539,-93.7299345,32.1544875,49554.205078,49283.496094,49266.388672,6.06297,88.3030205,101.590591,231.410721,4.908351,1.753185,32071.351563,8.1513655,NA,NA,NA,NA,NA,NA,NA,NA,NA
Daily,2024-06-23,NA,NA,-91.905777,32.16367,49564.691406,49294.9785155,49271.4062505,6.02872,87.590168,101.182755,228.946487,4.8757494999999995,1.769222,32064.349609,8.090488,NA,NA,NA,NA,NA,NA,NA,NA,NA
Daily,2024-06-24,77.38140849999999,25.208765,-91.49472,32.169563,49568.925781,49277.171875,49278.339844,6.080935,88.57539750000001,101.79960650000001,227.96500400000002,4.8180575,1.777176,32064.650391,8.0969225,NA,NA,NA,NA,NA,NA,NA,NA,NA
Daily,2024-06-25,77.375778,25.208765,-91.5792005,32.171177,49569.9453125,49270.9472655,49300.103516,6.121591,89.295822,102.209938,232.868774,4.788937,1.800437,32077.550781,8.095686,NA,NA,NA,NA,NA,NA,NA,NA,NA
Daily,2024-06-26,77.375778,25.208765,-91.5507165,32.134823,49532.4433595,49280.417969,49240.613281,6.095888,88.9876515,102.036755,240.856903,4.7827215,1.814864,32067.049805,8.096596,NA,NA,NA,NA,NA,NA,NA,NA,NA
Daily,2024-06-27,77.36451,25.202505,-92.029095,32.134052499999996,49530.617188,49278.6875,49294.546875,6.157317,89.560822,103.145668,239.3594285,4.7814255,1.846003,32061.25,8.093787500000001,NA,NA,NA,NA,NA,NA,NA,NA,NA
Daily,2024-06-28,77.36451,25.202505,-92.051636,NA,NA,NA,NA,6.0660355,88.402756,101.5874405,238.668655,4.748898,1.88248,NA,8.106868500000001,0,0,1.6,2.2,NA,122,0.87,0.001,NA
Daily,2024-06-29,NA,NA,-91.53742600000001,32.061930000000004,49203.277344,49249.761719,49285.152344,6.040246,87.776054,101.163467,231.627213,4.819717,1.772919,31937.549805,8.160552,NA,NA,NA,NA,NA,NA,NA,NA,NA
Daily,2024-06-30,77.398308,25.215021,-90.558083,32.056053,49196.1757815,49290.3847655,49292.683594,6.070343,88.1930505,101.59831650000001,231.6251985,4.802042,1.780422,31941.350586,8.120049,NA,NA,NA,NA,NA,NA,NA,NA,NA
Daily,2024-07-01,77.398308,25.221281,-91.15057,32.054493,49192.7109375,49272.75,49238.1875,6.101961,88.830299,102.185238,237.600967,4.711761,1.795903,31930.049805,8.142444000000001,NA,NA,NA,NA,NA,NA,NA,NA,NA
Daily,2024-07-02,77.398308,25.221281,-91.559551,32.057308,49196.710938,49271.875,49247.275391,6.096755,88.92347,102.166267,237.626511,4.6168595,1.8195774999999998,31927.6015625,8.147437499999999,NA,NA,NA,NA,NA,NA,NA,NA,NA
Daily,2024-07-03,77.398308,25.221281,-91.576263,32.057621,NA,49276.238281,49288.5898435,6.0430945000000005,87.939644,101.039047,238.6240845,4.5858565,1.843067,31939.1015625,8.1543455,NA,NA,NA,NA,NA,NA,NA,NA,NA
Daily,2024-07-04,77.398308,25.221281,-92.547188,32.058375999999996,49198.367188,49281.246094,49294.503906,6.1357875,89.45034749999999,102.745102,240.622787,4.5633815,1.858646,31933.799805,8.1583435,NA,NA,NA,NA,NA,NA,NA,NA,NA
Daily,2024-07-05,77.398308,25.221281,-93.063202,32.057148,49199.107422,49281.488281,49315.310547,6.154904,89.370483,102.695679,239.61911,4.557195,1.885843,31934.652344,8.149323,0,0.07,1.6,NA,8.05,117,0.6,0.001,NA
Daily,2024-07-06,77.409569,25.221281,-93.3363,32.040813,49179.488281,49272.082031,49264.878906,6.082012,88.6451605,101.790001,241.56485,4.5236215,1.9477064999999998,31945.050781,8.157755,NA,NA,NA,NA,NA,NA,NA,NA,NA
Daily,2024-07-07,77.409569,25.227539,-93.554016,32.017793499999996,NA,49279.453125,49285.714844,6.1062145,88.800453,102.2283285,241.5052875,4.4908565,1.974032,31948.349609,8.158483,NA,NA,NA,NA,NA,NA,NA,NA,NA
Daily,2024-07-08,NA,NA,NA,NA,NA,NA,NA,6.1178930000000005,89.01704050000001,102.266674,242.476791,4.45614,1.958359,NA,8.158454,NA,NA,NA,NA,NA,NA,NA,NA,NA
Daily,2024-07-09,77.38140849999999,25.215021,-94.512627,NA,51437.167969,51076.375,51063.941406,6.009697,88.5158345,101.67321,241.4523545,1.324368,1.359291,33154.5,8.193432,NA,NA,NA,NA,NA,NA,NA,NA,NA
Daily,2024-07-10,77.398308,25.221281,-94.63073,NA,51444.359375,51079.40625,51173.15625,6.0264120000000005,88.564857,101.864326,239.466858,1.30874,1.3711535000000001,33248.203125,8.204384,NA,NA,NA,NA,NA,NA,NA,NA,NA
Daily,2024-07-11,77.398308,25.221281,-95.0385555,NA,51441.78125,51078.988281,51227.25,6.00484,88.544357,101.927208,240.47171,1.308948,1.390617,33309.097656,8.2059785,NA,NA,NA,NA,NA,NA,NA,NA,NA
Daily,2024-07-12,NA,25.221281,-95.021126,33.507442499999996,51446.222656,51067.761719,51325.3125,5.9915445,87.964828,101.054237,238.47878250000002,1.293426,1.39849,33088.4023435,8.2035725,0,0.02,1.43,2.43,8.01,122,0.73,0.003,NA
Daily,2024-07-13,77.36451,25.202505,-95.078056,33.508579,NA,51100.5,51314.5019535,6.044807,88.690872,102.244225,246.501152,1.481033,1.242382,33365.103516,8.211584,NA,NA,NA,NA,NA,NA,NA,NA,NA
Daily,2024-07-14,77.353241,25.196247,-95.051918,33.517033,51208.125,51321.082031,51318.8046875,6.032542,88.8334275,101.879005,248.52491,1.4530595000000002,1.250314,33446.894531,8.220215,NA,NA,NA,NA,NA,NA,NA,NA,NA
Daily,2024-07-15,77.162041,25.083765,-95.925262,33.52763,51216.847656,51323.160156,51319.066406,6.061953,89.08918,102.465866,249.543991,1.427109,1.2740719999999999,33404.5,8.217366,NA,NA,NA,NA,NA,NA,NA,NA,NA
Daily,2024-07-16,77.15078,25.083765,-95.791443,33.5384215,51230.0722655,51306.875,51306.558594,6.047157,88.853516,102.158974,247.088867,1.379356,1.289895,33397.898438,8.223365,NA,NA,NA,NA,NA,NA,NA,NA,NA
Daily,2024-07-17,77.375778,25.208765,-96.066216,33.547966,51233.976563,51323.765625,51306.609375,6.039781,88.862984,102.171394,250.61111449999999,1.333821,1.2510344999999998,33405.501953,8.2231555,NA,NA,NA,NA,NA,NA,NA,NA,NA
Daily,2024-07-18,77.387039,25.215021,-96.0830155,33.5547445,51241.949219,51318.4003905,51330.0507815,6.026555,88.4934765,101.896431,252.6383285,1.290655,1.243308,33395.402344,8.2269535,NA,NA,NA,NA,NA,NA,NA,NA,NA
Daily,2024-07-19,77.398308,25.221281,-95.991173,NA,NA,NA,NA,6.0236315,88.358795,101.875786,251.646667,1.2678500000000001,1.2590495000000002,NA,8.221958,0,0.09,1.43,2.2,8.01,123,0.6,0.008,NA
Daily,2024-07-20,77.36451,25.202505,-95.596817,33.568794,51256.931641,51325.363281,51333.394531,6.002647,88.335953,101.46973399999999,241.67688,1.318672,1.21233,33398.101563,8.2178155,NA,NA,NA,NA,NA,NA,NA,NA,NA
Daily,2024-07-21,NA,25.196247,-96.007027,33.576656,51265.671875,51331.144531,51313.9765625,6.016091,88.3491135,101.786461,244.708214,1.3150735,1.2085569999999999,33406.300781,8.224129,NA,NA,NA,NA,NA,NA,NA,NA,NA
Daily,2024-07-22,NA,NA,-95.765343,33.586037,NA,51343.941406,51308.335938,5.980453,87.769249,100.940201,236.74279,1.279762,1.212829,33448.898438,8.218098,NA,NA,NA,NA,NA,NA,NA,NA,NA
Daily,2024-07-23,77.34198,25.189989,-95.558052,33.595257,51285.464844,51325.925781,51332.105469,6.009007,88.265884,101.682732,245.74675,1.249233,1.2167545,33406.898438,8.215543,NA,NA,NA,NA,NA,NA,NA,NA,NA
Daily,2024-07-24,77.353241,25.196247,-95.849182,33.604145,NA,51317.470703,51332.203125,6.005971,88.265114,101.609543,245.780167,1.2030145,1.22082,33403.300781,8.216753,NA,NA,NA,NA,NA,NA,NA,NA,NA
Daily,2024-07-25,NA,NA,-95.567688,33.613914,NA,51326.0097655,51324.808594,5.978016500000001,87.96936,100.923096,243.825974,1.1558320000000002,1.236761,33397.898438,8.2216,NA,NA,NA,NA,NA,NA,NA,NA,NA
Daily,2024-07-26,NA,NA,-95.413185,NA,NA,NA,NA,6.006118,88.104614,101.4479025,240.332245,1.1168065,1.268209,NA,8.2195975,0,0.07,1.3,1.8,8.17,116,0.76,0.021,NA
Daily,2024-07-27,77.34198,25.189989,-95.59416949999999,33.6332095,NA,51338.1328125,51320.650391,6.014345499999999,88.31980899999999,101.68102250000001,227.879913,1.2818665,1.205867,33428.902344,8.215325,NA,NA,NA,NA,NA,NA,NA,NA,NA
Daily,2024-07-28,77.353241,25.196247,-95.718498,33.639097,NA,51343.160156,51345.40625,6.006814,88.57621,101.918983,223.899979,1.2583915,1.221664,33397.298828,8.220620499999999,NA,NA,NA,NA,NA,NA,NA,NA,NA
Daily,2024-07-29,77.139511,25.077505,-95.834419,33.64959,NA,51340.871094,51326.402344,5.962001,87.463615,100.796898,219.916092,1.249234,1.245272,33423.101563,8.208114,NA,NA,NA,NA,NA,NA,NA,NA,NA
Daily,2024-07-30,77.36451,25.202505,-95.591454,33.659887499999996,51606.2265625,51349.121094,51348.3750005,6.01428,88.133602,101.404842,226.972214,1.2046459999999999,1.276693,33410.601563,8.216425000000001,NA,NA,NA,NA,NA,NA,NA,NA,NA
Daily,2024-07-31,NA,NA,-95.024315,33.669056,51616.625,51329.496094,51312.890625,5.97278,87.771027,101.0363805,220.9844055,1.188927,1.32363,33437.3007815,8.177505,NA,NA,NA,NA,NA,NA,NA,NA,NA
Daily,2024-08-01,77.15078,25.083765,-93.25827,33.932213,NA,51345.1640625,51324.2714845,5.89423,86.5185505,99.672089,219.009811,1.187014,1.332074,33432.8027345,8.155145,NA,NA,NA,NA,NA,NA,NA,NA,NA
Daily,2024-08-02,77.375778,25.208765,-93.4688875,NA,NA,NA,NA,6.021893,88.3436085,101.41777,213.034088,1.181694,1.527096,NA,8.160872,0,0.01,1.4,2.03,7.93,116,0.86,0.016,NA
Daily,2024-08-03,NA,NA,-93.692291,33.848631,NA,51577.1640625,51578.4003905,6.0566835,89.13346100000001,101.54092399999999,248.5308915,1.358278,3.123609,33410.3027345,8.137265,NA,NA,NA,NA,NA,NA,NA,NA,NA
Daily,2024-08-04,77.353241,25.196247,-93.184662,33.8584975,NA,51600.955078,51586.605469,5.980338,88.130997,100.36970099999999,253.548279,1.343389,3.1240430000000003,33427.503906,8.123203,NA,NA,NA,NA,NA,NA,NA,NA,NA
Daily,2024-08-05,77.128242,25.071247,-93.183922,33.868172,NA,51553.015625,51567.5371095,5.995188,88.31827150000001,100.485184,250.582069,1.3280195,3.186701,33369.0019535,8.1125995,NA,NA,NA,NA,NA,NA,NA,NA,0
Daily,2024-08-06,77.353241,25.196247,-93.5877,33.875504,51825.132813,51577.265625,51574.042969,6.0597805000000005,89.1898575,101.68749249999999,257.1997225,1.2657875,3.218345,33403,8.129068,NA,NA,NA,NA,NA,NA,NA,NA,NA
Daily,2024-08-07,77.15078,25.083765,-93.0680735,33.882499499999994,NA,51558.810547,51598.4746095,5.998298999999999,88.025192,100.614677,251.6206665,1.240654,3.2811145,33456.400391,8.1097595,NA,NA,NA,NA,NA,NA,NA,NA,NA
Daily,2024-08-08,77.34198,25.196247,-93.495682,33.894391999999996,NA,51614.4179685,51603.6757815,6.0705995,89.307098,101.688263,259.3188325,1.1766255,3.3284944999999997,33627.703125,8.117697499999998,NA,NA,NA,NA,NA,NA,NA,NA,NA
Daily,2024-08-09,77.139511,NA,-93.3622665,NA,NA,NA,NA,6.022591,88.845295,100.9210545,257.408646,1.1639545,3.406939,NA,8.107889,0,0.05,1.13,1.83,7.96,119,0.85,0.033,NA
Daily,2024-08-10,77.330719,25.183731,-93.5201875,33.915661,51868.330078,51555.794922,51536.472656,6.020972,88.40606299999999,100.7933805,245.723404,0.62768,3.282611,33686.898438,8.0983075,NA,NA,NA,NA,NA,NA,NA,NA,NA
Daily,2024-08-11,NA,NA,-92.805534,33.913177,NA,51608.519531,51610.359375,5.961997,87.91663,99.894333,237.724968,0.60257,3.399661,33668.300781,8.093898,NA,NA,NA,NA,NA,NA,NA,NA,NA
Daily,2024-08-12,77.330719,25.183731,-93.480652,33.9166525,51869.125,51578.050781,51588.429688,6.070205,89.246071,101.649536,247.732864,0.579329,3.54826,33654.5,8.092335,NA,NA,NA,NA,NA,NA,NA,NA,NA
Daily,2024-08-13,77.308189,25.171215,-93.526062,33.9167675,51869.476563,51582.892578,51555.9140625,6.0323245,88.863239,100.9770355,250.734581,0.535739,3.829661,33679.8027345,8.0937765,NA,NA,NA,NA,NA,NA,NA,NA,NA
Daily,2024-08-14,NA,25.164955,-93.5189665,33.919754,51872.347656,51609.972656,51587.949219,5.995794,88.356758,100.44371,255.74454500000002,0.478876,4.189992,33667.5019535,8.0998005,NA,NA,NA,NA,NA,NA,NA,NA,NA
Daily,2024-08-15,77.31945,25.171215,-94.556496,33.917248,51869.050781,51579.984375,51597.785156,6.061007,89.464073,101.4997595,259.456512,0.45244700000000004,4.721217,33667.101563,8.111052,NA,NA,NA,NA,NA,NA,NA,NA,NA
Daily,2024-08-16,77.31945,NA,NA,NA,NA,NA,NA,6.0399045000000005,89.073055,101.491665,261.4622805,0.421926,4.908889,NA,8.1405445,0,0,1.47,2.13,7.88,113,0.73,NA,NA
Daily,2024-08-17,NA,NA,-95.7114105,33.91589,51865.792969,51568.1875,51576.529297,6.032984,88.815971,101.188225,257.452286,0.414268,5.143178,33652.3027345,8.214870000000001,NA,NA,NA,NA,NA,NA,NA,NA,NA
Daily,2024-08-18,77.139511,NA,-96.02142699999999,33.9163835,NA,51552.519531,51603.9394535,6.008323,87.99305,100.27489449999999,261.457397,0.32434399999999997,5.5496275,33683.300781,8.2211805,NA,NA,NA,NA,NA,NA,NA,NA,NA
Daily,2024-08-19,NA,NA,-96.028847,33.920818,51873.439453,51601.234375,51575.582031,6.004069,88.23826199999999,100.6750795,261.47047399999997,0.252261,5.752741,33687.103516,8.223780999999999,NA,NA,NA,NA,NA,NA,NA,NA,NA
Daily,2024-08-20,77.353241,25.196247,-96.608826,33.922741,51873.460938,51576.5566405,51592.25,6.074636,89.355865,101.854507,261.5085755,0.240978,5.8000095,33676.3046875,8.227227,NA,NA,NA,NA,NA,NA,NA,NA,NA
Daily,2024-08-21,NA,NA,-96.555309,33.923961500000004,51877.246094,51562.7734375,51607.291016,6.0139435,88.53471,100.70480699999999,265.517059,0.334559,5.84693,33659.9003905,8.217298,NA,NA,NA,NA,NA,NA,NA,NA,NA
Daily,2024-08-22,NA,NA,-96.51001,33.907059,51808.003906,51592.080078,51595.1191405,5.996286,88.390751,100.40212249999999,262.2256165,0.220939,6.243309,33669.8007815,8.217498,NA,NA,NA,NA,NA,NA,NA,NA,NA
Daily,2024-08-23,77.15078,25.083765,-92.471077,NA,NA,NA,NA,5.886299,86.753193,98.7936895,260.52619949999996,0.19207000000000002,6.772269,NA,8.195623000000001,NA,NA,NA,NA,NA,NA,NA,NA,NA
Daily,2024-08-24,77.15078,25.083765,-95.15419,33.780403,51477.324219,51564.046875,51601.1484375,5.975641,87.501312,99.5094945,253.308975,0.375894,6.507178,33426.603516,8.083586,NA,NA,NA,NA,NA,NA,NA,NA,NA
Daily,2024-08-25,77.15078,25.083765,-95.579529,33.787193,51483.5234375,51587.71875,51576.585938,5.9994309999999995,88.297714,100.556953,251.84108750000001,0.348587,6.867459500000001,33395.6015625,8.09193,NA,NA,NA,NA,NA,NA,NA,NA,NA
Daily,2024-08-26,77.15078,25.083765,-95.93166350000001,33.7898045,51485.1015625,51602.8535155,51577.7421875,6.021784,88.5353695,100.7459335,252.34478000000001,0.3256835,6.789024,33430.7031255,8.095232500000002,NA,NA,NA,NA,NA,NA,NA,NA,NA
Daily,2024-08-27,NA,NA,-95.06118,NA,NA,NA,NA,5.9048685,86.776276,98.9327165,250.351227,0.288381,7.085052,NA,NA,NA,NA,NA,NA,NA,NA,NA,NA,NA
Daily,2024-08-28,77.128242,25.071247,-94.383892,33.761482,NA,51568.980469,51574.25,5.91538,86.76503,98.935982,250.2614825,0.199587,7.302567,33405.699219,8.05767,NA,NA,NA,NA,NA,NA,NA,NA,NA
Daily,2024-08-29,77.128242,NA,-93.234337,33.755459,NA,51336.964844,51594.28125,5.919375,86.919357,98.985092,250.247971,0.204586,7.864559,33413.5,8.033307,NA,NA,NA,NA,NA,NA,NA,NA,NA
Daily,2024-08-30,77.116982,25.064989,-93.1677055,NA,NA,NA,NA,5.95546,87.383862,99.81175999999999,250.195435,0.198472,7.800349,NA,8.034066,NA,NA,NA,NA,NA,NA,NA,NA,NA
Daily,2024-08-31,NA,25.083765,-93.379417,33.989918,51690.621094,51320.78125,51339.507813,5.960541,87.7318765,99.835968,252.197739,0.2801285,7.425866,33431.105469,8.033931,NA,NA,NA,NA,NA,NA,NA,NA,NA
Daily,2024-09-01,NA,25.077505,-92.672916,33.982889,51685.03125,51336.982422,51320.4160155,5.90277,86.839775,98.53693799999999,232.193268,0.307072,5.362538,33414.101563,8.034407999999999,NA,NA,NA,NA,NA,NA,NA,NA,NA
Daily,2024-09-02,NA,NA,-92.614994,33.980802499999996,51683.878906,51328.921875,51327.941406,5.925333999999999,86.9926265,99.26075,230.6776425,0.317314,4.706316,33404.5,8.0318875,NA,NA,NA,NA,NA,NA,NA,NA,NA
Daily,2024-09-03,NA,NA,-92.8680875,33.97913,51681.089844,51314.425781,51321.984375,5.977277,87.848724,99.88025300000001,236.16036200000002,0.29160949999999997,4.956304,33424.703125,8.026835,NA,NA,NA,NA,NA,NA,NA,NA,NA
Daily,2024-09-04,NA,NA,-93.331482,NA,51694.386719,51315.765625,51344.0683595,5.96914,87.290939,99.236168,233.209457,0.27192,5.207465,33411.101563,8.032525,NA,NA,NA,NA,NA,NA,NA,NA,NA
Daily,2024-09-05,NA,NA,-93.5671005,NA,51698.136719,51328.828125,51375.773438,5.985827,88.405457,100.4613645,233.223846,0.2284415,5.707699,33428.5,8.0492795,NA,NA,NA,NA,NA,NA,NA,NA,NA
Daily,2024-09-06,77.15078,25.080635,-93.88239300000001,NA,NA,NA,NA,5.955147,87.652489,99.91587050000001,239.234589,0.218694,NA,NA,8.053394,NA,NA,NA,NA,NA,NA,NA,NA,NA
Daily,2024-09-07,77.139511,25.077505,-95.1467785,NA,NA,48790.355469,48772.84375,6.108268,88.858246,101.386009,253.021454,-0.890367,-106.973549,31687.951172,8.067744000000001,NA,NA,NA,NA,NA,NA,NA,NA,NA
Daily,2024-09-08,77.116982,25.064989,-95.305367,31.9717075,NA,48760.644531,48746.7890625,6.094613,88.6347275,101.156147,256.191681,-0.8984215,-106.5223925,31749.4501955,8.0813185,NA,NA,NA,NA,NA,NA,NA,NA,NA
Daily,2024-09-09,77.128242,25.071247,-95.74214900000001,31.972607500000002,NA,48783.984375,48799.7695315,6.0938704999999995,88.4568325,101.229294,260.148056,-0.9348,-106.497566,31784.649414,8.09196,NA,NA,NA,NA,NA,NA,NA,NA,NA
Daily,2024-09-10,77.105713,25.058731,-95.8511045,31.981496,49103.523438,48768.535156,48754.6796875,6.1178345,88.76907,101.4351275,262.4445955,-0.955077,-106.06559,31827.9013675,8.0892515,NA,NA,NA,NA,NA,NA,NA,NA,NA
Daily,2024-09-11,77.116982,25.064989,-96.22974049999999,31.9775095,49093.816406,48770.4375,48768.039063,6.06943,88.289833,100.71312,266.248169,-0.977334,-106.03786099999999,31815.9003905,8.093893999999999,NA,NA,NA,NA,NA,NA,NA,NA,NA
Daily,2024-09-12,77.105713,25.052471,-96.259712,31.979532,49097.2558595,48768.625,48731.238281,6.035355,87.937401,100.487839,266.282349,-0.993822,-106.032921,31803.050781,8.091691,NA,NA,NA,NA,NA,NA,NA,NA,NA
Daily,2024-09-13,77.094444,25.052471,-95.96235999999999,NA,NA,NA,NA,6.046167,87.770515,100.078316,268.282196,-0.974067,-106.028328,NA,8.0973365,0,0,1.5,2.8,NA,116,1.15,0.018,NA
Daily,2024-09-14,NA,NA,-96.3562735,31.980042,49101.828125,48745.214844,48740.371094,6.071962,88.1203235,100.802109,260.3574525,-0.7881855,-106.03952799999999,31808.250977,8.153082,NA,NA,NA,NA,NA,NA,NA,NA,NA
Daily,2024-09-15,NA,NA,-96.337349,31.978668499999998,49097.074219,48779.644531,48728.1777345,6.060213,87.951363,100.2772485,260.2980495,-0.7921104999999999,-106.047764,31808.2509765,8.160681,NA,NA,NA,NA,NA,NA,NA,NA,NA
Daily,2024-09-16,NA,NA,-95.6296615,31.975879,49091.671875,48761.703125,48806.4628905,5.994888,87.020187,99.6195295,256.2160645,-0.83683,NA,31827.1982425,8.147144,NA,NA,NA,NA,NA,NA,NA,NA,NA
Daily,2024-09-17,NA,NA,-94.871185,31.977262,49094.214844,48785.576172,48761.160156,6.0234915000000004,87.389328,99.7487105,254.1299055,-0.832751,NA,31806.548828,8.123674,NA,NA,NA,NA,NA,NA,NA,NA,NA
Daily,2024-09-18,NA,NA,NA,NA,NA,NA,NA,6.374435,93.018578,106.0459635,252.211807,-0.8516655,NA,NA,NA,NA,NA,NA,NA,NA,NA,NA,NA,NA
Daily,2024-09-19,NA,25.189989,-94.305199,31.980619,49102.935547,48782.640625,48745.826172,6.034979,87.746429,100.31855,247.1680145,-0.8174779999999999,NA,31805.700195,8.09526,NA,NA,NA,NA,NA,NA,NA,NA,NA
Daily,2024-09-20,77.139511,25.077505,-94.3529815,NA,NA,NA,NA,6.033557500000001,87.497673,99.7355535,247.132843,-0.807288,-108.0577585,NA,8.104524999999999,0,0.03,1.53,2.2,NA,127,0.86,0.043,NA
Daily,2024-09-21,NA,NA,-94.72117600000001,31.984499,49110.978516,48753.097656,48727.1328125,6.0270045,87.554569,99.771156,239.227127,-0.896146,NA,31798.851563,8.091546,NA,NA,NA,NA,NA,NA,NA,NA,NA
Daily,2024-09-22,NA,NA,-94.776085,31.987543,49116.105469,48750.816406,48794.681641,6.049305,87.5727385,100.240364,242.280075,-0.9197219999999999,NA,31807.899414,8.097947000000001,NA,NA,NA,NA,NA,NA,NA,NA,NA
Daily,2024-09-23,NA,NA,-94.854134,31.984196,49109.292969,48766.675781,48818.619141,6.065752,88.236549,100.593628,243.2120285,-0.9289125,-108.0577925,31822.552734,8.091704,NA,NA,NA,NA,NA,NA,NA,NA,NA
Daily,2024-09-24,77.105713,25.052471,-95.242683,31.980977000000003,49103.695313,48767.316406,48786.330078,6.053343,87.877174,100.27040099999999,242.193283,-0.96203,NA,31806.5019535,8.0935855,NA,NA,NA,NA,NA,NA,NA,NA,NA
Daily,2024-09-25,77.128242,25.071247,-95.272438,31.981471,49103.8066405,48769.607422,48753.6406255,6.049999,87.88989649999999,100.2930985,244.6796875,-0.961517,-107.571732,31822.75,8.098203,NA,NA,NA,NA,NA,NA,NA,NA,NA
Daily,2024-09-26,77.330719,25.183731,-95.492126,NA,49100.503906,48780.871094,48737.2109375,6.088215,88.058617,100.591934,247.1729205,-0.938118,-107.5768775,31757.150391,8.092659,NA,NA,NA,NA,NA,NA,NA,NA,NA
Daily,2024-09-27,77.128242,25.064989,NA,NA,NA,NA,NA,6.029933,87.681145,99.8281365,252.061508,-0.9461735,-107.9835125,NA,8.0780805,0,0.2,1.7,2.4,NA,111,0.73,0.031,NA
Daily,2024-09-28,NA,NA,-95.524323,31.9747245,49088.515625,48751.957031,48754.277344,6.027714,87.8997725,100.27457799999999,247.089935,-0.9112644999999999,-107.516434,31804.75,8.1483075,NA,NA,NA,NA,NA,NA,NA,NA,NA
Daily,2024-09-29,77.083183,25.046215,-95.637989,31.976636,49094.1484375,48782.701172,48803.175781,6.02653,87.359398,99.7201195,242.117081,-0.906995,-107.03714,31814.4521485,8.150052500000001,NA,NA,NA,NA,NA,NA,NA,NA,NA
Daily,2024-09-30,77.094444,NA,-95.701523,31.9766865,49094.4296875,48753.2265625,48787.580078,6.051547,87.89110600000001,100.160347,240.123497,-0.935323,-107.039932,31810.851563,8.154073,NA,NA,NA,NA,NA,NA,NA,NA,NA
Daily,2024-10-01,77.28566,25.158699,-95.111439,31.975525,49088.8085935,48756.923828,48782.019531,6.0609885000000006,87.9877165,100.7416535,244.6206285,-0.95075,-107.0253755,31815.25,8.144026,NA,NA,NA,NA,NA,NA,NA,NA,NA
Daily,2024-10-02,NA,NA,-95.3725585,31.977145999999998,49094.082031,48779.488281,48777.5019535,6.0809275,88.264175,100.613892,245.1439365,-0.942863,-107.042755,31817.751953,8.144195,NA,NA,NA,NA,NA,NA,NA,NA,NA
Daily,2024-10-03,77.071922,25.039955,-95.65766149999999,31.9723385,49084.451172,48777.3183595,48743.658203,6.039809999999999,87.82767100000001,100.4605215,243.0837405,-0.966359,-107.01428200000001,31801.298828,8.140878,NA,NA,NA,NA,NA,NA,NA,NA,NA
Daily,2024-10-04,77.071922,25.039955,-95.401649,NA,NA,NA,NA,6.050764,87.7910575,100.253445,245.543518,-0.957777,-107.491913,NA,8.148361,0,0.12,1.7,2.7,NA,127,0.81,NA,NA
Daily,2024-10-05,NA,25.039955,-95.25135800000001,32.916439,NA,50294.847656,50267.839844,5.9872119999999995,87.8227425,100.412125,263.923157,-1.866793,0.7662315,32704.2509765,7.959481,NA,NA,NA,NA,NA,NA,NA,NA,NA
Daily,2024-10-06,77.083183,25.039955,-95.27873199999999,32.919963499999994,NA,50299.6015625,50322.5996095,6.041624499999999,88.001862,101.06164150000001,262.931015,-1.860147,0.8737820000000001,32707.902343499998,7.958769,NA,NA,NA,NA,NA,NA,NA,NA,NA
Daily,2024-10-07,77.071922,NA,-95.1855165,32.922163,NA,50294.984375,50330.826172,6.006404,87.79482300000001,100.764839,261.959381,-1.8621845,0.8719060000000001,32706.899414,7.9558575000000005,NA,NA,NA,NA,NA,NA,NA,NA,NA
Daily,2024-10-08,77.071922,NA,-94.78370699999999,32.9236925,NA,50320.7128905,50281.648438,6.000635,87.735809,100.580856,263.939575,-1.867527,0.932491,32712.350586,7.955189,NA,NA,NA,NA,NA,NA,NA,NA,NA
Daily,2024-10-09,NA,NA,-93.82487850000001,NA,NA,50289.8652345,50297.1875,5.9392795,86.9486085,99.66457750000001,257.993591,-1.8681234999999998,0.975533,32709.75,7.939653,NA,NA,NA,NA,NA,NA,NA,NA,NA
Daily,2024-10-10,NA,NA,-93.795799,32.916359,NA,50260.6015625,50292.1250005,6.003649,87.757568,100.770859,261.9181975,-1.869327,0.963646,32714.451172,7.943173,NA,NA,NA,NA,NA,NA,NA,NA,NA
Daily,2024-10-11,77.049393,25.027439,-93.875641,NA,NA,NA,NA,5.990807,87.796059,100.321426,265.943024,-1.849248,1.021099,NA,7.935906,0,0.02,1.1,1.3,NA,128,0.81,0.046,NA
Daily,2024-10-12,NA,NA,-94.3235665,32.9139175,50587.054688,50305.267578,50331.8359375,6.026726999999999,87.990425,100.608696,259.8981325,-1.869189,0.799369,32709.899414,7.963022499999999,NA,NA,NA,NA,NA,NA,NA,NA,NA
Daily,2024-10-13,77.296921,NA,-94.2673035,32.908062,NA,50307.1660155,50314.378906,6.00347,88.189926,100.808571,253.940216,-1.865355,0.818824,32701.349609,7.964489,NA,NA,NA,NA,NA,NA,NA,NA,NA
Daily,2024-10-14,77.2912905,25.158699,-93.897697,32.9039075,NA,50299.076172,50304.753906,5.996233,87.64035,100.442413,253.925842,-1.8620945,0.713305,32707.349609,7.960316,NA,NA,NA,NA,NA,NA,NA,NA,NA
Daily,2024-10-15,77.296921,25.164955,-93.7776295,32.903347,NA,50312.125,50315.013672,5.9782685,87.503464,100.288727,255.41313200000002,-1.8729025,0.682078,32702.150391,7.955986,NA,NA,NA,NA,NA,NA,NA,NA,NA
Daily,2024-10-16,NA,NA,-93.6255835,32.902168,NA,50319.28125,50316.164063,5.97746,87.1168405,100.046555,255.917328,-1.885173,0.568699,32701.650391,7.953692,NA,NA,NA,NA,NA,NA,NA,NA,NA
Daily,2024-10-17,77.308189,25.171215,-93.4668045,32.905064,NA,50290.542969,50299.6875,5.981012,87.674294,100.254509,259.819092,-1.8849425000000002,0.576631,32708.7509765,7.953903,NA,NA,NA,NA,NA,NA,NA,NA,NA
Daily,2024-10-18,77.296921,25.164955,-93.029961,32.91177,50584.796875,50328.582031,50334.4375,5.920819,86.822777,99.319626,261.874268,-1.891064,0.537687,32702.25,7.950828,0,0.21,1,1.63,NA,121,0.82,0.021,NA
Daily,2024-10-19,77.28566,25.158699,-91.647026,NA,50607.84375,50271.101563,50287.808594,5.8776695,86.087227,98.514843,258.067932,-1.846756,0.464449,32707.650391,7.986412,NA,NA,NA,NA,NA,NA,NA,NA,NA
Daily,2024-10-20,77.28566,25.152439,-91.02000799999999,33.2045805,50625.966797,50295.796875,50291.0488285,5.927269,86.495323,99.25959399999999,256.1434935,-1.8408285,0.37174399999999996,32713.550780999998,7.9773925000000006,NA,NA,NA,NA,NA,NA,NA,NA,NA
Daily,2024-10-21,77.274391,25.152439,-91.52871350000001,33.2001875,50619.109375,50329.472656,50303.34375,5.981299,87.194,100.116165,258.10965,-1.80921,0.413744,32713.050781,7.987211,NA,NA,NA,NA,NA,NA,NA,NA,NA
Daily,2024-10-22,77.274391,25.152439,-91.771149,33.183411,50616.857422,50313.345703,50289.111328,5.968825,87.37429800000001,100.0306355,258.098114,-1.846523,0.285617,32707.650391,7.9869125,NA,NA,NA,NA,NA,NA,NA,NA,NA
Daily,2024-10-23,77.274391,25.152439,-91.985569,32.905264,50577.800781,50308.605469,50312.339844,5.980753,87.289009,100.05834999999999,263.91015649999997,-1.907216,0.3634095,32706.900391,7.989225,NA,NA,NA,NA,NA,NA,NA,NA,NA
Daily,2024-10-24,77.296921,25.164955,-92.002739,32.892129999999995,NA,50292.0546875,50281.0390625,5.9709335,87.4155045,99.9872055,265.757797,-1.908451,0.35655400000000004,32712.2998045,7.9877585,NA,NA,NA,NA,NA,NA,NA,NA,NA
Daily,2024-10-25,77.094444,NA,-92.027256,NA,NA,NA,NA,5.963116,87.24992750000001,99.60022,265.7766115,-1.9013135,0.288189,NA,7.9845795,0,0,1.3,0.8,NA,122,0.9,0.032,NA
Daily,2024-10-26,77.240593,25.133663,-92.258614,32.885752,NA,50304.019531,50345.015625,5.990059,87.701538,100.250801,261.678558,-1.915173,0.196768,32695.048828,8.034801,NA,NA,NA,NA,NA,NA,NA,NA,NA
Daily,2024-10-27,NA,NA,-92.438835,32.881634,NA,50284.160156,50303.214844,5.995466,87.774025,100.357574,257.676697,-1.908555,0.204584,32716.1015625,8.036716,NA,NA,NA,NA,NA,NA,NA,NA,NA
Daily,2024-10-28,77.251862,25.139923,-92.216156,32.8836575,NA,50289.378906,50313.109375,5.978985,87.323013,99.911308,257.696106,-1.908715,0.278272,32712.552734,8.032668,NA,NA,NA,NA,NA,NA,NA,NA,NA
Daily,2024-10-29,77.251862,25.139923,-91.9853975,32.894846,NA,50293.84375,50303.328125,5.9193305,86.414627,98.81725700000001,257.8001405,-1.9069639999999999,0.346807,32724.4501955,8.031758,NA,NA,NA,NA,NA,NA,NA,NA,NA
Daily,2024-10-30,77.263123,25.146179,-91.191021,32.9084095,50578.359375,50319.8828125,50313.1464845,5.8754954999999995,86.17491150000001,98.5959395,259.8704225,-1.9114315,0.322492,32693.300781500002,8.023225,NA,NA,NA,NA,NA,NA,NA,NA,NA
Daily,2024-10-31,77.263123,25.146179,-91.377242999999993,32.905243,50575.824219,50302.097656,50308.550781,5.961581,87.219757,99.769592,261.873627,-1.917009,0.280331,32697.851563,8.024875000000002,NA,NA,NA,NA,NA,NA,NA,NA,NA
Daily,2024-11-01,NA,NA,-91.240044,NA,NA,NA,NA,5.937356,86.497429,98.848541,263.762939,-1.8971705,0.33606349999999996,NA,8.026391,0,0.01,1.2,1.5,8.19,130,1,0.047,NA
Daily,2024-11-02,77.28566,25.158699,-91.210762,32.887421,50554.84375,50317.761719,50289.71875,5.932464,86.674507,99.4114,257.731323,-1.869905,0.385761,32716.050781,7.989602,NA,NA,NA,NA,NA,NA,NA,NA,NA
Daily,2024-11-03,77.28566,25.158699,-90.6268575,32.903492,50574.607422,50337.5937505,50289.96875,5.830711,85.4269865,97.86928900000001,249.9329755,-1.8417945,0.49782950000000004,32704.5,7.986508,NA,NA,NA,NA,NA,NA,NA,NA,NA
Daily,2024-11-04,77.28566,25.158699,-88.63695100000001,32.913029,50579.03125,50299.289063,50310.546875,5.776546,84.746071,96.68676,248.93668350000002,-1.889503,0.248683,32711.951172,7.954525,NA,NA,NA,NA,NA,NA,NA,NA,NA
Daily,2024-11-05,77.28566,25.158699,-89.13949199999999,32.9214855,50589.8027345,50316.671875,50283.105469,5.893069,86.86607000000001,99.3889005,251.96365350000002,-1.858876,0.2588235,32718.8994145,7.961613,NA,NA,NA,NA,NA,NA,NA,NA,NA
Daily,2024-11-06,77.28566,25.158699,-89.635887,32.913044,50581.6445315,50307.824219,50272.5996095,5.914882,86.6967085,99.165413,254.93338,-1.91575,0.266822,32710.350586,7.966582,NA,NA,NA,NA,NA,NA,NA,NA,NA
Daily,2024-11-07,77.2912905,25.158699,-90.066643,32.905807499999995,50575.246094,50266.058594,50304.404297,5.901514,86.51536949999999,98.7385405,257.85812350000003,-1.900192,0.264821,32698.451172,7.9728385,NA,NA,NA,NA,NA,NA,NA,NA,NA
Daily,2024-11-08,NA,NA,NA,NA,NA,NA,NA,5.9425865,86.694378,99.242088,259.76380900000004,-1.8928635,0.260955,NA,7.9553,0,0.09,0.9,2.2,8.18,133,1.14,0.012,NA
Daily,2024-11-09,77.263123,25.146179,-90.094078,28.350033,44225.058594,43929.488281,43899.9687505,6.046023,86.2774355,98.940994,263.795593,-2.145282,2.536734,28609.849609,8.000382,NA,NA,NA,NA,NA,NA,NA,NA,NA
Daily,2024-11-10,77.263123,25.146179,-90.533409,28.3489865,44222.654297,43892.535156,43900.2714845,6.1009285,86.87840299999999,99.209259,264.72821050000005,-2.130219,2.5984214999999997,28622.251953,8.0198455,NA,NA,NA,NA,NA,NA,NA,NA,NA
Daily,2024-11-11,77.251862,25.139923,-90.577881,28.3470325,44218.480469,43898.8691405,43902.558594,6.1082435,86.918747,99.261436,265.6926575,-2.159504,2.5750215,28605.700195,8.023314,NA,NA,NA,NA,NA,NA,NA,NA,NA
Daily,2024-11-12,77.251862,25.139923,-90.5173455,28.346257,44217.191406,43897.667969,43897.496094,6.049009,86.2929455,98.924057,265.6939695,-2.1460985,2.519672,28620.350586,8.019822000000001,NA,NA,NA,NA,NA,NA,NA,NA,NA
Daily,2024-11-13,77.240593,25.127405,-90.5750805,28.34753,44217.902344,43882.8007815,43873.1875,6.107554,86.9938125,99.48385250000001,263.687912,-2.143706,2.567833,28616.150391,8.028379000000001,NA,NA,NA,NA,NA,NA,NA,NA,NA
Daily,2024-11-14,77.240593,25.133663,-90.654503,28.346395,44218.529297,43905.957031,43907.6777345,6.115672,86.982742,99.39590849999999,265.691864,-2.1276095,2.5356379999999996,28617.7001955,8.02424,NA,NA,NA,NA,NA,NA,NA,NA,NA
Daily,2024-11-15,77.015594,25.014923,-90.575989,NA,NA,NA,NA,6.086272,86.581367,99.15152,265.6277315,-2.130078,2.583525,NA,8.027554,0,0.05,1.1,1.3,NA,130,1.24,0.032,NA
Daily,2024-11-16,77.251862,25.139923,-90.65271,NA,44246.417969,43876.8359375,43880.341797,6.038085,86.02709949999999,98.211441,258.059006,-2.131263,2.538513,28623.1015625,8.027274,NA,NA,NA,NA,NA,NA,NA,NA,NA
Daily,2024-11-17,77.263123,25.146179,-90.634857,28.4931235,44260.425781,43902.15625,43883.742188,6.0027915,85.615158,98.256706,256.164993,-2.1472344999999997,2.492251,28614.751953,8.030588,NA,NA,NA,NA,NA,NA,NA,NA,NA
Daily,2024-11-18,77.274391,25.146179,-90.036812,28.492447,44260.21875,43909.8125,43876.304688,6.019545,85.806118,98.2131655,255.068138,-2.132201,2.507139,28629.751953,8.039089,NA,NA,NA,NA,NA,NA,NA,NA,NA
Daily,2024-11-19,77.274391,25.146179,-90.496399,NA,44249.822266,43918.5722655,43889.847656,6.059321,86.555542,98.880169,256.01101700000004,-2.145607,2.522254,28602.650391,8.031234,NA,NA,NA,NA,NA,NA,NA,NA,NA
Daily,2024-11-20,77.274391,25.152439,-90.533577,NA,44249.273438,43898.910156,43939.859375,6.112504,87.145363,99.72728,258.07164,-2.1320170000000003,2.585402,28613.851563,8.037756,NA,NA,NA,NA,NA,NA,NA,NA,NA
Daily,2024-11-21,77.274391,25.152439,-90.605164,NA,44254.078125,43889.21875,43910.382813,6.118964,87.25019850000001,99.936657,260.089157,-2.130523,2.584688,28614.349609,8.030754,NA,NA,NA,NA,NA,NA,NA,NA,NA
Daily,2024-11-22,77.274391,25.152439,-90.99086,NA,NA,NA,NA,6.127829,87.363556,99.9329915,263.921448,-2.146252,2.53734,NA,8.028491,0,0.09,1.4,2.27,NA,129,1.5,0.015,NA
Daily,2024-11-23,77.251862,25.139923,-90.662872,28.350216500000002,44223.429688,43886.4492185,43884.623047,6.118893,87.10597250000001,99.66315850000001,252.896103,-2.019997,2.333329,28620.200195,8.032633,NA,NA,NA,NA,NA,NA,NA,NA,NA
Daily,2024-11-24,77.038124,25.024309000000002,-90.9923895,28.3512475,44228.919922,43901.296875,43888.574219,6.0989385,86.6186065,99.341751,250.39385249999998,-2.033588,2.3489965,28613.651367,8.0322085,NA,NA,NA,NA,NA,NA,NA,NA,NA
Daily,2024-11-25,77.026863,25.014923,-90.989403,28.3491005,44224.5,43912.2597655,43917.191406,6.126272,87.067848,99.9116595,250.758392,-2.0167265,2.347565,28610.552734,8.028242,NA,NA,NA,NA,NA,NA,NA,NA,NA
Daily,2024-11-26,77.229332,25.127405,-90.920624,28.341935,44209.347656,43896.4902345,43872.996094,6.136993,87.359276,99.86845,253.28590400000002,-1.9854665,2.4179315,28624.8496095,8.027771,NA,NA,NA,NA,NA,NA,NA,NA,NA
Daily,2024-11-27,77.015594,25.008663,-90.90279,28.343735,44214.3457035,43917.7089845,43907.605469,6.100481,87.0157545,99.49149700000001,257.660828,-2.0172435,2.442103,28607.101563,8.026717999999999,0,0.1,1.1,1.8,8.13,125,1.46,NA,NA
Daily,2024-11-28,77.229332,25.127405,-89.54705799999999,28.349829,44225.957031,43874.546875,43897.277344,6.062012,86.440056,98.837067,257.740173,-2.002592,2.442163,28624.351563,7.9948245,NA,NA,NA,NA,NA,NA,NA,NA,NA
Daily,2024-11-29,NA,NA,-89.978973,28.348305,44223.964844,43892.207031,43930.957031,6.1108,87.016251,99.5991555,259.714111,-2.018125,2.39546,28610.449219,7.993788,NA,NA,NA,NA,NA,NA,NA,NA,NA
Daily,2024-11-30,77.218063,25.121147,-90.003094,28.339207,44200.488281,43887.886719,43898.496094,6.09549,86.7661975,99.72859199999999,261.5162355,-2.0404725,2.315855,28627.597656500002,8.0009765,NA,NA,NA,NA,NA,NA,NA,NA,NA
Daily,2024-12-01,77.004326,NA,-90.397339,28.339008,NA,43904.265625,43904.326172,6.118002,87.184631,99.925652,261.527954,-2.063828,2.315912,28599.2509765,8.006137500000001,NA,NA,NA,NA,NA,NA,NA,NA,NA
Daily,2024-12-02,NA,NA,-90.4311215,28.33511,NA,43869.878906,43904.960938,6.1189555,87.28466800000001,100.032898,263.436188,-2.0629239999999998,2.284259,28611.050781,8.016490000000001,NA,NA,NA,NA,NA,NA,NA,NA,NA
Daily,2024-12-03,77.206802,NA,-90.4566955,28.333101,NA,43916.308594,43887.0488285,6.140504,87.028137,100.041855,263.371094,-2.061916,2.2529075,28598.5996095,8.023365,NA,NA,NA,NA,NA,NA,NA,NA,NA
Daily,2024-12-04,NA,NA,-90.463089,28.337252,NA,43903.515625,43909.5097655,6.1329965,87.658085,100.123611,NA,-2.063274,2.2845265,28619.551758,8.02,NA,NA,NA,NA,NA,NA,NA,NA,NA
Daily,2024-12-05,77.218063,25.121147,-90.4953535,28.3379325,NA,43918.855469,43893.7421875,6.140998,86.9958115,99.3687595,NA,-2.047832,2.222457,28598.950195,8.01931,NA,NA,NA,NA,NA,NA,NA,NA,NA
Daily,2024-12-06,NA,NA,-83.696198,NA,NA,NA,NA,6.109393,86.729652,99.047432,NA,NA,NA,NA,7.97583,0,0.06,0.93,1.8,8.07,121,1.67,0.013,NA
Daily,2024-12-07,77.015594,25.008663,-90.421509,29.1378115,45071.210938,45197.28125,45178.902344,6.081483,87.401703,99.505737,274.369446,-4.43496,-5.6377915000000005,29253.9511715,7.9635,NA,NA,NA,NA,NA,NA,NA,NA,NA
Daily,2024-12-08,NA,NA,-90.467918,29.135827,45085.492188,45146.1191405,45203.121094,6.097596,86.9668925,99.4987565,272.430542,-4.391878999999999,-5.528306,29253.8017575,7.9681635,NA,NA,NA,NA,NA,NA,NA,NA,NA
Daily,2024-12-09,NA,NA,-90.856483,29.130526,NA,45036.144531,45202.570313,6.05279,86.685471,99.37318400000001,272.265961,-4.392004,-5.621125,29254.349609,7.970678,NA,NA,NA,NA,NA,NA,NA,NA,NA
Daily,2024-12-10,NA,NA,-90.8604585,29.1305555,NA,45124.777344,45189.9375005,6.078009,87.10812,99.66872000000001,270.31134,-4.391415,-5.5115235,29248.850586,7.971831,NA,NA,NA,NA,NA,NA,NA,NA,NA
Daily,2024-12-11,77.038124,25.014923,-90.858345,29.134159,NA,45176.058594,45185.8027345,6.137802,87.645203,100.421257,270.370331,-4.3892109999999995,-5.4484585,29251.650391,7.973504,NA,NA,NA,NA,NA,NA,NA,NA,NA
Daily,2024-12-12,77.038124,25.021179,-90.9170455,29.13187,NA,45153,45202.6875,6.053706,86.693077,99.220818,NA,-4.3732695,-5.558116,29251.1015625,7.972042,NA,NA,NA,NA,NA,NA,NA,NA,NA
Daily,2024-12-13,77.038124,25.021179,-90.485962,29.131649,NA,45150.205078,45191.138672,6.047372,86.539337,99.180344,270.363922,-4.359551,-5.541493,29256.449219,7.964949,0,0.06,1.1,1.5,8.03,125,1.72,0.043,NA
Daily,2024-12-14,77.004326,25.002405,-90.465832,NA,45304.263672,44936.6972655,45130.324219,6.084289,87.284225,99.807541,266.190216,-4.450487,-5.68216,29273.953125,7.8073815,NA,NA,NA,NA,NA,NA,NA,NA,NA
Daily,2024-12-15,NA,NA,-90.93808000000001,NA,45301.039063,44927.25,44993.623047,6.108921,87.327843,99.613331,264.1590425,-4.4324955,-5.6345145,29259.450195,7.818943,NA,NA,NA,NA,NA,NA,NA,NA,NA
Daily,2024-12-16,77.218063,25.121147,-90.9500195,NA,45300.0625,44921.394531,44928.892578,6.091378,87.11370099999999,99.649967,260.145981,-4.41822,-5.5869275,29260.1015625,7.818822,NA,NA,NA,NA,NA,NA,NA,NA,NA
Daily,2024-12-17,77.218063,25.121147,-90.9660685,29.244921,45296.2832035,44909.222656,44912.535156,6.066539000000001,86.900024,99.9489935,260.10025,-4.4146785,-5.5398084999999995,29239.4990235,7.824337999999999,NA,NA,NA,NA,NA,NA,NA,NA,NA
Daily,2024-12-18,77.218063,25.121147,-90.952122,NA,45302.0390625,44940.861328,45023.2871095,6.1054055,87.156605,99.6864585,262.157623,-4.35396,-5.5255325,29254.151367500002,7.824495,NA,NA,NA,NA,NA,NA,NA,NA,NA
Daily,2024-12-19,77.206802,25.114889,-91.3762665,NA,45302.603516,44935.169922,45086.304688,6.1123765,87.029221,100.1487735,262.16897600000004,-4.415158,-5.5255555,29265.6982425,7.821270999999999,NA,NA,NA,NA,NA,NA,NA,NA,NA
Daily,2024-12-20,77.206802,25.114889,-91.3605235,29.1331475,45063.8945315,45201.685547,45162.048828,6.081409000000001,87.07074399999999,99.752907,260.436218,-4.3882615000000005,-5.528589,29246.900391,7.823116000000001,NA,NA,NA,NA,NA,NA,NA,NA,NA
Daily,2024-12-21,77.206802,25.114889,-91.389454,29.13438,45066.0625,45193.4003905,45209.8164065,6.343397,90.59514999999999,103.867325,255.200775,-4.389704999999999,-5.5267695,29252.0009765,7.8252825,NA,NA,NA,NA,NA,NA,NA,NA,NA
Daily,2024-12-22,77.206802,25.114889,-91.4025805,29.133724,45064.484375,45222.75,45186.257813,6.299308,90.06723,103.317482,248.1889875,-4.448196,-5.495775,29243.652344,7.827134,NA,NA,NA,NA,NA,NA,NA,NA,NA
Daily,2024-12-23,77.206802,25.114889,-91.4129255,29.130345499999997,NA,45138.160156,45200.869141,6.286835,90.22428500000001,103.337852,245.140091,-4.41752,-5.526349,29241.7490235,7.827604,NA,NA,NA,NA,NA,NA,NA,NA,NA
Daily,2024-12-24,77.206802,25.114889,-91.439545,29.136765,NA,45111.8222655,45169.660156,6.311173,90.233353,103.0716475,238.200668,-4.41916,-5.49346,29256.552734,7.8297170000000005,NA,NA,NA,NA,NA,NA,NA,NA,NA
Daily,2024-12-25,77.195534,25.108631,-91.42558249999999,NA,NA,44943.941406,45144.710938,6.280459,89.768349,102.940811,236.133057,-4.445758,-5.555526,29259.450195,7.829546,NA,NA,NA,NA,NA,NA,NA,NA,NA
Daily,2024-12-26,77.195534,25.108631,-91.47958,NA,45298.5214845,44959.09375,45034.554688,6.270289,89.810493,102.927979,235.0897215,-4.450056999999999,-5.492434,29263.302734,7.8289859999999996,NA,NA,NA,NA,NA,NA,NA,NA,NA
Daily,2024-12-27,77.195534,25.108631,-91.385551,NA,45302.0332035,44916.207031,45050.867188,6.249398,89.57906750000001,102.451302,236.098389,-4.447463,-5.554982,29256.449219,7.826699,0,0.05,1,1.6,7.97,122,1.69,0.041,NA
Daily,2024-12-28,77.195534,25.108631,-91.36805,NA,45303.9296875,44934.1875,45136.351563,6.287023,89.7775805,102.7841835,240.1167145,-4.447476,-5.556594,29266.349609,7.8222950000000004,NA,NA,NA,NA,NA,NA,NA,NA,NA
Daily,2024-12-29,77.195534,25.108631,-91.3679845,29.133465,NA,44951.128906,45168.414063,6.328273,90.447914,103.164658,237.077591,-4.4474745,-5.618563,29249.451172,7.822951,NA,NA,NA,NA,NA,NA,NA,NA,NA
Daily,2024-12-30,77.184273,25.102373,-91.375923,NA,45305.191406,44912.332031,45184.5664065,6.306248999999999,90.205727,103.406929,234.59195699999998,-4.449307,-5.6193405,29267.0996095,7.82937,NA,NA,NA,NA,NA,NA,NA,NA,NA
Daily,2024-12-31,77.184273,25.102373,-91.427536,29.128292,NA,44952.484375,45161.933594,6.317882,89.997055,102.96542,231.11994950000002,-4.447981,-5.651117,29259.851563,7.828893000000001,NA,NA,NA,NA,NA,NA,NA,NA,NA
