Time Interval,Date,Temperature (ºF),Temperature (ºC),pH (mV),Salinity (PSU),Conductivity (µS/cm),"Conductivity, Non-Linear Function (µS/cm)","Conductivity, Specific (µS/cm)",Dissolved Oxygen (mg/L),"Dissolved Oxygen, Saturated (%)","Dissolved Oxygen, Local (%)",Oxygen Reduction Potential (mV),Chlorophyll (RFU),Total Algae (RFU),Total Dissolved Solids (mg/L),pH (YSI),Turbidity (RFU),Phosphate (mg/L),"Nitrate, Mid-Range (mg/L)","Nitrate, High-Range (mg/L)",pH_Hach,Alkalinity (mg/L CaCO3),Silica (mg/L),Iron (mg/L),Ammonia (mg/L)
Daily,2011-07-22,76.1563,24.6,NA,29.7,45500,NA,NA,NA,NA,NA,258,NA,NA,NA,8.5,NA,NA,NA,NA,NA,NA,NA,NA,NA
Daily,2011-07-23,76.2125,24.6,NA,29.7,45500,NA,NA,NA,NA,NA,264,NA,NA,NA,8.5,NA,NA,NA,NA,NA,NA,NA,NA,NA
Daily,2011-07-24,76.46565,24.7,NA,29.6,45600,NA,NA,NA,NA,NA,266,NA,NA,NA,8.5,NA,NA,NA,NA,NA,NA,NA,NA,NA
Daily,2011-07-25,76.325,24.6,NA,29.6,45500,NA,NA,NA,NA,NA,270,NA,NA,NA,8.5,NA,NA,NA,NA,NA,NA,NA,NA,NA
Daily,2011-07-26,76.6344,24.8,NA,29.6,45600,NA,NA,NA,NA,NA,274,NA,NA,NA,8.5,NA,NA,NA,NA,NA,NA,NA,NA,NA
Daily,2011-07-27,77.0563,25.1,NA,29.6,45900,NA,NA,NA,NA,NA,279,NA,NA,NA,8.5,NA,NA,NA,NA,NA,NA,NA,NA,NA
Daily,2011-07-28,77.5625,25.3,NA,29.4,45800,NA,NA,NA,NA,NA,279,NA,NA,NA,8.5,NA,NA,NA,NA,NA,NA,NA,NA,NA
Daily,2011-07-29,78.0688,25.6,NA,29.2,45800,NA,NA,NA,NA,NA,280,NA,NA,NA,8.5,NA,NA,NA,NA,NA,NA,NA,NA,NA
Daily,2011-07-30,78.35,25.8,NA,29.2,45950,NA,NA,NA,NA,NA,279,NA,NA,NA,8.5,NA,NA,NA,NA,NA,NA,NA,NA,NA
Daily,2011-07-31,78.4625,25.8,NA,29.2,46000,NA,NA,NA,NA,NA,279,NA,NA,NA,8.5,NA,NA,NA,NA,NA,NA,NA,NA,NA
Daily,2011-08-01,78.6875,26,NA,29.2,46100,NA,NA,NA,NA,NA,267,NA,NA,NA,8.5,NA,NA,NA,NA,NA,NA,NA,NA,NA
Daily,2011-08-02,79.1375,26.2,NA,29.2,46400,NA,NA,NA,NA,NA,272,NA,NA,NA,8.5,NA,NA,NA,NA,NA,NA,NA,NA,NA
Daily,2011-08-03,79.1375,26.2,NA,29.2,46400,NA,NA,NA,NA,NA,278,NA,NA,NA,8.5,NA,NA,NA,NA,NA,NA,NA,NA,NA
Daily,2011-08-04,79.1375,26.1,NA,29.2,46300,NA,NA,NA,NA,NA,281,NA,NA,NA,8.5,NA,NA,NA,NA,NA,NA,NA,NA,NA
Daily,2011-08-05,79.3625,26.3,NA,29.2,46450,NA,NA,NA,NA,NA,277,NA,NA,NA,8.5,NA,NA,NA,NA,NA,NA,NA,NA,NA
Daily,2011-08-06,79.72815,26.5,NA,29.2,46600,NA,NA,NA,NA,NA,280,NA,NA,NA,8.5,NA,NA,NA,NA,NA,NA,NA,NA,NA
Daily,2011-08-07,79.9813,26.7,NA,29.2,46800,NA,NA,NA,NA,NA,280,NA,NA,NA,8.5,NA,NA,NA,NA,NA,NA,NA,NA,NA
Daily,2011-08-08,80.2625,26.8,NA,29.2,46900,NA,NA,NA,NA,NA,279,NA,NA,NA,8.5,NA,NA,NA,NA,NA,NA,NA,NA,NA
Daily,2011-08-09,80.4313,26.9,NA,29.2,47000,NA,NA,NA,NA,NA,278,NA,NA,NA,8.5,NA,NA,NA,NA,NA,NA,NA,NA,NA
Daily,2011-08-10,80.4875,27,NA,29.2,47000,NA,NA,NA,NA,NA,275,NA,NA,NA,8.5,NA,NA,NA,NA,NA,NA,NA,NA,NA
Daily,2011-08-11,80.375,26.9,NA,29.2,46900,NA,NA,NA,NA,NA,266,NA,NA,NA,8.5,NA,NA,NA,NA,NA,NA,NA,NA,NA
Daily,2011-08-12,79.8125,26.6,NA,29.2,46700,NA,NA,NA,NA,NA,274,NA,NA,NA,8.5,NA,NA,NA,NA,NA,NA,NA,NA,NA
Daily,2011-08-13,79.4188,26.4,NA,29.2,46400,NA,NA,NA,NA,NA,274,NA,NA,NA,8.5,NA,NA,NA,NA,NA,NA,NA,NA,NA
Daily,2011-08-14,79.25,26.3,NA,29.2,46300,NA,NA,NA,NA,NA,283,NA,NA,NA,8.5,NA,NA,NA,NA,NA,NA,NA,NA,NA
Daily,2011-08-15,79.0812,26.2,NA,29.2,46200,NA,NA,NA,NA,NA,284,NA,NA,NA,8.5,NA,NA,NA,NA,NA,NA,NA,NA,NA
Daily,2011-08-16,78.8563,26.1,NA,29.1,46100,NA,NA,NA,NA,NA,285,NA,NA,NA,8.5,NA,NA,NA,NA,NA,NA,NA,NA,NA
Daily,2011-08-17,78.8,26,NA,29.1,46000,NA,NA,NA,NA,NA,286,NA,NA,NA,8.5,NA,NA,NA,NA,NA,NA,NA,NA,NA
Daily,2011-08-18,78.6313,25.9,NA,29.1,46000,NA,NA,NA,NA,NA,285,NA,NA,NA,8.5,NA,NA,NA,NA,NA,NA,NA,NA,NA
Daily,2011-08-19,78.125,25.7,NA,29.1,45700,NA,NA,NA,NA,NA,290,NA,NA,NA,8.5,NA,NA,NA,NA,NA,NA,NA,NA,NA
Daily,2011-08-20,78.04065,25.6,NA,29.1,45700,NA,NA,NA,NA,NA,294.5,NA,NA,NA,8.5,NA,NA,NA,NA,NA,NA,NA,NA,NA
Daily,2011-08-21,78.1813,25.7,NA,29.1,45700,NA,NA,NA,NA,NA,295,NA,NA,NA,8.5,NA,NA,NA,NA,NA,NA,NA,NA,NA
Daily,2011-08-22,78.1813,25.7,NA,29.1,45700,NA,NA,NA,NA,NA,296,NA,NA,NA,8.5,NA,NA,NA,NA,NA,NA,NA,NA,NA
Daily,2011-08-23,78.1813,25.7,NA,29.1,45700,NA,NA,NA,NA,NA,296,NA,NA,NA,8.5,NA,NA,NA,NA,NA,NA,NA,NA,NA
Daily,2011-08-24,78.2375,25.7,NA,29.1,45700,NA,NA,NA,NA,NA,296,NA,NA,NA,8.5,NA,NA,NA,NA,NA,NA,NA,NA,NA
Daily,2011-08-25,78.37815,25.8,NA,29.1,45800,NA,NA,NA,NA,NA,291,NA,NA,NA,8.6,NA,NA,NA,NA,NA,NA,NA,NA,NA
Daily,2011-08-26,78.4906,25.85,NA,29.1,45800,NA,NA,NA,NA,NA,292,NA,NA,NA,8.6,NA,NA,NA,NA,NA,NA,NA,NA,NA
Daily,2011-08-27,78.575,25.9,NA,29.1,45850,NA,NA,NA,NA,NA,293,NA,NA,NA,8.6,NA,NA,NA,NA,NA,NA,NA,NA,NA
Daily,2011-08-28,78.6313,25.9,NA,29,45900,NA,NA,NA,NA,NA,281,NA,NA,NA,8.6,NA,NA,NA,NA,NA,NA,NA,NA,NA
Daily,2011-08-29,78.6875,26,NA,29,45900,NA,NA,NA,NA,NA,292,NA,NA,NA,8.6,NA,NA,NA,NA,NA,NA,NA,NA,NA
Daily,2011-08-30,78.6875,26,NA,29,45900,NA,NA,NA,NA,NA,294,NA,NA,NA,8.6,NA,NA,NA,NA,NA,NA,NA,NA,NA
Daily,2011-08-31,78.6875,26,NA,29,45800,NA,NA,NA,NA,NA,294,NA,NA,NA,8.6,NA,NA,NA,NA,NA,NA,NA,NA,NA
Daily,2011-09-01,78.5187,25.9,NA,29,45700,NA,NA,NA,NA,NA,295,NA,NA,NA,8.6,NA,NA,NA,NA,NA,NA,NA,NA,NA
Daily,2011-09-02,78.5187,25.9,NA,29,45700,NA,NA,NA,NA,NA,296,NA,NA,NA,8.6,NA,NA,NA,NA,NA,NA,NA,NA,NA
Daily,2011-09-03,78.4625,25.9,NA,29,45700,NA,NA,NA,NA,NA,299,NA,NA,NA,8.6,NA,NA,NA,NA,NA,NA,NA,NA,NA
Daily,2011-09-04,78.4625,25.8,NA,29,45700,NA,NA,NA,NA,NA,300,NA,NA,NA,8.6,NA,NA,NA,NA,NA,NA,NA,NA,NA
Daily,2011-09-05,78.125,25.7,NA,28.9,45500,NA,NA,NA,NA,NA,300,NA,NA,NA,8.6,NA,NA,NA,NA,NA,NA,NA,NA,NA
Daily,2011-09-06,78.0125,25.6,NA,28.9,45400,NA,NA,NA,NA,NA,301,NA,NA,NA,8.6,NA,NA,NA,NA,NA,NA,NA,NA,NA
Daily,2011-09-07,78.125,25.7,NA,28.9,45500,NA,NA,NA,NA,NA,303,NA,NA,NA,8.6,NA,NA,NA,NA,NA,NA,NA,NA,NA
Daily,2011-09-08,78.35,25.8,NA,28.9,45600,NA,NA,NA,NA,NA,301,NA,NA,NA,8.6,NA,NA,NA,NA,NA,NA,NA,NA,NA
Daily,2011-09-09,78.2375,25.7,NA,28.9,45500,NA,NA,NA,NA,NA,299,NA,NA,NA,8.6,NA,NA,NA,NA,NA,NA,NA,NA,NA
Daily,2011-09-10,77.9,25.5,NA,28.9,45300,NA,NA,NA,NA,NA,299,NA,NA,NA,8.6,NA,NA,NA,NA,NA,NA,NA,NA,NA
Daily,2011-09-11,77.6188,25.4,NA,28.9,45200,NA,NA,NA,NA,NA,297,NA,NA,NA,8.6,NA,NA,NA,NA,NA,NA,NA,NA,NA
Daily,2011-09-12,77.30940000000001,25.2,NA,28.9,45000,NA,NA,NA,NA,NA,300,NA,NA,NA,8.6,NA,NA,NA,NA,NA,NA,NA,NA,NA
Daily,2011-09-13,77,25,NA,28.9,44800,NA,NA,NA,NA,NA,303,NA,NA,NA,8.6,NA,NA,NA,NA,NA,NA,NA,NA,NA
Daily,2011-09-14,76.8312,24.9,NA,28.9,44700,NA,NA,NA,NA,NA,302,NA,NA,NA,8.6,NA,NA,NA,NA,NA,NA,NA,NA,NA
Daily,2011-09-15,76.7188,24.9,NA,28.9,44700,NA,NA,NA,NA,NA,301,NA,NA,NA,8.6,NA,NA,NA,NA,NA,NA,NA,NA,NA
Daily,2011-09-16,76.69065,24.9,NA,28.9,44700,NA,NA,NA,NA,NA,300,NA,NA,NA,8.6,NA,NA,NA,NA,NA,NA,NA,NA,NA
Daily,2011-09-17,76.91565,25,NA,28.9,44800,NA,NA,NA,NA,NA,303,NA,NA,NA,8.6,NA,NA,NA,NA,NA,NA,NA,NA,NA
Daily,2011-09-18,76.8875,25,NA,28.9,44750,NA,NA,NA,NA,NA,304,NA,NA,NA,8.6,NA,NA,NA,NA,NA,NA,NA,NA,NA
Daily,2011-09-19,76.8312,24.9,NA,28.9,44700,NA,NA,NA,NA,NA,303,NA,NA,NA,8.6,NA,NA,NA,NA,NA,NA,NA,NA,NA
Daily,2011-09-20,76.74690000000001,24.9,NA,28.8,44600,NA,NA,NA,NA,NA,303.5,NA,NA,NA,8.6,NA,NA,NA,NA,NA,NA,NA,NA,NA
Daily,2011-09-21,76.9719,25,NA,28.8,44700,NA,NA,NA,NA,NA,304,NA,NA,NA,8.6,NA,NA,NA,NA,NA,NA,NA,NA,NA
Daily,2011-09-22,78.26565,25.7,NA,28.8,45300,NA,NA,NA,NA,NA,301,NA,NA,NA,8.6,NA,NA,NA,NA,NA,NA,NA,NA,NA
Daily,2011-09-23,78.575,25.9,NA,28.8,45500,NA,NA,NA,NA,NA,301,NA,NA,NA,8.6,NA,NA,NA,NA,NA,NA,NA,NA,NA
Daily,2011-09-24,78.37815,25.8,NA,28.8,45400,NA,NA,NA,NA,NA,299,NA,NA,NA,8.6,NA,NA,NA,NA,NA,NA,NA,NA,NA
Daily,2011-09-25,78.4625,25.8,NA,28.8,45500,NA,NA,NA,NA,NA,300,NA,NA,NA,8.6,NA,NA,NA,NA,NA,NA,NA,NA,NA
Daily,2011-09-26,78.0688,25.6,NA,28.8,45300,NA,NA,NA,NA,NA,304,NA,NA,NA,8.6,NA,NA,NA,NA,NA,NA,NA,NA,NA
Daily,2011-09-27,78.4063,25.8,NA,28.8,45400,NA,NA,NA,NA,NA,300,NA,NA,NA,8.6,NA,NA,NA,NA,NA,NA,NA,NA,NA
Daily,2011-09-28,78.0125,25.6,NA,28.8,45300,NA,NA,NA,NA,NA,302,NA,NA,NA,8.6,NA,NA,NA,NA,NA,NA,NA,NA,NA
Daily,2011-09-29,78.35,25.8,NA,28.8,45400,NA,NA,NA,NA,NA,297,NA,NA,NA,8.6,NA,NA,NA,NA,NA,NA,NA,NA,NA
Daily,2011-09-30,78.4625,25.8,NA,28.8,45400,NA,NA,NA,NA,NA,298,NA,NA,NA,8.6,NA,NA,NA,NA,NA,NA,NA,NA,NA
Daily,2011-10-01,78.2375,25.7,NA,28.8,45300,NA,NA,NA,NA,NA,297,NA,NA,NA,8.6,NA,NA,NA,NA,NA,NA,NA,NA,NA
Daily,2011-10-02,78.2938,25.8,NA,28.8,45300,NA,NA,NA,NA,NA,298,NA,NA,NA,8.6,NA,NA,NA,NA,NA,NA,NA,NA,NA
Daily,2011-10-03,78.4625,25.8,NA,28.8,45400,NA,NA,NA,NA,NA,301,NA,NA,NA,8.6,NA,NA,NA,NA,NA,NA,NA,NA,NA
Daily,2011-10-04,77.9562,25.6,NA,28.8,45100,NA,NA,NA,NA,NA,303.5,NA,NA,NA,8.6,NA,NA,NA,NA,NA,NA,NA,NA,NA
Daily,2011-10-05,78.125,25.6,NA,28.8,45200,NA,NA,NA,NA,NA,306,NA,NA,NA,8.6,NA,NA,NA,NA,NA,NA,NA,NA,NA
Daily,2011-10-06,78.2375,25.7,NA,28.8,45300,NA,NA,NA,NA,NA,307,NA,NA,NA,8.6,NA,NA,NA,NA,NA,NA,NA,NA,NA
Daily,2011-10-07,78.94065,26.1,NA,28.8,45650,NA,NA,NA,NA,NA,309,NA,NA,NA,8.5,NA,NA,NA,NA,NA,NA,NA,NA,NA
Daily,2011-10-08,79.33439999999999,26.3,NA,28.8,45900,NA,NA,NA,NA,NA,314,NA,NA,NA,8.5,NA,NA,NA,NA,NA,NA,NA,NA,NA
Daily,2011-10-09,79.5875,26.4,NA,28.8,46000,NA,NA,NA,NA,NA,316,NA,NA,NA,8.5,NA,NA,NA,NA,NA,NA,NA,NA,NA
Daily,2011-10-10,79.9813,26.7,NA,28.8,46200,NA,NA,NA,NA,NA,317,NA,NA,NA,8.5,NA,NA,NA,NA,NA,NA,NA,NA,NA
Daily,2011-10-11,80.15,26.7,NA,28.8,46300,NA,NA,NA,NA,NA,315.5,NA,NA,NA,8.5,NA,NA,NA,NA,NA,NA,NA,NA,NA
Daily,2011-10-12,80.0375,26.7,NA,28.8,46200,NA,NA,NA,NA,NA,315,NA,NA,NA,8.5,NA,NA,NA,NA,NA,NA,NA,NA,NA
Daily,2011-10-13,79.7844,26.6,NA,28.8,46100,NA,NA,NA,NA,NA,322.5,NA,NA,NA,8.5,NA,NA,NA,NA,NA,NA,NA,NA,NA
Daily,2011-10-14,78.9688,26.1,NA,28.8,45700,NA,NA,NA,NA,NA,325,NA,NA,NA,8.5,NA,NA,NA,NA,NA,NA,NA,NA,NA
Daily,2011-10-15,78.125,25.7,NA,28.8,45200,NA,NA,NA,NA,NA,329.5,NA,NA,NA,8.5,NA,NA,NA,NA,NA,NA,NA,NA,NA
Daily,2011-10-16,78.0125,25.6,NA,28.8,45200,NA,NA,NA,NA,NA,334,NA,NA,NA,8.5,NA,NA,NA,NA,NA,NA,NA,NA,NA
Daily,2011-10-17,77.8438,25.5,NA,28.8,45100,NA,NA,NA,NA,NA,340,NA,NA,NA,8.5,NA,NA,NA,NA,NA,NA,NA,NA,NA
Daily,2011-10-18,78.125,25.7,NA,28.8,45200,NA,NA,NA,NA,NA,340,NA,NA,NA,8.5,NA,NA,NA,NA,NA,NA,NA,NA,NA
Daily,2011-10-19,78.9688,26.1,NA,28.8,45650,NA,NA,NA,NA,NA,336,NA,NA,NA,8.5,NA,NA,NA,NA,NA,NA,NA,NA,NA
Daily,2011-10-20,78.0688,25.6,NA,28.8,45300,NA,NA,NA,NA,NA,343,NA,NA,NA,8.5,NA,NA,NA,NA,NA,NA,NA,NA,NA
Daily,2011-10-21,77.87190000000001,25.5,NA,28.8,45200,NA,NA,NA,NA,NA,353,NA,NA,NA,8.5,NA,NA,NA,NA,NA,NA,NA,NA,NA
Daily,2011-10-22,77.9,25.5,NA,28.8,45200,NA,NA,NA,NA,NA,357,NA,NA,NA,8.5,NA,NA,NA,NA,NA,NA,NA,NA,NA
Daily,2011-10-23,77.7313,25.45,NA,28.8,45100,NA,NA,NA,NA,NA,359,NA,NA,NA,8.5,NA,NA,NA,NA,NA,NA,NA,NA,NA
Daily,2011-10-24,77.9,25.5,NA,28.8,45200,NA,NA,NA,NA,NA,364,NA,NA,NA,8.5,NA,NA,NA,NA,NA,NA,NA,NA,NA
Daily,2011-10-25,77.9562,25.5,NA,28.8,45200,NA,NA,NA,NA,NA,368,NA,NA,NA,8.5,NA,NA,NA,NA,NA,NA,NA,NA,NA
Daily,2011-10-26,78.2938,25.7,NA,28.8,45400,NA,NA,NA,NA,NA,369,NA,NA,NA,8.5,NA,NA,NA,NA,NA,NA,NA,NA,NA
Daily,2011-10-27,78.7438,26,NA,28.8,45600,NA,NA,NA,NA,NA,370,NA,NA,NA,8.5,NA,NA,NA,NA,NA,NA,NA,NA,NA
Daily,2011-10-28,79.1938,26.2,NA,28.8,45800,NA,NA,NA,NA,NA,369,NA,NA,NA,8.5,NA,NA,NA,NA,NA,NA,NA,NA,NA
Daily,2011-10-29,79.025,26.1,NA,28.8,45800,NA,NA,NA,NA,NA,366,NA,NA,NA,8.5,NA,NA,NA,NA,NA,NA,NA,NA,NA
Daily,2011-10-30,78.2375,25.7,NA,28.8,45400,NA,NA,NA,NA,NA,372,NA,NA,NA,8.5,NA,NA,NA,NA,NA,NA,NA,NA,NA
Daily,2011-10-31,77.9,25.5,NA,28.8,45200,NA,NA,NA,NA,NA,374,NA,NA,NA,8.6,NA,NA,NA,NA,NA,NA,NA,NA,NA
Daily,2011-11-01,78.0125,25.6,NA,28.8,45200,NA,NA,NA,NA,NA,374,NA,NA,NA,NA,NA,NA,NA,NA,NA,NA,NA,NA,NA
Daily,2011-11-02,78.125,25.6,NA,28.8,45200,NA,NA,NA,NA,NA,372,NA,NA,NA,NA,NA,NA,NA,NA,NA,NA,NA,NA,NA
Daily,2011-11-03,78.0688,25.6,NA,28.8,45200,NA,NA,NA,NA,NA,372,NA,NA,NA,NA,NA,NA,NA,NA,NA,NA,NA,NA,NA
Daily,2011-11-04,78.35,25.8,NA,28.8,45300,NA,NA,NA,NA,NA,358,NA,NA,NA,8.5,NA,NA,NA,NA,NA,NA,NA,NA,NA
Daily,2011-11-05,78.575,25.9,NA,28.8,45500,NA,NA,NA,NA,NA,358,NA,NA,NA,8.5,NA,NA,NA,NA,NA,NA,NA,NA,NA
Daily,2011-11-06,78.2938,25.7,NA,28.7,45200,NA,NA,NA,NA,NA,361,NA,NA,NA,8.5,NA,NA,NA,NA,NA,NA,NA,NA,NA
Daily,2011-11-07,78.0688,25.6,NA,28.6,44900,NA,NA,NA,NA,NA,367,NA,NA,NA,8.5,NA,NA,NA,NA,NA,NA,NA,NA,NA
Daily,2011-11-08,78.4063,25.8,NA,28.35,44700,NA,NA,NA,NA,NA,376,NA,NA,NA,8.5,NA,NA,NA,NA,NA,NA,NA,NA,NA
Daily,2011-11-09,78.4625,25.7,NA,28.2,44450,NA,NA,NA,NA,NA,381,NA,NA,NA,8.5,NA,NA,NA,NA,NA,NA,NA,NA,NA
Daily,2011-11-10,78.6313,25.9,NA,28,44200,NA,NA,NA,NA,NA,383,NA,NA,NA,8.5,NA,NA,NA,NA,NA,NA,NA,NA,NA
Daily,2011-11-11,78.8,26,NA,27.8,44100,NA,NA,NA,NA,NA,382,NA,NA,NA,8.5,NA,NA,NA,NA,NA,NA,NA,NA,NA
Daily,2011-11-12,79.3625,26.3,NA,27.6,44100,NA,NA,NA,NA,NA,386,NA,NA,NA,8.5,NA,NA,NA,NA,NA,NA,NA,NA,NA
Daily,2011-11-13,79.6437,26.5,NA,27.3,43900,NA,NA,NA,NA,NA,385,NA,NA,NA,8.5,NA,NA,NA,NA,NA,NA,NA,NA,NA
Daily,2011-11-14,79.5313,26.4,NA,27.1,43500,NA,NA,NA,NA,NA,387,NA,NA,NA,8.5,NA,NA,NA,NA,NA,NA,NA,NA,NA
Daily,2011-11-15,79.6437,26.5,NA,27,43300,NA,NA,NA,NA,NA,383.5,NA,NA,NA,8.5,NA,NA,NA,NA,NA,NA,NA,NA,NA
Daily,2011-11-16,79.5313,26.4,NA,26.8,42900,NA,NA,NA,NA,NA,382,NA,NA,NA,8.5,NA,NA,NA,NA,NA,NA,NA,NA,NA
Daily,2011-11-17,79.3063,26.3,NA,26.6,42600,NA,NA,NA,NA,NA,377,NA,NA,NA,8.5,NA,NA,NA,NA,NA,NA,NA,NA,NA
Daily,2011-11-18,78.8,26,NA,26.4,42100,NA,NA,NA,NA,NA,376,NA,NA,NA,8.5,NA,NA,NA,NA,NA,NA,NA,NA,NA
Daily,2011-11-19,78.2375,25.7,NA,26.4,41900,NA,NA,NA,NA,NA,379.5,NA,NA,NA,8.5,NA,NA,NA,NA,NA,NA,NA,NA,NA
Daily,2011-11-20,78.2938,25.7,NA,26.5,42000,NA,NA,NA,NA,NA,384,NA,NA,NA,8.5,NA,NA,NA,NA,NA,NA,NA,NA,NA
Daily,2011-11-21,78.2938,25.7,NA,26.5,42000,NA,NA,NA,NA,NA,384,NA,NA,NA,8.5,NA,NA,NA,NA,NA,NA,NA,NA,NA
Daily,2011-11-22,79.025,26.1,NA,26.5,42400,NA,NA,NA,NA,NA,382.5,NA,NA,NA,8.5,NA,NA,NA,NA,NA,NA,NA,NA,NA
Daily,2011-11-23,79.16565,26.2,NA,26.6,42500,NA,NA,NA,NA,NA,378,NA,NA,NA,8.5,NA,NA,NA,NA,NA,NA,NA,NA,NA
Daily,2011-11-24,79.0812,26.1,NA,26.6,42500,NA,NA,NA,NA,NA,378,NA,NA,NA,8.5,NA,NA,NA,NA,NA,NA,NA,NA,NA
Daily,2011-11-25,78.9125,26.1,NA,26.6,42400,NA,NA,NA,NA,NA,381,NA,NA,NA,8.5,NA,NA,NA,NA,NA,NA,NA,NA,NA
Daily,2011-11-26,79.25,26.2,NA,26.6,42600,NA,NA,NA,NA,NA,382,NA,NA,NA,8.5,NA,NA,NA,NA,NA,NA,NA,NA,NA
Daily,2011-11-27,79.1375,26.2,NA,26.6,42600,NA,NA,NA,NA,NA,383,NA,NA,NA,8.5,NA,NA,NA,NA,NA,NA,NA,NA,NA
Daily,2011-11-28,79.025,26.1,NA,26.6,42500,NA,NA,NA,NA,NA,380,NA,NA,NA,8.5,NA,NA,NA,NA,NA,NA,NA,NA,NA
Daily,2011-11-29,78.9125,26,NA,26.6,42500,NA,NA,NA,NA,NA,385,NA,NA,NA,8.5,NA,NA,NA,NA,NA,NA,NA,NA,NA
Daily,2011-11-30,78.8,26,NA,26.6,42400,NA,NA,NA,NA,NA,383,NA,NA,NA,8.5,NA,NA,NA,NA,NA,NA,NA,NA,NA
Daily,2011-12-01,78.6875,25.9,NA,26.6,42400,NA,NA,NA,NA,NA,384,NA,NA,NA,8.5,NA,NA,NA,NA,NA,NA,NA,NA,NA
Daily,2011-12-02,78.82815,26,NA,26.6,42400,NA,NA,NA,NA,NA,388,NA,NA,NA,8.4,NA,NA,NA,NA,NA,NA,NA,NA,NA
Daily,2011-12-03,78.9125,26,NA,26.6,42500,NA,NA,NA,NA,NA,394,NA,NA,NA,8.4,NA,NA,NA,NA,NA,NA,NA,NA,NA
Daily,2011-12-04,79.4188,26.3,NA,26.7,42800,NA,NA,NA,NA,NA,395,NA,NA,NA,8.4,NA,NA,NA,NA,NA,NA,NA,NA,NA
Daily,2011-12-05,78.8563,26,NA,26.7,42500,NA,NA,NA,NA,NA,396,NA,NA,NA,8.4,NA,NA,NA,NA,NA,NA,NA,NA,NA
Daily,2011-12-06,78.575,25.8,NA,26.6,42400,NA,NA,NA,NA,NA,397,NA,NA,NA,8.4,NA,NA,NA,NA,NA,NA,NA,NA,NA
Daily,2011-12-07,78.71565,25.9,NA,26.7,42400,NA,NA,NA,NA,NA,394,NA,NA,NA,8.5,NA,NA,NA,NA,NA,NA,NA,NA,NA
Daily,2011-12-08,78.7438,26,NA,26.7,42400,NA,NA,NA,NA,NA,393,NA,NA,NA,8.5,NA,NA,NA,NA,NA,NA,NA,NA,NA
Daily,2011-12-09,78.1813,25.6,NA,26.6,42200,NA,NA,NA,NA,NA,395,NA,NA,NA,8.5,NA,NA,NA,NA,NA,NA,NA,NA,NA
Daily,2011-12-10,77.9,25.5,NA,26.7,42100,NA,NA,NA,NA,NA,388,NA,NA,NA,8.5,NA,NA,NA,NA,NA,NA,NA,NA,NA
Daily,2011-12-11,77.7313,25.4,NA,26.7,42000,NA,NA,NA,NA,NA,394,NA,NA,NA,8.5,NA,NA,NA,NA,NA,NA,NA,NA,NA
Daily,2011-12-12,77.675,25.4,NA,26.7,42000,NA,NA,NA,NA,NA,396,NA,NA,NA,8.5,NA,NA,NA,NA,NA,NA,NA,NA,NA
Daily,2011-12-13,77.0563,25,NA,26.7,41700,NA,NA,NA,NA,NA,400,NA,NA,NA,8.4,NA,NA,NA,NA,NA,NA,NA,NA,NA
Daily,2011-12-14,77.1688,24.9,NA,26.8,41600,NA,NA,NA,NA,NA,373,NA,NA,NA,8.4,NA,NA,NA,NA,NA,NA,NA,NA,NA
Daily,2011-12-15,77.7594,25.4,NA,26.8,42300,NA,NA,NA,NA,NA,357,NA,NA,NA,8.5,NA,NA,NA,NA,NA,NA,NA,NA,NA
Daily,2011-12-16,78.8563,26,NA,26.8,42700,NA,NA,NA,NA,NA,358,NA,NA,NA,8.5,NA,NA,NA,NA,NA,NA,NA,NA,NA
Daily,2011-12-17,79.3063,26.2,NA,26.8,42900,NA,NA,NA,NA,NA,362,NA,NA,NA,8.5,NA,NA,NA,NA,NA,NA,NA,NA,NA
Daily,2011-12-18,79.3625,26.2,NA,26.8,43000,NA,NA,NA,NA,NA,365,NA,NA,NA,8.5,NA,NA,NA,NA,NA,NA,NA,NA,NA
Daily,2011-12-19,78.8,25.9,NA,26.8,42700,NA,NA,NA,NA,NA,373,NA,NA,NA,8.5,NA,NA,NA,NA,NA,NA,NA,NA,NA
Daily,2011-12-20,79.0812,26.2,NA,26.8,42800,NA,NA,NA,NA,NA,373.5,NA,NA,NA,8.4,NA,NA,NA,NA,NA,NA,NA,NA,NA
Daily,2011-12-21,79.39065,26.3,NA,26.9,43100,NA,NA,NA,NA,NA,375,NA,NA,NA,8.4,NA,NA,NA,NA,NA,NA,NA,NA,NA
Daily,2011-12-22,79.4188,26.3,NA,26.9,43100,NA,NA,NA,NA,NA,378,NA,NA,NA,8.4,NA,NA,NA,NA,NA,NA,NA,NA,NA
Daily,2011-12-23,79.1375,26.1,NA,26.9,43000,NA,NA,NA,NA,NA,380,NA,NA,NA,8.4,NA,NA,NA,NA,NA,NA,NA,NA,NA
Daily,2011-12-24,79.1375,26.1,NA,26.9,43000,NA,NA,NA,NA,NA,382,NA,NA,NA,8.5,NA,NA,NA,NA,NA,NA,NA,NA,NA
Daily,2011-12-25,79.4188,26.3,NA,26.9,43150,NA,NA,NA,NA,NA,380,NA,NA,NA,8.5,NA,NA,NA,NA,NA,NA,NA,NA,NA
Daily,2011-12-26,79.7563,26.5,NA,26.9,43300,NA,NA,NA,NA,NA,380,NA,NA,NA,8.5,NA,NA,NA,NA,NA,NA,NA,NA,NA
Daily,2011-12-27,79.7,26.5,NA,26.9,43300,NA,NA,NA,NA,NA,379,NA,NA,NA,8.5,NA,NA,NA,NA,NA,NA,NA,NA,NA
Daily,2011-12-28,79.475,26.3,NA,26.9,43200,NA,NA,NA,NA,NA,385,NA,NA,NA,8.5,NA,NA,NA,NA,NA,NA,NA,NA,NA
Daily,2011-12-29,79.5875,26.4,NA,26.9,43300,NA,NA,NA,NA,NA,391,NA,NA,NA,8.5,NA,NA,NA,NA,NA,NA,NA,NA,NA
Daily,2011-12-30,80.0938,26.7,NA,26.9,43450,NA,NA,NA,NA,NA,395,NA,NA,NA,8.5,NA,NA,NA,NA,NA,NA,NA,NA,NA
Daily,2011-12-31,80.0375,26.7,NA,26.9,43500,NA,NA,NA,NA,NA,395.5,NA,NA,NA,8.5,NA,NA,NA,NA,NA,NA,NA,NA,NA
Daily,2012-01-01,80.0938,26.7,NA,26.9,43500,NA,NA,NA,NA,NA,393,NA,NA,NA,8.5,NA,NA,NA,NA,NA,NA,NA,NA,NA
Daily,2012-01-02,80.375,26.9,NA,26.9,43700,NA,NA,NA,NA,NA,394,NA,NA,NA,8.5,NA,NA,NA,NA,NA,NA,NA,NA,NA
Daily,2012-01-03,80.2062,26.8,NA,27,43600,NA,NA,NA,NA,NA,396,NA,NA,NA,8.5,NA,NA,NA,NA,NA,NA,NA,NA,NA
Daily,2012-01-04,80.15,26.7,NA,27,43600,NA,NA,NA,NA,NA,391.5,NA,NA,NA,8.5,NA,NA,NA,NA,NA,NA,NA,NA,NA
Daily,2012-01-05,80.0375,26.7,NA,27,43500,NA,NA,NA,NA,NA,385,NA,NA,NA,8.5,NA,NA,NA,NA,NA,NA,NA,NA,NA
Daily,2012-01-06,80.0938,26.7,NA,27,43600,NA,NA,NA,NA,NA,388,NA,NA,NA,8.5,NA,NA,NA,NA,NA,NA,NA,NA,NA
Daily,2012-01-07,80.0938,26.7,NA,27,43600,NA,NA,NA,NA,NA,388.5,NA,NA,NA,8.5,NA,NA,NA,NA,NA,NA,NA,NA,NA
Daily,2012-01-08,79.8688,26.6,NA,27,43500,NA,NA,NA,NA,NA,388.5,NA,NA,NA,8.5,NA,NA,NA,NA,NA,NA,NA,NA,NA
Daily,2012-01-09,79.8688,26.6,NA,27,43500,NA,NA,NA,NA,NA,390,NA,NA,NA,8.5,NA,NA,NA,NA,NA,NA,NA,NA,NA
Daily,2012-01-10,79.7,26.5,NA,27,43500,NA,NA,NA,NA,NA,389,NA,NA,NA,8.5,NA,NA,NA,NA,NA,NA,NA,NA,NA
Daily,2012-01-11,79.0812,26.2,NA,27.1,43200,NA,NA,NA,NA,NA,388.5,NA,NA,NA,8.5,NA,NA,NA,NA,NA,NA,NA,NA,NA
Daily,2012-01-12,78.8563,25.9,NA,27.1,43200,NA,NA,NA,NA,NA,391,NA,NA,NA,8.5,NA,NA,NA,NA,NA,NA,NA,NA,NA
Daily,2012-01-13,79.025,26.1,NA,27.1,43200,NA,NA,NA,NA,NA,386,NA,NA,NA,8.5,NA,NA,NA,NA,NA,NA,NA,NA,NA
Daily,2012-01-14,79.6156,26.4,NA,27.1,43500,NA,NA,NA,NA,NA,386,NA,NA,NA,8.5,NA,NA,NA,NA,NA,NA,NA,NA,NA
Daily,2012-01-15,80.4875,26.9,NA,27.1,43900,NA,NA,NA,NA,NA,382,NA,NA,NA,8.5,NA,NA,NA,NA,NA,NA,NA,NA,NA
Daily,2012-01-16,80.8813,27.2,NA,27.1,44000,NA,NA,NA,NA,NA,368,NA,NA,NA,8.5,NA,NA,NA,NA,NA,NA,NA,NA,NA
Daily,2012-01-17,NA,27.4,NA,27.1,NA,NA,NA,NA,NA,NA,367.5,NA,NA,NA,8.5,NA,NA,NA,NA,NA,NA,NA,NA,NA
Daily,2012-01-18,80.8813,27.1,NA,27.1,NA,NA,NA,NA,NA,NA,363,NA,NA,NA,8.5,NA,NA,NA,NA,NA,NA,NA,NA,NA
Daily,2012-01-19,80.4313,26.9,NA,27.2,44000,NA,NA,NA,NA,NA,367,NA,NA,NA,8.5,NA,NA,NA,NA,NA,NA,NA,NA,NA
Daily,2012-01-20,79.925,26.6,NA,27.2,43800,NA,NA,NA,NA,NA,371,NA,NA,NA,8.5,NA,NA,NA,NA,NA,NA,NA,NA,NA
Daily,2012-01-21,79.7,26.5,NA,27.2,43700,NA,NA,NA,NA,NA,372,NA,NA,NA,8.5,NA,NA,NA,NA,NA,NA,NA,NA,NA
Daily,2012-01-22,79.5875,26.4,NA,27.2,43600,NA,NA,NA,NA,NA,371,NA,NA,NA,8.5,NA,NA,NA,NA,NA,NA,NA,NA,NA
Daily,2012-01-23,79.50315,26.4,NA,27.2,43500,NA,NA,NA,NA,NA,371,NA,NA,NA,8.5,NA,NA,NA,NA,NA,NA,NA,NA,NA
Daily,2012-01-24,79.7,26.5,NA,27.1,43500,NA,NA,NA,NA,NA,370,NA,NA,NA,8.6,NA,NA,NA,NA,NA,NA,NA,NA,NA
Daily,2012-01-25,79.8688,26.6,NA,27.1,43600,NA,NA,NA,NA,NA,370.5,NA,NA,NA,8.6,NA,NA,NA,NA,NA,NA,NA,NA,NA
Daily,2012-01-26,80.0938,26.7,NA,27.1,43700,NA,NA,NA,NA,NA,365,NA,NA,NA,8.6,NA,NA,NA,NA,NA,NA,NA,NA,NA
Daily,2012-01-27,79.925,26.6,NA,27.1,43600,NA,NA,NA,NA,NA,347,NA,NA,NA,8.6,NA,NA,NA,NA,NA,NA,NA,NA,NA
Daily,2012-01-28,79.6437,26.45,NA,27.1,43500,NA,NA,NA,NA,NA,349,NA,NA,NA,8.6,NA,NA,NA,NA,NA,NA,NA,NA,NA
Daily,2012-01-29,79.2219,26.2,NA,27.1,43300,NA,NA,NA,NA,NA,352,NA,NA,NA,8.6,NA,NA,NA,NA,NA,NA,NA,NA,NA
Daily,2012-01-30,79.3625,26.3,NA,27.1,43300,NA,NA,NA,NA,NA,352,NA,NA,NA,8.6,NA,NA,NA,NA,NA,NA,NA,NA,NA
Daily,2012-01-31,79.8688,26.6,NA,27.1,43600,NA,NA,NA,NA,NA,351,NA,NA,NA,8.6,NA,NA,NA,NA,NA,NA,NA,NA,NA
Daily,2012-02-01,80.375,26.8,NA,27.1,43800,NA,NA,NA,NA,NA,353,NA,NA,NA,8.6,NA,NA,NA,NA,NA,NA,NA,NA,NA
Daily,2012-02-02,80.4313,26.8,NA,27.1,43800,NA,NA,NA,NA,NA,355,NA,NA,NA,8.6,NA,NA,NA,NA,NA,NA,NA,NA,NA
Daily,2012-02-03,80.4875,26.8,NA,27.1,43800,NA,NA,NA,NA,NA,351,NA,NA,NA,8.6,NA,NA,NA,NA,NA,NA,NA,NA,NA
Daily,2012-02-04,80.7687,27,NA,27.1,43900,NA,NA,NA,NA,NA,348,NA,NA,NA,8.6,NA,NA,NA,NA,NA,NA,NA,NA,NA
Daily,2012-02-05,80.6563,27,NA,27.1,43900,NA,NA,NA,NA,NA,350,NA,NA,NA,8.6,NA,NA,NA,NA,NA,NA,NA,NA,NA
Daily,2012-02-06,80.3188,26.8,NA,27.1,43800,NA,NA,NA,NA,NA,349,NA,NA,NA,8.6,NA,NA,NA,NA,NA,NA,NA,NA,NA
Daily,2012-02-07,79.925,26.6,NA,27,43500,NA,NA,NA,NA,NA,353,NA,NA,NA,8.6,NA,NA,NA,NA,NA,NA,NA,NA,NA
Daily,2012-02-08,79.8688,26.5,NA,27,43500,NA,NA,NA,NA,NA,357,NA,NA,NA,8.6,NA,NA,NA,NA,NA,NA,NA,NA,NA
Daily,2012-02-09,79.8125,26.5,NA,27,43400,NA,NA,NA,NA,NA,351.5,NA,NA,NA,8.6,NA,NA,NA,NA,NA,NA,NA,NA,NA
Daily,2012-02-10,79.95315,26.6,NA,27,43500,NA,NA,NA,NA,NA,353,NA,NA,NA,8.6,NA,NA,NA,NA,NA,NA,NA,NA,NA
Daily,2012-02-11,80.2062,26.7,NA,27,43600,NA,NA,NA,NA,NA,358,NA,NA,NA,NA,NA,NA,NA,NA,NA,NA,NA,NA,NA
Daily,2012-02-12,80.15,26.7,NA,27,43600,NA,NA,NA,NA,NA,357,NA,NA,NA,NA,NA,NA,NA,NA,NA,NA,NA,NA,NA
Daily,2012-02-13,80.0375,26.6,NA,27,43500,NA,NA,NA,NA,NA,352,NA,NA,NA,8.6,NA,NA,NA,NA,NA,NA,NA,NA,NA
Daily,2012-02-14,79.8125,26.5,NA,27,43300,NA,NA,NA,NA,NA,353,NA,NA,NA,8.6,NA,NA,NA,NA,NA,NA,NA,NA,NA
Daily,2012-02-15,79.5875,26.4,NA,26.9,43100,NA,NA,NA,NA,NA,360,NA,NA,NA,8.6,NA,NA,NA,NA,NA,NA,NA,NA,NA
Daily,2012-02-16,79.8125,26.5,NA,26.8,43100,NA,NA,NA,NA,NA,NA,NA,NA,NA,8.6,NA,NA,NA,NA,NA,NA,NA,NA,NA
Daily,2012-02-17,79.7,26.4,NA,26.8,43100,NA,NA,NA,NA,NA,332,NA,NA,NA,8.6,NA,NA,NA,NA,NA,NA,NA,NA,NA
Daily,2012-02-18,79.5875,26.4,NA,26.8,43000,NA,NA,NA,NA,NA,339,NA,NA,NA,8.6,NA,NA,NA,NA,NA,NA,NA,NA,NA
Daily,2012-02-19,79.4188,26.3,NA,26.8,42900,NA,NA,NA,NA,NA,345,NA,NA,NA,8.6,NA,NA,NA,NA,NA,NA,NA,NA,NA
Daily,2012-02-20,79.1938,26.2,NA,26.8,42800,NA,NA,NA,NA,NA,351,NA,NA,NA,8.6,NA,NA,NA,NA,NA,NA,NA,NA,NA
Daily,2012-02-21,78.9125,26,NA,26.8,42700,NA,NA,NA,NA,NA,356,NA,NA,NA,8.6,NA,NA,NA,NA,NA,NA,NA,NA,NA
Daily,2012-02-22,78.7438,26,NA,26.8,42600,NA,NA,NA,NA,NA,360,NA,NA,NA,8.6,NA,NA,NA,NA,NA,NA,NA,NA,NA
Daily,2012-02-23,78.8563,26,NA,26.7,42600,NA,NA,NA,NA,NA,360,NA,NA,NA,8.6,NA,NA,NA,NA,NA,NA,NA,NA,NA
Daily,2012-02-24,79.6437,26.4,NA,26.7,43000,NA,NA,NA,NA,NA,362,NA,NA,NA,8.6,NA,NA,NA,NA,NA,NA,NA,NA,NA
Daily,2012-02-25,80.0938,26.7,NA,26.7,43200,NA,NA,NA,NA,NA,361,NA,NA,NA,8.6,NA,NA,NA,NA,NA,NA,NA,NA,NA
Daily,2012-02-26,80.3188,26.8,NA,26.7,43300,NA,NA,NA,NA,NA,362,NA,NA,NA,8.6,NA,NA,NA,NA,NA,NA,NA,NA,NA
Daily,2012-02-27,80.6563,27,NA,26.7,43400,NA,NA,NA,NA,NA,354,NA,NA,NA,8.6,NA,NA,NA,NA,NA,NA,NA,NA,NA
Daily,2012-02-28,80.7125,27,NA,26.7,43400,NA,NA,NA,NA,NA,362,NA,NA,NA,8.6,NA,NA,NA,NA,NA,NA,NA,NA,NA
Daily,2012-02-29,80.9375,27.2,NA,26.7,43600,NA,NA,NA,NA,NA,362,NA,NA,NA,8.6,NA,NA,NA,NA,NA,NA,NA,NA,NA
Daily,2012-03-01,79.8688,26.6,NA,26.7,43100,NA,NA,NA,NA,NA,366,NA,NA,NA,8.7,NA,NA,NA,NA,NA,NA,NA,NA,NA
Daily,2012-03-02,79.0812,26.2,NA,26.7,42800,NA,NA,NA,NA,NA,365,NA,NA,NA,8.7,NA,NA,NA,NA,NA,NA,NA,NA,NA
Daily,2012-03-03,78.35,25.8,NA,26.7,42400,NA,NA,NA,NA,NA,365,NA,NA,NA,8.7,NA,NA,NA,NA,NA,NA,NA,NA,NA
Daily,2012-03-04,77.9,25.5,NA,26.7,42200,NA,NA,NA,NA,NA,356.5,NA,NA,NA,8.7,NA,NA,NA,NA,NA,NA,NA,NA,NA
Daily,2012-03-05,78.5187,25.8,NA,26.7,42500,NA,NA,NA,NA,NA,373,NA,NA,NA,8.7,NA,NA,NA,NA,NA,NA,NA,NA,NA
Daily,2012-03-06,78.8,26,NA,26.7,42600,NA,NA,NA,NA,NA,380,NA,NA,NA,8.7,NA,NA,NA,NA,NA,NA,NA,NA,NA
Daily,2012-03-07,79.1375,26.15,NA,26.7,42700,NA,NA,NA,NA,NA,382,NA,NA,NA,8.7,NA,NA,NA,NA,NA,NA,NA,NA,NA
Daily,2012-03-08,79.4188,26.3,NA,26.7,42700,NA,NA,NA,NA,NA,383,NA,NA,NA,8.7,NA,NA,NA,NA,NA,NA,NA,NA,NA
Daily,2012-03-09,79.3063,26.2,NA,26.7,42700,NA,NA,NA,NA,NA,388,NA,NA,NA,8.7,NA,NA,NA,NA,NA,NA,NA,NA,NA
Daily,2012-03-10,79.8125,26.5,NA,26.6,42900,NA,NA,NA,NA,NA,393,NA,NA,NA,8.7,NA,NA,NA,NA,NA,NA,NA,NA,NA
Daily,2012-03-11,80.3188,26.8,NA,26.4,42700,NA,NA,NA,NA,NA,396,NA,NA,NA,8.7,NA,NA,NA,NA,NA,NA,NA,NA,NA
Daily,2012-03-12,80.2062,26.7,NA,26.3,42600,NA,NA,NA,NA,NA,400,NA,NA,NA,8.7,NA,NA,NA,NA,NA,NA,NA,NA,NA
Daily,2012-03-13,79.925,26.6,NA,26.4,42500,NA,NA,NA,NA,NA,404,NA,NA,NA,8.7,NA,NA,NA,NA,NA,NA,NA,NA,NA
Daily,2012-03-14,79.7,26.5,NA,26.4,42500,NA,NA,NA,NA,NA,405,NA,NA,NA,8.7,NA,NA,NA,NA,NA,NA,NA,NA,NA
Daily,2012-03-15,79.3625,26.2,NA,26.4,42300,NA,NA,NA,NA,NA,407,NA,NA,NA,8.7,NA,NA,NA,NA,NA,NA,NA,NA,NA
Daily,2012-03-20,79.3625,26.3,NA,26.5,42400,NA,NA,NA,NA,NA,410,NA,NA,NA,8.7,NA,NA,NA,NA,NA,NA,NA,NA,NA
Daily,2012-03-21,79.3063,26.2,NA,26.5,42400,NA,NA,NA,NA,NA,410,NA,NA,NA,8.7,NA,NA,NA,NA,NA,NA,NA,NA,NA
Daily,2012-03-22,79.25,26.2,NA,26.5,42500,NA,NA,NA,NA,NA,407,NA,NA,NA,8.7,NA,NA,NA,NA,NA,NA,NA,NA,NA
Daily,2012-03-23,78.6313,25.9,NA,26.5,42200,NA,NA,NA,NA,NA,407,NA,NA,NA,8.7,NA,NA,NA,NA,NA,NA,NA,NA,NA
Daily,2012-03-24,78.4063,25.8,NA,26.5,42100,NA,NA,NA,NA,NA,408,NA,NA,NA,8.7,NA,NA,NA,NA,NA,NA,NA,NA,NA
Daily,2012-03-25,78.4063,25.8,NA,26.5,42100,NA,NA,NA,NA,NA,410,NA,NA,NA,8.7,NA,NA,NA,NA,NA,NA,NA,NA,NA
Daily,2012-03-26,79.0812,26.1,NA,26.5,42400,NA,NA,NA,NA,NA,379,NA,NA,NA,8.7,NA,NA,NA,NA,NA,NA,NA,NA,NA
Daily,2012-03-27,79.475,26.4,NA,26.5,42600,NA,NA,NA,NA,NA,393,NA,NA,NA,8.7,NA,NA,NA,NA,NA,NA,NA,NA,NA
Daily,2012-03-28,79.7,26.5,NA,26.5,42600,NA,NA,NA,NA,NA,395,NA,NA,NA,8.7,NA,NA,NA,NA,NA,NA,NA,NA,NA
Daily,2012-03-29,79.8688,26.6,NA,26.4,42700,NA,NA,NA,NA,NA,395,NA,NA,NA,8.7,NA,NA,NA,NA,NA,NA,NA,NA,NA
Daily,2012-03-30,79.8688,26.6,NA,26.4,42700,NA,NA,NA,NA,NA,391,NA,NA,NA,8.7,NA,NA,NA,NA,NA,NA,NA,NA,NA
Daily,2012-03-31,78.6875,26,NA,26.4,42100,NA,NA,NA,NA,NA,391,NA,NA,NA,8.7,NA,NA,NA,NA,NA,NA,NA,NA,NA
Daily,2012-04-01,78.4063,25.7,NA,26.4,41900,NA,NA,NA,NA,NA,388,NA,NA,NA,8.7,NA,NA,NA,NA,NA,NA,NA,NA,NA
Daily,2012-04-02,78.3219,25.7,NA,26.4,41900,NA,NA,NA,NA,NA,391,NA,NA,NA,8.7,NA,NA,NA,NA,NA,NA,NA,NA,NA
Daily,2012-04-03,78.5187,25.8,NA,26.4,42000,NA,NA,NA,NA,NA,388,NA,NA,NA,8.7,NA,NA,NA,NA,NA,NA,NA,NA,NA
Daily,2012-04-04,78.9688,26,NA,26.4,42100,NA,NA,NA,NA,NA,385,NA,NA,NA,8.7,NA,NA,NA,NA,NA,NA,NA,NA,NA
Daily,2012-04-05,78.9125,26.1,NA,26.3,42100,NA,NA,NA,NA,NA,387,NA,NA,NA,8.7,NA,NA,NA,NA,NA,NA,NA,NA,NA
Daily,2012-04-06,79.1375,26.1,NA,26.3,42100,NA,NA,NA,NA,NA,389,NA,NA,NA,8.7,NA,NA,NA,NA,NA,NA,NA,NA,NA
Daily,2012-04-07,79.475,26.4,NA,26.3,42300,NA,NA,NA,NA,NA,390,NA,NA,NA,8.7,NA,NA,NA,NA,NA,NA,NA,NA,NA
Daily,2012-04-08,79.3625,26.3,NA,26.3,42200,NA,NA,NA,NA,NA,389,NA,NA,NA,8.7,NA,NA,NA,NA,NA,NA,NA,NA,NA
Daily,2012-04-09,79.1938,26.2,NA,26.3,42200,NA,NA,NA,NA,NA,390,NA,NA,NA,8.7,NA,NA,NA,NA,NA,NA,NA,NA,NA
Daily,2012-04-10,78.4625,25.9,NA,26.3,41900,NA,NA,NA,NA,NA,391,NA,NA,NA,8.7,NA,NA,NA,NA,NA,NA,NA,NA,NA
Daily,2012-04-11,78.125,25.6,NA,26.3,41700,NA,NA,NA,NA,NA,391.5,NA,NA,NA,8.7,NA,NA,NA,NA,NA,NA,NA,NA,NA
Daily,2012-04-12,78.6875,25.9,NA,26.3,41900,NA,NA,NA,NA,NA,383.5,NA,NA,NA,8.7,NA,NA,NA,NA,NA,NA,NA,NA,NA
Daily,2012-04-13,78.99690000000001,26.1,NA,26.2,41900,NA,NA,NA,NA,NA,388,NA,NA,NA,8.7,NA,NA,NA,NA,NA,NA,NA,NA,NA
Daily,2012-04-14,79.8688,26.5,NA,26.2,42300,NA,NA,NA,NA,NA,387,NA,NA,NA,8.7,NA,NA,NA,NA,NA,NA,NA,NA,NA
Daily,2012-04-15,80.6,26.9,NA,26.2,42700,NA,NA,NA,NA,NA,389,NA,NA,NA,8.7,NA,NA,NA,NA,NA,NA,NA,NA,NA
Daily,2012-04-16,80.0938,26.7,NA,26.2,42500,NA,NA,NA,NA,NA,387,NA,NA,NA,8.7,NA,NA,NA,NA,NA,NA,NA,NA,NA
Daily,2012-04-17,79.7,26.5,NA,26.2,42300,NA,NA,NA,NA,NA,387,NA,NA,NA,8.7,NA,NA,NA,NA,NA,NA,NA,NA,NA
Daily,2012-04-18,79.025,26.2,NA,26.3,42100,NA,NA,NA,NA,NA,387,NA,NA,NA,8.7,NA,NA,NA,NA,NA,NA,NA,NA,NA
Daily,2012-04-19,78.575,25.9,NA,26.3,41800,NA,NA,NA,NA,NA,387,NA,NA,NA,8.7,NA,NA,NA,NA,NA,NA,NA,NA,NA
Daily,2012-04-20,78.2938,25.7,NA,26.3,41600,NA,NA,NA,NA,NA,364,NA,NA,NA,8.7,NA,NA,NA,NA,NA,NA,NA,NA,NA
Daily,2012-04-21,78.4063,25.8,NA,26.3,41700,NA,NA,NA,NA,NA,364.5,NA,NA,NA,8.7,NA,NA,NA,NA,NA,NA,NA,NA,NA
Daily,2012-04-22,78.4063,25.8,NA,26.3,41800,NA,NA,NA,NA,NA,354,NA,NA,NA,8.7,NA,NA,NA,NA,NA,NA,NA,NA,NA
Daily,2012-04-23,78.2938,25.7,NA,26.3,41700,NA,NA,NA,NA,NA,352,NA,NA,NA,8.7,NA,NA,NA,NA,NA,NA,NA,NA,NA
Daily,2012-04-24,78.0688,25.6,NA,26.3,41600,NA,NA,NA,NA,NA,353,NA,NA,NA,8.7,NA,NA,NA,NA,NA,NA,NA,NA,NA
Daily,2012-04-25,78.2375,25.7,NA,26.3,41650,NA,NA,NA,NA,NA,353,NA,NA,NA,8.7,NA,NA,NA,NA,NA,NA,NA,NA,NA
Daily,2012-04-26,78.8,26,NA,26.3,41900,NA,NA,NA,NA,NA,353,NA,NA,NA,8.7,NA,NA,NA,NA,NA,NA,NA,NA,NA
Daily,2012-04-27,78.6313,25.9,NA,26.3,41900,NA,NA,NA,NA,NA,353,NA,NA,NA,8.7,NA,NA,NA,NA,NA,NA,NA,NA,NA
Daily,2012-04-28,79.3625,26.3,NA,26.3,42200,NA,NA,NA,NA,NA,350,NA,NA,NA,8.7,NA,NA,NA,NA,NA,NA,NA,NA,NA
Daily,2012-04-29,79.5313,26.4,NA,26.3,42300,NA,NA,NA,NA,NA,349,NA,NA,NA,8.7,NA,NA,NA,NA,NA,NA,NA,NA,NA
Daily,2012-04-30,79.3625,26.3,NA,26.3,42200,NA,NA,NA,NA,NA,349,NA,NA,NA,8.7,NA,NA,NA,NA,NA,NA,NA,NA,NA
Daily,2012-05-01,79.025,26.1,NA,26.3,42100,NA,NA,NA,NA,NA,345,NA,NA,NA,8.8,NA,NA,NA,NA,NA,NA,NA,NA,NA
Daily,2012-05-02,78.125,25.7,NA,26.3,41700,NA,NA,NA,NA,NA,347,NA,NA,NA,8.8,NA,NA,NA,NA,NA,NA,NA,NA,NA
Daily,2012-05-03,77.1688,25.1,NA,26.2,41100,NA,NA,NA,NA,NA,353,NA,NA,NA,8.8,NA,NA,NA,NA,NA,NA,NA,NA,NA
Daily,2012-05-04,76.2687,24.7,NA,26.2,40800,NA,NA,NA,NA,NA,354,NA,NA,NA,8.8,NA,NA,NA,NA,NA,NA,NA,NA,NA
Daily,2012-05-05,75.4813,24.2,NA,26.2,40400,NA,NA,NA,NA,NA,355,NA,NA,NA,8.8,NA,NA,NA,NA,NA,NA,NA,NA,NA
Daily,2012-05-06,74.975,23.9,NA,26.2,40100,NA,NA,NA,NA,NA,357,NA,NA,NA,8.8,NA,NA,NA,NA,NA,NA,NA,NA,NA
Daily,2012-05-07,74.89065,23.75,NA,26.1,39950,NA,NA,NA,NA,NA,356,NA,NA,NA,8.8,NA,NA,NA,NA,NA,NA,NA,NA,NA
Daily,2012-05-08,75.95939999999999,24.35,NA,26.2,40500,NA,NA,NA,NA,NA,355,NA,NA,NA,8.8,NA,NA,NA,NA,NA,NA,NA,NA,NA
Daily,2012-05-09,76.2125,24.5,NA,26.2,40600,NA,NA,NA,NA,NA,350,NA,NA,NA,8.8,NA,NA,NA,NA,NA,NA,NA,NA,NA
Daily,2012-05-10,76.55,24.7,NA,26.2,40800,NA,NA,NA,NA,NA,342,NA,NA,NA,8.8,NA,NA,NA,NA,NA,NA,NA,NA,NA
Daily,2012-05-11,77.1125,25,NA,26.1,41000,NA,NA,NA,NA,NA,338,NA,NA,NA,8.8,NA,NA,NA,NA,NA,NA,NA,NA,NA
Daily,2012-05-12,76.6625,24.8,NA,26.1,40700,NA,NA,NA,NA,NA,338.5,NA,NA,NA,8.8,NA,NA,NA,NA,NA,NA,NA,NA,NA
Daily,2012-05-18,76.6625,24.9,NA,26.1,40700,NA,NA,NA,NA,NA,337,NA,NA,NA,8.8,NA,NA,NA,NA,NA,NA,NA,NA,NA
Daily,2012-05-19,76.8312,24.9,NA,26.1,40800,NA,NA,NA,NA,NA,330,NA,NA,NA,8.8,NA,NA,NA,NA,NA,NA,NA,NA,NA
Daily,2012-07-13,76.2125,24.6,NA,25.9,40200,NA,NA,NA,NA,NA,309,NA,NA,NA,8.8,NA,NA,NA,NA,NA,NA,NA,NA,NA
Daily,2012-07-14,76.1,24.5,NA,25.9,40100,NA,NA,NA,NA,NA,308,NA,NA,NA,8.8,NA,NA,NA,NA,NA,NA,NA,NA,NA
Daily,2012-07-15,76.0438,24.5,NA,25.9,40100,NA,NA,NA,NA,NA,307,NA,NA,NA,8.8,NA,NA,NA,NA,NA,NA,NA,NA,NA
Daily,2012-07-16,76.8312,24.9,NA,25.9,40500,NA,NA,NA,NA,NA,305,NA,NA,NA,8.8,NA,NA,NA,NA,NA,NA,NA,NA,NA
Daily,2012-07-17,76.8875,25,NA,25.9,40600,NA,NA,NA,NA,NA,300,NA,NA,NA,8.8,NA,NA,NA,NA,NA,NA,NA,NA,NA
Daily,2012-07-18,76.8875,25,NA,25.9,40600,NA,NA,NA,NA,NA,300,NA,NA,NA,8.8,NA,NA,NA,NA,NA,NA,NA,NA,NA
Daily,2012-07-19,76.9438,25,NA,25.8,40500,NA,NA,NA,NA,NA,299,NA,NA,NA,8.8,NA,NA,NA,NA,NA,NA,NA,NA,NA
Daily,2012-07-20,77.1969,25.1,NA,25.8,40550,NA,NA,NA,NA,NA,298,NA,NA,NA,8.8,NA,NA,NA,NA,NA,NA,NA,NA,NA
Daily,2012-07-21,77.5625,25.3,NA,25.8,40700,NA,NA,NA,NA,NA,295,NA,NA,NA,8.8,NA,NA,NA,NA,NA,NA,NA,NA,NA
Daily,2012-07-22,77.675,25.4,NA,25.8,40700,NA,NA,NA,NA,NA,294,NA,NA,NA,8.8,NA,NA,NA,NA,NA,NA,NA,NA,NA
Daily,2012-07-23,77.675,25.4,NA,25.8,40800,NA,NA,NA,NA,NA,295,NA,NA,NA,8.8,NA,NA,NA,NA,NA,NA,NA,NA,NA
Daily,2012-07-24,77.9281,25.5,NA,25.8,40900,NA,NA,NA,NA,NA,294,NA,NA,NA,8.8,NA,NA,NA,NA,NA,NA,NA,NA,NA
Daily,2012-07-25,78.2938,25.7,NA,25.8,41000,NA,NA,NA,NA,NA,293,NA,NA,NA,8.8,NA,NA,NA,NA,NA,NA,NA,NA,NA
Daily,2012-07-26,78.60315,25.9,NA,25.8,41150,NA,NA,NA,NA,NA,291,NA,NA,NA,8.8,NA,NA,NA,NA,NA,NA,NA,NA,NA
Daily,2012-07-27,78.6875,26,NA,25.8,41200,NA,NA,NA,NA,NA,292,NA,NA,NA,8.8,NA,NA,NA,NA,NA,NA,NA,NA,NA
Daily,2012-07-28,78.0688,25.6,NA,25.8,40900,NA,NA,NA,NA,NA,295,NA,NA,NA,8.8,NA,NA,NA,NA,NA,NA,NA,NA,NA
Daily,2012-07-29,77.7313,25.5,NA,25.8,40700,NA,NA,NA,NA,NA,296,NA,NA,NA,8.8,NA,NA,NA,NA,NA,NA,NA,NA,NA
Daily,2012-07-30,77.5625,25.3,NA,25.8,40700,NA,NA,NA,NA,NA,296.5,NA,NA,NA,8.8,NA,NA,NA,NA,NA,NA,NA,NA,NA
Daily,2012-07-31,77.2813,25.2,NA,25.8,40500,NA,NA,NA,NA,NA,295,NA,NA,NA,8.8,NA,NA,NA,NA,NA,NA,NA,NA,NA
Daily,2012-08-01,77.0563,25,NA,25.7,NA,NA,NA,NA,NA,NA,293,NA,NA,NA,8.8,NA,NA,NA,NA,NA,NA,NA,NA,NA
Daily,2012-08-02,76.7188,24.9,NA,25.7,NA,NA,NA,NA,NA,NA,292,NA,NA,NA,8.9,NA,NA,NA,NA,NA,NA,NA,NA,NA
Daily,2012-08-03,76.6063,24.9,NA,25.4,39400,NA,NA,NA,NA,NA,290,NA,NA,NA,8.8,NA,NA,NA,NA,NA,NA,NA,NA,NA
Daily,2012-08-04,76.4375,24.8,NA,24.75,38850,NA,NA,NA,NA,NA,290,NA,NA,NA,8.850000000000001,NA,NA,NA,NA,NA,NA,NA,NA,NA
Daily,2012-08-05,76.325,24.7,NA,24,37500,NA,NA,NA,NA,NA,287,NA,NA,NA,8.8,NA,NA,NA,NA,NA,NA,NA,NA,NA
Daily,2012-08-06,76.35315,24.8,NA,NA,NA,NA,NA,NA,NA,NA,291,NA,NA,NA,8.8,NA,NA,NA,NA,NA,NA,NA,NA,NA
Daily,2012-08-07,76.6063,24.9,NA,NA,NA,NA,NA,NA,NA,NA,288,NA,NA,NA,8.8,NA,NA,NA,NA,NA,NA,NA,NA,NA
Daily,2012-08-08,76.775,25,NA,NA,NA,NA,NA,NA,NA,NA,287.5,NA,NA,NA,8.8,NA,NA,NA,NA,NA,NA,NA,NA,NA
Daily,2012-08-09,76.8875,25,NA,NA,NA,NA,NA,NA,NA,NA,287,NA,NA,NA,8.8,NA,NA,NA,NA,NA,NA,NA,NA,NA
Daily,2012-08-10,76.9438,25,NA,25.6,NA,NA,NA,NA,NA,NA,287,NA,NA,NA,8.8,NA,NA,NA,NA,NA,NA,NA,NA,NA
Daily,2012-08-11,76.74690000000001,24.9,NA,25.6,NA,NA,NA,NA,NA,NA,287,NA,NA,NA,8.8,NA,NA,NA,NA,NA,NA,NA,NA,NA
Daily,2012-08-12,76.4938,24.8,NA,25.6,NA,NA,NA,NA,NA,NA,286,NA,NA,NA,8.8,NA,NA,NA,NA,NA,NA,NA,NA,NA
Daily,2012-08-13,76.4375,24.8,NA,25.6,NA,NA,NA,NA,NA,NA,285,NA,NA,NA,8.8,NA,NA,NA,NA,NA,NA,NA,NA,NA
Daily,2012-08-14,76.325,24.7,NA,25.6,39800,NA,NA,NA,NA,NA,285,NA,NA,NA,8.8,NA,NA,NA,NA,NA,NA,NA,NA,NA
Daily,2012-08-15,76.0438,24.5,NA,25.6,39800,NA,NA,NA,NA,NA,283,NA,NA,NA,8.8,NA,NA,NA,NA,NA,NA,NA,NA,NA
Daily,2012-08-16,75.65,24.3,NA,25.6,39600,NA,NA,NA,NA,NA,283,NA,NA,NA,8.8,NA,NA,NA,NA,NA,NA,NA,NA,NA
Daily,2012-08-17,75.3688,24.1,NA,25.7,39500,NA,NA,NA,NA,NA,287,NA,NA,NA,8.8,NA,NA,NA,NA,NA,NA,NA,NA,NA
Daily,2012-08-18,75.1437,24,NA,25.7,39500,NA,NA,NA,NA,NA,288,NA,NA,NA,8.8,NA,NA,NA,NA,NA,NA,NA,NA,NA
Daily,2012-08-19,75.2,24.05,NA,25.7,39600,NA,NA,NA,NA,NA,287,NA,NA,NA,8.8,NA,NA,NA,NA,NA,NA,NA,NA,NA
Daily,2012-08-20,75.3688,24.1,NA,25.7,39600,NA,NA,NA,NA,NA,285,NA,NA,NA,8.8,NA,NA,NA,NA,NA,NA,NA,NA,NA
Daily,2012-08-21,75.4813,24.2,NA,25.6,39600,NA,NA,NA,NA,NA,283,NA,NA,NA,8.8,NA,NA,NA,NA,NA,NA,NA,NA,NA
Daily,2012-08-22,75.2563,24,NA,25.6,39400,NA,NA,NA,NA,NA,283,NA,NA,NA,8.7,NA,NA,NA,NA,NA,NA,NA,NA,NA
Daily,2012-08-23,75.2563,24,NA,25.6,39400,NA,NA,NA,NA,NA,282,NA,NA,NA,8.7,NA,NA,NA,NA,NA,NA,NA,NA,NA
Daily,2012-08-24,75.2563,24.1,NA,25.6,39400,NA,NA,NA,NA,NA,283,NA,NA,NA,8.7,NA,NA,NA,NA,NA,NA,NA,NA,NA
Daily,2012-08-25,75.425,24.2,NA,25.6,39500,NA,NA,NA,NA,NA,281,NA,NA,NA,8.8,NA,NA,NA,NA,NA,NA,NA,NA,NA
Daily,2012-08-26,75.4813,24.2,NA,25.6,39500,NA,NA,NA,NA,NA,278,NA,NA,NA,8.8,NA,NA,NA,NA,NA,NA,NA,NA,NA
Daily,2012-08-27,75.79065,24.4,NA,25.6,39600,NA,NA,NA,NA,NA,277,NA,NA,NA,8.8,NA,NA,NA,NA,NA,NA,NA,NA,NA
Daily,2012-08-28,76.0438,24.5,NA,25.6,39700,NA,NA,NA,NA,NA,275,NA,NA,NA,8.8,NA,NA,NA,NA,NA,NA,NA,NA,NA
Daily,2012-08-29,76.1,24.5,NA,25.6,39700,NA,NA,NA,NA,NA,273,NA,NA,NA,8.8,NA,NA,NA,NA,NA,NA,NA,NA,NA
Daily,2012-08-30,76.1563,24.6,NA,25.6,39800,NA,NA,NA,NA,NA,272,NA,NA,NA,8.8,NA,NA,NA,NA,NA,NA,NA,NA,NA
Daily,2012-08-31,76.325,24.7,NA,25.7,39800,NA,NA,NA,NA,NA,272,NA,NA,NA,8.8,NA,NA,NA,NA,NA,NA,NA,NA,NA
Daily,2012-09-01,76.29685,24.7,NA,25.7,40000,NA,NA,NA,NA,NA,270,NA,NA,NA,8.8,NA,NA,NA,NA,NA,NA,NA,NA,NA
Daily,2012-09-02,76.325,24.7,NA,25.7,40000,NA,NA,NA,NA,NA,269,NA,NA,NA,8.8,NA,NA,NA,NA,NA,NA,NA,NA,NA
Daily,2012-09-03,76.2125,24.6,NA,25.7,40000,NA,NA,NA,NA,NA,269,NA,NA,NA,8.8,NA,NA,NA,NA,NA,NA,NA,NA,NA
Daily,2012-09-04,76.0438,24.5,NA,25.7,39900,NA,NA,NA,NA,NA,268,NA,NA,NA,8.8,NA,NA,NA,NA,NA,NA,NA,NA,NA
Daily,2012-09-05,76.2125,24.6,NA,25.7,40000,NA,NA,NA,NA,NA,267,NA,NA,NA,8.8,NA,NA,NA,NA,NA,NA,NA,NA,NA
Daily,2012-09-06,76.6344,24.8,NA,25.7,40100,NA,NA,NA,NA,NA,266,NA,NA,NA,8.8,NA,NA,NA,NA,NA,NA,NA,NA,NA
Daily,2012-09-07,76.6063,24.8,NA,25.7,40100,NA,NA,NA,NA,NA,266,NA,NA,NA,8.8,NA,NA,NA,NA,NA,NA,NA,NA,NA
Daily,2012-09-08,76.7188,24.8,NA,25.6,40100,NA,NA,NA,NA,NA,266,NA,NA,NA,8.8,NA,NA,NA,NA,NA,NA,NA,NA,NA
Daily,2012-09-09,76.325,24.6,NA,25.5,39700,NA,NA,NA,NA,NA,267,NA,NA,NA,8.8,NA,NA,NA,NA,NA,NA,NA,NA,NA
Daily,2012-09-10,76.1563,24.5,NA,25.3,39400,NA,NA,NA,NA,NA,268,NA,NA,NA,8.8,NA,NA,NA,NA,NA,NA,NA,NA,NA
Daily,2012-09-11,75.9875,24.4,NA,25.1,39000,NA,NA,NA,NA,NA,266,NA,NA,NA,8.8,NA,NA,NA,NA,NA,NA,NA,NA,NA
Daily,2012-09-12,75.9313,24.4,NA,24.7,38500,NA,NA,NA,NA,NA,266,NA,NA,NA,8.8,NA,NA,NA,NA,NA,NA,NA,NA,NA
Daily,2012-09-13,75.9875,24.4,NA,24.3,37700,NA,NA,NA,NA,NA,266,NA,NA,NA,8.8,NA,NA,NA,NA,NA,NA,NA,NA,NA
Daily,2012-09-14,75.9313,24.4,NA,NA,36400,NA,NA,NA,NA,NA,266,NA,NA,NA,8.8,NA,NA,NA,NA,NA,NA,NA,NA,NA
Daily,2012-09-15,75.8188,24.3,NA,NA,NA,NA,NA,NA,NA,NA,266,NA,NA,NA,8.8,NA,NA,NA,NA,NA,NA,NA,NA,NA
Daily,2012-09-16,75.65,24.2,NA,NA,NA,NA,NA,NA,NA,NA,259,NA,NA,NA,8.8,NA,NA,NA,NA,NA,NA,NA,NA,NA
Daily,2012-09-17,75.5375,24.2,NA,NA,NA,NA,NA,NA,NA,NA,257,NA,NA,NA,8.8,NA,NA,NA,NA,NA,NA,NA,NA,NA
Daily,2012-09-18,75.4813,24.1,NA,NA,35600,NA,NA,NA,NA,NA,257,NA,NA,NA,8.8,NA,NA,NA,NA,NA,NA,NA,NA,NA
Daily,2012-09-19,75.425,24.1,NA,NA,35100,NA,NA,NA,NA,NA,256,NA,NA,NA,8.8,NA,NA,NA,NA,NA,NA,NA,NA,NA
Daily,2012-09-20,75.3688,24.1,NA,25.5,39300,NA,NA,NA,NA,NA,255,NA,NA,NA,8.8,NA,NA,NA,NA,NA,NA,NA,NA,NA
Daily,2012-09-21,75.4813,24.2,NA,25.5,39400,NA,NA,NA,NA,NA,253.5,NA,NA,NA,8.8,NA,NA,NA,NA,NA,NA,NA,NA,NA
Daily,2012-09-22,75.5375,24.2,NA,25.5,39400,NA,NA,NA,NA,NA,252,NA,NA,NA,8.8,NA,NA,NA,NA,NA,NA,NA,NA,NA
Daily,2012-09-23,75.4813,24.2,NA,25.5,39400,NA,NA,NA,NA,NA,251,NA,NA,NA,8.8,NA,NA,NA,NA,NA,NA,NA,NA,NA
Daily,2012-09-24,75.5938,24.2,NA,25.5,39450,NA,NA,NA,NA,NA,250,NA,NA,NA,8.8,NA,NA,NA,NA,NA,NA,NA,NA,NA
Daily,2012-09-25,75.5938,24.3,NA,25.5,39500,NA,NA,NA,NA,NA,249,NA,NA,NA,8.8,NA,NA,NA,NA,NA,NA,NA,NA,NA
Daily,2012-09-26,75.5938,24.3,NA,25.5,39400,NA,NA,NA,NA,NA,247,NA,NA,NA,8.8,NA,NA,NA,NA,NA,NA,NA,NA,NA
Daily,2012-09-27,75.5938,24.2,NA,25.4,39300,NA,NA,NA,NA,NA,247,NA,NA,NA,8.8,NA,NA,NA,NA,NA,NA,NA,NA,NA
Daily,2012-09-28,75.5375,24.2,NA,25.2,38900,NA,NA,NA,NA,NA,247,NA,NA,NA,8.8,NA,NA,NA,NA,NA,NA,NA,NA,NA
Daily,2012-09-29,75.4813,24.2,NA,25,38500,NA,NA,NA,NA,NA,246,NA,NA,NA,8.8,NA,NA,NA,NA,NA,NA,NA,NA,NA
Daily,2012-09-30,75.5094,24.2,NA,24.4,37900,NA,NA,NA,NA,NA,245,NA,NA,NA,8.8,NA,NA,NA,NA,NA,NA,NA,NA,NA
Daily,2012-10-01,75.5938,24.2,NA,24,37150,NA,NA,NA,NA,NA,245,NA,NA,NA,8.8,NA,NA,NA,NA,NA,NA,NA,NA,NA
Daily,2012-10-02,75.5375,24.2,NA,NA,36100,NA,NA,NA,NA,NA,245,NA,NA,NA,8.8,NA,NA,NA,NA,NA,NA,NA,NA,NA
Daily,2012-10-03,75.3688,24.1,NA,NA,35000,NA,NA,NA,NA,NA,245,NA,NA,NA,8.8,NA,NA,NA,NA,NA,NA,NA,NA,NA
Daily,2012-10-04,74.8063,23.9,NA,NA,NA,NA,NA,NA,NA,NA,245,NA,NA,NA,8.8,NA,NA,NA,NA,NA,NA,NA,NA,NA
Daily,2012-10-05,74.3563,23.6,NA,25.7,39200,NA,NA,NA,NA,NA,245,NA,NA,NA,8.8,NA,NA,NA,NA,NA,NA,NA,NA,NA
Daily,2012-10-06,73.85,23.3,NA,25.7,39000,NA,NA,NA,NA,NA,248,NA,NA,NA,8.8,NA,NA,NA,NA,NA,NA,NA,NA,NA
Daily,2012-10-07,73.3438,23,NA,25.7,38700,NA,NA,NA,NA,NA,249,NA,NA,NA,8.8,NA,NA,NA,NA,NA,NA,NA,NA,NA
Daily,2012-10-08,72.8938,22.8,NA,25.7,38500,NA,NA,NA,NA,NA,249,NA,NA,NA,8.8,NA,NA,NA,NA,NA,NA,NA,NA,NA
Daily,2012-10-09,72.6125,22.6,NA,25.7,38400,NA,NA,NA,NA,NA,249,NA,NA,NA,8.8,NA,NA,NA,NA,NA,NA,NA,NA,NA
Daily,2012-10-10,72.3313,22.4,NA,25.7,38300,NA,NA,NA,NA,NA,249,NA,NA,NA,8.8,NA,NA,NA,NA,NA,NA,NA,NA,NA
Daily,2012-10-11,71.9375,22.2,NA,25.7,38100,NA,NA,NA,NA,NA,249,NA,NA,NA,8.8,NA,NA,NA,NA,NA,NA,NA,NA,NA
Daily,2012-10-12,71.6,22,NA,25.7,37900,NA,NA,NA,NA,NA,250,NA,NA,NA,8.8,NA,NA,NA,NA,NA,NA,NA,NA,NA
Daily,2012-10-13,71.375,21.9,NA,25.7,37800,NA,NA,NA,NA,NA,249,NA,NA,NA,8.8,NA,NA,NA,NA,NA,NA,NA,NA,NA
Daily,2012-10-14,71.15,21.75,NA,25.65,37700,NA,NA,NA,NA,NA,249,NA,NA,NA,8.8,NA,NA,NA,NA,NA,NA,NA,NA,NA
Daily,2013-01-10,79.8688,26.4,NA,25.6,41200,NA,NA,NA,NA,NA,206,NA,NA,NA,8.7,NA,NA,NA,NA,NA,NA,NA,NA,NA
Daily,2013-01-11,79.925,26.6,NA,25.6,41400,NA,NA,NA,NA,NA,206,NA,NA,NA,8.7,NA,NA,NA,NA,NA,NA,NA,NA,NA
Daily,2013-01-31,79.9813,26.6,NA,25.6,41500,NA,NA,NA,NA,NA,207,NA,NA,NA,8.7,NA,NA,NA,NA,NA,NA,NA,NA,NA
Daily,2013-02-01,79.7563,26.5,NA,25.6,41400,NA,NA,NA,NA,NA,206,NA,NA,NA,8.7,NA,NA,NA,NA,NA,NA,NA,NA,NA
Daily,2013-02-02,79.8688,26.5,NA,25.6,41400,NA,NA,NA,NA,NA,205,NA,NA,NA,8.7,NA,NA,NA,NA,NA,NA,NA,NA,NA
Daily,2013-02-03,79.7563,26.5,NA,25.6,41400,NA,NA,NA,NA,NA,206,NA,NA,NA,8.7,NA,NA,NA,NA,NA,NA,NA,NA,NA
Daily,2013-02-04,79.6437,26.4,NA,25.6,41300,NA,NA,NA,NA,NA,205,NA,NA,NA,8.7,NA,NA,NA,NA,NA,NA,NA,NA,NA
Daily,2013-02-05,79.8688,26.5,NA,25.6,41400,NA,NA,NA,NA,NA,204,NA,NA,NA,8.7,NA,NA,NA,NA,NA,NA,NA,NA,NA
Daily,2013-02-06,79.925,26.5,NA,25.6,41400,NA,NA,NA,NA,NA,204,NA,NA,NA,8.7,NA,NA,NA,NA,NA,NA,NA,NA,NA
Daily,2013-02-07,79.8125,26.5,NA,25.6,41400,NA,NA,NA,NA,NA,204,NA,NA,NA,8.7,NA,NA,NA,NA,NA,NA,NA,NA,NA
Daily,2013-02-08,79.7,26.4,NA,25.6,41300,NA,NA,NA,NA,NA,203,NA,NA,NA,8.7,NA,NA,NA,NA,NA,NA,NA,NA,NA
Daily,2013-02-09,80.0938,26.6,NA,25.6,41400,NA,NA,NA,NA,NA,202,NA,NA,NA,8.7,NA,NA,NA,NA,NA,NA,NA,NA,NA
Daily,2013-02-10,79.8688,26.5,NA,25.6,41400,NA,NA,NA,NA,NA,200,NA,NA,NA,8.7,NA,NA,NA,NA,NA,NA,NA,NA,NA
Daily,2013-02-11,79.8125,26.4,NA,25.6,41200,NA,NA,NA,NA,NA,201,NA,NA,NA,8.7,NA,NA,NA,NA,NA,NA,NA,NA,NA
Daily,2013-02-12,79.6437,26.4,NA,NA,41100,NA,NA,NA,NA,NA,202,NA,NA,NA,8.7,NA,NA,NA,NA,NA,NA,NA,NA,NA
Daily,2013-02-13,79.7,26.4,NA,NA,41100,NA,NA,NA,NA,NA,201,NA,NA,NA,8.7,NA,NA,NA,NA,NA,NA,NA,NA,NA
Daily,2013-02-14,79.475,26.3,NA,NA,41100,NA,NA,NA,NA,NA,201,NA,NA,NA,8.7,NA,NA,NA,NA,NA,NA,NA,NA,NA
Daily,2013-02-15,79.1938,26.2,NA,25.6,41000,NA,NA,NA,NA,NA,201,NA,NA,NA,8.7,NA,NA,NA,NA,NA,NA,NA,NA,NA
Daily,2013-02-16,79.1938,26.1,NA,25.6,41000,NA,NA,NA,NA,NA,201,NA,NA,NA,8.7,NA,NA,NA,NA,NA,NA,NA,NA,NA
Daily,2013-02-17,78.8,25.9,NA,25.6,40900,NA,NA,NA,NA,NA,200,NA,NA,NA,8.8,NA,NA,NA,NA,NA,NA,NA,NA,NA
Daily,2013-02-18,78.8,25.9,NA,25.6,40800,NA,NA,NA,NA,NA,200,NA,NA,NA,8.8,NA,NA,NA,NA,NA,NA,NA,NA,NA
Daily,2013-02-19,79.1938,26.1,NA,25.6,41000,NA,NA,NA,NA,NA,199,NA,NA,NA,8.8,NA,NA,NA,NA,NA,NA,NA,NA,NA
Daily,2013-02-20,79.475,26.2,NA,25.6,41200,NA,NA,NA,NA,NA,198,NA,NA,NA,8.8,NA,NA,NA,NA,NA,NA,NA,NA,NA
Daily,2013-02-21,79.6437,26.3,NA,25.6,41200,NA,NA,NA,NA,NA,198,NA,NA,NA,8.8,NA,NA,NA,NA,NA,NA,NA,NA,NA
Daily,2013-02-22,79.7,26.4,NA,25.6,41300,NA,NA,NA,NA,NA,198,NA,NA,NA,8.8,NA,NA,NA,NA,NA,NA,NA,NA,NA
Daily,2013-02-23,79.7,26.4,NA,25.6,41300,NA,NA,NA,NA,NA,198,NA,NA,NA,8.8,NA,NA,NA,NA,NA,NA,NA,NA,NA
Daily,2013-02-24,79.1375,26.1,NA,25.6,41100,NA,NA,NA,NA,NA,197,NA,NA,NA,8.8,NA,NA,NA,NA,NA,NA,NA,NA,NA
Daily,2013-02-25,79.3625,26.2,NA,25.6,41100,NA,NA,NA,NA,NA,198,NA,NA,NA,8.8,NA,NA,NA,NA,NA,NA,NA,NA,NA
Daily,2013-02-26,79.10935,26.1,NA,25.6,41200,NA,NA,NA,NA,NA,198,NA,NA,NA,8.8,NA,NA,NA,NA,NA,NA,NA,NA,NA
Daily,2013-02-27,78.9125,26,NA,25.6,41100,NA,NA,NA,NA,NA,197,NA,NA,NA,8.8,NA,NA,NA,NA,NA,NA,NA,NA,NA
Daily,2013-02-28,78.9688,26,NA,25.6,41000,NA,NA,NA,NA,NA,197,NA,NA,NA,8.8,NA,NA,NA,NA,NA,NA,NA,NA,NA
Daily,2013-03-01,79.1375,26.1,NA,25.6,41000,NA,NA,NA,NA,NA,197,NA,NA,NA,8.8,NA,NA,NA,NA,NA,NA,NA,NA,NA
Daily,2013-03-02,79.0812,26.1,NA,25.6,41000,NA,NA,NA,NA,NA,196,NA,NA,NA,8.8,NA,NA,NA,NA,NA,NA,NA,NA,NA
Daily,2013-03-03,78.8,26,NA,25.6,40900,NA,NA,NA,NA,NA,197,NA,NA,NA,8.8,NA,NA,NA,NA,NA,NA,NA,NA,NA
Daily,2013-03-04,79.1375,26.1,NA,25.6,41000,NA,NA,NA,NA,NA,196,NA,NA,NA,8.8,NA,NA,NA,NA,NA,NA,NA,NA,NA
Daily,2013-03-05,79.3063,26.2,NA,25.6,41100,NA,NA,NA,NA,NA,196,NA,NA,NA,8.8,NA,NA,NA,NA,NA,NA,NA,NA,NA
Daily,2013-03-06,79.925,26.5,NA,25.6,41400,NA,NA,NA,NA,NA,194,NA,NA,NA,8.8,NA,NA,NA,NA,NA,NA,NA,NA,NA
Daily,2013-03-07,80.4875,26.9,NA,25.6,41600,NA,NA,NA,NA,NA,193,NA,NA,NA,8.8,NA,NA,NA,NA,NA,NA,NA,NA,NA
Daily,2013-03-08,80.6563,27,NA,25.6,41700,NA,NA,NA,NA,NA,192,NA,NA,NA,8.8,NA,NA,NA,NA,NA,NA,NA,NA,NA
Daily,2013-03-09,80.6,26.9,NA,25.6,41600,NA,NA,NA,NA,NA,193,NA,NA,NA,8.8,NA,NA,NA,NA,NA,NA,NA,NA,NA
Daily,2013-03-10,79.67185,26.5,NA,25.6,41300,NA,NA,NA,NA,NA,195,NA,NA,NA,8.8,NA,NA,NA,NA,NA,NA,NA,NA,NA
Daily,2013-03-11,79.475,26.3,NA,25.6,41200,NA,NA,NA,NA,NA,195,NA,NA,NA,8.8,NA,NA,NA,NA,NA,NA,NA,NA,NA
Daily,2013-03-12,79.475,26.3,NA,25.6,41200,NA,NA,NA,NA,NA,196,NA,NA,NA,8.8,NA,NA,NA,NA,NA,NA,NA,NA,NA
Daily,2013-03-13,79.7563,26.5,NA,25.6,41300,NA,NA,NA,NA,NA,196,NA,NA,NA,8.8,NA,NA,NA,NA,NA,NA,NA,NA,NA
Daily,2013-03-14,80.2625,26.8,NA,25.6,41500,NA,NA,NA,NA,NA,193,NA,NA,NA,8.8,NA,NA,NA,NA,NA,NA,NA,NA,NA
Daily,2013-03-15,80.45939999999999,26.9,NA,25.6,41700,NA,NA,NA,NA,NA,194,NA,NA,NA,8.8,NA,NA,NA,NA,NA,NA,NA,NA,NA
Daily,2013-03-16,80.6,27,NA,25.7,41800,NA,NA,NA,NA,NA,192,NA,NA,NA,8.8,NA,NA,NA,NA,NA,NA,NA,NA,NA
Daily,2013-03-17,80.5438,27,NA,25.7,41800,NA,NA,NA,NA,NA,189.5,NA,NA,NA,8.8,NA,NA,NA,NA,NA,NA,NA,NA,NA
Daily,2013-03-18,80.4875,26.9,NA,25.7,41800,NA,NA,NA,NA,NA,189,NA,NA,NA,8.8,NA,NA,NA,NA,NA,NA,NA,NA,NA
Daily,2013-03-19,80.7687,27.1,NA,25.7,41900,NA,NA,NA,NA,NA,187,NA,NA,NA,8.8,NA,NA,NA,NA,NA,NA,NA,NA,NA
Daily,2013-03-20,80.9938,27.2,NA,25.7,42000,NA,NA,NA,NA,NA,186,NA,NA,NA,8.8,NA,NA,NA,NA,NA,NA,NA,NA,NA
Daily,2013-03-21,81.1625,27.3,NA,25.7,42100,NA,NA,NA,NA,NA,185,NA,NA,NA,8.8,NA,NA,NA,NA,NA,NA,NA,NA,NA
Daily,2013-03-22,81.725,27.5,NA,25.7,42300,NA,NA,NA,NA,NA,184,NA,NA,NA,8.8,NA,NA,NA,NA,NA,NA,NA,NA,NA
Daily,2013-03-23,81.4438,27.5,NA,25.7,42200,NA,NA,NA,NA,NA,185.5,NA,NA,NA,8.8,NA,NA,NA,NA,NA,NA,NA,NA,NA
Daily,2013-03-24,80.6563,27.1,NA,25.7,41900,NA,NA,NA,NA,NA,185,NA,NA,NA,8.8,NA,NA,NA,NA,NA,NA,NA,NA,NA
Daily,2013-03-25,80.5438,26.9,NA,25.7,41800,NA,NA,NA,NA,NA,185,NA,NA,NA,8.8,NA,NA,NA,NA,NA,NA,NA,NA,NA
Daily,2013-03-26,80.375,26.9,NA,25.7,41700,NA,NA,NA,NA,NA,184,NA,NA,NA,8.8,NA,NA,NA,NA,NA,NA,NA,NA,NA
Daily,2013-03-27,80.5438,26.9,NA,25.7,41900,NA,NA,NA,NA,NA,182,NA,NA,NA,8.8,NA,NA,NA,NA,NA,NA,NA,NA,NA
Daily,2013-03-28,80.375,26.8,NA,25.7,41800,NA,NA,NA,NA,NA,184.5,NA,NA,NA,8.8,NA,NA,NA,NA,NA,NA,NA,NA,NA
Daily,2013-03-29,80.0375,26.7,NA,25.7,41700,NA,NA,NA,NA,NA,187,NA,NA,NA,8.8,NA,NA,NA,NA,NA,NA,NA,NA,NA
Daily,2013-03-30,79.925,26.6,NA,25.7,41700,NA,NA,NA,NA,NA,186,NA,NA,NA,8.8,NA,NA,NA,NA,NA,NA,NA,NA,NA
Daily,2013-03-31,79.7563,26.5,NA,25.7,41600,NA,NA,NA,NA,NA,187,NA,NA,NA,8.8,NA,NA,NA,NA,NA,NA,NA,NA,NA
Daily,2013-04-01,79.9813,26.6,NA,25.7,41700,NA,NA,NA,NA,NA,189,NA,NA,NA,8.8,NA,NA,NA,NA,NA,NA,NA,NA,NA
Daily,2013-04-02,80.375,26.85,NA,25.7,41800,NA,NA,NA,NA,NA,190.5,NA,NA,NA,8.8,NA,NA,NA,NA,NA,NA,NA,NA,NA
Daily,2013-04-03,80.4313,26.9,NA,25.7,41800,NA,NA,NA,NA,NA,192.5,NA,NA,NA,8.8,NA,NA,NA,NA,NA,NA,NA,NA,NA
Daily,2013-04-04,80.0375,26.7,NA,25.7,41700,NA,NA,NA,NA,NA,195,NA,NA,NA,8.8,NA,NA,NA,NA,NA,NA,NA,NA,NA
Daily,2013-04-05,79.8125,26.5,NA,25.7,41600,NA,NA,NA,NA,NA,196,NA,NA,NA,8.8,NA,NA,NA,NA,NA,NA,NA,NA,NA
Daily,2013-04-06,79.8688,26.6,NA,25.7,41600,NA,NA,NA,NA,NA,199,NA,NA,NA,8.9,NA,NA,NA,NA,NA,NA,NA,NA,NA
Daily,2013-04-07,79.925,26.6,NA,25.7,41600,NA,NA,NA,NA,NA,199,NA,NA,NA,8.9,NA,NA,NA,NA,NA,NA,NA,NA,NA
Daily,2013-04-08,80.2625,26.7,NA,25.7,41600,NA,NA,NA,NA,NA,191,NA,NA,NA,8.9,NA,NA,NA,NA,NA,NA,NA,NA,NA
Daily,2013-07-11,75.0313,23.9,NA,25.2,38800,NA,NA,NA,NA,NA,175,NA,NA,NA,8.9,NA,NA,NA,NA,NA,NA,NA,NA,NA
Daily,2013-07-12,74.8063,23.8,NA,25.2,38700,NA,NA,NA,NA,NA,176,NA,NA,NA,8.9,NA,NA,NA,NA,NA,NA,NA,NA,NA
Daily,2013-07-13,74.8625,23.9,NA,25.2,38700,NA,NA,NA,NA,NA,176,NA,NA,NA,8.9,NA,NA,NA,NA,NA,NA,NA,NA,NA
Daily,2013-07-14,75.0313,24,NA,25.2,38800,NA,NA,NA,NA,NA,179,NA,NA,NA,8.9,NA,NA,NA,NA,NA,NA,NA,NA,NA
Daily,2013-07-15,75.2563,24.05,NA,25.2,38900,NA,NA,NA,NA,NA,179,NA,NA,NA,8.9,NA,NA,NA,NA,NA,NA,NA,NA,NA
Daily,2013-07-16,75.3688,24.1,NA,25.2,38900,NA,NA,NA,NA,NA,176,NA,NA,NA,8.8,NA,NA,NA,NA,NA,NA,NA,NA,NA
Daily,2013-07-17,75.3125,24.1,NA,25.2,38900,NA,NA,NA,NA,NA,178,NA,NA,NA,8.8,NA,NA,NA,NA,NA,NA,NA,NA,NA
Daily,2013-07-18,75.2,24.1,NA,25.2,38800,NA,NA,NA,NA,NA,181,NA,NA,NA,8.8,NA,NA,NA,NA,NA,NA,NA,NA,NA
Daily,2013-07-19,75.0313,24,NA,25.2,38800,NA,NA,NA,NA,NA,182,NA,NA,NA,8.8,NA,NA,NA,NA,NA,NA,NA,NA,NA
Daily,2013-07-20,74.9188,23.9,NA,25.2,38700,NA,NA,NA,NA,NA,181,NA,NA,NA,8.8,NA,NA,NA,NA,NA,NA,NA,NA,NA
Daily,2013-07-21,74.75,23.8,NA,25.2,38600,NA,NA,NA,NA,NA,180,NA,NA,NA,8.8,NA,NA,NA,NA,NA,NA,NA,NA,NA
Daily,2013-07-22,74.66565,23.8,NA,25.2,38600,NA,NA,NA,NA,NA,179,NA,NA,NA,8.8,NA,NA,NA,NA,NA,NA,NA,NA,NA
Daily,2013-07-23,74.75,23.8,NA,25.2,38700,NA,NA,NA,NA,NA,181,NA,NA,NA,8.850000000000001,NA,NA,NA,NA,NA,NA,NA,NA,NA
Daily,2013-07-24,74.6938,23.8,NA,25.2,38600,NA,NA,NA,NA,NA,180,NA,NA,NA,8.8,NA,NA,NA,NA,NA,NA,NA,NA,NA
Daily,2013-07-25,74.4688,23.7,NA,25.2,38500,NA,NA,NA,NA,NA,181,NA,NA,NA,8.8,NA,NA,NA,NA,NA,NA,NA,NA,NA
Daily,2013-07-26,74.1313,23.5,NA,25.2,38300,NA,NA,NA,NA,NA,181,NA,NA,NA,8.8,NA,NA,NA,NA,NA,NA,NA,NA,NA
Daily,2013-07-27,73.85,23.3,NA,25.2,38200,NA,NA,NA,NA,NA,182,NA,NA,NA,8.8,NA,NA,NA,NA,NA,NA,NA,NA,NA
Daily,2013-07-28,73.7938,23.3,NA,25.2,38200,NA,NA,NA,NA,NA,184,NA,NA,NA,8.8,NA,NA,NA,NA,NA,NA,NA,NA,NA
Daily,2013-07-29,73.6813,23.2,NA,25.2,38100,NA,NA,NA,NA,NA,184,NA,NA,NA,8.8,NA,NA,NA,NA,NA,NA,NA,NA,NA
Daily,2013-07-30,73.6813,23.2,NA,25.2,38100,NA,NA,NA,NA,NA,183,NA,NA,NA,8.9,NA,NA,NA,NA,NA,NA,NA,NA,NA
Daily,2013-07-31,73.7375,23.2,NA,25.2,38100,NA,NA,NA,NA,NA,186,NA,NA,NA,8.9,NA,NA,NA,NA,NA,NA,NA,NA,NA
Daily,2013-08-01,73.6813,23.2,NA,25.1,38100,NA,NA,NA,NA,NA,184,NA,NA,NA,8.8,NA,NA,NA,NA,NA,NA,NA,NA,NA
Daily,2013-08-02,73.625,23.2,NA,25.1,38100,NA,NA,NA,NA,NA,183,NA,NA,NA,8.8,NA,NA,NA,NA,NA,NA,NA,NA,NA
Daily,2013-08-03,73.65315,23.15,NA,25.1,38000,NA,NA,NA,NA,NA,182,NA,NA,NA,8.8,NA,NA,NA,NA,NA,NA,NA,NA,NA
Daily,2013-08-04,73.4844,23.1,NA,25.1,38000,NA,NA,NA,NA,NA,182,NA,NA,NA,8.8,NA,NA,NA,NA,NA,NA,NA,NA,NA
Daily,2013-08-05,73.175,22.9,NA,25.1,37800,NA,NA,NA,NA,NA,183,NA,NA,NA,8.8,NA,NA,NA,NA,NA,NA,NA,NA,NA
Daily,2013-08-06,73.1188,22.9,NA,25.1,37800,NA,NA,NA,NA,NA,181,NA,NA,NA,8.8,NA,NA,NA,NA,NA,NA,NA,NA,NA
Daily,2013-08-07,73.5125,23,NA,25.1,37900,NA,NA,NA,NA,NA,180,NA,NA,NA,8.8,NA,NA,NA,NA,NA,NA,NA,NA,NA
Daily,2013-08-08,73.4563,23.1,NA,25,37900,NA,NA,NA,NA,NA,182,NA,NA,NA,8.8,NA,NA,NA,NA,NA,NA,NA,NA,NA
Daily,2013-08-09,73.4563,23.1,NA,25,37900,NA,NA,NA,NA,NA,183,NA,NA,NA,8.8,NA,NA,NA,NA,NA,NA,NA,NA,NA
Daily,2013-08-10,73.7938,23.2,NA,25,38000,NA,NA,NA,NA,NA,183,NA,NA,NA,8.8,NA,NA,NA,NA,NA,NA,NA,NA,NA
Daily,2013-08-11,74.04685,23.4,NA,25,38100,NA,NA,NA,NA,NA,180,NA,NA,NA,8.8,NA,NA,NA,NA,NA,NA,NA,NA,NA
Daily,2013-08-12,74.21565,23.5,NA,25,38200,NA,NA,NA,NA,NA,179,NA,NA,NA,8.8,NA,NA,NA,NA,NA,NA,NA,NA,NA
Daily,2013-08-13,74.1875,23.5,NA,25,38150,NA,NA,NA,NA,NA,180,NA,NA,NA,8.8,NA,NA,NA,NA,NA,NA,NA,NA,NA
Daily,2013-08-14,74.1313,23.5,NA,25,38100,NA,NA,NA,NA,NA,179,NA,NA,NA,NA,NA,NA,NA,NA,NA,NA,NA,NA,NA
Daily,2013-08-15,74.1875,23.5,NA,25,38100,NA,NA,NA,NA,NA,179,NA,NA,NA,8.8,NA,NA,NA,NA,NA,NA,NA,NA,NA
Daily,2013-08-16,74.3844,23.6,NA,25,38150,NA,NA,NA,NA,NA,177,NA,NA,NA,8.8,NA,NA,NA,NA,NA,NA,NA,NA,NA
Daily,2013-08-17,74.5812,23.7,NA,25,38300,NA,NA,NA,NA,NA,176,NA,NA,NA,8.8,NA,NA,NA,NA,NA,NA,NA,NA,NA
Daily,2013-08-18,74.8063,23.8,NA,25,38400,NA,NA,NA,NA,NA,175,NA,NA,NA,8.8,NA,NA,NA,NA,NA,NA,NA,NA,NA
Daily,2013-08-19,74.83439999999999,23.9,NA,25,38400,NA,NA,NA,NA,NA,175,NA,NA,NA,8.8,NA,NA,NA,NA,NA,NA,NA,NA,NA
Daily,2013-08-20,74.8625,23.9,NA,25,38400,NA,NA,NA,NA,NA,177,NA,NA,NA,8.8,NA,NA,NA,NA,NA,NA,NA,NA,NA
Daily,2013-08-21,74.525,23.7,NA,25,38300,NA,NA,NA,NA,NA,178,NA,NA,NA,8.8,NA,NA,NA,NA,NA,NA,NA,NA,NA
Daily,2013-08-22,74.5812,23.7,NA,25,38300,NA,NA,NA,NA,NA,176,NA,NA,NA,8.8,NA,NA,NA,NA,NA,NA,NA,NA,NA
Daily,2013-08-23,74.6375,23.7,NA,25,38300,NA,NA,NA,NA,NA,178,NA,NA,NA,8.8,NA,NA,NA,NA,NA,NA,NA,NA,NA
Daily,2013-08-24,74.4688,23.7,NA,25,38200,NA,NA,NA,NA,NA,177,NA,NA,NA,8.8,NA,NA,NA,NA,NA,NA,NA,NA,NA
Daily,2013-08-25,74.1313,23.5,NA,25,38100,NA,NA,NA,NA,NA,178,NA,NA,NA,8.8,NA,NA,NA,NA,NA,NA,NA,NA,NA
Daily,2013-08-26,73.9625,23.4,NA,25,38000,NA,NA,NA,NA,NA,180,NA,NA,NA,8.8,NA,NA,NA,NA,NA,NA,NA,NA,NA
Daily,2013-08-27,73.9625,23.4,NA,24.9,38000,NA,NA,NA,NA,NA,180,NA,NA,NA,8.8,NA,NA,NA,NA,NA,NA,NA,NA,NA
Daily,2013-08-28,73.9906,23.4,NA,24.9,38000,NA,NA,NA,NA,NA,177,NA,NA,NA,8.8,NA,NA,NA,NA,NA,NA,NA,NA,NA
Daily,2013-08-29,73.9063,23.3,NA,24.9,37900,NA,NA,NA,NA,NA,177,NA,NA,NA,8.8,NA,NA,NA,NA,NA,NA,NA,NA,NA
Daily,2013-08-30,73.9063,23.3,NA,24.9,37900,NA,NA,NA,NA,NA,178,NA,NA,NA,8.8,NA,NA,NA,NA,NA,NA,NA,NA,NA
Daily,2013-08-31,74.1313,23.4,NA,24.9,38000,NA,NA,NA,NA,NA,179,NA,NA,NA,8.8,NA,NA,NA,NA,NA,NA,NA,NA,NA
Daily,2013-09-01,74.6375,23.7,NA,24.9,38200,NA,NA,NA,NA,NA,180,NA,NA,NA,8.8,NA,NA,NA,NA,NA,NA,NA,NA,NA
Daily,2013-09-02,75.0313,23.9,NA,24.9,38400,NA,NA,NA,NA,NA,177,NA,NA,NA,8.8,NA,NA,NA,NA,NA,NA,NA,NA,NA
Daily,2013-09-03,75.1437,24,NA,24.9,38400,NA,NA,NA,NA,NA,175,NA,NA,NA,8.8,NA,NA,NA,NA,NA,NA,NA,NA,NA
Daily,2013-09-04,74.8625,23.8,NA,24.9,38300,NA,NA,NA,NA,NA,176,NA,NA,NA,8.8,NA,NA,NA,NA,NA,NA,NA,NA,NA
Daily,2013-09-05,74.75,23.8,NA,24.9,38200,NA,NA,NA,NA,NA,175,NA,NA,NA,8.8,NA,NA,NA,NA,NA,NA,NA,NA,NA
Daily,2013-09-06,74.4688,23.6,NA,24.9,38100,NA,NA,NA,NA,NA,176,NA,NA,NA,8.8,NA,NA,NA,NA,NA,NA,NA,NA,NA
Daily,2013-09-07,73.9625,23.3,NA,24.9,37900,NA,NA,NA,NA,NA,178,NA,NA,NA,8.8,NA,NA,NA,NA,NA,NA,NA,NA,NA
Daily,2013-09-08,73.5688,23.1,NA,24.9,37700,NA,NA,NA,NA,NA,178,NA,NA,NA,8.8,NA,NA,NA,NA,NA,NA,NA,NA,NA
Daily,2013-09-09,73.2875,23,NA,24.9,37500,NA,NA,NA,NA,NA,177,NA,NA,NA,8.8,NA,NA,NA,NA,NA,NA,NA,NA,NA
Daily,2013-09-10,73.2594,22.9,NA,24.8,37500,NA,NA,NA,NA,NA,178,NA,NA,NA,8.8,NA,NA,NA,NA,NA,NA,NA,NA,NA
Daily,2013-09-11,73.2313,22.9,NA,24.8,37500,NA,NA,NA,NA,NA,179,NA,NA,NA,8.8,NA,NA,NA,NA,NA,NA,NA,NA,NA
Daily,2013-09-12,73.1188,22.85,NA,24.8,37400,NA,NA,NA,NA,NA,179,NA,NA,NA,8.8,NA,NA,NA,NA,NA,NA,NA,NA,NA
Daily,2013-09-13,73.20315,22.9,NA,24.8,37500,NA,NA,NA,NA,NA,175,NA,NA,NA,8.8,NA,NA,NA,NA,NA,NA,NA,NA,NA
Daily,2013-09-14,73.3438,23,NA,24.8,37500,NA,NA,NA,NA,NA,172,NA,NA,NA,8.8,NA,NA,NA,NA,NA,NA,NA,NA,NA
Daily,2013-09-15,73.4844,23,NA,24.8,37500,NA,NA,NA,NA,NA,178,NA,NA,NA,8.8,NA,NA,NA,NA,NA,NA,NA,NA,NA
Daily,2013-09-16,73.6813,23.2,NA,24.8,37600,NA,NA,NA,NA,NA,174,NA,NA,NA,8.8,NA,NA,NA,NA,NA,NA,NA,NA,NA
Daily,2013-09-17,73.7938,23.2,NA,24.8,37700,NA,NA,NA,NA,NA,174,NA,NA,NA,8.8,NA,NA,NA,NA,NA,NA,NA,NA,NA
Daily,2013-09-18,73.85,23.3,NA,24.8,37600,NA,NA,NA,NA,NA,175,NA,NA,NA,8.8,NA,NA,NA,NA,NA,NA,NA,NA,NA
Daily,2013-09-19,73.9063,23.3,NA,24.8,37700,NA,NA,NA,NA,NA,176,NA,NA,NA,8.8,NA,NA,NA,NA,NA,NA,NA,NA,NA
Daily,2013-09-20,73.9063,23.3,NA,24.8,37700,NA,NA,NA,NA,NA,178,NA,NA,NA,8.8,NA,NA,NA,NA,NA,NA,NA,NA,NA
Daily,2013-09-21,73.9063,23.3,NA,24.8,37700,NA,NA,NA,NA,NA,179,NA,NA,NA,8.8,NA,NA,NA,NA,NA,NA,NA,NA,NA
Daily,2013-09-22,73.70939999999999,23.2,NA,24.8,37600,NA,NA,NA,NA,NA,179,NA,NA,NA,8.8,NA,NA,NA,NA,NA,NA,NA,NA,NA
Daily,2013-09-23,73.85,23.2,NA,24.8,37700,NA,NA,NA,NA,NA,177.5,NA,NA,NA,8.8,NA,NA,NA,NA,NA,NA,NA,NA,NA
Daily,2013-09-24,73.9625,23.3,NA,24.8,37700,NA,NA,NA,NA,NA,177,NA,NA,NA,8.8,NA,NA,NA,NA,NA,NA,NA,NA,NA
Daily,2013-09-25,74.4125,23.5,NA,24.8,37900,NA,NA,NA,NA,NA,174,NA,NA,NA,8.8,NA,NA,NA,NA,NA,NA,NA,NA,NA
Daily,2013-09-26,74.3,23.5,NA,24.8,37900,NA,NA,NA,NA,NA,176,NA,NA,NA,8.8,NA,NA,NA,NA,NA,NA,NA,NA,NA
Daily,2013-09-27,73.85,23.3,NA,24.8,37700,NA,NA,NA,NA,NA,175,NA,NA,NA,8.8,NA,NA,NA,NA,NA,NA,NA,NA,NA
Daily,2013-09-28,74.21565,23.4,NA,24.8,37800,NA,NA,NA,NA,NA,173,NA,NA,NA,8.8,NA,NA,NA,NA,NA,NA,NA,NA,NA
Daily,2013-09-29,74.5812,23.6,NA,24.8,38000,NA,NA,NA,NA,NA,173,NA,NA,NA,8.8,NA,NA,NA,NA,NA,NA,NA,NA,NA
Daily,2013-09-30,74.9188,23.8,NA,24.8,38100,NA,NA,NA,NA,NA,175,NA,NA,NA,8.8,NA,NA,NA,NA,NA,NA,NA,NA,NA
Daily,2013-10-01,74.975,23.9,NA,24.8,38100,NA,NA,NA,NA,NA,174,NA,NA,NA,8.8,NA,NA,NA,NA,NA,NA,NA,NA,NA
Daily,2013-10-02,75.1437,24,NA,24.8,38200,NA,NA,NA,NA,NA,177.5,NA,NA,NA,8.8,NA,NA,NA,NA,NA,NA,NA,NA,NA
Daily,2013-10-03,75.4813,24.1,NA,24.7,38300,NA,NA,NA,NA,NA,182,NA,NA,NA,8.8,NA,NA,NA,NA,NA,NA,NA,NA,NA
Daily,2013-10-04,75.7062,24.2,NA,24.7,38300,NA,NA,NA,NA,NA,181,NA,NA,NA,8.8,NA,NA,NA,NA,NA,NA,NA,NA,NA
Daily,2013-10-05,75.5375,24.2,NA,24.7,38300,NA,NA,NA,NA,NA,180,NA,NA,NA,8.8,NA,NA,NA,NA,NA,NA,NA,NA,NA
Daily,2013-10-06,75.425,24.1,NA,24.7,38200,NA,NA,NA,NA,NA,179,NA,NA,NA,8.8,NA,NA,NA,NA,NA,NA,NA,NA,NA
Daily,2013-10-07,75.2563,24,NA,24.7,38200,NA,NA,NA,NA,NA,177,NA,NA,NA,8.8,NA,NA,NA,NA,NA,NA,NA,NA,NA
Daily,2013-10-08,75.2563,24,NA,24.7,38200,NA,NA,NA,NA,NA,177,NA,NA,NA,8.8,NA,NA,NA,NA,NA,NA,NA,NA,NA
Daily,2013-10-09,75.2563,24,NA,24.7,38200,NA,NA,NA,NA,NA,177,NA,NA,NA,8.8,NA,NA,NA,NA,NA,NA,NA,NA,NA
Daily,2013-10-18,74.8063,23.7,NA,24.8,38100,NA,NA,NA,NA,NA,180,NA,NA,NA,8.8,NA,NA,NA,NA,NA,NA,NA,NA,NA
Daily,2013-10-19,74.4688,23.6,NA,24.8,38000,NA,NA,NA,NA,NA,180,NA,NA,NA,8.8,NA,NA,NA,NA,NA,NA,NA,NA,NA
Daily,2013-10-20,74.1313,23.4,NA,24.8,37800,NA,NA,NA,NA,NA,180,NA,NA,NA,8.8,NA,NA,NA,NA,NA,NA,NA,NA,NA
Daily,2013-10-21,73.7375,23.2,NA,24.8,37700,NA,NA,NA,NA,NA,181,NA,NA,NA,8.8,NA,NA,NA,NA,NA,NA,NA,NA,NA
Daily,2013-10-22,73.625,23,NA,24.8,NA,NA,NA,NA,NA,NA,182,NA,NA,NA,8.8,NA,NA,NA,NA,NA,NA,NA,NA,NA
Daily,2013-11-20,76.1,24.5,NA,24.6,38300,NA,NA,NA,NA,NA,177,NA,NA,NA,8.7,NA,NA,NA,NA,NA,NA,NA,NA,NA
Daily,2013-11-21,75.875,24.3,NA,24.6,38200,NA,NA,NA,NA,NA,177,NA,NA,NA,8.7,NA,NA,NA,NA,NA,NA,NA,NA,NA
Daily,2014-02-28,79.3063,26.3,NA,24.9,40100,NA,NA,NA,NA,NA,164,NA,NA,NA,8.8,NA,NA,NA,NA,NA,NA,NA,NA,NA
Daily,2014-03-01,79.25,26.2,NA,24.9,40100,NA,NA,NA,NA,NA,163,NA,NA,NA,8.8,NA,NA,NA,NA,NA,NA,NA,NA,NA
Daily,2014-03-02,79.25,26.2,NA,24.9,40100,NA,NA,NA,NA,NA,163,NA,NA,NA,8.7,NA,NA,NA,NA,NA,NA,NA,NA,NA
Daily,2014-03-03,79.25,26.2,NA,24.8,40000,NA,NA,NA,NA,NA,163,NA,NA,NA,8.7,NA,NA,NA,NA,NA,NA,NA,NA,NA
Daily,2014-03-04,79.50315,26.4,NA,24.8,40100,NA,NA,NA,NA,NA,163,NA,NA,NA,8.7,NA,NA,NA,NA,NA,NA,NA,NA,NA
Daily,2014-03-05,79.5875,26.4,NA,24.7,40050,NA,NA,NA,NA,NA,179,NA,NA,NA,8.7,NA,NA,NA,NA,NA,NA,NA,NA,NA
Daily,2014-03-06,79.475,26.4,NA,24.7,39900,NA,NA,NA,NA,NA,176,NA,NA,NA,8.7,NA,NA,NA,NA,NA,NA,NA,NA,NA
Daily,2014-03-07,79.475,26.3,NA,24.6,39800,NA,NA,NA,NA,NA,172,NA,NA,NA,8.7,NA,NA,NA,NA,NA,NA,NA,NA,NA
Daily,2014-03-08,79.475,26.3,NA,24.6,39800,NA,NA,NA,NA,NA,171,NA,NA,NA,8.8,NA,NA,NA,NA,NA,NA,NA,NA,NA
Daily,2014-03-09,79.0812,26.1,NA,24.6,39600,NA,NA,NA,NA,NA,169,NA,NA,NA,8.8,NA,NA,NA,NA,NA,NA,NA,NA,NA
Daily,2014-03-10,79.4188,26.4,NA,24.6,39900,NA,NA,NA,NA,NA,168,NA,NA,NA,8.7,NA,NA,NA,NA,NA,NA,NA,NA,NA
Daily,2014-03-11,79.7,26.5,NA,24.7,39900,NA,NA,NA,NA,NA,166,NA,NA,NA,8.8,NA,NA,NA,NA,NA,NA,NA,NA,NA
Daily,2014-03-12,79.7563,26.5,NA,24.6,39900,NA,NA,NA,NA,NA,165,NA,NA,NA,8.8,NA,NA,NA,NA,NA,NA,NA,NA,NA
Daily,2014-03-13,79.925,26.6,NA,24.6,40000,NA,NA,NA,NA,NA,164,NA,NA,NA,8.8,NA,NA,NA,NA,NA,NA,NA,NA,NA
Daily,2014-03-14,80.0375,26.6,NA,24.6,40100,NA,NA,NA,NA,NA,162,NA,NA,NA,8.8,NA,NA,NA,NA,NA,NA,NA,NA,NA
Daily,2014-03-19,80.15,26.7,NA,24.6,40100,NA,NA,NA,NA,NA,163.5,NA,NA,NA,8.8,NA,NA,NA,NA,NA,NA,NA,NA,NA
Daily,2014-03-20,80.0938,26.7,NA,24.6,40100,NA,NA,NA,NA,NA,164,NA,NA,NA,8.8,NA,NA,NA,NA,NA,NA,NA,NA,NA
Daily,2014-05-18,74.525,23.6,NA,24.7,37800,NA,NA,NA,NA,NA,182,NA,NA,NA,8.8,NA,NA,NA,NA,NA,NA,NA,NA,NA
Daily,2014-05-19,74.5531,23.6,NA,24.7,37800,NA,NA,NA,NA,NA,182,NA,NA,NA,8.8,NA,NA,NA,NA,NA,NA,NA,NA,NA
Daily,2014-05-20,74.6375,23.7,NA,24.7,37800,NA,NA,NA,NA,NA,181,NA,NA,NA,8.8,NA,NA,NA,NA,NA,NA,NA,NA,NA
Daily,2014-05-21,74.8625,23.8,NA,24.7,37900,NA,NA,NA,NA,NA,179,NA,NA,NA,8.8,NA,NA,NA,NA,NA,NA,NA,NA,NA
Daily,2014-05-22,74.75,23.7,NA,24.7,37900,NA,NA,NA,NA,NA,174,NA,NA,NA,8.8,NA,NA,NA,NA,NA,NA,NA,NA,NA
Daily,2014-05-23,74.525,23.6,NA,24.7,37800,NA,NA,NA,NA,NA,176,NA,NA,NA,8.8,NA,NA,NA,NA,NA,NA,NA,NA,NA
Daily,2014-05-24,74.4688,23.6,NA,24.7,37750,NA,NA,NA,NA,NA,180,NA,NA,NA,8.8,NA,NA,NA,NA,NA,NA,NA,NA,NA
Daily,2014-05-25,74.6375,23.6,NA,24.7,37800,NA,NA,NA,NA,NA,181,NA,NA,NA,8.8,NA,NA,NA,NA,NA,NA,NA,NA,NA
Daily,2014-05-26,75.0313,23.9,NA,24.7,38000,NA,NA,NA,NA,NA,179,NA,NA,NA,8.8,NA,NA,NA,NA,NA,NA,NA,NA,NA
Daily,2014-05-27,75.425,24.1,NA,24.7,38100,NA,NA,NA,NA,NA,186,NA,NA,NA,8.8,NA,NA,NA,NA,NA,NA,NA,NA,NA
Daily,2014-05-28,75.5938,24.2,NA,24.7,NA,NA,NA,NA,NA,NA,187,NA,NA,NA,8.8,NA,NA,NA,NA,NA,NA,NA,NA,NA
Daily,2014-05-29,75.3125,24.1,NA,24.7,38100,NA,NA,NA,NA,NA,194,NA,NA,NA,8.8,NA,NA,NA,NA,NA,NA,NA,NA,NA
Daily,2014-05-30,75.1437,23.9,NA,NA,NA,NA,NA,NA,NA,NA,193,NA,NA,NA,8.8,NA,NA,NA,NA,NA,NA,NA,NA,NA
Daily,2014-05-31,75.45315,24.1,NA,23.7,NA,NA,NA,NA,NA,NA,185,NA,NA,NA,8.8,NA,NA,NA,NA,NA,NA,NA,NA,NA
Daily,2014-06-01,75.7062,24.3,NA,23.8,NA,NA,NA,NA,NA,NA,184,NA,NA,NA,NA,NA,NA,NA,NA,NA,NA,NA,NA,NA
Daily,2014-06-02,75.7062,24.4,NA,24,37500,NA,NA,NA,NA,NA,176,NA,NA,NA,8.7,NA,NA,NA,NA,NA,NA,NA,NA,NA
Daily,2014-06-03,75.8469,24.4,NA,24.3,37800,NA,NA,NA,NA,NA,177,NA,NA,NA,8.7,NA,NA,NA,NA,NA,NA,NA,NA,NA
Daily,2014-06-04,76.1,24.5,NA,24.3,38000,NA,NA,NA,NA,NA,176,NA,NA,NA,8.7,NA,NA,NA,NA,NA,NA,NA,NA,NA
Daily,2014-06-05,76.2125,24.5,NA,24.3,38000,NA,NA,NA,NA,NA,172,NA,NA,NA,8.7,NA,NA,NA,NA,NA,NA,NA,NA,NA
Daily,2014-06-06,76.2125,24.5,NA,24.3,38000,NA,NA,NA,NA,NA,174,NA,NA,NA,8.7,NA,NA,NA,NA,NA,NA,NA,NA,NA
Daily,2014-06-07,76.0438,24.5,NA,24.4,38000,NA,NA,NA,NA,NA,180,NA,NA,NA,8.7,NA,NA,NA,NA,NA,NA,NA,NA,NA
Daily,2014-06-08,76.0438,24.5,NA,24.4,37900,NA,NA,NA,NA,NA,180,NA,NA,NA,8.7,NA,NA,NA,NA,NA,NA,NA,NA,NA
Daily,2014-06-09,76.2125,24.5,NA,NA,NA,NA,NA,NA,NA,NA,182,NA,NA,NA,8.7,NA,NA,NA,NA,NA,NA,NA,NA,NA
Daily,2014-06-10,76.325,24.6,NA,23,NA,NA,NA,NA,NA,NA,183,NA,NA,NA,8.7,NA,NA,NA,NA,NA,NA,NA,NA,NA
Daily,2014-06-11,76.55,24.7,NA,23.3,NA,NA,NA,NA,NA,NA,179,NA,NA,NA,8.7,NA,NA,NA,NA,NA,NA,NA,NA,NA
Daily,2014-06-12,76.6625,24.8,NA,23.6,37300,NA,NA,NA,NA,NA,180,NA,NA,NA,8.7,NA,NA,NA,NA,NA,NA,NA,NA,NA
Daily,2014-06-13,76.8312,24.9,NA,23.8,37600,NA,NA,NA,NA,NA,177,NA,NA,NA,8.7,NA,NA,NA,NA,NA,NA,NA,NA,NA
Daily,2014-06-14,76.8312,24.9,NA,24.1,37950,NA,NA,NA,NA,NA,178,NA,NA,NA,8.7,NA,NA,NA,NA,NA,NA,NA,NA,NA
Daily,2014-06-15,76.6625,24.8,NA,24.3,38100,NA,NA,NA,NA,NA,181,NA,NA,NA,8.7,NA,NA,NA,NA,NA,NA,NA,NA,NA
Daily,2014-06-16,76.4938,24.7,NA,24.3,38100,NA,NA,NA,NA,NA,181.5,NA,NA,NA,8.7,NA,NA,NA,NA,NA,NA,NA,NA,NA
Daily,2014-06-17,76.46565,24.7,NA,24.3,38000,NA,NA,NA,NA,NA,182,NA,NA,NA,8.7,NA,NA,NA,NA,NA,NA,NA,NA,NA
Daily,2014-06-18,76.4938,24.7,NA,24.3,38100,NA,NA,NA,NA,NA,184,NA,NA,NA,NA,NA,NA,NA,NA,NA,NA,NA,NA,NA
Daily,2014-06-19,76.55,24.7,NA,24.3,38100,NA,NA,NA,NA,NA,204,NA,NA,NA,8.7,NA,NA,NA,NA,NA,NA,NA,NA,NA
Daily,2014-06-20,76.6625,24.8,NA,24.3,38100,NA,NA,NA,NA,NA,218,NA,NA,NA,8.7,NA,NA,NA,NA,NA,NA,NA,NA,NA
Daily,2014-06-21,76.7188,24.8,NA,24.3,NA,NA,NA,NA,NA,NA,211,NA,NA,NA,8.7,NA,NA,NA,NA,NA,NA,NA,NA,NA
Daily,2014-06-22,76.6625,24.8,NA,24.4,NA,NA,NA,NA,NA,NA,210,NA,NA,NA,8.7,NA,NA,NA,NA,NA,NA,NA,NA,NA
Daily,2014-06-23,76.6625,24.8,NA,24.4,38100,NA,NA,NA,NA,NA,212,NA,NA,NA,8.7,NA,NA,NA,NA,NA,NA,NA,NA,NA
Daily,2014-06-24,76.6625,24.8,NA,24.4,NA,NA,NA,NA,NA,NA,211,NA,NA,NA,8.7,NA,NA,NA,NA,NA,NA,NA,NA,NA
Daily,2014-06-25,76.6344,24.8,NA,24.3,38100,NA,NA,NA,NA,NA,197,NA,NA,NA,8.7,NA,NA,NA,NA,NA,NA,NA,NA,NA
Daily,2014-06-26,76.7188,24.8,NA,24.3,38100,NA,NA,NA,NA,NA,200,NA,NA,NA,8.7,NA,NA,NA,NA,NA,NA,NA,NA,NA
Daily,2014-06-27,76.775,24.9,NA,24.3,38100,NA,NA,NA,NA,NA,204,NA,NA,NA,8.7,NA,NA,NA,NA,NA,NA,NA,NA,NA
Daily,2014-06-28,76.7188,24.8,NA,24.3,38100,NA,NA,NA,NA,NA,206,NA,NA,NA,8.7,NA,NA,NA,NA,NA,NA,NA,NA,NA
Daily,2014-06-29,76.74690000000001,24.85,NA,24.3,38100,NA,NA,NA,NA,NA,205.5,NA,NA,NA,8.7,NA,NA,NA,NA,NA,NA,NA,NA,NA
Daily,2014-06-30,77.0563,25,NA,24.2,38100,NA,NA,NA,NA,NA,205.5,NA,NA,NA,8.7,NA,NA,NA,NA,NA,NA,NA,NA,NA
Daily,2014-07-01,77.1125,25,NA,24.2,38200,NA,NA,NA,NA,NA,205,NA,NA,NA,NA,NA,NA,NA,NA,NA,NA,NA,NA,NA
Daily,2014-07-02,77.1688,25.1,NA,24.1,38200,NA,NA,NA,NA,NA,201,NA,NA,NA,NA,NA,NA,NA,NA,NA,NA,NA,NA,NA
Daily,2014-07-03,77.1125,25.1,NA,24.1,38100,NA,NA,NA,NA,NA,200,NA,NA,NA,NA,NA,NA,NA,NA,NA,NA,NA,NA,NA
Daily,2014-07-04,77.0563,25,NA,24.2,38100,NA,NA,NA,NA,NA,200,NA,NA,NA,NA,NA,NA,NA,NA,NA,NA,NA,NA,NA
Daily,2014-07-05,77.1125,25,NA,24.1,38150,NA,NA,NA,NA,NA,198,NA,NA,NA,8.6,NA,NA,NA,NA,NA,NA,NA,NA,NA
Daily,2014-07-06,77.30940000000001,25.15,NA,24.2,38250,NA,NA,NA,NA,NA,202,NA,NA,NA,8.6,NA,NA,NA,NA,NA,NA,NA,NA,NA
Daily,2014-07-07,77.3375,25.2,NA,24.2,38200,NA,NA,NA,NA,NA,203,NA,NA,NA,8.6,NA,NA,NA,NA,NA,NA,NA,NA,NA
Daily,2014-07-08,77.30940000000001,25.2,NA,24.2,38200,NA,NA,NA,NA,NA,198,NA,NA,NA,8.6,NA,NA,NA,NA,NA,NA,NA,NA,NA
Daily,2014-07-09,77.5625,25.3,NA,24.1,38350,NA,NA,NA,NA,NA,186,NA,NA,NA,8.6,NA,NA,NA,NA,NA,NA,NA,NA,NA
Daily,2014-07-10,77.8438,25.4,NA,24.1,38400,NA,NA,NA,NA,NA,183,NA,NA,NA,8.6,NA,NA,NA,NA,NA,NA,NA,NA,NA
Daily,2014-07-11,78.0125,25.6,NA,24.1,38500,NA,NA,NA,NA,NA,181,NA,NA,NA,8.6,NA,NA,NA,NA,NA,NA,NA,NA,NA
Daily,2014-07-12,78.1813,25.7,NA,24.1,38600,NA,NA,NA,NA,NA,180,NA,NA,NA,8.6,NA,NA,NA,NA,NA,NA,NA,NA,NA
Daily,2014-07-13,78.2375,25.7,NA,24.1,38600,NA,NA,NA,NA,NA,181,NA,NA,NA,8.6,NA,NA,NA,NA,NA,NA,NA,NA,NA
Daily,2014-07-14,78.2938,25.7,NA,24.1,38600,NA,NA,NA,NA,NA,176,NA,NA,NA,8.6,NA,NA,NA,NA,NA,NA,NA,NA,NA
Daily,2014-07-15,78.125,25.6,NA,24.1,38600,NA,NA,NA,NA,NA,175,NA,NA,NA,8.6,NA,NA,NA,NA,NA,NA,NA,NA,NA
Daily,2014-07-16,78.26565,25.7,NA,24.1,38500,NA,NA,NA,NA,NA,178,NA,NA,NA,8.6,NA,NA,NA,NA,NA,NA,NA,NA,NA
Daily,2014-07-17,78.4063,25.8,NA,24,38500,NA,NA,NA,NA,NA,178,NA,NA,NA,8.6,NA,NA,NA,NA,NA,NA,NA,NA,NA
Daily,2014-07-18,78.2938,25.7,NA,24,38500,NA,NA,NA,NA,NA,175,NA,NA,NA,8.6,NA,NA,NA,NA,NA,NA,NA,NA,NA
Daily,2014-07-19,78.35,25.7,NA,24,38500,NA,NA,NA,NA,NA,173,NA,NA,NA,8.6,NA,NA,NA,NA,NA,NA,NA,NA,NA
Daily,2014-07-20,78.43440000000001,25.8,NA,24.1,38600,NA,NA,NA,NA,NA,173,NA,NA,NA,8.6,NA,NA,NA,NA,NA,NA,NA,NA,NA
Daily,2014-07-21,78.4625,25.8,NA,24.1,38600,NA,NA,NA,NA,NA,171,NA,NA,NA,8.6,NA,NA,NA,NA,NA,NA,NA,NA,NA
Daily,2014-07-22,78.4063,25.8,NA,24,38500,NA,NA,NA,NA,NA,170,NA,NA,NA,8.6,NA,NA,NA,NA,NA,NA,NA,NA,NA
Daily,2014-07-23,78.4625,25.8,NA,24,38500,NA,NA,NA,NA,NA,173,NA,NA,NA,8.6,NA,NA,NA,NA,NA,NA,NA,NA,NA
Daily,2014-07-24,78.4063,25.8,NA,24,38500,NA,NA,NA,NA,NA,172,NA,NA,NA,8.6,NA,NA,NA,NA,NA,NA,NA,NA,NA
Daily,2014-07-25,78.15315,25.6,NA,24,38400,NA,NA,NA,NA,NA,173,NA,NA,NA,8.6,NA,NA,NA,NA,NA,NA,NA,NA,NA
Daily,2014-07-26,78.0125,25.6,NA,24,38300,NA,NA,NA,NA,NA,175,NA,NA,NA,8.6,NA,NA,NA,NA,NA,NA,NA,NA,NA
Daily,2014-07-27,78.125,25.6,NA,24,38400,NA,NA,NA,NA,NA,181,NA,NA,NA,8.6,NA,NA,NA,NA,NA,NA,NA,NA,NA
Daily,2014-07-28,78.0125,25.6,NA,24,38300,NA,NA,NA,NA,NA,181,NA,NA,NA,8.6,NA,NA,NA,NA,NA,NA,NA,NA,NA
Daily,2014-07-29,78.0125,25.6,NA,24,38300,NA,NA,NA,NA,NA,182,NA,NA,NA,8.6,NA,NA,NA,NA,NA,NA,NA,NA,NA
Daily,2014-07-30,78.0688,25.6,NA,24,38300,NA,NA,NA,NA,NA,182,NA,NA,NA,8.6,NA,NA,NA,NA,NA,NA,NA,NA,NA
Daily,2014-07-31,77.7875,25.4,NA,24,38250,NA,NA,NA,NA,NA,180,NA,NA,NA,8.6,NA,NA,NA,NA,NA,NA,NA,NA,NA
Daily,2014-08-01,77.42185,25.2,NA,24,38100,NA,NA,NA,NA,NA,180,NA,NA,NA,8.6,NA,NA,NA,NA,NA,NA,NA,NA,NA
Daily,2014-08-02,76.8875,24.9,NA,24,37900,NA,NA,NA,NA,NA,179,NA,NA,NA,8.6,NA,NA,NA,NA,NA,NA,NA,NA,NA
Daily,2014-08-03,76.775,24.9,NA,24,37800,NA,NA,NA,NA,NA,182,NA,NA,NA,8.6,NA,NA,NA,NA,NA,NA,NA,NA,NA
Daily,2014-08-04,76.775,24.9,NA,24,37800,NA,NA,NA,NA,NA,179,NA,NA,NA,8.6,NA,NA,NA,NA,NA,NA,NA,NA,NA
Daily,2014-10-03,NA,23.8,NA,23.8,36700,NA,NA,NA,NA,NA,189,NA,NA,NA,8.5,NA,NA,NA,NA,NA,NA,NA,NA,NA
Daily,2014-10-04,74.3563,23.6,NA,23.8,36600,NA,NA,NA,NA,NA,185,NA,NA,NA,8.5,NA,NA,NA,NA,NA,NA,NA,NA,NA
Daily,2014-10-20,72.6688,22.6,NA,24,36000,NA,NA,NA,NA,NA,192,NA,NA,NA,8.5,NA,NA,NA,NA,NA,NA,NA,NA,NA
Daily,2014-10-21,72.6969,22.6,NA,24,36100,NA,NA,NA,NA,NA,195.5,NA,NA,NA,8.5,NA,NA,NA,NA,NA,NA,NA,NA,NA
Daily,2014-10-22,72.7813,22.6,NA,24,36100,NA,NA,NA,NA,NA,203,NA,NA,NA,8.5,NA,NA,NA,NA,NA,NA,NA,NA,NA
Daily,2014-10-23,72.7813,21.1,NA,NA,NA,NA,NA,NA,NA,NA,157,NA,NA,NA,7.5,NA,NA,NA,NA,NA,NA,NA,NA,NA
Daily,2014-10-24,72.7813,20.8,NA,NA,NA,NA,NA,NA,NA,NA,167,NA,NA,NA,NA,NA,NA,NA,NA,NA,NA,NA,NA,NA
Daily,2014-10-25,73.1188,20.1,NA,NA,NA,NA,NA,NA,NA,NA,174,NA,NA,NA,NA,NA,NA,NA,NA,NA,NA,NA,NA,NA
Daily,2014-10-26,73.4563,20.45,NA,NA,NA,NA,NA,NA,NA,NA,176,NA,NA,NA,NA,NA,NA,NA,NA,NA,NA,NA,NA,NA
Daily,2014-10-27,73.4,20.95,NA,NA,NA,NA,NA,NA,NA,NA,134.5,NA,NA,NA,NA,NA,NA,NA,NA,NA,NA,NA,NA,NA
Daily,2014-10-28,73.1188,22.9,NA,23.8,36100,NA,NA,NA,NA,NA,144,NA,NA,NA,NA,NA,NA,NA,NA,NA,NA,NA,NA,NA
Daily,2014-10-29,73.175,22.9,NA,24,36300,NA,NA,NA,NA,NA,158.5,NA,NA,NA,NA,NA,NA,NA,NA,NA,NA,NA,NA,NA
Daily,2014-10-30,73.2313,22.9,NA,24,36400,NA,NA,NA,NA,NA,170,NA,NA,NA,7.5,NA,NA,NA,NA,NA,NA,NA,NA,NA
Daily,2014-10-31,73.1188,22.8,NA,24,36300,NA,NA,NA,NA,NA,171,NA,NA,NA,NA,NA,NA,NA,NA,NA,NA,NA,NA,NA
Daily,2014-11-01,72.8938,22.7,NA,24.1,36300,NA,NA,NA,NA,NA,177,NA,NA,NA,NA,NA,NA,NA,NA,NA,NA,NA,NA,NA
Daily,2014-11-02,72.3875,22.4,NA,24.1,36100,NA,NA,NA,NA,NA,183,NA,NA,NA,NA,NA,NA,NA,NA,NA,NA,NA,NA,NA
Daily,2014-11-03,72.275,22.3,NA,24.1,36100,NA,NA,NA,NA,NA,187,NA,NA,NA,NA,NA,NA,NA,NA,NA,NA,NA,NA,NA
Daily,2014-11-04,71.7125,22.05,NA,24.1,35900,NA,NA,NA,NA,NA,194,NA,NA,NA,NA,NA,NA,NA,NA,NA,NA,NA,NA,NA
Daily,2014-11-05,71.7125,22.05,NA,24.1,35800,NA,NA,NA,NA,NA,194,NA,NA,NA,NA,NA,NA,NA,NA,NA,NA,NA,NA,NA
Daily,2014-11-06,71.6563,22,NA,24,35650,NA,NA,NA,NA,NA,191,NA,NA,NA,NA,NA,NA,NA,NA,NA,NA,NA,NA,NA
Daily,2014-11-07,71.68440000000001,22,NA,24,35700,NA,NA,NA,NA,NA,186,NA,NA,NA,NA,NA,NA,NA,NA,NA,NA,NA,NA,NA
Daily,2014-11-08,72.1625,22.25,NA,24,35900,NA,NA,NA,NA,NA,186,NA,NA,NA,NA,NA,NA,NA,NA,NA,NA,NA,NA,NA
Daily,2014-11-09,72.24690000000001,22.3,NA,24,35900,NA,NA,NA,NA,NA,185,NA,NA,NA,7.5,NA,NA,NA,NA,NA,NA,NA,NA,NA
Daily,2014-11-10,72.4437,22.4,NA,24,36000,NA,NA,NA,NA,NA,184,NA,NA,NA,7.5,NA,NA,NA,NA,NA,NA,NA,NA,NA
Daily,2014-11-11,72.6688,22.5,NA,24.1,36100,NA,NA,NA,NA,NA,184,NA,NA,NA,NA,NA,NA,NA,NA,NA,NA,NA,NA,NA
Daily,2014-11-12,72.8938,22.7,NA,24.1,36200,NA,NA,NA,NA,NA,181,NA,NA,NA,7.5,NA,NA,NA,NA,NA,NA,NA,NA,NA
Daily,2014-11-13,72.8375,22.7,NA,24.1,36300,NA,NA,NA,NA,NA,182,NA,NA,NA,7.5,NA,NA,NA,NA,NA,NA,NA,NA,NA
Daily,2014-11-14,72.7813,22.6,NA,24.1,36300,NA,NA,NA,NA,NA,183,NA,NA,NA,7.5,NA,NA,NA,NA,NA,NA,NA,NA,NA
Daily,2014-11-15,72.95,22.75,NA,24.1,36400,NA,NA,NA,NA,NA,184,NA,NA,NA,7.5,NA,NA,NA,NA,NA,NA,NA,NA,NA
Daily,2014-11-16,73.0062,22.8,NA,24.1,36400,NA,NA,NA,NA,NA,185,NA,NA,NA,7.6,NA,NA,NA,NA,NA,NA,NA,NA,NA
Daily,2014-11-17,72.725,22.6,NA,24.2,36300,NA,NA,NA,NA,NA,185,NA,NA,NA,7.5,NA,NA,NA,NA,NA,NA,NA,NA,NA
Daily,2014-11-18,73.0062,22.8,NA,24.2,36500,NA,NA,NA,NA,NA,184.5,NA,NA,NA,7.5,NA,NA,NA,NA,NA,NA,NA,NA,NA
Daily,2014-11-19,73.87815,23.2,NA,24.2,36900,NA,NA,NA,NA,NA,182,NA,NA,NA,7.5,NA,NA,NA,NA,NA,NA,NA,NA,NA
Daily,2014-11-20,74.75,23.7,NA,24.2,37300,NA,NA,NA,NA,NA,179,NA,NA,NA,7.6,NA,NA,NA,NA,NA,NA,NA,NA,NA
Daily,2014-11-21,75.3125,23.9,NA,24.2,37500,NA,NA,NA,NA,NA,180,NA,NA,NA,7.6,NA,NA,NA,NA,NA,NA,NA,NA,NA
Daily,2014-11-22,75.4813,24,NA,24.3,37600,NA,NA,NA,NA,NA,178,NA,NA,NA,7.7,NA,NA,NA,NA,NA,NA,NA,NA,NA
Daily,2014-11-23,75.8188,24.3,NA,24.3,37800,NA,NA,NA,NA,NA,175,NA,NA,NA,7.8,NA,NA,NA,NA,NA,NA,NA,NA,NA
Daily,2014-11-24,75.8188,24.3,NA,24.3,37700,NA,NA,NA,NA,NA,174,NA,NA,NA,7.8,NA,NA,NA,NA,NA,NA,NA,NA,NA
Daily,2014-11-25,76.0719,24.3,NA,24.3,37800,NA,NA,NA,NA,NA,187,NA,NA,NA,7.9,NA,NA,NA,NA,NA,NA,NA,NA,NA
Daily,2014-11-26,76.2406,24.5,NA,24.3,37900,NA,NA,NA,NA,NA,189,NA,NA,NA,7.9,NA,NA,NA,NA,NA,NA,NA,NA,NA
Daily,2014-11-27,76.7188,24.7,NA,24.3,38100,NA,NA,NA,NA,NA,189,NA,NA,NA,7.9,NA,NA,NA,NA,NA,NA,NA,NA,NA
Daily,2014-11-28,76.2125,24.5,NA,24.3,38000,NA,NA,NA,NA,NA,192,NA,NA,NA,NA,NA,NA,NA,NA,NA,NA,NA,NA,NA
Daily,2014-11-29,75.7625,24.2,NA,24.3,37800,NA,NA,NA,NA,NA,193,NA,NA,NA,NA,NA,NA,NA,NA,NA,NA,NA,NA,NA
Daily,2014-11-30,75.2563,24,NA,24.3,37600,NA,NA,NA,NA,NA,191,NA,NA,NA,NA,NA,NA,NA,NA,NA,NA,NA,NA,NA
Daily,2014-12-01,75.2563,23.9,NA,24.3,37500,NA,NA,NA,NA,NA,189,NA,NA,NA,8.1,NA,NA,NA,NA,NA,NA,NA,NA,NA
Daily,2014-12-02,75.425,24,NA,24.3,37600,NA,NA,NA,NA,NA,187,NA,NA,NA,8.1,NA,NA,NA,NA,NA,NA,NA,NA,NA
Daily,2014-12-03,75.5938,24.1,NA,24.3,37700,NA,NA,NA,NA,NA,199,NA,NA,NA,8.1,NA,NA,NA,NA,NA,NA,NA,NA,NA
Daily,2014-12-04,75.9875,24.3,NA,24.3,37800,NA,NA,NA,NA,NA,198,NA,NA,NA,8.1,NA,NA,NA,NA,NA,NA,NA,NA,NA
Daily,2014-12-05,75.9875,24.3,NA,24.3,37800,NA,NA,NA,NA,NA,197,NA,NA,NA,8.1,NA,NA,NA,NA,NA,NA,NA,NA,NA
Daily,2014-12-06,76.325,24.5,NA,24.3,37900,NA,NA,NA,NA,NA,197,NA,NA,NA,8.1,NA,NA,NA,NA,NA,NA,NA,NA,NA
Daily,2014-12-07,76.55,24.7,NA,24.3,38100,NA,NA,NA,NA,NA,201,NA,NA,NA,8.1,NA,NA,NA,NA,NA,NA,NA,NA,NA
Daily,2014-12-08,76.4375,24.6,NA,24.3,38100,NA,NA,NA,NA,NA,198,NA,NA,NA,8.1,NA,NA,NA,NA,NA,NA,NA,NA,NA
Daily,2014-12-09,76.55,24.7,NA,24.3,38100,NA,NA,NA,NA,NA,196,NA,NA,NA,8.1,NA,NA,NA,NA,NA,NA,NA,NA,NA
Daily,2014-12-10,77.08439999999999,25,NA,24.2,38200,NA,NA,NA,NA,NA,196.5,NA,NA,NA,8.1,NA,NA,NA,NA,NA,NA,NA,NA,NA
Daily,2014-12-11,77.6188,25.3,NA,24.2,38500,NA,NA,NA,NA,NA,196,NA,NA,NA,8.1,NA,NA,NA,NA,NA,NA,NA,NA,NA
Daily,2014-12-12,77.70315,25.4,NA,24.2,38500,NA,NA,NA,NA,NA,190,NA,NA,NA,8.1,NA,NA,NA,NA,NA,NA,NA,NA,NA
Daily,2014-12-13,77.45,25.2,NA,24.2,38400,NA,NA,NA,NA,NA,191,NA,NA,NA,8.1,NA,NA,NA,NA,NA,NA,NA,NA,NA
Daily,2014-12-14,77.3375,25.1,NA,24.2,38300,NA,NA,NA,NA,NA,192,NA,NA,NA,8.1,NA,NA,NA,NA,NA,NA,NA,NA,NA
Daily,2014-12-15,77.25315,25.1,NA,24.3,38350,NA,NA,NA,NA,NA,193,NA,NA,NA,8.1,NA,NA,NA,NA,NA,NA,NA,NA,NA
Daily,2014-12-16,76.6063,24.8,NA,24.3,38100,NA,NA,NA,NA,NA,196,NA,NA,NA,8.1,NA,NA,NA,NA,NA,NA,NA,NA,NA
Daily,2014-12-17,75.8188,24.3,NA,24.3,37800,NA,NA,NA,NA,NA,202,NA,NA,NA,8.2,NA,NA,NA,NA,NA,NA,NA,NA,NA
Daily,2014-12-18,75.5375,24.1,NA,24.3,37700,NA,NA,NA,NA,NA,193,NA,NA,NA,8.2,NA,NA,NA,NA,NA,NA,NA,NA,NA
Daily,2014-12-19,75.65,24.1,NA,24.3,37700,NA,NA,NA,NA,NA,188,NA,NA,NA,8.2,NA,NA,NA,NA,NA,NA,NA,NA,NA
Daily,2014-12-20,75.7625,24.2,NA,24.3,37800,NA,NA,NA,NA,NA,189,NA,NA,NA,8.2,NA,NA,NA,NA,NA,NA,NA,NA,NA
Daily,2014-12-21,75.875,24.2,NA,24.4,37900,NA,NA,NA,NA,NA,190,NA,NA,NA,8.2,NA,NA,NA,NA,NA,NA,NA,NA,NA
Daily,2014-12-22,75.875,24.3,NA,24.4,37900,NA,NA,NA,NA,NA,190,NA,NA,NA,8.2,NA,NA,NA,NA,NA,NA,NA,NA,NA
Daily,2014-12-23,75.2563,24,NA,24.4,37700,NA,NA,NA,NA,NA,189,NA,NA,NA,8.2,NA,NA,NA,NA,NA,NA,NA,NA,NA
Daily,2014-12-24,74.075,23.4,NA,24.4,37200,NA,NA,NA,NA,NA,191,NA,NA,NA,8.2,NA,NA,NA,NA,NA,NA,NA,NA,NA
Daily,2014-12-25,73.2875,22.9,NA,24.4,36900,NA,NA,NA,NA,NA,189,NA,NA,NA,8.2,NA,NA,NA,NA,NA,NA,NA,NA,NA
Daily,2014-12-26,72.4437,22.4,NA,24.5,36600,NA,NA,NA,NA,NA,184,NA,NA,NA,8.2,NA,NA,NA,NA,NA,NA,NA,NA,NA
Daily,2014-12-27,71.825,22.2,NA,24.5,36300,NA,NA,NA,NA,NA,188,NA,NA,NA,8.3,NA,NA,NA,NA,NA,NA,NA,NA,NA
Daily,2014-12-28,NA,NA,NA,24.5,NA,NA,NA,NA,NA,NA,183,NA,NA,NA,8.3,NA,NA,NA,NA,NA,NA,NA,NA,NA
Daily,2014-12-29,NA,NA,NA,24.5,NA,NA,NA,NA,NA,NA,184,NA,NA,NA,8.3,NA,NA,NA,NA,NA,NA,NA,NA,NA
Daily,2014-12-30,NA,NA,NA,24.5,NA,NA,NA,NA,NA,NA,185,NA,NA,NA,8.3,NA,NA,NA,NA,NA,NA,NA,NA,NA
Daily,2014-12-31,NA,NA,NA,24.5,NA,NA,NA,NA,NA,NA,183,NA,NA,NA,8.3,NA,NA,NA,NA,NA,NA,NA,NA,NA
Daily,2015-01-01,70.0813,21.1,NA,24.6,35700,NA,NA,NA,NA,NA,186,NA,NA,NA,8.3,NA,NA,NA,NA,NA,NA,NA,NA,NA
Daily,2015-01-02,69.2938,20.7,NA,24.6,35400,NA,NA,NA,NA,NA,185,NA,NA,NA,8.3,NA,NA,NA,NA,NA,NA,NA,NA,NA
Daily,2015-01-03,68.7313,20.3,NA,24.6,35200,NA,NA,NA,NA,NA,185,NA,NA,NA,8.3,NA,NA,NA,NA,NA,NA,NA,NA,NA
Daily,2015-01-04,69.35,20.7,NA,24.6,35500,NA,NA,NA,NA,NA,184.5,NA,NA,NA,8.3,NA,NA,NA,NA,NA,NA,NA,NA,NA
Daily,2015-01-05,70.25,21.2,NA,24.6,35800,NA,NA,NA,NA,NA,183,NA,NA,NA,8.3,NA,NA,NA,NA,NA,NA,NA,NA,NA
Daily,2015-01-06,69.9688,21.1,NA,24.6,35700,NA,NA,NA,NA,NA,183,NA,NA,NA,8.3,NA,NA,NA,NA,NA,NA,NA,NA,NA
Daily,2015-01-07,69.6875,20.9,NA,24.6,35600,NA,NA,NA,NA,NA,184,NA,NA,NA,8.3,NA,NA,NA,NA,NA,NA,NA,NA,NA
Daily,2015-01-08,69.2938,20.7,NA,24.6,35500,NA,NA,NA,NA,NA,188,NA,NA,NA,8.3,NA,NA,NA,NA,NA,NA,NA,NA,NA
Daily,2015-01-09,69.0687,20.6,NA,24.6,35400,NA,NA,NA,NA,NA,187,NA,NA,NA,8.3,NA,NA,NA,NA,NA,NA,NA,NA,NA
Daily,2015-01-10,69.0687,20.6,NA,24.6,35400,NA,NA,NA,NA,NA,191,NA,NA,NA,8.3,NA,NA,NA,NA,NA,NA,NA,NA,NA
Daily,2015-01-11,69.6875,20.9,NA,24.6,35700,NA,NA,NA,NA,NA,189,NA,NA,NA,8.3,NA,NA,NA,NA,NA,NA,NA,NA,NA
Daily,2015-01-12,70.025,21.1,NA,24.6,35800,NA,NA,NA,NA,NA,189,NA,NA,NA,8.3,NA,NA,NA,NA,NA,NA,NA,NA,NA
Daily,2015-01-13,69.8,21,NA,24.6,35700,NA,NA,NA,NA,NA,188,NA,NA,NA,8.3,NA,NA,NA,NA,NA,NA,NA,NA,NA
Daily,2015-01-14,69.9688,21.05,NA,24.55,35700,NA,NA,NA,NA,NA,189,NA,NA,NA,8.3,NA,NA,NA,NA,NA,NA,NA,NA,NA
Daily,2015-01-15,70.25,21.2,NA,24.5,35800,NA,NA,NA,NA,NA,190,NA,NA,NA,8.3,NA,NA,NA,NA,NA,NA,NA,NA,NA
Daily,2015-01-16,70.7,21.5,NA,24.5,36000,NA,NA,NA,NA,NA,189,NA,NA,NA,8.3,NA,NA,NA,NA,NA,NA,NA,NA,NA
Daily,2015-01-17,70.925,21.6,NA,24.5,36100,NA,NA,NA,NA,NA,189,NA,NA,NA,8.3,NA,NA,NA,NA,NA,NA,NA,NA,NA
Daily,2015-01-18,70.7562,21.5,NA,24.5,36000,NA,NA,NA,NA,NA,191,NA,NA,NA,8.3,NA,NA,NA,NA,NA,NA,NA,NA,NA
Daily,2015-01-19,70.61565,21.5,NA,24.5,35900,NA,NA,NA,NA,NA,189,NA,NA,NA,8.4,NA,NA,NA,NA,NA,NA,NA,NA,NA
Daily,2015-01-20,70.475,21.4,NA,24.6,35900,NA,NA,NA,NA,NA,190,NA,NA,NA,8.4,NA,NA,NA,NA,NA,NA,NA,NA,NA
Daily,2015-01-21,70.4188,21.3,NA,24.6,35900,NA,NA,NA,NA,NA,189,NA,NA,NA,8.4,NA,NA,NA,NA,NA,NA,NA,NA,NA
Daily,2015-01-22,70.025,21.1,NA,24.6,35700,NA,NA,NA,NA,NA,189,NA,NA,NA,8.4,NA,NA,NA,NA,NA,NA,NA,NA,NA
Daily,2015-01-23,69.37815,20.7,NA,24.5,35400,NA,NA,NA,NA,NA,189,NA,NA,NA,8.4,NA,NA,NA,NA,NA,NA,NA,NA,NA
Daily,2015-01-24,69.0687,20.6,NA,24.5,35300,NA,NA,NA,NA,NA,189,NA,NA,NA,8.4,NA,NA,NA,NA,NA,NA,NA,NA,NA
Daily,2015-01-25,68.7875,20.4,NA,24.5,35100,NA,NA,NA,NA,NA,190,NA,NA,NA,8.4,NA,NA,NA,NA,NA,NA,NA,NA,NA
Daily,2015-01-26,68.5062,20.2,NA,24.5,35000,NA,NA,NA,NA,NA,190,NA,NA,NA,8.4,NA,NA,NA,NA,NA,NA,NA,NA,NA
Daily,2015-01-27,68.8438,20.4,NA,24.5,35100,NA,NA,NA,NA,NA,189,NA,NA,NA,8.4,NA,NA,NA,NA,NA,NA,NA,NA,NA
Daily,2015-01-28,70.025,21.1,NA,24.5,35600,NA,NA,NA,NA,NA,187,NA,NA,NA,8.3,NA,NA,NA,NA,NA,NA,NA,NA,NA
Daily,2015-01-29,70.25,21.2,NA,24.5,35700,NA,NA,NA,NA,NA,186,NA,NA,NA,8.3,NA,NA,NA,NA,NA,NA,NA,NA,NA
Daily,2015-01-30,70.5875,21.4,NA,24.5,35800,NA,NA,NA,NA,NA,186,NA,NA,NA,8.3,NA,NA,NA,NA,NA,NA,NA,NA,NA
Daily,2015-01-31,71.0938,21.7,NA,24.5,36000,NA,NA,NA,NA,NA,186,NA,NA,NA,8.3,NA,NA,NA,NA,NA,NA,NA,NA,NA
Daily,2015-02-01,71.6,22,NA,24.4,36200,NA,NA,NA,NA,NA,187,NA,NA,NA,8.3,NA,NA,NA,NA,NA,NA,NA,NA,NA
Daily,2015-02-02,72.3313,22.3,NA,24.4,36500,NA,NA,NA,NA,NA,187,NA,NA,NA,8.3,NA,NA,NA,NA,NA,NA,NA,NA,NA
Daily,2015-02-03,72.3875,22.4,NA,24.4,36500,NA,NA,NA,NA,NA,194,NA,NA,NA,8.3,NA,NA,NA,NA,NA,NA,NA,NA,NA
Daily,2015-02-04,72.3313,22.4,NA,24.4,36500,NA,NA,NA,NA,NA,191,NA,NA,NA,8.3,NA,NA,NA,NA,NA,NA,NA,NA,NA
Daily,2015-02-05,72.2188,22.3,NA,24.4,36400,NA,NA,NA,NA,NA,193,NA,NA,NA,8.3,NA,NA,NA,NA,NA,NA,NA,NA,NA
Daily,2015-02-06,72.1063,22.2,NA,24.4,36400,NA,NA,NA,NA,NA,194,NA,NA,NA,8.3,NA,NA,NA,NA,NA,NA,NA,NA,NA
Daily,2015-02-07,71.9938,22.2,NA,24.4,36300,NA,NA,NA,NA,NA,193,NA,NA,NA,8.3,NA,NA,NA,NA,NA,NA,NA,NA,NA
Daily,2015-02-08,71.5438,22,NA,24.4,36100,NA,NA,NA,NA,NA,191,NA,NA,NA,8.3,NA,NA,NA,NA,NA,NA,NA,NA,NA
Daily,2015-02-09,71.4875,21.9,NA,24.4,36100,NA,NA,NA,NA,NA,191,NA,NA,NA,8.3,NA,NA,NA,NA,NA,NA,NA,NA,NA
Daily,2015-02-10,71.5438,21.9,NA,24.4,36100,NA,NA,NA,NA,NA,188,NA,NA,NA,8.3,NA,NA,NA,NA,NA,NA,NA,NA,NA
Daily,2015-02-11,71.2625,21.8,NA,24.3,35900,NA,NA,NA,NA,NA,188,NA,NA,NA,8.2,NA,NA,NA,NA,NA,NA,NA,NA,NA
Daily,2015-02-12,70.7,21.5,NA,24.4,35850,NA,NA,NA,NA,NA,185,NA,NA,NA,8.2,NA,NA,NA,NA,NA,NA,NA,NA,NA
Daily,2015-02-13,70.475,21.4,NA,24.4,35700,NA,NA,NA,NA,NA,185,NA,NA,NA,8.3,NA,NA,NA,NA,NA,NA,NA,NA,NA
Daily,2015-02-14,70.4188,21.3,NA,24.4,35700,NA,NA,NA,NA,NA,184,NA,NA,NA,8.3,NA,NA,NA,NA,NA,NA,NA,NA,NA
Daily,2015-02-15,70.4188,21.3,NA,24.3,35600,NA,NA,NA,NA,NA,174,NA,NA,NA,8.3,NA,NA,NA,NA,NA,NA,NA,NA,NA
Daily,2015-02-16,70.475,21.4,NA,24.3,35550,NA,NA,NA,NA,NA,172,NA,NA,NA,8.3,NA,NA,NA,NA,NA,NA,NA,NA,NA
Daily,2015-02-17,70.475,21.4,NA,24.3,35550,NA,NA,NA,NA,NA,167.5,NA,NA,NA,8.3,NA,NA,NA,NA,NA,NA,NA,NA,NA
Daily,2015-02-18,70.3063,21.3,NA,24.3,35600,NA,NA,NA,NA,NA,163,NA,NA,NA,8.3,NA,NA,NA,NA,NA,NA,NA,NA,NA
Daily,2015-02-19,70.1937,21.2,NA,24.3,35500,NA,NA,NA,NA,NA,164,NA,NA,NA,8.3,NA,NA,NA,NA,NA,NA,NA,NA,NA
Daily,2015-02-20,69.9125,21,NA,24.3,35400,NA,NA,NA,NA,NA,166,NA,NA,NA,8.3,NA,NA,NA,NA,NA,NA,NA,NA,NA
Daily,2015-02-21,70.39065,21.3,NA,24.3,35500,NA,NA,NA,NA,NA,166,NA,NA,NA,8.3,NA,NA,NA,NA,NA,NA,NA,NA,NA
Daily,2015-02-22,70.8125,21.55,NA,24.3,35700,NA,NA,NA,NA,NA,167,NA,NA,NA,8.3,NA,NA,NA,NA,NA,NA,NA,NA,NA
Daily,2015-02-23,70.9813,21.6,NA,24.3,35700,NA,NA,NA,NA,NA,167,NA,NA,NA,8.3,NA,NA,NA,NA,NA,NA,NA,NA,NA
Daily,2015-02-24,70.5875,21.4,NA,24.3,35700,NA,NA,NA,NA,NA,170,NA,NA,NA,8.3,NA,NA,NA,NA,NA,NA,NA,NA,NA
Daily,2015-02-25,70.1937,21.2,NA,24.3,35500,NA,NA,NA,NA,NA,168,NA,NA,NA,8.3,NA,NA,NA,NA,NA,NA,NA,NA,NA
Daily,2015-02-26,70.025,21.1,NA,24.3,35400,NA,NA,NA,NA,NA,167,NA,NA,NA,8.3,NA,NA,NA,NA,NA,NA,NA,NA,NA
Daily,2015-02-27,70.025,21.1,NA,24.3,35400,NA,NA,NA,NA,NA,168,NA,NA,NA,8.3,NA,NA,NA,NA,NA,NA,NA,NA,NA
Daily,2015-02-28,70.3625,21.3,NA,24.3,35600,NA,NA,NA,NA,NA,162,NA,NA,NA,8.3,NA,NA,NA,NA,NA,NA,NA,NA,NA
Daily,2015-03-01,70.39065,21.3,NA,24.3,35600,NA,NA,NA,NA,NA,163,NA,NA,NA,8.3,NA,NA,NA,NA,NA,NA,NA,NA,NA
Daily,2015-03-02,70.0813,21.2,NA,24.4,35600,NA,NA,NA,NA,NA,164,NA,NA,NA,8.3,NA,NA,NA,NA,NA,NA,NA,NA,NA
Daily,2015-03-03,70.3063,21.3,NA,24.4,35600,NA,NA,NA,NA,NA,164,NA,NA,NA,8.3,NA,NA,NA,NA,NA,NA,NA,NA,NA
Daily,2015-03-04,70.5875,21.4,NA,24.4,35700,NA,NA,NA,NA,NA,164,NA,NA,NA,8.3,NA,NA,NA,NA,NA,NA,NA,NA,NA
Daily,2015-03-05,70.925,21.6,NA,24.4,35800,NA,NA,NA,NA,NA,164,NA,NA,NA,8.3,NA,NA,NA,NA,NA,NA,NA,NA,NA
Daily,2015-03-06,71.15,21.6,NA,24.4,35900,NA,NA,NA,NA,NA,163,NA,NA,NA,8.3,NA,NA,NA,NA,NA,NA,NA,NA,NA
Daily,2015-03-07,71.15,21.7,NA,24.4,36000,NA,NA,NA,NA,NA,164,NA,NA,NA,8.3,NA,NA,NA,NA,NA,NA,NA,NA,NA
Daily,2015-03-08,70.925,21.6,NA,24.5,35900,NA,NA,NA,NA,NA,163,NA,NA,NA,8.3,NA,NA,NA,NA,NA,NA,NA,NA,NA
Daily,2015-03-09,70.7562,21.5,NA,24.5,35900,NA,NA,NA,NA,NA,162,NA,NA,NA,8.3,NA,NA,NA,NA,NA,NA,NA,NA,NA
Daily,2015-03-11,70.8125,21.6,NA,24.5,36000,NA,NA,NA,NA,NA,163,NA,NA,NA,8.3,NA,NA,NA,NA,NA,NA,NA,NA,NA
Daily,2015-03-12,70.6438,21.5,NA,24.5,35900,NA,NA,NA,NA,NA,164,NA,NA,NA,8.3,NA,NA,NA,NA,NA,NA,NA,NA,NA
Daily,2015-03-13,70.7562,21.5,NA,24.5,35950,NA,NA,NA,NA,NA,164,NA,NA,NA,8.3,NA,NA,NA,NA,NA,NA,NA,NA,NA
Daily,2015-03-14,70.8125,21.5,NA,24.5,36000,NA,NA,NA,NA,NA,164,NA,NA,NA,8.3,NA,NA,NA,NA,NA,NA,NA,NA,NA
Daily,2015-03-15,70.5313,21.4,NA,24.5,35900,NA,NA,NA,NA,NA,165,NA,NA,NA,8.3,NA,NA,NA,NA,NA,NA,NA,NA,NA
Daily,2015-03-16,70.3625,21.3,NA,24.5,35700,NA,NA,NA,NA,NA,164,NA,NA,NA,8.3,NA,NA,NA,NA,NA,NA,NA,NA,NA
Daily,2015-03-17,70.8125,21.5,NA,24.2,35600,NA,NA,NA,NA,NA,162,NA,NA,NA,8.3,NA,NA,NA,NA,NA,NA,NA,NA,NA
Daily,2015-03-18,70.7562,21.5,NA,24.2,35600,NA,NA,NA,NA,NA,164,NA,NA,NA,8.3,NA,NA,NA,NA,NA,NA,NA,NA,NA
Daily,2015-03-19,70.6438,21.4,NA,24.2,35500,NA,NA,NA,NA,NA,164,NA,NA,NA,8.3,NA,NA,NA,NA,NA,NA,NA,NA,NA
Daily,2015-03-20,70.7562,21.5,NA,24.2,35600,NA,NA,NA,NA,NA,165,NA,NA,NA,8.3,NA,NA,NA,NA,NA,NA,NA,NA,NA
Daily,2015-03-21,70.95315,21.6,NA,24.3,35700,NA,NA,NA,NA,NA,165,NA,NA,NA,8.3,NA,NA,NA,NA,NA,NA,NA,NA,NA
Daily,2015-03-22,71.2063,21.8,NA,24.3,35800,NA,NA,NA,NA,NA,165,NA,NA,NA,8.3,NA,NA,NA,NA,NA,NA,NA,NA,NA
Daily,2015-03-23,71.45939999999999,21.9,NA,24.3,35900,NA,NA,NA,NA,NA,165,NA,NA,NA,8.3,NA,NA,NA,NA,NA,NA,NA,NA,NA
Daily,2015-03-24,71.5438,22,NA,24.3,36000,NA,NA,NA,NA,NA,165,NA,NA,NA,8.3,NA,NA,NA,NA,NA,NA,NA,NA,NA
Daily,2015-03-25,71.5719,22,NA,24.3,36000,NA,NA,NA,NA,NA,163,NA,NA,NA,8.3,NA,NA,NA,NA,NA,NA,NA,NA,NA
Daily,2015-03-26,71.7125,22.1,NA,24.3,36050,NA,NA,NA,NA,NA,164,NA,NA,NA,8.3,NA,NA,NA,NA,NA,NA,NA,NA,NA
Daily,2015-03-27,71.825,22.1,NA,24.2,36000,NA,NA,NA,NA,NA,165,NA,NA,NA,8.3,NA,NA,NA,NA,NA,NA,NA,NA,NA
Daily,2015-03-28,72.19065,22.3,NA,24.1,36000,NA,NA,NA,NA,NA,165,NA,NA,NA,8.3,NA,NA,NA,NA,NA,NA,NA,NA,NA
Daily,2015-03-29,72.5,22.4,NA,24.1,36100,NA,NA,NA,NA,NA,165,NA,NA,NA,8.3,NA,NA,NA,NA,NA,NA,NA,NA,NA
Daily,2015-03-30,72.5563,22.5,NA,24.1,36100,NA,NA,NA,NA,NA,165,NA,NA,NA,8.3,NA,NA,NA,NA,NA,NA,NA,NA,NA
Daily,2015-03-31,72.725,22.5,NA,24.1,36200,NA,NA,NA,NA,NA,167,NA,NA,NA,8.3,NA,NA,NA,NA,NA,NA,NA,NA,NA
Daily,2015-04-01,73.03435,22.8,NA,24.1,36350,NA,NA,NA,NA,NA,167,NA,NA,NA,8.3,NA,NA,NA,NA,NA,NA,NA,NA,NA
Daily,2015-04-02,72.95,22.7,NA,24.1,36300,NA,NA,NA,NA,NA,167,NA,NA,NA,8.3,NA,NA,NA,NA,NA,NA,NA,NA,NA
Daily,2015-04-03,72.8938,22.7,NA,24.1,36300,NA,NA,NA,NA,NA,167,NA,NA,NA,8.3,NA,NA,NA,NA,NA,NA,NA,NA,NA
Daily,2015-04-04,72.7813,22.6,NA,24.1,36300,NA,NA,NA,NA,NA,167,NA,NA,NA,8.3,NA,NA,NA,NA,NA,NA,NA,NA,NA
Daily,2015-04-05,72.725,22.6,NA,24.1,36300,NA,NA,NA,NA,NA,167,NA,NA,NA,8.3,NA,NA,NA,NA,NA,NA,NA,NA,NA
Daily,2015-04-06,72.725,22.6,NA,24.1,36300,NA,NA,NA,NA,NA,167,NA,NA,NA,8.3,NA,NA,NA,NA,NA,NA,NA,NA,NA
Daily,2015-04-07,72.6688,22.6,NA,24.2,36300,NA,NA,NA,NA,NA,167,NA,NA,NA,8.3,NA,NA,NA,NA,NA,NA,NA,NA,NA
Daily,2015-04-08,72.6125,22.5,NA,24.2,36300,NA,NA,NA,NA,NA,168,NA,NA,NA,8.3,NA,NA,NA,NA,NA,NA,NA,NA,NA
Daily,2015-04-09,72.4437,22.4,NA,24.2,36200,NA,NA,NA,NA,NA,166.5,NA,NA,NA,8.3,NA,NA,NA,NA,NA,NA,NA,NA,NA
Daily,2015-04-10,72.3875,22.4,NA,24.2,36200,NA,NA,NA,NA,NA,168,NA,NA,NA,8.3,NA,NA,NA,NA,NA,NA,NA,NA,NA
Daily,2015-04-11,72.3875,22.4,NA,24.2,36250,NA,NA,NA,NA,NA,165,NA,NA,NA,8.3,NA,NA,NA,NA,NA,NA,NA,NA,NA
Daily,2015-04-12,72.2188,22.3,NA,24.3,36200,NA,NA,NA,NA,NA,166,NA,NA,NA,8.3,NA,NA,NA,NA,NA,NA,NA,NA,NA
Daily,2015-04-13,71.9938,22.25,NA,24.3,36200,NA,NA,NA,NA,NA,167,NA,NA,NA,8.3,NA,NA,NA,NA,NA,NA,NA,NA,NA
Daily,2015-04-14,72.3594,22.4,NA,24.3,36300,NA,NA,NA,NA,NA,167,NA,NA,NA,8.3,NA,NA,NA,NA,NA,NA,NA,NA,NA
Daily,2015-04-15,72.6125,22.55,NA,24.3,36500,NA,NA,NA,NA,NA,167,NA,NA,NA,8.3,NA,NA,NA,NA,NA,NA,NA,NA,NA
Daily,2015-04-16,72.4437,22.5,NA,24.3,36400,NA,NA,NA,NA,NA,168,NA,NA,NA,8.3,NA,NA,NA,NA,NA,NA,NA,NA,NA
Daily,2015-04-17,72.2188,22.3,NA,24.3,36200,NA,NA,NA,NA,NA,168,NA,NA,NA,8.3,NA,NA,NA,NA,NA,NA,NA,NA,NA
Daily,2015-04-18,72.1344,22.3,NA,24.3,36200,NA,NA,NA,NA,NA,170,NA,NA,NA,8.3,NA,NA,NA,NA,NA,NA,NA,NA,NA
Daily,2015-04-19,72.2188,22.3,NA,24.3,36300,NA,NA,NA,NA,NA,169,NA,NA,NA,8.3,NA,NA,NA,NA,NA,NA,NA,NA,NA
Daily,2015-04-20,72.3875,22.4,NA,24.3,36300,NA,NA,NA,NA,NA,168,NA,NA,NA,8.4,NA,NA,NA,NA,NA,NA,NA,NA,NA
Daily,2015-04-21,72.725,22.6,NA,24.3,36500,NA,NA,NA,NA,NA,167,NA,NA,NA,8.3,NA,NA,NA,NA,NA,NA,NA,NA,NA
Daily,2015-04-22,72.9219,22.7,NA,24.3,36600,NA,NA,NA,NA,NA,168,NA,NA,NA,8.3,NA,NA,NA,NA,NA,NA,NA,NA,NA
Daily,2015-04-23,72.95,22.75,NA,24.2,36400,NA,NA,NA,NA,NA,168,NA,NA,NA,8.4,NA,NA,NA,NA,NA,NA,NA,NA,NA
Daily,2015-04-24,72.725,22.6,NA,24.1,36200,NA,NA,NA,NA,NA,168,NA,NA,NA,8.4,NA,NA,NA,NA,NA,NA,NA,NA,NA
Daily,2015-04-25,72.58439999999999,22.5,NA,24.1,36100,NA,NA,NA,NA,NA,168,NA,NA,NA,8.4,NA,NA,NA,NA,NA,NA,NA,NA,NA
Daily,2015-04-26,72.3313,22.4,NA,24.1,36100,NA,NA,NA,NA,NA,169,NA,NA,NA,8.4,NA,NA,NA,NA,NA,NA,NA,NA,NA
Daily,2015-04-27,72.3594,22.4,NA,24.1,36100,NA,NA,NA,NA,NA,168,NA,NA,NA,8.4,NA,NA,NA,NA,NA,NA,NA,NA,NA
Daily,2015-04-28,72.4437,22.5,NA,24.1,36100,NA,NA,NA,NA,NA,167,NA,NA,NA,8.4,NA,NA,NA,NA,NA,NA,NA,NA,NA
Daily,2015-04-29,72.3875,22.4,NA,24.1,36000,NA,NA,NA,NA,NA,167,NA,NA,NA,8.4,NA,NA,NA,NA,NA,NA,NA,NA,NA
Daily,2015-04-30,72.5,22.5,NA,24.1,36100,NA,NA,NA,NA,NA,164,NA,NA,NA,8.4,NA,NA,NA,NA,NA,NA,NA,NA,NA
Daily,2015-05-01,72.725,22.6,NA,24,36100,NA,NA,NA,NA,NA,166,NA,NA,NA,8.4,NA,NA,NA,NA,NA,NA,NA,NA,NA
Daily,2015-05-02,72.8375,22.7,NA,23.9,36000,NA,NA,NA,NA,NA,173,NA,NA,NA,8.4,NA,NA,NA,NA,NA,NA,NA,NA,NA
Daily,2015-05-03,72.95,22.7,NA,23.9,36100,NA,NA,NA,NA,NA,171,NA,NA,NA,8.4,NA,NA,NA,NA,NA,NA,NA,NA,NA
Daily,2015-05-04,73.09065,22.8,NA,23.9,36100,NA,NA,NA,NA,NA,169,NA,NA,NA,8.3,NA,NA,NA,NA,NA,NA,NA,NA,NA
Daily,2015-05-05,73.0625,22.8,NA,23.9,36100,NA,NA,NA,NA,NA,166,NA,NA,NA,8.3,NA,NA,NA,NA,NA,NA,NA,NA,NA
Daily,2015-05-06,73.0062,22.8,NA,23.9,36100,NA,NA,NA,NA,NA,165,NA,NA,NA,8.3,NA,NA,NA,NA,NA,NA,NA,NA,NA
Daily,2015-05-15,72.275,22.4,NA,24,35900,NA,NA,NA,NA,NA,NA,NA,NA,NA,8.3,NA,NA,NA,NA,NA,NA,NA,NA,NA
Daily,2015-05-16,72.05,22.2,NA,24,35900,NA,NA,NA,NA,NA,240,NA,NA,NA,8.3,NA,NA,NA,NA,NA,NA,NA,NA,NA
Daily,2015-05-17,72.05,22.2,NA,24,35800,NA,NA,NA,NA,NA,239,NA,NA,NA,8.3,NA,NA,NA,NA,NA,NA,NA,NA,NA
Daily,2015-05-18,72.19065,22.3,NA,23.95,35800,NA,NA,NA,NA,NA,239,NA,NA,NA,8.3,NA,NA,NA,NA,NA,NA,NA,NA,NA
Daily,2015-05-19,72.2188,22.3,NA,23.9,35700,NA,NA,NA,NA,NA,235,NA,NA,NA,8.3,NA,NA,NA,NA,NA,NA,NA,NA,NA
Daily,2015-05-28,73.5688,23.1,NA,24,36400,NA,NA,NA,NA,NA,225,NA,NA,NA,8.3,NA,NA,NA,NA,NA,NA,NA,NA,NA
Daily,2015-05-29,73.5125,23.05,NA,24,36400,NA,NA,NA,NA,NA,226,NA,NA,NA,8.3,NA,NA,NA,NA,NA,NA,NA,NA,NA
Daily,2015-06-09,75.0875,23.9,NA,24,37200,NA,NA,NA,NA,NA,181,NA,NA,NA,8.2,NA,NA,NA,NA,NA,NA,NA,NA,NA
Daily,2015-06-10,75.34065,24.05,NA,24,37300,NA,NA,NA,NA,NA,181,NA,NA,NA,8.2,NA,NA,NA,NA,NA,NA,NA,NA,NA
Daily,2015-06-11,75.8188,24.3,NA,24.1,37500,NA,NA,NA,NA,NA,186,NA,NA,NA,8.2,NA,NA,NA,NA,NA,NA,NA,NA,NA
Daily,2015-06-12,76.1,24.5,NA,24.1,37600,NA,NA,NA,NA,NA,184,NA,NA,NA,8.2,NA,NA,NA,NA,NA,NA,NA,NA,NA
Daily,2015-06-13,76.2125,24.6,NA,24.1,37700,NA,NA,NA,NA,NA,189,NA,NA,NA,8.2,NA,NA,NA,NA,NA,NA,NA,NA,NA
Daily,2015-06-14,76.3813,24.65,NA,24.1,37800,NA,NA,NA,NA,NA,176,NA,NA,NA,8.2,NA,NA,NA,NA,NA,NA,NA,NA,NA
Daily,2015-06-15,76.8031,24.9,NA,24.1,38000,NA,NA,NA,NA,NA,178,NA,NA,NA,8.2,NA,NA,NA,NA,NA,NA,NA,NA,NA
Daily,2015-06-16,77.1688,25.1,NA,24.1,38100,NA,NA,NA,NA,NA,178,NA,NA,NA,8.2,NA,NA,NA,NA,NA,NA,NA,NA,NA
Daily,2015-06-17,77.45,25.25,NA,24.1,38300,NA,NA,NA,NA,NA,184,NA,NA,NA,8.2,NA,NA,NA,NA,NA,NA,NA,NA,NA
Daily,2015-06-18,77.70315,25.4,NA,24.1,38400,NA,NA,NA,NA,NA,170,NA,NA,NA,8.2,NA,NA,NA,NA,NA,NA,NA,NA,NA
Daily,2015-06-19,77.9,25.5,NA,24.1,38500,NA,NA,NA,NA,NA,173,NA,NA,NA,8.2,NA,NA,NA,NA,NA,NA,NA,NA,NA
Daily,2015-06-20,77.7875,25.4,NA,24.1,38400,NA,NA,NA,NA,NA,176.5,NA,NA,NA,8.2,NA,NA,NA,NA,NA,NA,NA,NA,NA
Daily,2015-06-21,77.7875,25.4,NA,24.2,38500,NA,NA,NA,NA,NA,181,NA,NA,NA,8.2,NA,NA,NA,NA,NA,NA,NA,NA,NA
Daily,2015-06-22,77.98435,25.55,NA,24.2,38600,NA,NA,NA,NA,NA,176,NA,NA,NA,8.2,NA,NA,NA,NA,NA,NA,NA,NA,NA
Daily,2015-06-23,78.54685,25.8,NA,24.2,38800,NA,NA,NA,NA,NA,176,NA,NA,NA,8.2,NA,NA,NA,NA,NA,NA,NA,NA,NA
Daily,2015-06-24,78.6594,25.9,NA,24.2,38900,NA,NA,NA,NA,NA,186,NA,NA,NA,8.2,NA,NA,NA,NA,NA,NA,NA,NA,NA
Daily,2015-06-25,78.575,25.9,NA,24.3,38900,NA,NA,NA,NA,NA,187,NA,NA,NA,8.2,NA,NA,NA,NA,NA,NA,NA,NA,NA
Daily,2015-06-26,78.9125,26.05,NA,24.3,39100,NA,NA,NA,NA,NA,183,NA,NA,NA,8.2,NA,NA,NA,NA,NA,NA,NA,NA,NA
Daily,2015-06-27,79.1938,26.2,NA,24.3,39200,NA,NA,NA,NA,NA,182,NA,NA,NA,8.2,NA,NA,NA,NA,NA,NA,NA,NA,NA
Daily,2015-06-28,79.1938,26.2,NA,24.3,39200,NA,NA,NA,NA,NA,186,NA,NA,NA,NA,NA,NA,NA,NA,NA,NA,NA,NA,NA
Daily,2015-06-29,79.3063,26.3,NA,24.3,39300,NA,NA,NA,NA,NA,191.5,NA,NA,NA,8.2,NA,NA,NA,NA,NA,NA,NA,NA,NA
Daily,2015-06-30,79.5313,26.4,NA,24.3,39400,NA,NA,NA,NA,NA,192,NA,NA,NA,8.2,NA,NA,NA,NA,NA,NA,NA,NA,NA
Daily,2015-07-01,79.67185,26.5,NA,24.3,39400,NA,NA,NA,NA,NA,182,NA,NA,NA,8.1,NA,NA,NA,NA,NA,NA,NA,NA,NA
Daily,2015-07-02,79.8125,26.6,NA,24.3,39500,NA,NA,NA,NA,NA,181,NA,NA,NA,8.2,NA,NA,NA,NA,NA,NA,NA,NA,NA
Daily,2015-07-03,80.0375,26.7,NA,24.3,39600,NA,NA,NA,NA,NA,183,NA,NA,NA,8.2,NA,NA,NA,NA,NA,NA,NA,NA,NA
Daily,2015-07-04,79.8125,26.6,NA,24.3,39500,NA,NA,NA,NA,NA,185,NA,NA,NA,8.2,NA,NA,NA,NA,NA,NA,NA,NA,NA
Daily,2015-07-05,79.5875,26.4,NA,24.3,39400,NA,NA,NA,NA,NA,184,NA,NA,NA,8.2,NA,NA,NA,NA,NA,NA,NA,NA,NA
Daily,2015-07-06,79.4469,26.4,NA,24.3,39400,NA,NA,NA,NA,NA,181,NA,NA,NA,8.2,NA,NA,NA,NA,NA,NA,NA,NA,NA
Daily,2015-07-07,79.7,26.5,NA,24.3,39400,NA,NA,NA,NA,NA,179,NA,NA,NA,8.2,NA,NA,NA,NA,NA,NA,NA,NA,NA
Daily,2015-07-08,79.925,26.6,NA,24.3,39500,NA,NA,NA,NA,NA,180,NA,NA,NA,8.2,NA,NA,NA,NA,NA,NA,NA,NA,NA
Daily,2015-07-09,80.0375,26.7,NA,24.3,39600,NA,NA,NA,NA,NA,179,NA,NA,NA,8.2,NA,NA,NA,NA,NA,NA,NA,NA,NA
Daily,2015-07-10,79.925,26.6,NA,24.3,39500,NA,NA,NA,NA,NA,185,NA,NA,NA,8.2,NA,NA,NA,NA,NA,NA,NA,NA,NA
Daily,2015-07-11,79.7563,26.5,NA,24.3,39500,NA,NA,NA,NA,NA,182,NA,NA,NA,8.2,NA,NA,NA,NA,NA,NA,NA,NA,NA
Daily,2015-07-12,79.3625,26.3,NA,24.3,39300,NA,NA,NA,NA,NA,183,NA,NA,NA,8.2,NA,NA,NA,NA,NA,NA,NA,NA,NA
Daily,2015-07-13,79.10935,26.15,NA,24.25,39100,NA,NA,NA,NA,NA,180.5,NA,NA,NA,8.2,NA,NA,NA,NA,NA,NA,NA,NA,NA
Daily,2015-07-14,79.25,26.25,NA,24.2,39100,NA,NA,NA,NA,NA,181,NA,NA,NA,8.2,NA,NA,NA,NA,NA,NA,NA,NA,NA
Daily,2015-07-15,79.25,26.2,NA,24.2,39100,NA,NA,NA,NA,NA,183,NA,NA,NA,NA,NA,NA,NA,NA,NA,NA,NA,NA,NA
Daily,2015-07-16,79.4188,26.3,NA,24.2,39200,NA,NA,NA,NA,NA,182,NA,NA,NA,8.2,NA,NA,NA,NA,NA,NA,NA,NA,NA
Daily,2015-07-17,79.1938,26.2,NA,24.2,39100,NA,NA,NA,NA,NA,181,NA,NA,NA,NA,NA,NA,NA,NA,NA,NA,NA,NA,NA
Daily,2015-07-18,79.025,26.1,NA,24.2,39000,NA,NA,NA,NA,NA,177,NA,NA,NA,NA,NA,NA,NA,NA,NA,NA,NA,NA,NA
Daily,2015-07-19,79.0531,26.1,NA,24.2,39100,NA,NA,NA,NA,NA,177,NA,NA,NA,NA,NA,NA,NA,NA,NA,NA,NA,NA,NA
Daily,2015-07-20,79.1375,26.2,NA,24.1,39000,NA,NA,NA,NA,NA,178,NA,NA,NA,8.2,NA,NA,NA,NA,NA,NA,NA,NA,NA
Daily,2015-07-21,79.2219,26.25,NA,24,38800,NA,NA,NA,NA,NA,180,NA,NA,NA,8.2,NA,NA,NA,NA,NA,NA,NA,NA,NA
Daily,2015-07-22,79.5313,26.3,NA,24,38900,NA,NA,NA,NA,NA,180,NA,NA,NA,8.2,NA,NA,NA,NA,NA,NA,NA,NA,NA
Daily,2015-07-23,79.3063,25.5,NA,NA,NA,NA,NA,NA,NA,NA,182,NA,NA,NA,7.7,NA,NA,NA,NA,NA,NA,NA,NA,NA
Daily,2015-07-24,79.025,25.75,NA,NA,NA,NA,NA,NA,NA,NA,168,NA,NA,NA,NA,NA,NA,NA,NA,NA,NA,NA,NA,NA
Daily,2015-07-25,78.94065,26.2,NA,NA,NA,NA,NA,NA,NA,NA,183,NA,NA,NA,NA,NA,NA,NA,NA,NA,NA,NA,NA,NA
Daily,2015-07-26,78.7438,26.6,NA,NA,NA,NA,NA,NA,NA,NA,159,NA,NA,NA,NA,NA,NA,NA,NA,NA,NA,NA,NA,NA
Daily,2015-07-27,78.7438,25.8,NA,NA,NA,NA,NA,NA,NA,NA,NA,NA,NA,NA,NA,NA,NA,NA,NA,NA,NA,NA,NA,NA
Daily,2015-07-28,79.0531,26,NA,NA,NA,NA,NA,NA,NA,NA,160,NA,NA,NA,NA,NA,NA,NA,NA,NA,NA,NA,NA,NA
Daily,2015-07-29,79.0812,25.8,NA,NA,NA,NA,NA,NA,NA,NA,153,NA,NA,NA,NA,NA,NA,NA,NA,NA,NA,NA,NA,NA
Daily,2015-07-30,79.1938,26.4,NA,NA,NA,NA,NA,NA,NA,NA,156.5,NA,NA,NA,NA,NA,NA,NA,NA,NA,NA,NA,NA,NA
Daily,2015-07-31,79.25,26.3,NA,23.9,38800,NA,NA,NA,NA,NA,154,NA,NA,NA,8.1,NA,NA,NA,NA,NA,NA,NA,NA,NA
Daily,2015-08-01,79.1938,26.2,NA,24,38800,NA,NA,NA,NA,NA,158,NA,NA,NA,8.1,NA,NA,NA,NA,NA,NA,NA,NA,NA
Daily,2015-08-02,79.475,26.4,NA,24,38900,NA,NA,NA,NA,NA,162,NA,NA,NA,8.1,NA,NA,NA,NA,NA,NA,NA,NA,NA
Daily,2015-08-03,79.5875,26.5,NA,24,38900,NA,NA,NA,NA,NA,163,NA,NA,NA,8.1,NA,NA,NA,NA,NA,NA,NA,NA,NA
Daily,2015-08-04,79.5875,26.5,NA,24,39000,NA,NA,NA,NA,NA,171,NA,NA,NA,8.2,NA,NA,NA,NA,NA,NA,NA,NA,NA
Daily,2015-08-05,79.5875,26.5,NA,24,39000,NA,NA,NA,NA,NA,169,NA,NA,NA,8.2,NA,NA,NA,NA,NA,NA,NA,NA,NA
Daily,2015-08-06,79.5875,26.5,NA,24,39000,NA,NA,NA,NA,NA,167,NA,NA,NA,8.2,NA,NA,NA,NA,NA,NA,NA,NA,NA
Daily,2015-09-01,79.5313,27,NA,21.1,35200,NA,NA,NA,NA,NA,169,NA,NA,NA,8.2,NA,NA,NA,NA,NA,NA,NA,NA,NA
Daily,2015-09-02,79.4188,26.9,NA,21.2,35100,NA,NA,NA,NA,NA,170,NA,NA,NA,8.2,NA,NA,NA,NA,NA,NA,NA,NA,NA
Daily,2015-09-03,79.1938,26.7,NA,21.2,35000,NA,NA,NA,NA,NA,171,NA,NA,NA,8.2,NA,NA,NA,NA,NA,NA,NA,NA,NA
Daily,2015-09-04,78.7438,26.5,NA,21.2,34900,NA,NA,NA,NA,NA,172,NA,NA,NA,8.2,NA,NA,NA,NA,NA,NA,NA,NA,NA
Daily,2015-09-05,78.60315,26.3,NA,21.2,34700,NA,NA,NA,NA,NA,169,NA,NA,NA,8.2,NA,NA,NA,NA,NA,NA,NA,NA,NA
Daily,2015-09-06,78.2375,26.2,NA,21.2,34700,NA,NA,NA,NA,NA,171,NA,NA,NA,8.2,NA,NA,NA,NA,NA,NA,NA,NA,NA
Daily,2015-09-07,78.8,26.4,NA,21.2,34800,NA,NA,NA,NA,NA,172,NA,NA,NA,8.2,NA,NA,NA,NA,NA,NA,NA,NA,NA
Daily,2015-09-08,78.9688,26.4,NA,21.3,34900,NA,NA,NA,NA,NA,171,NA,NA,NA,8.2,NA,NA,NA,NA,NA,NA,NA,NA,NA
Daily,2015-09-09,78.6313,26.3,NA,21.3,34900,NA,NA,NA,NA,NA,172,NA,NA,NA,8.2,NA,NA,NA,NA,NA,NA,NA,NA,NA
Daily,2015-09-10,78.4063,26.2,NA,21.4,35000,NA,NA,NA,NA,NA,172,NA,NA,NA,8.2,NA,NA,NA,NA,NA,NA,NA,NA,NA
Daily,2015-09-11,78.125,26.1,NA,21.1,34500,NA,NA,NA,NA,NA,179,NA,NA,NA,8.2,NA,NA,NA,NA,NA,NA,NA,NA,NA
Daily,2015-09-12,78.23755,26.1,NA,21.1,34500,NA,NA,NA,NA,NA,177,NA,NA,NA,8.2,NA,NA,NA,NA,NA,NA,NA,NA,NA
Daily,2015-09-13,78.4063,26.2,NA,21.1,34600,NA,NA,NA,NA,NA,175,NA,NA,NA,8.2,NA,NA,NA,NA,NA,NA,NA,NA,NA
Daily,2015-09-14,78.35,26.25,NA,21.1,34600,NA,NA,NA,NA,NA,167,NA,NA,NA,8.2,NA,NA,NA,NA,NA,NA,NA,NA,NA
Daily,2015-09-15,78.6875,26.3,NA,21.2,34800,NA,NA,NA,NA,NA,172,NA,NA,NA,NA,NA,NA,NA,NA,NA,NA,NA,NA,NA
Daily,2015-09-16,78.6875,26.4,NA,21.2,34900,NA,NA,NA,NA,NA,170,NA,NA,NA,8.2,NA,NA,NA,NA,NA,NA,NA,NA,NA
Daily,2015-09-17,78.9125,26.5,NA,21.2,34900,NA,NA,NA,NA,NA,167,NA,NA,NA,8.2,NA,NA,NA,NA,NA,NA,NA,NA,NA
Daily,2015-09-18,78.8,26.4,NA,21.4,35100,NA,NA,NA,NA,NA,166,NA,NA,NA,8.2,NA,NA,NA,NA,NA,NA,NA,NA,NA
Daily,2015-09-19,78.9688,26.4,NA,21.4,35100,NA,NA,NA,NA,NA,173,NA,NA,NA,8.2,NA,NA,NA,NA,NA,NA,NA,NA,NA
Daily,2015-09-20,78.9125,26.3,NA,21.5,35200,NA,NA,NA,NA,NA,171,NA,NA,NA,8.2,NA,NA,NA,NA,NA,NA,NA,NA,NA
Daily,2015-09-21,77.5625,26.1,NA,21.5,35000,NA,NA,NA,NA,NA,167,NA,NA,NA,8.2,NA,NA,NA,NA,NA,NA,NA,NA,NA
Daily,2015-09-22,76.85935,25.9,NA,21.5,34800,NA,NA,NA,NA,NA,168,NA,NA,NA,NA,NA,NA,NA,NA,NA,NA,NA,NA,NA
Daily,2015-09-23,77.45,25.9,NA,21.6,35050,NA,NA,NA,NA,NA,167,NA,NA,NA,8.2,NA,NA,NA,NA,NA,NA,NA,NA,NA
Daily,2015-09-24,75.8188,26,NA,21.6,35100,NA,NA,NA,NA,NA,165,NA,NA,NA,8.2,NA,NA,NA,NA,NA,NA,NA,NA,NA
Daily,2015-09-25,75.9313,26.1,NA,21.5,35100,NA,NA,NA,NA,NA,168,NA,NA,NA,8.2,NA,NA,NA,NA,NA,NA,NA,NA,NA
Daily,2015-09-26,75.5375,26,NA,21.5,35000,NA,NA,NA,NA,NA,165.5,NA,NA,NA,8.2,NA,NA,NA,NA,NA,NA,NA,NA,NA
Daily,2015-09-27,75.425,25.9,NA,21.5,35000,NA,NA,NA,NA,NA,164,NA,NA,NA,8.2,NA,NA,NA,NA,NA,NA,NA,NA,NA
Daily,2015-09-28,75.5938,25.8,NA,21.6,34900,NA,NA,NA,NA,NA,164,NA,NA,NA,8.2,NA,NA,NA,NA,NA,NA,NA,NA,NA
Daily,2015-09-29,77,25.8,NA,21.7,35100,NA,NA,NA,NA,NA,163,NA,NA,NA,8.2,NA,NA,NA,NA,NA,NA,NA,NA,NA
Daily,2015-09-30,77.2813,25.9,NA,21.7,35200,NA,NA,NA,NA,NA,162,NA,NA,NA,8.2,NA,NA,NA,NA,NA,NA,NA,NA,NA
Daily,2015-10-01,77.1125,25.9,NA,21.8,35300,NA,NA,NA,NA,NA,162,NA,NA,NA,8.2,NA,NA,NA,NA,NA,NA,NA,NA,NA
Daily,2015-10-02,75.9313,25.8,NA,21.8,35300,NA,NA,NA,NA,NA,162,NA,NA,NA,8.2,NA,NA,NA,NA,NA,NA,NA,NA,NA
Daily,2015-10-03,73.9063,25.5,NA,21.8,35100,NA,NA,NA,NA,NA,164,NA,NA,NA,8.2,NA,NA,NA,NA,NA,NA,NA,NA,NA
Daily,2015-10-04,73.20315,25.3,NA,21.9,35000,NA,NA,NA,NA,NA,164,NA,NA,NA,8.2,NA,NA,NA,NA,NA,NA,NA,NA,NA
Daily,2015-10-05,73.2875,25,NA,21.9,34900,NA,NA,NA,NA,NA,165,NA,NA,NA,8.2,NA,NA,NA,NA,NA,NA,NA,NA,NA
Daily,2015-10-06,74.1313,24.7,NA,21.9,34600,NA,NA,NA,NA,NA,165,NA,NA,NA,8.2,NA,NA,NA,NA,NA,NA,NA,NA,NA
Daily,2015-10-07,75.5375,24.4,NA,21.9,34500,NA,NA,NA,NA,NA,168,NA,NA,NA,8.2,NA,NA,NA,NA,NA,NA,NA,NA,NA
Daily,2015-10-08,75.5375,24.3,NA,21.9,34300,NA,NA,NA,NA,NA,165.5,NA,NA,NA,8.2,NA,NA,NA,NA,NA,NA,NA,NA,NA
Daily,2015-10-09,75.3688,24.1,NA,21.9,34200,NA,NA,NA,NA,NA,165,NA,NA,NA,8.2,NA,NA,NA,NA,NA,NA,NA,NA,NA
Daily,2015-10-10,75.0313,24,NA,21.9,34200,NA,NA,NA,NA,NA,166,NA,NA,NA,8.2,NA,NA,NA,NA,NA,NA,NA,NA,NA
Daily,2015-10-11,74.8063,23.9,NA,21.9,34100,NA,NA,NA,NA,NA,165,NA,NA,NA,8.2,NA,NA,NA,NA,NA,NA,NA,NA,NA
Daily,2015-10-12,74.9469,24,NA,21.9,34150,NA,NA,NA,NA,NA,164,NA,NA,NA,8.2,NA,NA,NA,NA,NA,NA,NA,NA,NA
Daily,2015-10-13,75.0313,24.1,NA,21.8,34200,NA,NA,NA,NA,NA,125,NA,NA,NA,8.2,NA,NA,NA,NA,NA,NA,NA,NA,NA
Daily,2015-10-14,75.31254999999999,24.3,NA,21.9,34300,NA,NA,NA,NA,NA,125,NA,NA,NA,8.2,NA,NA,NA,NA,NA,NA,NA,NA,NA
Daily,2015-10-15,75.3125,24.3,NA,21.9,34300,NA,NA,NA,NA,NA,126,NA,NA,NA,8.3,NA,NA,NA,NA,NA,NA,NA,NA,NA
Daily,2015-10-16,74.8063,24,NA,21.9,34150,NA,NA,NA,NA,NA,129,NA,NA,NA,8.3,NA,NA,NA,NA,NA,NA,NA,NA,NA
Daily,2015-10-17,74.525,23.8,NA,21.9,34000,NA,NA,NA,NA,NA,131,NA,NA,NA,8.3,NA,NA,NA,NA,NA,NA,NA,NA,NA
Daily,2015-10-18,74.4125,23.75,NA,21.9,34000,NA,NA,NA,NA,NA,130.5,NA,NA,NA,8.3,NA,NA,NA,NA,NA,NA,NA,NA,NA
Daily,2015-10-19,74.60935,23.85,NA,21.9,34100,NA,NA,NA,NA,NA,134.5,NA,NA,NA,8.3,NA,NA,NA,NA,NA,NA,NA,NA,NA
Daily,2015-10-20,74.75,23.9,NA,21.9,34100,NA,NA,NA,NA,NA,135,NA,NA,NA,8.3,NA,NA,NA,NA,NA,NA,NA,NA,NA
Daily,2015-10-21,74.3563,23.7,NA,21.9,33900,NA,NA,NA,NA,NA,135,NA,NA,NA,8.3,NA,NA,NA,NA,NA,NA,NA,NA,NA
Daily,2015-10-22,73.7938,23.4,NA,21.9,33800,NA,NA,NA,NA,NA,135,NA,NA,NA,8.3,NA,NA,NA,NA,NA,NA,NA,NA,NA
Daily,2015-10-23,73.7938,23.3,NA,21.9,33700,NA,NA,NA,NA,NA,134,NA,NA,NA,8.3,NA,NA,NA,NA,NA,NA,NA,NA,NA
Daily,2015-10-24,73.6813,23.3,NA,21.9,33700,NA,NA,NA,NA,NA,138.5,NA,NA,NA,8.3,NA,NA,NA,NA,NA,NA,NA,NA,NA
Daily,2015-10-25,73.625,23.3,NA,21.9,33700,NA,NA,NA,NA,NA,136,NA,NA,NA,8.4,NA,NA,NA,NA,NA,NA,NA,NA,NA
Daily,2015-10-26,73.5125,23.2,NA,21.9,33700,NA,NA,NA,NA,NA,136,NA,NA,NA,8.4,NA,NA,NA,NA,NA,NA,NA,NA,NA
Daily,2015-10-27,73.4,23.1,NA,21.9,33700,NA,NA,NA,NA,NA,139,NA,NA,NA,8.4,NA,NA,NA,NA,NA,NA,NA,NA,NA
Daily,2015-10-28,73.1188,22.8,NA,21.9,33500,NA,NA,NA,NA,NA,138,NA,NA,NA,8.4,NA,NA,NA,NA,NA,NA,NA,NA,NA
Daily,2015-10-29,72.7813,22.7,NA,21.9,33300,NA,NA,NA,NA,NA,135,NA,NA,NA,8.4,NA,NA,NA,NA,NA,NA,NA,NA,NA
Daily,2015-10-30,72.3313,22.4,NA,21.8,33000,NA,NA,NA,NA,NA,134,NA,NA,NA,8.3,NA,NA,NA,NA,NA,NA,NA,NA,NA
Daily,2015-10-31,72.1625,22.3,NA,21.8,32900,NA,NA,NA,NA,NA,133,NA,NA,NA,8.3,NA,NA,NA,NA,NA,NA,NA,NA,NA
Daily,2015-11-01,71.8812,22.2,NA,NA,32900,NA,NA,NA,NA,NA,133,NA,NA,NA,8.3,NA,NA,NA,NA,NA,NA,NA,NA,NA
Daily,2015-11-02,71.5438,22.1,NA,NA,32800,NA,NA,NA,NA,NA,134,NA,NA,NA,8.3,NA,NA,NA,NA,NA,NA,NA,NA,NA
Daily,2015-11-03,71.5438,22,NA,NA,32700,NA,NA,NA,NA,NA,133,NA,NA,NA,8.3,NA,NA,NA,NA,NA,NA,NA,NA,NA
Daily,2015-11-04,71.17815,21.8,NA,NA,32600,NA,NA,NA,NA,NA,133,NA,NA,NA,8.3,NA,NA,NA,NA,NA,NA,NA,NA,NA
Daily,2015-11-05,71.825,22.1,NA,NA,32700,NA,NA,NA,NA,NA,134,NA,NA,NA,8.3,NA,NA,NA,NA,NA,NA,NA,NA,NA
Daily,2015-11-06,72.1625,22.2,NA,NA,32800,NA,NA,NA,NA,NA,133,NA,NA,NA,8.3,NA,NA,NA,NA,NA,NA,NA,NA,NA
Daily,2015-11-07,72.95,22.6,NA,NA,33100,NA,NA,NA,NA,NA,131,NA,NA,NA,8.3,NA,NA,NA,NA,NA,NA,NA,NA,NA
Daily,2015-11-08,73.42815,22.95,NA,NA,33300,NA,NA,NA,NA,NA,130,NA,NA,NA,8.3,NA,NA,NA,NA,NA,NA,NA,NA,NA
Daily,2015-11-09,73.2313,22.9,NA,NA,33400,NA,NA,NA,NA,NA,130,NA,NA,NA,8.3,NA,NA,NA,NA,NA,NA,NA,NA,NA
Daily,2015-11-10,73.175,22.8,NA,NA,33300,NA,NA,NA,NA,NA,131,NA,NA,NA,8.3,NA,NA,NA,NA,NA,NA,NA,NA,NA
Daily,2015-11-11,73.09065,NA,NA,NA,NA,NA,NA,NA,NA,NA,NA,NA,NA,NA,NA,NA,NA,NA,NA,NA,NA,NA,NA,NA
Daily,2015-11-12,73.4,NA,NA,NA,NA,NA,NA,NA,NA,NA,NA,NA,NA,NA,NA,NA,NA,NA,NA,NA,NA,NA,NA,NA
Daily,2015-11-13,73.4844,NA,NA,NA,NA,NA,NA,NA,NA,NA,NA,NA,NA,NA,NA,NA,NA,NA,NA,NA,NA,NA,NA,NA
Daily,2015-11-14,73.625,NA,NA,NA,NA,NA,NA,NA,NA,NA,NA,NA,NA,NA,NA,NA,NA,NA,NA,NA,NA,NA,NA,NA
Daily,2015-11-15,73.9906,NA,NA,NA,NA,NA,NA,NA,NA,NA,NA,NA,NA,NA,NA,NA,NA,NA,NA,NA,NA,NA,NA,NA
Daily,2015-11-16,74.075,NA,NA,NA,NA,NA,NA,NA,NA,NA,NA,NA,NA,NA,NA,NA,NA,NA,NA,NA,NA,NA,NA,NA
Daily,2015-11-17,73.9063,NA,NA,NA,NA,NA,NA,NA,NA,NA,NA,NA,NA,NA,NA,NA,NA,NA,NA,NA,NA,NA,NA,NA
Daily,2015-11-18,73.5969,NA,NA,NA,NA,NA,NA,NA,NA,NA,NA,NA,NA,NA,NA,NA,NA,NA,NA,NA,NA,NA,NA,NA
Daily,2015-11-19,73.4844,23,NA,NA,37650,NA,NA,NA,NA,NA,NA,NA,NA,NA,8,NA,NA,NA,NA,NA,NA,NA,NA,NA
Daily,2015-11-20,73.5125,23,NA,NA,37600,NA,NA,NA,NA,NA,NA,NA,NA,NA,8.1,NA,NA,NA,NA,NA,NA,NA,NA,NA
Daily,2015-11-21,73.625,23,NA,NA,37600,NA,NA,NA,NA,NA,158,NA,NA,NA,8.1,NA,NA,NA,NA,NA,NA,NA,NA,NA
Daily,2015-11-22,73.175,22.9,NA,NA,37500,NA,NA,NA,NA,NA,157,NA,NA,NA,8.1,NA,NA,NA,NA,NA,NA,NA,NA,NA
Daily,2015-11-23,72.8938,22.7,NA,NA,37300,NA,NA,NA,NA,NA,155,NA,NA,NA,8.2,NA,NA,NA,NA,NA,NA,NA,NA,NA
Daily,2015-11-24,72.6969,22.6,NA,NA,37200,NA,NA,NA,NA,NA,153,NA,NA,NA,8.2,NA,NA,NA,NA,NA,NA,NA,NA,NA
Daily,2015-11-25,72.3875,22.4,NA,NA,37100,NA,NA,NA,NA,NA,154,NA,NA,NA,8.2,NA,NA,NA,NA,NA,NA,NA,NA,NA
Daily,2015-11-26,72.275,22.35,NA,NA,37000,NA,NA,NA,NA,NA,134,NA,NA,NA,8.2,NA,NA,NA,NA,NA,NA,NA,NA,NA
Daily,2015-11-27,72.725,22.5,NA,NA,37000,NA,NA,NA,NA,NA,124,NA,NA,NA,8.2,NA,NA,NA,NA,NA,NA,NA,NA,NA
Daily,2015-11-28,72.6688,22.5,NA,NA,37000,NA,NA,NA,NA,NA,130,NA,NA,NA,8.2,NA,NA,NA,NA,NA,NA,NA,NA,NA
Daily,2015-11-29,72.5563,22.4,NA,NA,36900,NA,NA,NA,NA,NA,127.5,NA,NA,NA,8.2,NA,NA,NA,NA,NA,NA,NA,NA,NA
Daily,2015-11-30,72.2188,22.3,NA,NA,36800,NA,NA,NA,NA,NA,130,NA,NA,NA,8.2,NA,NA,NA,NA,NA,NA,NA,NA,NA
Daily,2015-12-01,72.05,22.2,NA,24.7,36700,NA,NA,NA,NA,NA,126,NA,NA,NA,8.2,NA,NA,NA,NA,NA,NA,NA,NA,NA
Daily,2015-12-02,71.9375,22.1,NA,24.7,36700,NA,NA,NA,NA,NA,125,NA,NA,NA,8.2,NA,NA,NA,NA,NA,NA,NA,NA,NA
Daily,2015-12-03,72.6125,22.35,NA,24.7,36900,NA,NA,NA,NA,NA,124,NA,NA,NA,8.2,NA,NA,NA,NA,NA,NA,NA,NA,NA
Daily,2015-12-04,72.95,22.7,NA,24.7,37100,NA,NA,NA,NA,NA,119,NA,NA,NA,8.2,NA,NA,NA,NA,NA,NA,NA,NA,NA
Daily,2015-12-05,72.7813,22.5,NA,24.7,37000,NA,NA,NA,NA,NA,117,NA,NA,NA,8.2,NA,NA,NA,NA,NA,NA,NA,NA,NA
Daily,2015-12-06,72.4437,22.4,NA,24.7,36900,NA,NA,NA,NA,NA,117,NA,NA,NA,8.2,NA,NA,NA,NA,NA,NA,NA,NA,NA
Daily,2015-12-07,72.07815,22.2,NA,24.7,36800,NA,NA,NA,NA,NA,119,NA,NA,NA,8.2,NA,NA,NA,NA,NA,NA,NA,NA,NA
Daily,2015-12-08,72.6688,22.2,NA,24.7,36800,NA,NA,NA,NA,NA,116,NA,NA,NA,8.2,NA,NA,NA,NA,NA,NA,NA,NA,NA
Daily,2015-12-09,73.2313,NA,NA,NA,NA,NA,NA,NA,NA,NA,NA,NA,NA,NA,NA,NA,NA,NA,NA,NA,NA,NA,NA,NA
Daily,2015-12-10,73.5969,NA,NA,NA,NA,NA,NA,NA,NA,NA,NA,NA,NA,NA,NA,NA,NA,NA,NA,NA,NA,NA,NA,NA
Daily,2015-12-11,73.85,NA,NA,NA,NA,NA,NA,NA,NA,NA,NA,NA,NA,NA,NA,NA,NA,NA,NA,NA,NA,NA,NA,NA
Daily,2015-12-12,73.5688,NA,NA,NA,NA,NA,NA,NA,NA,NA,NA,NA,NA,NA,NA,NA,NA,NA,NA,NA,NA,NA,NA,NA
Daily,2015-12-13,73.175,NA,NA,NA,NA,NA,NA,NA,NA,NA,NA,NA,NA,NA,NA,NA,NA,NA,NA,NA,NA,NA,NA,NA
Daily,2015-12-14,72.95,NA,NA,NA,NA,NA,NA,NA,NA,NA,NA,NA,NA,NA,NA,NA,NA,NA,NA,NA,NA,NA,NA,NA
Daily,2015-12-15,72.8375,NA,NA,NA,NA,NA,NA,NA,NA,NA,NA,NA,NA,NA,NA,NA,NA,NA,NA,NA,NA,NA,NA,NA
Daily,2015-12-16,73.0062,NA,NA,NA,NA,NA,NA,NA,NA,NA,NA,NA,NA,NA,NA,NA,NA,NA,NA,NA,NA,NA,NA,NA
Daily,2015-12-17,73.0625,22.8,NA,24.8,37300,NA,NA,NA,NA,NA,132,NA,NA,NA,8,NA,NA,NA,NA,NA,NA,NA,NA,NA
Daily,2015-12-18,73.4563,22.9,NA,24.7,37300,NA,NA,NA,NA,NA,NA,NA,NA,NA,8.1,NA,NA,NA,NA,NA,NA,NA,NA,NA
Daily,2015-12-19,73.85,23.1,NA,24.7,37500,NA,NA,NA,NA,NA,139,NA,NA,NA,8.1,NA,NA,NA,NA,NA,NA,NA,NA,NA
Daily,2015-12-20,73.5688,23.1,NA,24.7,37300,NA,NA,NA,NA,NA,136,NA,NA,NA,8.1,NA,NA,NA,NA,NA,NA,NA,NA,NA
Daily,2015-12-21,73.5125,22.9,NA,24.7,37400,NA,NA,NA,NA,NA,130,NA,NA,NA,8.1,NA,NA,NA,NA,NA,NA,NA,NA,NA
Daily,2015-12-22,73.6813,23,NA,24.7,37500,NA,NA,NA,NA,NA,125,NA,NA,NA,8.1,NA,NA,NA,NA,NA,NA,NA,NA,NA
Daily,2015-12-23,73.6813,23,NA,24.8,37500,NA,NA,NA,NA,NA,124,NA,NA,NA,8.1,NA,NA,NA,NA,NA,NA,NA,NA,NA
Daily,2015-12-24,73.7375,23.1,NA,24.8,37500,NA,NA,NA,NA,NA,124,NA,NA,NA,8,NA,NA,NA,NA,NA,NA,NA,NA,NA
Daily,2015-12-25,73.6813,23.1,NA,24.8,37500,NA,NA,NA,NA,NA,126,NA,NA,NA,8.1,NA,NA,NA,NA,NA,NA,NA,NA,NA
Daily,2015-12-26,73.625,23,NA,24.8,37500,NA,NA,NA,NA,NA,127,NA,NA,NA,8.1,NA,NA,NA,NA,NA,NA,NA,NA,NA
Daily,2015-12-27,73.7375,23,NA,24.8,37500,NA,NA,NA,NA,NA,128,NA,NA,NA,8.1,NA,NA,NA,NA,NA,NA,NA,NA,NA
Daily,2015-12-28,73.85,23.1,NA,24.8,37600,NA,NA,NA,NA,NA,127,NA,NA,NA,8.1,NA,NA,NA,NA,NA,NA,NA,NA,NA
Daily,2015-12-29,73.93440000000001,23.2,NA,24.8,37600,NA,NA,NA,NA,NA,126,NA,NA,NA,8.1,NA,NA,NA,NA,NA,NA,NA,NA,NA
Daily,2015-12-30,74.075,23.2,NA,24.8,37700,NA,NA,NA,NA,NA,129,NA,NA,NA,8.1,NA,NA,NA,NA,NA,NA,NA,NA,NA
Daily,2015-12-31,74.3,23.3,NA,24.8,37700,NA,NA,NA,NA,NA,135,NA,NA,NA,8.1,NA,NA,NA,NA,NA,NA,NA,NA,NA
Daily,2016-01-01,74.5812,23.5,NA,24.8,37800,NA,NA,NA,NA,NA,140,NA,NA,NA,8.1,NA,NA,NA,NA,NA,NA,NA,NA,NA
Daily,2016-01-02,74.6375,23.5,NA,24.8,37850,NA,NA,NA,NA,NA,136,NA,NA,NA,8.1,NA,NA,NA,NA,NA,NA,NA,NA,NA
Daily,2016-01-03,73.9625,23.3,NA,24.8,37700,NA,NA,NA,NA,NA,140,NA,NA,NA,8.1,NA,NA,NA,NA,NA,NA,NA,NA,NA
Daily,2016-01-04,73.625,23,NA,24.8,37500,NA,NA,NA,NA,NA,145,NA,NA,NA,8.1,NA,NA,NA,NA,NA,NA,NA,NA,NA
Daily,2016-01-05,73.6813,23,NA,24.8,37500,NA,NA,NA,NA,NA,149,NA,NA,NA,8.1,NA,NA,NA,NA,NA,NA,NA,NA,NA
Daily,2016-01-06,74.075,23.2,NA,24.7,37500,NA,NA,NA,NA,NA,149,NA,NA,NA,8.1,NA,NA,NA,NA,NA,NA,NA,NA,NA
Daily,2016-01-07,74.075,23.2,NA,24.7,37550,NA,NA,NA,NA,NA,155.5,NA,NA,NA,8.1,NA,NA,NA,NA,NA,NA,NA,NA,NA
Daily,2016-01-08,74.1313,23.2,NA,24.7,37500,NA,NA,NA,NA,NA,166,NA,NA,NA,8.1,NA,NA,NA,NA,NA,NA,NA,NA,NA
Daily,2016-01-09,74.10315,23.3,NA,24.7,37600,NA,NA,NA,NA,NA,181,NA,NA,NA,8.1,NA,NA,NA,NA,NA,NA,NA,NA,NA
Daily,2016-01-10,74.1875,23.4,NA,24.7,37600,NA,NA,NA,NA,NA,187,NA,NA,NA,8.1,NA,NA,NA,NA,NA,NA,NA,NA,NA
Daily,2016-01-11,74.1313,23.4,NA,24.7,37600,NA,NA,NA,NA,NA,205.5,NA,NA,NA,8.1,NA,NA,NA,NA,NA,NA,NA,NA,NA
Daily,2016-01-12,74.525,23.6,NA,24.7,37800,NA,NA,NA,NA,NA,209,NA,NA,NA,8.1,NA,NA,NA,NA,NA,NA,NA,NA,NA
Daily,2016-01-13,74.8063,23.8,NA,24.6,37800,NA,NA,NA,NA,NA,222,NA,NA,NA,8.1,NA,NA,NA,NA,NA,NA,NA,NA,NA
Daily,2016-01-14,74.975,23.9,NA,24.6,37800,NA,NA,NA,NA,NA,231,NA,NA,NA,8.1,NA,NA,NA,NA,NA,NA,NA,NA,NA
Daily,2016-01-15,74.60935,23.7,NA,24.5,37700,NA,NA,NA,NA,NA,243,NA,NA,NA,8.1,NA,NA,NA,NA,NA,NA,NA,NA,NA
Daily,2016-01-16,73.0625,22.9,NA,24.6,37100,NA,NA,NA,NA,NA,254,NA,NA,NA,8.1,NA,NA,NA,NA,NA,NA,NA,NA,NA
Daily,2016-01-17,71.9375,22.2,NA,24.6,36700,NA,NA,NA,NA,NA,264,NA,NA,NA,8.1,NA,NA,NA,NA,NA,NA,NA,NA,NA
Daily,2016-01-18,71.0375,21.85,NA,24.6,36300,NA,NA,NA,NA,NA,263,NA,NA,NA,8.1,NA,NA,NA,NA,NA,NA,NA,NA,NA
Daily,2016-01-19,70.8688,NA,NA,24.7,36200,NA,NA,NA,NA,NA,263,NA,NA,NA,8.1,NA,NA,NA,NA,NA,NA,NA,NA,NA
Daily,2016-01-20,71.375,21.9,NA,24.6,36300,NA,NA,NA,NA,NA,260,NA,NA,NA,8.1,NA,NA,NA,NA,NA,NA,NA,NA,NA
Daily,2016-01-21,71.6,22,NA,24.7,36600,NA,NA,NA,NA,NA,256,NA,NA,NA,8.1,NA,NA,NA,NA,NA,NA,NA,NA,NA
Daily,2016-01-22,72.275,22.3,NA,24.7,36800,NA,NA,NA,NA,NA,254,NA,NA,NA,8.1,NA,NA,NA,NA,NA,NA,NA,NA,NA
Daily,2016-01-23,72.725,22.6,NA,24.7,37000,NA,NA,NA,NA,NA,240,NA,NA,NA,8.1,NA,NA,NA,NA,NA,NA,NA,NA,NA
Daily,2016-01-24,73.0062,22.8,NA,24.7,37200,NA,NA,NA,NA,NA,213,NA,NA,NA,8.1,NA,NA,NA,NA,NA,NA,NA,NA,NA
Daily,2016-01-25,73.2313,22.85,NA,24.7,37200,NA,NA,NA,NA,NA,190.5,NA,NA,NA,8.1,NA,NA,NA,NA,NA,NA,NA,NA,NA
Daily,2016-01-26,73.6813,23,NA,24.7,37500,NA,NA,NA,NA,NA,167,NA,NA,NA,8.1,NA,NA,NA,NA,NA,NA,NA,NA,NA
Daily,2016-01-27,73.85,23.2,NA,24.7,37500,NA,NA,NA,NA,NA,157,NA,NA,NA,8.1,NA,NA,NA,NA,NA,NA,NA,NA,NA
Daily,2016-01-28,74.3844,23.45,NA,24.7,37800,NA,NA,NA,NA,NA,155,NA,NA,NA,8.1,NA,NA,NA,NA,NA,NA,NA,NA,NA
Daily,2016-01-29,74.525,23.6,NA,24.8,37900,NA,NA,NA,NA,NA,155,NA,NA,NA,8.1,NA,NA,NA,NA,NA,NA,NA,NA,NA
Daily,2016-01-30,74.6375,23.6,NA,24.8,37900,NA,NA,NA,NA,NA,154,NA,NA,NA,8.1,NA,NA,NA,NA,NA,NA,NA,NA,NA
Daily,2016-01-31,74.6375,23.6,NA,24.8,37900,NA,NA,NA,NA,NA,148,NA,NA,NA,NA,NA,NA,NA,NA,NA,NA,NA,NA,NA
Daily,2016-02-01,74.975,23.7,NA,24.8,38000,NA,NA,NA,NA,NA,151,NA,NA,NA,8.1,NA,NA,NA,NA,NA,NA,NA,NA,NA
Daily,2016-02-02,74.975,23.7,NA,24.8,38000,NA,NA,NA,NA,NA,156,NA,NA,NA,8.1,NA,NA,NA,NA,NA,NA,NA,NA,NA
Daily,2016-02-03,75.3688,23.9,NA,24.8,38100,NA,NA,NA,NA,NA,166,NA,NA,NA,8.1,NA,NA,NA,NA,NA,NA,NA,NA,NA
Daily,2016-02-04,75.425,24,NA,24.8,38200,NA,NA,NA,NA,NA,171,NA,NA,NA,8.1,NA,NA,NA,NA,NA,NA,NA,NA,NA
Daily,2016-02-05,75.7625,24,NA,24.8,38200,NA,NA,NA,NA,NA,169,NA,NA,NA,8.1,NA,NA,NA,NA,NA,NA,NA,NA,NA
Daily,2016-02-06,75.7625,24.3,NA,24.8,38400,NA,NA,NA,NA,NA,173,NA,NA,NA,8.1,NA,NA,NA,NA,NA,NA,NA,NA,NA
Daily,2016-02-07,75.5375,24.2,NA,24.8,38300,NA,NA,NA,NA,NA,175,NA,NA,NA,8.1,NA,NA,NA,NA,NA,NA,NA,NA,NA
Daily,2016-02-08,75.425,24.1,NA,24.8,38300,NA,NA,NA,NA,NA,172.5,NA,NA,NA,8.1,NA,NA,NA,NA,NA,NA,NA,NA,NA
Daily,2016-02-09,75.3125,24.1,NA,24.8,38200,NA,NA,NA,NA,NA,162,NA,NA,NA,8.1,NA,NA,NA,NA,NA,NA,NA,NA,NA
Daily,2016-02-10,75.2563,24,NA,24.8,38200,NA,NA,NA,NA,NA,157,NA,NA,NA,8.1,NA,NA,NA,NA,NA,NA,NA,NA,NA
Daily,2016-02-11,75.0313,23.9,NA,24.7,38100,NA,NA,NA,NA,NA,154,NA,NA,NA,8.1,NA,NA,NA,NA,NA,NA,NA,NA,NA
Daily,2016-02-12,74.975,23.9,NA,24.7,38100,NA,NA,NA,NA,NA,149,NA,NA,NA,8.1,NA,NA,NA,NA,NA,NA,NA,NA,NA
Daily,2016-02-13,75.1437,23.9,NA,24.7,38100,NA,NA,NA,NA,NA,145,NA,NA,NA,8.1,NA,NA,NA,NA,NA,NA,NA,NA,NA
Daily,2016-02-14,75.3125,24.1,NA,24.7,38100,NA,NA,NA,NA,NA,145,NA,NA,NA,8.1,NA,NA,NA,NA,NA,NA,NA,NA,NA
Daily,2016-02-15,75.3125,24.1,NA,24.7,38200,NA,NA,NA,NA,NA,140,NA,NA,NA,8.2,NA,NA,NA,NA,NA,NA,NA,NA,NA
Daily,2016-02-16,75.2563,24,NA,24.8,38200,NA,NA,NA,NA,NA,137,NA,NA,NA,8.2,NA,NA,NA,NA,NA,NA,NA,NA,NA
Daily,2016-02-17,75.3125,24.1,NA,24.7,38100,NA,NA,NA,NA,NA,135,NA,NA,NA,8.2,NA,NA,NA,NA,NA,NA,NA,NA,NA
Daily,2016-02-18,75.3125,24.1,NA,24.6,38000,NA,NA,NA,NA,NA,130,NA,NA,NA,8.2,NA,NA,NA,NA,NA,NA,NA,NA,NA
Daily,2016-02-19,74.8625,23.9,NA,24.7,38000,NA,NA,NA,NA,NA,128,NA,NA,NA,8.1,NA,NA,NA,NA,NA,NA,NA,NA,NA
Daily,2016-02-20,74.75,23.75,NA,24.6,37800,NA,NA,NA,NA,NA,140,NA,NA,NA,8.1,NA,NA,NA,NA,NA,NA,NA,NA,NA
Daily,2016-02-21,74.75,23.8,NA,24.6,37900,NA,NA,NA,NA,NA,135,NA,NA,NA,8.1,NA,NA,NA,NA,NA,NA,NA,NA,NA
Daily,2016-02-22,74.75,23.8,NA,24.6,37800,NA,NA,NA,NA,NA,131,NA,NA,NA,8.1,NA,NA,NA,NA,NA,NA,NA,NA,NA
Daily,2016-02-23,74.975,23.8,NA,24.5,37700,NA,NA,NA,NA,NA,125.5,NA,NA,NA,8.1,NA,NA,NA,NA,NA,NA,NA,NA,NA
Daily,2016-02-24,75.0313,23.9,NA,24.6,37900,NA,NA,NA,NA,NA,119.5,NA,NA,NA,8.1,NA,NA,NA,NA,NA,NA,NA,NA,NA
Daily,2016-02-25,74.525,23.7,NA,24.7,37800,NA,NA,NA,NA,NA,122,NA,NA,NA,8.2,NA,NA,NA,NA,NA,NA,NA,NA,NA
Daily,2016-02-26,74.6375,23.7,NA,24.6,37700,NA,NA,NA,NA,NA,118,NA,NA,NA,8.2,NA,NA,NA,NA,NA,NA,NA,NA,NA
Daily,2016-02-27,74.9188,23.8,NA,24.6,37800,NA,NA,NA,NA,NA,115,NA,NA,NA,8.2,NA,NA,NA,NA,NA,NA,NA,NA,NA
Daily,2016-02-28,75.3688,24,NA,24.7,38200,NA,NA,NA,NA,NA,115,NA,NA,NA,8.2,NA,NA,NA,NA,NA,NA,NA,NA,NA
Daily,2016-02-29,75.4813,24.1,NA,24.7,38300,NA,NA,NA,NA,NA,114,NA,NA,NA,8.1,NA,NA,NA,NA,NA,NA,NA,NA,NA
Daily,2016-03-01,75.9875,24.4,NA,24.7,38400,NA,NA,NA,NA,NA,112,NA,NA,NA,8.1,NA,NA,NA,NA,NA,NA,NA,NA,NA
Daily,2016-03-02,76.2687,24.6,NA,24.7,38500,NA,NA,NA,NA,NA,112,NA,NA,NA,8.1,NA,NA,NA,NA,NA,NA,NA,NA,NA
Daily,2016-03-03,76.52189999999999,24.7,NA,24.65,38600,NA,NA,NA,NA,NA,112,NA,NA,NA,8.1,NA,NA,NA,NA,NA,NA,NA,NA,NA
Daily,2016-03-04,76.4375,24.7,NA,24.7,38700,NA,NA,NA,NA,NA,111,NA,NA,NA,8.1,NA,NA,NA,NA,NA,NA,NA,NA,NA
Daily,2016-03-05,76.1,24.5,NA,24.7,38600,NA,NA,NA,NA,NA,111,NA,NA,NA,8.1,NA,NA,NA,NA,NA,NA,NA,NA,NA
Daily,2016-03-06,75.65,24.3,NA,24.7,38300,NA,NA,NA,NA,NA,112,NA,NA,NA,8.1,NA,NA,NA,NA,NA,NA,NA,NA,NA
Daily,2016-03-07,75.7625,24.3,NA,24.7,38300,NA,NA,NA,NA,NA,111,NA,NA,NA,8.1,NA,NA,NA,NA,NA,NA,NA,NA,NA
Daily,2016-03-08,75.65,24.2,NA,24.7,38300,NA,NA,NA,NA,NA,111,NA,NA,NA,8.1,NA,NA,NA,NA,NA,NA,NA,NA,NA
Daily,2016-03-09,75.7625,24.3,NA,24.7,38300,NA,NA,NA,NA,NA,112,NA,NA,NA,8.1,NA,NA,NA,NA,NA,NA,NA,NA,NA
Daily,2016-03-10,75.9313,24.4,NA,24.7,38400,NA,NA,NA,NA,NA,111,NA,NA,NA,8.1,NA,NA,NA,NA,NA,NA,NA,NA,NA
Daily,2016-03-11,75.875,24.4,NA,24.7,38400,NA,NA,NA,NA,NA,112,NA,NA,NA,8.1,NA,NA,NA,NA,NA,NA,NA,NA,NA
Daily,2016-03-12,76.0438,24.4,NA,24.7,38400,NA,NA,NA,NA,NA,111,NA,NA,NA,8.1,NA,NA,NA,NA,NA,NA,NA,NA,NA
Daily,2016-03-13,75.875,24.4,NA,24.7,38300,NA,NA,NA,NA,NA,111,NA,NA,NA,NA,NA,NA,NA,NA,NA,NA,NA,NA,NA
Daily,2016-03-14,76.1563,24.5,NA,24.7,38400,NA,NA,NA,NA,NA,112,NA,NA,NA,NA,NA,NA,NA,NA,NA,NA,NA,NA,NA
Daily,2016-03-15,76.29685,24.6,NA,24.7,38500,NA,NA,NA,NA,NA,110,NA,NA,NA,NA,NA,NA,NA,NA,NA,NA,NA,NA,NA
Daily,2016-03-16,76.3813,24.6,NA,24.8,38700,NA,NA,NA,NA,NA,111,NA,NA,NA,8.1,NA,NA,NA,NA,NA,NA,NA,NA,NA
Daily,2016-03-17,76.2687,24.6,NA,24.9,38800,NA,NA,NA,NA,NA,110,NA,NA,NA,8.1,NA,NA,NA,NA,NA,NA,NA,NA,NA
Daily,2016-03-18,76.325,24.6,NA,24.9,38900,NA,NA,NA,NA,NA,110,NA,NA,NA,8.1,NA,NA,NA,NA,NA,NA,NA,NA,NA
Daily,2016-03-19,76.3813,24.6,NA,24.9,38900,NA,NA,NA,NA,NA,109,NA,NA,NA,8.1,NA,NA,NA,NA,NA,NA,NA,NA,NA
Daily,2016-03-20,76.2125,24.6,NA,24.9,38900,NA,NA,NA,NA,NA,109,NA,NA,NA,8.1,NA,NA,NA,NA,NA,NA,NA,NA,NA
Daily,2016-03-21,76.1563,24.6,NA,24.9,38900,NA,NA,NA,NA,NA,109,NA,NA,NA,8.1,NA,NA,NA,NA,NA,NA,NA,NA,NA
Daily,2016-03-22,76.325,24.7,NA,24.9,38900,NA,NA,NA,NA,NA,109,NA,NA,NA,8.1,NA,NA,NA,NA,NA,NA,NA,NA,NA
Daily,2016-03-23,76.325,24.7,NA,24.9,38900,NA,NA,NA,NA,NA,109,NA,NA,NA,8.1,NA,NA,NA,NA,NA,NA,NA,NA,NA
Daily,2016-03-24,76.1563,24.6,NA,24.9,38900,NA,NA,NA,NA,NA,109,NA,NA,NA,8.1,NA,NA,NA,NA,NA,NA,NA,NA,NA
Daily,2016-03-25,76.0438,24.5,NA,25,39000,NA,NA,NA,NA,NA,108,NA,NA,NA,8.1,NA,NA,NA,NA,NA,NA,NA,NA,NA
Daily,2016-03-26,76.0438,24.5,NA,25.1,39000,NA,NA,NA,NA,NA,110,NA,NA,NA,8.1,NA,NA,NA,NA,NA,NA,NA,NA,NA
Daily,2016-03-27,76.1,24.5,NA,25.1,39000,NA,NA,NA,NA,NA,113,NA,NA,NA,8.1,NA,NA,NA,NA,NA,NA,NA,NA,NA
Daily,2016-03-28,76.1563,24.6,NA,25.1,39100,NA,NA,NA,NA,NA,112,NA,NA,NA,8.1,NA,NA,NA,NA,NA,NA,NA,NA,NA
Daily,2016-03-29,75.9313,24.5,NA,25,39000,NA,NA,NA,NA,NA,111,NA,NA,NA,8.1,NA,NA,NA,NA,NA,NA,NA,NA,NA
Daily,2016-03-30,75.9875,24.5,NA,25,39000,NA,NA,NA,NA,NA,110,NA,NA,NA,8.1,NA,NA,NA,NA,NA,NA,NA,NA,NA
Daily,2016-03-31,75.5094,24.1,NA,25.2,38800,NA,NA,NA,NA,NA,111,NA,NA,NA,8.1,NA,NA,NA,NA,NA,NA,NA,NA,NA
Daily,2016-04-01,74.6375,23.7,NA,25.2,38600,NA,NA,NA,NA,NA,120,NA,NA,NA,8.1,NA,NA,NA,NA,NA,NA,NA,NA,NA
Daily,2016-04-02,74.21565,23.5,NA,25.2,38400,NA,NA,NA,NA,NA,119,NA,NA,NA,8.1,NA,NA,NA,NA,NA,NA,NA,NA,NA
Daily,2016-04-03,73.9625,23.4,NA,25.2,38250,NA,NA,NA,NA,NA,117,NA,NA,NA,8.1,NA,NA,NA,NA,NA,NA,NA,NA,NA
Daily,2016-04-04,73.9063,23.3,NA,25.1,38200,NA,NA,NA,NA,NA,119,NA,NA,NA,8.1,NA,NA,NA,NA,NA,NA,NA,NA,NA
Daily,2016-04-05,73.9063,23.3,NA,25.1,38150,NA,NA,NA,NA,NA,114,NA,NA,NA,8.1,NA,NA,NA,NA,NA,NA,NA,NA,NA
Daily,2016-04-06,74.2438,23.5,NA,25.1,38300,NA,NA,NA,NA,NA,110,NA,NA,NA,8.1,NA,NA,NA,NA,NA,NA,NA,NA,NA
Daily,2016-04-07,74.2438,23.5,NA,25.3,38500,NA,NA,NA,NA,NA,109,NA,NA,NA,8.1,NA,NA,NA,NA,NA,NA,NA,NA,NA
Daily,2016-04-08,73.9625,23.3,NA,25.3,38400,NA,NA,NA,NA,NA,111,NA,NA,NA,8.1,NA,NA,NA,NA,NA,NA,NA,NA,NA
Daily,2016-04-09,73.9063,23.3,NA,25.2,38300,NA,NA,NA,NA,NA,111.5,NA,NA,NA,8.1,NA,NA,NA,NA,NA,NA,NA,NA,NA
Daily,2016-04-10,73.625,23.1,NA,25.2,38300,NA,NA,NA,NA,NA,113,NA,NA,NA,8.1,NA,NA,NA,NA,NA,NA,NA,NA,NA
Daily,2016-04-11,73.4,23,NA,25.1,38000,NA,NA,NA,NA,NA,112,NA,NA,NA,8.1,NA,NA,NA,NA,NA,NA,NA,NA,NA
Daily,2016-04-12,73.37190000000001,23,NA,25.4,38300,NA,NA,NA,NA,NA,114,NA,NA,NA,8.1,NA,NA,NA,NA,NA,NA,NA,NA,NA
Daily,2016-04-13,73.54065,23.1,NA,25.3,38300,NA,NA,NA,NA,NA,114,NA,NA,NA,8.1,NA,NA,NA,NA,NA,NA,NA,NA,NA
Daily,2016-04-14,73.90625,23.3,NA,25.45,38400,NA,NA,NA,NA,NA,112,NA,NA,NA,8.1,NA,NA,NA,NA,NA,NA,NA,NA,NA
Daily,2016-04-15,74.075,23.4,NA,25.5,NA,NA,NA,NA,NA,NA,111,NA,NA,NA,8.1,NA,NA,NA,NA,NA,NA,NA,NA,NA
Daily,2016-04-16,73.6813,23.2,NA,25.5,38500,NA,NA,NA,NA,NA,113,NA,NA,NA,8.1,NA,NA,NA,NA,NA,NA,NA,NA,NA
Daily,2016-04-17,73.4,23.1,NA,25.4,38300,NA,NA,NA,NA,NA,114,NA,NA,NA,8.1,NA,NA,NA,NA,NA,NA,NA,NA,NA
Daily,2016-04-18,73.3438,23,NA,25.5,38400,NA,NA,NA,NA,NA,111,NA,NA,NA,8.1,NA,NA,NA,NA,NA,NA,NA,NA,NA
Daily,2016-04-19,73.5125,23.1,NA,25.5,38400,NA,NA,NA,NA,NA,113,NA,NA,NA,8.2,NA,NA,NA,NA,NA,NA,NA,NA,NA
Daily,2016-04-20,73.76565,23.2,NA,25.1,38100,NA,NA,NA,NA,NA,112.5,NA,NA,NA,8.2,NA,NA,NA,NA,NA,NA,NA,NA,NA
Daily,2016-04-21,74.3,23.5,NA,24.9,38000,NA,NA,NA,NA,NA,112,NA,NA,NA,8.2,NA,NA,NA,NA,NA,NA,NA,NA,NA
Daily,2016-04-22,74.5812,23.7,NA,24.9,38100,NA,NA,NA,NA,NA,112,NA,NA,NA,8.2,NA,NA,NA,NA,NA,NA,NA,NA,NA
Daily,2016-04-23,74.6938,23.8,NA,24.9,38200,NA,NA,NA,NA,NA,112,NA,NA,NA,8.2,NA,NA,NA,NA,NA,NA,NA,NA,NA
Daily,2016-04-24,74.5812,23.7,NA,24.9,38100,NA,NA,NA,NA,NA,113,NA,NA,NA,8.2,NA,NA,NA,NA,NA,NA,NA,NA,NA
Daily,2016-04-25,74.7219,23.7,NA,24.9,38200,NA,NA,NA,NA,NA,113,NA,NA,NA,8.2,NA,NA,NA,NA,NA,NA,NA,NA,NA
Daily,2016-04-26,74.6938,23.8,NA,24.9,38200,NA,NA,NA,NA,NA,113,NA,NA,NA,8.2,NA,NA,NA,NA,NA,NA,NA,NA,NA
Daily,2016-04-27,74.525,23.7,NA,24.9,38100,NA,NA,NA,NA,NA,113,NA,NA,NA,8.2,NA,NA,NA,NA,NA,NA,NA,NA,NA
Daily,2016-04-28,74.49690000000001,23.6,NA,24.9,38100,NA,NA,NA,NA,NA,113,NA,NA,NA,8.2,NA,NA,NA,NA,NA,NA,NA,NA,NA
Daily,2016-04-29,74.075,23.4,NA,24.8,37900,NA,NA,NA,NA,NA,114,NA,NA,NA,8.2,NA,NA,NA,NA,NA,NA,NA,NA,NA
Daily,2016-04-30,73.9063,23.3,NA,24.8,37800,NA,NA,NA,NA,NA,113,NA,NA,NA,8.2,NA,NA,NA,NA,NA,NA,NA,NA,NA
Daily,2016-05-01,73.4563,23.1,NA,24.8,37600,NA,NA,NA,NA,NA,114,NA,NA,NA,8.1,NA,NA,NA,NA,NA,NA,NA,NA,NA
Daily,2016-05-02,73.4844,23.1,NA,24.8,37600,NA,NA,NA,NA,NA,114,NA,NA,NA,8.1,NA,NA,NA,NA,NA,NA,NA,NA,NA
Daily,2016-05-03,73.85,23.3,NA,24.8,37700,NA,NA,NA,NA,NA,112,NA,NA,NA,8.1,NA,NA,NA,NA,NA,NA,NA,NA,NA
Daily,2016-05-04,74.21565,23.5,NA,24.8,37900,NA,NA,NA,NA,NA,110,NA,NA,NA,8.1,NA,NA,NA,NA,NA,NA,NA,NA,NA
Daily,2016-05-05,74.75,23.8,NA,24.8,38100,NA,NA,NA,NA,NA,108,NA,NA,NA,8.1,NA,NA,NA,NA,NA,NA,NA,NA,NA
Daily,2016-05-06,74.8625,23.9,NA,24.7,38100,NA,NA,NA,NA,NA,111,NA,NA,NA,8.1,NA,NA,NA,NA,NA,NA,NA,NA,NA
Daily,2016-05-07,74.6938,23.8,NA,24.8,38100,NA,NA,NA,NA,NA,125,NA,NA,NA,8.1,NA,NA,NA,NA,NA,NA,NA,NA,NA
Daily,2016-05-08,74.4125,23.6,NA,24.8,37900,NA,NA,NA,NA,NA,127,NA,NA,NA,8.1,NA,NA,NA,NA,NA,NA,NA,NA,NA
Daily,2016-05-09,74.2438,23.5,NA,24.8,37800,NA,NA,NA,NA,NA,134,NA,NA,NA,8,NA,NA,NA,NA,NA,NA,NA,NA,NA
Daily,2016-05-10,74.32815,23.5,NA,24.8,37800,NA,NA,NA,NA,NA,137,NA,NA,NA,8,NA,NA,NA,NA,NA,NA,NA,NA,NA
Daily,2016-05-11,74.525,23.6,NA,24.7,37900,NA,NA,NA,NA,NA,136,NA,NA,NA,8,NA,NA,NA,NA,NA,NA,NA,NA,NA
Daily,2016-05-12,74.77815,23.75,NA,24.7,38000,NA,NA,NA,NA,NA,135,NA,NA,NA,8,NA,NA,NA,NA,NA,NA,NA,NA,NA
Daily,2016-05-13,75.1156,23.9,NA,24.8,38100,NA,NA,NA,NA,NA,133,NA,NA,NA,8,NA,NA,NA,NA,NA,NA,NA,NA,NA
Daily,2016-05-14,75.0875,23.9,NA,24.7,38100,NA,NA,NA,NA,NA,130,NA,NA,NA,8,NA,NA,NA,NA,NA,NA,NA,NA,NA
Daily,2016-05-15,74.975,23.9,NA,24.7,38000,NA,NA,NA,NA,NA,126,NA,NA,NA,8,NA,NA,NA,NA,NA,NA,NA,NA,NA
Daily,2016-05-16,74.75,23.8,NA,24.7,37900,NA,NA,NA,NA,NA,126,NA,NA,NA,8,NA,NA,NA,NA,NA,NA,NA,NA,NA
Daily,2016-05-17,74.6375,23.7,NA,24.7,37800,NA,NA,NA,NA,NA,125,NA,NA,NA,8,NA,NA,NA,NA,NA,NA,NA,NA,NA
Daily,2016-05-18,74.4125,23.6,NA,24.6,37700,NA,NA,NA,NA,NA,130,NA,NA,NA,8,NA,NA,NA,NA,NA,NA,NA,NA,NA
Daily,2016-05-19,74.3563,23.5,NA,24.7,37700,NA,NA,NA,NA,NA,129,NA,NA,NA,8,NA,NA,NA,NA,NA,NA,NA,NA,NA
Daily,2016-05-20,74.4125,23.6,NA,24.6,37700,NA,NA,NA,NA,NA,142,NA,NA,NA,8,NA,NA,NA,NA,NA,NA,NA,NA,NA
Daily,2016-05-21,74.3563,23.6,NA,24.6,37600,NA,NA,NA,NA,NA,138,NA,NA,NA,8,NA,NA,NA,NA,NA,NA,NA,NA,NA
Daily,2016-05-22,74.075,23.4,NA,24.6,37500,NA,NA,NA,NA,NA,135,NA,NA,NA,8,NA,NA,NA,NA,NA,NA,NA,NA,NA
Daily,2016-05-23,74.10315,23.4,NA,24.6,37500,NA,NA,NA,NA,NA,129,NA,NA,NA,8,NA,NA,NA,NA,NA,NA,NA,NA,NA
Daily,2016-05-24,74.1313,23.4,NA,24.6,37500,NA,NA,NA,NA,NA,134.5,NA,NA,NA,8,NA,NA,NA,NA,NA,NA,NA,NA,NA
Daily,2016-05-25,74.0187,23.4,NA,24.6,37500,NA,NA,NA,NA,NA,127,NA,NA,NA,8,NA,NA,NA,NA,NA,NA,NA,NA,NA
Daily,2016-05-26,73.7375,23.2,NA,24.6,37300,NA,NA,NA,NA,NA,127,NA,NA,NA,8,NA,NA,NA,NA,NA,NA,NA,NA,NA
Daily,2016-05-27,73.4563,23.05,NA,24.6,37200,NA,NA,NA,NA,NA,133,NA,NA,NA,8,NA,NA,NA,NA,NA,NA,NA,NA,NA
Daily,2016-05-28,73.3438,23,NA,24.6,37200,NA,NA,NA,NA,NA,128.5,NA,NA,NA,8,NA,NA,NA,NA,NA,NA,NA,NA,NA
Daily,2016-05-29,73.4,23,NA,24.6,37200,NA,NA,NA,NA,NA,125,NA,NA,NA,8,NA,NA,NA,NA,NA,NA,NA,NA,NA
Daily,2016-05-30,73.5688,23.1,NA,24.6,37200,NA,NA,NA,NA,NA,125,NA,NA,NA,8,NA,NA,NA,NA,NA,NA,NA,NA,NA
Daily,2016-05-31,73.625,23.1,NA,24.6,37300,NA,NA,NA,NA,NA,123,NA,NA,NA,8,NA,NA,NA,NA,NA,NA,NA,NA,NA
Daily,2016-06-01,74.0187,23.3,NA,24.6,37500,NA,NA,NA,NA,NA,120,NA,NA,NA,8,NA,NA,NA,NA,NA,NA,NA,NA,NA
Daily,2016-06-02,74.1313,23.4,NA,24.6,37600,NA,NA,NA,NA,NA,119,NA,NA,NA,8,NA,NA,NA,NA,NA,NA,NA,NA,NA
Daily,2016-06-03,74.3,23.5,NA,24.7,37700,NA,NA,NA,NA,NA,121.5,NA,NA,NA,8,NA,NA,NA,NA,NA,NA,NA,NA,NA
Daily,2016-06-04,74.5812,23.65,NA,24.7,37800,NA,NA,NA,NA,NA,120.5,NA,NA,NA,8,NA,NA,NA,NA,NA,NA,NA,NA,NA
Daily,2016-06-05,74.9188,23.85,NA,24.7,38000,NA,NA,NA,NA,NA,121,NA,NA,NA,8,NA,NA,NA,NA,NA,NA,NA,NA,NA
Daily,2016-06-06,75.3125,24.05,NA,24.8,38300,NA,NA,NA,NA,NA,124,NA,NA,NA,8,NA,NA,NA,NA,NA,NA,NA,NA,NA
Daily,2016-06-07,75.6781,24.25,NA,24.8,38400,NA,NA,NA,NA,NA,125,NA,NA,NA,8,NA,NA,NA,NA,NA,NA,NA,NA,NA
Daily,2016-06-08,76.2687,24.6,NA,24.8,38700,NA,NA,NA,NA,NA,127,NA,NA,NA,8,NA,NA,NA,NA,NA,NA,NA,NA,NA
Daily,2016-06-09,76.52189999999999,24.7,NA,24.7,38600,NA,NA,NA,NA,NA,127,NA,NA,NA,8,NA,NA,NA,NA,NA,NA,NA,NA,NA
Daily,2016-06-10,76.775,24.9,NA,24.6,38600,NA,NA,NA,NA,NA,127,NA,NA,NA,8,NA,NA,NA,NA,NA,NA,NA,NA,NA
Daily,2016-06-11,76.8875,24.9,NA,24.6,38700,NA,NA,NA,NA,NA,126,NA,NA,NA,8,NA,NA,NA,NA,NA,NA,NA,NA,NA
Daily,2016-06-12,77,25,NA,24.6,38700,NA,NA,NA,NA,NA,124,NA,NA,NA,8,NA,NA,NA,NA,NA,NA,NA,NA,NA
Daily,2016-06-13,76.8875,25,NA,24.6,38700,NA,NA,NA,NA,NA,122,NA,NA,NA,8,NA,NA,NA,NA,NA,NA,NA,NA,NA
Daily,2016-06-14,76.7188,24.9,NA,24.6,38700,NA,NA,NA,NA,NA,131,NA,NA,NA,8,NA,NA,NA,NA,NA,NA,NA,NA,NA
Daily,2016-06-15,76.6063,24.8,NA,24.6,38700,NA,NA,NA,NA,NA,123,NA,NA,NA,NA,NA,NA,NA,NA,NA,NA,NA,NA,NA
Daily,2016-06-16,76.7188,24.8,NA,24.7,38700,NA,NA,NA,NA,NA,122,NA,NA,NA,8,NA,NA,NA,NA,NA,NA,NA,NA,NA
Daily,2016-06-17,76.8312,24.9,NA,24.7,38800,NA,NA,NA,NA,NA,123,NA,NA,NA,8,NA,NA,NA,NA,NA,NA,NA,NA,NA
Daily,2016-06-18,76.8312,24.9,NA,24.7,38800,NA,NA,NA,NA,NA,128,NA,NA,NA,8,NA,NA,NA,NA,NA,NA,NA,NA,NA
Daily,2016-06-19,76.8875,25,NA,24.7,38800,NA,NA,NA,NA,NA,127,NA,NA,NA,8,NA,NA,NA,NA,NA,NA,NA,NA,NA
Daily,2016-06-20,77.0563,25.1,NA,24.7,38900,NA,NA,NA,NA,NA,126,NA,NA,NA,8,NA,NA,NA,NA,NA,NA,NA,NA,NA
Daily,2016-06-21,77.42185,25.2,NA,24.5,38700,NA,NA,NA,NA,NA,127,NA,NA,NA,8,NA,NA,NA,NA,NA,NA,NA,NA,NA
Daily,2016-06-22,77.675,25.4,NA,24.8,39300,NA,NA,NA,NA,NA,125,NA,NA,NA,8,NA,NA,NA,NA,NA,NA,NA,NA,NA
Daily,2016-06-23,77.6188,25.4,NA,24.8,39300,NA,NA,NA,NA,NA,125,NA,NA,NA,8,NA,NA,NA,NA,NA,NA,NA,NA,NA
Daily,2016-06-24,77.5344,25.3,NA,24.8,39300,NA,NA,NA,NA,NA,125,NA,NA,NA,8,NA,NA,NA,NA,NA,NA,NA,NA,NA
Daily,2016-06-25,77.7875,25.4,NA,24.8,39300,NA,NA,NA,NA,NA,126,NA,NA,NA,8,NA,NA,NA,NA,NA,NA,NA,NA,NA
Daily,2016-06-26,77.6188,25.4,NA,24.8,39300,NA,NA,NA,NA,NA,129,NA,NA,NA,8,NA,NA,NA,NA,NA,NA,NA,NA,NA
Daily,2016-06-27,77.5625,25.3,NA,24.8,39300,NA,NA,NA,NA,NA,127,NA,NA,NA,8,NA,NA,NA,NA,NA,NA,NA,NA,NA
Daily,2016-06-28,77.87190000000001,25.5,NA,24.9,39500,NA,NA,NA,NA,NA,124,NA,NA,NA,8,NA,NA,NA,NA,NA,NA,NA,NA,NA
Daily,2016-06-29,77.9562,25.5,NA,25,40000,NA,NA,NA,NA,NA,124,NA,NA,NA,8,NA,NA,NA,NA,NA,NA,NA,NA,NA
Daily,2016-06-30,77.9,25.5,NA,25.1,39900,NA,NA,NA,NA,NA,NA,NA,NA,NA,NA,NA,NA,NA,NA,NA,NA,NA,NA,NA
Daily,2016-07-01,77.7313,25.4,NA,25.1,39800,NA,NA,NA,NA,NA,141.5,NA,NA,NA,7.9,NA,NA,NA,NA,NA,NA,NA,NA,NA
Daily,2016-07-02,77.9281,25.5,NA,25.2,39900,NA,NA,NA,NA,NA,133,NA,NA,NA,7.9,NA,NA,NA,NA,NA,NA,NA,NA,NA
Daily,2016-07-03,78.2938,25.7,NA,25.1,40100,NA,NA,NA,NA,NA,130,NA,NA,NA,7.9,NA,NA,NA,NA,NA,NA,NA,NA,NA
Daily,2016-07-04,78.4625,25.8,NA,25.1,40200,NA,NA,NA,NA,NA,131,NA,NA,NA,7.9,NA,NA,NA,NA,NA,NA,NA,NA,NA
Daily,2016-07-05,78.4625,25.8,NA,25.2,40200,NA,NA,NA,NA,NA,130,NA,NA,NA,7.9,NA,NA,NA,NA,NA,NA,NA,NA,NA
Daily,2016-07-06,78.5187,25.8,NA,25.2,40200,NA,NA,NA,NA,NA,132,NA,NA,NA,7.9,NA,NA,NA,NA,NA,NA,NA,NA,NA
Daily,2016-07-07,78.6594,25.9,NA,25.2,40300,NA,NA,NA,NA,NA,129,NA,NA,NA,7.9,NA,NA,NA,NA,NA,NA,NA,NA,NA
Daily,2016-07-08,78.9688,26.1,NA,25.2,40400,NA,NA,NA,NA,NA,127,NA,NA,NA,7.9,NA,NA,NA,NA,NA,NA,NA,NA,NA
Daily,2016-07-09,79.30625,26.3,NA,25.2,40600,NA,NA,NA,NA,NA,126,NA,NA,NA,7.9,NA,NA,NA,NA,NA,NA,NA,NA,NA
Daily,2016-07-10,79.475,26.4,NA,25.2,40700,NA,NA,NA,NA,NA,127,NA,NA,NA,7.9,NA,NA,NA,NA,NA,NA,NA,NA,NA
Daily,2016-07-11,79.3625,26.3,NA,25.4,40800,NA,NA,NA,NA,NA,128,NA,NA,NA,7.9,NA,NA,NA,NA,NA,NA,NA,NA,NA
Daily,2016-07-12,79.25,26.3,NA,25.4,40900,NA,NA,NA,NA,NA,130,NA,NA,NA,7.9,NA,NA,NA,NA,NA,NA,NA,NA,NA
Daily,2016-07-13,79.1375,26.2,NA,25.4,40800,NA,NA,NA,NA,NA,129,NA,NA,NA,7.9,NA,NA,NA,NA,NA,NA,NA,NA,NA
Daily,2016-07-14,79.1938,26.2,NA,25.4,40900,NA,NA,NA,NA,NA,129,NA,NA,NA,8,NA,NA,NA,NA,NA,NA,NA,NA,NA
Daily,2016-07-15,79.1938,26.2,NA,25.5,40900,NA,NA,NA,NA,NA,131,NA,NA,NA,8,NA,NA,NA,NA,NA,NA,NA,NA,NA
Daily,2016-07-16,79.1938,26.3,NA,NA,NA,NA,NA,NA,NA,NA,143,NA,NA,NA,NA,NA,NA,NA,NA,NA,NA,NA,NA,NA
Daily,2016-07-17,78.8563,25.7,NA,NA,NA,NA,NA,NA,NA,NA,145,NA,NA,NA,NA,NA,NA,NA,NA,NA,NA,NA,NA,NA
Daily,2016-07-18,78.6875,26,NA,25.6,40900,NA,NA,NA,NA,NA,144,NA,NA,NA,7.6,NA,NA,NA,NA,NA,NA,NA,NA,NA
Daily,2016-07-19,78.5187,25.9,NA,25.6,40900,NA,NA,NA,NA,NA,166.5,NA,NA,NA,7.6,NA,NA,NA,NA,NA,NA,NA,NA,NA
Daily,2016-07-20,78.575,25.9,NA,25.6,40800,NA,NA,NA,NA,NA,163,NA,NA,NA,7.7,NA,NA,NA,NA,NA,NA,NA,NA,NA
Daily,2016-07-21,78.8844,26.05,NA,25.45,40800,NA,NA,NA,NA,NA,159,NA,NA,NA,7.7,NA,NA,NA,NA,NA,NA,NA,NA,NA
Daily,2016-07-22,79.1375,26.2,NA,25.4,40800,NA,NA,NA,NA,NA,150.5,NA,NA,NA,7.7,NA,NA,NA,NA,NA,NA,NA,NA,NA
Daily,2016-07-23,79.1938,26.2,NA,25.5,40900,NA,NA,NA,NA,NA,152,NA,NA,NA,7.7,NA,NA,NA,NA,NA,NA,NA,NA,NA
Daily,2016-07-24,79.4188,26.3,NA,25.5,41100,NA,NA,NA,NA,NA,145,NA,NA,NA,7.7,NA,NA,NA,NA,NA,NA,NA,NA,NA
Daily,2016-07-25,79.6437,26.5,NA,25.5,41200,NA,NA,NA,NA,NA,124,NA,NA,NA,7.7,NA,NA,NA,NA,NA,NA,NA,NA,NA
Daily,2016-07-26,79.89689999999999,26.6,NA,25.6,41400,NA,NA,NA,NA,NA,118,NA,NA,NA,7.7,NA,NA,NA,NA,NA,NA,NA,NA,NA
Daily,2016-07-27,80.1781,26.8,NA,25.6,41550,NA,NA,NA,NA,NA,116,NA,NA,NA,7.7,NA,NA,NA,NA,NA,NA,NA,NA,NA
Daily,2016-07-28,80.2062,26.8,NA,25.9,42000,NA,NA,NA,NA,NA,114,NA,NA,NA,7.8,NA,NA,NA,NA,NA,NA,NA,NA,NA
Daily,2016-07-29,80.2625,26.8,NA,25.9,42000,NA,NA,NA,NA,NA,113,NA,NA,NA,7.8,NA,NA,NA,NA,NA,NA,NA,NA,NA
Daily,2016-07-30,80.15,NA,NA,NA,NA,NA,NA,NA,NA,NA,NA,NA,NA,NA,NA,NA,NA,NA,NA,NA,NA,NA,NA,NA
Daily,2016-07-31,79.9813,NA,NA,NA,NA,NA,NA,NA,NA,NA,NA,NA,NA,NA,NA,NA,NA,NA,NA,NA,NA,NA,NA,NA
Daily,2016-08-01,79.8688,NA,NA,NA,NA,NA,NA,NA,NA,NA,NA,NA,NA,NA,NA,NA,NA,NA,NA,NA,NA,NA,NA,NA
Daily,2016-08-02,79.475,NA,NA,NA,NA,NA,NA,NA,NA,NA,NA,NA,NA,NA,NA,NA,NA,NA,NA,NA,NA,NA,NA,NA
Daily,2016-08-03,79.3063,NA,NA,NA,NA,NA,NA,NA,NA,NA,NA,NA,NA,NA,NA,NA,NA,NA,NA,NA,NA,NA,NA,NA
Daily,2016-08-04,79.1938,NA,NA,NA,NA,NA,NA,NA,NA,NA,NA,NA,NA,NA,NA,NA,NA,NA,NA,NA,NA,NA,NA,NA
Daily,2016-08-05,79.0812,NA,NA,NA,NA,NA,NA,NA,NA,NA,NA,NA,NA,NA,NA,NA,NA,NA,NA,NA,NA,NA,NA,NA
Daily,2016-08-06,79.10935,NA,NA,NA,NA,NA,NA,NA,NA,NA,NA,NA,NA,NA,NA,NA,NA,NA,NA,NA,NA,NA,NA,NA
Daily,2016-08-07,79.33439999999999,NA,NA,NA,NA,NA,NA,NA,NA,NA,NA,NA,NA,NA,NA,NA,NA,NA,NA,NA,NA,NA,NA,NA
Daily,2016-08-08,79.4188,NA,NA,NA,NA,NA,NA,NA,NA,NA,NA,NA,NA,NA,NA,NA,NA,NA,NA,NA,NA,NA,NA,NA
Daily,2016-08-09,79.3625,NA,NA,NA,NA,NA,NA,NA,NA,NA,NA,NA,NA,NA,NA,NA,NA,NA,NA,NA,NA,NA,NA,NA
Daily,2016-08-10,79.3063,NA,NA,NA,NA,NA,NA,NA,NA,NA,NA,NA,NA,NA,NA,NA,NA,NA,NA,NA,NA,NA,NA,NA
Daily,2016-08-11,79.1375,NA,NA,NA,NA,NA,NA,NA,NA,NA,NA,NA,NA,NA,NA,NA,NA,NA,NA,NA,NA,NA,NA,NA
Daily,2016-08-12,79.025,NA,NA,NA,NA,NA,NA,NA,NA,NA,NA,NA,NA,NA,NA,NA,NA,NA,NA,NA,NA,NA,NA,NA
Daily,2016-08-13,79.4469,NA,NA,NA,NA,NA,NA,NA,NA,NA,NA,NA,NA,NA,NA,NA,NA,NA,NA,NA,NA,NA,NA,NA
Daily,2016-08-14,79.5875,NA,NA,NA,NA,NA,NA,NA,NA,NA,NA,NA,NA,NA,NA,NA,NA,NA,NA,NA,NA,NA,NA,NA
Daily,2016-08-15,79.5875,NA,NA,NA,NA,NA,NA,NA,NA,NA,NA,NA,NA,NA,NA,NA,NA,NA,NA,NA,NA,NA,NA,NA
Daily,2016-08-16,79.67185,NA,NA,NA,NA,NA,NA,NA,NA,NA,NA,NA,NA,NA,NA,NA,NA,NA,NA,NA,NA,NA,NA,NA
Daily,2016-08-17,79.925,NA,NA,NA,NA,NA,NA,NA,NA,NA,NA,NA,NA,NA,NA,NA,NA,NA,NA,NA,NA,NA,NA,NA
Daily,2016-08-18,80.0375,NA,NA,NA,NA,NA,NA,NA,NA,NA,NA,NA,NA,NA,NA,NA,NA,NA,NA,NA,NA,NA,NA,NA
Daily,2016-08-19,79.9813,NA,NA,NA,NA,NA,NA,NA,NA,NA,NA,NA,NA,NA,NA,NA,NA,NA,NA,NA,NA,NA,NA,NA
Daily,2016-08-20,79.8688,NA,NA,NA,NA,NA,NA,NA,NA,NA,NA,NA,NA,NA,NA,NA,NA,NA,NA,NA,NA,NA,NA,NA
Daily,2016-08-21,79.7,NA,NA,NA,NA,NA,NA,NA,NA,NA,NA,NA,NA,NA,NA,NA,NA,NA,NA,NA,NA,NA,NA,NA
Daily,2016-08-22,79.4188,NA,NA,NA,NA,NA,NA,NA,NA,NA,NA,NA,NA,NA,NA,NA,NA,NA,NA,NA,NA,NA,NA,NA
Daily,2016-08-23,79.1375,NA,NA,NA,NA,NA,NA,NA,NA,NA,NA,NA,NA,NA,NA,NA,NA,NA,NA,NA,NA,NA,NA,NA
Daily,2016-08-24,79.025,NA,NA,NA,NA,NA,NA,NA,NA,NA,NA,NA,NA,NA,NA,NA,NA,NA,NA,NA,NA,NA,NA,NA
Daily,2016-08-25,79.0531,NA,NA,NA,NA,NA,NA,NA,NA,NA,NA,NA,NA,NA,NA,NA,NA,NA,NA,NA,NA,NA,NA,NA
Daily,2016-08-26,79.025,NA,NA,NA,NA,NA,NA,NA,NA,NA,NA,NA,NA,NA,NA,NA,NA,NA,NA,NA,NA,NA,NA,NA
Daily,2016-08-27,78.7438,NA,NA,NA,NA,NA,NA,NA,NA,NA,NA,NA,NA,NA,NA,NA,NA,NA,NA,NA,NA,NA,NA,NA
Daily,2016-08-28,78.4625,NA,NA,NA,NA,NA,NA,NA,NA,NA,NA,NA,NA,NA,NA,NA,NA,NA,NA,NA,NA,NA,NA,NA
Daily,2016-08-29,78.2938,NA,NA,NA,NA,NA,NA,NA,NA,NA,NA,NA,NA,NA,NA,NA,NA,NA,NA,NA,NA,NA,NA,NA
Daily,2016-08-30,78.2375,NA,NA,NA,NA,NA,NA,NA,NA,NA,NA,NA,NA,NA,NA,NA,NA,NA,NA,NA,NA,NA,NA,NA
Daily,2016-08-31,78.2938,NA,NA,NA,NA,NA,NA,NA,NA,NA,NA,NA,NA,NA,NA,NA,NA,NA,NA,NA,NA,NA,NA,NA
Daily,2016-09-01,78.2938,25.7,NA,22.2,35900,NA,NA,NA,NA,NA,311.5,NA,NA,NA,8.3,NA,NA,NA,NA,NA,NA,NA,NA,NA
Daily,2016-09-02,78.37815,25.7,NA,22.2,35900,NA,NA,NA,NA,NA,337,NA,NA,NA,8.3,NA,NA,NA,NA,NA,NA,NA,NA,NA
Daily,2016-09-03,78.6313,25.9,NA,22.2,36000,NA,NA,NA,NA,NA,360,NA,NA,NA,NA,NA,NA,NA,NA,NA,NA,NA,NA,NA
Daily,2016-09-04,78.4625,25.8,NA,22.2,36000,NA,NA,NA,NA,NA,370,NA,NA,NA,NA,NA,NA,NA,NA,NA,NA,NA,NA,NA
Daily,2016-09-05,78.0969,25.6,NA,22.2,35800,NA,NA,NA,NA,NA,381,NA,NA,NA,NA,NA,NA,NA,NA,NA,NA,NA,NA,NA
Daily,2016-09-06,77.7313,25.4,NA,22.2,35700,NA,NA,NA,NA,NA,388,NA,NA,NA,NA,NA,NA,NA,NA,NA,NA,NA,NA,NA
Daily,2016-09-07,77.225,25.1,NA,22.2,35500,NA,NA,NA,NA,NA,393,NA,NA,NA,8.3,NA,NA,NA,NA,NA,NA,NA,NA,NA
Daily,2016-09-08,77.1125,25.05,NA,22.2,35400,NA,NA,NA,NA,NA,382,NA,NA,NA,8.3,NA,NA,NA,NA,NA,NA,NA,NA,NA
Daily,2016-09-09,77.3375,25.2,NA,22.2,35400,NA,NA,NA,NA,NA,391,NA,NA,NA,8.3,NA,NA,NA,NA,NA,NA,NA,NA,NA
Daily,2016-09-10,77.5344,25.3,NA,22.1,35400,NA,NA,NA,NA,NA,413.5,NA,NA,NA,8.3,NA,NA,NA,NA,NA,NA,NA,NA,NA
Daily,2016-09-11,77.64689999999999,25.3,NA,22.1,35500,NA,NA,NA,NA,NA,424,NA,NA,NA,8.3,NA,NA,NA,NA,NA,NA,NA,NA,NA
Daily,2016-09-12,77.6188,25.3,NA,22.1,35500,NA,NA,NA,NA,NA,442,NA,NA,NA,8.3,NA,NA,NA,NA,NA,NA,NA,NA,NA
Daily,2016-09-13,77.3375,25.2,NA,22.1,35400,NA,NA,NA,NA,NA,459,NA,NA,NA,8.3,NA,NA,NA,NA,NA,NA,NA,NA,NA
Daily,2016-09-14,77.1688,25.1,NA,22.1,35200,NA,NA,NA,NA,NA,474,NA,NA,NA,8.3,NA,NA,NA,NA,NA,NA,NA,NA,NA
Daily,2016-09-15,77.0563,25,NA,22.1,35100,NA,NA,NA,NA,NA,483,NA,NA,NA,8.3,NA,NA,NA,NA,NA,NA,NA,NA,NA
Daily,2016-09-16,76.6063,24.8,NA,22.1,35000,NA,NA,NA,NA,NA,482,NA,NA,NA,8.3,NA,NA,NA,NA,NA,NA,NA,NA,NA
Daily,2016-09-17,76.3813,24.6,NA,22.1,34900,NA,NA,NA,NA,NA,491,NA,NA,NA,8.3,NA,NA,NA,NA,NA,NA,NA,NA,NA
Daily,2016-09-18,76.325,24.6,NA,22.1,34900,NA,NA,NA,NA,NA,503,NA,NA,NA,8.3,NA,NA,NA,NA,NA,NA,NA,NA,NA
Daily,2016-09-19,76.2125,24.6,NA,22.1,34900,NA,NA,NA,NA,NA,505,NA,NA,NA,8.3,NA,NA,NA,NA,NA,NA,NA,NA,NA
Daily,2016-09-20,76.0438,24.5,NA,22.1,34800,NA,NA,NA,NA,NA,491,NA,NA,NA,8.3,NA,NA,NA,NA,NA,NA,NA,NA,NA
Daily,2016-09-21,76.1563,24.5,NA,22.1,34800,NA,NA,NA,NA,NA,504.5,NA,NA,NA,8.3,NA,NA,NA,NA,NA,NA,NA,NA,NA
Daily,2016-09-22,76.4938,24.7,NA,22.1,34900,NA,NA,NA,NA,NA,521,NA,NA,NA,8.3,NA,NA,NA,NA,NA,NA,NA,NA,NA
Daily,2016-09-23,76.2687,24.6,NA,22,34800,NA,NA,NA,NA,NA,542,NA,NA,NA,8.3,NA,NA,NA,NA,NA,NA,NA,NA,NA
Daily,2016-09-24,75.7062,24.3,NA,22,34600,NA,NA,NA,NA,NA,552.5,NA,NA,NA,8.3,NA,NA,NA,NA,NA,NA,NA,NA,NA
Daily,2016-09-25,75.1437,24,NA,22,34400,NA,NA,NA,NA,NA,556,NA,NA,NA,8.3,NA,NA,NA,NA,NA,NA,NA,NA,NA
Daily,2016-09-26,74.5531,23.65,NA,22,34100,NA,NA,NA,NA,NA,576.5,NA,NA,NA,8.3,NA,NA,NA,NA,NA,NA,NA,NA,NA
Daily,2016-09-27,73.85,23.2,NA,22,33800,NA,NA,NA,NA,NA,586,NA,NA,NA,8.3,NA,NA,NA,NA,NA,NA,NA,NA,NA
Daily,2016-09-28,73.85,23.2,NA,22,33850,NA,NA,NA,NA,NA,595,NA,NA,NA,8.3,NA,NA,NA,NA,NA,NA,NA,NA,NA
Daily,2016-09-29,73.85,23.3,NA,22,33900,NA,NA,NA,NA,NA,616,NA,NA,NA,8.3,NA,NA,NA,NA,NA,NA,NA,NA,NA
Daily,2016-09-30,74.1875,23.4,NA,22.1,34050,NA,NA,NA,NA,NA,602,NA,NA,NA,8.3,NA,NA,NA,NA,NA,NA,NA,NA,NA
Daily,2016-10-01,74.32815,23.5,NA,22.1,34150,NA,NA,NA,NA,NA,609,NA,NA,NA,8.3,NA,NA,NA,NA,NA,NA,NA,NA,NA
Daily,2016-10-02,74.3563,23.5,NA,22.1,34200,NA,NA,NA,NA,NA,620,NA,NA,NA,8.3,NA,NA,NA,NA,NA,NA,NA,NA,NA
Daily,2016-10-03,74.3,23.5,NA,22.1,34200,NA,NA,NA,NA,NA,625,NA,NA,NA,8.3,NA,NA,NA,NA,NA,NA,NA,NA,NA
Daily,2016-10-04,74.1313,23.4,NA,22.2,34200,NA,NA,NA,NA,NA,623,NA,NA,NA,8.3,NA,NA,NA,NA,NA,NA,NA,NA,NA
Daily,2016-10-05,73.9625,23.3,NA,22.2,34100,NA,NA,NA,NA,NA,628,NA,NA,NA,8.3,NA,NA,NA,NA,NA,NA,NA,NA,NA
Daily,2016-10-06,73.7375,23.2,NA,22.2,34000,NA,NA,NA,NA,NA,633,NA,NA,NA,8.3,NA,NA,NA,NA,NA,NA,NA,NA,NA
Daily,2016-10-11,74.0187,23.4,NA,22.3,34300,NA,NA,NA,NA,NA,652,NA,NA,NA,8.3,NA,NA,NA,NA,NA,NA,NA,NA,NA
Daily,2016-10-12,73.7938,23.2,NA,22.3,34300,NA,NA,NA,NA,NA,644,NA,NA,NA,8.3,NA,NA,NA,NA,NA,NA,NA,NA,NA
Daily,2016-10-13,73.5125,23.1,NA,22.3,34200,NA,NA,NA,NA,NA,657.5,NA,NA,NA,8.3,NA,NA,NA,NA,NA,NA,NA,NA,NA
Daily,2016-10-14,73.2875,22.9,NA,22.4,34100,NA,NA,NA,NA,NA,670,NA,NA,NA,8.3,NA,NA,NA,NA,NA,NA,NA,NA,NA
Daily,2016-10-15,73.2313,22.9,NA,22.4,34100,NA,NA,NA,NA,NA,656,NA,NA,NA,8.3,NA,NA,NA,NA,NA,NA,NA,NA,NA
Daily,2016-10-16,73.175,22.9,NA,22.4,34100,NA,NA,NA,NA,NA,663.5,NA,NA,NA,8.3,NA,NA,NA,NA,NA,NA,NA,NA,NA
Daily,2016-10-17,73.0062,22.8,NA,22.4,34100,NA,NA,NA,NA,NA,679,NA,NA,NA,8.3,NA,NA,NA,NA,NA,NA,NA,NA,NA
Daily,2016-10-18,72.725,22.6,NA,22.4,34000,NA,NA,NA,NA,NA,666,NA,NA,NA,8.3,NA,NA,NA,NA,NA,NA,NA,NA,NA
Daily,2016-10-19,72.5,22.5,NA,22.4,33900,NA,NA,NA,NA,NA,665,NA,NA,NA,8.3,NA,NA,NA,NA,NA,NA,NA,NA,NA
Daily,2016-10-20,72.3313,22.4,NA,22.5,33900,NA,NA,NA,NA,NA,659,NA,NA,NA,8.3,NA,NA,NA,NA,NA,NA,NA,NA,NA
Daily,2016-10-21,72.275,22.4,NA,22.5,33900,NA,NA,NA,NA,NA,675,NA,NA,NA,8.3,NA,NA,NA,NA,NA,NA,NA,NA,NA
Daily,2016-10-22,72.4437,22.5,NA,22.5,34000,NA,NA,NA,NA,NA,688,NA,NA,NA,8.3,NA,NA,NA,NA,NA,NA,NA,NA,NA
Daily,2016-10-23,72.6125,22.5,NA,22.5,34000,NA,NA,NA,NA,NA,689,NA,NA,NA,8.3,NA,NA,NA,NA,NA,NA,NA,NA,NA
Daily,2016-10-24,72.6688,22.6,NA,22.5,34100,NA,NA,NA,NA,NA,675,NA,NA,NA,8.3,NA,NA,NA,NA,NA,NA,NA,NA,NA
Daily,2016-10-25,72.75315,22.6,NA,22.5,34100,NA,NA,NA,NA,NA,697,NA,NA,NA,8.3,NA,NA,NA,NA,NA,NA,NA,NA,NA
Daily,2016-10-26,72.7813,22.7,NA,22.6,34200,NA,NA,NA,NA,NA,704,NA,NA,NA,8.3,NA,NA,NA,NA,NA,NA,NA,NA,NA
Daily,2016-10-27,72.7813,22.7,NA,22.6,34200,NA,NA,NA,NA,NA,705,NA,NA,NA,8.3,NA,NA,NA,NA,NA,NA,NA,NA,NA
Daily,2016-10-28,72.725,22.6,NA,22.6,34200,NA,NA,NA,NA,NA,720,NA,NA,NA,8.3,NA,NA,NA,NA,NA,NA,NA,NA,NA
Daily,2016-10-29,72.6125,22.6,NA,22.6,34200,NA,NA,NA,NA,NA,725,NA,NA,NA,8.3,NA,NA,NA,NA,NA,NA,NA,NA,NA
Daily,2016-10-30,72.4437,22.5,NA,22.6,34100,NA,NA,NA,NA,NA,724,NA,NA,NA,8.3,NA,NA,NA,NA,NA,NA,NA,NA,NA
Daily,2016-10-31,72.3313,22.4,NA,22.6,34100,NA,NA,NA,NA,NA,720.5,NA,NA,NA,8.3,NA,NA,NA,NA,NA,NA,NA,NA,NA
Daily,2016-11-01,72.2188,22.3,NA,22.6,34100,NA,NA,NA,NA,NA,719.5,NA,NA,NA,8.3,NA,NA,NA,NA,NA,NA,NA,NA,NA
Daily,2016-11-02,71.9375,22.2,NA,22.7,34000,NA,NA,NA,NA,NA,720,NA,NA,NA,8.3,NA,NA,NA,NA,NA,NA,NA,NA,NA
Daily,2016-11-03,71.6563,22,NA,22.7,33900,NA,NA,NA,NA,NA,717,NA,NA,NA,8.3,NA,NA,NA,NA,NA,NA,NA,NA,NA
Daily,2016-11-04,71.4313,21.9,NA,22.7,33800,NA,NA,NA,NA,NA,717,NA,NA,NA,8.3,NA,NA,NA,NA,NA,NA,NA,NA,NA
Daily,2016-11-05,71.2063,21.8,NA,22.7,33800,NA,NA,NA,NA,NA,717,NA,NA,NA,8.3,NA,NA,NA,NA,NA,NA,NA,NA,NA
Daily,2016-11-06,71.0375,21.7,NA,22.7,33700,NA,NA,NA,NA,NA,703,NA,NA,NA,8.3,NA,NA,NA,NA,NA,NA,NA,NA,NA
Daily,2016-11-07,70.8688,21.6,NA,22.7,33700,NA,NA,NA,NA,NA,703,NA,NA,NA,8.3,NA,NA,NA,NA,NA,NA,NA,NA,NA
Daily,2016-11-08,70.7,21.5,NA,22.7,33700,NA,NA,NA,NA,NA,706,NA,NA,NA,8.3,NA,NA,NA,NA,NA,NA,NA,NA,NA
Daily,2016-11-09,70.3625,21.3,NA,22.8,33500,NA,NA,NA,NA,NA,721,NA,NA,NA,8.3,NA,NA,NA,NA,NA,NA,NA,NA,NA
Daily,2016-11-10,69.8,21,NA,22.8,33400,NA,NA,NA,NA,NA,730.5,NA,NA,NA,8.3,NA,NA,NA,NA,NA,NA,NA,NA,NA
Daily,2016-11-11,69.4063,20.8,NA,22.8,33200,NA,NA,NA,NA,NA,736,NA,NA,NA,8.3,NA,NA,NA,NA,NA,NA,NA,NA,NA
Daily,2016-11-12,69.0687,20.6,NA,22.8,33100,NA,NA,NA,NA,NA,743,NA,NA,NA,8.3,NA,NA,NA,NA,NA,NA,NA,NA,NA
Daily,2016-11-13,68.7875,20.4,NA,22.8,33000,NA,NA,NA,NA,NA,743,NA,NA,NA,8.3,NA,NA,NA,NA,NA,NA,NA,NA,NA
Daily,2016-11-14,68.675,20.3,NA,22.8,33000,NA,NA,NA,NA,NA,749,NA,NA,NA,8.3,NA,NA,NA,NA,NA,NA,NA,NA,NA
Daily,2016-11-15,68.8438,20.4,NA,22.9,33100,NA,NA,NA,NA,NA,735.5,NA,NA,NA,8.3,NA,NA,NA,NA,NA,NA,NA,NA,NA
Daily,2016-11-16,68.675,20.3,NA,22.9,33000,NA,NA,NA,NA,NA,734,NA,NA,NA,8.3,NA,NA,NA,NA,NA,NA,NA,NA,NA
Daily,2016-11-17,68.45,20.2,NA,22.9,33000,NA,NA,NA,NA,NA,738,NA,NA,NA,8.3,NA,NA,NA,NA,NA,NA,NA,NA,NA
Daily,2016-11-18,68,20,NA,22.9,32800,NA,NA,NA,NA,NA,734,NA,NA,NA,8.3,NA,NA,NA,NA,NA,NA,NA,NA,NA
Daily,2016-11-19,67.8313,NA,NA,22.9,32700,NA,NA,NA,NA,NA,739.5,NA,NA,NA,8.3,NA,NA,NA,NA,NA,NA,NA,NA,NA
Daily,2016-11-20,67.7188,NA,NA,22.9,32700,NA,NA,NA,NA,NA,743,NA,NA,NA,8.3,NA,NA,NA,NA,NA,NA,NA,NA,NA
Daily,2016-11-21,67.4938,NA,NA,22.9,32700,NA,NA,NA,NA,NA,752,NA,NA,NA,8.3,NA,NA,NA,NA,NA,NA,NA,NA,NA
Daily,2016-11-22,67.3812,NA,NA,23,32600,NA,NA,NA,NA,NA,737,NA,NA,NA,8.3,NA,NA,NA,NA,NA,NA,NA,NA,NA
Daily,2016-11-23,67.40935,NA,NA,23,32600,NA,NA,NA,NA,NA,740,NA,NA,NA,8.3,NA,NA,NA,NA,NA,NA,NA,NA,NA
Daily,2016-11-24,67.325,NA,NA,23,32600,NA,NA,NA,NA,NA,743,NA,NA,NA,8.3,NA,NA,NA,NA,NA,NA,NA,NA,NA
Daily,2016-11-25,67.1563,NA,NA,23,32600,NA,NA,NA,NA,NA,746,NA,NA,NA,8.3,NA,NA,NA,NA,NA,NA,NA,NA,NA
Daily,2016-11-26,66.9875,NA,NA,23,32500,NA,NA,NA,NA,NA,737,NA,NA,NA,8.3,NA,NA,NA,NA,NA,NA,NA,NA,NA
Daily,2016-11-27,67.3812,NA,NA,23,32700,NA,NA,NA,NA,NA,751.5,NA,NA,NA,8.3,NA,NA,NA,NA,NA,NA,NA,NA,NA
Daily,2016-11-28,67.9437,20,NA,23,32900,NA,NA,NA,NA,NA,762,NA,NA,NA,8.3,NA,NA,NA,NA,NA,NA,NA,NA,NA
Daily,2016-11-29,67.55,NA,NA,23.1,32800,NA,NA,NA,NA,NA,763,NA,NA,NA,8.3,NA,NA,NA,NA,NA,NA,NA,NA,NA
Daily,2016-11-30,68.1688,20.3,NA,23.1,33100,NA,NA,NA,NA,NA,766,NA,NA,NA,8.3,NA,NA,NA,NA,NA,NA,NA,NA,NA
Daily,2016-12-01,69.4063,20.7,NA,23.1,33600,NA,NA,NA,NA,NA,764,NA,NA,NA,8.3,NA,NA,NA,NA,NA,NA,NA,NA,NA
Daily,2016-12-02,69.99690000000001,21,NA,23.1,33800,NA,NA,NA,NA,NA,769,NA,NA,NA,8.3,NA,NA,NA,NA,NA,NA,NA,NA,NA
Daily,2016-12-03,70.39065,21.25,NA,23.1,34000,NA,NA,NA,NA,NA,775,NA,NA,NA,8.3,NA,NA,NA,NA,NA,NA,NA,NA,NA
Daily,2016-12-04,71.0375,21.6,NA,23.1,34200,NA,NA,NA,NA,NA,775,NA,NA,NA,8.3,NA,NA,NA,NA,NA,NA,NA,NA,NA
Daily,2016-12-05,71.4313,21.8,NA,23.1,34350,NA,NA,NA,NA,NA,770,NA,NA,NA,8.3,NA,NA,NA,NA,NA,NA,NA,NA,NA
Daily,2016-12-06,71.375,21.8,NA,23.1,34400,NA,NA,NA,NA,NA,770,NA,NA,NA,8.3,NA,NA,NA,NA,NA,NA,NA,NA,NA
Daily,2016-12-07,71.3187,21.8,NA,23.1,34300,NA,NA,NA,NA,NA,782,NA,NA,NA,8.3,NA,NA,NA,NA,NA,NA,NA,NA,NA
Daily,2016-12-08,71.4313,21.8,NA,23.1,34400,NA,NA,NA,NA,NA,782,NA,NA,NA,8.3,NA,NA,NA,NA,NA,NA,NA,NA,NA
Daily,2016-12-09,71.2063,21.7,NA,23.1,34300,NA,NA,NA,NA,NA,771.5,NA,NA,NA,8.3,NA,NA,NA,NA,NA,NA,NA,NA,NA
Daily,2016-12-10,70.7562,21.5,NA,23.1,34200,NA,NA,NA,NA,NA,771,NA,NA,NA,8.2,NA,NA,NA,NA,NA,NA,NA,NA,NA
Daily,2016-12-11,70.39065,21.3,NA,23.2,34100,NA,NA,NA,NA,NA,770,NA,NA,NA,8.2,NA,NA,NA,NA,NA,NA,NA,NA,NA
Daily,2016-12-12,70.0813,21.1,NA,23.2,33900,NA,NA,NA,NA,NA,771,NA,NA,NA,8.2,NA,NA,NA,NA,NA,NA,NA,NA,NA
Daily,2016-12-13,69.8563,21,NA,23.2,33900,NA,NA,NA,NA,NA,773,NA,NA,NA,8.2,NA,NA,NA,NA,NA,NA,NA,NA,NA
Daily,2016-12-14,69.6875,20.9,NA,23.2,33800,NA,NA,NA,NA,NA,774,NA,NA,NA,8.2,NA,NA,NA,NA,NA,NA,NA,NA,NA
Daily,2016-12-15,69.65935,20.9,NA,23.2,33800,NA,NA,NA,NA,NA,775,NA,NA,NA,8.2,NA,NA,NA,NA,NA,NA,NA,NA,NA
Daily,2016-12-16,69.4625,20.8,NA,23.2,33800,NA,NA,NA,NA,NA,775,NA,NA,NA,8.2,NA,NA,NA,NA,NA,NA,NA,NA,NA
Daily,2016-12-17,69.0687,20.5,NA,23.2,33600,NA,NA,NA,NA,NA,776,NA,NA,NA,8.2,NA,NA,NA,NA,NA,NA,NA,NA,NA
Daily,2016-12-18,68.45,20.2,NA,23.2,33400,NA,NA,NA,NA,NA,771,NA,NA,NA,8.2,NA,NA,NA,NA,NA,NA,NA,NA,NA
Daily,2016-12-19,68.225,20.1,NA,23.3,33300,NA,NA,NA,NA,NA,770,NA,NA,NA,8.2,NA,NA,NA,NA,NA,NA,NA,NA,NA
Daily,2016-12-20,68.225,20.1,NA,23.3,33300,NA,NA,NA,NA,NA,774,NA,NA,NA,8.2,NA,NA,NA,NA,NA,NA,NA,NA,NA
Daily,2016-12-21,68.1125,20.1,NA,23.3,33300,NA,NA,NA,NA,NA,782,NA,NA,NA,8.2,NA,NA,NA,NA,NA,NA,NA,NA,NA
Daily,2016-12-22,67.9437,20,NA,23.2,33200,NA,NA,NA,NA,NA,778,NA,NA,NA,8.2,NA,NA,NA,NA,NA,NA,NA,NA,NA
Daily,2016-12-23,67.775,NA,NA,23.2,33100,NA,NA,NA,NA,NA,764,NA,NA,NA,8.1,NA,NA,NA,NA,NA,NA,NA,NA,NA
Daily,2016-12-24,67.57815,NA,NA,23.2,33000,NA,NA,NA,NA,NA,752,NA,NA,NA,8.1,NA,NA,NA,NA,NA,NA,NA,NA,NA
Daily,2016-12-25,67.1,NA,NA,23.2,32800,NA,NA,NA,NA,NA,754,NA,NA,NA,8.1,NA,NA,NA,NA,NA,NA,NA,NA,NA
Daily,2016-12-26,66.7625,NA,NA,23.2,32700,NA,NA,NA,NA,NA,763,NA,NA,NA,8.1,NA,NA,NA,NA,NA,NA,NA,NA,NA
Daily,2016-12-27,67.0438,NA,NA,23.2,32800,NA,NA,NA,NA,NA,766,NA,NA,NA,8.1,NA,NA,NA,NA,NA,NA,NA,NA,NA
Daily,2016-12-28,68.6188,20.4,NA,23.3,33500,NA,NA,NA,NA,NA,764,NA,NA,NA,8.1,NA,NA,NA,NA,NA,NA,NA,NA,NA
Daily,2016-12-29,69.5188,20.7,NA,23.3,33800,NA,NA,NA,NA,NA,770,NA,NA,NA,8.1,NA,NA,NA,NA,NA,NA,NA,NA,NA
Daily,2016-12-30,70.025,21,NA,23.3,34000,NA,NA,NA,NA,NA,786,NA,NA,NA,8.2,NA,NA,NA,NA,NA,NA,NA,NA,NA
Daily,2016-12-31,70.5313,21.3,NA,23.3,34250,NA,NA,NA,NA,NA,779,NA,NA,NA,8.2,NA,NA,NA,NA,NA,NA,NA,NA,NA
Daily,2017-01-01,70.025,21.1,NA,23.3,34100,NA,NA,NA,NA,NA,784,NA,NA,NA,8.2,NA,NA,NA,NA,NA,NA,NA,NA,NA
Daily,2017-01-02,69.2375,20.6,NA,23.3,33700,NA,NA,NA,NA,NA,790,NA,NA,NA,8.2,NA,NA,NA,NA,NA,NA,NA,NA,NA
Daily,2017-01-03,69.0125,20.5,NA,23.3,33700,NA,NA,NA,NA,NA,787,NA,NA,NA,8.2,NA,NA,NA,NA,NA,NA,NA,NA,NA
Daily,2017-01-04,69.8,20.9,NA,23.3,34000,NA,NA,NA,NA,NA,787,NA,NA,NA,8.2,NA,NA,NA,NA,NA,NA,NA,NA,NA
Daily,2017-01-05,70.1375,21.1,NA,23.3,34100,NA,NA,NA,NA,NA,789,NA,NA,NA,8.2,NA,NA,NA,NA,NA,NA,NA,NA,NA
Daily,2017-01-06,70.5875,21.3,NA,23.3,34300,NA,NA,NA,NA,NA,791,NA,NA,NA,8.2,NA,NA,NA,NA,NA,NA,NA,NA,NA
Daily,2017-01-07,71.2625,21.7,NA,23.3,34600,NA,NA,NA,NA,NA,796,NA,NA,NA,8.2,NA,NA,NA,NA,NA,NA,NA,NA,NA
Daily,2017-01-08,70.8688,21.6,NA,23.3,34500,NA,NA,NA,NA,NA,794,NA,NA,NA,8.2,NA,NA,NA,NA,NA,NA,NA,NA,NA
Daily,2017-01-09,70.4188,21.3,NA,23.3,34400,NA,NA,NA,NA,NA,792,NA,NA,NA,8.2,NA,NA,NA,NA,NA,NA,NA,NA,NA
Daily,2017-01-10,70.1937,21.2,NA,23.4,34300,NA,NA,NA,NA,NA,785,NA,NA,NA,8.2,NA,NA,NA,NA,NA,NA,NA,NA,NA
Daily,2017-01-11,70.1375,21.2,NA,23.4,34300,NA,NA,NA,NA,NA,787,NA,NA,NA,8.2,NA,NA,NA,NA,NA,NA,NA,NA,NA
Daily,2017-01-12,70.025,21.1,NA,23.4,34200,NA,NA,NA,NA,NA,787,NA,NA,NA,8.2,NA,NA,NA,NA,NA,NA,NA,NA,NA
Daily,2017-01-13,69.575,20.9,NA,23.4,34100,NA,NA,NA,NA,NA,797,NA,NA,NA,8.2,NA,NA,NA,NA,NA,NA,NA,NA,NA
Daily,2017-01-14,69.35,20.7,NA,23.4,34000,NA,NA,NA,NA,NA,784.5,NA,NA,NA,8.2,NA,NA,NA,NA,NA,NA,NA,NA,NA
Daily,2017-01-15,68.9563,20.5,NA,23.4,33800,NA,NA,NA,NA,NA,786,NA,NA,NA,8.2,NA,NA,NA,NA,NA,NA,NA,NA,NA
Daily,2017-01-16,69.0687,20.6,NA,23.4,33900,NA,NA,NA,NA,NA,787.5,NA,NA,NA,8.2,NA,NA,NA,NA,NA,NA,NA,NA,NA
Daily,2017-01-17,69.6312,20.9,NA,23.4,34100,NA,NA,NA,NA,NA,791,NA,NA,NA,8.2,NA,NA,NA,NA,NA,NA,NA,NA,NA
Daily,2017-01-18,70.1094,21.1,NA,23.4,34300,NA,NA,NA,NA,NA,794,NA,NA,NA,8.2,NA,NA,NA,NA,NA,NA,NA,NA,NA
Daily,2017-01-19,70.3063,21.2,NA,23.4,34300,NA,NA,NA,NA,NA,800,NA,NA,NA,8.2,NA,NA,NA,NA,NA,NA,NA,NA,NA
Daily,2017-01-20,70.5875,21.4,NA,23.4,34500,NA,NA,NA,NA,NA,801,NA,NA,NA,8.2,NA,NA,NA,NA,NA,NA,NA,NA,NA
Daily,2017-01-21,70.9813,21.6,NA,23.4,34600,NA,NA,NA,NA,NA,804,NA,NA,NA,8.2,NA,NA,NA,NA,NA,NA,NA,NA,NA
Daily,2017-01-22,71.4875,21.9,NA,23.4,34900,NA,NA,NA,NA,NA,797,NA,NA,NA,8.2,NA,NA,NA,NA,NA,NA,NA,NA,NA
Daily,2017-01-23,71.6563,22,NA,23.4,34900,NA,NA,NA,NA,NA,802,NA,NA,NA,8.2,NA,NA,NA,NA,NA,NA,NA,NA,NA
Daily,2017-01-24,71.9375,22.1,NA,23.4,35000,NA,NA,NA,NA,NA,795,NA,NA,NA,8.2,NA,NA,NA,NA,NA,NA,NA,NA,NA
Daily,2017-01-25,72.52815,22.5,NA,NA,NA,NA,NA,NA,NA,NA,798,NA,NA,NA,8.2,NA,NA,NA,NA,NA,NA,NA,NA,NA
Daily,2017-01-26,71.9938,22.2,NA,NA,35900,NA,NA,NA,NA,NA,807,NA,NA,NA,8.2,NA,NA,NA,NA,NA,NA,NA,NA,NA
Daily,2017-01-27,71.29060000000001,21.8,NA,NA,35650,NA,NA,NA,NA,NA,805,NA,NA,NA,NA,NA,NA,NA,NA,NA,NA,NA,NA,NA
Daily,2017-01-28,70.7562,21.5,NA,NA,35400,NA,NA,NA,NA,NA,799,NA,NA,NA,8.2,NA,NA,NA,NA,NA,NA,NA,NA,NA
Daily,2017-01-29,70.5313,21.4,NA,NA,35300,NA,NA,NA,NA,NA,794,NA,NA,NA,NA,NA,NA,NA,NA,NA,NA,NA,NA,NA
Daily,2017-01-30,70.6438,21.4,NA,NA,35300,NA,NA,NA,NA,NA,799,NA,NA,NA,8.2,NA,NA,NA,NA,NA,NA,NA,NA,NA
Daily,2017-01-31,70.6438,21.5,NA,NA,35400,NA,NA,NA,NA,NA,802,NA,NA,NA,NA,NA,NA,NA,NA,NA,NA,NA,NA,NA
Daily,2017-02-01,70.7,21.5,NA,24.1,35400,NA,NA,NA,NA,NA,801.5,NA,NA,NA,8.3,NA,NA,NA,NA,NA,NA,NA,NA,NA
Daily,2017-02-02,70.5875,21.4,NA,24.1,35400,NA,NA,NA,NA,NA,803,NA,NA,NA,8.3,NA,NA,NA,NA,NA,NA,NA,NA,NA
Daily,2017-02-03,70.3625,21.3,NA,24.1,35300,NA,NA,NA,NA,NA,804,NA,NA,NA,8.3,NA,NA,NA,NA,NA,NA,NA,NA,NA
Daily,2017-02-04,70.025,21.1,NA,24.1,35200,NA,NA,NA,NA,NA,806,NA,NA,NA,8.3,NA,NA,NA,NA,NA,NA,NA,NA,NA
Daily,2017-02-05,69.6875,20.9,NA,24.1,35100,NA,NA,NA,NA,NA,798,NA,NA,NA,8.3,NA,NA,NA,NA,NA,NA,NA,NA,NA
Daily,2017-02-06,69.4625,20.8,NA,24.1,35000,NA,NA,NA,NA,NA,790.5,NA,NA,NA,8.2,NA,NA,NA,NA,NA,NA,NA,NA,NA
Daily,2017-02-07,69.2938,20.7,NA,24.1,34900,NA,NA,NA,NA,NA,793,NA,NA,NA,8.2,NA,NA,NA,NA,NA,NA,NA,NA,NA
Daily,2017-02-08,69.2938,20.7,NA,24.1,34900,NA,NA,NA,NA,NA,790,NA,NA,NA,8.3,NA,NA,NA,NA,NA,NA,NA,NA,NA
Daily,2017-02-09,69.5188,20.8,NA,24.1,35000,NA,NA,NA,NA,NA,789,NA,NA,NA,8.3,NA,NA,NA,NA,NA,NA,NA,NA,NA
Daily,2017-02-10,69.7438,20.9,NA,24.15,35100,NA,NA,NA,NA,NA,797,NA,NA,NA,8.3,NA,NA,NA,NA,NA,NA,NA,NA,NA
Daily,2017-02-11,69.9125,21,NA,24.2,35200,NA,NA,NA,NA,NA,804,NA,NA,NA,8.3,NA,NA,NA,NA,NA,NA,NA,NA,NA
Daily,2017-02-12,70.025,21.1,NA,24.2,35200,NA,NA,NA,NA,NA,807.5,NA,NA,NA,8.3,NA,NA,NA,NA,NA,NA,NA,NA,NA
Daily,2017-02-13,69.9688,21.05,NA,24.2,35200,NA,NA,NA,NA,NA,806.5,NA,NA,NA,8.3,NA,NA,NA,NA,NA,NA,NA,NA,NA
Daily,2017-02-14,69.9125,21,NA,24.2,35200,NA,NA,NA,NA,NA,801,NA,NA,NA,8.3,NA,NA,NA,NA,NA,NA,NA,NA,NA
Daily,2017-02-15,69.7438,20.9,NA,24.2,35150,NA,NA,NA,NA,NA,800,NA,NA,NA,8.3,NA,NA,NA,NA,NA,NA,NA,NA,NA
Daily,2017-02-16,69.8,21,NA,24.4,35400,NA,NA,NA,NA,NA,794,NA,NA,NA,8.3,NA,NA,NA,NA,NA,NA,NA,NA,NA
Daily,2017-02-17,69.8,21,NA,24.4,35500,NA,NA,NA,NA,NA,806,NA,NA,NA,8.3,NA,NA,NA,NA,NA,NA,NA,NA,NA
Daily,2017-02-18,69.7438,20.9,NA,24.4,35400,NA,NA,NA,NA,NA,806,NA,NA,NA,8.3,NA,NA,NA,NA,NA,NA,NA,NA,NA
Daily,2017-02-19,69.1813,20.6,NA,24.4,35200,NA,NA,NA,NA,NA,805,NA,NA,NA,8.2,NA,NA,NA,NA,NA,NA,NA,NA,NA
Daily,2017-02-20,69.0687,20.5,NA,24.4,35200,NA,NA,NA,NA,NA,810,NA,NA,NA,8.2,NA,NA,NA,NA,NA,NA,NA,NA,NA
Daily,2017-02-21,69.1813,20.6,NA,24.6,35400,NA,NA,NA,NA,NA,808,NA,NA,NA,8.3,NA,NA,NA,NA,NA,NA,NA,NA,NA
Daily,2017-02-22,69.35,20.7,NA,24.6,35500,NA,NA,NA,NA,NA,806,NA,NA,NA,8.3,NA,NA,NA,NA,NA,NA,NA,NA,NA
Daily,2017-02-23,69.4625,20.8,NA,24.6,35500,NA,NA,NA,NA,NA,805,NA,NA,NA,8.3,NA,NA,NA,NA,NA,NA,NA,NA,NA
Daily,2017-02-24,69.2938,20.7,NA,24.6,35400,NA,NA,NA,NA,NA,789,NA,NA,NA,8.3,NA,NA,NA,NA,NA,NA,NA,NA,NA
Daily,2017-02-25,69.4063,20.7,NA,24.6,35500,NA,NA,NA,NA,NA,796,NA,NA,NA,8.3,NA,NA,NA,NA,NA,NA,NA,NA,NA
Daily,2017-02-26,69.2938,20.7,NA,24.6,35500,NA,NA,NA,NA,NA,794,NA,NA,NA,NA,NA,NA,NA,NA,NA,NA,NA,NA,NA
Daily,2017-02-27,69.2938,20.7,NA,24.6,35500,NA,NA,NA,NA,NA,803,NA,NA,NA,8.3,NA,NA,NA,NA,NA,NA,NA,NA,NA
Daily,2017-02-28,69.1813,20.6,NA,24.6,35500,NA,NA,NA,NA,NA,801,NA,NA,NA,8.3,NA,NA,NA,NA,NA,NA,NA,NA,NA
Daily,2017-03-01,69.0687,20.5,NA,24.6,35400,NA,NA,NA,NA,NA,805,NA,NA,NA,8.3,NA,NA,NA,NA,NA,NA,NA,NA,NA
Daily,2017-03-02,69.125,20.6,NA,24.6,35400,NA,NA,NA,NA,NA,803,NA,NA,NA,8.3,NA,NA,NA,NA,NA,NA,NA,NA,NA
Daily,2017-03-03,69.0687,20.5,NA,24.6,35400,NA,NA,NA,NA,NA,793,NA,NA,NA,8.3,NA,NA,NA,NA,NA,NA,NA,NA,NA
Daily,2017-03-04,69.125,20.6,NA,24.6,35400,NA,NA,NA,NA,NA,786,NA,NA,NA,8.3,NA,NA,NA,NA,NA,NA,NA,NA,NA
Daily,2017-03-05,69.2375,20.6,NA,24.6,35500,NA,NA,NA,NA,NA,797,NA,NA,NA,8.3,NA,NA,NA,NA,NA,NA,NA,NA,NA
Daily,2017-03-06,69.2375,20.6,NA,24.6,35500,NA,NA,NA,NA,NA,805,NA,NA,NA,8.3,NA,NA,NA,NA,NA,NA,NA,NA,NA
Daily,2017-03-07,69.2375,20.6,NA,24.6,35500,NA,NA,NA,NA,NA,802,NA,NA,NA,8.3,NA,NA,NA,NA,NA,NA,NA,NA,NA
Daily,2017-03-08,69.2375,20.7,NA,24.6,35500,NA,NA,NA,NA,NA,796,NA,NA,NA,8.3,NA,NA,NA,NA,NA,NA,NA,NA,NA
Daily,2017-03-09,69.575,20.8,NA,24.6,35600,NA,NA,NA,NA,NA,800,NA,NA,NA,8.4,NA,NA,NA,NA,NA,NA,NA,NA,NA
Daily,2017-03-10,69.7438,20.95,NA,24.6,35750,NA,NA,NA,NA,NA,800,NA,NA,NA,8.4,NA,NA,NA,NA,NA,NA,NA,NA,NA
Daily,2017-03-11,70.89689999999999,21.5,NA,24.6,36100,NA,NA,NA,NA,NA,797,NA,NA,NA,8.4,NA,NA,NA,NA,NA,NA,NA,NA,NA
Daily,2017-03-12,71.15,21.7,NA,24.6,36300,NA,NA,NA,NA,NA,807,NA,NA,NA,8.4,NA,NA,NA,NA,NA,NA,NA,NA,NA
Daily,2017-03-13,71.2625,21.7,NA,24.6,36300,NA,NA,NA,NA,NA,806,NA,NA,NA,8.4,NA,NA,NA,NA,NA,NA,NA,NA,NA
Daily,2017-03-14,71.3187,21.8,NA,24.6,36300,NA,NA,NA,NA,NA,807,NA,NA,NA,8.3,NA,NA,NA,NA,NA,NA,NA,NA,NA
Daily,2017-03-15,71.3187,21.8,NA,24.6,36300,NA,NA,NA,NA,NA,813,NA,NA,NA,8.3,NA,NA,NA,NA,NA,NA,NA,NA,NA
Daily,2017-03-16,71.2625,21.8,NA,24.6,36300,NA,NA,NA,NA,NA,812,NA,NA,NA,8.3,NA,NA,NA,NA,NA,NA,NA,NA,NA
Daily,2017-03-17,71.375,21.9,NA,24.6,36300,NA,NA,NA,NA,NA,810,NA,NA,NA,8.3,NA,NA,NA,NA,NA,NA,NA,NA,NA
Daily,2017-03-18,71.5438,22,NA,24.6,36400,NA,NA,NA,NA,NA,801,NA,NA,NA,8.2,NA,NA,NA,NA,NA,NA,NA,NA,NA
Daily,2017-03-19,71.6563,22,NA,24.6,36400,NA,NA,NA,NA,NA,797,NA,NA,NA,8.2,NA,NA,NA,NA,NA,NA,NA,NA,NA
Daily,2017-03-20,71.825,22.1,NA,24.6,36500,NA,NA,NA,NA,NA,805,NA,NA,NA,8.3,NA,NA,NA,NA,NA,NA,NA,NA,NA
Daily,2017-03-21,71.9938,22.2,NA,25,37100,NA,NA,NA,NA,NA,806,NA,NA,NA,8.3,NA,NA,NA,NA,NA,NA,NA,NA,NA
Daily,2017-03-22,71.8812,22.2,NA,25,37100,NA,NA,NA,NA,NA,808.5,NA,NA,NA,8.3,NA,NA,NA,NA,NA,NA,NA,NA,NA
Daily,2017-03-23,71.0938,21.8,NA,25,36800,NA,NA,NA,NA,NA,809,NA,NA,NA,8.3,NA,NA,NA,NA,NA,NA,NA,NA,NA
Daily,2017-03-24,70.25,21.3,NA,25.1,36500,NA,NA,NA,NA,NA,807,NA,NA,NA,8.3,NA,NA,NA,NA,NA,NA,NA,NA,NA
Daily,2017-03-25,69.6875,20.9,NA,25.1,36300,NA,NA,NA,NA,NA,807,NA,NA,NA,8.3,NA,NA,NA,NA,NA,NA,NA,NA,NA
Daily,2017-03-26,69.35,20.7,NA,25.1,36100,NA,NA,NA,NA,NA,800,NA,NA,NA,8.3,NA,NA,NA,NA,NA,NA,NA,NA,NA
Daily,2017-03-27,69.0687,20.6,NA,25.1,36000,NA,NA,NA,NA,NA,797,NA,NA,NA,8.3,NA,NA,NA,NA,NA,NA,NA,NA,NA
Daily,2017-03-28,68.7594,20.4,NA,25.1,35900,NA,NA,NA,NA,NA,781,NA,NA,NA,8.2,NA,NA,NA,NA,NA,NA,NA,NA,NA
Daily,2017-03-29,68.45,20.3,NA,25.1,35700,NA,NA,NA,NA,NA,784,NA,NA,NA,NA,NA,NA,NA,NA,NA,NA,NA,NA,NA
Daily,2017-03-30,68.5062,20.3,NA,25.1,35800,NA,NA,NA,NA,NA,786,NA,NA,NA,8.25,NA,NA,NA,NA,NA,NA,NA,NA,NA
Daily,2017-03-31,68.1969,20.1,NA,25.1,35600,NA,NA,NA,NA,NA,783,NA,NA,NA,8.3,NA,NA,NA,NA,NA,NA,NA,NA,NA
Daily,2017-04-01,67.55,NA,NA,25.1,35400,NA,NA,NA,NA,NA,773,NA,NA,NA,NA,NA,NA,NA,NA,NA,NA,NA,NA,NA
Daily,2017-04-02,67.2125,NA,NA,25.1,35300,NA,NA,NA,NA,NA,760,NA,NA,NA,NA,NA,NA,NA,NA,NA,NA,NA,NA,NA
Daily,2017-04-03,67.2125,NA,NA,25.1,35300,NA,NA,NA,NA,NA,763,NA,NA,NA,8.2,NA,NA,NA,NA,NA,NA,NA,NA,NA
Daily,2017-04-04,67.2688,NA,NA,25.2,35400,NA,NA,NA,NA,NA,774,NA,NA,NA,8.2,NA,NA,NA,NA,NA,NA,NA,NA,NA
Daily,2017-04-05,67.1,NA,NA,25.3,35500,NA,NA,NA,NA,NA,794.5,NA,NA,NA,8.3,NA,NA,NA,NA,NA,NA,NA,NA,NA
Daily,2017-04-06,67.325,NA,NA,25.3,35500,NA,NA,NA,NA,NA,796,NA,NA,NA,8.3,NA,NA,NA,NA,NA,NA,NA,NA,NA
Daily,2017-04-07,67.6625,NA,NA,25.3,35700,NA,NA,NA,NA,NA,798,NA,NA,NA,8.3,NA,NA,NA,NA,NA,NA,NA,NA,NA
Daily,2017-04-08,67.8875,20,NA,25.3,35800,NA,NA,NA,NA,NA,790,NA,NA,NA,8.3,NA,NA,NA,NA,NA,NA,NA,NA,NA
Daily,2017-04-09,67.9437,20,NA,25.3,35800,NA,NA,NA,NA,NA,785,NA,NA,NA,8.3,NA,NA,NA,NA,NA,NA,NA,NA,NA
Daily,2017-04-10,67.775,NA,NA,25.3,35700,NA,NA,NA,NA,NA,785,NA,NA,NA,8.3,NA,NA,NA,NA,NA,NA,NA,NA,NA
Daily,2017-04-11,67.8313,20,NA,25.3,35700,NA,NA,NA,NA,NA,788,NA,NA,NA,8.3,NA,NA,NA,NA,NA,NA,NA,NA,NA
Daily,2017-04-12,68,20.1,NA,25.3,35800,NA,NA,NA,NA,NA,788,NA,NA,NA,8.3,NA,NA,NA,NA,NA,NA,NA,NA,NA
Daily,2017-04-13,68.225,20.1,NA,25.3,35900,NA,NA,NA,NA,NA,795,NA,NA,NA,8.3,NA,NA,NA,NA,NA,NA,NA,NA,NA
Daily,2017-04-14,68.45,20.2,NA,25.2,36000,NA,NA,NA,NA,NA,795,NA,NA,NA,8.3,NA,NA,NA,NA,NA,NA,NA,NA,NA
Daily,2017-04-15,68.675,20.4,NA,25.2,36000,NA,NA,NA,NA,NA,789,NA,NA,NA,8.3,NA,NA,NA,NA,NA,NA,NA,NA,NA
Daily,2017-04-16,68.81565,20.4,NA,25.2,36100,NA,NA,NA,NA,NA,793,NA,NA,NA,8.3,NA,NA,NA,NA,NA,NA,NA,NA,NA
Daily,2017-04-17,68.9563,20.5,NA,25.2,36200,NA,NA,NA,NA,NA,794,NA,NA,NA,8.3,NA,NA,NA,NA,NA,NA,NA,NA,NA
Daily,2017-04-18,69.15315,20.6,NA,25.3,36400,NA,NA,NA,NA,NA,786,NA,NA,NA,8.2,NA,NA,NA,NA,NA,NA,NA,NA,NA
Daily,2017-04-19,69.4063,20.8,NA,25.3,36500,NA,NA,NA,NA,NA,785,NA,NA,NA,8.2,NA,NA,NA,NA,NA,NA,NA,NA,NA
Daily,2017-04-20,69.4625,20.8,NA,25.3,36950,NA,NA,NA,NA,NA,774,NA,NA,NA,8.2,NA,NA,NA,NA,NA,NA,NA,NA,NA
Daily,2017-04-21,69.37815,20.8,NA,NA,37300,NA,NA,NA,NA,NA,787,NA,NA,NA,8.3,NA,NA,NA,NA,NA,NA,NA,NA,NA
Daily,2017-04-22,69.4063,20.8,NA,NA,37400,NA,NA,NA,NA,NA,791,NA,NA,NA,8.3,NA,NA,NA,NA,NA,NA,NA,NA,NA
Daily,2017-04-23,69.4063,20.8,NA,NA,37450,NA,NA,NA,NA,NA,790,NA,NA,NA,8.3,NA,NA,NA,NA,NA,NA,NA,NA,NA
Daily,2017-04-24,69.6875,20.9,NA,NA,37500,NA,NA,NA,NA,NA,787,NA,NA,NA,8.3,NA,NA,NA,NA,NA,NA,NA,NA,NA
Daily,2017-04-25,69.6875,20.9,NA,NA,37500,NA,NA,NA,NA,NA,785,NA,NA,NA,8.3,NA,NA,NA,NA,NA,NA,NA,NA,NA
Daily,2017-04-26,69.5469,20.85,NA,NA,37600,NA,NA,NA,NA,NA,769,NA,NA,NA,8.2,NA,NA,NA,NA,NA,NA,NA,NA,NA
Daily,2017-04-27,69.4625,20.8,NA,NA,37500,NA,NA,NA,NA,NA,784,NA,NA,NA,8.3,NA,NA,NA,NA,NA,NA,NA,NA,NA
Daily,2017-04-28,69.125,20.6,NA,NA,37500,NA,NA,NA,NA,NA,784,NA,NA,NA,8.3,NA,NA,NA,NA,NA,NA,NA,NA,NA
Daily,2017-04-29,68.7875,20.4,NA,NA,37200,NA,NA,NA,NA,NA,778,NA,NA,NA,8.3,NA,NA,NA,NA,NA,NA,NA,NA,NA
Daily,2017-04-30,68.5625,20.3,NA,NA,37100,NA,NA,NA,NA,NA,765,NA,NA,NA,8.2,NA,NA,NA,NA,NA,NA,NA,NA,NA
Daily,2017-05-01,68.53435,20.3,NA,26.1,37100,NA,NA,NA,NA,NA,771,NA,NA,NA,8.2,NA,NA,NA,NA,NA,NA,NA,NA,NA
Daily,2017-05-02,68.81565,20.4,NA,26.1,37200,NA,NA,NA,NA,NA,771,NA,NA,NA,8.2,NA,NA,NA,NA,NA,NA,NA,NA,NA
Daily,2017-05-03,69.1813,20.6,NA,26.1,37450,NA,NA,NA,NA,NA,777,NA,NA,NA,8.3,NA,NA,NA,NA,NA,NA,NA,NA,NA
Daily,2017-05-04,69.575,20.9,NA,26.1,37550,NA,NA,NA,NA,NA,774.5,NA,NA,NA,8.4,NA,NA,NA,NA,NA,NA,NA,NA,NA
Daily,2017-05-05,69.8,21,NA,26.1,37700,NA,NA,NA,NA,NA,778,NA,NA,NA,8.4,NA,NA,NA,NA,NA,NA,NA,NA,NA
Daily,2017-05-06,69.99690000000001,21.1,NA,26.1,37800,NA,NA,NA,NA,NA,784,NA,NA,NA,8.4,NA,NA,NA,NA,NA,NA,NA,NA,NA
Daily,2017-05-07,70.025,21.1,NA,26.1,37800,NA,NA,NA,NA,NA,786,NA,NA,NA,8.4,NA,NA,NA,NA,NA,NA,NA,NA,NA
Daily,2017-05-08,69.6875,20.9,NA,26.1,37600,NA,NA,NA,NA,NA,783,NA,NA,NA,8.2,NA,NA,NA,NA,NA,NA,NA,NA,NA
Daily,2017-05-09,69.2938,20.7,NA,26.1,37500,NA,NA,NA,NA,NA,791,NA,NA,NA,8.3,NA,NA,NA,NA,NA,NA,NA,NA,NA
Daily,2017-05-10,68.8438,20.4,NA,26.2,37300,NA,NA,NA,NA,NA,785,NA,NA,NA,8.25,NA,NA,NA,NA,NA,NA,NA,NA,NA
Daily,2017-05-11,68.7594,20.4,NA,26.4,37600,NA,NA,NA,NA,NA,791,NA,NA,NA,8.3,NA,NA,NA,NA,NA,NA,NA,NA,NA
Daily,2017-05-12,69.15315,20.6,NA,26.4,37800,NA,NA,NA,NA,NA,789,NA,NA,NA,8.3,NA,NA,NA,NA,NA,NA,NA,NA,NA
Daily,2017-05-13,69.65935,20.9,NA,26.5,38100,NA,NA,NA,NA,NA,789,NA,NA,NA,8.3,NA,NA,NA,NA,NA,NA,NA,NA,NA
Daily,2017-05-14,69.7438,21,NA,26.4,38100,NA,NA,NA,NA,NA,795,NA,NA,NA,8.3,NA,NA,NA,NA,NA,NA,NA,NA,NA
Daily,2017-05-15,69.7438,21,NA,26.4,38100,NA,NA,NA,NA,NA,799,NA,NA,NA,8.3,NA,NA,NA,NA,NA,NA,NA,NA,NA
Daily,2017-05-16,69.4625,20.8,NA,26.5,38100,NA,NA,NA,NA,NA,798,NA,NA,NA,8.3,NA,NA,NA,NA,NA,NA,NA,NA,NA
Daily,2017-05-17,69.1813,20.6,NA,26.6,38100,NA,NA,NA,NA,NA,796,NA,NA,NA,8.3,NA,NA,NA,NA,NA,NA,NA,NA,NA
Daily,2017-05-18,69.09685,20.6,NA,26.6,38000,NA,NA,NA,NA,NA,798,NA,NA,NA,8.3,NA,NA,NA,NA,NA,NA,NA,NA,NA
Daily,2017-05-19,69.0687,20.6,NA,26.8,38200,NA,NA,NA,NA,NA,802,NA,NA,NA,8.3,NA,NA,NA,NA,NA,NA,NA,NA,NA
Daily,2017-05-20,68.9844,20.5,NA,26.8,38200,NA,NA,NA,NA,NA,803,NA,NA,NA,8.3,NA,NA,NA,NA,NA,NA,NA,NA,NA
Daily,2017-05-21,69.125,20.6,NA,26.8,38300,NA,NA,NA,NA,NA,797,NA,NA,NA,8.3,NA,NA,NA,NA,NA,NA,NA,NA,NA
Daily,2017-05-22,69.4063,20.8,NA,26.8,38400,NA,NA,NA,NA,NA,796,NA,NA,NA,8.3,NA,NA,NA,NA,NA,NA,NA,NA,NA
Daily,2017-05-23,69.7438,21,NA,26.8,38600,NA,NA,NA,NA,NA,801,NA,NA,NA,8.3,NA,NA,NA,NA,NA,NA,NA,NA,NA
Daily,2017-05-24,70.33439999999999,21.3,NA,26.9,39000,NA,NA,NA,NA,NA,808,NA,NA,NA,8.3,NA,NA,NA,NA,NA,NA,NA,NA,NA
Daily,2017-05-25,70.5875,21.4,NA,26.9,39000,NA,NA,NA,NA,NA,811,NA,NA,NA,8.3,NA,NA,NA,NA,NA,NA,NA,NA,NA
Daily,2017-05-26,70.6719,21.5,NA,26.9,39100,NA,NA,NA,NA,NA,808,NA,NA,NA,8.3,NA,NA,NA,NA,NA,NA,NA,NA,NA
Daily,2017-05-27,70.7,21.5,NA,27,39200,NA,NA,NA,NA,NA,811,NA,NA,NA,8.3,NA,NA,NA,NA,NA,NA,NA,NA,NA
Daily,2017-05-28,70.7,21.5,NA,27,39200,NA,NA,NA,NA,NA,802,NA,NA,NA,8.3,NA,NA,NA,NA,NA,NA,NA,NA,NA
Daily,2017-05-29,70.925,21.6,NA,27,39300,NA,NA,NA,NA,NA,805,NA,NA,NA,NA,NA,NA,NA,NA,NA,NA,NA,NA,NA
Daily,2017-05-30,71.06565,21.7,NA,27,39400,NA,NA,NA,NA,NA,804,NA,NA,NA,8.2,NA,NA,NA,NA,NA,NA,NA,NA,NA
Daily,2017-05-31,71.3187,21.9,NA,27.1,39700,NA,NA,NA,NA,NA,806,NA,NA,NA,8.2,NA,NA,NA,NA,NA,NA,NA,NA,NA
Daily,2017-06-01,71.4875,21.9,NA,27.1,39700,NA,NA,NA,NA,NA,807,NA,NA,NA,8.2,NA,NA,NA,NA,NA,NA,NA,NA,NA
Daily,2017-06-02,71.45939999999999,21.9,NA,27.2,39900,NA,NA,NA,NA,NA,806,NA,NA,NA,8.2,NA,NA,NA,NA,NA,NA,NA,NA,NA
Daily,2017-06-03,72.02189999999999,22.2,NA,27.2,40100,NA,NA,NA,NA,NA,807,NA,NA,NA,8.2,NA,NA,NA,NA,NA,NA,NA,NA,NA
Daily,2017-06-04,72.58439999999999,22.5,NA,27.2,40400,NA,NA,NA,NA,NA,808,NA,NA,NA,8.2,NA,NA,NA,NA,NA,NA,NA,NA,NA
Daily,2017-06-05,72.9219,22.7,NA,27.2,40550,NA,NA,NA,NA,NA,811,NA,NA,NA,8.2,NA,NA,NA,NA,NA,NA,NA,NA,NA
Daily,2017-06-06,73.20315,22.9,NA,27.25,40750,NA,NA,NA,NA,NA,812,NA,NA,NA,8.2,NA,NA,NA,NA,NA,NA,NA,NA,NA
Daily,2017-06-07,73.5688,23.1,NA,27.3,41000,NA,NA,NA,NA,NA,812,NA,NA,NA,8.2,NA,NA,NA,NA,NA,NA,NA,NA,NA
Daily,2017-06-08,73.7938,23.2,NA,27.35,41150,NA,NA,NA,NA,NA,806,NA,NA,NA,8.2,NA,NA,NA,NA,NA,NA,NA,NA,NA
Daily,2017-06-09,73.9625,23.3,NA,27.4,41300,NA,NA,NA,NA,NA,808,NA,NA,NA,8.2,NA,NA,NA,NA,NA,NA,NA,NA,NA
Daily,2017-06-10,73.9625,23.3,NA,27.4,41300,NA,NA,NA,NA,NA,806,NA,NA,NA,8.2,NA,NA,NA,NA,NA,NA,NA,NA,NA
Daily,2017-06-11,73.7375,23.2,NA,27.5,41300,NA,NA,NA,NA,NA,807,NA,NA,NA,8.2,NA,NA,NA,NA,NA,NA,NA,NA,NA
Daily,2017-06-12,73.5125,23,NA,27.5,41100,NA,NA,NA,NA,NA,803,NA,NA,NA,8.2,NA,NA,NA,NA,NA,NA,NA,NA,NA
Daily,2017-06-13,73.2313,22.9,NA,27.5,41000,NA,NA,NA,NA,NA,794,NA,NA,NA,8.2,NA,NA,NA,NA,NA,NA,NA,NA,NA
Daily,2017-06-14,73.0625,22.8,NA,27.5,41000,NA,NA,NA,NA,NA,791,NA,NA,NA,8.2,NA,NA,NA,NA,NA,NA,NA,NA,NA
Daily,2017-06-15,73.0062,22.8,NA,27.5,41000,NA,NA,NA,NA,NA,790,NA,NA,NA,8.2,NA,NA,NA,NA,NA,NA,NA,NA,NA
Daily,2017-06-16,73.0062,22.8,NA,27.5,41000,NA,NA,NA,NA,NA,792,NA,NA,NA,8.2,NA,NA,NA,NA,NA,NA,NA,NA,NA
Daily,2017-06-17,73.1188,22.8,NA,27.5,41000,NA,NA,NA,NA,NA,798,NA,NA,NA,8.2,NA,NA,NA,NA,NA,NA,NA,NA,NA
Daily,2017-06-18,73.2313,22.9,NA,27.5,41100,NA,NA,NA,NA,NA,800,NA,NA,NA,8.2,NA,NA,NA,NA,NA,NA,NA,NA,NA
Daily,2017-06-19,73.625,23.1,NA,27.5,41300,NA,NA,NA,NA,NA,799,NA,NA,NA,8.2,NA,NA,NA,NA,NA,NA,NA,NA,NA
Daily,2017-06-20,73.9063,23.3,NA,27.5,41400,NA,NA,NA,NA,NA,801,NA,NA,NA,8.2,NA,NA,NA,NA,NA,NA,NA,NA,NA
Daily,2017-06-21,74.21565,23.45,NA,27.6,41700,NA,NA,NA,NA,NA,797,NA,NA,NA,8.2,NA,NA,NA,NA,NA,NA,NA,NA,NA
Daily,2017-06-22,74.5812,23.65,NA,27.6,41900,NA,NA,NA,NA,NA,808,NA,NA,NA,8.2,NA,NA,NA,NA,NA,NA,NA,NA,NA
Daily,2017-06-23,74.9469,23.8,NA,27.6,42100,NA,NA,NA,NA,NA,811,NA,NA,NA,8.2,NA,NA,NA,NA,NA,NA,NA,NA,NA
Daily,2017-06-24,75.2,24,NA,27.7,42200,NA,NA,NA,NA,NA,812,NA,NA,NA,8.2,NA,NA,NA,NA,NA,NA,NA,NA,NA
Daily,2017-06-25,75.3125,24.1,NA,27.7,42300,NA,NA,NA,NA,NA,812,NA,NA,NA,8.2,NA,NA,NA,NA,NA,NA,NA,NA,NA
Daily,2017-06-26,75.5094,24.15,NA,27.7,42400,NA,NA,NA,NA,NA,812,NA,NA,NA,8.2,NA,NA,NA,NA,NA,NA,NA,NA,NA
Daily,2017-06-27,75.73435,24.3,NA,27.9,42800,NA,NA,NA,NA,NA,802.5,NA,NA,NA,8.2,NA,NA,NA,NA,NA,NA,NA,NA,NA
Daily,2017-06-28,75.7062,24.3,NA,27.9,42750,NA,NA,NA,NA,NA,805,NA,NA,NA,8.2,NA,NA,NA,NA,NA,NA,NA,NA,NA
Daily,2017-06-29,75.65,24.2,NA,27.9,42700,NA,NA,NA,NA,NA,809,NA,NA,NA,8.2,NA,NA,NA,NA,NA,NA,NA,NA,NA
Daily,2017-06-30,75.425,24.1,NA,27.9,42650,NA,NA,NA,NA,NA,808,NA,NA,NA,8.2,NA,NA,NA,NA,NA,NA,NA,NA,NA
Daily,2017-07-01,NA,24.1,NA,27.9,42600,NA,NA,NA,NA,NA,805,NA,NA,NA,8.2,NA,NA,NA,NA,NA,NA,NA,NA,NA
Daily,2017-07-02,NA,24.1,NA,27.9,42600,NA,NA,NA,NA,NA,807,NA,NA,NA,8.2,NA,NA,NA,NA,NA,NA,NA,NA,NA
Daily,2017-07-03,NA,24.2,NA,28,42700,NA,NA,NA,NA,NA,809,NA,NA,NA,8.2,NA,NA,NA,NA,NA,NA,NA,NA,NA
Daily,2017-07-04,75.875,24.3,NA,28,42850,NA,NA,NA,NA,NA,810,NA,NA,NA,8.2,NA,NA,NA,NA,NA,NA,NA,NA,NA
Daily,2017-07-05,75.9875,24.4,NA,28,43000,NA,NA,NA,NA,NA,807,NA,NA,NA,8.2,NA,NA,NA,NA,NA,NA,NA,NA,NA
Daily,2017-07-06,76.2687,24.6,NA,28,43200,NA,NA,NA,NA,NA,806,NA,NA,NA,8.2,NA,NA,NA,NA,NA,NA,NA,NA,NA
Daily,2017-07-07,76.4938,24.7,NA,28,43300,NA,NA,NA,NA,NA,806,NA,NA,NA,8.2,NA,NA,NA,NA,NA,NA,NA,NA,NA
Daily,2017-07-08,76.6625,24.8,NA,28,43400,NA,NA,NA,NA,NA,804.5,NA,NA,NA,8.2,NA,NA,NA,NA,NA,NA,NA,NA,NA
Daily,2017-07-09,76.74690000000001,24.8,NA,28,43400,NA,NA,NA,NA,NA,807.5,NA,NA,NA,8.2,NA,NA,NA,NA,NA,NA,NA,NA,NA
Daily,2017-07-10,76.9438,25,NA,28,43500,NA,NA,NA,NA,NA,801,NA,NA,NA,8.2,NA,NA,NA,NA,NA,NA,NA,NA,NA
Daily,2017-07-11,77.1125,25,NA,28,43600,NA,NA,NA,NA,NA,806,NA,NA,NA,8.2,NA,NA,NA,NA,NA,NA,NA,NA,NA
Daily,2017-07-12,77.1688,25.1,NA,28,43600,NA,NA,NA,NA,NA,809,NA,NA,NA,8.2,NA,NA,NA,NA,NA,NA,NA,NA,NA
Daily,2017-07-13,77.25315,25.1,NA,28,43700,NA,NA,NA,NA,NA,805,NA,NA,NA,8.2,NA,NA,NA,NA,NA,NA,NA,NA,NA
Daily,2017-07-14,77.5625,25.3,NA,28.1,43900,NA,NA,NA,NA,NA,806,NA,NA,NA,8.2,NA,NA,NA,NA,NA,NA,NA,NA,NA
Daily,2017-07-15,77.5625,25.3,NA,28.1,43900,NA,NA,NA,NA,NA,808,NA,NA,NA,8.2,NA,NA,NA,NA,NA,NA,NA,NA,NA
Daily,2017-07-16,77.5063,25.3,NA,28.1,43900,NA,NA,NA,NA,NA,813,NA,NA,NA,8.2,NA,NA,NA,NA,NA,NA,NA,NA,NA
Daily,2017-07-17,77.3937,25.2,NA,28.1,43900,NA,NA,NA,NA,NA,812,NA,NA,NA,8.2,NA,NA,NA,NA,NA,NA,NA,NA,NA
Daily,2017-07-18,77.3937,25.2,NA,28,43800,NA,NA,NA,NA,NA,813,NA,NA,NA,8.2,NA,NA,NA,NA,NA,NA,NA,NA,NA
Daily,2017-07-19,77.3937,25.2,NA,27.9,43600,NA,NA,NA,NA,NA,816,NA,NA,NA,8.2,NA,NA,NA,NA,NA,NA,NA,NA,NA
Daily,2017-07-20,77.3375,25.2,NA,27.9,43500,NA,NA,NA,NA,NA,809,NA,NA,NA,8.2,NA,NA,NA,NA,NA,NA,NA,NA,NA
Daily,2017-07-21,77.45,25.2,NA,27.85,43500,NA,NA,NA,NA,NA,813,NA,NA,NA,8.2,NA,NA,NA,NA,NA,NA,NA,NA,NA
Daily,2017-07-22,77.45,25.2,NA,27.4,42900,NA,NA,NA,NA,NA,813,NA,NA,NA,8.1,NA,NA,NA,NA,NA,NA,NA,NA,NA
Daily,2017-07-23,77.225,25.1,NA,NA,42300,NA,NA,NA,NA,NA,809.5,NA,NA,NA,8.1,NA,NA,NA,NA,NA,NA,NA,NA,NA
Daily,2017-07-24,77,25,NA,NA,41900,NA,NA,NA,NA,NA,805.5,NA,NA,NA,8.1,NA,NA,NA,NA,NA,NA,NA,NA,NA
Daily,2017-07-25,77.1125,25,NA,NA,42000,NA,NA,NA,NA,NA,803,NA,NA,NA,8.1,NA,NA,NA,NA,NA,NA,NA,NA,NA
Daily,2017-07-26,77.2813,25.1,NA,NA,42100,NA,NA,NA,NA,NA,808,NA,NA,NA,8.1,NA,NA,NA,NA,NA,NA,NA,NA,NA
Daily,2017-07-27,77.3375,25.2,NA,NA,42200,NA,NA,NA,NA,NA,799,NA,NA,NA,8.1,NA,NA,NA,NA,NA,NA,NA,NA,NA
Daily,2017-07-28,77.5344,25.3,NA,27.3,42800,NA,NA,NA,NA,NA,808,NA,NA,NA,8.1,NA,NA,NA,NA,NA,NA,NA,NA,NA
Daily,2017-07-29,77.6188,25.3,NA,27.3,42800,NA,NA,NA,NA,NA,808,NA,NA,NA,8.1,NA,NA,NA,NA,NA,NA,NA,NA,NA
Daily,2017-07-30,77.3375,25.2,NA,27.3,42700,NA,NA,NA,NA,NA,809,NA,NA,NA,8,NA,NA,NA,NA,NA,NA,NA,NA,NA
Daily,2017-07-31,77.2813,25.1,NA,27.3,42650,NA,NA,NA,NA,NA,811,NA,NA,NA,8.1,NA,NA,NA,NA,NA,NA,NA,NA,NA
Daily,2017-08-01,77.3375,25.2,NA,NA,43000,NA,NA,NA,NA,NA,810,NA,NA,NA,8.1,NA,NA,NA,NA,NA,NA,NA,NA,NA
Daily,2017-08-02,77.225,25.1,NA,NA,42900,NA,NA,NA,NA,NA,810,NA,NA,NA,8.1,NA,NA,NA,NA,NA,NA,NA,NA,NA
Daily,2017-08-03,77.1125,25,NA,NA,42900,NA,NA,NA,NA,NA,807,NA,NA,NA,8.1,NA,NA,NA,NA,NA,NA,NA,NA,NA
Daily,2017-08-04,77.14065,25.05,NA,NA,42900,NA,NA,NA,NA,NA,806,NA,NA,NA,8.1,NA,NA,NA,NA,NA,NA,NA,NA,NA
Daily,2017-08-05,77.42185,25.2,NA,NA,43050,NA,NA,NA,NA,NA,807,NA,NA,NA,8.1,NA,NA,NA,NA,NA,NA,NA,NA,NA
Daily,2017-08-06,77.59065,25.3,NA,NA,43350,NA,NA,NA,NA,NA,804,NA,NA,NA,8.1,NA,NA,NA,NA,NA,NA,NA,NA,NA
Daily,2017-08-07,77.64689999999999,25.4,NA,NA,43400,NA,NA,NA,NA,NA,804.5,NA,NA,NA,8.1,NA,NA,NA,NA,NA,NA,NA,NA,NA
Daily,2017-08-08,77.5063,25.3,NA,NA,43450,NA,NA,NA,NA,NA,805,NA,NA,NA,8.1,NA,NA,NA,NA,NA,NA,NA,NA,NA
Daily,2017-08-09,77.45,25.2,NA,NA,43500,NA,NA,NA,NA,NA,803,NA,NA,NA,8.1,NA,NA,NA,NA,NA,NA,NA,NA,NA
Daily,2017-08-10,77.45,25.2,NA,NA,43500,NA,NA,NA,NA,NA,800,NA,NA,NA,8.2,NA,NA,NA,NA,NA,NA,NA,NA,NA
Daily,2017-08-11,77.45,25.2,NA,NA,43500,NA,NA,NA,NA,NA,803,NA,NA,NA,8.2,NA,NA,NA,NA,NA,NA,NA,NA,NA
Daily,2017-08-12,77.7875,25.4,NA,28.6,43700,NA,NA,NA,NA,NA,805,NA,NA,NA,8.1,NA,NA,NA,NA,NA,NA,NA,NA,NA
Daily,2017-08-13,77.7875,25.4,NA,28.5,44700,NA,NA,NA,NA,NA,800,NA,NA,NA,8.1,NA,NA,NA,NA,NA,NA,NA,NA,NA
Daily,2017-08-14,77.9281,25.5,NA,28.5,44800,NA,NA,NA,NA,NA,806,NA,NA,NA,8.1,NA,NA,NA,NA,NA,NA,NA,NA,NA
Daily,2017-08-15,77.9562,25.5,NA,28.5,45800,NA,NA,NA,NA,NA,805,NA,NA,NA,8.1,NA,NA,NA,NA,NA,NA,NA,NA,NA
Daily,2017-08-16,77.7313,25.4,NA,NA,45700,NA,NA,NA,NA,NA,804,NA,NA,NA,8.1,NA,NA,NA,NA,NA,NA,NA,NA,NA
Daily,2017-08-17,77.5625,25.3,NA,NA,45650,NA,NA,NA,NA,NA,804,NA,NA,NA,8.1,NA,NA,NA,NA,NA,NA,NA,NA,NA
Daily,2017-08-18,77.3375,25.2,NA,NA,45500,NA,NA,NA,NA,NA,803,NA,NA,NA,8.1,NA,NA,NA,NA,NA,NA,NA,NA,NA
Daily,2017-08-19,77.0563,25,NA,NA,45400,NA,NA,NA,NA,NA,801,NA,NA,NA,8.1,NA,NA,NA,NA,NA,NA,NA,NA,NA
Daily,2017-08-20,76.7188,24.8,NA,NA,45200,NA,NA,NA,NA,NA,802,NA,NA,NA,8.1,NA,NA,NA,NA,NA,NA,NA,NA,NA
Daily,2017-08-21,76.55,24.7,NA,NA,45100,NA,NA,NA,NA,NA,803,NA,NA,NA,8.1,NA,NA,NA,NA,NA,NA,NA,NA,NA
Daily,2017-08-22,76.6625,24.8,NA,NA,45200,NA,NA,NA,NA,NA,799,NA,NA,NA,8.1,NA,NA,NA,NA,NA,NA,NA,NA,NA
Daily,2017-08-23,76.9438,25,NA,NA,45200,NA,NA,NA,NA,NA,797,NA,NA,NA,8.1,NA,NA,NA,NA,NA,NA,NA,NA,NA
Daily,2017-08-24,76.8312,24.9,NA,NA,45200,NA,NA,NA,NA,NA,794,NA,NA,NA,NA,NA,NA,NA,NA,NA,NA,NA,NA,NA
Daily,2017-08-25,76.8312,24.9,NA,NA,45200,NA,NA,NA,NA,NA,800,NA,NA,NA,8,NA,NA,NA,NA,NA,NA,NA,NA,NA
Daily,2017-08-26,76.91565,24.9,NA,NA,45300,NA,NA,NA,NA,NA,801,NA,NA,NA,8.1,NA,NA,NA,NA,NA,NA,NA,NA,NA
Daily,2017-08-27,77.08439999999999,25,NA,NA,45350,NA,NA,NA,NA,NA,801,NA,NA,NA,8,NA,NA,NA,NA,NA,NA,NA,NA,NA
Daily,2017-08-28,77.1688,25.1,NA,NA,45400,NA,NA,NA,NA,NA,801,NA,NA,NA,8,NA,NA,NA,NA,NA,NA,NA,NA,NA
Daily,2017-08-29,77.1688,25.1,NA,NA,45400,NA,NA,NA,NA,NA,794,NA,NA,NA,8,NA,NA,NA,NA,NA,NA,NA,NA,NA
Daily,2017-08-30,77.1125,25.1,NA,NA,45400,NA,NA,NA,NA,NA,799,NA,NA,NA,8,NA,NA,NA,NA,NA,NA,NA,NA,NA
Daily,2017-08-31,76.8312,24.9,NA,NA,45300,NA,NA,NA,NA,NA,801,NA,NA,NA,8,NA,NA,NA,NA,NA,NA,NA,NA,NA
Daily,2017-09-01,76.4375,24.7,NA,29.3,45100,NA,NA,NA,NA,NA,797,NA,NA,NA,8,NA,NA,NA,NA,NA,NA,NA,NA,NA
Daily,2017-09-02,76.0438,24.5,NA,29.3,45000,NA,NA,NA,NA,NA,796.5,NA,NA,NA,8,NA,NA,NA,NA,NA,NA,NA,NA,NA
Daily,2017-09-03,76.0438,24.5,NA,29.3,45000,NA,NA,NA,NA,NA,794,NA,NA,NA,8,NA,NA,NA,NA,NA,NA,NA,NA,NA
Daily,2017-09-04,76.2125,24.55,NA,29.3,45000,NA,NA,NA,NA,NA,796,NA,NA,NA,8,NA,NA,NA,NA,NA,NA,NA,NA,NA
Daily,2017-09-05,76.35315,24.6,NA,29.3,45100,NA,NA,NA,NA,NA,797,NA,NA,NA,8,NA,NA,NA,NA,NA,NA,NA,NA,NA
Daily,2017-09-06,76.325,24.6,NA,29.3,45100,NA,NA,NA,NA,NA,798,NA,NA,NA,7.9,NA,NA,NA,NA,NA,NA,NA,NA,NA
Daily,2017-09-07,76.2687,24.6,NA,29.3,45100,NA,NA,NA,NA,NA,798,NA,NA,NA,8,NA,NA,NA,NA,NA,NA,NA,NA,NA
Daily,2017-09-08,76.1563,24.5,NA,29.4,45000,NA,NA,NA,NA,NA,780,NA,NA,NA,7.9,NA,NA,NA,NA,NA,NA,NA,NA,NA
Daily,2017-09-09,76.0438,24.5,NA,29.4,45000,NA,NA,NA,NA,NA,800.5,NA,NA,NA,8,NA,NA,NA,NA,NA,NA,NA,NA,NA
Daily,2017-09-10,76.0438,24.5,NA,29.4,45000,NA,NA,NA,NA,NA,804,NA,NA,NA,8,NA,NA,NA,NA,NA,NA,NA,NA,NA
Daily,2017-09-11,76.0438,24.5,NA,29.4,45000,NA,NA,NA,NA,NA,805,NA,NA,NA,8,NA,NA,NA,NA,NA,NA,NA,NA,NA
Daily,2017-09-12,76.1,24.5,NA,29.4,45000,NA,NA,NA,NA,NA,808,NA,NA,NA,8,NA,NA,NA,NA,NA,NA,NA,NA,NA
Daily,2017-09-13,76.2125,24.5,NA,29.4,45100,NA,NA,NA,NA,NA,811,NA,NA,NA,8,NA,NA,NA,NA,NA,NA,NA,NA,NA
Daily,2017-09-14,76.325,24.6,NA,29.3,45100,NA,NA,NA,NA,NA,808,NA,NA,NA,7.9,NA,NA,NA,NA,NA,NA,NA,NA,NA
Daily,2017-09-15,76.1563,24.5,NA,29.4,45100,NA,NA,NA,NA,NA,799,NA,NA,NA,7.6,NA,NA,NA,NA,NA,NA,NA,NA,NA
Daily,2017-09-16,76.0438,24.5,NA,29.4,45000,NA,NA,NA,NA,NA,790,NA,NA,NA,7.5,NA,NA,NA,NA,NA,NA,NA,NA,NA
Daily,2017-09-17,75.875,24.4,NA,29.5,45000,NA,NA,NA,NA,NA,791,NA,NA,NA,7.5,NA,NA,NA,NA,NA,NA,NA,NA,NA
Daily,2017-09-18,75.5938,24.2,NA,29.5,44900,NA,NA,NA,NA,NA,794,NA,NA,NA,7.5,NA,NA,NA,NA,NA,NA,NA,NA,NA
Daily,2017-09-19,75.3688,24.1,NA,29.5,44800,NA,NA,NA,NA,NA,798,NA,NA,NA,7.6,NA,NA,NA,NA,NA,NA,NA,NA,NA
Daily,2017-09-20,75.2563,24,NA,29.5,44800,NA,NA,NA,NA,NA,795,NA,NA,NA,7.6,NA,NA,NA,NA,NA,NA,NA,NA,NA
Daily,2017-09-21,75.1437,24,NA,29.5,44800,NA,NA,NA,NA,NA,787,NA,NA,NA,7.7,NA,NA,NA,NA,NA,NA,NA,NA,NA
Daily,2017-09-22,74.975,23.9,NA,29.5,44700,NA,NA,NA,NA,NA,794,NA,NA,NA,7.6,NA,NA,NA,NA,NA,NA,NA,NA,NA
Daily,2017-09-23,74.5812,23.7,NA,29.5,44500,NA,NA,NA,NA,NA,800.5,NA,NA,NA,7.6,NA,NA,NA,NA,NA,NA,NA,NA,NA
Daily,2017-09-24,73.85,23.2,NA,29.6,44200,NA,NA,NA,NA,NA,800,NA,NA,NA,7.7,NA,NA,NA,NA,NA,NA,NA,NA,NA
Daily,2017-09-25,73.4563,23.1,NA,29.6,43900,NA,NA,NA,NA,NA,799,NA,NA,NA,7.7,NA,NA,NA,NA,NA,NA,NA,NA,NA
Daily,2017-09-26,NA,NA,NA,29.6,NA,NA,NA,NA,NA,NA,797,NA,NA,NA,7.7,NA,NA,NA,NA,NA,NA,NA,NA,NA
Daily,2017-09-27,NA,NA,NA,29.6,NA,NA,NA,NA,NA,NA,795,NA,NA,NA,7.7,NA,NA,NA,NA,NA,NA,NA,NA,NA
Daily,2017-09-28,NA,NA,NA,29.7,43800,NA,NA,NA,NA,NA,794,NA,NA,NA,7.7,NA,NA,NA,NA,NA,NA,NA,NA,NA
Daily,2017-09-29,NA,NA,NA,29.9,43900,NA,NA,NA,NA,NA,794,NA,NA,NA,7.7,NA,NA,NA,NA,NA,NA,NA,NA,NA
Daily,2017-09-30,NA,NA,NA,29.9,43900,NA,NA,NA,NA,NA,798,NA,NA,NA,7.7,NA,NA,NA,NA,NA,NA,NA,NA,NA
Daily,2017-10-01,72.3875,22.4,NA,30,43950,NA,NA,NA,NA,NA,795,NA,NA,NA,7.8,NA,NA,NA,NA,NA,NA,NA,NA,NA
Daily,2017-10-02,72.1625,22.3,NA,30,43900,NA,NA,NA,NA,NA,791.5,NA,NA,NA,7.6,NA,NA,NA,NA,NA,NA,NA,NA,NA
Daily,2017-10-03,71.9938,22.2,NA,30.1,43900,NA,NA,NA,NA,NA,789,NA,NA,NA,7.6,NA,NA,NA,NA,NA,NA,NA,NA,NA
Daily,2017-10-04,71.9375,22.2,NA,30.1,43900,NA,NA,NA,NA,NA,795,NA,NA,NA,7.8,NA,NA,NA,NA,NA,NA,NA,NA,NA
Daily,2017-10-05,72.2188,22.3,NA,30,44000,NA,NA,NA,NA,NA,800,NA,NA,NA,7.8,NA,NA,NA,NA,NA,NA,NA,NA,NA
Daily,2017-10-06,72.275,22.4,NA,29.9,43900,NA,NA,NA,NA,NA,800,NA,NA,NA,7.7,NA,NA,NA,NA,NA,NA,NA,NA,NA
Daily,2017-10-07,71.9375,22.2,NA,30,43700,NA,NA,NA,NA,NA,793,NA,NA,NA,7.7,NA,NA,NA,NA,NA,NA,NA,NA,NA
Daily,2017-10-08,71.6,22,NA,30,43600,NA,NA,NA,NA,NA,788,NA,NA,NA,7.7,NA,NA,NA,NA,NA,NA,NA,NA,NA
Daily,2017-10-09,71.3187,21.8,NA,30,43500,NA,NA,NA,NA,NA,781,NA,NA,NA,7.8,NA,NA,NA,NA,NA,NA,NA,NA,NA
Daily,2017-10-10,70.9813,21.6,NA,30,43200,NA,NA,NA,NA,NA,795,NA,NA,NA,7.8,NA,NA,NA,NA,NA,NA,NA,NA,NA
Daily,2017-10-11,70.8688,21.6,NA,29.8,42900,NA,NA,NA,NA,NA,801,NA,NA,NA,7.8,NA,NA,NA,NA,NA,NA,NA,NA,NA
Daily,2017-10-12,70.8688,21.6,NA,29.7,42800,NA,NA,NA,NA,NA,800,NA,NA,NA,7.8,NA,NA,NA,NA,NA,NA,NA,NA,NA
Daily,2017-10-13,70.7562,21.5,NA,29.7,42800,NA,NA,NA,NA,NA,800,NA,NA,NA,7.8,NA,NA,NA,NA,NA,NA,NA,NA,NA
Daily,2017-10-14,70.6438,21.5,NA,29.95,43100,NA,NA,NA,NA,NA,799,NA,NA,NA,7.8,NA,NA,NA,NA,NA,NA,NA,NA,NA
Daily,2017-10-15,70.5313,21.4,NA,30.5,43600,NA,NA,NA,NA,NA,799,NA,NA,NA,7.8,NA,NA,NA,NA,NA,NA,NA,NA,NA
Daily,2017-10-16,70.5875,21.4,NA,30.4,43700,NA,NA,NA,NA,NA,797,NA,NA,NA,7.8,NA,NA,NA,NA,NA,NA,NA,NA,NA
Daily,2017-10-17,70.7,21.5,NA,30.6,43900,NA,NA,NA,NA,NA,793,NA,NA,NA,8.1,NA,NA,NA,NA,NA,NA,NA,NA,NA
Daily,2017-10-18,70.7,21.5,NA,30.6,43900,NA,NA,NA,NA,NA,784,NA,NA,NA,8.1,NA,NA,NA,NA,NA,NA,NA,NA,NA
Daily,2017-10-19,70.7,21.5,NA,30.6,43900,NA,NA,NA,NA,NA,785,NA,NA,NA,8.1,NA,NA,NA,NA,NA,NA,NA,NA,NA
Daily,2017-10-20,70.7562,21.5,NA,30.6,44000,NA,NA,NA,NA,NA,788,NA,NA,NA,8.1,NA,NA,NA,NA,NA,NA,NA,NA,NA
Daily,2017-10-21,70.5875,21.4,NA,30.6,43900,NA,NA,NA,NA,NA,784,NA,NA,NA,8.1,NA,NA,NA,NA,NA,NA,NA,NA,NA
Daily,2017-10-22,70.3063,21.3,NA,30.6,43700,NA,NA,NA,NA,NA,790,NA,NA,NA,8.1,NA,NA,NA,NA,NA,NA,NA,NA,NA
Daily,2017-10-23,70.1375,21.2,NA,30.6,43600,NA,NA,NA,NA,NA,793,NA,NA,NA,8.1,NA,NA,NA,NA,NA,NA,NA,NA,NA
Daily,2017-10-24,70.025,21.1,NA,30.6,43500,NA,NA,NA,NA,NA,791,NA,NA,NA,8.1,NA,NA,NA,NA,NA,NA,NA,NA,NA
Daily,2017-10-25,70.025,21.1,NA,30.2,43100,NA,NA,NA,NA,NA,795,NA,NA,NA,8.1,NA,NA,NA,NA,NA,NA,NA,NA,NA
Daily,2017-10-26,69.9688,21.1,NA,29.3,42900,NA,NA,NA,NA,NA,788.5,NA,NA,NA,7.9,NA,NA,NA,NA,NA,NA,NA,NA,NA
Daily,2017-10-27,69.7438,20.9,NA,29.3,NA,NA,NA,NA,NA,NA,NA,NA,NA,NA,NA,NA,NA,NA,NA,NA,NA,NA,NA,NA
Daily,2017-10-29,69.1813,20.65,NA,29.3,NA,NA,NA,NA,NA,NA,NA,NA,NA,NA,NA,NA,NA,NA,NA,NA,NA,NA,NA,NA
Daily,2017-10-30,68.9,20.5,NA,29.3,NA,NA,NA,NA,NA,NA,NA,NA,NA,NA,NA,NA,NA,NA,NA,NA,NA,NA,NA,NA
Daily,2017-10-31,68.6188,20.3,NA,29.3,NA,NA,NA,NA,NA,NA,NA,NA,NA,NA,NA,NA,NA,NA,NA,NA,NA,NA,NA,NA
Daily,2017-11-01,NA,NA,NA,29.3,41100,NA,NA,NA,NA,NA,727,NA,NA,NA,8.6,NA,NA,NA,NA,NA,NA,NA,NA,NA
Daily,2017-11-02,NA,NA,NA,29.3,41000,NA,NA,NA,NA,NA,730,NA,NA,NA,8.5,NA,NA,NA,NA,NA,NA,NA,NA,NA
Daily,2017-11-03,NA,NA,NA,29.3,41100,NA,NA,NA,NA,NA,741,NA,NA,NA,8.6,NA,NA,NA,NA,NA,NA,NA,NA,NA
Daily,2017-11-04,NA,NA,NA,29.3,41400,NA,NA,NA,NA,NA,748,NA,NA,NA,8.7,NA,NA,NA,NA,NA,NA,NA,NA,NA
Daily,2017-11-05,70.3625,NA,NA,29.3,41800,NA,NA,NA,NA,NA,752.5,NA,NA,NA,8.7,NA,NA,NA,NA,NA,NA,NA,NA,NA
Daily,2017-11-06,70.4188,21.3,NA,29.3,42000,NA,NA,NA,NA,NA,756.5,NA,NA,NA,8.7,NA,NA,NA,NA,NA,NA,NA,NA,NA
Daily,2017-11-07,70.475,21.3,NA,29.35,42150,NA,NA,NA,NA,NA,749.5,NA,NA,NA,8.8,NA,NA,NA,NA,NA,NA,NA,NA,NA
Daily,2017-11-08,70.78435,21.5,NA,29.4,42400,NA,NA,NA,NA,NA,750,NA,NA,NA,8.8,NA,NA,NA,NA,NA,NA,NA,NA,NA
Daily,2017-11-09,71.2063,21.7,NA,29.4,42600,NA,NA,NA,NA,NA,760,NA,NA,NA,8.8,NA,NA,NA,NA,NA,NA,NA,NA,NA
Daily,2017-11-10,71.4313,21.9,NA,29.4,42750,NA,NA,NA,NA,NA,763,NA,NA,NA,8.7,NA,NA,NA,NA,NA,NA,NA,NA,NA
Daily,2017-11-11,71.8812,22.1,NA,29.4,42950,NA,NA,NA,NA,NA,768,NA,NA,NA,8.8,NA,NA,NA,NA,NA,NA,NA,NA,NA
Daily,2017-11-12,72.4437,22.4,NA,29.4,43200,NA,NA,NA,NA,NA,766,NA,NA,NA,8.8,NA,NA,NA,NA,NA,NA,NA,NA,NA
Daily,2017-11-13,72.8938,22.7,NA,29.4,43500,NA,NA,NA,NA,NA,767,NA,NA,NA,8.7,NA,NA,NA,NA,NA,NA,NA,NA,NA
Daily,2017-11-14,73.0625,22.75,NA,29.4,43600,NA,NA,NA,NA,NA,767.5,NA,NA,NA,8.7,NA,NA,NA,NA,NA,NA,NA,NA,NA
Daily,2017-11-15,73.0625,22.8,NA,29.6,43700,NA,NA,NA,NA,NA,764,NA,NA,NA,8.8,NA,NA,NA,NA,NA,NA,NA,NA,NA
Daily,2017-11-16,73.1188,22.8,NA,29.6,43700,NA,NA,NA,NA,NA,770,NA,NA,NA,8.8,NA,NA,NA,NA,NA,NA,NA,NA,NA
Daily,2017-11-17,73.2313,22.9,NA,29.5,43800,NA,NA,NA,NA,NA,773,NA,NA,NA,8.8,NA,NA,NA,NA,NA,NA,NA,NA,NA
Daily,2017-11-18,73.4563,22.9,NA,29.5,43800,NA,NA,NA,NA,NA,777.5,NA,NA,NA,8.8,NA,NA,NA,NA,NA,NA,NA,NA,NA
Daily,2017-11-19,73.4,22.9,NA,29.5,43800,NA,NA,NA,NA,NA,780,NA,NA,NA,8.8,NA,NA,NA,NA,NA,NA,NA,NA,NA
Daily,2017-11-20,73.175,22.8,NA,29.5,43700,NA,NA,NA,NA,NA,766,NA,NA,NA,8.8,NA,NA,NA,NA,NA,NA,NA,NA,NA
Daily,2017-11-21,73.0625,22.8,NA,29.5,45100,NA,NA,NA,NA,NA,767,NA,NA,NA,8.4,NA,NA,NA,NA,NA,NA,NA,NA,NA
Daily,2017-11-22,73.0625,22.8,NA,NA,45100,NA,NA,NA,NA,NA,NA,NA,NA,NA,8.4,NA,NA,NA,NA,NA,NA,NA,NA,NA
Daily,2017-11-23,73.175,22.85,NA,NA,45150,NA,NA,NA,NA,NA,687,NA,NA,NA,8.4,NA,NA,NA,NA,NA,NA,NA,NA,NA
Daily,2017-11-24,73.3438,23,NA,NA,45200,NA,NA,NA,NA,NA,701,NA,NA,NA,8.4,NA,NA,NA,NA,NA,NA,NA,NA,NA
Daily,2017-11-25,73.2875,22.9,NA,NA,45200,NA,NA,NA,NA,NA,703,NA,NA,NA,8.4,NA,NA,NA,NA,NA,NA,NA,NA,NA
Daily,2017-11-26,73.0625,22.8,NA,30.5,45100,NA,NA,NA,NA,NA,744,NA,NA,NA,8.4,NA,NA,NA,NA,NA,NA,NA,NA,NA
Daily,2017-11-27,72.95,22.7,NA,30.5,45000,NA,NA,NA,NA,NA,753,NA,NA,NA,8.4,NA,NA,NA,NA,NA,NA,NA,NA,NA
Daily,2017-11-28,72.8938,22.7,NA,30.5,44900,NA,NA,NA,NA,NA,756,NA,NA,NA,8.4,NA,NA,NA,NA,NA,NA,NA,NA,NA
Daily,2017-11-29,72.7813,22.6,NA,30.5,44900,NA,NA,NA,NA,NA,758,NA,NA,NA,8.3,NA,NA,NA,NA,NA,NA,NA,NA,NA
Daily,2017-11-30,72.6125,22.5,NA,30.5,44800,NA,NA,NA,NA,NA,759,NA,NA,NA,8.4,NA,NA,NA,NA,NA,NA,NA,NA,NA
Daily,2017-12-01,72.58439999999999,22.5,NA,30.5,44800,NA,NA,NA,NA,NA,749.5,NA,NA,NA,8.4,NA,NA,0.7,1.4,NA,NA,NA,NA,NA
Daily,2017-12-02,72.5,22.5,NA,30.5,44700,NA,NA,NA,NA,NA,760,NA,NA,NA,8.3,NA,NA,NA,NA,NA,NA,NA,NA,NA
Daily,2017-12-03,72.3313,22.4,NA,30.5,44700,NA,NA,NA,NA,NA,757.5,NA,NA,NA,8.3,NA,NA,NA,NA,NA,NA,NA,NA,NA
Daily,2017-12-04,72.3875,22.4,NA,30.5,44700,NA,NA,NA,NA,NA,760,NA,NA,NA,8.3,NA,NA,NA,NA,NA,NA,NA,NA,NA
Daily,2017-12-05,72.02189999999999,22.15,NA,30.5,44600,NA,NA,NA,NA,NA,762,NA,NA,NA,8.3,NA,NA,NA,NA,NA,NA,NA,NA,NA
Daily,2017-12-06,71.8812,22.1,NA,30.5,NA,NA,NA,NA,NA,NA,738,NA,NA,NA,8.4,NA,NA,NA,NA,NA,NA,NA,NA,NA
Daily,2017-12-07,71.7688,22,NA,30.6,44500,NA,NA,NA,NA,NA,733.5,NA,NA,NA,8.4,0,0.04,0.9,1.5,NA,NA,NA,NA,NA
Daily,2017-12-08,71.375,21.85,NA,30.6,NA,NA,NA,NA,NA,NA,742,NA,NA,NA,8.4,NA,NA,NA,NA,NA,NA,NA,NA,NA
Daily,2017-12-09,71.34685,21.85,NA,30.6,NA,NA,NA,NA,NA,NA,728.5,NA,NA,NA,8.3,NA,NA,NA,NA,NA,NA,NA,NA,NA
Daily,2017-12-10,71.34685,21.85,NA,30.6,NA,NA,NA,NA,NA,NA,740,NA,NA,NA,8.4,NA,NA,NA,NA,NA,NA,NA,NA,NA
Daily,2017-12-11,71.12190000000001,21.7,NA,30.6,NA,NA,NA,NA,NA,NA,744,NA,NA,NA,8.3,NA,NA,NA,NA,NA,NA,NA,NA,NA
Daily,2017-12-12,71.2625,21.7,NA,30.5,NA,NA,NA,NA,NA,NA,756,NA,NA,NA,8.4,NA,NA,NA,NA,NA,NA,NA,NA,NA
Daily,2017-12-13,71.375,21.799999999999997,NA,30.7,44500,NA,NA,NA,NA,NA,763,NA,NA,NA,8.4,NA,NA,NA,NA,NA,NA,NA,NA,NA
Daily,2017-12-14,71.76875,22.05,NA,30.7,44600,NA,NA,NA,NA,NA,751.5,NA,NA,NA,8.4,NA,NA,NA,NA,NA,NA,NA,NA,NA
Daily,2017-12-15,72.05,22.2,NA,31,45100,NA,NA,NA,NA,NA,747.5,NA,NA,NA,8.4,0,0.05,1,1.7,NA,NA,NA,NA,NA
Daily,2017-12-16,72.1063,22.2,NA,31,45200,NA,NA,NA,NA,NA,757,NA,NA,NA,8.4,NA,NA,NA,NA,NA,NA,NA,NA,NA
Daily,2017-12-17,72.6125,22.55,NA,31,45400,NA,NA,NA,NA,NA,751,NA,NA,NA,8.3,NA,NA,NA,NA,NA,NA,NA,NA,NA
Daily,2017-12-18,73.65315,23.2,NA,30.9,45900,NA,NA,NA,NA,NA,753,NA,NA,NA,8.4,NA,NA,NA,NA,NA,NA,NA,NA,NA
Daily,2017-12-19,74.1875,23.5,NA,29.8,44900,NA,NA,NA,NA,NA,760,NA,NA,NA,8.6,NA,NA,NA,NA,NA,NA,NA,NA,NA
Daily,2017-12-20,74.77815,23.8,NA,29.8,44900,NA,NA,NA,NA,NA,654,NA,NA,NA,8.7,NA,NA,NA,NA,NA,NA,NA,NA,NA
Daily,2017-12-21,75.1437,23.9,NA,29.85,45100,NA,NA,NA,NA,NA,665,NA,NA,NA,8.6,0,0.06,1,1.3,NA,NA,NA,NA,NA
Daily,2017-12-22,76.60624999999999,24.7,NA,30,46100,NA,NA,NA,NA,NA,691.5,NA,NA,NA,8.6,NA,NA,NA,NA,NA,NA,NA,NA,NA
Daily,2017-12-23,77.9,25.5,NA,30,46800,NA,NA,NA,NA,NA,715,NA,NA,NA,8.7,NA,NA,NA,NA,NA,NA,NA,NA,NA
Daily,2017-12-24,77.8438,25.45,NA,30,46800,NA,NA,NA,NA,NA,728,NA,NA,NA,8.6,NA,NA,NA,NA,NA,NA,NA,NA,NA
Daily,2017-12-25,77.1688,25.1,NA,30,46400,NA,NA,NA,NA,NA,731,NA,NA,NA,8.6,NA,NA,NA,NA,NA,NA,NA,NA,NA
Daily,2017-12-26,76.775,24.9,NA,30,46200,NA,NA,NA,NA,NA,724,NA,NA,NA,8.6,NA,NA,NA,NA,NA,NA,NA,NA,NA
Daily,2017-12-27,76.775,24.8,NA,30,46200,NA,NA,NA,NA,NA,736,NA,NA,NA,8.5,NA,NA,NA,NA,NA,NA,NA,NA,NA
Daily,2017-12-28,76.57815,24.7,NA,30,46100,NA,NA,NA,NA,NA,744,NA,NA,NA,8.6,0,0.05,0.8,1.5,NA,NA,NA,NA,NA
Daily,2017-12-29,76.0438,24.5,NA,30,46000,NA,NA,NA,NA,NA,737,NA,NA,NA,8.5,NA,NA,NA,NA,NA,NA,NA,NA,NA
Daily,2017-12-30,76.1,24.5,NA,30.2,46100,NA,NA,NA,NA,NA,736,NA,NA,NA,8.4,NA,NA,NA,NA,NA,NA,NA,NA,NA
Daily,2017-12-31,76.325,24.6,NA,30.2,46200,NA,NA,NA,NA,NA,749.5,NA,NA,NA,8.6,NA,NA,NA,NA,NA,NA,NA,NA,NA
Daily,2018-01-01,76.4938,24.7,NA,30.2,46300,NA,NA,NA,NA,NA,757,NA,NA,NA,8.6,NA,NA,NA,NA,NA,NA,NA,NA,NA
Daily,2018-01-02,76.7188,24.8,NA,30.2,46400,NA,NA,NA,NA,NA,743,NA,NA,NA,8.5,NA,NA,NA,NA,NA,NA,NA,NA,NA
Daily,2018-01-03,76.7188,24.8,NA,30.3,46600,NA,NA,NA,NA,NA,754,NA,NA,NA,8.5,0,0.08,1.2,2,NA,NA,NA,NA,NA
Daily,2018-01-04,76.69065,24.8,NA,30.3,46500,NA,NA,NA,NA,NA,756,NA,NA,NA,8.5,NA,NA,NA,NA,NA,NA,NA,NA,NA
Daily,2018-01-05,76.6625,24.8,NA,30.3,46500,NA,NA,NA,NA,NA,739.5,NA,NA,NA,8.2,NA,NA,NA,NA,NA,NA,NA,NA,NA
Daily,2018-01-06,76.6344,24.7,NA,30.3,46500,NA,NA,NA,NA,NA,756,NA,NA,NA,8.5,NA,NA,NA,NA,NA,NA,NA,NA,NA
Daily,2018-01-07,76.775,24.8,NA,30.2,46500,NA,NA,NA,NA,NA,760,NA,NA,NA,8.5,NA,NA,NA,NA,NA,NA,NA,NA,NA
Daily,2018-01-08,76.55,24.7,NA,30.3,46400,NA,NA,NA,NA,NA,764,NA,NA,NA,8.5,NA,NA,NA,NA,NA,NA,NA,NA,NA
Daily,2018-01-09,76.55,24.7,NA,30.3,46500,NA,NA,NA,NA,NA,758.5,NA,NA,NA,8.6,NA,NA,NA,NA,NA,NA,NA,NA,NA
Daily,2018-01-10,76.6625,24.8,NA,30.4,46700,NA,NA,NA,NA,NA,754,NA,NA,NA,8.5,NA,NA,NA,NA,NA,NA,NA,NA,NA
Daily,2018-01-11,76.775,24.9,NA,30.4,46700,NA,NA,NA,NA,NA,730,NA,NA,NA,8.5,NA,NA,NA,NA,NA,NA,NA,NA,NA
Daily,2018-01-12,76.6063,24.7,NA,30.4,46700,NA,NA,NA,NA,NA,734,NA,NA,NA,8.5,0,0.09,1.1,2.5,NA,NA,NA,NA,NA
Daily,2018-01-13,76.6344,24.75,NA,30.5,46700,NA,NA,NA,NA,NA,739,NA,NA,NA,8.4,NA,NA,NA,NA,NA,NA,NA,NA,NA
Daily,2018-01-14,76.8031,24.9,NA,30.4,46900,NA,NA,NA,NA,NA,742.5,NA,NA,NA,8.4,NA,NA,NA,NA,NA,NA,NA,NA,NA
Daily,2018-01-15,77.225,25.1,NA,30.4,47000,NA,NA,NA,NA,NA,755.5,NA,NA,NA,8.4,NA,NA,NA,NA,NA,NA,NA,NA,NA
Daily,2018-01-16,77.0563,25,NA,30.5,47100,NA,NA,NA,NA,NA,753,NA,NA,NA,8.5,NA,NA,NA,NA,NA,NA,NA,NA,NA
Daily,2018-01-17,77.0563,25,NA,31,47600,NA,NA,NA,NA,NA,729,NA,NA,NA,8.7,NA,NA,NA,NA,NA,NA,NA,NA,NA
Daily,2018-01-18,77.1688,25.1,NA,31.1,47800,NA,NA,NA,NA,NA,762,NA,NA,NA,8.7,NA,NA,NA,NA,NA,NA,NA,NA,NA
Daily,2018-01-19,76.6625,24.8,NA,31.1,47600,NA,NA,NA,NA,NA,780,NA,NA,NA,8.6,0,0.05,1,1.5,NA,NA,NA,NA,NA
Daily,2018-01-20,76.325,24.6,NA,31.1,47400,NA,NA,NA,NA,NA,780,NA,NA,NA,8.7,NA,NA,NA,NA,NA,NA,NA,NA,NA
Daily,2018-01-21,76.2687,24.6,NA,31.1,47400,NA,NA,NA,NA,NA,779.5,NA,NA,NA,8.7,NA,NA,NA,NA,NA,NA,NA,NA,NA
Daily,2018-01-22,77.0563,25,NA,31.1,47800,NA,NA,NA,NA,NA,781,NA,NA,NA,8.7,NA,NA,NA,NA,NA,NA,NA,NA,NA
Daily,2018-01-23,77.6188,25.4,NA,31,48300,NA,NA,NA,NA,NA,783,NA,NA,NA,8.7,NA,NA,NA,NA,NA,NA,NA,NA,NA
Daily,2018-01-24,77.7875,25.4,NA,31,48200,NA,NA,NA,NA,NA,788,NA,NA,NA,8.7,NA,NA,NA,NA,NA,NA,NA,NA,NA
Daily,2018-01-25,77.5063,25.3,NA,31,48000,NA,NA,NA,NA,NA,763,NA,NA,NA,8.4,0,0.12,1.2,1.8,NA,NA,NA,NA,NA
Daily,2018-01-26,77.2813,25.1,NA,31.1,47900,NA,NA,NA,NA,NA,779,NA,NA,NA,8.4,NA,NA,NA,NA,NA,NA,NA,NA,NA
Daily,2018-01-27,76.7188,24.8,NA,31.1,47600,NA,NA,NA,NA,NA,784.5,NA,NA,NA,8.649999999999999,NA,NA,NA,NA,NA,NA,NA,NA,NA
Daily,2018-01-28,76.6063,24.8,NA,31.1,47500,NA,NA,NA,NA,NA,795,NA,NA,NA,8.6,NA,NA,NA,NA,NA,NA,NA,NA,NA
Daily,2018-01-29,76.2687,24.6,NA,31,47400,NA,NA,NA,NA,NA,793.5,NA,NA,NA,8.6,NA,NA,NA,NA,NA,NA,NA,NA,NA
Daily,2018-01-30,75.7625,24.3,NA,31,47100,NA,NA,NA,NA,NA,793.5,NA,NA,NA,8.6,NA,NA,NA,NA,NA,NA,NA,NA,NA
Daily,2018-01-31,75.65,24.2,NA,31.1,47100,NA,NA,NA,NA,NA,794,NA,NA,NA,8.6,NA,NA,1,1.9,NA,NA,NA,NA,NA
Daily,2018-02-01,75.425,24.1,NA,31.1,47000,NA,NA,NA,NA,NA,794.5,NA,NA,NA,8.6,NA,NA,NA,NA,NA,NA,NA,NA,NA
Daily,2018-02-02,75.2563,24,NA,31.1,46800,NA,NA,NA,NA,NA,794,NA,NA,NA,8.6,NA,NA,NA,NA,NA,NA,NA,NA,NA
Daily,2018-02-03,75.3688,24,NA,31,46800,NA,NA,NA,NA,NA,787,NA,NA,NA,8.6,NA,NA,NA,NA,NA,NA,NA,NA,NA
Daily,2018-02-04,75.9313,24.4,NA,31,47100,NA,NA,NA,NA,NA,789,NA,NA,NA,8.6,NA,NA,NA,NA,NA,NA,NA,NA,NA
Daily,2018-02-05,76.1563,24.5,NA,31,47200,NA,NA,NA,NA,NA,780,NA,NA,NA,8.4,NA,NA,NA,NA,NA,NA,NA,NA,NA
Daily,2018-02-06,76.0438,24.4,NA,31,47100,NA,NA,NA,NA,NA,788,NA,NA,NA,8.6,NA,NA,NA,NA,NA,NA,NA,NA,NA
Daily,2018-02-07,75.875,24.4,NA,31,47100,NA,NA,NA,NA,NA,782,NA,NA,NA,8.7,NA,NA,NA,NA,NA,NA,NA,NA,NA
Daily,2018-02-08,75.7625,24.3,NA,31,47000,NA,NA,NA,NA,NA,786,NA,NA,NA,8.7,NA,NA,NA,NA,NA,NA,NA,NA,NA
Daily,2018-02-09,76.0438,24.4,NA,31,47100,NA,NA,NA,NA,NA,799,NA,NA,NA,8.6,NA,NA,NA,NA,NA,NA,NA,NA,NA
Daily,2018-02-10,76.4938,24.7,NA,31,47400,NA,NA,NA,NA,NA,798,NA,NA,NA,8.6,0,0.2,1,1.4,NA,NA,NA,NA,NA
Daily,2018-02-11,76.4938,24.7,NA,31,47400,NA,NA,NA,NA,NA,798,NA,NA,NA,8.6,NA,NA,NA,NA,NA,NA,NA,NA,NA
Daily,2018-02-12,76.1563,24.5,NA,31,47250,NA,NA,NA,NA,NA,787,NA,NA,NA,8.4,NA,NA,NA,NA,NA,NA,NA,NA,NA
Daily,2018-02-13,75.7062,24.3,NA,31,47000,NA,NA,NA,NA,NA,794,NA,NA,NA,8.5,NA,NA,NA,NA,NA,NA,NA,NA,NA
Daily,2018-02-14,75.425,24.1,NA,31,46900,NA,NA,NA,NA,NA,666.5,NA,NA,NA,8.4,0,0.05,0.8,1.4,NA,NA,NA,NA,NA
Daily,2018-02-15,75.5375,24.1,NA,31,46900,NA,NA,NA,NA,NA,723,NA,NA,NA,8.5,NA,NA,NA,NA,NA,NA,NA,NA,NA
Daily,2018-02-16,75.65,24.2,NA,31,47000,NA,NA,NA,NA,NA,740,NA,NA,NA,8.6,NA,NA,NA,NA,NA,NA,NA,NA,NA
Daily,2018-02-17,76.46565,24.7,NA,31,47450,NA,NA,NA,NA,NA,744.5,NA,NA,NA,8.5,NA,NA,NA,NA,NA,NA,NA,NA,NA
Daily,2018-02-18,77.59065,25.35,NA,31,48000,NA,NA,NA,NA,NA,756,NA,NA,NA,8.5,NA,NA,NA,NA,NA,NA,NA,NA,NA
Daily,2018-02-19,78.0125,25.5,NA,31,48200,NA,NA,NA,NA,NA,753,NA,NA,NA,8.6,NA,NA,NA,NA,NA,NA,NA,NA,NA
Daily,2018-02-20,77.2813,25.1,NA,31,48100,NA,NA,NA,NA,NA,752,NA,NA,NA,8.6,NA,NA,NA,NA,NA,NA,NA,NA,NA
Daily,2018-02-21,77,25,NA,31.7,48700,NA,NA,NA,NA,NA,708,NA,NA,NA,NA,NA,NA,NA,NA,NA,NA,NA,NA,NA
Daily,2018-02-22,77.2813,25.1,NA,31.7,48900,NA,NA,NA,NA,NA,726,NA,NA,NA,8.9,NA,NA,NA,NA,NA,NA,NA,NA,NA
Daily,2018-02-23,76.9438,24.9,NA,31.9,48900,NA,NA,NA,NA,NA,738,NA,NA,NA,8.8,0,0.06,0.7,1.8,NA,NA,NA,NA,NA
Daily,2018-02-24,76.8875,24.9,NA,31.9,48900,NA,NA,NA,NA,NA,749,NA,NA,NA,8.8,NA,NA,NA,NA,NA,NA,NA,NA,NA
Daily,2018-02-25,77.14065,25,NA,31.9,49000,NA,NA,NA,NA,NA,755,NA,NA,NA,8.8,NA,NA,NA,NA,NA,NA,NA,NA,NA
Daily,2018-02-26,77.0563,25,NA,31.9,48900,NA,NA,NA,NA,NA,759,NA,NA,NA,8.8,NA,NA,NA,NA,NA,NA,NA,NA,NA
Daily,2018-02-27,76.8312,24.9,NA,31.9,48900,NA,NA,NA,NA,NA,757.5,NA,NA,NA,8.8,NA,NA,NA,NA,NA,NA,NA,NA,NA
Daily,2018-02-28,76.4938,24.7,NA,32,48800,NA,NA,NA,NA,NA,758,NA,NA,NA,8.8,NA,NA,NA,NA,NA,NA,NA,NA,NA
Daily,2018-03-01,76.4375,24.6,NA,32,48800,NA,NA,NA,NA,NA,760,NA,NA,NA,8.8,NA,NA,NA,NA,NA,NA,NA,NA,NA
Daily,2018-03-02,76.4938,24.7,NA,32,48800,NA,NA,NA,NA,NA,765,NA,NA,NA,8.8,0,NA,0.8,1.1,NA,NA,NA,NA,NA
Daily,2018-03-03,76.6625,24.8,NA,32,48900,NA,NA,NA,NA,NA,768.5,NA,NA,NA,8.8,NA,NA,NA,NA,NA,NA,NA,NA,NA
Daily,2018-03-04,77.02815,25,NA,32,49100,NA,NA,NA,NA,NA,772,NA,NA,NA,8.8,NA,NA,NA,NA,NA,NA,NA,NA,NA
Daily,2018-03-05,77.225,25.1,NA,32,49200,NA,NA,NA,NA,NA,759,NA,NA,NA,8.9,NA,NA,NA,NA,NA,NA,NA,NA,NA
Daily,2018-03-06,77,25,NA,32,49100,NA,NA,NA,NA,NA,770,NA,NA,NA,8.8,NA,NA,NA,NA,NA,NA,NA,NA,NA
Daily,2018-03-07,76.8875,24.9,NA,32,49000,NA,NA,NA,NA,NA,772,NA,NA,NA,8.8,NA,NA,NA,NA,NA,NA,NA,NA,NA
Daily,2018-03-08,76.7188,24.8,NA,32,48900,NA,NA,NA,NA,NA,775,NA,NA,NA,8.9,0,0.12,0.9,1.6,NA,NA,NA,NA,NA
Daily,2018-03-09,76.69065,24.8,NA,32.1,49100,NA,NA,NA,NA,NA,772,NA,NA,NA,8.8,NA,NA,NA,NA,NA,NA,NA,NA,NA
Daily,2018-03-10,76.6063,24.7,NA,32.1,49000,NA,NA,NA,NA,NA,769,NA,NA,NA,8.8,NA,NA,NA,NA,NA,NA,NA,NA,NA
Daily,2018-03-11,76.3813,24.6,NA,32.1,48900,NA,NA,NA,NA,NA,782,NA,NA,NA,8.8,NA,NA,NA,NA,NA,NA,NA,NA,NA
Daily,2018-03-12,76.7188,24.8,NA,32.1,49100,NA,NA,NA,NA,NA,776,NA,NA,NA,8.8,NA,NA,NA,NA,NA,NA,NA,NA,NA
Daily,2018-03-13,76.8312,24.9,NA,32.1,49100,NA,NA,NA,NA,NA,773,NA,NA,NA,8.8,NA,NA,NA,NA,NA,NA,NA,NA,NA
Daily,2018-03-14,76.9438,24.9,NA,32.1,49100,NA,NA,NA,NA,NA,772,NA,NA,NA,8.9,NA,NA,NA,NA,NA,NA,NA,NA,NA
Daily,2018-03-15,76.775,24.8,NA,32,49000,NA,NA,NA,NA,NA,778,NA,NA,NA,8.8,NA,NA,NA,NA,NA,NA,NA,NA,NA
Daily,2018-03-16,76.7188,24.8,NA,32,49000,NA,NA,NA,NA,NA,779,NA,NA,NA,8.8,NA,NA,NA,NA,NA,NA,NA,NA,NA
Daily,2018-03-17,76.8312,24.9,NA,32.1,49000,NA,NA,NA,NA,NA,780,NA,NA,NA,8.9,0,0.11,0.9,1,NA,NA,NA,NA,NA
Daily,2018-03-18,77.0563,25,NA,32.1,49100,NA,NA,NA,NA,NA,773,NA,NA,NA,8.9,NA,NA,NA,NA,NA,NA,NA,NA,NA
Daily,2018-03-19,77.3937,25.1,NA,32.1,49300,NA,NA,NA,NA,NA,777.5,NA,NA,NA,8.8,NA,NA,NA,NA,NA,NA,NA,NA,NA
Daily,2018-03-20,77.2813,25.1,NA,32.1,49300,NA,NA,NA,NA,NA,781,NA,NA,NA,8.8,0,0.1,0.7,1.8,NA,NA,NA,NA,NA
Daily,2018-03-21,77.0563,25,NA,32.6,49800,NA,NA,NA,NA,NA,NA,NA,NA,NA,8.8,NA,NA,NA,NA,NA,NA,NA,NA,NA
Daily,2018-03-22,76.3813,24.6,NA,32.7,49600,NA,NA,NA,NA,NA,725,NA,NA,NA,8.7,NA,NA,NA,NA,NA,NA,NA,NA,NA
Daily,2018-03-23,76.4938,24.7,NA,32.7,49800,NA,NA,NA,NA,NA,735,NA,NA,NA,8.8,NA,NA,NA,NA,NA,NA,NA,NA,NA
Daily,2018-03-24,76.8031,24.8,NA,32.7,49900,NA,NA,NA,NA,NA,754,NA,NA,NA,8.8,NA,NA,NA,NA,NA,NA,NA,NA,NA
Daily,2018-03-25,77.0563,25,NA,32.7,50000,NA,NA,NA,NA,NA,772,NA,NA,NA,8.8,NA,NA,NA,NA,NA,NA,NA,NA,NA
Daily,2018-03-26,76.775,24.9,NA,32.7,49900,NA,NA,NA,NA,NA,767,NA,NA,NA,8.8,NA,NA,NA,NA,NA,NA,NA,NA,NA
Daily,2018-03-27,76.4938,24.7,NA,32.7,49800,NA,NA,NA,NA,NA,776,NA,NA,NA,8.7,NA,NA,NA,NA,NA,NA,NA,NA,NA
Daily,2018-03-28,76.57815,24.8,NA,NA,50000,NA,NA,NA,NA,NA,768.5,NA,NA,NA,8.7,NA,NA,NA,NA,NA,NA,NA,NA,NA
Daily,2018-03-29,76.9719,25,NA,NA,50350,NA,NA,NA,NA,NA,766,NA,NA,NA,8.7,0,0.12,1,1.3,NA,NA,NA,NA,NA
Daily,2018-03-30,76.8875,24.9,NA,NA,50400,NA,NA,NA,NA,NA,767.5,NA,NA,NA,8.7,NA,NA,NA,NA,NA,NA,NA,NA,NA
Daily,2018-03-31,76.775,24.8,NA,NA,50200,NA,NA,NA,NA,NA,761,NA,NA,NA,8.8,NA,NA,NA,NA,NA,NA,NA,NA,NA
Daily,2018-04-01,76.7188,24.8,NA,33,50200,NA,NA,NA,NA,NA,785,NA,NA,NA,8.7,NA,NA,NA,NA,NA,NA,NA,NA,NA
Daily,2018-04-02,76.57815,24.7,NA,33,50200,NA,NA,NA,NA,NA,786,NA,NA,NA,8.7,NA,NA,NA,NA,NA,NA,NA,NA,NA
Daily,2018-04-03,76.4938,24.7,NA,33,50200,NA,NA,NA,NA,NA,791,NA,NA,NA,8.3,1,0.13,1.1,1.4,NA,NA,NA,NA,NA
Daily,2018-04-04,76.6063,24.8,NA,33.1,50300,NA,NA,NA,NA,NA,755,NA,NA,NA,8.7,NA,NA,NA,NA,NA,NA,NA,NA,NA
Daily,2018-04-05,76.8031,24.9,NA,33.1,50400,NA,NA,NA,NA,NA,767,NA,NA,NA,8.7,NA,NA,NA,NA,NA,NA,NA,NA,NA
Daily,2018-04-06,76.8312,24.9,NA,33.1,50400,NA,NA,NA,NA,NA,776,NA,NA,NA,8.7,NA,NA,NA,NA,NA,NA,NA,NA,NA
Daily,2018-04-07,76.775,24.8,NA,33.1,50400,NA,NA,NA,NA,NA,779,NA,NA,NA,8.7,NA,NA,NA,NA,NA,NA,NA,NA,NA
Daily,2018-04-08,77,25,NA,33,50500,NA,NA,NA,NA,NA,782,NA,NA,NA,8.7,NA,NA,NA,NA,NA,NA,NA,NA,NA
Daily,2018-04-09,76.7188,24.8,NA,33,50300,NA,NA,NA,NA,NA,781,NA,NA,NA,8.7,NA,NA,NA,NA,NA,NA,NA,NA,NA
Daily,2018-04-10,76.55,24.7,NA,33,50200,NA,NA,NA,NA,NA,784,NA,NA,NA,8.7,NA,NA,NA,NA,NA,NA,NA,NA,NA
Daily,2018-04-11,76.46565,24.7,NA,33,50200,NA,NA,NA,NA,NA,787,NA,NA,NA,8.7,0,0.12,0.8,1.2,NA,NA,NA,NA,NA
Daily,2018-04-12,76.2687,24.6,NA,33,50100,NA,NA,NA,NA,NA,782,NA,NA,NA,8.7,NA,NA,NA,NA,NA,NA,NA,NA,NA
Daily,2018-04-13,76.4938,24.65,NA,33,50200,NA,NA,NA,NA,NA,773,NA,NA,NA,8.8,NA,NA,NA,NA,NA,NA,NA,NA,NA
Daily,2018-04-14,76.8312,24.9,NA,33.1,50400,NA,NA,NA,NA,NA,785.5,NA,NA,NA,8.8,NA,NA,NA,NA,NA,NA,NA,NA,NA
Daily,2018-04-15,77.14065,25,NA,33.1,50600,NA,NA,NA,NA,NA,788,NA,NA,NA,8.8,NA,NA,NA,NA,NA,NA,NA,NA,NA
Daily,2018-04-16,76.8312,24.9,NA,33.1,50400,NA,NA,NA,NA,NA,781,NA,NA,NA,8.3,NA,NA,NA,NA,NA,NA,NA,NA,NA
Daily,2018-04-17,75.7625,24.3,NA,33.1,49850,NA,NA,NA,NA,NA,794,NA,NA,NA,8.8,NA,NA,NA,NA,NA,NA,NA,NA,NA
Daily,2018-04-18,75.3688,24,NA,33.1,49600,NA,NA,NA,NA,NA,793,NA,NA,NA,8.7,NA,NA,NA,NA,NA,NA,NA,NA,NA
Daily,2018-04-19,75.0313,23.9,NA,33.1,49500,NA,NA,NA,NA,NA,794,NA,NA,NA,8.8,0,0.06,1,1.5,NA,NA,NA,NA,NA
Daily,2018-04-20,75.05940000000001,23.9,NA,33.1,49600,NA,NA,NA,NA,NA,794.5,NA,NA,NA,8.8,NA,NA,NA,NA,NA,NA,NA,NA,NA
Daily,2018-04-21,75.65,24.2,NA,33.2,49900,NA,NA,NA,NA,NA,798,NA,NA,NA,8.8,NA,NA,NA,NA,NA,NA,NA,NA,NA
Daily,2018-04-22,76.325,24.6,NA,33.2,50200,NA,NA,NA,NA,NA,801.5,NA,NA,NA,8.9,NA,NA,NA,NA,NA,NA,NA,NA,NA
Daily,2018-04-23,76.2125,24.5,NA,33.2,50200,NA,NA,NA,NA,NA,798,NA,NA,NA,8.8,NA,NA,NA,NA,NA,NA,NA,NA,NA
Daily,2018-04-24,75.875,24.4,NA,33.2,50000,NA,NA,NA,NA,NA,798,NA,NA,NA,8.8,NA,NA,NA,NA,NA,NA,NA,NA,NA
Daily,2018-04-25,75.5938,24.2,NA,33.1,49800,NA,NA,NA,NA,NA,800,NA,NA,NA,8.8,NA,NA,NA,NA,NA,NA,NA,NA,NA
Daily,2018-04-26,75.2,23.9,NA,33.1,49600,NA,NA,NA,NA,NA,791,NA,NA,NA,8.8,NA,NA,NA,NA,NA,NA,NA,NA,NA
Daily,2018-04-27,74.75,23.7,NA,NA,NA,NA,NA,NA,NA,NA,NA,NA,NA,NA,8.4,2,0.22,1.2,1.8,NA,NA,NA,NA,NA
Daily,2018-04-28,74.6375,23.7,NA,NA,NA,NA,NA,NA,NA,NA,NA,NA,NA,NA,8.9,NA,NA,NA,NA,NA,NA,NA,NA,NA
Daily,2018-04-29,74.3,23.5,NA,NA,NA,NA,NA,NA,NA,NA,717,NA,NA,NA,8.9,NA,NA,NA,NA,NA,NA,NA,NA,NA
Daily,2018-04-30,74.1313,23.4,NA,NA,NA,NA,NA,NA,NA,NA,726,NA,NA,NA,8.9,NA,NA,NA,NA,NA,NA,NA,NA,NA
Daily,2018-05-01,74.1313,23.4,NA,31.7,47100,NA,NA,NA,NA,NA,727,NA,NA,NA,8.9,0,0.03,1.1,2.8,NA,NA,NA,NA,NA
Daily,2018-05-02,74.1313,23.4,NA,31.7,47100,NA,NA,NA,NA,NA,747,NA,NA,NA,8.7,NA,NA,NA,NA,NA,NA,NA,NA,NA
Daily,2018-05-03,74.075,23.3,NA,31.7,47100,NA,NA,NA,NA,NA,749,NA,NA,NA,8.7,NA,NA,NA,NA,NA,NA,NA,NA,NA
Daily,2018-05-04,74.525,23.5,NA,31.7,47200,NA,NA,NA,NA,NA,747,NA,NA,NA,8.8,NA,NA,NA,NA,NA,NA,NA,NA,NA
Daily,2018-05-05,74.2438,23.5,NA,31.7,47200,NA,NA,NA,NA,NA,746,NA,NA,NA,8.8,NA,NA,NA,NA,NA,NA,NA,NA,NA
Daily,2018-05-06,74.1875,23.5,NA,31.7,47200,NA,NA,NA,NA,NA,746,NA,NA,NA,8.8,NA,NA,NA,NA,NA,NA,NA,NA,NA
Daily,2018-05-07,74.1313,23.5,NA,31.7,47200,NA,NA,NA,NA,NA,746,NA,NA,NA,8.8,NA,NA,NA,NA,NA,NA,NA,NA,NA
Daily,2018-05-08,74.0187,23.5,NA,31.7,47200,NA,NA,NA,NA,NA,746,NA,0,NA,8.8,NA,NA,NA,NA,NA,NA,NA,NA,NA
Daily,2018-05-09,74.075,NA,NA,NA,NA,NA,NA,NA,NA,NA,NA,NA,0,NA,NA,NA,NA,NA,NA,NA,NA,NA,NA,NA
Daily,2018-05-10,74.75,NA,NA,NA,NA,NA,NA,NA,NA,NA,NA,NA,0,NA,NA,0,0.09,1,2.3,NA,NA,NA,NA,NA
Daily,2018-05-11,74.7219,NA,NA,NA,NA,NA,NA,NA,NA,NA,NA,NA,0,NA,NA,NA,NA,NA,NA,NA,NA,NA,NA,NA
Daily,2018-05-12,74.4125,NA,NA,NA,NA,NA,NA,NA,NA,NA,NA,NA,0,NA,NA,NA,NA,NA,NA,NA,NA,NA,NA,NA
Daily,2018-05-13,73.9063,NA,NA,NA,NA,NA,NA,NA,NA,NA,NA,NA,0,NA,NA,NA,NA,NA,NA,NA,NA,NA,NA,NA
Daily,2018-05-14,73.6813,NA,NA,NA,NA,NA,NA,NA,NA,NA,NA,NA,0,NA,NA,NA,NA,NA,NA,NA,NA,NA,NA,NA
Daily,2018-05-15,73.5688,NA,NA,NA,NA,NA,NA,NA,NA,NA,NA,NA,0,NA,NA,NA,NA,NA,NA,NA,NA,NA,NA,NA
Daily,2018-05-16,73.4563,NA,NA,NA,NA,NA,NA,NA,NA,NA,NA,NA,0,NA,NA,NA,NA,NA,NA,NA,NA,NA,NA,NA
Daily,2018-05-17,73.4563,NA,NA,NA,NA,NA,NA,NA,NA,NA,NA,NA,0,NA,NA,NA,NA,NA,NA,NA,NA,NA,NA,NA
Daily,2018-05-18,73.4844,NA,NA,NA,NA,NA,NA,NA,NA,NA,NA,NA,0,NA,NA,0,0.08,1.2,2.2,NA,NA,NA,NA,NA
Daily,2018-05-19,74.3563,NA,NA,NA,NA,NA,NA,NA,NA,NA,NA,NA,0,NA,NA,NA,NA,NA,NA,NA,NA,NA,NA,NA
Daily,2018-05-20,74.8063,NA,NA,NA,NA,NA,NA,NA,NA,NA,NA,NA,0,NA,NA,NA,NA,NA,NA,NA,NA,NA,NA,NA
Daily,2018-05-21,74.6938,NA,NA,NA,NA,NA,NA,NA,NA,NA,NA,NA,0,NA,NA,NA,NA,NA,NA,NA,NA,NA,NA,NA
Daily,2018-05-22,74.5531,NA,NA,NA,NA,NA,NA,NA,NA,NA,NA,NA,0,NA,NA,NA,NA,NA,NA,NA,NA,NA,NA,NA
Daily,2018-05-23,74.3,NA,NA,NA,NA,NA,NA,NA,NA,NA,NA,NA,0,NA,NA,NA,NA,NA,NA,NA,NA,NA,NA,NA
Daily,2018-05-24,74.1875,23.5,NA,31.5,46900,NA,NA,NA,NA,NA,726.5,NA,0,NA,8.8,NA,NA,NA,NA,NA,NA,NA,NA,NA
Daily,2018-05-25,74.075,23.4,NA,31.5,46800,NA,NA,NA,NA,NA,773.5,NA,0,NA,8.8,0,0.05,0.7,2,NA,NA,NA,NA,NA
Daily,2018-05-26,73.7938,23.2,NA,31.5,46700,NA,NA,NA,NA,NA,778,NA,0,NA,8.8,NA,NA,NA,NA,NA,NA,NA,NA,NA
Daily,2018-05-27,73.4,23,NA,31.5,46500,NA,NA,NA,NA,NA,779,NA,0,NA,8.8,NA,NA,NA,NA,NA,NA,NA,NA,NA
Daily,2018-05-28,73.4,23,NA,31.5,46500,NA,NA,NA,NA,NA,796,NA,0,NA,8.9,NA,NA,NA,NA,NA,NA,NA,NA,NA
Daily,2018-05-29,73.5688,23.1,NA,31.3,46400,NA,NA,NA,NA,NA,724.5,NA,0,NA,8.6,NA,NA,NA,NA,NA,NA,NA,NA,NA
Daily,2018-05-30,73.7375,23.2,NA,31.3,46300,NA,NA,NA,NA,NA,746,NA,0,NA,8.6,NA,NA,NA,NA,NA,NA,NA,NA,NA
Daily,2018-05-31,73.7938,23.2,NA,31.3,46300,NA,NA,NA,NA,NA,760,NA,0,NA,8.7,NA,NA,NA,NA,NA,NA,NA,NA,NA
Daily,2018-06-01,73.6813,23.1,NA,31.2,46300,NA,NA,NA,NA,NA,789,NA,0,NA,8.7,0,0.12,1.1,2.3,NA,NA,NA,NA,NA
Daily,2018-06-02,73.625,23.1,NA,31.2,46200,NA,NA,NA,NA,NA,790,NA,0,NA,8.7,NA,NA,NA,NA,NA,NA,NA,NA,NA
Daily,2018-06-03,73.8219,23.2,NA,31.2,46350,NA,NA,NA,NA,NA,792,NA,0,NA,8.7,NA,NA,NA,NA,NA,NA,NA,NA,NA
Daily,2018-06-04,74.0187,23.3,NA,31.2,46400,NA,NA,NA,NA,NA,799,NA,0,NA,8.7,NA,NA,NA,NA,NA,NA,NA,NA,NA
Daily,2018-06-05,74.32815,23.5,NA,31.2,46600,NA,NA,NA,NA,NA,799,NA,0,NA,8.7,NA,NA,NA,NA,NA,NA,NA,NA,NA
Daily,2018-06-06,74.75,23.7,NA,31.2,46800,NA,NA,NA,NA,NA,808,NA,0,NA,8.7,NA,NA,NA,NA,NA,NA,NA,NA,NA
Daily,2018-06-07,75.1437,23.9,NA,31.2,47000,NA,NA,NA,NA,NA,807,NA,0,NA,8.7,0,0.2,0.8,1.8,NA,NA,NA,NA,NA
Daily,2018-06-08,75.2,24,NA,31.2,47100,NA,NA,NA,NA,NA,806,NA,0,NA,8.7,NA,NA,NA,NA,NA,NA,NA,NA,NA
Daily,2018-06-09,75.3125,24,NA,31.2,47100,NA,NA,NA,NA,NA,808,NA,0,NA,8.7,NA,NA,NA,NA,NA,NA,NA,NA,NA
Daily,2018-06-10,75.34065,24.05,NA,31.2,47100,NA,NA,NA,NA,NA,809,NA,0,NA,8.7,NA,NA,NA,NA,NA,NA,NA,NA,NA
Daily,2018-06-11,75.2563,24.1,NA,31.2,47200,NA,NA,NA,NA,NA,805,NA,0,NA,8.7,NA,NA,NA,NA,NA,NA,NA,NA,NA
Daily,2018-06-12,75.2563,24,NA,31.2,47000,NA,NA,NA,NA,NA,804,NA,0,NA,NA,NA,NA,NA,NA,NA,NA,NA,NA,NA
Daily,2018-06-13,75.2563,NA,NA,NA,NA,NA,NA,NA,NA,NA,NA,NA,0,NA,NA,0,0.17,1.2,1.5,NA,NA,NA,NA,NA
Daily,2018-06-14,75.2844,NA,NA,NA,NA,NA,NA,NA,NA,NA,NA,NA,0,NA,NA,NA,NA,NA,NA,NA,NA,NA,NA,NA
Daily,2018-06-15,75.22815,NA,NA,NA,NA,NA,NA,NA,NA,NA,NA,NA,0,NA,NA,NA,NA,NA,NA,NA,NA,NA,NA,NA
Daily,2018-06-16,74.6938,NA,NA,NA,NA,NA,NA,NA,NA,NA,NA,NA,0,NA,NA,NA,NA,NA,NA,NA,NA,NA,NA,NA
Daily,2018-06-17,74.6375,NA,NA,NA,NA,NA,NA,NA,NA,NA,NA,NA,0,NA,NA,NA,NA,NA,NA,NA,NA,NA,NA,NA
Daily,2018-06-18,74.89065,NA,NA,NA,NA,NA,NA,NA,NA,NA,NA,NA,0,NA,NA,NA,NA,NA,NA,NA,NA,NA,NA,NA
Daily,2018-06-19,75.0313,NA,NA,NA,NA,NA,NA,NA,NA,NA,NA,NA,0,NA,NA,NA,NA,NA,NA,NA,NA,NA,NA,NA
Daily,2018-06-20,75.0875,NA,NA,NA,NA,NA,NA,NA,NA,NA,NA,NA,0,NA,NA,NA,NA,NA,NA,NA,NA,NA,NA,NA
Daily,2018-06-21,75.3688,NA,NA,NA,NA,NA,NA,NA,NA,NA,NA,NA,0,NA,NA,NA,NA,NA,NA,NA,NA,NA,NA,NA
Daily,2018-06-22,75.56565,NA,NA,NA,NA,NA,NA,NA,NA,NA,NA,NA,0,NA,NA,0,0.15,0.9,1.2,NA,NA,NA,NA,NA
Daily,2018-06-23,75.7625,NA,NA,NA,NA,NA,NA,NA,NA,NA,NA,NA,0,NA,NA,NA,NA,NA,NA,NA,NA,NA,NA,NA
Daily,2018-06-24,75.95939999999999,NA,NA,NA,NA,NA,NA,NA,NA,NA,NA,NA,0,NA,NA,NA,NA,NA,NA,NA,NA,NA,NA,NA
Daily,2018-06-25,76.1,NA,NA,NA,NA,NA,NA,NA,NA,NA,NA,NA,0,NA,NA,NA,NA,NA,NA,NA,NA,NA,NA,NA
Daily,2018-06-26,76.2687,NA,NA,NA,NA,NA,NA,NA,NA,NA,NA,NA,0,NA,NA,0,0.18,1.1,1.9,NA,NA,NA,NA,NA
Daily,2018-06-27,76.3813,NA,NA,NA,NA,NA,NA,NA,NA,NA,NA,NA,0,NA,NA,NA,NA,NA,NA,NA,NA,NA,NA,NA
Daily,2018-06-28,76.57815,NA,NA,NA,NA,NA,NA,NA,NA,NA,NA,NA,0,NA,NA,NA,NA,NA,NA,NA,NA,NA,NA,NA
Daily,2018-06-29,76.74690000000001,NA,NA,NA,NA,NA,NA,NA,NA,NA,NA,NA,0,NA,NA,NA,NA,NA,NA,NA,NA,NA,NA,NA
Daily,2018-06-30,76.7188,NA,NA,NA,NA,NA,NA,NA,NA,NA,NA,NA,0,NA,NA,NA,NA,NA,NA,NA,NA,NA,NA,NA
Daily,2018-07-01,76.4938,NA,NA,NA,NA,NA,NA,NA,NA,NA,NA,NA,0,NA,NA,NA,NA,NA,NA,NA,NA,NA,NA,NA
Daily,2018-07-02,76.325,NA,NA,NA,NA,NA,NA,NA,NA,NA,NA,NA,0,NA,NA,NA,NA,NA,NA,NA,NA,NA,NA,NA
Daily,2018-07-03,76.325,NA,NA,NA,NA,NA,NA,NA,NA,NA,NA,NA,0,NA,NA,NA,NA,NA,NA,NA,NA,NA,NA,NA
Daily,2018-07-04,76.4938,NA,NA,NA,NA,NA,NA,NA,NA,NA,NA,NA,0,NA,NA,NA,NA,NA,NA,NA,NA,NA,NA,NA
Daily,2018-07-05,76.6625,NA,NA,NA,NA,NA,NA,NA,NA,NA,NA,NA,0,NA,NA,0,0.07,1.3,2,NA,NA,NA,NA,NA
Daily,2018-07-06,76.8031,NA,NA,NA,NA,NA,NA,NA,NA,NA,NA,NA,0,NA,NA,NA,NA,NA,NA,NA,NA,NA,NA,NA
Daily,2018-07-07,76.9438,NA,NA,NA,NA,NA,NA,NA,NA,NA,NA,NA,0,NA,NA,NA,NA,NA,NA,NA,NA,NA,NA,NA
Daily,2018-07-08,77.1688,NA,NA,NA,NA,NA,NA,NA,NA,NA,NA,NA,0,NA,NA,NA,NA,NA,NA,NA,NA,NA,NA,NA
Daily,2018-07-09,77.2813,NA,NA,NA,NA,NA,NA,NA,NA,NA,NA,NA,0,NA,NA,NA,NA,NA,NA,NA,NA,NA,NA,NA
Daily,2018-07-10,76.9438,NA,NA,NA,NA,NA,NA,NA,NA,NA,NA,NA,0,NA,NA,0,0.1,1.5,1.8,NA,NA,NA,NA,NA
Daily,2018-07-11,76.55,NA,NA,NA,NA,NA,NA,NA,NA,NA,NA,NA,0,NA,NA,NA,NA,NA,NA,NA,NA,NA,NA,NA
Daily,2018-07-12,76.74690000000001,NA,NA,NA,NA,NA,NA,NA,NA,NA,NA,NA,0,NA,NA,NA,NA,NA,NA,NA,NA,NA,NA,NA
Daily,2018-07-13,77.0563,NA,NA,NA,NA,NA,NA,NA,NA,NA,NA,NA,0,NA,NA,NA,NA,NA,NA,NA,NA,NA,NA,NA
Daily,2018-07-14,76.8875,NA,NA,NA,NA,NA,NA,NA,NA,NA,NA,NA,0,NA,NA,NA,NA,NA,NA,NA,NA,NA,NA,NA
Daily,2018-07-15,76.8312,NA,NA,NA,NA,NA,NA,NA,NA,NA,NA,NA,0,NA,NA,NA,NA,NA,NA,NA,NA,NA,NA,NA
Daily,2018-07-16,77,NA,NA,NA,NA,NA,NA,NA,NA,NA,NA,NA,0,NA,NA,NA,NA,NA,NA,NA,NA,NA,NA,NA
Daily,2018-07-17,77.45,NA,NA,NA,NA,NA,NA,NA,NA,NA,NA,NA,0,NA,NA,NA,NA,NA,NA,NA,NA,NA,NA,NA
Daily,2018-07-18,77.9,NA,NA,NA,NA,NA,NA,NA,NA,NA,NA,NA,0,NA,NA,NA,NA,NA,NA,NA,NA,NA,NA,NA
Daily,2018-07-19,78.37815,NA,NA,NA,NA,NA,NA,NA,NA,NA,NA,NA,0,NA,NA,0,0.08,1.1,1.8,NA,NA,NA,NA,NA
Daily,2018-07-20,78.8,NA,NA,NA,NA,NA,NA,NA,NA,NA,NA,NA,0,NA,NA,NA,NA,NA,NA,NA,NA,NA,NA,NA
Daily,2018-07-21,78.8,NA,NA,NA,NA,NA,NA,NA,NA,NA,NA,NA,0,NA,NA,NA,NA,NA,NA,NA,NA,NA,NA,NA
Daily,2018-07-22,79.025,NA,NA,NA,NA,NA,NA,NA,NA,NA,NA,NA,0,NA,NA,NA,NA,NA,NA,NA,NA,NA,NA,NA
Daily,2018-07-23,79.27815,NA,NA,NA,NA,NA,NA,NA,NA,NA,NA,NA,0,NA,NA,NA,NA,NA,NA,NA,NA,NA,NA,NA
Daily,2018-07-24,79.5313,NA,NA,NA,NA,NA,NA,NA,NA,NA,NA,NA,0,NA,NA,NA,NA,NA,NA,NA,NA,NA,NA,NA
Daily,2018-07-25,79.5875,NA,NA,NA,NA,NA,NA,NA,NA,NA,NA,NA,0,NA,NA,NA,NA,NA,NA,NA,NA,NA,NA,NA
Daily,2018-07-26,79.6437,NA,NA,NA,NA,NA,NA,NA,NA,NA,NA,NA,0,NA,NA,NA,NA,NA,NA,NA,NA,NA,NA,NA
Daily,2018-07-27,79.7,NA,NA,NA,NA,NA,NA,NA,NA,NA,NA,NA,0,NA,NA,NA,NA,NA,NA,NA,NA,NA,NA,NA
Daily,2018-07-28,79.5875,NA,NA,NA,NA,NA,NA,NA,NA,NA,NA,NA,0,NA,NA,NA,NA,NA,NA,NA,NA,NA,NA,NA
Daily,2018-07-29,79.4188,NA,NA,NA,NA,NA,NA,NA,NA,NA,NA,NA,0,NA,NA,NA,NA,NA,NA,NA,NA,NA,NA,NA
Daily,2018-07-30,79.475,NA,NA,NA,NA,NA,NA,NA,NA,NA,NA,NA,0,NA,NA,NA,NA,NA,NA,NA,NA,NA,NA,NA
Daily,2018-07-31,79.55940000000001,NA,NA,NA,NA,NA,NA,NA,NA,NA,NA,NA,0,NA,NA,NA,NA,NA,NA,NA,NA,NA,NA,NA
Daily,2018-08-01,79.84065,NA,NA,NA,NA,NA,NA,NA,NA,NA,NA,NA,0,NA,NA,0,0.09,0.9,0.9,NA,NA,NA,NA,NA
Daily,2018-08-02,79.925,NA,NA,NA,NA,NA,NA,NA,NA,NA,NA,NA,0,NA,NA,NA,NA,NA,NA,NA,NA,NA,NA,NA
Daily,2018-08-03,79.9813,NA,NA,NA,NA,NA,NA,NA,NA,NA,NA,NA,0,NA,NA,NA,NA,NA,NA,NA,NA,NA,NA,NA
Daily,2018-08-04,80.0094,NA,NA,NA,NA,NA,NA,NA,NA,NA,NA,NA,0,NA,NA,NA,NA,NA,NA,NA,NA,NA,NA,NA
Daily,2018-08-05,80.0094,NA,NA,NA,NA,NA,NA,NA,NA,NA,NA,NA,0,NA,NA,NA,NA,NA,NA,NA,NA,NA,NA,NA
Daily,2018-08-06,79.925,NA,NA,NA,NA,NA,NA,NA,NA,NA,NA,NA,0,NA,NA,NA,NA,NA,NA,NA,NA,NA,NA,NA
Daily,2018-08-07,79.8688,NA,NA,NA,NA,NA,NA,NA,NA,NA,NA,NA,0,NA,NA,NA,NA,NA,NA,NA,NA,NA,NA,NA
Daily,2018-08-08,79.7563,NA,NA,NA,NA,NA,NA,NA,NA,NA,NA,NA,0,NA,NA,NA,NA,NA,NA,NA,NA,NA,NA,NA
Daily,2018-08-09,79.6156,NA,NA,NA,NA,NA,NA,NA,NA,NA,NA,NA,0,NA,NA,NA,NA,NA,NA,NA,NA,NA,NA,NA
Daily,2018-08-10,79.475,NA,NA,NA,NA,NA,NA,NA,NA,NA,NA,NA,0,NA,NA,NA,NA,NA,NA,NA,NA,NA,NA,NA
Daily,2018-08-11,79.3063,NA,NA,NA,NA,NA,NA,NA,NA,NA,NA,NA,0,NA,NA,NA,NA,NA,NA,NA,NA,NA,NA,NA
Daily,2018-08-12,79.1375,NA,NA,NA,NA,NA,NA,NA,NA,NA,NA,NA,0,NA,NA,NA,NA,NA,NA,NA,NA,NA,NA,NA
Daily,2018-08-13,79.025,NA,NA,NA,NA,NA,NA,NA,NA,NA,NA,NA,0,NA,NA,NA,NA,NA,NA,NA,NA,NA,NA,NA
Daily,2018-08-14,79.0812,NA,NA,NA,NA,NA,NA,NA,NA,NA,NA,NA,0,NA,NA,NA,NA,NA,NA,NA,NA,NA,NA,NA
Daily,2018-08-15,79.0812,NA,NA,NA,NA,NA,NA,NA,NA,NA,NA,NA,0,NA,NA,NA,NA,NA,NA,NA,NA,NA,NA,NA
Daily,2018-08-16,78.7438,NA,NA,NA,NA,NA,NA,NA,NA,NA,NA,NA,0,NA,NA,NA,NA,NA,NA,NA,NA,NA,NA,NA
Daily,2018-08-17,78.77189999999999,NA,NA,NA,NA,NA,NA,NA,NA,NA,NA,NA,0,NA,NA,NA,NA,NA,NA,NA,NA,NA,NA,NA
Daily,2018-08-18,78.99690000000001,NA,NA,NA,NA,NA,NA,NA,NA,NA,NA,NA,0,NA,NA,NA,NA,NA,NA,NA,NA,NA,NA,NA
Daily,2018-08-19,79.1375,NA,NA,NA,NA,NA,NA,NA,NA,NA,NA,NA,0,NA,NA,NA,NA,NA,NA,NA,NA,NA,NA,NA
Daily,2018-08-20,79.3063,NA,NA,NA,NA,NA,NA,NA,NA,NA,NA,NA,0,NA,NA,NA,NA,NA,NA,NA,NA,NA,NA,NA
Daily,2018-08-21,79.3063,NA,NA,NA,NA,NA,NA,NA,NA,NA,NA,NA,0,NA,NA,NA,NA,NA,NA,NA,NA,NA,NA,NA
Daily,2018-08-22,79.25,NA,NA,NA,NA,NA,NA,NA,NA,NA,NA,NA,0,NA,NA,NA,NA,NA,NA,NA,NA,NA,NA,NA
Daily,2018-08-23,78.9688,NA,NA,NA,NA,NA,NA,NA,NA,NA,NA,NA,0,NA,NA,NA,NA,NA,NA,NA,NA,NA,NA,NA
Daily,2018-08-24,78.7438,NA,NA,NA,NA,NA,NA,NA,NA,NA,NA,NA,0,NA,NA,NA,NA,NA,NA,NA,NA,NA,NA,NA
Daily,2018-08-25,78.4625,NA,NA,NA,NA,NA,NA,NA,NA,NA,NA,NA,0,NA,NA,NA,NA,NA,NA,NA,NA,NA,NA,NA
Daily,2018-08-26,78.4625,NA,NA,NA,NA,NA,NA,NA,NA,NA,NA,NA,0,NA,NA,NA,NA,NA,NA,NA,NA,NA,NA,NA
Daily,2018-08-27,78.575,NA,NA,NA,NA,NA,NA,NA,NA,NA,NA,NA,0,NA,NA,NA,NA,NA,NA,NA,NA,NA,NA,NA
Daily,2018-08-28,78.575,NA,NA,NA,NA,NA,NA,NA,NA,NA,NA,NA,0,NA,NA,NA,NA,NA,NA,NA,NA,NA,NA,NA
Daily,2018-08-29,78.5187,NA,NA,NA,NA,NA,NA,NA,NA,NA,NA,NA,0,NA,NA,NA,NA,NA,NA,NA,NA,NA,NA,NA
Daily,2018-08-30,78.1813,NA,NA,NA,NA,NA,NA,NA,NA,NA,NA,NA,0,NA,NA,NA,NA,NA,NA,NA,NA,NA,NA,NA
Daily,2018-08-31,78.0688,NA,NA,NA,NA,NA,NA,NA,NA,NA,NA,NA,0,NA,NA,NA,NA,NA,NA,NA,NA,NA,NA,NA
Daily,2018-09-01,78.2938,NA,NA,NA,NA,NA,NA,NA,NA,NA,NA,NA,0,NA,NA,NA,NA,NA,NA,NA,NA,NA,NA,NA
Daily,2018-09-02,78.35,NA,NA,NA,NA,NA,NA,NA,NA,NA,NA,NA,0,NA,NA,NA,NA,NA,NA,NA,NA,NA,NA,NA
Daily,2018-09-03,78.0688,NA,NA,NA,NA,NA,NA,NA,NA,NA,NA,NA,0,NA,NA,NA,NA,NA,NA,NA,NA,NA,NA,NA
Daily,2018-09-04,77.7875,NA,NA,NA,NA,NA,NA,NA,NA,NA,NA,NA,0,NA,NA,NA,NA,NA,NA,NA,NA,NA,NA,NA
Daily,2018-09-05,77.5625,NA,NA,NA,NA,NA,NA,NA,NA,NA,NA,NA,0,NA,NA,NA,NA,NA,NA,NA,NA,NA,NA,NA
Daily,2018-09-06,77.675,NA,NA,NA,NA,NA,NA,NA,NA,NA,NA,NA,0,NA,NA,NA,NA,NA,NA,NA,NA,NA,NA,NA
Daily,2018-09-07,77.675,NA,NA,NA,NA,NA,NA,NA,NA,NA,NA,NA,0,NA,NA,NA,NA,NA,NA,NA,NA,NA,NA,NA
Daily,2018-09-08,77.675,NA,NA,NA,NA,NA,NA,NA,NA,NA,NA,NA,0,NA,NA,NA,NA,NA,NA,NA,NA,NA,NA,NA
Daily,2018-09-09,77.6188,NA,NA,NA,NA,NA,NA,NA,NA,NA,NA,NA,0,NA,NA,NA,NA,NA,NA,NA,NA,NA,NA,NA
Daily,2018-09-10,77.6188,NA,NA,NA,NA,NA,NA,NA,NA,NA,NA,NA,0,NA,NA,NA,NA,NA,NA,NA,NA,NA,NA,NA
Daily,2018-09-11,77.6188,NA,NA,NA,NA,NA,NA,NA,NA,NA,NA,NA,0,NA,NA,NA,NA,NA,NA,NA,NA,NA,NA,NA
Daily,2018-09-12,77.5063,NA,NA,NA,NA,NA,NA,NA,NA,NA,NA,NA,0,NA,NA,NA,NA,NA,NA,NA,NA,NA,NA,NA
Daily,2018-09-13,77.3937,NA,NA,NA,NA,NA,NA,NA,NA,NA,NA,NA,0,NA,NA,NA,NA,NA,NA,NA,NA,NA,NA,NA
Daily,2018-09-14,77.1688,NA,NA,NA,NA,NA,NA,NA,NA,NA,NA,NA,0,NA,NA,NA,NA,NA,NA,NA,NA,NA,NA,NA
Daily,2018-09-15,77,NA,NA,NA,NA,NA,NA,NA,NA,NA,NA,NA,0,NA,NA,NA,NA,NA,NA,NA,NA,NA,NA,NA
Daily,2018-09-16,76.9719,NA,NA,NA,NA,NA,NA,NA,NA,NA,NA,NA,0,NA,NA,NA,NA,NA,NA,NA,NA,NA,NA,NA
Daily,2018-09-17,77.0563,NA,NA,NA,NA,NA,NA,NA,NA,NA,NA,NA,0,NA,NA,NA,NA,NA,NA,NA,NA,NA,NA,NA
Daily,2018-09-18,77.1969,NA,NA,NA,NA,NA,NA,NA,NA,NA,NA,NA,0,NA,NA,NA,NA,NA,NA,NA,NA,NA,NA,NA
Daily,2018-09-19,77.1125,NA,NA,NA,NA,NA,NA,NA,NA,NA,NA,NA,0,NA,NA,NA,NA,NA,NA,NA,NA,NA,NA,NA
Daily,2018-09-20,77.3656,NA,NA,NA,NA,NA,NA,NA,NA,NA,NA,NA,0,NA,NA,NA,NA,NA,NA,NA,NA,NA,NA,NA
Daily,2018-09-21,77.7313,NA,NA,NA,NA,NA,NA,NA,NA,NA,NA,NA,0,NA,NA,0,0.1,1.1,NA,NA,NA,NA,NA,NA
Daily,2018-09-22,77.45,NA,NA,NA,NA,NA,NA,NA,NA,NA,NA,NA,0,NA,NA,NA,NA,NA,NA,NA,NA,NA,NA,NA
Daily,2018-09-23,76.8875,NA,NA,NA,NA,NA,NA,NA,NA,NA,NA,NA,0,NA,NA,NA,NA,NA,NA,NA,NA,NA,NA,NA
Daily,2018-09-24,76.8312,NA,NA,NA,NA,NA,NA,NA,NA,NA,NA,NA,0,NA,NA,NA,NA,NA,NA,NA,NA,NA,NA,NA
Daily,2018-09-25,76.775,NA,NA,NA,NA,NA,NA,NA,NA,NA,NA,NA,0,NA,NA,NA,NA,NA,NA,NA,NA,NA,NA,NA
Daily,2018-09-26,76.6625,NA,NA,NA,NA,NA,NA,NA,NA,NA,NA,NA,0,NA,NA,NA,NA,NA,NA,NA,NA,NA,NA,NA
Daily,2018-09-27,76.6063,NA,NA,NA,NA,NA,NA,NA,NA,NA,NA,NA,0,NA,NA,0,0.04,1.2,2.2,NA,NA,NA,NA,NA
Daily,2018-09-28,76.4938,NA,NA,NA,NA,NA,NA,NA,NA,NA,NA,NA,0,NA,NA,NA,NA,NA,NA,NA,NA,NA,NA,NA
Daily,2018-09-29,76.325,NA,NA,NA,NA,NA,NA,NA,NA,NA,NA,NA,0,NA,NA,NA,NA,NA,NA,NA,NA,NA,NA,NA
Daily,2018-09-30,76.1563,NA,NA,NA,NA,NA,NA,NA,NA,NA,NA,NA,0,NA,NA,NA,NA,NA,NA,NA,NA,NA,NA,NA
Daily,2018-10-01,NA,NA,NA,NA,NA,NA,NA,NA,NA,NA,NA,NA,0,NA,NA,NA,NA,NA,NA,NA,NA,NA,NA,NA
Daily,2018-10-02,NA,NA,NA,NA,NA,NA,NA,NA,NA,NA,NA,NA,0,NA,NA,NA,NA,NA,NA,NA,NA,NA,NA,NA
Daily,2018-10-03,NA,NA,NA,NA,NA,NA,NA,NA,NA,NA,NA,NA,0,NA,NA,NA,NA,NA,NA,NA,NA,NA,NA,NA
Daily,2018-10-04,NA,NA,NA,NA,NA,NA,NA,NA,NA,NA,NA,NA,0,NA,NA,0,0.06,1.1,1.9,NA,NA,NA,NA,NA
Daily,2018-10-05,75.2,NA,NA,NA,NA,NA,NA,NA,NA,NA,NA,NA,0,NA,NA,NA,NA,NA,NA,NA,NA,NA,NA,NA
Daily,2018-10-06,74.8063,NA,NA,NA,NA,NA,NA,NA,NA,NA,NA,NA,0,NA,NA,0,0.04,0.7,1.1,NA,NA,NA,NA,NA
Daily,2018-10-07,74.2438,NA,NA,NA,NA,NA,NA,NA,NA,NA,NA,NA,0,NA,NA,NA,NA,NA,NA,NA,NA,NA,NA,NA
Daily,2018-10-08,73.4563,NA,NA,NA,NA,NA,NA,NA,NA,NA,NA,NA,0,NA,NA,NA,NA,NA,NA,NA,NA,NA,NA,NA
Daily,2018-10-09,72.7813,NA,NA,NA,NA,NA,NA,NA,NA,NA,NA,NA,0,NA,NA,NA,NA,NA,NA,NA,NA,NA,NA,NA
Daily,2018-10-10,72.3313,NA,NA,NA,NA,NA,NA,NA,NA,NA,NA,NA,0,NA,NA,NA,NA,NA,NA,NA,NA,NA,NA,NA
Daily,2018-10-11,72.2188,NA,NA,NA,NA,NA,NA,NA,NA,NA,NA,NA,0,NA,NA,NA,NA,NA,NA,NA,NA,NA,NA,NA
Daily,2018-10-12,71.9375,NA,NA,31.58,NA,NA,NA,NA,NA,NA,758,NA,0,NA,8.259999,NA,NA,NA,NA,NA,NA,NA,NA,NA
Daily,2018-10-13,71.4875,NA,NA,31.574999,NA,NA,NA,NA,NA,NA,764,NA,0,NA,8.197499,NA,NA,1.4,NA,NA,NA,NA,NA,NA
Daily,2018-10-14,71.2063,21.65,NA,31.449999,45093.74800000001,NA,NA,NA,NA,NA,768,NA,0,NA,8.24,NA,NA,NA,NA,NA,NA,NA,NA,NA
Daily,2018-10-15,71.0375,21.544998,NA,31.445,45125,NA,NA,NA,NA,NA,768,NA,0,NA,8.24,NA,NA,NA,NA,NA,NA,NA,NA,NA
Daily,2018-10-16,70.6438,21.439999,NA,31.464998,44918.747,NA,NA,NA,NA,NA,770,NA,0,NA,8.3025,NA,NA,NA,NA,NA,NA,NA,NA,NA
Daily,2018-10-17,70.025,21.125,NA,31.57,44637.497,NA,NA,NA,NA,NA,762,NA,0,NA,8.254999,NA,NA,NA,NA,NA,NA,NA,NA,NA
Daily,2018-10-18,69.6875,20.974998,NA,31.4324985,44468.75,NA,NA,NA,NA,NA,768,NA,0,NA,8.3025,NA,NA,NA,NA,NA,NA,NA,NA,NA
Daily,2018-10-19,69.6875,20.974998,NA,31.424999,44456.249,NA,NA,NA,NA,NA,772,NA,0,NA,8.3025,0,NA,0.8,1.2,NA,NA,NA,NA,NA
Daily,2018-10-20,70.025,21.119999,NA,31.449999,44596.873999999996,NA,NA,NA,NA,NA,770,NA,0,NA,8.3025,NA,NA,NA,NA,NA,NA,NA,NA,NA
Daily,2018-10-21,70.025,21.119999,NA,31.434999,44599.998,NA,NA,NA,NA,NA,772,NA,0,NA,8.3025,NA,NA,NA,NA,NA,NA,NA,NA,NA
Daily,2018-10-22,70.1094,21.214999,NA,31.394999,44696.8725,NA,NA,NA,NA,NA,774,NA,0,NA,8.3025,NA,NA,NA,NA,NA,NA,NA,NA,NA
Daily,2018-10-23,70.25,21.309999,NA,31.4424995,44724.998,NA,NA,NA,NA,NA,776,NA,0,NA,8.3025,NA,NA,NA,NA,NA,NA,NA,NA,NA
Daily,2018-10-24,70.025,21.205,NA,31.445,44631.248,NA,NA,NA,NA,NA,778,NA,0,NA,8.3025,NA,NA,NA,NA,NA,NA,NA,NA,NA
Daily,2018-10-25,70.05315,21.139999,NA,31.4424995,44634.3725,NA,NA,NA,NA,NA,780,NA,0,NA,8.3025,0,0.08,0.8,1.2,NA,NA,NA,NA,NA
Daily,2018-10-26,70.05315,21.139999,NA,31.4474995,44631.248,NA,NA,NA,NA,NA,780,NA,0,NA,8.3025,NA,NA,NA,NA,NA,NA,NA,NA,NA
Daily,2018-10-27,70.025,21.139999,NA,31.4424995,44618.748,NA,NA,NA,NA,NA,780,NA,0,NA,8.36,NA,NA,NA,NA,NA,NA,NA,NA,NA
Daily,2018-10-28,70.0813,21.16,NA,31.445,44612.499,NA,NA,NA,NA,NA,780,NA,0,NA,8.355,NA,NA,NA,NA,NA,NA,NA,NA,NA
Daily,2018-10-29,70.1375,21.16,NA,31.4474995,44628.123999999996,NA,NA,NA,NA,NA,780,NA,0,NA,8.355,NA,NA,NA,NA,NA,NA,NA,NA,NA
Daily,2018-10-30,70.025,21.139999,NA,31.429998,44618.748,NA,NA,NA,NA,NA,780,NA,0,NA,8.349999,NA,NA,NA,NA,NA,NA,NA,NA,NA
Daily,2018-10-31,69.8563,21.014999,NA,31.4074995,44524.998,NA,NA,NA,NA,NA,782,NA,0,NA,8.318749,NA,NA,NA,NA,NA,NA,NA,NA,NA
Daily,2018-11-01,69.2938,20.719999,NA,31.459999,44187.5,NA,NA,NA,NA,NA,NA,NA,0,NA,8.36,0,0.06,1.3,1.2,NA,NA,NA,NA,NA
Daily,2018-11-02,68.9563,20.574999,NA,31.419998,44053.1235,NA,NA,NA,NA,NA,NA,NA,0,NA,8.349999,NA,NA,NA,NA,NA,NA,NA,NA,NA
Daily,2018-11-03,68.7875,20.449999,NA,31.449999,43887.497,NA,NA,NA,NA,NA,NA,NA,0,NA,8.33,NA,NA,NA,NA,NA,NA,NA,NA,NA
Daily,2018-11-04,68.5625,20.324999,NA,31.404999,43818.748,NA,NA,NA,NA,NA,NA,NA,0,NA,8.33,NA,NA,NA,NA,NA,NA,NA,NA,NA
Daily,2018-11-05,68.3938,20.199999,NA,31.464998,43643.749,NA,NA,NA,NA,NA,NA,NA,0,NA,8.347499,NA,NA,NA,NA,NA,NA,NA,NA,NA
Daily,2018-11-06,68.2813,20.134998,NA,31.464998,43606.247,NA,NA,NA,NA,NA,NA,NA,0,NA,8.344999,NA,NA,NA,NA,NA,NA,NA,NA,NA
Daily,2018-11-07,68.225,20.1449985,NA,31.455,43587.498,NA,NA,NA,NA,NA,NA,NA,0,NA,8.349999,NA,NA,NA,NA,NA,NA,NA,NA,NA
Daily,2018-11-08,68.64689999999999,20.259998,NA,31.439999,43762.497,NA,NA,NA,NA,NA,NA,NA,0,NA,8.344999,0,0.06,1.2,NA,NA,NA,NA,NA,NA
Daily,2018-11-09,69.20939999999999,20.66,NA,31.4,44231.247,NA,NA,NA,NA,NA,NA,NA,0,NA,8.339999,NA,NA,NA,NA,NA,NA,NA,NA,NA
Daily,2018-11-10,70.72810000000001,21.514999,NA,31.434999,44884.3725,NA,NA,NA,NA,NA,NA,NA,0,NA,8.334999,NA,NA,NA,NA,NA,NA,NA,NA,NA
Daily,2018-11-11,71.4875,21.994999,NA,31.439999,45309.373999999996,NA,NA,NA,NA,NA,NA,NA,0,NA,8.325,NA,NA,NA,NA,NA,NA,NA,NA,NA
Daily,2018-11-12,72.05,22.224998,NA,31.462498500000002,45540.6225,NA,NA,NA,NA,NA,NA,NA,0,NA,8.339999,NA,NA,NA,NA,NA,NA,NA,NA,NA
Daily,2018-11-13,72.1063,22.304998,NA,31.414999,45628.123999999996,NA,NA,NA,NA,NA,NA,NA,0,NA,8.339999,NA,NA,NA,NA,NA,NA,NA,NA,NA
Daily,2018-11-14,73.0625,22.785,NA,31.429998,46012.497,NA,NA,NA,NA,NA,NA,NA,0,NA,8.334999,NA,NA,NA,NA,NA,NA,NA,NA,NA
Daily,2018-11-15,74.0187,23.285,NA,31.424999,46537.498,NA,NA,NA,NA,NA,NA,NA,0,NA,8.325,0,0.09,0.9,2.6,NA,NA,NA,NA,NA
Daily,2018-11-16,74.8625,23.759998,NA,31.4074995,46990.6235,NA,NA,NA,NA,NA,NA,NA,0,NA,8.32,NA,NA,NA,NA,NA,NA,NA,NA,NA
Daily,2018-11-17,75.4813,24.134998,NA,31.414999,47290.6225,NA,NA,NA,NA,NA,NA,NA,0,NA,8.315,NA,NA,NA,NA,NA,NA,NA,NA,NA
Daily,2018-11-18,75.79065,24.3149985,NA,31.314999,47500,NA,NA,NA,NA,NA,NA,NA,0,NA,8.367499,NA,NA,NA,NA,8.2,NA,0.32,NA,NA
Daily,2018-11-19,76.2125,24.529999,NA,31.285,47649.999500000005,NA,NA,NA,NA,NA,NA,NA,0,NA,8.367499,NA,NA,NA,NA,NA,NA,NA,NA,NA
Daily,2018-11-20,76.6063,24.759998,NA,31.32,47862.499,NA,NA,NA,NA,NA,NA,NA,0,NA,8.357499,NA,NA,NA,NA,NA,132,0.33,0.005,NA
Daily,2018-11-21,76.6063,24.759998,NA,31.294998,47846.873999999996,NA,NA,NA,NA,NA,NA,NA,0,NA,8.3475,NA,NA,NA,NA,NA,NA,NA,NA,NA
Daily,2018-11-22,76.4375,24.679998,NA,31.33,47662.498,NA,NA,NA,NA,NA,NA,NA,0,NA,8.3375,NA,NA,NA,NA,NA,NA,NA,NA,NA
Daily,2018-11-23,76.6063,NA,NA,NA,NA,NA,NA,NA,NA,NA,NA,NA,0,NA,NA,NA,NA,NA,NA,NA,NA,NA,NA,NA
Daily,2018-11-24,76.6625,NA,NA,NA,NA,NA,NA,NA,NA,NA,NA,NA,0,NA,NA,NA,NA,NA,NA,NA,NA,NA,NA,NA
Daily,2018-11-25,76.7188,NA,NA,NA,NA,NA,NA,NA,NA,NA,NA,NA,0,NA,NA,NA,NA,NA,NA,NA,NA,NA,NA,NA
Daily,2018-11-26,77.1125,NA,NA,NA,NA,NA,NA,NA,NA,NA,NA,NA,0,NA,NA,NA,NA,NA,NA,NA,NA,NA,NA,NA
Daily,2018-11-27,77,NA,NA,NA,NA,NA,NA,NA,NA,NA,NA,NA,0,NA,NA,NA,NA,NA,NA,NA,NA,NA,NA,NA
Daily,2018-11-28,75.7625,NA,NA,NA,NA,NA,NA,NA,NA,NA,NA,NA,0,NA,NA,NA,NA,NA,NA,NA,NA,NA,NA,NA
Daily,2018-11-29,75.0313,NA,NA,NA,NA,NA,NA,NA,NA,NA,NA,NA,0,NA,NA,NA,NA,NA,NA,NA,NA,NA,NA,NA
Daily,2018-11-30,74.075,23.285,NA,31.334999,46412.498,NA,NA,NA,NA,NA,NA,NA,0,NA,8.3425,0,0.03,1.2,1.8,8.29,NA,0.3,0.004,NA
Daily,2018-12-01,NA,22.844999,NA,31.2824995,46000,NA,NA,NA,NA,NA,NA,NA,0,NA,8.155,0,0.03,0.8,1.8,NA,NA,NA,NA,NA
Daily,2018-12-02,72.5563,22.57,NA,31.264999,45815.6225,NA,NA,NA,NA,NA,NA,NA,0,NA,8.169999,NA,NA,NA,NA,NA,NA,NA,NA,NA
Daily,2018-12-03,72.1063,22.2724995,NA,31.285,45581.249,NA,NA,NA,NA,NA,NA,NA,0,NA,8.242499,NA,NA,NA,NA,NA,NA,NA,NA,NA
Daily,2018-12-04,71.9375,22.164999,NA,31.254999,45446.8725,NA,NA,NA,NA,NA,660,NA,0,NA,8.2525,NA,NA,NA,NA,NA,NA,NA,NA,NA
Daily,2018-12-05,71.6563,22.0074995,NA,NA,45381.248,NA,NA,NA,NA,NA,NA,NA,0,NA,8.2525,NA,NA,NA,NA,NA,NA,NA,NA,NA
Daily,2018-12-06,71.4875,21.904999,NA,31.08,44949.997,NA,NA,NA,NA,NA,660,NA,0,NA,8.184999,0,0.06,0.8,1.5,NA,NA,NA,NA,NA
Daily,2018-12-07,71.3187,21.844999,NA,31.074999,44734.37300000001,NA,NA,NA,NA,NA,NA,NA,0,NA,8.15,NA,NA,NA,NA,8.3,NA,0.26,0,NA
Daily,2018-12-08,71.2625,21.8099995,NA,31.049999,44740.6235,NA,NA,NA,NA,NA,NA,NA,0,NA,8.155,NA,NA,NA,NA,NA,NA,NA,NA,NA
Daily,2018-12-09,71.4313,21.9299985,NA,31.099998,44834.3735,NA,NA,NA,NA,NA,NA,NA,0,NA,8.2175,NA,NA,NA,NA,NA,NA,NA,NA,NA
Daily,2018-12-10,71.6563,22.039999,NA,31.049999,44956.249,NA,NA,NA,NA,NA,NA,NA,0,NA,8.2275,NA,NA,NA,NA,NA,NA,NA,NA,NA
Daily,2018-12-11,71.8812,22.125,NA,31.049999,45131.248,NA,NA,NA,NA,NA,NA,NA,0,NA,8.232499,NA,NA,NA,NA,NA,NA,NA,NA,NA
Daily,2018-12-12,72.05,NA,NA,NA,NA,NA,NA,NA,NA,NA,NA,NA,0,NA,NA,NA,NA,NA,NA,NA,NA,NA,NA,NA
Daily,2018-12-13,72.1063,NA,NA,NA,NA,NA,NA,NA,NA,NA,NA,NA,0,NA,NA,0,0.09,NA,2.5,NA,NA,NA,NA,NA
Daily,2018-12-14,71.8812,NA,NA,NA,NA,NA,NA,NA,NA,NA,NA,NA,0,NA,NA,NA,NA,NA,NA,NA,NA,NA,NA,NA
Daily,2018-12-15,71.6,NA,NA,NA,NA,NA,NA,NA,NA,NA,NA,NA,0,NA,NA,NA,NA,NA,NA,NA,NA,NA,NA,NA
Daily,2018-12-16,71.4313,NA,NA,NA,NA,NA,NA,NA,NA,NA,NA,NA,0,NA,NA,NA,NA,NA,NA,NA,NA,NA,NA,NA
Daily,2018-12-17,71.6,22.164999,NA,31.0474985,45153.123999999996,NA,NA,NA,NA,NA,NA,NA,0,NA,8.294999,NA,NA,NA,NA,NA,NA,NA,NA,NA
Daily,2018-12-18,71.8812,22.164999,NA,31.08,45118.748,NA,NA,NA,NA,NA,NA,NA,0,NA,8.304999,NA,NA,NA,NA,NA,NA,NA,NA,NA
Daily,2018-12-19,71.9938,22.184999,NA,31.035,45178.1235,NA,NA,NA,NA,NA,NA,NA,0,NA,8.304999,NA,NA,NA,NA,NA,NA,NA,NA,NA
Daily,2018-12-20,72.2188,22.289999,NA,31.094999,45218.75,NA,NA,NA,NA,NA,NA,NA,0,NA,8.304999,NA,NA,NA,NA,NA,NA,NA,NA,NA
Daily,2018-12-21,72.1625,22.269999,NA,31.089998,45268.749,NA,NA,NA,NA,NA,NA,NA,0,NA,8.294999,NA,0.05,0.7,1,8.39,NA,NA,NA,NA
Daily,2018-12-22,72.1625,22.289999,NA,31.074999,45190.623999999996,NA,NA,NA,NA,NA,NA,NA,0,NA,8.285,NA,NA,NA,NA,NA,NA,NA,NA,NA
Daily,2018-12-23,72.1625,22.3099995,NA,31.054998,45221.873999999996,NA,NA,NA,NA,NA,NA,NA,0,NA,8.282499999999999,NA,NA,NA,NA,NA,NA,NA,NA,NA
Daily,2018-12-24,72.275,22.394999,NA,31.029999,45299.999,NA,NA,NA,NA,NA,NA,NA,0,NA,8.28,NA,NA,NA,NA,NA,NA,NA,NA,NA
Daily,2018-12-25,72.2188,22.33,NA,31.08,45199.997,NA,NA,NA,NA,NA,NA,NA,0,NA,8.28,NA,NA,NA,NA,NA,NA,NA,NA,NA
Daily,2018-12-26,71.7688,22.109999,NA,31.084999,44990.6235,NA,NA,NA,NA,NA,NA,NA,0,NA,8.155,NA,NA,NA,NA,NA,NA,NA,NA,NA
Daily,2018-12-27,71.90935,22.214998,NA,31.062499000000003,45043.7485,NA,NA,NA,NA,NA,NA,NA,0,NA,8.155,NA,NA,NA,NA,NA,NA,NA,NA,NA
Daily,2018-12-28,72.2188,22.33,NA,31.039999,45224.998,NA,NA,NA,NA,NA,NA,NA,0,NA,8.275,NA,NA,NA,NA,NA,NA,NA,NA,NA
Daily,2018-12-29,72.1063,22.2599995,NA,31.039999,45187.5,NA,NA,NA,NA,NA,NA,NA,0,NA,8.28,NA,NA,NA,NA,NA,NA,NA,NA,NA
Daily,2018-12-30,72.1063,22.262499,NA,31.0324995,45193.748,NA,NA,NA,NA,NA,NA,NA,0,NA,8.2175,NA,NA,NA,NA,NA,NA,NA,NA,NA
Daily,2018-12-31,72.3875,22.375,NA,31.059999,45265.62300000001,NA,NA,NA,NA,NA,NA,NA,0,NA,8.2175,NA,NA,NA,NA,NA,NA,NA,NA,NA
Daily,2019-01-01,72.1625,22.3774985,NA,31.0974985,45196.873,NA,NA,NA,NA,NA,812,NA,0,NA,8.2125,NA,NA,NA,NA,NA,NA,NA,NA,NA
Daily,2019-01-02,73.8219,23.549999,NA,30.929999000000002,46309.373999999996,NA,NA,NA,NA,NA,812,NA,0,NA,8.3075,NA,NA,NA,NA,NA,NA,NA,NA,NA
Daily,2019-01-03,75.2,23.990000000000002,NA,30.9424995,46637.4985,NA,NA,NA,NA,NA,812,NA,0,NA,8.3025,0,0.07,NA,1.6,NA,NA,NA,NA,NA
Daily,2019-01-04,75.0313,23.939999,NA,30.919998,46678.1235,NA,NA,NA,NA,NA,812,NA,0,NA,8.2975,NA,NA,NA,NA,NA,NA,NA,NA,NA
Daily,2019-01-05,76.2125,24.574999,NA,30.912499500000003,47074.997,NA,NA,NA,NA,NA,NA,NA,0,NA,8.2925,NA,NA,NA,NA,NA,NA,NA,NA,NA
Daily,2019-01-06,75.34065,NA,NA,NA,NA,NA,NA,NA,NA,NA,NA,NA,0,NA,NA,NA,NA,NA,NA,NA,NA,NA,NA,NA
Daily,2019-01-07,74.5812,NA,NA,NA,NA,NA,NA,NA,NA,NA,NA,NA,0,NA,NA,NA,NA,NA,NA,NA,NA,NA,NA,NA
Daily,2019-01-08,74.5812,23.714998,NA,30.89502,46473.59766,NA,NA,NA,NA,NA,785.5,NA,0,NA,8.1825,NA,NA,NA,NA,NA,NA,NA,NA,NA
Daily,2019-01-09,74.1875,23.464998,NA,31.056152,46214.39844,NA,NA,NA,NA,NA,808,NA,0,NA,8.134999,NA,NA,NA,NA,NA,NA,NA,NA,NA
Daily,2019-01-10,73.7375,23.214998,NA,31.019999,46018.749,NA,NA,NA,NA,NA,800,NA,0,NA,8.139999,NA,NA,NA,NA,NA,NA,NA,NA,NA
Daily,2019-01-11,73.5688,23.115,NA,31.049999,45974.998,NA,NA,NA,NA,NA,746,NA,0,NA,8.155,NA,NA,NA,NA,NA,NA,NA,NA,NA
Daily,2019-01-12,73.6813,23.134998,NA,31.044998,45856.2485,NA,NA,NA,NA,NA,750,NA,0,NA,8.12,NA,NA,NA,NA,NA,NA,NA,NA,NA
Daily,2019-01-13,73.4,23.009998,NA,31.014999,45793.747,NA,NA,NA,NA,NA,801,NA,0,NA,8.12,NA,NA,NA,NA,NA,NA,NA,NA,NA
Daily,2019-01-14,73.1188,22.839998,NA,31.2225,45768.749,NA,NA,NA,NA,NA,798,NA,0,NA,7.945,NA,NA,NA,NA,NA,NA,NA,NA,NA
Daily,2019-01-15,72.8938,22.684999,NA,31.299999,45868.748,NA,NA,NA,NA,NA,802,NA,0,NA,7.97375,NA,NA,NA,NA,NA,NA,NA,NA,NA
Daily,2019-01-16,72.7813,22.674999,NA,31.324999,45884.3725,NA,NA,NA,NA,NA,810,NA,0,NA,8.134999,NA,NA,NA,NA,NA,NA,NA,NA,NA
Daily,2019-01-17,72.8375,22.674999,NA,31.334999,45812.5,NA,NA,NA,NA,NA,808,NA,0,NA,8.15,NA,NA,NA,NA,NA,NA,NA,NA,NA
Daily,2019-01-18,72.8938,22.714998,NA,31.314999,45893.749,NA,NA,NA,NA,NA,796,NA,0,NA,8.2075,NA,NA,NA,NA,NA,NA,NA,NA,NA
Daily,2019-01-19,72.80940000000001,22.644999,NA,31.309999,45843.75,NA,NA,NA,NA,NA,792,NA,0,NA,8.2175,0,0.06,0.7,1,8.45,NA,NA,NA,NA
Daily,2019-01-20,72.6688,22.564999,NA,31.289999,45809.373999999996,NA,NA,NA,NA,NA,792,NA,0,NA,8.2275,NA,NA,NA,NA,NA,NA,NA,NA,NA
Daily,2019-01-21,72.5563,22.519999,NA,31.279999,45824.997,NA,NA,NA,NA,NA,792,NA,0,NA,8.232499,NA,NA,NA,NA,NA,NA,NA,NA,NA
Daily,2019-01-22,72.3313,22.379999,NA,31.344999,45581.249,NA,NA,NA,NA,NA,780,NA,0,NA,8.179999,NA,NA,NA,NA,NA,NA,NA,NA,NA
Daily,2019-01-23,72.07815,22.275,NA,31.4074995,45581.249,NA,NA,NA,NA,NA,780.5,NA,0,NA,8.184999,NA,NA,NA,NA,NA,NA,NA,NA,NA
Daily,2019-01-24,71.9938,22.184999,NA,31.419998,45512.497,NA,NA,NA,NA,NA,784,NA,0,NA,8.2525,NA,NA,NA,NA,NA,NA,NA,NA,NA
Daily,2019-01-25,71.825,22.125,NA,31.455,45415.6225,NA,NA,NA,NA,NA,774,NA,0,NA,8.2,2,0.03,0.7,1.6,NA,NA,NA,NA,NA
Daily,2019-01-26,71.6563,22.025,NA,31.434999,45378.123999999996,NA,NA,NA,NA,NA,774,NA,0,NA,8.2,NA,NA,NA,NA,NA,NA,NA,NA,NA
Daily,2019-01-27,71.4875,21.919998,NA,31.4,45315.623999999996,NA,NA,NA,NA,NA,764,NA,0,NA,8.26,NA,NA,NA,NA,NA,NA,NA,NA,NA
Daily,2019-01-28,71.4313,21.934999,NA,31.419998,45278.123999999996,NA,NA,NA,NA,NA,764,NA,0,NA,8.32,NA,NA,NA,NA,NA,NA,NA,NA,NA
Daily,2019-01-29,71.5438,21.99,NA,31.429998,45343.75,NA,NA,NA,NA,NA,766,NA,0,NA,8.32,NA,NA,NA,NA,NA,NA,NA,NA,NA
Daily,2019-01-30,71.4875,21.889999,NA,31.404999,45268.749,NA,NA,NA,NA,NA,772,NA,0,NA,8.32,NA,NA,NA,NA,NA,NA,NA,NA,NA
Daily,2019-01-31,71.375,21.875,NA,31.439999,45193.748,NA,NA,NA,NA,NA,770,NA,0,NA,8.2575,0,0.03,1.1,2.5,NA,NA,0.03,NA,NA
Daily,2019-02-01,71.2625,21.769999,NA,31.445,45143.749,NA,NA,NA,NA,NA,NA,NA,0,NA,8.1975,0,0,0.9,2,8.5,136,0.16,0.005,NA
Daily,2019-02-02,71.2063,21.769999,NA,31.4074995,45125,NA,NA,NA,NA,NA,NA,NA,0,NA,8.2525,NA,NA,NA,NA,NA,NA,NA,NA,NA
Daily,2019-02-03,70.9813,NA,NA,NA,NA,NA,NA,NA,NA,NA,NA,NA,0,NA,NA,NA,NA,NA,NA,NA,NA,NA,NA,NA
Daily,2019-02-04,70.8688,21.629999,NA,31.355,44893.749,NA,NA,NA,NA,NA,NA,NA,0,NA,8.242499,NA,NA,NA,NA,NA,NA,NA,NA,NA
Daily,2019-02-05,71.12190000000001,21.589998,NA,31.33,44890.62300000001,NA,NA,NA,NA,NA,NA,NA,0,NA,8.184999,NA,NA,NA,NA,NA,NA,NA,NA,NA
Daily,2019-02-06,71.7688,22.414999,NA,31.309999,45553.1235,NA,NA,NA,NA,NA,NA,NA,0,NA,8.28,NA,NA,NA,NA,NA,NA,NA,NA,NA
Daily,2019-02-07,72.1063,22.289999,NA,31.287499500000003,45484.37300000001,NA,NA,NA,NA,NA,717,NA,0,NA,8.285,NA,NA,NA,NA,NA,NA,NA,NA,NA
Daily,2019-02-08,72.275,22.369999,NA,31.32,45581.249,NA,NA,NA,NA,NA,NA,NA,0,NA,8.29,NA,NA,NA,NA,NA,NA,NA,NA,NA
Daily,2019-02-09,71.8812,NA,NA,NA,NA,NA,NA,NA,NA,NA,NA,NA,0,NA,NA,NA,NA,NA,NA,NA,NA,NA,NA,NA
Daily,2019-02-10,71.4313,NA,NA,NA,NA,NA,NA,NA,NA,NA,NA,NA,0,NA,NA,NA,NA,NA,NA,NA,NA,NA,NA,NA
Daily,2019-02-11,71.3187,21.889999,NA,31.334999,45124.998,NA,NA,NA,NA,NA,NA,NA,0,NA,8.304999,NA,NA,NA,NA,NA,NA,NA,NA,NA
Daily,2019-02-12,71.76875000000001,22.459999,NA,31.3074985,45612.4975,NA,NA,NA,NA,NA,NA,NA,0,NA,8.3425,NA,NA,NA,NA,NA,NA,NA,NA,NA
Daily,2019-02-13,72.4437,22.429998,NA,31.344999,45631.248,NA,NA,NA,NA,NA,NA,NA,0,NA,8.3525,NA,NA,NA,NA,NA,NA,NA,NA,NA
Daily,2019-02-14,72.3313,22.429998,NA,31.3224995,45637.498999999996,NA,NA,NA,NA,NA,702,NA,0,NA,8.294999,NA,NA,NA,NA,NA,NA,NA,NA,NA
Daily,2019-02-15,72.1625,22.289999,NA,31.279999,45556.248,NA,NA,NA,NA,NA,NA,NA,0,NA,8.28,NA,NA,NA,NA,NA,NA,NA,NA,NA
Daily,2019-02-16,71.9375,22.164999,NA,31.334999,45406.25,NA,NA,NA,NA,NA,NA,NA,0,NA,8.285,NA,NA,NA,NA,NA,NA,NA,NA,NA
Daily,2019-02-17,71.5438,NA,NA,NA,NA,NA,NA,NA,NA,NA,NA,NA,0,NA,NA,NA,NA,NA,NA,NA,NA,NA,NA,NA
Daily,2019-02-18,70.9813,21.654999,NA,31.349998,44875,NA,NA,NA,NA,NA,NA,NA,0,NA,8.174999,NA,NA,NA,NA,NA,NA,NA,NA,NA
Daily,2019-02-19,70.7562,21.5,NA,31.294998,44893.749,NA,NA,NA,NA,NA,NA,NA,0,NA,8.237499,NA,NA,NA,NA,NA,NA,NA,NA,NA
Daily,2019-02-20,70.92505,NA,NA,NA,NA,NA,NA,NA,NA,NA,NA,NA,0,NA,NA,NA,NA,NA,NA,NA,NA,NA,NA,NA
Daily,2019-02-21,72.5563,22.504999,NA,31.314999,45709.3735,NA,NA,NA,NA,NA,NA,NA,0,NA,8.155,0,0.06,0.6,1.6,NA,125.2,0.28,0.007,NA
Daily,2019-02-22,71.7125,22.279999,NA,31.299999,45468.75,NA,NA,NA,NA,NA,NA,NA,0,NA,8.155,NA,NA,NA,NA,NA,NA,NA,NA,NA
Daily,2019-02-23,71.2063,NA,NA,NA,NA,NA,NA,NA,NA,NA,NA,NA,0,NA,NA,NA,NA,NA,NA,NA,NA,NA,NA,NA
Daily,2019-02-24,70.8688,NA,NA,NA,NA,NA,NA,NA,NA,NA,NA,NA,0,NA,NA,NA,NA,NA,NA,NA,NA,NA,NA,NA
Daily,2019-02-25,70.7562,21.574999,NA,31.309999,44881.248,NA,NA,NA,NA,NA,NA,NA,0,NA,8.357499,NA,NA,NA,NA,NA,NA,NA,NA,NA
Daily,2019-02-26,70.7562,21.634998,NA,31.355,44803.1235,NA,NA,NA,NA,NA,NA,NA,0,NA,8.357499,NA,NA,NA,NA,NA,NA,NA,NA,NA
Daily,2019-02-27,70.9813,21.654999,NA,31.275,45115.6235,NA,NA,NA,NA,NA,NA,NA,0,NA,8.429999,NA,NA,NA,NA,NA,NA,NA,NA,NA
Daily,2019-02-28,71.06565,21.799999,NA,31.309999,45068.748,NA,NA,NA,NA,NA,NA,NA,0,NA,8.434999,0,0,1,2,NA,111.6,0,0.023,NA
Daily,2019-03-01,71.15,21.719999,NA,31.339998,44918.747,NA,NA,NA,NA,NA,756,NA,0,NA,8.429999,0,0.05,0.7,2,NA,NA,0.24,0.013,NA
Daily,2019-03-02,70.9813,21.695,NA,31.314999,44874.998,NA,NA,NA,NA,NA,760,NA,0,NA,8.389999,NA,NA,NA,NA,NA,NA,NA,NA,NA
Daily,2019-03-03,70.9813,21.629999,NA,31.324999,44865.6235,NA,NA,NA,NA,NA,760,NA,0,NA,8.389999,NA,NA,NA,NA,NA,NA,NA,NA,NA
Daily,2019-03-04,70.9813,21.714998,NA,31.3274995,44859.37300000001,NA,NA,NA,NA,NA,767,NA,0,NA,8.3975,NA,NA,NA,NA,NA,NA,NA,NA,NA
Daily,2019-03-05,71.17815,21.6849995,NA,31.2824995,44949.997,NA,NA,NA,NA,NA,766,NA,0,NA,8.4,NA,NA,NA,NA,NA,NA,NA,NA,NA
Daily,2019-03-06,71.375,21.879999,NA,31.334999,45093.75,NA,NA,NA,NA,NA,768,NA,0,NA,8.4675,NA,NA,NA,NA,NA,NA,NA,NA,NA
Daily,2019-03-07,71.3187,21.839998,NA,31.304998,45149.998,NA,NA,NA,NA,NA,768,NA,0,NA,8.41,0,NA,0.7,1.8,NA,107.2,0.48,0,NA
Daily,2019-03-08,71.0375,21.654999,NA,31.334999,44912.498,NA,NA,NA,NA,NA,771,NA,0,NA,8.395,NA,NA,NA,NA,NA,NA,NA,NA,NA
Daily,2019-03-09,70.6438,21.4174985,NA,31.309999,44765.62300000001,NA,NA,NA,NA,NA,758,NA,0,NA,8.294999,NA,NA,NA,NA,NA,NA,NA,NA,NA
Daily,2019-03-10,70.6438,21.437499000000003,NA,31.304998,44762.497,NA,NA,NA,NA,NA,760,NA,0,NA,8.304999,NA,NA,NA,NA,NA,NA,NA,NA,NA
Daily,2019-03-11,70.7562,21.535,NA,31.3624995,44928.123,NA,NA,NA,NA,NA,754,NA,0,NA,8.309999,NA,NA,NA,NA,NA,NA,NA,NA,NA
Daily,2019-03-12,70.4188,21.289999,NA,32.244999,45915.6225,NA,NA,NA,NA,NA,748.5,NA,0,NA,8.254999,NA,NA,NA,NA,NA,NA,NA,NA,NA
Daily,2019-03-13,69.4063,20.8449995,NA,32.609997,45912.498,NA,NA,NA,NA,NA,761,NA,0,NA,8.242499,NA,NA,NA,NA,NA,NA,NA,NA,NA
Daily,2019-03-14,69.125,20.544998,NA,32.654999,45568.748,NA,NA,NA,NA,NA,766,NA,0,NA,8.24,0,0.02,0.7,1,8.5,145.2,0.31,0,NA
Daily,2019-03-15,69.0687,20.504999,NA,32.559998,45459.3735,NA,NA,NA,NA,NA,771,NA,0,NA,8.2125,NA,NA,NA,NA,NA,NA,NA,NA,NA
Daily,2019-03-16,69.1813,20.574999,NA,32.579998,45474.998,NA,NA,NA,NA,NA,769,NA,0,NA,8.1937495,NA,NA,NA,NA,NA,NA,NA,NA,NA
Daily,2019-03-17,69.43440000000001,20.769999,NA,32.389999,45556.248,NA,NA,NA,NA,NA,770.5,NA,0,NA,8.287499,NA,NA,NA,NA,NA,NA,NA,NA,NA
Daily,2019-03-18,69.6312,20.964999,NA,32.399998,45571.8725,NA,NA,NA,NA,NA,772,NA,0,NA,8.27,NA,NA,NA,NA,NA,NA,NA,NA,NA
Daily,2019-03-19,70.0813,21.117497999999998,NA,32.364998,45643.749,NA,NA,NA,NA,NA,774,NA,0,NA,8.3125,NA,NA,NA,NA,NA,NA,NA,NA,NA
Daily,2019-03-20,70.39065,21.259998,NA,32.094997,45737.4975,NA,NA,NA,NA,NA,772,NA,0,NA,8.372499,NA,NA,NA,NA,NA,NA,NA,NA,NA
Daily,2019-03-21,70.4188,21.344999,NA,32.189999,45646.8735,NA,NA,NA,NA,NA,776,NA,0,NA,8.4137495,0,0,0.8,1.5,NA,118,NA,NA,NA
Daily,2019-03-22,70.3063,21.275,NA,33.809998,47771.8735,NA,NA,NA,NA,NA,769,NA,0,NA,8.652499,0,0.04,0.5,0.9,8.3,134,0.21,0.008,NA
Daily,2019-03-23,70.3063,21.264999500000002,NA,33.859997,47721.873999999996,NA,NA,NA,NA,NA,NA,NA,0,NA,8.7,NA,NA,NA,NA,NA,NA,NA,NA,NA
Daily,2019-03-24,70.3625,21.349998499999998,NA,33.82,47724.998,NA,NA,NA,NA,NA,NA,NA,0,NA,8.634999,NA,NA,NA,NA,NA,NA,NA,NA,NA
Daily,2019-03-25,70.5313,21.389999500000002,NA,33.929996,47787.498,NA,NA,NA,NA,NA,NA,NA,0,NA,8.695,NA,NA,NA,NA,NA,NA,NA,NA,NA
Daily,2019-03-26,70.7562,21.525,NA,33.834997,47918.747,NA,NA,NA,NA,NA,NA,NA,0,NA,8.697499,NA,NA,NA,NA,NA,NA,NA,NA,NA
Daily,2019-03-27,70.8125,21.525,NA,33.929996,47949.997,NA,NA,NA,NA,NA,NA,NA,0,NA,8.7,NA,NA,NA,NA,NA,NA,NA,NA,NA
Daily,2019-03-28,71.0094,21.629999,NA,33.874998000000005,48134.374500000005,NA,NA,NA,NA,NA,NA,NA,0,NA,8.6375,0,0.02,0.4,0.8,8.2,124,0.36,0.002,NA
Daily,2019-03-29,71.0938,21.74,NA,33.949997,48149.998,NA,NA,NA,NA,NA,NA,NA,0,NA,8.3375,NA,NA,NA,NA,NA,NA,NA,NA,NA
Daily,2019-03-30,71.0938,NA,NA,NA,NA,NA,NA,NA,NA,NA,NA,NA,0,NA,NA,NA,NA,NA,NA,NA,NA,NA,NA,NA
Daily,2019-03-31,71.0938,NA,NA,NA,NA,NA,NA,NA,NA,NA,NA,NA,0,NA,NA,NA,NA,NA,NA,NA,NA,NA,NA,NA
Daily,2019-04-01,71.0938,NA,NA,NA,NA,NA,NA,NA,NA,NA,NA,NA,0,NA,NA,NA,NA,NA,NA,NA,NA,NA,NA,NA
Daily,2019-04-02,71.15,21.799999,NA,33.879997,48346.873999999996,NA,NA,NA,NA,NA,662,NA,0,NA,8.4175,NA,NA,NA,NA,NA,NA,NA,NA,NA
Daily,2019-04-03,71.17815,21.74,NA,33.919998,48328.12300000001,NA,NA,NA,NA,NA,668,NA,0,NA,8.419999,NA,NA,NA,NA,NA,NA,NA,NA,NA
Daily,2019-04-04,71.15,21.74,NA,33.859997,48356.247,NA,NA,NA,NA,NA,667.8125,NA,0,NA,8.4225,1,0.02,0.7,1.2,NA,121,0.51,0,NA
Daily,2019-04-05,71.0375,21.654999,NA,33.829998,48331.249,NA,NA,NA,NA,NA,666,NA,0,NA,8.367499,NA,NA,NA,NA,NA,NA,NA,NA,NA
Daily,2019-04-06,70.9813,21.634998,NA,33.879997,48299.999,NA,NA,NA,NA,NA,674,NA,0,NA,8.37,NA,NA,NA,NA,NA,NA,NA,NA,NA
Daily,2019-04-07,71.3187,21.824999,NA,33.914998999999995,48518.749,NA,NA,NA,NA,NA,680,NA,0,NA,8.372499,NA,NA,NA,NA,NA,NA,NA,NA,NA
Daily,2019-04-08,71.825,22.094999,NA,34.149998,48762.4985,NA,NA,NA,NA,NA,686,NA,0,NA,8.315,NA,NA,NA,NA,NA,NA,NA,NA,NA
Daily,2019-04-09,72.275,22.379999,NA,34.179996,49015.62300000001,NA,NA,NA,NA,NA,694.5,NA,0,NA,8.379999,NA,NA,NA,NA,NA,NA,NA,NA,NA
Daily,2019-04-10,72.3875,22.412498499999998,NA,34.139999,49125,NA,NA,NA,NA,NA,695.5,NA,0,NA,8.3825,NA,NA,NA,NA,NA,NA,NA,NA,NA
Daily,2019-04-11,72.1625,22.289999,NA,34.149998,49053.1235,NA,NA,NA,NA,NA,702,NA,0,NA,8.389999,0,0,0.6,1,8.2,102,0.21,0.02,NA
Daily,2019-04-12,71.8812,22.164999,NA,34.16,48862.4975,NA,NA,NA,NA,NA,702,NA,0,NA,8.395,NA,NA,NA,NA,NA,NA,NA,NA,NA
Daily,2019-04-13,71.6563,22.009998,NA,34.169998,48846.8725,NA,NA,NA,NA,NA,705,NA,0,NA,8.4,NA,NA,NA,NA,NA,NA,NA,NA,NA
Daily,2019-04-14,71.68440000000001,21.949999,NA,34.099998,48875,NA,NA,NA,NA,NA,708,NA,0,NA,8.3425,NA,NA,NA,NA,NA,NA,NA,NA,NA
Daily,2019-04-15,71.85310000000001,22.1849995,NA,34.119999,49131.2485,NA,NA,NA,NA,NA,702,NA,0,NA,8.41,NA,NA,NA,NA,NA,NA,NA,NA,NA
Daily,2019-04-16,72.05,22.24,NA,34.199997,49049.999,NA,NA,NA,NA,NA,704,NA,0,NA,8.412499,NA,NA,NA,NA,NA,NA,NA,NA,NA
Daily,2019-04-17,71.9938,22.24,NA,34.119999,49112.499,NA,NA,NA,NA,NA,696,NA,0,NA,8.355,NA,NA,NA,NA,NA,NA,NA,NA,NA
Daily,2019-04-18,72.2188,22.2699985,NA,34.104997499999996,49237.499,NA,NA,NA,NA,NA,695.75,NA,0,NA,8.357499,0,0.02,0.4,0.7,8.3,107,0.3,0.003,NA
Daily,2019-04-19,72.41560000000001,22.469999,NA,34.039997,49406.25,NA,NA,NA,NA,NA,693.5,NA,0,NA,8.407499,NA,NA,NA,NA,NA,NA,NA,NA,NA
Daily,2019-04-20,72.6688,22.604999499999998,NA,34.149998,49521.8735,NA,NA,NA,NA,NA,697,NA,0,NA,8.4237495,NA,NA,NA,NA,NA,NA,NA,NA,NA
Daily,2019-04-21,72.725,22.615,NA,34.189999,49568.748,NA,NA,NA,NA,NA,701,NA,0,NA,8.429999,NA,NA,NA,NA,NA,NA,NA,NA,NA
Daily,2019-04-22,72.86565,22.729999499999998,NA,34.284998,49715.623999999996,NA,NA,NA,NA,NA,704.25,NA,0,NA,8.37,NA,NA,NA,NA,NA,NA,NA,NA,NA
Daily,2019-04-23,73.0062,22.824999,NA,34.339996,49815.623999999996,NA,NA,NA,NA,NA,705.125,NA,0,NA,8.315,NA,NA,NA,NA,NA,NA,NA,NA,NA
Daily,2019-04-24,72.95,22.742497999999998,NA,34.439999,49790.6225,NA,NA,NA,NA,NA,688,NA,0,NA,8.317499,NA,NA,NA,NA,NA,NA,NA,NA,NA
Daily,2019-04-25,73.4,23.03,NA,34.349998,50049.9975,NA,NA,NA,NA,NA,692,NA,0,NA,8.1425,0,0.07,0.8,1.5,8.4,NA,0,0,NA
Daily,2019-04-26,73.76565,23.204999,NA,34.449997,50281.25,NA,NA,NA,NA,NA,696,NA,0,NA,8.205,NA,NA,NA,NA,NA,NA,NA,NA,NA
Daily,2019-04-27,74.0187,23.355,NA,34.349998,50478.1225,NA,NA,NA,NA,NA,704,NA,0,NA,8.213749499999999,NA,NA,NA,NA,NA,NA,NA,NA,NA
Daily,2019-04-28,74.2438,23.4699995,NA,34.389999,50556.249500000005,NA,NA,NA,NA,NA,709.5,NA,0,NA,8.259999,NA,NA,NA,NA,NA,NA,NA,NA,NA
Daily,2019-04-29,74.1313,23.387499,NA,34.32,50456.249,NA,NA,NA,NA,NA,709,NA,0,NA,8.205,NA,NA,NA,NA,NA,NA,NA,NA,NA
Daily,2019-04-30,73.85,23.240000000000002,NA,34.2249985,50209.3735,NA,NA,NA,NA,NA,703,NA,0,NA,8.2975,NA,NA,NA,NA,NA,NA,NA,NA,NA
Daily,2019-05-01,73.9063,23.264999,NA,34.089996,50165.6225,NA,NA,NA,NA,NA,707,NA,0,NA,8.2975,NA,NA,NA,NA,NA,NA,NA,NA,NA
Daily,2019-05-02,73.85,23.224998,NA,34.16,50103.1225,NA,NA,NA,NA,NA,708.5,NA,0,NA,8.2975,0,0.07,0.6,0.4,8,NA,0.32,0,NA
Daily,2019-05-03,73.7375,23.144999,NA,34.059998,50071.8725,NA,NA,NA,NA,NA,715,NA,0,NA,8.2275,NA,NA,NA,NA,NA,NA,NA,NA,NA
Daily,2019-05-04,73.7375,23.187499000000003,NA,34.099998,49915.6225,NA,NA,NA,NA,NA,723,NA,0,NA,8.2575,NA,NA,NA,NA,NA,NA,NA,NA,NA
Daily,2019-05-05,73.93440000000001,23.309999,NA,34.099998,50043.747,NA,NA,NA,NA,NA,724.75,NA,0,NA,8.28,NA,NA,NA,NA,NA,NA,NA,NA,NA
Daily,2019-05-06,73.93440000000001,23.309999,NA,34.119999,50112.499,NA,NA,NA,NA,NA,722.375,NA,0,NA,8.277499,NA,NA,NA,NA,NA,NA,NA,NA,NA
Daily,2019-05-07,73.6813,23.125,NA,34.169998,49903.123999999996,NA,NA,NA,NA,NA,713.625,NA,0,NA,8.277499,NA,NA,NA,NA,NA,NA,NA,NA,NA
Daily,2019-05-08,73.2875,22.914999,NA,34.169998,49731.247,NA,NA,NA,NA,NA,717.5,NA,0,NA,8.275,NA,NA,NA,NA,NA,NA,NA,NA,NA
Daily,2019-05-09,73.2313,22.974998,NA,34.084997,49893.749,NA,NA,NA,NA,NA,717.375,NA,0,NA,8.283749499999999,NA,NA,NA,NA,NA,NA,NA,NA,NA
Daily,2019-05-10,73.0062,NA,NA,NA,NA,NA,NA,NA,NA,NA,NA,NA,0,NA,NA,NA,NA,NA,NA,NA,NA,NA,NA,NA
Daily,2019-05-11,72.7813,NA,NA,NA,NA,NA,NA,NA,NA,NA,NA,NA,0,NA,NA,NA,NA,NA,NA,NA,NA,NA,NA,NA
Daily,2019-05-12,72.6688,NA,NA,NA,NA,NA,NA,NA,NA,NA,NA,NA,0,NA,NA,NA,NA,NA,NA,NA,NA,NA,NA,NA
Daily,2019-05-13,72.5,22.539999,NA,34.079998,49643.749,NA,NA,NA,NA,NA,710.5,NA,0,NA,8.3075,NA,NA,NA,NA,NA,NA,NA,NA,NA
Daily,2019-05-14,72.725,22.6349995,NA,34.209999,49674.999,NA,NA,NA,NA,NA,711,NA,0,NA,8.248749499999999,NA,NA,NA,NA,NA,NA,NA,NA,NA
Daily,2019-05-15,73.175,22.8724995,NA,34.25,49899.998,NA,NA,NA,NA,NA,722,NA,0,NA,8.2525,NA,NA,NA,NA,NA,NA,NA,NA,NA
Daily,2019-05-16,73.4,22.974998,NA,34.179996,49978.1225,NA,NA,NA,NA,NA,728.75,NA,0,NA,8.309999,NA,NA,NA,NA,NA,NA,NA,NA,NA
Daily,2019-05-17,73.2594,22.914999,NA,34.339996,49949.997,NA,NA,NA,NA,NA,724.5,NA,0,NA,8.25,2,0.05,0.7,1.3,NA,NA,0.19,0.007,NA
Daily,2019-05-18,73.0062,22.809999,NA,34.359997,49824.997,NA,NA,NA,NA,NA,723,NA,0,NA,8.254999,NA,NA,NA,NA,NA,NA,NA,NA,NA
Daily,2019-05-19,72.6125,22.527499499999998,NA,34.309998,49621.873999999996,NA,NA,NA,NA,NA,721,NA,0,NA,8.2537495,NA,NA,NA,NA,NA,NA,NA,NA,NA
Daily,2019-05-20,72.1625,22.299999,NA,34.329998,49375,NA,NA,NA,NA,NA,712.5,NA,0,NA,8.2525,NA,NA,NA,NA,NA,NA,NA,NA,NA
Daily,2019-05-21,72.05,22.2199995,NA,34.349998,49228.1225,NA,NA,NA,NA,NA,711,NA,0,NA,8.2525,NA,NA,NA,NA,NA,NA,NA,NA,NA
Daily,2019-05-22,72.1063,22.269999,NA,34.379997,49262.497,NA,NA,NA,NA,NA,710,NA,0,NA,8.2525,NA,NA,NA,NA,NA,NA,NA,NA,NA
Daily,2019-05-23,72.2188,22.269999,NA,34.419998,49303.1235,NA,NA,NA,NA,NA,712,NA,0,NA,8.2525,NA,NA,NA,NA,NA,NA,NA,NA,NA
Daily,2019-05-24,72.1625,22.309999,NA,34.419998,49324.997,NA,NA,NA,NA,NA,712.75,NA,0,NA,8.254999,NA,NA,NA,NA,NA,NA,NA,NA,NA
Daily,2019-05-25,72.2188,22.289999,NA,34.424997000000005,49334.3735,NA,NA,NA,NA,NA,715.25,NA,0,NA,8.254999,NA,NA,NA,NA,NA,NA,NA,NA,NA
Daily,2019-05-26,72.19065,22.289999,NA,34.359997,49396.8735,NA,NA,NA,NA,NA,713.75,NA,0,NA,8.2575,NA,NA,NA,NA,NA,NA,NA,NA,NA
Daily,2019-05-27,72.1625,22.269999,NA,34.41,49343.75,NA,NA,NA,NA,NA,715.5,NA,0,NA,8.2575,NA,NA,NA,NA,NA,NA,NA,NA,NA
Daily,2019-05-28,72.1063,22.25,NA,34.379997,49353.1225,NA,NA,NA,NA,NA,713.5,NA,0,NA,8.2575,NA,NA,NA,NA,NA,NA,NA,NA,NA
Daily,2019-05-29,72.275,22.309999,NA,34.414998999999995,49318.7485,NA,NA,NA,NA,NA,706.017578,NA,0,NA,8.254999,NA,NA,NA,NA,NA,NA,NA,NA,NA
Daily,2019-05-30,72.4437,22.404999,NA,34.359997,49490.6235,NA,NA,NA,NA,NA,708.023437,NA,0,NA,8.2575,NA,NA,NA,NA,NA,NA,NA,NA,NA
Daily,2019-05-31,72.64065,22.5699995,NA,34.149998,49549.999,NA,NA,NA,NA,NA,712.019531,NA,0,NA,8.304999,0,0.09,0.7,2.3,NA,NA,0.45,0,NA
Daily,2019-06-01,NA,22.809999,NA,34.049999,49790.624500000005,NA,NA,NA,NA,NA,716.007812,NA,0,NA,8.304999,NA,NA,NA,NA,NA,NA,NA,NA,NA
Daily,2019-06-02,73.4563,23.014999,NA,34.179996,49849.998,NA,NA,NA,NA,NA,720,NA,0,NA,8.304999,NA,NA,NA,NA,NA,NA,NA,NA,NA
Daily,2019-06-03,73.7375,23.119999,NA,34.16,50012.497,NA,NA,NA,NA,NA,723.988281,NA,0,NA,8.365,NA,NA,NA,NA,NA,NA,NA,NA,NA
Daily,2019-06-04,73.9625,23.285,NA,34.099998,50212.498,NA,NA,NA,NA,NA,717.4609375,NA,0,NA,8.3287495,NA,NA,NA,NA,NA,NA,NA,NA,NA
Daily,2019-06-05,74.2438,23.429998,NA,34.179996,50337.498,NA,NA,NA,NA,NA,723.859375,NA,0,NA,8.36,NA,NA,NA,NA,NA,NA,NA,NA,NA
Daily,2019-06-06,74.525,23.577499500000002,NA,34.139999,50478.1225,NA,NA,NA,NA,NA,737,NA,0,NA,8.3612495,NA,NA,NA,NA,NA,NA,NA,NA,NA
Daily,2019-06-07,74.6938,23.7374995,NA,34.039997,50687.5,NA,NA,NA,NA,NA,732,NA,0,NA,8.3025,0,0,1.5,1.7,NA,126,0.46,NA,NA
Daily,2019-06-08,74.83439999999999,23.7599995,NA,34.124998000000005,50678.1235,NA,NA,NA,NA,NA,735.5,NA,0,NA,8.299999,NA,NA,NA,NA,NA,NA,NA,NA,NA
Daily,2019-06-09,74.9188,NA,NA,NA,NA,NA,NA,NA,NA,NA,NA,NA,0,NA,NA,NA,NA,NA,NA,NA,NA,NA,NA,NA
Daily,2019-06-10,75.0313,NA,NA,NA,NA,NA,NA,NA,NA,NA,NA,NA,0,NA,NA,NA,NA,NA,NA,NA,NA,NA,NA,NA
Daily,2019-06-11,75.42505,NA,NA,NA,NA,NA,NA,NA,NA,NA,NA,NA,0,NA,NA,0,0,0.9,1.7,8.4,114.5,0.32,0,NA
Daily,2019-06-12,75.5938,24.269999,NA,34.07,51375,NA,NA,NA,NA,NA,749.5,NA,0,NA,8.309999,NA,NA,NA,NA,NA,NA,NA,NA,NA
Daily,2019-06-13,75.875,24.375,NA,34.259998,51396.8735,NA,NA,NA,NA,NA,745.75,NA,0,NA,8.247499,NA,NA,NA,NA,NA,NA,NA,NA,NA
Daily,2019-06-14,75.9313,24.404999,NA,34.349998,51493.748,NA,NA,NA,NA,NA,744,NA,0,NA,8.2249995,NA,0.06,0.8,2.2,8.46,132,0.82,0.015,NA
Daily,2019-06-15,75.9875,24.48,NA,34.374998000000005,51537.4985,NA,NA,NA,NA,NA,745.5,NA,0,NA,8.197499,NA,NA,NA,NA,NA,NA,NA,NA,NA
Daily,2019-06-16,76.0438,24.484999,NA,34.41,51549.999,NA,NA,NA,NA,NA,742,NA,0,NA,8.197499,NA,NA,NA,NA,NA,NA,NA,NA,NA
Daily,2019-06-17,76.325,24.5949995,NA,34.299999,51731.247,NA,NA,NA,NA,NA,747.625,NA,0,NA,8.254999,NA,NA,NA,NA,NA,NA,NA,NA,NA
Daily,2019-06-18,76.4375,24.705,NA,34.324999000000005,51790.6225,NA,NA,NA,NA,NA,749.75,NA,0,NA,8.259999,0,0.04,1.1,2.7,8.45,119,0.24,0,NA
Daily,2019-06-19,76.4375,24.684999,NA,34.389999,51750,NA,NA,NA,NA,NA,749.875,NA,0,NA,8.2625,NA,NA,NA,NA,NA,NA,NA,NA,NA
Daily,2019-06-20,76.4375,24.714998,NA,34.369999,51793.747,NA,NA,NA,NA,NA,745.25,NA,0,NA,8.2612495,NA,NA,NA,NA,NA,NA,NA,NA,NA
Daily,2019-06-21,76.325,24.609999,NA,34.269997,51625,NA,NA,NA,NA,NA,750.125,NA,0,NA,8.1375,0,0.07,1.3,1.5,8.45,118,0.26,0.006,NA
Daily,2019-06-22,76.2687,NA,NA,NA,NA,NA,NA,NA,NA,NA,NA,NA,0,NA,NA,NA,NA,NA,NA,NA,NA,NA,NA,NA
Daily,2019-06-23,76.1563,NA,NA,NA,NA,NA,NA,NA,NA,NA,NA,NA,0,NA,NA,NA,NA,NA,NA,NA,NA,NA,NA,NA
Daily,2019-06-24,76.1563,NA,NA,NA,NA,NA,NA,NA,NA,NA,NA,NA,0,NA,NA,NA,NA,NA,NA,NA,NA,NA,NA,NA
Daily,2019-06-25,76.2406,NA,NA,NA,NA,NA,NA,NA,NA,NA,NA,NA,0,NA,NA,0,0,1.1,1.4,8.49,111,0.77,0.003,NA
Daily,2019-06-26,76.325,24.664999,NA,34.239998,51356.247,NA,NA,NA,NA,NA,697,NA,0,NA,NA,NA,NA,NA,NA,NA,NA,NA,NA,NA
Daily,2019-06-27,76.4375,24.727499,NA,34.109997,51465.623999999996,NA,NA,NA,NA,NA,705,NA,0,NA,NA,NA,NA,NA,NA,NA,NA,NA,NA,NA
Daily,2019-06-28,76.6063,24.769999,NA,34.099998,51553.1235,NA,NA,NA,NA,NA,734,NA,0,NA,NA,0,0.04,0.7,1.7,8.48,112,0.61,0.012,NA
Daily,2019-06-29,76.775,24.865000000000002,NA,34.179996,51643.749,NA,NA,NA,NA,NA,744.5,NA,0,NA,NA,NA,NA,NA,NA,NA,NA,NA,NA,NA
Daily,2019-06-30,76.8312,24.959999,NA,34.079998,51709.3735,NA,NA,NA,NA,NA,716.75,NA,0,NA,8.572499,NA,NA,NA,NA,NA,NA,NA,NA,NA
Daily,2019-07-01,77.225,25.1274985,NA,34.054998499999996,51928.1235,NA,NA,NA,NA,NA,732.5,NA,0,NA,8.5762495,NA,NA,NA,NA,NA,NA,NA,NA,NA
Daily,2019-07-02,77.64689999999999,25.3674995,NA,34.039997,52162.498,NA,NA,NA,NA,NA,736,NA,0,NA,8.7,0,0,0.8,1.8,8.48,117,0.45,0.001,NA
Daily,2019-07-03,77.9,25.4924995,NA,34.119999,52268.749,NA,NA,NA,NA,NA,731.5,NA,0,NA,8.7,NA,NA,NA,NA,NA,NA,NA,NA,NA
Daily,2019-07-04,78.0125,25.544998,NA,34.169998,52331.249,NA,NA,NA,NA,NA,740,NA,0,NA,8.7,NA,NA,NA,NA,NA,NA,NA,NA,NA
Daily,2019-07-05,77.9562,25.504999,NA,34.084997,52299.999,NA,NA,NA,NA,NA,747,NA,0,NA,8.697499,0,0,1,0.9,8.48,NA,1.4,0.003,NA
Daily,2019-07-06,77.7313,25.404999,NA,34.139999,52168.747,NA,NA,NA,NA,NA,754,NA,0,NA,8.634999,NA,NA,NA,NA,NA,NA,NA,NA,NA
Daily,2019-07-07,77.675,25.365,NA,34.124998000000005,52125,NA,NA,NA,NA,NA,758,NA,0,NA,8.572499,NA,NA,NA,NA,NA,NA,NA,NA,NA
Daily,2019-07-08,77.675,25.334999,NA,34.129997,52093.75,NA,NA,NA,NA,NA,757,NA,0,NA,8.5075,NA,NA,NA,NA,NA,NA,NA,NA,NA
Daily,2019-07-09,77.6188,25.369999,NA,34.109997,52121.873999999996,NA,NA,NA,NA,NA,766.5,NA,0,NA,8.627499499999999,0,NA,1,1,8.5,NA,0.42,NA,NA
Daily,2019-07-10,77.7594,25.49,NA,34.049999,52237.499,NA,NA,NA,NA,NA,762.75,NA,0,NA,8.6325,NA,NA,NA,NA,NA,NA,NA,NA,NA
Daily,2019-07-11,77.9562,25.5199985,NA,34.07,52334.3735,NA,NA,NA,NA,NA,765.5,NA,0,NA,8.6325,NA,NA,NA,NA,NA,NA,NA,NA,NA
Daily,2019-07-12,77.8438,25.4399985,NA,34.149998,52181.248,NA,NA,NA,NA,NA,768.875,NA,0,NA,8.575,0,0,0.5,1,8.47,NA,0.5,0,NA
Daily,2019-07-13,77.7875,25.455,NA,34.119999,52193.748,NA,NA,NA,NA,NA,762.25,NA,0,NA,8.575,NA,NA,NA,NA,NA,NA,NA,NA,NA
Daily,2019-07-14,77.7313,25.459999,NA,34.119999,52203.12300000001,NA,NA,NA,NA,NA,759.5,NA,0,NA,8.575,NA,NA,NA,NA,NA,NA,NA,NA,NA
Daily,2019-07-15,77.7313,25.594999,NA,34.039997,52428.1235,NA,NA,NA,NA,NA,746.25,NA,0,NA,8.575,NA,NA,NA,NA,NA,NA,NA,NA,NA
Daily,2019-07-16,78.2938,25.7349985,NA,34.049999,52490.6235,NA,NA,NA,NA,NA,752.875,NA,0,NA,8.259999,0,0,1,1.3,8.48,128,1.43,NA,NA
Daily,2019-07-17,78.35,25.734999,NA,34.07,52521.8735,NA,NA,NA,NA,NA,767,NA,0,NA,8.32,NA,NA,NA,NA,NA,NA,NA,NA,NA
Daily,2019-07-18,78.63125,25.904999,NA,34.079998,52737.499,NA,NA,NA,NA,NA,748.75,NA,0,NA,8.3825,NA,NA,NA,NA,NA,NA,NA,NA,NA
Daily,2019-07-19,78.8563,26,NA,34.109997,52849.998,NA,NA,NA,NA,NA,761,NA,0,NA,8.447499,0,0,0.8,1.2,8.44,115,0.77,0,NA
Daily,2019-07-20,78.8563,26.039999,NA,34.109997,52837.498,NA,NA,NA,NA,NA,755,NA,0,NA,8.447499,NA,NA,NA,NA,NA,NA,NA,NA,NA
Daily,2019-07-21,78.8563,26.019999,NA,34.139999,52840.623999999996,NA,NA,NA,NA,NA,762.5,NA,0,NA,8.384999,NA,NA,NA,NA,NA,NA,NA,NA,NA
Daily,2019-07-22,78.8563,26.044998,NA,34.07,52846.873999999996,NA,NA,NA,NA,NA,765.25,NA,0,NA,8.4037495,NA,NA,NA,NA,NA,NA,NA,NA,NA
Daily,2019-07-23,78.6875,NA,NA,NA,NA,NA,NA,NA,NA,NA,NA,NA,0,NA,NA,0,0,1.2,1.3,8.45,130,1.91,0.022,NA
Daily,2019-07-24,78.8563,NA,NA,NA,NA,NA,NA,NA,NA,NA,NA,NA,0,NA,NA,NA,NA,NA,NA,NA,NA,NA,NA,NA
Daily,2019-07-25,79.025,NA,NA,NA,NA,NA,NA,NA,NA,NA,NA,NA,0,NA,NA,NA,NA,NA,NA,NA,NA,NA,NA,NA
Daily,2019-07-26,79.3063,NA,NA,NA,NA,NA,NA,NA,NA,NA,NA,NA,0,NA,NA,0,NA,NA,NA,8.44,130,0.34,NA,NA
Daily,2019-07-27,79.7563,26.519999,NA,34.16,53403.123999999996,NA,NA,NA,NA,NA,771.785156,NA,0,NA,8.514999,NA,NA,NA,NA,NA,NA,NA,NA,NA
Daily,2019-07-28,79.8688,26.539999,NA,34.109997,53378.123999999996,NA,NA,NA,NA,NA,779.785156,NA,0,NA,8.514999,NA,NA,NA,NA,NA,NA,NA,NA,NA
Daily,2019-07-29,79.8688,26.5,NA,34.079998,53396.8735,NA,NA,NA,NA,NA,783.78125,NA,0,NA,8.5175,NA,NA,NA,NA,NA,NA,NA,NA,NA
Daily,2019-07-30,79.8688,26.519999,NA,34.169998,53353.123,NA,NA,NA,NA,NA,783.783203,NA,0,NA,8.52,0,NA,1.1,1.1,8.49,132,0.46,NA,NA
Daily,2019-07-31,79.5875,26.375,NA,34.104997499999996,53174.999,NA,NA,NA,NA,NA,723.796875,NA,0,NA,8.44,NA,NA,NA,NA,NA,NA,NA,NA,NA
Daily,2019-08-01,79.1375,26.15,NA,34.024998,52890.62300000001,NA,NA,NA,NA,NA,781.798828,NA,0,NA,8.4375,NA,NA,NA,NA,NA,NA,NA,NA,NA
Daily,2019-08-02,78.6875,25.924999,NA,33.869999,52643.749,NA,NA,NA,NA,NA,791.8125,NA,0,NA,8.429999,0,0.17,1.1,1.1,8.41,135,0.65,0.009,NA
Daily,2019-08-03,78.575,25.849998499999998,NA,33.859997,52578.12300000001,NA,NA,NA,NA,NA,803.8125,NA,0,NA,8.429999,NA,NA,NA,NA,NA,NA,NA,NA,NA
Daily,2019-08-04,78.575,25.854999499999998,NA,33.929996,52556.248,NA,NA,NA,NA,NA,791.8125,NA,0,NA,8.492499,NA,NA,NA,NA,NA,NA,NA,NA,NA
Daily,2019-08-05,78.6313,25.764999,NA,33.91,52487.499,NA,NA,NA,NA,NA,803.8125,NA,0,NA,8.4325,NA,NA,NA,NA,NA,NA,NA,NA,NA
Daily,2019-08-06,78.35,25.734999,NA,33.929996,52381.248,NA,NA,NA,NA,NA,803.816406,NA,0,NA,8.495,NA,NA,NA,NA,NA,NA,NA,NA,NA
Daily,2019-08-07,NA,25.669998,NA,33.889999,52359.37300000001,NA,NA,NA,NA,NA,799.824219,NA,0,NA,8.4575,NA,NA,NA,NA,NA,NA,NA,NA,NA
Daily,2019-08-08,NA,25.65,NA,33.809998,52106.247,NA,NA,NA,NA,NA,803.824219,NA,0,NA,8.3825,NA,NA,NA,NA,NA,NA,NA,NA,NA
Daily,2019-08-09,NA,NA,NA,NA,NA,NA,NA,NA,NA,NA,NA,NA,0,NA,NA,NA,0.06,NA,NA,8.43,103,0.62,NA,NA
Daily,2019-08-10,NA,NA,NA,NA,NA,NA,NA,NA,NA,NA,NA,NA,0,NA,NA,NA,NA,NA,NA,NA,NA,NA,NA,NA
Daily,2019-08-11,NA,NA,NA,NA,NA,NA,NA,NA,NA,NA,NA,NA,0,NA,NA,NA,NA,NA,NA,NA,NA,NA,NA,NA
Daily,2019-08-12,NA,NA,NA,NA,NA,NA,NA,NA,NA,NA,NA,NA,0,NA,NA,NA,NA,NA,NA,NA,NA,NA,NA,NA
Daily,2019-08-13,NA,NA,NA,NA,NA,NA,NA,NA,NA,NA,NA,NA,0,NA,NA,NA,NA,NA,NA,NA,NA,NA,NA,NA
Daily,2019-08-14,NA,NA,NA,NA,NA,NA,NA,NA,NA,NA,NA,NA,0,NA,NA,NA,NA,NA,NA,NA,NA,NA,NA,NA
Daily,2019-08-15,NA,25.619999,NA,33.889999,52181.248,NA,NA,NA,NA,NA,783.835937,NA,0,NA,8.599999,NA,NA,NA,NA,NA,NA,NA,NA,NA
Daily,2019-08-16,NA,25.469999,NA,33.869999,52071.8725,NA,NA,NA,NA,NA,783.841797,NA,0,NA,8.5475,0,0.07,NA,NA,8.44,111,0.39,0,NA
Daily,2019-08-17,NA,25.389999,NA,33.899998,52062.5,NA,NA,NA,NA,NA,783.847656,NA,0,NA,8.612499,NA,NA,NA,NA,NA,NA,NA,NA,NA
Daily,2019-08-18,NA,25.285,NA,33.929996,51962.498,NA,NA,NA,NA,NA,787.8378905,NA,0,NA,8.622499,NA,NA,NA,NA,NA,NA,NA,NA,NA
Daily,2019-08-19,NA,25.089998,NA,34.139999,51768.749,NA,NA,NA,NA,NA,775.871094,NA,0,NA,8.629999,NA,NA,NA,NA,NA,NA,NA,NA,NA
Daily,2019-08-20,NA,25.384998,NA,34.16,52106.247,NA,NA,NA,NA,NA,779.847656,NA,0,NA,8.572499,NA,NA,NA,NA,NA,NA,NA,NA,NA
Daily,2019-08-21,NA,25.374999,NA,34.07,52103.1225,NA,NA,NA,NA,NA,783.855469,NA,0,NA,8.5737495,NA,NA,NA,NA,NA,NA,NA,NA,NA
Daily,2019-08-22,NA,25.369999,NA,34.079998,52228.1225,NA,NA,NA,NA,NA,787.847656,NA,0,NA,8.5562495,NA,NA,NA,NA,NA,NA,NA,NA,NA
Daily,2019-08-23,NA,25.41,NA,34.149998,52243.7475,NA,NA,NA,NA,NA,791.8378905,NA,0,NA,8.5662495,0,0,0.7,1.3,8.47,128,0.64,0.008,NA
Daily,2019-08-24,NA,25.514999,NA,34.064999,52449.9985,NA,NA,NA,NA,NA,791.8378905,NA,0,NA,8.589999,NA,NA,NA,NA,NA,NA,NA,NA,NA
Daily,2019-08-25,NA,25.599998,NA,34.109997,52437.498,NA,NA,NA,NA,NA,791.835937,NA,0,NA,8.532499,NA,NA,NA,NA,NA,NA,NA,NA,NA
Daily,2019-08-26,NA,25.639999,NA,34.139999,52534.373999999996,NA,NA,NA,NA,NA,787.835937,NA,0,NA,8.5824995,NA,NA,NA,NA,NA,NA,NA,NA,NA
Daily,2019-08-27,NA,25.8099995,NA,34.134998,52734.37300000001,NA,NA,NA,NA,NA,787.8222655,NA,0,NA,8.597499,NA,NA,NA,NA,NA,NA,NA,NA,NA
Daily,2019-08-28,NA,25.889999,NA,34.124998000000005,52875,NA,NA,NA,NA,NA,783.828125,NA,0,NA,8.596249499999999,NA,NA,NA,NA,NA,NA,NA,NA,NA
Daily,2019-08-29,NA,25.904999,NA,34.07,52965.623999999996,NA,NA,NA,NA,NA,783.818359,NA,0,NA,8.5425,NA,NA,NA,NA,NA,NA,NA,NA,NA
Daily,2019-08-30,NA,26.0074995,NA,34.139999,52993.749500000005,NA,NA,NA,NA,NA,783.820312,NA,0,NA,8.549999,NA,NA,NA,NA,NA,NA,NA,NA,NA
Daily,2019-08-31,NA,26.184999,NA,34.079998,53196.8725,NA,NA,NA,NA,NA,787.8125,NA,0,NA,8.554999,NA,NA,NA,NA,NA,NA,NA,NA,NA
Daily,2019-09-01,NA,26.205,NA,34.16,53299.999,NA,NA,NA,NA,NA,791.796875,NA,0,NA,8.5575,NA,NA,NA,NA,NA,NA,NA,NA,NA
Daily,2019-09-02,NA,26.164999,NA,34.329998,53306.248,NA,NA,NA,NA,NA,789.8007809999999,NA,0,NA,8.5025,NA,NA,NA,NA,NA,NA,NA,NA,NA
Daily,2019-09-03,NA,26.059999,NA,34.369999,53174.999,NA,NA,NA,NA,NA,795.820312,NA,0,NA,8.504999,NA,NA,NA,NA,NA,NA,NA,NA,NA
Daily,2019-09-04,NA,NA,NA,NA,NA,NA,NA,NA,NA,NA,NA,NA,0,NA,NA,NA,NA,NA,NA,NA,NA,NA,NA,NA
Daily,2019-09-05,NA,25.969999,NA,34.389999,53137.497,NA,NA,NA,NA,NA,783.820312,NA,0,NA,8.58,NA,NA,NA,NA,NA,NA,NA,NA,NA
Daily,2019-09-06,NA,25.73,NA,34.399998,52896.8735,NA,NA,NA,NA,NA,799.835937,NA,0,NA,8.5175,NA,0.03,0.7,1.2,8.48,115,0.85,0.007,NA
Daily,2019-09-07,NA,25.644999,NA,34.399998,52846.873999999996,NA,NA,NA,NA,NA,807.835937,NA,0,NA,8.461249500000001,NA,NA,NA,NA,NA,NA,NA,NA,NA
Daily,2019-09-08,NA,25.582499499999997,NA,34.419998,52840.623999999996,NA,NA,NA,NA,NA,791.851562,NA,0,NA,8.032499,NA,NA,NA,NA,NA,NA,NA,NA,NA
Daily,2019-09-09,NA,25.589998,NA,34.414998999999995,52853.1225,NA,NA,NA,NA,NA,795.839844,NA,0,NA,8.16,NA,NA,NA,NA,NA,NA,NA,NA,NA
Daily,2019-09-10,NA,25.609999,NA,34.399998,52865.6235,NA,NA,NA,NA,NA,799.84375,NA,0,NA,8.287499,NA,NA,NA,NA,NA,NA,NA,NA,NA
Daily,2019-09-11,NA,25.5574985,NA,34.3949985,52862.4975,NA,NA,NA,NA,NA,799.849609,NA,0,NA,8.349999,NA,NA,NA,NA,NA,NA,NA,NA,NA
Daily,2019-09-12,NA,25.41,NA,34.374998000000005,52699.997,NA,NA,NA,NA,NA,803.851562,NA,0,NA,8.4225,NA,NA,NA,NA,NA,NA,NA,NA,NA
Daily,2019-09-13,NA,25.129999,NA,34.364998,52449.997,NA,NA,NA,NA,NA,803.863281,NA,0,NA,8.4225,NA,0.05,0.8,1.7,8.45,139,1.12,0.014,NA
Daily,2019-09-14,NA,24.834999,NA,34.359997,52134.3725,NA,NA,NA,NA,NA,NA,NA,0,NA,8.2975,NA,NA,NA,NA,NA,NA,NA,NA,NA
Daily,2019-09-15,NA,NA,NA,NA,NA,NA,NA,NA,NA,NA,NA,NA,0,NA,NA,NA,NA,NA,NA,NA,NA,NA,NA,NA
Daily,2019-09-16,NA,24.584999,NA,34.369999,51915.6225,NA,NA,NA,NA,NA,795.894531,NA,0,NA,8.4325,NA,NA,NA,NA,NA,NA,NA,NA,NA
Daily,2019-09-17,NA,24.449999,NA,34.459999,51803.1235,NA,NA,NA,NA,NA,803.898437,NA,0,NA,8.372499,NA,NA,NA,NA,NA,NA,NA,NA,NA
Daily,2019-09-18,NA,NA,NA,NA,NA,NA,NA,NA,NA,NA,NA,NA,0,NA,NA,NA,NA,NA,NA,NA,NA,NA,NA,NA
Daily,2019-09-19,NA,24.279999,NA,34.619999,51706.249,NA,NA,NA,NA,NA,799.910156,NA,0,NA,8.3925,NA,NA,NA,NA,NA,NA,NA,NA,NA
Daily,2019-09-20,NA,23.952499500000002,NA,34.589996,51521.8735,NA,NA,NA,NA,NA,803.923828,NA,0,NA,8.273749500000001,NA,0.03,0.6,0.2,8.41,123,1.26,0,NA
Daily,2019-09-21,NA,NA,NA,NA,NA,NA,NA,NA,NA,NA,NA,NA,0,NA,NA,NA,NA,NA,NA,NA,NA,NA,NA,NA
Daily,2019-09-22,NA,23.474999500000003,NA,34.649998,50849.998,NA,NA,NA,NA,NA,795.957031,NA,0,NA,8.384999,NA,NA,NA,NA,NA,NA,NA,NA,NA
Daily,2019-09-23,NA,23.482498999999997,NA,34.619999,50906.25,NA,NA,NA,NA,NA,807.953125,NA,0,NA,8.327499,NA,NA,NA,NA,NA,NA,NA,NA,NA
Daily,2019-09-24,NA,23.219999,NA,34.584997,50656.25,NA,NA,NA,NA,NA,807.96875,NA,0,NA,8.2675,NA,NA,NA,NA,NA,NA,NA,NA,NA
Daily,2019-09-25,NA,22.7924985,NA,34.529999,50378.123999999996,NA,NA,NA,NA,NA,811.984375,NA,0,NA,8.2625,NA,NA,NA,NA,NA,NA,NA,NA,NA
Daily,2019-09-26,NA,22.875,NA,34.624998000000005,50240.6235,NA,NA,NA,NA,NA,807.988281,NA,0,NA,8.2587495,NA,NA,NA,NA,NA,NA,NA,NA,NA
Daily,2019-09-27,NA,22.834999,NA,34.349998,50112.499,NA,NA,NA,NA,NA,791.984375,NA,0,NA,8.355,0,0.03,0.5,0.3,8.31,125,1.51,0.006,NA
Daily,2019-09-28,NA,22.849998,NA,34.399998,50084.3735,NA,NA,NA,NA,NA,807.984375,NA,0,NA,8.3525,NA,NA,NA,NA,NA,NA,NA,NA,NA
Daily,2019-09-29,NA,22.924999,NA,34.384998,50131.248,NA,NA,NA,NA,NA,811.988281,NA,0,NA,8.349999,NA,NA,NA,NA,NA,NA,NA,NA,NA
Daily,2019-09-30,NA,22.945,NA,34.359997,50081.249,NA,NA,NA,NA,NA,815.988281,NA,0,NA,8.402499,NA,NA,NA,NA,NA,NA,NA,NA,NA
Daily,2019-10-01,NA,22.839998,NA,NA,49878.123999999996,NA,NA,NA,NA,NA,NA,NA,0,NA,8.3875,NA,NA,NA,NA,NA,NA,NA,NA,NA
Daily,2019-10-02,NA,22.865,NA,33.769997,49565.623999999996,NA,NA,NA,NA,NA,NA,NA,0,NA,8.434999,NA,NA,NA,NA,NA,NA,NA,NA,NA
Daily,2019-10-03,NA,22.914999,NA,33.629997,49218.748,NA,NA,NA,NA,NA,NA,NA,0,NA,8.397499,NA,NA,NA,NA,NA,NA,NA,NA,NA
Daily,2019-10-04,NA,22.949999,NA,33.594997,49125,NA,NA,NA,NA,NA,NA,NA,0,NA,8.3325,NA,NA,NA,NA,NA,NA,NA,NA,NA
Daily,2019-10-05,NA,22.98,NA,33.619999,49115.6235,NA,NA,NA,NA,NA,699.980469,NA,0,NA,8.205,NA,NA,NA,NA,NA,NA,NA,NA,NA
Daily,2019-10-06,NA,22.894999,NA,33.579998,49056.248,NA,NA,NA,NA,NA,707.980469,NA,0,NA,8.205,NA,NA,NA,NA,NA,NA,NA,NA,NA
Daily,2019-10-07,NA,22.839998,NA,33.639999,48909.3725,NA,NA,NA,NA,NA,715.982422,NA,0,NA,8.257499,NA,NA,NA,NA,NA,NA,NA,NA,NA
Daily,2019-10-08,NA,22.875,NA,33.614998,48978.124500000005,NA,NA,NA,NA,NA,719.992187,NA,0,NA,8.205,NA,NA,NA,NA,NA,NA,NA,NA,NA
Daily,2019-10-09,NA,22.794998,NA,33.619999,48899.998,NA,NA,NA,NA,NA,725.9921875,NA,0,NA,8.197499,NA,NA,NA,NA,NA,NA,NA,NA,NA
Daily,2019-10-10,NA,22.637499,NA,33.429996,48646.8735,NA,NA,NA,NA,NA,731.996094,NA,0,NA,8.2525,NA,NA,NA,NA,NA,NA,NA,NA,NA
Daily,2019-10-11,NA,22.275,NA,33.374998000000005,48399.998,NA,NA,NA,NA,NA,744.0097655,NA,0,NA,8.247499,NA,NA,NA,NA,NA,NA,NA,NA,NA
Daily,2019-10-12,NA,22.152499499999998,NA,33.419998,48168.747,NA,NA,NA,NA,NA,744.023437,NA,0,NA,8.117499,NA,NA,NA,NA,NA,NA,NA,NA,NA
Daily,2019-10-13,NA,22.054998,NA,33.329998,48040.6225,NA,NA,NA,NA,NA,752.027344,NA,0,NA,8.112499,NA,NA,NA,NA,NA,NA,NA,NA,NA
Daily,2019-10-14,NA,22.029999,NA,33.389999,47993.748,NA,NA,NA,NA,NA,752.035156,NA,0,NA,8.117499,NA,NA,NA,NA,NA,NA,NA,NA,NA
Daily,2019-10-15,NA,21.949999,NA,33.3949985,47962.498,NA,NA,NA,NA,NA,756.027344,NA,0,NA,8.1775,NA,NA,NA,NA,NA,NA,NA,NA,NA
Daily,2019-10-16,NA,21.924999,NA,33.379997,47856.247,NA,NA,NA,NA,NA,752.0351559999999,NA,0,NA,8.174999,NA,NA,NA,NA,NA,NA,NA,NA,NA
Daily,2019-10-17,NA,23.9,NA,33.369999,49896.8735,NA,NA,NA,NA,NA,763.933594,NA,0,NA,8.4325,0,0,0.4,1.1,8.48,127,1.1,0.006,NA
Daily,2019-10-18,NA,23.529999,NA,33.339996,49531.25,NA,NA,NA,NA,NA,763.960937,NA,0,NA,8.429999,NA,NA,NA,NA,NA,NA,NA,NA,NA
Daily,2019-10-19,NA,23.059999,NA,33.344997,49065.623999999996,NA,NA,NA,NA,NA,759.976562,NA,0,NA,8.304999,NA,NA,NA,NA,NA,NA,NA,NA,NA
Daily,2019-10-20,NA,22.639999,NA,33.369999,48596.873999999996,NA,NA,NA,NA,NA,747.998047,NA,0,NA,8.3299995,NA,NA,NA,NA,NA,NA,NA,NA,NA
Daily,2019-10-21,NA,22.214998,NA,33.399998,48162.498,NA,NA,NA,NA,NA,740.015625,NA,0,NA,8.4225,NA,NA,NA,NA,NA,NA,NA,NA,NA
Daily,2019-10-22,NA,21.924999,NA,33.389999,47893.749,NA,NA,NA,NA,NA,740.03125,NA,0,NA,8.242499,NA,NA,NA,NA,NA,NA,NA,NA,NA
Daily,2019-10-23,NA,21.719999,NA,33.41,47706.249,NA,NA,NA,NA,NA,740.050781,NA,0,NA,8.117499,NA,NA,NA,NA,NA,NA,NA,NA,NA
Daily,2019-10-24,NA,21.529999,NA,33.369999,47593.75,NA,NA,NA,NA,NA,736.066406,NA,0,NA,8.1725,NA,NA,NA,NA,NA,NA,NA,NA,NA
Daily,2019-10-25,NA,21.275,NA,33.309998,47312.5,NA,NA,NA,NA,NA,744.070312,NA,0,NA,8.179999,0,0.03,0.4,0.6,8.22,132,0.61,0,NA
Daily,2019-10-26,NA,21.3849995,NA,33.339996,47474.998,NA,NA,NA,NA,NA,760.058594,NA,0,NA,8.242499,NA,NA,NA,NA,NA,NA,NA,NA,NA
Daily,2019-10-27,NA,21.769999,NA,33.41,47774.998,NA,NA,NA,NA,NA,776.0566405,NA,0,NA,8.304999,NA,NA,NA,NA,NA,NA,NA,NA,NA
Daily,2019-10-28,NA,21.6774985,NA,33.429996,47637.497,NA,NA,NA,NA,NA,764.046875,NA,0,NA,8.245,NA,NA,NA,NA,NA,NA,NA,NA,NA
Daily,2019-10-29,NA,22.089999,NA,33.349998,48037.498,NA,NA,NA,NA,NA,764.027344,NA,0,NA,8.304999,NA,NA,NA,NA,NA,NA,NA,NA,NA
Daily,2019-10-30,NA,21.809999,NA,33.329998,47831.249,NA,NA,NA,NA,NA,768.035156,NA,0,NA,8.3025,NA,NA,NA,NA,NA,NA,NA,NA,NA
Daily,2019-10-31,NA,21.314999,NA,33.329998,47375,NA,NA,NA,NA,NA,764.066406,NA,0,NA,8.237499,NA,NA,NA,NA,NA,NA,NA,NA,NA
Daily,2019-11-01,NA,21.125,NA,33.419998,47137.497,NA,NA,NA,NA,NA,764.074219,NA,0,NA,8.245,0,0.02,0.6,0.8,8.42,130,0.35,0,NA
Daily,2019-11-02,NA,21.07,NA,33.379997,47093.75,NA,NA,NA,NA,NA,768.070313,NA,0,NA,8.245,NA,NA,NA,NA,NA,NA,NA,NA,NA
Daily,2019-11-03,NA,21.044998,NA,33.344997,47106.247,NA,NA,NA,NA,NA,768.085938,NA,0,NA,8.24,NA,NA,NA,NA,NA,NA,NA,NA,NA
Daily,2019-11-04,NA,21.035,NA,33.299999,47074.997,NA,NA,NA,NA,NA,772.068359,NA,0,NA,8.245,NA,NA,NA,NA,NA,NA,NA,NA,NA
Daily,2019-11-05,NA,21.019999,NA,33.379997,46978.1225,NA,NA,NA,NA,NA,780.085938,NA,0,NA,8.2275,NA,NA,NA,NA,NA,NA,NA,NA,NA
Daily,2019-11-06,NA,21.07,NA,33.41,46993.748,NA,NA,NA,NA,NA,792.074219,NA,0,NA,8.2225,NA,NA,NA,NA,NA,NA,NA,NA,NA
Daily,2019-11-07,NA,21.129999,NA,33.32,47049.999,NA,NA,NA,NA,NA,772.068359,NA,0,NA,8.2225,NA,NA,NA,NA,NA,NA,NA,NA,NA
Daily,2019-11-08,NA,22,NA,33.299999,47953.123,NA,NA,NA,NA,NA,776.070313,NA,0,NA,8.224999,0,0.02,0.6,1.1,8.3,131,0.23,0.015,NA
Daily,2019-11-09,NA,22.044998,NA,33.429996,47849.998,NA,NA,NA,NA,NA,764.039062,NA,0,NA,8.2225,NA,NA,NA,NA,NA,NA,NA,NA,NA
Daily,2019-11-10,NA,21.919998,NA,33.379997,47849.998,NA,NA,NA,NA,NA,768.042969,NA,0,NA,8.165,NA,NA,NA,NA,NA,NA,NA,NA,NA
Daily,2019-11-11,NA,21.924999,NA,33.369999,47862.499,NA,NA,NA,NA,NA,780.042969,NA,0,NA,8.165,NA,NA,NA,NA,NA,NA,NA,NA,NA
Daily,2019-11-12,NA,21.904999,NA,33.309998,47824.997,NA,NA,NA,NA,NA,780.042969,NA,0,NA,8.16,NA,NA,NA,NA,NA,NA,NA,NA,NA
Daily,2019-11-13,NA,21.865,NA,33.339996,47787.498,NA,NA,NA,NA,NA,780.042969,NA,0,NA,8.157499,NA,NA,NA,NA,NA,NA,NA,NA,NA
Daily,2019-11-14,NA,21.969999,NA,33.449997,47793.747,NA,NA,NA,NA,NA,776.039062,NA,0,NA,8.132499,NA,NA,NA,NA,NA,NA,NA,NA,NA
Daily,2019-11-15,NA,21.945,NA,33.339996,47899.998,NA,NA,NA,NA,NA,780.039063,NA,0,NA,8.157499,0,0.04,1.3,1.1,8.21,116,0.28,0,NA
Daily,2019-11-16,NA,21.865,NA,33.299999,47787.498,NA,NA,NA,NA,NA,784.046875,NA,0,NA,8.16,NA,NA,NA,NA,NA,NA,NA,NA,NA
Daily,2019-11-17,NA,21.865,NA,33.309998,47787.498,NA,NA,NA,NA,NA,784.042969,NA,0,NA,8.16,NA,NA,NA,NA,NA,NA,NA,NA,NA
Daily,2019-11-18,NA,21.865,NA,33.339996,47774.998,NA,NA,NA,NA,NA,788.035156,NA,0,NA,8.16,NA,NA,NA,NA,NA,NA,NA,NA,NA
Daily,2019-11-19,NA,21.799999,NA,33.449997,47662.498,NA,NA,NA,NA,NA,784.050781,NA,0,NA,8.0975,NA,NA,NA,NA,NA,NA,NA,NA,NA
Daily,2019-11-20,NA,22.244999,NA,33.41,48156.25,NA,NA,NA,NA,NA,788.03125,NA,0,NA,8.094999,NA,NA,NA,NA,NA,NA,NA,NA,NA
Daily,2019-11-21,NA,23.75,NA,33.439999,49574.997,NA,NA,NA,NA,NA,791.941406,NA,0,NA,8.214999,NA,NA,NA,NA,NA,NA,NA,NA,NA
Daily,2019-11-22,NA,23.849998,NA,33.469997,49631.248,NA,NA,NA,NA,NA,799.9375,NA,0,NA,8.2175,0,0.03,0.5,0.5,8.23,138,1.79,0,NA
Daily,2019-11-23,NA,23.809999,NA,33.289997,49768.749,NA,NA,NA,NA,NA,791.9316405,NA,0,NA,8.285,NA,NA,NA,NA,NA,NA,NA,NA,NA
Daily,2019-11-24,NA,23.849998,NA,33.279999,49899.998,NA,NA,NA,NA,NA,803.9296875,NA,0,NA,8.285,NA,NA,NA,NA,NA,NA,NA,NA,NA
Daily,2019-11-25,NA,23.834999,NA,33.309998,49856.247,NA,NA,NA,NA,NA,803.941406,NA,0,NA,8.232499,NA,NA,NA,NA,NA,NA,NA,NA,NA
Daily,2019-11-26,NA,23.814999,NA,33.349998,49803.1235,NA,NA,NA,NA,NA,803.941406,NA,0,NA,8.24,NA,NA,NA,NA,NA,NA,NA,NA,NA
Daily,2019-11-27,NA,22.487499,NA,33.344997,48562.49800000001,NA,NA,NA,NA,NA,799.980469,NA,0,NA,8.12,0,0.03,0.5,0.6,8.37,132,0.36,0,NA
Daily,2019-11-28,NA,23.564999,NA,33.329998,49618.748,NA,NA,NA,NA,NA,811.941406,NA,0,NA,8.24,NA,NA,NA,NA,NA,NA,NA,NA,NA
Daily,2019-11-29,NA,23.83,NA,33.339996,49859.37300000001,NA,NA,NA,NA,NA,811.941406,NA,0,NA,8.0525,NA,NA,NA,NA,NA,NA,NA,NA,NA
Daily,2019-11-30,NA,23.889999,NA,33.349998,49881.248,NA,NA,NA,NA,NA,807.941406,NA,0,NA,8.112499,NA,NA,NA,NA,NA,NA,NA,NA,NA
Daily,2019-12-01,NA,23.9,NA,33.349998,49868.748,NA,NA,NA,NA,NA,807.933594,NA,0,NA,8.235,NA,NA,NA,NA,NA,NA,NA,NA,NA
Daily,2019-12-02,NA,23.9,NA,33.349998,49828.12300000001,NA,NA,NA,NA,NA,807.933594,NA,0,NA,8.237499,NA,NA,NA,NA,NA,NA,NA,NA,NA
Daily,2019-12-03,NA,23.924999,NA,33.389999,49893.749,NA,NA,NA,NA,NA,807.933594,NA,0,NA,8.237499,NA,NA,NA,NA,NA,NA,NA,NA,NA
Daily,2019-12-04,NA,23.834999,NA,33.3949985,49875,NA,NA,NA,NA,NA,807.929688,NA,0,NA,8.19,NA,NA,NA,NA,NA,NA,NA,NA,NA
Daily,2019-12-05,NA,23.865,NA,33.359999,49862.499,NA,NA,NA,NA,NA,807.933594,NA,0,NA,8.07,NA,NA,NA,NA,NA,NA,NA,NA,NA
Daily,2019-12-06,NA,23.884998,NA,33.379997,49903.123999999996,NA,NA,NA,NA,NA,807.925781,NA,0,NA,8.2,NA,NA,NA,NA,NA,NA,NA,NA,NA
Daily,2019-12-07,NA,23.834999,NA,33.309998,49834.3735,NA,NA,NA,NA,NA,819.921875,NA,0,NA,8.232499,NA,NA,NA,NA,NA,NA,NA,NA,NA
Daily,2019-12-08,NA,23.814999,NA,33.32,49856.247,NA,NA,NA,NA,NA,823.925781,NA,0,NA,8.232499,NA,NA,NA,NA,NA,NA,NA,NA,NA
Daily,2019-12-09,NA,23.879999,NA,33.32,49906.25,NA,NA,NA,NA,NA,819.929688,NA,0,NA,8.232499,NA,NA,NA,NA,NA,NA,NA,NA,NA
Daily,2019-12-10,NA,23.9,NA,33.339996,49837.498,NA,NA,NA,NA,NA,819.925781,NA,0,NA,8.235,NA,NA,NA,NA,NA,NA,NA,NA,NA
Daily,2019-12-11,NA,23.879999,NA,33.359997,49918.747,NA,NA,NA,NA,NA,819.925781,NA,0,NA,8.24,NA,NA,NA,NA,NA,NA,NA,NA,NA
Daily,2019-12-12,NA,23.879999,NA,33.359997,49868.748,NA,NA,NA,NA,NA,815.933594,NA,0,NA,8.1775,NA,NA,NA,NA,NA,NA,NA,NA,NA
Daily,2019-12-13,NA,23.804998,NA,33.349998,49821.8725,NA,NA,NA,NA,NA,815.925781,NA,0,NA,8.117499,NA,NA,NA,NA,NA,NA,NA,NA,NA
Daily,2019-12-14,NA,23.794998,NA,33.339996,49843.75,NA,NA,NA,NA,NA,815.935547,NA,0,NA,8.24,NA,NA,NA,NA,NA,NA,NA,NA,NA
Daily,2019-12-15,NA,23.844999,NA,33.334997,49849.998,NA,NA,NA,NA,NA,819.925781,NA,0,NA,8.299999,NA,NA,NA,NA,NA,NA,NA,NA,NA
Daily,2019-12-16,NA,23.824999,NA,33.369999,49868.748,NA,NA,NA,NA,NA,811.933594,NA,0,NA,8.37,NA,NA,NA,NA,NA,NA,NA,NA,NA
Daily,2019-12-17,NA,23.869999,NA,33.379997,49887.497,NA,NA,NA,NA,NA,815.933594,NA,0,NA,8.309999,NA,NA,NA,NA,NA,NA,NA,NA,NA
Daily,2019-12-18,NA,23.809999,NA,33.359997,49856.247,NA,NA,NA,NA,NA,819.941406,NA,0,NA,8.3125,NA,NA,NA,NA,NA,NA,NA,NA,NA
Daily,2019-12-19,NA,NA,NA,33.459999,NA,NA,NA,NA,NA,NA,819.980469,NA,0,NA,8.3025,NA,NA,NA,NA,NA,NA,NA,NA,NA
Daily,2019-12-20,NA,23.794998,NA,33.32,49834.3735,NA,NA,NA,NA,NA,815.949219,NA,0,NA,8.237499,0,0.09,0.4,0.7,8.41,129,1.86,0.002,NA
Daily,2019-12-21,NA,23.859999,NA,33.359997,49887.497,NA,NA,NA,NA,NA,819.9375,NA,0,NA,8.179999,NA,NA,NA,NA,NA,NA,NA,NA,NA
Daily,2019-12-22,NA,23.91,NA,33.359997,49893.749,NA,NA,NA,NA,NA,819.941406,NA,0,NA,8.054999,NA,NA,NA,NA,NA,NA,NA,NA,NA
Daily,2019-12-23,NA,23.794998,NA,33.349998,49837.498,NA,NA,NA,NA,NA,823.9375,NA,0,NA,8.054999,NA,NA,NA,NA,NA,NA,NA,NA,NA
Daily,2019-12-24,NA,23.794998,NA,33.359997,49875,NA,NA,NA,NA,NA,823.9375,NA,0,NA,7.99625,NA,NA,NA,NA,NA,NA,NA,NA,NA
Daily,2019-12-25,NA,23.799999,NA,33.369999,49899.998,NA,NA,NA,NA,NA,823.933594,NA,0,NA,7.9975,NA,NA,NA,NA,NA,NA,NA,NA,NA
Daily,2019-12-26,NA,23.839998,NA,33.379997,49875,NA,NA,NA,NA,NA,823.929688,NA,0,NA,7.9975,NA,NA,NA,NA,NA,NA,NA,NA,NA
Daily,2019-12-27,NA,23.844999,NA,33.379997,49875,NA,NA,NA,NA,NA,823.9375,NA,0,NA,8.0575,0,0.04,0.4,NA,8.4,137,NA,0.005,NA
Daily,2019-12-28,NA,23.849998,NA,33.359997,49862.499,NA,NA,NA,NA,NA,827.9375,NA,0,NA,8.0625,NA,NA,NA,NA,NA,NA,NA,NA,NA
Daily,2019-12-29,NA,23.91,NA,33.379997,49843.75,NA,NA,NA,NA,NA,823.941406,NA,0,NA,8.0625,NA,NA,NA,NA,NA,NA,NA,NA,NA
Daily,2019-12-30,NA,23.9074995,NA,33.374998000000005,49924.999,NA,NA,NA,NA,NA,823.941406,NA,0,NA,8.065,NA,NA,NA,NA,NA,NA,NA,NA,NA
Daily,2019-12-31,NA,23.844999,NA,33.379997,49862.499,NA,NA,NA,NA,NA,823.9375,NA,0,NA,8.122499,NA,NA,NA,NA,NA,NA,NA,NA,NA
Daily,2020-01-01,NA,23.865,NA,NA,NA,NA,NA,NA,NA,NA,827.929687,NA,0,NA,NA,NA,NA,NA,NA,NA,NA,NA,NA,NA
Daily,2020-01-02,NA,23.8724995,NA,NA,NA,NA,NA,NA,NA,NA,827.933594,NA,0,NA,NA,NA,NA,NA,NA,NA,NA,NA,NA,NA
Daily,2020-01-03,NA,23.914999,NA,NA,NA,NA,NA,NA,NA,NA,827.933594,NA,0,NA,NA,1,0.03,0.4,1,NA,136,0.99,0,NA
Daily,2020-01-04,NA,23.91,NA,NA,NA,NA,NA,NA,NA,NA,827.933594,NA,0,NA,NA,NA,NA,NA,NA,NA,NA,NA,NA,NA
Daily,2020-01-05,NA,23.879999,NA,NA,NA,NA,NA,NA,NA,NA,831.933594,NA,0,NA,NA,NA,NA,NA,NA,NA,NA,NA,NA,NA
Daily,2020-01-06,NA,23.879999,NA,NA,NA,NA,NA,NA,NA,NA,831.935547,NA,0,NA,8.3025,NA,NA,NA,NA,NA,NA,NA,NA,NA
Daily,2020-01-07,NA,23.875,NA,NA,NA,NA,NA,NA,NA,NA,823.933594,NA,0,NA,8.294999,NA,NA,NA,NA,NA,NA,NA,NA,NA
Daily,2020-01-08,NA,23.839998,NA,NA,NA,NA,NA,NA,NA,NA,831.9375,NA,0,NA,8.2975,NA,NA,NA,NA,NA,NA,NA,NA,NA
Daily,2020-01-09,NA,23.875,NA,NA,51099.998,NA,NA,NA,NA,NA,835.933594,NA,0,NA,8.8025,NA,NA,NA,NA,NA,NA,NA,NA,NA
Daily,2020-01-10,NA,23.939999,NA,NA,51118.748,NA,NA,NA,NA,NA,635.941406,NA,0,NA,8.74,0,0,0.5,0.6,NA,135,1.63,0,NA
Daily,2020-01-11,NA,23.919998,NA,NA,51099.998,NA,NA,NA,NA,NA,667.941406,NA,0,NA,8.732499,NA,NA,NA,NA,NA,NA,NA,NA,NA
Daily,2020-01-12,NA,23.924999,NA,NA,51062.5,NA,NA,NA,NA,NA,687.933594,NA,0,NA,8.669999,NA,NA,NA,NA,NA,NA,NA,NA,NA
Daily,2020-01-13,NA,23.904999,NA,34.289997,51096.873999999996,NA,NA,NA,NA,NA,695.941406,NA,0,NA,8.615,NA,NA,NA,NA,NA,NA,NA,NA,NA
Daily,2020-01-14,NA,23.924999,NA,34.259998,51125,NA,NA,NA,NA,NA,699.941406,NA,0,NA,8.61,NA,NA,NA,NA,NA,NA,NA,NA,NA
Daily,2020-01-15,NA,23.904999,NA,NA,51112.499,NA,NA,NA,NA,NA,703.933594,NA,0,NA,8.669999,NA,NA,NA,NA,NA,NA,NA,NA,NA
Daily,2020-01-16,NA,23.799999,NA,34.259998,51106.247,NA,NA,NA,NA,NA,707.9375,NA,0,NA,8.669999,NA,NA,NA,NA,NA,NA,NA,NA,NA
Daily,2020-01-17,NA,23.884998,NA,34.139999,51106.247,NA,NA,NA,NA,NA,707.9375,NA,0,NA,8.669999,2,0.12,0.5,2.8,NA,135,1.63,0,NA
Daily,2020-01-18,NA,23.849998,NA,NA,51084.3735,NA,NA,NA,NA,NA,715.941406,NA,0,NA,8.5475,NA,NA,NA,NA,NA,NA,NA,NA,NA
Daily,2020-01-19,NA,23.83,NA,34.2699985,51099.998,NA,NA,NA,NA,NA,715.933594,NA,0,NA,8.6112495,NA,NA,NA,NA,NA,NA,NA,NA,NA
Daily,2020-01-20,NA,23.844999,NA,34.289997,51112.499,NA,NA,NA,NA,NA,723.941406,NA,0,NA,8.655,NA,NA,NA,NA,NA,NA,NA,NA,NA
Daily,2020-01-21,NA,23.794998,NA,34.25,51112.499,NA,NA,NA,NA,NA,727.941406,NA,0,NA,8.735,NA,NA,NA,NA,NA,NA,NA,NA,NA
Daily,2020-01-22,NA,23.794998,NA,34.289997,51137.497,NA,NA,NA,NA,NA,731.941406,NA,0,NA,8.73,NA,NA,NA,NA,NA,NA,NA,NA,NA
Daily,2020-01-23,NA,23.904999,NA,34.269997,51062.5,NA,NA,NA,NA,NA,731.941406,NA,0,NA,8.66,NA,NA,NA,NA,NA,NA,NA,NA,NA
Daily,2020-01-24,NA,23.82,NA,34.25,51068.748,NA,NA,NA,NA,NA,735.9375,NA,0,NA,8.6775,0,0.14,0.6,0.9,8.46,133,NA,0,NA
Daily,2020-01-25,NA,23.839998,NA,34.2749975,51125,NA,NA,NA,NA,NA,731.945312,NA,0,NA,8.679999,NA,NA,NA,NA,NA,NA,NA,NA,NA
Daily,2020-01-26,NA,23.839998,NA,NA,51074.997,NA,NA,NA,NA,NA,739.9375,NA,0,NA,8.732499,NA,NA,NA,NA,NA,NA,NA,NA,NA
Daily,2020-01-27,NA,23.775,NA,34.25,51125,NA,NA,NA,NA,NA,739.933594,NA,0,NA,8.745,NA,NA,NA,NA,NA,NA,NA,NA,NA
Daily,2020-01-28,NA,23.855,NA,34.259998,51081.249,NA,NA,NA,NA,NA,731.933594,NA,0,NA,8.799999,NA,NA,NA,NA,NA,NA,NA,NA,NA
Daily,2020-01-29,NA,23.844999,NA,34.279999,51081.249,NA,NA,NA,NA,NA,723.933594,NA,0,NA,8.8025,NA,NA,NA,NA,NA,NA,NA,NA,NA
Daily,2020-01-30,NA,23.839999,NA,34.259998,51087.498,NA,NA,NA,NA,NA,739.929687,NA,0,NA,8.8025,NA,NA,NA,NA,NA,NA,NA,NA,NA
Daily,2020-01-31,NA,23.849998,NA,34.279999,51118.748,NA,NA,NA,NA,NA,739.933594,NA,0,NA,8.8025,0,0,0.4,0.3,8.51,128,1.6,0,NA
Daily,2020-02-01,NA,23.834999,NA,34.419998,51118.748,NA,NA,NA,NA,NA,735.929687,NA,0,NA,8.8025,NA,NA,NA,NA,NA,NA,NA,NA,NA
Daily,2020-02-02,NA,23.855,NA,34.419998,51099.998,NA,NA,NA,NA,NA,731.9375,NA,0,NA,8.6775,NA,NA,NA,NA,NA,NA,NA,NA,NA
Daily,2020-02-03,NA,23.855,NA,34.389999,51093.75,NA,NA,NA,NA,NA,739.925781,NA,0,NA,8.735,NA,NA,NA,NA,NA,NA,NA,NA,NA
Daily,2020-02-04,NA,23.834999,NA,34.389999,51149.998,NA,NA,NA,NA,NA,739.933594,NA,0,NA,8.735,NA,NA,NA,NA,NA,NA,NA,NA,NA
Daily,2020-02-05,NA,23.855,NA,34.41,51174.999,NA,NA,NA,NA,NA,739.925781,NA,0,NA,8.749999500000001,NA,NA,NA,NA,NA,NA,NA,NA,NA
Daily,2020-02-06,NA,23.894999,NA,34.41,51162.498,NA,NA,NA,NA,NA,735.929688,NA,0,NA,8.737499,NA,NA,NA,NA,NA,NA,NA,NA,NA
Daily,2020-02-07,NA,23.839998,NA,34.41,51096.873999999996,NA,NA,NA,NA,NA,735.933594,NA,0,NA,8.674999,0,0.03,0.5,0.6,NA,NA,1.35,0,NA
Daily,2020-02-08,NA,23.839998,NA,34.41,51162.498,NA,NA,NA,NA,NA,735.933594,NA,0,NA,8.6775,NA,NA,NA,NA,NA,NA,NA,NA,NA
Daily,2020-02-09,NA,23.814999,NA,34.399998,51131.248,NA,NA,NA,NA,NA,739.929687,NA,0,NA,8.737499,NA,NA,NA,NA,NA,NA,NA,NA,NA
Daily,2020-02-10,NA,23.789999,NA,34.379997,51156.25,NA,NA,NA,NA,NA,739.929688,NA,0,NA,8.7975,NA,NA,NA,NA,NA,NA,NA,NA,NA
Daily,2020-02-11,NA,23.769999,NA,34.399998,51099.998,NA,NA,NA,NA,NA,739.929688,NA,0,NA,8.799999,NA,NA,NA,NA,NA,NA,NA,NA,NA
Daily,2020-02-12,NA,23.859999,NA,34.41,51149.998,NA,NA,NA,NA,NA,727.921875,NA,0,NA,NA,NA,NA,NA,NA,NA,NA,NA,NA,NA
Daily,2020-02-13,NA,23.889999,NA,34.399998,51143.749,NA,NA,NA,NA,NA,739.925781,NA,NA,NA,8.485,NA,NA,NA,NA,NA,NA,NA,NA,NA
Daily,2020-02-14,NA,23.842498499999998,NA,34.379997,51087.498,NA,NA,NA,NA,NA,739.9375,NA,NA,NA,8.5425,0,0,0.6,1,8.53,137,1.82,0,NA
Daily,2020-02-15,NA,23.849998,NA,34.369999,51143.749,NA,NA,NA,NA,NA,739.9375,NA,NA,NA,8.544999,NA,NA,NA,NA,NA,NA,NA,NA,NA
Daily,2020-02-16,NA,23.849998,NA,34.379997,51112.499,NA,NA,NA,NA,NA,739.9375,NA,NA,NA,8.544999,NA,NA,NA,NA,NA,NA,NA,NA,NA
Daily,2020-02-17,NA,23.889999,NA,34.379997,51125,NA,NA,NA,NA,NA,743.933594,NA,NA,NA,8.5475,NA,NA,NA,NA,NA,NA,NA,NA,NA
Daily,2020-02-18,NA,23.884998,NA,34.389999,51168.747,NA,NA,NA,NA,NA,743.933594,NA,NA,NA,8.61,NA,NA,NA,NA,NA,NA,NA,NA,NA
Daily,2020-02-19,NA,23.849998,NA,34.389999,51131.248,NA,NA,NA,NA,NA,743.933594,NA,NA,NA,8.5825,NA,NA,NA,NA,NA,NA,NA,NA,NA
Daily,2020-02-20,NA,23.849998,NA,34.389999,51087.498,NA,NA,NA,NA,NA,743.929687,NA,NA,NA,8.6725,NA,NA,NA,NA,NA,NA,NA,NA,NA
Daily,2020-02-21,NA,23.775,NA,34.459999,50849.998,NA,NA,NA,NA,NA,747.929688,NA,NA,NA,8.7,0,0.04,0.4,0.6,NA,134,NA,0.002,NA
Daily,2020-02-22,NA,23.779999,NA,34.459999,50843.75,NA,NA,NA,NA,NA,751.925781,NA,NA,NA,8.6375,NA,NA,NA,NA,NA,NA,NA,NA,NA
Daily,2020-02-23,NA,23.859999,NA,34.279999,51049.999,NA,NA,NA,NA,NA,739.925781,NA,NA,NA,8.709999,NA,NA,NA,NA,NA,NA,NA,NA,NA
Daily,2020-02-24,NA,23.91,NA,34.289997,51118.748,NA,NA,NA,NA,NA,739.9375,NA,NA,NA,8.645,NA,NA,NA,NA,NA,NA,NA,NA,NA
Daily,2020-02-25,NA,23.859999,NA,34.48,50937.5,NA,NA,NA,NA,NA,751.925781,NA,NA,NA,8.6425,NA,NA,NA,NA,NA,NA,NA,NA,NA
Daily,2020-02-26,NA,23.884998,NA,34.279999,51121.873999999996,NA,NA,NA,NA,NA,747.929687,NA,NA,NA,8.645,NA,NA,NA,NA,NA,NA,NA,NA,NA
Daily,2020-02-27,NA,23.884998,NA,34.289997,51143.749,NA,NA,NA,NA,NA,747.933594,NA,NA,NA,8.645,NA,NA,NA,NA,NA,NA,NA,NA,NA
Daily,2020-02-28,NA,23.82,NA,34.299999,51062.5,NA,NA,NA,NA,NA,747.933594,NA,NA,NA,8.652499,0,0.05,0.5,0.5,8.56,132,1.81,0.001,NA
Daily,2020-02-29,NA,23.834999,NA,34.339996,51131.248,NA,NA,NA,NA,NA,743.9375,NA,NA,NA,8.66,NA,NA,NA,NA,NA,NA,NA,NA,NA
Daily,2020-03-01,NA,23.794998,NA,34.369999,51093.75,NA,NA,NA,NA,NA,739.9375,NA,NA,NA,8.73,NA,NA,NA,NA,NA,NA,NA,NA,NA
Daily,2020-03-02,NA,23.775,NA,34.379997,51131.248,NA,NA,NA,NA,NA,743.9375,NA,NA,NA,8.735,NA,NA,NA,NA,NA,NA,NA,NA,NA
Daily,2020-03-03,NA,23.8024985,NA,34.369999,51143.749,NA,NA,NA,NA,NA,743.9375,NA,NA,NA,8.745,NA,NA,NA,NA,NA,NA,NA,NA,NA
Daily,2020-03-04,NA,23.875,NA,34.339996,51112.499,NA,NA,NA,NA,NA,743.929687,NA,NA,NA,8.785,NA,NA,NA,NA,NA,NA,NA,NA,NA
Daily,2020-03-05,NA,23.894999,NA,34.339996,51103.1225,NA,NA,NA,NA,NA,743.929687,NA,NA,NA,8.78,NA,NA,NA,NA,NA,NA,NA,NA,NA
Daily,2020-03-06,NA,23.91,NA,34.309998,51168.747,NA,NA,NA,NA,NA,743.929688,NA,NA,NA,8.803749499999999,0,0.05,0.7,1.2,8.57,130,NA,0.003,NA
Daily,2020-03-07,NA,23.929998,NA,34.339996,51112.499,NA,NA,NA,NA,NA,747.925781,NA,NA,NA,8.8375,NA,NA,NA,NA,NA,NA,NA,NA,NA
Daily,2020-03-08,NA,23.849998,NA,34.299999,51131.248,NA,NA,NA,NA,NA,743.933594,NA,NA,NA,8.7762495,NA,NA,NA,NA,NA,NA,NA,NA,NA
Daily,2020-03-09,NA,23.91,NA,34.32,51081.249,NA,NA,NA,NA,NA,747.925781,NA,NA,NA,8.782499,NA,NA,NA,NA,NA,NA,NA,NA,NA
Daily,2020-03-10,NA,23.849998,NA,34.299999,51106.247,NA,NA,NA,NA,NA,751.929687,NA,NA,NA,8.78,NA,NA,NA,NA,NA,NA,NA,NA,NA
Daily,2020-03-11,NA,23.889999,NA,34.309998,51137.497,NA,NA,NA,NA,NA,735.933594,NA,NA,NA,8.5925,NA,NA,NA,NA,NA,NA,NA,NA,NA
Daily,2020-03-12,NA,23.832499499999997,NA,34.299999,51137.497,NA,NA,NA,NA,NA,743.9296875,NA,NA,NA,8.577499,NA,NA,NA,NA,NA,NA,NA,NA,NA
Daily,2020-03-13,NA,23.855,NA,34.329998,51143.749,NA,NA,NA,NA,NA,743.931641,NA,NA,NA,8.612499,0,0.02,0.5,1.2,NA,131,NA,0.008,NA
Daily,2020-03-14,NA,23.9,NA,34.349998,51068.748,NA,NA,NA,NA,NA,747.921875,NA,NA,NA,8.655,NA,NA,NA,NA,NA,NA,NA,NA,NA
Daily,2020-03-15,NA,23.8824985,NA,34.339996,51093.75,NA,NA,NA,NA,NA,743.9375,NA,NA,NA,8.655,NA,NA,NA,NA,NA,NA,NA,NA,NA
Daily,2020-03-16,NA,23.929998,NA,34.339996,51156.25,NA,NA,NA,NA,NA,739.933594,NA,NA,NA,8.5925,NA,NA,NA,NA,NA,NA,NA,NA,NA
Daily,2020-03-17,NA,23.8624995,NA,34.329998,51099.998,NA,NA,NA,NA,NA,739.933594,NA,NA,NA,8.66,NA,NA,NA,NA,NA,NA,NA,NA,NA
Daily,2020-03-18,NA,23.834999,NA,34.329998,51074.997,NA,NA,NA,NA,NA,731.941406,NA,NA,NA,8.7225,NA,NA,NA,NA,NA,NA,NA,NA,NA
Daily,2020-03-19,NA,23.894999,NA,34.349998,51093.75,NA,NA,NA,NA,NA,735.9375,NA,NA,NA,8.785,NA,NA,NA,NA,NA,NA,NA,NA,NA
Daily,2020-03-20,NA,23.9,NA,34.359997,51131.248,NA,NA,NA,NA,NA,743.925781,NA,NA,NA,8.724999,0,0.04,1.1,1.2,8.17,134,1.41,0.002,NA
Daily,2020-03-21,NA,23.945,NA,34.339996,51125,NA,NA,NA,NA,NA,745.9296875,NA,NA,NA,8.66,NA,NA,NA,NA,NA,NA,NA,NA,NA
Daily,2020-03-22,NA,23.879999,NA,34.359997,51112.499,NA,NA,NA,NA,NA,747.933594,NA,NA,NA,8.662499,NA,NA,NA,NA,NA,NA,NA,NA,NA
Daily,2020-03-23,NA,23.945,NA,34.329998,51084.3735,NA,NA,NA,NA,NA,743.929687,NA,NA,NA,8.695,NA,NA,NA,NA,NA,NA,NA,NA,NA
Daily,2020-03-24,NA,23.974998,NA,34.329998,51168.747,NA,NA,NA,NA,NA,743.925781,NA,NA,NA,8.594999,NA,NA,NA,NA,NA,NA,NA,NA,NA
Daily,2020-03-25,NA,23.984999,NA,34.32,51193.748,NA,NA,NA,NA,NA,743.925781,NA,NA,NA,8.662499,NA,NA,NA,NA,NA,NA,NA,NA,NA
Daily,2020-03-26,NA,23.839998,NA,34.339996,51187.5,NA,NA,NA,NA,NA,743.933594,NA,NA,NA,8.662499,NA,NA,NA,NA,NA,NA,NA,NA,NA
Daily,2020-03-27,NA,23.839998,NA,34.359997,51162.498,NA,NA,NA,NA,NA,751.933594,NA,NA,NA,8.66,NA,NA,NA,NA,NA,NA,NA,NA,NA
Daily,2020-03-28,NA,23.964998,NA,34.339996,51087.498,NA,NA,NA,NA,NA,751.929688,NA,NA,NA,8.665,0,0.07,0.6,0.8,8.18,132,1.26,0,NA
Daily,2020-03-29,NA,23.945,NA,34.349998,51143.749,NA,NA,NA,NA,NA,747.933594,NA,NA,NA,8.662499,NA,NA,NA,NA,NA,NA,NA,NA,NA
Daily,2020-03-30,NA,23.99,NA,34.369999,51218.75,NA,NA,NA,NA,NA,743.921875,NA,NA,NA,8.7225,NA,NA,NA,NA,NA,NA,NA,NA,NA
Daily,2020-03-31,NA,23.949999,NA,34.41,51074.997,NA,NA,NA,NA,NA,747.917969,NA,NA,NA,8.714999,NA,NA,NA,NA,NA,NA,NA,NA,NA
Daily,2020-04-01,NA,24,NA,34.329998,51118.748,NA,NA,NA,NA,NA,743.921875,NA,NA,NA,8.724999,NA,NA,NA,NA,NA,NA,NA,NA,NA
Daily,2020-04-02,NA,24,NA,34.359997,51203.12300000001,NA,NA,NA,NA,NA,743.921875,NA,NA,NA,8.78,NA,NA,NA,NA,NA,NA,NA,NA,NA
Daily,2020-04-03,NA,23.98,NA,34.339996,51162.498,NA,NA,NA,NA,NA,743.921875,NA,NA,NA,8.782499,0,0.03,0.5,0.9,8.23,NA,NA,0.003,NA
Daily,2020-04-04,NA,23.934999,NA,34.349998,51131.248,NA,NA,NA,NA,NA,747.917969,NA,NA,NA,8.78,NA,NA,NA,NA,NA,NA,NA,NA,NA
Daily,2020-04-05,NA,23.959999,NA,34.32,51125,NA,NA,NA,NA,NA,747.925781,NA,NA,NA,8.66,NA,NA,NA,NA,NA,NA,NA,NA,NA
Daily,2020-04-06,NA,23.9474995,NA,34.329998,51140.62300000001,NA,NA,NA,NA,NA,747.927734,NA,NA,NA,8.7175,NA,NA,NA,NA,NA,NA,NA,NA,NA
Daily,2020-04-07,NA,23.959999,NA,34.309998,51162.498,NA,NA,NA,NA,NA,747.921875,NA,NA,NA,8.743749000000001,NA,NA,NA,NA,NA,NA,NA,NA,NA
Daily,2020-04-08,NA,23.934999,NA,34.329998,51112.499,NA,NA,NA,NA,NA,751.917969,NA,NA,NA,8.775,NA,NA,NA,NA,NA,NA,NA,NA,NA
Daily,2020-04-09,NA,23.955,NA,34.299999,51087.498,NA,NA,NA,NA,NA,747.921875,NA,NA,NA,8.777499,NA,NA,NA,NA,NA,NA,NA,NA,NA
Daily,2020-04-10,NA,23.934999,NA,34.329998,51168.747,NA,NA,NA,NA,NA,747.916016,NA,NA,NA,8.775,0,0.02,0.6,NA,8.26,150,1.7,0.003,NA
Daily,2020-04-11,NA,23.894999,NA,34.289997,51087.498,NA,NA,NA,NA,NA,743.929687,NA,NA,NA,8.777499,NA,NA,NA,NA,NA,NA,NA,NA,NA
Daily,2020-04-12,NA,23.914999,NA,34.32,51084.3735,NA,NA,NA,NA,NA,743.933594,NA,NA,NA,8.777499,NA,NA,NA,NA,NA,NA,NA,NA,NA
Daily,2020-04-13,NA,23.934999,NA,34.324999000000005,51059.373999999996,NA,NA,NA,NA,NA,743.925781,NA,NA,NA,8.77,NA,NA,NA,NA,NA,NA,NA,NA,NA
Daily,2020-04-14,NA,23.75,NA,34.359997,50906.25,NA,NA,NA,NA,NA,743.919922,NA,NA,NA,8.772499,NA,NA,NA,NA,NA,NA,NA,NA,NA
Daily,2020-04-15,NA,23.974998,NA,34.349998,51103.1225,NA,NA,NA,NA,NA,735.925781,NA,NA,NA,8.772499,NA,NA,NA,NA,NA,NA,NA,NA,NA
Daily,2020-04-16,NA,24,NA,34.299999,51193.748,NA,NA,NA,NA,NA,743.917969,NA,NA,NA,8.714999,NA,NA,NA,NA,NA,NA,NA,NA,NA
Daily,2020-04-17,NA,23.839998,NA,34.349998,50981.2485,NA,NA,NA,NA,NA,747.933594,NA,NA,NA,8.647499,2,0.02,0.5,1,8.28,147,1.64,0.012,NA
Daily,2020-04-18,NA,23.544998,NA,34.369999,50668.747,NA,NA,NA,NA,NA,751.941406,NA,NA,NA,8.709999,NA,NA,NA,NA,NA,NA,NA,NA,NA
Daily,2020-04-19,NA,23.4874995,NA,34.289997,50553.1235,NA,NA,NA,NA,NA,747.957031,NA,NA,NA,8.772499,NA,NA,NA,NA,NA,NA,NA,NA,NA
Daily,2020-04-20,NA,24.044998,NA,34.41,51068.748,NA,NA,NA,NA,NA,739.923828,NA,NA,NA,8.737499,NA,NA,NA,NA,NA,NA,NA,NA,NA
Daily,2020-04-21,NA,23.955,NA,34.309998,51187.5,NA,NA,NA,NA,NA,743.917969,NA,NA,NA,8.77,NA,NA,NA,NA,NA,NA,NA,NA,NA
Daily,2020-04-22,NA,23.894999,NA,34.339996,51000,NA,NA,NA,NA,NA,743.929688,NA,NA,NA,8.77,NA,NA,NA,NA,NA,NA,NA,NA,NA
Daily,2020-04-23,NA,23.889999,NA,34.429996,50937.5,NA,NA,NA,NA,NA,743.921875,NA,NA,NA,8.7675,NA,NA,NA,NA,NA,NA,NA,NA,NA
Daily,2020-04-24,NA,24.019999,NA,34.429996,50956.249,NA,NA,NA,NA,NA,743.910156,NA,NA,NA,8.7525,NA,NA,NA,NA,NA,NA,NA,NA,NA
Daily,2020-04-25,NA,24.119999,NA,34.289997,51065.6225,NA,NA,NA,NA,NA,735.917969,NA,NA,NA,8.7712495,0,0.02,0.6,0.7,8.25,128,1.78,0.001,NA
Daily,2020-04-26,NA,24.129999,NA,34.349998,51143.749,NA,NA,NA,NA,NA,731.921875,NA,NA,NA,8.702499,NA,NA,NA,NA,NA,NA,NA,NA,NA
Daily,2020-04-27,NA,24.189999,NA,34.389999,51299.999,NA,NA,NA,NA,NA,735.904297,NA,NA,NA,8.7,NA,NA,NA,NA,NA,NA,NA,NA,NA
Daily,2020-04-28,NA,24.089998,NA,34.299999,51156.25,NA,NA,NA,NA,NA,735.917969,NA,NA,NA,8.7,NA,NA,NA,NA,NA,NA,NA,NA,NA
Daily,2020-04-29,NA,23.914999,NA,34.289997,51037.498,NA,NA,NA,NA,NA,731.925781,NA,NA,NA,8.7625,NA,NA,NA,NA,NA,NA,NA,NA,NA
Daily,2020-04-30,NA,23.939999,NA,34.289997,51068.748,NA,NA,NA,NA,NA,735.929688,NA,NA,NA,8.7,NA,NA,NA,NA,NA,NA,NA,NA,NA
Daily,2020-05-01,NA,24.025,NA,34.309998,51143.749,NA,NA,NA,NA,NA,739.914062,NA,NA,NA,8.657499,0,0,0.6,1.1,8.29,132,1.82,0.007,NA
Daily,2020-05-02,NA,24.07,NA,34.379997,51231.247,NA,NA,NA,NA,NA,743.910156,NA,NA,NA,8.639999,NA,NA,NA,NA,NA,NA,NA,NA,NA
Daily,2020-05-03,NA,24.074999,NA,34.374998000000005,51168.747,NA,NA,NA,NA,NA,747.921875,NA,NA,NA,8.634999,NA,NA,NA,NA,NA,NA,NA,NA,NA
Daily,2020-05-04,NA,24.004999,NA,34.429996,50990.6235,NA,NA,NA,NA,NA,739.921875,NA,NA,NA,8.6825,NA,NA,NA,NA,NA,NA,NA,NA,NA
Daily,2020-05-05,NA,23.98,NA,34.294998,51099.998,NA,NA,NA,NA,NA,739.921875,NA,NA,NA,8.7,NA,NA,NA,NA,NA,NA,NA,NA,NA
Daily,2020-05-06,NA,23.919998,NA,34.279999,51081.249,NA,NA,NA,NA,NA,751.929687,NA,NA,NA,8.692499,NA,NA,NA,NA,NA,NA,NA,NA,NA
Daily,2020-05-07,NA,23.919998,NA,34.279999,51106.2485,NA,NA,NA,NA,NA,747.929687,NA,NA,NA,8.697499,NA,NA,NA,NA,NA,NA,NA,NA,NA
Daily,2020-05-08,NA,23.9,NA,34.299999,50993.748,NA,NA,NA,NA,NA,747.929687,NA,NA,NA,8.6375,0,0.03,NA,NA,8.08,132,0.63,0,NA
Daily,2020-05-09,NA,23.904999,NA,34.294998,51024.998,NA,NA,NA,NA,NA,751.925781,NA,NA,NA,8.6962495,NA,NA,NA,NA,NA,NA,NA,NA,NA
Daily,2020-05-10,NA,23.879999,NA,34.429996,50978.1225,NA,NA,NA,NA,NA,743.929687,NA,NA,NA,8.697499,NA,NA,NA,NA,NA,NA,NA,NA,NA
Daily,2020-05-11,NA,23.879999,NA,34.309998,50965.623999999996,NA,NA,NA,NA,NA,743.921875,NA,NA,NA,8.634999,NA,NA,NA,NA,NA,NA,NA,NA,NA
Daily,2020-05-12,NA,23.91,NA,34.299999,51012.497,NA,NA,NA,NA,NA,731.925781,NA,NA,NA,8.572499,NA,NA,NA,NA,NA,NA,NA,NA,NA
Daily,2020-05-13,NA,23.914999,NA,34.359997,51024.998,NA,NA,NA,NA,NA,715.933594,NA,NA,NA,8.7575,NA,NA,NA,NA,NA,NA,NA,NA,NA
Daily,2020-05-14,NA,23.865,NA,34.449997,50943.748,NA,NA,NA,NA,NA,739.933594,NA,NA,NA,8.639999,NA,NA,NA,NA,NA,NA,NA,NA,NA
Daily,2020-05-15,NA,23.924999,NA,34.299999,51000,NA,NA,NA,NA,NA,747.933594,NA,NA,NA,8.6375,0,0.07,0.5,0.7,8.05,124,1.04,0,NA
Daily,2020-05-16,NA,23.879999,NA,34.299999,50981.247,NA,NA,NA,NA,NA,747.933594,NA,NA,NA,8.6375,NA,NA,NA,NA,NA,NA,NA,NA,NA
Daily,2020-05-17,NA,23.924999,NA,34.309998,51068.748,NA,NA,NA,NA,NA,743.9375,NA,NA,NA,8.634999,NA,NA,NA,NA,NA,NA,NA,NA,NA
Daily,2020-05-18,NA,23.99,NA,34.429996,51006.248,NA,NA,NA,NA,NA,743.929687,NA,NA,NA,8.634999,NA,NA,NA,NA,NA,NA,NA,NA,NA
Daily,2020-05-19,NA,23.945,NA,34.279999,51074.997,NA,NA,NA,NA,NA,739.921875,NA,NA,NA,8.572499,NA,NA,NA,NA,NA,NA,NA,NA,NA
Daily,2020-05-20,NA,23.904999,NA,34.079998,50893.749,NA,NA,NA,NA,NA,719.949219,NA,NA,NA,8.485,NA,NA,NA,NA,NA,NA,NA,NA,NA
Daily,2020-05-21,NA,23.879998999999998,NA,34.07,50750,NA,NA,NA,NA,NA,735.929688,NA,NA,NA,8.7225,NA,NA,NA,NA,NA,NA,NA,NA,NA
Daily,2020-05-22,NA,23.894999,NA,34.094997,50824.997,NA,NA,NA,NA,NA,735.933594,NA,NA,NA,8.745,NA,0.05,0.7,0.8,8.32,122,0.78,0,NA
Daily,2020-05-23,NA,23.884998,NA,34.109997,50837.498,NA,NA,NA,NA,NA,739.929688,NA,NA,NA,8.7025,NA,NA,NA,NA,NA,NA,NA,NA,NA
Daily,2020-05-24,NA,23.9,NA,34.079998,50868.749500000005,NA,NA,NA,NA,NA,735.929688,NA,NA,NA,8.724999,NA,NA,NA,NA,NA,NA,NA,NA,NA
Daily,2020-05-25,NA,23.9449985,NA,34.179996,50862.499,NA,NA,NA,NA,NA,735.923828,NA,NA,NA,8.7525,NA,NA,NA,NA,NA,NA,NA,NA,NA
Daily,2020-05-26,NA,23.98,NA,34.079998,50921.87300000001,NA,NA,NA,NA,NA,735.9121095,NA,NA,NA,8.737499,NA,NA,NA,NA,NA,NA,NA,NA,NA
Daily,2020-05-27,NA,24.019999,NA,34.129997,50899.998,NA,NA,NA,NA,NA,735.921875,NA,NA,NA,8.7275,NA,NA,NA,NA,NA,NA,NA,NA,NA
Daily,2020-05-28,NA,23.959999,NA,34.109997,50918.7485,NA,NA,NA,NA,NA,727.914063,NA,NA,NA,8.73,NA,NA,NA,NA,NA,NA,NA,NA,NA
Daily,2020-05-29,NA,23.939999,NA,34.059998,50849.998,NA,NA,NA,NA,NA,707.933594,NA,NA,NA,8.735,0,0.08,0.8,2.1,8.56,112,0.67,0,NA
Daily,2020-05-30,NA,23.914999,NA,34.129997,50856.247,NA,NA,NA,NA,NA,719.929687,NA,NA,NA,8.70625,NA,NA,NA,NA,NA,NA,NA,NA,NA
Daily,2020-05-31,NA,23.917499499999998,NA,34.099998,50837.498,NA,NA,NA,NA,NA,731.921875,NA,NA,NA,8.6725,NA,NA,NA,NA,NA,NA,NA,NA,NA
Daily,2020-06-01,NA,NA,NA,34.139999,50868.748,NA,NA,NA,NA,NA,735.933594,NA,NA,NA,8.674999,NA,NA,NA,NA,NA,NA,NA,NA,NA
Daily,2020-06-02,NA,NA,NA,34.189999,50987.499,NA,NA,NA,NA,NA,731.929687,NA,NA,NA,8.669999,NA,NA,NA,NA,NA,NA,NA,NA,NA
Daily,2020-06-03,NA,NA,NA,34.129997,50890.62300000001,NA,NA,NA,NA,NA,739.916016,NA,NA,NA,8.679999,NA,NA,NA,NA,NA,NA,NA,NA,NA
Daily,2020-06-04,NA,24.504999,NA,34.209999,51524.998,NA,NA,NA,NA,NA,739.890625,NA,NA,NA,8.69,NA,NA,NA,NA,NA,NA,NA,NA,NA
Daily,2020-06-05,NA,24.464998,NA,34.289997,51606.247,NA,NA,NA,NA,NA,743.894531,NA,NA,NA,8.629999,0,0.02,0.9,2.1,8.32,123,0.47,0.003,NA
Daily,2020-06-06,NA,24.474998,NA,34.309998,51543.747,NA,NA,NA,NA,NA,743.894531,NA,NA,NA,8.66625,NA,NA,NA,NA,NA,NA,NA,NA,NA
Daily,2020-06-07,NA,24.474998,NA,34.349998,51562.5,NA,NA,NA,NA,NA,735.898438,NA,NA,NA,8.322499,NA,NA,NA,NA,NA,NA,NA,NA,NA
Daily,2020-06-08,NA,24.449999,NA,34.339996,51509.3725,NA,NA,NA,NA,NA,751.896484,NA,NA,NA,8.6325,NA,NA,NA,NA,NA,NA,NA,NA,NA
Daily,2020-06-09,NA,24.509998,NA,34.349998,51643.749,NA,NA,NA,NA,NA,747.894531,NA,NA,NA,8.6425,NA,NA,NA,NA,NA,NA,NA,NA,NA
Daily,2020-06-10,NA,24.919998,NA,34.309998,52049.999,NA,NA,NA,NA,NA,739.867188,NA,NA,NA,8.705,NA,NA,NA,NA,NA,NA,NA,NA,NA
Daily,2020-06-11,NA,25.025,NA,34.149998,52093.75,NA,NA,NA,NA,NA,739.863281,NA,NA,NA,8.7,NA,NA,NA,NA,NA,NA,NA,NA,NA
Daily,2020-06-12,NA,25.019999,NA,34.309998,52153.123999999996,NA,NA,NA,NA,NA,743.859375,NA,NA,NA,8.692499,0,0.04,0.8,1,8.27,124,0.52,0.004,NA
Daily,2020-06-13,NA,25.004999,NA,34.309998,52125,NA,NA,NA,NA,NA,743.863281,NA,NA,NA,8.7,NA,NA,NA,NA,NA,NA,NA,NA,NA
Daily,2020-06-14,NA,24.917499499999998,NA,34.209999,51921.87300000001,NA,NA,NA,NA,NA,743.882812,NA,NA,NA,8.6775,NA,NA,NA,NA,NA,NA,NA,NA,NA
Daily,2020-06-15,NA,24.894999,NA,34.32,51918.747,NA,NA,NA,NA,NA,727.867187,NA,NA,NA,8.702499,NA,NA,NA,NA,NA,NA,NA,NA,NA
Daily,2020-06-16,NA,25.025,NA,34.169998,52049.999,NA,NA,NA,NA,NA,727.859375,NA,NA,NA,8.684999,NA,NA,NA,NA,NA,NA,NA,NA,NA
Daily,2020-06-17,NA,25.009998,NA,34.259998,52087.498,NA,NA,NA,NA,NA,743.855469,NA,NA,NA,8.612499,NA,NA,NA,NA,NA,NA,NA,NA,NA
Daily,2020-06-18,NA,25.019999,NA,34.299999,52099.998,NA,NA,NA,NA,NA,747.863281,NA,NA,NA,8.623749499999999,NA,NA,NA,NA,NA,NA,NA,NA,NA
Daily,2020-06-19,NA,25.009998,NA,34.349998,52125,NA,NA,NA,NA,NA,751.859375,NA,NA,NA,8.6275,0,0.06,0.7,0.9,NA,108,0.49,0,NA
Daily,2020-06-20,NA,25.029999,NA,34.289997,52093.75,NA,NA,NA,NA,NA,747.867188,NA,NA,NA,8.6325,NA,NA,NA,NA,NA,NA,NA,NA,NA
Daily,2020-06-21,NA,25.029999,NA,34.279999,52118.748,NA,NA,NA,NA,NA,747.867188,NA,NA,NA,8.629999,NA,NA,NA,NA,NA,NA,NA,NA,NA
Daily,2020-06-22,NA,25.025,NA,34.339996,52149.998,NA,NA,NA,NA,NA,755.8671875,NA,NA,NA,8.634999,NA,NA,NA,NA,NA,NA,NA,NA,NA
Daily,2020-06-23,NA,25.019999,NA,34.219997,52062.5,NA,NA,NA,NA,NA,755.859375,NA,NA,NA,8.634999,NA,NA,NA,NA,NA,NA,NA,NA,NA
Daily,2020-06-24,NA,24.974998,NA,34.209999,52021.8735,NA,NA,NA,NA,NA,747.859375,NA,NA,NA,8.645,NA,NA,NA,NA,NA,NA,NA,NA,NA
Daily,2020-06-25,NA,25.025,NA,34.149998,51878.123999999996,NA,NA,NA,NA,NA,751.867187,NA,NA,NA,8.5475,NA,NA,NA,NA,NA,NA,NA,NA,NA
Daily,2020-06-26,NA,24.969999,NA,34.029999,51921.87300000001,NA,NA,NA,NA,NA,743.871094,NA,NA,NA,8.5625,0,0.04,0.7,1,8.27,126,0.4,0,NA
Daily,2020-06-27,NA,25.014999,NA,33.629997,51012.497,NA,NA,NA,NA,NA,747.875,NA,NA,NA,8.5575,NA,NA,NA,NA,NA,NA,NA,NA,NA
Daily,2020-06-28,NA,25.014999,NA,33.66,51065.623999999996,NA,NA,NA,NA,NA,751.878906,NA,NA,NA,8.5625,NA,NA,NA,NA,NA,NA,NA,NA,NA
Daily,2020-06-29,NA,25.035,NA,33.739998,51243.748,NA,NA,NA,NA,NA,751.878906,NA,NA,NA,8.5825,NA,NA,NA,NA,NA,NA,NA,NA,NA
Daily,2020-06-30,NA,25.037499500000003,NA,34.094997,52034.373999999996,NA,NA,NA,NA,NA,747.875,NA,NA,NA,8.615,NA,NA,NA,NA,NA,NA,NA,NA,NA
Daily,2020-07-01,NA,25.035,NA,34.169998,52043.747,NA,NA,NA,NA,NA,755.867187,NA,NA,NA,8.554999,NA,NA,NA,NA,NA,NA,NA,NA,NA
Daily,2020-07-02,NA,25.039999,NA,34.089996,52081.249,NA,NA,NA,NA,NA,739.875,NA,NA,NA,8.5575,NA,NA,NA,NA,NA,NA,NA,NA,NA
Daily,2020-07-03,NA,25.014999,NA,34.07,52093.75,NA,NA,NA,NA,NA,743.867187,NA,NA,NA,8.554999,0,0.01,0.7,0.6,8.28,128,0.41,0,NA
Daily,2020-07-04,NA,25.074999,NA,34.07,52168.747,NA,NA,NA,NA,NA,751.863281,NA,NA,NA,8.559999,NA,NA,NA,NA,NA,NA,NA,NA,NA
Daily,2020-07-05,NA,25.054998,NA,34.299999,52134.3725,NA,NA,NA,NA,NA,747.863281,NA,NA,NA,8.257499,NA,NA,NA,NA,NA,NA,NA,NA,NA
Daily,2020-07-06,NA,25.049999,NA,34.164998999999995,52043.747,NA,NA,NA,NA,NA,751.867187,NA,NA,NA,8.48,NA,NA,NA,NA,NA,NA,NA,NA,NA
Daily,2020-07-07,NA,25.099998,NA,34.3949985,52174.999,NA,NA,NA,NA,NA,755.853516,NA,NA,NA,8.5787495,NA,NA,NA,NA,NA,NA,NA,NA,NA
Daily,2020-07-08,NA,25.119999,NA,34.419998,52149.998,NA,NA,NA,NA,NA,755.855469,NA,NA,NA,8.5175,NA,NA,NA,NA,NA,NA,NA,NA,NA
Daily,2020-07-09,NA,25.099998,NA,34.449997,52196.8725,NA,NA,NA,NA,NA,751.863281,NA,NA,NA,8.52,NA,NA,NA,NA,NA,NA,NA,NA,NA
Daily,2020-07-10,NA,25.099998,NA,34.399998,52168.7485,NA,NA,NA,NA,NA,755.859375,NA,NA,NA,8.532499,0,0.05,1.1,1.8,NA,135,0.46,0.022,NA
Daily,2020-07-11,NA,25.08,NA,34.389999,52103.1225,NA,NA,NA,NA,NA,751.863281,NA,NA,NA,8.522499,NA,NA,NA,NA,NA,NA,NA,NA,NA
Daily,2020-07-12,NA,25.029999,NA,34.209999,52093.75,NA,NA,NA,NA,NA,735.871094,NA,NA,NA,8.6325,NA,NA,NA,NA,NA,NA,NA,NA,NA
Daily,2020-07-13,NA,25.074999,NA,34.179996,51943.748,NA,NA,NA,NA,NA,743.867188,NA,NA,NA,8.5925,NA,NA,NA,NA,NA,NA,NA,NA,NA
Daily,2020-07-14,NA,25.039999,NA,34.339996,52168.747,NA,NA,NA,NA,NA,751.859375,NA,NA,NA,8.527499,NA,NA,NA,NA,NA,NA,NA,NA,NA
Daily,2020-07-15,NA,25.049999,NA,34.089996,52018.749,NA,NA,NA,NA,NA,747.867187,NA,NA,NA,8.525,NA,NA,NA,NA,NA,NA,NA,NA,NA
Daily,2020-07-16,NA,25.054998,NA,34.379997,52162.498,NA,NA,NA,NA,NA,739.867187,NA,NA,NA,8.3325,NA,NA,NA,NA,NA,NA,NA,NA,NA
Daily,2020-07-17,NA,25.039999,NA,34.329998,52168.747,NA,NA,NA,NA,NA,747.875,NA,NA,NA,8.464999,0,0.11,0.8,1,NA,122,0.52,0,NA
Daily,2020-07-18,NA,25.054998,NA,34.419998,52149.998,NA,NA,NA,NA,NA,743.875,NA,NA,NA,8.5175,NA,NA,NA,NA,NA,NA,NA,NA,NA
Daily,2020-07-19,NA,25.035,NA,34.41,52112.499,NA,NA,NA,NA,NA,735.890625,NA,NA,NA,8.202499,NA,NA,NA,NA,NA,NA,NA,NA,NA
Daily,2020-07-20,NA,25.064999,NA,34.469997,52199.997,NA,NA,NA,NA,NA,731.878906,NA,NA,NA,8.16,NA,NA,NA,NA,NA,NA,NA,NA,NA
Daily,2020-07-21,NA,25.084999,NA,34.32,52331.249,NA,NA,NA,NA,NA,735.878906,NA,NA,NA,8.429999,NA,NA,NA,NA,NA,NA,NA,NA,NA
Daily,2020-07-22,NA,25.049999,NA,34.379997,52231.247,NA,NA,NA,NA,NA,755.865234,NA,NA,NA,8.3475,NA,NA,NA,NA,NA,NA,NA,NA,NA
Daily,2020-07-23,NA,25.009998,NA,34.469997,52096.873999999996,NA,NA,NA,NA,NA,763.886719,NA,NA,NA,8.402499,NA,NA,NA,NA,NA,NA,NA,NA,NA
Daily,2020-07-24,NA,24.99,NA,34.389999,52178.1235,NA,NA,NA,NA,NA,755.875,NA,NA,NA,8.402499,0,0,0.6,0.5,NA,127,0.62,0,NA
Daily,2020-07-25,NA,25.044998,NA,34.314999,52309.373999999996,NA,NA,NA,NA,NA,751.875,NA,NA,NA,8.4737495,NA,NA,NA,NA,NA,NA,NA,NA,NA
Daily,2020-07-26,NA,25.029999,NA,34.324999000000005,52246.873999999996,NA,NA,NA,NA,NA,751.871094,NA,NA,NA,8.2137495,NA,NA,NA,NA,NA,NA,NA,NA,NA
Daily,2020-07-27,NA,25.025,NA,34.369999,52068.748,NA,NA,NA,NA,NA,763.863281,NA,NA,NA,8.44,NA,NA,NA,NA,NA,NA,NA,NA,NA
Daily,2020-07-28,NA,25.089998,NA,34.429996,52168.747,NA,NA,NA,NA,NA,759.871094,NA,NA,NA,8.3875,NA,NA,NA,NA,NA,NA,NA,NA,NA
Daily,2020-07-29,NA,25.064999,NA,34.399998,52112.499,NA,NA,NA,NA,NA,759.875,NA,NA,NA,8.3875,NA,NA,NA,NA,NA,NA,NA,NA,NA
Daily,2020-07-30,NA,25.054998,NA,34.329998,52137.497,NA,NA,NA,NA,NA,759.871094,NA,NA,NA,8.247499,NA,NA,NA,NA,NA,NA,NA,NA,NA
Daily,2020-07-31,NA,25.044998,NA,34.359997,52137.497,NA,NA,NA,NA,NA,763.871094,NA,NA,NA,8.3787495,0,0.05,0.4,0.3,8.23,NA,0.52,0.033,NA
Daily,2020-08-01,NA,25.044998,NA,34.059998,52018.749,NA,NA,NA,NA,NA,755.875,NA,NA,NA,8.469999,NA,NA,NA,NA,NA,NA,NA,NA,NA
Daily,2020-08-02,NA,25.044998,NA,34.059998,51943.748,NA,NA,NA,NA,NA,751.871094,NA,NA,NA,8.485,NA,NA,NA,NA,NA,NA,NA,NA,NA
Daily,2020-08-03,NA,25.044998,NA,34.059998,52006.248,NA,NA,NA,NA,NA,755.875,NA,NA,NA,8.474999,NA,NA,NA,NA,NA,NA,NA,NA,NA
Daily,2020-08-04,NA,25.059999,NA,34.23,52037.498,NA,NA,NA,NA,NA,763.875,NA,NA,NA,8.447499,NA,NA,NA,NA,NA,NA,NA,NA,NA
Daily,2020-08-05,NA,25.064999,NA,34.169998,51974.9985,NA,NA,NA,NA,NA,751.878906,NA,NA,NA,8.442499,NA,NA,NA,NA,NA,NA,NA,NA,NA
Daily,2020-08-06,NA,25.044998,NA,34.099998,52099.998,NA,NA,NA,NA,NA,747.878906,NA,NA,NA,8.287499,NA,NA,NA,NA,NA,NA,NA,NA,NA
Daily,2020-08-07,NA,25.08,NA,34.1749995,52074.9985,NA,NA,NA,NA,NA,751.871094,NA,NA,NA,8.509999,0,0.01,0.7,1.3,8.29,126,0.31,0.032,NA
Daily,2020-08-08,NA,25.074999,NA,34.189999,51912.498,NA,NA,NA,NA,NA,747.875,NA,NA,NA,8.4175,NA,NA,NA,NA,NA,NA,NA,NA,NA
Daily,2020-08-09,NA,25.049999,NA,34.239998,52112.499,NA,NA,NA,NA,NA,751.878906,NA,NA,NA,8.304999,NA,NA,NA,NA,NA,NA,NA,NA,NA
Daily,2020-08-10,NA,25.059999,NA,34.1849975,51906.25,NA,NA,NA,NA,NA,743.886719,NA,NA,NA,8.4675,NA,NA,NA,NA,NA,NA,NA,NA,NA
Daily,2020-08-11,NA,25.07,NA,34.239998,52087.498,NA,NA,NA,NA,NA,739.867188,NA,NA,NA,8.504999,NA,NA,NA,NA,NA,NA,NA,NA,NA
Daily,2020-08-12,NA,25.094999,NA,34.07,51996.873999999996,NA,NA,NA,NA,NA,735.875,NA,NA,NA,8.6025,NA,NA,NA,NA,NA,NA,NA,NA,NA
Daily,2020-08-13,NA,25.059999,NA,34.074999000000005,52074.997,NA,NA,NA,NA,NA,727.875,NA,NA,NA,8.482499,NA,NA,NA,NA,NA,NA,NA,NA,NA
Daily,2020-08-14,NA,25.064999,NA,34.379997,52118.748,NA,NA,NA,NA,NA,739.875,NA,NA,NA,8.2575,0,0,1.7,1.6,NA,126,0.31,0.033,NA
Daily,2020-08-15,NA,25.0724995,NA,34.109997,51993.749500000005,NA,NA,NA,NA,NA,735.882813,NA,NA,NA,8.4437495,NA,NA,NA,NA,NA,NA,NA,NA,NA
Daily,2020-08-16,NA,25.044998,NA,34.32,52112.499,NA,NA,NA,NA,NA,735.871094,NA,NA,NA,8.447499,NA,NA,NA,NA,NA,NA,NA,NA,NA
Daily,2020-08-17,NA,25.019999,NA,34.259998499999995,52056.248,NA,NA,NA,NA,NA,731.875,NA,NA,NA,8.299999,NA,NA,NA,NA,NA,NA,NA,NA,NA
Daily,2020-08-18,NA,25.07,NA,34.389999,52131.248,NA,NA,NA,NA,NA,747.871094,NA,NA,NA,8.389999,NA,NA,NA,NA,NA,NA,NA,NA,NA
Daily,2020-08-19,NA,25.07,NA,34.349998,52112.499,NA,NA,NA,NA,NA,743.875,NA,NA,NA,8.395,NA,NA,NA,NA,NA,NA,NA,NA,NA
Daily,2020-08-20,NA,25.07,NA,34.059998,52093.75,NA,NA,NA,NA,NA,743.871094,NA,NA,NA,8.375,NA,NA,NA,NA,NA,NA,NA,NA,NA
Daily,2020-08-21,NA,25.029999,NA,34.239998,52106.247,NA,NA,NA,NA,NA,735.878906,NA,NA,NA,8.195,0,0.02,1.3,1.6,NA,123,0.44,0,NA
Daily,2020-08-22,NA,25.07,NA,34.07,51943.748,NA,NA,NA,NA,NA,735.871094,NA,NA,NA,8.3862495,NA,NA,NA,NA,NA,NA,NA,NA,NA
Daily,2020-08-23,NA,25.07,NA,34.169998,52000,NA,NA,NA,NA,NA,739.869141,NA,NA,NA,8.407499,NA,NA,NA,NA,NA,NA,NA,NA,NA
Daily,2020-08-24,NA,25.044998,NA,34.16,52074.997,NA,NA,NA,NA,NA,719.875,NA,NA,NA,8.459999,NA,NA,NA,NA,NA,NA,NA,NA,NA
Daily,2020-08-25,NA,25.07,NA,34.019997,51956.249,NA,NA,NA,NA,NA,727.871094,NA,NA,NA,8.415,NA,NA,NA,NA,NA,NA,NA,NA,NA
Daily,2020-08-26,NA,25.059999,NA,34.359997,52081.249,NA,NA,NA,NA,NA,735.878906,NA,NA,NA,8.1875,NA,NA,NA,NA,NA,NA,NA,NA,NA
Daily,2020-08-27,NA,25.035,NA,34.41,52125,NA,NA,NA,NA,NA,747.871094,NA,NA,NA,8.262499,NA,NA,NA,NA,NA,NA,NA,NA,NA
Daily,2020-08-28,NA,25.049999,NA,34.379997,52149.998,NA,NA,NA,NA,NA,743.875,NA,NA,NA,8.23,0,0.15,1.7,1.7,8.23,130,0.41,0.003,NA
Daily,2020-08-29,NA,25.064999,NA,34.339996,52081.249,NA,NA,NA,NA,NA,743.875,NA,NA,NA,8.192499,NA,NA,NA,NA,NA,NA,NA,NA,NA
Daily,2020-08-30,NA,25.039999,NA,34.379997,52093.75,NA,NA,NA,NA,NA,745.8808595,NA,NA,NA,8.214999,NA,NA,NA,NA,NA,NA,NA,NA,NA
Daily,2020-08-31,NA,25.059999,NA,34.329998,52081.249,NA,NA,NA,NA,NA,743.878906,NA,NA,NA,8.2575,NA,NA,NA,NA,NA,NA,NA,NA,NA
Daily,2020-09-01,NA,25.044998,NA,34.2249985,52068.748,NA,NA,NA,NA,NA,735.882813,NA,NA,NA,8.202499,NA,NA,NA,NA,NA,NA,NA,NA,NA
Daily,2020-09-02,NA,25.0574985,NA,34.239998,52049.999,NA,NA,NA,NA,NA,739.878906,NA,NA,NA,8.27,NA,NA,NA,NA,NA,NA,NA,NA,NA
Daily,2020-09-03,NA,25.054998,NA,34.119999,52018.749,NA,NA,NA,NA,NA,739.867188,NA,NA,NA,8.2575,NA,NA,NA,NA,NA,NA,NA,NA,NA
Daily,2020-09-04,NA,25.059999,NA,34.379997,52081.249,NA,NA,NA,NA,NA,743.859375,NA,NA,NA,8.3025,NA,0.02,1.5,1.3,NA,134,0.02,0,NA
Daily,2020-09-05,NA,25.054998,NA,34.349998,52125,NA,NA,NA,NA,NA,747.875,NA,NA,NA,8.299999,NA,NA,NA,NA,NA,NA,NA,NA,NA
Daily,2020-09-06,NA,25.07,NA,34.199997,52062.5,NA,NA,NA,NA,NA,759.863281,NA,NA,NA,8.3787495,NA,NA,NA,NA,NA,NA,NA,NA,NA
Daily,2020-09-07,NA,25.049999,NA,34.239998,52118.748,NA,NA,NA,NA,NA,755.878906,NA,NA,NA,8.397499,NA,NA,NA,NA,NA,NA,NA,NA,NA
Daily,2020-09-08,NA,25.029999,NA,34.089996,52156.25,NA,NA,NA,NA,NA,763.878906,NA,NA,NA,8.384999,NA,NA,NA,NA,NA,NA,NA,NA,NA
Daily,2020-09-09,NA,24.964998,NA,34.32,52125,NA,NA,NA,NA,NA,767.886719,NA,NA,NA,8.3825,NA,NA,NA,NA,NA,NA,NA,NA,NA
Daily,2020-09-10,NA,24.945,NA,34.139999,52012.497,NA,NA,NA,NA,NA,771.871094,NA,NA,NA,8.419999,NA,NA,NA,NA,NA,NA,NA,NA,NA
Daily,2020-09-11,NA,24.945,NA,34.189999,51849.9985,NA,NA,NA,NA,NA,771.890625,NA,NA,NA,8.3925,0,0.05,1.7,2.3,NA,121,0.29,0,NA
Daily,2020-09-12,NA,24.99,NA,34.219997,51981.247,NA,NA,NA,NA,NA,771.878906,NA,NA,NA,8.367499,NA,NA,NA,NA,NA,NA,NA,NA,NA
Daily,2020-09-13,NA,25,NA,34.23,52015.62300000001,NA,NA,NA,NA,NA,763.886719,NA,NA,NA,8.1875,NA,NA,NA,NA,NA,NA,NA,NA,NA
Daily,2020-09-14,NA,24.945,NA,34.109997,51887.497,NA,NA,NA,NA,NA,767.878906,NA,NA,NA,8.192499,NA,NA,NA,NA,NA,NA,NA,NA,NA
Daily,2020-09-15,NA,25.07,NA,34.299999,52087.498,NA,NA,NA,NA,NA,767.882813,NA,NA,NA,8.375,NA,NA,NA,NA,NA,NA,NA,NA,NA
Daily,2020-09-16,NA,24.924999,NA,34.329998,51837.498,NA,NA,NA,NA,NA,779.894531,NA,NA,NA,8.254999,NA,NA,NA,NA,NA,NA,NA,NA,NA
Daily,2020-09-17,NA,25.049999,NA,34.359997,52099.998,NA,NA,NA,NA,NA,775.871094,NA,NA,NA,8.3812495,NA,NA,NA,NA,NA,NA,NA,NA,NA
Daily,2020-09-18,NA,24.964998,NA,34.25,52143.749,NA,NA,NA,NA,NA,771.886719,NA,NA,NA,8.412499,0,0.02,1.5,1.8,8.27,117,0.37,0,NA
Daily,2020-09-19,NA,25.025,NA,34.099998,51787.498,NA,NA,NA,NA,NA,771.882812,NA,NA,NA,8.407499,NA,NA,NA,NA,NA,NA,NA,NA,NA
Daily,2020-09-20,NA,25.029999,NA,34.25,52074.997,NA,NA,NA,NA,NA,775.875,NA,NA,NA,8.379999,NA,NA,NA,NA,NA,NA,NA,NA,NA
Daily,2020-09-21,NA,25.019999,NA,34.23,52049.999,NA,NA,NA,NA,NA,771.886719,NA,NA,NA,8.3775,NA,NA,NA,NA,NA,NA,NA,NA,NA
Daily,2020-09-22,NA,25.054998,NA,34.16,51956.249,NA,NA,NA,NA,NA,775.875,NA,NA,NA,8.412499,NA,NA,NA,NA,NA,NA,NA,NA,NA
Daily,2020-09-23,NA,25.07,NA,34.079998,52090.623999999996,NA,NA,NA,NA,NA,777.873047,NA,NA,NA,8.405,NA,NA,NA,NA,NA,NA,NA,NA,NA
Daily,2020-09-24,NA,25.07,NA,34.119999,51887.497,NA,NA,NA,NA,NA,775.871094,NA,NA,NA,8.36,NA,NA,NA,NA,NA,NA,NA,NA,NA
Daily,2020-09-25,NA,25.014999,NA,34.059998,51837.498,NA,NA,NA,NA,NA,767.882812,NA,NA,NA,8.287499,0,0.01,1.3,1.8,NA,102,0.41,0,NA
Daily,2020-09-26,NA,25.0074985,NA,34.139999,51887.497,NA,NA,NA,NA,NA,771.878906,NA,NA,NA,8.174999,NA,NA,NA,NA,NA,NA,NA,NA,NA
Daily,2020-09-27,NA,24.984999,NA,34.16,51681.248,NA,NA,NA,NA,NA,767.882813,NA,NA,NA,8.2,NA,NA,NA,NA,NA,NA,NA,NA,NA
Daily,2020-09-28,NA,25,NA,34.079998,51837.498,NA,NA,NA,NA,NA,771.871094,NA,NA,NA,8.282499,NA,NA,NA,NA,NA,NA,NA,NA,NA
Daily,2020-09-29,NA,25.009998,NA,34.109997,51771.8735,NA,NA,NA,NA,NA,767.875,NA,NA,NA,8.3325,NA,NA,NA,NA,NA,NA,NA,NA,NA
Daily,2020-09-30,NA,25,NA,33.999998000000005,51618.748,NA,NA,NA,NA,NA,771.878906,NA,NA,NA,8.283749499999999,NA,NA,NA,NA,NA,NA,NA,NA,NA
Daily,2020-10-01,NA,25.009998,NA,34.039997,51774.998,NA,NA,NA,NA,NA,775.871094,NA,NA,NA,8.272499,NA,NA,NA,NA,NA,NA,NA,NA,NA
Daily,2020-10-02,NA,24.99,NA,34.029999,51818.748,NA,NA,NA,NA,NA,775.875,NA,NA,NA,8.3925,0,0.19,1.4,1.6,8.28,103,0.33,0,NA
Daily,2020-10-03,NA,24.945,NA,34.099998,51843.75,NA,NA,NA,NA,NA,771.878906,NA,NA,NA,8.41,NA,NA,NA,NA,NA,NA,NA,NA,NA
Daily,2020-10-04,NA,24.974998,NA,34.039997,51678.1235,NA,NA,NA,NA,NA,755.875,NA,NA,NA,8.504999,NA,NA,NA,NA,NA,NA,NA,NA,NA
Daily,2020-10-05,NA,24.984999,NA,34.019997,51687.5,NA,NA,NA,NA,NA,759.878906,NA,NA,NA,8.452499,NA,NA,NA,NA,NA,NA,NA,NA,NA
Daily,2020-10-06,NA,24.974998499999998,NA,34.039997,51812.5,NA,NA,NA,NA,NA,755.875,NA,NA,NA,8.399999000000001,NA,NA,NA,NA,NA,NA,NA,NA,NA
Daily,2020-10-07,NA,24.984999,NA,34.079998,51799.999,NA,NA,NA,NA,NA,763.871094,NA,NA,NA,8.402499,NA,NA,NA,NA,NA,NA,NA,NA,NA
Daily,2020-10-08,NA,24.984999,NA,33.969997,51656.25,NA,NA,NA,NA,NA,763.871094,NA,NA,NA,8.474999,NA,NA,NA,NA,NA,NA,NA,NA,NA
Daily,2020-10-09,NA,24.959999,NA,34,51674.999,NA,NA,NA,NA,NA,763.871094,NA,NA,NA,8.4575,0,0.05,1.2,2,8.22,114,0.36,0.05,NA
Daily,2020-10-10,NA,24.99,NA,34.049999,51768.749,NA,NA,NA,NA,NA,767.875,NA,NA,NA,8.389999,NA,NA,NA,NA,NA,NA,NA,NA,NA
Daily,2020-10-11,NA,24.964998,NA,33.889999,51637.497,NA,NA,NA,NA,NA,763.871094,NA,NA,NA,8.117499,NA,NA,NA,NA,NA,NA,NA,NA,NA
Daily,2020-10-12,NA,24.959999,NA,33.839996,51634.3725,NA,NA,NA,NA,NA,771.878906,NA,NA,NA,8.254999,NA,NA,NA,NA,NA,NA,NA,NA,NA
Daily,2020-10-13,NA,24.964998,NA,34.039997,51649.998,NA,NA,NA,NA,NA,767.875,NA,NA,NA,8.327499,NA,NA,NA,NA,NA,NA,NA,NA,NA
Daily,2020-10-14,NA,24.964998,NA,33.66,51168.747,NA,NA,NA,NA,NA,751.882812,NA,NA,NA,8.1275,NA,NA,NA,NA,NA,NA,NA,NA,NA
Daily,2020-10-15,NA,24.964998,NA,33.599998,51203.12300000001,NA,NA,NA,NA,NA,767.886719,NA,NA,NA,8.179999,NA,NA,NA,NA,NA,NA,NA,NA,NA
Daily,2020-10-16,NA,24.98,NA,33.519997,51262.497,NA,NA,NA,NA,NA,747.910156,NA,NA,NA,8.272499,0,0,NA,2.5,8.27,116,0.38,0.007,NA
Daily,2020-10-17,NA,24.977499,NA,33.509998,51284.373999999996,NA,NA,NA,NA,NA,771.898437,NA,NA,NA,8.28,NA,NA,NA,NA,NA,NA,NA,NA,NA
Daily,2020-10-18,NA,24.964998,NA,33.5,51118.748,NA,NA,NA,NA,NA,771.892578,NA,NA,NA,8.309999,NA,NA,NA,NA,NA,NA,NA,NA,NA
Daily,2020-10-19,NA,24.955,NA,34.07,51649.998,NA,NA,NA,NA,NA,771.898437,NA,NA,NA,8.304999,NA,NA,NA,NA,NA,NA,NA,NA,NA
Daily,2020-10-20,NA,24.969999,NA,33.889999,51643.749,NA,NA,NA,NA,NA,767.910156,NA,NA,NA,8.3125,NA,NA,NA,NA,NA,NA,NA,NA,NA
Daily,2020-10-21,NA,24.994999,NA,34.189999,51568.748,NA,NA,NA,NA,NA,767.894531,NA,NA,NA,8.2925,NA,NA,NA,NA,NA,NA,NA,NA,NA
Daily,2020-10-22,NA,24.974998,NA,34.169998,51649.998,NA,NA,NA,NA,NA,771.886719,NA,NA,NA,8.235,NA,NA,NA,NA,NA,NA,NA,NA,NA
Daily,2020-10-23,NA,24.994999,NA,34.169998,51715.623999999996,NA,NA,NA,NA,NA,767.875,NA,NA,NA,8.315,0,0.17,1.6,2.2,8.15,119,0.36,0,NA
Daily,2020-10-24,NA,24.949999,NA,34.179996,51668.747,NA,NA,NA,NA,NA,755.890625,NA,NA,NA,8.37,NA,NA,NA,NA,NA,NA,NA,NA,NA
Daily,2020-10-25,NA,24.91,NA,33.839996,51543.747,NA,NA,NA,NA,NA,763.882813,NA,NA,NA,8.317499,NA,NA,NA,NA,NA,NA,NA,NA,NA
Daily,2020-10-26,NA,24.945,NA,33.839996,51593.75,NA,NA,NA,NA,NA,771.886719,NA,NA,NA,8.094999,NA,NA,NA,NA,NA,NA,NA,NA,NA
Daily,2020-10-27,NA,24.969999,NA,34.009998,51612.499,NA,NA,NA,NA,NA,783.882812,NA,NA,NA,8.346249499999999,NA,NA,NA,NA,NA,NA,NA,NA,NA
Daily,2020-10-28,NA,24.934999,NA,34.094997,51625,NA,NA,NA,NA,NA,779.878906,NA,NA,NA,8.3124995,NA,NA,NA,NA,NA,NA,NA,NA,NA
Daily,2020-10-29,NA,24.959999,NA,33.799999,51612.499,NA,NA,NA,NA,NA,775.882812,NA,NA,NA,8.287499,NA,NA,NA,NA,NA,NA,NA,NA,NA
Daily,2020-10-30,NA,24.949999,NA,33.789997,51596.873999999996,NA,NA,NA,NA,NA,763.886719,NA,NA,NA,8.287499,0,0.05,1.3,1.3,8.18,130,0.36,0.015,NA
Daily,2020-10-31,NA,24.974998,NA,33.929996,51631.248,NA,NA,NA,NA,NA,759.896484,NA,NA,NA,8.365,NA,NA,NA,NA,NA,NA,NA,NA,NA
Daily,2020-11-01,NA,24.914999,NA,34.169998,51574.997,NA,NA,NA,NA,NA,775.890625,NA,NA,NA,8.2525,NA,NA,NA,NA,NA,NA,NA,NA,NA
Daily,2020-11-02,NA,24.959999,NA,33.854997499999996,51556.248,NA,NA,NA,NA,NA,779.882812,NA,NA,NA,8.12,NA,NA,NA,NA,NA,NA,NA,NA,NA
Daily,2020-11-03,NA,24.994999,NA,33.529999,51081.249,NA,NA,NA,NA,NA,779.882812,NA,NA,NA,8.327499,NA,NA,NA,NA,NA,NA,NA,NA,NA
Daily,2020-11-04,NA,24.969999,NA,33.399998,50824.997,NA,NA,NA,NA,NA,775.878906,NA,NA,NA,8.327499,NA,NA,NA,NA,NA,NA,NA,NA,NA
Daily,2020-11-05,NA,24.914999,NA,33.349998,50818.748,NA,NA,NA,NA,NA,771.882812,NA,NA,NA,8.282499,NA,NA,NA,NA,NA,NA,NA,NA,NA
Daily,2020-11-06,NA,24.914999,NA,33.289997,50643.749,NA,NA,NA,NA,NA,763.8828125,NA,NA,NA,8.2762495,0,0.09,0.9,1.2,8.19,132,0.48,0,NA
Daily,2020-11-07,NA,24.894999,NA,32.929996,50087.498,NA,NA,NA,NA,NA,779.882813,NA,NA,NA,8.2675,NA,NA,NA,NA,NA,NA,NA,NA,NA
Daily,2020-11-08,NA,24.959999,NA,32.904999,50312.5,NA,NA,NA,NA,NA,783.884766,NA,NA,NA,8.205,NA,NA,NA,NA,NA,NA,NA,NA,NA
Daily,2020-11-09,NA,24.9324985,NA,32.734999,49971.873999999996,NA,NA,NA,NA,NA,775.882813,NA,NA,NA,7.94,NA,NA,NA,NA,NA,NA,NA,NA,NA
Daily,2020-11-10,NA,24.959999,NA,32.574999000000005,49853.1225,NA,NA,NA,NA,NA,775.875,NA,NA,NA,8.0462495,NA,NA,NA,NA,NA,NA,NA,NA,NA
Daily,2020-11-11,NA,24.98,NA,32.039997,49093.75,NA,NA,NA,NA,NA,775.873047,NA,NA,NA,8.27,NA,NA,NA,NA,NA,NA,NA,NA,NA
Daily,2020-11-12,NA,24.984999,NA,32.849998,50056.248,NA,NA,NA,NA,NA,779.871094,NA,NA,NA,8.1687495,NA,NA,NA,NA,NA,NA,NA,NA,NA
Daily,2020-11-13,NA,24.914999,NA,32.669998,49587.498,NA,NA,NA,NA,NA,779.875,NA,NA,NA,8.259999,0,NA,0.9,0.9,NA,133,0.55,0,NA
Daily,2020-11-14,NA,24.964999,NA,32.469997,49706.249,NA,NA,NA,NA,NA,771.882813,NA,NA,NA,8.2525,NA,NA,NA,NA,NA,NA,NA,NA,NA
Daily,2020-11-15,NA,24.964998,NA,32.359997,49562.5,NA,NA,NA,NA,NA,779.878906,NA,NA,NA,8.1875,NA,NA,NA,NA,NA,NA,NA,NA,NA
Daily,2020-11-16,NA,25.025,NA,31.514999,47762.497,NA,NA,NA,NA,NA,775.875,NA,NA,NA,8.219999,NA,NA,NA,NA,NA,NA,NA,NA,NA
Daily,2020-11-17,NA,25.004999,NA,NA,NA,NA,NA,NA,NA,NA,771.882812,NA,NA,NA,8.20625,NA,NA,NA,NA,NA,NA,NA,NA,NA
Daily,2020-11-18,NA,24.99,NA,33.589996,51093.75,NA,NA,NA,NA,NA,771.886719,NA,NA,NA,7.9475,NA,NA,NA,NA,NA,NA,NA,NA,NA
Daily,2020-11-19,NA,24.974998,NA,33.5,51006.248,NA,NA,NA,NA,NA,767.882813,NA,NA,NA,7.96125,NA,NA,NA,NA,NA,NA,NA,NA,NA
Daily,2020-11-20,NA,24.959999,NA,33.559998,51078.12300000001,NA,NA,NA,NA,NA,755.882813,NA,NA,NA,7.98875,0,0.11,1.5,NA,8.14,NA,0.91,0,NA
Daily,2020-11-23,NA,24.974998,NA,33.889999,51546.87300000001,NA,NA,NA,NA,NA,779.886719,NA,NA,NA,8.0575,NA,NA,NA,NA,NA,NA,NA,NA,NA
Daily,2020-11-24,NA,24.889999,NA,33.859997,51390.62300000001,NA,NA,NA,NA,NA,779.882812,NA,NA,NA,8.0912495,NA,NA,NA,NA,NA,NA,NA,NA,NA
Daily,2020-11-25,NA,24.924999,NA,33.919998,51593.75,NA,NA,NA,NA,NA,767.8828125,NA,NA,NA,8.115,NA,NA,NA,NA,NA,NA,NA,NA,NA
Daily,2020-11-26,NA,24.969999,NA,34.029999,51631.248,NA,NA,NA,NA,NA,755.8828125,NA,NA,NA,8.125,NA,NA,NA,NA,NA,NA,NA,NA,NA
Daily,2020-11-27,NA,24.929998,NA,34.009998,51637.497,NA,NA,NA,NA,NA,763.886719,NA,NA,NA,8.129999,0,0.1,0.9,0.7,8.13,126,0.56,0,NA
Daily,2020-11-28,NA,24.964998,NA,34.009998,51646.8735,NA,NA,NA,NA,NA,751.882813,NA,NA,NA,8.1375,NA,NA,NA,NA,NA,NA,NA,NA,NA
Daily,2020-11-29,NA,24.964998,NA,33.879997,51531.25,NA,NA,NA,NA,NA,747.890625,NA,NA,NA,8.145,NA,NA,NA,NA,NA,NA,NA,NA,NA
Daily,2020-11-30,NA,24.984999,NA,34.149998,51649.998,NA,NA,NA,NA,NA,751.890625,NA,NA,NA,8.134999,NA,NA,NA,NA,NA,NA,NA,NA,NA
Daily,2020-12-01,NA,24.939999,NA,33.91,51615.6235,NA,NA,NA,NA,NA,771.873047,NA,NA,NA,8.232499,NA,NA,NA,NA,NA,NA,NA,NA,NA
Daily,2020-12-02,NA,24.959999,NA,33.939999,51649.998,NA,NA,NA,NA,NA,763.8828125,NA,NA,NA,8.214999,NA,NA,NA,NA,NA,NA,NA,NA,NA
Daily,2020-12-03,NA,24.959999,NA,33.994999,51578.123,NA,NA,NA,NA,NA,743.876953,NA,NA,NA,8.197499,NA,NA,NA,NA,NA,NA,NA,NA,NA
Daily,2020-12-04,NA,24.955,NA,34.309998,52024.998,NA,NA,NA,NA,NA,731.882812,NA,NA,NA,8.2575,0,0.19,1.4,1.2,8.07,129,0.61,0.016,NA
Daily,2020-12-05,NA,24.929998,NA,34.109997,51824.997,NA,NA,NA,NA,NA,755.869141,NA,NA,NA,8.1675,NA,NA,NA,NA,NA,NA,NA,NA,NA
Daily,2020-12-06,NA,24.959999,NA,34.16,51868.748,NA,NA,NA,NA,NA,779.882812,NA,NA,NA,8.27,NA,NA,NA,NA,NA,NA,NA,NA,NA
Daily,2020-12-07,NA,24.9,NA,33.969997,51556.248,NA,NA,NA,NA,NA,779.882812,NA,NA,NA,8.275,NA,NA,NA,NA,NA,NA,NA,NA,NA
Daily,2020-12-08,NA,24.959999,NA,33.939999,51456.249,NA,NA,NA,NA,NA,779.871094,NA,NA,NA,8.237499,NA,NA,NA,NA,NA,NA,NA,NA,NA
Daily,2020-12-09,NA,24.939999,NA,34.019997,51637.497,NA,NA,NA,NA,NA,779.882813,NA,NA,NA,8.202499,NA,NA,NA,NA,NA,NA,NA,NA,NA
Daily,2020-12-10,NA,24.919998,NA,34.209999,51687.5,NA,NA,NA,NA,NA,783.882813,NA,NA,NA,8.197499,NA,NA,NA,NA,NA,NA,NA,NA,NA
Daily,2020-12-11,NA,24.984999,NA,34.039997,51699.997,NA,NA,NA,NA,NA,779.878906,NA,NA,NA,8.192499,0,0,NA,1.3,8.09,131,0.77,0,NA
Daily,2020-12-12,NA,24.974998,NA,33.929996,51593.75,NA,NA,NA,NA,NA,775.878906,NA,NA,NA,8.179999,NA,NA,NA,NA,NA,NA,NA,NA,NA
Daily,2020-12-13,NA,24.939999,NA,33.899998,51543.747,NA,NA,NA,NA,NA,767.867187,NA,NA,NA,8.2,NA,NA,NA,NA,NA,NA,NA,NA,NA
Daily,2020-12-14,NA,24.959999,NA,33.6399975,51156.25,NA,NA,NA,NA,NA,767.886719,NA,NA,NA,8.205,NA,NA,NA,NA,NA,NA,NA,NA,NA
Daily,2020-12-15,NA,24.959999,NA,33.309998,50875,NA,NA,NA,NA,NA,763.873047,NA,NA,NA,8.264999,NA,NA,NA,NA,NA,NA,NA,NA,NA
Daily,2020-12-16,NA,24.969999,NA,33.969997,51574.997,NA,NA,NA,NA,NA,751.886719,NA,NA,NA,8.315,NA,NA,NA,NA,NA,NA,NA,NA,NA
Daily,2020-12-17,NA,24.969999,NA,33.91,51625,NA,NA,NA,NA,NA,751.882813,NA,NA,NA,8.325,NA,NA,NA,NA,NA,NA,NA,NA,NA
Daily,2020-12-18,NA,24.969999,NA,33.709999,51293.7485,NA,NA,NA,NA,NA,747.886719,NA,NA,NA,8.355,0,0,1.1,2.1,8.1,126,0.51,0.003,NA
Daily,2020-12-19,NA,24.929998,NA,33.879997,51518.749,NA,NA,NA,NA,NA,739.882813,NA,NA,NA,8.327499,NA,NA,NA,NA,NA,NA,NA,NA,NA
Daily,2020-12-20,NA,24.91,NA,33.809998,51531.25,NA,NA,NA,NA,NA,735.878906,NA,NA,NA,8.3375,NA,NA,NA,NA,NA,NA,NA,NA,NA
Daily,2020-12-21,NA,24.9449985,NA,34.029999,51737.499,NA,NA,NA,NA,NA,739.878906,NA,NA,NA,8.339999,NA,NA,NA,NA,NA,NA,NA,NA,NA
Daily,2020-12-22,NA,24.929998,NA,33.82,51415.624500000005,NA,NA,NA,NA,NA,735.878906,NA,NA,NA,8.3475,NA,NA,NA,NA,NA,NA,NA,NA,NA
Daily,2020-12-23,NA,24.994999,NA,33.809998,51456.249,NA,NA,NA,NA,NA,731.886719,NA,NA,NA,8.3125,NA,NA,NA,NA,NA,NA,NA,NA,NA
Daily,2020-12-24,NA,24.889999,NA,33.619999,51256.248,NA,NA,NA,NA,NA,735.886719,NA,NA,NA,8.3287495,NA,NA,NA,NA,NA,NA,NA,NA,NA
Daily,2020-12-25,NA,24.924999,NA,34.0149975,51712.498,NA,NA,NA,NA,NA,735.894531,NA,NA,NA,8.3124995,0,0.11,1.1,0.9,8.07,128,0.78,0.003,NA
Daily,2020-12-26,NA,24.929998,NA,34.089996,51912.498,NA,NA,NA,NA,NA,739.882812,NA,NA,NA,8.084999,NA,NA,NA,NA,NA,NA,NA,NA,NA
Daily,2020-12-27,NA,24.9274985,NA,34.07,51912.498,NA,NA,NA,NA,NA,739.890625,NA,NA,NA,8.1325,NA,NA,NA,NA,NA,NA,NA,NA,NA
Daily,2020-12-28,NA,24.924999,NA,34.104997499999996,51868.748,NA,NA,NA,NA,NA,739.890625,NA,NA,NA,8.155,NA,NA,NA,NA,NA,NA,NA,NA,NA
Daily,2020-12-29,NA,24.934999,NA,34.109997,51668.748999999996,NA,NA,NA,NA,NA,735.890625,NA,NA,NA,8.169999,NA,NA,NA,NA,NA,NA,NA,NA,NA
Daily,2020-12-30,NA,24.894999,NA,33.879997,51500,NA,NA,NA,NA,NA,731.898437,NA,NA,NA,8.28,NA,NA,NA,NA,NA,NA,NA,NA,NA
Daily,2020-12-31,NA,24.894999,NA,33.959999,51490.6235,NA,NA,NA,NA,NA,735.886719,NA,NA,NA,8.2787495,NA,NA,NA,NA,NA,NA,NA,NA,NA
Daily,2021-01-01,NA,24.98,NA,33.719997,51353.1225,NA,NA,NA,NA,NA,743.902344,NA,NA,NA,8.2525,0,0.13,1.1,2.1,8.07,118,0.58,0,NA
Daily,2021-01-02,NA,24.98,NA,33.839996,51637.497,NA,NA,NA,NA,NA,747.894531,NA,NA,NA,8.219999,NA,NA,NA,NA,NA,NA,NA,NA,NA
Daily,2021-01-03,NA,24.959999,NA,33.889999,51562.5,NA,NA,NA,NA,NA,747.894531,NA,NA,NA,8.23,NA,NA,NA,NA,NA,NA,NA,NA,NA
Daily,2021-01-04,NA,24.98,NA,33.929996,51631.248,NA,NA,NA,NA,NA,743.890625,NA,NA,NA,8.252499499999999,NA,NA,NA,NA,NA,NA,NA,NA,NA
Daily,2021-01-05,NA,24.98,NA,33.949997,51643.749,NA,NA,NA,NA,NA,743.886719,NA,NA,NA,8.2575,NA,NA,NA,NA,NA,NA,NA,NA,NA
Daily,2021-01-06,NA,24.974998,NA,33.869999,51618.748,NA,NA,NA,NA,NA,747.890625,NA,NA,NA,8.28,NA,NA,NA,NA,NA,NA,NA,NA,NA
Daily,2021-01-07,NA,24.994999,NA,33.889999,51593.75,NA,NA,NA,NA,NA,747.890625,NA,NA,NA,8.3075,NA,NA,NA,NA,NA,NA,NA,NA,NA
Daily,2021-01-08,NA,24.939999,NA,33.929998499999996,51618.748,NA,NA,NA,NA,NA,743.894531,NA,NA,NA,8.237499,0,0,1.4,2.1,8.11,127,0.79,0,NA
Daily,2021-01-09,NA,24.934999,NA,33.839996,51674.999,NA,NA,NA,NA,NA,743.890625,NA,NA,NA,8.282499,NA,NA,NA,NA,NA,NA,NA,NA,NA
Daily,2021-01-10,NA,24.994999,NA,34.059998,51681.248,NA,NA,NA,NA,NA,739.890625,NA,NA,NA,8.2675,NA,NA,NA,NA,NA,NA,NA,NA,NA
Daily,2021-01-11,NA,24.969999,NA,33.854997499999996,51518.749,NA,NA,NA,NA,NA,735.890625,NA,NA,NA,8.3325,NA,NA,NA,NA,NA,NA,NA,NA,NA
Daily,2021-01-12,NA,24.969999,NA,33.98,51599.998,NA,NA,NA,NA,NA,731.894531,NA,NA,NA,8.344999,NA,NA,NA,NA,NA,NA,NA,NA,NA
Daily,2021-01-13,NA,24.974998,NA,33.989998,51618.748,NA,NA,NA,NA,NA,735.890625,NA,NA,NA,8.219999,NA,NA,NA,NA,NA,NA,NA,NA,NA
Daily,2021-01-14,NA,24.994999,NA,33.939999,51606.247,NA,NA,NA,NA,NA,739.871094,NA,NA,NA,8.29,NA,NA,NA,NA,NA,NA,NA,NA,NA
Daily,2021-01-15,NA,24.934999,NA,34.07,51768.749,NA,NA,NA,NA,NA,739.871094,NA,NA,NA,8.277499,0,0.05,0.8,1.5,8.14,NA,0.72,0,NA
Daily,2021-01-16,NA,24.914999,NA,34.079998,51793.747,NA,NA,NA,NA,NA,739.886719,NA,NA,NA,8.282499,NA,NA,NA,NA,NA,NA,NA,NA,NA
Daily,2021-01-17,NA,24.945,NA,34.029999,51756.248,NA,NA,NA,NA,NA,723.882813,NA,NA,NA,8.2675,NA,NA,NA,NA,NA,NA,NA,NA,NA
Daily,2021-01-18,NA,24.974998,NA,33.809998,51556.248,NA,NA,NA,NA,NA,723.890625,NA,NA,NA,8.3075,NA,NA,NA,NA,NA,NA,NA,NA,NA
Daily,2021-01-19,NA,24.939999,NA,33.98,51718.75,NA,NA,NA,NA,NA,731.886719,NA,NA,NA,8.282499,NA,NA,NA,NA,NA,NA,NA,NA,NA
Daily,2021-01-20,NA,24.924999,NA,33.879997,51615.6235,NA,NA,NA,NA,NA,735.882813,NA,NA,NA,8.2637495,NA,NA,NA,NA,NA,NA,NA,NA,NA
Daily,2021-01-21,NA,24.894999,NA,33,50443.748,NA,NA,NA,NA,NA,735.882813,NA,NA,NA,8.28,NA,NA,NA,NA,NA,NA,NA,NA,NA
Daily,2021-01-22,NA,24.934999,NA,32.809998,50106.247,NA,NA,NA,NA,NA,731.886719,NA,NA,NA,8.27,0,0.09,1.2,2.3,8.1,123,0.86,0,NA
Daily,2021-01-23,NA,24.974998,NA,33.334997,50774.9975,NA,NA,NA,NA,NA,731.894531,NA,NA,NA,8.282499,NA,NA,NA,NA,NA,NA,NA,NA,NA
Daily,2021-01-24,NA,24.964998,NA,33.174997000000005,50612.499,NA,NA,NA,NA,NA,731.890625,NA,NA,NA,8.287499,NA,NA,NA,NA,NA,NA,NA,NA,NA
Daily,2021-01-25,NA,24.974998,NA,32.714998,50131.248,NA,NA,NA,NA,NA,731.886719,NA,NA,NA,8.277499,NA,NA,NA,NA,NA,NA,NA,NA,NA
Daily,2021-01-26,NA,25.014999,NA,33.269997,50903.123999999996,NA,NA,NA,NA,NA,735.890625,NA,NA,NA,8.317499,NA,NA,NA,NA,NA,NA,NA,NA,NA
Daily,2021-01-27,NA,25.049999,NA,33.339996,50931.248,NA,NA,NA,NA,NA,735.886719,NA,NA,NA,8.29,NA,NA,NA,NA,NA,NA,NA,NA,NA
Daily,2021-01-28,NA,24.994999,NA,33.149998,50449.997,NA,NA,NA,NA,NA,735.886719,NA,NA,NA,8.28,NA,NA,NA,NA,NA,NA,NA,NA,NA
Daily,2021-01-29,NA,24.974998,NA,33.334997,50781.25,NA,NA,NA,NA,NA,735.888672,NA,NA,NA,8.282499,0,0.03,1.4,1.7,8.07,NA,0.86,0.002,NA
Daily,2021-01-30,NA,25.08,NA,33.629997,51212.498,NA,NA,NA,NA,NA,739.886719,NA,NA,NA,8.275,NA,NA,NA,NA,NA,NA,NA,NA,NA
Daily,2021-01-31,NA,25.039999,NA,33.189999,50590.623999999996,NA,NA,NA,NA,NA,735.886719,NA,NA,NA,8.2937495,NA,NA,NA,NA,NA,NA,NA,NA,NA
Daily,2021-02-01,NA,24.994999,NA,33.859997,51578.12300000001,NA,NA,NA,NA,NA,735.886719,NA,NA,NA,8.282499,NA,NA,NA,NA,NA,NA,NA,NA,NA
Daily,2021-02-02,NA,25.025,NA,33.689999,51281.25,NA,NA,NA,NA,NA,731.886719,NA,NA,NA,8.2625,NA,NA,NA,NA,NA,NA,NA,NA,NA
Daily,2021-02-03,NA,24.98,NA,33.989998,51699.997,NA,NA,NA,NA,NA,735.886719,NA,NA,NA,8.2125,NA,NA,NA,NA,NA,NA,NA,NA,NA
Daily,2021-02-04,NA,24.98,NA,33.869997,51528.123999999996,NA,NA,NA,NA,NA,735.875,NA,NA,NA,8.247499,NA,NA,NA,NA,NA,NA,NA,NA,NA
Daily,2021-02-05,NA,24.98,NA,33.834997,51574.997,NA,NA,NA,NA,NA,735.886719,NA,NA,NA,8.23,0,0.07,1.5,2.1,8.16,142,NA,0,NA
Daily,2021-02-06,NA,24.959999,NA,34.294998,52106.247,NA,NA,NA,NA,NA,727.886719,NA,NA,NA,8.245,NA,NA,NA,NA,NA,NA,NA,NA,NA
Daily,2021-02-07,NA,25,NA,34.339996,52112.499,NA,NA,NA,NA,NA,727.890625,NA,NA,NA,8.2575,NA,NA,NA,NA,NA,NA,NA,NA,NA
Daily,2021-02-08,NA,25,NA,34.32,52112.499,NA,NA,NA,NA,NA,731.878906,NA,NA,NA,8.205,NA,NA,NA,NA,NA,NA,NA,NA,NA
Daily,2021-02-09,NA,25,NA,34.269997,52106.247,NA,NA,NA,NA,NA,727.890625,NA,NA,NA,8.25,NA,NA,NA,NA,NA,NA,NA,NA,NA
Daily,2021-02-10,NA,24.984999,NA,34.099998,52006.248,NA,NA,NA,NA,NA,727.875,NA,NA,NA,8.237499,NA,NA,NA,NA,NA,NA,NA,NA,NA
Daily,2021-02-11,NA,25,NA,34.279999,52125,NA,NA,NA,NA,NA,727.890625,NA,NA,NA,8.2175,NA,NA,NA,NA,NA,NA,NA,NA,NA
Daily,2021-02-12,NA,24.98,NA,34.309998,52074.997,NA,NA,NA,NA,NA,735.882813,NA,NA,NA,8.242499,0,0.09,1.2,1.7,8.17,137,0.5,0.002,NA
Daily,2021-02-13,NA,24.98,NA,34.289997,52099.998,NA,NA,NA,NA,NA,723.890625,NA,NA,NA,8.25,NA,NA,NA,NA,NA,NA,NA,NA,NA
Daily,2021-02-14,NA,24.984999,NA,34.259998,52049.999,NA,NA,NA,NA,NA,723.890625,NA,NA,NA,8.19,NA,NA,NA,NA,NA,NA,NA,NA,NA
Daily,2021-02-15,NA,24.994999,NA,34.099998,52049.999,NA,NA,NA,NA,NA,731.871094,NA,NA,NA,8.304999,NA,NA,NA,NA,NA,NA,NA,NA,NA
Daily,2021-02-16,NA,24.894999,NA,34.149998,51806.248,NA,NA,NA,NA,NA,731.886719,NA,NA,NA,8.28,NA,NA,NA,NA,NA,NA,NA,NA,NA
Daily,2021-02-17,NA,24.98,NA,34.109997,51937.5,NA,NA,NA,NA,NA,727.894531,NA,NA,NA,8.2625,NA,NA,NA,NA,NA,NA,NA,NA,NA
Daily,2021-02-18,NA,24.984999,NA,34.189999,52074.997,NA,NA,NA,NA,NA,719.890625,NA,NA,NA,8.24,NA,NA,NA,NA,NA,NA,NA,NA,NA
Daily,2021-02-19,NA,25,NA,34.179996,52056.248,NA,NA,NA,NA,NA,731.886719,NA,NA,NA,8.299999,0,0.03,1,2.1,8.35,143,0.5,0,NA
Daily,2021-02-20,NA,24.974998,NA,34.139999,52043.747,NA,NA,NA,NA,NA,727.894531,NA,NA,NA,8.275,NA,NA,NA,NA,NA,NA,NA,NA,NA
Daily,2021-02-21,NA,24.934999,NA,34.169998,51943.748,NA,NA,NA,NA,NA,731.894531,NA,NA,NA,8.2975,NA,NA,NA,NA,NA,NA,NA,NA,NA
Daily,2021-02-22,NA,25.017499,NA,34.129997,52024.998,NA,NA,NA,NA,NA,731.882813,NA,NA,NA,8.294999,NA,NA,NA,NA,NA,NA,NA,NA,NA
Daily,2021-02-23,NA,25.019999,NA,34.099998,52006.248,NA,NA,NA,NA,NA,727.886719,NA,NA,NA,8.2975,NA,NA,NA,NA,NA,NA,NA,NA,NA
Daily,2021-02-24,NA,25,NA,34.079998,51993.748,NA,NA,NA,NA,NA,727.875,NA,NA,NA,8.2925,NA,NA,NA,NA,NA,NA,NA,NA,NA
Daily,2021-02-25,NA,24.99,NA,34.109997,52040.6225,NA,NA,NA,NA,NA,719.878906,NA,NA,NA,8.3025,NA,NA,NA,NA,NA,NA,NA,NA,NA
Daily,2021-02-26,NA,24.994999,NA,34.139999,51993.748,NA,NA,NA,NA,NA,715.886719,NA,NA,NA,8.24,NA,NA,NA,NA,NA,NA,NA,NA,NA
Daily,2021-02-27,NA,24.974998,NA,34.199997,51862.499,NA,NA,NA,NA,NA,723.871094,NA,NA,NA,8.2975,NA,NA,NA,NA,NA,NA,NA,NA,NA
Daily,2021-02-28,NA,25,NA,34.369999,52143.749,NA,NA,NA,NA,NA,723.871094,NA,NA,NA,8.2662495,NA,NA,NA,NA,NA,NA,NA,NA,NA
Daily,2021-03-01,NA,25.029999,NA,NA,NA,NA,NA,NA,NA,NA,723.882813,NA,NA,NA,8.27,NA,NA,NA,NA,NA,NA,NA,NA,NA
Daily,2021-03-02,NA,25.0124985,NA,NA,NA,NA,NA,NA,NA,NA,715.8828125,NA,NA,NA,8.315,NA,NA,NA,NA,NA,NA,NA,NA,NA
Daily,2021-03-03,NA,25.035,NA,NA,NA,NA,NA,NA,NA,NA,719.878906,NA,NA,NA,8.2525,NA,NA,NA,NA,NA,NA,NA,NA,NA
Daily,2021-03-04,NA,25.049999,NA,NA,NA,NA,NA,NA,NA,NA,719.867187,NA,NA,NA,8.29,NA,NA,NA,NA,NA,NA,NA,NA,NA
Daily,2021-03-05,NA,25.039999,NA,NA,NA,NA,NA,NA,NA,NA,719.857422,NA,NA,NA,8.287499,NA,0.08,0.7,1.4,8.25,132,0.64,0,NA
Daily,2021-03-06,NA,25.059999,NA,32.7699985,50228.124500000005,NA,NA,NA,NA,NA,711.878906,NA,NA,NA,8.29,NA,NA,NA,NA,NA,NA,NA,NA,NA
Daily,2021-03-07,NA,25.035,NA,NA,NA,NA,NA,NA,NA,NA,711.882813,NA,NA,NA,8.32,NA,NA,NA,NA,NA,NA,NA,NA,NA
Daily,2021-03-08,NA,25.08,NA,32.774998,49881.248,NA,NA,NA,NA,NA,715.871094,NA,NA,NA,8.2925,NA,NA,NA,NA,NA,NA,NA,NA,NA
Daily,2021-03-09,NA,25.039999,NA,32.619997,49793.747,NA,NA,NA,NA,NA,711.878906,NA,NA,NA,8.2925,NA,NA,NA,NA,NA,NA,NA,NA,NA
Daily,2021-03-10,NA,25.039999,NA,NA,NA,NA,NA,NA,NA,NA,715.871094,NA,NA,NA,8.29,NA,NA,NA,NA,NA,NA,NA,NA,NA
Daily,2021-03-11,NA,25.059999,NA,NA,NA,NA,NA,NA,NA,NA,711.867188,NA,NA,NA,8.282499,NA,NA,NA,NA,NA,NA,NA,NA,NA
Daily,2021-03-12,NA,25.009998,NA,NA,NA,NA,NA,NA,NA,NA,703.878906,NA,NA,NA,8.27,0,0.05,1,1.5,8.27,134,0.7,0.001,NA
Daily,2021-03-13,NA,25.059999,NA,NA,NA,NA,NA,NA,NA,NA,715.882812,NA,NA,NA,8.275,NA,NA,NA,NA,NA,NA,NA,NA,NA
Daily,2021-03-22,NA,25.074999,NA,NA,NA,NA,NA,NA,NA,NA,731.863281,NA,NA,NA,8.112499,NA,NA,NA,NA,NA,NA,NA,NA,NA
Daily,2021-03-23,NA,25.054998,NA,NA,NA,NA,NA,NA,NA,NA,739.871094,NA,NA,NA,8.135,NA,NA,NA,NA,NA,NA,NA,NA,NA
Daily,2021-03-24,NA,25.049999,NA,NA,NA,NA,NA,NA,NA,NA,743.875,NA,NA,NA,8.1637495,NA,NA,NA,NA,NA,NA,NA,NA,NA
Daily,2021-03-25,NA,25.054998,NA,33.084998999999996,50637.497,NA,NA,NA,NA,NA,743.871094,NA,NA,NA,8.315,NA,NA,NA,NA,NA,NA,NA,NA,NA
Daily,2021-03-26,NA,25.074999,NA,NA,NA,NA,NA,NA,NA,NA,743.867187,NA,NA,NA,8.357499,0,0,1.1,1.2,8.34,131,0.5,0.006,NA
Daily,2021-03-27,NA,25.074999,NA,NA,NA,NA,NA,NA,NA,NA,743.871094,NA,NA,NA,8.3237495,NA,NA,NA,NA,NA,NA,NA,NA,NA
Daily,2021-03-28,NA,25.054998,NA,NA,NA,NA,NA,NA,NA,NA,755.863281,NA,NA,NA,8.3375,NA,NA,NA,NA,NA,NA,NA,NA,NA
Daily,2021-03-29,NA,25.035,NA,NA,NA,NA,NA,NA,NA,NA,759.867187,NA,NA,NA,8.339999,NA,NA,NA,NA,NA,NA,NA,NA,NA
Daily,2021-03-30,NA,25.035,NA,NA,NA,NA,NA,NA,NA,NA,755.878906,NA,NA,NA,8.3425,NA,NA,NA,NA,NA,NA,NA,NA,NA
Daily,2021-03-31,NA,25.029999,NA,32.794998,50012.497,NA,NA,NA,NA,NA,755.871094,NA,NA,NA,8.344999,NA,NA,NA,NA,NA,NA,NA,NA,NA
Daily,2021-04-01,NA,25.035,NA,NA,NA,NA,NA,NA,NA,NA,763.875,NA,NA,NA,8.349999,NA,NA,NA,NA,NA,NA,NA,NA,NA
Daily,2021-04-02,NA,25.039999,NA,NA,NA,NA,NA,NA,NA,NA,763.871094,NA,NA,NA,8.28,0,0.04,0.5,0.7,8.4,135,0.51,0,NA
Daily,2021-04-03,NA,25.064999,NA,NA,NA,NA,NA,NA,NA,NA,767.871094,NA,NA,NA,8.2275,NA,NA,NA,NA,NA,NA,NA,NA,NA
Daily,2021-04-04,NA,25.064999,NA,NA,NA,NA,NA,NA,NA,NA,767.878906,NA,NA,NA,8.2225,NA,NA,NA,NA,NA,NA,NA,NA,NA
Daily,2021-04-05,NA,25.025,NA,NA,NA,NA,NA,NA,NA,NA,767.875,NA,NA,NA,8.2275,NA,NA,NA,NA,NA,NA,NA,NA,NA
Daily,2021-04-06,NA,25.064999,NA,NA,NA,NA,NA,NA,NA,NA,767.878906,NA,NA,NA,8.2275,NA,NA,NA,NA,NA,NA,NA,NA,NA
Daily,2021-04-07,NA,25.059999,NA,NA,NA,NA,NA,NA,NA,NA,763.871094,NA,NA,NA,8.152499,NA,NA,NA,NA,NA,NA,NA,NA,NA
Daily,2021-04-08,NA,25.044998,NA,NA,NA,NA,NA,NA,NA,NA,767.875,NA,NA,NA,8.224999,NA,NA,NA,NA,NA,NA,NA,NA,NA
Daily,2021-04-09,NA,25.019999,NA,NA,NA,NA,NA,NA,NA,NA,771.875,NA,NA,NA,8.277499,0,0.02,0.9,0.8,8.28,136,0.45,0,NA
Daily,2021-04-10,NA,25.064999,NA,NA,NA,NA,NA,NA,NA,NA,771.875,NA,NA,NA,8.224999,NA,NA,NA,NA,NA,NA,NA,NA,NA
Daily,2021-04-11,NA,25.039999,NA,32.5499995,49887.497,NA,NA,NA,NA,NA,775.878906,NA,NA,NA,8.2275,NA,NA,NA,NA,NA,NA,NA,NA,NA
Daily,2021-04-12,NA,25.044998,NA,31.919998999999997,48774.998,NA,NA,NA,NA,NA,771.882813,NA,NA,NA,8.2275,NA,NA,NA,NA,NA,NA,NA,NA,NA
Daily,2021-04-13,NA,25.019999,NA,32.384998,49534.373999999996,NA,NA,NA,NA,NA,775.871094,NA,NA,NA,8.27,NA,NA,NA,NA,NA,NA,NA,NA,NA
Daily,2021-04-14,NA,25.039999,NA,32.459999,48799.999,NA,NA,NA,NA,NA,767.867187,NA,NA,NA,8.17375,NA,NA,NA,NA,NA,NA,NA,NA,NA
Daily,2021-04-15,NA,25.049999,NA,32.379997,49462.498,NA,NA,NA,NA,NA,763.882812,NA,NA,NA,7.94625,NA,NA,NA,NA,NA,NA,NA,NA,NA
Daily,2021-04-16,NA,25.049999,NA,32.149998,48999.99800000001,NA,NA,NA,NA,NA,763.894531,NA,NA,NA,8.067499,0,0.05,1.1,1.5,8.24,126,1.2,0,NA
Daily,2021-04-17,NA,25.054998,NA,32.159998,49046.873,NA,NA,NA,NA,NA,763.894531,NA,NA,NA,8.099999,NA,NA,NA,NA,NA,NA,NA,NA,NA
Daily,2021-04-18,NA,25.049999,NA,32.989998,50368.749500000005,NA,NA,NA,NA,NA,771.886719,NA,NA,NA,8.1775,NA,NA,NA,NA,NA,NA,NA,NA,NA
Daily,2021-04-19,NA,25.049999,NA,32.469997,49699.997,NA,NA,NA,NA,NA,767.878906,NA,NA,NA,8.1675,NA,NA,NA,NA,NA,NA,NA,NA,NA
Daily,2021-04-20,NA,25.049999,NA,32.549999,49762.497,NA,NA,NA,NA,NA,767.894531,NA,NA,NA,8.174999,NA,NA,NA,NA,NA,NA,NA,NA,NA
Daily,2021-04-21,NA,24.984999,NA,32.4749985,49212.498,NA,NA,NA,NA,NA,771.886719,NA,NA,NA,8.184999,NA,NA,NA,NA,NA,NA,NA,NA,NA
Daily,2021-04-22,NA,24.984999,NA,32.32,49174.999,NA,NA,NA,NA,NA,775.886719,NA,NA,NA,8.1725,NA,NA,NA,NA,NA,NA,NA,NA,NA
Daily,2021-04-23,NA,25.044998,NA,32.23,49149.999500000005,NA,NA,NA,NA,NA,775.878906,NA,NA,NA,8.23,0,0.19,1.3,1.9,8.19,132,0.64,0,NA
Daily,2021-04-24,NA,25.025,NA,32.389999,49256.248,NA,NA,NA,NA,NA,771.882812,NA,NA,NA,8.219999,NA,NA,NA,NA,NA,NA,NA,NA,NA
Daily,2021-04-25,NA,25.025,NA,NA,NA,NA,NA,NA,NA,NA,771.882812,NA,NA,NA,8.19,NA,NA,NA,NA,NA,NA,NA,NA,NA
Daily,2021-04-26,NA,25,NA,NA,NA,NA,NA,NA,NA,NA,775.886719,NA,NA,NA,8.247499,NA,NA,NA,NA,NA,NA,NA,NA,NA
Daily,2021-04-27,NA,24.994999,NA,32.249998,49515.623,NA,NA,NA,NA,NA,771.894531,NA,NA,NA,8.1537495,NA,NA,NA,NA,NA,NA,NA,NA,NA
Daily,2021-04-28,NA,24.974998,NA,32.184999500000004,49037.498,NA,NA,NA,NA,NA,771.890625,NA,NA,NA,7.903124999999999,NA,NA,NA,NA,NA,NA,NA,NA,NA
Daily,2021-04-29,NA,25.059999,NA,NA,NA,NA,NA,NA,NA,NA,771.894531,NA,NA,NA,8.145,NA,NA,NA,NA,NA,NA,NA,NA,NA
Daily,2021-04-30,NA,25.029999,NA,32.699997,49328.123,NA,NA,NA,NA,NA,775.886719,NA,NA,NA,8.162499,0,0.11,1,0.9,8.21,123,0.75,0,NA
Daily,2021-05-01,NA,25.049999,NA,34.074996999999996,50000,NA,NA,NA,NA,NA,NA,NA,NA,NA,8.157499,NA,NA,NA,NA,NA,NA,NA,NA,NA
Daily,2021-05-02,NA,25.07,NA,34.139999,51875,NA,NA,NA,NA,NA,NA,NA,NA,NA,8.1412495,NA,NA,NA,NA,NA,NA,NA,NA,NA
Daily,2021-05-03,NA,25.059999,NA,34.139999,51849.998,NA,NA,NA,NA,NA,NA,NA,NA,NA,8.089999,NA,NA,NA,NA,NA,NA,NA,NA,NA
Daily,2021-05-04,NA,25.08,NA,34.089996,51937.5,NA,NA,NA,NA,NA,NA,NA,NA,NA,8.0475,NA,NA,NA,NA,NA,NA,NA,NA,NA
Daily,2021-05-05,NA,25.054998,NA,34.099998,51818.748,NA,NA,NA,NA,NA,NA,NA,NA,NA,8.0825,NA,NA,NA,NA,NA,NA,NA,NA,NA
Daily,2021-05-06,NA,25.08,NA,34.039997,51818.748,NA,NA,NA,NA,NA,725.8886715,NA,NA,NA,7.7875,NA,NA,NA,NA,NA,NA,NA,NA,NA
Daily,2021-05-07,NA,25.049999,NA,34.079998,51887.497,NA,NA,NA,NA,NA,725.890625,NA,NA,NA,7.8525,0,0.15,1.3,2.4,8.27,135,0.84,0.007,NA
Daily,2021-05-08,NA,25.0524985,NA,34.059998,51881.248,NA,NA,NA,NA,NA,727.894531,NA,NA,NA,8.1375,NA,NA,NA,NA,NA,NA,NA,NA,NA
Daily,2021-05-09,NA,25.089998,NA,34.059998,51818.748,NA,NA,NA,NA,NA,725.8808595,NA,NA,NA,8.1275,NA,NA,NA,NA,NA,NA,NA,NA,NA
Daily,2021-05-10,NA,25.094999,NA,32.969997,50356.247,NA,NA,NA,NA,NA,NA,NA,NA,NA,8.049999,NA,NA,NA,NA,NA,NA,NA,NA,NA
Daily,2021-05-11,NA,25.07,NA,32.744997,49965.622,NA,NA,NA,NA,NA,NA,NA,NA,NA,8.1187495,NA,NA,NA,NA,NA,NA,NA,NA,NA
Daily,2021-05-12,NA,25.049999,NA,32.3499965,49437.5,NA,NA,NA,NA,NA,NA,NA,NA,NA,8.0937495,NA,NA,NA,NA,NA,NA,NA,NA,NA
Daily,2021-05-13,NA,25.365,NA,32.489998,49899.998,NA,NA,NA,NA,NA,NA,NA,NA,NA,8.099999,NA,NA,NA,NA,NA,NA,NA,NA,NA
Daily,2021-05-14,NA,25.554998,NA,32.32,50049.999,NA,NA,NA,NA,NA,727.890625,NA,NA,NA,8.0875,0,0.11,1.6,1.2,8.35,125,2.05,0,NA
Daily,2021-05-15,NA,25.759998,NA,32.389999,50190.623999999996,NA,NA,NA,NA,NA,723.884766,NA,NA,NA,7.76375,NA,NA,NA,NA,NA,NA,NA,NA,NA
Daily,2021-05-16,NA,26.375,NA,31.849998,50118.748,NA,NA,NA,NA,NA,727.8828125,NA,NA,NA,8.0462495,NA,NA,NA,NA,NA,NA,NA,NA,NA
Daily,2021-05-17,NA,25.705,NA,32.564999,50493.748,NA,NA,NA,NA,NA,NA,NA,NA,NA,8.065,NA,NA,NA,NA,NA,NA,NA,NA,NA
Daily,2021-05-18,NA,25.955,NA,32.044998,49893.749,NA,NA,NA,NA,NA,NA,NA,NA,NA,8.032499,NA,NA,NA,NA,NA,NA,NA,NA,NA
Daily,2021-05-19,NA,26.224998,NA,31.959999,50143.749,NA,NA,NA,NA,NA,727.892578,NA,NA,NA,8.04,NA,NA,NA,NA,NA,NA,NA,NA,NA
Daily,2021-05-21,NA,25.532499,NA,31.189999,50440.623999999996,NA,NA,NA,NA,NA,NA,NA,NA,NA,8.0625,0,0.04,1.3,0.8,8.36,125,0.92,0.002,NA
Daily,2021-05-22,NA,25.054998,NA,32.579998,50393.749,NA,NA,NA,NA,NA,727.886719,NA,NA,NA,8.0825,NA,NA,NA,NA,NA,NA,NA,NA,NA
Daily,2021-05-23,NA,25.714998,NA,32.059998,50399.998,NA,NA,NA,NA,NA,723.898438,NA,NA,NA,8.0425,NA,NA,NA,NA,NA,NA,NA,NA,NA
Daily,2021-05-24,NA,25.334999500000002,NA,32.009998,50375,NA,NA,NA,NA,NA,723.894531,NA,NA,NA,8.0175,NA,NA,NA,NA,NA,NA,NA,NA,NA
Daily,2021-05-25,NA,26.327499,NA,31.4775,50462.498,NA,NA,NA,NA,NA,NA,NA,NA,NA,8.0525,NA,NA,NA,NA,NA,NA,NA,NA,NA
Daily,2020-11-21,NA,24.955,NA,33.789997,51393.749,NA,NA,NA,NA,NA,767.886719,NA,NA,NA,8.037499,NA,NA,NA,NA,NA,NA,NA,NA,NA
Daily,2020-11-22,NA,24.955,NA,33.849998,51643.749,NA,NA,NA,NA,NA,775.882813,NA,NA,NA,8.044999,NA,NA,NA,NA,NA,NA,NA,NA,NA
Daily,2021-03-14,NA,25.039999,NA,NA,NA,NA,NA,NA,NA,NA,715.878906,NA,NA,NA,8.2925,NA,NA,NA,NA,NA,NA,NA,NA,NA
Daily,2021-03-15,NA,25.059999,NA,NA,NA,NA,NA,NA,NA,NA,715.8652345,NA,NA,NA,8.285,NA,NA,NA,NA,NA,NA,NA,NA,NA
Daily,2021-03-16,NA,25.059999,NA,NA,NA,NA,NA,NA,NA,NA,719.878906,NA,NA,NA,8.2787495,NA,NA,NA,NA,NA,NA,NA,NA,NA
Daily,2021-03-17,NA,25.075,NA,NA,NA,NA,NA,NA,NA,NA,715.875,NA,NA,NA,8.29,NA,NA,NA,NA,NA,NA,NA,NA,NA
Daily,2021-03-18,NA,25.059999,NA,NA,NA,NA,NA,NA,NA,NA,715.871094,NA,NA,NA,8.272499,NA,NA,NA,NA,NA,NA,NA,NA,NA
Daily,2021-03-19,NA,25.035,NA,NA,NA,NA,NA,NA,NA,NA,719.875,NA,NA,NA,8.285,0,0.03,1,1.5,8.23,133,0.59,0.002,NA
Daily,2021-03-20,NA,25.074999,NA,NA,NA,NA,NA,NA,NA,NA,711.871094,NA,NA,NA,8.27,NA,NA,NA,NA,NA,NA,NA,NA,NA
Daily,2021-03-21,NA,25.029999,NA,NA,NA,NA,NA,NA,NA,NA,703.859375,NA,NA,NA,8.1025,NA,NA,NA,NA,NA,NA,NA,NA,NA
Daily,2021-05-20,NA,25.429998,NA,31.252499999999998,50412.498,NA,NA,NA,NA,NA,NA,NA,NA,NA,8.077499,NA,NA,NA,NA,NA,NA,NA,NA,NA
Daily,2021-05-26,77.181122,25.100624,-92.104012,33.229958,50661.9472655,50307.63672,50315.22656,6.355493,92.742256,106.285706,NA,0.402331,0.925744,32736.246094,8.260514,NA,NA,NA,NA,NA,NA,NA,NA,NA
Daily,2021-05-27,77.181122,25.100624,-91.5920295,33.231851500000005,50663.2871095,50316.511719999995,50289.32422,6.179391,90.382149,103.397686,NA,0.412358,0.9766165,32850.6972655,8.234459,NA,NA,NA,NA,NA,NA,NA,NA,NA
Daily,2021-05-28,77.181122,25.100624,-91.5811845,33.2383555,50666.6640625,50279.30859,50303.482424999995,6.1660889999999995,90.0363425,102.984928,NA,0.4240175,1.0783015,32876.59375,8.2362705,0,0,1.5,2,8.38,125,0.83,0.001,NA
Daily,2021-05-29,77.181122,25.134165,-91.671738,33.226961,50644.251953,50290.253905000005,50318.867185,6.1556505,89.9481125,102.84395599999999,NA,0.43704299999999996,1.1599665,32720.2470705,8.230826,NA,NA,NA,NA,NA,NA,NA,NA,NA
Daily,2021-05-30,77.181122,25.100624,-91.5253945,33.237213,50665.300781,50310.730469999995,50302.77344,6.13308,89.974579,102.846832,NA,0.44789,1.195481,32869.496094,8.241617,NA,NA,NA,NA,NA,NA,NA,NA,NA
Daily,2021-05-31,77.016495,25.100624,-90.842957,33.234913,50663.753906,50218.99609,50293.69531,6.1863,90.453117,102.569061,NA,0.501013,1.234459,32997.691406,8.217719,NA,NA,NA,NA,NA,NA,NA,NA,NA
Daily,2021-06-01,77.016495,25.009165,-90.842957,NA,NA,50218.99609,NA,6.1863,90.453117,102.569061,258.333557,0.501013,1.234459,NA,8.217719,NA,NA,NA,NA,NA,NA,NA,NA,NA
Daily,2021-06-02,77.181122,25.100624,-90.842957,NA,NA,50218.99609,NA,6.225291,91.402473,104.480804,258.49176,0.47189749999999997,1.071014,NA,8.2163435,NA,NA,NA,NA,NA,NA,NA,NA,NA
Daily,2021-06-03,77.181122,25.100624,-91.726501,NA,NA,50278.121094999995,NA,6.225291,91.402473,104.480804,268.484253,0.418206,0.719153,NA,8.201015,NA,NA,NA,NA,NA,NA,NA,NA,NA
Daily,2021-06-04,77.181122,25.100624,-91.03606049999999,NA,NA,50250.171875,50264.816405000005,6.178043499999999,90.3002705,102.992237,272.398285,0.43260299999999996,0.8088435,NA,8.185196,0,0.05,1.5,2.2,8.21,126,0.95,0.005,NA
Daily,2021-06-05,77.181122,25.100624,-91.0462915,NA,NA,50242.87891,50248.07031,6.1856905,90.22876,102.989979,274.237427,0.48182400000000003,0.9996035000000001,NA,8.1819445,NA,NA,NA,NA,NA,NA,NA,NA,NA
Daily,2021-06-06,77.181122,25.100624,-91.4653165,NA,NA,50239.23438,50234.46875,6.162221,90.160934,102.961021,274.227814,0.727522,1.256482,NA,8.1867415,NA,NA,NA,NA,NA,NA,NA,NA,NA
Daily,2021-06-07,77.181122,25.100624,-90.992462,NA,NA,50238.521485000005,50248.54688,6.140819,89.843674,102.52137,278.191681,1.008031,1.569928,NA,8.169489,NA,NA,NA,NA,NA,NA,NA,NA,NA
Daily,2021-06-08,77.181122,25.100624,-90.9825515,NA,NA,50258.675780000005,50218.001955,6.20378,90.55303599999999,103.409229,284.4239195,1.3597744999999999,2.235079,NA,8.173904,NA,NA,NA,NA,NA,NA,NA,NA,NA
Daily,2021-06-09,77.181122,25.100624,-91.0463445,NA,NA,50252.95703,50258.22266,6.197998500000001,90.672546,103.71047200000001,288.52966349999997,1.738973,2.5321445000000002,NA,8.182312,NA,NA,NA,NA,NA,NA,NA,NA,NA
Daily,2021-06-10,77.181122,25.100624,-91.069946,NA,NA,49600.541020000004,49562.0625,6.237475,90.7025945,103.97104300000001,290.495117,0.744762,2.5325930000000003,32181.849609,8.181725,NA,NA,NA,NA,NA,NA,NA,NA,NA
Daily,2021-06-11,77.181122,25.100624,-91.569931,32.497856,49655.429688,49362.492190000004,49433.125,6.2661955,91.21141850000001,104.43847299999999,268.410248,0.052927,0.2754315,32089.5,8.209506999999999,0,0.16,1.1,1,8.25,131,NA,0,NA
Daily,2021-06-12,77.181122,25.100624,-91.960079,32.4838825,49641.816406,49271.509764999995,49272.750005,6.2482454999999995,90.98711399999999,104.3662375,274.33151250000003,0.0696295,0.4507585,32058.046875,8.210707,NA,NA,NA,NA,NA,NA,NA,NA,NA
Daily,2021-06-13,77.181122,25.100624,-91.9621695,32.47295,49630.460938,49274.650389999995,49281,6.2521070000000005,91.109051,104.4414715,276.252472,0.192664,0.6573104999999999,32056.3964845,8.208671500000001,NA,NA,NA,NA,NA,NA,NA,NA,NA
Daily,2021-06-14,77.181122,25.100624,-91.854725,32.4702475,49627.546875,49278.394535,49298.8125,6.2592245,91.062908,104.48829649999999,278.2116395,0.3878795,1.1074424999999999,32065.448242500002,8.200982,NA,NA,NA,NA,NA,NA,NA,NA,NA
Daily,2021-06-15,77.181122,25.100624,-91.594559,32.48547,49647.078125,49303.01953,49307.003905000005,6.2356715000000005,90.73640449999999,103.950336,286.3788145,0.727516,2.3494289999999998,32068.9970705,8.208382,NA,NA,NA,NA,NA,NA,NA,NA,NA
Daily,2021-06-16,77.181122,25.100624,-91.33387400000001,NA,NA,49550.06641,49536.402344999995,6.253318,91.210388,104.46859,292.471008,0.859334,0.03604,32155.248047,8.198363,NA,NA,NA,NA,NA,NA,NA,NA,NA
Daily,2021-06-17,77.181122,25.100624,-91.4338075,NA,NA,49541.427735000005,49501.734375,6.245767,90.9743535,104.17854299999999,278.837906,0.07419049999999999,0.112179,32194.5458985,8.2111655,NA,NA,NA,NA,NA,NA,NA,NA,NA
Daily,2021-06-18,77.181122,25.100624,-91.5132485,NA,NA,49531.148434999996,49527.75,6.2595244999999995,91.040627,104.462234,276.838791,0.077397,0.1676665,32192.847656,8.202453,0,0.11,1.3,1.5,8.27,125,0.94,NA,NA
Daily,2021-06-19,77.181122,25.100624,-91.750107,NA,NA,49540.419925,49547.898440000004,6.265554,91.135128,104.5769045,276.685928,0.075926,0.3099095,32189.6982425,8.202428999999999,NA,NA,NA,NA,NA,NA,NA,NA,NA
Daily,2021-06-20,77.181122,25.100624,-91.74983599999999,NA,NA,49528.859375,49526.28125,6.2797925,91.26270299999999,104.7236785,280.574829,0.1438575,0.4679055,32196.649414,8.2112035,NA,NA,NA,NA,NA,NA,NA,NA,NA
Daily,2021-06-21,77.181122,25.100624,-91.720459,NA,NA,49531.41797,49539.007815000004,6.3090815,91.683556,105.057457,280.615784,0.432257,0.797286,32190.498047,8.2153445,NA,NA,NA,NA,NA,NA,NA,NA,NA
Daily,2021-06-22,77.181122,25.100624,-91.5047455,NA,NA,49533.73438,49526.757815,6.244712,90.90316,104.28741450000001,284.6377255,0.594972,1.211681,32188,8.212351,NA,NA,NA,NA,NA,NA,NA,NA,NA
Daily,2021-06-23,77.181122,25.100624,-91.119469,NA,NA,49534.4375,49534.78906,6.303618,91.831734,105.221848,286.636017,0.754415,1.274231,32188.0478515,8.2094325,NA,NA,NA,NA,NA,NA,NA,NA,NA
Daily,2021-06-24,77.181122,25.009165,-91.1937715,NA,NA,49530.703125,49539.865235000005,6.310201,91.957886,105.2331505,292.65934749999997,1.0050905,1.751289,32184.846680000002,8.2017425,NA,NA,NA,NA,NA,NA,NA,NA,NA
Daily,2021-06-25,77.181122,25.100624,-91.255291,NA,NA,49520.94141,49531.914065,6.306317,91.315475,104.813911,296.69339,0.848984,1.6847005,32194.495117,8.2097905,NA,0.17,1.6,1.3,8.22,132,1.26,0.018,NA
Daily,2021-06-26,77.181122,25.100624,-91.530304,NA,NA,49565.09766,49546.78125,6.282586,91.593903,104.985962,260.7231445,0.099731,0.898907,32176.246094,8.2770105,NA,NA,NA,NA,NA,NA,NA,NA,NA
Daily,2021-06-27,77.181122,25.100624,-91.965118,NA,NA,49525.60547,49541.5,6.271761,91.130821,104.763035,262.6318205,0.104239,1.0592329999999999,32181.3427735,8.277207,NA,NA,NA,NA,NA,NA,NA,NA,NA
Daily,2021-06-28,77.181122,25.100624,-91.804779,NA,NA,49530.322270000004,49540.796875,6.3035935,91.50259750000001,105.00556599999999,262.6810455,0.119084,1.364323,32181.5947265,8.28105,NA,NA,NA,NA,NA,NA,NA,NA,NA
Daily,2021-06-29,77.181122,25.100624,-92.192928,NA,NA,49547.78125,49511.41797,6.2968,91.347084,104.958862,262.58284000000003,0.137198,1.6370665,32184.4931645,8.281905,NA,NA,NA,NA,NA,NA,NA,NA,NA
Daily,2021-06-30,77.181122,25.100624,-91.6664845,NA,NA,49550.314455,49526.664065000004,6.296037999999999,91.59263200000001,105.114929,262.57080099999996,0.14758749999999998,1.851684,32170.794922,8.2819195,NA,NA,NA,NA,NA,NA,NA,NA,NA
Daily,2021-07-01,77.181122,25.100624,-91.345295,32.2780325,49427.453125,49537.58008,49532.375,6.275662,91.367867,104.6745415,262.573181,NA,NA,32162.541016,8.269793,NA,NA,NA,NA,NA,NA,NA,NA,NA
Daily,2021-07-02,77.181122,25.100624,-90.23592400000001,32.275871,49378.429688,49334.17188,49349.476565000004,6.212841,90.374054,103.56922900000001,260.110687,NA,NA,32073.7431645,8.225000999999999,NA,0.09,1.4,1.3,8.21,126,1.64,0.013,NA
Daily,2021-07-03,77.181122,25.100624,-89.576981,NA,49334.902344,49275.69922,49297.08594,6.289193,91.432274,104.781059,256.100937,NA,NA,32051.744141,8.213593,NA,NA,NA,NA,NA,NA,NA,NA,NA
Daily,2021-07-04,77.181122,25.100624,-89.251125,NA,49353.570313,49310.742190000004,49288.492185,6.275847000000001,91.2910845,104.850563,256.1150515,NA,NA,32041.244141,8.2115355,NA,NA,NA,NA,NA,NA,NA,NA,NA
Daily,2021-07-05,77.181122,25.100624,-88.831688,NA,49361.3535155,49293.67578,49283.85938,6.302802,91.823189,105.028801,266.184143,NA,NA,32041.244141,8.209978,NA,NA,NA,NA,NA,NA,NA,NA,NA
Daily,2021-07-06,77.181122,25.100624,-89.329185,NA,NA,49267.73828,49282.86719,6.322991,92.164551,105.50856,268.213043,NA,NA,32041.244141,8.208835,NA,NA,NA,NA,NA,NA,NA,NA,NA
Daily,2021-07-07,77.181122,25.100624,-89.9096185,NA,49361.691406,49285.30859,49268.97656,6.35848,92.404716,105.578514,270.16571,NA,NA,32041.244141,8.2149035,NA,NA,NA,NA,NA,NA,NA,NA,NA
Daily,2021-07-08,77.181122,25.100624,-90.34594,NA,NA,49275.54688,49291.21094,6.3219900000000004,91.9932745,105.5735515,272.106171,NA,NA,32041.244141,8.193876,NA,NA,NA,NA,NA,NA,NA,NA,NA
Daily,2021-07-09,77.181122,25.100624,-90.852623,NA,49351.9882815,49291.50391,49292,6.347993499999999,92.507416,106.139107,266.109833,NA,NA,32041.244141,8.144217000000001,0,0.16,1.4,1.9,8.14,128,1.86,0,NA
Daily,2021-07-10,77.181122,25.100624,-91.181923,NA,49351.839844,49255.591795,49279.32813,6.343997,92.3385585,106.2104075,270.0841065,NA,NA,32041.244141,8.141896,NA,NA,NA,NA,NA,NA,NA,NA,NA
Daily,2021-07-11,77.181122,25.100624,-90.048012,NA,49351.976563,49211.91016,49356.73438,6.143198,89.16449,102.065804,270.102051,NA,NA,32041.244141,8.159058,NA,NA,NA,NA,NA,NA,NA,NA,NA
Daily,2021-07-12,77.181122,25.100624,-90.048012,NA,49351.976563,49211.91016,49356.73438,6.143198,89.16449,102.065804,270.102051,NA,NA,32041.244141,8.159058,NA,NA,NA,NA,NA,NA,NA,NA,NA
Daily,2021-07-13,77.181122,25.100624,-90.048012,NA,49351.976563,49211.91016,49356.73438,6.143198,89.16449,102.065804,270.102051,NA,NA,32041.244141,8.159058,NA,NA,NA,NA,NA,NA,NA,NA,NA
Daily,2021-07-14,77.181122,25.100624,-90.048012,NA,49351.976563,49211.91016,49356.73438,6.1527674999999995,89.5860025,102.8459395,288.05661,NA,NA,32005.345703,8.159058,NA,NA,NA,NA,NA,NA,NA,NA,NA
Daily,2021-07-15,77.181122,25.100624,-89.8368455,NA,49349.433594,49262.603520000004,49263.296875,6.328006500000001,92.140507,105.63649000000001,292.1234895,NA,NA,32005.044922,8.119153,NA,NA,NA,NA,NA,NA,NA,NA,NA
Daily,2021-07-16,77.181122,25.100624,-90.281799,32.414551,49358.125,49356.496094999995,49380.82813,6.270871,91.003166,104.387238,292.1335145,NA,NA,32005.345703,8.100099,0,0,1.5,1.9,8.15,128,1.82,0.009,NA
Daily,2021-07-17,77.181122,25.100624,-90.72282,32.4162195,NA,49542.70313,49541.56641,6.3295275,92.163502,105.59285750000001,269.426895,NA,NA,32253.539063,8.1183765,NA,NA,NA,NA,NA,NA,NA,NA,NA
Daily,2021-07-18,77.181122,25.100624,-90.81435049999999,32.4155025,NA,49511.85938,49547.61719,6.327696,92.124214,105.24157,273.409119,NA,NA,32253.539063,8.101123,NA,NA,NA,NA,NA,NA,NA,NA,NA
Daily,2021-07-19,77.181122,25.100624,-90.8183705,32.4151555,NA,49543.431645000004,49537.855469999995,6.3352260000000005,92.403538,105.720032,275.380783,NA,NA,32253.539063,8.121259,NA,NA,NA,NA,NA,NA,NA,NA,NA
Daily,2021-07-20,77.181122,25.100624,-91.84379200000001,32.4126665,NA,49545.820315000004,49511.394535,6.478604499999999,94.1280745,107.63243449999999,277.3869325,NA,NA,32253.839844,8.145662999999999,NA,NA,NA,NA,NA,NA,NA,NA,NA
Daily,2021-07-21,77.181122,25.100624,-90.878029,32.413486500000005,NA,49561.46875,49515.890625,6.305354,91.558418,104.925842,277.396301,NA,NA,32253.539063,8.119261999999999,NA,NA,NA,NA,NA,NA,NA,NA,NA
Daily,2021-07-22,77.181122,25.100624,-91.386719,32.4181935,NA,49541.48438,49489.77344,6.34685,93.252945,106.44810100000001,283.419708,NA,21.972379,32253.539063,8.135962,NA,NA,NA,NA,NA,NA,NA,NA,NA
Daily,2021-07-23,77.181122,25.100624,-90.27813,32.418137,NA,49536.48047,49531.91406,6.249672,91.016525,104.1853675,283.437378,NA,NA,32253.539063,8.092373,0,0.13,1.6,1.7,8.21,125,1.61,0.007,NA
Daily,2021-07-24,77.181122,25.100624,-88.113411,32.406639,NA,49522.66797,49548.57031,6.186889,90.0469015,103.0947645,287.472534,NA,NA,32253.539063,8.081722,NA,NA,NA,NA,NA,NA,NA,NA,NA
Daily,2021-07-25,77.181122,25.100624,-86.555885,32.413923499999996,NA,49550.820315000004,49493.38672,6.209985,90.2150915,103.467991,289.404144,NA,NA,32253.539063,8.033359,NA,NA,NA,NA,NA,NA,NA,NA,NA
Daily,2021-07-26,77.181122,25.100624,-88.857033,32.419940999999994,NA,49538.91797,49443.78906,6.355756,92.6063535,106.110821,289.530273,NA,NA,32253.539063,8.062100000000001,NA,NA,NA,NA,NA,NA,NA,NA,NA
Daily,2021-07-27,77.181122,25.100624,-88.3134115,NA,NA,49546.39258,49497.810545,6.2973615,91.55497,104.8700755,295.551361,2.79456,22.280746,32253.539063,8.086682499999998,NA,NA,NA,NA,NA,NA,NA,NA,NA
Daily,2021-07-28,77.181122,25.100624,-89.14901,NA,NA,49538.73828,49532.63281,6.347764,92.8663295,106.335285,289.688263,NA,NA,32225.939453,8.121465,NA,NA,NA,NA,NA,NA,NA,NA,NA
Daily,2021-07-29,77.181122,25.100624,-89.4041025,NA,NA,49537.816405000005,49535.216795,6.2450085,91.2745435,104.5667345,291.7114105,NA,21.941589,32353.939453,8.124673000000001,NA,NA,NA,NA,NA,NA,NA,NA,NA
Daily,2021-07-30,77.181122,25.100624,-89.65903850000001,NA,NA,49528.10547,49531.529299999995,6.331658,92.8540455,106.3769265,297.756317,NA,23.009928,32353.939453,8.133854,0,0.21,1.2,1.1,8.17,123,1.86,0.006,NA
Daily,2021-07-31,77.181122,25.100624,-91.280487,NA,NA,49531.181645000004,49551.150395000004,6.395176,92.8653065,106.1304665,299.77450550000003,NA,26.133965500000002,32353.939453,8.155954,NA,NA,NA,NA,NA,NA,NA,NA,NA
Daily,2021-08-01,NA,NA,-91.369396,NA,NA,49527.125,49544.83984,6.360144,92.60783,105.96627050000001,299.82251,3.190652,46.022182,32354.238281,8.157559,NA,NA,NA,NA,NA,NA,NA,NA,NA
Daily,2021-08-02,NA,NA,-91.843056,NA,NA,49559.625,49527.550780000005,6.374447,92.82325349999999,105.9756165,299.87442,4.4779105,NA,32353.939453,8.162036,NA,NA,NA,NA,NA,NA,NA,NA,NA
Daily,2021-08-03,NA,NA,-91.8665005,32.262177,49665.910156,49612.48047,49779.667965,6.336143,92.399944,105.908161,303.9346465,5.5092175,NA,32354.238281,8.1651365,NA,NA,NA,NA,NA,NA,NA,NA,NA
Daily,2021-08-04,NA,NA,-92.530956,32.262569,49666.222656,49744.056645000004,49781.759770000004,6.338983,92.3388175,105.770824,283.9571535,-0.044752,2.378725,32284.138672,8.1512045,NA,NA,NA,NA,NA,NA,NA,NA,NA
Daily,2021-08-05,NA,NA,-92.825409,32.260433,49666.871094,49647.26563,49773.75391,6.322237,92.521511,106.023136,297.955292,0.016774,2.675099,32283.839844,8.156036,NA,NA,NA,NA,NA,NA,NA,NA,NA
Daily,2021-08-06,NA,NA,-93.3682325,NA,49666.53125,49550.04297,49612.96094,6.345344,92.44033049999999,105.899353,311.893402,0.590713,4.6933085000000005,32283.839844,8.166595000000001,0,0.22,1.3,1.3,8.15,119,1.24,0,NA
Daily,2021-08-07,NA,NA,-93.363457,NA,NA,49520.33984,49582.67188,6.319568,92.3462145,105.84832750000001,315.906342,1.042431,6.568542,32283.839844,8.164289499999999,NA,NA,NA,NA,NA,NA,NA,NA,NA
Daily,2021-08-08,NA,NA,-93.348999,NA,NA,49523.93359,49577.10938,6.316831,92.33778749999999,105.90023400000001,315.899323,1.589019,6.849732,32283.839844,8.174993,NA,NA,NA,NA,NA,NA,NA,NA,NA
Daily,2021-08-09,NA,NA,-92.89798,NA,NA,49515.21484,49599.68359,6.246454,91.0400585,104.3079985,315.916016,2.770415,10.387963,32283.839844,8.158087,NA,NA,NA,NA,NA,NA,NA,NA,NA
Daily,2021-08-10,NA,NA,-92.36255650000001,NA,NA,49529.64063,49581.75781,6.300861,91.610771,104.968002,313.912079,3.6689085,16.771399,32283.839844,8.15032,NA,NA,NA,NA,NA,NA,NA,NA,NA
Daily,2021-08-11,NA,NA,-92.085205,NA,NA,49534.6875,49653.332035,6.340286,92.399006,105.9419895,313.907562,4.510932,24.463214999999998,32283.839844,8.161380000000001,NA,NA,NA,NA,NA,NA,NA,NA,NA
Daily,2021-08-12,NA,NA,-91.892387,32.261944,49664.875,49561.496094999995,49797.52344,6.287423,91.811592,105.439537,313.92778,4.604102,27.0895745,32284.439453,8.175882,NA,NA,NA,NA,NA,NA,NA,NA,NA
Daily,2021-08-13,NA,NA,-92.3408775,32.262211,49667.701172,49777.2168,49779.265625,6.374185,92.895798,105.861137,303.99107349999997,0.231823,3.3010390000000003,32306.640625,8.167612,0,0.25,1.3,1.3,8.15,130,1.53,0.004,NA
Daily,2021-08-14,NA,NA,-91.824097,32.262266,49671.203125,49766.646485000005,49791.226559999996,6.2765485000000005,91.34562299999999,104.7606275,311.9767,0.6499585,5.055303,32306.4902345,8.165214,NA,NA,NA,NA,NA,NA,NA,NA,NA
Daily,2021-08-15,NA,NA,-91.3572925,32.2611425,49667.1328125,49776.73047,49795.808595,6.3695319999999995,92.663967,105.9138145,315.9658355,1.3662839999999998,4.977131999999999,32306.640625,8.163328,NA,NA,NA,NA,NA,NA,NA,NA,NA
Daily,2021-08-16,NA,NA,-91.79647800000001,32.2619765,49667.953125,49795.32813,49816.222655000005,6.288343,91.637459,104.880646,305.994934,2.570059,5.524031000000001,32306.640625,8.1431205,NA,NA,NA,NA,NA,NA,NA,NA,NA
Daily,2021-08-17,NA,NA,-91.367256,32.2627485,49670.123047,49790.503905,49797.685549999995,6.317591999999999,92.1704255,105.2084045,306.005676,3.7092954999999996,11.1736685,32306.640625,8.1566855,NA,NA,NA,NA,NA,NA,NA,NA,NA
Daily,2021-08-18,NA,NA,-91.38556650000001,32.261166,49678.367188,49797.125,49799.47266,6.286251,92.0106395,105.430023,304.046631,5.5100825,15.394199,32306.640625,8.1581935,NA,NA,NA,NA,NA,NA,NA,NA,NA
Daily,2021-08-19,NA,NA,-91.8741645,32.261951,49689.095703,49786.082030000005,49781.322264999995,6.3717475,92.1368065,105.4964865,300.105377,0.152762,19.167257,32306.039063,8.1264345,NA,NA,NA,NA,NA,NA,NA,NA,NA
Daily,2021-08-20,NA,NA,-92.0950585,NA,49696.025391,49882.35938,49864.85156,6.301653,91.706932,105.390972,288.138519,-0.0267785,2.092057,32301.539063,8.107837,2,0.18,1.3,1.9,8.21,120,1.58,0.01,NA
Daily,2021-08-21,NA,NA,-92.753265,NA,NA,50030.97266,50051.29688,6.258654,91.8166505,105.47018800000001,273.560883,-0.162529,-5.01961,NA,8.11805,NA,NA,NA,NA,NA,NA,NA,NA,NA
Daily,2021-08-22,NA,NA,-93.26054,NA,NA,50080.189455,50033.976565000004,6.305595500000001,91.8292385,105.65542199999999,271.580414,0.033925,-4.504255499999999,NA,8.127257,NA,NA,NA,NA,NA,NA,NA,NA,NA
Daily,2021-08-23,NA,NA,-93.339165,NA,NA,50019.64063,50055.49219,6.28091,92.1322215,105.644764,271.537872,0.156681,-4.1436139999999995,NA,8.131409000000001,NA,NA,NA,NA,NA,NA,NA,NA,NA
Daily,2021-08-24,NA,NA,-93.3892555,NA,NA,50053.437505,50029.402344999995,6.2725095,92.205189,106.1128845,275.52932699999997,0.4665905,-3.7594515,NA,8.1350825,NA,NA,NA,NA,NA,NA,NA,NA,NA
Daily,2021-08-25,NA,NA,-93.819786,NA,NA,50036.73047,50065.33594,6.375215,92.391472,105.8430635,277.551544,0.845106,-4.330029,NA,8.145436,NA,NA,NA,NA,NA,NA,NA,NA,NA
Daily,2021-08-26,NA,NA,-93.8642805,NA,NA,49958.005860000005,50060.996095,6.350721,91.846985,105.470497,281.4973905,1.3857665,-2.117349,NA,8.143012500000001,NA,NA,NA,NA,NA,NA,NA,NA,NA
Daily,2021-08-27,NA,NA,-93.766724,NA,NA,49807.12891,50017.79688,6.2394425,91.3468435,104.8825685,283.44233699999995,1.487355,0.880972,NA,8.121969,2,0.27,NA,2,8.26,117,1.61,0.006,NA
Daily,2021-08-28,NA,NA,-93.77388400000001,NA,NA,49810.15625,49943.271485000005,6.3097925,91.7022895,105.408634,279.405945,-0.1906525,-4.328039,NA,8.108628,NA,NA,NA,NA,NA,NA,NA,NA,NA
Daily,2021-08-29,NA,NA,-93.727623,NA,NA,49811.40234,49938.60938,6.311206,91.4420205,104.7924915,283.426636,0.186872,-3.054852,NA,8.097239,NA,NA,NA,NA,NA,NA,NA,NA,NA
Daily,2021-08-30,NA,NA,-93.7814445,NA,NA,49806.773434999996,49828.242185,6.2587305,91.4555245,104.8911365,285.433563,0.543169,-2.2028495,NA,8.097089,NA,NA,NA,NA,NA,NA,NA,NA,NA
Daily,2021-08-31,NA,NA,-93.330444,NA,NA,49799.98828,49801.53906,6.206467,90.718388,104.134052,285.392944,1.425007,-0.919872,NA,8.097648,NA,NA,NA,NA,NA,NA,NA,NA,NA
Daily,2021-09-01,77.005234,25.002907,-92.2986035,NA,NA,49794.597655,49791.6875,6.2037025,90.3938715,103.9859355,287.38124100000005,2.263051,-0.7205705,32436.439453,8.095152500000001,NA,NA,NA,NA,NA,NA,NA,NA,NA
Daily,2021-09-02,77.005234,25.002907,-91.8354875,32.503769,NA,49784.43359,49990.96875,6.281944,91.66248350000001,105.45495600000001,287.421326,3.036743,1.340045,32435.839844,8.09085,NA,NA,NA,NA,NA,NA,NA,NA,NA
Daily,2021-09-03,77.005234,25.002907,-92.738518,32.515987,49929.71875,50058.21875,50054.14063,6.35173,92.190056,105.863091,285.465515,3.2849695,1.8010005,32436.140625,8.115296,0,0.2,1.6,2.3,8.19,115,1.78,0.015,NA
Daily,2021-09-04,77.005234,25.002907,-92.785,32.521711499999995,49934.394531,50058.755860000005,50044.441405000005,6.297148999999999,92.309124,105.811653,273.5553285,0.015753,-2.2909435,32454.439453,8.1252765,NA,NA,NA,NA,NA,NA,NA,NA,NA
Daily,2021-09-05,77.005234,25.002907,-93.23155249999999,32.524216,49936.7382815,50037.44922,50055.4375,6.300007,92.16130799999999,106.01812749999999,275.572571,0.638194,0.89114,32454.140625,8.138321999999999,NA,NA,NA,NA,NA,NA,NA,NA,NA
Daily,2021-09-06,77.005234,25.002907,-93.3642005,32.528393,49943.775391,50043.960940000004,50042.859375,6.313731000000001,92.3687975,105.8961335,279.574707,0.9820555,4.0203679999999995,32454.140625,8.139719,NA,NA,NA,NA,NA,NA,NA,NA,NA
Daily,2021-09-07,77.005234,25.002907,-93.393517,32.5284,49940.6328125,50031.12891,50066.71875,6.272899,92.15140149999999,105.73575600000001,279.532501,2.2647205,11.291236,32454.140625,8.139421,NA,NA,NA,NA,NA,NA,NA,NA,NA
Daily,2021-09-08,77.005234,25.002907,-93.744179,32.528858,49941.765625,50046.42188,50047.82422,6.357545,91.9103315,105.74699050000001,279.607025,2.898357,22.582901,32454.140625,8.147229,NA,NA,NA,NA,NA,NA,NA,NA,NA
Daily,2021-09-09,77.005234,25.002907,-93.857544,32.5407275,49953.804688,50046.69922,50066.25,6.281444,92.026981,105.94894,281.608459,3.132079,22.832884,32452.939453,8.149041,NA,NA,NA,NA,NA,NA,NA,NA,NA
Daily,2021-09-10,77.005234,25.002907,-94.37473700000001,32.533334999999994,49945.453125,50041.900395000004,50054.414065000004,6.3739395000000005,92.4022675,105.994892,285.62023899999997,0.876895,6.7862015,32440.939453,8.1308415,0,0.16,1.3,1.8,8.24,115,1.88,0.012,NA
Daily,2021-09-11,77.005234,25.002907,-94.341465,32.523698499999995,49934.65625,50062.027344999995,50059.949219999995,6.3066984999999995,92.03242850000001,105.6875765,295.565018,1.855277,8.9142775,32441.240234,8.1247975,NA,NA,NA,NA,NA,NA,NA,NA,NA
Daily,2021-09-12,77.005234,25.002907,-94.241577,32.522594,49934.476563,50043.44141,50050.59375,6.302254,92.01333650000001,105.706974,297.556396,2.772591,11.788597,32441.539063,8.123432,NA,NA,NA,NA,NA,NA,NA,NA,NA
Daily,2021-09-13,77.005234,25.002907,-94.29001199999999,32.518101,49929.056641,50044.339845,50050.447265,6.2781735,92.0063855,105.4915125,293.5183105,3.928438,17.697744999999998,32441.240234,8.121955,NA,NA,NA,NA,NA,NA,NA,NA,NA
Daily,2021-09-14,77.005234,25.002907,-94.3350755,32.520149,49933.636719,50058.27734,50050.34375,6.292393,91.58705499999999,105.306095,289.544464,5.855796,19.198614,32441.539063,8.1263775,NA,NA,NA,NA,NA,NA,NA,NA,NA
Daily,2021-09-15,77.005234,25.002907,-93.90696,32.518124,49931.359375,50062.23828,50060.79688,6.281166,91.613335,105.3502805,285.537537,7.762131,25.197811,32441.539063,8.119553,NA,NA,NA,NA,NA,NA,NA,NA,NA
Daily,2021-09-16,77.005234,25.002907,-93.909698,32.508568,49928.6875,49955.67578,50063.82031,6.270286,91.495472,105.2034875,283.475586,10.898062,32.623257,32441.839844,8.124094,NA,NA,NA,NA,NA,NA,NA,NA,NA
Daily,2021-09-17,77.005234,25.002907,-93.384026,32.506996,49937.609375,49892.515625,50052.74805,6.2269950000000005,90.8181115,104.227913,283.441772,11.2292805,34.627767500000004,32441.240234,8.109496,0,0.21,1.1,1.5,8.22,112,1.9,0.008,NA
Daily,2021-09-18,77.005234,25.002907,-92.846588,32.511654,49928.8769535,50032.75391,50035.75,6.250601,91.581619,105.079735,289.495392,3.179035,11.47317,32439.439453,8.09691,NA,NA,NA,NA,NA,NA,NA,NA,NA
Daily,2021-09-19,77.005234,25.002907,-92.8269655,32.511013500000004,49928.4414065,50031.804690000004,50044.87891,6.294903,91.7437555,105.45449049999999,291.4728395,5.840961,16.1938275,32439.740234,8.110906,NA,NA,NA,NA,NA,NA,NA,NA,NA
Daily,2021-09-20,77.005234,25.002907,-92.973885,32.508503,49929.535156,49923.605469999995,50063.90234,6.311846,92.011589,105.6515235,287.463013,7.4008925,17.691174,32439.439453,8.106082,NA,NA,NA,NA,NA,NA,NA,NA,NA
Daily,2021-09-21,77.005234,25.002907,-93.29637149999999,32.5053425,49926.871094,49891.37109,50055.708985000005,6.346389,92.11431150000001,106.10135249999999,281.467133,8.705834,20.0669215,32439.439453,8.1143765,NA,NA,NA,NA,NA,NA,NA,NA,NA
Daily,2021-09-22,77.005234,25.002907,-93.129494,32.504791,49926.546875,49870.82813,49988.875,6.298753,92.001087,105.684166,283.429749,8.571918,19.569008,32440.039063,8.114022,NA,NA,NA,NA,NA,NA,NA,NA,NA
Daily,2021-09-23,77.005234,25.002907,-91.8844375,32.503551,49925.644531,49875.21484,49999.363285,6.182748,90.2199785,103.61759599999999,295.4151,5.442282,15.0938695,32454.140625,8.100179,NA,NA,NA,NA,NA,NA,NA,NA,NA
Daily,2021-09-24,77.005234,25.002907,-91.12595350000001,32.505688,NA,49883.69922,50050.01563,6.254518,91.56203049999999,105.3100245,299.468109,8.708585,23.816397,32454.140625,8.08641,0,0.11,1.2,2.2,8.15,128,2.09,0,NA
Daily,2021-09-25,77.005234,25.002907,-91.121834,32.504745,49925.765625,49882,50038,6.23799,91.3553965,104.8032795,299.429749,9.152332999999999,25.564854,32454.140625,8.086418,NA,NA,NA,NA,NA,NA,NA,NA,NA
Daily,2021-09-26,77.005234,25.002907,-90.633453,32.505886,49926.796875,49892.21484,50020.57031,6.203073,90.5624085,103.940258,297.442871,9.643022,28.440149,32454.140625,8.093805,NA,NA,NA,NA,NA,NA,NA,NA,NA
Daily,2021-09-27,77.005234,25.002907,-90.004692,32.516705,49931.765625,50040.37891,50047.67969,6.263694,91.33730700000001,104.854645,293.5516665,10.638874,30.574337,32454.140625,8.089149,NA,NA,NA,NA,NA,NA,NA,NA,NA
Daily,2021-09-28,77.005234,25.002907,-90.5933645,32.517868,49931.597656,50036.570315000004,50050.865235,6.2801565,91.6085395,105.194492,293.517242,10.1558645,36.89772,32453.839844,8.09369,NA,NA,NA,NA,NA,NA,NA,NA,NA
Daily,2021-09-29,77.005234,25.002907,-90.650429,32.524841,49937.060547,50046.83203,50058.09375,6.259014,91.237751,104.89722850000001,291.555389,10.770963,44.902035,32454.140625,8.097748,NA,NA,NA,NA,NA,NA,NA,NA,NA
Daily,2021-09-30,77.005234,25.002907,-91.075256,32.533695,49945.050781,50064.05078,50067,6.276597,91.556576,105.1850585,287.592773,12.152521,52.4137305,32454.140625,8.082436,NA,NA,NA,NA,NA,NA,NA,NA,NA
Daily,2021-10-01,77.005234,25.002907,-90.658829,32.562034499999996,49976.5273435,50050.25,50064.14063,6.268919,91.611614,105.416149,287.779694,NA,8.11929,32454.140625,8.096354,NA,0.17,1.3,2.1,8.18,132,2.01,0.01,NA
Daily,2021-10-02,77.005234,25.002907,-91.18682100000001,32.587301,50011.8925785,50063.015625,50056.23047,6.3045124999999995,92.203449,105.794094,287.95703100000003,NA,NA,32422.939453,8.096324,NA,NA,NA,NA,NA,NA,NA,NA,NA
Daily,2021-10-03,77.005234,25.002907,-91.635658,NA,50041.8027345,50049.95313,50036.99219,6.30897,91.98969299999999,105.587593,286.160492,NA,NA,NA,8.102633,NA,NA,NA,NA,NA,NA,NA,NA,NA
Daily,2021-10-04,77.005234,25.002907,-91.640984,NA,50052.195313,50028.81641,50058.76563,6.268867,91.606945,105.18152599999999,286.222046,NA,NA,NA,8.094218,NA,NA,NA,NA,NA,NA,NA,NA,NA
Daily,2021-10-05,77.005234,25.002907,-91.666267,32.545261000000004,49998.785156,50048.18359,50058.14063,6.306695,91.479396500000007,105.10672,288.328461,0.08032,6.349139,32423.240234,8.097381,NA,NA,NA,NA,NA,NA,NA,NA,NA
Daily,2021-10-06,77.005234,25.002907,-91.671322,32.530134000000004,49944.1503905,50024.09375,50030.613280000005,6.2876080000000005,91.84034349999999,105.1415825,NA,0.179918,7.083349,32423.240234,8.105333,NA,NA,NA,NA,NA,NA,NA,NA,NA
Daily,2021-10-07,77.005234,25.002907,-91.68576,32.537987,49958.527344,49971.25391,50022.76563,6.223524,90.653641,104.062813,265.457367,0.364839,5.147329,32423.839844,8.093535,NA,NA,NA,NA,NA,NA,NA,NA,NA
Daily,2021-10-08,77.005234,25.002907,-92.1386605,32.504936,50163.7089845,49852.714844999995,49970.29492,6.1883995,90.3122175,103.048603,265.451019,NA,7.124765999999999,32443.640625,8.0961055,0,0.14,1.2,1.5,NA,138,1.93,0.008,NA
Daily,2021-10-09,77.005234,25.002907,-92.655701,32.50201,50167.460938,49793.8125,49865.82422,6.153861,89.9558905,102.8730885,265.42865,0.0377005,8.468613000000001,32443.640625,8.097775,NA,NA,NA,NA,NA,NA,NA,NA,NA
Daily,2021-10-10,77.005234,25.002907,-92.52937299999999,32.500675,50163.9921875,49777.324219999995,49801.08594,6.12174,89.9527285,102.86119049999999,265.4200745,0.105606,7.171816,32443.939453,8.088406,NA,NA,NA,NA,NA,NA,NA,NA,NA
Daily,2021-10-11,77.005234,25.002907,-92.948822,NA,50149.5839845,49805.433594999995,49781.703125,6.152249,89.19763950000001,102.004272,257.255524,0.328429,NA,32432.3935545,8.101512,NA,NA,NA,NA,NA,NA,NA,NA,NA
Daily,2021-10-12,77.005234,25.002907,-92.3147315,NA,50137.5468755,49815.45703,49803.851565000004,6.023702,88.197445,100.890232,249.629944,NA,NA,32424.943359,8.098104,NA,NA,NA,NA,NA,NA,NA,NA,NA
Daily,2021-10-13,77.005234,25.002907,-91.9562,NA,50136.167969,49788.167969999995,49790,6.131261,89.5190695,102.3913115,251.62351999999998,NA,NA,32412.445313,8.0885335,NA,NA,NA,NA,NA,NA,NA,NA,NA
Daily,2021-10-14,77.005234,25.002907,-92.311279,NA,50143.4375,49785.95313,49779.75,6.149292,89.95512,103.026947,250.635925,NA,NA,32421.442383,8.097729,NA,NA,NA,NA,NA,NA,NA,NA,NA
Daily,2021-10-15,77.005234,25.002907,-92.573448,32.501228,50155.023438,49796.51953,49814,6.169528,90.169052,103.311329,252.670547,NA,NA,32424.34375,8.095187,0,0.13,0.8,1.6,8.16,131,1.79,0,NA
Daily,2021-10-16,77.005234,25.002907,-92.75205249999999,32.523069500000005,49931.605469,50028.972655000005,50042.25,6.1570865,90.246521,103.19208549999999,254.7758865,NA,NA,32418.445313,8.08351,NA,NA,NA,NA,NA,NA,NA,NA,NA
Daily,2021-10-17,77.005234,25.002907,-92.8240165,32.525391,49936.7734375,50037.234375,50064.21875,6.159791,90.0599095,102.9984895,255.2874605,NA,NA,32412.943359,8.085123,NA,NA,NA,NA,NA,NA,NA,NA,NA
Daily,2021-10-18,77.005234,25.002907,-92.74244300000001,32.53702,49945.6347655,50052.021485000005,50056.3125,6.1508795,89.880653,102.570679,253.800903,NA,NA,32415.445313,8.094424,NA,NA,NA,NA,NA,NA,NA,NA,NA
Daily,2021-10-19,77.005234,25.002907,-92.524834,32.531803,49940.953125,50032.96484,50054.6875,6.132574,89.703194,102.68107599999999,252.824844,NA,NA,32426.6416015,8.089766,NA,NA,NA,NA,NA,NA,NA,NA,NA
Daily,2021-10-20,77.005234,25.002907,-92.251831,32.526123,49937.683594,50019.39063,50037.125,6.169994,90.1709865,103.392437,254.788696,NA,NA,32421.841797,8.0947375,NA,NA,NA,NA,NA,NA,NA,NA,NA
Daily,2021-10-21,77.005234,25.002907,-92.255184,32.5246465,49935.7148435,50068.724610000005,50032,6.2086725000000005,90.2898215,103.177792,256.6679305,NA,NA,32427.34375,8.097673,NA,NA,NA,NA,NA,NA,NA,NA,NA
Daily,2021-10-22,77.005234,25.002907,-92.24276,32.524334,49936.445313,50034.20313,50050.28125,6.17165,89.9351465,102.922783,255.79068,NA,NA,32424.194336,8.115606,0,0.12,0.8,1,8.13,139,NA,0.009,NA
Daily,2021-10-23,77.005234,25.002907,-92.470501,32.528274499999995,49940.751953,50057.376955,50090.9375,6.161944,89.754734,102.574997,257.583618,NA,NA,32422.742188,8.153567,NA,NA,NA,NA,NA,NA,NA,NA,NA
Daily,2021-10-24,77.005234,25.002907,-92.723469,32.523283,49931.339844,50053.316405000005,50035.367190000004,6.174666,89.799049,102.65900400000001,255.755737,NA,NA,32424.8447265,8.155847,NA,NA,NA,NA,NA,NA,NA,NA,NA
Daily,2021-10-25,77.005234,25.002907,-92.464699,32.5159035,49930.8339845,50013.228514999995,50062.546875,6.162587,89.8663445,102.617928,254.758636,NA,NA,32425.894531500002,8.153244,NA,NA,NA,NA,NA,NA,NA,NA,NA
Daily,2021-10-26,77.005234,25.002907,-92.196114,32.515202,49926.71875,50020.28125,50043.25,6.131919,89.4447285,102.2562905,252.745636,NA,NA,32427.743164,8.15485,NA,NA,NA,NA,NA,NA,NA,NA,NA
Daily,2021-10-27,77.005234,25.002907,-91.923126,32.515976,49930.7050785,50027.46875,50044.78125,6.181331,90.26884050000001,103.3152085,248.7665255,NA,NA,32413.542969,8.159485499999999,NA,NA,NA,NA,NA,NA,NA,NA,NA
Daily,2021-10-28,77.005234,25.002907,-92.03878,32.505924,50166.914063,49854.48047,50058.3125,6.170208,90.092022,103.006874,248.7164305,NA,NA,32415.493164,8.158869,NA,NA,NA,NA,NA,NA,NA,NA,NA
Daily,2021-10-29,77.005234,25.002907,-91.74314899999999,32.505363,50168.828125,49810.33203,50012.4375,6.161602,89.90717699999999,102.61584099999999,251.708466,NA,5.934436,32426.744141,8.157249499999999,0,0.16,0.8,0.8,8.16,136,1.9,0.004,NA
Daily,2021-10-30,77.005234,25.002907,-91.965492,32.501202,50164.773438,49808.33984,49841.25,6.177068,89.910454,102.76323350000001,251.704086,NA,NA,32417.341797,8.162491,NA,NA,NA,NA,NA,NA,NA,NA,NA
Daily,2021-10-31,77.005234,25.002907,-92.068726,32.504486,50170.7246095,49791.64258,50038.0625,6.156341,90.00959,102.99946249999999,249.71373,NA,NA,32424.34375,8.148897,NA,NA,NA,NA,NA,NA,NA,NA,NA
Daily,2021-11-01,77.005234,25.002907,-91.74128,NA,50163.90625,49948.51563,50043.34375,6.16443,90.2695045,103.40789050000001,247.72966,NA,-0.054083,32432.495117,8.15569,NA,NA,NA,NA,NA,NA,NA,NA,NA
Daily,2021-11-02,77.005234,25.002907,-91.741142,32.7494375,50167.515625,49852.427735000005,50012.0625,6.209132,90.250664,103.26676950000001,247.2161945,NA,0.217286,32437.5947265,8.15441,NA,NA,NA,NA,NA,NA,NA,NA,NA
Daily,2021-11-03,77.005234,25.002907,-91.45742,32.7489015,50166.105469,49887.464844999995,50048.03125,6.198386,90.3539465,103.288841,246.711349,NA,0.290165,32444.443359,8.15536,NA,NA,NA,NA,NA,NA,NA,NA,NA
Daily,2021-11-04,77.005234,25.002907,-91.637833,32.745392,50170.939453,49840.95703,50017.640625,6.195232,90.610031,103.826721,246.695419,NA,0.295839,32427.2958985,8.144972500000002,NA,NA,NA,NA,NA,NA,NA,NA,NA
Daily,2021-11-05,77.005234,25.002907,-91.244987,32.7475625,50166.3964845,49905.152345,50184.625,6.176475,90.253979,103.449318,246.693619,-0.290751,0.657629,32485.3437505,8.147686,0,0.1,1.1,1.1,8.16,130,2.03,0,NA
Daily,2021-11-06,77.005234,25.002907,-91.723358,32.848904,50267.988281,50277.18359,50286.57813,6.195199,90.4655535,103.51633100000001,257.516602,-0.27705,0.99732,32664.443359,8.15959,NA,NA,NA,NA,NA,NA,NA,NA,NA
Daily,2021-11-07,77.005234,25.002907,-91.437004,32.862946,50280.648438,50292.23828,50264.39063,6.235876,90.7483215,103.5319325,257.582825,-0.25766,1.018879,32665.0439455,8.151317,NA,NA,NA,NA,NA,NA,NA,NA,NA
Daily,2021-11-08,77.005234,25.002907,-91.245735,32.871868,50294.597656,50295.24805,50313.98438,6.209721,90.569084,103.585365,253.851364,-0.239267,1.128294,32663.4931645,8.160048,NA,NA,NA,NA,NA,NA,NA,NA,NA
Daily,2021-11-09,77.005234,25.002907,-90.81205,32.868565,50289.992188,50285.509770000004,50280.195315000004,6.190027,90.294853,103.16111,252.825806,-0.232185,1.183089,32663.644531,8.154397,NA,NA,NA,NA,NA,NA,NA,NA,NA
Daily,2021-11-10,77.005234,25.002907,-90.755402,32.877819,50298.695313,50331.9375,50304.484375,6.174468,90.29916,103.094818,251.842194,-0.223588,1.167755,32662.841797,8.136763,NA,NA,NA,NA,NA,NA,NA,NA,NA
Daily,2021-11-11,77.005234,25.002907,-90.93428850000001,32.879433,50298.128906,50267.466795,50328.46875,6.228687,90.557888,103.5594445,251.843643,-0.213678,1.245739,32671.746094,8.144649,NA,NA,NA,NA,NA,NA,NA,NA,NA
Daily,2021-11-12,77.005234,25.002907,-90.753731,32.874072999999996,50294.214844,50284.960934999996,50259.21094,6.181912499999999,90.97258,103.530422,250.825447,-0.22396749999999999,1.296508,32666.542969,8.143626,0,0.16,1,0.9,8.11,139,1.84,0.008,NA
Daily,2021-11-13,77.005234,25.002907,-90.546989,32.883888,50305.9003905,50328.39063,50332.04688,6.198302,90.59326949999999,103.617397,250.866394,-0.20974,1.2851504999999999,32662.042969,8.135177500000001,NA,NA,NA,NA,NA,NA,NA,NA,NA
Daily,2021-11-14,77.005234,25.002907,-90.2062,32.90333,50328.855469,50284.54297,50309.86719,6.2330615,91.0110095,104.237892,250.923851,-0.2016035,1.3914695,32661.34375,8.126983,NA,NA,NA,NA,NA,NA,NA,NA,NA
Daily,2021-11-15,77.005234,25.002907,-90.225811,32.910339,50337.726563,50265.04297,50321.710940000004,6.221812,90.856117,103.9975355,250.934097,-0.2051,1.442526,32667.59375,8.134473,NA,NA,NA,NA,NA,NA,NA,NA,NA
Daily,2021-11-16,77.005234,25.002907,-90.263817,32.910751,50334.429688,50278.92188,50283.17188,6.183221,90.68193450000001,103.491409,248.952843,-0.188365,1.41897,32666.8427735,8.133407,NA,NA,NA,NA,NA,NA,NA,NA,NA
Daily,2021-11-17,77.005234,25.002907,-89.828247,32.919392,50342.90625,50271.5625,50306.351565000004,6.150827,89.8897475,102.6768115,247.969315,-0.187437,1.442927,32665.943359,8.118688,NA,NA,NA,NA,NA,NA,NA,NA,NA
Daily,2021-11-18,77.005234,25.002907,-89.785492,32.917297,50587.300781,50281.896485000005,50299.10156,6.214678,90.7679445,103.642677,248.937408,-0.187346,1.497175,32666.84375,8.11395,NA,NA,NA,NA,NA,NA,NA,NA,NA
Daily,2021-11-19,77.005234,25.002907,-89.894554,32.914997,50596.460938,50308.91016,50295.54688,6.241088,90.9550055,103.88185899999999,252.456047,-0.2358115,1.262953,32665.34375,8.0982255,0,NA,1,1.6,8.05,132,1.69,0,NA
Daily,2021-11-20,77.005234,25.002907,-90.376766,NA,50635.363281,50302.488285,50275.792969999995,6.2614135,91.114082,104.104389,255.0988845,-0.4180765,0.5950955,32665.943359,8.109351499999999,NA,NA,NA,NA,NA,NA,NA,NA,NA
Daily,2021-11-21,77.005234,25.002907,-89.840202,NA,50645.886719,50277.08984,50305.625,6.1956,90.595737,103.5392535,253.098511,-0.398763,0.679585,32668.242188,8.095565,NA,NA,NA,NA,NA,NA,NA,NA,NA
Daily,2021-11-22,77.005234,25.002907,-89.738121,NA,50640.863281,50307.82422,50312.17188,6.272576,91.3175085,104.42805100000001,253.100494,-0.398598,0.651976,32671.34375,8.095237,NA,NA,NA,NA,NA,NA,NA,NA,NA
Daily,2021-11-23,77.005234,25.002907,-89.23087699999999,NA,50645.2363285,50310.85547,50276.84766,6.1815245,90.3484575,103.28912,252.10118849999998,-0.3782125,0.7459675,32669.244141,8.102231,NA,NA,NA,NA,NA,NA,NA,NA,NA
Daily,2021-11-24,77.005234,25.002907,-88.78642249999999,NA,50658.058594,50304.59766,50286.39844,6.2241995,90.872341,103.5839655,250.1485675,-0.387124,0.701041,32670.743164,8.092163,NA,NA,NA,NA,NA,NA,NA,NA,NA
Daily,2021-11-25,77.005234,25.002907,-88.820747,NA,50660.996094,50262.75,50268.25,6.259318,91.2787285,104.350334,248.168991,-0.377372,0.699244,32665.841797,8.09732,NA,NA,NA,NA,NA,NA,NA,NA,NA
Daily,2021-11-26,77.005234,25.002907,-88.822998,NA,50672.820313,50298.46875,50288.09375,6.227478,91.15328600000001,104.25181549999999,249.174026,-0.363709,0.707156,32671.7431645,8.091949,0,0.1,0.8,1.2,8.03,129,1.78,0.006,NA
Daily,2021-11-27,77.005234,25.002907,-88.860382,NA,50621.722656,50300.86328,50312.73438,6.263766,91.315079,104.243103,248.05837250000002,-0.349661,0.7862695,32666.393555,8.096936,NA,NA,NA,NA,NA,NA,NA,NA,NA
Daily,2021-11-28,77.005234,25.002907,-88.894455,NA,50621.6875,50292.58984,50307.00781,6.258607,91.480354,104.30312,248.074371,-0.345706,0.819424,32665.34375,8.091791,NA,NA,NA,NA,NA,NA,NA,NA,NA
Daily,2021-11-29,77.005234,25.002907,-89.291069,32.92836,50612.8437505,50273.91016,50307.3125,6.2603729999999995,91.4575275,104.34175099999999,248.028259,-0.353593,0.889715,32662.8916015,8.0913665,NA,NA,NA,NA,NA,NA,NA,NA,NA
Daily,2021-11-30,77.005234,25.002907,-89.7759705,32.926331,50604.832031,50300.71484,50299.96094,6.270329,91.43654599999999,104.405651,247.987427,-0.406097,0.885604,32663.444336,8.105736499999999,NA,NA,NA,NA,NA,NA,NA,NA,NA
Daily,2021-12-01,77.005234,25.002907,-89.7334405,NA,50341.4277345,50349.08203,50389.4375,6.242616,91.108482,104.166328,246.9892575,NA,NA,32751.993164,8.088477,NA,NA,NA,NA,NA,NA,NA,NA,NA
Daily,2021-12-02,77.005234,25.002907,-89.299156,NA,50336.65625,50350.23828,50392.914065000004,6.252026,91.614784,104.6568565,245.951462,NA,NA,32752.644531,8.097994,NA,NA,NA,NA,NA,NA,NA,NA,NA
Daily,2021-12-03,77.005234,25.002907,-89.3392185,NA,50603.59375,50401.156255,50416.97266,6.2473195,91.050312,104.0642015,248.987091,-2.187147,NA,33074.2851565,8.072196,0,0.13,1.1,1.4,8.07,128,1.86,0.015,NA
Daily,2021-12-04,77.005234,25.002907,-89.81897,NA,50833.621094,50791.84766,50789.71875,6.213765,90.9187205,103.827118,251.46402,-2.1866624999999997,NA,33091.185547,8.029933,NA,NA,NA,NA,NA,NA,NA,NA,NA
Daily,2021-12-05,77.005234,25.002907,-89.860382,NA,51113.9785155,50791.818360000005,50784.76563,6.24624,90.84486,103.9392015,248.502571,-2.173347,NA,33118.488281,8.033751,NA,NA,NA,NA,NA,NA,NA,NA,NA
Daily,2021-12-06,77.005234,25.002907,-89.8676495,NA,51120.578125,50758.44922,50802.41797,6.2176,90.89940250000001,104.0499725,249.502182,-2.172968,NA,33084.082031,8.032085,NA,NA,NA,NA,NA,NA,NA,NA,NA
Daily,2021-12-07,77.005234,25.002907,-89.358543,NA,51093.199219,50761.26953,50792.59375,6.167678,90.2928235,103.464027,246.501518,-2.156081,NA,33089.890625,8.041169,NA,NA,NA,NA,NA,NA,NA,NA,NA
Daily,2021-12-08,77.005234,25.002907,-89.296986,NA,51085.320313,50800.39063,50777.24609,6.209487,90.818459,103.708046,244.46821549999999,-2.157268,NA,33096.082031,8.0314175,NA,NA,NA,NA,NA,NA,NA,NA,NA
Daily,2021-12-09,77.005234,25.002907,-89.010559,NA,51086.96875,50791.824215,50805.37891,6.218935,90.750198,103.640438,243.445724,-2.149753,-11.445094,33096.683594,8.034404,NA,NA,NA,NA,NA,NA,NA,NA,NA
Daily,2021-12-10,77.005234,25.002907,-89.00486,NA,50846.1484375,50809.76953,50799.27344,6.195629,90.739937,103.648636,244.4463885,-2.155622,NA,33093.9882815,8.008475,0,0.14,0.9,1.2,7.98,128,1.89,0,NA
Daily,2021-12-11,77.005234,25.002907,-88.889046,NA,51106.699219,50780.10547,50801.70508,6.214004,91.1451225,104.35511,245.487656,-2.158663,NA,33122.2851565,7.951524,NA,NA,NA,NA,NA,NA,NA,NA,NA
Daily,2021-12-12,77.005234,25.002907,-88.919201,NA,51109.810547,50789.738280000005,50805.00391,6.1945935,90.98710249999999,104.27581799999999,242.49449900000002,-2.157757,NA,33122.085938,7.953998500000001,NA,NA,NA,NA,NA,NA,NA,NA,NA
Daily,2021-12-13,77.005234,25.002907,-89.29858,NA,51113.1132815,50801.66016,50800.41406,6.2395295,91.18314749999999,104.46121600000001,243.4945525,-2.155024,NA,33115.486328,7.9549845,NA,NA,NA,NA,NA,NA,NA,NA,NA
Daily,2021-12-14,77.005234,25.002907,-88.7099305,NA,50845.78125,50775.867184999996,50809.189450000005,6.142576,90.039112,103.09167099999999,240.94988999999998,-2.1474115,NA,33121.089844,7.954249000000001,NA,NA,NA,NA,NA,NA,NA,NA,NA
Daily,2021-12-15,77.005234,25.002907,-87.8968965,NA,50856.5351565,50788.400389999995,50809.396485000005,6.136941500000001,90.371273,103.230705,241.47759250000001,-2.140345,NA,33094.185547,7.932878,NA,NA,NA,NA,NA,NA,NA,NA,NA
Daily,2021-12-16,77.005234,25.002907,-87.98455,NA,51103.851563,50774.3125,50810.58203,6.190523,90.6111715,104.031021,239.5199585,-2.126111,NA,33116.6875,7.932617,NA,NA,NA,NA,NA,NA,NA,NA,NA
Daily,2021-12-17,77.005234,25.002907,-88.3995665,NA,51093.7070315,50789.71875,50814.326174999995,6.1886624999999995,90.636215000000007,103.660988,239.457108,-2.140427,NA,33093.492188,7.946611,0,0.06,0.7,0.8,7.97,123,1.73,0.009,NA
Daily,2021-12-18,77.005234,25.002907,-88.51902749999999,NA,51100.867188,50802.964844999995,50814.960940000004,6.215342,91.10065850000001,104.38145449999999,237.47925600000002,-2.125474,NA,33088.2871095,7.9639925,NA,NA,NA,NA,NA,NA,NA,NA,NA
Daily,2021-12-19,77.005234,25.002907,-88.8608705,NA,51112.056641,50778.65234,50785.052735000005,6.212854999999999,91.20930849999999,104.598614,238.5043185,-2.1264085,NA,33109.488281,7.9685925,NA,NA,NA,NA,NA,NA,NA,NA,NA
Daily,2021-12-20,77.005234,25.002907,-89.3185845,NA,50967.142578,50782.507815000004,50788.39453,6.2153030000000005,91.433697,104.496265,237.453918,-2.1166415,NA,33113.6875,7.975761,NA,NA,NA,NA,NA,NA,NA,NA,NA
Daily,2021-12-21,77.005234,25.002907,-89.32493600000001,NA,50843.0625,50783.244145000004,50843.810545,6.230502,90.9150585,103.9960515,237.458084,-2.124287,NA,33099.886719,7.979357,NA,NA,NA,NA,NA,NA,NA,NA,NA
Daily,2021-12-22,77.005234,25.002907,-89.3262405,NA,50838.167969,50766.77734,50801.24609,6.244311,91.31823349999999,104.57127,238.420761,-2.123634,NA,33089.6875,7.976675999999999,NA,NA,NA,NA,NA,NA,NA,NA,NA
Daily,2021-12-23,77.005234,25.002907,-89.73278,NA,50828.175781,50780.83984,50822.486325000005,6.242272,90.9808235,104.1965175,240.414917,-2.104712,NA,33101.386719,7.982659,NA,NA,NA,NA,NA,NA,NA,NA,NA
Daily,2021-12-24,77.005234,25.002907,-88.329994,NA,50823.355469,50774.16797,50808.16016,6.097438,89.4010545,102.234432,236.3950655,-2.076088,-11.691689,33119.7890625,7.997272,0,0.11,0.8,0.8,8.02,128,1.89,0.005,NA
Daily,2021-12-25,77.005234,25.002907,-87.731651,NA,50838.748047,50796.73633,50821.40039,6.1495815,89.895554,102.9230655,235.9222715,-2.0924940000000003,NA,33103.7871095,8.089576000000001,NA,NA,NA,NA,NA,NA,NA,NA,NA
Daily,2021-12-26,77.005234,25.002907,-87.3921665,NA,50852.3632815,50773.98438,50782.8125,6.2211669999999994,91.030861,103.9496345,237.45697,-2.1228595,NA,33118.6914065,8.092718999999999,NA,NA,NA,NA,NA,NA,NA,NA,NA
Daily,2021-12-27,77.005234,25.002907,-87.279091,NA,51110.9960935,50794.31641,50812.576174999995,6.1194305,89.608093,102.5282935,235.9926225,-2.093756,NA,33107.292969,8.098348000000001,NA,NA,NA,NA,NA,NA,NA,NA,NA
Daily,2021-12-28,77.005234,25.002907,-87.4762725,NA,51117.367188,50807.99609,50791.646485,6.1962015,90.420372,103.312714,235.532913,-2.079913,NA,33101.783203,8.089897,NA,NA,NA,NA,NA,NA,NA,NA,NA
Daily,2021-12-29,77.005234,25.002907,-87.4557115,NA,51120.3984375,50779.14453,50814.671875,6.122645,89.89706799999999,102.9136925,235.50145,-2.0792055,NA,33100.089844,8.0932455,NA,NA,NA,NA,NA,NA,NA,NA,NA
Daily,2021-12-30,77.005234,25.002907,-87.387592,NA,51125.453125,50779.232425,50784.91016,6.143275,89.943764,102.78854000000001,235.5254745,-2.080677,NA,33116.292969,8.0904365,NA,NA,NA,NA,NA,NA,NA,NA,NA
Daily,2021-12-31,77.005234,25.002907,-87.3409045,NA,51124.492188,50769.09375,50826.146485000005,6.108589,89.462021,102.32972000000001,236.5116575,-2.093305,NA,33114.886719,8.090226999999999,0,0.07,0.7,1.2,8.02,128,2.09,0.01,NA
Daily,2022-01-01,77.005234,25.002907,-87.241928,33.437401,50853.996094,50842.27734,50830.81641,6.151067,90.02822499999999,103.433918,235.9730225,NA,NA,33097.691406,8.1024425,NA,NA,NA,NA,NA,NA,NA,NA,NA
Daily,2022-01-02,77.005234,25.002907,-88.015762,33.441852499999996,51125.9023435,50831.8125,50814.841795,6.2346435,91.57589,104.924595,239.503769,NA,NA,33105.082031,8.056832,NA,NA,NA,NA,NA,NA,NA,NA,NA
Daily,2022-01-03,77.005234,25.002907,-88.101723,33.464172,51150.457031,50800.16016,50821.57031,6.21328,91.3591155,104.4557495,242.610779,NA,NA,33113.7890625,8.036213,NA,NA,NA,NA,NA,NA,NA,NA,NA
Daily,2022-01-04,77.005234,25.002907,-88.983486,33.4765965,51166.011719,50847.78516,50824,6.250113,91.605606,104.752674,244.15541100000002,NA,NA,33123.289063,8.0186025,NA,NA,NA,NA,NA,NA,NA,NA,NA
Daily,2022-01-05,77.005234,25.002907,-89.67554849999999,33.4814395,51170.1289065,50828.626955,50822.11914,6.269771,91.273079,104.79043200000001,242.6671675,NA,NA,33114.785156,8.0244285,NA,NA,NA,NA,NA,NA,NA,NA,NA
Daily,2022-01-06,77.005234,25.002907,-89.917564,33.477219,51165.859375,50834.55078,50818.06641,6.218281,91.30675550000001,104.568066,242.64389,NA,NA,33153.0839845,8.041654,NA,NA,NA,NA,NA,NA,NA,NA,NA
Daily,2022-01-07,77.005234,25.002907,-90.327766,33.476795,51163.242188,50895.44141,50884.902345,6.230261,90.9713175,104.18980450000001,245.66089649999998,0.47452099999999997,-2.1516824999999997,33137.2851565,8.02744,0,0.24,0.7,1.5,8,128,1.91,0.009,NA
Daily,2022-01-08,77.005234,25.002907,-90.386448,NA,51087.089844,51035.982425,51048.175780000005,6.230345,91.3218155,104.9049455,258.31915300000003,0.500123,-2.159357,33096.0898435,8.0081215,NA,NA,NA,NA,NA,NA,NA,NA,NA
Daily,2022-01-09,77.005234,25.002907,-90.87385549999999,NA,51100.4941405,51049.585934999996,51058.95313,6.278363000000001,92.2971915,105.9771235,256.37516800000003,0.504176,NA,33124.488281,8.013828,NA,NA,NA,NA,NA,NA,NA,NA,NA
Daily,2022-01-10,77.005234,25.002907,-90.90464399999999,NA,51097.9375,51034.876955,51068.185545,6.274096,92.184494,106.0907325,255.194473,0.5231589999999999,NA,33099.492188,8.026724999999999,NA,NA,NA,NA,NA,NA,NA,NA,NA
Daily,2022-01-11,77.005234,25.002907,-91.31293500000001,NA,51335.4433595,51063.07813,51081.41016,6.2730255,92.106540999999993,105.8346635,254.2007755,0.523631,NA,33110.2871095,8.0270995,NA,NA,NA,NA,NA,NA,NA,NA,NA
Daily,2022-01-12,77.005234,25.002907,-91.122803,NA,51086.671875,51065.78516,51044.535155000005,6.253233,92.063011,105.850357,254.164536,0.53893,NA,33125.482422,8.027271500000001,NA,NA,NA,NA,NA,NA,NA,NA,NA
Daily,2022-01-13,77.005234,25.002907,-91.038517,NA,51087.166016,51059.05078,51060.14844,6.256748999999999,91.960922,105.836304,253.1524585,0.538733,NA,33103.7871095,8.025763,NA,NA,NA,NA,NA,NA,NA,NA,NA
Daily,2022-01-14,77.005234,25.002907,-91.30843,NA,51086.2089845,51045.80078,51069.41406,6.215869,91.23496650000001,104.95057299999999,253.1414795,0.538771,NA,33105.683594,8.0522045,2,0.13,0.7,NA,8.06,125,1.88,0.006,NA
Daily,2022-01-15,77.005234,25.002907,-90.922413,NA,51105.2089845,51031.10742,51037.343755,6.255846999999999,91.8811645,105.816124,244.180008,NA,NA,33141.886719,8.155463000000001,NA,NA,NA,NA,NA,NA,NA,NA,NA
Daily,2022-01-16,77.005234,25.002907,-91.410725,NA,51109.1601565,51032.04688,51046.96094,6.2776445,91.855259,105.4773945,242.219452,NA,NA,33108.1914065,8.1566185,NA,NA,NA,NA,NA,NA,NA,NA,NA
Daily,2022-01-17,77.005234,25.002907,-91.3961635,NA,51107.1601565,51054.48438,51066.42188,6.2196465,91.16334549999999,104.861786,243.22339649999998,NA,NA,33110.4902345,8.151271999999999,NA,NA,NA,NA,NA,NA,NA,NA,NA
Daily,2022-01-18,77.005234,25.002907,-90.903084,NA,51098.8984375,51052.17188,51040.269530000005,6.206087,90.804802,104.4388005,243.21326449999998,NA,NA,33116.6875005,8.160427,NA,NA,NA,NA,NA,NA,NA,NA,NA
Daily,2022-01-19,77.005234,25.002907,-90.238258,NA,51354.90625,51058.69922,51055.835940000004,6.191972,90.708786,104.100956,238.209152,NA,NA,33119.6875,8.157004,NA,NA,NA,NA,NA,NA,NA,NA,NA
Daily,2022-01-20,77.005234,25.002907,-89.898315,NA,51106.734375,51036.54297,51051.367190000004,6.292058,92.20912899999999,106.03352,240.217667,NA,NA,33124.488281,8.141057,NA,NA,NA,NA,NA,NA,NA,NA,NA
Daily,2022-01-21,77.005234,25.002907,-90.912071,NA,51357.511719,51057.82813,51072.60156,6.328235,92.6745645,106.238449,240.21538550000002,0.503215,-2.105843,33098.484375,8.140773,0,0.24,0.8,1.1,8.08,142,NA,0.02,NA
Daily,2022-01-22,77.005234,25.002907,-90.834686,NA,51365.3535155,51027.875,51070.472658,6.161872,90.377312,103.7836345,238.215225,0.515704,-2.137553,33118.2890625,8.0323065,NA,NA,NA,NA,NA,NA,NA,NA,NA
Daily,2022-01-23,77.005234,25.002907,-90.296959,NA,51374.259766,51045.714844,51045.2812505,6.245636,91.248985,105.008583,236.257286,0.5239095,-2.12219,33118.089844,8.034224,NA,NA,NA,NA,NA,NA,NA,NA,NA
Daily,2022-01-24,77.005234,25.002907,-90.932716,NA,51364.828125,51036.7753925,51043.28516,6.246471,91.878563,105.50683599999999,233.2445065,0.526862,-2.1062975,33114.886719,8.0391165,NA,NA,NA,NA,NA,NA,NA,NA,NA
Daily,2022-01-25,77.005234,25.002907,-91.429592,NA,51345.044922,51031.8320315,51075.21875,6.265244,92.235096,105.580742,231.191864,0.542778,NA,33090.886719,8.058262,NA,NA,NA,NA,NA,NA,NA,NA,NA
Daily,2022-01-26,77.005234,25.002907,-91.915001,NA,51369.957031,51042.51563,51073.960938,6.264119,91.707893,105.636284,230.76324449999998,0.535385,NA,33099.7851565,8.078057,NA,NA,NA,NA,NA,NA,NA,NA,NA
Daily,2022-01-27,77.005234,25.002907,-92.399712,NA,51398.125,51050.636719500006,51053.882813,6.2904515,92.33329,105.918755,230.3315275,0.547392,NA,33117.984375,8.08889,NA,NA,NA,NA,NA,NA,NA,NA,NA
Daily,2022-01-28,77.005234,25.002907,-92.856667,NA,51401.34375,51049.628908,51092.132813,6.280422,91.915611,105.856483,232.366837,0.547523,NA,33090.683594,8.118051000000001,0,0.03,NA,NA,8.06,133.5,1.96,0.016,NA
Daily,2022-01-29,77.005234,25.002907,-93.783852,NA,51391.7832035,51052.921875,51078.738284,6.2595,91.918373,105.551933,235.2645645,NA,-2.091723,33092.986328,8.160446,NA,NA,NA,NA,NA,NA,NA,NA,NA
Daily,2022-01-30,77.005234,25.002907,-94.188744,NA,51379.664063,51041.248047,51072.2265615,6.277469,92.1853065,106.156433,238.241974,NA,NA,33120.289063,8.157569,NA,NA,NA,NA,NA,NA,NA,NA,NA
Daily,2022-01-31,77.005234,25.002907,-93.891258,NA,51373.96875,51045.23828,51065.359375,6.273588,91.918121,105.888527,236.282791,NA,NA,33119.292969,8.147401,NA,NA,NA,NA,NA,NA,NA,NA,NA
Daily,2022-02-01,77.005234,25.002907,-94.201027,NA,NA,51022.5625,NA,6.212877,91.049385,104.54327,235.247482,NA,-1.1938855,NA,8.156902,NA,NA,NA,NA,NA,NA,NA,NA,NA
Daily,2022-02-02,77.005234,25.002907,-93.353363,NA,NA,50984.25,NA,6.175338,90.755821,104.321121,233.228943,NA,-1.154747,NA,8.151432,NA,NA,NA,NA,NA,NA,NA,NA,NA
Daily,2022-02-03,77.005234,25.002907,-93.43729400000001,NA,NA,51019.5625,NA,6.282629,91.984489,105.89932999999999,233.260406,NA,-1.131379,NA,8.157849500000001,NA,NA,NA,NA,NA,NA,NA,NA,NA
Daily,2022-02-04,77.005234,25.002907,-94.348503,NA,50708.4375,50846.775389999995,50768.96875,6.237192,91.109505,104.375481,234.212616,-0.24290450000000002,0.22585149999999998,32858.289063,8.153373,0,0.09,0.8,1.3,8.07,131,1.82,0.013,NA
Daily,2022-02-05,77.005234,25.002907,-94.443825,NA,50708.753906,50825.49609,50785.75,6.228812,91.1743775,102.936188,235.5512085,-0.292079,0.231215,32852.289063,8.165371,NA,NA,NA,NA,NA,NA,NA,NA,NA
Daily,2022-02-06,77.005234,25.002907,-94.885994,NA,50704.248047,50797.757813000004,50776.625,6.204864,91.0074005,103.135963,234.036636,NA,0.257368,32851.9863285,8.167711,NA,NA,NA,NA,NA,NA,NA,NA,NA
Daily,2022-02-07,77.005234,25.002907,-95.325775,NA,50718.648438,50837.96875,50774.328125,6.274179,91.619041,103.871758,234.5710145,NA,0.185351,32823.488281,8.177717,NA,NA,NA,NA,NA,NA,NA,NA,NA
Daily,2022-02-08,77.005234,25.002907,-95.292877,NA,50719.140625,50817.5625,50768.5,6.21944,91.264553,102.998032,234.092575,NA,0.099029,32857.890625,8.179559,NA,NA,NA,NA,NA,NA,NA,NA,NA
Daily,2022-02-09,77.230232,25.127907,-95.169586,NA,50705.171875,50804.089844,50785.3125,6.215939,91.025696,102.929039,234.047699,NA,-0.00631,32849.289063,8.173503,NA,NA,NA,NA,NA,NA,NA,NA,NA
Daily,2022-02-10,77.230232,25.127907,-95.49337750000001,33.011028,50701.25,50770.0585935,50779.3125,6.208550499999999,90.749523,102.748745,234.992523,-0.28457,0.194067,32832.882813,8.180759,NA,NA,NA,NA,NA,NA,NA,NA,NA
Daily,2022-02-11,77.005234,25.002907,-95.436394,33.008705,50694.794922,50761.847655499994,50781.75,6.206551,90.918755,102.78030799999999,235.0117035,-0.282362,0.087273,32839.484375,8.183412,0,0.07,0.6,1.2,8.1,134,NA,0.016,NA
Daily,2022-02-12,77.005234,25.002907,-95.92981,33.010353,50698.3007815,50833.917969500006,50790.25,6.250455,91.605057,103.521027,248.020416,NA,-0.042427,32888.082031,8.236618,NA,NA,NA,NA,NA,NA,NA,NA,NA
Daily,2022-02-13,77.005234,25.002907,-95.96184149999999,NA,50704.128906,50808.482425,50782.125,6.2494635,91.559479,103.5296515,244.052101,NA,0.0716635,32851.6875,8.25123,NA,NA,NA,NA,NA,NA,NA,NA,NA
Daily,2022-02-14,77.230232,25.127907,-96.213806,NA,50699.113281,50795.105469,50795.421875,6.221626,91.426117,103.4049,243.04127499999998,NA,0.186291,32873.886719,8.256097,NA,NA,NA,NA,NA,NA,NA,NA,NA
Daily,2022-02-15,77.230232,25.127907,-96.237389,33.009844,50704.925781,50731.7773435,50777.75,6.247242,91.238823,103.146339,240.989059,-0.292255,0.382386,32859.691406,8.2633355,NA,NA,NA,NA,NA,NA,NA,NA,NA
Daily,2022-02-16,77.005234,25.002907,-96.403717,33.0086005,50690.148438,50654.171877500004,50798.921875,6.119346,89.653263,101.436096,237.004791,-0.2541195,0.2728965,32889.685547,8.181023,NA,NA,NA,NA,NA,NA,NA,NA,NA
Daily,2022-02-17,77.005234,25.002907,-95.499336,33.007984,50690.195313,50609.458985000005,50783.78125,6.1457175,90.260757,101.9942815,227.996933,NA,-0.020842,32845.6875,8.152045,NA,NA,NA,NA,NA,NA,NA,NA,NA
Daily,2022-02-18,77.230232,25.127907,-95.493782,33.00708,50689.263672,50579.812498,50821.0625,6.22725,91.548264,103.696907,231.979004,NA,0.039485,32858.289063,8.160258,0,0.12,NA,NA,8.11,132,NA,0.005,NA
Daily,2022-02-19,77.230232,25.127907,-95.953033,33.0073985,50689.2578125,50553.72266,50721.25,6.212688999999999,90.89283,102.792046,240.954926,NA,-0.004324,32847.488281,8.165841,NA,NA,NA,NA,NA,NA,NA,NA,NA
Daily,2022-02-20,77.005234,25.002907,-96.168373,33.002647,NA,50575.78125,50704.9375,6.164949,90.5846865,102.36655400000001,233.959183,NA,-0.035571,32842.484375,8.162552,NA,NA,NA,NA,NA,NA,NA,NA,NA
Daily,2022-02-21,77.005234,25.002907,-96.446281,33.001617,NA,50540.74609,50622.515625,6.163805,90.769875,102.716614,231.957184,NA,-0.161819,32843.082031,8.170711,NA,NA,NA,NA,NA,NA,NA,NA,NA
Daily,2022-02-22,77.230232,25.127907,-96.695679,33.001003,NA,50567.80078,50572.593755,6.190557,90.610031,102.735268,228.942322,-0.280195,-0.405628,32843.285156,8.178538499999998,NA,NA,NA,NA,NA,NA,NA,NA,NA
Daily,2022-02-23,77.005234,25.002907,-96.490486,33.005764,50740.003906,50551.011719,50570.34375,6.1325755,89.786079,101.51313,225.937874,-0.2701535,-0.596404,32882.9882815,8.175013,NA,NA,NA,NA,NA,NA,NA,NA,NA
Daily,2022-02-24,77.230232,25.127907,-96.4745335,33.006302,NA,50572.033203,50745.359375,6.2320925,91.3035965,103.34968599999999,224.46871199999998,NA,-0.63364,32862.488281,8.1804715,NA,NA,NA,NA,NA,NA,NA,NA,NA
Daily,2022-02-25,77.230232,25.127907,-96.735779,33.007841,50693.5898435,50770.826172,50798.226563,6.231882,91.25589,103.415993,224.019363,NA,-0.694334,32836.4882815,8.191798,0,0.08,0.9,0.7,8.15,130,1.16,0.014,NA
Daily,2022-02-26,77.230232,25.127907,-96.995457,33.011448,50691.78125,50771.128906,50795.132813,6.2558945,91.768639,103.663017,223.039825,NA,-0.641569,32853.691406,8.2022245,NA,NA,NA,NA,NA,NA,NA,NA,NA
Daily,2022-02-27,77.230232,25.127907,-97.2069665,33.011017,50689.806641,50636.703125,50784.277344,6.278428,91.880882,103.786133,224.000168,NA,-0.5575435,32835.882813,8.202313499999999,NA,NA,NA,NA,NA,NA,NA,NA,NA
Daily,2022-02-28,77.005234,25.002907,-97.317566,33.006071,50689.054688,50585.230469,50794.726563,6.193974,90.97718,102.59153,224.978363,-0.293849,-0.514494,32848.085938,8.206027,NA,NA,NA,NA,NA,NA,NA,NA,NA
Daily,2022-03-01,77.230232,25.127907,-96.927742,NA,50688.628906,50567.123047,50567.25,6.242007,91.504158,103.9405975,223.96373,NA,NA,32879.289063,8.201671000000001,NA,NA,NA,NA,NA,NA,NA,NA,NA
Daily,2022-03-02,77.230232,25.127907,-96.897308,NA,50692.597656,50559.6464845,50567.242188,6.2884435,91.665718,104.7168655,226.989655,-0.653844,-3.070853,32857.085938,8.137397,NA,NA,NA,NA,NA,NA,NA,NA,NA
Daily,2022-03-03,77.005234,25.127907,-96.501045,NA,NA,50572.3320315,50557.3671875,6.3004995,92.023994,105.05698000000001,257.5296175,-0.645233,-3.03965,32877.285156,8.032608,NA,NA,NA,NA,NA,NA,NA,NA,NA
Daily,2022-03-04,77.230232,25.127907,-96.3884585,NA,NA,50564.410156,50593.154297,6.2922899999999995,92.180542,105.485001,257.6088105,-0.629828,-2.9930855000000003,32885.683594,8.022506,0,0.06,0.8,0.8,8.02,125,1.42,0.017,NA
Daily,2022-03-05,77.230232,25.127907,-96.24155400000001,NA,NA,50545.359375,50543.8691405,6.285524,92.032795,105.32414650000001,257.7093505,-0.5562225000000001,-2.908217,32849.886719,8.032593,NA,NA,NA,NA,NA,NA,NA,NA,NA
Daily,2022-03-06,77.230232,25.127907,-96.834652,NA,NA,50542.925781,50557.3847655,6.3242385,92.560318,105.82972699999999,259.6884155,-0.525325,-2.5408545,32847.7871095,8.0270305,NA,NA,NA,NA,NA,NA,NA,NA,NA
Daily,2022-03-07,77.230232,25.127907,-96.8190765,33.073887,NA,50549.191406,50558.90625,6.303642,92.424446,105.423393,259.711853,-0.457932,-2.618934,32870.289063,8.038465,NA,NA,NA,NA,NA,NA,NA,NA,NA
Daily,2022-03-08,77.230232,25.127907,-97.0444605,NA,NA,50554.9941405,50550.636719,6.250306999999999,91.7421225,104.813011,259.713226,-0.43232400000000004,-2.400013,32856.488281,8.033165,NA,NA,NA,NA,NA,NA,NA,NA,NA
Daily,2022-03-09,77.230232,25.127907,-97.081051,NA,NA,50560.3125,50560.421875,6.1972535,90.592567,103.890778,255.7701415,-0.6304190000000001,-2.6191614999999997,32868.089844,8.070097,NA,NA,NA,NA,NA,NA,NA,NA,NA
Daily,2022-03-10,77.230232,25.127907,-97.981392,NA,NA,50557.435547,50551.46875,6.235435,91.3915135,104.891106,240.881973,-0.61188,-2.619672,32891.886719,8.112759,NA,NA,NA,NA,NA,NA,NA,NA,NA
Daily,2022-03-11,77.230232,25.127907,-98.007973,NA,NA,50560.484375,50574.445313,6.311614,92.604385,105.78747949999999,239.865677,-0.603996,-2.540728,32855.4843755,8.119881,0,0.07,0.7,0.4,8.17,132,1.22,0.005,NA
Daily,2022-03-12,77.230232,25.127907,-98.244377,NA,NA,50558.578125,50545.453125,6.3127815,92.162914,105.41913600000001,239.86445650000002,-0.5879274999999999,-2.4156515,32847.283203,8.121044999999999,NA,NA,NA,NA,NA,NA,NA,NA,NA
Daily,2022-03-13,77.230232,25.127907,-98.472599,NA,NA,50556.910156,50542.03125,6.311073,92.288315,105.877586,240.851593,-0.587018,-2.493899,32855.191406,8.1255955,NA,NA,NA,NA,NA,NA,NA,NA,NA
Daily,2022-03-14,77.230232,25.127907,-98.4722595,NA,NA,50530.779297,50544.9589845,6.3332145,92.775803,106.164993,240.830536,-0.5760765,-2.4936375,32854.6875,8.136963,NA,NA,NA,NA,NA,NA,NA,NA,NA
Daily,2022-03-15,77.230232,25.127907,-98.4500805,NA,NA,50552.160156,50565.169922,6.358722,93.0562135,106.317566,240.83263399999998,-0.563363,-2.42321,32860.085938,8.141706,NA,NA,NA,NA,NA,NA,NA,NA,NA
Daily,2022-03-16,77.005234,25.002907,-98.567596,NA,NA,50554.2910155,50564.273438,6.307059,92.189049,105.4476205,241.320831,-0.575076,-2.446728,32892.089844,8.160021,NA,NA,NA,NA,NA,NA,NA,NA,NA
Daily,2022-03-17,77.230232,25.127907,-98.891991,NA,NA,50562.890625,50544.085938,6.321468,92.7395975,105.9600905,239.844315,-0.5872665,-2.30607,32883.789063,8.20089,NA,NA,NA,NA,NA,NA,NA,NA,NA
Daily,2022-03-18,77.005234,25.002907,-98.979034,NA,NA,50564.921875,50550.519531,6.3331990000000005,92.353714,105.65897,238.869858,-0.5712254999999999,-2.1107755,32872.2851565,8.207258,0,0.07,0.9,0.9,8.23,138,1.55,0.011,NA
Daily,2022-03-19,77.005234,25.002907,-98.9791565,NA,NA,50581.3828125,50548.326172,6.36449,92.893112,106.406784,240.832741,-0.5552440000000001,-1.918731,32885.289063,8.209041500000001,NA,NA,NA,NA,NA,NA,NA,NA,NA
Daily,2022-03-20,77.005234,25.002907,-98.6465035,NA,50654.921875,50549.2109375,50556.5039065,6.213,90.861351,103.896606,237.853607,-0.539156,-1.8485624999999999,32850.488281,8.193443,NA,NA,NA,NA,NA,NA,NA,NA,NA
Daily,2022-03-21,77.005234,25.002907,-98.07621,NA,NA,50562.529297,50567.671875,6.2871904999999995,91.853317,105.2389795,239.881378,-0.528389,-1.8992255,32852.9902345,8.170924,NA,NA,NA,NA,NA,NA,NA,NA,NA
Daily,2022-03-22,77.005234,25.002907,-98.192741,NA,NA,50546.667969,50560.259766,6.3276355,92.354858,105.648666,235.879913,-0.5324275,-1.942281,32848.085938,8.17844,NA,NA,NA,NA,NA,NA,NA,NA,NA
Daily,2022-03-23,77.005234,25.002907,-98.54228549999999,NA,NA,50564.96875,50570.015625,6.334679,92.584881,105.999741,236.85659800000002,-0.562658,-2.30656,32860.1894535,8.186354000000001,NA,NA,NA,NA,NA,NA,NA,NA,NA
Daily,2022-03-24,77.005234,25.002907,-98.9516905,NA,NA,50553.7734375,50560.777344,6.3542165,92.934685,106.174072,238.86061899999999,-0.582402,-2.5876770000000002,32889.488281,8.200353,NA,NA,NA,NA,NA,NA,NA,NA,NA
Daily,2022-03-25,77.005234,25.002907,-99.0331955,NA,NA,50552.886719,50569.8652345,6.348084500000001,92.8643035,106.2832185,237.839386,-0.5634895,-2.493529,32859.488281,8.2035935,0,0.14,0.8,1.2,8.18,124,1.65,0,NA
Daily,2022-03-26,77.005234,25.002907,-99.1021115,NA,NA,50551.894531,50562.375,6.311724,92.2833555,105.416847,236.851898,-0.5518035,-2.493554,32844.488281,8.202349,NA,NA,NA,NA,NA,NA,NA,NA,NA
Daily,2022-03-27,77.005234,25.002907,-98.63781,NA,NA,50573.0117185,50573.109375,6.2978665,91.74171799999999,105.193787,237.857956,-0.542667,-2.5169915,32859.882813,8.202392,NA,NA,NA,NA,NA,NA,NA,NA,NA
Daily,2022-03-28,77.005234,25.002907,-98.086544,NA,NA,50563.96875,50548.498047,6.228966,91.0302925,104.0709955,236.8274915,-0.523314,-2.5326305,32839.6875,8.158127,NA,NA,NA,NA,NA,NA,NA,NA,NA
Daily,2022-03-29,77.005234,25.002907,-96.1925545,NA,50656.0214845,50574.84375,50558.685547,6.1572510000000005,89.9882775,102.953476,233.849579,-0.5214335,-2.6188845,32849.683594,8.148494,NA,NA,NA,NA,NA,NA,NA,NA,NA
Daily,2022-03-30,77.005234,25.002907,-95.69664,NA,NA,50588.355469,50558.664063,6.314687,92.221798,105.544777,238.33148949999998,-0.527402,-2.6344184999999998,32836.289063,8.156738,NA,NA,NA,NA,NA,NA,NA,NA,NA
Daily,2022-03-31,77.005234,25.002907,-96.894066,NA,NA,50549.4277345,50545.7832035,6.322324500000001,92.2443695,105.5458415,237.84561150000002,-0.515637,-2.5246825,32842.988281,8.16795,NA,NA,NA,NA,NA,NA,NA,NA,NA
Daily,2022-04-01,77.005234,25.002907,-98.03473249999999,NA,NA,NA,NA,6.3617965000000005,92.997696,106.22884400000001,235.835312,-0.5073045,NA,NA,8.1847675,0,0.09,0.9,0.9,8.1,122,1.59,0,NA
Daily,2022-04-02,77.005234,25.002907,-98.0838545,NA,NA,NA,NA,6.356952,93.0933685,106.45375050000001,236.2510835,-0.4921715,NA,NA,8.209356,NA,NA,NA,NA,NA,NA,NA,NA,NA
Daily,2022-04-03,77.005234,25.002907,-98.5097695,NA,NA,NA,NA,6.309687,92.408272,105.397163,236.7461545,-0.483259,NA,NA,8.21004,NA,NA,NA,NA,NA,NA,NA,NA,NA
Daily,2022-04-04,77.005234,25.002907,-98.901268,NA,NA,NA,NA,6.3221995,92.6560365,105.7643815,234.7486725,-0.48244299999999996,NA,NA,8.21312,NA,NA,NA,NA,NA,NA,NA,NA,NA
Daily,2022-04-05,77.005234,25.002907,-99.318993,NA,NA,NA,NA,6.3467735,92.7667085,106.10937899999999,236.72744,-0.498124,NA,NA,8.222724,NA,NA,NA,NA,NA,NA,NA,NA,NA
Daily,2022-04-06,77.005234,25.002907,-99.59256,32.945251,50366.4687505,50028.814453,50042,6.325284,92.23460399999999,105.244995,236.735336,-0.336207,-0.013154,32560.144531,8.123864,NA,NA,NA,NA,NA,NA,NA,NA,NA
Daily,2022-04-07,77.005234,25.002907,-99.8684845,32.944063,50364.621094,50030.9003905,50053.4375,6.3418495,92.606842,105.77021450000001,250.28254700000002,-0.325705,0.006195,32559.945313,8.085359,NA,NA,NA,NA,NA,NA,NA,NA,NA
Daily,2022-04-08,77.005234,25.002907,-100.360718,32.946064,50366.179688,50031.890625,50050.125,6.32525,92.334732,105.297638,246.296631,-0.308276,0.084732,32557.341797,8.095622,0,0.1,1,1.1,8.18,128,1.62,0,NA
Daily,2022-04-09,77.005234,25.002907,-100.41494,32.947338,50367.207031,50048.75,50079.25,6.28098,91.4920995,104.519897,244.304871,-0.30479849999999997,0.063265,32551.443359,8.09752,NA,NA,NA,NA,NA,NA,NA,NA,NA
Daily,2022-04-10,77.005234,25.002907,-100.556442,32.946865,50122.515625,50034.1796875,50051.71875,6.279244,91.6133655,104.590942,244.301872,-0.298922,0.103772,32559.1455075,8.088113,NA,NA,NA,NA,NA,NA,NA,NA,NA
Daily,2022-04-11,77.005234,25.002907,-100.70173249999999,32.948864,50369.21875,50038.611328,50051.765625,6.291644,92.121933,105.066849,244.306686,-0.299126,0.175322,32573.242188,8.0974665,NA,NA,NA,NA,NA,NA,NA,NA,NA
Daily,2022-04-12,77.005234,25.002907,-100.993256,32.948208,50123.617188,50063.832031,50045.46875,6.258726,91.624252,104.573471,244.30159,-0.28988349999999996,0.276407,32579.644531,8.09891,NA,NA,NA,NA,NA,NA,NA,NA,NA
Daily,2022-04-13,77.005234,25.002907,-101.005329,32.9577545,50376.242188,50038.433594,50063.015625,6.281376,91.572784,104.609039,241.33140550000002,-0.298848,0.176331,32547.291992500002,8.118887,NA,NA,NA,NA,NA,NA,NA,NA,NA
Daily,2022-04-14,77.005234,25.002907,-101.459145,32.947613000000004,50359.4316405,50057.8203125,50055.28125,6.2859525000000005,91.589298,104.73687,237.315483,-0.401404,-0.4062875,32547.7441405,8.276875,NA,NA,NA,NA,NA,NA,NA,NA,NA
Daily,2022-04-15,77.005234,25.002907,-101.5586925,32.940363000000005,50113.6679685,50047.6054685,50033.7890625,6.2795355,91.746357,104.607689,235.27446,-0.385095,-0.355497,32551.041016,8.2843325,0,0.13,0.9,1.4,8.24,121,1.57,0.002,NA
Daily,2022-04-16,77.005234,25.002907,-101.55567149999999,32.93309,50109.8046875,50051.0820315,50065.5625,6.293978,91.80408499999999,104.752106,234.2563015,-0.3751125,-0.348519,32558.34375,8.278722,NA,NA,NA,NA,NA,NA,NA,NA,NA
Daily,2022-04-17,77.005234,25.002907,-101.433754,32.930738500000004,50104.8515625,50051.533203,50045.8828125,6.310433,92.094971,104.999634,235.25405849999999,-0.36485449999999997,-0.281113,32551.7441405,8.272983499999999,NA,NA,NA,NA,NA,NA,NA,NA,NA
Daily,2022-04-18,77.005234,25.002907,-101.6112935,32.928169,50103.765625,50061.550781,50053.3125,6.319328,92.28788,105.740173,236.241608,-0.355608,-0.153749,32551.8935545,8.272826,NA,NA,NA,NA,NA,NA,NA,NA,NA
Daily,2022-04-19,77.005234,25.002907,-101.21769,32.948902000000004,50120.9589845,50071.1875,50032.875,6.2311245,90.95032499999999,103.8470345,234.271904,-0.337943,-0.017153500000000002,32562.1953125,8.274038000000001,NA,NA,NA,NA,NA,NA,NA,NA,NA
Daily,2022-04-20,77.005234,25.002907,-100.878929,32.950226,50128.7929685,50050.03125,50048,6.283259,91.599594,105.003792,239.208786,-0.3458155,0.06117,32564.242188,8.229064,NA,NA,NA,NA,NA,NA,NA,NA,NA
Daily,2022-04-21,77.005234,25.002907,-101.458984,32.908495,50076.294922,50034.9785155,50052.34375,6.310466,92.245522,105.192024,239.20090499999998,-0.3521865,0.136034,32580.694336,8.214307,NA,NA,NA,NA,NA,NA,NA,NA,NA
Daily,2022-04-22,77.005234,25.002907,-101.5892825,32.90379,50075.59375,50028.109375,50034.4375,6.286293,91.807571,104.985855,238.176285,-0.3393025,0.252571,32558.8935545,8.214998000000001,0,0.22,1.2,1,8.25,121,1.52,0.002,NA
Daily,2022-04-23,77.005234,25.002907,-101.600746,32.90963,50079.265625,50035.625,50013.296875,6.249326,91.474884,104.19545,236.188507,-0.3317555,0.216162,32555.994141,8.216065,NA,NA,NA,NA,NA,NA,NA,NA,NA
Daily,2022-04-24,77.005234,25.002907,-101.765919,32.9049185,50071.5371095,50085.097656,50031.625,6.249421,91.307369,104.426773,235.663307,-0.32801100000000005,0.0618685,32548.0927735,8.217812,NA,NA,NA,NA,NA,NA,NA,NA,NA
Daily,2022-04-25,77.005234,25.002907,-101.9058575,32.897743,50063.535156,50025.761719,50052.015625,6.283860000000001,91.637962,104.570236,234.158096,-0.3179015,-0.117326,32561.042969,8.2178445,NA,NA,NA,NA,NA,NA,NA,NA,NA
Daily,2022-04-26,77.005234,25.002907,-101.817696,32.894897,50061.984375,50056.097656,50041.53125,6.305073,92.3848265,105.02101099999999,234.14347099999998,-0.296598,-0.053286,32552.094727,8.2190695,NA,NA,NA,NA,NA,NA,NA,NA,NA
Daily,2022-04-27,77.005234,25.002907,-101.676647,32.893209,50062.105469,50012.988281,50057.71875,6.263985,91.35405,104.401802,234.135559,-0.298109,-0.098256,32555.943359,8.214767,NA,NA,NA,NA,NA,NA,NA,NA,NA
Daily,2022-04-28,77.005234,25.002907,-102.0103,32.880888,50048.2695315,50037.2578125,50046.0546875,6.259809,91.823471,104.7445905,235.107796,-0.361068,-0.38609249999999995,32549.943359,8.17505,NA,NA,NA,NA,NA,NA,NA,NA,NA
Daily,2022-04-29,77.005234,25.002907,-102.06121049999999,32.879646,50046.294922,50040.738281,50047.3125,6.27081,91.46373750000001,104.75348249999999,233.094177,-0.350072,-0.300142,32551.041016,8.182253,0,0.14,1.1,0.8,8.23,125,1.7,0.002,NA
Daily,2022-04-30,77.005234,25.002907,-102.096912,32.878794,50044.591797,50064.4296875,50065.203125,6.266264,91.23644250000001,104.344643,233.096558,-0.33445650000000005,-0.2164655,32560.6923825,8.1805385,NA,NA,NA,NA,NA,NA,NA,NA,NA
Daily,2022-05-01,NA,NA,-102.3941725,NA,NA,50102.109375,50114.5,6.2689765,91.989563,104.784832,233.084641,-0.3190325,0.045208,32555.042969,8.180483,NA,NA,NA,NA,NA,NA,NA,NA,NA
Daily,2022-05-02,NA,NA,-102.38856899999999,NA,NA,50103.453125,50106.28125,6.323807,92.250717,105.465149,234.095215,-0.311584,0.07844,32557.143555,8.187306,NA,NA,NA,NA,NA,NA,NA,NA,NA
Daily,2022-05-03,NA,NA,-102.435322,NA,NA,50127.050781,50118.375,6.272648,91.453575,104.3388825,233.058121,-0.29612499999999997,0.16269050000000002,32560.246094,8.192054500000001,NA,NA,NA,NA,NA,NA,NA,NA,NA
Daily,2022-05-04,NA,NA,-102.062195,NA,NA,50440.0625,50305.96875,6.2800925,91.584702,105.205467,237.063751,-0.31736949999999997,0.40647,32585.242188,8.182825,NA,NA,NA,NA,NA,NA,NA,NA,NA
Daily,2022-05-05,NA,NA,-102.567665,NA,NA,50565.589844,50555.21875,6.3499134999999995,92.922249,106.776691,239.58075,-0.3493465,1.049849,32890.386719,8.212034,NA,NA,NA,NA,NA,NA,NA,NA,NA
Daily,2022-05-06,NA,NA,-102.918053,NA,NA,50564.277344,50553.230469,6.259041,91.634071,105.381897,236.076729,-0.327743,1.299679,32852.888672,8.2095515,0,0.19,1.1,1.3,8.24,120,1.68,0.006,NA
Daily,2022-05-07,NA,NA,-103.133362,NA,NA,50531.0234375,50564.59375,6.248857,91.467987,105.088509,235.482826,-0.30498000000000003,1.467282,32872.189453,8.2039735,NA,NA,NA,NA,NA,NA,NA,NA,NA
Daily,2022-05-08,NA,NA,-103.001381,NA,NA,50573.361328,50540.4375,6.229939,90.743458,104.507721,234.972168,-0.288433,1.635071,32856.2890625,8.207239,NA,NA,NA,NA,NA,NA,NA,NA,NA
Daily,2022-05-09,NA,NA,-103.1671565,NA,NA,50563.65625,50555.7226565,6.231796,91.03129200000001,104.939472,235.446472,-0.2709485,1.822338,32886.589844,8.2112595,NA,NA,NA,NA,NA,NA,NA,NA,NA
Daily,2022-05-10,77.207703,25.115391,-103.166321,NA,NA,50540.222656,50560.6308595,6.277422,91.642929,105.415211,234.9537815,-0.262741,1.877032,32858.289063,8.216046500000001,NA,NA,NA,NA,NA,NA,NA,NA,NA
Daily,2022-05-11,NA,NA,-103.12267650000001,NA,NA,50556.1875,50552.21875,6.2954194999999995,91.719593,105.992889,237.45697,-0.27437,1.713222,32853.691406,8.209113,NA,NA,NA,NA,NA,NA,NA,NA,NA
Daily,2022-05-12,77.207703,25.115391,-103.10686849999999,NA,NA,50561.816406,50551.667969,6.3041055,91.487236,105.773643,234.437729,-0.301763,1.5682545,32871.4863285,8.2172555,NA,NA,NA,NA,NA,NA,NA,NA,NA
Daily,2022-05-13,77.207703,25.115391,-103.40271,NA,NA,50584.5996095,50534.296875,6.312641,92.575378,106.250191,231.42227150000002,-0.299848,1.400011,32880.4882815,8.2185405,0,0.16,0.9,1.4,8.17,122,1.73,0.008,NA
Daily,2022-05-14,77.207703,25.115391,-103.14135,NA,NA,50548.5546875,50561.882813,6.2945265,92.09720999999999,106.265694,229.382919,-0.2823215,1.329696,32848.6875005,8.218814,NA,NA,NA,NA,NA,NA,NA,NA,NA
Daily,2022-05-15,77.207703,25.115391,-103.191933,NA,NA,50570.417969,50582.886719,6.281954,92.24457899999999,105.707695,228.35520200000002,-0.270585,1.3919130000000002,32876.289063,8.220159,NA,NA,NA,NA,NA,NA,NA,NA,NA
Daily,2022-05-16,77.207703,25.115391,-103.135948,NA,NA,50573.361328,50565.6289065,6.2397095,91.423866,104.914803,228.8434145,-0.26287,1.5598640000000001,32860.6875,8.21693,NA,NA,NA,NA,NA,NA,NA,NA,NA
Daily,2022-05-17,77.207703,25.115391,-103.4207305,NA,NA,50553.84375,50564.398438,6.238477,90.99377100000001,104.9762495,228.8287275,-0.25312,1.6496659999999999,32872.6875,8.21951,NA,NA,NA,NA,NA,NA,NA,NA,NA
Daily,2022-05-18,77.207703,25.115391,-103.2080155,NA,NA,50548.183594,50533.339844,6.3088584999999995,92.36032449999999,106.186401,231.317352,-0.2548895,1.563569,32880.4863285,8.237576,NA,NA,NA,NA,NA,NA,NA,NA,NA
Daily,2022-05-19,77.207703,25.115391,-103.487457,NA,NA,50567.8125,50551.148438,6.320921500000001,92.120113,106.149883,231.326935,-0.266213,1.594851,32863.6875,8.242664000000001,NA,NA,NA,NA,NA,NA,NA,NA,NA
Daily,2022-05-20,77.207703,25.115391,-103.576324,NA,NA,50578.984375,50587.820313,6.20512,90.598892,104.08596,229.384995,-0.268843,1.6576295,32863.4902345,8.245512999999999,0,0.22,1.4,1.4,8.1,123,1.81,0,NA
Daily,2022-05-21,77.207703,25.115391,-103.63140849999999,NA,NA,50544.140625,50557.828125,6.235498,91.201874,105.118843,230.389542,-0.226226,2.034509,32855.7871095,8.2563575,NA,NA,NA,NA,NA,NA,NA,NA,NA
Daily,2022-05-22,77.207703,25.115391,-103.605667,NA,NA,50574.59375,50552.042969,6.261106,91.608139,105.226601,230.89749899999998,-0.20839200000000002,2.222125,32877.285156,8.238763500000001,NA,NA,NA,NA,NA,NA,NA,NA,NA
Daily,2022-05-23,77.207703,25.115391,-103.241249,NA,NA,50580.078125,50569.421875,6.2226205,91.0265465,104.787537,230.39698750000002,-0.198183,2.268792,32858.7851565,8.235486,NA,NA,NA,NA,NA,NA,NA,NA,NA
Daily,2022-05-24,77.207703,25.115391,-103.5861745,NA,NA,50571.1308595,50544.914063,6.231787,91.102795,104.878487,230.396324,-0.2055305,2.2372810000000003,32848.890625,8.239906999999999,NA,NA,NA,NA,NA,NA,NA,NA,NA
Daily,2022-05-25,77.207703,25.115391,-103.598228,NA,NA,50542.515625,50522.5664065,6.224943,90.887589,104.655796,232.365372,-0.233017,2.034167,32856.488281,8.232996499999999,NA,NA,NA,NA,NA,NA,NA,NA,NA
Daily,2022-05-26,77.207703,25.115391,-103.668556,NA,NA,50545.496094,50548.132813,6.2200585,91.512554,104.846573,234.364868,-0.260741,1.810102,32873.492188,8.2297025,NA,NA,NA,NA,NA,NA,NA,NA,NA
Daily,2022-05-27,77.207703,25.115391,-103.719604,NA,NA,50551.5371095,50579.464844,6.214968,90.599823,104.116226,233.351685,-0.264733,1.75135,32896.6875,8.225871,NA,0.15,1.1,1.5,8.22,133,2.18,0.011,NA
Daily,2022-05-28,77.207703,25.115391,-103.738213,NA,NA,50540.4648435,50570.1582035,6.17799,90.326462,103.896294,231.351456,-0.262274,1.774843,32870.289063,8.2177005,NA,NA,NA,NA,NA,NA,NA,NA,NA
Daily,2022-05-29,77.207703,25.115391,-103.61377,NA,NA,50529.917969,50568.5019535,6.248714,91.366158,104.835983,230.3770145,-0.238736,2.002984,32866.085938,8.224988,NA,NA,NA,NA,NA,NA,NA,NA,NA
Daily,2022-05-30,77.196434,25.109131,-103.887787,NA,NA,50540.328125,50553.914063,6.1625125,90.146828,103.4571075,231.351456,-0.21607,2.08085,32851.183594,8.2329615,NA,NA,NA,NA,NA,NA,NA,NA,NA
Daily,2022-05-31,77.196434,25.109131,-103.975929,NA,NA,50580.9140625,50569.617188,6.19311,90.813774,104.274574,231.33723450000002,-0.20367,2.237122,32849.886719,8.230881,NA,NA,NA,NA,NA,NA,NA,NA,NA
Daily,2022-06-01,77.196434,25.109131,-104.240837,NA,50463.7656255,50545.0878905,50577.6914065,6.242833,91.178703,104.660141,235.803978,-0.221606,1.946544,32865.582031,8.277615,NA,NA,NA,NA,NA,NA,NA,NA,NA
Daily,2022-06-02,77.196434,25.109131,-104.214691,NA,50459.707031,50557.78125,50565.574219,6.222677,90.14962,104.2845765,236.284103,-0.231295,2.002272,32857.9882815,8.29379,NA,NA,NA,NA,NA,NA,NA,NA,NA
Daily,2022-06-03,77.207703,25.115391,-104.216793,33.247152,50464.7265625,50456.984375,50476.6328125,6.205796,90.935486,104.429096,234.222824,-0.2269,1.9775605,32851.292969,8.293124500000001,NA,NA,NA,NA,NA,NA,NA,NA,NA
Daily,2022-06-04,77.207703,25.115391,-104.1511305,33.24641,50676.445313,50389.4589845,50511.972656,6.2403815,91.084053,105.1021575,231.20594,-0.211404,1.8598405,32859.685547,8.285702,NA,NA,NA,NA,NA,NA,NA,NA,NA
Daily,2022-06-05,77.207703,25.115391,-103.646278,33.198311000000004,50446.46875,50571.2441405,50556.679688,6.2365335,90.706543,104.541161,228.27354400000002,-0.205481,1.68794,32856.488281,8.2773575,NA,NA,NA,NA,NA,NA,NA,NA,NA
Daily,2022-06-06,77.207703,25.115391,-103.72858049999999,33.211376,50451.003906,50582.6171875,50536.1289065,6.2267030000000005,91.188469,104.524101,227.088593,-0.1990305,1.6337405,32851.386719,8.2793425,NA,NA,NA,NA,NA,NA,NA,NA,NA
Daily,2022-06-07,77.207703,25.115391,-103.6777115,33.243649,50450.835938,50579.8496095,50565.570313,6.23812,91.1507455,104.913033,225.282684,-0.210255,1.493176,32884.388672,8.279687,NA,NA,NA,NA,NA,NA,NA,NA,NA
Daily,2022-06-08,77.207703,25.115391,-103.283836,33.215229,50468.496094,50650.1015625,50700.888672,6.160003,89.810249,103.43647,224.708511,-0.1658535,1.5603885000000002,33035.685547,8.2463525,NA,NA,NA,NA,NA,NA,NA,NA,NA
Daily,2022-06-09,77.196434,25.109131,-102.97934,NA,51164.699219,50814.597656,50821.355469,6.1540075000000005,90.124352,103.66973150000001,247.63266,-0.103157,1.7757825,33092.7890625,8.180491,NA,NA,NA,NA,NA,NA,NA,NA,NA
Daily,2022-06-10,77.185165,25.102871,-102.460545,NA,51167.681641,50792.783203,50804.4570315,6.224379000000001,91.1810875,104.6360705,243.55740350000002,-0.102887,1.7911155,33108.388672,8.177506000000001,2,0.22,1.3,1.87,NA,115,NA,0.002,NA
Daily,2022-06-11,77.185165,25.102871,-102.778076,NA,51138.046875,50815.578125,50849.2539065,6.181669,91.08002099999999,104.30055200000001,241.5738835,-0.09136749999999999,1.911818,33104.085938,8.1799085,NA,NA,NA,NA,NA,NA,NA,NA,NA
Daily,2022-06-12,77.185165,25.102871,-102.88813,NA,51131.09375,50802.269531,50833.171875,6.226217,91.26472849999999,104.782616,241.544647,-0.07986,2.018784,33122.484375,8.176777,NA,NA,NA,NA,NA,NA,NA,NA,NA
Daily,2022-06-13,77.185165,25.102871,-102.885155,NA,51130.2753905,50803.828125,50811.941406,6.1969785,90.716942,104.350891,240.54184,-0.055686,2.174921,33128.484375,8.1841395,NA,NA,NA,NA,NA,NA,NA,NA,NA
Daily,2022-06-14,77.185165,25.102871,-102.916969,NA,51128.695313,50817.605469,50817.3125,6.2127905000000005,91.061287,104.304268,239.5425335,-0.053479,2.284357,33103.685547,8.186863,NA,NA,NA,NA,NA,NA,NA,NA,NA
Daily,2022-06-15,77.185165,25.102871,-103.1147615,NA,51127.6621095,50804.935547,50834.5625,6.220335,90.40137849999999,104.505829,240.04331200000001,-0.063015,2.06557,33116.5839845,8.197038,NA,NA,NA,NA,NA,NA,NA,NA,NA
Daily,2022-06-16,77.185165,25.102871,-103.80235300000001,NA,51122.476563,50777.472656,50802.0390625,6.279068,91.391956,104.962307,237.542999,-0.052246,1.8608470000000001,33098.6875,8.233882,NA,NA,NA,NA,NA,NA,NA,NA,NA
Daily,2022-06-17,77.185165,25.102871,-102.703186,NA,50852.125,50787.59375,50814.210938,6.153017,90.04184,103.3462065,235.470596,-0.034673,1.860417,33119.6875,8.217326,0,0.07,1.33,1.13,8.13,120,1.89,0.001,NA
Daily,2022-06-18,77.173904,25.096615,-101.672203,NA,50832.939453,50807.4785155,50832.1132815,6.1712745,90.769295,103.831963,234.41687,-0.017417,1.946145,33107.1894535,8.21789,NA,NA,NA,NA,NA,NA,NA,NA,NA
Daily,2022-06-19,77.173904,25.096615,-101.420647,NA,50840.085938,50802.792969,50793.1757815,6.349683000000001,92.621269,106.764191,235.4350435,-0.007845,1.997315,33116.6875,8.216522,NA,NA,NA,NA,NA,NA,NA,NA,NA
Daily,2022-06-20,77.173904,25.096615,-101.725639,NA,50844.578125,50804.347656,50831.402344,6.28974,92.129761,105.692337,232.44671599999998,0.0022525,2.025098,33111.185547,8.226913,NA,NA,NA,NA,NA,NA,NA,NA,NA
Daily,2022-06-21,77.16827,25.096615,-101.606369,NA,50844.433594,50794.84375,50810.5039065,6.2064575,90.60575850000001,104.1384355,230.444092,0.021223,2.15791,33100.888672,8.21397,NA,NA,NA,NA,NA,NA,NA,NA,NA
Daily,2022-06-22,77.162636,25.090355,-101.07878099999999,33.25758,50847.5078125,50804.863281,50822.710938,6.299004500000001,92.304821,105.64779300000001,233.436111,-0.028196,1.934497,33108.289063,8.1917665,NA,NA,NA,NA,NA,NA,NA,NA,NA
Daily,2022-06-23,77.162636,25.090355,-101.663269,NA,50844.4296875,50821.5839845,50817.263672,6.23783,91.102276,104.357918,233.44117749999998,-0.017662999999999998,1.844591,33149.1894535,8.173742,NA,NA,NA,NA,NA,NA,NA,NA,NA
Daily,2022-06-24,77.162636,25.090355,-101.374413,NA,50849.691406,50806.7714845,50814.597656,6.253986,91.620583,105.15654,232.4432525,-0.002501,1.875916,33117.289063,8.181262499999999,0,0.2,1.27,1.57,7.97,110,1.94,0.022,NA
Daily,2022-06-25,77.173904,25.096615,-101.22248099999999,NA,50848.8398435,50780.2421875,50828.2226565,6.176721,90.644104,103.7163735,230.449799,0.017435,1.915042,33101.386719,8.15761,NA,NA,NA,NA,NA,NA,NA,NA,NA
Daily,2022-06-26,77.173904,25.096615,-100.628296,NA,50849.722656,50800.548828,50808.341797,6.177478,90.6371115,103.942463,230.443451,0.010704499999999999,1.977397,33112.691406,8.1631675,NA,NA,NA,NA,NA,NA,NA,NA,NA
Daily,2022-06-27,77.162636,25.090355,-100.750092,NA,50847.7832035,50807.7578125,50808.292969,6.26804,91.992149,105.272934,230.94861600000002,0.0368265,2.0174564999999998,33107.6875,8.159613,NA,NA,NA,NA,NA,NA,NA,NA,NA
Daily,2022-06-28,77.162636,25.090355,-100.782459,NA,50848.0410155,50811.980469,50792.638672,6.300330499999999,92.196228,105.65396100000001,231.457214,0.031517,2.14263,33100.488281,8.156493,NA,NA,NA,NA,NA,NA,NA,NA,NA
Daily,2022-06-29,77.162636,25.090355,-100.855347,NA,50851.205078,50789.285156,50824.8300785,6.3100895,92.09810999999999,105.604111,234.43718,0.024402,1.946343,33097.984375,8.149757,NA,NA,NA,NA,NA,NA,NA,NA,NA
Daily,2022-06-30,77.173904,25.096615,-101.401451,NA,51102.4453125,50808.015625,50822.6933595,6.303404,92.55365,106.107887,234.466194,0.005782,1.891457,33110.085938,8.151222,NA,NA,NA,NA,NA,NA,NA,NA,NA
Daily,2022-07-01,77.173904,25.096615,-101.1081885,NA,NA,NA,NA,6.1522345000000005,89.982101,103.234619,232.457962,NA,NA,33268.285156,8.138441,0,0.03,NA,NA,8.01,117,2.01,0,NA
Daily,2022-07-02,77.173904,25.096615,-100.46447,NA,NA,NA,NA,6.242496,91.392563,104.6855085,231.53691099999998,NA,NA,33261.890625,8.115639,NA,NA,NA,NA,NA,NA,NA,NA,NA
Daily,2022-07-03,77.173904,25.096615,-100.897087,NA,NA,NA,NA,6.285094,91.807617,105.236725,232.5263445,NA,NA,33238.0878905,8.122122,NA,NA,NA,NA,NA,NA,NA,NA,NA
Daily,2022-07-04,77.173904,25.096615,-101.43661900000001,NA,NA,NA,NA,6.250119,91.724976,104.9486315,232.507187,NA,NA,33259.087891,8.146233,NA,NA,NA,NA,NA,NA,NA,NA,NA
Daily,2022-07-05,77.173904,25.096615,-101.804817,NA,NA,NA,NA,6.20517,91.09104500000001,104.363319,229.5113605,NA,NA,33254.185547,8.136853,NA,NA,NA,NA,NA,NA,NA,NA,NA
Daily,2022-07-06,77.173904,25.096615,-102.334618,NA,NA,51819.546875,51777.242188,6.3006305000000005,91.7886775,105.4014435,231.508667,-3.777844,-5.735996500000001,33615.2890625,8.1754335,NA,NA,NA,NA,NA,NA,NA,NA,NA
Daily,2022-07-07,77.162636,25.090355,-103.3456115,NA,NA,51797.5371095,51801.589844,6.203227999999999,91.11203,104.837982,238.259384,-3.759985,-5.751047,33630.4863285,8.19928,NA,NA,NA,NA,NA,NA,NA,NA,NA
Daily,2022-07-08,77.162636,25.090355,-103.811092,NA,NA,51790.451172,51809.398438,6.23702,91.550949,104.6567155,235.234711,-3.7921155,-5.719302,33621.285156,8.212009,0,NA,NA,NA,8.06,123,2,0.009,NA
Daily,2022-07-09,77.162636,25.090355,-103.81714600000001,NA,NA,51795.28125,51810.671875,6.242058,91.868919,105.13604,233.238007,-3.75843,-5.734787,33609.488281,8.212859,NA,NA,NA,NA,NA,NA,NA,NA,NA
Daily,2022-07-10,77.162636,25.090355,-104.287575,NA,NA,51816.90625,51801.169922,6.2832805,92.407135,105.650337,232.7381895,-3.73771,-5.766131,33630.587891,8.219849,NA,NA,NA,NA,NA,NA,NA,NA,NA
Daily,2022-07-11,77.162636,25.090355,-104.386803,NA,NA,51793.402344,51818.269531,6.138256999999999,90.152546,103.207878,230.2369535,-3.706193,-5.641269,33609.488281,8.21444,NA,NA,NA,NA,NA,NA,NA,NA,NA
Daily,2022-07-12,77.162636,25.090355,-104.2883685,NA,NA,51787.7558595,51811.199219,6.126404,90.01619,102.867828,228.236252,-3.744606,-5.562856999999999,33631.388672,8.2103370000000009,NA,NA,NA,NA,NA,NA,NA,NA,NA
Daily,2022-07-13,77.162636,25.090355,-103.7826305,NA,NA,51765.4921875,51804.712891,6.160184,90.554543,103.557274,226.24733750000001,-3.68013,-5.735044,33613.783203,8.1679995,NA,NA,NA,NA,NA,NA,NA,NA,NA
Daily,2022-07-14,77.151375,25.084099,-103.847137,NA,NA,51779.175781,51807.654297,6.189488,90.986431,104.037342,222.709091,-3.7137835,-5.843432,33641.289063,8.1475775,NA,NA,NA,NA,NA,NA,NA,NA,NA
Daily,2022-07-15,77.162636,25.090355,-103.788795,NA,NA,51783.7109375,51824.5507815,6.143696,90.1513555,103.147884,221.205582,-3.7635015000000003,-5.952732,33613.484375,8.1409275,0,NA,NA,NA,8.05,120,2.03,0.008,NA
Daily,2022-07-16,77.162636,25.090355,-104.2615395,NA,NA,51790.753906,51799.839844,6.219807,91.221512,104.805538,223.229782,-3.744843,-5.672041,33614.484375,8.1452565,NA,NA,NA,NA,NA,NA,NA,NA,NA
Daily,2022-07-17,77.162636,25.090355,-104.7618675,NA,NA,51794.1035155,51801.0976565,6.211757,91.228592,104.2688565,223.22699749999998,-3.736191,-5.609432,33630.7871095,8.155878,NA,NA,NA,NA,NA,NA,NA,NA,NA
Daily,2022-07-18,77.162636,25.090355,-104.856316,NA,NA,51798.410156,51789.820313,6.2352695,91.5156515,104.615555,224.228882,-3.713761,-5.406451499999999,33630.986328,8.157865,NA,NA,NA,NA,NA,NA,NA,NA,NA
Daily,2022-07-19,77.162636,25.090355,-105.466782,NA,NA,51799.378906,51801.773438,6.2604895,91.276337,105.02436800000001,223.232849,-3.714788,-5.328509,33631.085938,8.159604,NA,NA,NA,NA,NA,NA,NA,NA,NA
Daily,2022-07-20,77.162636,25.090355,-105.728062,NA,NA,51808.6152345,51809.90625,6.2072175000000005,90.846565,103.8907015,224.23031600000002,-3.731381,-5.547306,33617.089844,8.187334,NA,NA,NA,NA,NA,NA,NA,NA,NA
Daily,2022-07-21,77.151375,25.084099,-105.973522,NA,NA,51785.015625,51803.0878905,6.171398999999999,90.911129,103.8829,223.228287,-3.7003649999999997,-5.453322,33614.082031,8.211865,NA,NA,NA,NA,NA,NA,NA,NA,NA
Daily,2022-07-22,77.151375,25.084099,-105.85331,NA,NA,51788.701172,51799.40625,6.1081685,89.941692,102.802826,221.20773300000002,-3.636717,-5.234159,33617.689453,8.2176525,NA,NA,NA,NA,8.07,117,2.11,0.023,NA
Daily,2022-07-23,77.151375,25.084099,-105.474648,NA,NA,51810.058594,51820.96875,6.2224605,91.51236,104.62841449999999,223.2072445,-3.574083,-5.1404485,33638.390625,8.21867,NA,NA,NA,NA,NA,NA,NA,NA,NA
Daily,2022-07-24,77.140106,25.077839,-105.35382050000001,NA,NA,51787.949219,51803.8632815,6.118363,89.9299925,102.858772,220.195503,-3.5728165,-5.014889,33632.492188,8.218324,NA,NA,NA,NA,NA,NA,NA,NA,NA
Daily,2022-07-25,77.151375,25.084099,-104.17342400000001,NA,NA,51790.109375,51801.070313,6.189547,90.929749,104.105637,220.1916505,-3.516757,-4.858656,33628.988281,8.2033565,NA,NA,NA,NA,NA,NA,NA,NA,NA
Daily,2022-07-26,77.151375,25.084099,-104.239517,NA,NA,51775.1347655,51808.2285155,6.111873,89.94717800000001,103.098507,218.221909,-3.488387,-4.703071,33631.9882815,8.2103365,NA,NA,NA,NA,NA,NA,NA,NA,NA
Daily,2022-07-27,77.151375,25.084099,-103.679245,NA,NA,51784.011719,51798.320313,6.132939,89.81530749999999,102.7932855,218.206894,-3.4376984999999998,-4.640822,33606.1875,8.189054500000001,NA,NA,NA,NA,NA,NA,NA,NA,NA
Daily,2022-07-28,77.151375,25.084099,-102.223969,NA,NA,51805.40625,51822.2382815,6.079285,89.2603565,102.3319205,214.226364,-3.351736,-4.453291,33618.488281,8.1541045,NA,NA,NA,NA,NA,NA,NA,NA,NA
Daily,2022-07-29,77.151375,25.084099,-101.411392,NA,NA,51766.671875,51798.917969,6.07453,88.13192,101.274273,215.193741,-3.4675719999999997,-4.482654,33619.7890625,8.160162,0,0.06,NA,NA,7.99,120,NA,0.009,NA
Daily,2022-07-30,77.140106,25.077839,-102.187233,NA,NA,51794.1972655,51810.28125,6.153735,90.490303,103.216339,216.1685105,-3.427024,-4.6234035,33628.2851565,8.151520000000001,NA,NA,NA,NA,NA,NA,NA,NA,NA
Daily,2022-07-31,77.151375,25.084099,-102.8835985,NA,NA,51776.921875,51804.732422,6.281427000000001,92.460869,105.702877,216.197113,-3.421819,-4.4053705,33605.5878905,8.174412,NA,NA,NA,NA,NA,NA,NA,NA,NA
Daily,2022-08-01,77.151375,25.084099,-103.26307299999999,NA,51781.8046875,51794.902344,51821.3964845,6.231893,91.518608,105.0226405,220.215729,-3.399222,-4.421193,33633.4863285,8.182945,NA,NA,NA,NA,NA,NA,NA,NA,NA
Daily,2022-08-02,77.140106,25.077839,-104.343174,NA,51788.796875,51813.667969,51807.7539065,6.127679,90.2724265,102.999596,216.229813,-3.4339275000000002,-4.562637499999999,33637.6875005,8.200931,NA,NA,NA,NA,NA,NA,NA,NA,NA
Daily,2022-08-03,77.140106,25.077839,-103.431389,NA,51797.117188,51795.796875,51795.4160155,6.034586,88.4940415,101.4422305,211.25865950000002,-3.3860335,-4.548678,33620.888672,8.174193,NA,NA,NA,NA,NA,NA,NA,NA,NA
Daily,2022-08-04,77.151375,25.084099,-103.433151,NA,51804.707031,51830.925781,51803.152344,6.159852,90.170975,102.82790399999999,214.285782,-3.466163,-4.486224,33614.886719,8.1799295,NA,NA,NA,NA,NA,NA,NA,NA,NA
Daily,2022-08-05,77.151375,25.084099,-103.949432,NA,51815.445313,51829.238281,51809.894531,6.2518575,91.980457,104.78096,215.3285295,-3.4173575,-4.549001,33652.890625,8.193958,NA,0.23,1.3,2.27,8.08,118.5,NA,0.015,NA
Daily,2022-08-06,77.140106,25.077839,-104.444153,NA,51826.326172,51800.328125,51809.388672,6.175984,90.559753,104.0626905,216.33432,-3.450704,-4.5656275,33631.7890625,8.201034499999999,NA,NA,NA,NA,NA,NA,NA,NA,NA
Daily,2022-08-07,77.151375,25.084099,-104.93953300000001,NA,51840.050781,51792.324219,51805.916016,6.222483,91.40756999999999,104.5237655,215.394348,-3.499094,-4.708007,33637.2851565,8.2142,NA,NA,NA,NA,NA,NA,NA,NA,NA
Daily,2022-08-08,77.140106,25.077839,-105.417137,NA,51852.6464845,51804.246094,51803.423828,6.205585,91.27449,104.1511725,212.444092,-3.5309115,-4.8332,33624.984375,8.219724,NA,NA,NA,NA,NA,NA,NA,NA,NA
Daily,2022-08-09,77.140106,25.077839,-105.373886,NA,51975.8808595,51802.390625,51826.792969,6.175704,90.93359799999999,103.832031,211.431076,-3.563491,-4.740438,33645.4882815,8.2149385,NA,NA,NA,NA,NA,NA,NA,NA,NA
Daily,2022-08-10,77.140106,25.077839,-105.4115905,NA,52113.875,51808.003906,51814.4277345,6.2547765,92.467781,105.544243,211.472717,-3.544122,-4.8344005,33617.886719,8.215928,NA,NA,NA,NA,NA,NA,NA,NA,NA
Daily,2022-08-11,77.128845,25.071581,-104.9899675,NA,51870.1464845,51805.457031,51814.292969,6.145859,90.285511,103.25849149999999,212.472778,-3.50256,-4.7880645,33645.4863285,8.214666,NA,NA,NA,NA,NA,NA,NA,NA,NA
Daily,2022-08-12,77.128845,25.071581,-103.55249,NA,52127.667969,51770.449219,51802.185547,6.141135,90.406441,102.992977,215.49640649999998,-3.5404235,-4.741849,33646.292969,8.211412,NA,0.12,1.43,1.96,8.09,132,NA,0,NA
Daily,2022-08-13,77.128845,25.071581,-103.398834,NA,52133.550781,51812.3046875,51820.671875,6.230316999999999,91.8237455,104.66317,217.513779,-3.562465,-4.930083,33618.488281,8.179931,NA,NA,NA,NA,NA,NA,NA,NA,NA
Daily,2022-08-14,77.128845,25.071581,-103.65184049999999,NA,52144.054688,51815.28125,51827.0625,6.207198,91.48828900000001,104.521278,216.524521,-3.6229560000000003,-5.118244,33637.6875,8.197958,NA,NA,NA,NA,NA,NA,NA,NA,NA
Daily,2022-08-15,77.140106,25.077839,-104.405602,NA,52153.371094,51779.683594,51832.2753905,6.241658,91.832512,105.184967,217.060875,-3.564848,-5.14991,33613.0878905,8.206283,NA,NA,NA,NA,NA,NA,NA,NA,NA
Daily,2022-08-16,77.140106,25.077839,-104.453033,NA,52154.058594,51780.277344,51817.929688,6.234808,91.4192965,104.536285,216.572586,-3.656847,-5.306231,33618.4863285,8.200538,NA,NA,NA,NA,NA,NA,NA,NA,NA
Daily,2022-08-17,77.128845,25.071581,-104.1938785,33.184175499999995,51902.371094,51722.1875,51716.703125,6.213825999999999,90.523567,103.565392,218.57283,-3.406908,-4.712241,33558.882813,8.226556,NA,NA,NA,NA,NA,NA,NA,NA,NA
Daily,2022-08-18,77.106316,25.059065,-104.636444,33.184776,50362.863281,50281.738281,50307.5,6.15706,90.297646,103.0194665,233.01654100000002,-1.137895,-2.933659,32682.644531500002,8.261305,NA,NA,NA,NA,NA,NA,NA,NA,NA
Daily,2022-08-19,77.106316,25.059065,-103.701256,33.1817455,50355.103516,50327.308594,50293.4082035,6.02592,87.9716265,100.853294,227.504776,-1.1671885,-3.042572,32686.4941405,8.222909,NA,NA,NA,NA,NA,NA,NA,NA,NA
Daily,2022-08-20,77.095047,25.052805,-101.72966,33.17741,50355.097656,50296.033203,50303.935547,5.8858185,85.85413750000001,98.31263,223.000137,-1.171436,-2.885294,32686.1933595,8.21848,NA,NA,NA,NA,NA,NA,NA,NA,NA
Daily,2022-08-21,77.095047,25.052805,-101.09199100000001,33.189491,50345.152344,50303.300781,50285.7441405,6.065029,88.701668,101.7746465,226.972153,-1.262621,-3.229433,32689.042969,8.193499,NA,NA,NA,NA,NA,NA,NA,NA,NA
Daily,2022-08-22,77.095047,25.052805,-101.418152,33.181149,50349.570313,50320.6757815,50308.90625,6.057106,88.1986615,101.276466,225.973038,-1.287503,-3.409096,32686.544922,8.155028999999999,NA,NA,NA,NA,NA,NA,NA,NA,NA
Daily,2022-08-23,77.095047,25.052805,-102.345764,33.181091,50352.8476565,50310.1171875,50319.9375,6.142838,89.770737,102.7449685,221.9887235,-1.2876075,-3.370559,32690.244141,8.082746499999999,NA,NA,NA,NA,NA,NA,NA,NA,NA
Daily,2022-08-24,77.095047,25.052805,-102.37436650000001,33.181534,50358.478516,50311.6308595,50291.210938,6.147944,89.861961,102.836708,219.007248,-1.3147125,-3.464324,32685.744141,8.089527,NA,NA,NA,NA,NA,NA,NA,NA,NA
Daily,2022-08-25,77.106316,25.059065,-102.515793,33.181633,50363.578125,50287.6191405,50345.060547,6.114791,89.360481,102.477623,217.01944,-1.339157,-3.496147,32687.945313,8.079710500000001,NA,NA,NA,NA,NA,NA,NA,NA,NA
Daily,2022-08-26,77.106316,25.059065,-102.403252,33.1851085,50365.0507815,50314.4921875,50303.4570315,6.078116,88.7885055,101.874561,216.00422650000002,-1.3486824999999998,-3.4572075,32697.642578,8.087522,0,0.13,1.36,2.33,8.11,122,NA,0,NA
Daily,2022-08-27,77.106316,25.059065,-102.36791600000001,33.193094,50370.8007815,50296.8515625,50293.925781,6.1236005,89.4641725,102.44478649999999,217.0475845,-1.350559,-3.512098,32679.443359,8.0810865,NA,NA,NA,NA,NA,NA,NA,NA,NA
Daily,2022-08-28,77.106316,25.059065,-102.6914215,33.2019825,50506.0820315,50319.6796875,50289.3027345,6.079298,88.763916,101.783695,217.070023,-1.343273,-3.505635,32681.945313,8.083043,NA,NA,NA,NA,NA,NA,NA,NA,NA
Daily,2022-08-29,77.106316,25.059065,-102.731026,33.20993,50633.7871095,50308.753906,50310.601563,6.1498360000000005,89.556725,102.639725,218.100143,-1.370965,-3.52954,32700.544922,8.099557,NA,NA,NA,NA,NA,NA,NA,NA,NA
Daily,2022-08-30,77.095047,25.052805,-103.21777750000001,33.200928,50630.9375,50272.078125,50304.8046875,6.164477,90.2575,103.161835,217.07434849999999,-1.406403,-3.6306060000000002,32691.4951175,8.106273999999999,NA,NA,NA,NA,NA,NA,NA,NA,NA
Daily,2022-08-31,77.095047,25.052805,-103.33255,33.204922,50635.857422,50295.9101565,50289.1425785,6.154306,90.474846,103.226524,215.095299,-1.375499,-3.560759,32694.443359,8.118163,NA,NA,NA,NA,NA,NA,NA,NA,NA
Daily,2022-09-01,77.095047,25.052805,-103.6807405,NA,50387.15625,50322.234375,50293.792969,6.150273,89.792076,103.050957,213.093399,-1.420332,-3.497528,32676.4941405,8.11767,NA,NA,NA,NA,NA,NA,NA,NA,NA
Daily,2022-09-02,77.083786,25.046549,-103.7608565,NA,50375.230469,50335.324219,50309.0039065,6.143774,89.93407049999999,102.8815915,212.0559465,-1.3830615000000002,-3.419261,32683.34375,8.1289935,NA,0,1.3,1.7,8.08,112.5,NA,0.002,NA
Daily,2022-09-03,77.083786,25.046549,-103.759319,32.907864000000004,50331.136719,50314.689453,50308.4414065,6.088788,89.039452,101.947838,212.9448165,-1.380388,-3.400562,32684.2939455,8.119703,NA,NA,NA,NA,NA,NA,NA,NA,NA
Daily,2022-09-04,77.083786,25.046549,-103.301933,32.906577999999996,50333.8281255,50297.3671875,50317.2363285,6.105481,88.874302,101.733551,213.934753,-1.379424,-3.3771625,32693.09375,8.115649,NA,NA,NA,NA,NA,NA,NA,NA,NA
Daily,2022-09-05,77.083786,25.046549,-103.670403,32.907513,50332.0429685,50296.9726565,50298.435547,6.098262,89.191261,102.241615,213.95450599999998,-1.3698665,-3.3141835,32676.4433595,8.121466,NA,NA,NA,NA,NA,NA,NA,NA,NA
Daily,2022-09-06,77.072517,25.040289,-103.727619,32.904310499999994,50329.097656,50320.90625,50323.65625,6.159607,89.785049,102.906075,214.925552,-1.372267,-3.3919695,32683.7939455,8.123631,NA,NA,NA,NA,NA,NA,NA,NA,NA
Daily,2022-09-07,77.072517,25.040289,-103.7701265,32.907059,50334.8945315,50290.1347655,50321.6132815,6.161218,89.605064,102.662903,215.435829,-1.3994035,-3.556218,32684.044922,8.1044095,NA,NA,NA,NA,NA,NA,NA,NA,NA
Daily,2022-09-08,77.083786,25.046549,-103.851589,32.906841,50331.1875,50296.375,50312.230469,6.104452,89.034943,101.9884415,216.9405595,-1.390285,-3.775267,32685.9921875,8.077767,NA,NA,NA,NA,NA,NA,NA,NA,NA
Daily,2022-09-09,77.083786,25.046549,-103.13456,32.9125535,50339.15625,50300.810547,50334.8046875,6.042927,88.5815845,101.1098935,214.935013,-1.3743284999999998,-3.5963535,32680.043945,8.058598,0,0.11,1.2,1.8,8.09,117,NA,0.019,NA
Daily,2022-09-10,77.083786,25.046549,-102.59608850000001,32.9156135,50340.2519535,50320.6191405,50303.496094,6.116805,89.4729,102.150658,214.959259,-1.35139,-3.643097,32686.34375,8.047063,NA,NA,NA,NA,NA,NA,NA,NA,NA
Daily,2022-09-11,77.083786,25.046549,-102.723808,32.917526,50343.212891,50297.6933595,50297.757813,6.112351,88.746246,101.826675,213.9688415,-1.366779,-3.635505,32691.944336,8.050554,NA,NA,NA,NA,NA,NA,NA,NA,NA
Daily,2022-09-12,77.083786,25.046549,-102.5915985,32.9199315,50345.558594,50325.363281,50311.394531,6.197773,90.43452450000001,103.602798,217.96426399999999,-1.4390215,-3.7763045,32678.6933595,8.050723999999999,NA,NA,NA,NA,NA,NA,NA,NA,NA
Daily,2022-09-13,77.095047,25.052805,-102.81967900000001,32.92662,50353.667969,50283.359375,50296.476563,6.283522,91.883057,104.988991,234.9989855,-1.6503625,-3.49591,32690.792969000002,8.098029499999999,NA,NA,NA,NA,NA,NA,NA,NA,NA
Daily,2022-09-14,77.095047,25.052805,-103.1414945,NA,50362.181641,50317.066406,50322.7421875,6.248986,91.2090915,104.400955,232.007568,-1.654407,-3.402845,32683.34375,8.104936,NA,NA,NA,NA,NA,NA,NA,NA,NA
Daily,2022-09-15,77.095047,25.052805,-103.12693,NA,50368.9628905,50280.5410155,50290.167969,6.296053,92.468681,105.76740649999999,230.056488,-1.6482155,-3.3718555,32689.8925785,8.1073325,NA,NA,NA,NA,NA,NA,NA,NA,NA
Daily,2022-09-16,77.106316,25.059065,-103.497017,NA,50378.9628905,50311.441406,50297.972656,6.327092,92.66198,105.57556550000001,229.09234600000002,-1.6368485,-3.278414,32684.542969,8.114169,0,0.17,1.4,1.4,8.06,115,NA,0.011,NA
Daily,2022-09-17,77.106316,25.059065,-103.520164,NA,50390.03125,50326.703125,50291.183594,6.290263,92.02708050000001,105.151566,229.11503599999998,-1.625755,-3.233041,32691.744141,8.110009999999999,NA,NA,NA,NA,NA,NA,NA,NA,NA
Daily,2022-09-18,77.106316,25.059065,-103.58659750000001,NA,50401.404297,50301.6816405,50303.1328125,6.305689,91.881676,105.583855,230.14682,-1.618303,-3.218429,32688.744141,8.1124135,NA,NA,NA,NA,NA,NA,NA,NA,NA
Daily,2022-09-19,77.106316,25.059065,-103.578575,NA,50403.710938,50323.1289065,50304.921875,6.286132500000001,91.65411,104.818367,227.143051,-1.670584,-3.4992655,32682.544922,8.095424,NA,NA,NA,NA,NA,NA,NA,NA,NA
Daily,2022-09-20,77.095047,25.052805,-103.650406,NA,50382.304688,50286.386719,50307.847656,6.250062,91.2636795,104.286781,222.0781785,-1.703419,-3.825784,32677.493164,8.097871999999999,NA,NA,NA,NA,NA,NA,NA,NA,NA
Daily,2022-09-21,77.095047,25.052805,-103.116123,NA,50373.433594,50345.691406,50291.734375,6.249164,91.352474,104.447449,221.051712,-1.679567,-3.692481,32678.140625,8.1011045,NA,NA,NA,NA,NA,NA,NA,NA,NA
Daily,2022-09-22,77.083786,25.046549,-102.817055,NA,50371.5097655,50300.966797,50292.5371095,6.286521,92.447548,106.0371555,220.050049,-1.672247,-3.715418,32694.3447265,8.098168,NA,NA,NA,NA,NA,NA,NA,NA,NA
Daily,2022-09-23,77.083786,25.046549,-103.111198,NA,50365.613281,50303.4316405,50292.574219,6.303758,91.938343,105.468262,220.028351,-1.671361,-3.5825259999999997,32689.1933595,8.0959825,NA,NA,1.03,1.5,8.07,115,NA,0.042,NA
Daily,2022-09-24,77.083786,25.046549,-102.832138,NA,50367.09375,50299.199219,50319.429688,6.3740665,93.28289,106.76825,220.034805,-1.647741,-3.465568,32679.6953125,8.0898355,NA,NA,NA,NA,NA,NA,NA,NA,NA
Daily,2022-09-25,77.083786,25.046549,-103.101803,32.927521,50369.619141,50295.683594,50334.228516,6.293844,91.8055915,105.3097,220.04187,-1.625229,-3.433856,32692.644531,8.087835,NA,NA,NA,NA,NA,NA,NA,NA,NA
Daily,2022-09-26,77.072517,25.040289,-102.99357599999999,32.9129615,50345.9433595,50301.371094,50317.863281,6.259463,91.075455,104.394287,220.488319,-1.662808,-3.58869,32682.443359,8.101795,NA,NA,NA,NA,NA,NA,NA,NA,NA
Daily,2022-09-27,77.083786,25.046549,-102.89407349999999,32.900936,50325.673828,50301.609375,50301.564453,6.2756305,91.942352,104.903797,221.9236295,-1.676522,-3.66537,32672.84375,8.19594,NA,NA,NA,NA,NA,NA,NA,NA,NA
Daily,2022-09-28,77.083786,25.046549,-102.959106,32.8956735,50319.449219,50277.925781,50285.722656,6.266581,91.740738,104.775833,219.918076,-1.676443,-3.695558,32675.044922,8.199743,NA,NA,NA,NA,NA,NA,NA,NA,NA
Daily,2022-09-29,77.083786,25.046549,-101.660004,32.891811,50318.6738285,50315.1679685,50304.691406,6.208731,90.596081,103.764885,218.887192,-1.676623,-3.601988,32682.293945,8.1540935,NA,NA,NA,NA,NA,NA,NA,NA,NA
Daily,2022-09-30,77.083786,25.046549,-101.0494535,32.894192,50318.839844,50301.082031,50321.59375,6.274944,92.257782,105.336273,217.893005,-1.6507755,-3.524191,32690.84375,8.150855,0,NA,1.13,1.3,8.03,113,NA,0.018,NA
Daily,2022-10-01,77.083786,25.046549,-101.4109615,NA,NA,50306.097656,50311.78125,6.310667,91.932724,105.098022,218.869614,NA,NA,32682.041016,8.17146,NA,NA,NA,NA,NA,NA,NA,NA,NA
Daily,2022-10-02,77.083786,25.046549,-101.580208,NA,NA,50304.970703,50307.027344,6.289135999999999,92.075535,105.29593299999999,217.873001,NA,NA,32703.0927735,8.1710445,NA,NA,NA,NA,NA,NA,NA,NA,NA
Daily,2022-10-03,77.083786,25.046549,-101.536743,NA,NA,50313.980469,50322.486328,6.267367,91.899071,104.766792,224.858307,-0.525134,-8.378195,32686.5449215,8.141277,NA,NA,NA,NA,NA,NA,NA,NA,0.01
Daily,2022-10-04,77.083786,25.046549,-101.529175,NA,NA,50299.3476565,50316.84375,6.247884,90.992226,104.023499,236.606842,-0.5021455,-8.316182,32684.993164,7.995301,NA,NA,NA,NA,NA,NA,NA,NA,NA
Daily,2022-10-05,77.083786,25.046549,-101.428307,NA,NA,50303.3203125,50315.410156,6.306632,92.145634,105.668571,234.1196745,-0.48638400000000004,-8.255281,32691.246094,7.996455,NA,NA,NA,NA,NA,NA,NA,NA,NA
Daily,2022-10-06,77.083786,25.046549,-101.55211299999999,NA,NA,50323.957031,50306.523438,6.286835,91.838097,105.4352605,232.629364,-0.459599,-8.005693,32695.445313,7.9948055,NA,NA,NA,NA,NA,NA,NA,NA,NA
Daily,2022-10-07,77.083786,25.046549,-101.090202,NA,NA,50326.015625,50312.2910155,6.233468500000001,91.0010075,104.262123,231.649742,-0.469437,-8.006942500000001,32687.493164,7.985043,0,0.18,NA,2.37,8.03,116,NA,0.012,NA
Daily,2022-10-08,77.083786,25.046549,-100.32381849999999,NA,NA,50316.984375,50312.8125,6.1865749999999995,90.196129,103.4934385,229.6623765,-0.465463,-8.003967,32677.991211,7.9790495,NA,NA,NA,NA,NA,NA,NA,NA,NA
Daily,2022-10-09,77.083786,25.046549,-100.147087,NA,NA,50309.457031,50297.519531,6.3287505,92.395592,105.97287,231.618889,-0.41559250000000003,-7.939023,32700.7441405,7.971127,NA,NA,NA,NA,NA,NA,NA,NA,NA
Daily,2022-10-10,77.083786,25.046549,-100.573395,NA,NA,50302.578125,50321.2070315,6.249152,91.4762155,104.428841,231.617416,-0.442015,-8.067257,32692.442383,7.9927185000000005,NA,NA,NA,NA,NA,NA,NA,NA,NA
Daily,2022-10-11,77.072517,25.040289,-100.921944,NA,NA,50292.722656,50303.484375,6.267003,91.22546750000001,104.665825,228.62207,-0.44606,-8.066235,32678.192383,8.021853,NA,NA,NA,NA,NA,NA,NA,NA,NA
Daily,2022-10-12,77.072517,25.040289,-100.944389,NA,NA,50275.7929685,50294.2421875,6.342099,92.319252,106.022087,229.59571849999998,-0.448302,-8.0646350000000009,32688.641602,8.026184,NA,NA,NA,NA,NA,NA,NA,NA,NA
Daily,2022-10-13,77.072517,25.040289,-101.101463,32.768929,NA,50328.410156,50278.6875,6.2492,91.0130235,104.64962,224.08692200000002,-0.426531,-7.969808,32690.345703,8.0242725,NA,NA,NA,NA,NA,NA,NA,NA,NA
Daily,2022-10-14,77.072517,25.040289,-101.415245,NA,NA,50314.355469,50306.144531,6.305024,92.2016755,105.595573,210.5787965,-0.441831,-8.1254575,32661.341797,8.027431,0,0.09,1.07,NA,8.08,118,NA,0.004,NA
Daily,2022-10-15,77.061256,25.034033,-100.06248099999999,NA,NA,50270.158203,50331.710938,6.119735,89.180763,102.228035,209.58495349999998,-0.4721395,-8.125918500000001,32663.044922,8.017394,NA,NA,NA,NA,NA,NA,NA,NA,NA
Daily,2022-10-16,77.061256,25.034033,-98.671444,NA,NA,50306.371094,50304.242188,6.122011,88.9826395,102.14780400000001,209.61499800000001,-0.4821245,-8.130337,32682.044922,7.981223,NA,NA,NA,NA,NA,NA,NA,NA,NA
Daily,2022-10-17,77.061256,25.034033,-99.4351345,NA,NA,50312.515625,50308.347656,6.374106,92.704552,106.818138,210.655899,-0.4570065,-8.445096,32688.845703,7.991994,NA,NA,NA,NA,NA,NA,NA,NA,NA
Daily,2022-10-18,77.06688650000001,25.037161,-99.795601,NA,NA,50270.558594,50294.507813,6.2267995,90.957321,104.369629,222.612503,-0.5248925,-8.565591,32694.744141,8.091637,NA,NA,NA,NA,NA,NA,NA,NA,NA
Daily,2022-10-19,77.072517,25.040289,-100.278908,NA,NA,50296.53125,50308.375,6.26361,91.426289,104.675148,221.09142300000002,-0.505077,-8.562532,32686.245117,8.090552,NA,NA,NA,NA,NA,NA,NA,NA,NA
Daily,2022-10-20,77.072517,25.040289,-100.6992535,NA,NA,50267.050781,50303.3027345,6.242144,91.27693550000001,104.376648,220.598785,-0.50131,-8.408116,32682.143555,8.099628,NA,NA,NA,NA,NA,NA,NA,NA,NA
Daily,2022-10-21,77.072517,25.040289,-100.955078,NA,NA,50281.0878905,50293.640625,6.26947,91.215767,104.5748255,219.550278,-0.494625,-8.498236,32556.244141,8.10149,NA,NA,NA,NA,NA,NA,NA,NA,NA
Daily,2022-10-22,77.072517,25.040289,-100.650139,NA,NA,50303.15625,50300.75,6.1907,90.21247500000001,103.439682,221.540283,-0.4917365,-8.434819999999998,32554.744141,8.090307,NA,NA,NA,NA,NA,NA,NA,NA,NA
Daily,2022-10-23,77.072517,25.040289,-100.133312,NA,NA,50306.863281,50294.4863285,6.110887,89.258339,102.2829855,219.563202,-0.48496300000000003,-8.433966999999999,32556.393555,8.0949095,NA,NA,NA,NA,NA,NA,NA,NA,NA
Daily,2022-10-24,77.072517,25.040289,-99.590359,NA,NA,50310.375,50307.671875,6.1980474999999995,90.21537,103.616905,219.578056,-0.491822,-8.314549,32670.341797,8.095931,NA,NA,NA,NA,NA,NA,NA,NA,NA
Daily,2022-10-25,77.061256,25.034033,-100.369118,NA,NA,50339.59375,50310.898438,6.227215,90.9318925,104.462135,218.579666,-0.487265,-8.379663,32665.394531500002,8.085189,NA,NA,NA,NA,NA,NA,NA,NA,NA
Daily,2022-10-26,77.061256,25.034033,-100.772125,32.770035,NA,50293.277344,50298.0312505,6.239584,91.09949900000001,104.642319,218.54551700000002,-0.4371265,-8.308647,32554.6455075,8.084001,NA,NA,NA,NA,NA,NA,NA,NA,NA
Daily,2022-10-27,77.049988,25.027773,-100.83419,32.768375,NA,50299.496094,50295.265625,6.233458499999999,90.664421,104.1634215,218.517822,-0.483107,-8.307739,32565.042969000002,8.0869509999999991,NA,NA,NA,NA,NA,NA,NA,NA,NA
Daily,2022-10-28,77.049988,25.027773,-100.86322,NA,NA,50303.738281,50288.988281,6.2231825,90.844101,104.03008650000001,217.571854,-0.471478,-8.187959,32578.09375,8.092811,0,0.07,1.1,1.1,7.96,105,1.6,NA,NA
Daily,2022-10-29,77.049988,25.027773,-100.886147,32.76965,NA,50300.1875,50286.730469,6.2332540000000005,90.647797,104.001678,219.574142,-0.422701,-8.063245,32578.642578,8.0893815,NA,NA,NA,NA,NA,NA,NA,NA,NA
Daily,2022-10-30,77.049988,25.027773,-100.776886,32.768984,NA,50324.796875,50303.009766,6.2206595,91.295685,104.292542,218.548019,-0.41276,-7.997215,32549.7421875,8.096156,NA,NA,NA,NA,NA,NA,NA,NA,NA
Daily,2022-10-31,77.038727,25.021513,-100.852665,32.767731,NA,50293.496094,50288.367188,6.233614,90.9446945,104.263237,223.5194395,-0.475113,-8.30836,32563.444336,8.101914,NA,NA,NA,NA,NA,NA,NA,NA,NA
Daily,2022-11-01,77.049988,25.027773,-100.707573,NA,NA,50315.5546875,50306.8222655,6.127079,89.736542,102.671494,216.518784,NA,NA,32555.34375,8.097654,NA,NA,NA,NA,NA,NA,NA,NA,NA
Daily,2022-11-02,77.049988,25.027773,-100.1950755,NA,NA,50331.925781,50287.712891,6.079772,88.422066,101.3860245,203.5351485,NA,NA,32565.7919925,8.092791,NA,NA,NA,NA,NA,NA,NA,NA,NA
Daily,2022-11-03,77.049988,25.027773,-98.84436,NA,NA,50328.128906,50276.931641,6.029292,88.011436,100.946747,209.552292,NA,NA,32553.09375,8.085091,NA,NA,NA,NA,NA,NA,NA,NA,NA
Daily,2022-11-04,77.049988,25.027773,-98.308758,NA,NA,50317.019531,50315.4257815,6.2344185,91.074112,104.190628,216.518951,NA,NA,32571.646484,8.058415,2,0,1.27,1.67,7.97,104.5,1.6,0,NA
Daily,2022-11-05,77.049988,25.027773,-98.8433225,NA,NA,50318.767578,50313.21875,6.190473,90.592796,103.72879,215.02112599999998,NA,NA,32546.2441405,8.07554,NA,NA,NA,NA,NA,NA,NA,NA,NA
Daily,2022-11-06,77.049988,25.027773,-98.856606,NA,NA,50306.9785155,50309.601563,6.2299,91.001671,104.330822,213.512985,NA,NA,32559.84375,8.085982,NA,NA,NA,NA,NA,NA,NA,NA,NA
Daily,2022-11-07,77.049988,25.027773,-99.377617,NA,50623.9902345,50372.376953,50386.46875,6.200997,89.994896,103.478035,218.519424,-2.42138,-14.471684,32584.5429685,8.081,NA,NA,NA,NA,NA,NA,NA,NA,NA
Daily,2022-11-08,77.038727,25.021513,-99.770149,NA,50618.7402345,50555.2753905,50566.695313,6.116002,89.343399,102.310196,227.773788,-2.406287,-14.09632,32848.292969,8.084779,NA,NA,NA,NA,NA,NA,NA,NA,NA
Daily,2022-11-09,77.038727,25.021513,-100.163109,NA,50618.761719,50570.121094,50567.277344,6.067525,89.4588775,101.9563945,213.776443,-2.4143835,-14.096274000000001,32887.085938,8.082859,NA,NA,NA,NA,NA,NA,NA,NA,NA
Daily,2022-11-10,77.038727,25.021513,-99.751221,NA,50618.136719,50563.546875,50581.398438,6.141711,89.62519850000001,102.810417,219.787491,-2.381847,-14.096149,32860.7832035,8.087455,NA,NA,NA,NA,NA,NA,NA,NA,NA
Daily,2022-11-11,77.038727,25.021513,-99.283623,NA,50624.757813,50547.8671875,50537.804688,6.167673,90.225372,103.34106449999999,221.8146285,-2.4215695000000004,-14.28336,32864.886719,8.072907,1,0.07,0.5,0.7,7.96,123,0.04,NA,0.05
Daily,2022-11-12,77.038727,25.021513,-99.3073425,NA,50628.107422,50569.222656,50525.6601565,6.16859,90.1745875,103.350899,223.7990415,-2.3906575,-14.159437,32848.085938,8.07378,NA,NA,NA,NA,NA,NA,NA,NA,NA
Daily,2022-11-13,77.027466,25.015257,-99.334553,NA,50627.035156,50565.75,50564.773438,6.133267,89.705513,102.79889700000001,223.80825800000002,-2.4142010000000003,-14.1600885,32847.386719,8.075374,NA,NA,NA,NA,NA,NA,NA,NA,NA
Daily,2022-11-14,77.027466,25.015257,-99.335167,NA,50635.4570315,50558.613281,50569.414063,6.14037,89.589821,102.876945,223.832794,-2.469033,-14.409122,32845.6875,8.051415500000001,NA,NA,NA,NA,NA,NA,NA,NA,NA
Daily,2022-11-15,77.016197,25.008997,-99.83371,NA,50639.8515625,50568.175781,50574.2695315,6.254486,91.635696,104.631226,222.84832,-2.390366,-14.411766499999999,32850.9902345,8.034616,NA,NA,NA,NA,NA,NA,NA,NA,NA
Daily,2022-11-16,77.016197,25.008997,-99.80236450000001,NA,50639.554688,50562.28125,50535.972656,6.145638,90.061638,103.411911,221.830948,-2.43918,-14.286808,32848.388672,8.036935,NA,NA,NA,NA,NA,NA,NA,NA,NA
Daily,2022-11-17,77.016197,25.008997,-99.846535,NA,50634.925781,50551.09375,50562.4277345,6.221088,90.6619565,103.836479,220.32070950000002,-2.376795,-14.286182499999999,32843.285156,8.038821,NA,NA,NA,NA,NA,NA,NA,NA,NA
Daily,2022-11-18,77.016197,25.008997,-99.744713,NA,50644.753906,50560.90625,50549.0625,6.1570695,89.8678285,103.021103,220.814957,-2.422828,-14.351497,32858.185547,8.028757,0,0.07,0.93,1.43,7.96,127,1.6,0.027,NA
Daily,2022-11-19,77.016197,25.008997,-99.74588,NA,NA,50555.5273435,50560.460938,6.1898125,90.4691655,103.771992,219.885986,-2.4233515,-14.290655,32858.683594,8.033669,NA,NA,NA,NA,NA,NA,NA,NA,NA
Daily,2022-11-20,77.016197,25.008997,-99.7234915,NA,NA,50568.423828,50569.962891,6.179844,90.326019,103.306061,219.9213565,-2.424026,-14.228338,32841.3847655,8.028536,NA,NA,NA,NA,NA,NA,NA,NA,NA
Daily,2022-11-21,77.004929,25.002739,-99.40464800000001,NA,NA,50564.919922,50570.4472655,6.2342315,91.056446,104.79052,223.902954,-2.440511,-14.416319,32850.691406,8.034254,NA,NA,NA,NA,NA,NA,NA,NA,NA
Daily,2022-11-22,77.004929,25.002739,-99.2948915,NA,50653.316406,50596.355469,50541.814453,6.175457,90.15567,103.5879055,211.38871,-2.48552,-14.601426,32868.1875,8.030235,NA,NA,NA,NA,NA,NA,NA,NA,NA
Daily,2022-11-23,77.016197,25.008997,-99.214668,NA,50632.792969,50572.050781,50548.414063,6.197579,90.848305,103.994987,207.819641,-2.454755,-14.410901,32864.388672,8.0215885,NA,NA,NA,NA,NA,NA,NA,NA,NA
Daily,2022-11-24,77.004929,25.002739,-99.20912200000001,NA,50642.003906,50561.091797,50582.123047,6.187312,90.754822,104.016045,219.8371275,-2.469672,-14.506014,32846.4921875,8.020524,NA,NA,NA,NA,NA,NA,NA,NA,NA
Daily,2022-11-25,77.004929,25.002739,-99.269554,NA,50649.525391,50561.3808595,50548.304688,6.176739,90.2221145,103.433243,220.8512345,-2.5153990000000004,-14.662171,32841.8828125,8.028852,0,0.08,0.9,1.1,7.98,107,1.6,NA,NA
Daily,2022-11-26,77.004929,25.002739,-99.261375,NA,50642.921875,50567.330078,50582.691406,6.1938825,90.091835,103.304314,221.846855,-2.4538824999999997,-14.225139,32854.085938,8.0219035,NA,NA,NA,NA,NA,NA,NA,NA,NA
Daily,2022-11-27,77.004929,25.002739,-99.253426,NA,50648.966797,50560.199219,50571.7089845,6.180359,90.1819265,103.199379,221.872742,-2.454584,-14.287879,32851.890625,8.023308499999999,NA,NA,NA,NA,NA,NA,NA,NA,NA
Daily,2022-11-28,77.004929,25.002739,-98.810173,NA,NA,50562.777344,50566.6425785,6.116433,89.2963905,102.448135,222.864975,-2.40766,-14.3506535,32879.886719,8.032097,NA,NA,NA,NA,NA,NA,NA,NA,NA
Daily,2022-11-29,77.004929,25.002739,-98.849632,NA,NA,50542.9433595,50546.935547,6.149264,89.135727,103.414955,220.873856,-2.42292,-14.38176,32873.886719,8.095511,NA,NA,NA,NA,NA,NA,NA,NA,NA
Daily,2022-11-30,77.004929,25.002739,-98.753357,NA,50615.769531,50539.357422,50539.96875,6.1528655,89.923393,103.02228550000001,222.769203,-2.3822080000000003,-14.1581395,32850.888672,8.094584,NA,NA,NA,NA,NA,NA,NA,NA,NA
Daily,2022-12-01,77.218666,25.121481,-98.3121185,NA,NA,50446.011719,NA,6.181962,90.48172,103.693512,222.766762,NA,NA,NA,8.0899775,NA,NA,NA,NA,NA,NA,NA,NA,NA
Daily,2022-12-02,77.218666,25.118352,-98.3200225,NA,NA,50441.847656,NA,6.2596264999999995,91.58062000000001,105.23793,223.7997895,NA,NA,NA,8.0905545,0,0.04,1.1,1.48,7.93,134,1.6,0.006,NA
Daily,2022-12-03,77.207397,25.115223,-97.231953,NA,NA,50443.4765625,NA,6.102753,89.3090515,102.36541,220.832047,-1.680404,NA,NA,8.061718,NA,NA,NA,NA,NA,NA,NA,NA,NA
Daily,2022-12-04,77.218666,25.121481,-94.303871,NA,NA,50446.5390625,NA,6.079572,88.902618,101.913551,217.841721,-1.7235770000000001,NA,NA,8.041768,NA,NA,NA,NA,NA,NA,NA,NA,NA
Daily,2022-12-05,77.218666,25.121481,-93.2914775,NA,NA,50446.1679685,NA,6.0930615,89.072685,102.363472,219.840088,NA,NA,NA,7.999945,NA,NA,NA,NA,NA,NA,NA,NA,NA
Daily,2022-12-06,77.218666,25.121481,-93.892921,NA,NA,50441.019531,NA,6.218539,90.75091549999999,104.310417,220.888031,NA,NA,NA,8.013743,NA,NA,NA,NA,NA,NA,NA,NA,NA
Daily,2022-12-07,77.207397,25.115223,-94.345085,32.849432,NA,50049.8789065,50054.246094,6.155186,89.925606,102.75526049999999,220.9138795,-1.239626,NA,32455.244141,8.010008,NA,NA,NA,NA,NA,NA,NA,NA,NA
Daily,2022-12-08,77.218666,25.121481,-95.37043,32.8553585,NA,50035.359375,50065.566406,6.209095,90.7211835,103.4053115,232.028595,-1.216765,NA,32550.0937505,7.975798,NA,NA,NA,NA,NA,NA,NA,NA,NA
Daily,2022-12-09,77.207397,25.115223,-95.838158,32.8677615,NA,49997.535156,50060.513672,6.164102,90.364048,102.802021,230.0576475,-1.2480265,NA,32552.194336,7.994226,0,0.11,0.9,1.4,7.87,108,1.6,0.016,NA
Daily,2022-12-10,77.207397,25.115223,-96.3692475,32.862390500000004,NA,50050.1992185,50043.339844,6.194709,90.3409115,103.278435,229.952454,-1.2349869999999998,NA,32530.292969000002,7.997859,NA,NA,NA,NA,NA,NA,NA,NA,NA
Daily,2022-12-11,77.218666,25.121481,-96.880943,32.851192499999996,NA,50071.386719,50073.5351565,6.2054545,90.75712949999999,103.49330549999999,230.006287,-1.239539,NA,32549.445313,8.012712,NA,NA,NA,NA,NA,NA,NA,NA,NA
Daily,2022-12-12,77.207397,25.115223,-96.350166,32.855104499999996,NA,50040.361328,50046.683594,6.067617,88.7365225,101.219833,227.026154,-1.231858,NA,32559.244141,7.994514,NA,NA,NA,NA,NA,NA,NA,NA,NA
Daily,2022-12-13,77.207397,25.115223,-95.83844,32.858017,NA,50065.7109375,50040.0078125,6.1400805,89.117516,102.075981,227.02919,-1.233,NA,32554.743164,7.9878265,NA,NA,NA,NA,NA,NA,NA,NA,NA
Daily,2022-12-14,77.207397,25.115223,-95.862831,32.873974,NA,50040.144531,50041.7089845,6.183017,89.015686,102.494438,228.0588305,-1.2251175,NA,32556.244141,8.004481,NA,NA,NA,NA,NA,NA,NA,NA,NA
Daily,2022-12-15,77.196136,25.108965,-96.86604700000001,32.884853,NA,50065.326172,50041.482422,6.1991975,91.195671,104.143669,226.1089095,-1.1939625,NA,32552.841797,8.0440845,NA,NA,NA,NA,NA,NA,NA,NA,NA
Daily,2022-12-16,77.196136,25.108965,-97.345299,32.884159,NA,50021.5820315,50048.730469,6.179174,89.9920845,102.9830015,224.1114955,-1.1980195,NA,32553.345703,8.043838,NA,NA,NA,NA,NA,NA,NA,NA,NA
Daily,2022-12-17,77.207397,25.115223,-97.4027825,32.882078,NA,50031.9179685,50042.078125,6.202275,90.4816015,103.40136,224.112236,-1.1939104999999999,NA,32553.1923825,8.048678,0,0.08,0.8,1.4,7.92,119,1.6,0,NA
Daily,2022-12-18,77.207397,25.115223,-97.250488,32.874081,NA,50049.953125,50068.324219,6.119211,89.4243815,101.928955,223.07901750000002,-1.192874,NA,32572.59375,8.0304725,NA,NA,NA,NA,NA,NA,NA,NA,NA
Daily,2022-12-19,77.207397,25.115223,-96.837502,32.8721885,NA,50057.171875,50051.179688,6.235782,90.689331,103.57803,224.0724105,-1.194459,NA,32555.043945,8.033309,NA,NA,NA,NA,NA,NA,NA,NA,NA
Daily,2022-12-20,77.207397,25.115223,-97.362999,32.869774,NA,50056.9003905,50017.292969,6.207972,90.530235,103.52882,223.0792465,-1.193752,NA,32559.3935545,8.0357555,NA,NA,NA,NA,NA,NA,NA,NA,NA
Daily,2022-12-21,77.207397,25.115223,-97.36053849999999,32.8754215,NA,50054.410156,50065.554688,6.114641499999999,89.358406,101.934341,213.092651,-1.193766,NA,32572.1435545,8.031682,NA,NA,NA,NA,NA,NA,NA,NA,NA
Daily,2022-12-22,77.207397,25.115223,-97.773949,32.8815845,NA,50061.609375,50073.972656,6.027123,87.821621,100.104996,208.092758,-1.185538,NA,32561.1425785,8.026305,NA,NA,NA,NA,NA,NA,NA,NA,NA
Daily,2022-12-23,77.207397,25.115223,-97.838482,32.887853500000006,NA,50057.09375,50056.929688,6.032204500000001,87.898125,100.54741250000001,206.1320035,-1.170203,NA,32550.942383,8.0336575,0,0.13,0.9,0.6,7.91,137,1.6,0.011,NA
Daily,2022-12-24,77.218666,25.121481,-98.256714,32.894878,NA,50041.480469,50030.257813,6.056242,88.432129,100.735386,207.155182,-1.170499,NA,32557.341797,8.026533,NA,NA,NA,NA,NA,NA,NA,NA,NA
Daily,2022-12-25,77.207397,25.115223,-98.25157200000001,32.897526,NA,50036.6132815,50050.8125005,6.014882,87.926979,100.043499,205.6637805,-1.162593,NA,32551.744141,8.028887,NA,NA,NA,NA,NA,NA,NA,NA,NA
Daily,2022-12-26,77.196136,25.108965,-98.3209385,32.896739999999994,NA,50038.736328,50062.085938,6.029212,87.933483,100.174194,206.149994,-1.14736,NA,32551.246094,8.0347925,NA,NA,NA,NA,NA,NA,NA,NA,NA
Daily,2022-12-27,77.196136,25.108965,-98.202728,32.8974955,NA,50059.785156,50031.742188,6.054560499999999,88.4739,100.95594,212.658119,-1.146543,NA,32555.7939455,8.030343,NA,NA,NA,NA,NA,NA,NA,NA,NA
Daily,2022-12-28,77.196136,25.108965,-96.821022,32.9001425,NA,50066.917969,50060.246094,6.171877,90.0793,102.873322,228.151672,-1.147683,NA,32556.6435545,8.017119000000001,NA,NA,NA,NA,NA,NA,NA,NA,NA
Daily,2022-12-29,77.196136,25.108965,-95.737022,32.89954,NA,50041.7734375,50057.578125,6.2806225,91.72080199999999,104.8531075,225.147308,-1.139076,NA,32565.044922,7.995075,NA,NA,NA,NA,NA,NA,NA,NA,NA
Daily,2022-12-30,77.196136,25.108965,-95.26235199999999,32.892704,NA,50027.792969,50050.195313,6.2476895,91.351166,103.886795,226.136932,-1.154971,NA,32552.541016,7.986148,0,0,1,1.2,7.86,133,1.6,0.005,NA
Daily,2022-12-31,77.196136,25.108965,-95.375954,32.8906325,NA,50072.972656,50038.203125,6.325253,92.46554950000001,105.49438900000001,226.124481,-1.162356,NA,32556.394531,7.998679,NA,NA,NA,NA,NA,NA,NA,NA,NA
Daily,2023-01-01,77.184875,25.102707,-94.8309405,32.8845385,NA,50127.498047,50143.9589845,6.146094,89.717628,102.3784445,225.08873,NA,NA,32550.742188,7.984087,NA,NA,NA,NA,NA,NA,NA,NA,NA
Daily,2023-01-02,77.184875,25.102707,-93.427574,32.8774145,NA,50129.082031,50126.710938,6.1972,90.75042,103.5780755,220.09149200000002,NA,NA,32554.443359,7.952442,NA,NA,NA,NA,NA,NA,NA,NA,NA
Daily,2023-01-03,77.196136,25.108965,-93.84722550000001,32.879452,NA,50112.205078,50142.398438,6.265382000000001,91.193325,104.353233,222.092163,NA,NA,32562.542969,7.9667864999999995,NA,NA,NA,NA,NA,NA,NA,NA,NA
Daily,2023-01-04,77.184875,25.102707,-94.412201,33.166569,50598.675781,50554.691406,50532.9394535,6.34523,92.709438,105.589699,224.110512,-0.545041,-2.328173,32798.886719,7.993231,NA,NA,NA,NA,NA,NA,NA,NA,NA
Daily,2023-01-05,77.184875,25.102707,-95.7648545,33.1707345,50599.791016,50553.2421875,50552.949219,6.300793,92.36628350000001,105.323944,229.7332075,-0.5309,-2.085899,32852.6894535,8.017053,NA,NA,NA,NA,NA,NA,NA,NA,NA
Daily,2023-01-06,77.184875,25.102707,-95.815125,33.169621,50598.357422,50574.9921875,50542.1933595,6.324037,92.225685,105.25672900000001,228.70853449999998,-0.5174475,-2.0701305000000003,32854.6875,8.0228125,0,0.09,0.9,1.6,7.85,136,1.6,0.003,NA
Daily,2023-01-07,77.196136,25.108965,-95.88105,33.170730500000005,50598.238281,50570.998047,50553.875,6.3316025,92.7140995,105.940506,224.732727,-0.5117149999999999,-2.023201,32835.685547,8.02576,NA,NA,NA,NA,NA,NA,NA,NA,NA
Daily,2023-01-08,77.196136,25.108965,-96.94945150000001,33.1710245,50598.757813,50549.917969,50544.152344,6.3755895,93.636078,106.436909,223.732407,-0.503997,-1.972577,32849.289063,8.033085,NA,NA,NA,NA,NA,NA,NA,NA,NA
Daily,2023-01-09,77.196136,25.108965,-97.8906975,33.168251,50595.175781,50541.722656,50547.125,6.3277470000000005,92.5513575,105.23180049999999,223.722443,-0.494132,-1.949201,32854.6875,8.0337275,NA,NA,NA,NA,NA,NA,NA,NA,NA
Daily,2023-01-10,77.184875,25.102707,-98.26815,33.166225,50595.042969,50537.371094,50575.121094,6.322004,92.481529,105.17276,223.711212,-0.490098,-1.8865555,32845.6875,8.026965,NA,NA,NA,NA,NA,NA,NA,NA,NA
Daily,2023-01-11,77.196136,25.108965,-98.30378,33.166252,50592.828125,50567.8027345,50590.960938,6.3167435,92.610863,104.880371,224.71321849999998,-0.498006,-1.9099819999999998,32850.488281,8.0359475,NA,NA,NA,NA,NA,NA,NA,NA,NA
Daily,2023-01-12,77.184875,25.102707,-98.863251,33.161842,50588.8945315,50564.2714845,50568.425781,6.3684755,93.004532,105.89801,224.694504,-0.5251005,-2.069734,32857.6875,8.050187,NA,NA,NA,NA,NA,NA,NA,NA,NA
Daily,2023-01-13,77.184875,25.102707,-99.001122,33.152983,50580.402344,50557.669922,50574.039063,6.337504,92.93129,105.662285,221.664215,-0.491936,-1.9214734999999998,32851.2851565,8.059806,0,0.25,1.1,1.3,7.87,129,1.6,0.004,NA
Daily,2023-01-14,77.173607,25.096447,-99.25683950000001,33.1456775,50574.4726565,50565.347656,50565.992188,6.278209,91.81097,104.477982,221.649063,-0.482214,-1.8470810000000002,32851.890625,8.063939999999999,NA,NA,NA,NA,NA,NA,NA,NA,NA
Daily,2023-01-15,77.173607,25.096447,-97.81562,33.144783,50572.6152345,50560.875,50568.296875,6.167181,90.40152,102.744041,218.659119,-0.4675325,-1.800141,32883.0859375,8.030861,NA,NA,NA,NA,NA,NA,NA,NA,NA
Daily,2023-01-16,77.162346,25.090191,-95.8769075,33.127865,50553.621094,50559.34375,50566.929688,6.14614,89.902557,102.337334,218.58921800000002,-0.460562,-1.799817,32845.6875,8.017659,NA,NA,NA,NA,NA,NA,NA,NA,NA
Daily,2023-01-17,77.162346,25.090191,-94.854759,33.11985,50545.4414065,50563.8691405,50563.53125,6.216567,91.182083,103.732391,219.07402000000002,-0.46841849999999996,-1.838732,32877.888672,7.9861025,NA,NA,NA,NA,NA,NA,NA,NA,NA
Daily,2023-01-18,77.173607,25.096447,-94.907524,33.116806499999996,50542.4277345,50552.2421875,50584.433594,6.2944425,92.214401,104.71846,218.5728,-0.495653,-1.909062,32873.289063,7.996459,NA,NA,NA,NA,NA,NA,NA,NA,NA
Daily,2023-01-19,77.173607,25.096447,-96.860992,33.115551,50541.5390625,50560.7128905,50547.386719,6.359081,93.285973,106.065041,223.55963150000002,-0.565672,-2.021099,32845.6875,8.035926,NA,NA,NA,NA,NA,NA,NA,NA,NA
Daily,2023-01-20,77.173607,25.096447,-97.361778,33.1097815,50536.273438,50539.841797,50553.2832035,6.286851,92.32012950000001,104.7443885,223.538559,-0.557438,-1.963604,32860.890625,8.0332605,0,0.07,0.93,0.63,7.88,133,1.6,0,NA
Daily,2023-01-21,77.173607,25.096447,-97.885658,33.105183,50531.863281,50563.816406,50559.535156,6.308788,92.1256145,105.146435,222.5378645,-0.545871,-1.963355,32851.6875,8.051432,NA,NA,NA,NA,NA,NA,NA,NA,NA
Daily,2023-01-22,77.162346,25.090191,-98.8313675,33.102257,50526.8125005,50541.96875,50524.960938,6.336322,92.75695,105.274727,223.515793,-0.5517715,-1.955587,32874.488281,8.070649,NA,NA,NA,NA,NA,NA,NA,NA,NA
Daily,2023-01-23,77.162346,25.090191,-99.3162,33.095116,50520.714844,50573.6992185,50571.5175785,6.2623255,91.613022,104.234379,221.506561,-0.541558,-1.9242115000000002,32837.9882815,8.086431,NA,NA,NA,NA,NA,NA,NA,NA,NA
Daily,2023-01-24,77.162346,25.090191,-99.344536,33.090046,50516.71875,50579.984375,50534.9609375,6.345461,92.913925,105.59713,221.482559,-0.5455405,-1.955272,32880.089844,8.091606500000001,NA,NA,NA,NA,NA,NA,NA,NA,NA
Daily,2023-01-25,77.151077,25.083931,-100.29272449999999,33.08543,50511.7675785,50542.7265625,50556.078125,6.3795185,93.34302149999999,106.191517,221.482162,-0.541585,-1.9396335,32875.292969,8.0990285,NA,NA,NA,NA,NA,NA,NA,NA,NA
Daily,2023-01-26,77.139809,25.077671,-100.351166,33.0841505,50508.7128905,50574.4160155,50556.941406,6.347385,92.078064,105.11998750000001,223.480988,-0.545755,-1.9707215,32912.1875,8.091993500000001,NA,NA,NA,NA,NA,NA,NA,NA,NA
Daily,2023-01-27,77.151077,25.083931,-100.904541,33.082874,50508.326172,50572.65625,50542.78125,6.3358215,92.427475,105.1601715,224.46656050000001,-0.529916,-2.254185,32941.28125,8.097557,0,0.02,1.1,1.4,7.93,130,1.6,0.012,NA
Daily,2023-01-28,77.151077,25.083931,-101.1018145,33.078621,50502.6738285,50541.019531,50559.574219,6.324577,92.2284965,104.920258,220.465881,-0.509659,-1.986312,32941.28125,8.1044315,NA,NA,NA,NA,NA,NA,NA,NA,NA
Daily,2023-01-29,77.151077,25.083931,-101.452789,33.072796,50497.2597655,50577.816406,50557.140625,6.3441775,92.612495,105.523186,223.43613399999998,-0.489672,-1.916035,32941.878906,8.1096575,NA,NA,NA,NA,NA,NA,NA,NA,NA
Daily,2023-01-30,77.1567115,25.083931,-101.439674,33.070477,50495.027344,50583.1875,50561.949219,6.319546,92.765984,105.222721,224.421219,-0.4681335,-1.892447,32941.28125,8.110483,NA,NA,NA,NA,NA,NA,NA,NA,0.03
Daily,2023-01-31,77.162346,25.090191,-101.944672,33.068371,50491.4609375,50549.5,50555.53125,6.347613,92.790688,105.540108,229.421402,-0.477817,-1.798652,32941.28125,8.119117,NA,NA,NA,NA,NA,NA,NA,NA,NA
Daily,2023-02-01,77.162346,25.090191,-101.919388,33.069126,50494.298828,50541.013672,50534.167969,6.291532500000001,92.146095,104.502998,NA,-0.370147,-0.8017099999999999,NA,8.130024,NA,NA,NA,NA,NA,NA,NA,NA,NA
Daily,2023-02-02,77.162346,25.090191,-101.946415,33.0693435,50493.4882815,50569.3125,50568.984375,6.415601,93.6983565,106.59671,227.423538,-0.22117900000000001,0.805597,NA,8.11957,NA,NA,NA,NA,NA,NA,NA,NA,NA
Daily,2023-02-03,77.162346,25.090191,-101.907753,33.0702155,50495.1445315,50667.644531,50629.734375,6.3377605,92.449486,105.05674,234.421684,-0.303978,2.175142,NA,8.124883,0,0.15,1.06,2,8.01,139,2.11,0.012,NA
Daily,2023-02-04,77.151077,25.083931,-102.5036125,33.360256,50791.2578125,50828.8847655,50823.503906,6.3226700000000005,92.490837,105.21964249999999,242.290863,-0.913116,-6.1868665,NA,8.147856,NA,NA,NA,NA,NA,NA,NA,NA,NA
Daily,2023-02-05,77.139809,25.077671,-102.815971,33.357483,50786.027344,50815.558594,50805.390625,6.34812,93.086525,105.6322405,241.273468,-0.889119,-6.218251,NA,8.155503,NA,NA,NA,NA,NA,NA,NA,NA,NA
Daily,2023-02-06,77.139809,25.077671,-102.832607,33.3497045,50780.257813,50863.4101565,50824.074219,6.28046,91.48642,104.37815850000001,241.276642,-0.873857,-6.1549065,NA,8.1532215,NA,NA,NA,NA,NA,NA,NA,NA,NA
Daily,2023-02-07,77.151077,25.083931,-102.8568345,33.343237,50772.171875,50808.9765625,50817.804688,6.335297,92.86229349999999,105.68026,237.256775,-0.839315,-6.06079,NA,8.162945,NA,NA,NA,NA,NA,NA,NA,NA,NA
Daily,2023-02-08,77.151077,25.083931,-103.042946,33.335316000000006,50762.761719,50832.066406,50830.529297,6.329126,92.54422,105.456856,236.23259,-0.8331185,-5.9343319999999995,NA,8.156658,NA,NA,NA,NA,NA,NA,NA,NA,NA
Daily,2023-02-09,77.151077,25.083931,-103.1858785,33.326664,50756.855469,50798.628906,50797.5,6.3883605,93.360146,106.027061,240.192642,-0.842415,-5.840662,NA,8.159506,NA,NA,NA,NA,NA,NA,NA,NA,NA
Daily,2023-02-10,77.151077,25.083931,-103.41611850000001,33.326344,50754.9121095,50807.5273435,50815.3945315,6.304263,92.381439,105.172302,237.185608,-0.868106,-6.0280635,NA,8.156058,0,0.02,0.96,0.3,8.03,131,1.6,0.005,NA
Daily,2023-02-11,77.139809,25.077671,-102.756355,33.323448,50754.984375,50842.3085935,50833.757813,6.218134,91.009125,103.539974,237.184296,-0.812739,-5.05888,NA,8.154891,NA,NA,NA,NA,NA,NA,NA,NA,NA
Daily,2023-02-12,77.151077,25.083931,-101.822674,33.320343,50748.128906,50832.5,50791.242188,6.244462,91.255203,103.8763085,238.170952,-0.758767,-3.40447,NA,8.126559499999999,NA,NA,NA,NA,NA,NA,NA,NA,NA
Daily,2023-02-13,77.151077,25.083931,-101.40203500000001,33.312163999999996,50742.015625,50826.84375,50832.9375,6.154673,89.999352,102.4133875,239.152176,-0.658636,0.9643085,NA,8.094201,NA,NA,NA,NA,NA,NA,NA,NA,0.02
Daily,2023-02-14,77.139809,25.077671,-100.85041,33.303070000000005,50734.222656,50836.107422,50846.710938,6.195766,90.6409265,103.20167950000001,241.11879,-0.6073569999999999,7.5419895,NA,8.111659,NA,NA,NA,NA,NA,NA,NA,NA,NA
Daily,2023-02-15,77.139809,25.077671,-101.393345,33.295513,50725.345703,50823.001953,50804.367188,6.2558115,91.8456345,104.460884,236.125198,-0.4142215,16.0461235,NA,8.11843,NA,NA,NA,NA,NA,NA,NA,NA,NA
Daily,2023-02-16,77.139809,25.077671,-101.9054105,33.289343,50718.5546875,50845.736328,50831.6601565,6.255526,91.8535495,104.43110999999999,235.084717,-0.22313,21.349972,NA,8.1352,NA,NA,NA,NA,NA,NA,NA,NA,NA
Daily,2023-02-17,77.128548,25.071415,-102.84301400000001,33.2889845,50720.382813,50811.285156,50820.679688,6.339566,93.00600449999999,105.733059,234.084274,0.30548299999999995,10.237621,NA,8.173504,0,0.09,0.8,1.46,8.12,133,1.8,0.036,NA
Daily,2023-02-18,77.128548,25.071415,-103.05953600000001,33.28253,50713.941406,50783.449219,50813.472656,6.217646,91.069,103.558327,234.073418,0.763575,14.987157,NA,8.178998499999999,NA,NA,NA,NA,NA,NA,NA,NA,NA
Daily,2023-02-19,77.139809,25.077671,-102.2304725,33.264704,50697.232422,50809.013672,50800,6.236049,91.088806,103.7409745,236.00988,0.231714,11.5773995,NA,8.163094000000001,NA,NA,NA,NA,NA,NA,NA,NA,NA
Daily,2023-02-20,77.139809,25.077671,-101.220917,33.005028,50692.2207035,50620.1503905,50811.765625,6.244145,91.2472535,103.8658375,234.981903,0.8095939999999999,7.241594,NA,8.15736,NA,NA,NA,NA,NA,NA,NA,NA,NA
Daily,2023-02-21,77.139809,25.077671,-100.265022,33.244186,NA,50579.5546875,50566.859375,6.157769,90.406364,102.618446,235.95091250000002,-0.004737,1.513196,NA,8.152767,NA,NA,NA,NA,NA,NA,NA,NA,NA
Daily,2023-02-22,77.139809,25.077671,-98.785519,33.229572,NA,50564.089844,50551.4609375,6.075344,88.822601,101.147774,236.906555,0.633708,9.290259500000001,NA,8.100992,NA,NA,NA,NA,NA,NA,NA,NA,NA
Daily,2023-02-23,77.139809,25.077671,-98.414223,33.2190765,NA,50556.265625,50525.683594,6.116203,89.599419,101.628944,237.87468,0.789877,9.22609,NA,8.099936499999998,NA,NA,NA,NA,NA,NA,NA,NA,NA
Daily,2023-02-24,77.139809,25.077671,-98.92548,33.208706,NA,50565.4179685,50557.53125,6.3408035,92.4982795,105.127777,239.8182375,1.3687045,10.788221,NA,8.088268,0,0.06,0.66,NA,7.95,131,1.73,0.014,NA
Daily,2023-02-25,77.139809,25.077671,-100.301964,33.193241,50616.125,50576.8496095,50546.585938,6.27129,91.413559,104.034752,238.811188,1.820577,11.971375,NA,8.085001,NA,NA,NA,NA,NA,NA,NA,NA,NA
Daily,2023-02-26,77.139809,25.077671,-100.634682,33.166981,50602.3671875,50581.902344,50561.898438,6.2298845,90.833771,103.409172,240.737366,NA,31.432671499999998,NA,8.0910285,NA,NA,NA,NA,NA,NA,NA,NA,NA
Daily,2023-02-27,77.139809,25.077671,-100.3341145,33.147137,50578.839844,50565.970703,50537.070313,6.302481,92.145287,105.132416,242.65065,NA,36.2324905,NA,8.094093,NA,NA,NA,NA,NA,NA,NA,NA,0.03
Daily,2023-02-28,77.139809,25.077671,-101.9182665,33.123369499999995,50551.585938,50547.761719,50541.439453,6.287268,91.785473,104.371246,245.55740400000002,NA,42.34367,NA,8.112119,NA,NA,NA,NA,NA,NA,NA,NA,NA
Daily,2023-03-01,77.139809,25.077671,-102.631371,33.110988999999996,50539.8671875,NA,NA,6.227216,91.3678585,103.853767,245.566086,11.977807,51.711057999999994,32839.277344,8.113705,NA,NA,NA,NA,NA,NA,NA,NA,NA
Daily,2023-03-02,77.139809,25.077671,-102.749886,33.0915355,50519.142578,NA,NA,6.2528445,91.4217,104.066422,246.491974,12.133922,1.775551,32838.679688,8.118885,NA,NA,NA,NA,NA,NA,NA,NA,NA
Daily,2023-03-03,77.128548,25.071415,-103.17865,33.080097,50508.205078,NA,NA,6.225327500000001,91.1684115,103.816017,239.463821,8.094226,6.086000500000001,32805.078125,8.155402,0,0.02,0.7,1.3,7.97,127,1.3,0.004,NA
Daily,2023-03-04,77.128548,25.071415,-104.001846,33.063637,50485.824219,NA,NA,6.329347,92.9775005,105.704765,243.366241,12.6894295,14.762971,32805.078125,8.162983,NA,NA,NA,NA,NA,NA,NA,NA,NA
Daily,2023-03-05,77.128548,25.071415,-104.526543,33.047367,50474.09375,NA,NA,6.3106729999999995,92.005886,104.663589,242.368454,NA,16.397043,32805.078125,8.1672245,NA,NA,NA,NA,NA,NA,NA,NA,NA
Daily,2023-03-06,77.117279,25.065155,-104.6138345,33.032944,50461.84375,NA,NA,6.24328,90.979736,103.342667,242.326736,NA,17.705218000000002,32805.078125,8.161811,NA,NA,NA,NA,NA,NA,NA,NA,NA
Daily,2023-03-07,77.128548,25.071415,-104.107368,33.011398,50443.878906,50290.285156,50221.902344,6.2642885,91.273308,103.962532,243.2686,NA,22.010811,32804.480469,8.151806,NA,NA,NA,NA,NA,NA,NA,NA,NA
Daily,2023-03-08,77.139809,25.077671,-103.948856,33.001345,50432.152344,50275.0546875,50282.064453,6.317348,91.3437955,104.2445185,243.176895,NA,27.253712,32804.480469,8.154019,NA,NA,NA,NA,NA,NA,NA,NA,NA
Daily,2023-03-09,77.128548,25.071415,-104.2902605,32.740038,50157.2558595,50227.734375,50238.6875,6.3879684999999995,92.92954649999999,106.735245,243.140472,-1.5810659999999999,2.0346275,32657.939453,8.13852,NA,NA,NA,NA,NA,NA,NA,NA,NA
Daily,2023-03-10,77.128548,25.065155,-104.941544,32.731762,50151.902344,49798.8378905,49791.1015625,6.347874,92.50004949999999,106.097332,244.639862,-1.524609,-5.355861,32485.041016,8.093065,0,0.27,0.97,1.17,8.07,134.8,1.64,0.012,NA
Daily,2023-03-11,77.117279,25.065155,-104.6104315,32.712920999999994,49884.476563,49813.4765625,49799.0039065,6.32113,92.031502,105.323814,240.620499,-1.241936,-4.634698,32485.041016,8.096056,NA,NA,NA,NA,NA,NA,NA,NA,NA
Daily,2023-03-12,77.117279,25.065155,-104.4543305,32.695755,49867.3808595,49781.3242185,49772.25,6.361639,92.7431565,106.4268495,239.557587,-0.432017,0.793782,32485.041016,8.0844655,NA,NA,NA,NA,NA,NA,NA,NA,NA
Daily,2023-03-13,77.106018,25.065155,-104.658905,32.677563,49846.101563,49778.824219,49771.617188,6.341788,92.4939195,105.85107049999999,240.505203,0.691058,9.320025000000001,32485.041016,8.089639,NA,NA,NA,NA,NA,NA,NA,NA,NA
Daily,2023-03-14,77.106018,25.058899,-105.1411665,32.654251,49821.9140625,49765.605469,49807.9375,6.4184874999999995,93.56800100000001,107.10864649999999,242.428253,1.836416,20.251358,32484.740234,8.094951,NA,NA,NA,NA,NA,NA,NA,NA,NA
Daily,2023-03-15,77.106018,25.058899,-104.18102999999999,32.634209,49797.2714845,49791.455078,49802.267578,6.298177000000001,91.730576,105.0533255,240.36319,2.447801,24.548194000000002,32357.041016,8.088376,NA,NA,NA,NA,NA,NA,NA,NA,NA
Daily,2023-03-16,77.106018,25.058899,-102.745697,32.624439,49786.4472655,49779.035156,49783.015625,6.314479,91.328873,105.06271,241.31937399999998,0.257309,-2.263355,32357.041016,8.051075,NA,NA,NA,NA,NA,NA,NA,NA,NA
Daily,2023-03-17,77.117279,25.065155,-102.943764,32.614479,49774.0371095,49781,49781.5625,6.331253,92.231487,105.457096,240.313553,-0.819206,-4.1341695000000005,32287.439453,8.088711,0,0,1.1,1.1,NA,NA,1.7,0.002,NA
Daily,2023-03-18,77.117279,25.065155,-103.708088,32.598682499999995,49758.21875,49799.484375,49788.15625,6.337369,92.3069495,105.66663750000001,241.7684175,-1.356597,-2.589349,32287.589843499998,8.108177000000001,NA,NA,NA,NA,NA,NA,NA,NA,NA
Daily,2023-03-19,77.117279,25.065155,-104.793678,32.585567499999996,49744.949219,49784.0253905,49781.1875,6.3907375,93.23480599999999,106.43134649999999,244.226013,-1.082506,-0.951696,32287.740234,8.119157,NA,NA,NA,NA,NA,NA,NA,NA,NA
Daily,2023-03-20,77.117279,25.065155,-104.656494,32.5707165,49729.734375,49781.5371095,49810.375,6.330465,92.36882399999999,105.7450635,240.1699825,-0.721105,3.352369,32287.740234,8.112463,NA,NA,NA,NA,NA,NA,NA,NA,NA
Daily,2023-03-21,77.117279,25.065155,-104.232872,32.555416,49714.2812505,49816.667969,49774.359375,6.254835,91.227997,104.511444,237.123886,-0.246509,6.3437315000000005,32287.740234,8.103842,NA,NA,NA,NA,NA,NA,NA,NA,NA
Daily,2023-03-22,77.117279,25.065155,-102.217163,32.542316,49703.1679685,49771.859375,49768.421875,6.236221,90.775787,103.686737,239.0603635,0.401088,9.5250845,32287.740234,8.092242,NA,NA,NA,NA,NA,NA,NA,NA,NA
Daily,2023-03-23,77.117279,25.065155,-101.240433,32.528887,49687.0039065,49807.058594,49781.3125,6.379952,93.014542,106.225723,241.050552,1.291408,11.334267,32288.039063,8.0679735,NA,NA,NA,NA,NA,NA,NA,NA,NA
Daily,2023-03-24,77.106018,25.058899,-102.1810345,32.527225,49685.1269535,49792.076172,49766.039063,6.380698499999999,92.8962285,106.584488,240.037933,-0.058123499999999995,3.396056,32320.140625,8.107409,0,0,0.66,1.03,8.04,142,1.56,0.002,NA
Daily,2023-03-25,77.106018,25.058899,-103.0826685,32.5156935,49674.009766,49772.003906,49774.046875,6.4662679999999995,94.0709,108.1545185,243.013443,2.226473,11.644338,32320.140625,8.1255725,NA,NA,NA,NA,NA,NA,NA,NA,NA
Daily,2023-03-26,77.106018,25.058899,-104.197014,32.4856855,49909.496094,49522.058594,49649.091797,6.4479615,94.0572435,107.64664099999999,244.44396999999998,5.169248,22.963548000000003,32320.439453,8.1496265,NA,NA,NA,NA,NA,NA,NA,NA,NA
Daily,2023-03-27,77.106018,25.058899,-105.17464050000001,32.478062,49887.464844,49548.1640625,49551.296875,6.4505300000000005,94.083305,107.707855,240.90213,6.205769999999999,29.574875499999997,32320.439453,8.15883,NA,NA,NA,NA,NA,NA,NA,NA,NA
Daily,2023-03-28,77.106018,25.058899,-106.149719,32.457094,49862.3125,49540.355469,49515.605469,6.460587,94.287842,107.919426,230.813118,-1.712122,-6.342325000000001,32191.941406,8.144516,NA,NA,NA,NA,NA,NA,NA,NA,NA
Daily,2023-03-29,77.094749,25.052639,-106.7887305,32.436603500000004,49718.2734375,49528.285156,49532.402344,6.402936,93.286354,106.803085,229.770897,-1.6916205,-6.183043,32172.742188,8.150524,NA,NA,NA,NA,NA,NA,NA,NA,NA
Daily,2023-03-30,77.094749,25.052639,-106.1862335,32.4178905,49575.183594,49531.826172,49512.623047,6.3273019999999995,92.311222,105.43,NA,-1.663111,-6.086236,32171.146484,8.1514285,NA,NA,NA,NA,NA,NA,NA,NA,NA
Daily,2023-03-31,77.094749,25.052639,-105.5010645,32.414253,49573.310547,49538.496094,49536.3339845,6.435747,93.721046,107.417107,229.687378,-1.64216,-5.897526,32169.3427735,8.144349,NA,0,1.1,NA,8.18,NA,1.23,0.017,NA
Daily,2023-04-01,77.106018,25.058899,-106.2047845,32.394981,49549.648438,49537.59375,49539.503906,6.425473500000001,93.621643,106.99396899999999,224.649948,-1.630601,-5.800238,32170.444336,8.154049,NA,NA,NA,NA,NA,NA,NA,NA,NA
Daily,2023-04-02,77.106018,25.058899,-107.11551700000001,32.3767225,49529.5,49522.8964845,49533.5781255,6.403214500000001,93.516808,106.961983,224.605057,-1.60073,-5.671682,32174.34375,8.158728499999999,NA,NA,NA,NA,NA,NA,NA,NA,NA
Daily,2023-04-03,77.106018,25.058899,-107.2719115,32.358431,49509.671875,49520.951172,49531.429688,6.40232,93.448826,106.847969,224.549774,-1.5613125,-5.575528,32170.941406,8.155791,NA,NA,NA,NA,NA,NA,NA,NA,NA
Daily,2023-04-04,77.106018,25.058899,-107.640984,32.342395999999994,49491.431641,49525.777344,49538.517578,6.4062825,93.901794,107.3429105,225.440567,-1.5672135,-5.510619,32172.742188,8.162345,NA,NA,NA,NA,NA,NA,NA,NA,NA
Daily,2023-04-05,77.106018,25.058899,-107.8541525,32.325104,49472.123047,49549.152344,49550.273438,6.414927,93.395939,106.8696215,224.41214,-1.567369,-5.445057,32181.042969000002,8.159857500000001,NA,NA,NA,NA,NA,NA,NA,NA,NA
Daily,2023-04-06,77.106018,25.058899,-108.320465,32.31189,49460.402344,49550.402344,49524.226563,6.418336,93.570137,106.966759,226.392639,-1.543145,-5.3501145,32176.744141,8.1725225,NA,NA,NA,NA,NA,NA,NA,NA,NA
Daily,2023-04-07,77.106018,25.058899,-108.2375755,32.295979,49444.9570315,49527.113281,49527.0312505,6.36429,92.675659,105.932991,225.34278849999998,-1.5359125,-5.346073,32173.0927735,8.165734,0,0.06,1.03,1.4,8.16,136.8,1.41,0,NA
Daily,2023-04-08,77.106018,25.058899,-108.250404,32.280914,49427.216797,49523.65625,49544.167969,6.4431615,94.164124,107.840767,226.279808,-1.5264435,-5.2513355,32163.6933595,8.173402,NA,NA,NA,NA,NA,NA,NA,NA,NA
Daily,2023-04-09,77.117279,25.065155,-108.729866,32.269161,49415.9375,49553.560547,49541.683594,6.451021,93.785789,107.1432345,226.239822,-1.495155,-5.2814,32126.244141,8.180704,NA,NA,NA,NA,NA,NA,NA,NA,NA
Daily,2023-04-10,77.117279,25.065155,-108.699379,32.256805,49649.550781,49324.792969,49546.773438,6.374948,92.933975,106.43903,225.7167665,-1.505054,-5.279014,32046.5927735,8.1709885,NA,NA,NA,NA,NA,NA,NA,NA,NA
Daily,2023-04-11,77.117279,25.065155,-108.864204,32.486519,49637.6972655,49297.171875,49289.355469,6.4115645,93.695724,107.161148,225.1736755,-1.5185575,-5.3368965,32046.943359,8.179646,NA,NA,NA,NA,NA,NA,NA,NA,NA
Daily,2023-04-12,77.117279,25.065155,-108.798485,32.470745,49624.873047,49270.966797,49256.46875,6.38174,93.095345,106.654003,225.123352,-1.5403004999999999,-5.3673145,32043.042969,8.173059,NA,NA,NA,NA,NA,NA,NA,NA,NA
Daily,2023-04-13,77.117279,25.065155,-108.614082,32.4786815,49636.128906,49344.769531,49369.498047,6.358427000000001,92.892204,106.8071175,226.172821,-1.480356,-5.4314475,32071.5439455,8.15271,NA,NA,NA,NA,NA,NA,NA,NA,NA
Daily,2023-04-14,77.106018,25.058899,-108.763298,32.3205015,49469.828125,49556.345703,49545.529297,6.420027,93.19163900000001,108.201599,236.37236,-1.0637655000000001,-9.140898499999999,32167.744141,8.155069000000001,0,0.18,1.67,1.13,8.24,125,1.44,0.033,NA
Daily,2023-04-15,77.106018,25.058899,-109.047577,32.34724,49495.132813,49553.621094,49541.964844,6.446882499999999,94.1095735,109.168106,233.501953,-1.067034,-9.088451500000001,32191.344727,8.153643,NA,NA,NA,NA,NA,NA,NA,NA,NA
Daily,2023-04-16,77.106018,25.058899,-109.20924,32.363071,49513.546875,49563.8808595,49547.515625,6.3966775,93.43238450000001,108.4286425,233.5604935,-1.038832,-8.970553500000001,32188.642578,8.152054,NA,NA,NA,NA,NA,NA,NA,NA,NA
Daily,2023-04-17,77.106018,25.058899,-109.255806,32.385834,49541.683594,49545.4589845,49537.832031,6.408037500000001,93.52478,108.514881,234.610764,-1.008096,-8.912038,32169.542969,8.1628535,NA,NA,NA,NA,NA,NA,NA,NA,NA
Daily,2023-04-18,77.106018,25.058899,-109.213097,32.411781500000004,49702.46875,49551.0273435,49519.390625,6.435696,94.1512795,108.549545,233.731827,-1.0013085,-8.799143,32179.443359,8.161475,NA,NA,NA,NA,NA,NA,NA,NA,NA
Daily,2023-04-19,77.106018,25.058899,-109.252937,32.456665,49864.667969,49528.453125,49525.960938,6.3427475,92.2966725,107.177361,232.781799,-0.9890825,-8.692793,32230.3427735,8.15976,NA,NA,NA,NA,NA,NA,NA,NA,NA
Daily,2023-04-20,77.106018,25.058899,-109.254974,32.490818,49905.2519535,49588.464844,49762.480469,6.377194,93.5020065,108.05954,230.908798,-0.979471,-8.700356,32299.0439455,8.157651,NA,NA,NA,NA,NA,NA,NA,NA,NA
Daily,2023-04-21,77.106018,25.058899,-109.2960015,32.558739,49713.722656,49801.863281,49806.388672,6.41273,93.539497,108.3471145,232.121201,-0.989143,-8.839548,32292.443359,8.171359,0,0.06,1.03,1.7,8.25,136.4,1.74,0.001,NA
Daily,2023-04-22,77.106018,25.058899,-109.7258335,32.603088,49756.8632815,49791.189453,49776.277344,6.3889705,93.25918949999999,108.0833205,229.75280750000002,-0.967245,-8.674913,32315.945313,8.196193000000001,NA,NA,NA,NA,NA,NA,NA,NA,NA
Daily,2023-04-23,77.106018,25.058899,-109.622887,32.641315500000005,49801.492188,49791.386719,49790.667969,6.298246,92.110901,106.44146,226.4363325,-0.940744,-8.564035,32322.042969,8.200221,NA,NA,NA,NA,NA,NA,NA,NA,NA
Daily,2023-04-24,77.106018,25.062027,-109.659786,32.680836,49868.5058595,49784.65625,49802.480469,6.3629265,92.7993625,107.264709,227.559097,-0.9258135000000001,-8.3886555,32434.345703,8.192059,NA,NA,NA,NA,NA,NA,NA,NA,NA
Daily,2023-04-25,77.106018,25.058899,-110.08160050000001,32.726585,50140.4277345,49794.464844,49798.125,6.420931,93.936737,108.402695,229.672226,-0.888364,-8.214424,32425.044922,8.19754,NA,NA,NA,NA,NA,NA,NA,NA,NA
Daily,2023-04-26,77.106018,25.058899,-110.1597635,32.522652,49932.519531,49981.15625,50030.794922,6.288493,91.629616,105.95755750000001,226.704926,-0.9091795,-8.105393,32439.644531,8.2008735,NA,NA,NA,NA,NA,NA,NA,NA,NA
Daily,2023-04-27,77.106018,25.058899,-110.17556350000001,32.559368,49969.685547,50021,50061.921875,6.347961,93.174034,107.415268,227.954666,-0.8728940000000001,-7.96524,32423.893555,8.209176,NA,NA,NA,NA,NA,NA,NA,NA,NA
Daily,2023-04-28,77.106018,25.058899,-110.166222,32.593250499999996,50013.445313,50041.2617185,50022.070313,6.3800025,93.25985,108.283432,229.007278,-0.953391,-8.129246,32452.646484,8.210689,0,0.14,1.33,2.13,8.25,130,1.78,0.027,NA
Daily,2023-04-29,77.106018,25.058899,-110.633972,NA,50056.9589845,50039.285156,50085.429688,6.345802,93.123867,107.4912415,226.182953,-1.0107655,-8.204674,32516.144531,8.2501080000000009,NA,NA,NA,NA,NA,NA,NA,NA,NA
Daily,2023-04-30,77.106018,25.058899,-110.6231,NA,50088.527344,50043.4746095,50067.529297,6.340308,92.405689,106.830399,224.29393,-0.9913164999999999,-8.03137,32516.9941405,8.250871499999999,NA,NA,NA,NA,NA,NA,NA,NA,NA
Daily,2023-05-01,77.106018,25.058899,-110.12016650000001,32.961815,50385.087891,50046.628906,50044.21875,6.3026925,91.97857300000001,106.616585,222.337875,-0.985801,-8.039261,32557.941406,8.261205,NA,NA,NA,NA,NA,NA,NA,NA,NA
Daily,2023-05-02,77.106018,25.058899,-110.157852,32.76614,50419.0625,50074.142578,50230.0175785,6.3423865,92.204338,107.029854,220.487457,-0.986426,-8.420385,32564.841797,8.2499585,NA,NA,NA,NA,NA,NA,NA,NA,NA
Daily,2023-05-03,77.106018,25.058899,-110.13345699999999,32.789516500000005,50207.421875,50327.96875,50333.015625,6.325848000000001,92.556549,107.03728100000001,220.60391249999998,-0.958624,-8.441378,32653.7421875,8.249697,NA,NA,NA,NA,NA,NA,NA,NA,NA
Daily,2023-05-04,77.106018,25.058899,-110.136391,32.829421999999994,50247.804688,50304.265625,50297.814453,6.3426565,92.958809,107.3255005,219.766159,-0.975813,-8.39322,32691.0957035,8.240979,NA,NA,NA,NA,NA,NA,NA,NA,NA
Daily,2023-05-05,77.106018,25.058899,-109.686455,32.8745615,50295.7871095,50312.128906,50320.523438,6.319973,91.92349250000001,106.9050905,217.8890685,-0.96122,-8.458583,32686.146484,8.231658,0,0.11,1.5,2.3,8.3,135,1.95,0.008,NA
Daily,2023-05-06,77.094749,25.052639,-109.710556,32.922012,50371.714844,50293.582031,50305.992188,6.37448,93.359222,108.005447,219.0565645,-0.969433,-8.486062,32679.392578,8.2314205,NA,NA,NA,NA,NA,NA,NA,NA,NA
Daily,2023-05-07,77.094749,25.052639,-109.7372325,33.216526,50643.773438,50311.089844,50293.105469,6.352413,93.168835,107.886631,219.167633,-0.969091,-8.438035,32684.3427735,8.23568,NA,NA,NA,NA,NA,NA,NA,NA,NA
Daily,2023-05-08,77.094749,25.052639,-109.727119,33.018444,50451.9843755,50467.863281,50521.429688,6.3515,92.7337455,107.24222549999999,219.23851,-0.965544,-8.440281,32873.5878905,8.2369285,NA,NA,NA,NA,NA,NA,NA,NA,0.01
Daily,2023-05-09,77.083488,25.046381,-109.739433,33.04805,50469.015625,50552.074219,50581.519531,6.31007,91.533234,106.5478325,217.349228,-0.948138,-8.506885,32883.9863285,8.244602,NA,NA,NA,NA,NA,NA,NA,NA,NA
Daily,2023-05-10,77.083488,25.046381,-109.724113,33.091648,50512.6152345,50571.7890625,50566.2441405,6.351343,92.780251,107.72725299999999,216.558075,-0.9567760000000001,-8.397259,32896.4902345,8.238405499999999,NA,NA,NA,NA,NA,NA,NA,NA,NA
Daily,2023-05-11,77.083488,25.046381,-109.8049125,33.138653,50565.59375,50629.9648435,50613.394531,6.27646,91.8896215,105.945503,216.6026305,-0.8959735,-8.249833,32908.484375,8.216799,NA,NA,NA,NA,NA,NA,NA,NA,NA
Daily,2023-05-12,77.083488,25.046381,-110.26237900000001,33.392088,50828.527344,50804.800781,50834.089844,6.278106,91.961311,105.87471,229.436348,-0.5951120000000001,-7.878006,33113.9863285,8.218567,0,0.03,1.3,1.8,8.34,133,1.56,0.022,NA
Daily,2023-05-13,77.07222,25.040123,-110.247654,33.42598,51110.804688,50809.0546875,50817.078125,6.2522465,91.015072,105.116169,227.459717,-0.586419,-7.787241,33102.289063,8.2109135,NA,NA,NA,NA,NA,NA,NA,NA,NA
Daily,2023-05-14,77.07222,25.040123,-110.620155,33.469574,51159.109375,50808.4375,50831.791016,6.2430505,91.4085425,104.733383,224.554001,-0.570102,-7.664177,33144.289063,8.222317,NA,NA,NA,NA,NA,NA,NA,NA,NA
Daily,2023-05-15,77.07222,25.040123,-110.127228,33.272638,50968.2519535,51009.1328125,51066.71875,6.265213,91.7039875,105.94651,222.816025,-0.568414,-7.604829,33111.2871095,8.213272,NA,NA,NA,NA,NA,NA,NA,NA,NA
Daily,2023-05-16,77.060959,25.033865,-110.172089,33.291281,50978.5214845,51074.9296875,51089.695313,6.2378944999999995,91.171829,104.950623,221.83239,-0.536745,-7.4828335,33109.691406,8.209508,NA,NA,NA,NA,NA,NA,NA,NA,NA
Daily,2023-05-17,77.060959,25.033865,-110.013634,33.321663,51008.527344,51055.332031,51084.171875,6.258697,91.431633,105.625961,222.936676,-0.5310189999999999,-7.516009,33151.386719,8.172294,NA,NA,NA,NA,NA,NA,NA,NA,NA
Daily,2023-05-18,77.07222,25.040123,-110.4308585,33.599405,51036.357422,51076.7910155,51085.757813,6.263396,91.35843299999999,105.391197,224.007751,-0.545472,-7.5190555,33156.886719,8.147805,NA,NA,NA,NA,NA,NA,NA,NA,NA
Daily,2023-05-19,77.07222,25.040123,-110.641472,33.610018,51049.273438,51074.605469,51073.523438,6.26051,91.60818499999999,105.751305,222.049904,-0.530621,-7.39555,33105.886719,8.168146,0,0.17,1.4,1.9,8.36,128,1.62,0.005,NA
Daily,2023-05-20,77.07222,25.040123,-110.844917,33.614548,51053.210938,51099.886719,51047.898438,6.2488525,91.892372,105.34383,221.067841,-0.495336,-7.301491,33120.388672,8.16838,NA,NA,NA,NA,NA,NA,NA,NA,NA
Daily,2023-05-21,77.07222,25.040123,-111.2223775,33.617325,51056.7363285,51057.625,51072.078125,6.29551,92.076401,106.026833,221.070068,-0.470012,-7.145357,33119.484375,8.181935,NA,NA,NA,NA,NA,NA,NA,NA,NA
Daily,2023-05-22,77.07222,25.040123,-111.184265,33.611744,51050.167969,51067.4726565,51052.4375,6.265759,91.7054555,105.780434,220.0562745,-0.472188,-6.988926,33114.683594,8.179185,NA,NA,NA,NA,NA,NA,NA,NA,NA
Daily,2023-05-23,77.07222,25.040123,-111.6737365,33.614321000000004,51052.464844,51088.828125,51089.4121095,6.313804,92.5881765,106.546555,221.065155,-0.442996,-6.8326645,33111.082031,8.181864,NA,NA,NA,NA,NA,NA,NA,NA,NA
Daily,2023-05-24,77.07222,25.040123,-111.660286,33.639709,51078.7773435,51074.1875,51088.1777345,6.233718,91.3509445,105.00375,222.142548,-0.450658,-6.959151,33113.484375,8.183686000000002,NA,NA,NA,NA,NA,NA,NA,NA,NA
Daily,2023-05-25,77.07222,25.040123,-112.177254,33.675678500000004,51114.449219,51083.28125,51065.234375,6.22717,90.996826,104.732376,222.7513505,-0.56647,-7.276714,33112.0859375,8.2167375,NA,NA,NA,NA,NA,NA,NA,NA,NA
Daily,2023-05-26,77.07222,25.040123,-112.005054,33.709431,51403.3671875,51058.738281,51065.320313,6.198406,91.1306345,104.509399,219.37283300000001,-0.5280985,-7.247893,33117.4843755,8.224228,0,0.1,1.5,2.1,8.34,130,1.5,0.005,NA
Daily,2023-05-27,77.07222,25.040123,-111.915287,33.729328,51439.734375,51110.111328,51178.296875,6.252846,91.686066,105.316124,219.490036,-0.521339,-7.156778,33219.289063,8.216438,NA,NA,NA,NA,NA,NA,NA,NA,NA
Daily,2023-05-28,77.060959,25.033865,-111.984497,33.543108000000004,51234.992188,51318.941406,51327.148438,6.2547180000000004,92.086422,105.70406750000001,220.59650399999998,-0.475226,-6.972844,33375.484375,8.213276,NA,NA,NA,NA,NA,NA,NA,NA,NA
Daily,2023-05-29,77.060959,25.033865,-111.9660115,33.5745905,51269.113281,51245.75,51275.105469,6.240638000000001,91.597359,105.268471,221.707275,-0.4664885,-6.8084095,33315.2851565,8.218568000000001,NA,NA,NA,NA,NA,NA,NA,NA,0
Daily,2023-05-30,77.060959,25.033865,-112.207497,33.653709,51112.033203,51054.261719,51083.705078,6.288719,91.761719,105.87865450000001,223.6373365,-0.447337,-6.614727,33114.082031,8.21942,NA,NA,NA,NA,NA,NA,NA,NA,NA
Daily,2023-05-31,77.060959,25.033865,-112.166603,33.59502,51033.398438,51102.2714845,51066.101563,6.245777,91.64145300000001,104.87336,226.98271949999997,-0.444898,-6.752974999999999,33133.386719,8.220767,NA,NA,NA,NA,NA,NA,NA,NA,NA
Daily,2023-06-01,77.04969,25.027605,-112.727478,NA,51022.957031,51089.984375,51061.3359375,6.250477999999999,91.804424,105.462532,226.96653750000002,NA,-6.4868,33105.5878905,8.2186875,NA,NA,NA,NA,NA,NA,NA,NA,NA
Daily,2023-06-02,77.060959,25.033865,-113.143517,NA,51018.0078125,51032.6621095,51087.5722655,6.196069,91.0116345,104.509907,224.023209,NA,-6.487438,33102.683594,8.219267,0,0.15,1.3,2.17,8.2,129,1.57,0.017,NA
Daily,2023-06-03,77.07222,25.040123,-112.747681,NA,51019.65625,51060.6308595,51090.359375,6.196447,90.511166,104.472473,222.48403150000001,NA,-6.486398,33110.6875,8.216791,NA,NA,NA,NA,NA,NA,NA,NA,NA
Daily,2023-06-04,77.07222,25.040123,-112.866089,NA,51014.435547,51050.722656,51066.101563,6.2121435,91.191288,104.617516,222.939117,NA,-6.423634,33121.285156,8.220416499999999,NA,NA,NA,NA,NA,NA,NA,NA,NA
Daily,2023-06-05,77.060959,25.033865,-112.881081,NA,51018.8183595,51081.7402345,51042.335938,6.343733,92.974377,107.018028,223.46344,NA,-6.267646,33136.7871095,8.2128385,NA,NA,NA,NA,NA,NA,NA,NA,NA
Daily,2023-06-06,77.060959,25.033865,-112.6773375,NA,51017.1875,51086.160156,51084.96875,6.223145,91.156898,104.975517,220.956749,NA,-6.204816,33124.285156,8.216626,NA,NA,NA,NA,NA,NA,NA,NA,NA
Daily,2023-06-07,77.060959,25.033865,-112.96978,NA,51008.695313,51070.15625,51064.019531,6.266224,91.748283,105.20195050000001,220.937317,NA,-6.047998,33109.091797,8.220581,NA,NA,NA,NA,NA,NA,NA,NA,NA
Daily,2023-06-08,77.060959,25.033865,-113.11576099999999,33.310848500000006,51005.5996095,51080.0859375,51045.585938,6.2535745,91.447712,105.215721,219.9284515,NA,-6.00082,33129.683594,8.22149,NA,NA,NA,NA,NA,NA,NA,NA,NA
Daily,2023-06-09,77.060959,25.033865,-113.080048,33.309792,51008.484375,51027.707031,50996.355469,6.212512,90.707214,104.059792,219.9512405,NA,-4.435008,33064.6894535,8.221734,0,0.08,1.3,2.2,8.12,131,1.57,0.004,NA
Daily,2023-06-10,77.04969,25.027605,-112.69487000000001,NA,50794.980469,50797.7753905,50813.578125,6.299246,92.4307175,105.74124900000001,228.369904,-1.873961,-4.001667,33023.996094,8.218387,NA,NA,NA,NA,NA,NA,NA,NA,NA
Daily,2023-06-11,77.04969,25.027605,-113.1494485,33.298382,50726.433594,50817.316406,50799.6875,6.31741,92.111683,105.6507185,228.079147,-1.864956,-3.903698,32857.5859375,8.224366,NA,NA,NA,NA,NA,NA,NA,NA,NA
Daily,2023-06-12,77.04969,25.027605,-113.119469,33.304527,50738.714844,50816.140625,50818.171875,6.281784,91.70368149999999,105.196625,226.1495205,-1.852305,-3.9279295,32866.484375,8.216417,NA,NA,NA,NA,NA,NA,NA,NA,NA
Daily,2023-06-13,77.04969,25.024477,-113.208443,33.290014,50719.46875,50813.300781,50777.7832035,6.344145,93.061775,106.441803,222.070572,-1.848907,-4.15015,32849.289063,8.211894000000001,NA,NA,NA,NA,NA,NA,NA,NA,NA
Daily,2023-06-14,77.038429,25.021349,-113.09030899999999,33.280613,50711.046875,50776.390625,50796.035156,6.310186,92.303665,105.42872600000001,216.06212649999998,-1.8253885,-4.368685,32879.185547,8.2138065,NA,NA,NA,NA,NA,NA,NA,NA,NA
Daily,2023-06-15,77.027161,25.015089,-112.7033995,33.2766075,50706.875,50850.7441405,50827.339844,6.309001,91.85705949999999,105.93718,213.052307,-1.851296,-4.7424625,32864.587891,8.2193885,NA,NA,NA,NA,NA,NA,NA,NA,NA
Daily,2023-06-16,77.027161,25.015089,-112.669212,33.278503,50709.355469,50811.1777345,50817.34375,6.300758,91.758728,105.200607,215.046463,-1.823274,-4.7432205,32859.589844,8.2435185,0,0.12,NA,NA,8.11,122,1.48,0.004,NA
Daily,2023-06-17,77.038429,25.021349,-112.714149,33.310749,50756.689453,50805.814453,50827.859375,6.342771,92.4542615,106.23896,213.166367,-1.8693755,-4.998213,32877.9921875,8.2797005,NA,NA,NA,NA,NA,NA,NA,NA,NA
Daily,2023-06-18,77.038429,25.021349,-113.0364345,NA,50776.046875,50798.607422,50814.761719,6.360674,93.098656,106.561905,212.25830100000002,-1.879463,-4.842247,32875.884766,8.278049,NA,NA,NA,NA,NA,NA,NA,NA,NA
Daily,2023-06-19,77.038429,25.024477,-113.094925,33.265503,50783.013672,50782.140625,50812.476563,6.305433,92.148567,105.438648,211.262665,-1.86413,-4.72882,32864.289063,8.282052,NA,NA,NA,NA,NA,NA,NA,NA,NA
Daily,2023-06-20,77.038429,25.021349,-113.176838,33.249081,50936.7753905,50566.6132815,50746.714844,6.34838,92.98748,106.60637700000001,212.964737,-1.847604,-4.584661499999999,32869.5859375,8.285680500000002,NA,NA,NA,NA,NA,NA,NA,NA,NA
Daily,2023-06-21,77.038429,25.021349,-113.191139,33.246637,50934.277344,50562.2265625,50750.5058595,6.338533,92.3749165,106.049137,214.9786145,-1.8394534999999999,-4.6468365,32879.5878905,8.280613,NA,NA,NA,NA,NA,NA,NA,NA,NA
Daily,2023-06-22,77.027161,25.015089,-113.194862,33.241367,50930.179688,50552.4375,50555.578125,6.3372895,92.36644,105.953537,215.934067,-1.831194,-4.645974,32862.285156,8.271778,NA,NA,NA,NA,NA,NA,NA,NA,NA
Daily,2023-06-23,77.027161,25.015089,-113.489311,33.244301,50929.039063,50588.535156,50684.2988285,6.340222,92.912506,105.883316,212.934265,-1.81662,-4.614646,32850.488281,8.265287,0,0.14,1.4,2.3,8.14,144,1.36,0.012,NA
Daily,2023-06-24,77.027161,25.015089,-113.51046,33.289471,50718.242188,50802.691406,50806.609375,6.386895,93.733269,107.052544,212.136154,-1.7679654999999999,-4.540839,32855.886719,8.274687,NA,NA,NA,NA,NA,NA,NA,NA,NA
Daily,2023-06-25,77.027161,25.015089,-113.73187250000001,33.312042,50757.8593755,50811.375,50818.699219,6.432724,94.1246835,107.713768,212.225449,-1.746436,-4.465039,32857.6875,8.277863,NA,NA,NA,NA,NA,NA,NA,NA,NA
Daily,2023-06-26,77.015892,25.008831,-113.8565595,33.268741500000004,50698.390625,50803.6445315,50832.417969,6.335649,92.7348135,106.029732,212.030273,-1.6840525,-4.36691,32849.2890625,8.2784685,NA,NA,NA,NA,NA,NA,NA,NA,NA
Daily,2023-06-27,77.015892,25.008831,-113.869972,33.193123,50689.773438,50560.8847655,50562.710938,6.409535,93.486023,107.07884250000001,212.87357350000002,-1.642414,-4.2899845,32826.091797,8.273862000000001,NA,NA,NA,NA,NA,NA,NA,NA,NA
Daily,2023-06-28,77.015892,25.008831,-113.8374635,NA,50191.25,50179.203125,50292.503906,6.46946,94.3456995,107.66862499999999,222.108383,-1.61196,-4.3462835,32572.2939455,8.257760999999999,NA,NA,NA,NA,NA,NA,NA,NA,NA
Daily,2023-06-29,77.027161,25.015089,-113.790783,NA,50328.453125,50076.53125,50153.90625,6.504188,95.364365,108.312958,222.205017,-1.852939,-4.450293,32553.0419925,8.165824,NA,NA,NA,NA,NA,NA,NA,NA,NA
Daily,2023-06-30,77.027161,25.015089,-114.014965,NA,50374.7539065,50068.207031,50145.367188,6.502211,94.80706,108.481461,219.36134349999998,-1.859123,-4.425324,32567.644531,8.167558,0,NA,1.2,1.3,7.99,NA,0.97,0.007,NA
Daily,2023-07-01,77.038429,25.021349,-114.1454085,32.977654,50414.587891,50067.5683595,50145.636719,6.4974855,95.246964,108.9856225,217.479446,NA,NA,32554.443359,8.169333,NA,NA,NA,NA,NA,NA,NA,NA,NA
Daily,2023-07-02,77.038429,25.021349,-114.40671549999999,32.7821275,50197.742188,50310.125,50304.539063,6.543763,95.969505,110.002037,216.590027,NA,NA,32586.745117,8.176018,NA,NA,NA,NA,NA,NA,NA,NA,NA
Daily,2023-07-03,77.038429,25.021349,-114.479015,32.813675,50233.832031,50323.691406,50285.7832035,6.495126,95.030678,109.107197,216.697342,NA,NA,32697.341797,8.173858,NA,NA,NA,NA,NA,NA,NA,NA,0.01
Daily,2023-07-04,77.252159,25.140089,-114.404396,32.841217,50257.228516,50300.519531,50316.884766,6.440629,94.563774,108.451477,215.693359,NA,NA,32689.644531,8.176494,NA,NA,NA,NA,NA,NA,NA,NA,NA
Daily,2023-07-05,77.252159,25.136960000000002,-114.513386,32.8597795,50278.673828,50249.564453,50251.8183595,6.628973,96.294594,110.42972549999999,219.824623,-0.24642399999999998,NA,32662.5439455,8.1798015,NA,NA,NA,NA,NA,NA,NA,NA,NA
Daily,2023-07-06,77.038429,25.021349,-114.94857400000001,32.599804000000006,49759.792969,49776.8652345,49758.746094,6.5647685,96.5244255,110.653622,231.754349,-0.230238,NA,32289.4433595,8.238468000000001,NA,NA,NA,NA,NA,NA,NA,NA,NA
Daily,2023-07-07,77.038429,25.021349,-114.933865,32.628319,49785.8164065,49782.597656,49793.478516,6.614382,96.82878500000001,110.886353,227.35974900000002,-0.211857,NA,32305.746094,8.23782,0,0.13,1.5,2.1,8.28,136,0.68,0.006,NA
Daily,2023-07-08,77.04969,25.027605,-114.973351,32.652191,50062.888672,49776.292969,49784.261719,6.6020225,96.47715,110.333389,224.430908,-0.183679,NA,32353.841797,8.235123000000002,NA,NA,NA,NA,NA,NA,NA,NA,NA
Daily,2023-07-09,77.252159,25.140089,-114.5507125,32.673557,50085.476563,49803.769531,49799.816406,6.5846745,96.229427,110.28358850000001,223.485352,-0.162065,NA,32434.294922,8.22667,NA,NA,NA,NA,NA,NA,NA,NA,NA
Daily,2023-07-10,77.252159,25.140089,-114.550514,32.688194,50100.316406,49761.847656,49796.316406,6.592812,95.916634,109.7311325,220.505646,-0.144693,NA,32428.142578,8.21696,NA,NA,NA,NA,NA,NA,NA,NA,NA
Daily,2023-07-11,77.263428,25.146349,-114.056465,32.704182,50116.425781,49798.957031,49777.203125,6.590036,96.1365735,110.378853,219.56395,-0.098823,NA,32431.244141,8.21901,NA,NA,NA,NA,NA,NA,NA,NA,NA
Daily,2023-07-12,77.252159,25.140089,-114.03083050000001,32.71765499999999,50128.544922,49802.683594,49782.091797,6.591596,96.006554,110.3880995,223.608047,-0.108074,-24.680792,32468.341797,8.2327555,NA,NA,NA,NA,NA,NA,NA,NA,NA
Daily,2023-07-13,77.252159,25.140089,-113.5643885,32.734993,50147.128906,49823.908203,49805.371094,6.5940585,96.397705,110.057678,229.652908,-0.146955,NA,32511.998047,8.2747455,NA,NA,NA,NA,NA,NA,NA,NA,NA
Daily,2023-07-14,77.240898,25.133831,-113.8039285,32.743004,50161.425781,49781.886719,49844.898438,6.5937625,96.287033,110.79485700000001,237.669876,-0.107602,NA,32511.998047,8.275968,0,0.18,1.2,1.8,7.94,131,0.59,0.006,NA
Daily,2023-07-15,77.240898,25.133831,-114.050201,32.509445,50163.6875,49927.175781,50013.3789065,6.564985,95.497856,109.769638,245.7577895,-0.072536,NA,32511.998047,8.28872,NA,NA,NA,NA,NA,NA,NA,NA,NA
Daily,2023-07-16,77.240898,25.133831,-114.048119,32.5254515,49933.765625,50033.8066405,50049.652344,6.622861,96.45009999999999,110.874275,248.794197,0.0217375,-28.579317,32511.998047,8.283492,NA,NA,NA,NA,NA,NA,NA,NA,NA
Daily,2023-07-17,77.240898,25.133831,-114.164154,32.540035,49947.933594,50044.921875,50051.4589845,6.594872,96.790184,110.509682,251.317848,0.091628,-28.962687,32511.998047,8.278708,NA,NA,NA,NA,NA,NA,NA,NA,0.06
Daily,2023-07-18,77.22963,25.127573,-114.4222415,32.55468,49961.777344,50067.0429685,50055.746094,6.445622500000001,93.708126,107.198174,250.890015,0.114813,NA,32511.998047,8.284379,NA,NA,NA,NA,NA,NA,NA,NA,NA
Daily,2023-07-19,77.027161,25.015089,-114.067963,32.566517000000005,49975.6269535,50138.949219,50114.3671875,6.47568,94.280357,108.31245,229.53346249999998,0.146278,NA,32511.998047,8.26397,NA,NA,NA,NA,NA,NA,NA,NA,NA
Daily,2023-07-20,77.027161,25.015089,-114.50671750000001,32.7808285,50195.402344,50299.236328,50306.867188,6.418464,93.534012,107.06881,232.549133,-0.2549975,NA,32639.998047,8.231534,NA,NA,NA,NA,NA,NA,NA,NA,NA
Daily,2023-07-21,77.027161,25.015089,-114.883179,32.8093645,50232.902344,50294.082031,50294.2128905,6.4265615,94.141922,107.51543050000001,233.606079,-0.229929,NA,32767.998047,8.231037,0,0.18,1.6,2.4,7.93,138,0.55,0,NA
Daily,2023-07-22,77.027161,25.015089,-113.980171,32.836885499999994,50255.5390625,50305.2714845,50341.226563,6.4077225,93.6349185,107.0988805,230.708603,-0.191272,NA,32767.998047,8.225078,NA,NA,NA,NA,NA,NA,NA,NA,NA
Daily,2023-07-23,77.027161,25.015089,-113.0298085,32.856874500000004,50276.4433595,50300.144531,50295.8183595,6.346309,92.9408265,106.7360725,231.774521,-0.1173075,-26.924217,32767.998047,8.2233515,NA,NA,NA,NA,NA,NA,NA,NA,NA
Daily,2023-07-24,77.240898,25.133831,-113.024628,32.875481,50296.496094,50314.957031,50292.523438,6.411008,94.10519,107.814117,233.8337555,0.12419750000000002,-28.187384,32767.998047,8.217722,NA,NA,NA,NA,NA,NA,NA,NA,NA
Daily,2023-07-25,77.240898,25.133831,-112.541222,32.889256,50562.644531,50300.736328,50287.5996095,6.545436,95.675659,109.536743,234.889359,0.365473,-28.694172,32767.998047,8.2128405,NA,NA,NA,NA,NA,NA,NA,NA,NA
Daily,2023-07-26,77.027161,25.015089,-112.568031,32.903814499999996,50570.3867185,50317.234375,50293.5039065,6.544568,95.619919,109.627068,235.949669,0.37524,-28.325953499999997,32767.998047,8.217887,NA,NA,NA,NA,NA,NA,NA,NA,NA
Daily,2023-07-27,77.015892,25.008831,-113.3869055,33.179848,50609.9101565,50339.9277345,50302.179688,6.528402,95.928688,109.707832,235.0265425,-0.1847515,NA,32767.998047,8.238848,NA,NA,NA,NA,NA,NA,NA,NA,NA
Daily,2023-07-28,77.015892,25.008831,-113.985657,33.198719,50625.574219,50277.339844,50304.9902345,6.5265629999999994,95.665901,109.523224,233.056534,0.1887815,NA,32767.998047,8.256435,0,0.19,NA,2.6,7.95,142,0.84,0.007,NA
Daily,2023-07-29,77.218361,25.121313,-113.957558,33.2098505,50642.054688,50305.3652345,50318.5039065,6.54983,96.5344125,110.494873,232.612152,0.3695625,-29.117607999999997,32767.998047,8.257366,NA,NA,NA,NA,NA,NA,NA,NA,NA
Daily,2023-07-30,77.218361,25.121313,-113.548187,NA,50666.9882815,50290.011719,50322.2714845,6.453327,95.599701,109.288128,231.6858445,NA,-26.874331,33023.996094,8.249536,NA,NA,NA,NA,NA,NA,NA,NA,NA
Daily,2023-07-31,77.218361,25.121313,-113.4192355,33.00972,50676.753906,50363.777344,50533.371094,6.500063,95.593979,109.529579,232.214584,NA,-25.882652999999998,33023.996094,8.2406705,NA,NA,NA,NA,NA,NA,NA,NA,NA
Daily,2023-08-01,77.2071,25.115057,-113.739586,33.022024,50445.671875,50564.535156,50546.859375,6.53692,96.3302,109.94387800000001,229.279831,NA,-9.412272,33023.996094,8.2451155,NA,NA,NA,NA,NA,NA,NA,NA,NA
Daily,2023-08-02,77.218361,25.121313,-113.52552,33.041022999999996,50517.625,50550.316406,50583.039063,6.511942,95.5584335,109.570526,231.320946,-0.325237,-31.342798,33023.996094,8.25275,NA,NA,NA,NA,NA,NA,NA,NA,NA
Daily,2023-08-03,77.22963,25.127573,-113.6140445,32.907197499999995,50333.542969,50088.183594,50062.660156,6.274063,92.22958349999999,104.876007,235.202866,-0.240378,-32.451992000000004,32639.998047,8.2730085,NA,NA,NA,NA,NA,NA,NA,NA,NA
Daily,2023-08-04,77.218361,25.121313,-113.903141,32.945923,50368.035156,50072.015625,50031.285156,6.343431,92.524658,105.633114,235.340134,-0.163244,-31.573046,32639.998047,8.276853,0,0.12,1.5,2.1,7.85,144,0.7,0.006,NA
Daily,2023-08-05,77.218361,25.121313,-113.9678955,32.9771785,50402.0742185,50059.847656,50058.734375,6.31325,92.617416,105.75177,235.390594,-0.1955645,-30.342565999999998,32639.998047,8.280355499999999,NA,NA,NA,NA,NA,NA,NA,NA,NA
Daily,2023-08-06,77.218361,25.121313,-113.826385,32.765716499999996,50186.675781,50208.7558595,50266.0625,6.268337,91.674072,104.4670675,233.5433655,-0.069524,-28.737695000000002,32639.998047,8.280853,NA,NA,NA,NA,NA,NA,NA,NA,NA
Daily,2023-08-07,77.218361,25.121313,-113.918129,32.786412999999996,50203.5820315,50299.457031,50280.371094,6.33286,92.28932950000001,105.511246,235.555908,-0.059219499999999994,-26.499706,32639.998047,8.279586,NA,NA,NA,NA,NA,NA,NA,NA,NA
Daily,2023-08-08,77.2071,25.115057,-113.677452,32.808735,50227.4570315,50289.589844,50302.828125,6.3263995,92.536438,105.641426,233.640167,0.25702,-20.262938,32767.998047,8.2776965,NA,NA,NA,NA,NA,NA,NA,NA,NA
Daily,2023-08-09,77.2071,25.115057,-113.086731,32.829929,50250.074219,50285.441406,50299.296875,6.3764255,92.610924,106.183441,233.696335,0.311052,-9.204102,32767.998047,8.265836,NA,NA,NA,NA,NA,NA,NA,NA,NA
Daily,2023-08-10,77.218361,25.121313,-113.9552955,32.856525,50273.339844,50283.8125,50317.988281,6.341215,92.814774,106.10458,234.27533699999998,-0.3687635,1.620211,32767.998047,8.175401,NA,NA,NA,NA,NA,NA,NA,NA,NA
Daily,2023-08-11,77.218361,25.121313,-113.02475,32.8774625,50299.628906,50309.0878905,50330.257813,6.227477,91.074699,103.952843,229.83916499999998,-0.3148965,2.569742,32767.998047,8.155205,0,0.22,1.5,2.3,8.22,139,0.95,0.017,NA
Daily,2023-08-12,77.218361,25.121313,-112.87755949999999,32.903221,50327.21875,50311.9003905,50324.757813,6.350182,93.35850099999999,106.1966175,230.9467085,-0.2457745,4.394407,32767.998047,8.1516605,NA,NA,NA,NA,NA,NA,NA,NA,NA
Daily,2023-08-13,77.218361,25.121313,-112.741478,32.93020799999999,50603.638672,50281.2597655,50301.0625,6.3004394999999995,92.24691,105.370567,229.041473,-0.077724,5.5866065,32767.998047,8.149929,NA,NA,NA,NA,NA,NA,NA,NA,NA
Daily,2023-08-14,77.218361,25.121313,-110.832214,33.207016,50637.378906,50320.033203,50291.632813,6.1698035,90.1870155,103.0749285,228.0820695,0.024239,8.057042,32767.998047,8.1664235,NA,NA,NA,NA,NA,NA,NA,NA,NA
Daily,2023-08-15,77.218361,25.121313,-110.345482,33.231594,50659.761719,50295.589844,50331.955078,6.2779885,91.95829,104.756218,228.6406555,0.2625615,12.3121325,33023.996094,8.119962,NA,NA,NA,NA,NA,NA,NA,NA,NA
Daily,2023-08-16,77.218361,25.121313,-110.537735,33.011166,50677.546875,50376.34375,50519.226563,6.3423435,92.910477,106.01186,228.241165,0.094967,21.007944,33023.996094,8.131473,NA,NA,NA,NA,NA,NA,NA,NA,NA
Daily,2023-08-17,77.218361,25.121313,-110.421143,33.023113499999994,50445.5625,50557.515625,50554.269531,6.222344,91.20995350000001,104.146667,228.2838825,0.264243,23.761934,33023.996094,8.1333015,NA,NA,NA,NA,NA,NA,NA,NA,NA
Daily,2023-08-18,77.218361,25.121313,-109.85936000000001,33.035259499999995,50461.078125,50482.966797,50487.660156,6.243148,91.029922,104.142307,231.1490555,0.289748,27.579343,33023.996094,8.114923,0,0.14,1.2,2.2,8.14,139,0.78,0.015,NA
Daily,2023-08-19,77.218361,25.121313,-110.244934,33.238228,50666.402344,50311.578125,50279.359375,6.273122,92.020107,105.363876,225.176575,-0.155217,3.0548244999999996,33023.996094,8.160673,NA,NA,NA,NA,NA,NA,NA,NA,NA
Daily,2023-08-20,77.2071,25.115057,-110.263317,33.01141,50679.519531,50367.328125,50522.421875,6.188564,90.913776,103.7505605,224.2213135,0.051825,6.346618,33023.996094,8.153004,NA,NA,NA,NA,NA,NA,NA,NA,NA
Daily,2023-08-21,77.2071,25.115057,-109.73527899999999,33.014024500000005,50437.949219,50553.390625,50579.417969,6.2719249999999995,91.49448,104.60987499999999,225.254898,0.185032,7.799770499999999,33023.996094,8.152664,NA,NA,NA,NA,NA,NA,NA,NA,NA
Daily,2023-08-22,77.2071,25.115057,-109.739471,33.010851,50439.667969,50453.0585935,50522.398438,6.219772,91.07693850000001,104.0798795,226.5433885,1.111772,11.00269,33023.996094,8.145533,NA,NA,NA,NA,NA,NA,NA,NA,NA
Daily,2023-08-23,77.2071,25.115057,-110.12374500000001,32.679546,50087.902344,49837.125,49906.357422,6.278106,91.800972,104.6382715,226.637482,1.1122295,12.428,32511.998047,8.157096,NA,NA,NA,NA,NA,NA,NA,NA,NA
Daily,2023-08-24,77.2071,25.115057,-110.88527300000001,32.675411,50084.1875,49779.109375,49788.066406,6.267191,91.487122,104.60989749999999,229.488022,-0.21058749999999998,2.4783955,32511.998047,8.142016,NA,NA,NA,NA,NA,NA,NA,NA,NA
Daily,2023-08-25,77.2071,25.115057,-111.449799,32.682024,50098.679688,49786.589844,49785.160156,6.3194665,92.2998195,105.158295,230.500786,0.1818595,4.067781500000001,32511.998047,8.1515875,0,0.01,1.13,1.73,8.23,126,0.77,0.028,NA
Daily,2023-08-26,77.2071,25.115057,-110.99585,32.668568,50080.851563,49788.578125,49776.7187505,6.192097,90.3800045,103.220474,228.454361,0.5117235,5.127463,32511.998047,8.140961,NA,NA,NA,NA,NA,NA,NA,NA,NA
Daily,2023-08-27,77.2071,25.115057,-110.937721,32.6651265,49827.363281,49792.609375,49790.4843755,6.325616500000001,92.538849,105.338089,229.9582595,1.1442845,10.630799,32511.998047,8.139208,NA,NA,NA,NA,NA,NA,NA,NA,NA
Daily,2023-08-28,77.218361,25.121313,-111.4571035,32.665768,50078.0664065,49777.230469,49806.820313,6.262506,91.445408,104.51288600000001,229.45138550000001,1.265531,17.008841,32511.998047,8.143366,NA,NA,NA,NA,NA,NA,NA,NA,NA
Daily,2023-08-29,77.218361,25.121313,-111.331947,32.6697805,50081.738281,49794.328125,49812.263672,6.283585,91.713043,104.4730145,229.463776,1.7432604999999999,27.7601245,32511.998047,8.150123,NA,NA,NA,NA,NA,NA,NA,NA,NA
Daily,2023-08-30,77.218361,25.121313,-111.52461249999999,32.671387,50083.4570315,49793.519531,49812.335938,6.2801485,92.132103,104.94391250000001,229.468826,0.006443,4.159495,32511.998047,8.149436,NA,NA,NA,NA,NA,NA,NA,NA,NA
Daily,2023-08-31,77.2071,25.115057,-112.0180055,32.672955,50086.039063,49801.875,49788.314453,6.3172,92.045311,105.023285,231.475006,-0.018455,2.8531375,32511.998047,8.155025,NA,NA,NA,NA,NA,NA,NA,NA,NA
Daily,2023-09-01,77.2071,25.115057,-111.788551,NA,NA,NA,NA,6.206463,90.499763,103.18956,231.4858475,0.216785,4.2241409999999995,32511.998047,8.1580255,0,0.18,1.33,0.83,8.26,124,0.61,0.012,NA
Daily,2023-09-02,77.195831,25.108797,-110.558197,NA,NA,NA,NA,6.288467,91.7356945,105.3039515,231.58139,1.104328,5.945696,32511.998047,8.146825,NA,NA,NA,NA,NA,NA,NA,NA,NA
Daily,2023-09-03,77.195831,25.108797,-110.475563,NA,NA,NA,NA,6.242946,91.27112199999999,104.004715,231.5990525,1.767653,10.52561,32511.998047,8.143518499999999,NA,NA,NA,NA,NA,NA,NA,NA,NA
Daily,2023-09-04,77.195831,25.108797,-110.931892,NA,NA,NA,NA,6.261365,91.667175,104.593185,233.671707,2.929073,17.3706505,32511.998047,8.141456,NA,NA,NA,NA,NA,NA,NA,NA,NA
Daily,2023-09-05,77.195831,25.108797,-110.857002,NA,NA,NA,50154.4101565,6.241373,90.7939145,103.595413,231.704697,3.926841,29.0606375,32511.998047,8.144192499999999,NA,NA,NA,NA,NA,NA,NA,NA,0
Daily,2023-09-06,77.18457,25.108797,-111.325104,NA,NA,50784.1953125,50756.3027345,6.243430999999999,91.08541500000001,104.235863,232.2072525,4.397695000000001,29.436626,32511.998047,8.174495499999999,NA,NA,NA,NA,NA,NA,NA,NA,NA
Daily,2023-09-07,77.18457,25.102539,-112.23949400000001,NA,NA,50777.457031,50764.873047,6.2137095,90.69426,104.0211295,236.194977,-0.172391,2.576641,33023.996094,8.18702,NA,NA,NA,NA,NA,NA,NA,NA,NA
Daily,2023-09-08,77.18457,25.102539,-111.953308,NA,NA,50783.84375,50784.125,6.21783,91.183979,104.20735149999999,234.178452,-1.6770865000000001,-19.172594,33023.996094,8.176822,0,0.05,1.7,2.07,8.14,127,0.86,0.005,NA
Daily,2023-09-09,77.18457,25.102539,-111.426628,NA,NA,50777.3652345,50777.171875,6.258123,91.425758,104.521141,231.170624,-1.622811,-19.359173,33023.996094,8.17287,NA,NA,NA,NA,NA,NA,NA,NA,NA
Daily,2023-09-10,77.18457,25.102539,-111.803089,NA,NA,50758.519531,50782.28125,6.2464,91.1535265,104.4444275,231.154785,-1.1538845,-15.555002,33023.996094,8.1753535,NA,NA,NA,NA,NA,NA,NA,NA,NA
Daily,2023-09-11,77.173309,25.096281,-111.902626,NA,NA,50764.027344,50778.828125,6.2603065,91.54216,104.56705099999999,228.18068699999998,-0.389021,-12.9292725,33023.996094,8.1709075,NA,NA,NA,NA,NA,NA,NA,NA,NA
Daily,2023-09-12,77.173309,25.096281,-110.509693,NA,NA,50790.722656,50788.044922,6.199324,90.3810275,103.81432699999999,226.172699,0.498986,-4.746875,33023.996094,8.15857,NA,NA,NA,NA,NA,NA,NA,NA,NA
Daily,2023-09-13,77.173309,25.096281,-109.969475,NA,NA,50780.300781,50759.2226565,6.31279,92.674103,105.939095,227.72250400000001,-1.474871,-18.740335,33023.996094,8.163451,NA,NA,NA,NA,NA,NA,NA,NA,NA
Daily,2023-09-14,77.173309,25.096281,-110.23188,NA,NA,50780.253906,50776.683594,6.256173,91.417297,104.3540915,225.2383805,-1.6081180000000002,-18.554161999999998,33023.996094,8.151813,NA,NA,NA,NA,NA,NA,NA,NA,NA
Daily,2023-09-15,77.18457,25.102539,-110.798462,NA,NA,50767.2421875,50779.59375,6.306071,92.375427,105.932182,225.25791900000002,-1.2754655,-17.119087,33023.996094,8.158909,0,0.01,1,1.33,8.18,118,0.59,0.015,NA
Daily,2023-09-16,77.18457,25.102539,-111.245544,33.009071,NA,50627.765625,50766.806641,6.317371,92.030922,105.752098,226.983047,-0.540973,-13.7951495,33023.996094,8.1720185,NA,NA,NA,NA,NA,NA,NA,NA,NA
Daily,2023-09-17,77.18457,25.102539,-111.246376,33.005779,NA,50549.921875,50768.929688,6.2878935,91.7351305,105.194351,227.98609900000002,0.49118799999999996,-9.638473999999999,33023.996094,8.167351,NA,NA,NA,NA,NA,NA,NA,NA,NA
Daily,2023-09-18,77.18457,25.102539,-111.441971,33.006311499999995,NA,50671.238281,50780.4375,6.3063675,92.241928,105.824348,227.016296,1.185957,-2.07377,33023.996094,8.179422,NA,NA,NA,NA,NA,NA,NA,NA,NA
Daily,2023-09-19,77.18457,25.102539,-111.51180249999999,NA,NA,50793.7753905,50775.7265625,6.349658,92.929993,106.512375,226.014244,1.3423335,4.054492,33023.996094,8.181828,NA,NA,NA,NA,NA,NA,NA,NA,NA
Daily,2023-09-20,77.18457,25.102539,-110.972435,NA,NA,50783.074219,50799.625,6.197211,90.6188355,103.962185,226.0172045,1.791765,9.3277865,33023.996094,8.178180999999999,NA,NA,NA,NA,NA,NA,NA,NA,NA
Daily,2023-09-21,77.173309,25.096281,-110.744408,NA,NA,50766.2714845,NA,6.2682020000000005,91.6652755,105.276169,223.09641249999999,NA,NA,33023.996094,8.221379,NA,NA,NA,NA,NA,NA,NA,NA,NA
Daily,2023-09-22,77.173309,25.096281,-110.225571,NA,NA,50782.669922,NA,6.271871,92.147736,105.320164,224.5881805,NA,NA,33023.996094,8.204237,0,0.01,1.43,1.86,8.18,129,0.76,0.03,NA
Daily,2023-09-23,77.173309,25.096281,-109.838295,NA,NA,50768.484375,NA,6.266589,91.58123,104.60524,224.07341,NA,NA,33023.996094,8.205897,NA,NA,NA,NA,NA,NA,NA,NA,NA
Daily,2023-09-24,77.162041,25.090021,-110.2553635,NA,NA,50781.890625,NA,6.329044,92.509247,106.105152,223.1098935,NA,NA,33023.996094,8.206556,NA,NA,NA,NA,NA,NA,NA,NA,NA
Daily,2023-09-25,77.162041,25.090021,-110.7303315,NA,NA,50779.480469,NA,6.370544499999999,93.308311,106.59099950000001,223.095337,NA,NA,33023.996094,8.212789,NA,NA,NA,NA,NA,NA,NA,NA,NA
Daily,2023-09-26,77.162041,25.090021,-110.742615,NA,NA,50774.128906,NA,6.280644000000001,92.203487,105.7821655,222.086456,NA,NA,33023.996094,8.208969,NA,NA,NA,NA,NA,NA,NA,NA,NA
Daily,2023-09-27,77.162041,25.090021,-110.705078,NA,NA,50772.2597655,NA,6.2947295,92.904289,106.072014,223.083374,NA,NA,33023.996094,8.1843285,NA,NA,NA,NA,NA,NA,NA,NA,NA
Daily,2023-09-28,77.162041,25.090021,-110.8645285,NA,NA,50786.15625,NA,6.286254,92.288277,105.668816,222.075378,NA,NA,33023.996094,8.1498575,NA,NA,NA,NA,NA,NA,NA,NA,NA
Daily,2023-09-29,77.173309,25.096281,-111.203331,NA,NA,50768.628906,NA,6.314952,92.8394165,106.1695095,222.0863875,NA,NA,33023.996094,8.153235,0,0.04,1,0.23,8.22,130,0.62,0.02,NA
Daily,2023-09-30,77.173309,25.096281,-111.0255665,NA,NA,50777.669922,NA,6.329211,92.964859,106.16687400000001,222.113297,NA,NA,33023.996094,8.149844,NA,NA,NA,NA,NA,NA,NA,NA,NA
Daily,2023-10-01,77.173309,25.096281,-110.773247,NA,NA,50720.21875,50943.996094,6.216586,90.836182,104.165001,222.114899,NA,NA,33023.996094,8.15557,NA,NA,NA,NA,NA,NA,NA,NA,NA
Daily,2023-10-02,77.173309,25.096281,-110.9431345,NA,NA,50727.859375,50943.996094,6.314555,92.474884,105.97721100000001,222.61362450000001,NA,NA,33023.996094,8.1542815,NA,NA,NA,NA,NA,NA,NA,NA,0
Daily,2023-10-03,77.173309,25.096281,-111.094772,NA,NA,50730.9882815,50943.996094,6.292692000000001,92.880722,106.1855125,223.107559,NA,NA,33023.996094,8.157,NA,NA,NA,NA,NA,NA,NA,NA,NA
Daily,2023-10-04,77.173309,25.096281,-111.31362899999999,33.117085,50540.289063,50557.1289065,50687.996094,6.263543,91.876171,104.4698105,240.559174,NA,NA,33023.996094,8.155189,NA,NA,NA,NA,NA,NA,NA,NA,NA
Daily,2023-10-05,77.162041,25.090021,-110.98340999999999,33.116829,50542.5,50551.902344,50687.996094,6.040598,88.346687,100.89748399999999,235.564804,NA,NA,33023.996094,8.120671,NA,NA,NA,NA,NA,NA,NA,NA,NA
Daily,2023-10-06,77.162041,25.090021,-111.088371,33.112869,50541.4218755,50568.558594,50687.996094,6.056505,88.481331,101.3136025,233.556671,NA,NA,33023.996094,8.1234005,0,NA,1.4,1.73,8.09,128,0.6,0.051,NA
Daily,2023-10-07,77.162041,25.090021,-110.777809,33.0875645,50514.246094,50550.050781,50687.996094,6.0539955,88.338863,101.403744,233.4921645,NA,NA,33023.996094,8.1092095,NA,NA,NA,NA,NA,NA,NA,NA,NA
Daily,2023-10-08,77.162041,25.090021,-110.57532850000001,33.086617,50512.84375,50549.144531,50687.996094,6.125608,89.752319,102.9129525,234.463577,NA,NA,33023.996094,8.114493,NA,NA,NA,NA,NA,NA,NA,NA,NA
Daily,2023-10-09,77.15078,25.086893,-110.577278,33.081375,50507.699219,50572.722656,50687.996094,6.098382,89.428413,102.199699,233.4702835,NA,NA,33023.996094,8.102396,NA,NA,NA,NA,NA,NA,NA,NA,NA
Daily,2023-10-10,77.15078,25.083765,-110.293747,33.07942,50505.738281,50553.7890625,50687.996094,6.0451435,87.7034645,100.728012,233.454285,NA,NA,33023.996094,8.1111015,NA,NA,NA,NA,NA,NA,NA,NA,NA
Daily,2023-10-11,77.15078,25.083765,-110.271961,33.07851,50504.2128905,50572.277344,50687.996094,6.0064735,87.801014,100.5018765,233.444336,NA,NA,33023.996094,8.102481000000001,NA,NA,NA,NA,NA,NA,NA,NA,NA
Daily,2023-10-12,77.15078,25.083765,-110.275703,33.0747605,50499.6347655,50549.2558595,50687.996094,6.086817,88.672539,101.6095885,231.441513,NA,NA,33023.996094,8.099940499999999,NA,NA,NA,NA,NA,NA,NA,NA,NA
Daily,2023-10-13,77.15078,25.083765,-110.3323175,33.089527,50507.40625,50563.8691405,50687.996094,6.066264,88.465168,101.6850015,233.477432,NA,NA,33023.996094,8.092753,0,0,1.43,2.27,NA,NA,NA,NA,NA
Daily,2023-10-14,77.15078,25.083765,-110.304634,33.095234,50519.363281,50524.871094,50687.996094,6.109558,89.141533,102.1133615,237.47936249999998,NA,NA,33023.996094,8.088338499999999,NA,NA,NA,NA,NA,NA,NA,NA,NA
Daily,2023-10-15,77.15078,25.083765,-109.845497,33.094311,50518.0546875,50570.3964845,50687.996094,6.146351,89.6728555,102.7103085,239.47978949999998,NA,NA,33023.996094,8.081709,NA,NA,NA,NA,NA,NA,NA,NA,NA
Daily,2023-10-16,77.15078,25.083765,-109.76237449999999,33.084431,50508.179688,50582,50687.996094,6.186842,90.17668900000001,103.697296,240.460762,NA,NA,33023.996094,8.087777,NA,NA,NA,NA,NA,NA,NA,NA,NA
Daily,2023-10-17,77.15641049999999,25.086893,-109.350822,33.08448,50508.757813,50553.644531,50687.996094,6.11438,89.2859955,102.168739,242.4594725,NA,NA,33023.996094,8.0731,NA,NA,NA,NA,NA,NA,NA,NA,NA
Daily,2023-10-18,77.15078,25.083765,-109.2710575,33.08987,50512.730469,50564.9316405,50687.996094,6.154428,90.01218800000001,103.259567,243.519913,NA,NA,33023.996094,8.094978000000001,NA,NA,NA,NA,NA,NA,NA,NA,NA
Daily,2023-10-19,77.15078,25.083765,-109.7395665,33.0934125,50517.410156,50548.5234375,50687.996094,6.184037,89.768776,103.448814,244.4789965,NA,NA,33023.996094,8.15294,NA,NA,NA,NA,NA,NA,NA,NA,NA
Daily,2023-10-20,77.15078,25.083765,-109.5550995,33.098888,50520.417969,50567.671875,50687.996094,6.1515245,89.548439,102.88390749999999,245.500565,NA,NA,33023.996094,8.152298,0,0.04,NA,0.83,8.15,126,0.57,NA,NA
Daily,2023-10-21,77.15078,25.083765,-109.34840750000001,33.119074,50540.933594,50565.2597655,50687.996094,6.0809675,88.599739,101.7233085,243.5697325,NA,NA,33023.996094,8.153674500000001,NA,NA,NA,NA,NA,NA,NA,NA,NA
Daily,2023-10-22,77.15078,25.083765,-109.31485,33.122585,50548.822266,50551.8046875,50687.996094,6.059492,88.65143599999999,101.38880549999999,246.07360849999998,NA,NA,33023.996094,8.1586545,NA,NA,NA,NA,NA,NA,NA,NA,NA
Daily,2023-10-23,77.15078,25.083765,-109.326637,33.1191825,50544.5,50561.683594,50687.996094,6.052579,88.706947,101.35988599999999,248.558975,NA,NA,33023.996094,8.151531,NA,NA,NA,NA,NA,NA,NA,NA,NA
Daily,2023-10-24,77.162041,25.090021,-108.85022749999999,33.125336,50550.4628905,50568.2421875,50687.996094,6.019316,87.889809,100.777897,248.594391,NA,NA,33023.996094,8.150414,NA,NA,NA,NA,NA,NA,NA,NA,NA
Daily,2023-10-25,77.15078,25.083765,-107.6058195,33.137437500000004,50562.603516,50576.9375,50687.996094,6.0828085000000005,88.96649550000001,102.07323099999999,249.641571,NA,NA,33023.996094,8.113868,NA,NA,NA,NA,NA,NA,NA,NA,NA
Daily,2023-10-26,77.15078,25.083765,-108.1901285,33.1399895,50563.875,50551.9375,50687.996094,6.063442,88.5846025,101.946075,246.6316455,NA,NA,33023.996094,8.150615,NA,NA,NA,NA,NA,NA,NA,NA,NA
Daily,2023-10-27,77.15078,25.083765,-108.414223,33.143347,50568.4218755,50576.082031,50687.996094,6.097401,88.853058,102.296745,246.63829,NA,NA,33023.996094,8.1522485,0,0.06,1.43,1.8,8.07,117,0.66,0.021,NA
Daily,2023-10-28,77.15078,25.083765,-108.38882799999999,33.1434365,50569.84375,50531.863281,50687.996094,6.042368,88.529594,101.260361,246.6447755,NA,NA,33023.996094,8.155124,NA,NA,NA,NA,NA,NA,NA,NA,NA
Daily,2023-10-29,77.15078,25.083765,-108.577179,33.1468675,50572.304688,50562.8515625,50687.996094,6.086228,88.7957155,101.747391,249.654755,NA,NA,33023.996094,8.157014499999999,NA,NA,NA,NA,NA,NA,NA,NA,NA
Daily,2023-10-30,77.15078,25.083765,-108.9282535,33.152165999999994,50575.4238285,50551.746094,50687.996094,6.073051,89.15332,101.987862,250.674133,NA,NA,33023.996094,8.159278,NA,NA,NA,NA,NA,NA,NA,NA,NA
Daily,2023-10-31,77.15078,25.083765,-108.893105,33.1466805,50567.1875,50553.96875,50687.996094,6.107462,88.315025,101.556427,250.667206,NA,NA,33023.996094,8.157526,NA,NA,NA,NA,NA,NA,NA,NA,NA
Daily,2023-11-01,77.128242,25.071247,-108.4385525,32.675779000000006,50087.814453,49815.160156,50687.996094,6.033222,87.915573,102.10901999999999,250.62265,NA,NA,33023.996094,8.03584,NA,NA,NA,NA,NA,NA,NA,NA,NA
Daily,2023-11-02,77.139511,25.077505,-108.91498150000001,32.676835999999994,50090.814453,49805.3085935,49919.996094,5.957917,86.863144,103.371155,246.498596,NA,NA,32511.998047,8.034077,NA,NA,NA,NA,NA,NA,NA,NA,NA
Daily,2023-11-03,77.139511,25.077505,-108.868843,32.662655,50077.931641,49804.605469,49919.996094,5.931348,86.557007,102.700226,242.47787449999998,NA,NA,32511.998047,8.029037,0,0.13,1.5,2.83,8.11,124,0.66,NA,NA
Daily,2023-11-04,77.139511,25.077505,-108.827675,32.639259,49796.6875,49809.9003905,49919.996094,5.920203,86.379715,102.349354,241.378998,NA,NA,32383.998047,8.021816,NA,NA,NA,NA,NA,NA,NA,NA,NA
Daily,2023-11-05,77.139511,25.077505,-108.740036,32.63553,49795.519531,49786.925781,49919.996094,5.9351175000000005,86.657711,102.6641275,244.84838100000002,NA,NA,32383.998047,8.017255,NA,NA,NA,NA,NA,NA,NA,NA,NA
Daily,2023-11-06,77.139511,25.077505,-108.325066,32.6196025,49777.976563,49763.4882815,49919.996094,5.9133695,86.458656,102.344093,246.329559,NA,NA,32383.998047,8.017551000000001,NA,NA,NA,NA,NA,NA,NA,NA,0.02
Daily,2023-11-07,77.15078,25.083765,-108.31293500000001,32.624474,49782.2539065,49764.113281,49919.996094,5.963215,86.889515,102.7865905,247.329529,NA,NA,32383.998047,8.0251295,NA,NA,NA,NA,NA,NA,NA,NA,NA
Daily,2023-11-08,77.139511,25.077505,-108.17213849999999,32.627275499999996,49786.7519535,49789.40625,49919.996094,6.0108145,87.626175,103.533375,248.339676,NA,NA,32383.998047,8.031861500000002,NA,NA,NA,NA,NA,NA,NA,NA,NA
Daily,2023-11-09,77.139511,25.077505,-108.392166,32.630512,49788.2519535,49787.654297,49919.996094,5.9716830000000005,86.6759455,103.042103,241.35019699999998,NA,NA,32383.998047,8.04235,0,0.14,1.36,2.66,8.09,132,0.43,NA,NA
Daily,2023-11-10,77.128242,25.071247,-108.3508645,32.638775,49795.273438,49796.34375,49919.996094,5.973681,87.031631,103.0964165,241.350052,NA,NA,32383.998047,8.050866,NA,NA,NA,NA,NA,NA,NA,NA,NA
Daily,2023-11-11,77.128242,25.071247,-108.0546075,32.659355,49820.519531,49798.980469,49919.996094,5.98847,87.2023355,103.6871945,240.433594,NA,NA,32511.998047,8.0402475,NA,NA,NA,NA,NA,NA,NA,NA,NA
Daily,2023-11-12,77.116982,25.064989,-107.942596,32.658508,50068.152344,49748.878906,49919.996094,5.97257,86.787605,102.956985,240.436554,NA,NA,32511.998047,8.041481,NA,NA,NA,NA,NA,NA,NA,NA,NA
Daily,2023-11-13,77.116982,25.064989,-107.848381,32.655544500000005,50063.75,49799.345703,49919.996094,5.9779634999999995,87.125427,103.636597,240.4276045,NA,NA,32511.998047,8.040145500000001,NA,NA,NA,NA,NA,NA,NA,NA,NA
Daily,2023-11-14,77.116982,25.064989,-107.5673065,32.653519,49812.4921875,49801.441406,49919.996094,6.017735,87.7716485,103.5808145,241.413834,NA,NA,32383.998047,8.036973,NA,NA,NA,NA,NA,NA,NA,NA,NA
Daily,2023-11-15,77.116982,25.064989,-107.350975,32.649982,49809.484375,49772.277344,49919.996094,5.99827,86.772675,103.130203,240.413452,NA,NA,32383.998047,8.042774,NA,NA,NA,NA,NA,NA,NA,NA,NA
Daily,2023-11-16,77.116982,25.064989,-106.82516100000001,32.6513485,49809.335938,49790.113281,49919.996094,5.956202,86.76078,102.8376275,239.4105225,NA,NA,32511.998047,8.027705000000001,NA,NA,NA,NA,NA,NA,NA,NA,NA
Daily,2023-11-17,77.116982,25.064989,-105.4501955,32.675398,49828.359375,49780.7265625,49919.996094,6.193497499999999,86.171677,101.520889,242.483139,-0.04,0.2,32511.998047,8.0489175,0,0.09,1.5,2.5,8.12,127,0.78,0.018,NA
Daily,2023-11-18,NA,NA,NA,NA,49644,NA,NA,6.32,NA,NA,NA,-0.04,0.19,NA,8.07,NA,NA,NA,NA,NA,NA,NA,NA,NA
Daily,2023-11-29,NA,NA,NA,NA,50034,NA,NA,6.52,NA,96.69999999999999,251.14999999999998,-0.03,0.22,NA,8.09,NA,NA,NA,NA,NA,NA,NA,NA,NA
Daily,2023-11-30,NA,NA,NA,NA,50076.5,NA,NA,6.415,NA,96.6,250,-0.02,0.41,NA,8.07,NA,NA,NA,NA,NA,NA,NA,NA,NA
Daily,2023-12-01,77.1,NA,NA,32.55500000000001,49871,NA,NA,6.415,NA,93.5,259.7,0.02,NA,NA,8.05,0,0.04,1.13,1.33,8.01,143,0.87,0.021,NA
Daily,2023-12-02,77.1,NA,NA,NA,NA,NA,NA,6.56,NA,95.75,264.6,0.02,NA,NA,8.04,NA,NA,NA,NA,NA,NA,NA,NA,NA
Daily,2023-12-03,77.1,NA,NA,NA,NA,NA,NA,6.585,NA,96.1,267.25,0.02,NA,NA,8.05,NA,NA,NA,NA,NA,NA,NA,NA,NA
Daily,2023-12-04,77.1,NA,NA,32.69,49994,NA,NA,6.595,NA,96.2,268.6,0.045,NA,NA,8.06,NA,NA,NA,NA,NA,NA,NA,NA,0.01
Daily,2023-12-05,77.1,NA,NA,32.57,49811,NA,NA,6.61,NA,96.35,270.1,0.04,NA,NA,8.06,NA,NA,NA,NA,NA,NA,NA,NA,NA
Daily,2023-12-06,77,NA,NA,32.54,49752,NA,NA,6.51,NA,94.8,271.7,0.04,NA,NA,8.06,NA,NA,NA,NA,NA,NA,NA,NA,NA
Daily,2023-12-07,77.1,NA,NA,32.54,49761,NA,NA,6.29,NA,91.6,264.3,-10.42,NA,NA,8.04,NA,NA,NA,NA,NA,NA,NA,NA,NA
Daily,2023-12-13,77.1,NA,NA,32.53,49748,NA,NA,6.52,NA,95,278.6,-10.629999999999999,NA,NA,7.93,NA,NA,NA,NA,NA,NA,NA,NA,NA
Daily,2023-12-14,77.1,NA,NA,32.51,49742,NA,NA,6.41,NA,93.3,281.1,-10.63,NA,NA,7.92,NA,NA,NA,NA,NA,NA,NA,NA,NA
Daily,2023-12-15,77.1,NA,NA,32.5,49722,NA,NA,6.41,NA,93.4,284.95,-10.12,NA,NA,7.92,0,0,1.1,1.7,NA,121,0.92,0.009,NA
Daily,2023-12-16,77.1,NA,NA,32.49,49695,NA,NA,6.41,NA,93.4,288.45,-8.78,NA,NA,7.92,NA,NA,NA,NA,NA,NA,NA,NA,NA
Daily,2023-12-17,77.1,NA,NA,32.49,49705,NA,NA,6.425,NA,93.55,292.79999999999995,-5.71,NA,NA,7.92,NA,NA,NA,NA,NA,NA,NA,NA,NA
Daily,2023-12-18,77.1,NA,NA,32.5,49706.5,NA,NA,6.38,NA,92.85,293.1,-4.185,NA,NA,7.92,NA,NA,NA,NA,NA,NA,NA,NA,NA
Daily,2023-12-19,77,NA,NA,32.49,49688,NA,NA,6.34,NA,92.3,283.35,-10.52,NA,NA,7.91,NA,NA,NA,NA,NA,NA,NA,NA,NA
Daily,2023-12-20,77,NA,NA,32.49,49687.5,NA,NA,6.335,NA,92.25,286,-10.68,NA,NA,8.06,NA,NA,NA,NA,NA,NA,NA,NA,NA
Daily,2023-12-21,77.1,NA,NA,32.48,49691,NA,NA,6.44,NA,93.8,292.2,-10.8,NA,NA,8.06,NA,NA,NA,NA,NA,NA,NA,NA,NA
Daily,2023-12-22,77,NA,NA,32.49,49688,NA,NA,6.28,NA,91.5,292.3,-10.44,NA,NA,8.05,0,0.26,0.7,1.1,8.08,123,0.96,NA,NA
Daily,2023-12-23,77.1,NA,NA,32.5,49710,NA,NA,6.32,NA,92.1,289.4,-10.62,NA,NA,8.03,NA,NA,NA,NA,NA,NA,NA,NA,NA
Daily,2023-12-24,77.1,NA,NA,32.53,49753,NA,NA,6.425,NA,93.55,292.9,-10.82,NA,NA,8.03,NA,NA,NA,NA,NA,NA,NA,NA,NA
Daily,2023-12-25,77.1,NA,NA,32.54,49781,NA,NA,6.445,NA,93.95,296.5,-10.58,NA,NA,8.05,NA,NA,NA,NA,NA,NA,NA,NA,NA
Daily,2023-12-26,77.1,NA,NA,32.55,49795,NA,NA,6.445,NA,93.95,298.8,-10.63,NA,NA,8.06,NA,NA,NA,NA,NA,NA,NA,NA,NA
Daily,2023-12-27,77.1,NA,NA,32.56,49806,NA,NA,6.455,NA,94.05,299.3,-10.34,NA,NA,8.07,NA,NA,NA,NA,NA,NA,NA,NA,NA
Daily,2023-12-28,77.1,NA,NA,32.57,49823,NA,NA,6.455,NA,94.15,298,-9.85,NA,NA,8.08,NA,NA,NA,NA,NA,NA,NA,NA,NA
Daily,2023-12-29,77.1,NA,NA,32.57,49828,NA,NA,6.47,NA,94.25,299.05,-8.355,NA,NA,8.09,0,0.04,1.1,1.2,NA,127,1.16,NA,NA
Daily,2023-12-30,77.1,NA,NA,32.58,49827,NA,NA,6.43,NA,93.7,301.05,-5.775,0.07,NA,8.09,NA,NA,NA,NA,NA,NA,NA,NA,NA
Daily,2023-12-31,77.1,NA,NA,32.57,49823,NA,NA,6.445,NA,93.95,301.8,-1.39,0.275,NA,8.1,NA,NA,NA,NA,NA,NA,NA,NA,NA
Daily,2024-01-01,77.1,NA,NA,32.56,49793.5,NA,NA,6.395,NA,93.15,302.25,NA,NA,NA,8.1,NA,NA,NA,NA,NA,NA,NA,NA,NA
Daily,2024-01-02,77.1,NA,NA,32.54,49769,NA,NA,6.47,NA,94.25,303.55,NA,NA,NA,8.1,NA,NA,NA,NA,NA,NA,NA,NA,NA
Daily,2024-01-03,77.1,NA,NA,32.56,49797.5,NA,NA,6.425,NA,93.65,307.8,NA,3.075,NA,8.11,NA,NA,NA,NA,NA,NA,NA,NA,NA
Daily,2024-01-04,77.1,NA,NA,32.58,49843,NA,NA,6.325,NA,92.2,309.85,NA,3.81,NA,8.09,NA,NA,NA,NA,NA,NA,NA,NA,NA
Daily,2024-01-05,77.1,NA,NA,32.61,49870,NA,NA,6.4350000000000005,NA,93.8,315.4,54.26,NA,NA,8.085,0,0.08,0.8,1.3,8.04,125,1.6,0.029,NA
Daily,2024-01-06,77.1,NA,NA,32.62,49884,NA,NA,6.445,NA,93.95,317.9,NA,NA,NA,8.09,NA,NA,NA,NA,NA,NA,NA,NA,NA
Daily,2024-01-07,77.1,NA,NA,32.62,49896,NA,NA,6.27,NA,91.35,321.9,NA,NA,NA,8.08,NA,NA,NA,NA,NA,NA,NA,NA,NA
Daily,2024-01-08,77.1,NA,NA,32.63,49915,NA,NA,6.47,NA,94.35,330.7,NA,NA,NA,8.07,NA,NA,NA,NA,NA,NA,NA,NA,NA
Daily,2024-01-09,77.1,NA,NA,32.64,49911,NA,NA,6.46,NA,94.2,330.6,NA,NA,NA,8.09,NA,NA,NA,NA,NA,NA,NA,NA,NA
Daily,2024-01-10,77.1,25.052305,-78.9531935,32.64,49915,49210.03125,49295.416016,6.29,88.525768,92.35,331.3,NA,NA,31872.839844,8.1,NA,NA,NA,NA,NA,NA,NA,NA,NA
Daily,2024-01-11,77.195534,25.108631,-77.466003,NA,49212.289063,49274.632813,49277.158203,5.901889499999999,85.834816,88.755535,138.639557,NA,NA,31998.888672,8.307055,NA,NA,NA,NA,NA,NA,NA,NA,NA
Daily,2024-01-12,77.229332,25.127405,-76.574028,NA,49233.335938,49303.734375,49264.744141,6.156996,89.59848,92.980522,151.736511,NA,NA,32000.989258,8.304017,0,0.05,0.96,1.16,8.14,129,1.16,0.012,NA
Daily,2024-01-13,77.1562615,25.139923,-77.020264,32.116457,49258.695313,49261.6132815,49292.472656,6.142045,89.48999,92.410194,167.788879,NA,NA,32127.638672,8.306388,NA,NA,NA,NA,NA,NA,NA,NA,NA
Daily,2024-01-14,77.071922,25.039955,-77.482147,32.1193675,49263.582031,49267.359375,49315.984375,6.183033,89.99926,92.872795,172.812393,NA,NA,32000.839844,8.310915,NA,NA,NA,NA,NA,NA,NA,NA,NA
Daily,2024-01-15,77.083183,25.046215,-77.495605,32.126911,49269.837891,49297.15625,49261.609375,6.185561,90.243851,93.002392,181.880478,NA,NA,32127.638672,8.312044499999999,NA,NA,NA,NA,NA,NA,NA,NA,NA
Daily,2024-01-16,77.094444,25.052471,-77.962646,32.1357575,49282.945313,49290.957031,49256.734375,6.161854,89.815327,92.84127050000001,181.877563,NA,NA,32127.638672,8.323055499999999,NA,NA,NA,NA,NA,NA,NA,NA,NA
Daily,2024-01-17,77.105713,25.058731,-77.969856,32.143761,49290.8027345,49271.4375,49264.720703,6.179227,90.128372,93.30355449999999,179.89624,NA,NA,32127.638672,8.327947,NA,NA,NA,NA,NA,NA,NA,NA,NA
Daily,2024-01-18,77.139511,25.083765,-77.9064215,32.147408,49294.216797,49280.355469,49293.394531,6.163968,89.8319055,92.617195,180.884338,NA,NA,32127.638672,8.322646,NA,NA,NA,NA,NA,NA,NA,NA,NA
Daily,2024-01-19,77.15078,25.083765,-77.8675,32.1552485,49556.476563,49342.2089845,49327.658203,6.339176,92.73991,95.6109085,184.923622,NA,3.300546,32127.939453,8.284652,0,0.03,1.1,1.43,8.14,124,1.02,0.024,NA
Daily,2024-01-20,77.139511,25.077505,-77.390186,32.692348499999994,50108.1152345,49787.935547,49801.357422,6.331752,92.362679,105.4853555,195.517914,NA,NA,32453.402343499998,8.025772,NA,NA,NA,NA,NA,NA,NA,NA,NA
Daily,2024-01-21,77.173309,25.096281,-76.343277,32.6828685,50097.759766,49781.671875,49795.324219,6.2762715,91.566971,104.796844,195.5118025,NA,NA,32455.549805,8.02884,NA,NA,NA,NA,NA,NA,NA,NA,NA
Daily,2024-01-22,77.18457,25.102539,-75.381153,32.690681,50105.5039065,49770.953125,49809.726563,6.2977905,91.5718345,105.380409,193.516106,NA,NA,32467.0009765,7.991315999999999,NA,NA,NA,NA,NA,NA,NA,NA,NA
Daily,2024-01-23,77.173309,25.090021,-75.355644,32.706210999999996,50120.796875,49802.855469,49798.5625,6.2778,91.704956,104.87477899999999,188.547363,NA,NA,32466.449218499998,7.992737,NA,NA,NA,NA,NA,NA,NA,NA,NA
Daily,2024-01-24,77.162041,25.090021,-74.44053650000001,32.724915,50138.626953,49782.3125,49789.033203,6.278053,91.5197335,104.821938,172.627426,NA,NA,32467.25,7.9811075,NA,NA,NA,NA,NA,NA,NA,NA,NA
Daily,2024-01-25,77.162041,25.090021,-73.962593,32.72443,50139.2070315,49807.558594,49819.320313,6.451155,93.939892,107.548149,150.624802,NA,NA,32463.451172,7.970746500000001,NA,NA,NA,NA,NA,NA,NA,NA,NA
Daily,2024-01-26,77.173309,25.096281,-74.467094,32.723470500000005,50137.605469,49797,49797.105469,6.322546,92.012009,105.4918325,143.6618425,NA,NA,32465.851563,7.9667345,0,0.11,0.6,1.3,8.16,128,1.18,0.014,NA
Daily,2024-01-27,77.195831,25.108797,-75.522289,32.704494499999996,50114.705078,49781.050781,49773.40625,6.509318,94.726486,108.52137,201.055382,NA,NA,32456.75,7.9034949999999995,NA,NA,NA,NA,NA,NA,NA,NA,NA
Daily,2024-01-28,77.2071,25.115057,-76.396118,32.700729499999994,50114.169922,49774.955078,49779.09375,6.477536,94.373566,108.146393,192.607788,NA,NA,32455.25,7.911098,NA,NA,NA,NA,NA,NA,NA,NA,NA
Daily,2024-01-29,77.2071,25.115057,-76.910423,32.6974295,50110.445313,49777.683594,49782.8125,6.3578825000000005,92.9338,106.213669,185.489288,NA,NA,32454.751953,7.9228635,NA,NA,NA,NA,NA,NA,NA,NA,NA
Daily,2024-01-30,77.218361,25.121313,-77.35365300000001,32.667410000000004,50076.291016,49799.5898435,49796.03125,6.375257,93.063343,106.4705045,178.448105,NA,NA,32454.799805,7.927132,NA,NA,NA,NA,NA,NA,NA,NA,NA
Daily,2024-01-31,77.218361,25.121313,-77.74612,32.6710245,50081.1113285,49816.5625,49789.886719,6.3669505,92.846573,106.369057,172.4702605,NA,NA,32465.552734,7.931193,NA,NA,NA,NA,NA,NA,NA,NA,NA
Daily,2024-02-01,77.015892,25.008831,-77.852295,NA,NA,NA,NA,6.320725,92.3371775,105.508419,176.9736175,0.20576,NA,NA,7.936677,NA,NA,NA,NA,NA,NA,NA,NA,NA
Daily,2024-02-02,77.015892,25.008831,-77.38961,NA,NA,NA,NA,6.259454,92.13764599999999,105.540474,173.9860765,0.226558,NA,NA,7.9365815,0,0.1,1.23,1.4,8.01,132,1.1,NA,NA
Daily,2024-02-03,77.2071,25.115057,-76.923424,NA,NA,NA,NA,6.152925,89.833244,102.8984145,171.5785215,NA,NA,NA,8.0301115,NA,NA,NA,NA,NA,NA,NA,NA,NA
Daily,2024-02-04,77.2071,25.115057,-77.066071,NA,NA,NA,NA,6.350415,92.818604,106.171665,159.6217425,NA,NA,NA,8.026929,NA,NA,NA,NA,NA,NA,NA,NA,NA
Daily,2024-02-05,77.2071,25.115057,-77.487923,NA,NA,NA,NA,6.280517,91.782333,105.049679,151.6296845,NA,NA,NA,8.029257999999999,NA,NA,NA,NA,NA,NA,NA,NA,NA
Daily,2024-02-06,77.2071,25.115057,-76.394375,NA,NA,NA,NA,6.116068,89.307213,102.366379,141.663269,-0.357918,NA,NA,8.0206205,NA,NA,NA,NA,NA,NA,NA,NA,NA
Daily,2024-02-07,77.2071,25.115057,-74.44664,NA,NA,NA,NA,6.2180405,90.646996,103.949104,132.707642,-0.397259,NA,NA,7.986565,NA,NA,NA,NA,NA,NA,NA,NA,NA
Daily,2024-02-08,77.2071,25.115057,-73.992809,NA,NA,NA,NA,6.2749904999999995,91.5055925,104.81414,128.722519,-0.413044,NA,NA,7.96708,NA,NA,NA,NA,NA,NA,NA,NA,NA
Daily,2024-02-09,77.2071,25.115057,-74.562767,NA,NA,NA,NA,6.212512,90.764328,103.8275605,200.370956,-0.438547,NA,NA,7.986959,0,0.11,0.7,0.7,7.97,120,1.3,0.013,NA
Daily,2024-02-10,77.2071,25.115057,-75.41384099999999,NA,NA,NA,NA,6.348022,90.391335,103.988045,206.319183,0.3149545,NA,NA,8.032415499999999,NA,NA,NA,NA,NA,NA,NA,NA,NA
Daily,2024-02-11,77.195831,25.108797,-75.173676,NA,NA,NA,NA,6.658583999999999,95.148998,109.056396,210.4102095,0.4031765,NA,NA,8.048815000000001,NA,NA,NA,NA,NA,NA,NA,NA,NA
Daily,2024-02-12,77.2071,25.115057,-76.659054,NA,NA,NA,NA,6.4789255,92.400223,106.261925,209.500275,0.4618635,NA,28627.949218499998,8.062567,NA,NA,NA,NA,NA,NA,NA,NA,NA
Daily,2024-02-13,77.2071,25.115057,-77.49308,NA,NA,NA,NA,6.520728,93.0935935,106.9190255,210.535645,0.478826,NA,28644,8.084786999999999,NA,NA,NA,NA,NA,NA,NA,NA,NA
Daily,2024-02-14,77.2071,25.115057,-78.4254605,NA,NA,NA,NA,6.6078985,94.034805,108.399193,210.53713249999998,0.5121815000000001,NA,28642.199218499998,8.093974,NA,NA,NA,NA,NA,NA,NA,NA,NA
Daily,2024-02-15,77.2071,25.115057,-79.390694,NA,NA,NA,NA,6.523684,92.336014,106.7307125,204.583359,0.492439,NA,28629.349609,8.113855,NA,NA,NA,NA,NA,NA,NA,NA,NA
Daily,2024-02-16,77.2071,25.115057,-79.865356,NA,NA,NA,NA,6.486257500000001,92.18550450000001,106.246666,202.472084,0.4453725,NA,28631.75,8.096998,0,0.04,0.86,1.3,8.35,105,0.93,0.041,NA
Daily,2024-02-17,77.015892,25.008831,-80.37845250000001,NA,NA,NA,NA,6.5138155,92.94270700000001,106.9690855,196.3965605,0.478072,NA,NA,8.110726,NA,NA,NA,NA,NA,NA,NA,NA,NA
Daily,2024-02-18,77.015892,25.008831,-80.87278,NA,NA,NA,NA,6.471298,92.073391,106.083138,193.4138565,0.464806,NA,NA,8.1211,NA,NA,NA,NA,NA,NA,NA,NA,NA
Daily,2024-02-19,77.027161,25.015089,-81.3479845,NA,NA,NA,NA,6.48532,92.773666,106.36961,194.40712,0.439064,NA,NA,8.1259535,NA,NA,NA,NA,NA,NA,NA,NA,NA
Daily,2024-02-20,77.027161,25.015089,-81.847763,NA,NA,NA,NA,6.424221,91.37315749999999,104.965652,191.416649,0.484116,NA,NA,8.140936,NA,NA,NA,NA,NA,NA,NA,NA,NA
Daily,2024-02-21,77.027161,25.015089,-81.8526,NA,NA,NA,NA,6.524052,93.11743150000001,106.8072545,191.3776325,0.5697205000000001,NA,NA,8.139653,NA,NA,NA,NA,NA,NA,NA,NA,NA
Daily,2024-02-22,77.027161,25.015089,-82.005165,NA,NA,NA,NA,6.434681,91.2804795,105.234184,190.411453,0.6516325000000001,NA,NA,8.150612,NA,NA,NA,NA,NA,NA,NA,NA,NA
Daily,2024-02-23,77.038429,25.021349,-82.124863,NA,NA,NA,NA,6.429852,91.44014,105.1039505,201.33107,0.604812,NA,28630.603516,8.152567,0,0.13,0.8,0.86,8.16,115,0.77,0.021,NA
Daily,2024-02-24,77.218361,25.121313,-81.914909,NA,NA,NA,NA,6.502253,91.995308,105.6456795,196.9368285,0.0513445,NA,NA,8.165636,NA,NA,NA,NA,NA,NA,NA,NA,NA
Daily,2024-02-25,77.21273049999999,25.121313,-82.151878,NA,NA,NA,NA,6.513496,92.6149595,105.750755,191.66037749999998,0.198223,NA,28641.103516,8.17021,NA,NA,NA,NA,NA,NA,NA,NA,NA
Daily,2024-02-26,77.2071,25.115057,-80.84048100000001,NA,NA,NA,NA,6.375375,90.030178,103.697281,188.4665755,0.202875,NA,28616.100586,8.155676,NA,NA,NA,NA,NA,NA,NA,NA,NA
Daily,2024-02-27,77.218361,25.121313,-79.837219,NA,NA,NA,NA,6.43862,90.466148,104.187271,186.39566,0.2674555,NA,28653.318359,8.1379935,NA,NA,NA,NA,NA,NA,NA,NA,NA
Daily,2024-02-28,77.21273049999999,25.115057,-79.28234850000001,NA,NA,NA,NA,6.3710565,90.42853149999999,103.957535,181.383057,0.34004100000000004,NA,28624.076172,8.135939,NA,NA,NA,NA,NA,NA,NA,NA,NA
Daily,2024-02-29,77.218361,25.121313,-78.6720125,NA,NA,NA,NA,6.4424855,89.95124050000001,103.98213199999999,177.3908465,0.360787,NA,28628.3535155,8.1141225,NA,NA,NA,NA,NA,NA,NA,NA,NA
Daily,2024-03-01,77.218361,25.121313,-79.634861,NA,NA,NA,NA,6.502491,91.805031,105.874466,186.434448,0.405983,NA,NA,8.124095,0,NA,1.3,1.83,8.15,129,0.87,0.021,NA
Daily,2024-03-02,77.252159,25.140089,-80.6538355,NA,NA,NA,NA,6.3802495,90.857681,104.189774,178.837883,0.336576,NA,NA,8.120418,NA,NA,NA,NA,NA,NA,NA,NA,NA
Daily,2024-03-03,77.252159,25.140089,-81.4038125,NA,NA,NA,NA,6.578782,93.76757,107.633942,174.859451,0.3092755,NA,NA,8.141597,NA,NA,NA,NA,NA,NA,NA,NA,NA
Daily,2024-03-04,77.252159,25.140089,-81.926628,NA,NA,NA,NA,6.4509945,91.932961,105.479179,172.332352,0.3220035,NA,NA,8.156373,NA,NA,NA,NA,NA,NA,NA,NA,NA
Daily,2024-03-05,77.252159,25.140089,-82.41169,NA,NA,NA,NA,6.622605,94.481331,108.409363,172.33548,0.464276,NA,NA,8.1452385,NA,NA,NA,NA,NA,NA,NA,NA,NA
Daily,2024-03-06,NA,NA,-82.3742295,NA,NA,NA,NA,6.3386785,90.299812,103.946487,164.262192,0.4212575,NA,NA,8.1612285,NA,NA,NA,NA,NA,NA,NA,NA,NA
Daily,2024-03-07,77.263428,25.146349,-81.7256165,NA,NA,NA,NA,6.444715,92.932297,106.67113499999999,185.212921,0.406102,NA,NA,8.11892,NA,NA,NA,NA,NA,NA,NA,NA,NA
Daily,2024-03-08,77.22963,25.127573,-80.8909,NA,NA,NA,NA,6.330589,90.938568,104.5576825,240.6730575,0.3974995,NA,NA,8.0894865,0,0.01,0.9,1.1,8.11,122,1.07,0.024,NA
Daily,2024-03-09,77.22963,25.127573,-80.695812,NA,NA,NA,NA,6.5986195,96.393166,111.02440250000001,242.66073599999999,0.40813849999999996,NA,NA,8.0867165,NA,NA,NA,NA,NA,NA,NA,NA,NA
Daily,2024-03-10,77.22963,25.127573,-80.906609,NA,NA,NA,NA,6.571967,95.1059955,109.666023,243.686462,0.4274445,NA,NA,8.084607,NA,NA,NA,NA,NA,NA,NA,NA,NA
Daily,2024-03-11,77.218361,25.121313,-81.878059,NA,NA,NA,NA,6.505844,94.929192,109.07487449999999,246.2723465,0.466388,NA,NA,8.115761,NA,NA,NA,NA,NA,NA,NA,NA,NA
Daily,2024-03-12,77.218361,25.121313,-82.42025,NA,NA,NA,NA,6.499494,94.602417,108.955467,247.656799,0.45046450000000005,NA,NA,8.120839,NA,NA,NA,NA,NA,NA,NA,NA,NA
Daily,2024-03-13,77.218361,25.121313,-82.909424,NA,NA,NA,NA,6.49831,93.8607825,108.400654,248.638824,0.4719355,NA,NA,8.134482,NA,NA,NA,NA,NA,NA,NA,NA,NA
Daily,2024-03-14,77.218361,25.121313,-83.384743,NA,NA,NA,NA,6.357564,92.662827,106.745079,250.611771,0.4777895,NA,NA,8.14478,NA,NA,NA,NA,NA,NA,NA,NA,NA
Daily,2024-03-15,77.218361,25.121313,-82.399574,NA,NA,NA,NA,6.245012,91.060204,104.866119,248.650322,0.4319275,NA,NA,8.0960335,0,0.07,0.8,1.27,7.91,129,0.79,NA,NA
Daily,2024-03-16,77.218361,25.121313,-81.457611,NA,NA,NA,NA,6.426809,93.401287,107.60041799999999,229.6021655,0.2438425,NA,NA,8.075966,NA,NA,NA,NA,NA,NA,NA,NA,NA
Daily,2024-03-17,77.218361,25.121313,-82.248455,NA,NA,NA,NA,6.326564,92.39245600000001,106.433495,223.602356,0.238889,NA,NA,8.096199,NA,NA,NA,NA,NA,NA,NA,NA,NA
Daily,2024-03-18,77.218361,25.121313,-82.111961,NA,NA,NA,NA,6.403651,93.7966495,107.993744,220.603142,0.1744305,NA,NA,8.094440500000001,NA,NA,NA,NA,NA,NA,NA,NA,NA
Daily,2024-03-19,77.218361,25.121313,-82.439968,NA,NA,NA,NA,6.465511,94.8024635,109.1974755,220.10332499999998,0.1583995,NA,NA,8.093885,NA,NA,NA,NA,NA,NA,NA,NA,NA
Daily,2024-03-20,77.2071,25.115057,-82.898323,NA,NA,NA,NA,6.401007,93.539513,107.586075,218.598282,0.200695,NA,NA,8.09774,NA,NA,NA,NA,NA,NA,NA,NA,NA
Daily,2024-03-21,77.2071,25.115057,-83.4757155,NA,NA,NA,NA,6.514063,94.579956,109.200005,217.604927,0.186127,NA,NA,8.096569,NA,NA,NA,NA,NA,NA,NA,NA,NA
Daily,2024-03-22,77.2071,25.115057,-83.691856,NA,NA,NA,NA,6.422988,93.94709,107.692413,219.624794,0.208331,NA,NA,8.11186,NA,NA,NA,NA,NA,NA,NA,NA,NA
Daily,2024-03-22,77.2071,25.115057,-83.691856,NA,NA,NA,NA,6.422988,93.94709,107.692413,219.624794,0.208331,NA,NA,8.11186,0,0.04,0.9,1.23,8.07,117,0.82,0.015,NA
Daily,2024-03-23,77.2071,25.115057,-83.829109,NA,NA,NA,NA,6.356276,92.9142835,106.669159,216.650909,0.5514330000000001,NA,NA,8.1552225,NA,NA,NA,NA,NA,NA,NA,NA,NA
Daily,2024-03-24,77.2071,25.115057,-83.297348,NA,NA,NA,NA,6.272011,91.310768,105.28335200000001,211.737793,0.576796,NA,NA,8.156052,NA,NA,NA,NA,NA,NA,NA,NA,NA
Daily,2024-03-25,77.2071,25.115057,-82.464775,NA,NA,NA,NA,6.316931,92.319344,106.129372,207.766647,0.546269,NA,NA,8.146547,NA,NA,NA,NA,NA,NA,NA,NA,NA
Daily,2024-03-26,77.2071,25.115057,-82.338295,NA,NA,NA,NA,6.30183,92.213593,106.00531,206.74579649999998,0.5108755,NA,NA,8.133102000000001,NA,NA,NA,NA,NA,NA,NA,NA,NA
Daily,2024-03-27,77.2071,25.115057,-82.44941750000001,NA,NA,NA,NA,6.443823999999999,94.185532,108.6478615,205.740967,0.472202,NA,NA,8.140676,NA,NA,NA,NA,NA,NA,NA,NA,NA
Daily,2024-03-28,77.195831,25.108797,-83.3548205,NA,NA,NA,NA,6.458726,94.594021,108.535278,204.760834,0.466616,NA,NA,8.163165,NA,NA,NA,NA,NA,NA,NA,NA,NA
Daily,2024-03-29,77.2014655,25.115057,-84.136749,NA,NA,NA,NA,6.420310499999999,93.646812,108.323822,205.675499,0.43122150000000004,NA,NA,8.148338500000001,0,0.03,0.9,1.26,8.15,131,0.88,0.022,NA
Daily,2024-03-30,77.218361,25.121313,-84.790146,NA,NA,NA,NA,6.434653,93.870422,107.90555950000001,207.6822815,0.238091,NA,NA,8.030332000000001,NA,NA,NA,NA,NA,NA,NA,NA,NA
Daily,2024-03-31,77.218361,25.121313,-83.85297800000001,NA,NA,NA,NA,6.177295,90.126137,103.591721,202.72256449999998,0.233526,NA,NA,8.020947,NA,NA,NA,NA,NA,NA,NA,NA,NA
Daily,2024-04-01,77.004631,25.002573,-82.350792,NA,NA,NA,NA,6.442044,92.200821,105.9890595,200.740494,0.2505775,NA,NA,7.989139,NA,NA,NA,NA,NA,NA,NA,NA,NA
Daily,2024-04-02,77.015892,25.008831,-82.42641449999999,NA,NA,NA,NA,6.4168734999999995,93.348457,107.4637455,198.782402,0.28079299999999996,NA,NA,7.996699,NA,NA,NA,NA,NA,NA,NA,NA,NA
Daily,2024-04-03,77.015892,25.008831,-83.357613,NA,NA,NA,NA,6.426325,94.347786,107.9842755,196.8048855,0.284999,NA,NA,8.008353,NA,NA,NA,NA,NA,NA,NA,NA,NA
Daily,2024-04-04,77.015892,25.008831,-84.302662,NA,NA,NA,NA,6.429681,93.65512050000001,107.877182,194.785553,0.264985,NA,NA,8.0359,NA,NA,NA,NA,NA,NA,NA,NA,NA
Daily,2024-04-05,77.027161,25.015089,-84.74520100000001,NA,NA,NA,NA,6.619143,93.627495,105.497383,195.747299,0.234962,NA,NA,8.046921,NA,NA,NA,NA,NA,NA,NA,NA,NA
Daily,2024-04-06,77.218361,25.121313,-85.364616,NA,NA,NA,NA,7.391602000000001,106.21646150000001,106.719849,244.556213,0.417834,NA,NA,8.1518345,NA,NA,NA,NA,NA,NA,NA,NA,NA
Daily,2024-04-07,77.218361,25.121313,-86.314278,NA,NA,NA,NA,7.37527,105.9725075,106.226265,246.39838400000002,0.405494,NA,NA,8.16043,NA,NA,NA,NA,NA,NA,NA,NA,NA
Daily,2024-04-08,77.21273049999999,25.121313,-86.334549,NA,NA,NA,NA,7.3068985,105.063782,104.960678,248.419952,0.582809,NA,NA,8.158569,NA,NA,NA,NA,NA,NA,NA,NA,NA
Daily,2024-04-09,77.218361,25.115057,-86.790802,NA,NA,NA,NA,7.379174,105.9195025,105.657906,250.4521025,0.616543,NA,NA,8.154095,NA,NA,NA,NA,NA,NA,NA,NA,NA
Daily,2024-04-10,77.218361,25.121313,-87.250984,NA,NA,NA,NA,7.480384,107.5133895,107.22814199999999,252.48294099999998,0.715355,NA,NA,8.160513,NA,NA,NA,NA,NA,NA,NA,NA,NA
Daily,2024-04-11,77.218361,25.121313,-87.508278,NA,NA,NA,NA,7.4882325000000005,107.92100149999999,107.523697,253.44397,0.761962,NA,NA,8.166532,NA,NA,NA,NA,NA,NA,NA,NA,NA
Daily,2024-04-12,77.2071,25.115057,-87.271942,NA,NA,NA,NA,7.209659,103.3613815,103.609947,251.3591,0.737481,NA,NA,8.156824,0,0.02,1,1.36,8.03,123,0.97,0.014,NA
Daily,2024-04-13,77.218361,25.121313,-87.720161,NA,NA,NA,NA,7.404507,106.227081,106.297722,235.470993,1.146338,NA,NA,8.148328500000002,NA,NA,NA,NA,NA,NA,NA,NA,NA
Daily,2024-04-14,77.218361,25.121313,-88.237751,NA,NA,NA,NA,7.433105,107.376339,107.060623,233.4477765,1.128412,NA,NA,8.160858,NA,NA,NA,NA,NA,NA,NA,NA,NA
Daily,2024-04-15,77.218361,25.121313,-88.270454,NA,NA,NA,NA,7.2305055,103.775208,103.985023,232.3847045,1.099949,NA,NA,8.168605,NA,NA,NA,NA,NA,NA,NA,NA,NA
Daily,2024-04-16,77.218361,25.121313,-88.271309,NA,NA,NA,NA,7.230418,103.54504,103.4211655,229.3228,1.084016,NA,NA,8.165652999999999,NA,NA,NA,NA,NA,NA,NA,NA,NA
Daily,2024-04-17,77.218361,25.121313,-88.46455399999999,NA,NA,NA,NA,7.2210475,103.249443,103.432907,228.31073750000002,0.917008,NA,NA,8.172267,NA,NA,NA,NA,NA,NA,NA,NA,NA
Daily,2024-04-18,77.015892,25.011960000000002,-88.72929400000001,NA,NA,NA,NA,7.244982,104.306557,104.257767,229.378616,0.844959,NA,NA,8.171717,NA,NA,NA,NA,NA,NA,NA,NA,NA
Daily,2024-04-19,77.004631,25.002573,-89.1744995,NA,NA,NA,NA,7.35381,105.467377,105.476341,225.84919000000002,0.8610949999999999,NA,NA,8.131561999999999,0,0.04,NA,2.6,8.14,123,1.01,0.019,NA
Daily,2024-04-20,77.015892,25.008831,-89.19279499999999,NA,NA,NA,NA,7.381136,106.1063,106.06382,216.3422315,0.54665299999999994,NA,NA,8.088270999999999,NA,NA,NA,NA,NA,NA,NA,NA,NA
Daily,2024-04-21,77.0102615,25.002573,-89.236504,NA,NA,NA,NA,7.29375,104.35075,104.617165,217.8239365,0.513015,NA,NA,8.082702000000001,NA,NA,NA,NA,NA,NA,NA,NA,NA
Daily,2024-04-22,77.004631,25.002573,-89.3160175,NA,NA,NA,NA,7.3039985000000005,104.506264,104.51679250000001,216.2984775,0.5206919999999999,NA,NA,8.090741,NA,NA,NA,NA,NA,NA,NA,NA,NA
Daily,2024-04-23,77.015892,25.008831,-89.692436,NA,NA,NA,NA,7.518034999999999,108.454918,108.343315,216.318695,0.5965374999999999,NA,NA,8.0992715,NA,NA,NA,NA,NA,NA,NA,NA,NA
Daily,2024-04-24,77.0215265,25.011960000000002,-89.252098,NA,NA,NA,NA,7.281792,104.4434205,104.153992,216.3163685,0.592684,NA,NA,8.100135,NA,NA,NA,NA,NA,NA,NA,NA,NA
Daily,2024-04-25,77.027161,25.015089,-89.093498,NA,NA,NA,NA,7.3775435,105.6632995,105.713272,217.157608,0.577114,NA,NA,8.0901125,NA,NA,NA,NA,NA,NA,NA,NA,NA
Daily,2024-04-26,77.027161,25.015089,-89.244583,NA,NA,NA,NA,7.244892,104.23371850000001,104.34544,217.1771395,0.6138345000000001,NA,NA,8.1169615,0,0.01,1.1,1.76,7.97,123,0.87,0.001,NA
Daily,2024-04-27,77.218361,25.121313,-89.555397,NA,NA,NA,NA,7.226598,103.544655,103.5024415,214.71932950000001,0.8388869999999999,NA,NA,8.163397,NA,NA,NA,NA,NA,NA,NA,NA,NA
Daily,2024-04-28,77.218361,25.121313,-89.28064,NA,NA,NA,NA,7.3559944999999995,105.771484,105.921982,211.250565,0.8594705,NA,NA,8.171299000000001,NA,NA,NA,NA,NA,NA,NA,NA,NA
Daily,2024-04-29,77.218361,25.121313,-89.74009699999999,NA,NA,NA,NA,7.307823,105.186317,105.132683,207.267372,0.839584,NA,NA,8.183776,NA,NA,NA,NA,NA,NA,NA,NA,NA
Daily,2024-04-30,77.218361,25.121313,-89.70248050000001,NA,NA,NA,NA,7.273097,104.365936,104.45449049999999,207.260025,0.84272,NA,NA,8.183239,NA,NA,NA,NA,NA,NA,NA,NA,NA
Daily,2024-05-01,77.2071,25.115057,-90.154278,NA,NA,NA,NA,7.180162,103.148277,104.6329615,207.3100965,NA,NA,NA,8.185001,NA,NA,NA,NA,NA,NA,NA,NA,NA
Daily,2024-05-02,77.2071,25.115057,-90.203094,NA,NA,NA,NA,7.140506,102.9245,104.530472,208.19485500000002,NA,NA,NA,8.192733,NA,NA,NA,NA,NA,NA,NA,NA,NA
Daily,2024-05-03,77.2071,25.115057,-90.202328,NA,46852.867188,46972.839844,46954.636719,7.011077,100.32331450000001,105.55694199999999,209.2382125,0.5150825,NA,30415.850586,8.164754,NA,NA,NA,NA,NA,NA,NA,NA,NA
Daily,2024-05-04,77.2071,25.115057,-90.58831,NA,46862.4707035,46843.6347655,46946.273438,6.3806045000000005,91.826668,105.924149,250.59977700000002,0.5216185,NA,30428.449219,8.1608525,NA,NA,NA,NA,NA,NA,NA,NA,NA
Daily,2024-05-05,77.2071,25.115057,-90.69411099999999,NA,46852.828125,46872.9140625,46989.257813,6.377212500000001,91.545151,106.107574,251.555725,0.4988135,NA,30401.25,8.1571505,NA,NA,NA,NA,NA,NA,NA,NA,NA
Daily,2024-05-06,77.2071,25.115057,-90.7576105,NA,46864.492188,46856.628906,46996.9531255,6.3813575,91.952312,105.7576525,252.602234,0.466235,NA,30414.0996095,8.1522695,NA,NA,NA,NA,NA,NA,NA,NA,NA
Daily,2024-05-07,77.195831,25.108797,-91.083855,NA,46854.128906,46917.328125,47003.132813,6.4003625,92.049694,106.2680475,251.5839155,0.293678,NA,30394.451172,8.162483,NA,NA,NA,NA,NA,NA,NA,NA,NA
Daily,2024-05-08,77.195831,25.108797,-91.192574,NA,46859.304688,46905.705078,46984.6601565,6.343289,91.46685,105.253525,250.602524,0.279761,NA,30429.150391,8.161455,NA,NA,NA,NA,NA,NA,NA,NA,NA
Daily,2024-05-09,77.195831,25.108797,-91.2635,NA,46858.357422,46981.347656,46961.6796875,6.3752625,92.328842,106.281212,251.582886,0.2779435,NA,30431.351563,8.1653935,NA,NA,NA,NA,NA,NA,NA,NA,NA
Daily,2024-05-10,77.195831,25.108797,-91.672783,NA,46871.0214845,46965.871094,46964.929688,6.426401,92.491844,106.63188550000001,253.709091,0.268152,NA,30485.050780999998,8.169084,0,0.14,1.2,1.8,8.24,125,1.06,0.01,NA
Daily,2024-05-11,77.195831,25.108797,-91.70956799999999,NA,46861.886719,46969.527344,46961,6.4022815,91.92285150000001,106.220516,254.5619045,0.24732,NA,30473.6015625,8.1732030000000009,NA,NA,NA,NA,NA,NA,NA,NA,NA
Daily,2024-05-12,77.18457,25.102539,-91.741829,NA,46870.667969,46965.8359375,46967.742188,6.4117055,92.42534649999999,106.482513,257.302002,0.202412,NA,30486.750977,8.168176,NA,NA,NA,NA,NA,NA,NA,NA,NA
Daily,2024-05-13,77.18457,25.102539,-92.0842435,NA,46861.941406,46982.894531,46980.429688,6.425484000000001,92.388477,106.505371,259.129486,0.202067,NA,30478.951172,8.173294,NA,NA,NA,NA,NA,NA,NA,NA,NA
Daily,2024-05-14,77.18457,25.102539,-92.0384715,NA,46858.1503905,46811.7460935,46872.296875,6.388805,91.9878235,105.986115,260.862213,0.1701615,NA,30412.050781,8.181295500000001,NA,NA,NA,NA,NA,NA,NA,NA,NA
Daily,2024-05-15,77.18457,25.102539,-92.2448005,NA,46848.861328,46753.783203,46928.984375,6.385546,92.3180925,106.081398,260.9606785,0.134201,NA,30401.25,8.182614,NA,NA,NA,NA,NA,NA,NA,NA,NA
Daily,2024-05-16,77.2071,25.115057,-92.0726165,NA,46850.464844,46826.550781,46961.242188,6.3307185,91.2373085,104.744461,259.052856,0.143869,NA,30420.951172,8.1730725,NA,NA,NA,NA,NA,NA,NA,NA,NA
Daily,2024-05-17,77.2071,25.115057,-91.98135400000001,NA,46857.0273435,46827.152344,46884.640625,6.383571,92.304855,106.099937,260.878021,0.109562,NA,30416.000977,8.1811895,0,0.06,1.5,2.36,7.79,123,0.99,0.009,NA
Daily,2024-05-18,77.218361,25.121313,-92.247826,NA,NA,46710.201172,46748.070313,6.414675,92.1327745,106.691566,262.784958,0.146983,NA,30413.7509765,8.176917,NA,NA,NA,NA,NA,NA,NA,NA,NA
Daily,2024-05-19,77.218361,25.121313,-92.45685599999999,NA,NA,46722.3554685,46724.058594,6.391280500000001,91.96937199999999,106.1814765,262.8362275,0.1033775,NA,30414.651367,8.187928,NA,NA,NA,NA,NA,NA,NA,NA,NA
Daily,2024-05-20,77.2071,25.115057,-92.055836,NA,46849.2285155,46740.0839845,46767.746094,6.3123645,90.906464,104.919083,260.866638,0.103912,NA,30408.951172,8.138323,NA,NA,NA,NA,NA,NA,NA,NA,NA
Daily,2024-05-21,77.195831,25.108797,-91.674561,NA,46851.7988285,46790.503906,46826.4453125,6.4020235,92.339012,106.41095,238.447769,0.273772,NA,30404.6015625,8.094391,NA,NA,NA,NA,NA,NA,NA,NA,NA
Daily,2024-05-22,77.18457,25.102539,-92.180122,NA,46851.5683595,46733.7128905,46772.3046875,6.400178,92.195919,106.305206,234.400879,0.272177,NA,30414.851563,8.09312,NA,NA,NA,NA,NA,NA,NA,NA,NA
Daily,2024-05-23,77.18457,25.102539,-92.5739365,NA,NA,46718.816406,46763.929688,6.3796195000000004,92.112213,106.237129,232.474625,0.247147,NA,30398.5498045,8.1007775,NA,NA,NA,NA,NA,NA,NA,NA,NA
Daily,2024-05-24,77.18457,25.102539,-92.6505355,NA,NA,46714.0625,46727.5,6.3959475,92.130371,106.200779,230.46428650000001,0.2195945,NA,30409.650391,8.111511,0,0.12,1.1,1.53,8.01,122,0.87,0.016,NA
Daily,2024-05-24,77.18457,25.102539,-92.6505355,NA,NA,46714.0625,46727.5,6.3959475,92.130371,106.200779,230.46428650000001,0.2195945,NA,30409.650391,8.111511,0,0.19,1.2,1.6,8.2,111,0.9,0.002,NA
Daily,2024-05-25,77.18457,25.102539,-93.078911,NA,46849.757813,46776.921875,46819.085938,6.380895499999999,92.172123,106.2543185,229.399887,0.1936485,NA,30392.849609,8.10635,NA,NA,NA,NA,NA,NA,NA,NA,NA
Daily,2024-05-26,77.18457,25.102539,-93.180756,NA,NA,46722.015625,46742.1914065,6.398815,92.468323,106.226269,228.43181600000003,0.164462,NA,30406.2509765,8.114651,NA,NA,NA,NA,NA,NA,NA,NA,NA
Daily,2024-05-27,77.18457,25.102539,-93.46305849999999,NA,NA,46724.859375,46715.9140625,6.409149,92.439472,106.544727,228.3909375,0.142734,NA,30414.650391,8.112811,NA,NA,NA,NA,NA,NA,NA,NA,NA
Daily,2024-05-28,77.18457,25.102539,-93.52816,NA,NA,46743.949219,46736.0859375,6.4012709999999995,92.496414,106.528084,228.4185865,0.116885,NA,30415.301758,8.116755000000001,NA,NA,NA,NA,NA,NA,NA,NA,NA
Daily,2024-05-29,77.18457,25.102539,-93.8775785,NA,NA,46711.660156,46733.28125,6.395129,92.197105,106.195724,228.406036,0.044995999999999994,NA,30410.849609,8.12185,NA,NA,NA,NA,NA,NA,NA,NA,NA
Daily,2024-05-30,77.195831,25.108797,-93.909584,NA,NA,46738.6640625,46709.964844,6.379304,92.108059,106.313705,228.4198225,0.034363000000000005,NA,30402.449219,8.124300999999999,NA,NA,NA,NA,NA,NA,NA,NA,NA
Daily,2024-05-31,77.195831,25.108797,-93.828362,NA,NA,46734.0722655,46721.957031,6.393684,92.011833,106.18264,232.3749845,0.071635,NA,30414.347656,8.083818,0,0.27,1.2,1.6,NA,NA,0.66,0.009,NA
Daily,2024-06-01,77.162041,25.090021,-94.17851999999999,NA,NA,NA,NA,6.3674805,91.9975895,106.0649225,231.3756485,NA,NA,NA,8.027176,NA,NA,NA,NA,NA,NA,NA,NA,NA
Daily,2024-06-02,77.162041,25.090021,-94.3664325,NA,NA,NA,NA,6.376647999999999,92.3073885,106.367943,227.39003,NA,NA,NA,8.0278375,NA,NA,NA,NA,NA,NA,NA,NA,NA
Daily,2024-06-03,77.162041,25.090021,-94.372253,NA,NA,NA,NA,6.406223,92.100563,106.034294,226.396515,NA,NA,NA,8.024107,NA,NA,NA,NA,NA,NA,NA,NA,NA
Daily,2024-06-04,77.162041,25.090021,-94.4629745,NA,NA,NA,NA,6.361685,91.609703,105.500786,224.415833,NA,NA,NA,8.027335,NA,NA,NA,NA,NA,NA,NA,NA,NA
Daily,2024-06-05,77.162041,25.090021,-94.878231,NA,NA,NA,NA,6.4139155,92.3234825,106.4982795,226.4145735,NA,NA,NA,8.0353905,NA,NA,NA,NA,NA,NA,NA,NA,NA
Daily,2024-06-06,77.162041,25.090021,-94.97010800000001,NA,NA,NA,NA,6.4165745,92.0481185,106.32476,224.88750449999998,NA,NA,NA,8.033009,NA,NA,NA,NA,NA,NA,NA,NA,NA
Daily,2024-06-07,77.162041,25.090021,-94.871574,32.180513500000004,NA,NA,NA,6.324882,91.5291025,105.108452,228.4292375,NA,1.703399,NA,8.05268,0,0.2,1.4,2.36,8.15,NA,0.58,0,NA
Daily,2024-06-08,77.173309,25.096281,-95.004601,32.438865500000006,NA,NA,NA,6.2510449999999995,91.14711,104.542824,241.016556,NA,1.7076799999999999,NA,8.170664,NA,NA,NA,NA,NA,NA,NA,NA,NA
Daily,2024-06-09,77.18457,25.102539,-94.923668,32.446577000000005,NA,NA,NA,6.27657,91.260662,104.74157,245.042892,NA,1.6962185,NA,8.173806,NA,NA,NA,NA,NA,NA,NA,NA,NA
Daily,2024-06-10,77.18457,25.102539,-94.9406855,32.444225,NA,NA,NA,6.289191,91.563271,105.035095,246.015091,NA,1.7038925,NA,8.174785,NA,NA,NA,NA,NA,NA,NA,NA,NA
Daily,2024-06-11,77.18457,25.102539,-95.441154,32.4354725,NA,NA,NA,6.2634644999999995,91.165474,104.545372,247.002914,NA,1.707419,NA,8.176314,NA,NA,NA,NA,NA,NA,NA,NA,NA
Daily,2024-06-12,77.18457,25.108797,-95.460205,32.4385185,NA,NA,NA,6.27315,91.369606,104.771118,244.511261,NA,NA,NA,8.178479,NA,NA,NA,NA,NA,NA,NA,NA,NA
Daily,2024-06-13,77.195831,25.108797,-94.98501949999999,32.443062,NA,NA,NA,6.2312655,90.5981865,104.19465650000001,244.02165200000002,NA,NA,NA,8.162719,NA,NA,NA,NA,NA,NA,NA,NA,NA
Daily,2024-06-14,77.195831,25.108797,-94.481956,32.4498365,NA,NA,NA,6.283568,91.4071615,105.01442349999999,241.053833,NA,1.7005504999999999,NA,8.128373,0,0.16,1.3,2.1,8.28,NA,0.92,0.005,NA
Daily,2024-06-15,77.375778,25.208765,-94.950653,32.453884,NA,NA,NA,6.260086,91.018631,104.687195,240.068764,NA,1.708217,NA,8.057419,NA,NA,NA,NA,NA,NA,NA,NA,NA
Daily,2024-06-16,77.173309,25.093151,-94.983551,32.463385,NA,NA,NA,6.272735,91.1019175,104.74768850000001,241.0976945,NA,1.693213,NA,8.071914,NA,NA,NA,NA,NA,NA,NA,NA,NA
Daily,2024-06-17,77.162041,25.090021,-94.98292950000001,32.467728,NA,NA,NA,6.24374,90.523857,104.181839,241.125153,NA,1.7045745,NA,8.067822,NA,NA,NA,NA,NA,NA,NA,NA,NA
Daily,2024-06-18,77.375778,25.202505,-94.526512,32.124107,NA,NA,NA,6.1799365,90.12409249999999,103.676247,243.973969,NA,1.705141,NA,8.049893,NA,NA,NA,NA,NA,NA,NA,NA,NA
Daily,2024-06-19,77.15078,25.090021,-94.99742900000001,32.131077000000005,NA,NA,NA,6.2776225,91.5369455,105.25249099999999,244.3486325,NA,1.697254,NA,8.0671905,NA,NA,NA,NA,NA,NA,NA,NA,NA
Daily,2024-06-20,77.36451,25.202505,-94.98437899999999,32.1398295,NA,NA,NA,6.2542615,90.9573745,104.612751,242.87553400000002,NA,NA,NA,8.0706375,NA,NA,NA,NA,NA,NA,NA,NA,NA
Daily,2024-06-21,77.162041,25.090021,-94.514153,32.146936499999995,NA,NA,NA,6.194283,90.388046,103.6506115,238.87548800000002,NA,1.6982949999999999,NA,8.064772,2,NA,1.73,NA,8.17,106,0.56,0.004,NA
Daily,2024-06-22,77.173309,25.096281,-93.9561955,32.157055,NA,NA,NA,6.1294835,89.337173,102.477577,230.9321365,NA,1.69088,NA,8.151666,NA,NA,NA,NA,NA,NA,NA,NA,NA
Daily,2024-06-23,77.387039,25.215021,-92.428444,32.165913,NA,NA,NA,6.2086144999999995,90.516518,104.06105,228.956192,NA,1.698903,NA,8.101466,NA,NA,NA,NA,NA,NA,NA,NA,NA
Daily,2024-06-24,77.387039,25.215021,-92.123833,32.170457999999996,NA,NA,NA,6.242013,90.94725,104.2548335,229.967743,NA,1.699097,NA,8.113761,NA,NA,NA,NA,NA,NA,NA,NA,NA
Daily,2024-06-25,77.375778,25.208765,-92.088531,32.1682795,NA,NA,NA,6.2042684999999995,90.400284,103.797653,233.4162365,NA,1.707005,NA,8.105363,NA,NA,NA,NA,NA,NA,NA,NA,NA
Daily,2024-06-26,77.375778,25.208765,-92.09372350000001,32.1366675,NA,NA,NA,6.271875,91.597786,104.848244,241.848328,NA,1.697833,NA,8.115529,NA,NA,NA,NA,NA,NA,NA,NA,NA
Daily,2024-06-27,77.36451,25.202505,-92.54638700000001,32.125473,NA,NA,NA,6.243786,91.11071,104.516495,238.3313825,NA,NA,NA,8.1228905,NA,NA,NA,NA,NA,NA,NA,NA,NA
Daily,2024-06-28,77.375778,25.208765,-92.608559,32.072506000000004,NA,NA,NA,6.207381,90.332302,103.938507,237.802994,NA,1.702686,NA,8.125353,0,0,1.6,2.2,NA,122,0.87,0.001,NA
Daily,2024-06-29,77.387039,25.215021,-91.996704,32.0617485,NA,NA,NA,6.112205,88.8866955,102.23802549999999,231.631927,NA,1.710109,NA,8.162433,NA,NA,NA,NA,NA,NA,NA,NA,NA
Daily,2024-06-30,77.387039,25.215021,-91.9512445,32.054375,NA,NA,NA,6.294578,91.672863,105.809738,233.615143,NA,1.694538,NA,8.1410165,NA,NA,NA,NA,NA,NA,NA,NA,NA
Daily,2024-07-01,77.398308,25.221281,-92.07132,NA,NA,NA,NA,6.241379500000001,90.651787,104.133232,237.62269600000002,NA,NA,NA,8.150816,NA,NA,NA,NA,NA,NA,NA,NA,NA
Daily,2024-07-02,77.398308,25.221281,-92.55585099999999,NA,NA,NA,NA,6.2261325,90.658989,104.096821,237.6206435,NA,NA,NA,8.158773,NA,NA,NA,NA,NA,NA,NA,NA,NA
Daily,2024-07-03,77.398308,25.221281,-92.4263535,NA,NA,NA,NA,6.295,91.520576,105.601017,239.616989,NA,NA,NA,8.147445,NA,NA,NA,NA,NA,NA,NA,NA,NA
Daily,2024-07-04,77.398308,25.221281,-93.100838,NA,NA,NA,NA,6.3171415,92.188133,105.648506,241.6199645,NA,NA,NA,8.165724,NA,NA,NA,NA,NA,NA,NA,NA,NA
Daily,2024-07-05,77.398308,25.221281,-93.607849,NA,NA,NA,NA,6.2575275,91.1447565,104.7927555,240.581467,NA,NA,NA,8.166582,0,0.07,1.6,NA,8.05,117,0.6,0.001,NA
Daily,2024-07-06,77.40393850000001,25.221281,-94.07764449999999,NA,NA,NA,NA,6.22569,90.96167,104.470512,240.552017,NA,NA,NA,8.174166,NA,NA,NA,NA,NA,NA,NA,NA,NA
Daily,2024-07-07,77.398308,25.221281,-94.0548665,NA,NA,NA,NA,6.25755,91.146088,104.600006,242.507004,NA,NA,NA,8.180925,NA,NA,NA,NA,NA,NA,NA,NA,NA
Daily,2024-07-08,77.398308,25.221281,-94.5492555,NA,51436.40625,51042.625,51070.2753905,6.2051680000000005,90.455536,104.1521415,243.4851685,NA,1.3358375,33145.703125,8.1872295,NA,NA,NA,NA,NA,NA,NA,NA,NA
Daily,2024-07-09,77.387039,25.215021,-95.068703,NA,51437.0703125,51080.029297,51056.917969,6.178516,90.6852415,104.3959315,241.452698,NA,1.3594145,33168.2050785,8.199517,NA,NA,NA,NA,NA,NA,NA,NA,NA
Daily,2024-07-10,77.398308,25.221281,-95.547516,NA,51440.033203,51070.5371095,51097.457031,6.158409,90.3974495,103.9583775,240.464981,NA,1.3594724999999999,33295.296875,8.207108,NA,NA,NA,NA,NA,NA,NA,NA,NA
Daily,2024-07-11,77.398308,25.221281,-95.533958,NA,51441.591797,51080.814453,51087.585938,6.168386,90.759552,104.195816,240.471436,NA,1.3750425,33309.097656,8.215044,NA,NA,NA,NA,NA,NA,NA,NA,NA
Daily,2024-07-12,77.398308,25.221281,-95.56294249999999,NA,51447.226563,51067.910156,51209.2988285,6.141212,90.26313,103.5719225,241.470215,NA,1.328202,33390.304688,8.214237,0,0.02,1.43,2.43,8.01,122,0.73,0.003,NA
Daily,2024-07-13,77.375778,25.208765,-95.9046825,NA,51449.251953,51126.574219,51222.9218755,6.157,90.22765749999999,103.90874099999999,247.498962,NA,1.242353,33385.898438,8.2153425,NA,NA,NA,NA,NA,NA,NA,NA,NA
Daily,2024-07-14,77.375778,25.208765,-95.933632,NA,51207.953125,51287.699219,51221.3828125,6.194983000000001,90.909981,104.8394815,250.0288465,NA,1.250426,33393.699219,8.2305315,NA,NA,NA,NA,NA,NA,NA,NA,NA
Daily,2024-07-15,77.375778,25.208765,-96.4568635,NA,51218.7890625,51268.9492185,51214.273438,6.178666,90.912361,104.499939,248.566132,NA,1.2740019999999999,33376.503906,8.231573,NA,NA,NA,NA,NA,NA,NA,NA,NA
Daily,2024-07-16,77.375778,25.208765,-96.4974215,NA,51230.591797,51277.59375,51225.1875,6.1828715,90.8532485,104.5417595,248.600281,NA,1.2742785,33393.699219,8.236695,NA,NA,NA,NA,NA,NA,NA,NA,NA
Daily,2024-07-17,77.375778,25.208765,-96.564392,NA,51239.3007815,51281.84375,51228.039063,6.191382,90.6676335,104.62333699999999,251.632103,NA,1.2509395,33387.699219,8.235125,NA,NA,NA,NA,NA,NA,NA,NA,NA
Daily,2024-07-18,77.387039,25.215021,-96.57715999999999,NA,51243.902344,51267.5625,51217.242188,6.156637,90.131676,104.032753,252.644394,NA,1.243271,33393.902344,8.2384645,NA,NA,NA,NA,NA,NA,NA,NA,NA
Daily,2024-07-19,77.387039,25.215021,-96.517433,NA,51252.171875,51267.6621095,51213.335938,6.144925000000001,90.1386415,103.648426,249.657761,NA,1.235569,33398.101563,8.219551,0,0.09,1.43,2.2,8.01,123,0.6,0.008,NA
Daily,2024-07-20,77.36451,25.202505,-96.510319,NA,51259.046875,51280.4140625,51220.585938,6.12709,90.293625,104.028065,242.687576,NA,1.204504,33389.7031255,8.2151485,NA,NA,NA,NA,NA,NA,NA,NA,NA
Daily,2024-07-21,77.36451,25.202505,-96.533318,NA,51268.105469,51276.4804685,51218.960938,6.124293,89.9913525,103.50504699999999,242.69355000000002,NA,1.204731,33391.300781,8.220881,NA,NA,NA,NA,NA,NA,NA,NA,NA
Daily,2024-07-22,77.36451,25.202505,-96.400787,NA,51279.457031,51280.171875,51215.792969,6.1379015,90.104656,103.60781850000001,243.74771900000002,NA,1.21277,33416.105469,8.224925500000001,NA,NA,NA,NA,NA,NA,NA,NA,NA
Daily,2024-07-23,77.353241,25.202505,-96.466667,NA,51286.355469,51284.890625,51226.6914065,6.159296,90.192429,104.052658,244.760193,NA,1.212873,33376.4023435,8.212086,NA,NA,NA,NA,NA,NA,NA,NA,NA
Daily,2024-07-24,77.353241,25.196247,-96.376316,NA,51294.1640625,51274.6875,51217.953125,6.079855,89.553955,103.275795,244.776031,NA,1.228678,33391.503906,8.2201495,NA,NA,NA,NA,NA,NA,NA,NA,NA
Daily,2024-07-25,77.353241,25.196247,-96.103416,NA,51307.238281,51265.378906,51220.046875,6.131548499999999,90.107689,103.814884,243.830612,NA,1.23667,33372.0996095,8.222547,NA,NA,NA,NA,NA,NA,NA,NA,NA
Daily,2024-07-26,77.353241,25.196247,-96.2165755,NA,51315.666016,51270.902344,51219.75,6.149038,90.236931,103.767883,239.829391,NA,1.236773,33385.701172,8.2225515,0,0.07,1.3,1.8,8.17,116,0.76,0.021,NA
Daily,2024-07-27,77.353241,25.196247,-96.483326,NA,51326.6718755,51266.142578,51216.138672,6.136145,90.061119,103.659691,227.871719,NA,1.2058825,33414.304688,8.211685,NA,NA,NA,NA,NA,NA,NA,NA,NA
Daily,2024-07-28,77.353241,25.199376,-96.562214,NA,51336.9882815,51263.8964845,51224.154297,6.123829,89.963181,103.460014,223.8955385,NA,1.221729,33377.601563,8.217344,NA,NA,NA,NA,NA,NA,NA,NA,NA
Daily,2024-07-29,77.36451,25.202505,-96.366455,NA,51344.1757815,51298.984375,51215.539063,6.149229,90.399773,104.056671,224.9340665,NA,1.2452320000000001,33400.300781,8.21007,NA,NA,NA,NA,NA,NA,NA,NA,NA
Daily,2024-07-30,77.36451,25.202505,-96.027168,NA,NA,51292.6757815,51224.597656,6.0887475,89.4833035,102.9270555,226.948853,NA,1.292432,33399.0996095,8.2127975,NA,NA,NA,NA,NA,NA,NA,NA,NA
Daily,2024-07-31,77.375778,25.208765,-94.8992615,NA,NA,51274.136719,51211.263672,6.0130285,88.524914,101.883255,221.9941255,NA,1.319843,33420.3046875,8.1751855,NA,NA,NA,NA,NA,NA,NA,NA,NA
Daily,2024-08-01,77.162041,25.090021,-93.987152,NA,51632.7851565,51331.1816405,51333.6757815,6.182632,90.879738,104.36916350000001,NA,1.1883425,1.331959,33407.902344,8.153961,NA,NA,NA,NA,NA,NA,NA,NA,NA
Daily,2024-08-02,77.36451,25.202505,-93.692696,NA,51632.144531,51420.433594,51429.992188,6.18995,90.7221945,103.429405,249.15438849999998,1.2046785,1.421561,33492.90625,8.161256999999999,0,0.01,1.4,2.03,7.93,116,0.86,0.016,NA
Daily,2024-08-03,77.353241,25.196247,-94.0591885,33.852058,51547.214844,51578.0566405,51588.761719,6.181013,90.803688,103.227089,252.535858,1.3589455,3.12345,33420.501953,8.14871,NA,NA,NA,NA,NA,NA,NA,NA,NA
Daily,2024-08-04,77.3476105,25.189989,-94.050049,33.8609755,51556.449219,51592.890625,51582.117188,6.121431,89.985683,102.548996,253.552658,1.3471235,3.1475299999999997,33420.8027345,8.143356,NA,NA,NA,NA,NA,NA,NA,NA,NA
Daily,2024-08-05,77.139511,25.077505,-93.9733885,33.8669375,51566.4375,51557.923828,51566.0703125,6.212663,91.38331600000001,103.8822135,252.597023,1.319858,3.1713735,33382.5996095,8.1292935,NA,NA,NA,NA,NA,NA,NA,NA,0
Daily,2024-08-06,77.353241,25.196247,-94.03376,33.868261000000004,51573.566406,51577.265625,51574.085938,6.1454815,90.3502925,102.915199,256.40203099999997,1.2659685,3.218398,33412.300781,8.1495675,NA,NA,NA,NA,NA,NA,NA,NA,NA
Daily,2024-08-07,77.15078,25.083765,-93.57486750000001,NA,51582.9726565,51551.441406,51592.195313,6.1922185,91.350983,103.720589,254.65329,1.218466,3.265988,33545.5976565,8.13418,NA,NA,NA,NA,NA,NA,NA,NA,NA
Daily,2024-08-08,77.36451,25.202505,-94.0117035,NA,51593.2441405,51609.488281,51601.152344,6.173709,90.7468985,103.5272595,259.359802,1.181577,3.328805,33633.0019535,8.13517,NA,NA,NA,NA,NA,NA,NA,NA,NA
Daily,2024-08-09,77.139511,25.077505,-93.97380799999999,NA,51606.75,51578.222656,51569.8125,6.1586345,90.804405,103.14695,255.7115935,1.147393,3.3132824999999997,33688.304688,8.127416,0,0.05,1.13,1.83,7.96,119,0.85,0.033,NA
Daily,2024-08-10,77.330719,25.183731,-93.94662500000001,NA,NA,51578.625,51576.982422,6.102699,89.67646,102.200981,244.7303315,0.629242,3.3059434999999997,33664.8027345,8.0917675,NA,NA,NA,NA,NA,NA,NA,NA,NA
Daily,2024-08-11,77.3138195,25.177471,-93.383598,NA,51615.1933595,51604.046875,51609.003906,6.2387405000000005,91.525818,104.482872,240.71630850000003,0.602563,3.43853,33665.300781,8.110551,NA,NA,NA,NA,NA,NA,NA,NA,NA
Daily,2024-08-12,77.330719,25.183731,-93.694267,NA,NA,51587.488281,51589.9414065,6.1595510000000004,90.64707200000001,103.30676249999999,250.72564699999998,0.57825,3.6419175,33660.1992185,8.104721,NA,NA,NA,NA,NA,NA,NA,NA,NA
Daily,2024-08-13,77.330719,25.183731,-94.05298250000001,NA,NA,51571.732422,51568.398438,6.1597895000000005,90.617752,103.240356,253.729309,0.528181,3.9231534999999997,33684.3027345,8.1065425,NA,NA,NA,NA,NA,NA,NA,NA,NA
Daily,2024-08-14,77.31945,25.177471,-94.117096,NA,NA,51603.300781,51587.6796875,6.1699845,90.907547,103.48735,257.470642,0.49252300000000004,4.299542499999999,33670.902344,8.11891,NA,NA,NA,NA,NA,NA,NA,NA,NA
Daily,2024-08-15,77.31945,25.177471,-95.088799,NA,NA,51593.2441405,51594.1523435,6.222327,91.772987,104.161346,259.4590915,0.455454,4.752651999999999,33663.900391,8.142565,NA,NA,NA,NA,NA,NA,NA,NA,NA
Daily,2024-08-16,77.31945,25.177471,-95.587273,NA,51612.5839845,51564.542969,51580.523438,6.176108,90.979172,103.654587,261.453522,0.447566,4.846065,33664.699219,8.173019,0,0,1.47,2.13,7.88,113,0.73,NA,NA
Daily,2024-08-17,77.330719,25.183731,-96.51589200000001,NA,51612.183594,51555.875,51578.1582035,6.158504,90.539703,103.186424,257.4431455,0.379175,5.1429884999999995,33662.503906,8.21692,NA,NA,NA,NA,NA,NA,NA,NA,NA
Daily,2024-08-18,77.34198,25.189989,-96.5348015,NA,51618.482422,51564.84375,51603.121094,6.151136,90.37816649999999,102.8105085,261.464722,0.33149649999999997,5.409136,33658.8007815,8.220045500000001,NA,NA,NA,NA,NA,NA,NA,NA,NA
Daily,2024-08-19,77.34198,25.189989,-96.5761225,NA,NA,51599.236328,51575.6660155,6.203894,91.466743,103.987999,263.453094,0.248152,5.534574,33686.300781,8.233629,NA,NA,NA,NA,NA,NA,NA,NA,NA
Daily,2024-08-20,77.353241,25.196247,-97.214729,NA,NA,51570.082031,51583.050781,6.166463,90.753765,103.6140445,263.4878385,0.24138949999999998,5.6276515,33671.8046875,8.242928,NA,NA,NA,NA,NA,NA,NA,NA,NA
Daily,2024-08-21,77.353241,25.196247,-97.033936,NA,NA,51574.576172,51590.449219,6.1407775000000004,90.1817815,102.5981215,265.525146,0.286628,5.8159785,33674.5996095,8.231885,NA,NA,NA,NA,NA,NA,NA,NA,NA
Daily,2024-08-22,77.36451,25.202505,-96.583466,33.782749,51474.013672,51589.636719,51594.576172,6.068777000000001,89.1841125,101.57378,260.6351625,0.2126645,6.1788145,33534.6054685,8.22049,NA,NA,NA,NA,NA,NA,NA,NA,NA
Daily,2024-08-23,77.15078,25.083765,-95.669731,33.767792,51463.160156,51563.90625,51588.341797,6.068039499999999,89.144184,101.7027435,258.5773165,0.219781,6.208929,33440.0976565,8.198433999999999,NA,NA,NA,NA,NA,NA,NA,NA,NA
Daily,2024-08-24,77.15078,25.083765,-95.73120499999999,33.784546,51479.091797,51567.824219,51581.857422,6.180189,90.85141,103.268044,253.338364,0.38404400000000005,6.3197375000000005,33425.3027345,8.092793499999999,NA,NA,NA,NA,NA,NA,NA,NA,NA
Daily,2024-08-25,77.15078,25.083765,-96.472038,33.787666,51482.847656,51570.9609375,51592.621094,6.185656,90.917755,103.655495,250.34079,0.358733,6.429699,33411.304688,8.0964095,NA,NA,NA,NA,NA,NA,NA,NA,NA
Daily,2024-08-26,77.36451,25.202505,-96.510857,33.790359,51483.707031,51587.6933595,51575.960938,6.136845,90.170563,102.738899,252.347717,0.337433,6.586141,33403.898438,8.084988,NA,NA,NA,NA,NA,NA,NA,NA,NA
Daily,2024-08-27,77.353241,25.196247,-96.018715,33.7843,51474.248047,51602.089844,51553.242188,6.0851385,89.5396195,102.3817635,251.308258,0.302071,6.7722755,33430.898438,8.08698,NA,NA,NA,NA,NA,NA,NA,NA,NA
Daily,2024-08-28,77.128242,25.064989,-94.500771,33.761505,51459.5039065,51537.863281,51582.8007815,5.981006,88.023834,100.151764,250.262909,0.2079905,7.364818,33409.300781,8.063895500000001,NA,NA,NA,NA,NA,NA,NA,NA,NA
Daily,2024-08-29,77.330719,25.183731,-93.838097,33.755432,51698.761719,51333.09375,51513.914063,6.102917,89.668976,102.324905,251.241623,0.215079,7.676527,33417.699219,8.043786,NA,NA,NA,NA,NA,NA,NA,NA,NA
Daily,2024-08-30,77.33634950000001,25.183731,-93.935333,NA,51688.660156,51346.535156,51316.6289065,6.1074245000000005,89.81203099999999,102.31344250000001,254.206161,0.218886,7.675787,33409.898438,8.047105,NA,NA,NA,NA,NA,NA,NA,NA,NA
Daily,2024-08-31,77.139511,25.077505,-93.956596,NA,51687.84375,51325.144531,51333.050781,6.0600369999999995,88.891296,101.5048025,248.197235,0.285996,6.956699,33432.101563,8.039804,NA,NA,NA,NA,NA,NA,NA,NA,NA
Daily,2024-09-01,NA,NA,-93.35592650000001,33.9863755,51687.136719,51331.8007815,51327.9375,6.06501,89.32099149999999,101.9664,232.189293,0.326942,5.050794,33422.5,8.038348,NA,NA,NA,NA,NA,NA,NA,NA,NA
Daily,2024-09-02,NA,NA,-93.306915,33.979439,51679.046875,51335.355469,51334.695313,6.104945,89.953949,102.333107,232.147797,0.317274,4.7057575,33419.201172,8.038769,NA,NA,NA,NA,NA,NA,NA,NA,NA
Daily,2024-09-03,NA,NA,-93.798294,33.9852695,51683.421875,51309.5625,51329.105469,6.144004,90.299721,103.180405,236.165222,0.29966,4.956813,33420.5019535,8.046085000000001,NA,NA,NA,NA,NA,NA,NA,NA,NA
Daily,2024-09-04,NA,NA,-94.169823,33.994362,51696.140625,51336.4375,51352.2695315,6.143463,90.096947,102.894787,235.218246,0.27324499999999996,5.301419,33421.898438,8.061141,NA,NA,NA,NA,NA,NA,NA,NA,NA
Daily,2024-09-05,NA,NA,-94.053589,33.999241,51697.527344,51316.910156,51406.703125,5.994699,88.386292,100.434677,231.22316,0.292031,5.114008,33374.101563,8.06528,NA,NA,NA,NA,NA,NA,NA,NA,NA
