#,Date-Time (MST),Ch: 1 - Temperature   (°F),Ch: 1 - Temperature Max : Max (°F),Ch: 1 - Temperature Min : Min (°F),Ch: 1 - Temperature Avg : Avg (°F),Ch: 1 - Temperature Std Dev : Std Dev (°F),Ch: 2 - Millivolts   (mv),Ch: 2 - Millivolts Max : Max (mv),Ch: 2 - Millivolts Min : Min (mv),Ch: 2 - Millivolts Avg : Avg (mv),Ch: 2 - Millivolts Std Dev : Std Dev (mv),Ch: 3 - pH   (pH),Ch: 3 - pH Max : Max (pH),Ch: 3 - pH Min : Min (pH),Ch: 3 - pH Avg : Avg (pH),Ch: 3 - pH Std Dev : Std Dev (pH),Button Down,Host Connected,Button Up,Start pH Calibration,pH Calibration Values,pH Calibration Buffers,End pH Calibration,End of File
1,04/20/2023 16:00:00,71.02,71.02,71.02,71.02,0.06,-206.33,-206.33,-206.33,-206.33,0.00,10.69,10.69,10.69,10.69,0.00,,,,,,,,
2,04/20/2023 16:15:00,76.73,76.73,75.60,76.24,0.88,-91.92,-91.92,-95.66,-93.42,1.97,8.36,8.44,8.36,8.39,0.04,,,,,,,,
3,04/20/2023 16:30:00,76.82,76.86,76.82,76.86,0.00,-90.35,-90.35,-90.86,-90.53,0.28,8.33,8.34,8.33,8.33,0.01,,,,,,,,
4,04/20/2023 16:45:00,76.68,76.82,76.68,76.77,0.09,-89.39,-89.30,-89.57,-89.42,0.13,8.31,8.31,8.31,8.31,0.00,,,,,,,,
5,04/20/2023 17:00:00,76.51,76.68,76.51,76.59,0.13,-88.58,-88.38,-88.63,-88.52,0.13,8.29,8.30,8.29,8.29,0.00,,,,,,,,
6,04/20/2023 17:15:00,76.42,76.51,76.42,76.51,0.08,-88.02,-87.82,-88.02,-87.96,0.11,8.28,8.28,8.28,8.28,0.00,,,,,,,,
7,04/20/2023 17:30:00,76.37,76.46,76.37,76.46,0.07,-87.52,-87.22,-87.52,-87.36,0.14,8.27,8.27,8.27,8.27,0.00,,,,,,,,
8,04/20/2023 17:45:00,76.33,76.42,76.33,76.42,0.11,-86.91,-86.64,-86.91,-86.78,0.13,8.26,8.26,8.26,8.26,0.00,,,,,,,,
9,04/20/2023 18:00:00,76.37,76.42,76.37,76.37,0.02,-86.39,-86.10,-86.39,-86.27,0.14,8.25,8.25,8.25,8.25,0.00,,,,,,,,
10,04/20/2023 18:15:00,76.46,76.46,76.42,76.42,0.11,-85.88,-85.61,-85.88,-85.75,0.13,8.24,8.24,8.24,8.24,0.00,,,,,,,,
11,04/20/2023 18:30:00,76.51,76.51,76.51,76.51,0.02,-85.30,-85.07,-85.30,-85.19,0.11,8.23,8.23,8.22,8.23,0.00,,,,,,,,
12,04/20/2023 18:45:00,76.55,76.59,76.55,76.55,0.04,-84.78,-84.50,-84.78,-84.66,0.14,8.22,8.22,8.21,8.22,0.00,,,,,,,,
13,04/20/2023 19:00:00,76.55,76.59,76.55,76.59,0.00,-84.24,-83.97,-84.24,-84.11,0.13,8.21,8.21,8.20,8.21,0.00,,,,,,,,
14,04/20/2023 19:15:00,76.55,76.59,76.55,76.59,0.00,-83.75,-83.47,-83.75,-83.60,0.14,8.20,8.20,8.19,8.19,0.00,,,,,,,,
15,04/20/2023 19:30:00,76.55,76.59,76.55,76.59,0.00,-83.27,-82.97,-83.27,-83.11,0.14,8.19,8.19,8.18,8.19,0.00,,,,,,,,
16,04/20/2023 19:45:00,76.55,76.59,76.55,76.59,0.00,-82.77,-82.46,-82.77,-82.61,0.16,8.18,8.18,8.17,8.18,0.00,,,,,,,,
17,04/20/2023 20:00:00,76.51,76.55,76.51,76.55,0.04,-82.32,-81.99,-82.32,-82.14,0.16,8.17,8.17,8.16,8.17,0.00,,,,,,,,
18,04/20/2023 20:15:00,76.46,76.51,76.46,76.51,0.02,-81.88,-81.58,-81.88,-81.72,0.14,8.16,8.16,8.15,8.16,0.00,,,,,,,,
19,04/20/2023 20:30:00,76.42,76.51,76.42,76.51,0.08,-81.49,-81.14,-81.49,-81.30,0.17,8.15,8.15,8.15,8.15,0.00,,,,,,,,
20,04/20/2023 20:45:00,76.37,76.46,76.37,76.46,0.07,-81.13,-80.78,-81.13,-80.94,0.17,8.15,8.15,8.14,8.14,0.00,,,,,,,,
21,04/20/2023 21:00:00,76.33,76.37,76.33,76.37,0.02,-80.80,-80.46,-80.80,-80.61,0.17,8.14,8.14,8.13,8.14,0.00,,,,,,,,
22,04/20/2023 21:15:00,76.24,76.33,76.24,76.33,0.13,-80.49,-80.13,-80.49,-80.30,0.17,8.13,8.13,8.13,8.13,0.00,,,,,,,,
23,04/20/2023 21:30:00,76.15,76.24,76.15,76.24,0.09,-80.21,-79.85,-80.21,-79.99,0.19,8.13,8.13,8.12,8.12,0.00,,,,,,,,
24,04/20/2023 21:45:00,76.03,76.15,76.03,76.12,0.08,-79.92,-79.56,-79.92,-79.71,0.19,8.12,8.12,8.11,8.12,0.00,,,,,,,,
25,04/20/2023 22:00:00,75.94,76.06,75.94,76.03,0.10,-79.67,-79.31,-79.67,-79.46,0.19,8.12,8.12,8.11,8.11,0.00,,,,,,,,
26,04/20/2023 22:15:00,75.85,75.94,75.85,75.94,0.06,-79.47,-79.08,-79.47,-79.24,0.20,8.11,8.11,8.11,8.11,0.00,,,,,,,,
27,04/20/2023 22:30:00,75.78,75.85,75.78,75.85,0.09,-79.28,-78.86,-79.28,-79.03,0.22,8.11,8.11,8.10,8.10,0.00,,,,,,,,
28,04/20/2023 22:45:00,75.69,75.78,75.69,75.78,0.09,-79.10,-78.69,-79.10,-78.85,0.22,8.11,8.11,8.10,8.10,0.00,,,,,,,,
29,04/20/2023 23:00:00,75.60,75.69,75.60,75.69,0.12,-78.92,-78.52,-78.92,-78.67,0.22,8.10,8.10,8.09,8.10,0.00,,,,,,,,
30,04/20/2023 23:15:00,75.51,75.60,75.51,75.60,0.08,-78.80,-78.41,-78.80,-78.55,0.20,8.10,8.10,8.09,8.10,0.00,,,,,,,,
31,04/20/2023 23:30:00,75.47,75.54,75.47,75.54,0.07,-78.67,-78.22,-78.67,-78.39,0.23,8.10,8.10,8.09,8.09,0.00,,,,,,,,
32,04/20/2023 23:45:00,75.38,75.47,75.38,75.47,0.08,-78.58,-78.16,-78.58,-78.30,0.23,8.10,8.10,8.09,8.09,0.00,,,,,,,,
33,04/21/2023 00:00:00,75.33,75.42,75.33,75.42,0.07,-78.47,-78.03,-78.47,-78.19,0.23,8.09,8.09,8.09,8.09,0.00,,,,,,,,
34,04/21/2023 00:15:00,75.29,75.33,75.29,75.33,0.03,-78.36,-77.92,-78.36,-78.08,0.23,8.09,8.09,8.08,8.09,0.00,,,,,,,,
35,04/21/2023 00:30:00,75.20,75.29,75.20,75.29,0.07,-78.33,-77.86,-78.33,-78.02,0.27,8.09,8.09,8.08,8.09,0.01,,,,,,,,
36,04/21/2023 00:45:00,75.20,75.25,75.20,75.25,0.04,-78.14,-77.72,-78.14,-77.89,0.22,8.09,8.09,8.08,8.08,0.00,,,,,,,,
37,04/21/2023 01:00:00,75.16,75.20,75.16,75.20,0.03,-78.08,-77.64,-78.08,-77.80,0.23,8.09,8.09,8.08,8.08,0.00,,,,,,,,
38,04/21/2023 01:15:00,75.16,75.20,75.16,75.20,0.03,-78.05,-77.61,-78.05,-77.77,0.23,8.09,8.09,8.08,8.08,0.01,,,,,,,,
39,04/21/2023 01:30:00,75.11,75.16,75.11,75.16,0.01,-77.99,-77.56,-77.99,-77.71,0.23,8.09,8.09,8.08,8.08,0.00,,,,,,,,
40,04/21/2023 01:45:00,75.07,75.16,75.07,75.16,0.07,-77.91,-77.47,-77.91,-77.63,0.23,8.08,8.08,8.07,8.08,0.01,,,,,,,,
41,04/21/2023 02:00:00,75.07,75.11,75.07,75.11,0.06,-77.85,-77.38,-77.85,-77.53,0.27,8.08,8.08,8.07,8.08,0.01,,,,,,,,
42,04/21/2023 02:15:00,75.04,75.11,75.04,75.11,0.12,-77.78,-77.30,-77.78,-77.47,0.27,8.08,8.08,8.07,8.07,0.01,,,,,,,,
43,04/21/2023 02:30:00,75.04,75.07,75.04,75.07,0.03,-77.71,-77.25,-77.71,-77.41,0.25,8.08,8.08,8.07,8.07,0.01,,,,,,,,
44,04/21/2023 02:45:00,74.98,75.04,74.98,75.04,0.00,-77.63,-77.19,-77.63,-77.35,0.23,8.08,8.08,8.07,8.07,0.01,,,,,,,,
45,04/21/2023 03:00:00,74.95,75.04,74.95,75.04,0.06,-77.56,-77.11,-77.56,-77.27,0.25,8.08,8.08,8.07,8.07,0.01,,,,,,,,
46,04/21/2023 03:15:00,74.89,74.98,74.89,74.98,0.12,-77.52,-77.05,-77.52,-77.21,0.27,8.08,8.08,8.07,8.07,0.01,,,,,,,,
47,04/21/2023 03:30:00,74.86,74.95,74.86,74.95,0.09,-77.47,-76.99,-77.47,-77.16,0.27,8.08,8.08,8.07,8.07,0.01,,,,,,,,
48,04/21/2023 03:45:00,74.82,74.89,74.82,74.89,0.09,-77.42,-76.94,-77.42,-77.11,0.27,8.07,8.07,8.06,8.07,0.01,,,,,,,,
49,04/21/2023 04:00:00,74.82,74.86,74.82,74.86,0.05,-77.35,-76.91,-77.35,-77.06,0.23,8.07,8.07,8.06,8.07,0.00,,,,,,,,
50,04/21/2023 04:15:00,74.77,74.82,74.77,74.82,0.09,-77.27,-76.85,-77.27,-76.99,0.23,8.07,8.07,8.06,8.07,0.00,,,,,,,,
51,04/21/2023 04:30:00,74.68,74.77,74.68,74.77,0.08,-77.22,-76.77,-77.22,-76.92,0.25,8.07,8.07,8.06,8.06,0.01,,,,,,,,
52,04/21/2023 04:45:00,74.64,74.73,74.64,74.73,0.12,-77.16,-76.69,-77.16,-76.86,0.25,8.07,8.07,8.06,8.06,0.01,,,,,,,,
53,04/21/2023 05:00:00,74.52,74.64,74.52,74.59,0.07,-77.08,-76.61,-77.08,-76.78,0.25,8.07,8.07,8.06,8.06,0.01,,,,,,,,
54,04/21/2023 05:15:00,74.37,74.52,74.37,74.46,0.08,-77.02,-76.56,-77.02,-76.72,0.25,8.07,8.07,8.06,8.06,0.01,,,,,,,,
55,04/21/2023 05:30:00,74.30,74.43,74.30,74.37,0.10,-77.00,-76.52,-77.00,-76.69,0.27,8.07,8.07,8.06,8.06,0.01,,,,,,,,
56,04/21/2023 05:45:00,74.16,74.30,74.16,74.25,0.10,-76.94,-76.49,-76.94,-76.64,0.25,8.07,8.07,8.06,8.06,0.01,,,,,,,,
57,04/21/2023 06:00:00,74.12,74.21,74.12,74.21,0.08,-76.92,-76.47,-76.92,-76.63,0.25,8.07,8.07,8.06,8.06,0.01,,,,,,,,
58,04/21/2023 06:15:00,74.03,74.16,74.03,74.12,0.11,-76.92,-76.44,-76.92,-76.61,0.27,8.07,8.07,8.06,8.06,0.01,,,,,,,,
59,04/21/2023 06:30:00,73.99,74.08,73.99,74.08,0.08,-76.97,-76.47,-76.97,-76.63,0.28,8.07,8.07,8.06,8.06,0.01,,,,,,,,
60,04/21/2023 06:45:00,74.03,74.08,74.03,74.08,0.02,-77.10,-76.55,-77.10,-76.74,0.30,8.07,8.07,8.06,8.06,0.01,,,,,,,,
61,04/21/2023 07:00:00,74.08,74.12,74.08,74.12,0.04,-77.22,-76.64,-77.22,-76.85,0.31,8.07,8.07,8.06,8.06,0.01,,,,,,,,
62,04/21/2023 07:15:00,74.12,74.12,74.08,74.12,0.04,-77.50,-76.86,-77.50,-77.08,0.36,8.08,8.08,8.06,8.07,0.01,,,,,,,,
63,04/21/2023 07:30:00,74.08,74.12,74.08,74.12,0.04,-77.80,-77.11,-77.80,-77.36,0.38,8.08,8.08,8.07,8.07,0.01,,,,,,,,
64,04/21/2023 07:45:00,74.12,74.16,74.12,74.16,0.00,-78.13,-77.44,-78.13,-77.71,0.36,8.09,8.09,8.08,8.08,0.01,,,,,,,,
65,04/21/2023 08:00:00,74.21,74.21,74.16,74.16,0.07,-78.63,-77.80,-78.63,-78.10,0.45,8.10,8.10,8.08,8.09,0.01,,,,,,,,
66,04/21/2023 08:15:00,74.34,74.34,74.30,74.30,0.11,-79.39,-78.38,-79.39,-78.80,0.52,8.12,8.12,8.09,8.10,0.01,,,,,,,,
67,04/21/2023 08:30:00,74.52,74.52,74.43,74.43,0.11,-80.22,-79.11,-80.22,-79.58,0.56,8.13,8.13,8.11,8.12,0.01,,,,,,,,
68,04/21/2023 08:45:00,74.68,74.68,74.59,74.64,0.08,-81.16,-80.06,-81.16,-80.52,0.56,8.15,8.15,8.13,8.14,0.01,,,,,,,,
69,04/21/2023 09:00:00,74.89,74.89,74.77,74.82,0.16,-82.10,-80.97,-82.10,-81.47,0.56,8.17,8.17,8.15,8.16,0.01,,,,,,,,
70,04/21/2023 09:15:00,75.11,75.11,74.98,75.04,0.06,-82.97,-81.92,-82.97,-82.36,0.55,8.19,8.19,8.16,8.17,0.01,,,,,,,,
71,04/21/2023 09:30:00,75.29,75.29,75.20,75.25,0.11,-83.94,-82.83,-83.94,-83.32,0.56,8.20,8.20,8.18,8.19,0.01,,,,,,,,
72,04/21/2023 09:45:00,75.51,75.51,75.38,75.42,0.07,-84.86,-83.75,-84.86,-84.22,0.56,8.22,8.22,8.20,8.21,0.01,,,,,,,,
73,04/21/2023 10:00:00,75.94,75.94,75.69,75.78,0.22,-86.02,-84.85,-86.02,-85.33,0.61,8.24,8.24,8.22,8.23,0.01,,,,,,,,
74,04/21/2023 10:15:00,76.21,76.28,76.12,76.21,0.18,-86.92,-85.92,-86.92,-86.35,0.52,8.26,8.26,8.24,8.25,0.01,,,,,,,,
75,04/21/2023 10:30:00,76.24,76.24,76.24,76.24,0.02,-87.72,-86.74,-87.72,-87.16,0.50,8.28,8.28,8.26,8.27,0.01,,,,,,,,
76,04/21/2023 10:45:00,76.46,76.46,76.33,76.37,0.09,-88.61,-87.53,-88.61,-87.99,0.55,8.30,8.30,8.27,8.28,0.01,,,,,,,,
77,04/21/2023 11:00:00,76.86,76.86,76.59,76.68,0.24,-89.42,-88.42,-89.42,-88.86,0.50,8.31,8.31,8.29,8.30,0.01,,,,,,,,
78,04/21/2023 11:15:00,77.04,77.04,76.86,76.95,0.17,-90.39,-89.21,-90.39,-89.69,0.63,8.33,8.33,8.31,8.32,0.01,,,,,,,,
79,04/21/2023 11:30:00,77.34,77.34,77.16,77.25,0.14,-91.25,-90.19,-91.25,-90.61,0.56,8.35,8.35,8.33,8.33,0.01,,,,,,,,
80,04/21/2023 11:45:00,77.77,77.77,77.41,77.59,0.28,-92.14,-91.02,-92.14,-91.47,0.59,8.36,8.36,8.34,8.35,0.01,,,,,,,,
81,04/21/2023 12:00:00,78.12,78.12,77.86,77.95,0.26,-92.77,-91.77,-92.77,-92.21,0.52,8.37,8.37,8.36,8.36,0.01,,,,,,,,
82,04/21/2023 12:15:00,78.48,78.48,78.21,78.30,0.26,-93.64,-92.53,-93.64,-93.00,0.56,8.39,8.39,8.37,8.38,0.01,,,,,,,,
83,04/21/2023 12:30:00,78.57,78.57,78.42,78.48,0.08,-94.03,-93.16,-94.03,-93.53,0.45,8.40,8.40,8.38,8.39,0.01,,,,,,,,
84,04/21/2023 12:45:00,78.87,78.87,78.51,78.69,0.29,-94.52,-93.75,-94.52,-94.05,0.41,8.41,8.41,8.39,8.40,0.01,,,,,,,,
85,04/21/2023 13:00:00,78.94,79.09,78.94,79.03,0.09,-94.89,-94.24,-94.89,-94.46,0.36,8.42,8.42,8.40,8.41,0.01,,,,,,,,
86,04/21/2023 13:15:00,79.00,79.09,79.00,79.03,0.09,-94.89,-94.42,-94.89,-94.61,0.23,8.41,8.41,8.41,8.41,0.00,,,,,,,,
87,04/21/2023 13:30:00,79.00,79.21,79.00,79.12,0.21,-94.94,-94.53,-94.94,-94.69,0.20,8.42,8.42,8.41,8.41,0.00,,,,,,,,
88,04/21/2023 13:45:00,79.03,79.09,79.03,79.03,0.02,-95.05,-94.53,-95.05,-94.71,0.28,8.42,8.42,8.41,8.41,0.01,,,,,,,,
89,04/21/2023 14:00:00,79.00,79.03,79.00,79.03,0.02,-94.66,-94.27,-94.66,-94.47,0.19,8.41,8.41,8.40,8.41,0.00,,,,,,,,
90,04/21/2023 14:15:00,78.82,78.94,78.82,78.91,0.07,-94.27,-94.02,-94.27,-94.11,0.13,8.40,8.40,8.40,8.40,0.00,,,,,,,,
91,04/21/2023 14:30:00,78.60,78.82,78.60,78.73,0.18,-93.75,-93.58,-93.75,-93.69,0.08,8.39,8.39,8.39,8.39,0.00,,,,,,,,
92,04/21/2023 14:45:00,78.33,78.60,78.33,78.51,0.26,-93.22,-92.94,-93.22,-93.11,0.14,8.38,8.38,8.38,8.38,0.00,,,,,,,,
93,04/21/2023 15:00:00,78.17,78.33,78.17,78.26,0.16,-92.61,-92.33,-92.63,-92.52,0.16,8.37,8.37,8.37,8.37,0.00,,,,,,,,
94,04/21/2023 15:15:00,77.90,78.12,77.90,78.03,0.18,-91.92,-91.78,-91.96,-91.89,0.09,8.36,8.36,8.36,8.36,0.00,,,,,,,,
95,04/21/2023 15:30:00,77.72,77.86,77.72,77.81,0.13,-91.52,-91.25,-91.52,-91.36,0.13,8.35,8.35,8.35,8.35,0.00,,,,,,,,
96,04/21/2023 15:45:00,77.50,77.68,77.50,77.59,0.14,-90.89,-90.64,-90.89,-90.78,0.13,8.34,8.34,8.33,8.34,0.00,,,,,,,,
97,04/21/2023 16:00:00,77.34,77.47,77.34,77.41,0.12,-90.33,-90.08,-90.33,-90.22,0.13,8.33,8.33,8.32,8.33,0.00,,,,,,,,
98,04/21/2023 16:15:00,77.11,77.29,77.11,77.20,0.19,-89.67,-89.50,-89.80,-89.66,0.14,8.32,8.32,8.31,8.31,0.00,,,,,,,,
99,04/21/2023 16:30:00,76.98,77.11,76.98,77.07,0.12,-89.32,-88.96,-89.32,-89.11,0.17,8.31,8.31,8.30,8.30,0.00,,,,,,,,
100,04/21/2023 16:45:00,76.77,76.95,76.77,76.89,0.17,-88.75,-88.52,-88.75,-88.66,0.13,8.30,8.30,8.29,8.30,0.00,,,,,,,,
101,04/21/2023 17:00:00,76.59,76.73,76.59,76.68,0.11,-88.22,-88.11,-88.22,-88.16,0.05,8.29,8.29,8.29,8.29,0.00,,,,,,,,
102,04/21/2023 17:15:00,76.51,76.59,76.51,76.59,0.07,-87.82,-87.52,-87.82,-87.67,0.14,8.28,8.28,8.27,8.28,0.00,,,,,,,,
103,04/21/2023 17:30:00,76.46,76.51,76.46,76.51,0.02,-87.38,-87.10,-87.38,-87.22,0.14,8.27,8.27,8.27,8.27,0.00,,,,,,,,
104,04/21/2023 17:45:00,76.42,76.51,76.42,76.51,0.08,-86.94,-86.66,-86.94,-86.77,0.14,8.26,8.26,8.26,8.26,0.00,,,,,,,,
105,04/21/2023 18:00:00,76.42,76.46,76.42,76.42,0.04,-86.41,-86.27,-86.41,-86.33,0.06,8.25,8.25,8.25,8.25,0.00,,,,,,,,
106,04/21/2023 18:15:00,76.51,76.51,76.51,76.51,0.02,-85.78,-85.61,-85.82,-85.74,0.11,8.24,8.24,8.24,8.24,0.00,,,,,,,,
107,04/21/2023 18:30:00,76.55,76.59,76.55,76.55,0.04,-85.44,-85.14,-85.44,-85.28,0.14,8.23,8.23,8.23,8.23,0.00,,,,,,,,
108,04/21/2023 18:45:00,76.59,76.64,76.59,76.59,0.00,-84.92,-84.63,-84.92,-84.78,0.14,8.22,8.22,8.22,8.22,0.00,,,,,,,,
109,04/21/2023 19:00:00,76.64,76.64,76.64,76.64,0.02,-84.42,-84.13,-84.42,-84.28,0.14,8.21,8.21,8.21,8.21,0.00,,,,,,,,
110,04/21/2023 19:15:00,76.64,76.68,76.64,76.68,0.04,-83.91,-83.64,-83.91,-83.78,0.13,8.20,8.20,8.20,8.20,0.00,,,,,,,,
111,04/21/2023 19:30:00,76.64,76.68,76.64,76.68,0.04,-83.47,-83.14,-83.47,-83.32,0.16,8.19,8.19,8.19,8.19,0.00,,,,,,,,
112,04/21/2023 19:45:00,76.59,76.68,76.59,76.68,0.11,-83.00,-82.71,-83.00,-82.85,0.14,8.18,8.18,8.18,8.18,0.00,,,,,,,,
113,04/21/2023 20:00:00,76.55,76.64,76.55,76.64,0.08,-82.60,-82.30,-82.60,-82.44,0.14,8.17,8.17,8.17,8.17,0.00,,,,,,,,
114,04/21/2023 20:15:00,76.55,76.59,76.55,76.59,0.00,-82.19,-81.88,-82.19,-82.02,0.16,8.17,8.17,8.16,8.16,0.00,,,,,,,,
115,04/21/2023 20:30:00,76.51,76.55,76.51,76.55,0.04,-81.83,-81.49,-81.83,-81.63,0.17,8.16,8.16,8.15,8.16,0.00,,,,,,,,
116,04/21/2023 20:45:00,76.46,76.55,76.46,76.55,0.11,-81.49,-81.16,-81.49,-81.30,0.16,8.15,8.15,8.15,8.15,0.00,,,,,,,,
117,04/21/2023 21:00:00,76.42,76.51,76.42,76.51,0.08,-81.21,-80.83,-81.21,-80.99,0.19,8.15,8.15,8.14,8.14,0.00,,,,,,,,
118,04/21/2023 21:15:00,76.33,76.42,76.33,76.42,0.11,-80.92,-80.56,-80.92,-80.71,0.19,8.14,8.14,8.13,8.14,0.00,,,,,,,,
119,04/21/2023 21:30:00,76.28,76.37,76.28,76.37,0.09,-80.71,-80.30,-80.71,-80.46,0.20,8.14,8.14,8.13,8.13,0.00,,,,,,,,
120,04/21/2023 21:45:00,76.21,76.28,76.21,76.28,0.11,-80.46,-80.08,-80.46,-80.24,0.19,8.13,8.13,8.12,8.13,0.00,,,,,,,,
121,04/21/2023 22:00:00,76.12,76.21,76.12,76.21,0.12,-80.30,-79.88,-80.30,-80.05,0.22,8.13,8.13,8.12,8.12,0.00,,,,,,,,
122,04/21/2023 22:15:00,76.03,76.12,76.03,76.12,0.08,-80.13,-79.67,-80.13,-79.85,0.23,8.13,8.13,8.12,8.12,0.00,,,,,,,,
123,04/21/2023 22:30:00,75.94,76.03,75.94,76.03,0.10,-79.94,-79.53,-79.94,-79.69,0.20,8.12,8.12,8.11,8.12,0.00,,,,,,,,
124,04/21/2023 22:45:00,75.90,75.99,75.90,75.99,0.08,-79.83,-79.41,-79.83,-79.56,0.22,8.12,8.12,8.11,8.12,0.00,,,,,,,,
125,04/21/2023 23:00:00,75.85,75.90,75.85,75.90,0.04,-79.71,-79.30,-79.71,-79.44,0.22,8.12,8.12,8.11,8.11,0.00,,,,,,,,
126,04/21/2023 23:15:00,75.81,75.85,75.81,75.85,0.02,-79.63,-79.21,-79.63,-79.35,0.23,8.12,8.12,8.11,8.11,0.00,,,,,,,,
127,04/21/2023 23:30:00,75.78,75.81,75.78,75.81,0.06,-79.55,-79.10,-79.55,-79.27,0.23,8.12,8.12,8.11,8.11,0.01,,,,,,,,
128,04/21/2023 23:45:00,75.72,75.81,75.72,75.81,0.13,-79.44,-78.99,-79.44,-79.16,0.23,8.11,8.11,8.10,8.11,0.01,,,,,,,,
129,04/22/2023 00:00:00,75.72,75.78,75.72,75.78,0.09,-79.35,-78.94,-79.35,-79.08,0.22,8.11,8.11,8.10,8.11,0.00,,,,,,,,
130,04/22/2023 00:15:00,75.69,75.72,75.69,75.72,0.02,-79.25,-78.85,-79.25,-79.00,0.20,8.11,8.11,8.10,8.10,0.00,,,,,,,,
131,04/22/2023 00:30:00,75.63,75.69,75.63,75.69,0.05,-79.16,-78.74,-79.16,-78.88,0.23,8.11,8.11,8.10,8.10,0.00,,,,,,,,
132,04/22/2023 00:45:00,75.63,75.69,75.63,75.69,0.05,-79.05,-78.63,-79.05,-78.78,0.22,8.11,8.11,8.10,8.10,0.00,,,,,,,,
133,04/22/2023 01:00:00,75.60,75.63,75.60,75.63,0.05,-78.99,-78.53,-78.99,-78.69,0.25,8.10,8.10,8.10,8.10,0.01,,,,,,,,
134,04/22/2023 01:15:00,75.60,75.63,75.60,75.63,0.05,-78.91,-78.46,-78.91,-78.60,0.27,8.10,8.10,8.09,8.10,0.01,,,,,,,,
135,04/22/2023 01:30:00,75.60,75.63,75.60,75.63,0.05,-78.86,-78.42,-78.86,-78.56,0.25,8.10,8.10,8.09,8.10,0.01,,,,,,,,
136,04/22/2023 01:45:00,75.54,75.63,75.54,75.63,0.11,-78.81,-78.35,-78.81,-78.50,0.27,8.10,8.10,8.09,8.09,0.01,,,,,,,,
137,04/22/2023 02:00:00,75.54,75.60,75.54,75.60,0.01,-78.75,-78.30,-78.75,-78.46,0.25,8.10,8.10,8.09,8.09,0.01,,,,,,,,
138,04/22/2023 02:15:00,75.51,75.60,75.51,75.60,0.08,-78.69,-78.22,-78.69,-78.38,0.27,8.10,8.10,8.09,8.09,0.01,,,,,,,,
139,04/22/2023 02:30:00,75.51,75.54,75.51,75.54,0.01,-78.61,-78.16,-78.61,-78.31,0.25,8.10,8.10,8.09,8.09,0.01,,,,,,,,
140,04/22/2023 02:45:00,75.47,75.51,75.47,75.51,0.04,-78.56,-78.11,-78.56,-78.27,0.25,8.10,8.10,8.09,8.09,0.01,,,,,,,,
141,04/22/2023 03:00:00,75.42,75.51,75.42,75.51,0.10,-78.50,-78.06,-78.50,-78.22,0.23,8.09,8.09,8.09,8.09,0.01,,,,,,,,
142,04/22/2023 03:15:00,75.38,75.47,75.38,75.47,0.08,-78.47,-78.02,-78.47,-78.16,0.27,8.09,8.09,8.09,8.09,0.01,,,,,,,,
143,04/22/2023 03:30:00,75.33,75.42,75.33,75.42,0.07,-78.42,-77.96,-78.42,-78.11,0.27,8.09,8.09,8.08,8.09,0.01,,,,,,,,
144,04/22/2023 03:45:00,75.33,75.38,75.33,75.38,0.04,-78.38,-77.91,-78.38,-78.06,0.27,8.09,8.09,8.08,8.09,0.01,,,,,,,,
145,04/22/2023 04:00:00,75.29,75.33,75.29,75.33,0.03,-78.31,-77.88,-78.31,-78.02,0.25,8.09,8.09,8.08,8.09,0.01,,,,,,,,
146,04/22/2023 04:15:00,75.25,75.33,75.25,75.33,0.09,-78.27,-77.78,-78.27,-77.97,0.25,8.09,8.09,8.08,8.08,0.01,,,,,,,,
147,04/22/2023 04:30:00,75.25,75.29,75.25,75.29,0.00,-78.22,-77.78,-78.22,-77.94,0.23,8.09,8.09,8.08,8.08,0.01,,,,,,,,
148,04/22/2023 04:45:00,75.20,75.25,75.20,75.25,0.04,-78.21,-77.75,-78.21,-77.91,0.25,8.09,8.09,8.08,8.08,0.01,,,,,,,,
149,04/22/2023 05:00:00,75.20,75.20,75.20,75.20,0.03,-78.21,-77.71,-78.21,-77.88,0.28,8.09,8.09,8.08,8.08,0.01,,,,,,,,
150,04/22/2023 05:15:00,75.16,75.20,75.16,75.20,0.03,-78.17,-77.69,-78.17,-77.86,0.27,8.09,8.09,8.08,8.08,0.01,,,,,,,,
151,04/22/2023 05:30:00,75.11,75.16,75.11,75.16,0.01,-78.13,-77.67,-78.13,-77.83,0.25,8.09,8.09,8.08,8.08,0.01,,,,,,,,
152,04/22/2023 05:45:00,75.07,75.11,75.07,75.11,0.06,-78.08,-77.61,-78.08,-77.77,0.27,8.09,8.09,8.08,8.08,0.01,,,,,,,,
153,04/22/2023 06:00:00,75.07,75.11,75.07,75.11,0.06,-78.08,-77.58,-78.08,-77.74,0.28,8.09,8.09,8.08,8.08,0.01,,,,,,,,
154,04/22/2023 06:15:00,75.07,75.11,75.07,75.11,0.06,-78.06,-77.58,-78.06,-77.74,0.28,8.09,8.09,8.08,8.08,0.01,,,,,,,,
155,04/22/2023 06:30:00,75.07,75.11,75.07,75.11,0.06,-78.10,-77.58,-78.10,-77.75,0.30,8.09,8.09,8.08,8.08,0.01,,,,,,,,
156,04/22/2023 06:45:00,75.07,75.11,75.07,75.11,0.06,-78.17,-77.64,-78.17,-77.83,0.30,8.09,8.09,8.08,8.08,0.01,,,,,,,,
157,04/22/2023 07:00:00,75.07,75.11,75.07,75.11,0.06,-78.33,-77.75,-78.33,-77.96,0.31,8.09,8.09,8.08,8.08,0.01,,,,,,,,
158,04/22/2023 07:15:00,75.04,75.07,75.04,75.07,0.03,-78.55,-77.91,-78.55,-78.14,0.34,8.10,8.10,8.08,8.09,0.01,,,,,,,,
159,04/22/2023 07:30:00,75.04,75.07,75.04,75.07,0.10,-78.85,-78.16,-78.85,-78.41,0.38,8.10,8.10,8.09,8.09,0.01,,,,,,,,
160,04/22/2023 07:45:00,75.04,75.07,75.04,75.07,0.03,-79.05,-78.46,-79.05,-78.67,0.31,8.11,8.11,8.09,8.10,0.01,,,,,,,,
161,04/22/2023 08:00:00,75.07,75.07,75.07,75.07,0.03,-79.47,-78.67,-79.47,-78.97,0.42,8.12,8.12,8.10,8.11,0.01,,,,,,,,
162,04/22/2023 08:15:00,75.16,75.16,75.11,75.11,0.12,-80.17,-79.22,-80.17,-79.61,0.48,8.13,8.13,8.11,8.12,0.01,,,,,,,,
163,04/22/2023 08:30:00,75.29,75.29,75.25,75.25,0.11,-80.97,-79.96,-80.97,-80.38,0.52,8.14,8.14,8.12,8.13,0.01,,,,,,,,
164,04/22/2023 08:45:00,75.47,75.47,75.38,75.38,0.11,-81.81,-80.78,-81.81,-81.22,0.53,8.16,8.16,8.14,8.15,0.01,,,,,,,,
165,04/22/2023 09:00:00,75.60,75.60,75.54,75.54,0.07,-82.69,-81.64,-82.69,-82.08,0.53,8.18,8.18,8.16,8.17,0.01,,,,,,,,
166,04/22/2023 09:15:00,75.72,75.78,75.69,75.72,0.09,-83.52,-82.50,-83.52,-82.94,0.52,8.20,8.20,8.17,8.18,0.01,,,,,,,,
167,04/22/2023 09:30:00,75.90,75.90,75.85,75.85,0.09,-84.46,-83.41,-84.46,-83.83,0.55,8.21,8.21,8.19,8.20,0.01,,,,,,,,
168,04/22/2023 09:45:00,76.12,76.12,76.03,76.03,0.10,-85.41,-84.28,-85.41,-84.75,0.58,8.23,8.23,8.21,8.22,0.01,,,,,,,,
169,04/22/2023 10:00:00,76.51,76.51,76.24,76.42,0.24,-86.69,-85.47,-86.69,-86.02,0.61,8.26,8.26,8.23,8.24,0.01,,,,,,,,
170,04/22/2023 10:15:00,76.77,76.89,76.68,76.77,0.15,-87.49,-86.74,-87.49,-87.07,0.38,8.27,8.27,8.26,8.26,0.01,,,,,,,,
171,04/22/2023 10:30:00,76.82,76.82,76.77,76.77,0.09,-88.28,-87.25,-88.28,-87.69,0.53,8.29,8.29,8.27,8.28,0.01,,,,,,,,
172,04/22/2023 10:45:00,77.04,77.04,76.95,76.95,0.11,-89.14,-88.11,-89.14,-88.55,0.53,8.30,8.30,8.28,8.29,0.01,,,,,,,,
173,04/22/2023 11:00:00,77.34,77.34,77.16,77.25,0.14,-90.08,-88.97,-90.08,-89.49,0.56,8.32,8.32,8.30,8.31,0.01,,,,,,,,
174,04/22/2023 11:15:00,77.59,77.59,77.41,77.50,0.16,-90.89,-89.82,-90.89,-90.25,0.56,8.34,8.34,8.32,8.33,0.01,,,,,,,,
175,04/22/2023 11:30:00,77.86,77.86,77.72,77.77,0.10,-91.72,-90.82,-91.72,-91.16,0.48,8.35,8.35,8.34,8.34,0.01,,,,,,,,
176,04/22/2023 11:45:00,78.30,78.30,77.99,78.12,0.23,-92.66,-91.52,-92.66,-91.97,0.59,8.37,8.37,8.35,8.36,0.01,,,,,,,,
177,04/22/2023 12:00:00,78.57,78.57,78.33,78.48,0.22,-93.36,-92.38,-93.36,-92.85,0.50,8.39,8.39,8.37,8.38,0.01,,,,,,,,
178,04/22/2023 12:15:00,78.82,78.82,78.69,78.73,0.11,-93.96,-93.05,-93.96,-93.46,0.45,8.40,8.40,8.38,8.39,0.01,,,,,,,,
179,04/22/2023 12:30:00,78.94,78.94,78.82,78.87,0.11,-94.49,-93.60,-94.49,-93.99,0.45,8.41,8.41,8.39,8.40,0.01,,,,,,,,
180,04/22/2023 12:45:00,79.30,79.30,78.94,79.09,0.31,-95.00,-94.10,-95.00,-94.49,0.45,8.42,8.42,8.40,8.41,0.01,,,,,,,,
181,04/22/2023 13:00:00,79.39,79.52,79.39,79.48,0.14,-95.13,-94.47,-95.13,-94.74,0.34,8.42,8.42,8.41,8.41,0.01,,,,,,,,
182,04/22/2023 13:15:00,79.48,79.52,79.48,79.52,0.03,-95.14,-94.69,-95.14,-94.86,0.23,8.42,8.42,8.41,8.41,0.00,,,,,,,,
183,04/22/2023 13:30:00,79.48,79.70,79.48,79.66,0.25,-94.97,-94.83,-94.97,-94.88,0.08,8.42,8.42,8.41,8.41,0.00,,,,,,,,
184,04/22/2023 13:45:00,79.34,79.43,79.34,79.43,0.12,-94.94,-94.53,-94.94,-94.67,0.22,8.41,8.41,8.41,8.41,0.00,,,,,,,,
185,04/22/2023 14:00:00,79.21,79.39,79.21,79.30,0.17,-94.69,-94.49,-94.69,-94.55,0.11,8.41,8.41,8.41,8.41,0.00,,,,,,,,
186,04/22/2023 14:15:00,79.00,79.18,79.00,79.09,0.17,-94.33,-93.99,-94.33,-94.14,0.17,8.40,8.40,8.40,8.40,0.00,,,,,,,,
187,04/22/2023 14:30:00,78.78,78.91,78.78,78.87,0.11,-94.00,-93.58,-94.00,-93.72,0.23,8.40,8.40,8.39,8.39,0.00,,,,,,,,
188,04/22/2023 14:45:00,78.57,78.73,78.57,78.64,0.20,-93.27,-92.94,-93.27,-93.11,0.16,8.38,8.38,8.38,8.38,0.00,,,,,,,,
189,04/22/2023 15:00:00,78.33,78.51,78.33,78.48,0.15,-92.69,-92.47,-92.69,-92.57,0.11,8.37,8.37,8.37,8.37,0.00,,,,,,,,
190,04/22/2023 15:15:00,78.12,78.30,78.12,78.21,0.14,-92.07,-91.72,-92.07,-91.94,0.19,8.36,8.36,8.35,8.36,0.00,,,,,,,,
191,04/22/2023 15:30:00,77.86,78.03,77.86,77.99,0.15,-91.33,-91.19,-91.35,-91.28,0.08,8.35,8.35,8.34,8.35,0.00,,,,,,,,
192,04/22/2023 15:45:00,77.68,77.86,77.68,77.81,0.19,-90.83,-90.46,-90.83,-90.67,0.19,8.34,8.34,8.33,8.33,0.00,,,,,,,,
193,04/22/2023 16:00:00,77.50,77.65,77.50,77.59,0.07,-90.17,-89.96,-90.17,-90.08,0.11,8.32,8.32,8.32,8.32,0.00,,,,,,,,
194,04/22/2023 16:15:00,77.34,77.47,77.34,77.41,0.12,-89.74,-89.47,-89.74,-89.61,0.13,8.32,8.32,8.31,8.31,0.00,,,,,,,,
195,04/22/2023 16:30:00,77.16,77.29,77.16,77.25,0.07,-89.28,-88.97,-89.28,-89.16,0.16,8.31,8.31,8.30,8.30,0.00,,,,,,,,
196,04/22/2023 16:45:00,76.95,77.11,76.95,77.04,0.15,-88.74,-88.41,-88.74,-88.61,0.17,8.30,8.30,8.29,8.29,0.00,,,,,,,,
197,04/22/2023 17:00:00,76.82,76.95,76.82,76.89,0.10,-88.30,-87.97,-88.30,-88.14,0.16,8.29,8.29,8.28,8.29,0.00,,,,,,,,
198,04/22/2023 17:15:00,76.68,76.77,76.68,76.77,0.09,-87.82,-87.52,-87.82,-87.66,0.14,8.28,8.28,8.27,8.28,0.00,,,,,,,,
199,04/22/2023 17:30:00,76.68,76.73,76.68,76.73,0.06,-87.33,-87.07,-87.33,-87.19,0.13,8.27,8.27,8.26,8.27,0.00,,,,,,,,
200,04/22/2023 17:45:00,76.59,76.68,76.59,76.68,0.11,-86.86,-86.60,-86.86,-86.74,0.13,8.26,8.26,8.25,8.26,0.00,,,,,,,,
201,04/22/2023 18:00:00,76.64,76.64,76.64,76.64,0.02,-86.36,-86.17,-86.36,-86.28,0.09,8.25,8.25,8.25,8.25,0.00,,,,,,,,
202,04/22/2023 18:15:00,76.68,76.68,76.68,76.68,0.04,-85.85,-85.57,-85.85,-85.71,0.14,8.24,8.24,8.23,8.24,0.00,,,,,,,,
203,04/22/2023 18:30:00,76.73,76.73,76.73,76.73,0.06,-85.35,-85.07,-85.35,-85.22,0.14,8.23,8.23,8.22,8.23,0.00,,,,,,,,
204,04/22/2023 18:45:00,76.77,76.77,76.77,76.77,0.02,-84.86,-84.58,-84.86,-84.71,0.14,8.22,8.22,8.21,8.22,0.00,,,,,,,,
205,04/22/2023 19:00:00,76.77,76.82,76.77,76.77,0.02,-84.33,-84.05,-84.33,-84.19,0.14,8.21,8.21,8.20,8.21,0.00,,,,,,,,
206,04/22/2023 19:15:00,76.77,76.82,76.77,76.82,0.04,-83.82,-83.57,-83.82,-83.69,0.13,8.20,8.20,8.19,8.20,0.00,,,,,,,,
207,04/22/2023 19:30:00,76.77,76.82,76.77,76.82,0.04,-83.36,-83.05,-83.36,-83.21,0.16,8.19,8.19,8.18,8.19,0.00,,,,,,,,
208,04/22/2023 19:45:00,76.77,76.82,76.77,76.82,0.04,-82.86,-82.55,-82.86,-82.71,0.16,8.18,8.18,8.17,8.18,0.00,,,,,,,,
209,04/22/2023 20:00:00,76.77,76.82,76.77,76.82,0.04,-82.46,-82.14,-82.46,-82.28,0.16,8.17,8.17,8.17,8.17,0.00,,,,,,,,
210,04/22/2023 20:15:00,76.77,76.82,76.77,76.82,0.10,-82.02,-81.71,-82.02,-81.86,0.14,8.16,8.16,8.16,8.16,0.00,,,,,,,,
211,04/22/2023 20:30:00,76.73,76.77,76.73,76.77,0.02,-81.63,-81.30,-81.63,-81.46,0.16,8.15,8.15,8.15,8.15,0.00,,,,,,,,
212,04/22/2023 20:45:00,76.68,76.77,76.68,76.77,0.09,-81.30,-80.96,-81.30,-81.11,0.17,8.15,8.15,8.14,8.14,0.00,,,,,,,,
213,04/22/2023 21:00:00,76.59,76.68,76.59,76.68,0.11,-81.00,-80.61,-81.00,-80.78,0.19,8.14,8.14,8.13,8.14,0.00,,,,,,,,
214,04/22/2023 21:15:00,76.55,76.64,76.55,76.64,0.08,-80.71,-80.33,-80.71,-80.49,0.19,8.14,8.14,8.13,8.13,0.00,,,,,,,,
215,04/22/2023 21:30:00,76.51,76.55,76.51,76.55,0.04,-80.46,-80.10,-80.46,-80.24,0.19,8.13,8.13,8.12,8.13,0.00,,,,,,,,
216,04/22/2023 21:45:00,76.42,76.51,76.42,76.51,0.08,-80.24,-79.85,-80.24,-80.00,0.20,8.13,8.13,8.12,8.12,0.00,,,,,,,,
217,04/22/2023 22:00:00,76.33,76.42,76.33,76.42,0.11,-80.05,-79.67,-80.05,-79.81,0.19,8.12,8.12,8.12,8.12,0.00,,,,,,,,
218,04/22/2023 22:15:00,76.28,76.33,76.28,76.33,0.06,-79.85,-79.46,-79.85,-79.61,0.20,8.12,8.12,8.11,8.12,0.00,,,,,,,,
219,04/22/2023 22:30:00,76.21,76.28,76.21,76.28,0.11,-79.72,-79.30,-79.72,-79.46,0.22,8.12,8.12,8.11,8.11,0.00,,,,,,,,
220,04/22/2023 22:45:00,76.15,76.24,76.15,76.24,0.09,-79.56,-79.14,-79.56,-79.31,0.22,8.11,8.11,8.11,8.11,0.00,,,,,,,,
221,04/22/2023 23:00:00,76.12,76.15,76.12,76.15,0.05,-79.44,-79.02,-79.44,-79.17,0.22,8.11,8.11,8.10,8.11,0.00,,,,,,,,
222,04/22/2023 23:15:00,76.06,76.12,76.06,76.12,0.01,-79.30,-78.89,-79.30,-79.05,0.20,8.11,8.11,8.10,8.10,0.00,,,,,,,,
223,04/22/2023 23:30:00,76.03,76.06,76.03,76.06,0.01,-79.21,-78.77,-79.21,-78.92,0.23,8.11,8.11,8.10,8.10,0.00,,,,,,,,
224,04/22/2023 23:45:00,75.99,76.06,75.99,76.06,0.07,-79.10,-78.67,-79.10,-78.81,0.23,8.11,8.11,8.10,8.10,0.00,,,,,,,,
225,04/23/2023 00:00:00,75.99,76.03,75.99,76.03,0.04,-78.97,-78.55,-78.97,-78.69,0.23,8.10,8.10,8.09,8.10,0.00,,,,,,,,
226,04/23/2023 00:15:00,76.03,76.03,76.03,76.03,0.04,-78.89,-78.47,-78.89,-78.63,0.22,8.10,8.10,8.09,8.10,0.00,,,,,,,,
227,04/23/2023 00:30:00,75.99,76.03,75.99,76.03,0.04,-78.80,-78.35,-78.80,-78.52,0.23,8.10,8.10,8.09,8.09,0.01,,,,,,,,
228,04/23/2023 00:45:00,75.99,76.03,75.99,76.03,0.04,-78.69,-78.27,-78.69,-78.41,0.23,8.10,8.10,8.09,8.09,0.00,,,,,,,,
229,04/23/2023 01:00:00,75.94,76.03,75.94,76.03,0.10,-78.58,-78.14,-78.58,-78.30,0.23,8.10,8.10,8.09,8.09,0.00,,,,,,,,
230,04/23/2023 01:15:00,75.94,75.99,75.94,75.99,0.01,-78.49,-78.02,-78.49,-78.17,0.27,8.09,8.09,8.08,8.09,0.01,,,,,,,,
231,04/23/2023 01:30:00,75.90,75.94,75.90,75.94,0.00,-78.36,-77.91,-78.36,-78.08,0.23,8.09,8.09,8.08,8.09,0.00,,,,,,,,
232,04/23/2023 01:45:00,75.85,75.90,75.85,75.90,0.04,-78.25,-77.83,-78.25,-77.97,0.23,8.09,8.09,8.08,8.08,0.00,,,,,,,,
233,04/23/2023 02:00:00,75.81,75.85,75.81,75.85,0.02,-78.19,-77.74,-78.19,-77.91,0.23,8.09,8.09,8.08,8.08,0.00,,,,,,,,
234,04/23/2023 02:15:00,75.78,75.81,75.78,75.81,0.06,-78.13,-77.64,-78.13,-77.81,0.27,8.09,8.09,8.08,8.08,0.01,,,,,,,,
235,04/23/2023 02:30:00,75.72,75.81,75.72,75.81,0.13,-78.08,-77.63,-78.08,-77.77,0.27,8.09,8.09,8.08,8.08,0.01,,,,,,,,
236,04/23/2023 02:45:00,75.63,75.72,75.63,75.72,0.09,-78.05,-77.56,-78.05,-77.74,0.27,8.09,8.09,8.08,8.08,0.01,,,,,,,,
237,04/23/2023 03:00:00,75.60,75.69,75.60,75.69,0.12,-77.97,-77.50,-77.97,-77.66,0.27,8.08,8.08,8.07,8.08,0.01,,,,,,,,
238,04/23/2023 03:15:00,75.60,75.63,75.60,75.63,0.05,-77.92,-77.42,-77.92,-77.61,0.27,8.08,8.08,8.07,8.08,0.01,,,,,,,,
239,04/23/2023 03:30:00,75.54,75.60,75.54,75.60,0.01,-77.89,-77.44,-77.89,-77.60,0.25,8.08,8.08,8.07,8.08,0.01,,,,,,,,
240,04/23/2023 03:45:00,75.54,75.60,75.54,75.60,0.01,-77.91,-77.38,-77.91,-77.56,0.30,8.08,8.08,8.07,8.08,0.01,,,,,,,,
241,04/23/2023 04:00:00,75.51,75.54,75.51,75.54,0.01,-77.81,-77.35,-77.81,-77.52,0.25,8.08,8.08,8.07,8.07,0.01,,,,,,,,
242,04/23/2023 04:15:00,75.51,75.54,75.51,75.54,0.01,-77.71,-77.27,-77.71,-77.44,0.22,8.08,8.08,8.07,8.07,0.00,,,,,,,,
243,04/23/2023 04:30:00,75.51,75.54,75.51,75.54,0.01,-77.64,-77.17,-77.64,-77.35,0.25,8.08,8.08,8.07,8.07,0.01,,,,,,,,
244,04/23/2023 04:45:00,75.51,75.54,75.51,75.54,0.01,-77.42,-76.94,-77.42,-77.14,0.25,8.07,8.07,8.06,8.07,0.01,,,,,,,,
245,04/23/2023 05:00:00,75.51,75.54,75.51,75.54,0.01,-77.03,-76.46,-77.03,-76.78,0.30,8.07,8.07,8.05,8.06,0.01,,,,,,,,
246,04/23/2023 05:15:00,75.47,75.51,75.47,75.51,0.04,-77.17,-76.64,-77.17,-76.83,0.30,8.07,8.07,8.06,8.06,0.01,,,,,,,,
247,04/23/2023 05:30:00,75.47,75.47,75.47,75.47,0.02,-77.24,-76.74,-77.24,-76.91,0.28,8.07,8.07,8.06,8.06,0.01,,,,,,,,
248,04/23/2023 05:45:00,75.42,75.47,75.42,75.47,0.02,-77.27,-76.75,-77.27,-76.92,0.30,8.07,8.07,8.06,8.06,0.01,,,,,,,,
249,04/23/2023 06:00:00,75.38,75.42,75.38,75.42,0.00,-77.22,-76.74,-77.22,-76.91,0.27,8.07,8.07,8.06,8.06,0.01,,,,,,,,
250,04/23/2023 06:15:00,75.38,75.42,75.38,75.42,0.00,-77.24,-76.75,-77.24,-76.91,0.28,8.07,8.07,8.06,8.06,0.01,,,,,,,,
251,04/23/2023 06:30:00,75.33,75.42,75.33,75.42,0.07,-77.30,-76.75,-77.30,-76.94,0.30,8.07,8.07,8.06,8.06,0.01,,,,,,,,
252,04/23/2023 06:45:00,75.38,75.38,75.38,75.38,0.04,-77.36,-76.85,-77.36,-77.02,0.28,8.07,8.07,8.06,8.07,0.01,,,,,,,,
253,04/23/2023 07:00:00,75.33,75.38,75.33,75.38,0.04,-77.50,-76.97,-77.50,-77.14,0.30,8.07,8.08,8.06,8.07,0.01,,,,,,,,
254,04/23/2023 07:15:00,75.29,75.33,75.29,75.33,0.03,-77.71,-77.11,-77.71,-77.30,0.34,8.08,8.08,8.07,8.07,0.01,,,,,,,,
255,04/23/2023 07:30:00,75.25,75.29,75.25,75.29,0.00,-78.02,-77.35,-78.02,-77.60,0.36,8.09,8.09,8.07,8.08,0.01,,,,,,,,
256,04/23/2023 07:45:00,75.29,75.29,75.29,75.29,0.00,-78.41,-77.66,-78.41,-77.96,0.39,8.09,8.09,8.08,8.08,0.01,,,,,,,,
257,04/23/2023 08:00:00,75.29,75.33,75.29,75.29,0.00,-79.03,-78.10,-79.03,-78.47,0.48,8.11,8.11,8.09,8.09,0.01,,,,,,,,
258,04/23/2023 08:15:00,75.42,75.47,75.42,75.42,0.00,-79.85,-78.88,-79.85,-79.27,0.50,8.12,8.12,8.10,8.11,0.01,,,,,,,,
259,04/23/2023 08:30:00,75.60,75.60,75.51,75.54,0.07,-80.71,-79.60,-80.71,-80.08,0.56,8.14,8.14,8.12,8.13,0.01,,,,,,,,
260,04/23/2023 08:45:00,75.78,75.78,75.69,75.69,0.12,-81.67,-80.50,-81.67,-81.02,0.59,8.16,8.16,8.13,8.14,0.01,,,,,,,,
261,04/23/2023 09:00:00,75.94,75.94,75.85,75.85,0.09,-82.57,-81.46,-82.57,-81.94,0.56,8.18,8.18,8.15,8.16,0.01,,,,,,,,
262,04/23/2023 09:15:00,76.12,76.12,76.03,76.03,0.10,-83.53,-82.39,-83.53,-82.86,0.59,8.19,8.19,8.17,8.18,0.01,,,,,,,,
263,04/23/2023 09:30:00,76.33,76.33,76.24,76.24,0.09,-84.60,-83.38,-84.60,-83.88,0.63,8.22,8.22,8.19,8.20,0.01,,,,,,,,
264,04/23/2023 09:45:00,76.59,76.59,76.46,76.51,0.08,-85.63,-84.41,-85.63,-84.96,0.61,8.24,8.24,8.21,8.22,0.01,,,,,,,,
265,04/23/2023 10:00:00,77.04,77.04,76.73,76.86,0.26,-87.19,-85.78,-87.19,-86.44,0.70,8.27,8.27,8.24,8.25,0.01,,,,,,,,
266,04/23/2023 10:15:00,77.29,77.38,77.16,77.25,0.14,-87.85,-87.11,-87.85,-87.47,0.36,8.28,8.28,8.26,8.27,0.01,,,,,,,,
267,04/23/2023 10:30:00,77.38,77.41,77.34,77.38,0.08,-88.66,-87.57,-88.66,-88.10,0.55,8.29,8.29,8.27,8.28,0.01,,,,,,,,
268,04/23/2023 10:45:00,77.59,77.59,77.50,77.56,0.10,-89.58,-88.55,-89.58,-88.97,0.53,8.31,8.31,8.29,8.30,0.01,,,,,,,,
269,04/23/2023 11:00:00,77.90,77.90,77.72,77.81,0.19,-90.72,-89.52,-90.72,-90.10,0.59,8.33,8.33,8.31,8.32,0.01,,,,,,,,
270,04/23/2023 11:15:00,78.12,78.12,77.99,78.03,0.11,-91.52,-90.44,-91.52,-90.86,0.56,8.35,8.35,8.33,8.34,0.01,,,,,,,,
271,04/23/2023 11:30:00,78.39,78.39,78.21,78.30,0.19,-92.39,-91.41,-92.39,-91.80,0.52,8.37,8.37,8.35,8.36,0.01,,,,,,,,
272,04/23/2023 11:45:00,78.69,78.69,78.48,78.57,0.27,-93.38,-92.05,-93.38,-92.66,0.67,8.39,8.39,8.36,8.37,0.01,,,,,,,,
273,04/23/2023 12:00:00,79.00,79.00,78.78,78.87,0.25,-94.25,-93.00,-94.25,-93.57,0.63,8.40,8.40,8.38,8.39,0.01,,,,,,,,
274,04/23/2023 12:15:00,79.21,79.21,79.09,79.12,0.14,-94.86,-93.88,-94.86,-94.24,0.53,8.41,8.41,8.39,8.40,0.01,,,,,,,,
275,04/23/2023 12:30:00,79.39,79.39,79.27,79.30,0.10,-95.60,-94.41,-95.60,-94.88,0.63,8.43,8.43,8.40,8.41,0.01,,,,,,,,
276,04/23/2023 12:45:00,79.52,79.52,79.34,79.39,0.16,-95.85,-94.96,-95.85,-95.41,0.44,8.43,8.43,8.42,8.42,0.01,,,,,,,,
277,04/23/2023 13:00:00,79.66,79.79,79.66,79.74,0.09,-96.07,-95.57,-96.07,-95.75,0.27,8.44,8.44,8.43,8.43,0.01,,,,,,,,
278,04/23/2023 13:15:00,79.70,79.79,79.70,79.74,0.09,-96.19,-95.60,-96.19,-95.88,0.30,8.44,8.44,8.43,8.43,0.01,,,,,,,,
279,04/23/2023 13:30:00,79.70,79.83,79.70,79.79,0.12,-96.07,-95.72,-96.07,-95.88,0.17,8.44,8.44,8.43,8.43,0.00,,,,,,,,
280,04/23/2023 13:45:00,79.43,79.61,79.43,79.52,0.17,-95.67,-95.24,-95.67,-95.47,0.22,8.43,8.43,8.42,8.43,0.00,,,,,,,,
281,04/23/2023 14:00:00,79.34,79.48,79.34,79.43,0.12,-95.71,-95.22,-95.71,-95.41,0.25,8.43,8.43,8.42,8.42,0.01,,,,,,,,
282,04/23/2023 14:15:00,79.12,79.27,79.12,79.21,0.12,-95.35,-94.88,-95.35,-95.07,0.25,8.42,8.42,8.41,8.42,0.01,,,,,,,,
283,04/23/2023 14:30:00,78.91,79.09,78.91,79.00,0.19,-94.91,-94.44,-94.91,-94.66,0.23,8.42,8.42,8.41,8.41,0.00,,,,,,,,
284,04/23/2023 14:45:00,78.73,78.91,78.73,78.82,0.16,-94.42,-94.13,-94.42,-94.30,0.14,8.41,8.41,8.40,8.40,0.00,,,,,,,,
285,04/23/2023 15:00:00,78.48,78.69,78.48,78.60,0.17,-93.74,-93.50,-93.75,-93.66,0.14,8.39,8.39,8.39,8.39,0.00,,,,,,,,
286,04/23/2023 15:15:00,78.33,78.48,78.33,78.42,0.14,-93.25,-92.96,-93.25,-93.13,0.16,8.38,8.38,8.38,8.38,0.00,,,,,,,,
287,04/23/2023 15:30:00,78.12,78.26,78.12,78.21,0.07,-92.57,-92.38,-92.57,-92.47,0.09,8.37,8.37,8.37,8.37,0.00,,,,,,,,
288,04/23/2023 15:45:00,77.95,78.12,77.95,78.03,0.18,-92.08,-91.78,-92.08,-91.96,0.14,8.36,8.36,8.36,8.36,0.00,,,,,,,,
289,04/23/2023 16:00:00,77.81,77.90,77.81,77.90,0.10,-91.49,-91.27,-91.49,-91.36,0.11,8.35,8.35,8.35,8.35,0.00,,,,,,,,
290,04/23/2023 16:15:00,77.65,77.77,77.65,77.72,0.08,-90.99,-90.63,-90.99,-90.83,0.19,8.34,8.34,8.33,8.34,0.00,,,,,,,,
291,04/23/2023 16:30:00,77.47,77.65,77.47,77.59,0.14,-90.41,-90.10,-90.41,-90.27,0.16,8.33,8.33,8.32,8.33,0.00,,,,,,,,
292,04/23/2023 16:45:00,77.34,77.47,77.34,77.41,0.12,-89.88,-89.67,-89.88,-89.78,0.09,8.32,8.32,8.31,8.32,0.00,,,,,,,,
293,04/23/2023 17:00:00,77.20,77.34,77.20,77.29,0.10,-89.38,-89.08,-89.38,-89.27,0.16,8.31,8.31,8.30,8.31,0.00,,,,,,,,
294,04/23/2023 17:15:00,77.11,77.20,77.11,77.20,0.12,-88.85,-88.57,-88.85,-88.74,0.14,8.30,8.30,8.29,8.30,0.00,,,,,,,,
295,04/23/2023 17:30:00,77.07,77.11,77.07,77.11,0.01,-88.36,-88.08,-88.36,-88.24,0.14,8.29,8.29,8.28,8.29,0.00,,,,,,,,
296,04/23/2023 17:45:00,77.04,77.07,77.04,77.07,0.05,-87.83,-87.57,-87.83,-87.72,0.13,8.28,8.28,8.27,8.28,0.00,,,,,,,,
297,04/23/2023 18:00:00,77.07,77.07,77.07,77.07,0.05,-87.22,-87.07,-87.22,-87.16,0.08,8.27,8.27,8.26,8.27,0.00,,,,,,,,
298,04/23/2023 18:15:00,77.11,77.11,77.11,77.11,0.01,-86.63,-86.33,-86.63,-86.50,0.14,8.25,8.25,8.25,8.25,0.00,,,,,,,,
299,04/23/2023 18:30:00,77.16,77.16,77.16,77.16,0.03,-86.00,-85.77,-86.00,-85.92,0.13,8.24,8.24,8.24,8.24,0.00,,,,,,,,
300,04/23/2023 18:45:00,77.16,77.20,77.16,77.20,0.06,-85.41,-85.16,-85.41,-85.30,0.13,8.23,8.23,8.22,8.23,0.00,,,,,,,,
301,04/23/2023 19:00:00,77.20,77.20,77.20,77.20,0.06,-84.82,-84.58,-84.82,-84.72,0.11,8.22,8.22,8.21,8.22,0.00,,,,,,,,
302,04/23/2023 19:15:00,77.20,77.25,77.20,77.25,0.01,-84.35,-84.02,-84.35,-84.19,0.16,8.21,8.21,8.20,8.21,0.00,,,,,,,,
303,04/23/2023 19:30:00,77.16,77.25,77.16,77.25,0.07,-83.75,-83.49,-83.75,-83.63,0.13,8.20,8.20,8.19,8.19,0.00,,,,,,,,
304,04/23/2023 19:45:00,77.16,77.20,77.16,77.20,0.06,-83.19,-82.92,-83.19,-83.08,0.13,8.19,8.19,8.18,8.18,0.00,,,,,,,,
305,04/23/2023 20:00:00,77.07,77.16,77.07,77.16,0.10,-82.77,-82.46,-82.77,-82.61,0.16,8.18,8.18,8.17,8.17,0.00,,,,,,,,
306,04/23/2023 20:15:00,76.98,77.07,76.98,77.07,0.12,-82.36,-82.03,-82.36,-82.21,0.16,8.17,8.17,8.16,8.17,0.00,,,,,,,,
307,04/23/2023 20:30:00,76.95,77.04,76.95,77.04,0.08,-81.94,-81.61,-81.94,-81.75,0.16,8.16,8.16,8.15,8.16,0.00,,,,,,,,
308,04/23/2023 20:45:00,76.89,76.98,76.89,76.98,0.08,-81.56,-81.22,-81.56,-81.38,0.17,8.15,8.15,8.15,8.15,0.00,,,,,,,,
309,04/23/2023 21:00:00,76.86,76.89,76.86,76.89,0.03,-81.28,-80.91,-81.28,-81.06,0.19,8.15,8.15,8.14,8.14,0.00,,,,,,,,
310,04/23/2023 21:15:00,76.77,76.86,76.77,76.86,0.06,-81.02,-80.63,-81.02,-80.78,0.20,8.14,8.14,8.13,8.14,0.00,,,,,,,,
311,04/23/2023 21:30:00,76.73,76.82,76.73,76.82,0.10,-80.74,-80.38,-80.74,-80.52,0.19,8.14,8.14,8.13,8.13,0.00,,,,,,,,
312,04/23/2023 21:45:00,76.68,76.73,76.68,76.73,0.06,-80.49,-80.13,-80.49,-80.27,0.19,8.13,8.13,8.12,8.13,0.00,,,,,,,,
313,04/23/2023 22:00:00,76.59,76.68,76.59,76.68,0.11,-80.27,-79.88,-80.27,-80.03,0.20,8.13,8.13,8.12,8.12,0.00,,,,,,,,
314,04/23/2023 22:15:00,76.51,76.59,76.51,76.59,0.07,-80.05,-79.66,-80.05,-79.81,0.20,8.12,8.12,8.12,8.12,0.00,,,,,,,,
315,04/23/2023 22:30:00,76.46,76.55,76.46,76.55,0.11,-79.85,-79.47,-79.85,-79.60,0.20,8.12,8.12,8.11,8.11,0.00,,,,,,,,
316,04/23/2023 22:45:00,76.37,76.46,76.37,76.46,0.07,-79.66,-79.28,-79.66,-79.42,0.19,8.12,8.12,8.11,8.11,0.00,,,,,,,,
317,04/23/2023 23:00:00,76.28,76.42,76.28,76.37,0.09,-79.49,-79.10,-79.49,-79.24,0.20,8.11,8.11,8.10,8.11,0.00,,,,,,,,
318,04/23/2023 23:15:00,76.24,76.33,76.24,76.33,0.13,-79.35,-78.91,-79.35,-79.06,0.23,8.11,8.11,8.10,8.10,0.00,,,,,,,,
319,04/23/2023 23:30:00,76.21,76.28,76.21,76.28,0.11,-79.13,-78.74,-79.13,-78.88,0.20,8.11,8.11,8.10,8.10,0.00,,,,,,,,
320,04/23/2023 23:45:00,76.21,76.24,76.21,76.24,0.02,-79.02,-78.61,-79.02,-78.75,0.22,8.10,8.10,8.10,8.10,0.00,,,,,,,,
321,04/24/2023 00:00:00,76.15,76.21,76.15,76.21,0.05,-78.92,-78.50,-78.92,-78.64,0.23,8.10,8.10,8.09,8.10,0.00,,,,,,,,
322,04/24/2023 00:15:00,76.15,76.21,76.15,76.21,0.05,-78.89,-78.41,-78.89,-78.56,0.28,8.10,8.10,8.09,8.09,0.01,,,,,,,,
323,04/24/2023 00:30:00,76.12,76.15,76.12,76.15,0.05,-78.78,-78.36,-78.78,-78.50,0.23,8.10,8.10,8.09,8.09,0.00,,,,,,,,
324,04/24/2023 00:45:00,76.06,76.15,76.06,76.15,0.11,-78.69,-78.25,-78.69,-78.41,0.23,8.10,8.10,8.09,8.09,0.00,,,,,,,,
325,04/24/2023 01:00:00,76.03,76.06,76.03,76.06,0.01,-78.55,-78.13,-78.55,-78.28,0.22,8.09,8.09,8.09,8.09,0.00,,,,,,,,
326,04/24/2023 01:15:00,75.99,76.03,75.99,76.03,0.04,-78.49,-78.06,-78.49,-78.21,0.23,8.09,8.09,8.08,8.09,0.00,,,,,,,,
327,04/24/2023 01:30:00,75.94,75.99,75.94,75.99,0.01,-78.42,-77.99,-78.42,-78.13,0.25,8.09,8.09,8.08,8.09,0.01,,,,,,,,
328,04/24/2023 01:45:00,75.90,75.94,75.90,75.94,0.00,-78.35,-77.92,-78.35,-78.06,0.23,8.09,8.09,8.08,8.09,0.00,,,,,,,,
329,04/24/2023 02:00:00,75.85,75.90,75.85,75.90,0.04,-78.28,-77.83,-78.28,-77.99,0.25,8.09,8.09,8.08,8.08,0.01,,,,,,,,
330,04/24/2023 02:15:00,75.81,75.90,75.81,75.90,0.10,-78.24,-77.80,-78.24,-77.96,0.23,8.09,8.09,8.08,8.08,0.00,,,,,,,,
331,04/24/2023 02:30:00,75.78,75.85,75.78,75.85,0.09,-78.22,-77.75,-78.22,-77.91,0.27,8.09,8.09,8.08,8.08,0.01,,,,,,,,
332,04/24/2023 02:45:00,75.78,75.81,75.78,75.81,0.06,-78.19,-77.72,-78.19,-77.88,0.27,8.09,8.09,8.08,8.08,0.01,,,,,,,,
333,04/24/2023 03:00:00,75.72,75.78,75.72,75.78,0.03,-78.13,-77.69,-78.13,-77.85,0.23,8.09,8.09,8.08,8.08,0.01,,,,,,,,
334,04/24/2023 03:15:00,75.63,75.72,75.63,75.72,0.09,-78.08,-77.64,-78.08,-77.80,0.23,8.09,8.09,8.08,8.08,0.00,,,,,,,,
335,04/24/2023 03:30:00,75.60,75.69,75.60,75.69,0.12,-78.06,-77.60,-78.06,-77.75,0.27,8.09,8.09,8.08,8.08,0.01,,,,,,,,
336,04/24/2023 03:45:00,75.54,75.60,75.54,75.60,0.01,-78.00,-77.55,-78.00,-77.71,0.25,8.08,8.08,8.08,8.08,0.01,,,,,,,,
337,04/24/2023 04:00:00,75.51,75.54,75.51,75.54,0.01,-77.96,-77.52,-77.96,-77.67,0.23,8.08,8.08,8.07,8.08,0.01,,,,,,,,
338,04/24/2023 04:15:00,75.51,75.54,75.51,75.54,0.07,-77.91,-77.49,-77.91,-77.63,0.23,8.08,8.08,8.07,8.08,0.00,,,,,,,,
339,04/24/2023 04:30:00,75.47,75.51,75.47,75.51,0.04,-77.88,-77.44,-77.88,-77.60,0.23,8.08,8.08,8.07,8.08,0.01,,,,,,,,
340,04/24/2023 04:45:00,75.47,75.51,75.47,75.51,0.04,-77.85,-77.41,-77.85,-77.55,0.25,8.08,8.08,8.07,8.08,0.01,,,,,,,,
341,04/24/2023 05:00:00,75.47,75.51,75.47,75.51,0.04,-77.83,-77.38,-77.83,-77.52,0.27,8.08,8.08,8.07,8.08,0.01,,,,,,,,
342,04/24/2023 05:15:00,75.47,75.51,75.47,75.51,0.04,-77.77,-77.35,-77.77,-77.50,0.22,8.08,8.08,8.07,8.07,0.00,,,,,,,,
343,04/24/2023 05:30:00,75.47,75.51,75.47,75.51,0.04,-77.77,-77.33,-77.77,-77.47,0.25,8.08,8.08,8.07,8.07,0.01,,,,,,,,
344,04/24/2023 05:45:00,75.47,75.51,75.47,75.51,0.04,-77.72,-77.28,-77.72,-77.42,0.25,8.08,8.08,8.07,8.07,0.01,,,,,,,,
345,04/24/2023 06:00:00,75.47,75.51,75.47,75.51,0.04,-77.67,-77.22,-77.67,-77.38,0.25,8.08,8.08,8.07,8.07,0.01,,,,,,,,
346,04/24/2023 06:15:00,75.42,75.47,75.42,75.47,0.02,-77.67,-77.19,-77.67,-77.36,0.27,8.08,8.08,8.07,8.07,0.01,,,,,,,,
347,04/24/2023 06:30:00,75.42,75.47,75.42,75.47,0.02,-77.74,-77.24,-77.74,-77.39,0.28,8.08,8.08,8.07,8.07,0.01,,,,,,,,
348,04/24/2023 06:45:00,75.38,75.42,75.38,75.42,0.00,-77.86,-77.31,-77.86,-77.50,0.30,8.08,8.08,8.07,8.07,0.01,,,,,,,,
349,04/24/2023 07:00:00,75.38,75.42,75.38,75.42,0.00,-77.99,-77.42,-77.99,-77.63,0.30,8.08,8.08,8.07,8.08,0.01,,,,,,,,
350,04/24/2023 07:15:00,75.33,75.38,75.33,75.38,0.04,-78.27,-77.63,-78.27,-77.86,0.34,8.09,8.09,8.08,8.08,0.01,,,,,,,,
351,04/24/2023 07:30:00,75.33,75.38,75.33,75.38,0.04,-78.64,-77.92,-78.64,-78.21,0.38,8.10,8.10,8.08,8.09,0.01,,,,,,,,
352,04/24/2023 07:45:00,75.38,75.38,75.38,75.38,0.04,-79.06,-78.31,-79.06,-78.60,0.41,8.11,8.11,8.09,8.10,0.01,,,,,,,,
353,04/24/2023 08:00:00,75.47,75.47,75.42,75.42,0.07,-79.86,-78.78,-79.86,-79.21,0.56,8.12,8.12,8.10,8.11,0.01,,,,,,,,
354,04/24/2023 08:15:00,75.54,75.54,75.51,75.51,0.10,-80.71,-79.71,-80.71,-80.11,0.52,8.14,8.14,8.12,8.13,0.01,,,,,,,,
355,04/24/2023 08:30:00,75.63,75.63,75.60,75.60,0.08,-81.61,-80.53,-81.61,-80.99,0.55,8.16,8.16,8.14,8.14,0.01,,,,,,,,
356,04/24/2023 08:45:00,75.81,75.81,75.72,75.72,0.09,-82.53,-81.50,-82.53,-81.94,0.53,8.18,8.18,8.15,8.16,0.01,,,,,,,,
357,04/24/2023 09:00:00,75.94,75.94,75.85,75.90,0.10,-83.44,-82.42,-83.44,-82.86,0.52,8.19,8.19,8.17,8.18,0.01,,,,,,,,
358,04/24/2023 09:15:00,76.12,76.12,76.03,76.06,0.07,-84.42,-83.35,-84.42,-83.80,0.55,8.21,8.21,8.19,8.20,0.01,,,,,,,,
359,04/24/2023 09:30:00,76.33,76.33,76.24,76.24,0.09,-85.42,-84.30,-85.42,-84.83,0.56,8.23,8.23,8.21,8.22,0.01,,,,,,,,
360,04/24/2023 09:45:00,76.59,76.59,76.42,76.51,0.15,-86.64,-85.32,-86.64,-85.88,0.67,8.26,8.26,8.23,8.24,0.01,,,,,,,,
361,04/24/2023 10:00:00,76.89,76.89,76.73,76.82,0.17,-87.86,-86.61,-87.86,-87.14,0.64,8.28,8.28,8.25,8.27,0.01,,,,,,,,
362,04/24/2023 10:15:00,77.07,77.07,77.04,77.04,0.08,-88.77,-87.96,-88.77,-88.24,0.45,8.30,8.30,8.28,8.29,0.01,,,,,,,,
363,04/24/2023 10:30:00,77.25,77.25,77.16,77.20,0.12,-89.61,-88.60,-89.61,-89.05,0.52,8.31,8.31,8.29,8.30,0.01,,,,,,,,
364,04/24/2023 10:45:00,77.47,77.47,77.38,77.38,0.08,-90.57,-89.42,-90.57,-89.92,0.58,8.33,8.33,8.31,8.32,0.01,,,,,,,,
365,04/24/2023 11:00:00,77.68,77.68,77.56,77.59,0.07,-91.46,-90.46,-91.46,-90.86,0.52,8.35,8.35,8.33,8.34,0.01,,,,,,,,
366,04/24/2023 11:15:00,77.90,77.90,77.77,77.81,0.13,-92.41,-91.25,-92.41,-91.75,0.59,8.37,8.37,8.35,8.36,0.01,,,,,,,,
367,04/24/2023 11:30:00,78.17,78.17,78.03,78.08,0.13,-93.03,-92.14,-93.03,-92.49,0.47,8.38,8.38,8.36,8.37,0.01,,,,,,,,
368,04/24/2023 11:45:00,78.39,78.39,78.26,78.30,0.12,-93.82,-92.78,-93.82,-93.24,0.52,8.39,8.40,8.37,8.38,0.01,,,,,,,,
369,04/24/2023 12:00:00,78.69,78.69,78.51,78.60,0.17,-94.58,-93.75,-94.58,-94.07,0.44,8.41,8.41,8.39,8.40,0.01,,,,,,,,
370,04/24/2023 12:15:00,78.87,78.87,78.73,78.78,0.13,-95.24,-94.33,-95.24,-94.71,0.47,8.42,8.42,8.40,8.41,0.01,,,,,,,,
371,04/24/2023 12:30:00,78.87,78.91,78.87,78.87,0.04,-95.39,-94.91,-95.39,-95.10,0.25,8.43,8.43,8.42,8.42,0.01,,,,,,,,
372,04/24/2023 12:45:00,79.00,79.00,78.94,78.94,0.11,-95.85,-95.27,-95.85,-95.47,0.31,8.43,8.43,8.42,8.43,0.01,,,,,,,,
373,04/24/2023 13:00:00,79.09,79.09,79.03,79.03,0.09,-96.13,-95.36,-96.13,-95.63,0.42,8.44,8.44,8.42,8.43,0.01,,,,,,,,
374,04/24/2023 13:15:00,79.21,79.21,79.12,79.12,0.14,-96.49,-95.71,-96.49,-95.99,0.42,8.45,8.45,8.43,8.44,0.01,,,,,,,,
375,04/24/2023 13:30:00,79.30,79.39,79.27,79.30,0.10,-96.33,-95.82,-96.33,-96.05,0.25,8.44,8.44,8.43,8.44,0.01,,,,,,,,
376,04/24/2023 13:45:00,79.27,79.34,79.27,79.30,0.10,-96.39,-95.80,-96.39,-96.07,0.30,8.44,8.44,8.43,8.44,0.01,,,,,,,,
377,04/24/2023 14:00:00,79.09,79.21,79.09,79.18,0.08,-95.86,-95.46,-95.86,-95.60,0.22,8.43,8.43,8.43,8.43,0.00,,,,,,,,
378,04/24/2023 14:15:00,78.91,79.03,78.91,79.00,0.12,-95.36,-95.27,-95.36,-95.30,0.05,8.42,8.42,8.42,8.42,0.00,,,,,,,,
379,04/24/2023 14:30:00,78.73,78.87,78.73,78.82,0.09,-95.16,-94.72,-95.16,-94.92,0.22,8.42,8.42,8.41,8.42,0.00,,,,,,,,
380,04/24/2023 14:45:00,78.48,78.64,78.48,78.57,0.20,-94.32,-94.24,-94.32,-94.25,0.05,8.40,8.40,8.40,8.40,0.00,,,,,,,,
381,04/24/2023 15:00:00,78.26,78.42,78.26,78.33,0.16,-93.77,-93.52,-93.77,-93.67,0.13,8.39,8.39,8.39,8.39,0.00,,,,,,,,
382,04/24/2023 15:15:00,78.03,78.21,78.03,78.12,0.16,-93.19,-93.02,-93.19,-93.11,0.08,8.38,8.38,8.38,8.38,0.00,,,,,,,,
383,04/24/2023 15:30:00,77.81,77.99,77.81,77.90,0.17,-92.52,-92.33,-92.52,-92.46,0.09,8.37,8.37,8.37,8.37,0.00,,,,,,,,
384,04/24/2023 15:45:00,77.59,77.77,77.59,77.68,0.19,-91.97,-91.72,-91.97,-91.86,0.13,8.36,8.36,8.35,8.36,0.00,,,,,,,,
385,04/24/2023 16:00:00,77.47,77.59,77.47,77.56,0.10,-91.38,-91.10,-91.38,-91.28,0.16,8.35,8.35,8.34,8.35,0.00,,,,,,,,
386,04/24/2023 16:15:00,77.29,77.41,77.29,77.38,0.08,-90.80,-90.60,-90.80,-90.74,0.11,8.34,8.34,8.33,8.34,0.00,,,,,,,,
387,04/24/2023 16:30:00,77.11,77.25,77.11,77.20,0.12,-90.36,-90.13,-90.36,-90.27,0.13,8.33,8.33,8.32,8.33,0.00,,,,,,,,
388,04/24/2023 16:45:00,76.98,77.11,76.98,77.07,0.12,-89.91,-89.57,-89.91,-89.72,0.17,8.32,8.32,8.31,8.32,0.00,,,,,,,,
389,04/24/2023 17:00:00,76.86,76.98,76.86,76.95,0.11,-89.30,-89.10,-89.30,-89.19,0.09,8.31,8.31,8.30,8.31,0.00,,,,,,,,
390,04/24/2023 17:15:00,76.82,76.86,76.82,76.86,0.00,-88.80,-88.52,-88.80,-88.69,0.14,8.30,8.30,8.29,8.30,0.00,,,,,,,,
391,04/24/2023 17:30:00,76.77,76.82,76.77,76.82,0.04,-88.38,-88.07,-88.38,-88.22,0.16,8.29,8.29,8.28,8.29,0.00,,,,,,,,
392,04/24/2023 17:45:00,76.77,76.77,76.77,76.77,0.02,-87.89,-87.58,-87.89,-87.72,0.16,8.28,8.28,8.27,8.28,0.00,,,,,,,,
393,04/24/2023 18:00:00,76.73,76.77,76.73,76.77,0.02,-87.11,-87.11,-87.27,-87.19,0.08,8.26,8.27,8.26,8.27,0.00,,,,,,,,
394,04/24/2023 18:15:00,76.77,76.82,76.77,76.77,0.02,-86.47,-86.25,-86.47,-86.39,0.11,8.25,8.25,8.25,8.25,0.00,,,,,,,,
395,04/24/2023 18:30:00,76.82,76.86,76.82,76.86,0.00,-85.97,-85.75,-85.97,-85.88,0.11,8.24,8.24,8.24,8.24,0.00,,,,,,,,
396,04/24/2023 18:45:00,76.86,76.89,76.86,76.86,0.00,-85.46,-85.22,-85.46,-85.36,0.11,8.23,8.23,8.23,8.23,0.00,,,,,,,,
397,04/24/2023 19:00:00,76.89,76.89,76.89,76.89,0.03,-84.96,-84.71,-84.96,-84.85,0.13,8.22,8.22,8.22,8.22,0.00,,,,,,,,
398,04/24/2023 19:15:00,76.89,76.95,76.89,76.95,0.04,-84.42,-84.16,-84.42,-84.30,0.13,8.21,8.21,8.21,8.21,0.00,,,,,,,,
399,04/24/2023 19:30:00,76.89,76.95,76.89,76.95,0.04,-83.88,-83.64,-83.88,-83.77,0.11,8.20,8.20,8.19,8.20,0.00,,,,,,,,
400,04/24/2023 19:45:00,76.89,76.95,76.89,76.95,0.04,-83.36,-83.13,-83.36,-83.24,0.11,8.19,8.19,8.18,8.19,0.00,,,,,,,,
401,04/24/2023 20:00:00,76.89,76.95,76.89,76.95,0.04,-82.92,-82.61,-82.92,-82.78,0.16,8.18,8.18,8.17,8.18,0.00,,,,,,,,
402,04/24/2023 20:15:00,76.89,76.95,76.89,76.95,0.04,-82.44,-82.00,-82.44,-82.25,0.22,8.17,8.17,8.16,8.17,0.00,,,,,,,,
403,04/24/2023 20:30:00,76.89,76.95,76.89,76.95,0.04,-82.08,-81.80,-82.08,-81.92,0.14,8.16,8.16,8.16,8.16,0.00,,,,,,,,
404,04/24/2023 20:45:00,76.86,76.89,76.86,76.89,0.03,-81.74,-81.42,-81.74,-81.56,0.16,8.16,8.16,8.15,8.15,0.00,,,,,,,,
405,04/24/2023 21:00:00,76.82,76.89,76.82,76.89,0.10,-81.10,-81.06,-81.21,-81.13,0.08,8.14,8.15,8.14,8.14,0.00,,,,,,,,
406,04/24/2023 21:15:00,76.77,76.82,76.77,76.82,0.04,-80.49,-80.30,-80.49,-80.39,0.09,8.13,8.13,8.13,8.13,0.00,,,,,,,,
407,04/24/2023 21:30:00,76.68,76.77,76.68,76.77,0.09,-80.02,-79.55,-80.02,-79.80,0.23,8.12,8.12,8.11,8.12,0.00,,,,,,,,
408,04/24/2023 21:45:00,76.59,76.68,76.59,76.68,0.11,-79.08,-79.08,-79.63,-79.30,0.30,8.10,8.11,8.10,8.11,0.01,,,,,,,,
409,04/24/2023 22:00:00,76.55,76.64,76.55,76.64,0.08,-79.42,-78.78,-79.42,-79.21,0.36,8.11,8.11,8.10,8.11,0.01,,,,,,,,
410,04/24/2023 22:15:00,76.51,76.55,76.51,76.55,0.04,-79.53,-78.96,-79.53,-79.25,0.28,8.11,8.11,8.10,8.11,0.01,,,,,,,,
411,04/24/2023 22:30:00,76.42,76.51,76.42,76.51,0.08,-79.67,-79.00,-79.67,-79.24,0.38,8.12,8.12,8.10,8.11,0.01,,,,,,,,
412,04/24/2023 22:45:00,76.37,76.46,76.37,76.46,0.07,-79.46,-78.30,-79.46,-78.83,0.58,8.11,8.11,8.09,8.10,0.01,,,,,,,,
413,04/24/2023 23:00:00,76.33,76.42,76.33,76.42,0.11,-79.80,-79.39,-79.80,-79.52,0.23,8.12,8.12,8.11,8.11,0.00,,,,,,,,
414,04/24/2023 23:15:00,76.33,76.37,76.33,76.37,0.02,-79.61,-79.25,-79.61,-79.39,0.19,8.12,8.12,8.11,8.11,0.00,,,,,,,,
415,04/24/2023 23:30:00,76.28,76.33,76.28,76.33,0.06,-79.52,-79.08,-79.52,-79.24,0.23,8.11,8.11,8.10,8.11,0.00,,,,,,,,
416,04/24/2023 23:45:00,76.24,76.28,76.24,76.28,0.05,-79.39,-78.97,-79.39,-79.14,0.22,8.11,8.11,8.10,8.11,0.00,,,,,,,,
417,04/25/2023 00:00:00,76.21,76.24,76.21,76.24,0.02,-79.33,-78.88,-79.33,-79.05,0.23,8.11,8.11,8.10,8.10,0.00,,,,,,,,
418,04/25/2023 00:15:00,76.15,76.21,76.15,76.21,0.05,-79.21,-78.81,-79.21,-78.96,0.20,8.11,8.11,8.10,8.10,0.00,,,,,,,,
419,04/25/2023 00:30:00,76.12,76.15,76.12,76.15,0.05,-79.13,-78.77,-79.13,-78.89,0.19,8.11,8.11,8.10,8.10,0.00,,,,,,,,
420,04/25/2023 00:45:00,76.06,76.12,76.06,76.12,0.01,-79.03,-78.58,-79.03,-78.75,0.23,8.10,8.10,8.10,8.10,0.00,,,,,,,,
421,04/25/2023 01:00:00,76.03,76.06,76.03,76.06,0.01,-78.94,-78.53,-78.94,-78.67,0.22,8.10,8.10,8.09,8.10,0.00,,,,,,,,
422,04/25/2023 01:15:00,75.99,76.03,75.99,76.03,0.04,-78.88,-78.46,-78.88,-78.60,0.23,8.10,8.10,8.09,8.10,0.00,,,,,,,,
423,04/25/2023 01:30:00,75.94,75.99,75.94,75.99,0.01,-78.83,-78.39,-78.83,-78.55,0.23,8.10,8.10,8.09,8.09,0.00,,,,,,,,
424,04/25/2023 01:45:00,75.90,75.99,75.90,75.99,0.08,-78.77,-78.36,-78.77,-78.50,0.22,8.10,8.10,8.09,8.09,0.00,,,,,,,,
425,04/25/2023 02:00:00,75.90,75.94,75.90,75.94,0.00,-78.74,-78.30,-78.74,-78.46,0.23,8.10,8.10,8.09,8.09,0.01,,,,,,,,
426,04/25/2023 02:15:00,75.90,75.94,75.90,75.94,0.00,-78.71,-78.27,-78.71,-78.42,0.23,8.10,8.10,8.09,8.09,0.00,,,,,,,,
427,04/25/2023 02:30:00,75.85,75.94,75.85,75.94,0.06,-78.67,-78.25,-78.67,-78.39,0.23,8.10,8.10,8.09,8.09,0.00,,,,,,,,
428,04/25/2023 02:45:00,75.81,75.90,75.81,75.90,0.10,-78.60,-78.19,-78.60,-78.31,0.23,8.10,8.10,8.09,8.09,0.00,,,,,,,,
429,04/25/2023 03:00:00,75.81,75.85,75.81,75.85,0.02,-78.50,-78.10,-78.50,-78.25,0.22,8.09,8.09,8.09,8.09,0.00,,,,,,,,
430,04/25/2023 03:15:00,75.78,75.81,75.78,75.81,0.06,-78.39,-78.00,-78.39,-78.14,0.20,8.09,8.09,8.08,8.09,0.00,,,,,,,,
431,04/25/2023 03:30:00,75.72,75.78,75.72,75.78,0.03,-78.35,-77.92,-78.35,-78.06,0.23,8.09,8.09,8.08,8.09,0.00,,,,,,,,
432,04/25/2023 03:45:00,75.69,75.72,75.69,75.72,0.09,-78.24,-77.85,-78.24,-77.99,0.20,8.09,8.09,8.08,8.08,0.00,,,,,,,,
433,04/25/2023 04:00:00,75.63,75.69,75.63,75.69,0.05,-78.16,-77.75,-78.16,-77.91,0.20,8.09,8.09,8.08,8.08,0.00,,,,,,,,
434,04/25/2023 04:15:00,75.60,75.63,75.60,75.63,0.05,-78.06,-77.63,-78.06,-77.78,0.23,8.09,8.09,8.08,8.08,0.00,,,,,,,,
435,04/25/2023 04:30:00,75.54,75.60,75.54,75.60,0.01,-77.97,-77.58,-77.97,-77.72,0.20,8.08,8.08,8.08,8.08,0.00,,,,,,,,
436,04/25/2023 04:45:00,75.51,75.54,75.51,75.54,0.01,-77.91,-77.47,-77.91,-77.63,0.23,8.08,8.08,8.07,8.08,0.00,,,,,,,,
437,04/25/2023 05:00:00,75.47,75.51,75.47,75.51,0.04,-77.85,-77.41,-77.85,-77.56,0.23,8.08,8.08,8.07,8.08,0.01,,,,,,,,
438,04/25/2023 05:15:00,75.42,75.47,75.42,75.47,0.02,-77.78,-77.36,-77.78,-77.52,0.22,8.08,8.08,8.07,8.08,0.00,,,,,,,,
439,04/25/2023 05:30:00,75.38,75.42,75.38,75.42,0.00,-77.75,-77.28,-77.75,-77.44,0.27,8.08,8.08,8.07,8.07,0.01,,,,,,,,
440,04/25/2023 05:45:00,75.33,75.38,75.33,75.38,0.04,-77.71,-77.27,-77.71,-77.42,0.23,8.08,8.08,8.07,8.07,0.01,,,,,,,,
441,04/25/2023 06:00:00,75.29,75.38,75.29,75.38,0.11,-77.71,-77.25,-77.71,-77.39,0.27,8.08,8.08,8.07,8.07,0.01,,,,,,,,
442,04/25/2023 06:15:00,75.29,75.33,75.29,75.33,0.03,-77.75,-77.27,-77.75,-77.42,0.28,8.08,8.08,8.07,8.07,0.01,,,,,,,,
443,04/25/2023 06:30:00,75.29,75.33,75.29,75.33,0.03,-77.85,-77.33,-77.85,-77.50,0.28,8.08,8.08,8.07,8.08,0.01,,,,,,,,
444,04/25/2023 06:45:00,75.29,75.33,75.29,75.33,0.03,-77.97,-77.44,-77.97,-77.63,0.30,8.08,8.08,8.07,8.08,0.01,,,,,,,,
445,04/25/2023 07:00:00,75.33,75.38,75.33,75.38,0.04,-78.16,-77.58,-78.16,-77.80,0.31,8.09,8.09,8.08,8.08,0.01,,,,,,,,
446,04/25/2023 07:15:00,75.29,75.33,75.29,75.33,0.03,-78.41,-77.77,-78.41,-78.00,0.34,8.09,8.09,8.08,8.09,0.01,,,,,,,,
447,04/25/2023 07:30:00,75.33,75.38,75.33,75.38,0.11,-78.75,-78.10,-78.75,-78.33,0.36,8.10,8.10,8.09,8.09,0.01,,,,,,,,
448,04/25/2023 07:45:00,75.38,75.38,75.38,75.38,0.04,-79.19,-78.42,-79.19,-78.72,0.41,8.11,8.11,8.09,8.10,0.01,,,,,,,,
449,04/25/2023 08:00:00,75.42,75.42,75.38,75.38,0.11,-80.06,-78.91,-80.06,-79.35,0.63,8.13,8.13,8.10,8.11,0.01,,,,,,,,
450,04/25/2023 08:15:00,75.54,75.54,75.51,75.51,0.10,-80.96,-79.97,-80.96,-80.38,0.52,8.14,8.14,8.12,8.13,0.01,,,,,,,,
451,04/25/2023 08:30:00,75.72,75.72,75.63,75.63,0.11,-81.89,-80.80,-81.89,-81.27,0.56,8.16,8.16,8.14,8.15,0.01,,,,,,,,
452,04/25/2023 08:45:00,75.85,75.85,75.78,75.81,0.13,-82.77,-81.71,-82.77,-82.16,0.55,8.18,8.18,8.16,8.17,0.01,,,,,,,,
453,04/25/2023 09:00:00,76.03,76.03,75.99,75.99,0.08,-83.71,-82.67,-83.71,-83.08,0.55,8.20,8.20,8.18,8.19,0.01,,,,,,,,
454,04/25/2023 09:15:00,76.21,76.21,76.12,76.15,0.11,-84.67,-83.60,-84.67,-84.00,0.58,8.22,8.22,8.20,8.20,0.01,,,,,,,,
455,04/25/2023 09:30:00,76.42,76.42,76.28,76.33,0.13,-85.66,-84.46,-85.66,-84.97,0.61,8.24,8.24,8.21,8.22,0.01,,,,,,,,
456,04/25/2023 09:45:00,76.68,76.68,76.51,76.59,0.13,-87.27,-85.47,-87.27,-86.21,0.94,8.27,8.27,8.23,8.25,0.02,,,,,,,,
457,04/25/2023 10:00:00,76.95,76.95,76.82,76.86,0.06,-88.00,-86.97,-88.00,-87.41,0.53,8.28,8.28,8.26,8.27,0.01,,,,,,,,
458,04/25/2023 10:15:00,77.16,77.16,77.07,77.11,0.08,-89.00,-88.30,-89.00,-88.57,0.38,8.30,8.30,8.29,8.29,0.01,,,,,,,,
459,04/25/2023 10:30:00,77.34,77.34,77.25,77.25,0.07,-89.80,-88.78,-89.80,-89.16,0.55,8.32,8.32,8.30,8.30,0.01,,,,,,,,
460,04/25/2023 10:45:00,77.50,77.50,77.41,77.41,0.12,-90.66,-89.67,-90.66,-90.03,0.53,8.33,8.33,8.31,8.32,0.01,,,,,,,,
461,04/25/2023 11:00:00,77.72,77.72,77.59,77.65,0.08,-91.64,-90.57,-91.64,-91.10,0.53,8.35,8.35,8.33,8.34,0.01,,,,,,,,
462,04/25/2023 11:15:00,77.99,77.99,77.86,77.90,0.10,-92.99,-91.66,-92.99,-92.17,0.70,8.38,8.38,8.35,8.36,0.01,,,,,,,,
463,04/25/2023 11:30:00,78.30,78.30,78.12,78.21,0.14,-93.57,-92.92,-93.57,-93.14,0.36,8.39,8.39,8.38,8.38,0.01,,,,,,,,
464,04/25/2023 11:45:00,78.42,78.42,78.33,78.39,0.10,-93.47,-93.02,-93.47,-93.28,0.25,8.39,8.39,8.38,8.38,0.00,,,,,,,,
465,04/25/2023 12:00:00,78.82,78.82,78.60,78.69,0.15,-95.21,-94.11,-95.21,-94.52,0.59,8.42,8.42,8.40,8.41,0.01,,,,,,,,
466,04/25/2023 12:15:00,78.94,78.94,78.82,78.87,0.18,-95.63,-94.52,-95.63,-95.07,0.55,8.43,8.43,8.41,8.42,0.01,,,,,,,,
467,04/25/2023 12:30:00,79.03,79.03,79.03,79.03,0.02,-95.75,-95.05,-95.75,-95.36,0.34,8.43,8.43,8.42,8.42,0.01,,,,,,,,
468,04/25/2023 12:45:00,79.12,79.18,79.12,79.12,0.07,-95.89,-95.47,-95.89,-95.67,0.20,8.43,8.43,8.43,8.43,0.00,,,,,,,,
469,04/25/2023 13:00:00,79.21,79.21,79.21,79.21,0.05,-96.08,-95.49,-96.08,-95.71,0.31,8.44,8.44,8.43,8.43,0.01,,,,,,,,
470,04/25/2023 13:15:00,79.39,79.39,79.30,79.30,0.10,-96.82,-95.50,-96.82,-96.03,0.69,8.45,8.45,8.43,8.44,0.01,,,,,,,,
471,04/25/2023 13:30:00,79.57,79.66,79.57,79.61,0.08,-96.64,-96.27,-96.64,-96.41,0.20,8.45,8.45,8.44,8.44,0.00,,,,,,,,
472,04/25/2023 13:45:00,79.39,79.66,79.39,79.52,0.24,-96.19,-95.55,-96.19,-95.92,0.33,8.44,8.44,8.43,8.43,0.01,,,,,,,,
473,04/25/2023 14:00:00,79.21,79.34,79.21,79.30,0.10,-95.55,-95.36,-95.55,-95.44,0.09,8.43,8.43,8.42,8.43,0.00,,,,,,,,
474,04/25/2023 14:15:00,78.94,79.18,78.94,79.12,0.28,-95.10,-95.00,-95.10,-95.05,0.05,8.42,8.42,8.42,8.42,0.00,,,,,,,,
475,04/25/2023 14:30:00,78.73,78.91,78.73,78.82,0.16,-94.91,-94.33,-94.91,-94.52,0.33,8.42,8.42,8.40,8.41,0.01,,,,,,,,
476,04/25/2023 14:45:00,78.42,78.64,78.42,78.57,0.20,-93.85,-93.78,-93.97,-93.88,0.09,8.40,8.40,8.39,8.40,0.00,,,,,,,,
477,04/25/2023 15:00:00,78.26,78.42,78.26,78.33,0.16,-93.27,-93.02,-93.27,-93.14,0.13,8.38,8.38,8.38,8.38,0.00,,,,,,,,
478,04/25/2023 15:15:00,78.03,78.21,78.03,78.12,0.16,-92.61,-92.44,-92.63,-92.55,0.09,8.37,8.37,8.37,8.37,0.00,,,,,,,,
479,04/25/2023 15:30:00,77.81,77.99,77.81,77.90,0.17,-92.14,-91.80,-92.14,-91.99,0.17,8.36,8.36,8.36,8.36,0.00,,,,,,,,
480,04/25/2023 15:45:00,77.65,77.77,77.65,77.72,0.08,-91.50,-91.33,-91.50,-91.41,0.08,8.35,8.35,8.35,8.35,0.00,,,,,,,,
481,04/25/2023 16:00:00,77.47,77.59,77.47,77.56,0.10,-90.96,-90.78,-90.96,-90.89,0.09,8.34,8.34,8.34,8.34,0.00,,,,,,,,
482,04/25/2023 16:15:00,77.29,77.41,77.29,77.38,0.08,-90.41,-90.27,-90.41,-90.35,0.08,8.33,8.33,8.33,8.33,0.00,,,,,,,,
483,04/25/2023 16:30:00,77.11,77.25,77.11,77.20,0.12,-89.78,-89.57,-89.85,-89.72,0.14,8.32,8.32,8.31,8.32,0.00,,,,,,,,
484,04/25/2023 16:45:00,76.95,77.07,76.95,77.04,0.08,-89.36,-89.11,-89.36,-89.22,0.13,8.31,8.31,8.30,8.31,0.00,,,,,,,,
485,04/25/2023 17:00:00,76.82,76.95,76.82,76.89,0.10,-88.99,-88.61,-88.99,-88.80,0.19,8.30,8.30,8.29,8.30,0.00,,,,,,,,
486,04/25/2023 17:15:00,76.73,76.82,76.73,76.82,0.10,-88.57,-88.13,-88.57,-88.35,0.22,8.29,8.29,8.29,8.29,0.00,,,,,,,,
487,04/25/2023 17:30:00,76.68,76.77,76.68,76.77,0.09,-88.10,-87.78,-88.10,-87.91,0.16,8.28,8.28,8.28,8.28,0.00,,,,,,,,
488,04/25/2023 17:45:00,76.64,76.73,76.64,76.73,0.13,-87.64,-87.28,-87.64,-87.47,0.17,8.28,8.28,8.27,8.27,0.00,,,,,,,,
489,04/25/2023 18:00:00,76.64,76.68,76.64,76.68,0.04,-86.67,-86.67,-87.05,-86.88,0.19,8.26,8.26,8.26,8.26,0.00,,,,,,,,
490,04/25/2023 18:15:00,76.68,76.68,76.68,76.68,0.04,-86.13,-85.91,-86.13,-86.03,0.11,8.25,8.25,8.24,8.24,0.00,,,,,,,,
491,04/25/2023 18:30:00,76.73,76.73,76.73,76.73,0.06,-85.64,-85.36,-85.64,-85.52,0.14,8.24,8.24,8.23,8.23,0.00,,,,,,,,
492,04/25/2023 18:45:00,76.73,76.77,76.73,76.73,0.06,-85.16,-84.83,-85.16,-85.00,0.16,8.23,8.23,8.22,8.22,0.00,,,,,,,,
493,04/25/2023 19:00:00,76.77,76.77,76.77,76.77,0.02,-84.60,-84.36,-84.60,-84.50,0.11,8.21,8.21,8.21,8.21,0.00,,,,,,,,
494,04/25/2023 19:15:00,76.77,76.82,76.77,76.82,0.04,-84.14,-83.86,-84.14,-84.00,0.14,8.21,8.21,8.20,8.20,0.00,,,,,,,,
495,04/25/2023 19:30:00,76.77,76.82,76.77,76.82,0.04,-83.67,-83.41,-83.67,-83.55,0.13,8.20,8.20,8.19,8.19,0.00,,,,,,,,
496,04/25/2023 19:45:00,76.77,76.82,76.77,76.82,0.04,-83.21,-82.97,-83.21,-83.08,0.11,8.19,8.19,8.18,8.18,0.00,,,,,,,,
497,04/25/2023 20:00:00,76.73,76.77,76.73,76.77,0.02,-82.83,-82.50,-82.83,-82.67,0.16,8.18,8.18,8.17,8.18,0.00,,,,,,,,
498,04/25/2023 20:15:00,76.73,76.77,76.73,76.77,0.02,-82.41,-82.16,-82.41,-82.27,0.13,8.17,8.17,8.17,8.17,0.00,,,,,,,,
499,04/25/2023 20:30:00,76.68,76.77,76.68,76.77,0.09,-81.99,-81.71,-81.99,-81.85,0.14,8.16,8.16,8.16,8.16,0.00,,,,,,,,
500,04/25/2023 20:45:00,76.68,76.73,76.68,76.73,0.06,-81.63,-81.31,-81.63,-81.46,0.16,8.16,8.16,8.15,8.15,0.00,,,,,,,,
501,04/25/2023 21:00:00,76.64,76.68,76.64,76.68,0.04,-81.25,-80.94,-81.25,-81.08,0.16,8.15,8.15,8.14,8.14,0.00,,,,,,,,
502,04/25/2023 21:15:00,76.55,76.64,76.55,76.64,0.08,-80.94,-80.60,-80.94,-80.74,0.17,8.14,8.14,8.13,8.14,0.00,,,,,,,,
503,04/25/2023 21:30:00,76.51,76.59,76.51,76.59,0.07,-80.67,-80.33,-80.67,-80.47,0.17,8.14,8.14,8.13,8.13,0.00,,,,,,,,
504,04/25/2023 21:45:00,76.46,76.55,76.46,76.55,0.11,-80.42,-80.06,-80.42,-80.22,0.17,8.13,8.13,8.12,8.13,0.00,,,,,,,,
505,04/25/2023 22:00:00,76.42,76.51,76.42,76.51,0.08,-80.25,-79.86,-80.25,-80.00,0.20,8.13,8.13,8.12,8.12,0.00,,,,,,,,
506,04/25/2023 22:15:00,76.37,76.46,76.37,76.46,0.07,-80.03,-79.63,-80.03,-79.78,0.20,8.12,8.12,8.12,8.12,0.00,,,,,,,,
507,04/25/2023 22:30:00,76.33,76.42,76.33,76.42,0.11,-79.88,-79.46,-79.88,-79.61,0.22,8.12,8.12,8.11,8.12,0.00,,,,,,,,
508,04/25/2023 22:45:00,76.28,76.37,76.28,76.37,0.09,-79.75,-79.35,-79.75,-79.49,0.22,8.12,8.12,8.11,8.11,0.00,,,,,,,,
509,04/25/2023 23:00:00,76.24,76.33,76.24,76.33,0.13,-79.67,-79.22,-79.67,-79.39,0.23,8.12,8.12,8.11,8.11,0.01,,,,,,,,
510,04/25/2023 23:15:00,76.24,76.28,76.24,76.28,0.05,-79.53,-79.13,-79.53,-79.27,0.22,8.11,8.11,8.11,8.11,0.00,,,,,,,,
511,04/25/2023 23:30:00,76.21,76.24,76.21,76.24,0.02,-79.46,-79.02,-79.46,-79.17,0.23,8.11,8.11,8.10,8.11,0.00,,,,,,,,
512,04/25/2023 23:45:00,76.15,76.24,76.15,76.24,0.09,-79.39,-78.94,-79.39,-79.08,0.27,8.11,8.11,8.10,8.11,0.01,,,,,,,,
513,04/26/2023 00:00:00,76.15,76.21,76.15,76.21,0.05,-79.27,-78.86,-79.27,-79.00,0.22,8.11,8.11,8.10,8.10,0.00,,,,,,,,
514,04/26/2023 00:15:00,76.12,76.15,76.12,76.15,0.05,-79.19,-78.77,-79.19,-78.91,0.23,8.11,8.11,8.10,8.10,0.00,,,,,,,,
515,04/26/2023 00:30:00,76.12,76.15,76.12,76.15,0.05,-79.11,-78.66,-79.11,-78.80,0.27,8.11,8.11,8.10,8.10,0.01,,,,,,,,
516,04/26/2023 00:45:00,76.06,76.12,76.06,76.12,0.01,-79.06,-78.61,-79.06,-78.78,0.23,8.10,8.10,8.10,8.10,0.01,,,,,,,,
517,04/26/2023 01:00:00,76.03,76.06,76.03,76.06,0.01,-78.99,-78.52,-78.99,-78.69,0.25,8.10,8.10,8.09,8.10,0.01,,,,,,,,
518,04/26/2023 01:15:00,75.99,76.03,75.99,76.03,0.04,-78.99,-78.52,-78.99,-78.67,0.27,8.10,8.10,8.09,8.10,0.01,,,,,,,,
519,04/26/2023 01:30:00,75.94,75.99,75.94,75.99,0.01,-78.89,-78.49,-78.89,-78.61,0.23,8.10,8.10,8.09,8.10,0.00,,,,,,,,
520,04/26/2023 01:45:00,75.90,75.99,75.90,75.99,0.08,-78.85,-78.41,-78.85,-78.56,0.23,8.10,8.10,8.09,8.10,0.00,,,,,,,,
521,04/26/2023 02:00:00,75.85,75.90,75.85,75.90,0.04,-78.75,-78.36,-78.75,-78.49,0.22,8.10,8.10,8.09,8.09,0.00,,,,,,,,
522,04/26/2023 02:15:00,75.81,75.90,75.81,75.90,0.10,-78.77,-78.30,-78.77,-78.46,0.27,8.10,8.10,8.09,8.09,0.01,,,,,,,,
523,04/26/2023 02:30:00,75.78,75.85,75.78,75.85,0.09,-78.75,-78.30,-78.75,-78.44,0.27,8.10,8.10,8.09,8.09,0.01,,,,,,,,
524,04/26/2023 02:45:00,75.78,75.81,75.78,75.81,0.06,-78.69,-78.27,-78.69,-78.41,0.23,8.10,8.10,8.09,8.09,0.00,,,,,,,,
525,04/26/2023 03:00:00,75.72,75.78,75.72,75.78,0.03,-78.67,-78.21,-78.67,-78.36,0.27,8.10,8.10,8.09,8.09,0.01,,,,,,,,
526,04/26/2023 03:15:00,75.69,75.78,75.69,75.78,0.09,-78.64,-78.19,-78.64,-78.33,0.27,8.10,8.10,8.09,8.09,0.01,,,,,,,,
527,04/26/2023 03:30:00,75.63,75.72,75.63,75.72,0.09,-78.60,-78.16,-78.60,-78.30,0.25,8.10,8.10,8.09,8.09,0.01,,,,,,,,
528,04/26/2023 03:45:00,75.60,75.69,75.60,75.69,0.12,-78.52,-78.10,-78.52,-78.24,0.23,8.09,8.09,8.09,8.09,0.00,,,,,,,,
529,04/26/2023 04:00:00,75.54,75.63,75.54,75.63,0.11,-78.50,-78.05,-78.50,-78.21,0.25,8.09,8.09,8.09,8.09,0.01,,,,,,,,
530,04/26/2023 04:15:00,75.51,75.60,75.51,75.60,0.08,-78.44,-77.99,-78.44,-78.14,0.25,8.09,8.09,8.08,8.09,0.01,,,,,,,,
531,04/26/2023 04:30:00,75.47,75.51,75.47,75.51,0.04,-78.36,-77.92,-78.36,-78.08,0.23,8.09,8.09,8.08,8.09,0.00,,,,,,,,
532,04/26/2023 04:45:00,75.42,75.51,75.42,75.51,0.10,-78.30,-77.85,-78.30,-78.00,0.25,8.09,8.09,8.08,8.08,0.01,,,,,,,,
533,04/26/2023 05:00:00,75.42,75.47,75.42,75.47,0.02,-78.16,-77.72,-78.16,-77.88,0.23,8.09,8.09,8.08,8.08,0.00,,,,,,,,
534,04/26/2023 05:15:00,75.42,75.47,75.42,75.47,0.02,-78.06,-77.56,-78.06,-77.77,0.25,8.09,8.09,8.08,8.08,0.01,,,,,,,,
535,04/26/2023 05:30:00,75.42,75.47,75.42,75.47,0.02,-77.96,-77.50,-77.96,-77.67,0.23,8.08,8.08,8.07,8.08,0.00,,,,,,,,
536,04/26/2023 05:45:00,75.38,75.47,75.38,75.47,0.08,-77.88,-77.41,-77.88,-77.58,0.25,8.08,8.08,8.07,8.08,0.01,,,,,,,,
537,04/26/2023 06:00:00,75.38,75.42,75.38,75.42,0.00,-77.85,-77.38,-77.85,-77.53,0.27,8.08,8.08,8.07,8.08,0.01,,,,,,,,
538,04/26/2023 06:15:00,75.33,75.38,75.33,75.38,0.04,-77.85,-77.39,-77.85,-77.53,0.27,8.08,8.08,8.07,8.08,0.01,,,,,,,,
539,04/26/2023 06:30:00,75.33,75.38,75.33,75.38,0.04,-77.96,-77.41,-77.96,-77.60,0.30,8.08,8.08,8.07,8.08,0.01,,,,,,,,
540,04/26/2023 06:45:00,75.33,75.38,75.33,75.38,0.04,-78.11,-77.55,-78.11,-77.74,0.31,8.09,8.09,8.08,8.08,0.01,,,,,,,,
541,04/26/2023 07:00:00,75.29,75.38,75.29,75.38,0.11,-78.33,-77.74,-78.33,-77.94,0.33,8.09,8.09,8.08,8.08,0.01,,,,,,,,
542,04/26/2023 07:15:00,75.25,75.33,75.25,75.33,0.09,-78.55,-77.96,-78.55,-78.17,0.31,8.10,8.10,8.08,8.09,0.01,,,,,,,,
543,04/26/2023 07:30:00,75.20,75.25,75.20,75.25,0.04,-78.91,-78.24,-78.91,-78.50,0.34,8.10,8.10,8.09,8.10,0.01,,,,,,,,
544,04/26/2023 07:45:00,75.16,75.20,75.16,75.20,0.03,-79.35,-78.61,-79.35,-78.89,0.39,8.11,8.11,8.10,8.10,0.01,,,,,,,,
545,04/26/2023 08:00:00,75.20,75.20,75.20,75.20,0.03,-80.39,-79.06,-80.39,-79.55,0.72,8.13,8.13,8.11,8.12,0.01,,,,,,,,
546,04/26/2023 08:15:00,75.29,75.29,75.25,75.25,0.11,-81.27,-80.13,-81.27,-80.63,0.58,8.15,8.15,8.13,8.14,0.01,,,,,,,,
547,04/26/2023 08:30:00,75.38,75.42,75.33,75.38,0.11,-82.07,-81.06,-82.07,-81.50,0.50,8.17,8.17,8.15,8.16,0.01,,,,,,,,
548,04/26/2023 08:45:00,75.54,75.54,75.47,75.47,0.08,-83.11,-82.03,-83.11,-82.46,0.56,8.19,8.19,8.17,8.17,0.01,,,,,,,,
549,04/26/2023 09:00:00,75.69,75.69,75.60,75.60,0.08,-83.88,-82.91,-83.88,-83.32,0.50,8.20,8.20,8.18,8.19,0.01,,,,,,,,
550,04/26/2023 09:15:00,75.81,75.81,75.78,75.78,0.09,-84.78,-83.85,-84.78,-84.25,0.47,8.22,8.22,8.20,8.21,0.01,,,,,,,,
551,04/26/2023 09:30:00,76.03,76.03,75.90,75.94,0.06,-85.94,-84.78,-85.94,-85.25,0.59,8.24,8.24,8.22,8.23,0.01,,,,,,,,
552,04/26/2023 09:45:00,76.28,76.28,76.12,76.21,0.18,-87.55,-85.88,-87.55,-86.55,0.88,8.27,8.27,8.24,8.25,0.02,,,,,,,,
553,04/26/2023 10:00:00,76.59,76.59,76.42,76.51,0.15,-88.77,-87.36,-88.77,-87.94,0.73,8.30,8.30,8.27,8.28,0.01,,,,,,,,
554,04/26/2023 10:15:00,76.89,76.89,76.73,76.82,0.17,-89.16,-88.46,-89.16,-88.77,0.36,8.31,8.31,8.29,8.30,0.01,,,,,,,,
555,04/26/2023 10:30:00,77.11,77.11,76.98,77.04,0.08,-90.03,-89.05,-90.03,-89.46,0.52,8.32,8.32,8.30,8.31,0.01,,,,,,,,
556,04/26/2023 10:45:00,77.38,77.38,77.25,77.29,0.10,-91.02,-89.92,-91.02,-90.39,0.56,8.34,8.34,8.32,8.33,0.01,,,,,,,,
557,04/26/2023 11:00:00,77.65,77.65,77.47,77.56,0.17,-92.13,-91.08,-92.13,-91.64,0.52,8.36,8.36,8.34,8.35,0.01,,,,,,,,
558,04/26/2023 11:15:00,77.95,77.95,77.77,77.86,0.14,-93.44,-92.28,-93.44,-92.69,0.64,8.39,8.39,8.37,8.37,0.01,,,,,,,,
559,04/26/2023 11:30:00,78.26,78.26,78.08,78.17,0.18,-94.52,-93.52,-94.52,-93.86,0.56,8.41,8.41,8.39,8.40,0.01,,,,,,,,
560,04/26/2023 11:45:00,78.48,78.48,78.39,78.39,0.10,-94.99,-93.74,-94.99,-94.27,0.64,8.42,8.42,8.39,8.40,0.01,,,,,,,,
561,04/26/2023 12:00:00,78.73,78.73,78.60,78.64,0.20,-95.83,-95.11,-95.83,-95.44,0.36,8.43,8.43,8.42,8.43,0.01,,,,,,,,
562,04/26/2023 12:15:00,78.94,78.94,78.82,78.87,0.18,-96.35,-95.38,-96.35,-95.94,0.50,8.44,8.44,8.43,8.44,0.01,,,,,,,,
563,04/26/2023 12:30:00,79.03,79.03,79.03,79.03,0.02,-96.75,-95.94,-96.75,-96.38,0.41,8.45,8.45,8.44,8.44,0.01,,,,,,,,
564,04/26/2023 12:45:00,79.18,79.18,79.12,79.12,0.14,-96.74,-96.35,-96.74,-96.50,0.20,8.45,8.45,8.44,8.45,0.00,,,,,,,,
565,04/26/2023 13:00:00,79.27,79.27,79.21,79.21,0.12,-96.89,-96.58,-96.89,-96.77,0.17,8.45,8.45,8.45,8.45,0.00,,,,,,,,
566,04/26/2023 13:15:00,79.34,79.34,79.30,79.30,0.10,-97.58,-96.50,-97.58,-96.96,0.55,8.47,8.47,8.45,8.46,0.01,,,,,,,,
567,04/26/2023 13:30:00,79.52,79.57,79.48,79.52,0.10,-97.92,-97.52,-97.92,-97.72,0.20,8.47,8.47,8.47,8.47,0.00,,,,,,,,
568,04/26/2023 13:45:00,79.43,79.66,79.43,79.52,0.17,-96.96,-96.28,-97.41,-96.88,0.56,8.45,8.46,8.44,8.45,0.01,,,,,,,,
569,04/26/2023 14:00:00,79.21,79.34,79.21,79.30,0.10,-96.17,-95.74,-96.17,-96.00,0.23,8.44,8.44,8.43,8.44,0.00,,,,,,,,
570,04/26/2023 14:15:00,79.00,79.18,79.00,79.12,0.21,-95.57,-95.46,-95.57,-95.50,0.05,8.43,8.43,8.43,8.43,0.00,,,,,,,,
571,04/26/2023 14:30:00,78.82,79.00,78.82,78.94,0.18,-95.17,-94.78,-95.17,-94.92,0.20,8.42,8.42,8.41,8.42,0.00,,,,,,,,
572,04/26/2023 14:45:00,78.57,78.78,78.57,78.69,0.15,-94.11,-93.88,-94.22,-94.07,0.17,8.40,8.40,8.40,8.40,0.00,,,,,,,,
573,04/26/2023 15:00:00,78.39,78.57,78.39,78.48,0.15,-93.44,-93.21,-93.44,-93.28,0.13,8.39,8.39,8.38,8.38,0.00,,,,,,,,
574,04/26/2023 15:15:00,78.17,78.33,78.17,78.26,0.16,-92.67,-92.50,-92.71,-92.63,0.11,8.37,8.37,8.37,8.37,0.00,,,,,,,,
575,04/26/2023 15:30:00,77.99,78.12,77.99,78.08,0.13,-92.10,-91.80,-92.10,-91.97,0.16,8.36,8.36,8.36,8.36,0.00,,,,,,,,
576,04/26/2023 15:45:00,77.77,77.95,77.77,77.90,0.17,-91.58,-91.35,-91.58,-91.46,0.11,8.35,8.35,8.35,8.35,0.00,,,,,,,,
577,04/26/2023 16:00:00,77.59,77.77,77.59,77.68,0.19,-91.00,-90.71,-91.00,-90.89,0.16,8.34,8.34,8.33,8.34,0.00,,,,,,,,
578,04/26/2023 16:15:00,77.41,77.59,77.41,77.50,0.16,-90.35,-90.11,-90.35,-90.25,0.11,8.33,8.33,8.32,8.33,0.00,,,,,,,,
579,04/26/2023 16:30:00,77.29,77.41,77.29,77.38,0.08,-89.88,-89.52,-89.88,-89.74,0.19,8.32,8.32,8.31,8.32,0.00,,,,,,,,
580,04/26/2023 16:45:00,77.16,77.25,77.16,77.25,0.07,-89.42,-89.08,-89.42,-89.27,0.17,8.31,8.31,8.30,8.31,0.00,,,,,,,,
581,04/26/2023 17:00:00,77.04,77.11,77.04,77.11,0.08,-88.99,-88.71,-88.99,-88.83,0.14,8.30,8.30,8.30,8.30,0.00,,,,,,,,
582,04/26/2023 17:15:00,76.98,77.04,76.98,77.04,0.02,-88.27,-87.99,-88.27,-88.13,0.14,8.29,8.29,8.28,8.28,0.00,,,,,,,,
583,04/26/2023 17:30:00,76.95,77.04,76.95,77.04,0.08,-87.78,-87.53,-87.78,-87.66,0.13,8.28,8.28,8.27,8.28,0.00,,,,,,,,
584,04/26/2023 17:45:00,76.89,76.98,76.89,76.98,0.08,-87.33,-86.99,-87.33,-87.17,0.16,8.27,8.27,8.26,8.27,0.00,,,,,,,,
585,04/26/2023 18:00:00,76.95,76.95,76.95,76.95,0.04,-86.36,-86.36,-86.74,-86.57,0.19,8.25,8.26,8.25,8.25,0.00,,,,,,,,
586,04/26/2023 18:15:00,76.98,76.98,76.98,76.98,0.01,-85.86,-85.55,-85.86,-85.69,0.16,8.24,8.24,8.23,8.24,0.00,,,,,,,,
587,04/26/2023 18:30:00,77.04,77.04,77.04,77.04,0.02,-85.32,-85.07,-85.32,-85.19,0.13,8.23,8.23,8.22,8.23,0.00,,,,,,,,
588,04/26/2023 18:45:00,77.04,77.07,77.04,77.07,0.05,-84.82,-84.52,-84.82,-84.66,0.14,8.22,8.22,8.21,8.22,0.00,,,,,,,,
589,04/26/2023 19:00:00,77.04,77.07,77.04,77.07,0.05,-84.27,-84.00,-84.27,-84.14,0.13,8.21,8.21,8.20,8.20,0.00,,,,,,,,
590,04/26/2023 19:15:00,76.98,77.07,76.98,77.07,0.12,-83.86,-83.58,-83.86,-83.72,0.14,8.20,8.20,8.19,8.20,0.00,,,,,,,,
591,04/26/2023 19:30:00,76.98,77.04,76.98,77.04,0.02,-83.46,-83.11,-83.46,-83.27,0.17,8.19,8.19,8.18,8.19,0.00,,,,,,,,
592,04/26/2023 19:45:00,76.95,76.98,76.95,76.98,0.01,-83.00,-82.66,-83.00,-82.85,0.16,8.18,8.18,8.18,8.18,0.00,,,,,,,,
593,04/26/2023 20:00:00,76.89,76.98,76.89,76.98,0.08,-82.61,-82.30,-82.61,-82.46,0.14,8.17,8.17,8.17,8.17,0.00,,,,,,,,
594,04/26/2023 20:15:00,76.82,76.89,76.82,76.89,0.10,-82.24,-81.88,-82.24,-82.05,0.17,8.17,8.17,8.16,8.16,0.00,,,,,,,,
595,04/26/2023 20:30:00,76.77,76.86,76.77,76.86,0.06,-81.91,-81.55,-81.91,-81.72,0.17,8.16,8.16,8.15,8.16,0.00,,,,,,,,
596,04/26/2023 20:45:00,76.68,76.77,76.68,76.77,0.09,-81.58,-81.22,-81.58,-81.38,0.17,8.15,8.15,8.15,8.15,0.00,,,,,,,,
597,04/26/2023 21:00:00,76.59,76.68,76.59,76.68,0.11,-81.21,-80.88,-81.21,-81.02,0.16,8.15,8.15,8.14,8.14,0.00,,,,,,,,
598,04/26/2023 21:15:00,76.51,76.59,76.51,76.59,0.07,-80.91,-80.55,-80.91,-80.69,0.19,8.14,8.14,8.13,8.14,0.00,,,,,,,,
599,04/26/2023 21:30:00,76.46,76.51,76.46,76.51,0.02,-80.64,-80.25,-80.64,-80.42,0.19,8.14,8.14,8.13,8.13,0.00,,,,,,,,
600,04/26/2023 21:45:00,76.37,76.46,76.37,76.46,0.07,-80.38,-79.99,-80.38,-80.14,0.20,8.13,8.13,8.12,8.13,0.00,,,,,,,,
601,04/26/2023 22:00:00,76.28,76.37,76.28,76.37,0.09,-80.13,-79.74,-80.13,-79.91,0.19,8.13,8.13,8.12,8.12,0.00,,,,,,,,
602,04/26/2023 22:15:00,76.21,76.28,76.21,76.28,0.11,-79.94,-79.53,-79.94,-79.69,0.20,8.12,8.12,8.11,8.12,0.00,,,,,,,,
603,04/26/2023 22:30:00,76.15,76.24,76.15,76.24,0.09,-79.75,-79.36,-79.75,-79.50,0.20,8.12,8.12,8.11,8.11,0.00,,,,,,,,
604,04/26/2023 22:45:00,76.12,76.15,76.12,76.15,0.05,-79.60,-79.19,-79.60,-79.35,0.20,8.12,8.12,8.11,8.11,0.00,,,,,,,,
605,04/26/2023 23:00:00,76.06,76.12,76.06,76.12,0.01,-79.50,-79.08,-79.50,-79.24,0.22,8.11,8.11,8.11,8.11,0.00,,,,,,,,
606,04/26/2023 23:15:00,75.99,76.06,75.99,76.06,0.07,-79.44,-79.00,-79.44,-79.16,0.23,8.11,8.11,8.10,8.11,0.01,,,,,,,,
607,04/26/2023 23:30:00,75.94,76.03,75.94,76.03,0.10,-79.33,-78.88,-79.33,-79.05,0.23,8.11,8.11,8.10,8.10,0.01,,,,,,,,
608,04/26/2023 23:45:00,75.90,75.99,75.90,75.99,0.08,-79.27,-78.78,-79.27,-78.96,0.27,8.11,8.11,8.10,8.10,0.01,,,,,,,,
609,04/27/2023 00:00:00,75.90,75.94,75.90,75.94,0.00,-79.22,-78.77,-79.22,-78.91,0.27,8.11,8.11,8.10,8.10,0.01,,,,,,,,
610,04/27/2023 00:15:00,75.85,75.90,75.85,75.90,0.04,-79.17,-78.74,-79.17,-78.89,0.23,8.11,8.11,8.10,8.10,0.01,,,,,,,,
611,04/27/2023 00:30:00,75.81,75.90,75.81,75.90,0.10,-79.13,-78.64,-79.13,-78.83,0.25,8.11,8.11,8.10,8.10,0.01,,,,,,,,
612,04/27/2023 00:45:00,75.78,75.85,75.78,75.85,0.09,-79.02,-78.58,-79.02,-78.74,0.23,8.10,8.10,8.10,8.10,0.00,,,,,,,,
613,04/27/2023 01:00:00,75.78,75.81,75.78,75.81,0.06,-79.02,-78.55,-79.02,-78.71,0.27,8.10,8.10,8.10,8.10,0.01,,,,,,,,
614,04/27/2023 01:15:00,75.78,75.81,75.78,75.81,0.06,-78.99,-78.52,-78.99,-78.67,0.27,8.10,8.10,8.09,8.10,0.01,,,,,,,,
615,04/27/2023 01:30:00,75.72,75.78,75.72,75.78,0.03,-78.92,-78.52,-78.92,-78.64,0.23,8.10,8.10,8.09,8.10,0.00,,,,,,,,
616,04/27/2023 01:45:00,75.72,75.78,75.72,75.78,0.03,-78.89,-78.42,-78.89,-78.60,0.25,8.10,8.10,8.09,8.10,0.01,,,,,,,,
617,04/27/2023 02:00:00,75.69,75.72,75.69,75.72,0.02,-78.78,-78.38,-78.78,-78.52,0.22,8.10,8.10,8.09,8.09,0.00,,,,,,,,
618,04/27/2023 02:15:00,75.69,75.72,75.69,75.72,0.09,-78.80,-78.35,-78.80,-78.52,0.23,8.10,8.10,8.09,8.09,0.01,,,,,,,,
619,04/27/2023 02:30:00,75.63,75.69,75.63,75.69,0.05,-78.80,-78.30,-78.80,-78.47,0.28,8.10,8.10,8.09,8.09,0.01,,,,,,,,
620,04/27/2023 02:45:00,75.60,75.63,75.60,75.63,0.05,-78.71,-78.28,-78.71,-78.42,0.23,8.10,8.10,8.09,8.09,0.00,,,,,,,,
621,04/27/2023 03:00:00,75.54,75.63,75.54,75.63,0.11,-78.72,-78.25,-78.72,-78.41,0.27,8.10,8.10,8.09,8.09,0.01,,,,,,,,
622,04/27/2023 03:15:00,75.54,75.60,75.54,75.60,0.01,-78.66,-78.19,-78.66,-78.35,0.27,8.10,8.10,8.09,8.09,0.01,,,,,,,,
623,04/27/2023 03:30:00,75.51,75.54,75.51,75.54,0.01,-78.60,-78.16,-78.60,-78.31,0.23,8.10,8.10,8.09,8.09,0.00,,,,,,,,
624,04/27/2023 03:45:00,75.47,75.54,75.47,75.54,0.07,-78.56,-78.13,-78.56,-78.28,0.23,8.10,8.10,8.09,8.09,0.01,,,,,,,,
625,04/27/2023 04:00:00,75.47,75.51,75.47,75.51,0.04,-78.47,-78.05,-78.47,-78.19,0.23,8.09,8.09,8.09,8.09,0.00,,,,,,,,
626,04/27/2023 04:15:00,75.47,75.51,75.47,75.51,0.10,-78.50,-78.03,-78.50,-78.19,0.27,8.09,8.09,8.09,8.09,0.01,,,,,,,,
627,04/27/2023 04:30:00,75.42,75.47,75.42,75.47,0.08,-78.41,-77.94,-78.41,-78.10,0.27,8.09,8.09,8.08,8.09,0.01,,,,,,,,
628,04/27/2023 04:45:00,75.38,75.42,75.38,75.42,0.00,-78.33,-77.89,-78.33,-78.05,0.23,8.09,8.09,8.08,8.09,0.00,,,,,,,,
629,04/27/2023 05:00:00,75.33,75.38,75.33,75.38,0.04,-78.33,-77.86,-78.33,-78.02,0.27,8.09,8.09,8.08,8.09,0.01,,,,,,,,
630,04/27/2023 05:15:00,75.29,75.33,75.29,75.33,0.03,-78.27,-77.80,-78.27,-77.96,0.27,8.09,8.09,8.08,8.08,0.01,,,,,,,,
631,04/27/2023 05:30:00,75.25,75.29,75.25,75.29,0.00,-78.13,-77.69,-78.13,-77.85,0.23,8.09,8.09,8.08,8.08,0.00,,,,,,,,
632,04/27/2023 05:45:00,75.20,75.29,75.20,75.29,0.07,-78.05,-77.60,-78.05,-77.77,0.23,8.09,8.09,8.08,8.08,0.01,,,,,,,,
633,04/27/2023 06:00:00,75.20,75.25,75.20,75.25,0.04,-77.96,-77.52,-77.96,-77.66,0.25,8.08,8.08,8.08,8.08,0.01,,,,,,,,
634,04/27/2023 06:15:00,75.20,75.20,75.20,75.20,0.03,-77.97,-77.47,-77.97,-77.64,0.28,8.08,8.08,8.07,8.08,0.01,,,,,,,,
635,04/27/2023 06:30:00,75.20,75.20,75.20,75.20,0.03,-78.03,-77.50,-78.03,-77.69,0.30,8.09,8.09,8.08,8.08,0.01,,,,,,,,
636,04/27/2023 06:45:00,75.20,75.25,75.20,75.20,0.03,-78.21,-77.60,-78.21,-77.80,0.34,8.09,8.09,8.08,8.08,0.01,,,,,,,,
637,04/27/2023 07:00:00,75.20,75.29,75.20,75.25,0.11,-78.44,-77.78,-78.44,-78.03,0.34,8.09,8.09,8.08,8.09,0.01,,,,,,,,
638,04/27/2023 07:15:00,75.16,75.25,75.16,75.25,0.11,-78.66,-78.03,-78.66,-78.25,0.34,8.10,8.10,8.09,8.09,0.01,,,,,,,,
639,04/27/2023 07:30:00,75.16,75.20,75.16,75.20,0.03,-79.02,-78.30,-79.02,-78.56,0.39,8.11,8.11,8.09,8.10,0.01,,,,,,,,
640,04/27/2023 07:45:00,75.11,75.16,75.11,75.16,0.01,-79.41,-78.64,-79.41,-78.94,0.41,8.11,8.11,8.10,8.10,0.01,,,,,,,,
641,04/27/2023 08:00:00,75.20,75.20,75.20,75.20,0.03,-80.46,-79.11,-80.46,-79.63,0.72,8.13,8.13,8.11,8.12,0.01,,,,,,,,
642,04/27/2023 08:15:00,75.33,75.33,75.29,75.29,0.07,-81.42,-80.30,-81.42,-80.77,0.58,8.15,8.15,8.13,8.14,0.01,,,,,,,,
643,04/27/2023 08:30:00,75.51,75.51,75.42,75.47,0.08,-82.36,-81.24,-82.36,-81.74,0.56,8.17,8.17,8.15,8.16,0.01,,,,,,,,
644,04/27/2023 08:45:00,75.69,75.69,75.63,75.63,0.11,-83.36,-82.27,-83.36,-82.71,0.58,8.19,8.19,8.17,8.18,0.01,,,,,,,,
645,04/27/2023 09:00:00,75.90,75.90,75.81,75.81,0.13,-84.35,-83.28,-84.35,-83.72,0.55,8.21,8.21,8.19,8.20,0.01,,,,,,,,
646,04/27/2023 09:15:00,76.12,76.12,75.99,76.03,0.10,-85.42,-84.33,-85.42,-84.77,0.56,8.23,8.23,8.21,8.22,0.01,,,,,,,,
647,04/27/2023 09:30:00,76.33,76.33,76.21,76.24,0.09,-86.58,-85.28,-86.58,-85.83,0.67,8.26,8.26,8.23,8.24,0.01,,,,,,,,
648,04/27/2023 09:45:00,76.73,76.73,76.46,76.55,0.24,-88.46,-86.66,-88.46,-87.42,0.92,8.29,8.29,8.26,8.27,0.02,,,,,,,,
649,04/27/2023 10:00:00,77.16,77.16,76.89,76.98,0.21,-90.05,-88.67,-90.05,-89.33,0.69,8.32,8.32,8.30,8.31,0.01,,,,,,,,
650,04/27/2023 10:15:00,77.50,77.50,77.34,77.41,0.19,-90.35,-89.25,-90.35,-89.85,0.56,8.33,8.33,8.31,8.32,0.01,,,,,,,,
651,04/27/2023 10:30:00,77.77,77.77,77.65,77.68,0.12,-91.16,-90.13,-91.16,-90.53,0.55,8.34,8.34,8.32,8.33,0.01,,,,,,,,
652,04/27/2023 10:45:00,78.08,78.08,77.90,77.99,0.15,-92.07,-90.92,-92.07,-91.41,0.58,8.36,8.36,8.34,8.35,0.01,,,,,,,,
653,04/27/2023 11:00:00,78.42,78.42,78.21,78.30,0.19,-93.52,-91.97,-93.52,-92.66,0.78,8.39,8.39,8.36,8.37,0.02,,,,,,,,
654,04/27/2023 11:15:00,78.78,78.78,78.60,78.69,0.15,-94.63,-93.66,-94.63,-94.10,0.48,8.41,8.41,8.39,8.40,0.01,,,,,,,,
655,04/27/2023 11:30:00,79.12,79.12,78.91,79.00,0.26,-95.52,-94.78,-95.52,-95.05,0.39,8.43,8.43,8.41,8.42,0.01,,,,,,,,
656,04/27/2023 11:45:00,79.34,79.34,79.21,79.27,0.13,-95.80,-94.75,-95.80,-95.21,0.53,8.43,8.43,8.41,8.42,0.01,,,,,,,,
657,04/27/2023 12:00:00,79.70,79.70,79.57,79.61,0.15,-96.57,-96.49,-97.03,-96.69,0.30,8.45,8.46,8.45,8.45,0.01,,,,,,,,
658,04/27/2023 12:15:00,79.83,79.88,79.79,79.83,0.08,-97.35,-96.36,-97.35,-96.92,0.50,8.46,8.46,8.44,8.45,0.01,,,,,,,,
659,04/27/2023 12:30:00,79.83,79.88,79.83,79.88,0.03,-97.38,-96.63,-97.38,-97.00,0.38,8.46,8.46,8.45,8.46,0.01,,,,,,,,
660,04/27/2023 12:45:00,79.83,79.88,79.83,79.88,0.03,-97.66,-97.11,-97.66,-97.35,0.28,8.47,8.47,8.46,8.46,0.01,,,,,,,,
661,04/27/2023 13:00:00,79.83,79.88,79.83,79.88,0.03,-97.74,-97.11,-97.74,-97.38,0.31,8.47,8.47,8.46,8.46,0.01,,,,,,,,
662,04/27/2023 13:15:00,79.83,79.88,79.83,79.88,0.03,-98.11,-97.21,-98.11,-97.55,0.48,8.48,8.48,8.46,8.47,0.01,,,,,,,,
663,04/27/2023 13:30:00,79.92,80.01,79.92,79.97,0.08,-98.50,-98.33,-98.50,-98.42,0.09,8.48,8.48,8.48,8.48,0.00,,,,,,,,
664,04/27/2023 13:45:00,79.70,79.97,79.70,79.83,0.22,-97.58,-96.96,-98.27,-97.61,0.66,8.47,8.48,8.45,8.47,0.01,,,,,,,,
665,04/27/2023 14:00:00,79.34,79.61,79.34,79.52,0.24,-96.60,-96.33,-96.63,-96.52,0.16,8.45,8.45,8.44,8.45,0.00,,,,,,,,
666,04/27/2023 14:15:00,79.12,79.30,79.12,79.27,0.20,-96.07,-95.88,-96.33,-96.10,0.22,8.44,8.44,8.43,8.44,0.00,,,,,,,,
667,04/27/2023 14:30:00,78.82,79.09,78.82,79.00,0.26,-95.10,-95.02,-95.61,-95.25,0.31,8.42,8.43,8.42,8.42,0.01,,,,,,,,
668,04/27/2023 14:45:00,78.57,78.78,78.57,78.69,0.22,-94.46,-94.17,-94.46,-94.35,0.14,8.41,8.41,8.40,8.41,0.00,,,,,,,,
669,04/27/2023 15:00:00,78.33,78.51,78.33,78.42,0.21,-93.82,-93.52,-93.82,-93.67,0.14,8.40,8.40,8.39,8.39,0.00,,,,,,,,
670,04/27/2023 15:15:00,78.08,78.26,78.08,78.21,0.14,-92.96,-92.78,-92.99,-92.91,0.11,8.38,8.38,8.37,8.38,0.00,,,,,,,,
671,04/27/2023 15:30:00,77.86,78.08,77.86,77.99,0.15,-92.21,-92.07,-92.22,-92.16,0.08,8.36,8.36,8.36,8.36,0.00,,,,,,,,
672,04/27/2023 15:45:00,77.72,77.86,77.72,77.81,0.13,-91.61,-91.35,-91.61,-91.50,0.14,8.35,8.35,8.35,8.35,0.00,,,,,,,,
673,04/27/2023 16:00:00,77.50,77.68,77.50,77.65,0.15,-90.97,-90.71,-90.97,-90.88,0.16,8.34,8.34,8.33,8.34,0.00,,,,,,,,
674,04/27/2023 16:15:00,77.34,77.50,77.34,77.41,0.19,-90.30,-90.07,-90.30,-90.21,0.13,8.33,8.33,8.32,8.33,0.00,,,,,,,,
675,04/27/2023 16:30:00,77.20,77.34,77.20,77.29,0.10,-89.82,-89.57,-89.82,-89.71,0.13,8.32,8.32,8.31,8.32,0.00,,,,,,,,
676,04/27/2023 16:45:00,77.04,77.16,77.04,77.11,0.08,-89.33,-89.07,-89.33,-89.21,0.13,8.31,8.31,8.30,8.31,0.00,,,,,,,,
677,04/27/2023 17:00:00,76.95,77.04,76.95,77.04,0.08,-89.00,-88.69,-89.00,-88.80,0.17,8.30,8.30,8.30,8.30,0.00,,,,,,,,
678,04/27/2023 17:15:00,76.89,76.95,76.89,76.95,0.04,-88.55,-88.25,-88.55,-88.39,0.14,8.29,8.29,8.29,8.29,0.00,,,,,,,,
679,04/27/2023 17:30:00,76.86,76.89,76.86,76.89,0.03,-88.13,-87.82,-88.13,-87.97,0.14,8.28,8.28,8.28,8.28,0.00,,,,,,,,
680,04/27/2023 17:45:00,76.86,76.89,76.86,76.89,0.03,-87.72,-87.35,-87.72,-87.50,0.19,8.28,8.28,8.27,8.27,0.00,,,,,,,,
681,04/27/2023 18:00:00,76.86,76.86,76.86,76.86,0.00,-86.53,-86.53,-87.07,-86.85,0.27,8.25,8.26,8.25,8.26,0.01,,,,,,,,
682,04/27/2023 18:15:00,76.89,76.89,76.89,76.89,0.03,-85.96,-85.67,-85.96,-85.83,0.14,8.24,8.24,8.24,8.24,0.00,,,,,,,,
683,04/27/2023 18:30:00,76.95,76.98,76.95,76.95,0.04,-85.46,-85.16,-85.46,-85.33,0.14,8.23,8.23,8.23,8.23,0.00,,,,,,,,
684,04/27/2023 18:45:00,76.98,77.04,76.98,77.04,0.02,-84.89,-84.60,-84.89,-84.77,0.14,8.22,8.22,8.21,8.22,0.00,,,,,,,,
685,04/27/2023 19:00:00,77.04,77.07,77.04,77.04,0.02,-84.39,-84.11,-84.39,-84.25,0.14,8.21,8.21,8.20,8.21,0.00,,,,,,,,
686,04/27/2023 19:15:00,77.04,77.07,77.04,77.07,0.05,-83.88,-83.57,-83.88,-83.75,0.16,8.20,8.20,8.19,8.20,0.00,,,,,,,,
687,04/27/2023 19:30:00,77.04,77.07,77.04,77.07,0.12,-83.41,-83.13,-83.41,-83.28,0.14,8.19,8.19,8.18,8.19,0.00,,,,,,,,
688,04/27/2023 19:45:00,76.98,77.04,76.98,77.04,0.02,-82.99,-82.67,-82.99,-82.83,0.14,8.18,8.18,8.18,8.18,0.00,,,,,,,,
689,04/27/2023 20:00:00,76.98,77.04,76.98,77.04,0.02,-82.55,-82.25,-82.55,-82.39,0.14,8.17,8.17,8.17,8.17,0.00,,,,,,,,
690,04/27/2023 20:15:00,76.95,76.98,76.95,76.98,0.01,-82.21,-81.85,-82.21,-82.02,0.17,8.17,8.17,8.16,8.16,0.00,,,,,,,,
691,04/27/2023 20:30:00,76.89,76.95,76.89,76.95,0.04,-81.81,-81.52,-81.81,-81.64,0.14,8.16,8.16,8.15,8.15,0.00,,,,,,,,
692,04/27/2023 20:45:00,76.86,76.95,76.86,76.95,0.11,-81.52,-81.17,-81.52,-81.31,0.17,8.15,8.15,8.15,8.15,0.00,,,,,,,,
693,04/27/2023 21:00:00,76.77,76.86,76.77,76.86,0.06,-81.22,-80.89,-81.22,-81.02,0.17,8.15,8.15,8.14,8.14,0.00,,,,,,,,
694,04/27/2023 21:15:00,76.73,76.82,76.73,76.82,0.10,-80.94,-80.56,-80.94,-80.72,0.19,8.14,8.14,8.13,8.14,0.00,,,,,,,,
695,04/27/2023 21:30:00,76.64,76.73,76.64,76.73,0.13,-80.74,-80.33,-80.74,-80.49,0.20,8.14,8.14,8.13,8.13,0.00,,,,,,,,
696,04/27/2023 21:45:00,76.55,76.64,76.55,76.64,0.08,-80.50,-80.13,-80.50,-80.27,0.20,8.13,8.13,8.13,8.13,0.00,,,,,,,,
697,04/27/2023 22:00:00,76.46,76.55,76.46,76.55,0.11,-80.33,-79.96,-80.33,-80.08,0.20,8.13,8.13,8.12,8.12,0.00,,,,,,,,
698,04/27/2023 22:15:00,76.42,76.51,76.42,76.51,0.08,-80.14,-79.78,-80.14,-79.91,0.19,8.13,8.13,8.12,8.12,0.00,,,,,,,,
699,04/27/2023 22:30:00,76.33,76.42,76.33,76.42,0.11,-79.99,-79.61,-79.99,-79.75,0.19,8.12,8.12,8.12,8.12,0.00,,,,,,,,
700,04/27/2023 22:45:00,76.28,76.37,76.28,76.37,0.09,-79.80,-79.41,-79.80,-79.56,0.20,8.12,8.12,8.11,8.11,0.00,,,,,,,,
701,04/27/2023 23:00:00,76.21,76.28,76.21,76.28,0.11,-79.63,-79.21,-79.63,-79.38,0.22,8.12,8.12,8.11,8.11,0.00,,,,,,,,
702,04/27/2023 23:15:00,76.15,76.21,76.15,76.21,0.05,-79.47,-79.05,-79.47,-79.21,0.22,8.11,8.11,8.10,8.11,0.00,,,,,,,,
703,04/27/2023 23:30:00,76.06,76.15,76.06,76.15,0.11,-79.36,-78.91,-79.36,-79.08,0.23,8.11,8.11,8.10,8.10,0.01,,,,,,,,
704,04/27/2023 23:45:00,76.03,76.12,76.03,76.12,0.08,-79.25,-78.85,-79.25,-78.97,0.23,8.11,8.11,8.10,8.10,0.00,,,,,,,,
705,04/28/2023 00:00:00,75.99,76.06,75.99,76.06,0.07,-79.11,-78.74,-79.11,-78.86,0.20,8.11,8.11,8.10,8.10,0.00,,,,,,,,
706,04/28/2023 00:15:00,75.94,76.03,75.94,76.03,0.10,-79.03,-78.63,-79.03,-78.77,0.22,8.10,8.10,8.10,8.10,0.00,,,,,,,,
707,04/28/2023 00:30:00,75.90,75.99,75.90,75.99,0.08,-78.96,-78.49,-78.96,-78.67,0.23,8.10,8.10,8.09,8.10,0.01,,,,,,,,
708,04/28/2023 00:45:00,75.90,75.94,75.90,75.94,0.00,-78.92,-78.49,-78.92,-78.63,0.25,8.10,8.10,8.09,8.10,0.01,,,,,,,,
709,04/28/2023 01:00:00,75.85,75.90,75.85,75.90,0.04,-78.88,-78.39,-78.88,-78.56,0.27,8.10,8.10,8.09,8.10,0.01,,,,,,,,
710,04/28/2023 01:15:00,75.85,75.90,75.85,75.90,0.04,-78.85,-78.36,-78.85,-78.52,0.28,8.10,8.10,8.09,8.09,0.01,,,,,,,,
711,04/28/2023 01:30:00,75.85,75.90,75.85,75.85,0.02,-78.83,-78.36,-78.83,-78.52,0.27,8.10,8.10,8.09,8.09,0.01,,,,,,,,
712,04/28/2023 01:45:00,75.81,75.90,75.81,75.90,0.10,-78.78,-78.33,-78.78,-78.49,0.25,8.10,8.10,8.09,8.09,0.01,,,,,,,,
713,04/28/2023 02:00:00,75.78,75.85,75.78,75.85,0.09,-78.72,-78.31,-78.72,-78.44,0.23,8.10,8.10,8.09,8.09,0.00,,,,,,,,
714,04/28/2023 02:15:00,75.72,75.81,75.72,75.81,0.13,-78.69,-78.22,-78.69,-78.38,0.27,8.10,8.10,8.09,8.09,0.01,,,,,,,,
715,04/28/2023 02:30:00,75.69,75.78,75.69,75.78,0.09,-78.66,-78.21,-78.66,-78.36,0.25,8.10,8.10,8.09,8.09,0.01,,,,,,,,
716,04/28/2023 02:45:00,75.63,75.72,75.63,75.72,0.09,-78.60,-78.14,-78.60,-78.30,0.25,8.10,8.10,8.09,8.09,0.01,,,,,,,,
717,04/28/2023 03:00:00,75.60,75.69,75.60,75.69,0.12,-78.56,-78.06,-78.56,-78.25,0.27,8.10,8.10,8.09,8.09,0.01,,,,,,,,
718,04/28/2023 03:15:00,75.60,75.63,75.60,75.63,0.05,-78.58,-78.08,-78.58,-78.24,0.28,8.10,8.10,8.09,8.09,0.01,,,,,,,,
719,04/28/2023 03:30:00,75.54,75.63,75.54,75.63,0.11,-78.50,-78.03,-78.50,-78.21,0.25,8.09,8.09,8.09,8.09,0.01,,,,,,,,
720,04/28/2023 03:45:00,75.54,75.60,75.54,75.60,0.01,-78.46,-77.99,-78.46,-78.14,0.27,8.09,8.09,8.08,8.09,0.01,,,,,,,,
721,04/28/2023 04:00:00,75.51,75.60,75.51,75.60,0.08,-78.41,-77.97,-78.41,-78.11,0.25,8.09,8.09,8.08,8.09,0.01,,,,,,,,
722,04/28/2023 04:15:00,75.51,75.54,75.51,75.54,0.01,-78.44,-77.96,-78.44,-78.13,0.27,8.09,8.09,8.08,8.09,0.01,,,,,,,,
723,04/28/2023 04:30:00,75.51,75.54,75.51,75.54,0.01,-78.38,-77.94,-78.38,-78.08,0.25,8.09,8.09,8.08,8.09,0.01,,,,,,,,
724,04/28/2023 04:45:00,75.51,75.51,75.51,75.51,0.04,-78.35,-77.91,-78.35,-78.05,0.25,8.09,8.09,8.08,8.09,0.01,,,,,,,,
725,04/28/2023 05:00:00,75.47,75.51,75.47,75.51,0.04,-78.27,-77.83,-78.27,-77.99,0.23,8.09,8.09,8.08,8.08,0.00,,,,,,,,
726,04/28/2023 05:15:00,75.42,75.51,75.42,75.51,0.10,-78.21,-77.78,-78.21,-77.92,0.23,8.09,8.09,8.08,8.08,0.00,,,,,,,,
727,04/28/2023 05:30:00,75.42,75.47,75.42,75.47,0.02,-78.16,-77.71,-78.16,-77.86,0.25,8.09,8.09,8.08,8.08,0.01,,,,,,,,
728,04/28/2023 05:45:00,75.38,75.47,75.38,75.47,0.08,-78.13,-77.66,-78.13,-77.83,0.25,8.09,8.09,8.08,8.08,0.01,,,,,,,,
729,04/28/2023 06:00:00,75.33,75.42,75.33,75.42,0.07,-78.13,-77.64,-78.13,-77.80,0.28,8.09,8.09,8.08,8.08,0.01,,,,,,,,
730,04/28/2023 06:15:00,75.29,75.38,75.29,75.38,0.11,-78.17,-77.67,-78.17,-77.83,0.28,8.09,8.09,8.08,8.08,0.01,,,,,,,,
731,04/28/2023 06:30:00,75.29,75.33,75.29,75.33,0.03,-78.28,-77.74,-78.28,-77.92,0.30,8.09,8.09,8.08,8.08,0.01,,,,,,,,
732,04/28/2023 06:45:00,75.29,75.33,75.29,75.29,0.00,-78.52,-77.88,-78.52,-78.11,0.34,8.10,8.10,8.08,8.09,0.01,,,,,,,,
733,04/28/2023 07:00:00,75.25,75.33,75.25,75.33,0.09,-78.72,-78.06,-78.72,-78.30,0.36,8.10,8.10,8.09,8.09,0.01,,,,,,,,
734,04/28/2023 07:15:00,75.20,75.29,75.20,75.29,0.07,-78.97,-78.35,-78.97,-78.56,0.34,8.10,8.10,8.09,8.10,0.01,,,,,,,,
735,04/28/2023 07:30:00,75.16,75.20,75.16,75.20,0.03,-79.27,-78.58,-79.27,-78.85,0.36,8.11,8.11,8.10,8.10,0.01,,,,,,,,
736,04/28/2023 07:45:00,75.16,75.20,75.16,75.20,0.03,-79.72,-78.92,-79.72,-79.22,0.42,8.12,8.12,8.10,8.11,0.01,,,,,,,,
737,04/28/2023 08:00:00,75.25,75.25,75.25,75.25,0.04,-80.89,-79.39,-80.89,-79.94,0.81,8.14,8.14,8.11,8.12,0.02,,,,,,,,
738,04/28/2023 08:15:00,75.38,75.38,75.29,75.33,0.09,-81.86,-80.75,-81.86,-81.24,0.56,8.16,8.16,8.14,8.15,0.01,,,,,,,,
739,04/28/2023 08:30:00,75.51,75.51,75.47,75.47,0.08,-82.83,-81.71,-82.83,-82.19,0.58,8.18,8.18,8.16,8.17,0.01,,,,,,,,
740,04/28/2023 08:45:00,75.69,75.69,75.60,75.60,0.08,-83.88,-82.77,-83.88,-83.22,0.58,8.20,8.20,8.18,8.19,0.01,,,,,,,,
741,04/28/2023 09:00:00,75.90,75.90,75.81,75.81,0.13,-84.97,-83.80,-84.97,-84.30,0.59,8.22,8.22,8.20,8.21,0.01,,,,,,,,
742,04/28/2023 09:15:00,76.06,76.06,75.99,76.03,0.10,-86.03,-84.89,-86.03,-85.38,0.58,8.24,8.24,8.22,8.23,0.01,,,,,,,,
743,04/28/2023 09:30:00,76.33,76.33,76.21,76.24,0.09,-87.38,-85.89,-87.38,-86.53,0.75,8.27,8.27,8.24,8.25,0.02,,,,,,,,
744,04/28/2023 09:45:00,76.68,76.68,76.51,76.59,0.13,-89.46,-87.39,-89.46,-88.21,1.09,8.31,8.31,8.27,8.29,0.02,,,,,,,,
745,04/28/2023 10:00:00,77.04,77.04,76.82,76.89,0.23,-91.27,-89.53,-91.27,-90.33,0.88,8.35,8.35,8.31,8.33,0.02,,,,,,,,
746,04/28/2023 10:15:00,77.25,77.25,77.16,77.16,0.10,-91.35,-89.97,-91.35,-90.83,0.75,8.35,8.35,8.32,8.34,0.02,,,,,,,,
747,04/28/2023 10:30:00,77.47,77.47,77.34,77.38,0.08,-91.91,-90.92,-91.91,-91.32,0.52,8.36,8.36,8.34,8.35,0.01,,,,,,,,
748,04/28/2023 10:45:00,77.65,77.65,77.56,77.59,0.07,-92.78,-91.82,-92.78,-92.22,0.50,8.38,8.38,8.36,8.37,0.01,,,,,,,,
749,04/28/2023 11:00:00,77.90,77.90,77.77,77.81,0.13,-94.86,-92.89,-94.86,-93.71,1.02,8.42,8.42,8.38,8.39,0.02,,,,,,,,
750,04/28/2023 11:15:00,78.21,78.21,78.12,78.12,0.09,-95.83,-95.24,-95.83,-95.49,0.30,8.44,8.44,8.42,8.43,0.01,,,,,,,,
751,04/28/2023 11:30:00,78.48,78.48,78.33,78.39,0.17,-96.44,-95.82,-96.44,-96.21,0.34,8.45,8.45,8.44,8.44,0.01,,,,,,,,
752,04/28/2023 11:45:00,78.73,78.73,78.64,78.64,0.13,-96.88,-95.88,-96.88,-96.39,0.50,8.46,8.46,8.44,8.45,0.01,,,,,,,,
753,04/28/2023 12:00:00,79.00,79.00,78.87,78.91,0.14,-98.21,-97.14,-98.21,-97.80,0.58,8.48,8.48,8.46,8.47,0.01,,,,,,,,
754,04/28/2023 12:15:00,79.18,79.18,79.09,79.12,0.14,-98.64,-97.89,-98.64,-98.27,0.38,8.49,8.49,8.47,8.48,0.01,,,,,,,,
755,04/28/2023 12:30:00,79.27,79.27,79.21,79.21,0.12,-98.49,-98.30,-98.49,-98.38,0.09,8.49,8.49,8.48,8.48,0.00,,,,,,,,
756,04/28/2023 12:45:00,79.39,79.39,79.30,79.30,0.10,-99.00,-98.33,-99.00,-98.60,0.34,8.50,8.50,8.48,8.49,0.01,,,,,,,,
757,04/28/2023 12:53:13,,,,,,,,,,,,,,,,Logged,,,,,,,
758,04/28/2023 12:53:14,,,,,,,,,,,,,,,,,Logged,,,,,,
759,04/28/2023 12:53:17,,,,,,,,,,,,,,,,,,Logged,,,,,
760,04/28/2023 12:54:57,,,,,,,,,,,,,,,,,,,Logged,,,,
761,04/28/2023 12:57:17,,,,,,,,,,,,,,,,,Logged,,,,,,
762,04/28/2023 12:58:45,,,,,,,,,,,,,,,,,,,Logged,,,,
763,04/28/2023 13:00:00,79.92,79.92,79.43,79.61,0.44,-157.02,-23.77,-157.02,-92.57,66.72,9.65,9.65,6.99,8.37,1.33,,,,,,,,
764,04/28/2023 13:01:10,,,,,,,,,,,,,,,,,,,,S: 86.67% O: -14.23 mV,,,
765,04/28/2023 13:01:13,,,,,,,,,,,,,,,,,,,,,7 pH 9.98 pH,Logged,
766,04/28/2023 13:15:00,75.38,77.47,75.38,76.24,1.63,-85.42,-83.16,-85.42,-84.35,1.13,8.39,8.39,8.34,8.37,0.02,,,,,,,,
767,04/28/2023 13:30:00,75.11,75.33,75.11,75.25,0.24,-86.14,-85.19,-86.14,-85.61,0.48,8.41,8.41,8.39,8.40,0.01,,,,,,,,
768,04/28/2023 13:45:00,74.98,75.11,74.98,75.07,0.10,-86.80,-85.92,-86.80,-86.27,0.45,8.42,8.42,8.40,8.41,0.01,,,,,,,,
769,04/28/2023 14:00:00,74.95,75.04,74.95,75.04,0.06,-87.08,-86.44,-87.08,-86.66,0.36,8.43,8.43,8.41,8.42,0.01,,,,,,,,
770,04/28/2023 14:15:00,74.95,74.98,74.95,74.98,0.06,-87.25,-86.66,-87.25,-86.88,0.31,8.43,8.43,8.42,8.42,0.01,,,,,,,,
771,04/28/2023 14:30:00,74.86,74.95,74.86,74.95,0.09,-87.35,-86.80,-87.35,-86.99,0.30,8.43,8.43,8.42,8.42,0.01,,,,,,,,
772,04/28/2023 14:45:00,74.86,74.89,74.86,74.89,0.02,-87.39,-86.88,-87.39,-87.05,0.28,8.43,8.43,8.42,8.43,0.01,,,,,,,,
773,04/28/2023 15:00:00,74.82,74.86,74.82,74.86,0.05,-87.41,-86.91,-87.41,-87.07,0.28,8.43,8.43,8.42,8.43,0.01,,,,,,,,
774,04/28/2023 15:15:00,74.77,74.86,74.77,74.86,0.12,-87.39,-86.89,-87.39,-87.05,0.28,8.43,8.43,8.42,8.43,0.01,,,,,,,,
775,04/28/2023 15:30:00,74.73,74.77,74.73,74.77,0.02,-87.28,-86.86,-87.28,-87.00,0.23,8.43,8.43,8.42,8.43,0.00,,,,,,,,
776,04/28/2023 15:45:00,74.68,74.73,74.68,74.73,0.06,-87.28,-86.80,-87.28,-86.97,0.27,8.43,8.43,8.42,8.42,0.01,,,,,,,,
777,04/28/2023 16:00:00,74.64,74.68,74.64,74.68,0.04,-87.10,-86.74,-87.10,-86.86,0.19,8.43,8.43,8.42,8.42,0.00,,,,,,,,
778,04/28/2023 16:15:00,74.59,74.64,74.59,74.64,0.02,-86.88,-86.50,-86.88,-86.63,0.20,8.42,8.42,8.42,8.42,0.00,,,,,,,,
779,04/28/2023 16:30:00,74.52,74.59,74.52,74.59,0.07,-86.72,-86.38,-86.72,-86.50,0.19,8.42,8.42,8.41,8.42,0.00,,,,,,,,
780,04/28/2023 16:45:00,74.46,74.55,74.46,74.55,0.11,-86.72,-86.24,-86.72,-86.41,0.27,8.42,8.42,8.41,8.41,0.01,,,,,,,,
781,04/28/2023 17:00:00,74.46,74.52,74.46,74.52,0.02,-86.52,-85.92,-86.52,-86.14,0.31,8.42,8.42,8.40,8.41,0.01,,,,,,,,
782,04/28/2023 17:15:00,74.46,74.52,74.46,74.52,0.02,-86.35,-85.83,-86.35,-86.07,0.25,8.41,8.41,8.40,8.41,0.01,,,,,,,,
783,04/28/2023 17:30:00,74.46,74.52,74.46,74.52,0.02,-86.35,-85.77,-86.35,-85.99,0.31,8.41,8.41,8.40,8.41,0.01,,,,,,,,
784,04/28/2023 17:45:00,74.52,74.55,74.52,74.55,0.05,-85.83,-85.53,-85.83,-85.71,0.14,8.40,8.40,8.40,8.40,0.00,,,,,,,,
785,04/28/2023 18:00:00,74.59,74.59,74.59,74.59,0.01,-86.05,-85.08,-86.05,-85.58,0.48,8.41,8.41,8.39,8.40,0.01,,,,,,,,
786,04/28/2023 18:15:00,74.64,74.64,74.64,74.64,0.02,-86.13,-85.60,-86.13,-85.77,0.30,8.41,8.41,8.40,8.40,0.01,,,,,,,,
787,04/28/2023 18:30:00,74.68,74.68,74.68,74.68,0.04,-85.96,-85.52,-85.96,-85.67,0.23,8.40,8.40,8.40,8.40,0.00,,,,,,,,
788,04/28/2023 18:45:00,74.68,74.73,74.68,74.73,0.06,-85.83,-85.41,-85.83,-85.57,0.22,8.40,8.40,8.39,8.40,0.00,,,,,,,,
789,04/28/2023 19:00:00,74.73,74.77,74.73,74.77,0.02,-85.69,-85.22,-85.69,-85.41,0.23,8.40,8.40,8.39,8.39,0.00,,,,,,,,
790,04/28/2023 19:15:00,74.73,74.77,74.73,74.77,0.02,-85.58,-85.03,-85.58,-85.24,0.30,8.40,8.40,8.39,8.39,0.01,,,,,,,,
791,04/28/2023 19:30:00,74.73,74.77,74.73,74.77,0.02,-85.42,-84.96,-85.42,-85.11,0.27,8.39,8.39,8.38,8.39,0.01,,,,,,,,
792,04/28/2023 19:45:00,74.73,74.77,74.73,74.77,0.02,-85.22,-84.77,-85.22,-84.92,0.25,8.39,8.39,8.38,8.38,0.01,,,,,,,,
793,04/28/2023 20:00:00,74.73,74.77,74.73,74.77,0.02,-84.97,-84.46,-84.97,-84.69,0.25,8.39,8.39,8.38,8.38,0.01,,,,,,,,
794,04/28/2023 20:15:00,74.68,74.73,74.68,74.73,0.06,-84.82,-84.36,-84.82,-84.50,0.27,8.38,8.38,8.37,8.38,0.01,,,,,,,,
795,04/28/2023 20:30:00,74.64,74.68,74.64,74.68,0.04,-84.49,-84.05,-84.49,-84.19,0.25,8.38,8.38,8.37,8.37,0.00,,,,,,,,
796,04/28/2023 20:45:00,74.59,74.68,74.59,74.68,0.11,-84.46,-83.97,-84.46,-84.14,0.27,8.38,8.38,8.37,8.37,0.01,,,,,,,,
797,04/28/2023 21:00:00,74.55,74.64,74.55,74.64,0.08,-84.00,-83.82,-84.00,-83.88,0.09,8.37,8.37,8.36,8.36,0.00,,,,,,,,
798,04/28/2023 21:15:00,74.52,74.59,74.52,74.59,0.07,-84.02,-83.50,-84.02,-83.69,0.28,8.37,8.37,8.36,8.36,0.01,,,,,,,,
799,04/28/2023 21:30:00,74.46,74.55,74.46,74.55,0.11,-83.60,-83.19,-83.60,-83.38,0.20,8.36,8.36,8.35,8.35,0.00,,,,,,,,
800,04/28/2023 21:45:00,74.37,74.46,74.37,74.46,0.08,-83.55,-82.96,-83.55,-83.17,0.31,8.36,8.36,8.35,8.35,0.01,,,,,,,,
801,04/28/2023 22:00:00,74.34,74.43,74.34,74.43,0.11,-83.44,-82.88,-83.44,-83.10,0.30,8.36,8.36,8.35,8.35,0.01,,,,,,,,
802,04/28/2023 22:15:00,74.25,74.34,74.25,74.34,0.07,-83.30,-82.82,-83.30,-82.99,0.27,8.35,8.35,8.34,8.35,0.01,,,,,,,,
803,04/28/2023 22:30:00,74.21,74.25,74.21,74.25,0.04,-83.10,-82.66,-83.10,-82.82,0.23,8.35,8.35,8.34,8.34,0.00,,,,,,,,
804,04/28/2023 22:45:00,74.12,74.21,74.12,74.21,0.08,-82.91,-82.41,-82.91,-82.61,0.25,8.35,8.35,8.34,8.34,0.01,,,,,,,,
805,04/28/2023 23:00:00,74.08,74.16,74.08,74.16,0.07,-82.57,-82.27,-82.57,-82.36,0.17,8.34,8.34,8.33,8.34,0.00,,,,,,,,
806,04/28/2023 23:15:00,74.03,74.12,74.03,74.12,0.11,-82.36,-81.97,-82.36,-82.11,0.20,8.34,8.34,8.33,8.33,0.00,,,,,,,,
807,04/28/2023 23:30:00,73.94,74.03,73.94,74.03,0.07,-82.36,-81.85,-82.36,-82.02,0.30,8.34,8.34,8.33,8.33,0.01,,,,,,,,
808,04/28/2023 23:45:00,73.87,73.94,73.87,73.94,0.10,-82.10,-81.72,-82.10,-81.86,0.19,8.33,8.33,8.32,8.33,0.00,,,,,,,,
809,04/29/2023 00:00:00,73.78,73.87,73.78,73.87,0.11,-82.00,-81.53,-82.00,-81.69,0.27,8.33,8.33,8.32,8.32,0.01,,,,,,,,
810,04/29/2023 00:15:00,73.69,73.78,73.69,73.78,0.08,-81.77,-81.33,-81.77,-81.49,0.23,8.33,8.33,8.32,8.32,0.00,,,,,,,,
811,04/29/2023 00:30:00,73.65,73.72,73.65,73.72,0.07,-81.60,-81.14,-81.60,-81.31,0.23,8.32,8.32,8.31,8.32,0.00,,,,,,,,
812,04/29/2023 00:45:00,73.56,73.65,73.56,73.65,0.08,-81.46,-80.97,-81.46,-81.14,0.27,8.32,8.32,8.31,8.31,0.01,,,,,,,,
813,04/29/2023 01:00:00,73.47,73.56,73.47,73.56,0.11,-81.19,-80.75,-81.19,-80.92,0.22,8.31,8.31,8.31,8.31,0.00,,,,,,,,
814,04/29/2023 01:15:00,73.38,73.47,73.38,73.47,0.08,-81.08,-80.56,-81.08,-80.74,0.28,8.31,8.31,8.30,8.31,0.01,,,,,,,,
815,04/29/2023 01:30:00,73.26,73.38,73.26,73.35,0.08,-80.92,-80.44,-80.92,-80.61,0.27,8.31,8.31,8.30,8.30,0.01,,,,,,,,
816,04/29/2023 01:45:00,73.22,73.29,73.22,73.29,0.08,-80.72,-80.25,-80.72,-80.44,0.23,8.31,8.31,8.30,8.30,0.01,,,,,,,,
817,04/29/2023 02:00:00,73.08,73.22,73.08,73.17,0.08,-80.53,-80.06,-80.53,-80.25,0.23,8.30,8.30,8.29,8.30,0.01,,,,,,,,
818,04/29/2023 02:15:00,73.00,73.13,73.00,73.08,0.11,-80.39,-79.91,-80.39,-80.08,0.27,8.30,8.30,8.29,8.29,0.01,,,,,,,,
819,04/29/2023 02:30:00,72.91,73.00,72.91,73.00,0.07,-80.21,-79.72,-80.21,-79.89,0.27,8.30,8.30,8.29,8.29,0.01,,,,,,,,
820,04/29/2023 02:45:00,72.82,72.91,72.82,72.91,0.10,-80.02,-79.52,-80.02,-79.71,0.27,8.29,8.29,8.28,8.29,0.01,,,,,,,,
821,04/29/2023 03:00:00,72.73,72.82,72.73,72.82,0.07,-79.85,-79.38,-79.85,-79.55,0.25,8.29,8.29,8.28,8.28,0.01,,,,,,,,
822,04/29/2023 03:15:00,72.61,72.73,72.61,72.70,0.07,-79.67,-79.21,-79.67,-79.38,0.25,8.29,8.29,8.28,8.28,0.01,,,,,,,,
823,04/29/2023 03:30:00,72.52,72.61,72.52,72.61,0.10,-79.53,-79.03,-79.53,-79.22,0.27,8.28,8.28,8.27,8.28,0.01,,,,,,,,
824,04/29/2023 03:45:00,72.39,72.52,72.39,72.48,0.11,-79.35,-78.89,-79.35,-79.05,0.25,8.28,8.28,8.27,8.27,0.01,,,,,,,,
825,04/29/2023 04:00:00,72.30,72.45,72.30,72.39,0.08,-79.21,-78.72,-79.21,-78.89,0.27,8.28,8.28,8.27,8.27,0.01,,,,,,,,
826,04/29/2023 04:15:00,72.23,72.30,72.23,72.30,0.11,-79.02,-78.53,-79.02,-78.72,0.25,8.27,8.27,8.26,8.27,0.01,,,,,,,,
827,04/29/2023 04:30:00,72.09,72.27,72.09,72.18,0.11,-78.86,-78.36,-78.86,-78.55,0.27,8.27,8.27,8.26,8.27,0.01,,,,,,,,
828,04/29/2023 04:45:00,72.01,72.14,72.01,72.09,0.09,-78.72,-78.22,-78.72,-78.41,0.27,8.27,8.27,8.26,8.26,0.01,,,,,,,,
829,04/29/2023 05:00:00,71.92,72.01,71.92,72.01,0.11,-78.49,-78.00,-78.49,-78.21,0.25,8.26,8.26,8.26,8.26,0.01,,,,,,,,
830,04/29/2023 05:15:00,71.87,71.96,71.87,71.96,0.10,-78.35,-77.88,-78.35,-78.03,0.27,8.26,8.26,8.25,8.26,0.01,,,,,,,,
831,04/29/2023 05:30:00,71.74,71.87,71.74,71.83,0.11,-78.22,-77.74,-78.22,-77.89,0.28,8.26,8.26,8.25,8.25,0.01,,,,,,,,
832,04/29/2023 05:45:00,71.65,71.74,71.65,71.74,0.09,-78.08,-77.56,-78.08,-77.74,0.30,8.26,8.26,8.25,8.25,0.01,,,,,,,,
833,04/29/2023 06:00:00,71.62,71.65,71.62,71.65,0.06,-77.88,-77.42,-77.88,-77.60,0.23,8.25,8.25,8.24,8.25,0.00,,,,,,,,
834,04/29/2023 06:15:00,71.53,71.62,71.53,71.62,0.09,-77.71,-77.21,-77.71,-77.38,0.28,8.25,8.25,8.24,8.24,0.01,,,,,,,,
835,04/29/2023 06:30:00,71.44,71.53,71.44,71.53,0.07,-77.69,-77.14,-77.69,-77.31,0.31,8.25,8.25,8.24,8.24,0.01,,,,,,,,
836,04/29/2023 06:45:00,71.40,71.49,71.40,71.49,0.11,-77.52,-76.99,-77.52,-77.21,0.27,8.25,8.25,8.24,8.24,0.01,,,,,,,,
837,04/29/2023 07:00:00,71.31,71.40,71.31,71.40,0.08,-77.53,-76.97,-77.53,-77.16,0.31,8.25,8.25,8.24,8.24,0.01,,,,,,,,
838,04/29/2023 07:15:00,71.24,71.37,71.24,71.31,0.11,-77.47,-76.92,-77.47,-77.11,0.30,8.25,8.25,8.24,8.24,0.01,,,,,,,,
839,04/29/2023 07:30:00,71.19,71.28,71.19,71.28,0.09,-77.39,-76.92,-77.39,-77.08,0.27,8.25,8.25,8.24,8.24,0.01,,,,,,,,
840,04/29/2023 07:45:00,71.15,71.19,71.15,71.19,0.00,-77.08,-76.21,-77.08,-76.74,0.47,8.24,8.24,8.22,8.23,0.01,,,,,,,,
841,04/29/2023 08:00:00,71.10,71.15,71.10,71.15,0.04,-76.33,-76.33,-76.67,-76.46,0.19,8.22,8.23,8.22,8.23,0.00,,,,,,,,
842,04/29/2023 08:15:00,71.02,71.10,71.02,71.10,0.09,-76.42,-74.85,-76.42,-75.63,0.78,8.23,8.23,8.20,8.21,0.02,,,,,,,,
843,04/29/2023 08:30:00,70.97,71.06,70.97,71.06,0.08,-77.46,-75.74,-77.46,-76.67,0.86,8.25,8.25,8.21,8.23,0.02,,,,,,,,
844,04/29/2023 08:45:00,70.97,71.02,70.97,71.02,0.12,-77.61,-76.97,-77.61,-77.19,0.36,8.25,8.25,8.24,8.24,0.01,,,,,,,,
845,04/29/2023 09:00:00,70.97,71.02,70.97,71.02,0.06,-77.80,-77.11,-77.80,-77.36,0.38,8.25,8.25,8.24,8.24,0.01,,,,,,,,
846,04/29/2023 09:15:00,71.06,71.06,71.02,71.02,0.12,-78.10,-77.36,-78.10,-77.63,0.41,8.26,8.26,8.24,8.25,0.01,,,,,,,,
847,04/29/2023 09:30:00,71.15,71.15,71.10,71.10,0.09,-78.47,-77.72,-78.47,-78.00,0.41,8.27,8.27,8.25,8.26,0.01,,,,,,,,
848,04/29/2023 09:45:00,71.31,71.31,71.24,71.24,0.07,-78.94,-78.11,-78.94,-78.44,0.44,8.28,8.28,8.26,8.27,0.01,,,,,,,,
849,04/29/2023 10:00:00,71.49,71.49,71.40,71.40,0.08,-79.47,-78.55,-79.47,-78.91,0.48,8.29,8.29,8.27,8.27,0.01,,,,,,,,
850,04/29/2023 10:15:00,71.80,71.80,71.62,71.71,0.12,-80.11,-79.11,-80.11,-79.49,0.53,8.30,8.30,8.28,8.29,0.01,,,,,,,,
851,04/29/2023 10:30:00,72.14,72.14,71.92,72.01,0.23,-80.81,-79.75,-80.81,-80.22,0.53,8.31,8.31,8.29,8.30,0.01,,,,,,,,
852,04/29/2023 10:45:00,72.48,72.48,72.27,72.36,0.23,-81.56,-80.38,-81.56,-80.91,0.59,8.32,8.32,8.30,8.31,0.01,,,,,,,,
853,04/29/2023 11:00:00,72.82,72.82,72.64,72.73,0.16,-82.00,-81.16,-82.00,-81.46,0.47,8.33,8.33,8.32,8.32,0.01,,,,,,,,
854,04/29/2023 11:15:00,73.08,73.08,72.95,73.00,0.07,-82.47,-81.71,-82.47,-81.97,0.42,8.34,8.34,8.33,8.33,0.01,,,,,,,,
855,04/29/2023 11:30:00,73.38,73.38,73.22,73.29,0.14,-82.97,-82.16,-82.97,-82.44,0.45,8.35,8.35,8.33,8.34,0.01,,,,,,,,
856,04/29/2023 11:45:00,73.69,73.69,73.51,73.60,0.13,-83.66,-82.67,-83.66,-83.07,0.52,8.36,8.36,8.34,8.35,0.01,,,,,,,,
857,04/29/2023 12:00:00,74.03,74.03,73.87,73.94,0.16,-83.88,-83.19,-83.88,-83.44,0.38,8.37,8.37,8.35,8.36,0.01,,,,,,,,
858,04/29/2023 12:15:00,74.34,74.34,74.16,74.25,0.16,-84.05,-83.60,-84.05,-83.80,0.22,8.37,8.37,8.36,8.36,0.00,,,,,,,,
859,04/29/2023 12:30:00,74.64,74.64,74.46,74.55,0.17,-84.99,-83.55,-84.99,-84.14,0.75,8.39,8.39,8.36,8.37,0.01,,,,,,,,
860,04/29/2023 12:45:00,74.89,74.89,74.77,74.82,0.09,-84.83,-84.19,-84.83,-84.55,0.31,8.38,8.38,8.37,8.38,0.01,,,,,,,,
861,04/29/2023 13:00:00,75.04,75.04,74.98,74.98,0.12,-85.86,-84.44,-85.86,-84.96,0.78,8.40,8.40,8.37,8.38,0.02,,,,,,,,
862,04/29/2023 13:15:00,75.11,75.11,75.11,75.11,0.06,-86.33,-85.39,-86.33,-85.74,0.50,8.41,8.41,8.39,8.40,0.01,,,,,,,,
863,04/29/2023 13:30:00,75.16,75.16,75.16,75.16,0.01,-86.24,-85.78,-86.24,-85.92,0.27,8.41,8.41,8.40,8.40,0.01,,,,,,,,
864,04/29/2023 13:45:00,75.16,75.20,75.16,75.20,0.03,-86.36,-85.80,-86.36,-86.07,0.28,8.41,8.41,8.40,8.41,0.01,,,,,,,,
865,04/29/2023 14:00:00,75.20,75.20,75.20,75.20,0.03,-86.53,-85.75,-86.53,-86.05,0.42,8.41,8.41,8.40,8.41,0.01,,,,,,,,
866,04/29/2023 14:15:00,75.20,75.25,75.20,75.25,0.11,-86.50,-85.97,-86.50,-86.16,0.30,8.41,8.41,8.40,8.41,0.01,,,,,,,,
867,04/29/2023 14:30:00,75.20,75.25,75.20,75.25,0.04,-86.11,-85.53,-86.11,-85.77,0.30,8.41,8.41,8.39,8.40,0.01,,,,,,,,
868,04/29/2023 14:45:00,75.20,75.25,75.20,75.25,0.11,-86.42,-85.69,-86.42,-85.99,0.38,8.41,8.41,8.40,8.40,0.01,,,,,,,,
869,04/29/2023 15:00:00,75.20,75.20,75.20,75.20,0.03,-85.55,-84.21,-85.55,-84.97,0.69,8.40,8.40,8.37,8.38,0.01,,,,,,,,
870,04/29/2023 15:15:00,75.20,75.20,75.20,75.20,0.03,-85.77,-85.08,-85.77,-85.36,0.36,8.40,8.40,8.39,8.39,0.01,,,,,,,,
871,04/29/2023 15:30:00,75.16,75.20,75.16,75.20,0.03,-86.50,-85.53,-86.50,-85.92,0.50,8.41,8.41,8.40,8.40,0.01,,,,,,,,
872,04/29/2023 15:45:00,75.16,75.20,75.16,75.20,0.03,-86.42,-85.78,-86.42,-86.03,0.33,8.41,8.41,8.40,8.41,0.01,,,,,,,,
873,04/29/2023 16:00:00,75.11,75.20,75.11,75.20,0.09,-86.58,-85.89,-86.58,-86.13,0.38,8.42,8.42,8.40,8.41,0.01,,,,,,,,
874,04/29/2023 16:15:00,75.11,75.16,75.11,75.16,0.01,-86.57,-86.07,-86.57,-86.22,0.28,8.42,8.42,8.41,8.41,0.01,,,,,,,,
875,04/29/2023 16:30:00,75.11,75.16,75.11,75.16,0.01,-86.38,-85.78,-86.38,-86.05,0.30,8.41,8.41,8.40,8.41,0.01,,,,,,,,
876,04/29/2023 16:45:00,75.07,75.11,75.07,75.11,0.06,-86.19,-85.74,-86.19,-85.91,0.23,8.41,8.41,8.40,8.40,0.00,,,,,,,,
877,04/29/2023 17:00:00,75.04,75.11,75.04,75.07,0.10,-86.36,-85.72,-86.36,-85.97,0.34,8.41,8.41,8.40,8.40,0.01,,,,,,,,
878,04/29/2023 17:15:00,75.07,75.11,75.07,75.11,0.06,-85.86,-85.55,-85.86,-85.71,0.14,8.40,8.40,8.40,8.40,0.00,,,,,,,,
879,04/29/2023 17:30:00,75.11,75.16,75.11,75.16,0.01,-85.97,-85.19,-85.97,-85.55,0.39,8.40,8.40,8.39,8.40,0.01,,,,,,,,
880,04/29/2023 17:45:00,75.16,75.20,75.16,75.16,0.01,-86.03,-85.46,-86.03,-85.64,0.33,8.40,8.40,8.39,8.40,0.01,,,,,,,,
881,04/29/2023 18:00:00,75.25,75.25,75.25,75.25,0.04,-85.94,-85.42,-85.94,-85.61,0.28,8.40,8.40,8.39,8.40,0.01,,,,,,,,
882,04/29/2023 18:15:00,75.29,75.29,75.29,75.29,0.00,-85.80,-85.33,-85.80,-85.50,0.25,8.40,8.40,8.39,8.39,0.01,,,,,,,,
883,04/29/2023 18:30:00,75.33,75.33,75.33,75.33,0.03,-85.66,-85.17,-85.66,-85.35,0.27,8.40,8.40,8.39,8.39,0.01,,,,,,,,
884,04/29/2023 18:45:00,75.33,75.38,75.33,75.38,0.04,-85.52,-85.05,-85.52,-85.22,0.25,8.39,8.39,8.39,8.39,0.01,,,,,,,,
885,04/29/2023 19:00:00,75.38,75.42,75.38,75.38,0.04,-85.35,-84.91,-85.35,-85.07,0.23,8.39,8.39,8.38,8.39,0.00,,,,,,,,
886,04/29/2023 19:15:00,75.38,75.42,75.38,75.42,0.00,-85.14,-84.67,-85.14,-84.86,0.23,8.39,8.39,8.38,8.38,0.00,,,,,,,,
887,04/29/2023 19:30:00,75.42,75.42,75.42,75.42,0.00,-84.96,-84.50,-84.96,-84.67,0.23,8.38,8.38,8.37,8.38,0.00,,,,,,,,
888,04/29/2023 19:45:00,75.42,75.47,75.42,75.47,0.02,-84.75,-84.32,-84.75,-84.47,0.23,8.38,8.38,8.37,8.37,0.00,,,,,,,,
889,04/29/2023 20:00:00,75.42,75.47,75.42,75.47,0.02,-84.57,-84.11,-84.57,-84.28,0.23,8.38,8.38,8.37,8.37,0.00,,,,,,,,
890,04/29/2023 20:15:00,75.42,75.47,75.42,75.47,0.02,-84.41,-83.94,-84.41,-84.11,0.25,8.37,8.37,8.36,8.37,0.01,,,,,,,,
891,04/29/2023 20:30:00,75.42,75.47,75.42,75.47,0.02,-84.08,-83.57,-84.08,-83.83,0.25,8.37,8.37,8.36,8.36,0.01,,,,,,,,
892,04/29/2023 20:45:00,75.42,75.47,75.42,75.47,0.02,-84.03,-83.33,-84.03,-83.64,0.34,8.37,8.37,8.35,8.36,0.01,,,,,,,,
893,04/29/2023 21:00:00,75.38,75.42,75.38,75.42,0.00,-83.92,-83.47,-83.92,-83.63,0.25,8.36,8.36,8.35,8.36,0.01,,,,,,,,
894,04/29/2023 21:15:00,75.33,75.38,75.33,75.38,0.04,-83.75,-83.30,-83.75,-83.46,0.25,8.36,8.36,8.35,8.35,0.01,,,,,,,,
895,04/29/2023 21:30:00,75.29,75.38,75.29,75.38,0.11,-83.60,-83.13,-83.60,-83.30,0.25,8.36,8.36,8.35,8.35,0.01,,,,,,,,
896,04/29/2023 21:45:00,75.25,75.33,75.25,75.33,0.09,-83.41,-82.89,-83.41,-83.10,0.27,8.35,8.35,8.34,8.35,0.01,,,,,,,,
897,04/29/2023 22:00:00,75.20,75.29,75.20,75.29,0.07,-83.14,-82.77,-83.14,-82.92,0.19,8.35,8.35,8.34,8.34,0.00,,,,,,,,
898,04/29/2023 22:15:00,75.16,75.20,75.16,75.20,0.03,-82.99,-82.60,-82.99,-82.72,0.22,8.35,8.35,8.34,8.34,0.00,,,,,,,,
899,04/29/2023 22:30:00,75.07,75.16,75.07,75.16,0.07,-82.72,-82.27,-82.72,-82.47,0.22,8.34,8.34,8.33,8.34,0.00,,,,,,,,
900,04/29/2023 22:45:00,75.04,75.11,75.04,75.11,0.12,-82.61,-82.07,-82.61,-82.27,0.30,8.34,8.34,8.33,8.33,0.01,,,,,,,,
901,04/29/2023 23:00:00,74.98,75.04,74.98,75.04,0.00,-82.49,-81.91,-82.49,-82.17,0.28,8.34,8.34,8.32,8.33,0.01,,,,,,,,
902,04/29/2023 23:15:00,74.89,74.98,74.89,74.98,0.12,-82.38,-81.91,-82.38,-82.08,0.25,8.33,8.33,8.32,8.33,0.01,,,,,,,,
903,04/29/2023 23:30:00,74.86,74.95,74.86,74.95,0.09,-82.13,-81.67,-82.13,-81.85,0.23,8.33,8.33,8.32,8.32,0.00,,,,,,,,
904,04/29/2023 23:45:00,74.77,74.86,74.77,74.86,0.12,-81.89,-81.47,-81.89,-81.61,0.23,8.32,8.32,8.32,8.32,0.00,,,,,,,,
905,04/30/2023 00:00:00,74.73,74.82,74.73,74.82,0.09,-81.81,-81.36,-81.81,-81.53,0.23,8.32,8.32,8.31,8.32,0.00,,,,,,,,
906,04/30/2023 00:15:00,74.68,74.77,74.68,74.77,0.08,-81.71,-81.22,-81.71,-81.38,0.28,8.32,8.32,8.31,8.32,0.01,,,,,,,,
907,04/30/2023 00:30:00,74.59,74.68,74.59,74.68,0.11,-81.39,-81.02,-81.39,-81.17,0.19,8.32,8.32,8.31,8.31,0.00,,,,,,,,
908,04/30/2023 00:45:00,74.55,74.64,74.55,74.64,0.08,-81.08,-80.77,-81.08,-80.89,0.16,8.31,8.31,8.30,8.31,0.00,,,,,,,,
909,04/30/2023 01:00:00,74.46,74.55,74.46,74.55,0.11,-80.86,-80.36,-80.86,-80.55,0.27,8.31,8.31,8.30,8.30,0.01,,,,,,,,
910,04/30/2023 01:15:00,74.43,74.52,74.43,74.52,0.08,-80.77,-80.14,-80.77,-80.39,0.33,8.30,8.30,8.29,8.30,0.01,,,,,,,,
911,04/30/2023 01:30:00,74.34,74.43,74.34,74.43,0.11,-80.63,-80.13,-80.63,-80.31,0.27,8.30,8.30,8.29,8.29,0.01,,,,,,,,
912,04/30/2023 01:45:00,74.30,74.37,74.30,74.37,0.10,-80.50,-79.92,-80.50,-80.16,0.30,8.30,8.30,8.29,8.29,0.01,,,,,,,,
913,04/30/2023 02:00:00,74.25,74.30,74.25,74.30,0.05,-80.35,-79.85,-80.35,-80.03,0.27,8.30,8.30,8.29,8.29,0.01,,,,,,,,
914,04/30/2023 02:15:00,74.16,74.25,74.16,74.25,0.10,-80.16,-79.71,-80.16,-79.88,0.23,8.29,8.29,8.28,8.29,0.00,,,,,,,,
915,04/30/2023 02:30:00,74.12,74.21,74.12,74.21,0.08,-79.97,-79.50,-79.97,-79.69,0.23,8.29,8.29,8.28,8.28,0.00,,,,,,,,
916,04/30/2023 02:45:00,74.08,74.16,74.08,74.16,0.07,-79.89,-79.31,-79.89,-79.52,0.31,8.29,8.29,8.28,8.28,0.01,,,,,,,,
917,04/30/2023 03:00:00,73.99,74.08,73.99,74.08,0.08,-79.75,-79.30,-79.75,-79.46,0.25,8.28,8.28,8.28,8.28,0.01,,,,,,,,
918,04/30/2023 03:15:00,73.94,74.03,73.94,74.03,0.07,-79.61,-79.16,-79.61,-79.31,0.25,8.28,8.28,8.27,8.28,0.01,,,,,,,,
919,04/30/2023 03:30:00,73.90,73.94,73.90,73.94,0.04,-79.42,-78.96,-79.42,-79.14,0.23,8.28,8.28,8.27,8.27,0.00,,,,,,,,
920,04/30/2023 03:45:00,73.81,73.90,73.81,73.90,0.08,-79.31,-78.81,-79.31,-78.99,0.28,8.28,8.28,8.27,8.27,0.01,,,,,,,,
921,04/30/2023 04:00:00,73.72,73.81,73.72,73.81,0.11,-79.21,-78.74,-79.21,-78.89,0.27,8.27,8.27,8.27,8.27,0.01,,,,,,,,
922,04/30/2023 04:15:00,73.69,73.78,73.69,73.78,0.08,-79.05,-78.60,-79.05,-78.75,0.25,8.27,8.27,8.26,8.27,0.01,,,,,,,,
923,04/30/2023 04:30:00,73.60,73.69,73.60,73.69,0.10,-78.96,-78.42,-78.96,-78.60,0.30,8.27,8.27,8.26,8.26,0.01,,,,,,,,
924,04/30/2023 04:45:00,73.56,73.60,73.56,73.60,0.01,-78.81,-78.30,-78.81,-78.50,0.27,8.27,8.27,8.26,8.26,0.01,,,,,,,,
925,04/30/2023 05:00:00,73.47,73.56,73.47,73.56,0.11,-78.64,-78.19,-78.64,-78.35,0.25,8.26,8.26,8.26,8.26,0.01,,,,,,,,
926,04/30/2023 05:15:00,73.44,73.51,73.44,73.51,0.10,-78.50,-78.05,-78.50,-78.22,0.23,8.26,8.26,8.25,8.26,0.00,,,,,,,,
927,04/30/2023 05:30:00,73.35,73.44,73.35,73.44,0.11,-78.36,-77.85,-78.36,-78.05,0.27,8.26,8.26,8.25,8.25,0.01,,,,,,,,
928,04/30/2023 05:45:00,73.29,73.38,73.29,73.38,0.11,-78.24,-77.74,-78.24,-77.92,0.27,8.26,8.26,8.25,8.25,0.01,,,,,,,,
929,04/30/2023 06:00:00,73.26,73.29,73.26,73.29,0.02,-78.10,-77.61,-78.10,-77.78,0.27,8.25,8.25,8.24,8.25,0.01,,,,,,,,
930,04/30/2023 06:15:00,73.17,73.26,73.17,73.26,0.11,-78.00,-77.47,-78.00,-77.67,0.28,8.25,8.25,8.24,8.25,0.01,,,,,,,,
931,04/30/2023 06:30:00,73.17,73.22,73.17,73.22,0.03,-77.88,-77.38,-77.88,-77.55,0.28,8.25,8.25,8.24,8.24,0.01,,,,,,,,
932,04/30/2023 06:45:00,73.13,73.17,73.13,73.17,0.02,-77.80,-77.27,-77.80,-77.46,0.30,8.25,8.25,8.24,8.24,0.01,,,,,,,,
933,04/30/2023 07:00:00,73.08,73.17,73.08,73.17,0.08,-77.75,-77.24,-77.75,-77.41,0.30,8.25,8.25,8.24,8.24,0.01,,,,,,,,
934,04/30/2023 07:15:00,73.00,73.13,73.00,73.08,0.11,-77.72,-77.19,-77.72,-77.36,0.30,8.25,8.25,8.24,8.24,0.01,,,,,,,,
935,04/30/2023 07:30:00,72.95,73.04,72.95,73.04,0.09,-77.66,-77.14,-77.66,-77.31,0.28,8.25,8.25,8.24,8.24,0.01,,,,,,,,
936,04/30/2023 07:45:00,72.91,72.95,72.91,72.95,0.00,-77.67,-77.11,-77.67,-77.30,0.31,8.25,8.25,8.24,8.24,0.01,,,,,,,,
937,04/30/2023 08:00:00,72.86,72.91,72.86,72.91,0.04,-77.67,-77.14,-77.67,-77.31,0.30,8.25,8.25,8.24,8.24,0.01,,,,,,,,
938,04/30/2023 08:15:00,72.82,72.86,72.82,72.86,0.03,-77.71,-77.13,-77.71,-77.33,0.31,8.25,8.25,8.24,8.24,0.01,,,,,,,,
939,04/30/2023 08:30:00,72.82,72.86,72.82,72.86,0.03,-77.85,-77.22,-77.85,-77.44,0.34,8.25,8.25,8.24,8.24,0.01,,,,,,,,
940,04/30/2023 08:45:00,72.82,72.86,72.82,72.86,0.03,-78.02,-77.36,-78.02,-77.58,0.38,8.25,8.25,8.24,8.25,0.01,,,,,,,,
941,04/30/2023 09:00:00,72.91,72.91,72.86,72.86,0.09,-78.28,-77.56,-78.28,-77.81,0.39,8.26,8.26,8.24,8.25,0.01,,,,,,,,
942,04/30/2023 09:15:00,72.95,72.95,72.95,72.95,0.00,-78.55,-77.83,-78.55,-78.08,0.39,8.26,8.26,8.25,8.25,0.01,,,,,,,,
943,04/30/2023 09:30:00,73.04,73.04,73.00,73.00,0.07,-78.97,-78.14,-78.97,-78.46,0.44,8.27,8.27,8.26,8.26,0.01,,,,,,,,
944,04/30/2023 09:45:00,73.17,73.17,73.13,73.13,0.06,-79.44,-78.60,-79.44,-78.94,0.44,8.28,8.28,8.26,8.27,0.01,,,,,,,,
945,04/30/2023 10:00:00,73.38,73.38,73.26,73.29,0.08,-80.03,-79.11,-80.03,-79.47,0.48,8.29,8.29,8.27,8.28,0.01,,,,,,,,
946,04/30/2023 10:15:00,73.60,73.60,73.47,73.51,0.10,-80.74,-79.71,-80.74,-80.10,0.55,8.31,8.31,8.29,8.29,0.01,,,,,,,,
947,04/30/2023 10:30:00,73.90,73.90,73.72,73.81,0.17,-81.47,-80.49,-81.47,-80.88,0.52,8.32,8.32,8.30,8.31,0.01,,,,,,,,
948,04/30/2023 10:45:00,74.12,74.12,73.99,74.03,0.07,-82.03,-81.08,-82.03,-81.50,0.48,8.33,8.33,8.31,8.32,0.01,,,,,,,,
949,04/30/2023 11:00:00,74.37,74.37,74.25,74.30,0.11,-82.77,-81.86,-82.77,-82.17,0.50,8.34,8.34,8.33,8.33,0.01,,,,,,,,
950,04/30/2023 11:15:00,74.59,74.59,74.52,74.55,0.11,-83.17,-82.42,-83.17,-82.69,0.41,8.35,8.35,8.34,8.34,0.01,,,,,,,,
951,04/30/2023 11:30:00,74.86,74.86,74.73,74.77,0.08,-83.71,-82.85,-83.71,-83.17,0.45,8.36,8.36,8.34,8.35,0.01,,,,,,,,
952,04/30/2023 11:45:00,75.11,75.11,74.98,75.04,0.06,-84.39,-83.44,-84.39,-83.83,0.48,8.37,8.37,8.35,8.36,0.01,,,,,,,,
953,04/30/2023 12:00:00,75.42,75.42,75.25,75.33,0.16,-84.89,-84.05,-84.89,-84.39,0.44,8.38,8.38,8.37,8.37,0.01,,,,,,,,
954,04/30/2023 12:15:00,75.69,75.69,75.51,75.60,0.14,-85.60,-84.61,-85.60,-85.03,0.50,8.39,8.40,8.38,8.38,0.01,,,,,,,,
955,04/30/2023 12:30:00,75.99,75.99,75.81,75.90,0.17,-86.21,-85.27,-86.21,-85.64,0.48,8.41,8.41,8.39,8.40,0.01,,,,,,,,
956,04/30/2023 12:45:00,76.15,76.15,76.06,76.06,0.07,-86.69,-85.83,-86.69,-86.19,0.44,8.42,8.42,8.40,8.41,0.01,,,,,,,,
957,04/30/2023 13:00:00,76.24,76.28,76.24,76.24,0.02,-86.99,-86.25,-86.99,-86.55,0.38,8.42,8.42,8.41,8.41,0.01,,,,,,,,
958,04/30/2023 13:15:00,76.28,76.33,76.28,76.33,0.06,-87.24,-86.57,-87.24,-86.80,0.38,8.43,8.43,8.41,8.42,0.01,,,,,,,,
959,04/30/2023 13:30:00,76.33,76.33,76.33,76.33,0.06,-87.47,-86.82,-87.47,-87.05,0.36,8.43,8.43,8.42,8.42,0.01,,,,,,,,
960,04/30/2023 13:45:00,76.33,76.37,76.33,76.37,0.02,-87.61,-87.05,-87.61,-87.24,0.31,8.43,8.43,8.42,8.43,0.01,,,,,,,,
961,04/30/2023 14:00:00,76.28,76.33,76.28,76.33,0.06,-87.69,-87.11,-87.69,-87.32,0.31,8.43,8.43,8.42,8.43,0.01,,,,,,,,
962,04/30/2023 14:15:00,76.28,76.33,76.28,76.33,0.06,-87.77,-87.17,-87.77,-87.39,0.31,8.44,8.44,8.42,8.43,0.01,,,,,,,,
963,04/30/2023 14:30:00,76.24,76.28,76.24,76.28,0.05,-87.75,-87.19,-87.75,-87.38,0.31,8.44,8.44,8.42,8.43,0.01,,,,,,,,
964,04/30/2023 14:45:00,76.21,76.24,76.21,76.24,0.02,-87.78,-87.27,-87.78,-87.44,0.30,8.44,8.44,8.43,8.43,0.01,,,,,,,,
965,04/30/2023 15:00:00,76.15,76.21,76.15,76.21,0.05,-87.78,-87.27,-87.78,-87.44,0.30,8.44,8.44,8.43,8.43,0.01,,,,,,,,
966,04/30/2023 15:15:00,76.12,76.15,76.12,76.15,0.05,-87.75,-87.25,-87.75,-87.42,0.28,8.44,8.44,8.43,8.43,0.01,,,,,,,,
967,04/30/2023 15:30:00,76.06,76.12,76.06,76.12,0.01,-87.72,-87.17,-87.72,-87.36,0.30,8.44,8.44,8.42,8.43,0.01,,,,,,,,
968,04/30/2023 15:45:00,76.03,76.06,76.03,76.06,0.01,-87.67,-87.17,-87.67,-87.35,0.28,8.43,8.43,8.42,8.43,0.01,,,,,,,,
969,04/30/2023 16:00:00,75.99,76.03,75.99,76.03,0.04,-87.61,-87.13,-87.61,-87.30,0.27,8.43,8.43,8.42,8.43,0.01,,,,,,,,
970,04/30/2023 16:15:00,75.90,75.99,75.90,75.99,0.08,-87.57,-87.07,-87.57,-87.24,0.28,8.43,8.43,8.42,8.43,0.01,,,,,,,,
971,04/30/2023 16:30:00,75.85,75.94,75.85,75.94,0.06,-87.47,-86.99,-87.47,-87.16,0.27,8.43,8.43,8.42,8.42,0.01,,,,,,,,
972,04/30/2023 16:45:00,75.81,75.85,75.81,75.85,0.02,-87.41,-86.92,-87.41,-87.10,0.27,8.43,8.43,8.42,8.42,0.01,,,,,,,,
973,04/30/2023 17:00:00,75.78,75.81,75.78,75.81,0.06,-87.30,-86.83,-87.30,-86.99,0.27,8.43,8.43,8.42,8.42,0.01,,,,,,,,
974,04/30/2023 17:15:00,75.72,75.78,75.72,75.78,0.03,-87.19,-86.71,-87.19,-86.88,0.27,8.43,8.43,8.42,8.42,0.01,,,,,,,,
975,04/30/2023 17:30:00,75.72,75.78,75.72,75.78,0.03,-87.08,-86.58,-87.08,-86.77,0.27,8.42,8.42,8.41,8.42,0.01,,,,,,,,
976,04/30/2023 17:45:00,75.72,75.78,75.72,75.78,0.03,-86.96,-86.49,-86.96,-86.66,0.25,8.42,8.42,8.41,8.42,0.01,,,,,,,,
977,04/30/2023 18:00:00,75.78,75.78,75.78,75.78,0.03,-86.82,-86.35,-86.82,-86.53,0.23,8.42,8.42,8.41,8.41,0.00,,,,,,,,
978,04/30/2023 18:15:00,75.81,75.81,75.81,75.81,0.06,-86.71,-86.22,-86.71,-86.39,0.27,8.42,8.42,8.41,8.41,0.01,,,,,,,,
979,04/30/2023 18:30:00,75.85,75.85,75.85,75.85,0.02,-86.53,-86.08,-86.53,-86.25,0.23,8.41,8.41,8.40,8.41,0.00,,,,,,,,
980,04/30/2023 18:45:00,75.85,75.90,75.85,75.90,0.04,-86.39,-85.92,-86.39,-86.10,0.25,8.41,8.41,8.40,8.40,0.01,,,,,,,,
981,04/30/2023 19:00:00,75.90,75.90,75.90,75.90,0.04,-86.24,-85.77,-86.24,-85.94,0.25,8.41,8.41,8.40,8.40,0.00,,,,,,,,
982,04/30/2023 19:15:00,75.90,75.94,75.90,75.90,0.04,-86.05,-85.60,-86.05,-85.77,0.23,8.40,8.40,8.39,8.40,0.00,,,,,,,,
983,04/30/2023 19:30:00,75.90,75.94,75.90,75.94,0.06,-85.86,-85.42,-85.86,-85.58,0.23,8.40,8.40,8.39,8.39,0.00,,,,,,,,
984,04/30/2023 19:45:00,75.90,75.94,75.90,75.94,0.00,-85.64,-85.22,-85.64,-85.38,0.22,8.40,8.40,8.39,8.39,0.00,,,,,,,,
985,04/30/2023 20:00:00,75.90,75.94,75.90,75.94,0.00,-85.46,-85.03,-85.46,-85.17,0.23,8.39,8.39,8.38,8.39,0.00,,,,,,,,
986,04/30/2023 20:15:00,75.90,75.90,75.90,75.90,0.04,-85.27,-84.85,-85.27,-85.00,0.22,8.39,8.39,8.38,8.38,0.00,,,,,,,,
987,04/30/2023 20:30:00,75.85,75.90,75.85,75.90,0.04,-85.07,-84.63,-85.07,-84.78,0.23,8.38,8.38,8.38,8.38,0.00,,,,,,,,
988,04/30/2023 20:45:00,75.85,75.90,75.85,75.90,0.10,-84.86,-84.44,-84.86,-84.60,0.22,8.38,8.38,8.37,8.38,0.00,,,,,,,,
989,04/30/2023 21:00:00,75.81,75.85,75.81,75.85,0.02,-84.64,-84.21,-84.64,-84.38,0.22,8.38,8.38,8.37,8.37,0.00,,,,,,,,
990,04/30/2023 21:15:00,75.72,75.81,75.72,75.81,0.13,-84.46,-84.02,-84.46,-84.17,0.23,8.37,8.37,8.36,8.37,0.00,,,,,,,,
991,04/30/2023 21:30:00,75.72,75.78,75.72,75.78,0.03,-84.27,-83.82,-84.27,-83.99,0.23,8.37,8.37,8.36,8.36,0.00,,,,,,,,
992,04/30/2023 21:45:00,75.69,75.72,75.69,75.72,0.02,-84.08,-83.66,-84.08,-83.82,0.22,8.37,8.37,8.36,8.36,0.00,,,,,,,,
993,04/30/2023 22:00:00,75.60,75.69,75.60,75.69,0.12,-83.91,-83.46,-83.91,-83.63,0.23,8.36,8.36,8.35,8.36,0.00,,,,,,,,
994,04/30/2023 22:15:00,75.60,75.63,75.60,75.63,0.05,-83.71,-83.25,-83.71,-83.42,0.23,8.36,8.36,8.35,8.35,0.00,,,,,,,,
995,04/30/2023 22:30:00,75.54,75.60,75.54,75.60,0.01,-83.53,-83.07,-83.53,-83.24,0.25,8.36,8.36,8.35,8.35,0.01,,,,,,,,
996,04/30/2023 22:45:00,75.51,75.54,75.51,75.54,0.01,-83.36,-82.89,-83.36,-83.07,0.25,8.35,8.35,8.34,8.35,0.01,,,,,,,,
997,04/30/2023 23:00:00,75.47,75.51,75.47,75.51,0.04,-83.19,-82.72,-83.19,-82.89,0.25,8.35,8.35,8.34,8.34,0.01,,,,,,,,
998,04/30/2023 23:15:00,75.42,75.47,75.42,75.47,0.02,-83.00,-82.49,-83.00,-82.69,0.27,8.34,8.35,8.33,8.34,0.01,,,,,,,,
999,04/30/2023 23:30:00,75.33,75.42,75.33,75.42,0.07,-82.85,-82.36,-82.85,-82.53,0.27,8.34,8.34,8.33,8.34,0.01,,,,,,,,
1000,04/30/2023 23:45:00,75.29,75.38,75.29,75.38,0.11,-82.63,-82.13,-82.63,-82.35,0.25,8.34,8.34,8.33,8.33,0.01,,,,,,,,
1001,05/01/2023 00:00:00,75.25,75.33,75.25,75.33,0.09,-82.46,-82.02,-82.46,-82.19,0.22,8.33,8.33,8.33,8.33,0.00,,,,,,,,
1002,05/01/2023 00:15:00,75.20,75.25,75.20,75.25,0.04,-82.32,-81.81,-82.32,-82.00,0.27,8.33,8.33,8.32,8.33,0.01,,,,,,,,
1003,05/01/2023 00:30:00,75.11,75.20,75.11,75.20,0.09,-82.17,-81.69,-82.17,-81.86,0.27,8.33,8.33,8.32,8.32,0.01,,,,,,,,
1004,05/01/2023 00:45:00,75.07,75.16,75.07,75.16,0.07,-82.00,-81.53,-82.00,-81.71,0.25,8.33,8.33,8.32,8.32,0.01,,,,,,,,
1005,05/01/2023 01:00:00,75.04,75.07,75.04,75.07,0.03,-81.83,-81.36,-81.83,-81.53,0.25,8.32,8.32,8.31,8.32,0.01,,,,,,,,
1006,05/01/2023 01:15:00,74.98,75.04,74.98,75.04,0.00,-81.66,-81.19,-81.66,-81.38,0.23,8.32,8.32,8.31,8.31,0.00,,,,,,,,
1007,05/01/2023 01:30:00,74.95,74.98,74.95,74.98,0.06,-81.50,-81.03,-81.50,-81.19,0.27,8.32,8.32,8.31,8.31,0.01,,,,,,,,
1008,05/01/2023 01:45:00,74.89,74.95,74.89,74.95,0.03,-81.33,-80.85,-81.33,-81.02,0.27,8.31,8.31,8.30,8.31,0.01,,,,,,,,
1009,05/01/2023 02:00:00,74.86,74.89,74.86,74.89,0.02,-81.17,-80.69,-81.17,-80.86,0.27,8.31,8.31,8.30,8.30,0.01,,,,,,,,
1010,05/01/2023 02:15:00,74.82,74.86,74.82,74.86,0.05,-81.02,-80.53,-81.02,-80.71,0.27,8.31,8.31,8.30,8.30,0.01,,,,,,,,
1011,05/01/2023 02:30:00,74.73,74.82,74.73,74.82,0.09,-80.85,-80.39,-80.85,-80.56,0.23,8.30,8.30,8.30,8.30,0.01,,,,,,,,
1012,05/01/2023 02:45:00,74.64,74.73,74.64,74.73,0.12,-80.75,-80.25,-80.75,-80.44,0.27,8.30,8.30,8.29,8.30,0.01,,,,,,,,
1013,05/01/2023 03:00:00,74.59,74.68,74.59,74.68,0.11,-80.58,-80.10,-80.58,-80.27,0.27,8.30,8.30,8.29,8.29,0.01,,,,,,,,
1014,05/01/2023 03:15:00,74.52,74.59,74.52,74.59,0.07,-80.46,-79.94,-80.46,-80.13,0.28,8.30,8.30,8.29,8.29,0.01,,,,,,,,
1015,05/01/2023 03:30:00,74.46,74.55,74.46,74.55,0.11,-80.14,-79.80,-80.14,-79.92,0.19,8.29,8.29,8.28,8.29,0.00,,,,,,,,
1016,05/01/2023 03:45:00,74.37,74.46,74.37,74.46,0.08,-79.56,-79.11,-79.56,-79.31,0.22,8.28,8.28,8.27,8.28,0.00,,,,,,,,
1017,05/01/2023 04:00:00,74.30,74.37,74.30,74.37,0.10,-79.60,-78.91,-79.60,-79.19,0.36,8.28,8.28,8.27,8.27,0.01,,,,,,,,
1018,05/01/2023 04:15:00,74.25,74.34,74.25,74.34,0.07,-79.56,-79.08,-79.56,-79.24,0.28,8.28,8.28,8.27,8.27,0.01,,,,,,,,
1019,05/01/2023 04:30:00,74.16,74.25,74.16,74.25,0.10,-79.44,-78.94,-79.44,-79.13,0.27,8.28,8.28,8.27,8.27,0.01,,,,,,,,
1020,05/01/2023 04:45:00,74.08,74.16,74.08,74.16,0.07,-79.31,-78.85,-79.31,-79.00,0.27,8.28,8.28,8.27,8.27,0.01,,,,,,,,
1021,05/01/2023 05:00:00,74.03,74.12,74.03,74.12,0.11,-79.19,-78.71,-79.19,-78.88,0.27,8.27,8.27,8.26,8.27,0.01,,,,,,,,
1022,05/01/2023 05:15:00,73.94,74.03,73.94,74.03,0.07,-79.08,-78.58,-79.08,-78.75,0.28,8.27,8.27,8.26,8.27,0.01,,,,,,,,
1023,05/01/2023 05:30:00,73.87,73.94,73.87,73.94,0.10,-78.97,-78.44,-78.97,-78.63,0.28,8.27,8.27,8.26,8.26,0.01,,,,,,,,
1024,05/01/2023 05:45:00,73.78,73.90,73.78,73.87,0.11,-78.85,-78.35,-78.85,-78.52,0.28,8.27,8.27,8.26,8.26,0.01,,,,,,,,
1025,05/01/2023 06:00:00,73.69,73.81,73.69,73.78,0.08,-78.71,-78.22,-78.71,-78.39,0.27,8.27,8.27,8.26,8.26,0.01,,,,,,,,
1026,05/01/2023 06:15:00,73.65,73.72,73.65,73.72,0.07,-78.56,-78.10,-78.56,-78.25,0.27,8.26,8.26,8.25,8.26,0.01,,,,,,,,
1027,05/01/2023 06:30:00,73.60,73.65,73.60,73.65,0.02,-78.47,-77.97,-78.47,-78.14,0.28,8.26,8.26,8.25,8.25,0.01,,,,,,,,
1028,05/01/2023 06:45:00,73.56,73.60,73.56,73.60,0.01,-78.42,-77.91,-78.42,-78.08,0.28,8.26,8.26,8.25,8.25,0.01,,,,,,,,
1029,05/01/2023 07:00:00,73.51,73.60,73.51,73.60,0.07,-78.38,-77.88,-78.38,-78.03,0.28,8.26,8.26,8.25,8.25,0.01,,,,,,,,
1030,05/01/2023 07:15:00,73.47,73.56,73.47,73.56,0.11,-78.38,-77.85,-78.38,-78.02,0.30,8.26,8.26,8.25,8.25,0.01,,,,,,,,
1031,05/01/2023 07:30:00,73.47,73.51,73.47,73.51,0.04,-78.36,-77.83,-78.36,-78.02,0.30,8.26,8.26,8.25,8.25,0.01,,,,,,,,
1032,05/01/2023 07:45:00,73.44,73.47,73.44,73.47,0.02,-78.41,-77.83,-78.41,-78.02,0.33,8.26,8.26,8.25,8.25,0.01,,,,,,,,
1033,05/01/2023 08:00:00,73.44,73.47,73.44,73.47,0.02,-78.44,-77.88,-78.44,-78.06,0.31,8.26,8.26,8.25,8.25,0.01,,,,,,,,
1034,05/01/2023 08:15:00,73.44,73.47,73.44,73.47,0.02,-78.53,-77.92,-78.53,-78.13,0.34,8.26,8.26,8.25,8.25,0.01,,,,,,,,
1035,05/01/2023 08:30:00,73.44,73.47,73.44,73.47,0.02,-78.58,-77.99,-78.58,-78.19,0.33,8.26,8.26,8.25,8.26,0.01,,,,,,,,
1036,05/01/2023 08:45:00,73.47,73.51,73.47,73.51,0.04,-78.74,-78.16,-78.74,-78.36,0.31,8.27,8.27,8.25,8.26,0.01,,,,,,,,
1037,05/01/2023 09:00:00,73.56,73.56,73.56,73.56,0.05,-78.88,-78.22,-78.88,-78.47,0.34,8.27,8.27,8.26,8.26,0.01,,,,,,,,
1038,05/01/2023 09:15:00,73.65,73.65,73.60,73.60,0.07,-79.21,-78.42,-79.21,-78.72,0.42,8.27,8.27,8.26,8.27,0.01,,,,,,,,
1039,05/01/2023 09:30:00,73.78,73.78,73.69,73.72,0.07,-79.61,-78.77,-79.61,-79.08,0.45,8.28,8.28,8.27,8.27,0.01,,,,,,,,
1040,05/01/2023 09:45:00,73.94,73.94,73.87,73.87,0.11,-80.14,-79.24,-80.14,-79.61,0.47,8.29,8.29,8.28,8.28,0.01,,,,,,,,
1041,05/01/2023 10:00:00,74.16,74.16,74.03,74.08,0.08,-80.78,-79.85,-80.78,-80.22,0.48,8.30,8.30,8.29,8.29,0.01,,,,,,,,
1042,05/01/2023 10:15:00,74.43,74.43,74.30,74.34,0.07,-81.50,-80.46,-81.50,-80.85,0.56,8.32,8.32,8.30,8.31,0.01,,,,,,,,
1043,05/01/2023 10:30:00,74.77,74.77,74.59,74.68,0.17,-82.27,-81.27,-82.27,-81.67,0.52,8.33,8.33,8.31,8.32,0.01,,,,,,,,
1044,05/01/2023 10:45:00,75.04,75.04,74.89,74.95,0.09,-82.88,-81.83,-82.88,-82.28,0.53,8.34,8.34,8.32,8.33,0.01,,,,,,,,
1045,05/01/2023 11:00:00,75.20,75.20,75.16,75.16,0.01,-83.49,-82.36,-83.49,-82.82,0.59,8.35,8.36,8.33,8.34,0.01,,,,,,,,
1046,05/01/2023 11:15:00,75.42,75.42,75.33,75.38,0.11,-83.83,-83.14,-83.83,-83.36,0.39,8.36,8.36,8.35,8.35,0.01,,,,,,,,
1047,05/01/2023 11:30:00,75.90,75.90,75.54,75.69,0.31,-84.97,-83.52,-84.97,-84.13,0.75,8.38,8.38,8.35,8.37,0.01,,,,,,,,
1048,05/01/2023 11:45:00,76.06,76.06,75.99,76.03,0.10,-85.47,-84.64,-85.47,-84.97,0.44,8.39,8.39,8.38,8.38,0.01,,,,,,,,
1049,05/01/2023 12:00:00,76.15,76.21,76.15,76.15,0.05,-85.88,-85.14,-85.88,-85.41,0.39,8.40,8.40,8.38,8.39,0.01,,,,,,,,
1050,05/01/2023 12:15:00,76.28,76.28,76.24,76.24,0.09,-86.30,-85.55,-86.30,-85.83,0.41,8.41,8.41,8.39,8.40,0.01,,,,,,,,
1051,05/01/2023 12:30:00,76.37,76.37,76.37,76.37,0.02,-86.75,-85.97,-86.75,-86.27,0.42,8.42,8.42,8.40,8.41,0.01,,,,,,,,
1052,05/01/2023 12:45:00,76.46,76.46,76.46,76.46,0.00,-87.16,-86.41,-87.16,-86.69,0.41,8.42,8.42,8.41,8.41,0.01,,,,,,,,
1053,05/01/2023 13:00:00,76.46,76.51,76.46,76.51,0.02,-87.44,-86.74,-87.44,-87.00,0.38,8.43,8.43,8.42,8.42,0.01,,,,,,,,
1054,05/01/2023 13:15:00,76.46,76.51,76.46,76.51,0.02,-87.67,-87.00,-87.67,-87.24,0.38,8.43,8.43,8.42,8.43,0.01,,,,,,,,
1055,05/01/2023 13:30:00,76.46,76.51,76.46,76.51,0.02,-87.83,-87.25,-87.83,-87.46,0.31,8.44,8.44,8.43,8.43,0.01,,,,,,,,
1056,05/01/2023 13:45:00,76.46,76.51,76.46,76.51,0.02,-87.96,-87.39,-87.96,-87.58,0.31,8.44,8.44,8.43,8.43,0.01,,,,,,,,
1057,05/01/2023 14:00:00,76.42,76.51,76.42,76.51,0.08,-88.03,-87.52,-88.03,-87.69,0.28,8.44,8.44,8.43,8.43,0.01,,,,,,,,
1058,05/01/2023 14:15:00,76.33,76.42,76.33,76.42,0.11,-88.13,-87.57,-88.13,-87.75,0.31,8.44,8.44,8.43,8.44,0.01,,,,,,,,
1059,05/01/2023 14:30:00,76.28,76.37,76.28,76.37,0.09,-88.14,-87.60,-88.14,-87.77,0.31,8.44,8.44,8.43,8.44,0.01,,,,,,,,
1060,05/01/2023 14:45:00,76.21,76.28,76.21,76.28,0.11,-88.22,-87.67,-88.22,-87.85,0.31,8.44,8.44,8.43,8.44,0.01,,,,,,,,
1061,05/01/2023 15:00:00,76.15,76.21,76.15,76.21,0.05,-88.24,-87.75,-88.24,-87.91,0.28,8.45,8.45,8.44,8.44,0.01,,,,,,,,
1062,05/01/2023 15:15:00,76.06,76.15,76.06,76.15,0.11,-88.17,-87.77,-88.17,-87.89,0.23,8.44,8.44,8.44,8.44,0.00,,,,,,,,
1063,05/01/2023 15:30:00,75.94,76.06,75.94,76.03,0.10,-88.17,-87.74,-88.17,-87.89,0.23,8.44,8.44,8.44,8.44,0.00,,,,,,,,
1064,05/01/2023 15:45:00,75.85,75.94,75.85,75.94,0.06,-88.25,-87.72,-88.25,-87.89,0.30,8.45,8.45,8.44,8.44,0.01,,,,,,,,
1065,05/01/2023 16:00:00,75.72,75.85,75.72,75.81,0.13,-88.22,-87.74,-88.22,-87.89,0.28,8.45,8.45,8.44,8.44,0.01,,,,,,,,
1066,05/01/2023 16:15:00,75.60,75.72,75.60,75.69,0.12,-88.17,-87.60,-88.17,-87.80,0.31,8.45,8.45,8.43,8.44,0.01,,,,,,,,
1067,05/01/2023 16:30:00,75.47,75.60,75.47,75.54,0.07,-88.13,-87.66,-88.13,-87.82,0.27,8.45,8.45,8.44,8.44,0.01,,,,,,,,
1068,05/01/2023 16:45:00,75.33,75.47,75.33,75.42,0.07,-88.05,-87.58,-88.05,-87.74,0.27,8.44,8.44,8.43,8.44,0.01,,,,,,,,
1069,05/01/2023 17:00:00,75.16,75.33,75.16,75.25,0.17,-87.96,-87.50,-87.96,-87.66,0.25,8.44,8.44,8.43,8.44,0.01,,,,,,,,
1070,05/01/2023 17:15:00,75.07,75.20,75.07,75.16,0.07,-87.83,-87.38,-87.83,-87.55,0.23,8.44,8.44,8.43,8.43,0.01,,,,,,,,
1071,05/01/2023 17:30:00,74.98,75.07,74.98,75.07,0.10,-87.72,-87.27,-87.72,-87.44,0.23,8.44,8.44,8.43,8.43,0.00,,,,,,,,
1072,05/01/2023 17:45:00,74.89,74.98,74.89,74.98,0.12,-87.60,-87.13,-87.60,-87.30,0.25,8.44,8.44,8.43,8.43,0.01,,,,,,,,
1073,05/01/2023 18:00:00,74.86,74.89,74.86,74.89,0.02,-87.47,-87.03,-87.47,-87.19,0.23,8.43,8.43,8.43,8.43,0.00,,,,,,,,
1074,05/01/2023 18:15:00,74.82,74.86,74.82,74.86,0.05,-87.35,-86.89,-87.35,-87.07,0.23,8.43,8.43,8.42,8.43,0.00,,,,,,,,
1075,05/01/2023 18:30:00,74.82,74.86,74.82,74.86,0.05,-87.19,-86.77,-87.19,-86.91,0.23,8.43,8.43,8.42,8.42,0.00,,,,,,,,
1076,05/01/2023 18:45:00,74.77,74.82,74.77,74.82,0.03,-87.03,-86.61,-87.03,-86.77,0.22,8.43,8.43,8.42,8.42,0.00,,,,,,,,
1077,05/01/2023 19:00:00,74.77,74.82,74.77,74.82,0.03,-86.86,-86.44,-86.86,-86.60,0.22,8.42,8.42,8.41,8.42,0.00,,,,,,,,
1078,05/01/2023 19:15:00,74.73,74.77,74.73,74.77,0.02,-86.67,-86.25,-86.67,-86.41,0.22,8.42,8.42,8.41,8.41,0.00,,,,,,,,
1079,05/01/2023 19:30:00,74.68,74.77,74.68,74.77,0.08,-86.47,-86.05,-86.47,-86.21,0.22,8.41,8.41,8.41,8.41,0.00,,,,,,,,
1080,05/01/2023 19:45:00,74.68,74.73,74.68,74.73,0.06,-86.27,-85.85,-86.27,-86.02,0.22,8.41,8.41,8.40,8.41,0.00,,,,,,,,
1081,05/01/2023 20:00:00,74.64,74.68,74.64,74.68,0.04,-86.08,-85.66,-86.08,-85.82,0.22,8.41,8.41,8.40,8.40,0.00,,,,,,,,
1082,05/01/2023 20:15:00,74.59,74.64,74.59,74.64,0.02,-85.91,-85.46,-85.91,-85.63,0.23,8.40,8.40,8.40,8.40,0.00,,,,,,,,
1083,05/01/2023 20:30:00,74.55,74.59,74.55,74.59,0.01,-85.69,-85.25,-85.69,-85.41,0.23,8.40,8.40,8.39,8.39,0.00,,,,,,,,
1084,05/01/2023 20:45:00,74.52,74.55,74.52,74.55,0.05,-85.44,-85.05,-85.44,-85.21,0.20,8.39,8.40,8.39,8.39,0.00,,,,,,,,
1085,05/01/2023 21:00:00,74.46,74.52,74.46,74.52,0.02,-85.27,-84.82,-85.27,-85.00,0.23,8.39,8.39,8.38,8.39,0.00,,,,,,,,
1086,05/01/2023 21:15:00,74.37,74.46,74.37,74.46,0.08,-85.05,-84.63,-85.05,-84.80,0.22,8.39,8.39,8.38,8.38,0.00,,,,,,,,
1087,05/01/2023 21:30:00,74.34,74.43,74.34,74.43,0.11,-84.86,-84.42,-84.86,-84.60,0.22,8.38,8.38,8.38,8.38,0.00,,,,,,,,
1088,05/01/2023 21:45:00,74.30,74.37,74.30,74.37,0.10,-84.64,-84.22,-84.64,-84.39,0.22,8.38,8.38,8.37,8.37,0.00,,,,,,,,
1089,05/01/2023 22:00:00,74.21,74.30,74.21,74.30,0.11,-84.46,-84.02,-84.46,-84.19,0.22,8.38,8.38,8.37,8.37,0.00,,,,,,,,
1090,05/01/2023 22:15:00,74.16,74.25,74.16,74.25,0.10,-84.25,-83.83,-84.25,-83.99,0.22,8.37,8.37,8.36,8.37,0.00,,,,,,,,
1091,05/01/2023 22:30:00,74.08,74.16,74.08,74.16,0.07,-84.03,-83.60,-84.03,-83.77,0.22,8.37,8.37,8.36,8.36,0.00,,,,,,,,
1092,05/01/2023 22:45:00,74.03,74.12,74.03,74.12,0.11,-83.82,-83.39,-83.82,-83.57,0.22,8.36,8.36,8.36,8.36,0.00,,,,,,,,
1093,05/01/2023 23:00:00,73.99,74.08,73.99,74.08,0.08,-83.61,-83.19,-83.61,-83.35,0.22,8.36,8.36,8.35,8.36,0.00,,,,,,,,
1094,05/01/2023 23:15:00,73.94,73.99,73.94,73.99,0.05,-83.28,-82.99,-83.28,-83.10,0.16,8.35,8.35,8.35,8.35,0.00,,,,,,,,
1095,05/01/2023 23:30:00,73.87,73.94,73.87,73.94,0.10,-83.08,-82.63,-83.08,-82.80,0.23,8.35,8.35,8.34,8.34,0.00,,,,,,,,
1096,05/01/2023 23:45:00,73.81,73.90,73.81,73.90,0.08,-82.78,-82.42,-82.78,-82.57,0.19,8.34,8.34,8.34,8.34,0.00,,,,,,,,
1097,05/02/2023 00:00:00,73.72,73.81,73.72,73.81,0.11,-82.63,-82.16,-82.63,-82.32,0.27,8.34,8.34,8.33,8.34,0.01,,,,,,,,
1098,05/02/2023 00:15:00,73.69,73.78,73.69,73.78,0.08,-82.44,-82.00,-82.44,-82.16,0.23,8.34,8.34,8.33,8.33,0.00,,,,,,,,
1099,05/02/2023 00:30:00,73.60,73.69,73.60,73.69,0.10,-82.17,-81.74,-82.17,-81.89,0.23,8.33,8.33,8.32,8.33,0.00,,,,,,,,
1100,05/02/2023 00:45:00,73.56,73.65,73.56,73.65,0.08,-81.92,-81.50,-81.92,-81.66,0.22,8.33,8.33,8.32,8.32,0.00,,,,,,,,
1101,05/02/2023 01:00:00,73.47,73.56,73.47,73.56,0.11,-81.77,-81.33,-81.77,-81.49,0.23,8.33,8.33,8.32,8.32,0.00,,,,,,,,
1102,05/02/2023 01:15:00,73.38,73.47,73.38,73.47,0.08,-81.55,-81.13,-81.55,-81.28,0.22,8.32,8.32,8.31,8.32,0.00,,,,,,,,
1103,05/02/2023 01:30:00,73.35,73.44,73.35,73.44,0.11,-81.10,-80.89,-81.10,-80.99,0.09,8.31,8.31,8.31,8.31,0.00,,,,,,,,
1104,05/02/2023 01:45:00,73.26,73.35,73.26,73.35,0.08,-80.96,-80.35,-80.96,-80.56,0.33,8.31,8.31,8.30,8.30,0.01,,,,,,,,
1105,05/02/2023 02:00:00,73.17,73.26,73.17,73.26,0.11,-80.74,-80.31,-80.74,-80.46,0.23,8.31,8.31,8.30,8.30,0.00,,,,,,,,
1106,05/02/2023 02:15:00,73.08,73.17,73.08,73.17,0.08,-80.60,-80.17,-80.60,-80.33,0.22,8.30,8.30,8.30,8.30,0.00,,,,,,,,
1107,05/02/2023 02:30:00,73.04,73.13,73.04,73.13,0.06,-80.42,-80.00,-80.42,-80.16,0.22,8.30,8.30,8.29,8.30,0.00,,,,,,,,
1108,05/02/2023 02:45:00,72.95,73.04,72.95,73.04,0.09,-80.25,-79.78,-80.25,-79.97,0.23,8.30,8.30,8.29,8.29,0.01,,,,,,,,
1109,05/02/2023 03:00:00,72.86,72.95,72.86,72.95,0.06,-80.02,-79.61,-80.02,-79.77,0.20,8.29,8.29,8.28,8.29,0.00,,,,,,,,
1110,05/02/2023 03:15:00,72.79,72.86,72.79,72.86,0.09,-79.80,-79.35,-79.80,-79.52,0.23,8.29,8.29,8.28,8.28,0.00,,,,,,,,
1111,05/02/2023 03:30:00,72.73,72.79,72.73,72.79,0.04,-79.60,-79.17,-79.60,-79.33,0.22,8.28,8.28,8.28,8.28,0.00,,,,,,,,
1112,05/02/2023 03:45:00,72.64,72.73,72.64,72.73,0.10,-79.42,-78.97,-79.42,-79.14,0.23,8.28,8.28,8.27,8.28,0.00,,,,,,,,
1113,05/02/2023 04:00:00,72.57,72.64,72.57,72.64,0.07,-79.19,-78.77,-79.19,-78.94,0.22,8.28,8.28,8.27,8.27,0.00,,,,,,,,
1114,05/02/2023 04:15:00,72.52,72.61,72.52,72.61,0.10,-79.02,-78.55,-79.02,-78.74,0.23,8.27,8.27,8.26,8.27,0.01,,,,,,,,
1115,05/02/2023 04:30:00,72.45,72.52,72.45,72.52,0.07,-78.85,-78.39,-78.85,-78.56,0.23,8.27,8.27,8.26,8.27,0.00,,,,,,,,
1116,05/02/2023 04:45:00,72.36,72.45,72.36,72.45,0.08,-78.67,-78.22,-78.67,-78.39,0.23,8.27,8.27,8.26,8.26,0.00,,,,,,,,
1117,05/02/2023 05:00:00,72.23,72.36,72.23,72.30,0.11,-78.49,-78.00,-78.49,-78.19,0.25,8.26,8.26,8.25,8.26,0.01,,,,,,,,
1118,05/02/2023 05:15:00,72.18,72.27,72.18,72.27,0.08,-78.33,-77.88,-78.33,-78.03,0.25,8.26,8.26,8.25,8.26,0.01,,,,,,,,
1119,05/02/2023 05:30:00,72.05,72.18,72.05,72.14,0.10,-78.17,-77.72,-78.17,-77.89,0.23,8.26,8.26,8.25,8.25,0.00,,,,,,,,
1120,05/02/2023 05:45:00,71.96,72.05,71.96,72.05,0.07,-78.02,-77.55,-78.02,-77.72,0.25,8.26,8.26,8.25,8.25,0.01,,,,,,,,
1121,05/02/2023 06:00:00,71.87,71.96,71.87,71.96,0.10,-77.89,-77.42,-77.89,-77.60,0.25,8.25,8.25,8.24,8.25,0.01,,,,,,,,
1122,05/02/2023 06:15:00,71.80,71.87,71.80,71.87,0.07,-77.80,-77.31,-77.80,-77.49,0.27,8.25,8.25,8.24,8.25,0.01,,,,,,,,
1123,05/02/2023 06:30:00,71.74,71.80,71.74,71.80,0.03,-77.69,-77.22,-77.69,-77.39,0.25,8.25,8.25,8.24,8.24,0.01,,,,,,,,
1124,05/02/2023 06:45:00,71.65,71.74,71.65,71.74,0.09,-77.64,-77.13,-77.64,-77.30,0.28,8.25,8.25,8.24,8.24,0.01,,,,,,,,
1125,05/02/2023 07:00:00,71.62,71.71,71.62,71.71,0.06,-77.58,-77.08,-77.58,-77.25,0.28,8.25,8.25,8.24,8.24,0.01,,,,,,,,
1126,05/02/2023 07:15:00,71.62,71.65,71.62,71.65,0.06,-77.56,-77.03,-77.56,-77.22,0.30,8.25,8.25,8.24,8.24,0.01,,,,,,,,
1127,05/02/2023 07:30:00,71.58,71.62,71.58,71.62,0.03,-77.55,-76.97,-77.55,-77.17,0.31,8.25,8.25,8.24,8.24,0.01,,,,,,,,
1128,05/02/2023 07:45:00,71.53,71.62,71.53,71.62,0.09,-77.55,-77.03,-77.55,-77.21,0.30,8.25,8.25,8.24,8.24,0.01,,,,,,,,
1129,05/02/2023 08:00:00,71.53,71.58,71.53,71.58,0.02,-77.58,-77.05,-77.58,-77.22,0.30,8.25,8.25,8.24,8.24,0.01,,,,,,,,
1130,05/02/2023 08:15:00,71.53,71.58,71.53,71.58,0.02,-77.64,-77.08,-77.64,-77.27,0.31,8.25,8.25,8.24,8.24,0.01,,,,,,,,
1131,05/02/2023 08:30:00,71.58,71.58,71.58,71.58,0.02,-77.64,-77.11,-77.64,-77.30,0.30,8.25,8.25,8.24,8.24,0.01,,,,,,,,
1132,05/02/2023 08:45:00,71.58,71.62,71.58,71.58,0.02,-77.86,-77.24,-77.86,-77.46,0.34,8.25,8.25,8.24,8.25,0.01,,,,,,,,
1133,05/02/2023 09:00:00,71.62,71.65,71.62,71.62,0.03,-78.10,-77.41,-78.10,-77.66,0.38,8.26,8.26,8.24,8.25,0.01,,,,,,,,
1134,05/02/2023 09:15:00,71.71,71.71,71.71,71.71,0.00,-78.36,-77.66,-78.36,-77.92,0.38,8.26,8.26,8.25,8.25,0.01,,,,,,,,
1135,05/02/2023 09:30:00,71.83,71.83,71.80,71.80,0.09,-78.75,-77.91,-78.75,-78.24,0.45,8.27,8.27,8.25,8.26,0.01,,,,,,,,
1136,05/02/2023 09:45:00,72.01,72.01,71.92,71.96,0.10,-79.27,-78.39,-79.27,-78.74,0.45,8.28,8.28,8.26,8.27,0.01,,,,,,,,
1137,05/02/2023 10:00:00,72.23,72.23,72.09,72.14,0.10,-79.83,-78.94,-79.83,-79.30,0.47,8.29,8.29,8.27,8.28,0.01,,,,,,,,
1138,05/02/2023 10:15:00,72.48,72.48,72.36,72.39,0.08,-80.55,-79.50,-80.55,-79.91,0.55,8.30,8.30,8.28,8.29,0.01,,,,,,,,
1139,05/02/2023 10:30:00,72.82,72.82,72.64,72.73,0.16,-81.28,-80.47,-81.28,-80.80,0.42,8.32,8.32,8.30,8.31,0.01,,,,,,,,
1140,05/02/2023 10:45:00,73.13,73.13,72.91,73.00,0.19,-81.92,-80.88,-81.92,-81.35,0.53,8.33,8.33,8.31,8.32,0.01,,,,,,,,
1141,05/02/2023 11:00:00,73.38,73.38,73.26,73.29,0.08,-82.21,-81.50,-82.21,-81.75,0.39,8.33,8.33,8.32,8.33,0.01,,,,,,,,
1142,05/02/2023 11:15:00,73.65,73.65,73.51,73.56,0.11,-82.82,-81.81,-82.82,-82.17,0.55,8.35,8.35,8.33,8.33,0.01,,,,,,,,
1143,05/02/2023 11:30:00,73.87,73.87,73.72,73.78,0.08,-83.22,-82.49,-83.22,-82.77,0.39,8.35,8.35,8.34,8.34,0.01,,,,,,,,
1144,05/02/2023 11:45:00,74.16,74.16,73.99,74.08,0.15,-83.80,-82.89,-83.80,-83.25,0.47,8.36,8.36,8.35,8.35,0.01,,,,,,,,
1145,05/02/2023 12:00:00,74.43,74.43,74.30,74.34,0.07,-84.17,-83.02,-84.17,-83.49,0.59,8.37,8.37,8.35,8.36,0.01,,,,,,,,
1146,05/02/2023 12:15:00,74.64,74.64,74.52,74.55,0.11,-84.78,-83.96,-84.78,-84.28,0.44,8.38,8.38,8.37,8.37,0.01,,,,,,,,
1147,05/02/2023 12:30:00,74.89,74.89,74.77,74.82,0.09,-85.08,-84.50,-85.08,-84.71,0.31,8.39,8.39,8.38,8.38,0.01,,,,,,,,
1148,05/02/2023 12:45:00,75.04,75.07,74.98,75.04,0.06,-85.72,-84.91,-85.72,-85.25,0.41,8.40,8.40,8.38,8.39,0.01,,,,,,,,
1149,05/02/2023 13:00:00,75.11,75.16,75.11,75.11,0.06,-85.86,-85.21,-85.86,-85.46,0.34,8.40,8.40,8.39,8.39,0.01,,,,,,,,
1150,05/02/2023 13:15:00,75.11,75.16,75.11,75.16,0.01,-85.94,-85.30,-85.94,-85.53,0.34,8.40,8.40,8.39,8.40,0.01,,,,,,,,
1151,05/02/2023 13:30:00,75.11,75.16,75.11,75.16,0.01,-86.47,-85.35,-86.47,-85.78,0.59,8.41,8.41,8.39,8.40,0.01,,,,,,,,
1152,05/02/2023 13:45:00,75.11,75.16,75.11,75.16,0.01,-86.60,-86.02,-86.60,-86.22,0.31,8.42,8.42,8.40,8.41,0.01,,,,,,,,
1153,05/02/2023 14:00:00,75.07,75.11,75.07,75.11,0.06,-86.67,-86.13,-86.67,-86.30,0.31,8.42,8.42,8.41,8.41,0.01,,,,,,,,
1154,05/02/2023 14:15:00,75.04,75.11,75.04,75.11,0.12,-86.66,-86.16,-86.66,-86.33,0.28,8.42,8.42,8.41,8.41,0.01,,,,,,,,
1155,05/02/2023 14:30:00,75.04,75.07,75.04,75.07,0.03,-86.61,-86.14,-86.61,-86.30,0.27,8.42,8.42,8.41,8.41,0.01,,,,,,,,
1156,05/02/2023 14:45:00,74.98,75.04,74.98,75.04,0.00,-86.67,-86.14,-86.67,-86.32,0.30,8.42,8.42,8.41,8.41,0.01,,,,,,,,
1157,05/02/2023 15:00:00,74.89,74.98,74.89,74.98,0.12,-86.44,-85.96,-86.44,-86.14,0.25,8.41,8.41,8.40,8.41,0.01,,,,,,,,
1158,05/02/2023 15:15:00,74.86,74.95,74.86,74.95,0.09,-86.44,-85.92,-86.44,-86.10,0.30,8.41,8.41,8.40,8.41,0.01,,,,,,,,
1159,05/02/2023 15:30:00,74.82,74.89,74.82,74.89,0.09,-86.52,-85.99,-86.52,-86.16,0.30,8.42,8.42,8.40,8.41,0.01,,,,,,,,
1160,05/02/2023 15:45:00,74.73,74.82,74.73,74.82,0.09,-86.50,-86.02,-86.50,-86.17,0.28,8.42,8.42,8.41,8.41,0.01,,,,,,,,
1161,05/02/2023 16:00:00,74.68,74.77,74.68,74.77,0.08,-86.46,-85.99,-86.46,-86.14,0.27,8.41,8.41,8.41,8.41,0.01,,,,,,,,
1162,05/02/2023 16:15:00,74.64,74.68,74.64,74.68,0.04,-86.24,-85.77,-86.24,-85.99,0.23,8.41,8.41,8.40,8.41,0.00,,,,,,,,
1163,05/02/2023 16:30:00,74.55,74.64,74.55,74.64,0.08,-85.75,-85.49,-85.75,-85.66,0.14,8.40,8.40,8.40,8.40,0.00,,,,,,,,
1164,05/02/2023 16:45:00,74.52,74.59,74.52,74.59,0.07,-86.22,-85.58,-86.22,-85.83,0.33,8.41,8.41,8.40,8.40,0.01,,,,,,,,
1165,05/02/2023 17:00:00,74.46,74.52,74.46,74.52,0.02,-86.14,-85.67,-86.14,-85.83,0.27,8.41,8.41,8.40,8.40,0.01,,,,,,,,
1166,05/02/2023 17:15:00,74.43,74.46,74.43,74.46,0.01,-86.07,-85.61,-86.07,-85.77,0.25,8.41,8.41,8.40,8.40,0.01,,,,,,,,
1167,05/02/2023 17:30:00,74.46,74.52,74.46,74.46,0.01,-85.96,-85.49,-85.96,-85.64,0.27,8.41,8.41,8.40,8.40,0.01,,,,,,,,
1168,05/02/2023 17:45:00,74.46,74.52,74.46,74.52,0.02,-85.85,-85.38,-85.85,-85.55,0.25,8.40,8.40,8.39,8.40,0.01,,,,,,,,
1169,05/02/2023 18:00:00,74.52,74.52,74.52,74.52,0.02,-85.72,-85.25,-85.72,-85.42,0.25,8.40,8.40,8.39,8.39,0.01,,,,,,,,
1170,05/02/2023 18:15:00,74.52,74.55,74.52,74.55,0.05,-85.58,-85.13,-85.58,-85.30,0.23,8.40,8.40,8.39,8.39,0.00,,,,,,,,
1171,05/02/2023 18:30:00,74.52,74.55,74.52,74.55,0.05,-85.42,-84.99,-85.42,-85.14,0.23,8.39,8.39,8.39,8.39,0.00,,,,,,,,
1172,05/02/2023 18:45:00,74.55,74.55,74.55,74.55,0.05,-85.25,-84.82,-85.25,-84.97,0.23,8.39,8.39,8.38,8.39,0.00,,,,,,,,
1173,05/02/2023 19:00:00,74.55,74.59,74.55,74.59,0.01,-85.11,-84.64,-85.11,-84.82,0.25,8.39,8.39,8.38,8.38,0.01,,,,,,,,
1174,05/02/2023 19:15:00,74.55,74.59,74.55,74.59,0.01,-84.66,-84.39,-84.66,-84.52,0.13,8.38,8.38,8.37,8.38,0.00,,,,,,,,
1175,05/02/2023 19:30:00,74.55,74.59,74.55,74.59,0.01,-84.61,-84.02,-84.61,-84.25,0.31,8.38,8.38,8.37,8.37,0.01,,,,,,,,
1176,05/02/2023 19:45:00,74.55,74.59,74.55,74.59,0.01,-84.36,-83.85,-84.36,-84.07,0.27,8.37,8.37,8.36,8.37,0.01,,,,,,,,
1177,05/02/2023 20:00:00,74.52,74.55,74.52,74.55,0.05,-84.25,-83.82,-84.25,-83.99,0.22,8.37,8.37,8.36,8.37,0.00,,,,,,,,
1178,05/02/2023 20:15:00,74.52,74.55,74.52,74.55,0.05,-84.11,-83.67,-84.11,-83.83,0.23,8.37,8.37,8.36,8.36,0.00,,,,,,,,
1179,05/02/2023 20:30:00,74.46,74.52,74.46,74.52,0.02,-83.94,-83.42,-83.94,-83.63,0.27,8.37,8.37,8.36,8.36,0.01,,,,,,,,
1180,05/02/2023 20:45:00,74.43,74.52,74.43,74.52,0.08,-83.74,-83.27,-83.74,-83.46,0.23,8.36,8.36,8.35,8.36,0.00,,,,,,,,
1181,05/02/2023 21:00:00,74.37,74.46,74.37,74.46,0.08,-83.57,-83.11,-83.57,-83.28,0.23,8.36,8.36,8.35,8.35,0.00,,,,,,,,
1182,05/02/2023 21:15:00,74.30,74.37,74.30,74.37,0.10,-83.32,-82.91,-83.32,-83.07,0.22,8.35,8.35,8.35,8.35,0.00,,,,,,,,
1183,05/02/2023 21:30:00,74.25,74.34,74.25,74.34,0.07,-83.13,-82.69,-83.13,-82.86,0.22,8.35,8.35,8.34,8.35,0.00,,,,,,,,
1184,05/02/2023 21:45:00,74.21,74.30,74.21,74.30,0.11,-82.89,-82.44,-82.89,-82.63,0.23,8.35,8.35,8.34,8.34,0.00,,,,,,,,
1185,05/02/2023 22:00:00,74.16,74.25,74.16,74.25,0.10,-82.67,-82.25,-82.67,-82.39,0.23,8.34,8.34,8.33,8.34,0.00,,,,,,,,
1186,05/02/2023 22:15:00,74.12,74.21,74.12,74.21,0.08,-82.38,-82.05,-82.38,-82.19,0.16,8.34,8.34,8.33,8.33,0.00,,,,,,,,
1187,05/02/2023 22:30:00,74.03,74.12,74.03,74.12,0.11,-82.35,-81.74,-82.35,-81.99,0.31,8.34,8.34,8.32,8.33,0.01,,,,,,,,
1188,05/02/2023 22:45:00,73.99,74.08,73.99,74.08,0.08,-82.16,-81.72,-82.16,-81.89,0.22,8.33,8.33,8.32,8.33,0.00,,,,,,,,
1189,05/02/2023 23:00:00,73.90,73.99,73.90,73.99,0.11,-81.99,-81.55,-81.99,-81.71,0.23,8.33,8.33,8.32,8.32,0.00,,,,,,,,
1190,05/02/2023 23:15:00,73.87,73.94,73.87,73.94,0.10,-81.77,-81.36,-81.77,-81.52,0.20,8.32,8.32,8.32,8.32,0.00,,,,,,,,
1191,05/02/2023 23:30:00,73.78,73.87,73.78,73.87,0.11,-81.71,-81.17,-81.71,-81.36,0.30,8.32,8.32,8.31,8.32,0.01,,,,,,,,
1192,05/02/2023 23:45:00,73.72,73.81,73.72,73.81,0.11,-81.55,-81.05,-81.55,-81.24,0.27,8.32,8.32,8.31,8.31,0.01,,,,,,,,
1193,05/03/2023 00:00:00,73.69,73.78,73.69,73.78,0.08,-81.39,-80.96,-81.39,-81.11,0.23,8.32,8.32,8.31,8.31,0.00,,,,,,,,
1194,05/03/2023 00:15:00,73.65,73.69,73.65,73.69,0.04,-81.22,-80.77,-81.22,-80.94,0.23,8.31,8.31,8.31,8.31,0.00,,,,,,,,
1195,05/03/2023 00:30:00,73.56,73.65,73.56,73.65,0.08,-81.05,-80.60,-81.05,-80.77,0.23,8.31,8.31,8.30,8.31,0.00,,,,,,,,
1196,05/03/2023 00:45:00,73.47,73.56,73.47,73.56,0.11,-80.81,-80.35,-80.81,-80.53,0.23,8.31,8.31,8.30,8.30,0.00,,,,,,,,
1197,05/03/2023 01:00:00,73.38,73.47,73.38,73.47,0.08,-80.67,-80.21,-80.67,-80.39,0.23,8.30,8.30,8.30,8.30,0.00,,,,,,,,
1198,05/03/2023 01:15:00,73.29,73.38,73.29,73.38,0.11,-80.47,-80.05,-80.47,-80.21,0.22,8.30,8.30,8.29,8.30,0.00,,,,,,,,
1199,05/03/2023 01:30:00,73.22,73.29,73.22,73.29,0.08,-80.31,-79.86,-80.31,-80.03,0.23,8.30,8.30,8.29,8.29,0.00,,,,,,,,
1200,05/03/2023 01:45:00,73.13,73.22,73.13,73.22,0.09,-80.11,-79.67,-80.11,-79.83,0.23,8.29,8.29,8.29,8.29,0.00,,,,,,,,
1201,05/03/2023 02:00:00,73.04,73.13,73.04,73.13,0.06,-79.94,-79.49,-79.94,-79.66,0.23,8.29,8.29,8.28,8.29,0.00,,,,,,,,
1202,05/03/2023 02:15:00,72.95,73.04,72.95,73.04,0.09,-79.75,-79.30,-79.75,-79.47,0.23,8.29,8.29,8.28,8.28,0.00,,,,,,,,
1203,05/03/2023 02:30:00,72.82,72.95,72.82,72.91,0.10,-79.55,-79.11,-79.55,-79.27,0.23,8.28,8.28,8.27,8.28,0.00,,,,,,,,
1204,05/03/2023 02:45:00,72.73,72.86,72.73,72.82,0.07,-79.36,-78.92,-79.36,-79.08,0.23,8.28,8.28,8.27,8.27,0.00,,,,,,,,
1205,05/03/2023 03:00:00,72.64,72.73,72.64,72.73,0.10,-79.17,-78.75,-79.17,-78.89,0.23,8.28,8.28,8.27,8.27,0.00,,,,,,,,
1206,05/03/2023 03:15:00,72.52,72.64,72.52,72.61,0.10,-79.00,-78.55,-79.00,-78.72,0.23,8.27,8.27,8.26,8.27,0.00,,,,,,,,
1207,05/03/2023 03:30:00,72.45,72.57,72.45,72.52,0.07,-78.83,-78.38,-78.83,-78.55,0.23,8.27,8.27,8.26,8.26,0.01,,,,,,,,
1208,05/03/2023 03:45:00,72.36,72.45,72.36,72.45,0.08,-78.64,-78.19,-78.64,-78.36,0.23,8.27,8.27,8.26,8.26,0.00,,,,,,,,
1209,05/03/2023 04:00:00,72.23,72.36,72.23,72.30,0.11,-78.47,-77.99,-78.47,-78.17,0.25,8.26,8.26,8.25,8.26,0.01,,,,,,,,
1210,05/03/2023 04:15:00,72.14,72.27,72.14,72.23,0.06,-78.28,-77.83,-78.28,-78.00,0.23,8.26,8.26,8.25,8.25,0.01,,,,,,,,
1211,05/03/2023 04:30:00,72.05,72.14,72.05,72.14,0.10,-78.11,-77.67,-78.11,-77.83,0.23,8.26,8.26,8.25,8.25,0.00,,,,,,,,
1212,05/03/2023 04:45:00,71.96,72.05,71.96,72.05,0.07,-77.97,-77.52,-77.97,-77.69,0.23,8.25,8.25,8.25,8.25,0.00,,,,,,,,
1213,05/03/2023 05:00:00,71.83,71.96,71.83,71.92,0.08,-77.75,-77.30,-77.75,-77.47,0.23,8.25,8.25,8.24,8.25,0.00,,,,,,,,
1214,05/03/2023 05:15:00,71.74,71.87,71.74,71.83,0.11,-77.61,-77.14,-77.61,-77.33,0.23,8.25,8.25,8.24,8.24,0.01,,,,,,,,
1215,05/03/2023 05:30:00,71.65,71.74,71.65,71.74,0.09,-77.33,-76.94,-77.33,-77.11,0.19,8.24,8.24,8.23,8.24,0.00,,,,,,,,
1216,05/03/2023 05:45:00,71.58,71.65,71.58,71.65,0.12,-77.30,-76.78,-77.30,-76.96,0.28,8.24,8.24,8.23,8.24,0.01,,,,,,,,
1217,05/03/2023 06:00:00,71.44,71.58,71.44,71.53,0.07,-77.24,-76.75,-77.24,-76.91,0.28,8.24,8.24,8.23,8.23,0.01,,,,,,,,
1218,05/03/2023 06:15:00,71.37,71.49,71.37,71.44,0.10,-77.14,-76.64,-77.14,-76.81,0.28,8.24,8.24,8.23,8.23,0.01,,,,,,,,
1219,05/03/2023 06:30:00,71.31,71.40,71.31,71.40,0.08,-77.05,-76.55,-77.05,-76.72,0.28,8.24,8.24,8.23,8.23,0.01,,,,,,,,
1220,05/03/2023 06:45:00,71.28,71.37,71.28,71.37,0.05,-76.99,-76.49,-76.99,-76.64,0.28,8.24,8.24,8.23,8.23,0.01,,,,,,,,
1221,05/03/2023 07:00:00,71.28,71.31,71.28,71.31,0.06,-76.94,-76.42,-76.94,-76.60,0.28,8.24,8.24,8.23,8.23,0.01,,,,,,,,
1222,05/03/2023 07:15:00,71.24,71.28,71.24,71.28,0.03,-76.91,-76.41,-76.91,-76.56,0.28,8.24,8.24,8.23,8.23,0.01,,,,,,,,
1223,05/03/2023 07:30:00,71.19,71.28,71.19,71.28,0.09,-76.89,-76.38,-76.89,-76.55,0.30,8.24,8.24,8.22,8.23,0.01,,,,,,,,
1224,05/03/2023 07:45:00,71.19,71.24,71.19,71.24,0.01,-76.91,-76.38,-76.91,-76.55,0.30,8.24,8.24,8.23,8.23,0.01,,,,,,,,
1225,05/03/2023 08:00:00,71.19,71.24,71.19,71.24,0.01,-76.88,-76.36,-76.88,-76.53,0.30,8.23,8.23,8.22,8.23,0.01,,,,,,,,
1226,05/03/2023 08:15:00,71.19,71.24,71.19,71.24,0.01,-76.81,-76.39,-76.81,-76.53,0.23,8.23,8.23,8.23,8.23,0.00,,,,,,,,
1227,05/03/2023 08:30:00,71.19,71.24,71.19,71.24,0.01,-76.99,-76.28,-76.99,-76.55,0.38,8.24,8.24,8.22,8.23,0.01,,,,,,,,
1228,05/03/2023 08:45:00,71.19,71.24,71.19,71.24,0.01,-76.89,-76.52,-76.89,-76.64,0.20,8.24,8.24,8.23,8.23,0.00,,,,,,,,
1229,05/03/2023 09:00:00,71.28,71.28,71.28,71.28,0.03,-77.21,-76.49,-77.21,-76.78,0.38,8.24,8.24,8.23,8.23,0.01,,,,,,,,
1230,05/03/2023 09:15:00,71.37,71.37,71.31,71.31,0.11,-77.39,-76.67,-77.39,-76.92,0.39,8.24,8.24,8.23,8.24,0.01,,,,,,,,
1231,05/03/2023 09:30:00,71.53,71.53,71.44,71.49,0.11,-77.86,-77.00,-77.86,-77.33,0.45,8.25,8.25,8.24,8.24,0.01,,,,,,,,
1232,05/03/2023 09:45:00,71.71,71.71,71.65,71.65,0.12,-78.55,-77.55,-78.55,-77.96,0.52,8.27,8.27,8.25,8.26,0.01,,,,,,,,
1233,05/03/2023 10:00:00,71.92,71.92,71.83,71.83,0.11,-79.24,-78.25,-79.24,-78.64,0.52,8.28,8.28,8.26,8.27,0.01,,,,,,,,
1234,05/03/2023 10:15:00,72.23,72.23,72.05,72.14,0.15,-80.05,-78.96,-80.05,-79.38,0.58,8.29,8.29,8.27,8.28,0.01,,,,,,,,
1235,05/03/2023 10:30:00,72.57,72.57,72.36,72.45,0.20,-80.75,-79.96,-80.75,-80.25,0.42,8.31,8.31,8.29,8.30,0.01,,,,,,,,
1236,05/03/2023 10:45:00,72.91,72.91,72.64,72.73,0.22,-82.02,-80.61,-82.02,-81.14,0.75,8.33,8.33,8.31,8.32,0.01,,,,,,,,
1237,05/03/2023 11:00:00,73.17,73.17,73.04,73.08,0.11,-82.78,-81.67,-82.78,-82.07,0.61,8.35,8.35,8.32,8.33,0.01,,,,,,,,
1238,05/03/2023 11:15:00,73.29,73.29,73.26,73.26,0.11,-82.89,-81.88,-82.89,-82.36,0.50,8.35,8.35,8.33,8.34,0.01,,,,,,,,
1239,05/03/2023 11:30:00,73.47,73.47,73.38,73.44,0.11,-83.05,-82.32,-83.05,-82.58,0.39,8.35,8.35,8.34,8.34,0.01,,,,,,,,
1240,05/03/2023 11:45:00,73.72,73.72,73.60,73.65,0.08,-83.60,-82.64,-83.60,-83.03,0.50,8.36,8.36,8.34,8.35,0.01,,,,,,,,
1241,05/03/2023 12:00:00,73.94,73.94,73.81,73.87,0.11,-84.10,-83.19,-84.10,-83.57,0.47,8.37,8.37,8.35,8.36,0.01,,,,,,,,
1242,05/03/2023 12:15:00,74.16,74.16,74.03,74.08,0.08,-84.67,-83.82,-84.67,-84.13,0.47,8.38,8.38,8.36,8.37,0.01,,,,,,,,
1243,05/03/2023 12:30:00,74.37,74.37,74.30,74.30,0.11,-85.10,-84.32,-85.10,-84.63,0.41,8.39,8.39,8.37,8.38,0.01,,,,,,,,
1244,05/03/2023 12:45:00,74.43,74.46,74.43,74.43,0.04,-85.55,-84.82,-85.55,-85.11,0.38,8.40,8.40,8.38,8.39,0.01,,,,,,,,
1245,05/03/2023 13:00:00,74.46,74.52,74.46,74.52,0.02,-85.89,-85.21,-85.89,-85.44,0.39,8.40,8.40,8.39,8.40,0.01,,,,,,,,
1246,05/03/2023 13:15:00,74.46,74.52,74.46,74.52,0.02,-86.05,-85.41,-86.05,-85.64,0.34,8.41,8.41,8.39,8.40,0.01,,,,,,,,
1247,05/03/2023 13:30:00,74.46,74.52,74.46,74.52,0.02,-86.24,-85.63,-86.24,-85.83,0.34,8.41,8.41,8.40,8.40,0.01,,,,,,,,
1248,05/03/2023 13:45:00,74.43,74.52,74.43,74.52,0.08,-86.38,-85.78,-86.38,-85.99,0.33,8.41,8.41,8.40,8.41,0.01,,,,,,,,
1249,05/03/2023 14:00:00,74.43,74.46,74.43,74.46,0.01,-86.50,-85.89,-86.50,-86.10,0.34,8.42,8.42,8.40,8.41,0.01,,,,,,,,
1250,05/03/2023 14:15:00,74.37,74.43,74.37,74.43,0.04,-86.55,-86.02,-86.55,-86.19,0.30,8.42,8.42,8.41,8.41,0.01,,,,,,,,
1251,05/03/2023 14:30:00,74.34,74.43,74.34,74.43,0.11,-86.60,-86.07,-86.60,-86.24,0.30,8.42,8.42,8.41,8.41,0.01,,,,,,,,
1252,05/03/2023 14:45:00,74.34,74.37,74.34,74.37,0.04,-86.60,-86.03,-86.60,-86.24,0.30,8.42,8.42,8.41,8.41,0.01,,,,,,,,
1253,05/03/2023 15:00:00,74.30,74.34,74.30,74.34,0.01,-86.58,-86.08,-86.58,-86.25,0.28,8.42,8.42,8.41,8.41,0.01,,,,,,,,
1254,05/03/2023 15:15:00,74.25,74.30,74.25,74.30,0.05,-86.53,-86.05,-86.53,-86.22,0.27,8.42,8.42,8.41,8.41,0.01,,,,,,,,
1255,05/03/2023 15:30:00,74.16,74.25,74.16,74.25,0.10,-86.47,-86.00,-86.47,-86.16,0.27,8.42,8.42,8.41,8.41,0.01,,,,,,,,
1256,05/03/2023 15:45:00,74.12,74.21,74.12,74.21,0.08,-86.42,-85.96,-86.42,-86.11,0.27,8.42,8.42,8.41,8.41,0.01,,,,,,,,
1257,05/03/2023 16:00:00,74.03,74.12,74.03,74.12,0.11,-86.38,-85.88,-86.38,-86.05,0.28,8.41,8.41,8.40,8.41,0.01,,,,,,,,
1258,05/03/2023 16:15:00,73.94,74.03,73.94,74.03,0.07,-86.28,-85.82,-86.28,-85.97,0.27,8.41,8.41,8.40,8.41,0.01,,,,,,,,
1259,05/03/2023 16:30:00,73.87,73.94,73.87,73.94,0.10,-86.21,-85.72,-86.21,-85.89,0.27,8.41,8.41,8.40,8.41,0.01,,,,,,,,
1260,05/03/2023 16:45:00,73.81,73.90,73.81,73.90,0.08,-86.13,-85.64,-86.13,-85.82,0.27,8.41,8.41,8.40,8.40,0.01,,,,,,,,
1261,05/03/2023 17:00:00,73.78,73.87,73.78,73.87,0.11,-86.02,-85.55,-86.02,-85.71,0.27,8.41,8.41,8.40,8.40,0.01,,,,,,,,
1262,05/03/2023 17:15:00,73.78,73.81,73.78,73.81,0.05,-85.92,-85.44,-85.92,-85.61,0.27,8.41,8.41,8.40,8.40,0.01,,,,,,,,
1263,05/03/2023 17:30:00,73.81,73.81,73.81,73.81,0.05,-85.82,-85.33,-85.82,-85.50,0.27,8.40,8.40,8.39,8.40,0.01,,,,,,,,
1264,05/03/2023 17:45:00,73.81,73.87,73.81,73.87,0.05,-85.71,-85.24,-85.71,-85.39,0.27,8.40,8.40,8.39,8.40,0.01,,,,,,,,
1265,05/03/2023 18:00:00,73.87,73.90,73.87,73.90,0.02,-85.60,-85.10,-85.60,-85.28,0.27,8.40,8.40,8.39,8.39,0.01,,,,,,,,
1266,05/03/2023 18:15:00,73.90,73.94,73.90,73.94,0.04,-85.24,-84.94,-85.24,-85.07,0.14,8.39,8.39,8.39,8.39,0.00,,,,,,,,
1267,05/03/2023 18:30:00,73.94,73.99,73.94,73.94,0.04,-85.13,-84.63,-85.13,-84.80,0.28,8.39,8.39,8.38,8.38,0.01,,,,,,,,
1268,05/03/2023 18:45:00,73.94,73.99,73.94,73.99,0.05,-84.96,-84.50,-84.96,-84.67,0.23,8.39,8.39,8.38,8.38,0.00,,,,,,,,
1269,05/03/2023 19:00:00,73.94,73.99,73.94,73.99,0.05,-84.83,-84.35,-84.83,-84.52,0.27,8.38,8.38,8.37,8.38,0.01,,,,,,,,
1270,05/03/2023 19:15:00,73.99,74.03,73.99,73.99,0.05,-84.67,-84.25,-84.67,-84.41,0.22,8.38,8.38,8.37,8.38,0.00,,,,,,,,
1271,05/03/2023 19:30:00,73.99,74.03,73.99,74.03,0.01,-84.53,-84.07,-84.53,-84.24,0.25,8.38,8.38,8.37,8.37,0.01,,,,,,,,
1272,05/03/2023 19:45:00,73.99,74.03,73.99,74.03,0.01,-84.36,-83.91,-84.36,-84.08,0.23,8.38,8.38,8.37,8.37,0.00,,,,,,,,
1273,05/03/2023 20:00:00,73.94,73.99,73.94,73.99,0.05,-84.05,-83.69,-84.05,-83.83,0.19,8.37,8.37,8.36,8.37,0.00,,,,,,,,
1274,05/03/2023 20:15:00,73.94,73.99,73.94,73.99,0.05,-83.83,-83.36,-83.83,-83.58,0.23,8.36,8.36,8.36,8.36,0.00,,,,,,,,
1275,05/03/2023 20:30:00,73.94,73.99,73.94,73.99,0.05,-83.67,-83.21,-83.67,-83.38,0.25,8.36,8.36,8.35,8.36,0.01,,,,,,,,
1276,05/03/2023 20:45:00,73.90,73.94,73.90,73.94,0.04,-83.50,-83.08,-83.50,-83.22,0.23,8.36,8.36,8.35,8.35,0.00,,,,,,,,
1277,05/03/2023 21:00:00,73.90,73.94,73.90,73.94,0.04,-83.39,-82.94,-83.39,-83.11,0.23,8.36,8.36,8.35,8.35,0.00,,,,,,,,
1278,05/03/2023 21:15:00,73.87,73.90,73.87,73.90,0.02,-83.22,-82.77,-83.22,-82.94,0.23,8.35,8.35,8.34,8.35,0.00,,,,,,,,
1279,05/03/2023 21:30:00,73.78,73.87,73.78,73.87,0.11,-83.05,-82.60,-83.05,-82.77,0.23,8.35,8.35,8.34,8.34,0.00,,,,,,,,
1280,05/03/2023 21:45:00,73.72,73.81,73.72,73.81,0.11,-82.88,-82.41,-82.88,-82.58,0.25,8.35,8.35,8.34,8.34,0.01,,,,,,,,
1281,05/03/2023 22:00:00,73.72,73.78,73.72,73.78,0.01,-82.72,-82.27,-82.72,-82.42,0.25,8.34,8.34,8.33,8.34,0.01,,,,,,,,
1282,05/03/2023 22:15:00,73.69,73.72,73.69,73.72,0.01,-82.50,-82.08,-82.50,-82.24,0.22,8.34,8.34,8.33,8.33,0.00,,,,,,,,
1283,05/03/2023 22:30:00,73.65,73.69,73.65,73.69,0.04,-82.35,-81.89,-82.35,-82.07,0.23,8.34,8.34,8.33,8.33,0.00,,,,,,,,
1284,05/03/2023 22:45:00,73.60,73.65,73.60,73.65,0.02,-82.21,-81.72,-82.21,-81.89,0.27,8.33,8.33,8.32,8.33,0.01,,,,,,,,
1285,05/03/2023 23:00:00,73.56,73.65,73.56,73.65,0.08,-82.02,-81.56,-82.02,-81.74,0.23,8.33,8.33,8.32,8.32,0.00,,,,,,,,
1286,05/03/2023 23:15:00,73.51,73.56,73.51,73.56,0.05,-81.85,-81.39,-81.85,-81.56,0.23,8.33,8.33,8.32,8.32,0.00,,,,,,,,
1287,05/03/2023 23:30:00,73.47,73.51,73.47,73.51,0.04,-81.60,-81.21,-81.60,-81.35,0.20,8.32,8.32,8.31,8.32,0.00,,,,,,,,
1288,05/03/2023 23:45:00,73.44,73.47,73.44,73.47,0.02,-81.49,-81.03,-81.49,-81.21,0.23,8.32,8.32,8.31,8.31,0.00,,,,,,,,
1289,05/04/2023 00:00:00,73.38,73.47,73.38,73.47,0.08,-81.24,-80.86,-81.24,-80.99,0.20,8.32,8.32,8.31,8.31,0.00,,,,,,,,
1290,05/04/2023 00:15:00,73.35,73.38,73.35,73.38,0.05,-81.08,-80.63,-81.08,-80.81,0.23,8.31,8.31,8.30,8.31,0.00,,,,,,,,
1291,05/04/2023 00:30:00,73.29,73.35,73.29,73.35,0.02,-80.91,-80.49,-80.91,-80.64,0.22,8.31,8.31,8.30,8.30,0.00,,,,,,,,
1292,05/04/2023 00:45:00,73.26,73.29,73.26,73.29,0.02,-80.78,-80.35,-80.78,-80.52,0.22,8.31,8.31,8.30,8.30,0.00,,,,,,,,
1293,05/04/2023 01:00:00,73.17,73.26,73.17,73.26,0.11,-80.66,-80.16,-80.66,-80.35,0.27,8.30,8.30,8.29,8.30,0.01,,,,,,,,
1294,05/04/2023 01:15:00,73.13,73.22,73.13,73.22,0.09,-80.50,-80.05,-80.50,-80.22,0.23,8.30,8.30,8.29,8.30,0.00,,,,,,,,
1295,05/04/2023 01:30:00,73.04,73.13,73.04,73.13,0.06,-80.36,-79.89,-80.36,-80.06,0.25,8.30,8.30,8.29,8.29,0.01,,,,,,,,
1296,05/04/2023 01:45:00,73.00,73.08,73.00,73.08,0.11,-80.11,-79.47,-80.11,-79.77,0.31,8.29,8.29,8.28,8.29,0.01,,,,,,,,
1297,05/04/2023 02:00:00,72.91,73.00,72.91,73.00,0.07,-79.99,-79.50,-79.99,-79.71,0.25,8.29,8.29,8.28,8.29,0.01,,,,,,,,
1298,05/04/2023 02:15:00,72.82,72.91,72.82,72.91,0.10,-79.89,-79.38,-79.89,-79.55,0.28,8.29,8.29,8.28,8.28,0.01,,,,,,,,
1299,05/04/2023 02:30:00,72.79,72.86,72.79,72.86,0.09,-79.75,-79.28,-79.75,-79.46,0.25,8.29,8.29,8.28,8.28,0.01,,,,,,,,
1300,05/04/2023 02:45:00,72.70,72.79,72.70,72.79,0.10,-79.55,-79.11,-79.55,-79.28,0.22,8.28,8.28,8.28,8.28,0.00,,,,,,,,
1301,05/04/2023 03:00:00,72.61,72.70,72.61,72.70,0.07,-79.28,-78.85,-79.28,-79.05,0.22,8.28,8.28,8.27,8.27,0.00,,,,,,,,
1302,05/04/2023 03:15:00,72.57,72.64,72.57,72.64,0.07,-79.17,-78.72,-79.17,-78.88,0.25,8.28,8.28,8.27,8.27,0.01,,,,,,,,
1303,05/04/2023 03:30:00,72.48,72.57,72.48,72.57,0.08,-79.13,-78.55,-79.13,-78.75,0.31,8.28,8.28,8.26,8.27,0.01,,,,,,,,
1304,05/04/2023 03:45:00,72.39,72.52,72.39,72.48,0.11,-78.99,-78.53,-78.99,-78.69,0.25,8.27,8.27,8.26,8.27,0.01,,,,,,,,
1305,05/04/2023 04:00:00,72.36,72.45,72.36,72.45,0.08,-78.81,-78.33,-78.81,-78.50,0.27,8.27,8.27,8.26,8.26,0.01,,,,,,,,
1306,05/04/2023 04:15:00,72.27,72.36,72.27,72.36,0.11,-78.69,-78.21,-78.69,-78.38,0.27,8.27,8.27,8.26,8.26,0.01,,,,,,,,
1307,05/04/2023 04:30:00,72.18,72.27,72.18,72.27,0.08,-78.50,-78.02,-78.50,-78.19,0.27,8.26,8.26,8.26,8.26,0.01,,,,,,,,
1308,05/04/2023 04:45:00,72.09,72.18,72.09,72.18,0.06,-78.35,-77.88,-78.35,-78.05,0.25,8.26,8.26,8.25,8.26,0.01,,,,,,,,
1309,05/04/2023 05:00:00,72.01,72.09,72.01,72.09,0.09,-78.17,-77.72,-78.17,-77.89,0.23,8.26,8.26,8.25,8.25,0.00,,,,,,,,
1310,05/04/2023 05:15:00,71.92,72.05,71.92,72.01,0.11,-78.03,-77.52,-78.03,-77.72,0.27,8.26,8.26,8.25,8.25,0.01,,,,,,,,
1311,05/04/2023 05:30:00,71.87,71.96,71.87,71.96,0.10,-77.88,-77.41,-77.88,-77.56,0.27,8.25,8.25,8.24,8.25,0.01,,,,,,,,
1312,05/04/2023 05:45:00,71.80,71.87,71.80,71.87,0.07,-77.77,-77.25,-77.77,-77.44,0.28,8.25,8.25,8.24,8.24,0.01,,,,,,,,
1313,05/04/2023 06:00:00,71.71,71.80,71.71,71.80,0.09,-77.61,-77.13,-77.61,-77.30,0.27,8.25,8.25,8.24,8.24,0.01,,,,,,,,
1314,05/04/2023 06:15:00,71.62,71.71,71.62,71.71,0.06,-77.50,-77.03,-77.50,-77.19,0.27,8.25,8.25,8.24,8.24,0.01,,,,,,,,
1315,05/04/2023 06:30:00,71.58,71.62,71.58,71.62,0.03,-77.44,-76.94,-77.44,-77.11,0.28,8.25,8.25,8.24,8.24,0.01,,,,,,,,
1316,05/04/2023 06:45:00,71.53,71.58,71.53,71.58,0.02,-77.39,-76.88,-77.39,-77.06,0.28,8.24,8.24,8.23,8.24,0.01,,,,,,,,
1317,05/04/2023 07:00:00,71.49,71.58,71.49,71.58,0.07,-77.36,-76.85,-77.36,-77.02,0.30,8.24,8.24,8.23,8.24,0.01,,,,,,,,
1318,05/04/2023 07:15:00,71.49,71.53,71.49,71.53,0.01,-77.36,-76.83,-77.36,-77.02,0.30,8.24,8.24,8.23,8.24,0.01,,,,,,,,
1319,05/04/2023 07:30:00,71.44,71.53,71.44,71.53,0.07,-77.39,-76.83,-77.39,-77.02,0.31,8.24,8.24,8.23,8.24,0.01,,,,,,,,
1320,05/04/2023 07:45:00,71.44,71.49,71.44,71.49,0.05,-77.39,-76.85,-77.39,-77.02,0.31,8.24,8.24,8.23,8.24,0.01,,,,,,,,
1321,05/04/2023 08:00:00,71.40,71.44,71.40,71.44,0.04,-77.44,-76.89,-77.44,-77.06,0.31,8.25,8.25,8.23,8.24,0.01,,,,,,,,
1322,05/04/2023 08:15:00,71.40,71.44,71.40,71.44,0.04,-77.52,-76.94,-77.52,-77.13,0.33,8.25,8.25,8.24,8.24,0.01,,,,,,,,
1323,05/04/2023 08:30:00,71.40,71.44,71.40,71.44,0.10,-77.61,-77.02,-77.61,-77.22,0.33,8.25,8.25,8.24,8.24,0.01,,,,,,,,
1324,05/04/2023 08:45:00,71.40,71.44,71.40,71.44,0.04,-77.83,-77.22,-77.83,-77.46,0.33,8.25,8.25,8.24,8.25,0.01,,,,,,,,
1325,05/04/2023 09:00:00,71.44,71.44,71.44,71.44,0.04,-78.11,-77.35,-78.11,-77.64,0.41,8.26,8.26,8.24,8.25,0.01,,,,,,,,
1326,05/04/2023 09:15:00,71.53,71.53,71.49,71.49,0.11,-78.42,-77.67,-78.42,-77.96,0.41,8.26,8.26,8.25,8.26,0.01,,,,,,,,
1327,05/04/2023 09:30:00,71.65,71.65,71.62,71.62,0.09,-78.92,-78.06,-78.92,-78.39,0.45,8.27,8.27,8.26,8.26,0.01,,,,,,,,
1328,05/04/2023 09:45:00,71.83,71.83,71.74,71.74,0.09,-79.64,-78.56,-79.64,-78.99,0.56,8.29,8.29,8.27,8.28,0.01,,,,,,,,
1329,05/04/2023 10:00:00,72.05,72.05,71.92,71.96,0.10,-80.35,-79.39,-80.35,-79.77,0.50,8.30,8.30,8.28,8.29,0.01,,,,,,,,
1330,05/04/2023 10:15:00,72.36,72.36,72.18,72.27,0.14,-81.42,-80.14,-81.42,-80.64,0.67,8.32,8.32,8.30,8.31,0.01,,,,,,,,
1331,05/04/2023 10:30:00,72.61,72.61,72.48,72.52,0.07,-81.80,-81.33,-81.80,-81.49,0.27,8.33,8.33,8.32,8.32,0.01,,,,,,,,
1332,05/04/2023 10:45:00,72.95,72.95,72.73,72.82,0.19,-83.10,-81.72,-83.10,-82.32,0.70,8.35,8.35,8.33,8.34,0.01,,,,,,,,
1333,05/04/2023 11:00:00,73.17,73.17,73.04,73.08,0.11,-83.49,-82.22,-83.49,-82.75,0.66,8.36,8.36,8.34,8.35,0.01,,,,,,,,
1334,05/04/2023 11:15:00,73.44,73.44,73.35,73.35,0.08,-83.96,-83.07,-83.96,-83.41,0.47,8.37,8.37,8.35,8.36,0.01,,,,,,,,
1335,05/04/2023 11:30:00,73.60,73.60,73.51,73.56,0.11,-84.16,-83.50,-84.16,-83.78,0.33,8.37,8.37,8.36,8.37,0.01,,,,,,,,
1336,05/04/2023 11:45:00,73.87,73.87,73.72,73.78,0.08,-84.82,-83.83,-84.82,-84.22,0.52,8.38,8.38,8.37,8.37,0.01,,,,,,,,
1337,05/04/2023 12:00:00,74.08,74.08,73.99,73.99,0.11,-85.25,-84.35,-85.25,-84.71,0.47,8.39,8.39,8.37,8.38,0.01,,,,,,,,
1338,05/04/2023 12:15:00,74.30,74.30,74.21,74.25,0.10,-85.96,-84.97,-85.96,-85.38,0.52,8.41,8.41,8.39,8.39,0.01,,,,,,,,
1339,05/04/2023 12:30:00,74.52,74.52,74.43,74.46,0.08,-86.35,-85.50,-86.35,-85.88,0.42,8.41,8.41,8.40,8.40,0.01,,,,,,,,
1340,05/04/2023 12:45:00,74.64,74.64,74.59,74.59,0.07,-86.77,-85.97,-86.77,-86.30,0.41,8.42,8.42,8.41,8.41,0.01,,,,,,,,
1341,05/04/2023 13:00:00,74.64,74.68,74.64,74.68,0.04,-86.89,-86.32,-86.89,-86.52,0.31,8.42,8.42,8.41,8.42,0.01,,,,,,,,
1342,05/04/2023 13:15:00,74.64,74.68,74.64,74.68,0.04,-87.08,-86.46,-87.08,-86.67,0.34,8.43,8.43,8.41,8.42,0.01,,,,,,,,
1343,05/04/2023 13:30:00,74.59,74.64,74.59,74.64,0.02,-86.96,-86.58,-86.96,-86.71,0.20,8.42,8.42,8.42,8.42,0.00,,,,,,,,
1344,05/04/2023 13:45:00,74.55,74.59,74.55,74.59,0.01,-86.91,-86.41,-86.91,-86.57,0.28,8.42,8.42,8.41,8.42,0.01,,,,,,,,
1345,05/04/2023 14:00:00,74.46,74.55,74.46,74.55,0.11,-86.83,-86.38,-86.83,-86.53,0.25,8.42,8.42,8.41,8.42,0.01,,,,,,,,
1346,05/04/2023 14:15:00,74.43,74.52,74.43,74.52,0.08,-86.86,-86.35,-86.86,-86.52,0.28,8.42,8.42,8.41,8.42,0.01,,,,,,,,
1347,05/04/2023 14:30:00,74.37,74.43,74.37,74.43,0.11,-86.80,-86.32,-86.80,-86.49,0.27,8.42,8.42,8.41,8.42,0.01,,,,,,,,
1348,05/04/2023 14:45:00,74.34,74.37,74.34,74.37,0.04,-86.71,-86.24,-86.71,-86.41,0.25,8.42,8.42,8.41,8.41,0.01,,,,,,,,
1349,05/04/2023 15:00:00,74.34,74.37,74.34,74.37,0.04,-86.55,-86.07,-86.55,-86.24,0.27,8.42,8.42,8.41,8.41,0.01,,,,,,,,
1350,05/04/2023 15:15:00,74.34,74.37,74.34,74.37,0.04,-86.47,-86.02,-86.47,-86.16,0.27,8.42,8.42,8.41,8.41,0.01,,,,,,,,
1351,05/04/2023 15:30:00,74.34,74.37,74.34,74.37,0.04,-86.39,-85.92,-86.39,-86.08,0.27,8.41,8.41,8.40,8.41,0.01,,,,,,,,
1352,05/04/2023 15:45:00,74.30,74.37,74.30,74.37,0.10,-86.24,-85.80,-86.24,-85.96,0.23,8.41,8.41,8.40,8.41,0.00,,,,,,,,
1353,05/04/2023 16:00:00,74.25,74.34,74.25,74.34,0.07,-86.11,-85.63,-86.11,-85.80,0.27,8.41,8.41,8.40,8.40,0.01,,,,,,,,
1354,05/04/2023 16:15:00,74.25,74.30,74.25,74.30,0.05,-85.96,-85.52,-85.96,-85.67,0.23,8.41,8.41,8.40,8.40,0.00,,,,,,,,
1355,05/04/2023 16:30:00,74.21,74.25,74.21,74.25,0.04,-85.83,-85.39,-85.83,-85.55,0.23,8.40,8.40,8.39,8.40,0.00,,,,,,,,
1356,05/04/2023 16:45:00,74.16,74.25,74.16,74.25,0.10,-85.71,-85.21,-85.71,-85.38,0.28,8.40,8.40,8.39,8.39,0.01,,,,,,,,
1357,05/04/2023 17:00:00,74.12,74.21,74.12,74.21,0.08,-85.57,-85.10,-85.57,-85.27,0.25,8.40,8.40,8.39,8.39,0.01,,,,,,,,
1358,05/04/2023 17:15:00,74.16,74.16,74.16,74.16,0.00,-85.49,-85.05,-85.49,-85.21,0.23,8.40,8.40,8.39,8.39,0.00,,,,,,,,
1359,05/04/2023 17:30:00,74.21,74.21,74.21,74.21,0.02,-85.35,-84.88,-85.35,-85.03,0.27,8.39,8.39,8.38,8.39,0.01,,,,,,,,
1360,05/04/2023 17:45:00,74.25,74.25,74.25,74.25,0.04,-85.24,-84.77,-85.24,-84.92,0.27,8.39,8.39,8.38,8.39,0.01,,,,,,,,
1361,05/04/2023 18:00:00,74.30,74.34,74.30,74.30,0.05,-85.14,-84.64,-85.14,-84.83,0.27,8.39,8.39,8.38,8.38,0.01,,,,,,,,
1362,05/04/2023 18:15:00,74.37,74.37,74.37,74.37,0.04,-84.89,-84.42,-84.89,-84.58,0.27,8.38,8.38,8.38,8.38,0.01,,,,,,,,
1363,05/04/2023 18:30:00,74.46,74.46,74.46,74.46,0.01,-84.72,-84.35,-84.72,-84.47,0.20,8.38,8.38,8.37,8.38,0.00,,,,,,,,
1364,05/04/2023 18:45:00,74.52,74.52,74.52,74.52,0.02,-84.52,-84.10,-84.52,-84.27,0.22,8.38,8.38,8.37,8.37,0.00,,,,,,,,
1365,05/04/2023 19:00:00,74.55,74.59,74.55,74.55,0.05,-84.35,-83.92,-84.35,-84.07,0.23,8.37,8.37,8.37,8.37,0.00,,,,,,,,
1366,05/04/2023 19:15:00,74.64,74.64,74.64,74.64,0.02,-84.14,-83.72,-84.14,-83.88,0.22,8.37,8.37,8.36,8.36,0.00,,,,,,,,
1367,05/04/2023 19:30:00,74.68,74.68,74.68,74.68,0.04,-83.96,-83.52,-83.96,-83.69,0.22,8.37,8.37,8.36,8.36,0.00,,,,,,,,
1368,05/04/2023 19:45:00,74.68,74.73,74.68,74.73,0.06,-83.78,-83.33,-83.78,-83.50,0.23,8.36,8.36,8.35,8.36,0.00,,,,,,,,
1369,05/04/2023 20:00:00,74.73,74.77,74.73,74.77,0.02,-83.55,-83.14,-83.55,-83.28,0.22,8.36,8.36,8.35,8.35,0.00,,,,,,,,
1370,05/04/2023 20:15:00,74.73,74.77,74.73,74.77,0.02,-83.36,-82.92,-83.36,-83.10,0.22,8.35,8.35,8.35,8.35,0.00,,,,,,,,
1371,05/04/2023 20:30:00,74.77,74.77,74.77,74.77,0.02,-83.11,-82.67,-83.11,-82.85,0.22,8.35,8.35,8.34,8.34,0.00,,,,,,,,
1372,05/04/2023 20:45:00,74.77,74.82,74.77,74.82,0.03,-82.88,-82.50,-82.88,-82.66,0.19,8.34,8.34,8.34,8.34,0.00,,,,,,,,
1373,05/04/2023 21:00:00,74.77,74.82,74.77,74.82,0.03,-82.83,-82.36,-82.83,-82.52,0.27,8.34,8.34,8.33,8.34,0.01,,,,,,,,
1374,05/04/2023 21:15:00,74.73,74.77,74.73,74.77,0.02,-82.66,-82.22,-82.66,-82.38,0.23,8.34,8.34,8.33,8.33,0.00,,,,,,,,
1375,05/04/2023 21:30:00,74.73,74.77,74.73,74.77,0.02,-82.47,-82.03,-82.47,-82.19,0.23,8.34,8.34,8.33,8.33,0.00,,,,,,,,
1376,05/04/2023 21:45:00,74.73,74.77,74.73,74.77,0.02,-82.28,-81.85,-82.28,-82.00,0.23,8.33,8.33,8.32,8.33,0.00,,,,,,,,
1377,05/04/2023 22:00:00,74.68,74.77,74.68,74.77,0.08,-82.11,-81.67,-82.11,-81.83,0.23,8.33,8.33,8.32,8.32,0.00,,,,,,,,
1378,05/04/2023 22:15:00,74.68,74.73,74.68,74.73,0.06,-81.94,-81.49,-81.94,-81.66,0.23,8.33,8.33,8.32,8.32,0.00,,,,,,,,
1379,05/04/2023 22:30:00,74.64,74.68,74.64,74.68,0.04,-81.72,-81.31,-81.72,-81.47,0.22,8.32,8.32,8.31,8.32,0.00,,,,,,,,
1380,05/04/2023 22:45:00,74.64,74.68,74.64,74.68,0.04,-81.56,-81.10,-81.56,-81.27,0.25,8.32,8.32,8.31,8.31,0.01,,,,,,,,
1381,05/04/2023 23:00:00,74.59,74.64,74.59,74.64,0.02,-81.39,-80.96,-81.39,-81.11,0.23,8.32,8.32,8.31,8.31,0.00,,,,,,,,
1382,05/04/2023 23:15:00,74.55,74.64,74.55,74.64,0.08,-81.25,-80.77,-81.25,-80.96,0.25,8.31,8.31,8.30,8.31,0.01,,,,,,,,
1383,05/04/2023 23:30:00,74.52,74.59,74.52,74.59,0.07,-81.10,-80.66,-81.10,-80.81,0.23,8.31,8.31,8.30,8.30,0.00,,,,,,,,
1384,05/04/2023 23:45:00,74.52,74.55,74.52,74.55,0.05,-80.88,-80.42,-80.88,-80.60,0.23,8.31,8.31,8.30,8.30,0.00,,,,,,,,
1385,05/05/2023 00:00:00,74.43,74.52,74.43,74.52,0.08,-80.69,-80.25,-80.69,-80.42,0.22,8.30,8.30,8.29,8.30,0.00,,,,,,,,
1386,05/05/2023 00:15:00,74.37,74.46,74.37,74.46,0.08,-80.53,-80.10,-80.53,-80.25,0.23,8.30,8.30,8.29,8.29,0.00,,,,,,,,
1387,05/05/2023 00:30:00,74.34,74.43,74.34,74.43,0.11,-80.36,-79.92,-80.36,-80.08,0.23,8.30,8.30,8.29,8.29,0.00,,,,,,,,
1388,05/05/2023 00:45:00,74.30,74.37,74.30,74.37,0.10,-80.16,-79.74,-80.16,-79.89,0.22,8.29,8.29,8.28,8.29,0.00,,,,,,,,
1389,05/05/2023 01:00:00,74.25,74.30,74.25,74.30,0.05,-80.00,-79.55,-80.00,-79.72,0.23,8.29,8.29,8.28,8.28,0.00,,,,,,,,
1390,05/05/2023 01:15:00,74.21,74.25,74.21,74.25,0.04,-79.80,-79.36,-79.80,-79.52,0.23,8.29,8.29,8.28,8.28,0.00,,,,,,,,
1391,05/05/2023 01:30:00,74.16,74.21,74.16,74.21,0.02,-79.67,-79.21,-79.67,-79.39,0.23,8.28,8.28,8.27,8.28,0.00,,,,,,,,
1392,05/05/2023 01:45:00,74.12,74.16,74.12,74.16,0.00,-79.56,-79.10,-79.56,-79.25,0.27,8.28,8.28,8.27,8.27,0.01,,,,,,,,
1393,05/05/2023 02:00:00,74.03,74.12,74.03,74.12,0.11,-79.42,-78.96,-79.42,-79.13,0.25,8.28,8.28,8.27,8.27,0.01,,,,,,,,
1394,05/05/2023 02:15:00,73.99,74.08,73.99,74.08,0.08,-79.25,-78.81,-79.25,-78.97,0.23,8.28,8.28,8.27,8.27,0.00,,,,,,,,
1395,05/05/2023 02:30:00,73.94,74.03,73.94,74.03,0.07,-79.10,-78.66,-79.10,-78.81,0.23,8.27,8.27,8.26,8.27,0.00,,,,,,,,
1396,05/05/2023 02:45:00,73.90,73.99,73.90,73.99,0.11,-78.96,-78.49,-78.96,-78.66,0.25,8.27,8.27,8.26,8.26,0.01,,,,,,,,
1397,05/05/2023 03:00:00,73.81,73.90,73.81,73.90,0.08,-78.78,-78.31,-78.78,-78.50,0.23,8.27,8.27,8.26,8.26,0.01,,,,,,,,
1398,05/05/2023 03:15:00,73.72,73.81,73.72,73.81,0.11,-78.60,-78.16,-78.60,-78.33,0.22,8.26,8.26,8.25,8.26,0.00,,,,,,,,
1399,05/05/2023 03:30:00,73.69,73.78,73.69,73.78,0.08,-78.46,-78.00,-78.46,-78.17,0.23,8.26,8.26,8.25,8.25,0.00,,,,,,,,
1400,05/05/2023 03:45:00,73.60,73.69,73.60,73.69,0.10,-78.31,-77.88,-78.31,-78.03,0.23,8.26,8.26,8.25,8.25,0.00,,,,,,,,
1401,05/05/2023 04:00:00,73.56,73.65,73.56,73.65,0.08,-78.16,-77.72,-78.16,-77.88,0.23,8.25,8.25,8.25,8.25,0.00,,,,,,,,
1402,05/05/2023 04:15:00,73.47,73.56,73.47,73.56,0.11,-78.02,-77.56,-78.02,-77.74,0.23,8.25,8.25,8.24,8.25,0.01,,,,,,,,
1403,05/05/2023 04:30:00,73.44,73.51,73.44,73.51,0.10,-77.88,-77.44,-77.88,-77.60,0.23,8.25,8.25,8.24,8.24,0.00,,,,,,,,
1404,05/05/2023 04:45:00,73.35,73.44,73.35,73.44,0.11,-77.75,-77.30,-77.75,-77.47,0.23,8.25,8.25,8.24,8.24,0.01,,,,,,,,
1405,05/05/2023 05:00:00,73.29,73.38,73.29,73.38,0.11,-77.63,-77.16,-77.63,-77.33,0.25,8.24,8.24,8.24,8.24,0.01,,,,,,,,
1406,05/05/2023 05:15:00,73.22,73.29,73.22,73.29,0.08,-77.49,-77.02,-77.49,-77.19,0.25,8.24,8.24,8.23,8.24,0.01,,,,,,,,
1407,05/05/2023 05:30:00,73.08,73.22,73.08,73.17,0.08,-77.38,-76.91,-77.38,-77.08,0.25,8.24,8.24,8.23,8.23,0.01,,,,,,,,
1408,05/05/2023 05:45:00,72.95,73.08,72.95,73.04,0.09,-77.22,-76.75,-77.22,-76.92,0.25,8.24,8.24,8.23,8.23,0.01,,,,,,,,
1409,05/05/2023 06:00:00,72.82,72.95,72.82,72.91,0.10,-77.10,-76.60,-77.10,-76.78,0.27,8.24,8.24,8.23,8.23,0.01,,,,,,,,
1410,05/05/2023 06:15:00,72.70,72.82,72.70,72.79,0.10,-77.00,-76.49,-77.00,-76.67,0.28,8.23,8.23,8.22,8.23,0.01,,,,,,,,
1411,05/05/2023 06:30:00,72.61,72.70,72.61,72.70,0.07,-76.89,-76.42,-76.89,-76.58,0.27,8.23,8.23,8.22,8.23,0.01,,,,,,,,
1412,05/05/2023 06:45:00,72.57,72.61,72.57,72.61,0.04,-76.83,-76.33,-76.83,-76.50,0.28,8.23,8.23,8.22,8.22,0.01,,,,,,,,
1413,05/05/2023 07:00:00,72.48,72.57,72.48,72.57,0.08,-76.78,-76.28,-76.78,-76.46,0.28,8.23,8.23,8.22,8.22,0.01,,,,,,,,
1414,05/05/2023 07:15:00,72.39,72.48,72.39,72.48,0.11,-76.78,-76.25,-76.78,-76.42,0.30,8.23,8.23,8.22,8.22,0.01,,,,,,,,
1415,05/05/2023 07:30:00,72.30,72.39,72.30,72.39,0.08,-76.77,-76.25,-76.77,-76.42,0.30,8.23,8.23,8.22,8.22,0.01,,,,,,,,
1416,05/05/2023 07:45:00,72.27,72.36,72.27,72.36,0.11,-76.78,-76.22,-76.78,-76.41,0.31,8.23,8.23,8.22,8.22,0.01,,,,,,,,
1417,05/05/2023 08:00:00,72.18,72.27,72.18,72.27,0.08,-76.78,-76.27,-76.78,-76.44,0.30,8.23,8.23,8.22,8.22,0.01,,,,,,,,
1418,05/05/2023 08:15:00,72.14,72.23,72.14,72.23,0.06,-76.83,-76.28,-76.83,-76.46,0.31,8.23,8.23,8.22,8.22,0.01,,,,,,,,
1419,05/05/2023 08:30:00,72.09,72.18,72.09,72.18,0.06,-76.91,-76.33,-76.91,-76.53,0.31,8.23,8.23,8.22,8.23,0.01,,,,,,,,
1420,05/05/2023 08:45:00,72.05,72.14,72.05,72.14,0.10,-77.08,-76.50,-77.08,-76.71,0.31,8.24,8.24,8.23,8.23,0.01,,,,,,,,
1421,05/05/2023 09:00:00,72.05,72.09,72.05,72.09,0.03,-77.35,-76.63,-77.35,-76.91,0.38,8.24,8.24,8.23,8.23,0.01,,,,,,,,
1422,05/05/2023 09:15:00,72.14,72.14,72.14,72.14,0.04,-77.72,-76.94,-77.72,-77.25,0.41,8.25,8.25,8.23,8.24,0.01,,,,,,,,
1423,05/05/2023 09:30:00,72.27,72.27,72.23,72.23,0.06,-78.13,-77.31,-78.13,-77.63,0.44,8.26,8.26,8.24,8.25,0.01,,,,,,,,
1424,05/05/2023 09:45:00,72.39,72.39,72.36,72.36,0.11,-78.86,-77.80,-78.86,-78.21,0.56,8.27,8.27,8.25,8.26,0.01,,,,,,,,
1425,05/05/2023 10:00:00,72.57,72.57,72.48,72.52,0.07,-79.53,-78.52,-79.53,-78.94,0.52,8.28,8.28,8.26,8.27,0.01,,,,,,,,
1426,05/05/2023 10:15:00,72.82,72.82,72.70,72.73,0.10,-80.58,-79.25,-80.58,-79.83,0.67,8.30,8.30,8.28,8.29,0.01,,,,,,,,
1427,05/05/2023 10:30:00,73.13,73.13,72.95,73.04,0.15,-80.97,-80.46,-80.97,-80.63,0.30,8.31,8.31,8.30,8.30,0.01,,,,,,,,
1428,05/05/2023 10:45:00,73.44,73.44,73.26,73.35,0.14,-81.96,-81.22,-81.96,-81.49,0.41,8.33,8.33,8.32,8.32,0.01,,,,,,,,
1429,05/05/2023 11:00:00,73.69,73.69,73.56,73.60,0.07,-82.74,-81.52,-82.74,-82.03,0.63,8.34,8.34,8.32,8.33,0.01,,,,,,,,
1430,05/05/2023 11:15:00,73.94,73.94,73.81,73.87,0.11,-83.33,-82.39,-83.33,-82.74,0.50,8.36,8.36,8.34,8.34,0.01,,,,,,,,
1431,05/05/2023 11:30:00,74.16,74.16,74.03,74.08,0.08,-83.41,-82.67,-83.41,-83.00,0.36,8.36,8.36,8.34,8.35,0.01,,,,,,,,
1432,05/05/2023 11:45:00,74.46,74.46,74.30,74.37,0.17,-83.85,-83.19,-83.85,-83.41,0.38,8.36,8.36,8.35,8.36,0.01,,,,,,,,
1433,05/05/2023 12:00:00,74.73,74.73,74.59,74.64,0.08,-84.46,-83.49,-84.46,-83.91,0.48,8.38,8.38,8.36,8.36,0.01,,,,,,,,
1434,05/05/2023 12:15:00,74.98,74.98,74.86,74.89,0.09,-85.22,-84.14,-85.22,-84.53,0.59,8.39,8.39,8.37,8.38,0.01,,,,,,,,
1435,05/05/2023 12:30:00,75.29,75.29,75.16,75.20,0.09,-85.58,-84.61,-85.58,-85.05,0.48,8.40,8.40,8.38,8.39,0.01,,,,,,,,
1436,05/05/2023 12:45:00,75.42,75.42,75.38,75.38,0.11,-85.80,-85.05,-85.80,-85.33,0.41,8.40,8.40,8.39,8.39,0.01,,,,,,,,
1437,05/05/2023 13:00:00,75.51,75.51,75.51,75.51,0.04,-85.94,-85.38,-85.94,-85.57,0.31,8.40,8.40,8.39,8.40,0.01,,,,,,,,
1438,05/05/2023 13:15:00,75.51,75.54,75.51,75.54,0.01,-86.13,-85.46,-86.13,-85.71,0.36,8.41,8.41,8.39,8.40,0.01,,,,,,,,
1439,05/05/2023 13:30:00,75.54,75.54,75.54,75.54,0.01,-86.13,-85.58,-86.13,-85.77,0.30,8.41,8.41,8.40,8.40,0.01,,,,,,,,
1440,05/05/2023 13:45:00,75.51,75.54,75.51,75.54,0.01,-86.25,-85.69,-86.25,-85.88,0.31,8.41,8.41,8.40,8.40,0.01,,,,,,,,
1441,05/05/2023 14:00:00,75.51,75.54,75.51,75.54,0.01,-86.25,-85.74,-86.25,-85.91,0.30,8.41,8.41,8.40,8.40,0.01,,,,,,,,
1442,05/05/2023 14:15:00,75.47,75.54,75.47,75.54,0.07,-86.25,-85.75,-86.25,-85.91,0.28,8.41,8.41,8.40,8.40,0.01,,,,,,,,
1443,05/05/2023 14:30:00,75.47,75.51,75.47,75.51,0.04,-86.21,-85.74,-86.21,-85.89,0.27,8.41,8.41,8.40,8.40,0.01,,,,,,,,
1444,05/05/2023 14:45:00,75.42,75.47,75.42,75.47,0.02,-86.24,-85.74,-86.24,-85.91,0.28,8.41,8.41,8.40,8.40,0.01,,,,,,,,
1445,05/05/2023 15:00:00,75.38,75.47,75.38,75.47,0.08,-86.19,-85.74,-86.19,-85.88,0.27,8.41,8.41,8.40,8.40,0.01,,,,,,,,
1446,05/05/2023 15:15:00,75.38,75.42,75.38,75.42,0.00,-86.13,-85.66,-86.13,-85.83,0.25,8.41,8.41,8.40,8.40,0.01,,,,,,,,Logged
