KorEXO MEASUREMENT DATA FILE EXPORT,,,,,,,,,,,,,,,,,,,,
,,,,,,,,,,,,,,,,,,,,
FILE CREATED:,9/4/20 17:43,,,,,,,,,,,,,,,,,,,
,,,,,,,,,,,,,,,,,,,,
,,,MEAN VALUE:,0.17,49812.7,49701.9,92.9,106.9,6.37,263.7,32.52,49712.3,0.03,32313,1.191,NA,-81.4,25.106,3.11,11.7
,,,STANDARD DEVIATION:,0.18,53.1,48.5,3.7,4.2,0.25,11.3,0.03,48.4,0.02,31,0.005,0.02,1,0.024,0,0
,,,,,,,,,,,,,,,,,,,,
,,,SENSOR SERIAL NUMBER:,20C000785,20B121032,20B121032,20C000323,20C000323,20C000323,20C202371,20B121032,20B121032,20C000785,20B121032,20B120857,20C202371,20C202371,20B121032,20C202414,20C202414
Date (MM/DD/YYYY),Time (HH:mm:ss),Time (Fract. Sec),Site Name,Chlorophyll RFU,Cond µS/cm,nLF Cond µS/cm,ODO % sat,ODO % local,ODO mg/L,ORP mV,Sal psu,SpCond µS/cm,TAL PC RFU,TDS mg/L,Wiper Position volt,pH,pH mV,Temp ∞C,Battery V,Cable Pwr V
8/21/20,14:15:00,0,Biosphere 2,-0.05,49748.8,49625.5,98.1,112.9,6.73,240.2,32.47,49637.1,-0.04,32264,1.192,8.26,-81.8,25.118,3.11,11.7
8/21/20,14:30:00,0,Biosphere 2,-0.06,49749.9,49631.4,98.2,113,6.74,238.5,32.47,49642.5,-0.01,32268,1.192,8.28,-82.7,25.113,3.11,11.7
8/21/20,14:45:00,0,Biosphere 2,-0.06,49750.9,49633.1,98.3,113.1,6.74,239.9,32.47,49644.2,-0.03,32269,1.193,8.28,-82.9,25.113,3.11,11.7
8/21/20,15:00:00,0,Biosphere 2,-0.06,49751.3,49630.6,98.5,113.3,6.75,241.3,32.47,49641.9,-0.03,32267,1.193,8.28,-83,25.115,3.11,11.7
8/21/20,15:15:00,0,Biosphere 2,-0.06,49748.4,49631.6,98.4,113.3,6.75,242.5,32.47,49642.5,-0.03,32268,1.184,8.28,-83,25.112,3.11,11.7
8/21/20,15:30:00,0,Biosphere 2,-0.06,49753.5,49632,98.5,113.3,6.75,243.3,32.47,49643.4,-0.03,32268,1.189,8.28,-83.1,25.116,3.11,11.7
8/21/20,15:45:00,0,Biosphere 2,-0.06,49753.6,49635.2,98.3,113.1,6.74,244,32.48,49646.3,-0.03,32270,1.19,8.28,-83.1,25.113,3.11,11.7
8/21/20,16:00:00,0,Biosphere 2,-0.06,49750.6,49635.3,98.2,113,6.73,243.1,32.48,49646.1,-0.04,32270,1.19,8.28,-83.2,25.11,3.11,11.7
8/21/20,16:15:00,0,Biosphere 2,-0.06,49745,49633.2,98,112.8,6.72,244.5,32.47,49643.7,-0.04,32268,1.198,8.28,-83.2,25.107,3.11,11.7
8/21/20,16:30:00,0,Biosphere 2,-0.06,49751.5,49635.9,97.9,112.7,6.72,244.6,32.48,49646.7,-0.04,32270,1.194,8.28,-83.2,25.111,3.11,11.7
8/21/20,16:45:00,0,Biosphere 2,-0.05,49751.7,49636.7,97.7,112.4,6.7,245.8,32.48,49647.5,-0.04,32271,1.191,8.28,-83.2,25.11,3.11,11.7
8/21/20,17:00:00,0,Biosphere 2,-0.04,49745.3,49632.6,97.5,112.2,6.69,245.8,32.47,49643.1,-0.03,32268,1.186,8.29,-83.3,25.108,3.11,11.7
8/21/20,17:15:00,0,Biosphere 2,-0.05,49749.3,49636.8,97.2,111.9,6.67,245.7,32.48,49647.3,-0.02,32271,1.183,8.28,-83.2,25.108,3.11,11.7
8/21/20,17:30:00,0,Biosphere 2,-0.06,49751.2,49637.4,97,111.6,6.65,245.8,32.48,49648,-0.02,32271,1.191,8.28,-83.3,25.109,3.11,11.7
8/21/20,17:45:00,0,Biosphere 2,-0.05,49746.2,49634.3,96.7,111.3,6.63,246.2,32.47,49644.8,-0.03,32269,1.2,8.28,-83.2,25.107,3.11,11.7
8/21/20,18:00:00,0,Biosphere 2,-0.05,49745.9,49634.8,96.4,110.9,6.61,245.7,32.47,49645.2,-0.03,32269,1.196,8.28,-83.2,25.106,3.11,11.7
8/21/20,18:15:00,0,Biosphere 2,-0.05,49746.9,49635.4,96.1,110.6,6.59,245.4,32.48,49645.9,-0.03,32270,1.19,8.28,-83.2,25.107,3.11,11.7
8/21/20,18:30:00,0,Biosphere 2,-0.06,49748.6,49638.1,95.8,110.2,6.57,246.3,32.48,49648.5,-0.01,32272,1.189,8.28,-83.2,25.106,3.11,11.7
8/21/20,18:45:00,0,Biosphere 2,-0.06,49747.4,49638.1,95.5,109.9,6.55,247.3,32.48,49648.3,-0.01,32271,1.192,8.28,-83.1,25.104,3.11,11.7
8/21/20,19:00:00,0,Biosphere 2,-0.06,49745,49638.1,95.2,109.6,6.53,247.3,32.48,49648.1,-0.02,32271,1.185,8.28,-83.1,25.102,3.11,11.7
8/21/20,19:15:00,0,Biosphere 2,-0.05,49741.2,49636.7,94.8,109.1,6.5,248,32.48,49646.5,-0.02,32270,1.19,8.28,-83.1,25.1,3.11,11.7
8/21/20,19:30:00,0,Biosphere 2,-0.06,49746.2,49639.7,94.6,108.9,6.49,248.1,32.48,49649.6,-0.02,32272,1.2,8.28,-83,25.102,3.11,11.7
8/21/20,19:45:00,0,Biosphere 2,-0.06,49743.4,49637.1,94.3,108.6,6.47,248.1,32.48,49647,-0.02,32271,1.192,8.28,-83,25.102,3.11,11.7
8/21/20,20:00:00,0,Biosphere 2,-0.05,49743.7,49637.3,94,108.2,6.45,247.1,32.48,49647.2,-0.02,32271,1.196,8.28,-82.9,25.102,3.11,11.7
8/21/20,20:15:00,0,Biosphere 2,-0.06,49747,49640.3,93.8,107.9,6.43,246.8,32.48,49650.3,-0.03,32273,1.189,8.28,-82.9,25.102,3.11,11.7
8/21/20,20:30:00,0,Biosphere 2,-0.06,49747,49641,93.2,107.3,6.39,245.8,32.48,49650.9,-0.02,32273,1.183,8.28,-82.8,25.101,3.11,11.7
8/21/20,20:45:00,0,Biosphere 2,-0.06,49747.2,49640.4,93.1,107.2,6.39,243.2,32.48,49650.4,-0.03,32273,1.198,8.28,-82.8,25.102,3.11,11.7
8/21/20,21:00:00,0,Biosphere 2,-0.07,49747.8,49640.7,92.9,106.9,6.37,244.5,32.48,49650.7,-0.02,32273,1.19,8.28,-82.7,25.102,3.11,11.7
8/21/20,21:15:00,0,Biosphere 2,-0.06,49748.2,49640.8,92.7,106.6,6.36,245.6,32.48,49650.9,-0.02,32273,1.193,8.28,-82.7,25.103,3.11,11.7
8/21/20,21:30:00,0,Biosphere 2,-0.06,49745.5,49638.9,92.4,106.3,6.34,246,32.48,49648.9,-0.01,32272,1.189,8.27,-82.6,25.102,3.11,11.7
8/21/20,21:45:00,0,Biosphere 2,-0.06,49748.8,49641.2,92.3,106.2,6.33,247.2,32.48,49651.3,-0.01,32273,1.192,8.27,-82.6,25.103,3.11,11.7
8/21/20,22:00:00,0,Biosphere 2,-0.06,49746.7,49639.3,92.1,106,6.32,247.1,32.48,49649.4,0,32272,1.2,8.27,-82.6,25.103,3.11,11.7
8/21/20,22:15:00,0,Biosphere 2,-0.06,49748.9,49641.4,91.9,105.8,6.3,247.7,32.48,49651.5,-0.01,32273,1.191,8.27,-82.5,25.103,3.11,11.7
8/21/20,22:30:00,0,Biosphere 2,-0.05,49749.1,49641.8,91.7,105.5,6.29,248,32.48,49651.8,-0.02,32274,1.19,8.27,-82.4,25.103,3.11,11.7
8/21/20,22:45:00,0,Biosphere 2,-0.06,49746,49638.8,91.5,105.3,6.27,248.4,32.48,49648.8,-0.02,32272,1.19,8.27,-82.4,25.102,3.11,11.7
8/21/20,23:00:00,0,Biosphere 2,-0.06,49745.8,49638.7,91.3,105.1,6.26,248.1,32.48,49648.8,-0.01,32272,1.181,8.27,-82.3,25.102,3.11,11.7
8/21/20,23:15:00,0,Biosphere 2,-0.07,49749,49641.9,91.1,104.8,6.25,247.8,32.48,49652,-0.02,32274,1.193,8.27,-82.3,25.102,3.11,11.7
8/21/20,23:30:00,0,Biosphere 2,-0.06,49749.2,49641.6,90.7,104.4,6.22,247.7,32.48,49651.7,-0.02,32274,1.19,8.27,-82.2,25.103,3.11,11.7
8/21/20,23:45:00,0,Biosphere 2,-0.07,49749.5,49642.6,90.8,104.5,6.23,201.6,32.48,49652.7,0,32274,1.192,8.27,-82.2,25.102,3.11,11.7
8/22/20,0:00:00,0,Biosphere 2,-0.07,49745.8,49639.5,90.7,104.3,6.22,228.2,32.48,49649.5,-0.03,32272,1.196,8.27,-82.1,25.102,3.11,11.7
8/22/20,0:15:00,0,Biosphere 2,-0.06,49745.3,49639.2,90.5,104.2,6.21,236.7,32.48,49649.2,-0.03,32272,1.192,8.26,-82,25.101,3.11,11.7
8/22/20,0:30:00,0,Biosphere 2,-0.06,49745.5,49639.8,90.4,104,6.2,240.5,32.48,49649.7,-0.02,32272,1.193,8.26,-82,25.101,3.11,11.7
8/22/20,0:45:00,0,Biosphere 2,-0.06,49748,49641.6,90.1,103.7,6.18,242.7,32.48,49651.5,-0.03,32273,1.184,8.26,-81.9,25.102,3.11,11.7
8/22/20,1:00:00,0,Biosphere 2,-0.06,49745.4,49639.5,90.1,103.7,6.18,243.3,32.48,49649.5,-0.01,32272,1.19,8.26,-81.9,25.101,3.11,11.7
8/22/20,1:15:00,0,Biosphere 2,-0.05,49746.4,49640.9,89.8,103.4,6.16,244.3,32.48,49650.8,-0.03,32273,1.192,8.26,-81.8,25.101,3.11,11.7
8/22/20,1:30:00,0,Biosphere 2,-0.06,49745.4,49640.1,89.7,103.2,6.15,244.9,32.48,49650,-0.02,32272,1.189,8.26,-81.7,25.101,3.11,11.7
8/22/20,1:45:00,0,Biosphere 2,-0.05,49744.8,49639.5,89.7,103.3,6.16,246,32.48,49649.3,-0.01,32272,1.184,8.26,-81.7,25.101,3.11,11.7
8/22/20,2:00:00,0,Biosphere 2,-0.06,49744.1,49639.3,89.5,103,6.14,246.7,32.48,49649.1,-0.02,32272,1.19,8.26,-81.6,25.1,3.11,11.7
8/22/20,2:15:00,0,Biosphere 2,-0.05,49744.4,49640.3,89.5,103,6.14,247.3,32.48,49650,-0.02,32273,1.189,8.26,-81.6,25.099,3.11,11.7
8/22/20,2:30:00,0,Biosphere 2,-0.06,49747.8,49643.1,89.4,102.9,6.13,247.5,32.48,49652.9,-0.02,32274,1.192,8.26,-81.6,25.1,3.11,11.7
8/22/20,2:45:00,0,Biosphere 2,-0.06,49746.4,49642.2,89.3,102.7,6.12,241.4,32.48,49652,-0.03,32274,1.2,8.25,-81.5,25.1,3.11,11.7
8/22/20,3:00:00,0,Biosphere 2,-0.06,49746.7,49643.1,89.2,102.7,6.12,244.1,32.48,49652.8,-0.02,32274,1.191,8.25,-81.4,25.099,3.11,11.7
8/22/20,3:15:00,0,Biosphere 2,-0.06,49743.7,49640.8,88.9,102.3,6.1,244.9,32.48,49650.4,-0.02,32273,1.19,8.25,-81.4,25.098,3.11,11.7
8/22/20,3:30:00,0,Biosphere 2,-0.06,49745.3,49642.6,89.1,102.5,6.11,245.9,32.48,49652.2,-0.03,32274,1.185,8.25,-81.3,25.098,3.11,11.7
8/22/20,3:45:00,0,Biosphere 2,-0.06,49744.6,49642.2,88.9,102.3,6.1,245.9,32.48,49651.8,-0.03,32274,1.2,8.25,-81.2,25.098,3.11,11.7
8/22/20,4:00:00,0,Biosphere 2,-0.05,49742.7,49641,88.9,102.3,6.1,246.8,32.48,49650.5,-0.01,32273,1.192,8.25,-81.2,25.097,3.11,11.7
8/22/20,4:15:00,0,Biosphere 2,-0.06,49745.4,49644.1,88.9,102.3,6.1,246.5,32.48,49653.6,-0.02,32275,1.19,8.25,-81.1,25.097,3.11,11.7
8/22/20,4:30:00,0,Biosphere 2,-0.06,49744.3,49644,88.6,102,6.08,245.9,32.48,49653.4,-0.03,32275,1.192,8.25,-81.1,25.096,3.11,11.7
8/22/20,4:45:00,0,Biosphere 2,-0.06,49740,49640.9,88.8,102.1,6.09,246.4,32.48,49650.1,-0.02,32273,1.185,8.25,-81,25.095,3.11,11.7
8/22/20,5:00:00,0,Biosphere 2,-0.05,49739.1,49640.3,88.6,102,6.08,246.9,32.48,49649.5,-0.02,32272,1.183,8.25,-81,25.094,3.11,11.7
8/22/20,5:15:00,0,Biosphere 2,-0.05,49740.5,49644.8,88.1,101.3,6.04,240.6,32.48,49653.7,-0.01,32275,1.184,8.24,-80.9,25.091,3.11,11.7
8/22/20,5:30:00,0,Biosphere 2,-0.05,49737.6,49642,88.4,101.8,6.07,244.2,32.48,49650.9,-0.02,32273,1.193,8.24,-80.9,25.091,3.11,11.7
8/22/20,5:45:00,0,Biosphere 2,-0.06,49736.4,49642.3,88.5,101.8,6.07,245.6,32.48,49651.1,-0.02,32273,1.197,8.24,-80.8,25.09,3.11,11.7
8/22/20,6:00:00,0,Biosphere 2,-0.06,49736.6,49644.2,88.3,101.6,6.06,246.1,32.48,49652.8,-0.01,32274,1.193,8.24,-80.7,25.088,3.11,11.7
8/22/20,6:15:00,0,Biosphere 2,-0.05,49736.7,49645.3,88.2,101.5,6.05,246.3,32.48,49653.9,-0.01,32275,1.188,8.24,-80.7,25.087,3.11,11.7
8/22/20,6:30:00,0,Biosphere 2,-0.04,49738,49646.3,88.4,101.7,6.06,247,32.48,49654.9,0,32276,1.194,8.24,-80.7,25.088,3.11,11.7
8/22/20,6:45:00,0,Biosphere 2,-0.04,49733.6,49645.5,87.9,101.2,6.03,246.7,32.48,49653.7,-0.01,32275,1.192,8.24,-80.5,25.084,3.11,11.7
8/22/20,7:00:00,0,Biosphere 2,-0.04,49732.2,49643.2,88.2,101.5,6.05,246.8,32.48,49651.5,-0.03,32273,1.186,8.24,-80.5,25.085,3.11,11.7
8/22/20,7:15:00,0,Biosphere 2,-0.04,49732,49643.3,88.2,101.5,6.05,246.8,32.48,49651.6,-0.01,32274,1.191,8.24,-80.5,25.085,3.11,11.7
8/22/20,7:30:00,0,Biosphere 2,-0.04,49733.9,49643.3,88.5,101.8,6.07,247.3,32.48,49651.7,-0.02,32274,1.201,8.24,-80.5,25.087,3.11,11.7
8/22/20,7:45:00,0,Biosphere 2,-0.04,49740,49645.7,88.4,101.8,6.07,247.4,32.48,49654.5,-0.02,32275,1.185,8.24,-80.5,25.09,3.11,11.7
8/22/20,8:00:00,0,Biosphere 2,-0.04,49739.5,49642.4,88.8,102.2,6.09,248.3,32.48,49651.5,-0.02,32273,1.192,8.24,-80.4,25.093,3.11,11.7
8/22/20,8:15:00,0,Biosphere 2,-0.03,49747.4,49643.5,89,102.4,6.1,248.4,32.48,49653.3,0,32275,1.199,8.24,-80.5,25.099,3.11,11.7
8/22/20,8:30:00,0,Biosphere 2,-0.03,49756.5,49644.7,89.3,102.8,6.13,248.6,32.48,49655.1,0,32276,1.189,8.24,-80.5,25.107,3.11,11.7
8/22/20,8:45:00,0,Biosphere 2,-0.03,49765.5,49644.1,89.7,103.3,6.15,248.9,32.48,49655.5,-0.01,32276,1.196,8.24,-80.5,25.116,3.11,11.7
8/22/20,9:00:00,0,Biosphere 2,-0.04,49768.5,49642.7,90.1,103.7,6.18,249.4,32.48,49654.5,-0.02,32275,1.19,8.24,-80.5,25.12,3.11,11.7
8/22/20,9:15:00,0,Biosphere 2,-0.04,49774.9,49640.9,90.8,104.5,6.22,249.6,32.48,49653.4,-0.01,32275,1.182,8.24,-80.6,25.128,3.11,11.7
8/22/20,9:30:00,0,Biosphere 2,-0.03,49782.7,49644.2,91.1,104.8,6.25,250.3,32.48,49657.2,-0.01,32277,1.193,8.24,-80.7,25.132,3.11,11.7
8/22/20,9:45:00,0,Biosphere 2,-0.02,49776.3,49644.5,91.5,105.3,6.27,247.5,32.48,49656.8,-0.03,32277,1.201,8.24,-80.7,25.126,3.11,11.7
8/22/20,10:00:00,0,Biosphere 2,-0.03,49786.9,49644.9,92.2,106.1,6.32,249.2,32.48,49658.2,-0.02,32278,1.195,8.24,-80.9,25.136,3.11,11.7
8/22/20,10:15:00,0,Biosphere 2,-0.03,49777.1,49637.1,92.9,106.9,6.37,250.6,32.48,49650.2,-0.03,32273,1.188,8.25,-81,25.134,3.11,11.7
8/22/20,10:30:00,0,Biosphere 2,-0.05,49770,49638.1,93.5,107.6,6.41,250.9,32.48,49650.4,-0.02,32273,1.192,8.25,-81.2,25.126,3.11,11.7
8/22/20,10:45:00,0,Biosphere 2,-0.04,49775.1,49645,93.9,108,6.44,251.5,32.48,49657.2,-0.02,32277,1.192,8.25,-81.3,25.124,3.11,11.7
8/22/20,11:00:00,0,Biosphere 2,-0.05,49769.3,49636.6,94.5,108.8,6.48,251.8,32.48,49649,-0.02,32272,1.183,8.25,-81.4,25.127,3.11,11.7
8/22/20,11:15:00,0,Biosphere 2,-0.04,49791.6,49637.5,95.4,109.7,6.54,252.3,32.48,49651.9,-0.01,32274,1.183,8.26,-81.6,25.147,3.11,11.7
8/22/20,11:30:00,0,Biosphere 2,-0.04,49786.4,49640.3,96.1,110.6,6.59,252.8,32.48,49654,-0.01,32275,1.191,8.26,-81.6,25.14,3.11,11.7
8/22/20,11:45:00,0,Biosphere 2,-0.05,49770.7,49642.3,96.4,110.9,6.61,252.7,32.48,49654.3,-0.02,32275,1.19,8.26,-81.8,25.123,3.11,11.7
8/22/20,12:00:00,0,Biosphere 2,-0.04,49777.1,49644.8,96.8,111.5,6.64,252.8,32.48,49657.2,0,32277,1.192,8.26,-81.9,25.126,3.11,11.7
8/22/20,12:15:00,0,Biosphere 2,-0.04,49786.5,49637.2,97.9,112.6,6.71,253,32.48,49651.2,-0.01,32273,1.196,8.27,-82.1,25.143,3.11,11.7
8/22/20,12:30:00,0,Biosphere 2,-0.05,49798.4,49641.9,98.6,113.5,6.76,253.1,32.48,49656.6,-0.02,32277,1.198,8.27,-82.3,25.15,3.11,11.7
8/22/20,12:45:00,0,Biosphere 2,-0.05,49759.2,49638.6,98.1,112.9,6.73,253.5,32.48,49649.9,-0.02,32272,1.198,8.27,-82.3,25.115,3.11,11.7
8/22/20,13:00:00,0,Biosphere 2,-0.04,49782.9,49641.4,99,114,6.79,253.5,32.48,49654.7,-0.01,32276,1.2,8.27,-82.5,25.135,3.11,11.7
8/22/20,13:15:00,0,Biosphere 2,-0.03,49777.5,49641.5,99.1,114,6.79,253.7,32.48,49654.2,-0.01,32275,1.196,8.27,-82.5,25.13,3.11,11.7
8/22/20,13:30:00,0,Biosphere 2,-0.04,49764.4,49640.9,99,113.9,6.78,253.6,32.48,49652.5,0,32274,1.189,8.27,-82.6,25.118,3.11,11.7
8/22/20,13:45:00,0,Biosphere 2,-0.03,49757.6,49639.8,99.2,114.2,6.8,253.6,32.48,49650.9,-0.01,32273,1.186,8.28,-82.7,25.113,3.11,11.7
8/22/20,14:00:00,0,Biosphere 2,-0.04,49752,49642.3,99.2,114.1,6.8,253.2,32.48,49652.5,0,32274,1.19,8.28,-82.8,25.105,3.11,11.7
8/22/20,14:15:00,0,Biosphere 2,-0.04,49750.6,49643.7,99.2,114.2,6.81,253.8,32.48,49653.7,0,32275,1.193,8.28,-82.9,25.102,3.11,11.7
8/22/20,14:30:00,0,Biosphere 2,-0.04,49757.8,49644.5,99.4,114.4,6.82,254.1,32.48,49655.1,-0.01,32276,1.192,8.28,-82.9,25.108,3.11,11.7
8/22/20,14:45:00,0,Biosphere 2,-0.04,49753.3,49643.1,99.4,114.4,6.82,254.1,32.48,49653.4,-0.01,32275,1.184,8.28,-83,25.105,3.11,11.7
8/22/20,15:00:00,0,Biosphere 2,-0.04,49770.4,49644.3,100,115.1,6.86,254.4,32.48,49656.1,-0.01,32276,1.19,8.28,-83.2,25.121,3.11,11.7
8/22/20,15:15:00,0,Biosphere 2,-0.04,49756.1,49643.6,99.5,114.5,6.82,254.1,32.48,49654.1,0.01,32275,1.191,8.28,-83.1,25.107,3.11,11.7
8/22/20,15:30:00,0,Biosphere 2,-0.04,49760.2,49644.3,99.6,114.6,6.83,254,32.48,49655.2,0,32276,1.184,8.28,-83.2,25.111,3.11,11.7
8/22/20,15:45:00,0,Biosphere 2,-0.04,49765.6,49643.5,99.7,114.7,6.83,253.7,32.48,49654.9,-0.01,32276,1.198,8.29,-83.3,25.117,3.11,11.7
8/22/20,16:00:00,0,Biosphere 2,-0.04,49758.3,49641.8,99.3,114.3,6.81,253.8,32.48,49652.7,-0.01,32274,1.197,8.29,-83.3,25.111,3.11,11.7
8/22/20,16:15:00,0,Biosphere 2,-0.05,49758,49646,99,114,6.79,254,32.48,49656.5,-0.01,32277,1.201,8.29,-83.3,25.107,3.11,11.7
8/22/20,16:30:00,0,Biosphere 2,-0.04,49753.7,49642.6,98.9,113.8,6.78,254.1,32.48,49653,-0.01,32274,1.195,8.29,-83.3,25.106,3.11,11.7
8/22/20,16:45:00,0,Biosphere 2,-0.03,49753.1,49642.9,98.5,113.4,6.76,253.6,32.48,49653.2,0,32275,1.187,8.29,-83.3,25.105,3.11,11.7
8/22/20,17:00:00,0,Biosphere 2,-0.04,49756.6,49645,98.3,113.1,6.74,253.4,32.48,49655.5,-0.02,32276,1.192,8.29,-83.3,25.107,3.11,11.7
8/22/20,17:15:00,0,Biosphere 2,-0.04,49756.3,49643.7,97.9,112.7,6.72,252.7,32.48,49654.2,-0.02,32275,1.19,8.29,-83.4,25.108,3.11,11.7
8/22/20,17:30:00,0,Biosphere 2,-0.05,49757,49645.4,97.7,112.4,6.7,253.4,32.48,49655.9,-0.01,32276,1.192,8.29,-83.4,25.107,3.11,11.7
8/22/20,17:45:00,0,Biosphere 2,-0.03,49754.3,49643.6,97.4,112.1,6.68,253.7,32.48,49654,-0.01,32275,1.199,8.29,-83.3,25.106,3.11,11.7
8/22/20,18:00:00,0,Biosphere 2,-0.05,49758.5,49646.5,97.1,111.8,6.66,254.1,32.48,49657,-0.01,32277,1.188,8.29,-83.3,25.107,3.11,11.7
8/22/20,18:15:00,0,Biosphere 2,-0.04,49756.9,49644.8,96.7,111.3,6.63,254.5,32.48,49655.3,-0.01,32276,1.183,8.29,-83.3,25.107,3.11,11.7
8/22/20,18:30:00,0,Biosphere 2,-0.05,49756.8,49644,96.5,111,6.62,253.2,32.48,49654.6,-0.03,32275,1.197,8.29,-83.3,25.108,3.11,11.7
8/22/20,18:45:00,0,Biosphere 2,-0.04,49754.4,49643.3,96.1,110.6,6.59,252.9,32.48,49653.7,-0.01,32275,1.2,8.28,-83.3,25.106,3.11,11.7
8/22/20,19:00:00,0,Biosphere 2,-0.04,49754.7,49644.1,95.8,110.3,6.57,252.3,32.48,49654.4,-0.01,32275,1.201,8.28,-83.2,25.106,3.11,11.7
8/22/20,19:15:00,0,Biosphere 2,-0.05,49757.8,49645.9,95.5,109.9,6.55,252.8,32.48,49656.4,-0.01,32277,1.191,8.28,-83.2,25.107,3.11,11.7
8/22/20,19:30:00,0,Biosphere 2,-0.05,49756.5,49644.3,95.2,109.6,6.53,252.9,32.48,49654.8,0,32276,1.184,8.28,-83.1,25.107,3.11,11.7
8/22/20,19:45:00,0,Biosphere 2,-0.04,49756.1,49644.3,94.8,109.1,6.5,253,32.48,49654.8,0,32276,1.187,8.28,-83.1,25.107,3.11,11.7
8/22/20,20:00:00,0,Biosphere 2,-0.05,49757.5,49644.6,94.5,108.8,6.48,252.2,32.48,49655.1,-0.02,32276,1.2,8.28,-83,25.108,3.11,11.7
8/22/20,20:15:00,0,Biosphere 2,-0.05,49759.9,49647.2,94.3,108.5,6.47,251.9,32.48,49657.7,-0.01,32278,1.19,8.28,-83,25.108,3.11,11.7
8/22/20,20:30:00,0,Biosphere 2,-0.05,49757.4,49644.6,93.9,108.1,6.44,251.9,32.48,49655.2,0.01,32276,1.193,8.28,-82.9,25.108,3.11,11.7
8/22/20,20:45:00,0,Biosphere 2,-0.04,49761.5,49647.4,93.6,107.7,6.42,251.2,32.48,49658.1,0,32278,1.192,8.28,-82.9,25.109,3.11,11.7
8/22/20,21:00:00,0,Biosphere 2,-0.06,49758.8,49644.6,93.4,107.5,6.4,251.6,32.48,49655.2,-0.01,32276,1.193,8.28,-82.9,25.109,3.11,11.7
8/22/20,21:15:00,0,Biosphere 2,-0.04,49759.3,49645.1,93.2,107.3,6.39,251.8,32.48,49655.8,0,32276,1.199,8.28,-82.8,25.109,3.11,11.7
8/22/20,21:30:00,0,Biosphere 2,-0.06,49762.9,49647.3,92.9,107,6.37,251.5,32.48,49658.1,0,32278,1.186,8.28,-82.7,25.11,3.11,11.7
8/22/20,21:45:00,0,Biosphere 2,-0.05,49760.9,49645.1,92.7,106.7,6.36,251.4,32.48,49655.9,-0.02,32276,1.184,8.28,-82.7,25.111,3.11,11.7
8/22/20,22:00:00,0,Biosphere 2,-0.05,49760.4,49645.1,92.4,106.3,6.34,251.9,32.48,49655.9,0,32276,1.195,8.27,-82.6,25.11,3.11,11.7
8/22/20,22:15:00,0,Biosphere 2,-0.05,49761.2,49645.3,92.2,106.1,6.32,249.7,32.48,49656.2,0,32277,1.192,8.27,-82.6,25.111,3.11,11.7
8/22/20,22:30:00,0,Biosphere 2,-0.04,49759.9,49644.7,92,105.9,6.31,250.3,32.48,49655.5,-0.01,32276,1.199,8.27,-82.5,25.11,3.11,11.7
8/22/20,22:45:00,0,Biosphere 2,-0.05,49760.1,49645,91.9,105.7,6.3,250.2,32.48,49655.8,0,32276,1.196,8.27,-82.5,25.11,3.11,11.7
8/22/20,23:00:00,0,Biosphere 2,-0.05,49760.8,49645.1,91.2,104.9,6.25,250.1,32.48,49655.9,0,32276,1.191,8.27,-82.4,25.111,3.11,11.7
8/22/20,23:15:00,0,Biosphere 2,-0.05,49760.1,49644.7,91.4,105.2,6.27,250.7,32.48,49655.5,0,32276,1.198,8.27,-82.4,25.11,3.11,11.7
8/22/20,23:30:00,0,Biosphere 2,-0.05,49759.8,49644.9,91.3,105,6.26,251.2,32.48,49655.7,-0.01,32276,1.194,8.27,-82.3,25.11,3.11,11.7
8/22/20,23:45:00,0,Biosphere 2,-0.05,49763.2,49648.3,91.1,104.9,6.25,251.7,32.48,49659.1,-0.01,32278,1.185,8.27,-82.3,25.11,3.11,11.7
8/23/20,0:00:00,0,Biosphere 2,-0.06,49763.8,49648.6,90.9,104.6,6.23,251.5,32.49,49659.4,-0.01,32279,1.184,8.27,-82.2,25.11,3.11,11.7
8/23/20,0:15:00,0,Biosphere 2,-0.04,49760.4,49645.8,90.8,104.4,6.22,251.5,32.48,49656.6,-0.01,32277,1.19,8.27,-82.1,25.11,3.11,11.7
8/23/20,0:30:00,0,Biosphere 2,-0.05,49762.2,49646.9,90.7,104.3,6.22,251.3,32.48,49657.7,-0.01,32277,1.184,8.27,-82.1,25.11,3.11,11.7
8/23/20,0:45:00,0,Biosphere 2,-0.05,49762.2,49648,90.4,104,6.2,251.1,32.48,49658.7,-0.02,32278,1.182,8.26,-82,25.109,3.11,11.7
8/23/20,1:00:00,0,Biosphere 2,-0.05,49763.3,49648.7,90.4,104,6.2,250,32.49,49659.4,-0.01,32279,1.182,8.26,-82,25.11,3.11,11.7
8/23/20,1:15:00,0,Biosphere 2,-0.04,49760.7,49646.3,90.1,103.6,6.18,250.3,32.48,49657,0,32277,1.196,8.26,-81.9,25.109,3.11,11.7
8/23/20,1:30:00,0,Biosphere 2,-0.05,49763.4,49648.8,90.1,103.7,6.18,250.9,32.49,49659.5,0,32279,1.19,8.26,-81.9,25.11,3.11,11.7
8/23/20,1:45:00,0,Biosphere 2,-0.04,49763.2,49648.9,90,103.6,6.17,251.3,32.49,49659.6,0,32279,1.185,8.26,-81.8,25.109,3.11,11.7
8/23/20,2:00:00,0,Biosphere 2,-0.04,49763.3,49648.9,89.9,103.4,6.16,251.8,32.49,49659.6,0,32279,1.2,8.26,-81.8,25.109,3.11,11.7
8/23/20,2:15:00,0,Biosphere 2,-0.05,49763.7,49649.2,89.8,103.3,6.16,251.4,32.49,49659.9,0,32279,1.197,8.26,-81.7,25.109,3.11,11.7
8/23/20,2:30:00,0,Biosphere 2,-0.05,49764.2,49649.6,89.6,103.1,6.15,251.2,32.49,49660.3,0.01,32279,1.195,8.26,-81.7,25.109,3.11,11.7
8/23/20,2:45:00,0,Biosphere 2,-0.05,49760.5,49646.7,89.6,103.1,6.14,250.1,32.48,49657.3,0,32277,1.195,8.26,-81.6,25.109,3.11,11.7
8/23/20,3:00:00,0,Biosphere 2,-0.04,49760,49646.7,89.5,103,6.14,250.8,32.48,49657.3,0,32277,1.196,8.26,-81.5,25.108,3.11,11.7
8/23/20,3:15:00,0,Biosphere 2,-0.04,49764,49649.9,89.4,102.8,6.13,251.1,32.49,49660.6,0,32279,1.199,8.25,-81.5,25.109,3.11,11.7
8/23/20,3:30:00,0,Biosphere 2,-0.04,49762.5,49648.6,89.2,102.7,6.12,251.3,32.48,49659.2,0.01,32279,1.191,8.25,-81.4,25.109,3.11,11.7
8/23/20,3:45:00,0,Biosphere 2,-0.04,49760.5,49647.3,89.2,102.6,6.11,251.8,32.48,49657.9,-0.01,32278,1.192,8.25,-81.4,25.108,3.11,11.7
8/23/20,4:00:00,0,Biosphere 2,-0.05,49759.8,49647.3,89.1,102.6,6.11,251.9,32.48,49657.8,-0.02,32278,1.186,8.25,-81.3,25.107,3.11,11.7
8/23/20,4:15:00,0,Biosphere 2,-0.04,49759.3,49647.4,88.8,102.2,6.09,251.9,32.48,49657.8,0.01,32278,1.199,8.25,-81.2,25.107,3.11,11.7
8/23/20,4:30:00,0,Biosphere 2,-0.04,49759.6,49647.6,89,102.4,6.1,251.6,32.48,49658.1,0,32278,1.191,8.25,-81.2,25.107,3.11,11.7
8/23/20,4:45:00,0,Biosphere 2,-0.04,49758.7,49647.6,88.9,102.3,6.1,251.4,32.48,49658,0,32278,1.186,8.25,-81.2,25.106,3.11,11.7
8/23/20,5:00:00,0,Biosphere 2,-0.04,49761.2,49650.6,88.6,102,6.08,251.1,32.49,49660.9,0,32280,1.192,8.25,-81.1,25.106,3.11,11.7
8/23/20,5:15:00,0,Biosphere 2,-0.05,49757.2,49647.7,88.6,102,6.08,249.5,32.48,49657.9,-0.01,32278,1.19,8.25,-81,25.105,3.11,11.7
8/23/20,5:30:00,0,Biosphere 2,-0.03,49757,49647.8,88.6,102,6.08,249.6,32.48,49658,0,32278,1.192,8.25,-81,25.104,3.11,11.7
8/23/20,5:45:00,0,Biosphere 2,-0.04,49756.5,49648.6,88.6,102,6.08,250.2,32.48,49658.7,0,32278,1.189,8.24,-80.9,25.103,3.11,11.7
8/23/20,6:00:00,0,Biosphere 2,-0.05,49755.5,49649.1,88.6,101.9,6.08,250.1,32.49,49659.1,0,32278,1.192,8.24,-80.9,25.102,3.11,11.7
8/23/20,6:15:00,0,Biosphere 2,-0.05,49757.1,49651.7,88.2,101.5,6.05,251,32.49,49661.6,0,32280,1.19,8.24,-80.7,25.101,3.11,11.7
8/23/20,6:30:00,0,Biosphere 2,-0.03,49755.9,49651,88.3,101.7,6.06,251,32.49,49660.8,0,32280,1.191,8.24,-80.7,25.1,3.11,11.7
8/23/20,6:45:00,0,Biosphere 2,-0.03,49756.4,49651,88.5,101.8,6.07,250.7,32.49,49660.9,0,32280,1.189,8.24,-80.7,25.101,3.11,11.7
8/23/20,7:00:00,0,Biosphere 2,-0.03,49755.2,49649.3,88.5,101.8,6.07,250.5,32.49,49659.2,0.01,32278,1.187,8.24,-80.6,25.101,3.11,11.7
8/23/20,7:15:00,0,Biosphere 2,-0.02,49756.9,49649.2,88.5,101.9,6.07,250.7,32.49,49659.3,0.02,32279,1.184,8.24,-80.6,25.103,3.11,11.7
8/23/20,7:30:00,0,Biosphere 2,-0.01,49760.7,49648.7,88.7,102.1,6.08,251.2,32.48,49659.2,0.01,32278,1.19,8.24,-80.6,25.107,3.11,11.7
8/23/20,7:45:00,0,Biosphere 2,0,49762.5,49647.2,88.9,102.3,6.09,251.7,32.48,49658,0,32278,1.196,8.24,-80.6,25.11,3.11,11.7
8/23/20,8:00:00,0,Biosphere 2,-0.02,49773.4,49651.2,89.2,102.6,6.11,252.2,32.49,49662.7,0,32281,1.193,8.24,-80.6,25.117,3.11,11.7
8/23/20,8:15:00,0,Biosphere 2,-0.01,49776.8,49648.9,89.4,102.9,6.13,252.9,32.49,49660.9,0,32280,1.191,8.24,-80.6,25.122,3.11,11.7
8/23/20,8:30:00,0,Biosphere 2,-0.01,49781.9,49648.7,89.8,103.3,6.15,253.8,32.49,49661.2,0.01,32280,1.181,8.24,-80.6,25.127,3.11,11.7
8/23/20,8:45:00,0,Biosphere 2,-0.02,49787.5,49646.7,90.3,103.9,6.19,245.2,32.48,49659.9,0,32279,1.192,8.24,-80.7,25.135,3.11,11.7
8/23/20,9:00:00,0,Biosphere 2,-0.01,49786.1,49647.5,90.7,104.3,6.21,249.3,32.49,49660.5,0.01,32279,1.192,8.24,-80.7,25.132,3.11,11.7
8/23/20,9:15:00,0,Biosphere 2,-0.02,49788.9,49649.3,91,104.7,6.24,251.8,32.49,49662.4,0,32281,1.194,8.24,-80.8,25.133,3.11,11.7
8/23/20,9:30:00,0,Biosphere 2,-0.01,49795,49652.8,91.8,105.6,6.29,252.8,32.49,49666.2,0.01,32283,1.183,8.24,-80.9,25.136,3.11,11.7
8/23/20,9:45:00,0,Biosphere 2,-0.02,49785.8,49650.3,92.2,106.1,6.32,253.8,32.49,49663,0,32281,1.189,8.25,-81,25.129,3.11,11.7
8/23/20,10:00:00,0,Biosphere 2,-0.02,49788.4,49650.4,92.8,106.8,6.36,254.3,32.49,49663.3,0,32281,1.187,8.25,-81.1,25.132,3.11,11.7
8/23/20,10:15:00,0,Biosphere 2,-0.03,49802.6,49648.5,93.9,108,6.43,254.6,32.49,49662.9,-0.01,32281,1.189,8.25,-81.3,25.147,3.11,11.7
8/23/20,10:30:00,0,Biosphere 2,-0.01,49792.6,49652.8,94.2,108.4,6.46,255,32.49,49665.9,0.01,32283,1.183,8.25,-81.4,25.134,3.11,11.7
8/23/20,10:45:00,0,Biosphere 2,-0.03,49791.5,49646.7,94.8,109,6.49,255.6,32.49,49660.2,0.01,32279,1.194,8.25,-81.5,25.138,3.11,11.7
8/23/20,11:00:00,0,Biosphere 2,-0.02,49789.4,49648.4,95.1,109.4,6.52,256.1,32.49,49661.6,0,32280,1.193,8.26,-81.6,25.135,3.11,11.7
8/23/20,11:15:00,0,Biosphere 2,-0.02,49782.7,49643.8,95.7,110.1,6.56,256.2,32.48,49656.8,0,32277,1.195,8.26,-81.7,25.133,3.11,11.7
8/23/20,11:30:00,0,Biosphere 2,-0.02,49783.5,49650.1,96.1,110.6,6.59,256.2,32.49,49662.6,0,32281,1.199,8.26,-81.8,25.128,3.11,11.7
8/23/20,11:45:00,0,Biosphere 2,-0.02,49788.3,49646,97,111.6,6.65,256.6,32.48,49659.3,-0.01,32279,1.188,8.26,-82,25.136,3.11,11.7
8/23/20,12:00:00,0,Biosphere 2,-0.02,49807.7,49647.2,98,112.8,6.72,256.8,32.49,49662.3,0,32280,1.182,8.27,-82.2,25.153,3.11,11.7
8/23/20,12:15:00,0,Biosphere 2,-0.02,49781.6,49653.3,97.6,112.3,6.69,256.7,32.49,49665.4,0,32282,1.191,8.27,-82.3,25.123,3.11,11.7
8/23/20,12:30:00,0,Biosphere 2,-0.03,49792.1,49654.8,98.5,113.4,6.75,257.3,32.49,49667.6,0,32284,1.19,8.27,-82.4,25.131,3.11,11.7
8/23/20,12:45:00,0,Biosphere 2,-0.03,49771.7,49645.4,98.6,113.4,6.76,257.2,32.48,49657.2,0,32277,1.192,8.27,-82.5,25.121,3.11,11.7
8/23/20,13:00:00,0,Biosphere 2,-0.03,49775.9,49654.1,98.8,113.7,6.78,257.6,32.49,49665.5,0,32283,1.193,8.27,-82.6,25.116,3.11,11.7
8/23/20,13:15:00,0,Biosphere 2,-0.03,49773.7,49650.1,99,114,6.79,257.8,32.49,49661.6,0.01,32280,1.19,8.28,-82.7,25.118,3.11,11.7
8/23/20,13:30:00,0,Biosphere 2,-0.03,49786.7,49653,99.6,114.6,6.83,257.3,32.49,49665.5,0.01,32283,1.192,8.28,-82.8,25.128,3.11,11.7
8/23/20,13:45:00,0,Biosphere 2,-0.01,49770.1,49651.5,99.6,114.7,6.83,257.4,32.49,49662.6,0,32281,1.182,8.28,-83,25.113,3.11,11.7
8/23/20,14:00:00,0,Biosphere 2,-0.03,49763.6,49652,99.5,114.6,6.83,258.2,32.49,49662.5,0.01,32281,1.183,8.28,-83,25.107,3.11,11.7
8/23/20,14:15:00,0,Biosphere 2,-0.02,49770.1,49654.4,99.9,114.9,6.85,258.4,32.49,49665.2,-0.01,32282,1.19,8.28,-83.1,25.111,3.11,11.7
8/23/20,14:30:00,0,Biosphere 2,-0.02,49761,49650.9,99.9,114.9,6.85,258.6,32.49,49661.2,0,32280,1.189,8.28,-83.2,25.105,3.11,11.7
8/23/20,14:45:00,0,Biosphere 2,-0.01,49766.9,49651.3,100,115.1,6.86,258.6,32.49,49662.1,0.01,32280,1.197,8.29,-83.3,25.11,3.11,11.7
8/23/20,15:00:00,0,Biosphere 2,-0.02,49761.3,49651.8,100,115.1,6.86,259,32.49,49662,0.01,32280,1.191,8.29,-83.3,25.105,3.11,11.7
8/23/20,15:15:00,0,Biosphere 2,-0.02,49766.1,49652.3,99.9,115,6.85,259.5,32.49,49663,-0.01,32281,1.187,8.29,-83.4,25.109,3.11,11.7
8/23/20,15:30:00,0,Biosphere 2,0,49766,49653.9,100.2,115.4,6.87,259.1,32.49,49664.4,0,32282,1.193,8.29,-83.5,25.107,3.11,11.7
8/23/20,15:45:00,0,Biosphere 2,-0.02,49760.9,49653.7,99.7,114.8,6.84,259.1,32.49,49663.7,0.01,32281,1.192,8.29,-83.5,25.102,3.11,11.7
8/23/20,16:00:00,0,Biosphere 2,-0.01,49762.7,49655.8,99.6,114.6,6.83,258.6,32.49,49665.8,0.01,32283,1.189,8.29,-83.5,25.102,3.11,11.7
8/23/20,16:15:00,0,Biosphere 2,-0.01,49758.3,49652.6,99.5,114.5,6.82,258.6,32.49,49662.5,0,32281,1.187,8.29,-83.5,25.101,3.11,11.7
8/23/20,16:30:00,0,Biosphere 2,-0.02,49760.7,49656.3,99.1,114.1,6.8,258.7,32.49,49666.1,0,32283,1.186,8.29,-83.6,25.1,3.11,11.7
8/23/20,16:45:00,0,Biosphere 2,0,49757.9,49652.7,98.8,113.7,6.78,258.7,32.49,49662.5,0,32281,1.191,8.29,-83.6,25.101,3.11,11.7
8/23/20,17:00:00,0,Biosphere 2,-0.01,49756.6,49654.1,98.5,113.4,6.76,259.3,32.49,49663.7,0,32281,1.187,8.29,-83.6,25.098,3.11,11.7
8/23/20,17:15:00,0,Biosphere 2,-0.01,49758,49652.6,98.3,113.1,6.74,259.6,32.49,49662.5,0.01,32281,1.181,8.29,-83.6,25.101,3.11,11.7
8/23/20,17:30:00,0,Biosphere 2,-0.02,49765.3,49657.7,98,112.7,6.72,259.6,32.49,49667.8,0.01,32284,1.2,8.29,-83.6,25.103,3.11,11.7
8/23/20,17:45:00,0,Biosphere 2,-0.01,49761.5,49654.2,97.7,112.4,6.7,259.5,32.49,49664.3,0.01,32282,1.192,8.29,-83.6,25.102,3.11,11.7
8/23/20,18:00:00,0,Biosphere 2,-0.01,49768.2,49656.4,97.5,112.2,6.68,259.8,32.49,49666.8,0,32283,1.188,8.29,-83.5,25.107,3.11,11.7
8/23/20,18:15:00,0,Biosphere 2,-0.02,49764,49653.6,97.1,111.7,6.66,259.7,32.49,49663.9,0,32282,1.188,8.29,-83.5,25.106,3.11,11.7
8/23/20,18:30:00,0,Biosphere 2,-0.02,49766.8,49656.1,96.8,111.4,6.64,259.4,32.49,49666.5,0,32283,1.19,8.29,-83.5,25.106,3.11,11.7
8/23/20,18:45:00,0,Biosphere 2,-0.03,49766,49654.2,96.5,111,6.62,259.1,32.49,49664.7,0,32282,1.19,8.29,-83.5,25.107,3.11,11.7
8/23/20,19:00:00,0,Biosphere 2,-0.02,49768.9,49657.2,96.1,110.6,6.59,259.1,32.49,49667.7,0,32284,1.189,8.29,-83.5,25.107,3.11,11.7
8/23/20,19:15:00,0,Biosphere 2,-0.03,49766,49654.4,95.8,110.2,6.57,258.6,32.49,49664.8,0,32282,1.183,8.29,-83.4,25.107,3.11,11.7
8/23/20,19:30:00,0,Biosphere 2,-0.03,49765.8,49654.1,95.4,109.8,6.55,258.3,32.49,49664.5,0.01,32282,1.191,8.29,-83.4,25.107,3.11,11.7
8/23/20,19:45:00,0,Biosphere 2,-0.02,49766.8,49654.1,95.1,109.5,6.52,258.4,32.49,49664.6,0.01,32282,1.201,8.29,-83.3,25.108,3.11,11.7
8/23/20,20:00:00,0,Biosphere 2,-0.03,49767.9,49654.7,94.7,109,6.5,258.5,32.49,49665.3,-0.01,32282,1.191,8.29,-83.3,25.108,3.11,11.7
8/23/20,20:15:00,0,Biosphere 2,-0.03,49770.3,49657.2,94.5,108.8,6.48,258.7,32.49,49667.8,-0.01,32284,1.184,8.28,-83.2,25.108,3.11,11.7
8/23/20,20:30:00,0,Biosphere 2,-0.03,49768.8,49658,94.2,108.4,6.46,258.4,32.49,49668.4,0,32284,1.183,8.28,-83.2,25.106,3.11,11.7
8/23/20,20:45:00,0,Biosphere 2,-0.03,49770.2,49658.1,93.9,108.1,6.44,257.8,32.49,49668.6,0.01,32285,1.2,8.28,-83.2,25.107,3.11,11.7
8/23/20,21:00:00,0,Biosphere 2,-0.04,49764.9,49655,93.6,107.7,6.42,257.9,32.49,49665.3,0,32282,1.193,8.28,-83.1,25.105,3.11,11.7
8/23/20,21:15:00,0,Biosphere 2,-0.03,49766,49654.7,93.2,107.3,6.39,258.6,32.49,49665.1,0,32282,1.193,8.28,-83,25.106,3.11,11.7
8/23/20,21:30:00,0,Biosphere 2,-0.03,49765.3,49655.2,93.1,107.2,6.39,258.7,32.49,49665.5,-0.01,32283,1.2,8.28,-83,25.105,3.11,11.7
8/23/20,21:45:00,0,Biosphere 2,-0.03,49767.8,49657,92.9,106.9,6.37,259,32.49,49667.4,-0.01,32284,1.197,8.28,-83,25.106,3.11,11.7
8/23/20,22:00:00,0,Biosphere 2,-0.03,49765.8,49654.9,92.5,106.5,6.35,259,32.49,49665.3,0,32282,1.19,8.28,-82.9,25.106,3.11,11.7
8/23/20,22:15:00,0,Biosphere 2,-0.03,49765.2,49655.2,92.4,106.3,6.34,258,32.49,49665.5,0,32283,1.19,8.28,-82.8,25.105,3.11,11.7
8/23/20,22:30:00,0,Biosphere 2,-0.02,49769.1,49658.3,92.2,106.1,6.32,257.6,32.49,49668.6,0,32285,1.186,8.28,-82.8,25.106,3.11,11.7
8/23/20,22:45:00,0,Biosphere 2,-0.03,49767.2,49656.8,91.9,105.8,6.31,257.8,32.49,49667.2,0,32284,1.192,8.28,-82.7,25.105,3.11,11.7
8/23/20,23:00:00,0,Biosphere 2,-0.03,49768.3,49657.4,91.8,105.6,6.29,257.5,32.49,49667.8,0.02,32284,1.2,8.28,-82.7,25.106,3.11,11.7
8/23/20,23:15:00,0,Biosphere 2,-0.04,49769,49658.6,91.6,105.5,6.28,257.4,32.49,49668.9,0.01,32285,1.182,8.27,-82.6,25.106,3.11,11.7
8/23/20,23:30:00,0,Biosphere 2,-0.02,49766,49655.3,91.4,105.2,6.27,257.5,32.49,49665.7,0.01,32283,1.192,8.27,-82.6,25.106,3.11,11.7
8/23/20,23:45:00,0,Biosphere 2,-0.03,49768.4,49658.3,91.2,104.9,6.25,257.3,32.49,49668.6,0.02,32285,1.191,8.27,-82.5,25.105,3.11,11.7
8/24/20,0:00:00,0,Biosphere 2,-0.03,49768.9,49658,91.1,104.8,6.24,257.3,32.49,49668.4,0,32284,1.192,8.27,-82.5,25.106,3.11,11.7
8/24/20,0:15:00,0,Biosphere 2,-0.03,49767.1,49656.1,90.9,104.6,6.24,257.6,32.49,49666.5,0,32283,1.191,8.27,-82.4,25.106,3.11,11.7
8/24/20,0:30:00,0,Biosphere 2,-0.03,49767.4,49655.9,90.7,104.3,6.22,254.9,32.49,49666.4,-0.01,32283,1.188,8.27,-82.3,25.107,3.11,11.7
8/24/20,0:45:00,0,Biosphere 2,-0.03,49770.1,49658,90.5,104.2,6.21,254.8,32.49,49668.5,0,32285,1.191,8.27,-82.3,25.107,3.11,11.7
8/24/20,1:00:00,0,Biosphere 2,-0.03,49767.4,49656.3,90.5,104.1,6.2,254.6,32.49,49666.7,0,32283,1.19,8.27,-82.2,25.106,3.11,11.7
8/24/20,1:15:00,0,Biosphere 2,-0.04,49767.5,49656,90.3,103.9,6.19,254.7,32.49,49666.4,0.01,32283,1.19,8.27,-82.2,25.107,3.11,11.7
8/24/20,1:30:00,0,Biosphere 2,-0.03,49767.9,49656.3,90.2,103.8,6.19,254.5,32.49,49666.7,0,32283,1.188,8.27,-82.1,25.107,3.11,11.7
8/24/20,1:45:00,0,Biosphere 2,-0.03,49767.7,49656.4,90,103.6,6.17,253.6,32.49,49666.8,0,32283,1.185,8.26,-82.1,25.106,3.11,11.7
8/24/20,2:00:00,0,Biosphere 2,-0.02,49770.9,49659,90,103.6,6.17,254.4,32.49,49669.5,0.01,32285,1.185,8.26,-82,25.107,3.11,11.7
8/24/20,2:15:00,0,Biosphere 2,-0.03,49768.3,49656.3,89.9,103.4,6.16,254.9,32.49,49666.8,0.01,32283,1.185,8.26,-82,25.107,3.11,11.7
8/24/20,2:30:00,0,Biosphere 2,-0.02,49771.9,49659.2,89.8,103.3,6.16,254.9,32.49,49669.8,0,32285,1.201,8.26,-81.9,25.108,3.11,11.7
8/24/20,2:45:00,0,Biosphere 2,-0.03,49769.5,49656.8,89.6,103.2,6.15,254.5,32.49,49667.4,0.02,32284,1.19,8.26,-81.8,25.108,3.11,11.7
8/24/20,3:00:00,0,Biosphere 2,-0.02,49773,49659.8,89.6,103.1,6.14,253.9,32.49,49670.4,-0.01,32286,1.191,8.26,-81.8,25.108,3.11,11.7
8/24/20,3:15:00,0,Biosphere 2,-0.02,49769.3,49656.7,89.5,102.9,6.13,253.2,32.49,49667.2,0.03,32284,1.199,8.26,-81.7,25.108,3.11,11.7
8/24/20,3:30:00,0,Biosphere 2,-0.02,49772,49659.1,89.4,102.9,6.13,252.8,32.49,49669.7,0.01,32285,1.193,8.26,-81.7,25.108,3.11,11.7
8/24/20,3:45:00,0,Biosphere 2,-0.02,49773.8,49660.7,89.3,102.7,6.12,253.3,32.49,49671.3,0.01,32286,1.193,8.26,-81.6,25.108,3.11,11.7
8/24/20,4:00:00,0,Biosphere 2,-0.02,49772,49659.5,89.2,102.6,6.12,253.8,32.49,49670,0.01,32285,1.193,8.26,-81.6,25.108,3.11,11.7
8/24/20,4:15:00,0,Biosphere 2,-0.03,49769,49657.4,89.1,102.6,6.11,253.4,32.49,49667.8,0,32284,1.191,8.25,-81.5,25.107,3.11,11.7
8/24/20,4:30:00,0,Biosphere 2,-0.02,49769,49657.7,89.1,102.5,6.11,253.5,32.49,49668.1,0,32284,1.19,8.25,-81.4,25.106,3.11,11.7
8/24/20,4:45:00,0,Biosphere 2,-0.02,49769,49657.8,88.7,102.1,6.09,252.8,32.49,49668.2,0.02,32284,1.189,8.25,-81.3,25.106,3.11,11.7
8/24/20,5:00:00,0,Biosphere 2,-0.02,49772.1,49660.8,88.8,102.2,6.09,252.7,32.49,49671.2,0.01,32286,1.181,8.25,-81.3,25.106,3.11,11.6
8/24/20,5:15:00,0,Biosphere 2,-0.02,49772.7,49661.4,88.5,101.9,6.07,253.1,32.49,49671.8,0.01,32287,1.191,8.25,-81.3,25.106,3.11,11.6
8/24/20,5:30:00,0,Biosphere 2,-0.02,49768.6,49658.1,88.7,102,6.08,253.7,32.49,49668.5,0.01,32285,1.191,8.25,-81.2,25.106,3.11,11.6
8/24/20,5:45:00,0,Biosphere 2,-0.01,49768.8,49658.5,88.7,102.1,6.08,253.9,32.49,49668.8,0.01,32285,1.192,8.25,-81.2,25.105,3.11,11.6
8/24/20,6:00:00,0,Biosphere 2,-0.01,49768,49658.3,88.6,102,6.08,254.4,32.49,49668.6,0.01,32285,1.198,8.25,-81.1,25.105,3.11,11.6
8/24/20,6:15:00,0,Biosphere 2,-0.01,49771.6,49661.5,88.6,102,6.08,254.5,32.49,49671.8,0,32287,1.182,8.25,-81.1,25.105,3.11,11.6
8/24/20,6:30:00,0,Biosphere 2,-0.01,49768.7,49658.8,88.6,101.9,6.07,254.4,32.49,49669.1,0.01,32285,1.192,8.25,-81,25.105,3.11,11.6
8/24/20,6:45:00,0,Biosphere 2,0.01,49769.3,49659.3,88.5,101.9,6.07,255,32.49,49669.5,0.01,32285,1.19,8.25,-81,25.105,3.11,11.6
8/24/20,7:00:00,0,Biosphere 2,0.01,49767.9,49659,88.5,101.9,6.07,255.4,32.49,49669.1,0.02,32285,1.192,8.25,-80.9,25.104,3.11,11.6
8/24/20,7:15:00,0,Biosphere 2,0.03,49769.3,49659.5,88.6,101.9,6.07,255.6,32.49,49669.8,0.02,32285,1.198,8.24,-80.9,25.105,3.11,11.6
8/24/20,7:30:00,0,Biosphere 2,0.03,49770.1,49658.7,88.6,102,6.08,254.7,32.49,49669.1,0.01,32285,1.181,8.24,-80.9,25.106,3.11,11.6
8/24/20,7:45:00,0,Biosphere 2,0.03,49776,49660.7,88.7,102,6.08,254.3,32.49,49671.5,0.01,32286,1.192,8.24,-80.8,25.11,3.11,11.6
8/24/20,8:00:00,0,Biosphere 2,0.03,49779.1,49661.2,89,102.4,6.1,252.8,32.49,49672.2,0.01,32287,1.189,8.24,-80.8,25.113,3.11,11.6
8/24/20,8:15:00,0,Biosphere 2,0.03,49778.8,49660.2,89.2,102.6,6.11,252.7,32.49,49671.3,0.01,32286,1.192,8.24,-80.8,25.113,3.11,11.6
8/24/20,8:30:00,0,Biosphere 2,0.03,49780.9,49659.3,89.4,102.9,6.13,251.5,32.49,49670.7,0.01,32286,1.2,8.24,-80.8,25.116,3.11,11.7
8/24/20,8:45:00,0,Biosphere 2,0.03,49787.6,49659.3,89.8,103.3,6.15,253.1,32.49,49671.3,0.02,32286,1.192,8.24,-80.9,25.123,3.11,11.7
8/24/20,9:00:00,0,Biosphere 2,0.03,49792.9,49659.7,90.1,103.7,6.17,254.5,32.49,49672.2,0.02,32287,1.2,8.24,-80.9,25.127,3.11,11.7
8/24/20,9:15:00,0,Biosphere 2,0.04,49800.4,49659.1,90.6,104.3,6.21,254.5,32.49,49672.3,0,32287,1.196,8.25,-81,25.135,3.11,11.7
8/24/20,9:30:00,0,Biosphere 2,0.03,49803,49663.2,91.1,104.8,6.24,254.6,32.5,49676.3,0.02,32290,1.189,8.25,-81,25.134,3.11,11.7
8/24/20,9:45:00,0,Biosphere 2,0.04,49796.7,49660.7,91.2,105,6.25,255,32.49,49673.5,0.02,32288,1.191,8.25,-81.1,25.13,3.11,11.7
8/24/20,10:00:00,0,Biosphere 2,0.04,49797.8,49661.7,91.5,105.4,6.28,255.5,32.5,49674.5,0.02,32288,1.189,8.25,-81.1,25.13,3.11,11.7
8/24/20,10:15:00,0,Biosphere 2,0.04,49799.5,49664.2,91.9,105.8,6.3,256.1,32.5,49676.8,0.03,32290,1.184,8.25,-81.1,25.129,3.11,11.7
8/24/20,10:30:00,0,Biosphere 2,0.03,49803.4,49661.4,92.4,106.4,6.34,256,32.5,49674.7,0.03,32289,1.192,8.25,-81.3,25.136,3.11,11.7
8/24/20,10:45:00,0,Biosphere 2,0.02,49800.3,49661.2,92.9,106.9,6.37,256.5,32.5,49674.2,0.01,32288,1.197,8.25,-81.3,25.133,3.11,11.7
8/24/20,11:00:00,0,Biosphere 2,0.04,49793.4,49662.2,93.2,107.3,6.39,256.8,32.5,49674.5,0.01,32288,1.195,8.25,-81.4,25.125,3.11,11.7
8/24/20,11:15:00,0,Biosphere 2,0.04,49794,49664.6,93.6,107.7,6.41,257,32.5,49676.7,0,32290,1.195,8.25,-81.5,25.124,3.11,11.7
8/24/20,11:30:00,0,Biosphere 2,0.05,49783,49662.7,93.8,107.9,6.43,256.7,32.5,49674,0.01,32288,1.195,8.26,-81.6,25.115,3.11,11.7
8/24/20,11:45:00,0,Biosphere 2,0.03,49785.7,49665.1,93.9,108.1,6.44,256,32.5,49676.4,0.01,32290,1.19,8.26,-81.6,25.115,3.11,11.7
8/24/20,12:00:00,0,Biosphere 2,0.04,49783.1,49664.6,94.2,108.4,6.46,256,32.5,49675.7,0.02,32289,1.188,8.26,-81.7,25.113,3.11,11.7
8/24/20,12:15:00,0,Biosphere 2,0.04,49782.7,49662.9,94.2,108.5,6.46,256.4,32.5,49674.1,0.03,32288,1.188,8.26,-81.7,25.114,3.11,11.7
8/24/20,12:30:00,0,Biosphere 2,0.06,49782.9,49662.6,94.4,108.7,6.47,256.7,32.5,49673.9,0.02,32288,1.185,8.26,-81.7,25.115,3.11,11.7
8/24/20,12:45:00,0,Biosphere 2,0.05,49784,49663,94.5,108.7,6.48,256.8,32.5,49674.3,0.02,32288,1.191,8.26,-81.7,25.116,3.11,11.7
8/24/20,13:00:00,0,Biosphere 2,0.04,49785,49666.1,94.4,108.7,6.47,256.8,32.5,49677.2,0.02,32290,1.195,8.26,-81.8,25.114,3.11,11.7
8/24/20,13:15:00,0,Biosphere 2,0.04,49789.3,49667,94.6,108.8,6.48,256.1,32.5,49678.5,0.02,32291,1.184,8.26,-81.8,25.117,3.11,11.7
8/24/20,13:30:00,0,Biosphere 2,0.05,49792.5,49666.1,94.6,108.9,6.49,255.3,32.5,49677.9,0.02,32291,1.192,8.26,-81.9,25.121,3.11,11.7
8/24/20,13:45:00,0,Biosphere 2,0.04,49800.3,49665.3,94.9,109.2,6.51,254.6,32.5,49678,0.03,32291,1.19,8.26,-81.9,25.129,3.11,11.7
8/24/20,14:00:00,0,Biosphere 2,0.05,49802.6,49665.6,95.1,109.4,6.52,253,32.5,49678.4,0.02,32291,1.192,8.26,-82,25.131,3.11,11.7
8/24/20,14:15:00,0,Biosphere 2,0.04,49802.5,49663.9,95.5,109.9,6.55,254.6,32.5,49676.9,0.02,32290,1.19,8.27,-82.1,25.132,3.11,11.7
8/24/20,14:30:00,0,Biosphere 2,0.04,49797.3,49664.3,95.7,110.2,6.56,254.3,32.5,49676.7,0.03,32290,1.185,8.27,-82.2,25.127,3.11,11.7
8/24/20,14:45:00,0,Biosphere 2,0.03,49799,49664.3,95.9,110.3,6.57,254.9,32.5,49676.9,0.01,32290,1.185,8.27,-82.2,25.129,3.11,11.7
8/24/20,15:00:00,0,Biosphere 2,0.05,49792.3,49663.6,96.1,110.6,6.59,254.5,32.5,49675.7,0.02,32289,1.184,8.27,-82.3,25.123,3.11,11.7
8/24/20,15:15:00,0,Biosphere 2,0.04,49794.9,49666.4,96.2,110.7,6.59,255.3,32.5,49678.5,0.02,32291,1.189,8.27,-82.3,25.123,3.11,11.7
8/24/20,15:30:00,0,Biosphere 2,0.03,49786.2,49663.4,96.3,110.8,6.6,255.5,32.5,49674.9,0.02,32289,1.193,8.27,-82.4,25.117,3.11,11.7
8/24/20,15:45:00,0,Biosphere 2,0.03,49778.9,49660,96.3,110.9,6.6,255.2,32.49,49671.1,0.02,32286,1.19,8.27,-82.5,25.114,3.11,11.7
8/24/20,16:00:00,0,Biosphere 2,0.04,49782.5,49664,96.3,110.8,6.6,255.5,32.5,49675.1,0.02,32289,1.192,8.27,-82.5,25.113,3.11,11.7
8/24/20,16:15:00,0,Biosphere 2,0.03,49785.8,49667.1,96.2,110.7,6.6,256,32.5,49678.2,0.02,32291,1.199,8.27,-82.5,25.113,3.11,11.7
8/24/20,16:30:00,0,Biosphere 2,0.03,49784.2,49666.3,96.2,110.7,6.59,256.3,32.5,49677.4,0.03,32290,1.188,8.27,-82.5,25.113,3.11,11.7
8/24/20,16:45:00,0,Biosphere 2,0.04,49785.4,49668.6,96,110.5,6.58,256.3,32.5,49679.6,0.02,32292,1.19,8.27,-82.5,25.112,3.11,11.7
8/24/20,17:00:00,0,Biosphere 2,0.03,49780.4,49666.8,95.9,110.3,6.57,255,32.5,49677.4,0.01,32290,1.2,8.27,-82.6,25.109,3.11,11.7
8/24/20,17:15:00,0,Biosphere 2,0.03,49784,49665.8,95.8,110.3,6.57,255.2,32.5,49676.8,0.01,32290,1.192,8.27,-82.6,25.113,3.11,11.7
8/24/20,17:30:00,0,Biosphere 2,0.03,49787,49667.7,95.6,110,6.55,255.3,32.5,49678.9,0.02,32291,1.194,8.27,-82.5,25.114,3.11,11.7
8/24/20,17:45:00,0,Biosphere 2,0.03,49782.7,49666.9,95.4,109.7,6.54,255.2,32.5,49677.8,0.02,32291,1.197,8.27,-82.5,25.111,3.11,11.7
8/24/20,18:00:00,0,Biosphere 2,0.02,49782.9,49667,95.1,109.5,6.52,255.3,32.5,49677.9,0.02,32291,1.198,8.27,-82.5,25.111,3.11,11.7
8/24/20,18:15:00,0,Biosphere 2,0.02,49786.3,49669.1,94.9,109.3,6.51,250.6,32.5,49680,0.01,32292,1.193,8.27,-82.5,25.112,3.11,11.7
8/24/20,18:30:00,0,Biosphere 2,0.02,49782.5,49666.9,94.7,109,6.49,253.1,32.5,49677.7,0.02,32291,1.192,8.27,-82.5,25.11,3.11,11.7
8/24/20,18:45:00,0,Biosphere 2,0.01,49783.3,49667.3,94.4,108.7,6.48,254.1,32.5,49678.1,0.01,32291,1.192,8.27,-82.4,25.111,3.11,11.7
8/24/20,19:00:00,0,Biosphere 2,0.01,49784.6,49667.7,94.2,108.4,6.46,254.9,32.5,49678.6,0.02,32291,1.188,8.27,-82.4,25.112,3.11,11.7
8/24/20,19:15:00,0,Biosphere 2,0.01,49786.5,49669.2,93.9,108.1,6.44,254.6,32.5,49680.2,0.02,32292,1.184,8.27,-82.4,25.112,3.11,11.7
8/24/20,19:30:00,0,Biosphere 2,0.01,49784.4,49667.7,93.7,107.8,6.42,255.2,32.5,49678.6,0.01,32291,1.188,8.27,-82.3,25.111,3.11,11.7
8/24/20,19:45:00,0,Biosphere 2,0,49786.9,49669.6,93.4,107.5,6.4,255.4,32.5,49680.6,0.01,32292,1.189,8.27,-82.3,25.112,3.11,11.7
8/24/20,20:00:00,0,Biosphere 2,0.01,49785.6,49667.7,93.2,107.2,6.39,255.9,32.5,49678.7,0.02,32291,1.182,8.27,-82.2,25.113,3.11,11.7
8/24/20,20:15:00,0,Biosphere 2,0,49785.7,49667.9,93,107,6.38,254,32.5,49678.9,0.02,32291,1.191,8.27,-82.2,25.113,3.11,11.7
8/24/20,20:30:00,0,Biosphere 2,0,49785.9,49668.2,92.8,106.8,6.36,254,32.5,49679.2,0.01,32291,1.195,8.27,-82.2,25.112,3.11,11.7
8/24/20,20:45:00,0,Biosphere 2,0,49786.1,49668.1,92.6,106.5,6.35,254.3,32.5,49679.1,0.02,32291,1.19,8.27,-82.1,25.113,3.11,11.7
8/24/20,21:00:00,0,Biosphere 2,0,49786.5,49668.3,92.4,106.3,6.33,254.7,32.5,49679.3,0.01,32292,1.192,8.26,-82.1,25.113,3.11,11.7
8/24/20,21:15:00,0,Biosphere 2,0,49786.9,49668.3,92.1,105.9,6.31,255.4,32.5,49679.4,0.01,32292,1.185,8.26,-82,25.113,3.11,11.7
8/24/20,21:30:00,0,Biosphere 2,0,49626.3,49506.8,91.9,105.7,6.3,255,32.39,49518,0.02,32187,1.192,8.26,-81.9,25.115,3.11,11.7
8/24/20,21:45:00,0,Biosphere 2,-0.01,49628.2,49508.3,91.7,105.6,6.29,254.6,32.39,49519.5,0.02,32188,1.201,8.26,-81.9,25.115,3.11,11.7
8/24/20,22:00:00,0,Biosphere 2,0,49523.6,49405.1,91.7,105.5,6.29,254.5,32.32,49416.2,0.01,32121,1.19,8.26,-81.9,25.114,3.11,11.7
8/24/20,22:15:00,0,Biosphere 2,-0.01,49588.1,49468.8,91.4,105.2,6.27,255.1,32.36,49480,0.01,32162,1.184,8.26,-81.8,25.114,3.11,11.7
8/24/20,22:30:00,0,Biosphere 2,0,49603.3,49483.4,91.3,105,6.26,253.2,32.37,49494.7,0,32172,1.192,8.26,-81.8,25.115,3.11,11.7
8/24/20,22:45:00,0,Biosphere 2,0,49387.6,49268.4,91,104.8,6.25,252.8,32.22,49279.6,0.01,32032,1.19,8.26,-81.7,25.115,3.11,11.7
8/24/20,23:00:00,0,Biosphere 2,0,49658.1,49539.5,90.9,104.6,6.23,252.6,32.41,49550.6,0.02,32208,1.186,8.26,-81.6,25.114,3.11,11.7
8/24/20,23:15:00,0,Biosphere 2,0,49639.9,49521.4,90.8,104.5,6.23,250.6,32.4,49532.5,0.01,32196,1.199,8.26,-81.6,25.114,3.11,11.7
8/24/20,23:30:00,0,Biosphere 2,0.01,49570.6,49452.1,90.7,104.3,6.22,251.2,32.35,49463.2,0.01,32151,1.2,8.26,-81.6,25.114,3.11,11.7
8/24/20,23:45:00,0,Biosphere 2,0,49521.5,49403.8,90.4,104,6.21,250.8,32.32,49414.8,0.01,32120,1.197,8.25,-81.5,25.113,3.11,11.7
8/25/20,0:00:00,0,Biosphere 2,0,49683.9,49566.7,90.2,103.8,6.18,250.7,32.43,49577.7,0.02,32225,1.193,8.25,-81.5,25.112,3.11,11.7
8/25/20,0:15:00,0,Biosphere 2,0,49738.2,49621.1,90.2,103.9,6.19,251.5,32.47,49632,0.02,32261,1.189,8.25,-81.4,25.112,3.11,11.7
8/25/20,0:30:00,0,Biosphere 2,-0.01,49784,49668.4,90,103.5,6.17,251.3,32.5,49679.2,0.01,32291,1.184,8.25,-81.3,25.11,3.11,11.7
8/25/20,0:45:00,0,Biosphere 2,0.01,49784.9,49668.8,89.9,103.5,6.17,252,32.5,49679.6,0.02,32292,1.184,8.25,-81.3,25.111,3.11,11.7
8/25/20,1:00:00,0,Biosphere 2,0,49689.9,49574.4,89.8,103.4,6.16,252.5,32.43,49585.2,0.01,32230,1.185,8.25,-81.2,25.111,3.11,11.7
8/25/20,1:15:00,0,Biosphere 2,0,49780.4,49666.9,89.8,103.4,6.16,252.9,32.5,49677.6,0.01,32290,1.195,8.25,-81.2,25.108,3.11,11.7
8/25/20,1:30:00,0,Biosphere 2,0.01,49785.4,49672.2,89.5,103,6.13,252.8,32.5,49682.8,0.01,32294,1.198,8.25,-81.1,25.108,3.11,11.7
8/25/20,1:45:00,0,Biosphere 2,0.01,49782.4,49670.1,89.5,103,6.13,251.7,32.5,49680.6,0.01,32292,1.196,8.25,-81.1,25.107,3.11,11.7
8/25/20,2:00:00,0,Biosphere 2,0.01,49781.7,49670.5,89.3,102.8,6.12,251.9,32.5,49681,0,32293,1.188,8.25,-81,25.106,3.11,11.7
8/25/20,2:15:00,0,Biosphere 2,0.01,49784.6,49673.1,89.4,102.9,6.13,252,32.5,49683.6,0.02,32294,1.192,8.25,-81,25.107,3.11,11.7
8/25/20,2:30:00,0,Biosphere 2,0,49784.4,49673.6,89.3,102.8,6.13,252.2,32.5,49683.9,0.01,32295,1.198,8.25,-80.9,25.106,3.11,11.7
8/25/20,2:45:00,0,Biosphere 2,0,49780.9,49671.5,89.3,102.8,6.12,252.8,32.5,49681.8,0.01,32293,1.19,8.24,-80.9,25.104,3.11,11.7
8/25/20,3:00:00,0,Biosphere 2,0.01,49779.9,49671.2,89.1,102.5,6.11,252.9,32.5,49681.4,0.02,32293,1.191,8.24,-80.8,25.104,3.11,11.7
8/25/20,3:15:00,0,Biosphere 2,0,49782.8,49674.5,89,102.5,6.11,252.9,32.5,49684.7,0.02,32295,1.199,8.24,-80.8,25.103,3.11,11.7
8/25/20,3:30:00,0,Biosphere 2,0.02,49780.8,49672.8,89.1,102.5,6.11,253.1,32.5,49682.9,0.02,32294,1.192,8.24,-80.7,25.103,3.11,11.7
8/25/20,3:45:00,0,Biosphere 2,0.01,49779.5,49672.1,88.9,102.4,6.1,252.9,32.5,49682.2,0.02,32293,1.195,8.24,-80.7,25.103,3.11,11.7
8/25/20,4:00:00,0,Biosphere 2,0.01,49779.1,49672.3,88.9,102.3,6.09,252.8,32.5,49682.3,0.02,32293,1.192,8.24,-80.6,25.102,3.11,11.7
8/25/20,4:15:00,0,Biosphere 2,0.01,49777.7,49671.6,88.8,102.2,6.09,252.8,32.5,49681.5,0.02,32293,1.195,8.24,-80.6,25.101,3.11,11.7
8/25/20,4:30:00,0,Biosphere 2,0.02,49777.6,49672,88.8,102.2,6.09,252,32.5,49681.9,0,32293,1.189,8.24,-80.5,25.101,3.11,11.7
8/25/20,4:45:00,0,Biosphere 2,0.02,49777.5,49672.5,88.7,102.1,6.08,251.5,32.5,49682.3,0.02,32294,1.187,8.24,-80.5,25.1,3.11,11.7
8/25/20,5:00:00,0,Biosphere 2,0.01,49779.6,49675,88.7,102.1,6.08,251.4,32.5,49684.8,0.01,32295,1.192,8.24,-80.4,25.1,3.11,11.7
8/25/20,5:15:00,0,Biosphere 2,0.02,49776,49672.3,88.7,102,6.08,251.5,32.5,49682,0.02,32293,1.19,8.24,-80.4,25.099,3.11,11.7
8/25/20,5:30:00,0,Biosphere 2,0.02,49775.4,49672.2,88.5,101.9,6.07,251.8,32.5,49681.8,0.03,32293,1.192,8.23,-80.3,25.099,3.11,11.7
8/25/20,5:45:00,0,Biosphere 2,0.02,49777.8,49676.1,88.5,101.9,6.07,252.3,32.5,49685.6,0.02,32296,1.197,8.23,-80.3,25.097,3.11,11.7
8/25/20,6:00:00,0,Biosphere 2,0.02,49774.1,49673.1,88.3,101.6,6.06,252.5,32.5,49682.6,0.02,32294,1.186,8.23,-80.2,25.096,3.11,11.7
8/25/20,6:15:00,0,Biosphere 2,0.02,49775.9,49675.7,88.4,101.7,6.06,252.7,32.5,49685.1,0.03,32295,1.198,8.23,-80.2,25.096,3.11,11.7
8/25/20,6:30:00,0,Biosphere 2,0.03,49776.9,49677,88.3,101.7,6.06,253.1,32.51,49686.3,0.01,32296,1.189,8.23,-80.1,25.095,3.11,11.7
8/25/20,6:45:00,0,Biosphere 2,0.03,49776.4,49677.3,88.4,101.8,6.07,253.4,32.51,49686.6,0.01,32296,1.192,8.23,-80.1,25.095,3.11,11.7
8/25/20,7:00:00,0,Biosphere 2,0.04,49773.5,49674.9,88.4,101.8,6.07,253.5,32.5,49684.1,0.02,32295,1.194,8.23,-80,25.094,3.11,11.7
8/25/20,7:15:00,0,Biosphere 2,0.06,49771.5,49673.6,88.4,101.8,6.07,254.7,32.5,49682.8,0.02,32294,1.183,8.23,-80,25.093,3.11,11.7
8/25/20,7:30:00,0,Biosphere 2,0.07,49774.4,49676.6,88.5,101.9,6.07,254.9,32.5,49685.7,0.03,32296,1.187,8.23,-80,25.093,3.11,11.7
8/25/20,7:45:00,0,Biosphere 2,0.08,49776.6,49677.6,88.6,101.9,6.08,254.4,32.51,49686.9,0.03,32296,1.191,8.23,-80,25.095,3.11,11.7
8/25/20,8:00:00,0,Biosphere 2,0.07,49775.3,49674.6,88.8,102.2,6.09,254.3,32.5,49684.1,0.03,32295,1.19,8.23,-79.9,25.096,3.11,11.7
8/25/20,8:15:00,0,Biosphere 2,0.09,49775.4,49674.8,89,102.4,6.1,252.3,32.5,49684.2,0.02,32295,1.183,8.23,-79.9,25.096,3.11,11.7
8/25/20,8:30:00,0,Biosphere 2,0.08,49781.4,49677.2,89.2,102.6,6.12,252.4,32.51,49687,0.04,32297,1.195,8.23,-79.9,25.099,3.11,11.7
8/25/20,8:45:00,0,Biosphere 2,0.07,49787,49677.5,89.5,103,6.14,253.4,32.51,49687.8,0.04,32297,1.194,8.23,-80,25.105,3.11,11.7
8/25/20,9:00:00,0,Biosphere 2,0.08,49794.5,49677.3,89.9,103.5,6.17,232.3,32.51,49688.3,0.03,32297,1.196,8.23,-80,25.112,3.11,11.7
8/25/20,9:15:00,0,Biosphere 2,0.06,49797.8,49675.9,90.2,103.8,6.18,245.1,32.51,49687.3,0.02,32297,1.198,8.23,-80.1,25.117,3.11,11.7
8/25/20,9:30:00,0,Biosphere 2,0.08,49804.1,49675.1,90.7,104.4,6.22,249.2,32.51,49687.2,0.02,32297,1.192,8.23,-80.1,25.123,3.11,11.7
8/25/20,9:45:00,0,Biosphere 2,0.06,49815.4,49675.9,91.3,105.1,6.26,251.3,32.51,49689,0.03,32298,1.196,8.23,-80.2,25.133,3.11,11.7
8/25/20,10:00:00,0,Biosphere 2,0.07,49816.2,49675.8,91.7,105.5,6.28,252.5,32.51,49689,0.02,32298,1.198,8.23,-80.3,25.134,3.11,11.7
8/25/20,10:15:00,0,Biosphere 2,0.06,49819.5,49674,92.4,106.4,6.33,253.9,32.51,49687.6,0.02,32297,1.195,8.24,-80.4,25.139,3.11,11.7
8/25/20,10:30:00,0,Biosphere 2,0.06,49828.3,49674.4,93.3,107.3,6.39,254,32.51,49688.8,0.03,32298,1.199,8.24,-80.6,25.147,3.11,11.7
8/25/20,10:45:00,0,Biosphere 2,0.06,49824.2,49673.9,93.8,107.9,6.42,254.8,32.51,49688,0.03,32297,1.191,8.24,-80.7,25.144,3.11,11.7
8/25/20,11:00:00,0,Biosphere 2,0.06,49806,49673.8,94,108.2,6.44,255.2,32.5,49686.2,0.02,32296,1.186,8.24,-80.8,25.126,3.11,11.7
8/25/20,11:15:00,0,Biosphere 2,0.06,49806.2,49675.1,94.4,108.6,6.47,256,32.51,49687.4,0.02,32297,1.2,8.24,-80.9,25.125,3.11,11.7
8/25/20,11:30:00,0,Biosphere 2,0.05,49802.8,49676.3,94.8,109.1,6.5,256.1,32.51,49688.1,0.03,32297,1.196,8.25,-81,25.121,3.11,11.7
8/25/20,11:45:00,0,Biosphere 2,0.06,49802.4,49676.3,95.4,109.8,6.54,255.5,32.51,49688.1,0.01,32297,1.19,8.25,-81.1,25.12,3.11,11.7
8/25/20,12:00:00,0,Biosphere 2,0.06,49805.6,49676.1,95.6,110,6.55,255.9,32.51,49688.3,0.02,32297,1.193,8.25,-81.2,25.124,3.11,11.7
8/25/20,12:15:00,0,Biosphere 2,0.08,49803.5,49675.8,95.7,110.2,6.56,255.9,32.51,49687.7,0.02,32297,1.192,8.25,-81.2,25.122,3.11,11.7
8/25/20,12:30:00,0,Biosphere 2,0.07,49800.2,49677.6,95.7,110.1,6.56,256.5,32.51,49689.1,0.02,32298,1.187,8.25,-81.3,25.117,3.11,11.7
8/25/20,12:45:00,0,Biosphere 2,0.08,49802.7,49678.9,95.7,110.1,6.56,256.7,32.51,49690.5,0.03,32299,1.197,8.25,-81.3,25.118,3.11,11.7
8/25/20,13:00:00,0,Biosphere 2,0.06,49808.8,49675.3,96.1,110.6,6.59,256.5,32.51,49687.8,0.04,32297,1.191,8.25,-81.4,25.127,3.11,11.7
8/25/20,13:15:00,0,Biosphere 2,0.07,49812.1,49674.4,96.4,111,6.61,256.2,32.51,49687.3,0.02,32297,1.185,8.26,-81.5,25.131,3.11,11.7
8/25/20,13:30:00,0,Biosphere 2,0.06,49812.1,49677.5,96.8,111.4,6.63,252.7,32.51,49690.1,0.03,32299,1.183,8.26,-81.6,25.129,3.11,11.7
8/25/20,13:45:00,0,Biosphere 2,0.08,49811.4,49679.8,97,111.7,6.65,253.9,32.51,49692.1,0.03,32300,1.191,8.26,-81.7,25.126,3.11,11.7
8/25/20,14:00:00,0,Biosphere 2,0.06,49802.2,49677.2,96.9,111.5,6.64,255.2,32.51,49688.9,0.02,32298,1.2,8.26,-81.8,25.119,3.11,11.7
8/25/20,14:15:00,0,Biosphere 2,0.08,49802.1,49676.4,97,111.6,6.65,255.9,32.51,49688.1,0.02,32297,1.189,8.26,-81.8,25.12,3.11,11.7
8/25/20,14:30:00,0,Biosphere 2,0.07,49803.2,49677.5,96.9,111.6,6.65,256.2,32.51,49689.2,0.02,32298,1.189,8.26,-81.9,25.12,3.11,11.7
8/25/20,14:45:00,0,Biosphere 2,0.06,49806.4,49677.7,97.2,111.8,6.66,256.5,32.51,49689.7,0.02,32298,1.195,8.26,-82,25.123,3.11,11.7
8/25/20,15:00:00,0,Biosphere 2,0.06,49806.5,49680.7,97.2,111.9,6.67,256.7,32.51,49692.5,0.01,32300,1.197,8.26,-82,25.12,3.11,11.7
8/25/20,15:15:00,0,Biosphere 2,0.07,49811.6,49677.9,97.6,112.3,6.69,257,32.51,49690.4,0.02,32299,1.191,8.27,-82.1,25.128,3.11,11.7
8/25/20,15:30:00,0,Biosphere 2,0.06,49808,49678.4,97.5,112.3,6.69,257.8,32.51,49690.5,0.02,32299,1.191,8.27,-82.2,25.124,3.11,11.7
8/25/20,15:45:00,0,Biosphere 2,0.07,49811,49680.4,97.7,112.4,6.7,258.6,32.51,49692.6,0.02,32300,1.198,8.27,-82.2,25.125,3.11,11.7
8/25/20,16:00:00,0,Biosphere 2,0.06,49808.4,49680.2,97.5,112.2,6.69,259.1,32.51,49692.2,0,32300,1.184,8.27,-82.3,25.122,3.11,11.7
8/25/20,16:15:00,0,Biosphere 2,0.07,49804.2,49682.3,97.3,112,6.67,259.3,32.51,49693.7,0.02,32301,1.186,8.27,-82.3,25.116,3.11,11.7
8/25/20,16:30:00,0,Biosphere 2,0.06,49803,49681.3,97.2,111.9,6.66,258.9,32.51,49692.7,0.01,32300,1.193,8.27,-82.3,25.116,3.11,11.7
8/25/20,16:45:00,0,Biosphere 2,0.06,49802,49682,97.1,111.7,6.65,258.7,32.51,49693.2,0.02,32301,1.19,8.27,-82.3,25.115,3.11,11.7
8/25/20,17:00:00,0,Biosphere 2,0.1,49796.9,49680.9,96.8,111.4,6.63,257.8,32.51,49691.8,0.02,32300,1.192,8.27,-82.3,25.111,3.11,11.7
8/25/20,17:15:00,0,Biosphere 2,0.06,49802.3,49684.2,96.6,111.1,6.62,258.3,32.51,49695.3,0.02,32302,1.2,8.27,-82.3,25.113,3.11,11.7
8/25/20,17:30:00,0,Biosphere 2,0.06,49801.5,49682.2,96.3,110.8,6.6,256.2,32.51,49693.4,0.01,32301,1.183,8.27,-82.3,25.114,3.11,11.7
8/25/20,17:45:00,0,Biosphere 2,0.05,49801.5,49680.7,96.1,110.6,6.59,254.8,32.51,49692,0.02,32300,1.192,8.27,-82.3,25.115,3.11,11.7
8/25/20,18:00:00,0,Biosphere 2,0.05,49800.7,49679.6,95.9,110.3,6.57,256,32.51,49690.9,0.02,32299,1.19,8.27,-82.3,25.116,3.11,11.7
8/25/20,18:15:00,0,Biosphere 2,0.05,49799.8,49680.5,95.6,110.1,6.56,257.3,32.51,49691.7,0.01,32300,1.193,8.27,-82.3,25.114,3.11,11.7
8/25/20,18:30:00,0,Biosphere 2,0.04,49798.5,49679.9,95.3,109.6,6.53,258.4,32.51,49691,0.01,32299,1.2,8.27,-82.3,25.113,3.11,11.7
8/25/20,18:45:00,0,Biosphere 2,0.04,49805.3,49683.8,95,109.3,6.51,254,32.51,49695.2,0.01,32302,1.19,8.27,-82.2,25.116,3.11,11.7
8/25/20,19:00:00,0,Biosphere 2,0.03,49803.6,49683.1,94.8,109.1,6.5,255.3,32.51,49694.4,0.02,32301,1.188,8.27,-82.2,25.115,3.11,11.7
8/25/20,19:15:00,0,Biosphere 2,0.03,49801.8,49681.2,94.5,108.7,6.48,256,32.51,49692.5,0.02,32300,1.191,8.27,-82.2,25.115,3.11,11.7
8/25/20,19:30:00,0,Biosphere 2,0.03,49804.3,49683.6,94.2,108.4,6.46,243.3,32.51,49694.9,0.02,32302,1.191,8.27,-82.1,25.115,3.11,11.7
8/25/20,19:45:00,0,Biosphere 2,0.03,49801.6,49680.8,94,108.1,6.44,250.3,32.51,49692.1,0.01,32300,1.189,8.27,-82.1,25.115,3.11,11.7
8/25/20,20:00:00,0,Biosphere 2,0.02,49805.6,49684.3,93.7,107.8,6.42,253.1,32.51,49695.7,0.01,32302,1.182,8.26,-82,25.116,3.11,11.7
8/25/20,20:15:00,0,Biosphere 2,0.02,49801,49681.5,93.4,107.5,6.4,254.5,32.51,49692.7,0.01,32300,1.181,8.26,-82,25.114,3.11,11.7
8/25/20,20:30:00,0,Biosphere 2,0.02,49803.7,49683.5,93.2,107.3,6.39,255.6,32.51,49694.8,0.01,32302,1.183,8.26,-82,25.115,3.11,11.7
8/25/20,20:45:00,0,Biosphere 2,0.02,49805.1,49684.5,92.9,106.9,6.37,256.1,32.51,49695.8,0.02,32302,1.192,8.26,-81.9,25.115,3.11,11.7
8/25/20,21:00:00,0,Biosphere 2,0.02,49805.4,49683.7,92.7,106.7,6.36,256.7,32.51,49695.1,0.02,32302,1.201,8.26,-81.9,25.116,3.11,11.7
8/25/20,21:15:00,0,Biosphere 2,0.02,49806.3,49685.3,92.5,106.4,6.34,256.5,32.51,49696.7,0,32303,1.189,8.26,-81.8,25.116,3.11,11.7
8/25/20,21:30:00,0,Biosphere 2,0.02,49802.9,49682.2,92.3,106.2,6.33,256.5,32.51,49693.5,0.01,32301,1.183,8.26,-81.8,25.115,3.11,11.7
8/25/20,21:45:00,0,Biosphere 2,0.02,49803.2,49681.9,92,105.9,6.31,257.1,32.51,49693.3,0.01,32301,1.184,8.26,-81.7,25.116,3.11,11.7
8/25/20,22:00:00,0,Biosphere 2,0.02,49805.7,49684.1,91.9,105.7,6.3,256.3,32.51,49695.5,0.01,32302,1.2,8.26,-81.7,25.116,3.11,11.7
8/25/20,22:15:00,0,Biosphere 2,0.02,49804.2,49682.1,91.6,105.4,6.28,257.3,32.51,49693.6,0.01,32301,1.197,8.26,-81.6,25.117,3.11,11.7
8/25/20,22:30:00,0,Biosphere 2,0.02,49806.4,49685.6,91.5,105.4,6.28,258.3,32.51,49696.9,0.01,32303,1.193,8.26,-81.6,25.115,3.11,11.7
8/25/20,22:45:00,0,Biosphere 2,0.03,49802.1,49682.1,91.4,105.1,6.26,258.6,32.51,49693.3,0.01,32301,1.183,8.25,-81.5,25.115,3.11,11.7
8/25/20,23:00:00,0,Biosphere 2,0.02,49805.9,49685.8,91,104.8,6.24,255.3,32.51,49697,0.01,32303,1.189,8.25,-81.4,25.115,3.11,11.7
8/25/20,23:15:00,0,Biosphere 2,0.03,49802.3,49683.2,91,104.7,6.24,255.3,32.51,49694.4,0.01,32301,1.198,8.25,-81.4,25.114,3.11,11.7
8/25/20,23:30:00,0,Biosphere 2,0.02,49805.7,49686,90.8,104.5,6.23,255.2,32.51,49697.2,0.02,32303,1.191,8.25,-81.3,25.114,3.11,11.7
8/25/20,23:45:00,0,Biosphere 2,0.02,49804.7,49685.5,90.7,104.4,6.22,255.4,32.51,49696.6,0.01,32303,1.186,8.25,-81.3,25.114,3.11,11.7
8/26/20,0:00:00,0,Biosphere 2,0.02,49805.7,49686,90.3,103.9,6.19,255.6,32.51,49697.2,0.01,32303,1.192,8.25,-81.2,25.114,3.11,11.7
8/26/20,0:15:00,0,Biosphere 2,0.02,49803.5,49685.2,90.4,104,6.19,255.6,32.51,49696.3,0.02,32303,1.196,8.25,-81.1,25.113,3.11,11.7
8/26/20,0:30:00,0,Biosphere 2,0.03,49801.5,49683.3,90.3,103.9,6.19,255.8,32.51,49694.4,0.02,32301,1.184,8.25,-81.1,25.113,3.11,11.7
8/26/20,0:45:00,0,Biosphere 2,0.03,49801.4,49683.5,90.1,103.7,6.18,255.9,32.51,49694.5,0.02,32301,1.192,8.25,-81.1,25.113,3.11,11.7
8/26/20,1:00:00,0,Biosphere 2,0.03,49801.4,49683.4,89.9,103.5,6.16,255.9,32.51,49694.5,0.02,32301,1.193,8.25,-81,25.113,3.11,11.7
8/26/20,1:15:00,0,Biosphere 2,0.02,49800.7,49683,89.6,103.1,6.14,255.2,32.51,49694,0.03,32301,1.189,8.24,-80.9,25.112,3.11,11.7
8/26/20,1:30:00,0,Biosphere 2,0.02,49800.9,49683.6,89.7,103.2,6.15,255.4,32.51,49694.6,0.02,32301,1.185,8.24,-80.9,25.112,3.11,11.7
8/26/20,1:45:00,0,Biosphere 2,0.04,49801.4,49684.4,89.6,103.1,6.14,255.6,32.51,49695.3,0.03,32302,1.199,8.24,-80.8,25.112,3.11,11.7
8/26/20,2:00:00,0,Biosphere 2,0.02,49801.5,49684.5,89.5,103,6.14,255.7,32.51,49695.5,0.03,32302,1.198,8.24,-80.8,25.112,3.11,11.7
8/26/20,2:15:00,0,Biosphere 2,0.03,49799.5,49683.6,89.4,102.9,6.13,256,32.51,49694.5,0.01,32301,1.193,8.24,-80.8,25.111,3.11,11.7
8/26/20,2:30:00,0,Biosphere 2,0.04,49801.8,49685.9,89.2,102.6,6.11,256.1,32.51,49696.7,0.01,32303,1.19,8.24,-80.7,25.111,3.11,11.7
8/26/20,2:45:00,0,Biosphere 2,0.03,49803.4,49688,89.2,102.6,6.11,255.9,32.51,49698.8,0.01,32304,1.192,8.24,-80.6,25.11,3.11,11.7
8/26/20,3:00:00,0,Biosphere 2,0.04,49799.2,49685.4,89.2,102.7,6.12,256.2,32.51,49696.1,0.01,32302,1.191,8.24,-80.6,25.109,3.11,11.7
8/26/20,3:15:00,0,Biosphere 2,0.03,49799.9,49687.1,89,102.4,6.1,256.4,32.51,49697.7,0.01,32304,1.194,8.24,-80.5,25.108,3.11,11.7
8/26/20,3:30:00,0,Biosphere 2,0.04,49797.2,49685.7,89,102.4,6.1,256.3,32.51,49696.1,0.01,32302,1.192,8.24,-80.5,25.107,3.11,11.7
8/26/20,3:45:00,0,Biosphere 2,0.03,49795.6,49685.9,88.9,102.3,6.1,256.1,32.51,49696.1,0.03,32302,1.19,8.24,-80.4,25.105,3.11,11.7
8/26/20,4:00:00,0,Biosphere 2,0.05,49798.3,49688.7,88.9,102.3,6.1,255.2,32.51,49699,0.02,32304,1.19,8.24,-80.3,25.105,3.11,11.7
8/26/20,4:15:00,0,Biosphere 2,0.03,49795.3,49687.9,88.5,101.9,6.07,254.6,32.51,49697.9,0.02,32304,1.2,8.23,-80.3,25.103,3.11,11.7
8/26/20,4:30:00,0,Biosphere 2,0.04,49796.1,49689.2,88.6,102,6.08,254.6,32.51,49699.2,0.02,32304,1.187,8.23,-80.2,25.102,3.11,11.7
8/26/20,4:45:00,0,Biosphere 2,0.05,49791.5,49686.4,88.7,102.1,6.08,254.9,32.51,49696.2,0.03,32303,1.192,8.23,-80.2,25.1,3.11,11.7
8/26/20,5:00:00,0,Biosphere 2,0.04,49790,49687.2,88.6,101.9,6.07,255.2,32.51,49696.8,0.03,32303,1.189,8.23,-80.1,25.098,3.11,11.7
8/26/20,5:15:00,0,Biosphere 2,0.05,49789.8,49687.4,88.5,101.9,6.07,255.3,32.51,49697,0.02,32303,1.192,8.23,-80.1,25.098,3.11,11.7
8/26/20,5:30:00,0,Biosphere 2,0.04,49791.9,49690.7,88.5,101.9,6.07,255.7,32.52,49700.2,0.02,32305,1.2,8.23,-80.1,25.097,3.11,11.7
8/26/20,5:45:00,0,Biosphere 2,0.04,49786.5,49687.8,88.3,101.6,6.05,255.7,32.51,49697,0.01,32303,1.188,8.23,-80,25.094,3.11,11.7
8/26/20,6:00:00,0,Biosphere 2,0.05,49786.2,49688.2,88.4,101.7,6.06,256.1,32.51,49697.4,0.01,32303,1.184,8.23,-80,25.094,3.11,11.7
8/26/20,6:15:00,0,Biosphere 2,0.06,49787.2,49690.9,88.2,101.5,6.05,252,32.52,49699.9,0.02,32305,1.192,8.23,-79.9,25.092,3.11,11.7
8/26/20,6:30:00,0,Biosphere 2,0.06,49785.6,49690.4,88.3,101.6,6.05,252.3,32.51,49699.3,0.02,32305,1.19,8.23,-79.8,25.091,3.11,11.7
8/26/20,6:45:00,0,Biosphere 2,0.06,49782.2,49688.8,88.1,101.3,6.04,253.2,32.51,49697.6,0.02,32303,1.19,8.23,-79.8,25.089,3.11,11.7
8/26/20,7:00:00,0,Biosphere 2,0.08,49782.1,49689.1,88.3,101.6,6.05,253.4,32.51,49697.8,0.02,32304,1.199,8.23,-79.8,25.089,3.11,11.7
8/26/20,7:15:00,0,Biosphere 2,0.08,49782.6,49689.5,88.4,101.7,6.06,254.1,32.51,49698.2,0.01,32304,1.191,8.22,-79.7,25.089,3.11,11.7
8/26/20,7:30:00,0,Biosphere 2,0.1,49785.8,49691.5,88.5,101.8,6.07,255.1,32.52,49700.4,0.02,32305,1.186,8.22,-79.7,25.09,3.11,11.7
8/26/20,7:45:00,0,Biosphere 2,0.11,49784.2,49688.4,88.6,102,6.08,255.3,32.51,49697.4,0.03,32303,1.19,8.22,-79.7,25.091,3.11,11.7
8/26/20,8:00:00,0,Biosphere 2,0.1,49786.7,49688.5,88.8,102.1,6.09,255.1,32.51,49697.7,0.03,32303,1.198,8.22,-79.7,25.094,3.11,11.7
8/26/20,8:15:00,0,Biosphere 2,0.14,49793.3,49691.2,89,102.5,6.11,255.4,32.52,49700.7,0.03,32305,1.19,8.22,-79.7,25.098,3.11,11.7
8/26/20,8:30:00,0,Biosphere 2,0.12,49795.8,49688.6,89.3,102.8,6.12,255.6,32.51,49698.7,0.03,32304,1.188,8.22,-79.7,25.102,3.11,11.7
8/26/20,8:45:00,0,Biosphere 2,0.12,49805.1,49691.6,89.7,103.3,6.15,256.1,32.52,49702.2,0.04,32306,1.184,8.23,-79.8,25.108,3.11,11.7
8/26/20,9:00:00,0,Biosphere 2,0.11,49805.6,49688.3,90,103.5,6.17,256.8,32.51,49699.3,0.03,32305,1.2,8.23,-79.8,25.112,3.11,11.7
8/26/20,9:15:00,0,Biosphere 2,0.1,49813.6,49688.2,90.4,104,6.2,257.4,32.51,49699.9,0.02,32305,1.197,8.23,-79.8,25.12,3.11,11.7
8/26/20,9:30:00,0,Biosphere 2,0.11,49828.1,49691.3,91.1,104.8,6.24,257.8,32.52,49704.1,0.03,32308,1.192,8.23,-80,25.131,3.11,11.7
8/26/20,9:45:00,0,Biosphere 2,0.1,49824.2,49689.1,91.4,105.2,6.26,258.4,32.52,49701.8,0.02,32306,1.2,8.23,-80,25.129,3.11,11.7
8/26/20,10:00:00,0,Biosphere 2,0.1,49820.2,49690.3,91.7,105.5,6.28,259,32.52,49702.4,0.03,32307,1.192,8.23,-80.1,25.124,3.11,11.7
8/26/20,10:15:00,0,Biosphere 2,0.11,49818.3,49689.3,91.9,105.8,6.3,258,32.52,49701.4,0.01,32306,1.185,8.23,-80.1,25.123,3.11,11.7
8/26/20,10:30:00,0,Biosphere 2,0.11,49825.5,49689.3,92.3,106.2,6.33,258.4,32.52,49702.1,0.02,32306,1.192,8.23,-80.2,25.13,3.11,11.7
8/26/20,10:45:00,0,Biosphere 2,0.1,49833,49690.5,92.8,106.8,6.36,258.2,32.52,49703.8,0.02,32307,1.19,8.23,-80.3,25.136,3.11,11.7
8/26/20,11:00:00,0,Biosphere 2,0.1,49831.6,49691.5,93.3,107.4,6.4,258.2,32.52,49704.6,0.03,32308,1.192,8.24,-80.4,25.134,3.11,11.7
8/26/20,11:15:00,0,Biosphere 2,0.11,49828.2,49691.4,93.5,107.7,6.41,257.2,32.52,49704.2,0.03,32308,1.201,8.24,-80.5,25.131,3.11,11.7
8/26/20,11:30:00,0,Biosphere 2,0.1,49828.2,49692.2,93.8,107.9,6.43,258.1,32.52,49704.9,0.02,32308,1.192,8.24,-80.6,25.13,3.11,11.7
8/26/20,11:45:00,0,Biosphere 2,0.11,49824,49689.9,94.1,108.3,6.45,258.6,32.52,49702.4,0.01,32307,1.197,8.24,-80.6,25.128,3.11,11.7
8/26/20,12:00:00,0,Biosphere 2,0.11,49826.4,49689.1,94.4,108.6,6.47,259.5,32.52,49701.9,0.01,32306,1.188,8.24,-80.7,25.131,3.11,11.7
8/26/20,12:15:00,0,Biosphere 2,0.13,49831.3,49693.3,94.5,108.8,6.48,260.1,32.52,49706.2,0.02,32309,1.19,8.24,-80.7,25.132,3.11,11.7
8/26/20,12:30:00,0,Biosphere 2,0.1,49829.7,49693,94.8,109.1,6.5,260.3,32.52,49705.8,0.03,32309,1.196,8.24,-80.8,25.13,3.11,11.7
8/26/20,12:45:00,0,Biosphere 2,0.12,49835.1,49694.2,95.2,109.6,6.52,260.7,32.52,49707.4,0.03,32310,1.191,8.25,-80.9,25.134,3.11,11.7
8/26/20,13:00:00,0,Biosphere 2,0.11,49834.5,49695.1,95.3,109.7,6.53,258.4,32.52,49708.1,0.03,32310,1.195,8.25,-81,25.133,3.11,11.7
8/26/20,13:15:00,0,Biosphere 2,0.11,49827.2,49694.3,95.5,109.9,6.55,258.8,32.52,49706.7,0.03,32309,1.193,8.25,-81.1,25.127,3.11,11.7
8/26/20,13:30:00,0,Biosphere 2,0.12,49828.4,49693,95.7,110.1,6.56,259,32.52,49705.7,0.02,32309,1.19,8.25,-81.1,25.129,3.11,11.7
8/26/20,13:45:00,0,Biosphere 2,0.11,49829,49692,95.9,110.4,6.57,259.3,32.52,49704.8,0.03,32308,1.19,8.25,-81.2,25.131,3.11,11.7
8/26/20,14:00:00,0,Biosphere 2,0.12,49824.6,49695.2,96,110.4,6.58,259,32.52,49707.3,0.03,32310,1.198,8.25,-81.3,25.123,3.11,11.7
8/26/20,14:15:00,0,Biosphere 2,0.12,49824,49694,96,110.5,6.58,259.3,32.52,49706.1,0.02,32309,1.195,8.25,-81.3,25.124,3.11,11.7
8/26/20,14:30:00,0,Biosphere 2,0.11,49820.3,49693.4,96,110.5,6.58,259.3,32.52,49705.3,0.02,32308,1.185,8.25,-81.4,25.121,3.11,11.7
8/26/20,14:45:00,0,Biosphere 2,0.1,49824.3,49693.7,95.9,110.4,6.58,259.4,32.52,49705.9,0.01,32309,1.185,8.25,-81.4,25.125,3.11,11.7
8/26/20,15:00:00,0,Biosphere 2,0.12,49829,49693.6,96.1,110.5,6.58,259.8,32.52,49706.3,0.01,32309,1.197,8.25,-81.5,25.129,3.11,11.7
8/26/20,15:15:00,0,Biosphere 2,0.1,49830.1,49694.2,96,110.5,6.58,259.6,32.52,49707,0.03,32310,1.194,8.25,-81.5,25.13,3.11,11.7
8/26/20,15:30:00,0,Biosphere 2,0.1,49835.1,49695.9,96.3,110.8,6.6,259.6,32.52,49708.9,0.03,32311,1.194,8.26,-81.6,25.133,3.11,11.7
8/26/20,15:45:00,0,Biosphere 2,0.1,49831.2,49696.7,96.1,110.6,6.59,260.1,32.52,49709.3,0.01,32311,1.198,8.26,-81.6,25.128,3.11,11.7
8/26/20,16:00:00,0,Biosphere 2,0.11,49828.7,49695.1,96.1,110.5,6.58,260.6,32.52,49707.6,0.01,32310,1.193,8.26,-81.6,25.128,3.11,11.7
8/26/20,16:15:00,0,Biosphere 2,0.1,49829.9,49698.4,96,110.5,6.58,258.9,32.52,49710.7,0.01,32312,1.192,8.26,-81.6,25.126,3.11,11.7
8/26/20,16:30:00,0,Biosphere 2,0.11,49830.4,49698.5,96,110.4,6.58,259.8,32.52,49710.9,0.03,32312,1.193,8.26,-81.7,25.126,3.11,11.7
8/26/20,16:45:00,0,Biosphere 2,0.1,49826.3,49697.5,95.9,110.4,6.57,253.4,32.52,49709.5,0.01,32311,1.19,8.26,-81.7,25.123,3.11,11.7
8/26/20,17:00:00,0,Biosphere 2,0.1,49828.7,49698.7,95.7,110.1,6.56,254.9,32.52,49710.8,0.03,32312,1.192,8.26,-81.7,25.124,3.11,11.7
8/26/20,17:15:00,0,Biosphere 2,0.09,49825.5,49696,95.5,109.9,6.55,256.5,32.52,49708.1,0.01,32310,1.19,8.26,-81.7,25.124,3.11,11.7
8/26/20,17:30:00,0,Biosphere 2,0.09,49829.8,49698.9,95.3,109.7,6.53,257.8,32.52,49711.2,0.01,32312,1.191,8.26,-81.7,25.125,3.11,11.7
8/26/20,17:45:00,0,Biosphere 2,0.09,49827.6,49696.9,95.2,109.5,6.52,258.7,32.52,49709.2,0.02,32311,1.189,8.26,-81.7,25.125,3.11,11.7
8/26/20,18:00:00,0,Biosphere 2,0.08,49825.2,49696.3,95,109.3,6.51,258.6,32.52,49708.4,0.02,32310,1.191,8.26,-81.7,25.123,3.11,11.7
8/26/20,18:15:00,0,Biosphere 2,0.07,49826.8,49697.8,94.7,109,6.49,259.2,32.52,49709.9,0.02,32311,1.19,8.26,-81.7,25.123,3.11,11.7
8/26/20,18:30:00,0,Biosphere 2,0.08,49824.1,49697.4,94.6,108.8,6.48,260.1,32.52,49709.3,0.01,32311,1.187,8.26,-81.6,25.121,3.11,11.7
8/26/20,18:45:00,0,Biosphere 2,0.08,49826.6,49699.1,94.3,108.5,6.46,260.6,32.52,49711.1,0.03,32312,1.186,8.26,-81.6,25.122,3.11,11.7
8/26/20,19:00:00,0,Biosphere 2,0.06,49823.2,49697,94.1,108.3,6.45,259.9,32.52,49708.8,0.02,32311,1.192,8.26,-81.6,25.12,3.11,11.7
8/26/20,19:15:00,0,Biosphere 2,0.06,49826.3,49698.6,93.9,108.1,6.44,259.9,32.52,49710.6,0.02,32312,1.2,8.26,-81.6,25.122,3.11,11.7
8/26/20,19:30:00,0,Biosphere 2,0.06,49823.1,49697.1,93.6,107.7,6.42,260,32.52,49708.9,0.02,32311,1.186,8.26,-81.6,25.12,3.11,11.7
8/26/20,19:45:00,0,Biosphere 2,0.06,49823.1,49696.8,93.3,107.4,6.4,257.7,32.52,49708.6,0.02,32311,1.185,8.26,-81.5,25.121,3.11,11.7
8/26/20,20:00:00,0,Biosphere 2,0.06,49822.8,49696.7,93.1,107.1,6.38,258.4,32.52,49708.5,0.01,32311,1.183,8.25,-81.4,25.12,3.11,11.7
8/26/20,20:15:00,0,Biosphere 2,0.05,49824.8,49699.5,93,107,6.37,259,32.52,49711.2,0.01,32312,1.184,8.25,-81.4,25.12,3.11,11.7
8/26/20,20:30:00,0,Biosphere 2,0.05,49823.1,49697.6,92.8,106.8,6.36,259.3,32.52,49709.3,0.02,32311,1.19,8.25,-81.4,25.12,3.11,11.7
8/26/20,20:45:00,0,Biosphere 2,0.04,49824.2,49699.2,92.4,106.4,6.34,259.7,32.52,49710.9,0.02,32312,1.192,8.25,-81.3,25.119,3.11,11.7
8/26/20,21:00:00,0,Biosphere 2,0.04,49824.1,49699.7,92.3,106.3,6.33,259.7,32.52,49711.3,0.02,32312,1.2,8.25,-81.3,25.119,3.11,11.7
8/26/20,21:15:00,0,Biosphere 2,0.05,49826,49700.7,92.1,106,6.31,259.8,32.52,49712.5,0.02,32313,1.188,8.25,-81.2,25.12,3.11,11.7
8/26/20,21:30:00,0,Biosphere 2,0.05,49822.3,49697.9,91.9,105.8,6.3,260.2,32.52,49709.6,0.01,32311,1.19,8.25,-81.2,25.119,3.11,11.7
8/26/20,21:45:00,0,Biosphere 2,0.05,49822.4,49698,91.7,105.5,6.29,259.5,32.52,49709.6,0,32311,1.188,8.25,-81.1,25.119,3.11,11.7
8/26/20,22:00:00,0,Biosphere 2,0.05,49824.6,49700.1,91.5,105.3,6.27,258.8,32.52,49711.8,0.02,32313,1.197,8.25,-81.1,25.119,3.11,11.7
8/26/20,22:15:00,0,Biosphere 2,0.06,49823.1,49698.4,91.3,105,6.26,256.5,32.52,49710,0.02,32312,1.192,8.25,-81,25.119,3.11,11.7
8/26/20,22:30:00,0,Biosphere 2,0.04,49826.1,49701.1,91.2,104.9,6.25,257.5,32.52,49712.8,0.02,32313,1.189,8.25,-81,25.119,3.11,11.7
8/26/20,22:45:00,0,Biosphere 2,0.05,49825,49699.8,91,104.7,6.24,257.7,32.52,49711.5,0.02,32312,1.19,8.24,-80.9,25.12,3.11,11.7
8/26/20,23:00:00,0,Biosphere 2,0.05,49823.5,49698.6,90.8,104.5,6.23,258,32.52,49710.3,0.02,32312,1.183,8.24,-80.9,25.119,3.11,11.7
8/26/20,23:15:00,0,Biosphere 2,0.06,49822.8,49698.1,90.7,104.4,6.22,257.8,32.52,49709.8,0.03,32311,1.192,8.24,-80.8,25.119,3.11,11.7
8/26/20,23:30:00,0,Biosphere 2,0.05,49822.5,49697.8,90.5,104.2,6.21,257.8,32.52,49709.5,0,32311,1.192,8.24,-80.8,25.119,3.11,11.7
8/26/20,23:45:00,0,Biosphere 2,0.06,49824.9,49700.1,90.4,104,6.19,258.6,32.52,49711.7,0.01,32313,1.189,8.24,-80.7,25.119,3.11,11.7
8/27/20,0:00:00,0,Biosphere 2,0.06,49825.1,49700.6,90.3,103.9,6.19,257.8,32.52,49712.3,0.02,32313,1.196,8.24,-80.7,25.119,3.11,11.7
8/27/20,0:15:00,0,Biosphere 2,0.05,49824.9,49701.1,89.9,103.5,6.16,257.8,32.52,49712.7,0.02,32313,1.193,8.24,-80.6,25.118,3.11,11.7
8/27/20,0:30:00,0,Biosphere 2,0.05,49821.9,49699.1,89.9,103.5,6.17,257.7,32.52,49710.6,0.02,32312,1.19,8.24,-80.6,25.117,3.11,11.7
8/27/20,0:45:00,0,Biosphere 2,0.05,49823.7,49701,89.8,103.3,6.15,258.2,32.52,49712.5,0.02,32313,1.199,8.24,-80.5,25.117,3.11,11.7
8/27/20,1:00:00,0,Biosphere 2,0.06,49820.7,49699.3,89.7,103.2,6.15,258.1,32.52,49710.6,0.02,32312,1.2,8.24,-80.4,25.116,3.11,11.7
8/27/20,1:15:00,0,Biosphere 2,0.05,49819.1,49699.2,89,102.4,6.1,257.7,32.52,49710.4,0.02,32312,1.191,8.23,-80.3,25.115,3.11,11.7
8/27/20,1:30:00,0,Biosphere 2,0.06,49822.7,49702.3,89.6,103.1,6.14,252.4,32.52,49713.6,0.03,32314,1.184,8.24,-80.4,25.115,3.11,11.7
8/27/20,1:45:00,0,Biosphere 2,0.06,49819.1,49700.1,89.4,102.9,6.13,254,32.52,49711.2,0.02,32312,1.187,8.23,-80.3,25.114,3.11,11.7
8/27/20,2:00:00,0,Biosphere 2,0.05,49818.6,49700.6,89.2,102.7,6.12,254.6,32.52,49711.6,0.02,32313,1.201,8.23,-80.3,25.113,3.11,11.7
8/27/20,2:15:00,0,Biosphere 2,0.06,49816.8,49699.5,89.3,102.8,6.12,256,32.52,49710.5,0.02,32312,1.191,8.23,-80.2,25.112,3.11,11.7
8/27/20,2:30:00,0,Biosphere 2,0.06,49820.1,49702.7,89.1,102.6,6.11,256.1,32.52,49713.7,0.02,32314,1.193,8.23,-80.1,25.112,3.11,11.7
8/27/20,2:45:00,0,Biosphere 2,0.08,49818.3,49702.2,89,102.4,6.1,256.6,32.52,49713.1,0.02,32314,1.196,8.23,-80.1,25.111,3.11,11.7
8/27/20,3:00:00,0,Biosphere 2,0.07,49819,49703.5,89,102.5,6.1,256.7,32.53,49714.3,0.03,32314,1.189,8.23,-80.1,25.11,3.11,11.7
8/27/20,3:15:00,0,Biosphere 2,0.07,49815,49700.9,88.9,102.3,6.1,257.4,32.52,49711.6,0.03,32313,1.19,8.23,-80,25.109,3.11,11.7
8/27/20,3:30:00,0,Biosphere 2,0.07,49816.6,49703.3,88.7,102.1,6.08,257.3,32.53,49713.9,0.01,32314,1.192,8.23,-80,25.108,3.11,11.7
8/27/20,3:45:00,0,Biosphere 2,0.07,49814.8,49702.6,88.8,102.1,6.09,255.6,32.52,49713.1,0.01,32314,1.2,8.23,-79.9,25.107,3.11,11.7
8/27/20,4:00:00,0,Biosphere 2,0.07,49812,49701.1,88.7,102.1,6.08,255.9,32.52,49711.5,0.02,32312,1.188,8.23,-79.8,25.106,3.11,11.7
8/27/20,4:15:00,0,Biosphere 2,0.08,49813.7,49703.3,88.6,102,6.08,256.3,32.52,49713.6,0.03,32314,1.193,8.23,-79.8,25.105,3.11,11.7
8/27/20,4:30:00,0,Biosphere 2,0.07,49812.1,49703.5,88.6,101.9,6.07,256.8,32.53,49713.7,0.02,32314,1.183,8.22,-79.8,25.104,3.11,11.7
8/27/20,4:45:00,0,Biosphere 2,0.07,49809.2,49702.2,88.5,101.9,6.07,257.1,32.52,49712.2,0.01,32313,1.187,8.22,-79.7,25.102,3.11,11.7
8/27/20,5:00:00,0,Biosphere 2,0.08,49807.6,49701.4,88.5,101.9,6.07,257.6,32.52,49711.4,0.03,32312,1.2,8.22,-79.6,25.101,3.11,11.7
8/27/20,5:15:00,0,Biosphere 2,0.08,49808.5,49704.9,88.3,101.7,6.06,257.8,32.53,49714.6,0.04,32315,1.198,8.22,-79.6,25.099,3.11,11.7
8/27/20,5:30:00,0,Biosphere 2,0.08,49806.1,49705.2,88.4,101.7,6.06,256.2,32.53,49714.6,0.02,32315,1.184,8.22,-79.5,25.096,3.11,11.7
8/27/20,5:45:00,0,Biosphere 2,0.09,49800.8,49704,88.2,101.5,6.05,256,32.52,49713,0.04,32313,1.188,8.22,-79.5,25.092,3.11,11.7
8/27/20,6:00:00,0,Biosphere 2,0.09,49798.1,49704.3,88.3,101.6,6.06,255.8,32.52,49713.1,0.02,32314,1.198,8.22,-79.5,25.09,3.11,11.7
8/27/20,6:15:00,0,Biosphere 2,0.1,49795.1,49703.9,88.2,101.4,6.05,256.3,32.52,49712.4,0.02,32313,1.189,8.22,-79.4,25.087,3.11,11.7
8/27/20,6:30:00,0,Biosphere 2,0.11,49792.3,49705.3,88,101.3,6.04,256,32.53,49713.4,0.04,32314,1.195,8.22,-79.3,25.083,3.11,11.7
8/27/20,6:45:00,0,Biosphere 2,0.12,49791.8,49707.5,88.2,101.5,6.05,256.5,32.53,49715.4,0.03,32315,1.192,8.22,-79.3,25.08,3.11,11.7
8/27/20,7:00:00,0,Biosphere 2,0.14,49791.4,49708.6,88.2,101.5,6.05,256.7,32.53,49716.4,0.02,32316,1.189,8.22,-79.2,25.079,3.11,11.7
8/27/20,7:15:00,0,Biosphere 2,0.13,49785.7,49706.5,88.1,101.4,6.05,256.9,32.53,49713.9,0.03,32314,1.186,8.22,-79.2,25.076,3.11,11.7
8/27/20,7:30:00,0,Biosphere 2,0.13,49786.5,49706.6,88.4,101.7,6.06,256.5,32.53,49714.1,0.04,32314,1.183,8.22,-79.2,25.076,3.11,11.7
8/27/20,7:45:00,0,Biosphere 2,0.17,49787.4,49706.1,88.6,101.9,6.07,252.5,32.53,49713.7,0.05,32314,1.192,8.22,-79.2,25.078,3.11,11.7
8/27/20,8:00:00,0,Biosphere 2,0.17,49791.5,49707.7,88.8,102.1,6.09,253.7,32.53,49715.5,0.04,32315,1.19,8.22,-79.2,25.08,3.11,11.7
8/27/20,8:15:00,0,Biosphere 2,0.18,49793.1,49705.8,89.1,102.5,6.11,253.5,32.53,49714,0.05,32314,1.188,8.22,-79.2,25.083,3.11,11.7
8/27/20,8:30:00,0,Biosphere 2,0.14,49798.1,49706.1,89.4,102.9,6.13,254.8,32.53,49714.7,0.03,32315,1.19,8.22,-79.3,25.088,3.11,11.7
8/27/20,8:45:00,0,Biosphere 2,0.16,49803.6,49705.6,89.8,103.4,6.16,255.5,32.53,49714.7,0.03,32315,1.192,8.22,-79.3,25.094,3.11,11.7
8/27/20,9:00:00,0,Biosphere 2,0.16,49811.3,49704.5,90.3,103.9,6.19,253,32.53,49714.5,0.04,32314,1.2,8.22,-79.4,25.102,3.11,11.7
8/27/20,9:15:00,0,Biosphere 2,0.15,49818.9,49705.1,90.5,104.2,6.21,250.3,32.53,49715.8,0.04,32315,1.188,8.22,-79.4,25.109,3.11,11.7
8/27/20,9:30:00,0,Biosphere 2,0.15,49833.1,49704.3,91.3,105,6.26,252.2,32.53,49716.4,0.04,32316,1.192,8.22,-79.5,25.123,3.11,11.7
8/27/20,9:45:00,0,Biosphere 2,0.15,49835.2,49703.2,91.6,105.4,6.28,254.6,32.53,49715.6,0.04,32315,1.19,8.22,-79.6,25.126,3.11,11.7
8/27/20,10:00:00,0,Biosphere 2,0.14,49846.3,49702.3,92.4,106.4,6.33,256.7,32.53,49715.8,0.03,32315,1.184,8.22,-79.8,25.137,3.11,11.7
8/27/20,10:15:00,0,Biosphere 2,0.13,49847.8,49705.6,92.7,106.7,6.35,257.9,32.53,49719,0.02,32317,1.197,8.23,-79.8,25.136,3.11,11.7
8/27/20,10:30:00,0,Biosphere 2,0.14,49846.3,49702.2,93.2,107.3,6.39,258.6,32.53,49715.7,0.03,32315,1.19,8.23,-79.9,25.138,3.11,11.7
8/27/20,10:45:00,0,Biosphere 2,0.13,49855.5,49706.4,94.1,108.2,6.44,258.4,32.53,49720.3,0.04,32318,1.192,8.23,-80.1,25.142,3.11,11.7
8/27/20,11:00:00,0,Biosphere 2,0.15,49842,49705.7,94.3,108.5,6.46,259,32.53,49718.4,0.04,32317,1.188,8.23,-80.2,25.13,3.11,11.7
8/27/20,11:15:00,0,Biosphere 2,0.16,49844.2,49703.3,94.9,109.2,6.5,259.8,32.53,49716.5,0.04,32316,1.188,8.23,-80.3,25.135,3.11,11.7
8/27/20,11:30:00,0,Biosphere 2,0.16,49846,49705.4,95.5,109.9,6.55,260.5,32.53,49718.6,0.03,32317,1.188,8.24,-80.5,25.134,3.11,11.7
8/27/20,11:45:00,0,Biosphere 2,0.15,49844.8,49706.2,96.1,110.6,6.59,260,32.53,49719.2,0.03,32317,1.188,8.24,-80.6,25.132,3.11,11.7
8/27/20,12:00:00,0,Biosphere 2,0.14,49832.8,49701.2,96.7,111.2,6.63,260.1,32.52,49713.5,0.03,32314,1.186,8.24,-80.8,25.126,3.11,11.7
8/27/20,12:15:00,0,Biosphere 2,0.15,49832.5,49704,96.9,111.5,6.64,258.7,32.53,49716.1,0.03,32315,1.183,8.24,-80.9,25.123,3.11,11.7
8/27/20,12:30:00,0,Biosphere 2,0.13,49841.1,49704.4,97.6,112.3,6.69,258.7,32.53,49717.2,0.04,32316,1.184,8.25,-81.1,25.13,3.11,11.7
8/27/20,12:45:00,0,Biosphere 2,0.13,49844.3,49704.6,98,112.8,6.72,258.7,32.53,49717.7,0.03,32317,1.181,8.25,-81.2,25.133,3.11,11.7
8/27/20,13:00:00,0,Biosphere 2,0.13,49837.3,49709.6,98.2,113,6.73,258.2,32.53,49721.5,0.03,32319,1.197,8.25,-81.3,25.122,3.11,11.7
8/27/20,13:15:00,0,Biosphere 2,0.15,49836.6,49706.5,98.6,113.4,6.76,257,32.53,49718.7,0.04,32317,1.192,8.25,-81.4,25.124,3.11,11.7
8/27/20,13:30:00,0,Biosphere 2,0.16,49842.1,49702.5,99.1,114.1,6.79,253.7,32.53,49715.6,0.03,32315,1.186,8.26,-81.6,25.133,3.11,11.7
8/27/20,13:45:00,0,Biosphere 2,0.15,49833.6,49701.4,99.4,114.4,6.81,256.3,32.52,49713.8,0.04,32314,1.186,8.26,-81.7,25.126,3.11,11.7
8/27/20,14:00:00,0,Biosphere 2,0.14,49841.6,49707.7,99.8,114.8,6.84,258.3,32.53,49720.2,0.04,32318,1.182,8.26,-81.8,25.128,3.11,11.7
8/27/20,14:15:00,0,Biosphere 2,0.14,49831.3,49707.9,99.5,114.5,6.82,260,32.53,49719.5,0.04,32318,1.19,8.26,-81.9,25.118,3.11,11.7
8/27/20,14:30:00,0,Biosphere 2,0.14,49835.9,49708.8,99.4,114.4,6.81,260.6,32.53,49720.7,0.03,32318,1.189,8.26,-81.9,25.121,3.11,11.7
8/27/20,14:45:00,0,Biosphere 2,0.14,49834.4,49705.9,99.7,114.7,6.83,261.2,32.53,49717.9,0.01,32317,1.183,8.26,-82.1,25.123,3.11,11.7
8/27/20,15:00:00,0,Biosphere 2,0.15,49833.7,49708.6,99.5,114.5,6.82,261.9,32.53,49720.3,0.03,32318,1.185,8.27,-82.1,25.119,3.11,11.7
8/27/20,15:15:00,0,Biosphere 2,0.14,49832.4,49710,99.2,114.1,6.8,261.9,32.53,49721.4,0.03,32319,1.184,8.27,-82.1,25.117,3.11,11.7
8/27/20,15:30:00,0,Biosphere 2,0.12,49825.7,49709.1,98.9,113.9,6.78,261.2,32.53,49720.1,0.02,32318,1.2,8.27,-82.1,25.111,3.11,11.7
8/27/20,15:45:00,0,Biosphere 2,0.15,49828.5,49709.5,98.7,113.6,6.76,261.9,32.53,49720.7,0.03,32318,1.185,8.27,-82.2,25.114,3.11,11.7
8/27/20,16:00:00,0,Biosphere 2,0.15,49829.9,49710.6,98.4,113.2,6.74,262.5,32.53,49721.7,0.03,32319,1.189,8.27,-82.1,25.114,3.11,11.7
8/27/20,16:15:00,0,Biosphere 2,0.15,49830.4,49711.4,98.1,112.9,6.73,262.1,32.53,49722.5,0.03,32320,1.199,8.27,-82.2,25.114,3.11,11.7
8/27/20,16:30:00,0,Biosphere 2,0.14,49831.9,49711.3,97.9,112.6,6.71,260.3,32.53,49722.6,0.03,32320,1.183,8.27,-82.2,25.115,3.11,11.7
8/27/20,16:45:00,0,Biosphere 2,0.13,49830.9,49708.9,97.7,112.4,6.69,260,32.53,49720.3,0.03,32318,1.191,8.27,-82.2,25.116,3.11,11.7
8/27/20,17:00:00,0,Biosphere 2,0.14,49833.8,49712,97.3,112,6.67,260.6,32.53,49723.4,0.03,32320,1.194,8.27,-82.2,25.116,3.11,11.7
8/27/20,17:15:00,0,Biosphere 2,0.12,49834.7,49710.9,97,111.7,6.65,260.8,32.53,49722.5,0.02,32320,1.182,8.27,-82.2,25.118,3.11,11.7
8/27/20,17:30:00,0,Biosphere 2,0.11,49834.1,49708.4,96.8,111.4,6.63,261.3,32.53,49720.1,0.02,32318,1.181,8.27,-82.2,25.12,3.11,11.7
8/27/20,17:45:00,0,Biosphere 2,0.12,49833.7,49709.1,96.4,111,6.61,261.4,32.53,49720.8,0.01,32318,1.195,8.27,-82.1,25.119,3.11,11.7
8/27/20,18:00:00,0,Biosphere 2,0.13,49834.7,49709.4,96.1,110.6,6.59,261.1,32.53,49721.1,0.03,32319,1.198,8.27,-82.1,25.12,3.11,11.7
8/27/20,18:15:00,0,Biosphere 2,0.12,49837.1,49711.2,95.8,110.2,6.56,261.1,32.53,49723,0.03,32320,1.194,8.26,-82.1,25.12,3.11,11.7
8/27/20,18:30:00,0,Biosphere 2,0.11,49836.9,49711.3,95.6,110,6.55,261.1,32.53,49723.1,0.04,32320,1.183,8.26,-82.1,25.12,3.11,11.7
8/27/20,18:45:00,0,Biosphere 2,0.1,49835.2,49709.1,95.3,109.6,6.53,259.9,32.53,49720.9,0.02,32319,1.19,8.26,-82,25.12,3.11,11.7
8/27/20,19:00:00,0,Biosphere 2,0.12,49835.5,49710.6,94.9,109.3,6.51,259.9,32.53,49722.3,0.04,32319,1.191,8.26,-82,25.119,3.11,11.7
8/27/20,19:15:00,0,Biosphere 2,0.1,49837.6,49712.3,94.6,108.9,6.49,259.9,32.53,49724,0.04,32321,1.19,8.26,-82,25.12,3.11,11.7
8/27/20,19:30:00,0,Biosphere 2,0.1,49834.4,49710.1,94.3,108.6,6.47,260.4,32.53,49721.7,0.03,32319,1.192,8.26,-81.9,25.119,3.11,11.7
8/27/20,19:45:00,0,Biosphere 2,0.09,49837.5,49712.4,94,108.2,6.44,260,32.53,49724.1,0.02,32321,1.192,8.26,-81.9,25.119,3.11,11.7
8/27/20,20:00:00,0,Biosphere 2,0.08,49836.4,49711.9,93.8,107.9,6.43,260.4,32.53,49723.6,0.03,32320,1.189,8.26,-81.8,25.119,3.11,11.7
8/27/20,20:15:00,0,Biosphere 2,0.08,49835.4,49712,93.5,107.6,6.41,261.1,32.53,49723.6,0.03,32320,1.182,8.26,-81.8,25.118,3.11,11.7
8/27/20,20:30:00,0,Biosphere 2,0.1,49834.7,49712.1,93.2,107.2,6.39,261.7,32.53,49723.6,0.02,32320,1.196,8.26,-81.7,25.117,3.11,11.7
8/27/20,20:45:00,0,Biosphere 2,0.09,49833.7,49710.4,92.9,107,6.37,261.3,32.53,49722,0.02,32319,1.2,8.26,-81.7,25.118,3.11,11.7
8/27/20,21:00:00,0,Biosphere 2,0.08,49834.1,49710.3,92.6,106.6,6.35,262,32.53,49721.9,0.04,32319,1.192,8.26,-81.6,25.118,3.11,11.7
8/27/20,21:15:00,0,Biosphere 2,0.09,49835.9,49712.4,92.5,106.5,6.34,261.8,32.53,49724,0.03,32321,1.192,8.26,-81.6,25.118,3.11,11.7
8/27/20,21:30:00,0,Biosphere 2,0.09,49833.8,49710.3,92.3,106.2,6.33,261.2,32.53,49721.9,0.02,32319,1.196,8.26,-81.5,25.118,3.11,11.7
8/27/20,21:45:00,0,Biosphere 2,0.09,49833.7,49710.2,92.1,106,6.31,261,32.53,49721.8,0.03,32319,1.189,8.25,-81.5,25.118,3.11,11.7
8/27/20,22:00:00,0,Biosphere 2,0.09,49833.9,49710.4,91.8,105.6,6.29,261.5,32.53,49721.9,0.03,32319,1.186,8.25,-81.4,25.118,3.11,11.6
8/27/20,22:15:00,0,Biosphere 2,0.09,49835.4,49712.2,91.7,105.5,6.29,261.4,32.53,49723.7,0.02,32320,1.198,8.25,-81.4,25.118,3.11,11.7
8/27/20,22:30:00,0,Biosphere 2,0.09,49833.6,49710.6,91.5,105.3,6.27,260.9,32.53,49722.1,0.01,32319,1.199,8.25,-81.3,25.117,3.11,11.7
8/27/20,22:45:00,0,Biosphere 2,0.08,49833.8,49711,91.2,105,6.25,260.4,32.53,49722.5,0.02,32320,1.2,8.25,-81.2,25.117,3.11,11.7
8/27/20,23:00:00,0,Biosphere 2,0.1,49833.4,49711,91,104.8,6.24,260.2,32.53,49722.4,0.04,32320,1.191,8.25,-81.2,25.117,3.11,11.7
8/27/20,23:15:00,0,Biosphere 2,0.1,49836.5,49713.8,90.9,104.6,6.23,258.3,32.53,49725.3,0.03,32321,1.19,8.25,-81.1,25.117,3.11,11.7
8/27/20,23:30:00,0,Biosphere 2,0.1,49836.5,49714.3,90.7,104.4,6.22,258.9,32.53,49725.8,0.03,32322,1.192,8.25,-81.1,25.117,3.11,11.7
8/27/20,23:45:00,0,Biosphere 2,0.09,49834.6,49713.1,90.6,104.2,6.21,259,32.53,49724.5,0.03,32321,1.192,8.25,-81,25.116,3.11,11.7
8/28/20,0:00:00,0,Biosphere 2,0.09,49833.9,49713,90.5,104.2,6.21,259.5,32.53,49724.3,0.03,32321,1.2,8.25,-81,25.115,3.11,11.7
8/28/20,0:15:00,0,Biosphere 2,0.1,49833.5,49713.4,90.2,103.8,6.19,259.8,32.53,49724.6,0.03,32321,1.196,8.24,-80.9,25.115,3.11,11.7
8/28/20,0:30:00,0,Biosphere 2,0.09,49834.2,49714,90.2,103.8,6.18,259.8,32.53,49725.3,0.03,32321,1.195,8.24,-80.9,25.115,3.11,11.7
8/28/20,0:45:00,0,Biosphere 2,0.1,49833.6,49714.5,90.1,103.7,6.18,259.8,32.53,49725.6,0.03,32322,1.197,8.24,-80.8,25.114,3.11,11.7
8/28/20,1:00:00,0,Biosphere 2,0.09,49832,49713.9,89.9,103.5,6.16,259.5,32.53,49724.9,0.03,32321,1.185,8.24,-80.8,25.113,3.11,11.7
8/28/20,1:15:00,0,Biosphere 2,0.09,49832.3,49715.2,89.7,103.2,6.15,253,32.53,49726.2,0.02,32322,1.19,8.24,-80.7,25.112,3.11,11.7
8/28/20,1:30:00,0,Biosphere 2,0.09,49831.8,49715.2,89.5,103,6.13,255.8,32.53,49726.1,0.02,32322,1.186,8.24,-80.6,25.111,3.11,11.7
8/28/20,1:45:00,0,Biosphere 2,0.1,49827.9,49712.6,89.6,103.1,6.14,257.7,32.53,49723.4,0.04,32320,1.189,8.24,-80.6,25.11,3.11,11.7
8/28/20,2:00:00,0,Biosphere 2,0.1,49827.2,49713.1,89.6,103.1,6.14,257.5,32.53,49723.8,0.03,32320,1.2,8.24,-80.6,25.109,3.11,11.7
8/28/20,2:15:00,0,Biosphere 2,0.11,49826.5,49713.7,89.4,102.9,6.13,258.2,32.53,49724.3,0.03,32321,1.193,8.24,-80.5,25.108,3.11,11.7
8/28/20,2:30:00,0,Biosphere 2,0.1,49824.9,49714,89.3,102.8,6.12,258.7,32.53,49724.4,0.02,32321,1.188,8.24,-80.4,25.106,3.11,11.7
8/28/20,2:45:00,0,Biosphere 2,0.1,49823.4,49713.7,89.1,102.6,6.11,258.9,32.53,49723.9,0.04,32321,1.19,8.24,-80.4,25.105,3.11,11.7
8/28/20,3:00:00,0,Biosphere 2,0.12,49826.5,49717.5,89.2,102.6,6.11,259.2,32.54,49727.7,0.02,32323,1.192,8.24,-80.4,25.104,3.11,11.7
8/28/20,3:15:00,0,Biosphere 2,0.11,49821.3,49714.4,89.1,102.5,6.11,259.6,32.53,49724.4,0.05,32321,1.189,8.23,-80.3,25.102,3.11,11.7
8/28/20,3:30:00,0,Biosphere 2,0.11,49819.5,49714.4,88.9,102.3,6.09,260.4,32.53,49724.2,0.04,32321,1.19,8.23,-80.2,25.1,3.11,11.7
8/28/20,3:45:00,0,Biosphere 2,0.13,49818.6,49714.8,88.9,102.3,6.09,261.1,32.53,49724.5,0.04,32321,1.191,8.23,-80.2,25.099,3.11,11.7
8/28/20,4:00:00,0,Biosphere 2,0.12,49816.6,49714.9,88.8,102.2,6.09,261,32.53,49724.4,0.03,32321,1.191,8.23,-80.1,25.097,3.11,11.7
8/28/20,4:15:00,0,Biosphere 2,0.12,49815.5,49715.4,88.7,102.1,6.09,262,32.53,49724.8,0.04,32321,1.195,8.23,-80.1,25.095,3.11,11.7
8/28/20,4:30:00,0,Biosphere 2,0.14,49816.5,49717.5,88.7,102.1,6.09,261.6,32.53,49726.8,0.04,32322,1.189,8.23,-80,25.095,3.11,11.7
8/28/20,4:45:00,0,Biosphere 2,0.14,49814.8,49719.8,88.6,102,6.08,262.2,32.54,49728.7,0.03,32324,1.186,8.23,-80,25.091,3.11,11.7
8/28/20,5:00:00,0,Biosphere 2,0.15,49809.7,49716.8,88.7,102,6.08,262.3,32.53,49725.5,0.03,32322,1.191,8.23,-79.9,25.089,3.11,11.7
8/28/20,5:15:00,0,Biosphere 2,0.11,49805.8,49717.3,88.3,101.7,6.06,261.4,32.53,49725.5,0.04,32322,1.2,8.23,-79.8,25.085,3.11,11.7
8/28/20,5:30:00,0,Biosphere 2,0.13,49805.3,49717.8,88.5,101.8,6.07,261.3,32.53,49726,0.03,32322,1.198,8.23,-79.8,25.083,3.11,11.7
8/28/20,5:45:00,0,Biosphere 2,0.14,49804.6,49719.8,88.5,101.8,6.07,261.4,32.54,49727.7,0.03,32323,1.19,8.23,-79.8,25.081,3.11,11.7
8/28/20,6:00:00,0,Biosphere 2,0.13,49799.5,49720.6,88.1,101.4,6.04,261.3,32.54,49728,0.05,32323,1.192,8.22,-79.7,25.075,3.11,11.7
8/28/20,6:15:00,0,Biosphere 2,0.14,49799.1,49722,88.2,101.5,6.05,261.6,32.54,49729.2,0.03,32324,1.198,8.22,-79.6,25.074,3.11,11.7
8/28/20,6:30:00,0,Biosphere 2,0.15,49794.4,49723.1,88.2,101.5,6.05,258.7,32.54,49729.8,0.04,32324,1.191,8.22,-79.6,25.068,3.11,11.7
8/28/20,6:45:00,0,Biosphere 2,0.19,49789.3,49722.8,87.8,101,6.02,259.2,32.54,49729.1,0.04,32324,1.184,8.22,-79.5,25.063,3.11,11.7
8/28/20,7:00:00,0,Biosphere 2,0.2,49788.1,49720.1,88.2,101.5,6.05,260,32.54,49726.4,0.05,32322,1.192,8.22,-79.5,25.065,3.11,11.7
8/28/20,7:15:00,0,Biosphere 2,0.21,49788.4,49719.4,88.3,101.7,6.06,260.4,32.53,49725.8,0.05,32322,1.191,8.22,-79.5,25.066,3.11,11.7
8/28/20,7:30:00,0,Biosphere 2,0.18,49789.9,49720.2,88.4,101.8,6.07,260.7,32.54,49726.7,0.05,32322,1.193,8.22,-79.4,25.067,3.11,11.7
8/28/20,7:45:00,0,Biosphere 2,0.26,49792.2,49719.6,88.7,102.1,6.09,261.4,32.54,49726.4,0.05,32322,1.197,8.22,-79.5,25.069,3.11,11.7
8/28/20,8:00:00,0,Biosphere 2,0.22,49802.8,49722.7,89,102.5,6.11,261.1,32.54,49730.2,0.05,32325,1.191,8.22,-79.5,25.076,3.11,11.7
8/28/20,8:15:00,0,Biosphere 2,0.23,49804.8,49721.1,89.2,102.7,6.12,260.7,32.54,49729,0.05,32324,1.189,8.22,-79.5,25.08,3.11,11.7
8/28/20,8:30:00,0,Biosphere 2,0.21,49809,49718.6,89.6,103.1,6.14,261.1,32.54,49727.1,0.05,32323,1.192,8.22,-79.5,25.086,3.11,11.7
8/28/20,8:45:00,0,Biosphere 2,0.23,49816.6,49718.4,90,103.6,6.17,262.1,32.54,49727.6,0.05,32323,1.183,8.22,-79.6,25.094,3.11,11.7
8/28/20,9:00:00,0,Biosphere 2,0.23,49828.2,49717.3,90.6,104.2,6.21,263,32.54,49727.7,0.06,32323,1.188,8.22,-79.7,25.106,3.11,11.7
8/28/20,9:15:00,0,Biosphere 2,0.2,49837.4,49718.3,90.8,104.5,6.23,263.2,32.54,49729.5,0.04,32324,1.189,8.22,-79.7,25.114,3.11,11.7
8/28/20,9:30:00,0,Biosphere 2,0.2,49848.2,49716,91.6,105.4,6.28,263.5,32.54,49728.4,0.05,32323,1.186,8.23,-79.8,25.126,3.11,11.7
8/28/20,9:45:00,0,Biosphere 2,0.21,49857.8,49718.8,92,105.8,6.3,263.9,32.54,49731.8,0.05,32326,1.2,8.23,-79.9,25.133,3.11,11.7
8/28/20,10:00:00,0,Biosphere 2,0.19,49856.8,49717.8,92.4,106.4,6.33,264.6,32.54,49730.8,0.03,32325,1.19,8.23,-80,25.133,3.11,11.7
8/28/20,10:15:00,0,Biosphere 2,0.16,49867.8,49715.7,93.4,107.4,6.4,264.2,32.54,49730,0.04,32324,1.191,8.23,-80.2,25.145,3.11,11.7
8/28/20,10:30:00,0,Biosphere 2,0.19,49865.4,49719.5,93.7,107.9,6.42,257.9,32.54,49733.2,0.06,32327,1.186,8.23,-80.3,25.139,3.11,11.7
8/28/20,10:45:00,0,Biosphere 2,0.17,49864.7,49720.2,94.4,108.7,6.47,259.4,32.54,49733.8,0.03,32327,1.191,8.24,-80.4,25.138,3.11,11.7
8/28/20,11:00:00,0,Biosphere 2,0.2,49858.8,49719.6,94.9,109.2,6.5,259.9,32.54,49732.7,0.04,32326,1.201,8.24,-80.5,25.133,3.11,11.7
8/28/20,11:15:00,0,Biosphere 2,0.22,49853.6,49719.2,95.6,110.1,6.55,260.9,32.54,49731.8,0.06,32326,1.184,8.24,-80.7,25.128,3.11,11.7
8/28/20,11:30:00,0,Biosphere 2,0.2,49837,49717.8,96,110.5,6.58,261.5,32.54,49728.9,0.05,32324,1.192,8.24,-80.8,25.114,3.11,11.7
8/28/20,11:45:00,0,Biosphere 2,0.18,49834.4,49716.5,96.4,111,6.61,262.3,32.54,49727.6,0.03,32323,1.189,8.24,-80.9,25.112,3.11,11.7
8/28/20,12:00:00,0,Biosphere 2,0.19,49859.5,49724.4,97.5,112.2,6.68,263,32.54,49737,0.04,32329,1.192,8.25,-81.2,25.129,3.11,11.7
8/28/20,12:15:00,0,Biosphere 2,0.2,49845.8,49720.1,97.5,112.3,6.69,263.3,32.54,49731.8,0.04,32326,1.201,8.25,-81.3,25.12,3.11,11.7
8/28/20,12:30:00,0,Biosphere 2,0.16,49850.3,49720.1,98.1,112.9,6.73,263.5,32.54,49732.3,0.05,32326,1.189,8.25,-81.4,25.124,3.11,11.7
8/28/20,12:45:00,0,Biosphere 2,0.17,49847.4,49720.9,98.4,113.3,6.75,263.2,32.54,49732.8,0.05,32326,1.185,8.26,-81.5,25.121,3.11,11.7
8/28/20,13:00:00,0,Biosphere 2,0.21,49846,49721.4,98.5,113.4,6.75,263.4,32.54,49733,0.02,32326,1.201,8.26,-81.6,25.119,3.11,11.7
8/28/20,13:15:00,0,Biosphere 2,0.2,49843.9,49714.5,99,114,6.79,263.3,32.53,49726.6,0.05,32322,1.199,8.26,-81.8,25.124,3.11,11.7
8/28/20,13:30:00,0,Biosphere 2,0.18,49840,49716.8,99.2,114.1,6.8,262.9,32.54,49728.3,0.04,32323,1.199,8.26,-81.9,25.118,3.11,11.7
8/28/20,13:45:00,0,Biosphere 2,0.17,49853.8,49718.7,99.7,114.7,6.83,263.6,32.54,49731.4,0.05,32325,1.2,8.26,-82,25.129,3.11,11.7
8/28/20,14:00:00,0,Biosphere 2,0.17,49841.3,49721.7,99.7,114.8,6.84,263.7,32.54,49732.9,0.04,32326,1.193,8.26,-82.1,25.114,3.11,11.7
8/28/20,14:15:00,0,Biosphere 2,0.21,49841,49722.6,99.6,114.6,6.83,262.5,32.54,49733.7,0.04,32327,1.192,8.27,-82.1,25.113,3.11,11.7
8/28/20,14:30:00,0,Biosphere 2,0.2,49841.4,49720.2,99.6,114.7,6.83,263.4,32.54,49731.6,0.05,32326,1.191,8.27,-82.2,25.116,3.11,11.7
8/28/20,14:45:00,0,Biosphere 2,0.18,49848.4,49721.3,99.7,114.7,6.83,263.7,32.54,49733.1,0.03,32327,1.192,8.27,-82.3,25.121,3.11,11.7
8/28/20,15:00:00,0,Biosphere 2,0.2,49836.6,49721.6,99.3,114.2,6.8,264.5,32.54,49732.4,0.04,32326,1.194,8.27,-82.3,25.11,3.11,11.7
8/28/20,15:15:00,0,Biosphere 2,0.18,49839.4,49725,99.2,114.1,6.8,264.7,32.54,49735.7,0.05,32328,1.182,8.27,-82.3,25.109,3.11,11.7
8/28/20,15:30:00,0,Biosphere 2,0.2,49840,49725.8,99,113.9,6.79,264.7,32.54,49736.5,0.03,32329,1.191,8.27,-82.4,25.109,3.11,11.7
8/28/20,15:45:00,0,Biosphere 2,0.19,49835.7,49725.8,98.7,113.6,6.77,264.5,32.54,49736.1,0.02,32328,1.19,8.27,-82.4,25.105,3.11,11.7
8/28/20,16:00:00,0,Biosphere 2,0.18,49837.8,49726,98.7,113.6,6.77,264.1,32.54,49736.5,0.04,32329,1.198,8.27,-82.4,25.107,3.11,11.7
8/28/20,16:15:00,0,Biosphere 2,0.18,49834.8,49726.7,98.2,113,6.73,263,32.54,49736.8,0.04,32329,1.19,8.27,-82.4,25.103,3.11,11.7
8/28/20,16:30:00,0,Biosphere 2,0.17,49835.6,49727.8,98,112.7,6.72,263.2,32.54,49737.9,0.04,32330,1.182,8.27,-82.4,25.103,3.11,11.7
8/28/20,16:45:00,0,Biosphere 2,0.18,49831.9,49725.1,97.6,112.3,6.69,263.4,32.54,49735.1,0.04,32328,1.191,8.27,-82.4,25.102,3.11,11.7
8/28/20,17:00:00,0,Biosphere 2,0.18,49831.1,49725.2,97.2,111.9,6.67,263.8,32.54,49735.1,0.05,32328,1.201,8.27,-82.4,25.101,3.11,11.7
8/28/20,17:15:00,0,Biosphere 2,0.17,49834.3,49727.8,97,111.6,6.65,263.5,32.54,49737.8,0.04,32330,1.192,8.27,-82.4,25.102,3.11,11.7
8/28/20,17:30:00,0,Biosphere 2,0.16,49832.8,49725.3,96.6,111.2,6.63,263.7,32.54,49735.4,0.04,32328,1.2,8.27,-82.3,25.103,3.11,11.7
8/28/20,17:45:00,0,Biosphere 2,0.16,49834.5,49726,96.3,110.8,6.6,263.1,32.54,49736.2,0.03,32329,1.186,8.27,-82.3,25.104,3.11,11.7
8/28/20,18:00:00,0,Biosphere 2,0.14,49836.1,49726.3,95.9,110.3,6.57,262.4,32.54,49736.6,0.03,32329,1.182,8.27,-82.3,25.105,3.11,11.7
8/28/20,18:15:00,0,Biosphere 2,0.14,49835.8,49725.6,95.6,110,6.56,262.6,32.54,49735.9,0.03,32328,1.182,8.27,-82.3,25.105,3.11,11.7
8/28/20,18:30:00,0,Biosphere 2,0.13,49835.9,49725.7,95.3,109.7,6.53,262.8,32.54,49736,0.03,32328,1.19,8.27,-82.2,25.105,3.11,11.7
8/28/20,18:45:00,0,Biosphere 2,0.13,49839.1,49729.1,95,109.3,6.51,261.6,32.54,49739.4,0.03,32331,1.185,8.27,-82.2,25.105,3.11,11.7
8/28/20,19:00:00,0,Biosphere 2,0.13,49837.9,49729,94.6,108.9,6.48,261.8,32.54,49739.2,0.03,32330,1.195,8.27,-82.1,25.104,3.11,11.7
8/28/20,19:15:00,0,Biosphere 2,0.14,49834.9,49726.8,94.4,108.6,6.47,261.2,32.54,49737,0.04,32329,1.196,8.27,-82.1,25.103,3.11,11.7
8/28/20,19:30:00,0,Biosphere 2,0.13,49837.3,49729,94.1,108.3,6.45,261.2,32.54,49739.1,0.03,32330,1.193,8.26,-82,25.103,3.11,11.7
8/28/20,19:45:00,0,Biosphere 2,0.12,49835.4,49727.4,93.9,108,6.43,260.7,32.54,49737.5,0.04,32329,1.2,8.26,-82,25.103,3.11,11.7
8/28/20,20:00:00,0,Biosphere 2,0.13,49835.7,49727.2,93.5,107.6,6.41,261.2,32.54,49737.3,0.03,32329,1.195,8.26,-81.9,25.104,3.11,11.7
8/28/20,20:15:00,0,Biosphere 2,0.12,49836.4,49729,93.3,107.3,6.39,261.6,32.54,49739,0.04,32330,1.187,8.26,-81.9,25.102,3.11,11.7
8/28/20,20:30:00,0,Biosphere 2,0.13,49836.5,49729.7,92.9,106.9,6.37,261.2,32.54,49739.7,0.03,32331,1.19,8.26,-81.8,25.102,3.11,11.7
8/28/20,20:45:00,0,Biosphere 2,0.12,49835.6,49729.3,92.7,106.7,6.36,254.7,32.54,49739.3,0.04,32331,1.199,8.26,-81.8,25.101,3.11,11.7
8/28/20,21:00:00,0,Biosphere 2,0.12,49833.2,49728,92.4,106.3,6.34,255.7,32.54,49737.9,0.03,32330,1.183,8.26,-81.7,25.1,3.11,11.7
8/28/20,21:15:00,0,Biosphere 2,0.13,49836.9,49731.2,92.3,106.2,6.33,257.4,32.55,49741.1,0.04,32332,1.192,8.26,-81.7,25.101,3.11,11.7
8/28/20,21:30:00,0,Biosphere 2,0.13,49837.9,49732.2,92.1,106,6.31,258.3,32.55,49742.1,0.03,32332,1.189,8.26,-81.6,25.101,3.11,11.7
8/28/20,21:45:00,0,Biosphere 2,0.12,49836.2,49731,91.8,105.7,6.3,256.3,32.55,49740.8,0.04,32332,1.192,8.26,-81.6,25.1,3.11,11.7
8/28/20,22:00:00,0,Biosphere 2,0.12,49836,49731.3,91.7,105.5,6.29,256.5,32.55,49741.1,0.03,32332,1.189,8.26,-81.5,25.1,3.11,11.7
8/28/20,22:15:00,0,Biosphere 2,0.13,49832.6,49728.4,91.6,105.4,6.28,257.7,32.54,49738.2,0.03,32330,1.192,8.25,-81.5,25.099,3.11,11.7
8/28/20,22:30:00,0,Biosphere 2,0.12,49836.2,49731.7,91.2,105,6.26,258.9,32.55,49741.5,0.03,32332,1.193,8.25,-81.4,25.1,3.11,11.7
8/28/20,22:45:00,0,Biosphere 2,0.12,49837,49732.4,91.2,105,6.26,259.7,32.55,49742.2,0.02,32332,1.192,8.25,-81.4,25.1,3.11,11.7
8/28/20,23:00:00,0,Biosphere 2,0.12,49836.5,49732.3,91.1,104.8,6.25,259.8,32.55,49742,0.02,32332,1.191,8.25,-81.3,25.099,3.11,11.7
8/28/20,23:15:00,0,Biosphere 2,0.12,49836.5,49732.5,90.9,104.6,6.23,260.2,32.55,49742.3,0.03,32332,1.192,8.25,-81.3,25.099,3.11,11.7
8/28/20,23:30:00,0,Biosphere 2,0.13,49836.6,49732.8,90.7,104.4,6.22,260.4,32.55,49742.5,0.04,32333,1.2,8.25,-81.2,25.099,3.11,11.7
8/28/20,23:45:00,0,Biosphere 2,0.13,49831.7,49729.1,90.5,104.2,6.21,260.4,32.54,49738.7,0.03,32330,1.184,8.25,-81.2,25.098,3.11,11.7
8/29/20,0:00:00,0,Biosphere 2,0.12,49831.6,49729.6,90.5,104.1,6.2,261.3,32.54,49739.2,0.03,32330,1.183,8.25,-81.1,25.097,3.11,11.7
8/29/20,0:15:00,0,Biosphere 2,0.12,49834.1,49732,90.3,104,6.19,262.2,32.55,49741.5,0.03,32332,1.2,8.25,-81,25.097,3.11,11.7
8/29/20,0:30:00,0,Biosphere 2,0.12,49834.9,49733,90.2,103.8,6.18,262.8,32.55,49742.6,0.02,32333,1.197,8.25,-81,25.097,3.11,11.7
8/29/20,0:45:00,0,Biosphere 2,0.14,49833.2,49732.3,90.1,103.7,6.18,262.4,32.55,49741.7,0.03,32332,1.185,8.25,-80.9,25.096,3.11,11.7
8/29/20,1:00:00,0,Biosphere 2,0.12,49832.3,49731.9,89.8,103.3,6.16,261.9,32.55,49741.3,0.04,32332,1.192,8.24,-80.8,25.096,3.11,11.7
8/29/20,1:15:00,0,Biosphere 2,0.12,49829.9,49730.5,89.8,103.4,6.16,261.6,32.54,49739.8,0.03,32331,1.195,8.24,-80.8,25.095,3.11,11.7
8/29/20,1:30:00,0,Biosphere 2,0.12,49828.9,49730.2,89.6,103.1,6.14,262.1,32.54,49739.4,0.04,32331,1.185,8.24,-80.8,25.094,3.11,11.7
8/29/20,1:45:00,0,Biosphere 2,0.12,49828.8,49730.6,89.6,103.1,6.14,261.4,32.54,49739.8,0.03,32331,1.187,8.24,-80.7,25.094,3.11,11.7
8/29/20,2:00:00,0,Biosphere 2,0.12,49828,49730.6,89.5,103,6.14,261.4,32.54,49739.7,0.04,32331,1.184,8.24,-80.7,25.093,3.11,11.7
8/29/20,2:15:00,0,Biosphere 2,0.12,49829.9,49732.5,89.4,102.9,6.13,261.2,32.55,49741.6,0.02,32332,1.2,8.24,-80.6,25.093,3.11,11.7
8/29/20,2:30:00,0,Biosphere 2,0.13,49827.5,49731.2,89.4,102.8,6.13,261.4,32.54,49740.3,0.04,32331,1.19,8.24,-80.5,25.092,3.11,11.7
8/29/20,2:45:00,0,Biosphere 2,0.13,49826,49730.9,89.4,102.9,6.13,261.5,32.54,49739.8,0.03,32331,1.191,8.24,-80.5,25.091,3.11,11.7
8/29/20,3:00:00,0,Biosphere 2,0.12,49825.2,49731,89.1,102.5,6.11,261.8,32.54,49739.8,0.04,32331,1.192,8.24,-80.4,25.09,3.11,11.7
8/29/20,3:15:00,0,Biosphere 2,0.16,49827.3,49733.2,89.1,102.5,6.11,262.2,32.55,49742,0.04,32332,1.184,8.24,-80.4,25.09,3.11,11.7
8/29/20,3:30:00,0,Biosphere 2,0.14,49826.7,49733.8,89,102.5,6.11,262.4,32.55,49742.5,0.03,32333,1.196,8.23,-80.3,25.089,3.11,11.7
8/29/20,3:45:00,0,Biosphere 2,0.15,49823.5,49731.9,88.8,102.1,6.09,263,32.55,49740.4,0.03,32331,1.201,8.23,-80.3,25.087,3.11,11.7
8/29/20,4:00:00,0,Biosphere 2,0.14,49823,49732.5,89,102.4,6.1,262.9,32.55,49741,0.03,32332,1.192,8.23,-80.2,25.086,3.11,11.7
8/29/20,4:15:00,0,Biosphere 2,0.14,49825.1,49735.5,88.8,102.2,6.09,262.7,32.55,49743.9,0.04,32334,1.184,8.23,-80.2,25.086,3.11,11.7
8/29/20,4:30:00,0,Biosphere 2,0.16,49823.3,49734.4,88.7,102.1,6.08,262.9,32.55,49742.7,0.04,32333,1.192,8.23,-80.1,25.085,3.11,11.7
8/29/20,4:45:00,0,Biosphere 2,0.16,49823.1,49735.1,88.6,102,6.08,262.7,32.55,49743.3,0.04,32333,1.2,8.23,-80.1,25.084,3.11,11.7
8/29/20,5:00:00,0,Biosphere 2,0.17,49818,49732.6,88.5,101.9,6.07,262.7,32.55,49740.6,0.05,32331,1.189,8.23,-80,25.082,3.11,11.7
8/29/20,5:15:00,0,Biosphere 2,0.15,49816.6,49733.4,88.3,101.6,6.06,262.8,32.55,49741.2,0.04,32332,1.185,8.23,-79.9,25.079,3.11,11.7
8/29/20,5:30:00,0,Biosphere 2,0.16,49818.8,49735.4,88.5,101.9,6.07,263.2,32.55,49743.3,0.04,32333,1.193,8.23,-79.9,25.08,3.11,11.7
8/29/20,5:45:00,0,Biosphere 2,0.17,49815.7,49733.1,88.5,101.8,6.07,264.2,32.55,49740.8,0.04,32332,1.19,8.23,-79.8,25.079,3.11,11.7
8/29/20,6:00:00,0,Biosphere 2,0.18,49814.5,49733.4,88.5,101.9,6.07,264.2,32.55,49741,0.05,32332,1.182,8.23,-79.8,25.077,3.11,11.7
8/29/20,6:15:00,0,Biosphere 2,0.17,49813.2,49733.8,88.5,101.9,6.07,262.3,32.55,49741.3,0.05,32332,1.192,8.22,-79.7,25.076,3.11,11.7
8/29/20,6:30:00,0,Biosphere 2,0.2,49812.8,49734,88.4,101.7,6.06,263,32.55,49741.4,0.04,32332,1.196,8.22,-79.7,25.075,3.11,11.7
8/29/20,6:45:00,0,Biosphere 2,0.19,49811.5,49734.1,88.5,101.8,6.07,263.8,32.55,49741.4,0.05,32332,1.192,8.22,-79.7,25.074,3.11,11.7
8/29/20,7:00:00,0,Biosphere 2,0.19,49812.7,49734.6,88.4,101.8,6.07,264.2,32.55,49741.9,0.03,32332,1.183,8.22,-79.6,25.075,3.11,11.7
8/29/20,7:15:00,0,Biosphere 2,0.19,49811.8,49734.5,88.5,101.9,6.07,264.7,32.55,49741.8,0.05,32332,1.19,8.22,-79.6,25.074,3.11,11.7
8/29/20,7:30:00,0,Biosphere 2,0.19,49812.4,49735.4,88.6,102,6.08,265.1,32.55,49742.6,0.04,32333,1.195,8.22,-79.5,25.073,3.11,11.7
8/29/20,7:45:00,0,Biosphere 2,0.22,49813.7,49736.3,88.4,101.7,6.06,262.3,32.55,49743.6,0.05,32333,1.19,8.22,-79.5,25.074,3.11,11.7
8/29/20,8:00:00,0,Biosphere 2,0.22,49815.9,49737.7,88.8,102.2,6.09,263.4,32.55,49745,0.05,32334,1.197,8.22,-79.5,25.075,3.11,11.7
8/29/20,8:15:00,0,Biosphere 2,0.23,49813.6,49735,89,102.4,6.1,263.8,32.55,49742.3,0.05,32333,1.184,8.22,-79.5,25.075,3.11,11.7
8/29/20,8:30:00,0,Biosphere 2,0.29,49814.2,49735.1,89.2,102.6,6.12,264.8,32.55,49742.5,0.05,32333,1.191,8.22,-79.5,25.075,3.11,11.7
8/29/20,8:45:00,0,Biosphere 2,0.25,49816,49734.7,89.4,102.9,6.13,265.6,32.55,49742.3,0.04,32333,1.197,8.22,-79.5,25.078,3.11,11.7
8/29/20,9:00:00,0,Biosphere 2,0.24,49819.1,49737,89.6,103.1,6.14,266.4,32.55,49744.7,0.04,32334,1.2,8.22,-79.5,25.078,3.11,11.7
8/29/20,9:15:00,0,Biosphere 2,0.3,49818.3,49734.5,89.8,103.3,6.16,265.3,32.55,49742.3,0.06,32333,1.193,8.22,-79.5,25.08,3.11,11.7
8/29/20,9:30:00,0,Biosphere 2,0.23,49827.8,49733.7,90.1,103.7,6.18,265.9,32.55,49742.5,0.06,32333,1.185,8.22,-79.5,25.09,3.11,11.7
8/29/20,9:45:00,0,Biosphere 2,0.23,49841.6,49737.4,90.7,104.4,6.22,266,32.55,49747.2,0.05,32336,1.183,8.22,-79.6,25.099,3.11,11.7
8/29/20,10:00:00,0,Biosphere 2,0.26,49847.3,49733.1,91.2,104.9,6.25,264.1,32.55,49743.8,0.06,32333,1.192,8.22,-79.7,25.109,3.11,11.7
8/29/20,10:15:00,0,Biosphere 2,0.21,49865.4,49731.4,91.9,105.8,6.3,265,32.55,49744,0.05,32334,1.2,8.23,-79.8,25.128,3.11,11.7
8/29/20,10:30:00,0,Biosphere 2,0.23,49869.2,49730.4,92.4,106.4,6.33,266.1,32.55,49743.4,0.04,32333,1.191,8.23,-79.9,25.132,3.11,11.7
8/29/20,10:45:00,0,Biosphere 2,0.19,49877.4,49730.6,93.2,107.2,6.38,266.9,32.55,49744.3,0.04,32334,1.186,8.23,-80,25.14,3.11,11.7
8/29/20,11:00:00,0,Biosphere 2,0.22,49871.1,49734.1,93.6,107.7,6.41,267.3,32.55,49746.9,0.04,32335,1.19,8.23,-80.2,25.131,3.11,11.7
8/29/20,11:15:00,0,Biosphere 2,0.24,49872.4,49730.9,94.2,108.5,6.46,267.9,32.55,49744.1,0.05,32334,1.2,8.23,-80.3,25.135,3.11,11.7
8/29/20,11:30:00,0,Biosphere 2,0.23,49878.5,49731.8,94.7,109,6.49,267.9,32.55,49745.5,0.05,32335,1.187,8.24,-80.4,25.14,3.11,11.7
8/29/20,11:45:00,0,Biosphere 2,0.22,49881.1,49731.2,95.5,109.8,6.54,264.9,32.55,49745.2,0.04,32334,1.192,8.24,-80.5,25.143,3.11,11.7
8/29/20,12:00:00,0,Biosphere 2,0.23,49877.7,49731.6,96,110.5,6.58,265.4,32.55,49745.3,0.03,32334,1.197,8.24,-80.7,25.139,3.11,11.7
8/29/20,12:15:00,0,Biosphere 2,0.23,49885.4,49734.8,96.6,111.2,6.62,266.7,32.55,49748.9,0.05,32337,1.183,8.24,-80.8,25.144,3.11,11.6
8/29/20,12:30:00,0,Biosphere 2,0.23,49876.9,49733.5,96.8,111.4,6.64,267.7,32.55,49747,0.03,32336,1.193,8.24,-80.9,25.137,3.11,11.6
8/29/20,12:45:00,0,Biosphere 2,0.24,49866.9,49731.7,97.4,112.1,6.67,268,32.55,49744.3,0.03,32334,1.19,8.25,-81.1,25.129,3.11,11.6
8/29/20,13:00:00,0,Biosphere 2,0.23,49869.1,49730.7,98,112.8,6.71,267.9,32.55,49743.7,0.05,32333,1.192,8.25,-81.2,25.132,3.11,11.6
8/29/20,13:15:00,0,Biosphere 2,0.22,49872.3,49732.5,98.5,113.3,6.75,268,32.55,49745.6,0.03,32335,1.197,8.25,-81.4,25.133,3.11,11.6
8/29/20,13:30:00,0,Biosphere 2,0.23,49870.3,49733.5,98.6,113.5,6.76,268.7,32.55,49746.3,0.04,32335,1.182,8.25,-81.5,25.131,3.11,11.6
8/29/20,13:45:00,0,Biosphere 2,0.21,49874.2,49734,98.8,113.7,6.77,268.5,32.55,49747.1,0.04,32336,1.192,8.26,-81.6,25.134,3.11,11.6
8/29/20,14:00:00,0,Biosphere 2,0.23,49866.5,49732.9,99,113.9,6.78,268.8,32.55,49745.4,0.05,32334,1.19,8.26,-81.7,25.127,3.11,11.6
8/29/20,14:15:00,0,Biosphere 2,0.23,49875.1,49735,99.1,114.1,6.79,269.1,32.55,49748.2,0.05,32336,1.188,8.26,-81.8,25.134,3.11,11.6
8/29/20,14:30:00,0,Biosphere 2,0.25,49864.6,49733.1,99,114,6.79,269.3,32.55,49745.4,0.05,32334,1.187,8.26,-81.8,25.126,3.11,11.6
8/29/20,14:45:00,0,Biosphere 2,0.22,49859.1,49734.9,99.1,114.1,6.79,269.2,32.55,49746.5,0.05,32335,1.201,8.26,-81.9,25.118,3.11,11.6
8/29/20,15:00:00,0,Biosphere 2,0.2,49866,49735.2,99.4,114.4,6.81,269.1,32.55,49747.5,0.05,32336,1.196,8.26,-82,25.125,3.11,11.6
8/29/20,15:15:00,0,Biosphere 2,0.22,49860.6,49734.8,99.3,114.3,6.81,267.5,32.55,49746.6,0.04,32335,1.19,8.26,-82.1,25.12,3.11,11.6
8/29/20,15:30:00,0,Biosphere 2,0.23,49861.7,49737.8,99.1,114,6.79,267.9,32.55,49749.4,0.05,32337,1.191,8.27,-82.1,25.118,3.11,11.6
8/29/20,15:45:00,0,Biosphere 2,0.23,49860.2,49733.7,99.1,114.1,6.8,268.4,32.55,49745.6,0.06,32335,1.192,8.27,-82.2,25.121,3.11,11.6
8/29/20,16:00:00,0,Biosphere 2,0.22,49859.7,49734.1,98.9,113.8,6.78,268.4,32.55,49745.8,0.04,32335,1.2,8.27,-82.2,25.12,3.11,11.6
8/29/20,16:15:00,0,Biosphere 2,0.23,49862.5,49736.6,98.7,113.6,6.77,268.9,32.55,49748.3,0.04,32336,1.194,8.27,-82.2,25.12,3.11,11.6
8/29/20,16:30:00,0,Biosphere 2,0.22,49857.7,49734.3,98.6,113.4,6.76,268.7,32.55,49745.8,0.04,32335,1.182,8.27,-82.2,25.118,3.11,11.7
8/29/20,16:45:00,0,Biosphere 2,0.23,49857.9,49736,98.4,113.3,6.75,267.4,32.55,49747.5,0.04,32336,1.192,8.27,-82.3,25.116,3.11,11.7
8/29/20,17:00:00,0,Biosphere 2,0.23,49858.3,49737.7,98.2,113,6.73,268,32.55,49749,0.05,32337,1.191,8.27,-82.2,25.115,3.11,11.7
8/29/20,17:15:00,0,Biosphere 2,0.2,49859.4,49736.5,97.9,112.7,6.71,268.6,32.55,49748,0.05,32336,1.184,8.27,-82.3,25.117,3.11,11.7
8/29/20,17:30:00,0,Biosphere 2,0.21,49856.7,49735.7,97.5,112.3,6.69,269,32.55,49747,0.05,32336,1.183,8.27,-82.3,25.115,3.11,11.7
8/29/20,17:45:00,0,Biosphere 2,0.2,49858.1,49738.2,97.3,111.9,6.67,268.9,32.55,49749.4,0.03,32337,1.192,8.27,-82.2,25.114,3.11,11.7
8/29/20,18:00:00,0,Biosphere 2,0.18,49860.8,49740.3,97,111.6,6.65,268.5,32.55,49751.6,0.05,32339,1.188,8.27,-82.2,25.115,3.11,11.7
8/29/20,18:15:00,0,Biosphere 2,0.19,49856.1,49737.3,96.6,111.2,6.62,268.5,32.55,49748.4,0.04,32336,1.189,8.27,-82.2,25.113,3.11,11.7
8/29/20,18:30:00,0,Biosphere 2,0.17,49859.3,49739.7,96.3,110.8,6.6,269.2,32.55,49750.9,0.03,32338,1.185,8.27,-82.2,25.114,3.11,11.7
8/29/20,18:45:00,0,Biosphere 2,0.18,49854.9,49736.7,95.9,110.4,6.58,269,32.55,49747.8,0.04,32336,1.189,8.27,-82.1,25.113,3.11,11.7
8/29/20,19:00:00,0,Biosphere 2,0.18,49854.7,49736.1,95.6,110.1,6.55,269.2,32.55,49747.2,0.04,32336,1.186,8.27,-82.1,25.113,3.11,11.7
8/29/20,19:15:00,0,Biosphere 2,0.19,49854.1,49736,95.4,109.7,6.54,270.1,32.55,49747,0.04,32336,1.189,8.26,-82.1,25.113,3.11,11.7
8/29/20,19:30:00,0,Biosphere 2,0.16,49856.4,49738.6,95,109.3,6.51,270.1,32.55,49749.6,0.03,32337,1.191,8.26,-82,25.112,3.11,11.7
8/29/20,19:45:00,0,Biosphere 2,0.14,49855.3,49738.5,94.7,109,6.49,270.4,32.55,49749.5,0.04,32337,1.191,8.26,-82,25.111,3.11,11.7
8/29/20,20:00:00,0,Biosphere 2,0.17,49852.4,49737,94.4,108.6,6.47,270.5,32.55,49747.8,0.03,32336,1.192,8.26,-81.9,25.11,3.11,11.7
8/29/20,20:15:00,0,Biosphere 2,0.15,49850.8,49736.5,94,108.2,6.45,270.1,32.55,49747.2,0.05,32336,1.196,8.26,-81.9,25.109,3.11,11.7
8/29/20,20:30:00,0,Biosphere 2,0.18,49850.4,49736.6,93.9,108,6.44,270,32.55,49747.3,0.04,32336,1.189,8.26,-81.9,25.109,3.11,11.7
8/29/20,20:45:00,0,Biosphere 2,0.15,49848.2,49736.6,93.5,107.6,6.41,269.9,32.55,49747,0.04,32336,1.182,8.26,-81.8,25.106,3.11,11.7
8/29/20,21:00:00,0,Biosphere 2,0.15,49846.8,49737.1,93.3,107.3,6.39,269,32.55,49747.4,0.03,32336,1.186,8.26,-81.8,25.105,3.11,11.7
8/29/20,21:15:00,0,Biosphere 2,0.14,49844.5,49737.6,93.1,107.2,6.38,268.1,32.55,49747.6,0.03,32336,1.2,8.26,-81.7,25.102,3.11,11.7
8/29/20,21:30:00,0,Biosphere 2,0.16,49844.8,49739.1,92.8,106.8,6.36,267.4,32.55,49749,0.04,32337,1.189,8.26,-81.6,25.101,3.11,11.7
8/29/20,21:45:00,0,Biosphere 2,0.17,49843.6,49740.7,92.6,106.6,6.35,267.4,32.55,49750.4,0.04,32338,1.186,8.26,-81.6,25.098,3.11,11.7
8/29/20,22:00:00,0,Biosphere 2,0.16,49842.4,49741.4,92.4,106.3,6.34,267.9,32.55,49750.8,0.04,32338,1.19,8.26,-81.5,25.096,3.11,11.7
8/29/20,22:15:00,0,Biosphere 2,0.15,49837.4,49739.9,92.1,106,6.32,268.2,32.55,49749,0.02,32337,1.181,8.25,-81.5,25.093,3.11,11.7
8/29/20,22:30:00,0,Biosphere 2,0.17,49834,49740.3,91.8,105.6,6.29,268.8,32.55,49749,0.04,32337,1.181,8.25,-81.4,25.089,3.11,11.7
8/29/20,22:45:00,0,Biosphere 2,0.15,49834.2,49742.1,91.8,105.6,6.29,268.7,32.55,49750.7,0.05,32338,1.192,8.25,-81.4,25.088,3.11,11.6
8/29/20,23:00:00,0,Biosphere 2,0.14,49827,49739.5,91.5,105.3,6.28,268.1,32.55,49747.7,0.04,32336,1.192,8.25,-81.3,25.084,3.11,11.7
8/29/20,23:15:00,0,Biosphere 2,0.16,49824.6,49739.2,91.3,105.1,6.26,267.8,32.55,49747.2,0.04,32336,1.194,8.25,-81.2,25.082,3.11,11.6
8/29/20,23:30:00,0,Biosphere 2,0.16,49828,49743.1,91.1,104.9,6.25,267.5,32.55,49751,0.03,32338,1.195,8.25,-81.2,25.081,3.11,11.7
8/29/20,23:45:00,0,Biosphere 2,0.16,49824.1,49742,91,104.8,6.24,267.5,32.55,49749.7,0.03,32337,1.196,8.25,-81.2,25.078,3.11,11.7
8/30/20,0:00:00,0,Biosphere 2,0.18,49823.7,49743.4,91,104.7,6.24,268.3,32.55,49751,0.04,32338,1.194,8.25,-81.1,25.077,3.11,11.7
8/30/20,0:15:00,0,Biosphere 2,0.17,49817.8,49742,90.7,104.4,6.22,268.5,32.55,49749.1,0.03,32337,1.198,8.25,-81,25.072,3.11,11.7
8/30/20,0:30:00,0,Biosphere 2,0.18,49818.2,49744.3,90.5,104.2,6.21,269.4,32.55,49751.2,0.04,32338,1.195,8.25,-81,25.07,3.11,11.7
8/30/20,0:45:00,0,Biosphere 2,0.17,49808.1,49741,90.2,103.8,6.19,269.5,32.55,49747.3,0.04,32336,1.192,8.24,-80.9,25.064,3.11,11.7
8/30/20,1:00:00,0,Biosphere 2,0.15,49810.1,49743.6,90.2,103.8,6.19,268.8,32.55,49749.8,0.03,32337,1.195,8.24,-80.9,25.063,3.11,11.7
8/30/20,1:15:00,0,Biosphere 2,0.17,49804.8,49742.5,90.1,103.7,6.18,266.8,32.55,49748.4,0.04,32336,1.195,8.24,-80.8,25.059,3.11,11.7
8/30/20,1:30:00,0,Biosphere 2,0.15,49802.1,49743.9,90,103.6,6.18,267.1,32.55,49749.3,0.04,32337,1.192,8.24,-80.8,25.056,3.11,11.7
8/30/20,1:45:00,0,Biosphere 2,0.18,49800.1,49745.5,89.8,103.4,6.16,267.8,32.55,49750.6,0.04,32338,1.19,8.24,-80.7,25.052,3.11,11.7
8/30/20,2:00:00,0,Biosphere 2,0.15,49795.8,49745.4,89.7,103.3,6.16,268.4,32.55,49750.1,0.02,32338,1.188,8.24,-80.7,25.048,3.11,11.7
8/30/20,2:15:00,0,Biosphere 2,0.17,49795.2,49746.8,89.7,103.2,6.16,269.3,32.55,49751.3,0.03,32338,1.184,8.24,-80.6,25.046,3.11,11.7
8/30/20,2:30:00,0,Biosphere 2,0.19,49791,49745.6,89.6,103.1,6.15,266.9,32.55,49749.8,0.04,32337,1.193,8.24,-80.6,25.043,3.11,11.7
8/30/20,2:45:00,0,Biosphere 2,0.17,49785.1,49744.5,89.4,102.9,6.14,266.8,32.55,49748.3,0.04,32336,1.2,8.24,-80.5,25.039,3.11,11.7
8/30/20,3:00:00,0,Biosphere 2,0.17,49781.1,49744.7,89.3,102.7,6.13,267,32.55,49748.1,0.04,32336,1.182,8.24,-80.4,25.035,3.11,11.7
8/30/20,3:15:00,0,Biosphere 2,0.17,49780.1,49744.9,89.3,102.8,6.13,267.6,32.55,49748.2,0.04,32336,1.182,8.24,-80.4,25.034,3.11,11.7
8/30/20,3:30:00,0,Biosphere 2,0.19,49573,49541.1,89.2,102.7,6.13,268,32.41,49544.1,0.05,32204,1.189,8.24,-80.4,25.031,3.11,11.7
8/30/20,3:45:00,0,Biosphere 2,0.19,49549.5,49521.2,89,102.4,6.12,268.8,32.4,49523.9,0.03,32191,1.19,8.23,-80.3,25.027,3.11,11.7
8/30/20,4:00:00,0,Biosphere 2,0.23,49391.2,49366.6,89,102.4,6.12,268.7,32.29,49368.9,0.04,32090,1.183,8.23,-80.3,25.024,3.11,11.7
8/30/20,4:15:00,0,Biosphere 2,0.19,49631.4,49610.3,89,102.4,6.11,268.7,32.46,49612.3,0.03,32248,1.182,8.23,-80.2,25.02,3.11,11.7
8/30/20,4:30:00,0,Biosphere 2,0.21,49589.7,49571,88.9,102.3,6.11,269.9,32.43,49572.7,0.05,32222,1.2,8.23,-80.2,25.018,3.11,11.7
8/30/20,4:45:00,0,Biosphere 2,0.21,49635.9,49621,88.7,102.1,6.1,270,32.47,49622.4,0.04,32255,1.191,8.23,-80.1,25.014,3.11,11.7
8/30/20,5:00:00,0,Biosphere 2,0.21,49630.5,49618,88.8,102.2,6.1,270.5,32.46,49619.2,0.04,32252,1.182,8.23,-80.1,25.012,3.11,11.7
8/30/20,5:15:00,0,Biosphere 2,0.2,49572.8,49564.9,88.6,101.9,6.09,270.6,32.43,49565.7,0.04,32218,1.185,8.23,-80,25.007,3.11,11.7
8/30/20,5:30:00,0,Biosphere 2,0.2,49625.2,49617.8,88.6,102,6.09,266,32.46,49618.5,0.03,32252,1.185,8.23,-80,25.007,3.11,11.7
8/30/20,5:45:00,0,Biosphere 2,0.2,49522,49519.8,88.2,101.5,6.06,268.3,32.4,49520,0.05,32188,1.199,8.23,-79.9,25.002,3.11,11.7
8/30/20,6:00:00,0,Biosphere 2,0.2,49593.4,49589.3,88.5,101.8,6.08,266.5,32.44,49589.6,0.04,32233,1.199,8.23,-79.9,25.004,3.11,11.7
8/30/20,6:15:00,0,Biosphere 2,0.23,49705.4,49705,88.1,101.4,6.05,267.2,32.52,49705.1,0.05,32308,1.187,8.23,-79.8,25,3.11,11.7
8/30/20,6:30:00,0,Biosphere 2,0.22,49639.8,49641,88.3,101.7,6.07,268,32.48,49640.9,0.05,32267,1.183,8.23,-79.8,24.999,3.11,11.7
8/30/20,6:45:00,0,Biosphere 2,0.24,49697,49697.4,88.3,101.6,6.07,267.8,32.52,49697.3,0.03,32303,1.194,8.22,-79.7,25,3.11,11.7
8/30/20,7:00:00,0,Biosphere 2,0.25,49747.4,49747.5,88.3,101.7,6.07,269.1,32.55,49747.5,0.05,32336,1.189,8.22,-79.7,25,3.11,11.7
8/30/20,7:15:00,0,Biosphere 2,0.34,49753.4,49749.4,88.5,101.8,6.07,268.2,32.55,49749.7,0.05,32337,1.183,8.22,-79.6,25.004,3.11,11.7
8/30/20,7:30:00,0,Biosphere 2,0.27,49628.7,49619.8,88.6,102,6.09,268.6,32.46,49620.6,0.06,32253,1.188,8.22,-79.6,25.009,3.11,11.7
8/30/20,7:45:00,0,Biosphere 2,0.29,49666.6,49654.2,88.8,102.2,6.1,268.8,32.49,49655.4,0.04,32276,1.195,8.22,-79.6,25.012,3.11,11.7
8/30/20,8:00:00,0,Biosphere 2,0.3,49757.7,49744,89.1,102.5,6.12,269.5,32.55,49745.3,0.05,32334,1.192,8.22,-79.6,25.013,3.11,11.7
8/30/20,8:15:00,0,Biosphere 2,0.3,49762.2,49746.3,89.3,102.8,6.13,270.3,32.55,49747.7,0.05,32336,1.188,8.22,-79.6,25.015,3.11,11.7
8/30/20,8:30:00,0,Biosphere 2,0.34,49767.7,49746.6,89.7,103.3,6.16,271.4,32.55,49748.5,0.06,32337,1.181,8.22,-79.7,25.02,3.11,11.7
8/30/20,8:45:00,0,Biosphere 2,0.38,49773.6,49749.7,89.9,103.5,6.17,272.1,32.55,49751.9,0.06,32339,1.192,8.22,-79.7,25.023,3.11,11.7
8/30/20,9:00:00,0,Biosphere 2,0.28,49783,49747.4,90.4,104.1,6.21,271,32.55,49750.7,0.05,32338,1.2,8.23,-79.8,25.034,3.11,11.7
8/30/20,9:15:00,0,Biosphere 2,0.28,49790.5,49749.4,90.7,104.4,6.23,270.1,32.56,49753.2,0.05,32340,1.182,8.23,-79.8,25.039,3.11,11.7
8/30/20,9:30:00,0,Biosphere 2,0.29,49796.7,49746.5,91.2,105,6.26,267.2,32.55,49751.2,0.06,32338,1.183,8.23,-79.9,25.048,3.11,11.7
8/30/20,9:45:00,0,Biosphere 2,0.34,49803,49744.3,91.7,105.5,6.29,269.5,32.55,49749.8,0.06,32337,1.191,8.23,-80,25.056,3.11,11.7
8/30/20,10:00:00,0,Biosphere 2,0.34,49811.5,49744.6,92.2,106.1,6.33,270.4,32.55,49750.9,0.05,32338,1.189,8.23,-80.1,25.064,3.11,11.7
8/30/20,10:15:00,0,Biosphere 2,0.29,49819.7,49742.1,92.8,106.8,6.36,269.5,32.55,49749.3,0.04,32337,1.193,8.23,-80.2,25.074,3.11,11.7
8/30/20,10:30:00,0,Biosphere 2,0.36,49830.5,49745,93,107.1,6.38,267.8,32.55,49753,0.05,32339,1.199,8.23,-80.3,25.082,3.11,11.7
8/30/20,10:45:00,0,Biosphere 2,0.26,49845.5,49741,93.7,107.9,6.43,269.9,32.55,49750.8,0.05,32338,1.183,8.24,-80.4,25.1,3.11,11.7
8/30/20,11:00:00,0,Biosphere 2,0.31,49859.4,49742,94.2,108.4,6.46,271.4,32.55,49753,0.05,32339,1.183,8.24,-80.5,25.112,3.11,11.7
8/30/20,11:15:00,0,Biosphere 2,0.28,49871.9,49744.4,95.2,109.6,6.52,271,32.56,49756.3,0.04,32342,1.181,8.24,-80.7,25.122,3.11,11.7
8/30/20,11:30:00,0,Biosphere 2,0.27,49870.6,49742.9,95.4,109.8,6.54,271.8,32.55,49754.9,0.04,32341,1.189,8.24,-80.8,25.122,3.11,11.7
8/30/20,11:45:00,0,Biosphere 2,0.28,49864.8,49736.7,95.9,110.4,6.57,272.6,32.55,49748.7,0.04,32337,1.19,8.25,-81,25.122,3.11,11.7
8/30/20,12:00:00,0,Biosphere 2,0.33,49867.4,49739.4,96.2,110.7,6.59,273.3,32.55,49751.4,0.04,32338,1.199,8.25,-81.1,25.122,3.11,11.7
8/30/20,12:15:00,0,Biosphere 2,0.27,49869.8,49740.5,96.6,111.2,6.62,273.9,32.55,49752.6,0.04,32339,1.182,8.25,-81.2,25.123,3.11,11.7
8/30/20,12:30:00,0,Biosphere 2,0.28,49873.6,49741.4,97,111.6,6.64,274.6,32.55,49753.8,0.04,32340,1.185,8.25,-81.3,25.126,3.11,11.7
8/30/20,12:45:00,0,Biosphere 2,0.29,49869.9,49741.5,97.4,112.1,6.67,275.2,32.55,49753.5,0.05,32340,1.187,8.25,-81.4,25.123,3.11,11.7
8/30/20,13:00:00,0,Biosphere 2,0.31,49870.9,49742.3,97.6,112.3,6.69,275.5,32.55,49754.3,0.05,32340,1.197,8.26,-81.6,25.123,3.11,11.7
8/30/20,13:15:00,0,Biosphere 2,0.31,49873.8,49739.5,97.8,112.6,6.7,275.9,32.55,49752,0.06,32339,1.186,8.26,-81.6,25.128,3.11,11.7
8/30/20,13:30:00,0,Biosphere 2,0.27,49876.3,49739.3,98.2,113,6.73,276.5,32.55,49752.1,0.04,32339,1.19,8.26,-81.8,25.131,3.11,11.7
8/30/20,13:45:00,0,Biosphere 2,0.28,49882.1,49739.8,98.4,113.2,6.74,276.9,32.55,49753.1,0.04,32340,1.198,8.26,-81.8,25.136,3.11,11.7
8/30/20,14:00:00,0,Biosphere 2,0.3,49881.8,49738.8,98.5,113.3,6.75,277.1,32.55,49752.2,0.07,32339,1.191,8.26,-81.9,25.136,3.11,11.7
8/30/20,14:15:00,0,Biosphere 2,0.25,49878.1,49742.5,98.4,113.2,6.74,276.9,32.55,49755.2,0.05,32341,1.193,8.26,-82,25.129,3.11,11.7
8/30/20,14:30:00,0,Biosphere 2,0.26,49884.6,49740.4,98.8,113.7,6.77,276.6,32.55,49753.9,0.06,32340,1.2,8.26,-82.1,25.138,3.11,11.7
8/30/20,14:45:00,0,Biosphere 2,0.3,49873.1,49738.1,98.7,113.6,6.76,276.5,32.55,49750.8,0.06,32338,1.194,8.27,-82.1,25.129,3.11,11.7
8/30/20,15:00:00,0,Biosphere 2,0.32,49880.2,49741.7,98.8,113.7,6.77,276,32.55,49754.7,0.04,32341,1.19,8.27,-82.2,25.132,3.11,11.7
8/30/20,15:15:00,0,Biosphere 2,0.28,49879.1,49741.6,98.8,113.7,6.77,276.2,32.55,49754.5,0.05,32340,1.182,8.27,-82.3,25.131,3.11,11.7
8/30/20,15:30:00,0,Biosphere 2,0.28,49875.8,49739.1,98.8,113.7,6.77,276.8,32.55,49751.9,0.04,32339,1.192,8.27,-82.4,25.13,3.11,11.7
8/30/20,15:45:00,0,Biosphere 2,0.25,49874.1,49739.9,98.6,113.5,6.76,259.8,32.55,49752.5,0.03,32339,1.191,8.27,-82.4,25.128,3.11,11.7
8/30/20,16:00:00,0,Biosphere 2,0.28,49870.6,49738.7,98.4,113.3,6.75,266.7,32.55,49751.1,0.04,32338,1.192,8.27,-82.4,25.126,3.11,11.7
8/30/20,16:15:00,0,Biosphere 2,0.3,49872,49742.7,98.2,113,6.73,269,32.55,49754.8,0.04,32341,1.197,8.27,-82.4,25.123,3.11,11.7
8/30/20,16:30:00,0,Biosphere 2,0.28,49869.6,49738.8,98.1,112.9,6.72,271.2,32.55,49751,0.05,32338,1.187,8.27,-82.5,25.125,3.11,11.7
8/30/20,16:45:00,0,Biosphere 2,0.32,49867.9,49739.9,97.8,112.6,6.71,272.9,32.55,49751.9,0.05,32339,1.188,8.27,-82.5,25.122,3.11,11.7
8/30/20,17:00:00,0,Biosphere 2,0.29,49864.5,49739.7,97.6,112.3,6.69,273.6,32.55,49751.4,0.04,32338,1.197,8.27,-82.4,25.119,3.11,11.7
8/30/20,17:15:00,0,Biosphere 2,0.25,49868.9,49741.2,97.3,112,6.67,274.3,32.55,49753.1,0.05,32340,1.186,8.27,-82.5,25.122,3.11,11.7
8/30/20,17:30:00,0,Biosphere 2,0.28,49868.3,49739.6,97,111.7,6.65,275.1,32.55,49751.6,0.06,32339,1.189,8.27,-82.4,25.123,3.11,11.7
8/30/20,17:45:00,0,Biosphere 2,0.23,49866.3,49738.9,96.7,111.2,6.62,275.5,32.55,49750.8,0.03,32338,1.197,8.27,-82.4,25.121,3.11,11.7
8/30/20,18:00:00,0,Biosphere 2,0.25,49868.1,49739.8,96.4,110.9,6.6,276.3,32.55,49751.9,0.04,32339,1.192,8.27,-82.4,25.122,3.11,11.7
8/30/20,18:15:00,0,Biosphere 2,0.23,49867.9,49739.5,96,110.5,6.58,276.6,32.55,49751.5,0.03,32338,1.198,8.27,-82.4,25.122,3.11,11.7
8/30/20,18:30:00,0,Biosphere 2,0.2,49871.3,49742.2,95.7,110.2,6.56,276.2,32.55,49754.3,0.04,32340,1.194,8.27,-82.3,25.123,3.11,11.7
8/30/20,18:45:00,0,Biosphere 2,0.18,49866.5,49739.5,95.5,109.8,6.54,275.8,32.55,49751.4,0.03,32338,1.185,8.27,-82.3,25.121,3.11,11.7
8/30/20,19:00:00,0,Biosphere 2,0.23,49868.2,49741.2,95,109.3,6.51,275.7,32.55,49753.1,0.04,32340,1.19,8.27,-82.3,25.121,3.11,11.7
8/30/20,19:15:00,0,Biosphere 2,0.19,49868.7,49741.3,94.8,109.1,6.5,276.1,32.55,49753.2,0.04,32340,1.199,8.27,-82.2,25.122,3.11,11.7
8/30/20,19:30:00,0,Biosphere 2,0.17,49863.8,49738.9,94.3,108.6,6.47,276.5,32.55,49750.6,0.03,32338,1.197,8.27,-82.2,25.119,3.11,11.7
8/30/20,19:45:00,0,Biosphere 2,0.23,49864.3,49739,94.2,108.5,6.46,276.8,32.55,49750.8,0.04,32338,1.189,8.27,-82.2,25.12,3.11,11.7
8/30/20,20:00:00,0,Biosphere 2,0.18,49866.3,49740.9,94,108.1,6.44,277.5,32.55,49752.6,0.05,32339,1.191,8.27,-82.1,25.12,3.11,11.7
8/30/20,20:15:00,0,Biosphere 2,0.19,49864,49739.2,93.7,107.8,6.42,278.5,32.55,49750.9,0.04,32338,1.192,8.26,-82.1,25.119,3.11,11.7
8/30/20,20:30:00,0,Biosphere 2,0.21,49865,49741.8,93.5,107.6,6.41,278.8,32.55,49753.4,0.03,32340,1.189,8.26,-82,25.118,3.11,11.7
8/30/20,20:45:00,0,Biosphere 2,0.22,49861.6,49739.7,93.1,107.2,6.38,278.8,32.55,49751.1,0.03,32338,1.19,8.26,-81.9,25.116,3.11,11.7
8/30/20,21:00:00,0,Biosphere 2,0.2,49861.4,49739.5,92.9,106.9,6.37,278.9,32.55,49750.9,0.03,32338,1.191,8.26,-81.9,25.116,3.11,11.7
8/30/20,21:15:00,0,Biosphere 2,0.2,49860.7,49740,92.6,106.5,6.35,278.2,32.55,49751.3,0.03,32338,1.198,8.26,-81.8,25.115,3.11,11.7
8/30/20,21:30:00,0,Biosphere 2,0.19,49859.2,49740.2,92.5,106.4,6.34,278.7,32.55,49751.4,0.04,32338,1.184,8.26,-81.8,25.113,3.11,11.7
8/30/20,21:45:00,0,Biosphere 2,0.25,49860.8,49742.1,92.3,106.2,6.32,278.6,32.55,49753.2,0.03,32340,1.192,8.26,-81.8,25.113,3.11,11.7
8/30/20,22:00:00,0,Biosphere 2,0.21,49860.9,49744.1,92,105.9,6.31,278.4,32.56,49755,0.04,32341,1.2,8.26,-81.7,25.111,3.11,11.7
8/30/20,22:15:00,0,Biosphere 2,0.19,49859.9,49743.3,91.6,105.5,6.28,278,32.55,49754.2,0.03,32340,1.19,8.26,-81.6,25.111,3.11,11.7
8/30/20,22:30:00,0,Biosphere 2,0.21,49859,49743.7,91.5,105.3,6.27,277.4,32.55,49754.5,0.04,32340,1.191,8.26,-81.5,25.11,3.11,11.7
8/30/20,22:45:00,0,Biosphere 2,0.16,49853.9,49741,91.3,105.1,6.26,276.6,32.55,49751.6,0.03,32339,1.191,8.26,-81.5,25.108,3.11,11.7
8/30/20,23:00:00,0,Biosphere 2,0.18,49855.8,49743.7,91.2,105,6.25,276.8,32.55,49754.2,0.05,32340,1.198,8.25,-81.5,25.107,3.11,11.7
8/30/20,23:15:00,0,Biosphere 2,0.21,49852.3,49741.8,91.1,104.8,6.24,277.6,32.55,49752.1,0.03,32339,1.183,8.25,-81.4,25.105,3.11,11.7
8/30/20,23:30:00,0,Biosphere 2,0.21,49849.8,49741.1,90.8,104.5,6.23,278,32.55,49751.3,0.04,32338,1.183,8.25,-81.3,25.104,3.11,11.7
8/30/20,23:45:00,0,Biosphere 2,0.21,49851.9,49744.6,90.5,104.2,6.21,278.2,32.56,49754.6,0.05,32341,1.199,8.25,-81.3,25.102,3.11,11.7
8/31/20,0:00:00,0,Biosphere 2,0.19,49849.6,49744.3,90.7,104.3,6.22,278.4,32.55,49754.1,0.02,32340,1.191,8.25,-81.3,25.1,3.11,11.7
8/31/20,0:15:00,0,Biosphere 2,0.21,49846,49741.9,90.4,104.1,6.2,269.1,32.55,49751.7,0.04,32339,1.193,8.25,-81.2,25.099,3.11,11.7
8/31/20,0:30:00,0,Biosphere 2,0.21,49843.6,49742,90.4,104,6.2,272.5,32.55,49751.5,0.04,32338,1.193,8.25,-81.1,25.097,3.11,11.7
8/31/20,0:45:00,0,Biosphere 2,0.22,49841.4,49743,90.1,103.7,6.18,274.3,32.55,49752.2,0.04,32339,1.191,8.25,-81.1,25.094,3.11,11.7
8/31/20,1:00:00,0,Biosphere 2,0.23,49840.7,49742.9,90,103.5,6.17,275.5,32.55,49752,0.05,32339,1.195,8.25,-81,25.093,3.11,11.7
8/31/20,1:15:00,0,Biosphere 2,0.21,49842,49745.6,90,103.6,6.17,276.5,32.56,49754.6,0.03,32340,1.184,8.25,-81,25.092,3.11,11.7
8/31/20,1:30:00,0,Biosphere 2,0.22,49839.3,49746.3,89.8,103.3,6.16,276.8,32.56,49755,0.03,32341,1.19,8.25,-80.9,25.089,3.11,11.7
8/31/20,1:45:00,0,Biosphere 2,0.22,49833.9,49744.5,89.7,103.2,6.15,276.6,32.55,49752.9,0.04,32339,1.198,8.24,-80.9,25.085,3.11,11.7
8/31/20,2:00:00,0,Biosphere 2,0.22,49835.5,49747.2,89.6,103.1,6.14,276.9,32.56,49755.5,0.04,32341,1.186,8.24,-80.8,25.084,3.11,11.7
8/31/20,2:15:00,0,Biosphere 2,0.24,49831.5,49745.9,89.5,103,6.14,277.7,32.56,49753.9,0.04,32340,1.19,8.24,-80.8,25.082,3.11,11.7
8/31/20,2:30:00,0,Biosphere 2,0.2,49827.7,49743.8,89.4,102.9,6.13,278.4,32.55,49751.7,0.03,32339,1.186,8.24,-80.7,25.08,3.11,11.7
8/31/20,2:45:00,0,Biosphere 2,0.25,49825.9,49744.7,89.2,102.7,6.12,278.9,32.55,49752.3,0.04,32339,1.184,8.24,-80.7,25.077,3.11,11.7
8/31/20,3:00:00,0,Biosphere 2,0.26,49824.9,49744.9,89.2,102.7,6.12,278.7,32.55,49752.4,0.04,32339,1.2,8.24,-80.6,25.076,3.11,11.7
8/31/20,3:15:00,0,Biosphere 2,0.25,49821.5,49745.8,89,102.4,6.1,278,32.55,49752.9,0.04,32339,1.193,8.24,-80.5,25.072,3.11,11.7
8/31/20,3:30:00,0,Biosphere 2,0.21,49818.9,49745.4,89,102.4,6.1,277.8,32.55,49752.2,0.05,32339,1.189,8.24,-80.5,25.07,3.11,11.7
8/31/20,3:45:00,0,Biosphere 2,0.24,49820.3,49747.6,88.9,102.3,6.1,278.2,32.56,49754.4,0.04,32340,1.196,8.24,-80.4,25.069,3.11,11.7
8/31/20,4:00:00,0,Biosphere 2,0.19,49815.1,49747.2,88.5,101.9,6.07,278.6,32.56,49753.5,0.04,32340,1.195,8.24,-80.3,25.065,3.11,11.7
8/31/20,4:15:00,0,Biosphere 2,0.2,49816.5,49749.4,88.7,102,6.08,279.2,32.56,49755.7,0.05,32341,1.2,8.23,-80.3,25.064,3.11,11.7
8/31/20,4:30:00,0,Biosphere 2,0.29,49811.4,49745.7,88.6,101.9,6.08,279.3,32.55,49751.9,0.04,32339,1.198,8.23,-80.3,25.063,3.11,11.7
8/31/20,4:45:00,0,Biosphere 2,0.25,49809.8,49746.1,88.7,102.1,6.09,279.5,32.55,49752,0.04,32339,1.194,8.23,-80.2,25.061,3.11,11.7
8/31/20,5:00:00,0,Biosphere 2,0.26,49808.2,49747.4,88.7,102,6.08,279.3,32.55,49753.1,0.04,32339,1.181,8.23,-80.2,25.058,3.11,11.7
8/31/20,5:15:00,0,Biosphere 2,0.28,49808.6,49749.1,88.5,101.9,6.07,279.1,32.56,49754.7,0.04,32341,1.194,8.23,-80.1,25.057,3.11,11.7
8/31/20,5:30:00,0,Biosphere 2,0.29,49806.2,49750,88.3,101.6,6.06,279.1,32.56,49755.3,0.03,32341,1.198,8.23,-80,25.054,3.11,11.7
8/31/20,5:45:00,0,Biosphere 2,0.24,49802.5,49749.1,88.4,101.7,6.06,279.1,32.56,49754.1,0.03,32340,1.191,8.23,-80,25.051,3.11,11.7
8/31/20,6:00:00,0,Biosphere 2,0.26,49800,49749.5,88.3,101.7,6.06,278.6,32.56,49754.2,0.03,32340,1.187,8.23,-80,25.048,3.11,11.7
8/31/20,6:15:00,0,Biosphere 2,0.28,49797.5,49751.6,88,101.3,6.04,278,32.56,49755.9,0.04,32341,1.191,8.23,-79.9,25.044,3.11,11.7
8/31/20,6:30:00,0,Biosphere 2,0.35,49798,49751.1,88.3,101.6,6.06,278.6,32.56,49755.5,0.06,32341,1.195,8.23,-79.9,25.045,3.11,11.7
8/31/20,6:45:00,0,Biosphere 2,0.29,49791.8,49748.3,88.2,101.5,6.05,279,32.55,49752.4,0.05,32339,1.195,8.23,-79.8,25.042,3.11,11.7
8/31/20,7:00:00,0,Biosphere 2,0.32,49794.8,49750.9,88.3,101.6,6.06,279.5,32.56,49755,0.05,32341,1.191,8.23,-79.8,25.042,3.11,11.7
8/31/20,7:15:00,0,Biosphere 2,0.45,49798.3,49751.9,88.3,101.6,6.06,280.2,32.56,49756.2,0.06,32342,1.186,8.23,-79.7,25.044,3.11,11.7
8/31/20,7:30:00,0,Biosphere 2,0.4,49798,49748.4,88.7,102.1,6.09,280.6,32.56,49753,0.07,32339,1.184,8.23,-79.8,25.047,3.11,11.7
8/31/20,7:45:00,0,Biosphere 2,0.27,49806,49751.5,88.8,102.2,6.1,280.5,32.56,49756.6,0.04,32342,1.189,8.23,-79.8,25.052,3.11,11.7
8/31/20,8:00:00,0,Biosphere 2,0.37,49807.6,49748.6,89.2,102.6,6.12,278.4,32.56,49754.1,0.06,32340,1.2,8.23,-79.8,25.056,3.11,11.7
8/31/20,8:15:00,0,Biosphere 2,0.41,49818.6,49751.2,89.6,103.1,6.15,278.8,32.56,49757.5,0.06,32342,1.194,8.23,-79.8,25.064,3.11,11.7
8/31/20,8:30:00,0,Biosphere 2,0.34,49827.4,49750,90.1,103.7,6.18,278.9,32.56,49757.2,0.06,32342,1.182,8.23,-79.9,25.074,3.11,11.7
8/31/20,8:45:00,0,Biosphere 2,0.32,49831,49745.8,90.4,104.1,6.2,279.5,32.55,49753.7,0.07,32340,1.192,8.23,-79.9,25.081,3.11,11.7
8/31/20,9:00:00,0,Biosphere 2,0.39,49842,49746.4,90.8,104.5,6.22,280.7,32.56,49755.4,0.06,32341,1.19,8.23,-80,25.091,3.11,11.7
8/31/20,9:15:00,0,Biosphere 2,0.31,49855.7,49746.4,91.4,105.2,6.27,280.5,32.56,49756.7,0.06,32342,1.192,8.23,-80.1,25.104,3.11,11.7
8/31/20,9:30:00,0,Biosphere 2,0.33,49865.1,49742.2,91.8,105.6,6.29,280.3,32.55,49753.7,0.05,32340,1.189,8.23,-80.1,25.117,3.11,11.7
8/31/20,9:45:00,0,Biosphere 2,0.28,49875.2,49741.9,92.5,106.5,6.34,280.4,32.55,49754.4,0.06,32340,1.191,8.23,-80.3,25.127,3.11,11.7
8/31/20,10:00:00,0,Biosphere 2,0.31,49876.2,49742,92.9,106.9,6.36,280.5,32.55,49754.6,0.05,32340,1.185,8.24,-80.4,25.128,3.11,11.7
8/31/20,10:15:00,0,Biosphere 2,0.37,49883.1,49740.4,93.5,107.7,6.41,280.7,32.55,49753.8,0.06,32340,1.185,8.24,-80.5,25.136,3.11,11.7
8/31/20,10:30:00,0,Biosphere 2,0.34,49879.9,49737.7,94.1,108.3,6.45,281,32.55,49751.1,0.06,32338,1.185,8.24,-80.6,25.136,3.11,11.7
8/31/20,10:45:00,0,Biosphere 2,0.3,49893.8,49744.6,94.8,109.1,6.5,281.4,32.56,49758.6,0.05,32343,1.191,8.24,-80.8,25.142,3.11,11.7
8/31/20,11:00:00,0,Biosphere 2,0.36,49890.2,49745.6,95.7,110.1,6.55,281.2,32.56,49759.1,0.05,32343,1.2,8.25,-81,25.138,3.11,11.7
8/31/20,11:15:00,0,Biosphere 2,0.33,49876.2,49742.5,95.9,110.4,6.57,280.8,32.55,49755,0.04,32341,1.183,8.25,-81.1,25.128,3.11,11.7
8/31/20,11:30:00,0,Biosphere 2,0.32,49877.8,49745,96.5,111.1,6.61,280.6,32.56,49757.4,0.04,32342,1.185,8.25,-81.2,25.127,3.11,11.7
8/31/20,11:45:00,0,Biosphere 2,0.39,49869.4,49741.4,97,111.6,6.65,281.3,32.55,49753.4,0.06,32340,1.19,8.25,-81.4,25.122,3.11,11.7
8/31/20,12:00:00,0,Biosphere 2,0.31,49885.3,49741.2,97.6,112.3,6.69,280.5,32.55,49754.7,0.05,32341,1.19,8.25,-81.5,25.137,3.11,11.7
8/31/20,12:15:00,0,Biosphere 2,0.43,49862.9,49743.4,97.5,112.2,6.68,280.5,32.55,49754.5,0.05,32340,1.183,8.26,-81.6,25.114,3.11,11.7
8/31/20,12:30:00,0,Biosphere 2,0.33,49863.9,49737.8,97.8,112.6,6.7,281.1,32.55,49749.6,0.05,32337,1.2,8.26,-81.6,25.12,3.11,11.7
8/31/20,12:45:00,0,Biosphere 2,0.34,49862.7,49745.5,97.8,112.5,6.7,278.5,32.56,49756.5,0.05,32342,1.193,8.26,-81.7,25.112,3.11,11.7
8/31/20,13:00:00,0,Biosphere 2,0.33,49872,49743,98,112.8,6.72,279,32.55,49755.1,0.06,32341,1.181,8.26,-81.8,25.123,3.11,11.7
8/31/20,13:15:00,0,Biosphere 2,0.33,49873.5,49743.3,98.4,113.2,6.74,279.5,32.56,49755.5,0.04,32341,1.182,8.26,-81.9,25.124,3.11,11.7
8/31/20,13:30:00,0,Biosphere 2,0.38,49862.6,49745.2,98.2,113,6.73,279.8,32.56,49756.2,0.06,32342,1.2,8.26,-81.9,25.112,3.11,11.7
8/31/20,13:45:00,0,Biosphere 2,0.34,49872.1,49742.9,98.5,113.4,6.75,279.9,32.55,49755,0.06,32341,1.192,8.26,-82.1,25.123,3.11,11.7
8/31/20,14:00:00,0,Biosphere 2,0.31,49875.1,49740.9,98.9,113.8,6.77,279.9,32.55,49753.4,0.05,32340,1.192,8.27,-82.2,25.128,3.11,11.7
8/31/20,14:15:00,0,Biosphere 2,0.31,49873.2,49741.3,98.7,113.6,6.76,278.6,32.55,49753.7,0.05,32340,1.197,8.27,-82.2,25.126,3.11,11.7
8/31/20,14:30:00,0,Biosphere 2,0.3,49874.6,49740.6,99.1,114.1,6.79,278.7,32.55,49753.1,0.05,32340,1.187,8.27,-82.3,25.128,3.11,11.7
8/31/20,14:45:00,0,Biosphere 2,0.48,49872,49743.7,99,113.9,6.78,279.2,32.56,49755.7,0.05,32341,1.185,8.27,-82.4,25.122,3.11,11.7
8/31/20,15:00:00,0,Biosphere 2,0.3,49869.8,49743.9,99.1,114.1,6.79,279.4,32.56,49755.7,0.05,32341,1.2,8.27,-82.4,25.12,3.11,11.7
8/31/20,15:15:00,0,Biosphere 2,0.38,49860.4,49740.6,99,114,6.79,277.5,32.55,49751.8,0.06,32339,1.2,8.27,-82.5,25.114,3.11,11.7
8/31/20,15:30:00,0,Biosphere 2,0.36,49863.7,49743.1,98.8,113.6,6.77,277.8,32.55,49754.4,0.05,32340,1.192,8.27,-82.5,25.115,3.11,11.7
8/31/20,15:45:00,0,Biosphere 2,0.29,49863.1,49741.4,98.7,113.6,6.77,278.4,32.55,49752.8,0.05,32339,1.189,8.27,-82.6,25.116,3.11,11.7
8/31/20,16:00:00,0,Biosphere 2,0.33,49861.6,49742.2,98.6,113.5,6.76,278.7,32.55,49753.4,0.04,32340,1.192,8.27,-82.6,25.114,3.11,11.7
8/31/20,16:15:00,0,Biosphere 2,0.34,49864.6,49744.6,98.4,113.3,6.75,279.2,32.56,49755.8,0.05,32341,1.198,8.27,-82.6,25.115,3.11,11.7
8/31/20,16:30:00,0,Biosphere 2,0.4,49865,49744.3,98.2,113,6.73,279.6,32.56,49755.6,0.06,32341,1.192,8.27,-82.7,25.115,3.11,11.7
8/31/20,16:45:00,0,Biosphere 2,0.28,49864.4,49745.9,98,112.7,6.71,279.8,32.56,49757,0.04,32342,1.191,8.28,-82.7,25.113,3.11,11.7
8/31/20,17:00:00,0,Biosphere 2,0.26,49863.3,49745.3,97.7,112.4,6.7,279.7,32.56,49756.3,0.06,32342,1.196,8.28,-82.7,25.113,3.11,11.7
8/31/20,17:15:00,0,Biosphere 2,0.26,49866.5,49745.8,97.4,112.1,6.68,279.7,32.56,49757.1,0.03,32342,1.198,8.27,-82.7,25.115,3.11,11.7
8/31/20,17:30:00,0,Biosphere 2,0.31,49865.6,49743.7,97.1,111.8,6.66,279.3,32.56,49755.1,0.05,32341,1.191,8.27,-82.7,25.116,3.11,11.7
8/31/20,17:45:00,0,Biosphere 2,0.27,49867.6,49746.1,96.8,111.4,6.64,279.9,32.56,49757.5,0.04,32342,1.189,8.27,-82.6,25.116,3.11,11.7
8/31/20,18:00:00,0,Biosphere 2,0.3,49866,49743.7,96.5,111.1,6.61,280.1,32.56,49755.1,0.05,32341,1.188,8.27,-82.6,25.117,3.11,11.7
8/31/20,18:15:00,0,Biosphere 2,0.29,49867.6,49745.2,96.2,110.7,6.59,280.2,32.56,49756.7,0.06,32342,1.192,8.27,-82.6,25.117,3.11,11.7
8/31/20,18:30:00,0,Biosphere 2,0.31,49866.3,49745.1,95.8,110.3,6.57,280.7,32.56,49756.4,0.05,32342,1.196,8.27,-82.6,25.116,3.11,11.7
8/31/20,18:45:00,0,Biosphere 2,0.27,49868.1,49745.7,95.6,110.1,6.55,281.1,32.56,49757.1,0.06,32342,1.19,8.27,-82.6,25.117,3.11,11.7
8/31/20,19:00:00,0,Biosphere 2,0.24,49868.5,49746.2,95.2,109.6,6.53,280,32.56,49757.7,0.04,32342,1.186,8.27,-82.5,25.117,3.11,11.7
8/31/20,19:15:00,0,Biosphere 2,0.24,49865.2,49743.6,95,109.3,6.51,279.7,32.56,49755,0.04,32341,1.189,8.27,-82.5,25.116,3.11,11.7
8/31/20,19:30:00,0,Biosphere 2,0.25,49866.8,49745.8,94.7,109,6.49,280,32.56,49757.2,0.05,32342,1.189,8.27,-82.4,25.115,3.11,11.7
8/31/20,19:45:00,0,Biosphere 2,0.23,49864.3,49743.2,94.4,108.6,6.47,280.6,32.55,49754.6,0.04,32340,1.192,8.27,-82.4,25.115,3.11,11.7
8/31/20,20:00:00,0,Biosphere 2,0.26,49866.6,49745.7,94.1,108.3,6.45,280.8,32.56,49757,0.04,32342,1.199,8.27,-82.3,25.115,3.11,11.7
8/31/20,20:15:00,0,Biosphere 2,0.27,49867.3,49746.3,93.8,108,6.43,280.7,32.56,49757.6,0.04,32342,1.185,8.27,-82.3,25.115,3.11,11.7
8/31/20,20:30:00,0,Biosphere 2,0.28,49863.9,49743.5,93.6,107.7,6.41,281,32.55,49754.8,0.02,32341,1.185,8.27,-82.3,25.115,3.11,11.7
8/31/20,20:45:00,0,Biosphere 2,0.24,49865.9,49745.3,93.3,107.4,6.39,281.2,32.56,49756.6,0.03,32342,1.186,8.27,-82.2,25.115,3.11,11.7
8/31/20,21:00:00,0,Biosphere 2,0.28,49867.1,49746.6,93.1,107.1,6.38,280.4,32.56,49757.9,0.05,32343,1.197,8.27,-82.1,25.115,3.11,11.7
8/31/20,21:15:00,0,Biosphere 2,0.2,49866.4,49746.7,92.7,106.7,6.35,280.7,32.56,49757.9,0.03,32343,1.194,8.26,-82.1,25.114,3.11,11.7
8/31/20,21:30:00,0,Biosphere 2,0.24,49865.2,49746.4,92.4,106.3,6.33,279.2,32.56,49757.5,0.03,32342,1.192,8.26,-82,25.113,3.11,11.7
8/31/20,21:45:00,0,Biosphere 2,0.28,49865,49746.9,92.2,106.1,6.32,279.4,32.56,49757.9,0.03,32343,1.191,8.26,-82,25.113,3.11,11.7
8/31/20,22:00:00,0,Biosphere 2,0.25,49862.2,49745.5,92.1,105.9,6.31,278,32.56,49756.5,0.04,32342,1.189,8.26,-81.9,25.111,3.11,11.7
8/31/20,22:15:00,0,Biosphere 2,0.21,49861.7,49746,91.9,105.7,6.3,278.1,32.56,49756.8,0.04,32342,1.191,8.26,-81.9,25.11,3.11,11.7
8/31/20,22:30:00,0,Biosphere 2,0.23,49857.5,49743.7,91.6,105.4,6.28,278.8,32.55,49754.3,0.04,32340,1.194,8.26,-81.8,25.109,3.11,11.7
8/31/20,22:45:00,0,Biosphere 2,0.25,49861.1,49747.5,91.6,105.4,6.28,279.5,32.56,49758.1,0.04,32343,1.195,8.26,-81.8,25.108,3.11,11.7
8/31/20,23:00:00,0,Biosphere 2,0.28,49856.9,49744.5,91.4,105.1,6.26,279.5,32.56,49755,0.03,32341,1.193,8.26,-81.7,25.107,3.11,11.7
8/31/20,23:15:00,0,Biosphere 2,0.25,49857.9,49745.8,91,104.8,6.24,277.4,32.56,49756.3,0.05,32342,1.193,8.26,-81.7,25.107,3.11,11.7
8/31/20,23:30:00,0,Biosphere 2,0.25,49859.2,49747.7,91,104.7,6.24,277.4,32.56,49758.1,0.04,32343,1.195,8.26,-81.6,25.106,3.11,11.7
8/31/20,23:45:00,0,Biosphere 2,0.21,49857.3,49747.5,90.8,104.5,6.22,277,32.56,49757.8,0.04,32343,1.192,8.26,-81.6,25.105,3.11,11.7
9/1/20,0:00:00,0,Biosphere 2,0.23,49854.5,49746.9,90.7,104.4,6.22,277.1,32.56,49757,0.03,32342,1.191,8.25,-81.5,25.103,3.11,11.7
9/1/20,0:15:00,0,Biosphere 2,0.25,49854.8,49748,90.4,104.1,6.2,277,32.56,49758,0.04,32343,1.188,8.25,-81.4,25.102,3.11,11.7
9/1/20,0:30:00,0,Biosphere 2,0.25,49850.6,49744.8,90.4,104,6.19,277.2,32.56,49754.7,0.03,32341,1.19,8.25,-81.4,25.101,3.11,11.7
9/1/20,0:45:00,0,Biosphere 2,0.31,49850.4,49746.1,90.3,103.9,6.19,277.6,32.56,49755.9,0.04,32341,1.184,8.25,-81.3,25.099,3.11,11.7
9/1/20,1:00:00,0,Biosphere 2,0.3,49851.8,49748.6,90.2,103.7,6.18,277.9,32.56,49758.3,0.04,32343,1.193,8.25,-81.3,25.098,3.11,11.7
9/1/20,1:15:00,0,Biosphere 2,0.24,49847.9,49747.8,90,103.5,6.17,278.6,32.56,49757.2,0.04,32342,1.201,8.25,-81.2,25.095,3.11,11.7
9/1/20,1:30:00,0,Biosphere 2,0.27,49844.9,49747,89.6,103.1,6.14,278.1,32.56,49756.2,0.04,32342,1.192,8.25,-81.2,25.093,3.11,11.7
9/1/20,1:45:00,0,Biosphere 2,0.29,49846.9,49749.5,89.7,103.2,6.15,279.5,32.56,49758.6,0.05,32343,1.193,8.25,-81.1,25.093,3.11,11.7
9/1/20,2:00:00,0,Biosphere 2,0.25,49842.2,49747.1,89.7,103.2,6.15,278.2,32.56,49756,0.05,32341,1.192,8.25,-81.1,25.091,3.11,11.7
9/1/20,2:15:00,0,Biosphere 2,0.27,49840.3,49747.2,89.4,102.9,6.13,277.5,32.56,49755.9,0.04,32341,1.197,8.25,-81,25.089,3.11,11.7
9/1/20,2:30:00,0,Biosphere 2,0.3,49842.2,49749.3,89.5,103,6.14,277.9,32.56,49758,0.05,32343,1.192,8.25,-81,25.089,3.11,11.7
9/1/20,2:45:00,0,Biosphere 2,0.29,49839.8,49750.3,89.3,102.8,6.12,278,32.56,49758.7,0.05,32343,1.195,8.24,-80.9,25.085,3.11,11.7
9/1/20,3:00:00,0,Biosphere 2,0.27,49838.1,49750.6,89.3,102.8,6.12,277.9,32.56,49758.8,0.05,32343,1.184,8.24,-80.8,25.083,3.11,11.7
9/1/20,3:15:00,0,Biosphere 2,0.31,49837.4,49751.5,89.2,102.6,6.12,277.5,32.56,49759.5,0.04,32344,1.192,8.24,-80.8,25.082,3.11,11.7
9/1/20,3:30:00,0,Biosphere 2,0.3,49830.1,49749,88.8,102.2,6.09,277.3,32.56,49756.6,0.04,32342,1.19,8.24,-80.7,25.077,3.11,11.7
9/1/20,3:45:00,0,Biosphere 2,0.27,49831.4,49749.7,89,102.4,6.1,277.7,32.56,49757.3,0.05,32342,1.189,8.24,-80.7,25.078,3.11,11.7
9/1/20,4:00:00,0,Biosphere 2,0.28,49830.7,49752.1,88.9,102.3,6.1,278.1,32.56,49759.5,0.04,32344,1.201,8.24,-80.6,25.075,3.11,11.7
9/1/20,4:15:00,0,Biosphere 2,0.3,49826.8,49749.7,88.9,102.3,6.1,278.7,32.56,49756.9,0.03,32342,1.191,8.24,-80.6,25.074,3.11,11.7
9/1/20,4:30:00,0,Biosphere 2,0.26,49824.4,49750.6,88.7,102.1,6.09,279,32.56,49757.5,0.04,32342,1.19,8.24,-80.5,25.07,3.11,11.7
9/1/20,4:45:00,0,Biosphere 2,0.33,49822.6,49750,88.9,102.3,6.1,279.2,32.56,49756.8,0.04,32342,1.192,8.24,-80.5,25.069,3.11,11.7
9/1/20,5:00:00,0,Biosphere 2,0.31,49822.9,49752.8,88.5,101.9,6.07,279.7,32.56,49759.4,0.04,32344,1.189,8.24,-80.4,25.067,3.11,11.7
9/1/20,5:15:00,0,Biosphere 2,0.33,49819.4,49752.6,88.4,101.7,6.06,279.2,32.56,49758.8,0.05,32343,1.192,8.24,-80.3,25.064,3.11,11.7
9/1/20,5:30:00,0,Biosphere 2,0.3,49819.8,49753.6,88.6,102,6.08,279.5,32.56,49759.8,0.05,32344,1.198,8.23,-80.3,25.063,3.11,11.7
9/1/20,5:45:00,0,Biosphere 2,0.29,49811,49750.5,88.2,101.5,6.05,279.4,32.56,49756.2,0.03,32342,1.19,8.23,-80.2,25.058,3.11,11.7
9/1/20,6:00:00,0,Biosphere 2,0.34,49813.4,49752.1,88.5,101.8,6.07,279.5,32.56,49757.9,0.03,32343,1.184,8.23,-80.2,25.058,3.11,11.7
9/1/20,6:15:00,0,Biosphere 2,0.31,49808.6,49753.4,87.9,101.1,6.03,279.8,32.56,49758.6,0.07,32343,1.196,8.23,-80.1,25.053,3.11,11.7
9/1/20,6:30:00,0,Biosphere 2,0.37,49807.5,49752,88.4,101.7,6.06,280.5,32.56,49757.2,0.04,32342,1.183,8.23,-80.1,25.053,3.11,11.7
9/1/20,6:45:00,0,Biosphere 2,0.4,49808.9,49753.5,88.4,101.8,6.07,280.5,32.56,49758.7,0.05,32343,1.184,8.23,-80.1,25.053,3.11,11.7
9/1/20,7:00:00,0,Biosphere 2,0.45,49809.6,49754,88.5,101.8,6.07,281.5,32.56,49759.2,0.04,32343,1.193,8.23,-80,25.053,3.11,11.7
9/1/20,7:15:00,0,Biosphere 2,0.38,49805.9,49751.9,88.5,101.9,6.08,281.5,32.56,49757,0.05,32342,1.193,8.23,-80,25.051,3.11,11.7
9/1/20,7:30:00,0,Biosphere 2,0.43,49805.7,49751.7,88.6,102,6.08,281.3,32.56,49756.8,0.05,32342,1.2,8.23,-79.9,25.051,3.11,11.7
9/1/20,7:45:00,0,Biosphere 2,0.54,49809.1,49751.6,88.8,102.2,6.09,279.4,32.56,49757,0.06,32342,1.197,8.23,-80,25.055,3.11,11.7
9/1/20,8:00:00,0,Biosphere 2,0.4,49811.2,49751.5,89,102.4,6.1,279,32.56,49757.1,0.06,32342,1.192,8.23,-80,25.057,3.11,11.7
9/1/20,8:15:00,0,Biosphere 2,0.44,49818,49753.3,89.3,102.7,6.12,279.3,32.56,49759.3,0.04,32344,1.195,8.23,-80,25.062,3.11,11.7
9/1/20,8:30:00,0,Biosphere 2,0.49,49828.3,49753.3,89.8,103.3,6.16,279.6,32.56,49760.3,0.06,32344,1.193,8.23,-80,25.072,3.11,11.7
9/1/20,8:45:00,0,Biosphere 2,0.46,49830.4,49750,90,103.6,6.17,280.6,32.56,49757.6,0.05,32342,1.19,8.23,-80,25.077,3.11,11.7
9/1/20,9:00:00,0,Biosphere 2,0.39,49848.1,49751.2,90.8,104.5,6.23,281.3,32.56,49760.3,0.07,32344,1.192,8.23,-80.1,25.092,3.11,11.7
9/1/20,9:15:00,0,Biosphere 2,0.43,49852.4,49748.5,91.1,104.8,6.24,281.7,32.56,49758.2,0.08,32343,1.195,8.23,-80.2,25.099,3.11,11.7
9/1/20,9:30:00,0,Biosphere 2,0.39,49866.6,49749.5,91.5,105.4,6.27,282.1,32.56,49760.5,0.07,32344,1.198,8.23,-80.2,25.112,3.11,11.7
9/1/20,9:45:00,0,Biosphere 2,0.44,49874.6,49749.5,91.8,105.7,6.29,282.2,32.56,49761.2,0.05,32345,1.186,8.23,-80.3,25.119,3.11,11.7
9/1/20,10:00:00,0,Biosphere 2,0.37,49888.4,49748.6,92.8,106.8,6.36,282.5,32.56,49761.6,0.06,32345,1.188,8.24,-80.5,25.133,3.11,11.7
9/1/20,10:15:00,0,Biosphere 2,0.46,49879.4,49746.5,93.2,107.3,6.39,282.8,32.56,49758.9,0.06,32343,1.19,8.24,-80.6,25.127,3.11,11.7
9/1/20,10:30:00,0,Biosphere 2,0.38,49892.8,49748.5,93.8,107.9,6.43,283.1,32.56,49762,0.05,32345,1.199,8.24,-80.7,25.138,3.11,11.7
9/1/20,10:45:00,0,Biosphere 2,0.37,49897,49746.9,94.7,109,6.49,283.2,32.56,49761,0.06,32345,1.184,8.24,-80.9,25.143,3.11,11.7
9/1/20,11:00:00,0,Biosphere 2,0.4,49887.5,49746.7,95.1,109.4,6.52,283.6,32.56,49759.9,0.07,32344,1.192,8.25,-81,25.134,3.11,11.7
9/1/20,11:15:00,0,Biosphere 2,0.46,49884.3,49745.1,95.6,110,6.55,283.8,32.56,49758.1,0.06,32343,1.191,8.25,-81.1,25.133,3.11,11.7
9/1/20,11:30:00,0,Biosphere 2,0.35,49889.3,49743.8,96.4,110.9,6.6,283.7,32.56,49757.4,0.07,32342,1.192,8.25,-81.3,25.139,3.11,11.7
9/1/20,11:45:00,0,Biosphere 2,0.4,49880.5,49741.5,96.6,111.1,6.62,283.8,32.55,49754.5,0.07,32340,1.198,8.25,-81.4,25.133,3.11,11.7
9/1/20,12:00:00,0,Biosphere 2,0.38,49894.9,49747.5,97.5,112.2,6.68,282.5,32.56,49761.3,0.06,32345,1.192,8.26,-81.6,25.141,3.11,11.7
9/1/20,12:15:00,0,Biosphere 2,0.45,49874,49743.8,97.3,112,6.67,282.6,32.56,49756,0.07,32341,1.184,8.26,-81.6,25.124,3.11,11.7
9/1/20,12:30:00,0,Biosphere 2,0.44,49878.6,49741.1,98.2,113,6.73,282.8,32.55,49754,0.07,32340,1.184,8.26,-81.8,25.131,3.11,11.7
9/1/20,12:45:00,0,Biosphere 2,0.38,49872,49744.6,98.8,113.7,6.77,283.2,32.56,49756.5,0.06,32342,1.201,8.26,-82,25.122,3.11,11.7
9/1/20,13:00:00,0,Biosphere 2,0.35,49883,49752.4,99,113.9,6.78,283.3,32.56,49764.6,0.08,32347,1.19,8.27,-82.1,25.125,3.11,11.7
9/1/20,13:15:00,0,Biosphere 2,0.39,49875.2,49746.2,99,113.9,6.78,283.1,32.56,49758.3,0.06,32343,1.186,8.27,-82.2,25.123,3.11,11.7
9/1/20,13:30:00,0,Biosphere 2,0.37,49885.3,49744.8,99.5,114.6,6.82,283.5,32.56,49758,0.08,32343,1.2,8.27,-82.3,25.134,3.11,11.7
9/1/20,13:45:00,0,Biosphere 2,0.48,49875.7,49742.2,99.5,114.5,6.82,283.9,32.55,49754.7,0.07,32341,1.19,8.27,-82.4,25.127,3.11,11.7
9/1/20,14:00:00,0,Biosphere 2,0.49,49863.4,49743.6,99.2,114.2,6.8,283.9,32.55,49754.8,0.05,32341,1.191,8.27,-82.4,25.114,3.11,11.7
9/1/20,14:15:00,0,Biosphere 2,0.48,49872.1,49745.1,99.5,114.5,6.82,284,32.56,49757,0.07,32342,1.191,8.27,-82.5,25.121,3.11,11.7
9/1/20,14:30:00,0,Biosphere 2,0.33,49874.8,49744,99.5,114.5,6.82,283.1,32.56,49756.2,0.05,32342,1.192,8.27,-82.6,25.125,3.11,11.7
9/1/20,14:45:00,0,Biosphere 2,0.46,49867.6,49744.4,99.5,114.5,6.82,283.6,32.56,49755.9,0.05,32341,1.198,8.27,-82.6,25.117,3.11,11.7
9/1/20,15:00:00,0,Biosphere 2,0.49,49868,49744.3,99.3,114.3,6.81,283.8,32.56,49755.9,0.04,32341,1.191,8.28,-82.7,25.118,3.11,11.7
9/1/20,15:15:00,0,Biosphere 2,0.38,49871.1,49745.2,99.4,114.3,6.81,284,32.56,49757,0.07,32342,1.189,8.28,-82.7,25.12,3.11,11.7
9/1/20,15:30:00,0,Biosphere 2,0.45,49874.4,49748,99.4,114.4,6.81,284.4,32.56,49759.9,0.05,32344,1.191,8.28,-82.8,25.121,3.11,11.7
9/1/20,15:45:00,0,Biosphere 2,0.45,49870.1,49745.9,99.1,114.1,6.79,284.4,32.56,49757.5,0.05,32342,1.191,8.28,-82.8,25.119,3.11,11.7
9/1/20,16:00:00,0,Biosphere 2,0.5,49866.2,49744.6,98.9,113.8,6.78,284.1,32.56,49756,0.05,32341,1.2,8.28,-82.8,25.116,3.11,11.7
9/1/20,16:15:00,0,Biosphere 2,0.48,49868.8,49745.9,98.7,113.6,6.76,284.5,32.56,49757.4,0.04,32342,1.198,8.28,-82.9,25.117,3.11,11.7
9/1/20,16:30:00,0,Biosphere 2,0.34,49866,49745.6,98.4,113.3,6.75,285.1,32.56,49756.9,0.05,32342,1.191,8.28,-82.9,25.115,3.11,11.7
9/1/20,16:45:00,0,Biosphere 2,0.43,49868.6,49746.3,98.3,113.1,6.73,285.4,32.56,49757.7,0.05,32343,1.183,8.28,-82.9,25.117,3.11,11.7
9/1/20,17:00:00,0,Biosphere 2,0.49,49863.2,49743.7,97.9,112.7,6.71,283.7,32.56,49754.9,0.06,32341,1.191,8.28,-82.9,25.114,3.11,11.7
9/1/20,17:15:00,0,Biosphere 2,0.47,49865.6,49743.6,97.6,112.4,6.69,284.4,32.56,49755,0.06,32341,1.193,8.28,-82.9,25.116,3.11,11.7
9/1/20,17:30:00,0,Biosphere 2,0.31,49866.7,49743.6,97.3,112,6.67,284.8,32.56,49755.1,0.04,32341,1.181,8.28,-82.9,25.117,3.11,11.7
9/1/20,17:45:00,0,Biosphere 2,0.49,49866.6,49743.4,97,111.7,6.65,283.3,32.55,49754.9,0.06,32341,1.184,8.28,-82.8,25.118,3.11,11.7
9/1/20,18:00:00,0,Biosphere 2,0.42,49868.5,49745,96.7,111.3,6.63,283.1,32.56,49756.6,0.05,32342,1.195,8.28,-82.8,25.118,3.11,11.7
9/1/20,18:15:00,0,Biosphere 2,0.33,49871.1,49746.8,96.4,111,6.61,282.7,32.56,49758.4,0.05,32343,1.19,8.28,-82.8,25.119,3.11,11.7
9/1/20,18:30:00,0,Biosphere 2,0.47,49867.7,49743.3,96.2,110.7,6.59,282.3,32.55,49754.9,0.05,32341,1.182,8.28,-82.8,25.119,3.11,11.7
9/1/20,18:45:00,0,Biosphere 2,0.24,49870.6,49745.2,95.9,110.3,6.57,282.3,32.56,49757,0.04,32342,1.191,8.28,-82.8,25.12,3.11,11.7
9/1/20,19:00:00,0,Biosphere 2,0.32,49870.4,49745.6,95.6,110,6.55,282.9,32.56,49757.3,0.04,32342,1.2,8.28,-82.7,25.119,3.11,11.7
9/1/20,19:15:00,0,Biosphere 2,0.34,49870.5,49745.6,95.2,109.5,6.52,283.4,32.56,49757.3,0.04,32342,1.184,8.28,-82.7,25.119,3.11,11.7
9/1/20,19:30:00,0,Biosphere 2,0.35,49868.4,49744.1,94.9,109.2,6.5,282.4,32.56,49755.7,0.04,32341,1.183,8.27,-82.6,25.119,3.11,11.7
9/1/20,19:45:00,0,Biosphere 2,0.27,49870.9,49746.2,94.6,108.9,6.49,282.4,32.56,49757.9,0.04,32343,1.183,8.27,-82.6,25.119,3.11,11.7
9/1/20,20:00:00,0,Biosphere 2,0.31,49868.6,49744.8,94.4,108.6,6.47,282.3,32.56,49756.3,0.06,32342,1.19,8.27,-82.5,25.118,3.11,11.7
9/1/20,20:15:00,0,Biosphere 2,0.34,49869.8,49745.5,94.1,108.3,6.45,283,32.56,49757.2,0.04,32342,1.183,8.27,-82.5,25.118,3.11,11.7
9/1/20,20:30:00,0,Biosphere 2,0.36,49868.7,49745,93.9,108.1,6.44,282.9,32.56,49756.6,0.05,32342,1.19,8.27,-82.5,25.118,3.11,11.7
9/1/20,20:45:00,0,Biosphere 2,0.39,49866.7,49743.1,93.5,107.6,6.41,283,32.55,49754.7,0.05,32341,1.196,8.27,-82.4,25.118,3.11,11.7
9/1/20,21:00:00,0,Biosphere 2,0.38,49870,49746.5,93.3,107.3,6.39,281.5,32.56,49758.1,0.05,32343,1.192,8.27,-82.4,25.118,3.11,11.7
9/1/20,21:15:00,0,Biosphere 2,0.39,49865.8,49743.6,93,107,6.37,280.9,32.56,49755.1,0.06,32341,1.198,8.27,-82.3,25.117,3.11,11.7
9/1/20,21:30:00,0,Biosphere 2,0.3,49868.2,49745.9,92.9,106.9,6.37,275.2,32.56,49757.4,0.03,32342,1.19,8.27,-82.3,25.117,3.11,11.7
9/1/20,21:45:00,0,Biosphere 2,0.36,49865,49744.1,92.6,106.5,6.34,276.1,32.56,49755.4,0.05,32341,1.192,8.27,-82.2,25.115,3.11,11.7
9/1/20,22:00:00,0,Biosphere 2,0.31,49864.2,49744.2,92.3,106.2,6.32,276.5,32.56,49755.5,0.06,32341,1.192,8.27,-82.1,25.114,3.11,11.7
9/1/20,22:15:00,0,Biosphere 2,0.28,49863.1,49744.4,92.1,106,6.31,277.3,32.56,49755.5,0.05,32341,1.192,8.26,-82.1,25.113,3.11,11.7
9/1/20,22:30:00,0,Biosphere 2,0.35,49864.9,49746.3,92,105.9,6.31,277.1,32.56,49757.4,0.04,32342,1.2,8.26,-82,25.113,3.11,11.7
9/1/20,22:45:00,0,Biosphere 2,0.32,49863.4,49746.5,91.8,105.7,6.29,276.7,32.56,49757.4,0.05,32342,1.195,8.26,-82,25.112,3.11,11.7
9/1/20,23:00:00,0,Biosphere 2,0.33,49862.6,49747.3,91.5,105.3,6.27,276.9,32.56,49758.1,0.05,32343,1.194,8.26,-81.9,25.11,3.11,11.7
9/1/20,23:15:00,0,Biosphere 2,0.29,49862.5,49748.5,91.4,105.2,6.26,277.6,32.56,49759.2,0.05,32343,1.187,8.26,-81.9,25.109,3.11,11.7
9/1/20,23:30:00,0,Biosphere 2,0.36,49858.3,49745.6,91.3,105.1,6.26,275.6,32.56,49756.2,0.04,32342,1.185,8.26,-81.8,25.107,3.11,11.7
9/1/20,23:45:00,0,Biosphere 2,0.31,49855.8,49745.3,91,104.8,6.24,275.9,32.56,49755.6,0.05,32341,1.186,8.26,-81.7,25.105,3.11,11.7
9/2/20,0:00:00,0,Biosphere 2,0.33,49855,49745.9,90.9,104.6,6.23,276,32.56,49756.1,0.06,32341,1.193,8.26,-81.7,25.104,3.11,11.7
9/2/20,0:15:00,0,Biosphere 2,0.35,49853.3,49746,90.8,104.5,6.22,276.7,32.56,49756.1,0.04,32341,1.19,8.26,-81.6,25.102,3.11,11.7
9/2/20,0:30:00,0,Biosphere 2,0.32,49851.6,49746.8,90.4,104,6.2,277.3,32.56,49756.6,0.04,32342,1.192,8.26,-81.5,25.1,3.11,11.7
9/2/20,0:45:00,0,Biosphere 2,0.37,49851.1,49746.8,90.5,104.1,6.2,277.8,32.56,49756.6,0.05,32342,1.19,8.26,-81.5,25.099,3.11,11.7
9/2/20,1:00:00,0,Biosphere 2,0.38,49852.6,49749.1,90.4,104.1,6.2,278.3,32.56,49758.8,0.04,32343,1.191,8.25,-81.5,25.099,3.11,11.7
9/2/20,1:15:00,0,Biosphere 2,0.37,49850.1,49749.5,90.1,103.7,6.18,278.8,32.56,49758.9,0.05,32343,1.196,8.25,-81.4,25.096,3.11,11.7
9/2/20,1:30:00,0,Biosphere 2,0.37,49848.9,49749,90.1,103.7,6.18,278.1,32.56,49758.3,0.05,32343,1.19,8.25,-81.4,25.095,3.11,11.7
9/2/20,1:45:00,0,Biosphere 2,0.28,49848.3,49750.5,90.1,103.7,6.18,278.3,32.56,49759.7,0.05,32344,1.188,8.25,-81.3,25.093,3.11,11.7
9/2/20,2:00:00,0,Biosphere 2,0.34,49846.3,49749.9,90,103.6,6.17,279,32.56,49759,0.06,32343,1.2,8.25,-81.3,25.092,3.11,11.7
9/2/20,2:15:00,0,Biosphere 2,0.3,49844.1,49750.3,89.8,103.3,6.16,279.2,32.56,49759.1,0.05,32343,1.2,8.25,-81.2,25.089,3.11,11.7
9/2/20,2:30:00,0,Biosphere 2,0.38,49844.1,49751.1,89.8,103.3,6.15,273.9,32.56,49759.8,0.06,32344,1.195,8.25,-81.2,25.089,3.11,11.7
9/2/20,2:45:00,0,Biosphere 2,0.45,49838.7,49749.1,89.5,103,6.14,274.5,32.56,49757.5,0.05,32342,1.192,8.25,-81.1,25.085,3.11,11.7
9/2/20,3:00:00,0,Biosphere 2,0.42,49839.4,49751.3,89.5,102.9,6.13,275.4,32.56,49759.5,0.05,32344,1.193,8.25,-81.1,25.084,3.11,11.7
9/2/20,3:15:00,0,Biosphere 2,0.4,49836.6,49751.3,89.5,103,6.14,276.2,32.56,49759.3,0.04,32344,1.189,8.25,-81,25.081,3.11,11.7
9/2/20,3:30:00,0,Biosphere 2,0.31,49832.3,49748.6,89.4,102.9,6.13,275.6,32.56,49756.4,0.05,32342,1.191,8.25,-80.9,25.08,3.11,11.7
9/2/20,3:45:00,0,Biosphere 2,0.31,49832.3,49750.8,89.4,102.8,6.13,276,32.56,49758.4,0.05,32343,1.197,8.24,-80.9,25.078,3.11,11.7
9/2/20,4:00:00,0,Biosphere 2,0.47,49828.6,49749.4,89.2,102.6,6.11,276.2,32.56,49756.8,0.05,32342,1.189,8.24,-80.8,25.076,3.11,11.7
9/2/20,4:15:00,0,Biosphere 2,0.45,49829.5,49752.5,89.2,102.7,6.12,275.1,32.56,49759.7,0.07,32344,1.186,8.24,-80.8,25.073,3.11,11.7
9/2/20,4:30:00,0,Biosphere 2,0.38,49824.4,49750.5,89.1,102.5,6.11,275.3,32.56,49757.4,0.06,32342,1.192,8.24,-80.7,25.071,3.11,11.7
9/2/20,4:45:00,0,Biosphere 2,0.43,49824.7,49751.6,89.1,102.5,6.11,276.6,32.56,49758.5,0.05,32343,1.195,8.24,-80.7,25.07,3.11,11.7
9/2/20,5:00:00,0,Biosphere 2,0.39,49819.7,49750.2,89,102.4,6.11,277.1,32.56,49756.7,0.05,32342,1.196,8.24,-80.6,25.066,3.11,11.7
9/2/20,5:15:00,0,Biosphere 2,0.46,49818.8,49751.6,88.9,102.3,6.1,277.1,32.56,49757.9,0.06,32343,1.198,8.24,-80.6,25.064,3.11,11.7
9/2/20,5:30:00,0,Biosphere 2,0.43,49819.3,49754.6,88.9,102.3,6.1,277,32.56,49760.6,0.07,32344,1.192,8.24,-80.5,25.062,3.11,11.7
9/2/20,5:45:00,0,Biosphere 2,0.41,49816.4,49753.2,88.8,102.2,6.09,277.4,32.56,49759.1,0.05,32343,1.186,8.24,-80.5,25.06,3.11,11.7
9/2/20,6:00:00,0,Biosphere 2,0.44,49814.5,49755.9,88.6,101.9,6.08,277.8,32.56,49761.4,0.06,32345,1.181,8.24,-80.4,25.056,3.11,11.7
9/2/20,6:15:00,0,Biosphere 2,0.49,49811.4,49753.8,88.8,102.2,6.09,273.8,32.56,49759.2,0.05,32343,1.2,8.24,-80.4,25.055,3.11,11.7
9/2/20,6:30:00,0,Biosphere 2,0.5,49807,49752.6,88.7,102.1,6.09,276.2,32.56,49757.7,0.07,32342,1.201,8.23,-80.3,25.052,3.11,11.7
9/2/20,6:45:00,0,Biosphere 2,0.52,49806.2,49752,88.8,102.2,6.09,276.6,32.56,49757,0.06,32342,1.196,8.23,-80.3,25.052,3.11,11.7
9/2/20,7:00:00,0,Biosphere 2,0.48,49806.4,49752.1,88.8,102.2,6.1,276.2,32.56,49757.2,0.06,32342,1.192,8.23,-80.2,25.052,3.11,11.7
9/2/20,7:15:00,0,Biosphere 2,0.51,49807,49751.6,88.9,102.3,6.1,276.6,32.56,49756.8,0.07,32342,1.185,8.23,-80.2,25.053,3.11,11.7
9/2/20,7:30:00,0,Biosphere 2,0.57,49809.7,49751.8,89,102.5,6.11,276.7,32.56,49757.2,0.06,32342,1.19,8.23,-80.2,25.055,3.11,11.7
9/2/20,7:45:00,0,Biosphere 2,0.56,49815.7,49753.4,89.2,102.7,6.12,277.3,32.56,49759.2,0.07,32343,1.19,8.23,-80.2,25.059,3.11,11.7
9/2/20,8:00:00,0,Biosphere 2,0.56,49818.5,49751.2,89.5,103,6.14,276.7,32.56,49757.5,0.07,32342,1.192,8.23,-80.2,25.064,3.11,11.7
9/2/20,8:15:00,0,Biosphere 2,0.54,49827.6,49752.4,90,103.5,6.17,278,32.56,49759.4,0.07,32344,1.195,8.23,-80.2,25.072,3.11,11.7
9/2/20,8:30:00,0,Biosphere 2,0.54,49831.5,49749.9,90.2,103.8,6.18,278.9,32.56,49757.6,0.09,32342,1.184,8.23,-80.3,25.078,3.11,11.7
9/2/20,8:45:00,0,Biosphere 2,0.44,49840.2,49749.2,90.6,104.2,6.21,279.6,32.56,49757.8,0.06,32343,1.191,8.23,-80.3,25.087,3.11,11.7
9/2/20,9:00:00,0,Biosphere 2,0.51,49853.8,49749.5,91.1,104.8,6.24,279.7,32.56,49759.3,0.08,32344,1.19,8.24,-80.4,25.099,3.11,11.7
9/2/20,9:15:00,0,Biosphere 2,0.58,49862.2,49750.5,91.5,105.3,6.27,280.6,32.56,49760.9,0.07,32345,1.19,8.24,-80.4,25.107,3.11,11.7
9/2/20,9:30:00,0,Biosphere 2,0.56,49873.5,49748.9,92.2,106.1,6.32,281.2,32.56,49760.5,0.07,32344,1.189,8.24,-80.6,25.119,3.11,11.7
9/2/20,9:45:00,0,Biosphere 2,0.48,49879.6,49744.2,92.6,106.6,6.35,282.2,32.56,49756.8,0.06,32342,1.192,8.24,-80.6,25.129,3.11,11.7
9/2/20,10:00:00,0,Biosphere 2,0.51,49882.7,49748.4,93,107,6.37,282.7,32.56,49761,0.05,32345,1.184,8.24,-80.7,25.128,3.11,11.7
9/2/20,10:15:00,0,Biosphere 2,0.52,49897.2,49745.1,93.9,108,6.43,282.8,32.56,49759.3,0.07,32344,1.189,8.24,-80.9,25.145,3.11,11.7
9/2/20,10:30:00,0,Biosphere 2,0.53,49893.1,49744.8,94.2,108.4,6.45,282.7,32.56,49758.7,0.07,32343,1.19,8.25,-80.9,25.141,3.11,11.7
9/2/20,10:45:00,0,Biosphere 2,0.54,49888.2,49748.3,94.5,108.8,6.48,280.8,32.56,49761.4,0.07,32345,1.192,8.25,-81.1,25.133,3.11,11.7
9/2/20,11:00:00,0,Biosphere 2,0.43,49897.3,49746.5,95.3,109.6,6.53,281.4,32.56,49760.6,0.06,32344,1.187,8.25,-81.2,25.144,3.11,11.7
9/2/20,11:15:00,0,Biosphere 2,0.58,49885.2,49745,95.7,110.1,6.56,282.1,32.56,49758.1,0.06,32343,1.188,8.25,-81.3,25.134,3.11,11.7
9/2/20,11:30:00,0,Biosphere 2,0.49,49880.5,49747.1,96.3,110.9,6.6,282,32.56,49759.6,0.05,32344,1.187,8.25,-81.5,25.127,3.11,11.7
9/2/20,11:45:00,0,Biosphere 2,0.42,49889.8,49745,96.9,111.5,6.64,282.1,32.56,49758.5,0.05,32343,1.183,8.26,-81.6,25.138,3.11,11.7
9/2/20,12:00:00,0,Biosphere 2,0.54,49885.1,49743.8,97.5,112.2,6.68,282.4,32.56,49757,0.07,32342,1.185,8.26,-81.8,25.135,3.11,11.7
9/2/20,12:15:00,0,Biosphere 2,0.47,49887.9,49746.1,98.1,112.9,6.72,282.1,32.56,49759.4,0.07,32344,1.192,8.26,-81.9,25.135,3.11,11.7
9/2/20,12:30:00,0,Biosphere 2,0.47,49882.1,49746.2,98.1,112.9,6.72,280.4,32.56,49758.9,0.05,32343,1.192,8.26,-82,25.13,3.11,11.7
9/2/20,12:45:00,0,Biosphere 2,0.36,49883.5,49746.2,98.7,113.5,6.76,279.8,32.56,49759.1,0.05,32343,1.192,8.27,-82.2,25.131,3.11,11.7
9/2/20,13:00:00,0,Biosphere 2,0.61,49874.1,49745.7,98.6,113.5,6.76,279.7,32.56,49757.7,0.06,32343,1.189,8.27,-82.2,25.122,3.11,11.7
9/2/20,13:15:00,0,Biosphere 2,0.48,49869.6,49745.3,98.9,113.8,6.78,279.7,32.56,49757,0.06,32342,1.191,8.27,-82.3,25.119,3.11,11.7
9/2/20,13:30:00,0,Biosphere 2,0.53,49867.4,49749.2,98.9,113.9,6.78,279.7,32.56,49760.3,0.08,32344,1.19,8.27,-82.4,25.113,3.11,11.7
9/2/20,13:45:00,0,Biosphere 2,0.5,49868.1,49746.6,99.1,114,6.79,278.9,32.56,49758,0.07,32343,1.191,8.27,-82.5,25.116,3.11,11.7
9/2/20,14:00:00,0,Biosphere 2,0.58,49862.9,49744.2,99.2,114.1,6.8,278.4,32.56,49755.3,0.06,32341,1.189,8.27,-82.5,25.113,3.11,11.7
9/2/20,14:15:00,0,Biosphere 2,0.46,49871.5,49748.9,99.6,114.6,6.82,278.4,32.56,49760.4,0.05,32344,1.182,8.27,-82.7,25.117,3.11,11.7
9/2/20,14:30:00,0,Biosphere 2,0.62,49866.6,49747,99.5,114.5,6.82,278.5,32.56,49758.2,0.06,32343,1.195,8.28,-82.7,25.114,3.11,11.7
9/2/20,14:45:00,0,Biosphere 2,0.47,49869.2,49745.2,99.5,114.5,6.82,278.8,32.56,49756.8,0.04,32342,1.195,8.28,-82.8,25.118,3.11,11.7
9/2/20,15:00:00,0,Biosphere 2,0.44,49872.4,49747.3,99.7,114.8,6.83,278.9,32.56,49759,0.07,32343,1.192,8.28,-82.9,25.119,3.11,11.7
9/2/20,15:15:00,0,Biosphere 2,0.44,49868.9,49745.6,99.7,114.7,6.83,278.8,32.56,49757.1,0.06,32342,1.192,8.28,-82.9,25.118,3.11,11.7
9/2/20,15:30:00,0,Biosphere 2,0.61,49872,49747.7,99.5,114.5,6.82,277.1,32.56,49759.4,0.06,32344,1.198,8.28,-83,25.119,3.11,11.7
9/2/20,15:45:00,0,Biosphere 2,0.66,49864.7,49746,99.2,114.2,6.8,277.2,32.56,49757.1,0.07,32342,1.199,8.28,-83,25.113,3.11,11.7
9/2/20,16:00:00,0,Biosphere 2,0.6,49867.7,49749,99.1,114,6.79,277.2,32.56,49760.1,0.06,32344,1.191,8.28,-83,25.113,3.11,11.7
9/2/20,16:15:00,0,Biosphere 2,0.57,49867.6,49748.4,98.9,113.8,6.78,277.9,32.56,49759.5,0.06,32344,1.187,8.28,-83,25.114,3.11,11.7
9/2/20,16:30:00,0,Biosphere 2,0.42,49864.6,49745.8,98.7,113.5,6.76,278,32.56,49756.9,0.06,32342,1.186,8.28,-83.1,25.113,3.11,11.7
9/2/20,16:45:00,0,Biosphere 2,0.45,49863.9,49745.6,98.4,113.2,6.74,277.5,32.56,49756.7,0.05,32342,1.201,8.28,-83,25.113,3.11,11.7
9/2/20,17:00:00,0,Biosphere 2,0.62,49867.1,49749.1,98.1,112.9,6.72,277.6,32.56,49760.1,0.07,32344,1.198,8.28,-83,25.113,3.11,11.7
9/2/20,17:15:00,0,Biosphere 2,0.63,49865.6,49746.6,97.8,112.5,6.7,277.6,32.56,49757.8,0.07,32343,1.196,8.28,-83,25.113,3.11,11.7
9/2/20,17:30:00,0,Biosphere 2,0.59,49871.1,49749.6,97.5,112.2,6.68,278,32.56,49761,0.06,32345,1.191,8.28,-83,25.116,3.11,11.7
9/2/20,17:45:00,0,Biosphere 2,0.34,49872.1,49748.4,97.2,111.9,6.66,277.6,32.56,49760,0.06,32344,1.189,8.28,-83,25.118,3.11,11.7
9/2/20,18:00:00,0,Biosphere 2,0.51,49868.9,49746.5,96.9,111.5,6.64,272.2,32.56,49758,0.06,32343,1.197,8.28,-83,25.117,3.11,11.7
9/2/20,18:15:00,0,Biosphere 2,0.52,49873.9,49749.5,96.6,111.1,6.62,275.2,32.56,49761.2,0.05,32345,1.192,8.28,-83,25.119,3.11,11.7
9/2/20,18:30:00,0,Biosphere 2,0.43,49869.6,49745.5,96.4,110.9,6.61,276.2,32.56,49757.1,0.07,32342,1.193,8.28,-83,25.118,3.11,11.7
9/2/20,18:45:00,0,Biosphere 2,0.55,49868.1,49745.6,96,110.5,6.58,277,32.56,49757.1,0.04,32342,1.192,8.28,-82.9,25.117,3.11,11.7
9/2/20,19:00:00,0,Biosphere 2,0.38,49868.9,49745.4,95.7,110.1,6.56,277.8,32.56,49757,0.06,32342,1.188,8.28,-82.9,25.118,3.11,11.7
9/2/20,19:15:00,0,Biosphere 2,0.49,49869.2,49746.2,95.4,109.8,6.54,277.5,32.56,49757.7,0.05,32342,1.183,8.28,-82.9,25.117,3.11,11.7
9/2/20,19:30:00,0,Biosphere 2,0.53,49868.6,49745.9,95.1,109.4,6.52,277.6,32.56,49757.3,0.06,32342,1.19,8.28,-82.8,25.117,3.11,11.7
9/2/20,19:45:00,0,Biosphere 2,0.47,49868.9,49745.9,94.8,109.1,6.5,277.5,32.56,49757.4,0.05,32342,1.199,8.28,-82.8,25.117,3.11,11.7
9/2/20,20:00:00,0,Biosphere 2,0.42,49868.4,49745.6,94.5,108.8,6.48,278.1,32.56,49757.1,0.06,32342,1.197,8.28,-82.7,25.117,3.11,11.7
9/2/20,20:15:00,0,Biosphere 2,0.51,49867.8,49745.7,94.3,108.5,6.46,277.6,32.56,49757.2,0.06,32342,1.192,8.28,-82.7,25.116,3.11,11.7
9/2/20,20:30:00,0,Biosphere 2,0.35,49870.6,49747.5,93.8,107.9,6.43,276.1,32.56,49759.1,0.06,32343,1.195,8.27,-82.6,25.117,3.11,11.7
9/2/20,20:45:00,0,Biosphere 2,0.34,49866.5,49744.4,93.5,107.6,6.41,275.3,32.56,49755.9,0.05,32341,1.184,8.27,-82.6,25.116,3.11,11.7
9/2/20,21:00:00,0,Biosphere 2,0.47,49868.5,49745.6,93.4,107.5,6.4,275.3,32.56,49757.1,0.05,32342,1.19,8.27,-82.5,25.117,3.11,11.7
9/2/20,21:15:00,0,Biosphere 2,0.33,49869.3,49746.2,93.1,107.2,6.38,272.7,32.56,49757.7,0.05,32343,1.188,8.27,-82.4,25.117,3.11,11.7
9/2/20,21:30:00,0,Biosphere 2,0.43,49866.6,49744.3,93,107,6.37,272.4,32.56,49755.7,0.05,32341,1.197,8.27,-82.4,25.117,3.11,11.7
9/2/20,21:45:00,0,Biosphere 2,0.43,49868.4,49746.1,92.7,106.7,6.36,272.7,32.56,49757.6,0.05,32342,1.191,8.27,-82.4,25.117,3.11,11.7
9/2/20,22:00:00,0,Biosphere 2,0.43,49865.5,49743.8,92.4,106.4,6.33,272.8,32.56,49755.2,0.06,32341,1.195,8.27,-82.3,25.116,3.11,11.7
9/2/20,22:15:00,0,Biosphere 2,0.48,49867.3,49745.5,92.3,106.2,6.33,274,32.56,49756.9,0.05,32342,1.191,8.27,-82.3,25.116,3.11,11.7
9/2/20,22:30:00,0,Biosphere 2,0.46,49865.4,49745.5,92.1,106,6.31,274,32.56,49756.7,0.06,32342,1.196,8.27,-82.2,25.114,3.11,11.7
9/2/20,22:45:00,0,Biosphere 2,0.51,49864.7,49745,91.9,105.7,6.3,274.1,32.56,49756.2,0.05,32342,1.195,8.27,-82.1,25.114,3.11,11.7
9/2/20,23:00:00,0,Biosphere 2,0.38,49864.6,49746.4,91.7,105.5,6.28,273.2,32.56,49757.5,0.05,32342,1.193,8.26,-82,25.113,3.11,11.7
9/2/20,23:15:00,0,Biosphere 2,0.39,49861,49743.9,91.5,105.3,6.27,273.1,32.56,49754.9,0.06,32341,1.194,8.26,-82,25.112,3.11,11.7
9/2/20,23:30:00,0,Biosphere 2,0.49,49860.8,49744.7,91.4,105.2,6.26,273.2,32.56,49755.5,0.06,32341,1.195,8.26,-82,25.111,3.11,11.7
9/2/20,23:45:00,0,Biosphere 2,0.43,49859.8,49744.5,91.2,104.9,6.25,273,32.56,49755.3,0.06,32341,1.197,8.26,-81.9,25.11,3.11,11.7
9/3/20,0:00:00,0,Biosphere 2,0.32,49860.6,49746.5,90.8,104.5,6.22,272.6,32.56,49757.2,0.05,32342,1.192,8.26,-81.8,25.109,3.11,11.7
9/3/20,0:15:00,0,Biosphere 2,0.41,49860.5,49748.1,90.8,104.5,6.22,272.5,32.56,49758.6,0.05,32343,1.19,8.26,-81.8,25.107,3.11,11.7
9/3/20,0:30:00,0,Biosphere 2,0.48,49856.1,49745.1,90.7,104.3,6.21,272.1,32.56,49755.5,0.06,32341,1.187,8.26,-81.7,25.106,3.11,11.7
9/3/20,0:45:00,0,Biosphere 2,0.43,49858.5,49748.1,90.5,104.1,6.2,272.8,32.56,49758.5,0.06,32343,1.194,8.26,-81.7,25.105,3.11,11.7
9/3/20,1:00:00,0,Biosphere 2,0.46,49854.7,49746.7,90.4,104.1,6.2,273.6,32.56,49756.8,0.06,32342,1.194,8.26,-81.6,25.103,3.11,11.7
9/3/20,1:15:00,0,Biosphere 2,0.49,49853.3,49746.2,90.4,104.1,6.2,274.9,32.56,49756.2,0.06,32342,1.195,8.26,-81.6,25.102,3.11,11.7
9/3/20,1:30:00,0,Biosphere 2,0.5,49850.9,49745.8,90.1,103.7,6.18,273.7,32.56,49755.6,0.06,32341,1.194,8.26,-81.5,25.1,3.11,11.7
9/3/20,1:45:00,0,Biosphere 2,0.34,49850.4,49746.5,90.2,103.8,6.18,273.8,32.56,49756.3,0.06,32342,1.2,8.25,-81.5,25.099,3.11,11.7
9/3/20,2:00:00,0,Biosphere 2,0.5,49849,49746.1,90.1,103.7,6.18,274.2,32.56,49755.8,0.05,32341,1.197,8.25,-81.4,25.098,3.11,11.7
9/3/20,2:15:00,0,Biosphere 2,0.41,49846.7,49747.2,89.7,103.2,6.15,272,32.56,49756.5,0.04,32342,1.192,8.25,-81.3,25.095,3.11,11.7
9/3/20,2:30:00,0,Biosphere 2,0.46,49845.6,49746.9,89.9,103.4,6.16,272.5,32.56,49756.2,0.04,32342,1.189,8.25,-81.3,25.094,3.11,11.7
9/3/20,2:45:00,0,Biosphere 2,0.5,49847.7,49750.5,89.9,103.4,6.16,272.9,32.56,49759.6,0.05,32344,1.182,8.25,-81.2,25.093,3.11,11.7
9/3/20,3:00:00,0,Biosphere 2,0.32,49844,49750,89.6,103.1,6.15,272.7,32.56,49758.8,0.05,32343,1.182,8.25,-81.2,25.09,3.11,11.7
9/3/20,3:15:00,0,Biosphere 2,0.51,49840.3,49747.8,89.6,103.1,6.14,273.1,32.56,49756.4,0.05,32342,1.19,8.25,-81.2,25.088,3.11,11.7
9/3/20,3:30:00,0,Biosphere 2,0.52,49838.6,49748.1,89.5,103,6.13,273.8,32.56,49756.5,0.06,32342,1.2,8.25,-81.1,25.086,3.11,11.7
9/3/20,3:45:00,0,Biosphere 2,0.38,49836.2,49747.9,89.3,102.8,6.13,274.4,32.56,49756.2,0.05,32342,1.187,8.25,-81,25.084,3.11,11.7
9/3/20,4:00:00,0,Biosphere 2,0.62,49839.4,49752.1,89.3,102.8,6.12,275.4,32.56,49760.3,0.07,32344,1.192,8.25,-81,25.083,3.11,11.7
9/3/20,4:15:00,0,Biosphere 2,0.53,49832.5,49748.6,89.2,102.6,6.12,275.7,32.56,49756.4,0.06,32342,1.201,8.24,-80.9,25.08,3.11,11.7
9/3/20,4:30:00,0,Biosphere 2,0.52,49830.4,49748.1,89.2,102.7,6.12,276.1,32.56,49755.8,0.06,32341,1.192,8.24,-80.9,25.078,3.11,11.7
9/3/20,4:45:00,0,Biosphere 2,0.6,49830.6,49750.7,89,102.5,6.11,275.6,32.56,49758.1,0.07,32343,1.185,8.24,-80.8,25.076,3.11,11.7
9/3/20,5:00:00,0,Biosphere 2,0.46,49825.3,49749.7,88.9,102.3,6.1,273.7,32.56,49756.8,0.06,32342,1.182,8.24,-80.7,25.072,3.11,11.7
9/3/20,5:15:00,0,Biosphere 2,0.56,49824.4,49750.7,88.9,102.3,6.1,273.4,32.56,49757.6,0.07,32342,1.198,8.24,-80.7,25.07,3.11,11.7
9/3/20,5:30:00,0,Biosphere 2,0.61,49825,49752,88.9,102.3,6.1,274.2,32.56,49758.8,0.07,32343,1.195,8.24,-80.6,25.07,3.11,11.7
9/3/20,5:45:00,0,Biosphere 2,0.5,49822.5,49753.6,88.6,102,6.08,273.9,32.56,49760,0.07,32344,1.196,8.24,-80.6,25.066,3.11,11.7
9/3/20,6:00:00,0,Biosphere 2,0.48,49820.7,49753.8,88.7,102.1,6.09,273.9,32.56,49760.1,0.06,32344,1.193,8.24,-80.5,25.064,3.11,11.7
9/3/20,6:15:00,0,Biosphere 2,0.65,49815.2,49751.4,88.7,102.1,6.09,274.3,32.56,49757.3,0.08,32342,1.188,8.24,-80.5,25.061,3.11,11.7
9/3/20,6:30:00,0,Biosphere 2,0.61,49816,49753.3,88.7,102,6.08,274.2,32.56,49759.2,0.07,32343,1.19,8.24,-80.4,25.06,3.11,11.7
9/3/20,6:45:00,0,Biosphere 2,0.74,49815.5,49753.7,88.7,102.1,6.09,274.5,32.56,49759.5,0.07,32344,1.194,8.24,-80.4,25.059,3.11,11.7
9/3/20,7:00:00,0,Biosphere 2,0.49,49815.7,49754.1,88.7,102.1,6.09,273.7,32.56,49759.8,0.06,32344,1.193,8.24,-80.4,25.059,3.11,11.7
9/3/20,7:15:00,0,Biosphere 2,0.53,49815.8,49751.8,88.9,102.3,6.1,273.4,32.56,49757.8,0.08,32343,1.19,8.23,-80.3,25.061,3.11,11.7
9/3/20,7:30:00,0,Biosphere 2,0.78,49821,49752.5,89.1,102.6,6.11,274.1,32.56,49758.9,0.09,32343,1.182,8.24,-80.3,25.065,3.11,11.7
9/3/20,7:45:00,0,Biosphere 2,0.49,49823.3,49750.7,89.3,102.8,6.13,274.9,32.56,49757.5,0.08,32342,1.192,8.23,-80.3,25.069,3.11,11.7
9/3/20,8:00:00,0,Biosphere 2,0.79,49827.6,49750.1,89.5,103.1,6.14,275.5,32.56,49757.4,0.08,32342,1.184,8.23,-80.3,25.074,3.11,11.7
9/3/20,8:15:00,0,Biosphere 2,0.72,49834.6,49749.9,89.9,103.4,6.16,275.3,32.56,49757.9,0.08,32343,1.185,8.24,-80.4,25.081,3.11,11.7
9/3/20,8:30:00,0,Biosphere 2,0.85,49844.7,49750.3,90.3,103.9,6.19,272.2,32.56,49759.1,0.09,32343,1.19,8.24,-80.4,25.09,3.11,11.7
9/3/20,8:45:00,0,Biosphere 2,0.7,49852.8,49750.4,90.6,104.3,6.21,272.8,32.56,49760,0.07,32344,1.198,8.24,-80.4,25.098,3.11,11.7
9/3/20,9:00:00,0,Biosphere 2,0.68,49860,49745,91,104.7,6.24,273.8,32.56,49755.8,0.07,32341,1.188,8.24,-80.5,25.11,3.11,11.7
9/3/20,9:15:00,0,Biosphere 2,0.52,49874.2,49745.7,91.7,105.6,6.29,274.5,32.56,49757.7,0.07,32343,1.193,8.24,-80.6,25.123,3.11,11.7
9/3/20,9:30:00,0,Biosphere 2,0.55,49879.4,49745.5,92,105.9,6.3,274.1,32.56,49758,0.08,32343,1.187,8.24,-80.7,25.128,3.11,11.7
9/3/20,9:45:00,0,Biosphere 2,0.71,49883.8,49746.8,92.5,106.4,6.34,274.8,32.56,49759.6,0.07,32344,1.189,8.24,-80.7,25.131,3.11,11.7
9/3/20,10:00:00,0,Biosphere 2,0.56,49885.2,49743.7,93.2,107.2,6.38,275.6,32.56,49757,0.09,32342,1.197,8.24,-80.9,25.135,3.11,11.7
9/3/20,10:15:00,0,Biosphere 2,0.46,49902.9,49746.8,94.3,108.5,6.46,275.9,32.56,49761.4,0.08,32345,1.186,8.25,-81.1,25.149,3.11,11.7
9/3/20,10:30:00,0,Biosphere 2,0.56,49894.5,49742.3,94.5,108.8,6.47,276.5,32.56,49756.5,0.06,32342,1.19,8.25,-81.2,25.145,3.11,11.7
9/3/20,10:45:00,0,Biosphere 2,0.43,49900.3,49747.7,95.1,109.5,6.52,276.5,32.56,49762,0.07,32345,1.199,8.25,-81.3,25.146,3.11,11.7
9/3/20,11:00:00,0,Biosphere 2,0.44,49891.1,49748,95.7,110.2,6.56,274.6,32.56,49761.4,0.07,32345,1.194,8.25,-81.4,25.137,3.11,11.7
9/3/20,11:15:00,0,Biosphere 2,0.51,49914.9,49747.2,96.9,111.5,6.64,273.4,32.56,49762.9,0.07,32346,1.19,8.26,-81.7,25.16,3.11,11.7
9/3/20,11:30:00,0,Biosphere 2,0.47,49904,49745.4,97.1,111.8,6.65,272.2,32.56,49760.2,0.05,32344,1.185,8.26,-81.7,25.151,3.11,11.7
9/3/20,11:45:00,0,Biosphere 2,0.56,49897.4,49742.3,97.3,112,6.67,272.2,32.56,49756.8,0.07,32342,1.191,8.26,-81.8,25.148,3.11,11.7
9/3/20,12:00:00,0,Biosphere 2,0.7,49899.7,49743.6,98.1,112.9,6.72,272.3,32.56,49758.2,0.07,32343,1.192,8.26,-82,25.149,3.11,11.6
9/3/20,12:15:00,0,Biosphere 2,0.63,49886.2,49740.8,98.4,113.3,6.74,273.1,32.55,49754.4,0.07,32340,1.187,8.27,-82.1,25.139,3.11,11.6
9/3/20,12:30:00,0,Biosphere 2,0.48,49889,49738.3,99,113.9,6.78,273.4,32.55,49752.4,0.07,32339,1.19,8.27,-82.2,25.144,3.11,11.6
9/3/20,12:45:00,0,Biosphere 2,0.68,49875.6,49745.8,98.8,113.7,6.77,273.6,32.56,49758,0.08,32343,1.186,8.27,-82.3,25.124,3.11,11.6
9/3/20,13:00:00,0,Biosphere 2,0.7,49864.9,49746,99.1,114.1,6.79,273.5,32.56,49757.2,0.08,32342,1.182,8.27,-82.4,25.113,3.11,11.6
9/3/20,13:15:00,0,Biosphere 2,0.53,49884.7,49747.9,99.8,114.9,6.84,273.4,32.56,49760.7,0.07,32344,1.186,8.27,-82.6,25.131,3.11,11.6
9/3/20,13:30:00,0,Biosphere 2,0.7,49880.2,49744.8,100.2,115.3,6.87,274.2,32.56,49757.5,0.08,32342,1.191,8.28,-82.7,25.129,3.11,11.6
9/3/20,13:45:00,0,Biosphere 2,0.59,49868.3,49747.9,100,115,6.85,274.2,32.56,49759.2,0.09,32343,1.19,8.28,-82.8,25.115,3.11,11.6
9/3/20,14:00:00,0,Biosphere 2,0.55,49748.3,49627.2,100.1,115.1,6.86,273.7,32.47,49638.5,0.07,32265,1.19,8.28,-82.8,25.116,3.11,11.6
9/3/20,14:15:00,0,Biosphere 2,0.59,49858.5,49743.1,100.2,115.3,6.87,274.3,32.55,49753.9,0.07,32340,1.193,8.28,-82.9,25.11,3.11,11.6
9/3/20,14:30:00,0,Biosphere 2,0.58,49749.2,49630.9,100.1,115.2,6.87,274.3,32.48,49641.9,0.05,32267,1.19,8.28,-83,25.113,3.11,11.6