date,Location,nutrient,mean,median,std,IQR,min,max
2017-12,Ocean,Turbidity,0,0,0,0,0,0
2017-12,Ocean,Phosphate,0.05,0.05,0.01,0,0.04,0.06
2017-12,Ocean,Nitrate MR,0.88,0.9,0.13,0.2,0.7,1
2017-12,Ocean,Nitrate HR,1.48,1.5,0.15,0.1,1.3,1.7
2017-12,Ocean,pH,NA,NA,NA,NA,NA,NA
2017-12,Ocean,Alkalinity,NA,NA,NA,NA,NA,NA
2017-12,Ocean,Silica,NA,NA,NA,NA,NA,NA
2017-12,Ocean,Iron,NA,NA,NA,NA,NA,NA
2017-12,Ocean,Ammonia,NA,NA,NA,NA,NA,NA
2018-01,Ocean,Turbidity,0.6,0,1.34,0,0,3
2018-01,Ocean,Phosphate,0.08,0.08,0.03,0.03,0.05,0.12
2018-01,Ocean,Nitrate MR,1.1,1.1,0.1,0.2,1,1.2
2018-01,Ocean,Nitrate HR,1.94,1.9,0.36,0.2,1.5,2.5
2018-01,Ocean,pH,NA,NA,NA,NA,NA,NA
2018-01,Ocean,Alkalinity,NA,NA,NA,NA,NA,NA
2018-01,Ocean,Silica,NA,NA,NA,NA,NA,NA
2018-01,Ocean,Iron,NA,NA,NA,NA,NA,NA
2018-01,Ocean,Ammonia,NA,NA,NA,NA,NA,NA
2018-02,Ocean,Turbidity,0,0,0,0,0,0
2018-02,Ocean,Phosphate,0.1,0.06,0.08,0.08,0.05,0.2
2018-02,Ocean,Nitrate MR,0.83,0.8,0.15,0.15,0.7,1
2018-02,Ocean,Nitrate HR,1.53,1.4,0.23,0.2,1.4,1.8
2018-02,Ocean,pH,NA,NA,NA,NA,NA,NA
2018-02,Ocean,Alkalinity,NA,NA,NA,NA,NA,NA
2018-02,Ocean,Silica,NA,NA,NA,NA,NA,NA
2018-02,Ocean,Iron,NA,NA,NA,NA,NA,NA
2018-02,Ocean,Ammonia,NA,NA,NA,NA,NA,NA
2018-03,Ocean,Turbidity,0,0,0,0,0,0
2018-03,Ocean,Phosphate,0.11,0.11,0.01,0.01,0.1,0.12
2018-03,Ocean,Nitrate MR,0.86,0.9,0.11,0.1,0.7,1
2018-03,Ocean,Nitrate HR,1.36,1.3,0.34,0.5,1,1.8
2018-03,Ocean,pH,NA,NA,NA,NA,NA,NA
2018-03,Ocean,Alkalinity,NA,NA,NA,NA,NA,NA
2018-03,Ocean,Silica,NA,NA,NA,NA,NA,NA
2018-03,Ocean,Iron,NA,NA,NA,NA,NA,NA
2018-03,Ocean,Ammonia,NA,NA,NA,NA,NA,NA
2018-04,Ocean,Turbidity,0.75,0.5,0.96,1.25,0,2
2018-04,Ocean,Phosphate,0.13,0.12,0.07,0.05,0.06,0.22
2018-04,Ocean,Nitrate MR,1.02,1.05,0.17,0.18,0.8,1.2
2018-04,Ocean,Nitrate HR,1.48,1.45,0.25,0.23,1.2,1.8
2018-04,Ocean,pH,NA,NA,NA,NA,NA,NA
2018-04,Ocean,Alkalinity,NA,NA,NA,NA,NA,NA
2018-04,Ocean,Silica,NA,NA,NA,NA,NA,NA
2018-04,Ocean,Iron,NA,NA,NA,NA,NA,NA
2018-04,Ocean,Ammonia,NA,NA,NA,NA,NA,NA
2018-05,Ocean,Turbidity,0,0,0,0,0,0
2018-05,Ocean,Phosphate,0.06,0.06,0.03,0.04,0.03,0.09
2018-05,Ocean,Nitrate MR,1,1.05,0.22,0.2,0.7,1.2
2018-05,Ocean,Nitrate HR,2.33,2.25,0.34,0.27,2,2.8
2018-05,Ocean,pH,NA,NA,NA,NA,NA,NA
2018-05,Ocean,Alkalinity,NA,NA,NA,NA,NA,NA
2018-05,Ocean,Silica,NA,NA,NA,NA,NA,NA
2018-05,Ocean,Iron,NA,NA,NA,NA,NA,NA
2018-05,Ocean,Ammonia,NA,NA,NA,NA,NA,NA
2018-06,Ocean,Turbidity,0,0,0,0,0,0
2018-06,Ocean,Phosphate,0.16,0.17,0.03,0.03,0.12,0.2
2018-06,Ocean,Nitrate MR,1.02,1.1,0.16,0.2,0.8,1.2
2018-06,Ocean,Nitrate HR,1.74,1.8,0.42,0.4,1.2,2.3
2018-06,Ocean,pH,NA,NA,NA,NA,NA,NA
2018-06,Ocean,Alkalinity,NA,NA,NA,NA,NA,NA
2018-06,Ocean,Silica,NA,NA,NA,NA,NA,NA
2018-06,Ocean,Iron,NA,NA,NA,NA,NA,NA
2018-06,Ocean,Ammonia,NA,NA,NA,NA,NA,NA
2018-07,Ocean,Turbidity,0,0,0,0,0,0
2018-07,Ocean,Phosphate,0.08,0.08,0.02,0.01,0.07,0.1
2018-07,Ocean,Nitrate MR,1.3,1.3,0.2,0.2,1.1,1.5
2018-07,Ocean,Nitrate HR,1.87,1.8,0.12,0.1,1.8,2
2018-07,Ocean,pH,NA,NA,NA,NA,NA,NA
2018-07,Ocean,Alkalinity,NA,NA,NA,NA,NA,NA
2018-07,Ocean,Silica,NA,NA,NA,NA,NA,NA
2018-07,Ocean,Iron,NA,NA,NA,NA,NA,NA
2018-07,Ocean,Ammonia,NA,NA,NA,NA,NA,NA
2018-08,Ocean,Turbidity,0,0,NA,0,0,0
2018-08,Ocean,Phosphate,0.09,0.09,NA,0,0.09,0.09
2018-08,Ocean,Nitrate MR,0.9,0.9,NA,0,0.9,0.9
2018-08,Ocean,Nitrate HR,0.9,0.9,NA,0,0.9,0.9
2018-08,Ocean,pH,NA,NA,NA,NA,NA,NA
2018-08,Ocean,Alkalinity,NA,NA,NA,NA,NA,NA
2018-08,Ocean,Silica,NA,NA,NA,NA,NA,NA
2018-08,Ocean,Iron,NA,NA,NA,NA,NA,NA
2018-08,Ocean,Ammonia,NA,NA,NA,NA,NA,NA
2018-09,Ocean,Turbidity,0,0,0,0,0,0
2018-09,Ocean,Phosphate,0.07,0.07,0.04,0.03,0.04,0.1
2018-09,Ocean,Nitrate MR,1.15,1.15,0.07,0.05,1.1,1.2
2018-09,Ocean,Nitrate HR,2.2,2.2,NA,0,2.2,2.2
2018-09,Ocean,pH,NA,NA,NA,NA,NA,NA
2018-09,Ocean,Alkalinity,NA,NA,NA,NA,NA,NA
2018-09,Ocean,Silica,NA,NA,NA,NA,NA,NA
2018-09,Ocean,Iron,NA,NA,NA,NA,NA,NA
2018-09,Ocean,Ammonia,NA,NA,NA,NA,NA,NA
2018-10,Ocean,Turbidity,0,0,0,0,0,0
2018-10,Ocean,Phosphate,0.06,0.06,0.02,0.02,0.04,0.08
2018-10,Ocean,Nitrate MR,0.96,0.8,0.29,0.3,0.7,1.4
2018-10,Ocean,Nitrate HR,1.35,1.2,0.37,0.2,1.1,1.9
2018-10,Ocean,pH,NA,NA,NA,NA,NA,NA
2018-10,Ocean,Alkalinity,NA,NA,NA,NA,NA,NA
2018-10,Ocean,Silica,NA,NA,NA,NA,NA,NA
2018-10,Ocean,Iron,NA,NA,NA,NA,NA,NA
2018-10,Ocean,Ammonia,NA,NA,NA,NA,NA,NA
2018-11,Ocean,Turbidity,0,0,0,0,0,0
2018-11,Ocean,Phosphate,0.06,0.06,0.02,0.02,0.03,0.09
2018-11,Ocean,Nitrate MR,1.15,1.2,0.17,0.1,0.9,1.3
2018-11,Ocean,Nitrate HR,1.87,1.8,0.7,0.7,1.2,2.6
2018-11,Ocean,pH,8.24,8.24,0.06,0.04,8.2,8.29
2018-11,Ocean,Alkalinity,132,132,NA,0,132,132
2018-11,Ocean,Silica,0.32,0.32,0.02,0.02,0.3,0.33
2018-11,Ocean,Iron,0,0,0,0,0,0
2018-11,Ocean,Ammonia,NA,NA,NA,NA,NA,NA
2018-12,Ocean,Turbidity,0,0,0,0,0,0
2018-12,Ocean,Phosphate,0.06,0.06,0.03,0.02,0.03,0.09
2018-12,Ocean,Nitrate MR,0.77,0.8,0.06,0.05,0.7,0.8
2018-12,Ocean,Nitrate HR,1.7,1.65,0.63,0.6,1,2.5
2018-12,Ocean,pH,8.35,8.35,0.06,0.04,8.3,8.39
2018-12,Ocean,Alkalinity,NA,NA,NA,NA,NA,NA
2018-12,Ocean,Silica,0.26,0.26,NA,0,0.26,0.26
2018-12,Ocean,Iron,0,0,NA,0,0,0
2018-12,Ocean,Ammonia,NA,NA,NA,NA,NA,NA
2019-01,Ocean,Turbidity,0.5,0,1,0.5,0,2
2019-01,Ocean,Phosphate,0.05,0.04,0.02,0.03,0.03,0.07
2019-01,Ocean,Nitrate MR,0.83,0.7,0.23,0.2,0.7,1.1
2019-01,Ocean,Nitrate HR,1.68,1.6,0.62,0.38,1,2.5
2019-01,Ocean,pH,8.45,8.45,NA,0,8.45,8.45
2019-01,Ocean,Alkalinity,NA,NA,NA,NA,NA,NA
2019-01,Ocean,Silica,0.03,0.03,NA,0,0.03,0.03
2019-01,Ocean,Iron,NA,NA,NA,NA,NA,NA
2019-01,Ocean,Ammonia,NA,NA,NA,NA,NA,NA
2019-02,Ocean,Turbidity,0,0,0,0,0,0
2019-02,Ocean,Phosphate,0.02,0,0.03,0.03,0,0.06
2019-02,Ocean,Nitrate MR,0.83,0.9,0.21,0.2,0.6,1
2019-02,Ocean,Nitrate HR,1.87,2,0.23,0.2,1.6,2
2019-02,Ocean,pH,8.5,8.5,NA,0,8.5,8.5
2019-02,Ocean,Alkalinity,124.27,125.2,12.23,12.2,111.6,136
2019-02,Ocean,Silica,0.15,0.16,0.14,0.14,0,0.28
2019-02,Ocean,Iron,0.01,0.01,0.01,0.01,0,0.02
2019-02,Ocean,Ammonia,NA,NA,NA,NA,NA,NA
2019-03,Ocean,Turbidity,0,0,0,0,0,0
2019-03,Ocean,Phosphate,0.03,0.02,0.02,0.02,0,0.05
2019-03,Ocean,Nitrate MR,0.63,0.7,0.15,0.15,0.4,0.8
2019-03,Ocean,Nitrate HR,1.33,1.25,0.5,0.8,0.8,2
2019-03,Ocean,pH,8.33,8.3,0.15,0.15,8.2,8.5
2019-03,Ocean,Alkalinity,125.68,124,14.61,16,107.2,145.2
2019-03,Ocean,Silica,0.32,0.31,0.11,0.12,0.21,0.48
2019-03,Ocean,Iron,0,0,0.01,0.01,0,0.01
2019-03,Ocean,Ammonia,NA,NA,NA,NA,NA,NA
2019-04,Ocean,Turbidity,0.25,0,0.5,0.25,0,1
2019-04,Ocean,Phosphate,0.03,0.02,0.03,0.02,0,0.07
2019-04,Ocean,Nitrate MR,0.62,0.65,0.17,0.17,0.4,0.8
2019-04,Ocean,Nitrate HR,1.1,1.1,0.34,0.35,0.7,1.5
2019-04,Ocean,pH,8.3,8.3,0.1,0.1,8.2,8.4
2019-04,Ocean,Alkalinity,110,107,9.85,9.5,102,121
2019-04,Ocean,Silica,0.26,0.26,0.21,0.19,0,0.51
2019-04,Ocean,Iron,0.01,0,0.01,0.01,0,0.02
2019-04,Ocean,Ammonia,NA,NA,NA,NA,NA,NA
2019-05,Ocean,Turbidity,0.67,0,1.15,1,0,2
2019-05,Ocean,Phosphate,0.07,0.07,0.02,0.02,0.05,0.09
2019-05,Ocean,Nitrate MR,0.67,0.7,0.06,0.05,0.6,0.7
2019-05,Ocean,Nitrate HR,1.33,1.3,0.95,0.95,0.4,2.3
2019-05,Ocean,pH,8,8,NA,0,8,8
2019-05,Ocean,Alkalinity,NA,NA,NA,NA,NA,NA
2019-05,Ocean,Silica,0.32,0.32,0.13,0.13,0.19,0.45
2019-05,Ocean,Iron,0,0,0,0,0,0.01
2019-05,Ocean,Ammonia,NA,NA,NA,NA,NA,NA
2019-06,Ocean,Turbidity,0,0,0,0,0,0
2019-06,Ocean,Phosphate,0.03,0.04,0.03,0.05,0,0.07
2019-06,Ocean,Nitrate MR,1.06,1.1,0.28,0.35,0.7,1.5
2019-06,Ocean,Nitrate HR,1.84,1.7,0.45,0.35,1.4,2.7
2019-06,Ocean,pH,8.46,8.46,0.03,0.03,8.4,8.49
2019-06,Ocean,Alkalinity,118.93,118,7.66,9.25,111,132
2019-06,Ocean,Silica,0.5,0.46,0.24,0.4,0.24,0.82
2019-06,Ocean,Iron,0.01,0,0.01,0.01,0,0.01
2019-06,Ocean,Ammonia,NA,NA,NA,NA,NA,NA
2019-07,Ocean,Turbidity,0,0,0,0,0,0
2019-07,Ocean,Phosphate,0,0,0,0,0,0
2019-07,Ocean,Nitrate MR,0.92,1,0.22,0.22,0.5,1.2
2019-07,Ocean,Nitrate HR,1.2,1.15,0.28,0.3,0.9,1.8
2019-07,Ocean,pH,8.47,8.48,0.02,0.03,8.44,8.5
2019-07,Ocean,Alkalinity,125.33,129,7.37,10.25,115,132
2019-07,Ocean,Silica,0.85,0.5,0.58,0.95,0.34,1.91
2019-07,Ocean,Iron,0.01,0,0.01,0,0,0.02
2019-07,Ocean,Ammonia,NA,NA,NA,NA,NA,NA
2019-08,Ocean,Turbidity,0,0,0,0,0,0
2019-08,Ocean,Phosphate,0.08,0.06,0.07,0.05,0,0.17
2019-08,Ocean,Nitrate MR,0.9,0.9,0.28,0.2,0.7,1.1
2019-08,Ocean,Nitrate HR,1.2,1.2,0.14,0.1,1.1,1.3
2019-08,Ocean,pH,8.44,8.43,0.03,0.02,8.41,8.47
2019-08,Ocean,Alkalinity,119.25,119.5,14.8,20.75,103,135
2019-08,Ocean,Silica,0.58,0.63,0.12,0.08,0.39,0.65
2019-08,Ocean,Iron,0.01,0.01,0,0,0,0.01
2019-08,Ocean,Ammonia,NA,NA,NA,NA,NA,NA
2019-09,Ocean,Turbidity,0,0,NA,0,0,0
2019-09,Ocean,Phosphate,0.04,0.03,0.01,0.01,0.03,0.05
2019-09,Ocean,Nitrate MR,0.65,0.65,0.13,0.15,0.5,0.8
2019-09,Ocean,Nitrate HR,0.85,0.75,0.72,1.05,0.2,1.7
2019-09,Ocean,pH,8.41,8.43,0.07,0.07,8.31,8.48
2019-09,Ocean,Alkalinity,125.5,124,9.98,7.5,115,139
2019-09,Ocean,Silica,1.19,1.19,0.28,0.27,0.85,1.51
2019-09,Ocean,Iron,0.01,0.01,0.01,0,0,0.01
2019-09,Ocean,Ammonia,NA,NA,NA,NA,NA,NA
2019-10,Ocean,Turbidity,0,0,0,0,0,0
2019-10,Ocean,Phosphate,0.01,0.01,0.02,0.01,0,0.03
2019-10,Ocean,Nitrate MR,0.4,0.4,0,0,0.4,0.4
2019-10,Ocean,Nitrate HR,0.85,0.85,0.35,0.25,0.6,1.1
2019-10,Ocean,pH,8.35,8.35,0.18,0.13,8.22,8.48
2019-10,Ocean,Alkalinity,129.5,129.5,3.54,2.5,127,132
2019-10,Ocean,Silica,0.86,0.86,0.35,0.24,0.61,1.1
2019-10,Ocean,Iron,0,0,0,0,0,0.01
2019-10,Ocean,Ammonia,NA,NA,NA,NA,NA,NA
2019-11,Ocean,Turbidity,0,0,0,0,0,0
2019-11,Ocean,Phosphate,0.03,0.03,0.01,0.01,0.02,0.04
2019-11,Ocean,Nitrate MR,0.7,0.6,0.34,0.1,0.5,1.3
2019-11,Ocean,Nitrate HR,0.82,0.8,0.28,0.5,0.5,1.1
2019-11,Ocean,pH,8.31,8.3,0.09,0.14,8.21,8.42
2019-11,Ocean,Alkalinity,129.4,131,8.11,2,116,138
2019-11,Ocean,Silica,0.6,0.35,0.67,0.08,0.23,1.79
2019-11,Ocean,Iron,0,0,0.01,0,0,0.01
2019-11,Ocean,Ammonia,NA,NA,NA,NA,NA,NA
2019-12,Ocean,Turbidity,0,0,0,0,0,0
2019-12,Ocean,Phosphate,0.06,0.06,0.04,0.03,0.04,0.09
2019-12,Ocean,Nitrate MR,0.4,0.4,0,0,0.4,0.4
2019-12,Ocean,Nitrate HR,0.4,0.4,0.42,0.3,0.1,0.7
2019-12,Ocean,pH,8.41,8.41,0.01,0.01,8.4,8.41
2019-12,Ocean,Alkalinity,133,133,5.66,4,129,137
2019-12,Ocean,Silica,1.86,1.86,NA,0,1.86,1.86
2019-12,Ocean,Iron,0,0,0,0,0,0
2019-12,Ocean,Ammonia,NA,NA,NA,NA,NA,NA
2020-01,Ocean,Turbidity,0.6,0,0.89,1,0,2
2020-01,Ocean,Phosphate,0.06,0.03,0.07,0.12,0,0.14
2020-01,Ocean,Nitrate MR,0.48,0.5,0.08,0.1,0.4,0.6
2020-01,Ocean,Nitrate HR,1.12,0.9,0.98,0.4,0.3,2.8
2020-01,Ocean,pH,8.48,8.48,0.04,0.03,8.46,8.51
2020-01,Ocean,Alkalinity,133.4,135,3.21,2,128,136
2020-01,Ocean,Silica,1.46,1.61,0.32,0.18,0.99,1.63
2020-01,Ocean,Iron,0,0,0,0,0,0
2020-01,Ocean,Ammonia,NA,NA,NA,NA,NA,NA
2020-02,Ocean,Turbidity,0,0,0,0,0,0
2020-02,Ocean,Phosphate,0.03,0.04,0.02,0.02,0,0.05
2020-02,Ocean,Nitrate MR,0.5,0.5,0.08,0.05,0.4,0.6
2020-02,Ocean,Nitrate HR,0.68,0.6,0.22,0.12,0.5,1
2020-02,Ocean,pH,8.54,8.54,0.02,0.02,8.53,8.56
2020-02,Ocean,Alkalinity,134.33,134,2.52,2.5,132,137
2020-02,Ocean,Silica,1.66,1.81,0.27,0.23,1.35,1.82
2020-02,Ocean,Iron,0,0,0,0,0,0
2020-02,Ocean,Ammonia,NA,NA,NA,NA,NA,NA
2020-03,Ocean,Turbidity,0,0,0,0,0,0
2020-03,Ocean,Phosphate,0.05,0.04,0.02,0.02,0.02,0.07
2020-03,Ocean,Nitrate MR,0.72,0.65,0.26,0.22,0.5,1.1
2020-03,Ocean,Nitrate HR,1.1,1.2,0.2,0.1,0.8,1.2
2020-03,Ocean,pH,8.31,8.18,0.23,0.2,8.17,8.57
2020-03,Ocean,Alkalinity,131.75,131.5,1.71,1.75,130,134
2020-03,Ocean,Silica,1.33,1.33,0.11,0.07,1.26,1.41
2020-03,Ocean,Iron,0,0,0,0,0,0.01
2020-03,Ocean,Ammonia,NA,NA,NA,NA,NA,NA
2020-04,Ocean,Turbidity,0.5,0,1,0.5,0,2
2020-04,Ocean,Phosphate,0.02,0.02,0,0,0.02,0.03
2020-04,Ocean,Nitrate MR,0.55,0.55,0.06,0.1,0.5,0.6
2020-04,Ocean,Nitrate HR,0.87,0.9,0.15,0.15,0.7,1
2020-04,Ocean,pH,8.25,8.25,0.02,0.02,8.23,8.28
2020-04,Ocean,Alkalinity,144.25,148.5,11.03,8.25,128,152
2020-04,Ocean,Silica,1.71,1.7,0.07,0.07,1.64,1.78
2020-04,Ocean,Iron,0,0,0,0,0,0.01
2020-04,Ocean,Ammonia,NA,NA,NA,NA,NA,NA
2020-05,Ocean,Turbidity,0,0,0,0,0,0
2020-05,Ocean,Phosphate,0.05,0.05,0.03,0.04,0,0.08
2020-05,Ocean,Nitrate MR,0.65,0.65,0.13,0.15,0.5,0.8
2020-05,Ocean,Nitrate HR,1.18,0.95,0.64,0.58,0.7,2.1
2020-05,Ocean,pH,8.26,8.29,0.21,0.24,8.05,8.56
2020-05,Ocean,Alkalinity,124.4,124,8.29,10,112,132
2020-05,Ocean,Silica,0.99,0.78,0.49,0.37,0.63,1.82
2020-05,Ocean,Iron,0,0,0,0,0,0.01
2020-05,Ocean,Ammonia,NA,NA,NA,NA,NA,NA
2020-06,Ocean,Turbidity,0,0,0,0,0,0
2020-06,Ocean,Phosphate,0.04,0.04,0.02,0.01,0.02,0.06
2020-06,Ocean,Nitrate MR,0.78,0.75,0.1,0.13,0.7,0.9
2020-06,Ocean,Nitrate HR,1.25,1,0.57,0.3,0.9,2.1
2020-06,Ocean,pH,8.29,8.27,0.03,0.03,8.27,8.32
2020-06,Ocean,Alkalinity,120.25,123.5,8.26,5.25,108,126
2020-06,Ocean,Silica,0.47,0.48,0.05,0.04,0.4,0.52
2020-06,Ocean,Iron,0,0,0,0,0,0
2020-06,Ocean,Ammonia,NA,NA,NA,NA,NA,NA
2020-07,Ocean,Turbidity,0,0,0,0,0,0
2020-07,Ocean,Phosphate,0.04,0.05,0.04,0.04,0,0.11
2020-07,Ocean,Nitrate MR,0.72,0.7,0.26,0.2,0.4,1.1
2020-07,Ocean,Nitrate HR,0.84,0.6,0.59,0.5,0.3,1.8
2020-07,Ocean,pH,8.25,8.25,0.04,0.02,8.23,8.28
2020-07,Ocean,Alkalinity,128,127.5,5.35,4,122,135
2020-07,Ocean,Silica,0.51,0.52,0.08,0.06,0.41,0.62
2020-07,Ocean,Iron,0.01,0,0.02,0.02,0,0.03
2020-07,Ocean,Ammonia,NA,NA,NA,NA,NA,NA
2020-08,Ocean,Turbidity,0,0,0,0,0,0
2020-08,Ocean,Phosphate,0.04,0.01,0.07,0.04,0,0.15
2020-08,Ocean,Nitrate MR,1.35,1.5,0.47,0.55,0.7,1.7
2020-08,Ocean,Nitrate HR,1.55,1.6,0.17,0.1,1.3,1.7
2020-08,Ocean,pH,8.26,8.26,0.04,0.03,8.23,8.29
2020-08,Ocean,Alkalinity,126.25,126,2.87,1.75,123,130
2020-08,Ocean,Silica,0.37,0.36,0.07,0.11,0.31,0.44
2020-08,Ocean,Iron,0.02,0.02,0.02,0.03,0,0.03
2020-08,Ocean,Ammonia,NA,NA,NA,NA,NA,NA
2020-09,Ocean,Turbidity,0,0,0,0,0,0
2020-09,Ocean,Phosphate,0.03,0.02,0.02,0.01,0.01,0.05
2020-09,Ocean,Nitrate MR,1.5,1.5,0.16,0.1,1.3,1.7
2020-09,Ocean,Nitrate HR,1.8,1.8,0.41,0.25,1.3,2.3
2020-09,Ocean,pH,8.27,8.27,NA,0,8.27,8.27
2020-09,Ocean,Alkalinity,118.5,119,13.18,11,102,134
2020-09,Ocean,Silica,0.27,0.33,0.18,0.16,0.02,0.41
2020-09,Ocean,Iron,0,0,0,0,0,0
2020-09,Ocean,Ammonia,NA,NA,NA,NA,NA,NA
2020-10,Ocean,Turbidity,0,0,0,0,0,0
2020-10,Ocean,Phosphate,0.09,0.05,0.08,0.12,0,0.19
2020-10,Ocean,Nitrate MR,1.38,1.35,0.17,0.17,1.2,1.6
2020-10,Ocean,Nitrate HR,1.92,2,0.48,0.6,1.3,2.5
2020-10,Ocean,pH,8.22,8.22,0.06,0.09,8.15,8.28
2020-10,Ocean,Alkalinity,116.4,116,9.71,5,103,130
2020-10,Ocean,Silica,0.36,0.36,0.02,0,0.33,0.38
2020-10,Ocean,Iron,0.01,0,0.01,0.01,0,0.01
2020-10,Ocean,Ammonia,NA,NA,NA,NA,NA,NA
2020-11,Ocean,Turbidity,0,0,0,0,0,0
2020-11,Ocean,Phosphate,0.1,0.1,0.01,0.01,0.09,0.11
2020-11,Ocean,Nitrate MR,1.05,0.9,0.3,0.15,0.9,1.5
2020-11,Ocean,Nitrate HR,0.93,0.9,0.25,0.25,0.7,1.2
2020-11,Ocean,pH,8.15,8.14,0.03,0.03,8.13,8.19
2020-11,Ocean,Alkalinity,135.75,132.5,11.27,7.25,126,152
2020-11,Ocean,Silica,0.62,0.56,0.19,0.12,0.48,0.91
2020-11,Ocean,Iron,0,0,0,0,0,0
2020-11,Ocean,Ammonia,NA,NA,NA,NA,NA,NA
2020-12,Ocean,Turbidity,0,0,0,0,0,0
2020-12,Ocean,Phosphate,0.07,0.06,0.09,0.13,0,0.19
2020-12,Ocean,Nitrate MR,1.2,1.1,0.17,0.15,1.1,1.4
2020-12,Ocean,Nitrate HR,1.38,1.25,0.51,0.38,0.9,2.1
2020-12,Ocean,pH,8.08,8.08,0.01,0.02,8.07,8.1
2020-12,Ocean,Alkalinity,128.5,128.5,2.08,2,126,131
2020-12,Ocean,Silica,0.67,0.69,0.13,0.19,0.51,0.78
2020-12,Ocean,Iron,0.01,0,0.01,0,0,0.02
2020-12,Ocean,Ammonia,NA,NA,NA,NA,NA,NA
2021-01,Ocean,Turbidity,0,0,0,0,0,0
2021-01,Ocean,Phosphate,0.06,0.05,0.05,0.06,0,0.13
2021-01,Ocean,Nitrate MR,1.18,1.2,0.25,0.3,0.8,1.4
2021-01,Ocean,Nitrate HR,1.94,2.1,0.33,0.4,1.5,2.3
2021-01,Ocean,pH,8.1,8.1,0.03,0.04,8.07,8.14
2021-01,Ocean,Alkalinity,122.67,123,4.51,4.5,118,127
2021-01,Ocean,Silica,0.76,0.79,0.12,0.14,0.58,0.86
2021-01,Ocean,Iron,0,0,0,0,0,0
2021-01,Ocean,Ammonia,NA,NA,NA,NA,NA,NA
2021-02,Ocean,Turbidity,0,0,0,0,0,0
2021-02,Ocean,Phosphate,0.06,0.07,0.03,0.03,0.03,0.09
2021-02,Ocean,Nitrate MR,1.23,1.2,0.25,0.25,1,1.5
2021-02,Ocean,Nitrate HR,1.97,2.1,0.23,0.2,1.7,2.1
2021-02,Ocean,pH,8.23,8.17,0.11,0.1,8.16,8.35
2021-02,Ocean,Alkalinity,140.67,142,3.21,3,137,143
2021-02,Ocean,Silica,0.5,0.5,0,0,0.5,0.5
2021-02,Ocean,Iron,0,0,0,0,0,0
2021-02,Ocean,Ammonia,NA,NA,NA,NA,NA,NA
2021-03,Ocean,Turbidity,0.75,0,1.5,0.75,0,3
2021-03,Ocean,Phosphate,0.04,0.04,0.03,0.04,0,0.08
2021-03,Ocean,Nitrate MR,0.95,1,0.17,0.1,0.7,1.1
2021-03,Ocean,Nitrate HR,1.4,1.45,0.14,0.15,1.2,1.5
2021-03,Ocean,pH,8.27,8.26,0.05,0.04,8.23,8.34
2021-03,Ocean,Alkalinity,132.5,132.5,1.29,1.5,131,134
2021-03,Ocean,Silica,0.61,0.62,0.08,0.09,0.5,0.7
2021-03,Ocean,Iron,0,0,0,0,0,0.01
2021-03,Ocean,Ammonia,NA,NA,NA,NA,NA,NA
2021-04,Ocean,Turbidity,0,0,0,0,0,0
2021-04,Ocean,Phosphate,0.08,0.05,0.07,0.07,0.02,0.19
2021-04,Ocean,Nitrate MR,0.96,1,0.3,0.2,0.5,1.3
2021-04,Ocean,Nitrate HR,1.16,0.9,0.52,0.7,0.7,1.9
2021-04,Ocean,pH,8.26,8.24,0.08,0.07,8.19,8.4
2021-04,Ocean,Alkalinity,130.4,132,5.68,9,123,136
2021-04,Ocean,Silica,0.71,0.64,0.3,0.24,0.45,1.2
2021-04,Ocean,Iron,0,0,0,0,0,0
2021-04,Ocean,Ammonia,NA,NA,NA,NA,NA,NA
2021-05,Ocean,Turbidity,0,0,0,0,0,0
2021-05,Ocean,Phosphate,0.07,0.07,0.07,0.09,0,0.15
2021-05,Ocean,Nitrate MR,1.43,1.4,0.15,0.22,1.3,1.6
2021-05,Ocean,Nitrate HR,1.6,1.6,0.73,1,0.8,2.4
2021-05,Ocean,pH,8.34,8.36,0.05,0.04,8.27,8.38
2021-05,Ocean,Alkalinity,127.5,125,5,2.5,125,135
2021-05,Ocean,Silica,1.16,0.88,0.59,0.37,0.83,2.05
2021-05,Ocean,Iron,0,0,0,0,0,0.01
2021-05,Ocean,Ammonia,NA,NA,NA,NA,NA,NA
2021-06,Ocean,Turbidity,0,0,0,0,0,0
2021-06,Ocean,Phosphate,0.12,0.14,0.06,0.07,0.05,0.17
2021-06,Ocean,Nitrate MR,1.38,1.4,0.22,0.27,1.1,1.6
2021-06,Ocean,Nitrate HR,1.5,1.4,0.51,0.45,1,2.2
2021-06,Ocean,pH,8.24,8.23,0.03,0.04,8.21,8.27
2021-06,Ocean,Alkalinity,128.5,128.5,3.51,5.5,125,132
2021-06,Ocean,Silica,1.05,0.95,0.18,0.16,0.94,1.26
2021-06,Ocean,Iron,0.01,0,0.01,0.01,0,0.02
2021-06,Ocean,Ammonia,NA,NA,NA,NA,NA,NA
2021-07,Ocean,Turbidity,0,0,0,0,0,0
2021-07,Ocean,Phosphate,0.12,0.13,0.08,0.07,0,0.21
2021-07,Ocean,Nitrate MR,1.42,1.4,0.15,0.1,1.2,1.6
2021-07,Ocean,Nitrate HR,1.58,1.7,0.36,0.6,1.1,1.9
2021-07,Ocean,pH,8.18,8.17,0.03,0.06,8.14,8.21
2021-07,Ocean,Alkalinity,126,126,2.12,3,123,128
2021-07,Ocean,Silica,1.76,1.82,0.12,0.22,1.61,1.86
2021-07,Ocean,Iron,0.01,0.01,0,0,0,0.01
2021-07,Ocean,Ammonia,NA,NA,NA,NA,NA,NA
2021-08,Ocean,Turbidity,1,1,1.15,2,0,2
2021-08,Ocean,Phosphate,0.23,0.23,0.04,0.04,0.18,0.27
2021-08,Ocean,Nitrate MR,1.3,1.3,0,0,1.3,1.3
2021-08,Ocean,Nitrate HR,1.62,1.6,0.38,0.62,1.3,2
2021-08,Ocean,pH,8.19,8.18,0.05,0.07,8.15,8.26
2021-08,Ocean,Alkalinity,121.5,119.5,5.8,4,117,130
2021-08,Ocean,Silica,1.49,1.56,0.17,0.13,1.24,1.61
2021-08,Ocean,Iron,0,0,0,0,0,0.01
2021-08,Ocean,Ammonia,NA,NA,NA,NA,NA,NA
2021-09,Ocean,Turbidity,0,0,0,0,0,0
2021-09,Ocean,Phosphate,0.17,0.18,0.05,0.06,0.11,0.21
2021-09,Ocean,Nitrate MR,1.3,1.25,0.22,0.2,1.1,1.6
2021-09,Ocean,Nitrate HR,1.95,2,0.37,0.5,1.5,2.3
2021-09,Ocean,pH,8.2,8.2,0.04,0.05,8.15,8.24
2021-09,Ocean,Alkalinity,117.5,115,7.14,4,112,128
2021-09,Ocean,Silica,1.91,1.89,0.13,0.09,1.78,2.09
2021-09,Ocean,Iron,0.01,0.01,0.01,0.01,0,0.01
2021-09,Ocean,Ammonia,NA,NA,NA,NA,NA,NA
2021-10,Ocean,Turbidity,0,0,0,0,0,0
2021-10,Ocean,Phosphate,0.14,0.14,0.02,0.03,0.12,0.17
2021-10,Ocean,Nitrate MR,0.98,0.8,0.25,0.4,0.8,1.3
2021-10,Ocean,Nitrate HR,1.4,1.5,0.51,0.6,0.8,2.1
2021-10,Ocean,pH,8.16,8.16,0.02,0.01,8.13,8.18
2021-10,Ocean,Alkalinity,135.2,136,3.56,6,131,139
2021-10,Ocean,Silica,1.91,1.92,0.09,0.08,1.79,2.01
2021-10,Ocean,Iron,0.01,0.01,0,0,0,0.01
2021-10,Ocean,Ammonia,NA,NA,NA,NA,NA,NA
2021-11,Ocean,Turbidity,0,0,0,0,0,0
2021-11,Ocean,Phosphate,0.12,0.1,0.03,0.03,0.1,0.16
2021-11,Ocean,Nitrate MR,0.98,1,0.13,0.07,0.8,1.1
2021-11,Ocean,Nitrate HR,1.2,1.15,0.29,0.25,0.9,1.6
2021-11,Ocean,pH,8.09,8.08,0.06,0.08,8.03,8.16
2021-11,Ocean,Alkalinity,132.5,131,4.51,4,129,139
2021-11,Ocean,Silica,1.83,1.81,0.14,0.13,1.69,2.03
2021-11,Ocean,Iron,0,0,0,0.01,0,0.01
2021-11,Ocean,Ammonia,NA,NA,NA,NA,NA,NA
2021-12,Ocean,Turbidity,0,0,0,0,0,0
2021-12,Ocean,Phosphate,0.1,0.11,0.04,0.06,0.06,0.14
2021-12,Ocean,Nitrate MR,0.84,0.8,0.17,0.2,0.7,1.1
2021-12,Ocean,Nitrate HR,1.08,1.2,0.27,0.4,0.8,1.4
2021-12,Ocean,pH,8.01,8.02,0.04,0.04,7.97,8.07
2021-12,Ocean,Alkalinity,127,128,2.24,0,123,128
2021-12,Ocean,Silica,1.89,1.89,0.13,0.03,1.73,2.09
2021-12,Ocean,Iron,0.01,0.01,0.01,0,0,0.01
2021-12,Ocean,Ammonia,NA,NA,NA,NA,NA,NA
2022-01,Ocean,Turbidity,0.5,0,1,0.5,0,2
2022-01,Ocean,Phosphate,0.16,0.18,0.1,0.13,0.03,0.24
2022-01,Ocean,Nitrate MR,0.73,0.7,0.06,0.05,0.7,0.8
2022-01,Ocean,Nitrate HR,1.3,1.3,0.28,0.2,1.1,1.5
2022-01,Ocean,pH,8.05,8.06,0.03,0.02,8,8.08
2022-01,Ocean,Alkalinity,132.12,130.75,7.47,8.38,125,142
2022-01,Ocean,Silica,1.92,1.91,0.04,0.04,1.88,1.96
2022-01,Ocean,Iron,0.01,0.01,0.01,0.01,0.01,0.02
2022-01,Ocean,Ammonia,NA,NA,NA,NA,NA,NA
2022-02,Ocean,Turbidity,0,0,0,0,0,0
2022-02,Ocean,Phosphate,0.09,0.08,0.02,0.02,0.07,0.12
2022-02,Ocean,Nitrate MR,0.77,0.8,0.15,0.15,0.6,0.9
2022-02,Ocean,Nitrate HR,1.07,1.2,0.32,0.3,0.7,1.3
2022-02,Ocean,pH,8.11,8.11,0.03,0.03,8.07,8.15
2022-02,Ocean,Alkalinity,131.75,131.5,1.71,1.75,130,134
2022-02,Ocean,Silica,1.49,1.49,0.47,0.33,1.16,1.82
2022-02,Ocean,Iron,0.01,0.01,0,0,0,0.02
2022-02,Ocean,Ammonia,NA,NA,NA,NA,NA,NA
2022-03,Ocean,Turbidity,0,0,0,0,0,0
2022-03,Ocean,Phosphate,0.09,0.07,0.04,0.02,0.06,0.14
2022-03,Ocean,Nitrate MR,0.8,0.8,0.08,0.05,0.7,0.9
2022-03,Ocean,Nitrate HR,0.82,0.85,0.33,0.28,0.4,1.2
2022-03,Ocean,pH,8.15,8.18,0.09,0.06,8.02,8.23
2022-03,Ocean,Alkalinity,129.75,128.5,6.55,8.75,124,138
2022-03,Ocean,Silica,1.46,1.48,0.19,0.21,1.22,1.65
2022-03,Ocean,Iron,0.01,0.01,0.01,0.01,0,0.02
2022-03,Ocean,Ammonia,NA,NA,NA,NA,NA,NA
2022-04,Ocean,Turbidity,0,0,0,0,0,0
2022-04,Ocean,Phosphate,0.14,0.13,0.05,0.04,0.09,0.22
2022-04,Ocean,Nitrate MR,1.02,1,0.13,0.2,0.9,1.2
2022-04,Ocean,Nitrate HR,1.04,1,0.23,0.2,0.8,1.4
2022-04,Ocean,pH,8.2,8.23,0.06,0.06,8.1,8.25
2022-04,Ocean,Alkalinity,123.4,122,3.05,4,121,128
2022-04,Ocean,Silica,1.6,1.59,0.07,0.05,1.52,1.7
2022-04,Ocean,Iron,0,0,0,0,0,0
2022-04,Ocean,Ammonia,NA,NA,NA,NA,NA,NA
2022-05,Ocean,Turbidity,0,0,0,0,0,0
2022-05,Ocean,Phosphate,0.18,0.17,0.03,0.04,0.15,0.22
2022-05,Ocean,Nitrate MR,1.12,1.1,0.21,0.12,0.9,1.4
2022-05,Ocean,Nitrate HR,1.4,1.4,0.08,0.05,1.3,1.5
2022-05,Ocean,pH,8.18,8.2,0.06,0.07,8.1,8.24
2022-05,Ocean,Alkalinity,124.5,122.5,5.8,4,120,133
2022-05,Ocean,Silica,1.85,1.77,0.23,0.19,1.68,2.18
2022-05,Ocean,Iron,0.01,0.01,0,0,0,0.01
2022-05,Ocean,Ammonia,NA,NA,NA,NA,NA,NA
2022-06,Ocean,Turbidity,0.67,0,1.15,1,0,2
2022-06,Ocean,Phosphate,0.16,0.2,0.08,0.08,0.07,0.22
2022-06,Ocean,Nitrate MR,1.3,1.3,0.03,0.03,1.27,1.33
2022-06,Ocean,Nitrate HR,1.52,1.57,0.37,0.37,1.13,1.87
2022-06,Ocean,pH,8.05,8.05,0.11,0.08,7.97,8.13
2022-06,Ocean,Alkalinity,115,115,5,5,110,120
2022-06,Ocean,Silica,1.92,1.92,0.04,0.03,1.89,1.94
2022-06,Ocean,Iron,0.01,0,0.01,0.01,0,0.02
2022-06,Ocean,Ammonia,NA,NA,NA,NA,NA,NA
2022-07,Ocean,Turbidity,0,0,0,0,0,0
2022-07,Ocean,Phosphate,0.04,0.04,0.02,0.01,0.03,0.06
2022-07,Ocean,Nitrate MR,NA,NA,NA,NA,NA,NA
2022-07,Ocean,Nitrate HR,NA,NA,NA,NA,NA,NA
2022-07,Ocean,pH,8.04,8.05,0.03,0.05,7.99,8.07
2022-07,Ocean,Alkalinity,119.4,120,2.51,3,117,123
2022-07,Ocean,Silica,2.04,2.02,0.05,0.04,2,2.11
2022-07,Ocean,Iron,0.01,0.01,0.01,0,0,0.02
2022-07,Ocean,Ammonia,NA,NA,NA,NA,NA,NA
2022-08,Ocean,Turbidity,0,0,NA,0,0,0
2022-08,Ocean,Phosphate,0.16,0.13,0.06,0.05,0.12,0.23
2022-08,Ocean,Nitrate MR,1.36,1.36,0.07,0.06,1.3,1.43
2022-08,Ocean,Nitrate HR,2.19,2.27,0.2,0.18,1.96,2.33
2022-08,Ocean,pH,8.09,8.09,0.02,0.01,8.08,8.11
2022-08,Ocean,Alkalinity,124.17,122,7.01,6.75,118.5,132
2022-08,Ocean,Silica,NA,NA,NA,NA,NA,NA
2022-08,Ocean,Iron,0,0,0.01,0.01,0,0.01
2022-08,Ocean,Ammonia,NA,NA,NA,NA,NA,NA
2022-09,Ocean,Turbidity,0.75,0,1.5,0.75,0,3
2022-09,Ocean,Phosphate,0.09,0.11,0.09,0.09,0,0.17
2022-09,Ocean,Nitrate MR,1.21,1.2,0.14,0.17,1.03,1.4
2022-09,Ocean,Nitrate HR,1.54,1.5,0.21,0.3,1.3,1.8
2022-09,Ocean,pH,8.07,8.07,0.02,0.02,8.03,8.09
2022-09,Ocean,Alkalinity,114.5,115,1.8,2,112.5,117
2022-09,Ocean,Silica,NA,NA,NA,NA,NA,NA
2022-09,Ocean,Iron,0.02,0.02,0.01,0.01,0,0.04
2022-09,Ocean,Ammonia,NA,NA,NA,NA,NA,NA
2022-10,Ocean,Turbidity,0,0,0,0,0,0
2022-10,Ocean,Phosphate,0.11,0.09,0.06,0.06,0.07,0.18
2022-10,Ocean,Nitrate MR,1.08,1.08,0.02,0.01,1.07,1.1
2022-10,Ocean,Nitrate HR,1.74,1.74,0.9,0.64,1.1,2.37
2022-10,Ocean,pH,8.02,8.03,0.06,0.06,7.96,8.08
2022-10,Ocean,Alkalinity,113,116,7,6.5,105,118
2022-10,Ocean,Silica,1.6,1.6,NA,0,1.6,1.6
2022-10,Ocean,Iron,0.01,0.01,0.01,0,0,0.01
2022-10,Ocean,Ammonia,0.01,0.01,NA,0,0.01,0.01
2022-11,Ocean,Turbidity,0.75,0.5,0.96,1.25,0,2
2022-11,Ocean,Phosphate,0.06,0.07,0.04,0.02,0,0.08
2022-11,Ocean,Nitrate MR,0.9,0.92,0.32,0.22,0.5,1.27
2022-11,Ocean,Nitrate HR,1.23,1.27,0.42,0.49,0.7,1.67
2022-11,Ocean,pH,7.97,7.96,0.01,0.01,7.96,7.98
2022-11,Ocean,Alkalinity,115.38,115,11.28,17.62,104.5,127
2022-11,Ocean,Silica,1.21,1.6,0.78,0.39,0.04,1.6
2022-11,Ocean,Iron,0.01,0.01,0.02,0.01,0,0.03
2022-11,Ocean,Ammonia,0.05,0.05,NA,0,0.05,0.05
2022-12,Ocean,Turbidity,0,0,0,0,0,0
2022-12,Ocean,Phosphate,0.07,0.08,0.05,0.07,0,0.13
2022-12,Ocean,Nitrate MR,0.94,0.9,0.11,0.1,0.8,1.1
2022-12,Ocean,Nitrate HR,1.22,1.4,0.36,0.2,0.6,1.48
2022-12,Ocean,pH,7.9,7.91,0.03,0.05,7.86,7.93
2022-12,Ocean,Alkalinity,126.2,133,12.32,15,108,137
2022-12,Ocean,Silica,1.6,1.6,0,0,1.6,1.6
2022-12,Ocean,Iron,0.01,0.01,0.01,0.01,0,0.02
2022-12,Ocean,Ammonia,NA,NA,NA,NA,NA,NA
2023-01,Ocean,Turbidity,0,0,0,0,0,0
2023-01,Ocean,Phosphate,0.11,0.08,0.1,0.07,0.02,0.25
2023-01,Ocean,Nitrate MR,1.01,1.02,0.11,0.18,0.9,1.1
2023-01,Ocean,Nitrate HR,1.23,1.35,0.42,0.32,0.63,1.6
2023-01,Ocean,pH,7.88,7.88,0.03,0.03,7.85,7.93
2023-01,Ocean,Alkalinity,132,131.5,3.16,4,129,136
2023-01,Ocean,Silica,1.6,1.6,0,0,1.6,1.6
2023-01,Ocean,Iron,0,0,0.01,0,0,0.01
2023-01,Ocean,Ammonia,0.03,0.03,NA,0,0.03,0.03
2023-02,Ocean,Turbidity,0,0,0,0,0,0
2023-02,Ocean,Phosphate,0.08,0.07,0.05,0.06,0.02,0.15
2023-02,Ocean,Nitrate MR,0.87,0.88,0.18,0.22,0.66,1.06
2023-02,Ocean,Nitrate HR,1.25,1.46,0.87,0.85,0.3,2
2023-02,Ocean,pH,8.03,8.02,0.07,0.06,7.95,8.12
2023-02,Ocean,Alkalinity,133.5,132,3.79,3.5,131,139
2023-02,Ocean,Silica,1.81,1.77,0.22,0.18,1.6,2.11
2023-02,Ocean,Iron,0.02,0.01,0.01,0.01,0,0.04
2023-02,Ocean,Ammonia,0.03,0.03,0.01,0.01,0.02,0.03
2023-03,Ocean,Turbidity,0.6,0,1.34,0,0,3
2023-03,Ocean,Phosphate,0.06,0,0.12,0.02,0,0.27
2023-03,Ocean,Nitrate MR,0.91,0.97,0.21,0.4,0.66,1.1
2023-03,Ocean,Nitrate HR,1.15,1.14,0.12,0.12,1.03,1.3
2023-03,Ocean,pH,8.06,8.05,0.09,0.08,7.97,8.18
2023-03,Ocean,Alkalinity,139.05,138.4,10.8,11.75,127,152.4
2023-03,Ocean,Silica,1.49,1.56,0.21,0.34,1.23,1.7
2023-03,Ocean,Iron,0.01,0,0.01,0.01,0,0.02
2023-03,Ocean,Ammonia,NA,NA,NA,NA,NA,NA
2023-04,Ocean,Turbidity,0,0,0,0,0,0
2023-04,Ocean,Phosphate,0.11,0.1,0.06,0.09,0.06,0.18
2023-04,Ocean,Nitrate MR,1.27,1.18,0.3,0.38,1.03,1.67
2023-04,Ocean,Nitrate HR,1.59,1.55,0.43,0.48,1.13,2.13
2023-04,Ocean,pH,8.22,8.25,0.04,0.03,8.16,8.25
2023-04,Ocean,Alkalinity,132.05,133.2,5.64,7.75,125,136.8
2023-04,Ocean,Silica,1.59,1.59,0.19,0.32,1.41,1.78
2023-04,Ocean,Iron,0.02,0.01,0.02,0.03,0,0.03
2023-04,Ocean,Ammonia,NA,NA,NA,NA,NA,NA
2023-05,Ocean,Turbidity,0,0,0,0,0,0
2023-05,Ocean,Phosphate,0.1,0.11,0.06,0.04,0.03,0.17
2023-05,Ocean,Nitrate MR,1.43,1.45,0.1,0.13,1.3,1.5
2023-05,Ocean,Nitrate HR,2.02,2,0.22,0.28,1.8,2.3
2023-05,Ocean,pH,8.34,8.34,0.03,0.01,8.3,8.36
2023-05,Ocean,Alkalinity,131.5,131.5,3.11,4,128,135
2023-05,Ocean,Silica,1.66,1.59,0.2,0.16,1.5,1.95
2023-05,Ocean,Iron,0.01,0.01,0.01,0.01,0,0.02
2023-05,Ocean,Ammonia,0,0,0.01,0,0,0.01
2023-06,Ocean,Turbidity,0,0,0,0,0,0
2023-06,Ocean,Phosphate,0.12,0.13,0.03,0.03,0.08,0.15
2023-06,Ocean,Nitrate MR,1.3,1.3,0.08,0.05,1.2,1.4
2023-06,Ocean,Nitrate HR,1.99,2.18,0.46,0.27,1.3,2.3
2023-06,Ocean,pH,8.11,8.12,0.08,0.03,7.99,8.2
2023-06,Ocean,Alkalinity,131.5,130,9.18,7,122,144
2023-06,Ocean,Silica,1.39,1.48,0.25,0.21,0.97,1.57
2023-06,Ocean,Iron,0.01,0.01,0.01,0.01,0,0.02
2023-06,Ocean,Ammonia,NA,NA,NA,NA,NA,NA
2023-07,Ocean,Turbidity,0,0,0,0,0,0
2023-07,Ocean,Phosphate,0.17,0.18,0.03,0.01,0.13,0.19
2023-07,Ocean,Nitrate MR,1.43,1.5,0.21,0.2,1.2,1.6
2023-07,Ocean,Nitrate HR,2.22,2.25,0.35,0.42,1.8,2.6
2023-07,Ocean,pH,8.03,7.94,0.17,0.1,7.93,8.28
2023-07,Ocean,Alkalinity,136.75,137,4.57,4.25,131,142
2023-07,Ocean,Silica,0.66,0.64,0.13,0.14,0.55,0.84
2023-07,Ocean,Iron,0,0.01,0,0,0,0.01
2023-07,Ocean,Ammonia,0.04,0.04,0.04,0.03,0.01,0.06
2023-08,Ocean,Turbidity,0,0,0,0,0,0
2023-08,Ocean,Phosphate,0.12,0.13,0.09,0.07,0.01,0.22
2023-08,Ocean,Nitrate MR,1.33,1.35,0.2,0.32,1.13,1.5
2023-08,Ocean,Nitrate HR,2.08,2.15,0.25,0.22,1.73,2.3
2023-08,Ocean,pH,8.11,8.18,0.18,0.15,7.85,8.23
2023-08,Ocean,Alkalinity,137,139,7.7,4.5,126,144
2023-08,Ocean,Silica,0.8,0.78,0.11,0.07,0.7,0.95
2023-08,Ocean,Iron,0.02,0.02,0.01,0.01,0.01,0.03
2023-08,Ocean,Ammonia,NA,NA,NA,NA,NA,NA
2023-09,Ocean,Turbidity,0,0,0,0,0,0
2023-09,Ocean,Phosphate,0.06,0.04,0.07,0.04,0.01,0.18
2023-09,Ocean,Nitrate MR,1.29,1.33,0.3,0.43,1,1.7
2023-09,Ocean,Nitrate HR,1.26,1.33,0.75,1.03,0.23,2.07
2023-09,Ocean,pH,8.2,8.18,0.05,0.04,8.14,8.26
2023-09,Ocean,Alkalinity,125.6,127,4.83,5,118,130
2023-09,Ocean,Silica,0.69,0.62,0.12,0.15,0.59,0.86
2023-09,Ocean,Iron,0.02,0.01,0.01,0.01,0,0.03
2023-09,Ocean,Ammonia,0,0,NA,0,0,0
2023-10,Ocean,Turbidity,0,0,0,0,0,0
2023-10,Ocean,Phosphate,0.03,0.04,0.03,0.03,0,0.06
2023-10,Ocean,Nitrate MR,1.42,1.43,0.02,0.01,1.4,1.43
2023-10,Ocean,Nitrate HR,1.66,1.77,0.6,0.41,0.83,2.27
2023-10,Ocean,pH,8.1,8.09,0.04,0.04,8.07,8.15
2023-10,Ocean,Alkalinity,123.67,126,5.86,5.5,117,128
2023-10,Ocean,Silica,0.61,0.6,0.05,0.05,0.57,0.66
2023-10,Ocean,Iron,0.02,0.02,NA,0,0.02,0.02
2023-10,Ocean,Ammonia,0,0,NA,0,0,0
2023-11,Ocean,Turbidity,0,0,NA,0,0,0
2023-11,Ocean,Phosphate,0.13,0.13,NA,0,0.13,0.13
2023-11,Ocean,Nitrate MR,1.5,1.5,NA,0,1.5,1.5
2023-11,Ocean,Nitrate HR,2.83,2.83,NA,0,2.83,2.83
2023-11,Ocean,pH,8.11,8.11,NA,0,8.11,8.11
2023-11,Ocean,Alkalinity,124,124,NA,0,124,124
2023-11,Ocean,Silica,0.66,0.66,NA,0,0.66,0.66
2023-11,Ocean,Iron,NA,NA,NA,NA,NA,NA
2023-11,Ocean,Ammonia,0.02,0.02,NA,0,0.02,0.02
2017-12,Mangroves,Turbidity,NA,NA,NA,NA,NA,NA
2017-12,Mangroves,Phosphate,NA,NA,NA,NA,NA,NA
2017-12,Mangroves,Nitrate MR,NA,NA,NA,NA,NA,NA
2017-12,Mangroves,Nitrate HR,NA,NA,NA,NA,NA,NA
2017-12,Mangroves,pH,NA,NA,NA,NA,NA,NA
2017-12,Mangroves,Alkalinity,NA,NA,NA,NA,NA,NA
2017-12,Mangroves,Silica,NA,NA,NA,NA,NA,NA
2017-12,Mangroves,Iron,NA,NA,NA,NA,NA,NA
2017-12,Mangroves,Ammonia,NA,NA,NA,NA,NA,NA
2018-01,Mangroves,Turbidity,NA,NA,NA,NA,NA,NA
2018-01,Mangroves,Phosphate,NA,NA,NA,NA,NA,NA
2018-01,Mangroves,Nitrate MR,NA,NA,NA,NA,NA,NA
2018-01,Mangroves,Nitrate HR,NA,NA,NA,NA,NA,NA
2018-01,Mangroves,pH,NA,NA,NA,NA,NA,NA
2018-01,Mangroves,Alkalinity,NA,NA,NA,NA,NA,NA
2018-01,Mangroves,Silica,NA,NA,NA,NA,NA,NA
2018-01,Mangroves,Iron,NA,NA,NA,NA,NA,NA
2018-01,Mangroves,Ammonia,NA,NA,NA,NA,NA,NA
2018-02,Mangroves,Turbidity,NA,NA,NA,NA,NA,NA
2018-02,Mangroves,Phosphate,NA,NA,NA,NA,NA,NA
2018-02,Mangroves,Nitrate MR,NA,NA,NA,NA,NA,NA
2018-02,Mangroves,Nitrate HR,NA,NA,NA,NA,NA,NA
2018-02,Mangroves,pH,NA,NA,NA,NA,NA,NA
2018-02,Mangroves,Alkalinity,NA,NA,NA,NA,NA,NA
2018-02,Mangroves,Silica,NA,NA,NA,NA,NA,NA
2018-02,Mangroves,Iron,NA,NA,NA,NA,NA,NA
2018-02,Mangroves,Ammonia,NA,NA,NA,NA,NA,NA
2018-03,Mangroves,Turbidity,NA,NA,NA,NA,NA,NA
2018-03,Mangroves,Phosphate,NA,NA,NA,NA,NA,NA
2018-03,Mangroves,Nitrate MR,NA,NA,NA,NA,NA,NA
2018-03,Mangroves,Nitrate HR,NA,NA,NA,NA,NA,NA
2018-03,Mangroves,pH,NA,NA,NA,NA,NA,NA
2018-03,Mangroves,Alkalinity,NA,NA,NA,NA,NA,NA
2018-03,Mangroves,Silica,NA,NA,NA,NA,NA,NA
2018-03,Mangroves,Iron,NA,NA,NA,NA,NA,NA
2018-03,Mangroves,Ammonia,NA,NA,NA,NA,NA,NA
2018-04,Mangroves,Turbidity,NA,NA,NA,NA,NA,NA
2018-04,Mangroves,Phosphate,NA,NA,NA,NA,NA,NA
2018-04,Mangroves,Nitrate MR,NA,NA,NA,NA,NA,NA
2018-04,Mangroves,Nitrate HR,NA,NA,NA,NA,NA,NA
2018-04,Mangroves,pH,NA,NA,NA,NA,NA,NA
2018-04,Mangroves,Alkalinity,NA,NA,NA,NA,NA,NA
2018-04,Mangroves,Silica,NA,NA,NA,NA,NA,NA
2018-04,Mangroves,Iron,NA,NA,NA,NA,NA,NA
2018-04,Mangroves,Ammonia,NA,NA,NA,NA,NA,NA
2018-05,Mangroves,Turbidity,NA,NA,NA,NA,NA,NA
2018-05,Mangroves,Phosphate,NA,NA,NA,NA,NA,NA
2018-05,Mangroves,Nitrate MR,NA,NA,NA,NA,NA,NA
2018-05,Mangroves,Nitrate HR,NA,NA,NA,NA,NA,NA
2018-05,Mangroves,pH,NA,NA,NA,NA,NA,NA
2018-05,Mangroves,Alkalinity,NA,NA,NA,NA,NA,NA
2018-05,Mangroves,Silica,NA,NA,NA,NA,NA,NA
2018-05,Mangroves,Iron,NA,NA,NA,NA,NA,NA
2018-05,Mangroves,Ammonia,NA,NA,NA,NA,NA,NA
2018-06,Mangroves,Turbidity,NA,NA,NA,NA,NA,NA
2018-06,Mangroves,Phosphate,NA,NA,NA,NA,NA,NA
2018-06,Mangroves,Nitrate MR,NA,NA,NA,NA,NA,NA
2018-06,Mangroves,Nitrate HR,NA,NA,NA,NA,NA,NA
2018-06,Mangroves,pH,NA,NA,NA,NA,NA,NA
2018-06,Mangroves,Alkalinity,NA,NA,NA,NA,NA,NA
2018-06,Mangroves,Silica,NA,NA,NA,NA,NA,NA
2018-06,Mangroves,Iron,NA,NA,NA,NA,NA,NA
2018-06,Mangroves,Ammonia,NA,NA,NA,NA,NA,NA
2018-07,Mangroves,Turbidity,NA,NA,NA,NA,NA,NA
2018-07,Mangroves,Phosphate,NA,NA,NA,NA,NA,NA
2018-07,Mangroves,Nitrate MR,NA,NA,NA,NA,NA,NA
2018-07,Mangroves,Nitrate HR,NA,NA,NA,NA,NA,NA
2018-07,Mangroves,pH,NA,NA,NA,NA,NA,NA
2018-07,Mangroves,Alkalinity,NA,NA,NA,NA,NA,NA
2018-07,Mangroves,Silica,NA,NA,NA,NA,NA,NA
2018-07,Mangroves,Iron,NA,NA,NA,NA,NA,NA
2018-07,Mangroves,Ammonia,NA,NA,NA,NA,NA,NA
2018-08,Mangroves,Turbidity,NA,NA,NA,NA,NA,NA
2018-08,Mangroves,Phosphate,NA,NA,NA,NA,NA,NA
2018-08,Mangroves,Nitrate MR,NA,NA,NA,NA,NA,NA
2018-08,Mangroves,Nitrate HR,NA,NA,NA,NA,NA,NA
2018-08,Mangroves,pH,NA,NA,NA,NA,NA,NA
2018-08,Mangroves,Alkalinity,NA,NA,NA,NA,NA,NA
2018-08,Mangroves,Silica,NA,NA,NA,NA,NA,NA
2018-08,Mangroves,Iron,NA,NA,NA,NA,NA,NA
2018-08,Mangroves,Ammonia,NA,NA,NA,NA,NA,NA
2018-09,Mangroves,Turbidity,NA,NA,NA,NA,NA,NA
2018-09,Mangroves,Phosphate,NA,NA,NA,NA,NA,NA
2018-09,Mangroves,Nitrate MR,NA,NA,NA,NA,NA,NA
2018-09,Mangroves,Nitrate HR,NA,NA,NA,NA,NA,NA
2018-09,Mangroves,pH,NA,NA,NA,NA,NA,NA
2018-09,Mangroves,Alkalinity,NA,NA,NA,NA,NA,NA
2018-09,Mangroves,Silica,NA,NA,NA,NA,NA,NA
2018-09,Mangroves,Iron,NA,NA,NA,NA,NA,NA
2018-09,Mangroves,Ammonia,NA,NA,NA,NA,NA,NA
2018-10,Mangroves,Turbidity,16,16,NA,0,16,16
2018-10,Mangroves,Phosphate,0.68,0.68,NA,0,0.68,0.68
2018-10,Mangroves,Nitrate MR,NA,NA,NA,NA,NA,NA
2018-10,Mangroves,Nitrate HR,2.9,2.9,NA,0,2.9,2.9
2018-10,Mangroves,pH,NA,NA,NA,NA,NA,NA
2018-10,Mangroves,Alkalinity,NA,NA,NA,NA,NA,NA
2018-10,Mangroves,Silica,NA,NA,NA,NA,NA,NA
2018-10,Mangroves,Iron,NA,NA,NA,NA,NA,NA
2018-10,Mangroves,Ammonia,NA,NA,NA,NA,NA,NA
2018-11,Mangroves,Turbidity,13.75,14,1.26,0.75,12,15
2018-11,Mangroves,Phosphate,1.04,1.02,0.07,0.09,0.97,1.12
2018-11,Mangroves,Nitrate MR,1.45,1.55,0.44,0.6,0.9,1.8
2018-11,Mangroves,Nitrate HR,1.67,1.7,0.75,0.75,0.9,2.4
2018-11,Mangroves,pH,8.6,8.6,NA,0,8.6,8.6
2018-11,Mangroves,Alkalinity,NA,NA,NA,NA,NA,NA
2018-11,Mangroves,Silica,NA,NA,NA,NA,NA,NA
2018-11,Mangroves,Iron,NA,NA,NA,NA,NA,NA
2018-11,Mangroves,Ammonia,NA,NA,NA,NA,NA,NA
2018-12,Mangroves,Turbidity,14.5,15.5,3.11,2.5,10,17
2018-12,Mangroves,Phosphate,0.96,1,0.13,0.12,0.77,1.04
2018-12,Mangroves,Nitrate MR,1,0.9,0.35,0.2,0.7,1.5
2018-12,Mangroves,Nitrate HR,1.27,1.25,0.35,0.42,0.9,1.7
2018-12,Mangroves,pH,NA,NA,NA,NA,NA,NA
2018-12,Mangroves,Alkalinity,NA,NA,NA,NA,NA,NA
2018-12,Mangroves,Silica,NA,NA,NA,NA,NA,NA
2018-12,Mangroves,Iron,NA,NA,NA,NA,NA,NA
2018-12,Mangroves,Ammonia,NA,NA,NA,NA,NA,NA
2019-01,Mangroves,Turbidity,16,16,0.82,0.5,15,17
2019-01,Mangroves,Phosphate,0.89,0.89,0.17,0.25,0.71,1.06
2019-01,Mangroves,Nitrate MR,0.92,0.95,0.1,0.12,0.8,1
2019-01,Mangroves,Nitrate HR,1.3,1.2,0.5,0.3,0.8,2
2019-01,Mangroves,pH,8.35,8.35,NA,0,8.35,8.35
2019-01,Mangroves,Alkalinity,NA,NA,NA,NA,NA,NA
2019-01,Mangroves,Silica,NA,NA,NA,NA,NA,NA
2019-01,Mangroves,Iron,NA,NA,NA,NA,NA,NA
2019-01,Mangroves,Ammonia,NA,NA,NA,NA,NA,NA
2019-02,Mangroves,Turbidity,19,18,2.65,2.5,17,22
2019-02,Mangroves,Phosphate,1.01,1.01,0.2,0.14,0.87,1.15
2019-02,Mangroves,Nitrate MR,0.83,0.9,0.12,0.1,0.7,0.9
2019-02,Mangroves,Nitrate HR,0.77,0.7,0.12,0.1,0.7,0.9
2019-02,Mangroves,pH,NA,NA,NA,NA,NA,NA
2019-02,Mangroves,Alkalinity,NA,NA,NA,NA,NA,NA
2019-02,Mangroves,Silica,NA,NA,NA,NA,NA,NA
2019-02,Mangroves,Iron,NA,NA,NA,NA,NA,NA
2019-02,Mangroves,Ammonia,NA,NA,NA,NA,NA,NA
2019-03,Mangroves,Turbidity,20,19.5,3.56,5.5,17,24
2019-03,Mangroves,Phosphate,0.59,0.6,0.13,0.18,0.43,0.71
2019-03,Mangroves,Nitrate MR,1.18,1.3,0.42,0.6,0.7,1.7
2019-03,Mangroves,Nitrate HR,0.67,0.7,0.25,0.25,0.4,0.9
2019-03,Mangroves,pH,8.05,8.05,0.21,0.15,7.9,8.2
2019-03,Mangroves,Alkalinity,NA,NA,NA,NA,NA,NA
2019-03,Mangroves,Silica,NA,NA,NA,NA,NA,NA
2019-03,Mangroves,Iron,NA,NA,NA,NA,NA,NA
2019-03,Mangroves,Ammonia,NA,NA,NA,NA,NA,NA
2019-04,Mangroves,Turbidity,15.75,16,2.22,2.75,13,18
2019-04,Mangroves,Phosphate,0.64,0.62,0.1,0.09,0.53,0.76
2019-04,Mangroves,Nitrate MR,1.3,1.4,0.26,0.25,1,1.5
2019-04,Mangroves,Nitrate HR,0.8,0.8,NA,0,0.8,0.8
2019-04,Mangroves,pH,8.12,8.15,0.17,0.18,7.9,8.3
2019-04,Mangroves,Alkalinity,NA,NA,NA,NA,NA,NA
2019-04,Mangroves,Silica,NA,NA,NA,NA,NA,NA
2019-04,Mangroves,Iron,NA,NA,NA,NA,NA,NA
2019-04,Mangroves,Ammonia,NA,NA,NA,NA,NA,NA
2019-05,Mangroves,Turbidity,17.5,17.5,6.36,4.5,13,22
2019-05,Mangroves,Phosphate,0.43,0.38,0.15,0.14,0.31,0.59
2019-05,Mangroves,Nitrate MR,1.23,1.1,0.42,0.4,0.9,1.7
2019-05,Mangroves,Nitrate HR,1.23,1,0.59,0.55,0.8,1.9
2019-05,Mangroves,pH,NA,NA,NA,NA,NA,NA
2019-05,Mangroves,Alkalinity,NA,NA,NA,NA,NA,NA
2019-05,Mangroves,Silica,NA,NA,NA,NA,NA,NA
2019-05,Mangroves,Iron,NA,NA,NA,NA,NA,NA
2019-05,Mangroves,Ammonia,NA,NA,NA,NA,NA,NA
2019-06,Mangroves,Turbidity,16.5,17,1.73,1,14,18
2019-06,Mangroves,Phosphate,0.45,0.45,0.06,0.06,0.37,0.54
2019-06,Mangroves,Nitrate MR,0.83,0.9,0.26,0.28,0.4,1.1
2019-06,Mangroves,Nitrate HR,0.98,0.8,0.71,0.3,0.5,2.4
2019-06,Mangroves,pH,8.43,8.45,0.04,0.02,8.37,8.46
2019-06,Mangroves,Alkalinity,NA,NA,NA,NA,NA,NA
2019-06,Mangroves,Silica,NA,NA,NA,NA,NA,NA
2019-06,Mangroves,Iron,NA,NA,NA,NA,NA,NA
2019-06,Mangroves,Ammonia,NA,NA,NA,NA,NA,NA
2019-07,Mangroves,Turbidity,16.75,17,1.58,1.25,15,20
2019-07,Mangroves,Phosphate,0.51,0.53,0.17,0.14,0.25,0.8
2019-07,Mangroves,Nitrate MR,0.99,0.9,0.4,0.3,0.5,1.8
2019-07,Mangroves,Nitrate HR,0.83,0.8,0.48,0.6,0.3,1.7
2019-07,Mangroves,pH,8.39,8.39,0.08,0.16,8.3,8.49
2019-07,Mangroves,Alkalinity,NA,NA,NA,NA,NA,NA
2019-07,Mangroves,Silica,NA,NA,NA,NA,NA,NA
2019-07,Mangroves,Iron,NA,NA,NA,NA,NA,NA
2019-07,Mangroves,Ammonia,NA,NA,NA,NA,NA,NA
2019-08,Mangroves,Turbidity,19,19,0,0,19,19
2019-08,Mangroves,Phosphate,0.48,0.47,0.12,0.18,0.37,0.61
2019-08,Mangroves,Nitrate MR,1.2,1.2,0.14,0.1,1.1,1.3
2019-08,Mangroves,Nitrate HR,0.75,0.75,0.35,0.25,0.5,1
2019-08,Mangroves,pH,8.33,8.33,0.01,0.01,8.32,8.34
2019-08,Mangroves,Alkalinity,NA,NA,NA,NA,NA,NA
2019-08,Mangroves,Silica,NA,NA,NA,NA,NA,NA
2019-08,Mangroves,Iron,NA,NA,NA,NA,NA,NA
2019-08,Mangroves,Ammonia,NA,NA,NA,NA,NA,NA
2019-09,Mangroves,Turbidity,20.75,19.5,2.87,2.25,19,25
2019-09,Mangroves,Phosphate,0.66,0.7,0.24,0.24,0.35,0.91
2019-09,Mangroves,Nitrate MR,0.75,0.7,0.1,0.05,0.7,0.9
2019-09,Mangroves,Nitrate HR,0.75,0.65,0.24,0.2,0.6,1.1
2019-09,Mangroves,pH,8.58,8.66,0.22,0.2,8.33,8.74
2019-09,Mangroves,Alkalinity,NA,NA,NA,NA,NA,NA
2019-09,Mangroves,Silica,NA,NA,NA,NA,NA,NA
2019-09,Mangroves,Iron,NA,NA,NA,NA,NA,NA
2019-09,Mangroves,Ammonia,NA,NA,NA,NA,NA,NA
2019-10,Mangroves,Turbidity,17.5,17.5,0.71,0.5,17,18
2019-10,Mangroves,Phosphate,0.64,0.64,0.02,0.01,0.63,0.66
2019-10,Mangroves,Nitrate MR,0.65,0.65,0.07,0.05,0.6,0.7
2019-10,Mangroves,Nitrate HR,0.3,0.3,0,0,0.3,0.3
2019-10,Mangroves,pH,8.43,8.43,0.07,0.05,8.38,8.48
2019-10,Mangroves,Alkalinity,NA,NA,NA,NA,NA,NA
2019-10,Mangroves,Silica,NA,NA,NA,NA,NA,NA
2019-10,Mangroves,Iron,NA,NA,NA,NA,NA,NA
2019-10,Mangroves,Ammonia,NA,NA,NA,NA,NA,NA
2019-11,Mangroves,Turbidity,14.8,16,2.77,1,10,17
2019-11,Mangroves,Phosphate,0.66,0.7,0.09,0.1,0.53,0.77
2019-11,Mangroves,Nitrate MR,0.62,0.4,0.49,0.5,0.2,1.4
2019-11,Mangroves,Nitrate HR,0.9,0.7,0.87,1,0,2.2
2019-11,Mangroves,pH,8.49,8.46,0.05,0.03,8.46,8.56
2019-11,Mangroves,Alkalinity,NA,NA,NA,NA,NA,NA
2019-11,Mangroves,Silica,NA,NA,NA,NA,NA,NA
2019-11,Mangroves,Iron,NA,NA,NA,NA,NA,NA
2019-11,Mangroves,Ammonia,NA,NA,NA,NA,NA,NA
2019-12,Mangroves,Turbidity,14.5,14.5,0.71,0.5,14,15
2019-12,Mangroves,Phosphate,1.31,1.31,NA,0,1.31,1.31
2019-12,Mangroves,Nitrate MR,0.3,0.3,0.14,0.1,0.2,0.4
2019-12,Mangroves,Nitrate HR,0.3,0.3,0,0,0.3,0.3
2019-12,Mangroves,pH,8.63,8.63,0.03,0.02,8.61,8.65
2019-12,Mangroves,Alkalinity,NA,NA,NA,NA,NA,NA
2019-12,Mangroves,Silica,NA,NA,NA,NA,NA,NA
2019-12,Mangroves,Iron,NA,NA,NA,NA,NA,NA
2019-12,Mangroves,Ammonia,NA,NA,NA,NA,NA,NA
2020-01,Mangroves,Turbidity,20,21,2.45,3,17,23
2020-01,Mangroves,Phosphate,NA,NA,NA,NA,NA,NA
2020-01,Mangroves,Nitrate MR,0.3,0.3,0.12,0.2,0.2,0.4
2020-01,Mangroves,Nitrate HR,0.1,0,0.2,0.1,0,0.4
2020-01,Mangroves,pH,8.72,8.72,NA,0,8.72,8.72
2020-01,Mangroves,Alkalinity,NA,NA,NA,NA,NA,NA
2020-01,Mangroves,Silica,NA,NA,NA,NA,NA,NA
2020-01,Mangroves,Iron,NA,NA,NA,NA,NA,NA
2020-01,Mangroves,Ammonia,NA,NA,NA,NA,NA,NA
2020-02,Mangroves,Turbidity,20.25,19.5,1.89,1.75,19,23
2020-02,Mangroves,Phosphate,1.21,1.21,0.01,0.01,1.2,1.21
2020-02,Mangroves,Nitrate MR,0.3,0.3,0,0,0.3,0.3
2020-02,Mangroves,Nitrate HR,0.1,0,0.17,0.15,0,0.3
2020-02,Mangroves,pH,8.75,8.75,NA,0,8.75,8.75
2020-02,Mangroves,Alkalinity,NA,NA,NA,NA,NA,NA
2020-02,Mangroves,Silica,NA,NA,NA,NA,NA,NA
2020-02,Mangroves,Iron,NA,NA,NA,NA,NA,NA
2020-02,Mangroves,Ammonia,NA,NA,NA,NA,NA,NA
2020-03,Mangroves,Turbidity,21,21,4.08,6.5,17,25
2020-03,Mangroves,Phosphate,0.81,0.81,NA,0,0.81,0.81
2020-03,Mangroves,Nitrate MR,0.45,0.45,0.13,0.15,0.3,0.6
2020-03,Mangroves,Nitrate HR,0.2,0.25,0.14,0.15,0,0.3
2020-03,Mangroves,pH,8.36,8.21,0.3,0.28,8.16,8.71
2020-03,Mangroves,Alkalinity,NA,NA,NA,NA,NA,NA
2020-03,Mangroves,Silica,NA,NA,NA,NA,NA,NA
2020-03,Mangroves,Iron,NA,NA,NA,NA,NA,NA
2020-03,Mangroves,Ammonia,NA,NA,NA,NA,NA,NA
2020-04,Mangroves,Turbidity,22.5,21.5,3.11,2.5,20,27
2020-04,Mangroves,Phosphate,0.68,0.64,0.14,0.11,0.56,0.87
2020-04,Mangroves,Nitrate MR,0.45,0.45,0.06,0.1,0.4,0.5
2020-04,Mangroves,Nitrate HR,0.17,0.15,0.21,0.32,0,0.4
2020-04,Mangroves,pH,8.2,8.2,0.03,0.03,8.15,8.23
2020-04,Mangroves,Alkalinity,NA,NA,NA,NA,NA,NA
2020-04,Mangroves,Silica,NA,NA,NA,NA,NA,NA
2020-04,Mangroves,Iron,NA,NA,NA,NA,NA,NA
2020-04,Mangroves,Ammonia,NA,NA,NA,NA,NA,NA
2020-05,Mangroves,Turbidity,18.4,17,2.19,2,17,22
2020-05,Mangroves,Phosphate,0.87,0.88,0.02,0.02,0.84,0.88
2020-05,Mangroves,Nitrate MR,0.9,0.85,0.22,0.2,0.7,1.2
2020-05,Mangroves,Nitrate HR,0.78,0.75,0.17,0.18,0.6,1
2020-05,Mangroves,pH,8.22,8.21,0.09,0.08,8.14,8.37
2020-05,Mangroves,Alkalinity,NA,NA,NA,NA,NA,NA
2020-05,Mangroves,Silica,NA,NA,NA,NA,NA,NA
2020-05,Mangroves,Iron,NA,NA,NA,NA,NA,NA
2020-05,Mangroves,Ammonia,NA,NA,NA,NA,NA,NA
2020-06,Mangroves,Turbidity,18.25,18.5,0.96,1.25,17,19
2020-06,Mangroves,Phosphate,0.83,0.84,0.12,0.15,0.68,0.94
2020-06,Mangroves,Nitrate MR,0.85,0.85,0.06,0.1,0.8,0.9
2020-06,Mangroves,Nitrate HR,0.6,0.65,0.22,0.2,0.3,0.8
2020-06,Mangroves,pH,8.35,8.33,0.06,0.05,8.31,8.42
2020-06,Mangroves,Alkalinity,NA,NA,NA,NA,NA,NA
2020-06,Mangroves,Silica,NA,NA,NA,NA,NA,NA
2020-06,Mangroves,Iron,NA,NA,NA,NA,NA,NA
2020-06,Mangroves,Ammonia,NA,NA,NA,NA,NA,NA
2020-07,Mangroves,Turbidity,21.4,23,2.19,4,19,23
2020-07,Mangroves,Phosphate,1.01,1.02,0.18,0.28,0.82,1.2
2020-07,Mangroves,Nitrate MR,0.74,0.7,0.15,0.3,0.6,0.9
2020-07,Mangroves,Nitrate HR,0.62,0.5,0.63,0.2,0.1,1.7
2020-07,Mangroves,pH,8.32,8.32,NA,0,8.32,8.32
2020-07,Mangroves,Alkalinity,NA,NA,NA,NA,NA,NA
2020-07,Mangroves,Silica,NA,NA,NA,NA,NA,NA
2020-07,Mangroves,Iron,NA,NA,NA,NA,NA,NA
2020-07,Mangroves,Ammonia,NA,NA,NA,NA,NA,NA
2020-08,Mangroves,Turbidity,21,21,0.82,0.5,20,22
2020-08,Mangroves,Phosphate,0.85,0.75,0.25,0.23,0.66,1.13
2020-08,Mangroves,Nitrate MR,1.02,1.05,0.46,0.62,0.5,1.5
2020-08,Mangroves,Nitrate HR,0.98,0.9,0.52,0.72,0.5,1.6
2020-08,Mangroves,pH,NA,NA,NA,NA,NA,NA
2020-08,Mangroves,Alkalinity,NA,NA,NA,NA,NA,NA
2020-08,Mangroves,Silica,NA,NA,NA,NA,NA,NA
2020-08,Mangroves,Iron,NA,NA,NA,NA,NA,NA
2020-08,Mangroves,Ammonia,NA,NA,NA,NA,NA,NA
2020-09,Mangroves,Turbidity,18.75,19,2.22,2.75,16,21
2020-09,Mangroves,Phosphate,0.88,0.85,0.26,0.23,0.6,1.23
2020-09,Mangroves,Nitrate MR,1.38,1.35,0.17,0.17,1.2,1.6
2020-09,Mangroves,Nitrate HR,1.35,1.5,0.62,0.65,0.5,1.9
2020-09,Mangroves,pH,8.4,8.4,NA,0,8.4,8.4
2020-09,Mangroves,Alkalinity,NA,NA,NA,NA,NA,NA
2020-09,Mangroves,Silica,NA,NA,NA,NA,NA,NA
2020-09,Mangroves,Iron,NA,NA,NA,NA,NA,NA
2020-09,Mangroves,Ammonia,NA,NA,NA,NA,NA,NA
2020-10,Mangroves,Turbidity,16.6,17,2.19,0,13,19
2020-10,Mangroves,Phosphate,0.72,0.69,0.06,0.07,0.67,0.81
2020-10,Mangroves,Nitrate MR,1.4,1.3,0.29,0.4,1.1,1.8
2020-10,Mangroves,Nitrate HR,1.56,1.7,0.76,1,0.6,2.5
2020-10,Mangroves,pH,8.21,8.21,NA,0,8.21,8.21
2020-10,Mangroves,Alkalinity,NA,NA,NA,NA,NA,NA
2020-10,Mangroves,Silica,NA,NA,NA,NA,NA,NA
2020-10,Mangroves,Iron,NA,NA,NA,NA,NA,NA
2020-10,Mangroves,Ammonia,NA,NA,NA,NA,NA,NA
2020-11,Mangroves,Turbidity,16.75,17.5,2.63,2.25,13,19
2020-11,Mangroves,Phosphate,0.94,0.97,0.37,0.5,0.51,1.32
2020-11,Mangroves,Nitrate MR,0.88,0.8,0.38,0.22,0.5,1.4
2020-11,Mangroves,Nitrate HR,0.68,0.35,0.9,0.58,0,2
2020-11,Mangroves,pH,NA,NA,NA,NA,NA,NA
2020-11,Mangroves,Alkalinity,NA,NA,NA,NA,NA,NA
2020-11,Mangroves,Silica,NA,NA,NA,NA,NA,NA
2020-11,Mangroves,Iron,NA,NA,NA,NA,NA,NA
2020-11,Mangroves,Ammonia,NA,NA,NA,NA,NA,NA
2020-12,Mangroves,Turbidity,17.75,19,5.56,4.75,10,23
2020-12,Mangroves,Phosphate,0.76,0.7,0.13,0.09,0.69,0.96
2020-12,Mangroves,Nitrate MR,0.83,0.95,0.45,0.47,0.2,1.2
2020-12,Mangroves,Nitrate HR,0.85,0.9,0.26,0.3,0.5,1.1
2020-12,Mangroves,pH,8.29,8.29,NA,0,8.29,8.29
2020-12,Mangroves,Alkalinity,NA,NA,NA,NA,NA,NA
2020-12,Mangroves,Silica,NA,NA,NA,NA,NA,NA
2020-12,Mangroves,Iron,NA,NA,NA,NA,NA,NA
2020-12,Mangroves,Ammonia,NA,NA,NA,NA,NA,NA
2021-01,Mangroves,Turbidity,17.2,18,5.5,6,9,23
2021-01,Mangroves,Phosphate,0.92,0.86,0.17,0.3,0.75,1.12
2021-01,Mangroves,Nitrate MR,1.06,1.1,0.11,0.1,0.9,1.2
2021-01,Mangroves,Nitrate HR,0.74,0.8,0.48,0.8,0.2,1.3
2021-01,Mangroves,pH,NA,NA,NA,NA,NA,NA
2021-01,Mangroves,Alkalinity,NA,NA,NA,NA,NA,NA
2021-01,Mangroves,Silica,NA,NA,NA,NA,NA,NA
2021-01,Mangroves,Iron,NA,NA,NA,NA,NA,NA
2021-01,Mangroves,Ammonia,NA,NA,NA,NA,NA,NA
2021-02,Mangroves,Turbidity,19.67,20,0.58,0.5,19,20
2021-02,Mangroves,Phosphate,0.86,0.88,0.03,0.03,0.82,0.88
2021-02,Mangroves,Nitrate MR,1.2,1.3,0.17,0.15,1,1.3
2021-02,Mangroves,Nitrate HR,1.13,0.9,0.49,0.45,0.8,1.7
2021-02,Mangroves,pH,NA,NA,NA,NA,NA,NA
2021-02,Mangroves,Alkalinity,NA,NA,NA,NA,NA,NA
2021-02,Mangroves,Silica,NA,NA,NA,NA,NA,NA
2021-02,Mangroves,Iron,NA,NA,NA,NA,NA,NA
2021-02,Mangroves,Ammonia,NA,NA,NA,NA,NA,NA
2021-03,Mangroves,Turbidity,15.5,15.5,2.38,3.5,13,18
2021-03,Mangroves,Phosphate,0.75,0.68,0.2,0.19,0.61,1.03
2021-03,Mangroves,Nitrate MR,1,0.95,0.24,0.35,0.8,1.3
2021-03,Mangroves,Nitrate HR,1.2,1.3,0.2,0.1,0.9,1.3
2021-03,Mangroves,pH,NA,NA,NA,NA,NA,NA
2021-03,Mangroves,Alkalinity,NA,NA,NA,NA,NA,NA
2021-03,Mangroves,Silica,NA,NA,NA,NA,NA,NA
2021-03,Mangroves,Iron,NA,NA,NA,NA,NA,NA
2021-03,Mangroves,Ammonia,NA,NA,NA,NA,NA,NA
2021-04,Mangroves,Turbidity,16.2,17,2.59,1,12,19
2021-04,Mangroves,Phosphate,0.83,0.81,0.05,0.05,0.8,0.91
2021-04,Mangroves,Nitrate MR,1.06,1.1,0.15,0.3,0.9,1.2
2021-04,Mangroves,Nitrate HR,0.68,0.9,0.41,0.6,0.1,1
2021-04,Mangroves,pH,NA,NA,NA,NA,NA,NA
2021-04,Mangroves,Alkalinity,NA,NA,NA,NA,NA,NA
2021-04,Mangroves,Silica,NA,NA,NA,NA,NA,NA
2021-04,Mangroves,Iron,NA,NA,NA,NA,NA,NA
2021-04,Mangroves,Ammonia,NA,NA,NA,NA,NA,NA
2021-05,Mangroves,Turbidity,18,19,2,1,15,19
2021-05,Mangroves,Phosphate,0.56,0.53,0.2,0.17,0.34,0.83
2021-05,Mangroves,Nitrate MR,1.38,1.35,0.17,0.17,1.2,1.6
2021-05,Mangroves,Nitrate HR,1.02,1,0.13,0.08,0.9,1.2
2021-05,Mangroves,pH,8.36,8.36,NA,0,8.36,8.36
2021-05,Mangroves,Alkalinity,NA,NA,NA,NA,NA,NA
2021-05,Mangroves,Silica,NA,NA,NA,NA,NA,NA
2021-05,Mangroves,Iron,NA,NA,NA,NA,NA,NA
2021-05,Mangroves,Ammonia,NA,NA,NA,NA,NA,NA
2021-06,Mangroves,Turbidity,17,16.5,4.69,5,12,23
2021-06,Mangroves,Phosphate,0.72,0.72,0.18,0.16,0.5,0.93
2021-06,Mangroves,Nitrate MR,1.1,1.1,0.18,0.25,0.9,1.3
2021-06,Mangroves,Nitrate HR,1.23,1.15,0.51,0.53,0.7,1.9
2021-06,Mangroves,pH,8.23,8.23,NA,0,8.23,8.23
2021-06,Mangroves,Alkalinity,NA,NA,NA,NA,NA,NA
2021-06,Mangroves,Silica,NA,NA,NA,NA,NA,NA
2021-06,Mangroves,Iron,NA,NA,NA,NA,NA,NA
2021-06,Mangroves,Ammonia,NA,NA,NA,NA,NA,NA
2021-07,Mangroves,Turbidity,21,21,1,1,20,22
2021-07,Mangroves,Phosphate,0.68,0.66,0.13,0.15,0.51,0.82
2021-07,Mangroves,Nitrate MR,1.4,1.4,0.34,0.35,1,1.8
2021-07,Mangroves,Nitrate HR,1.22,1.3,0.5,0.5,0.5,1.8
2021-07,Mangroves,pH,8.24,8.24,NA,0,8.24,8.24
2021-07,Mangroves,Alkalinity,NA,NA,NA,NA,NA,NA
2021-07,Mangroves,Silica,NA,NA,NA,NA,NA,NA
2021-07,Mangroves,Iron,NA,NA,NA,NA,NA,NA
2021-07,Mangroves,Ammonia,NA,NA,NA,NA,NA,NA
2021-08,Mangroves,Turbidity,23,23,1.63,1,21,25
2021-08,Mangroves,Phosphate,0.91,0.88,0.12,0.15,0.82,1.07
2021-08,Mangroves,Nitrate MR,1.3,1.25,0.24,0.35,1.1,1.6
2021-08,Mangroves,Nitrate HR,0.88,0.8,0.67,0.82,0.2,1.7
2021-08,Mangroves,pH,NA,NA,NA,NA,NA,NA
2021-08,Mangroves,Alkalinity,NA,NA,NA,NA,NA,NA
2021-08,Mangroves,Silica,NA,NA,NA,NA,NA,NA
2021-08,Mangroves,Iron,NA,NA,NA,NA,NA,NA
2021-08,Mangroves,Ammonia,NA,NA,NA,NA,NA,NA
2021-09,Mangroves,Turbidity,21.25,21,1.26,0.75,20,23
2021-09,Mangroves,Phosphate,0.76,0.76,0.08,0.1,0.66,0.84
2021-09,Mangroves,Nitrate MR,1.43,1.45,0.17,0.18,1.2,1.6
2021-09,Mangroves,Nitrate HR,1.4,1.6,0.62,0.5,0.5,1.9
2021-09,Mangroves,pH,NA,NA,NA,NA,NA,NA
2021-09,Mangroves,Alkalinity,NA,NA,NA,NA,NA,NA
2021-09,Mangroves,Silica,NA,NA,NA,NA,NA,NA
2021-09,Mangroves,Iron,NA,NA,NA,NA,NA,NA
2021-09,Mangroves,Ammonia,NA,NA,NA,NA,NA,NA
2021-10,Mangroves,Turbidity,17.6,17,2.19,1,15,21
2021-10,Mangroves,Phosphate,0.7,0.71,0.07,0.09,0.61,0.79
2021-10,Mangroves,Nitrate MR,0.96,0.8,0.22,0.4,0.8,1.2
2021-10,Mangroves,Nitrate HR,0.54,0.4,0.34,0.5,0.2,1
2021-10,Mangroves,pH,8.08,8.08,NA,0,8.08,8.08
2021-10,Mangroves,Alkalinity,NA,NA,NA,NA,NA,NA
2021-10,Mangroves,Silica,NA,NA,NA,NA,NA,NA
2021-10,Mangroves,Iron,NA,NA,NA,NA,NA,NA
2021-10,Mangroves,Ammonia,NA,NA,NA,NA,NA,NA
2021-11,Mangroves,Turbidity,17.5,19,3.79,3.5,12,20
2021-11,Mangroves,Phosphate,0.72,0.7,0.04,0.04,0.69,0.77
2021-11,Mangroves,Nitrate MR,1.35,1.3,0.34,0.35,1,1.8
2021-11,Mangroves,Nitrate HR,1.07,1,0.22,0.13,0.9,1.4
2021-11,Mangroves,pH,NA,NA,NA,NA,NA,NA
2021-11,Mangroves,Alkalinity,NA,NA,NA,NA,NA,NA
2021-11,Mangroves,Silica,NA,NA,NA,NA,NA,NA
2021-11,Mangroves,Iron,NA,NA,NA,NA,NA,NA
2021-11,Mangroves,Ammonia,NA,NA,NA,NA,NA,NA
2021-12,Mangroves,Turbidity,17,15,6.24,6,12,24
2021-12,Mangroves,Phosphate,0.74,0.78,0.1,0.04,0.56,0.81
2021-12,Mangroves,Nitrate MR,0.72,0.6,0.24,0.2,0.5,1.1
2021-12,Mangroves,Nitrate HR,0.8,0.7,0.52,0.6,0.3,1.6
2021-12,Mangroves,pH,NA,NA,NA,NA,NA,NA
2021-12,Mangroves,Alkalinity,NA,NA,NA,NA,NA,NA
2021-12,Mangroves,Silica,NA,NA,NA,NA,NA,NA
2021-12,Mangroves,Iron,NA,NA,NA,NA,NA,NA
2021-12,Mangroves,Ammonia,NA,NA,NA,NA,NA,NA
2022-01,Mangroves,Turbidity,17.5,17.5,0.58,1,17,18
2022-01,Mangroves,Phosphate,0.88,0.87,0.21,0.28,0.67,1.13
2022-01,Mangroves,Nitrate MR,0.58,0.6,0.22,0.27,0.3,0.8
2022-01,Mangroves,Nitrate HR,0.2,0.2,0.18,0.25,0,0.4
2022-01,Mangroves,pH,NA,NA,NA,NA,NA,NA
2022-01,Mangroves,Alkalinity,NA,NA,NA,NA,NA,NA
2022-01,Mangroves,Silica,NA,NA,NA,NA,NA,NA
2022-01,Mangroves,Iron,NA,NA,NA,NA,NA,NA
2022-01,Mangroves,Ammonia,NA,NA,NA,NA,NA,NA
2022-02,Mangroves,Turbidity,16,15,4.32,4,12,22
2022-02,Mangroves,Phosphate,0.59,0.52,0.15,0.08,0.51,0.81
2022-02,Mangroves,Nitrate MR,0.55,0.55,0.07,0.05,0.5,0.6
2022-02,Mangroves,Nitrate HR,0.93,1,0.9,0.9,0,1.8
2022-02,Mangroves,pH,NA,NA,NA,NA,NA,NA
2022-02,Mangroves,Alkalinity,NA,NA,NA,NA,NA,NA
2022-02,Mangroves,Silica,NA,NA,NA,NA,NA,NA
2022-02,Mangroves,Iron,NA,NA,NA,NA,NA,NA
2022-02,Mangroves,Ammonia,NA,NA,NA,NA,NA,NA
2022-03,Mangroves,Turbidity,16.75,16,3.86,3.75,13,22
2022-03,Mangroves,Phosphate,0.71,0.66,0.16,0.09,0.56,0.94
2022-03,Mangroves,Nitrate MR,0.8,0.85,0.14,0.15,0.6,0.9
2022-03,Mangroves,Nitrate HR,0.88,0.85,0.59,0.58,0.2,1.6
2022-03,Mangroves,pH,NA,NA,NA,NA,NA,NA
2022-03,Mangroves,Alkalinity,NA,NA,NA,NA,NA,NA
2022-03,Mangroves,Silica,NA,NA,NA,NA,NA,NA
2022-03,Mangroves,Iron,NA,NA,NA,NA,NA,NA
2022-03,Mangroves,Ammonia,NA,NA,NA,NA,NA,NA
2022-04,Mangroves,Turbidity,17.8,18,2.28,1,14,20
2022-04,Mangroves,Phosphate,0.65,0.6,0.12,0.13,0.55,0.85
2022-04,Mangroves,Nitrate MR,1.25,1.15,0.39,0.3,0.9,1.8
2022-04,Mangroves,Nitrate HR,1.08,1.4,0.79,1.2,0.2,2
2022-04,Mangroves,pH,8.08,8.08,NA,0,8.08,8.08
2022-04,Mangroves,Alkalinity,NA,NA,NA,NA,NA,NA
2022-04,Mangroves,Silica,NA,NA,NA,NA,NA,NA
2022-04,Mangroves,Iron,NA,NA,NA,NA,NA,NA
2022-04,Mangroves,Ammonia,NA,NA,NA,NA,NA,NA
2022-05,Mangroves,Turbidity,19.25,18.5,2.63,2.25,17,23
2022-05,Mangroves,Phosphate,0.77,0.78,0.08,0.09,0.67,0.85
2022-05,Mangroves,Nitrate MR,1.35,1.35,0.39,0.45,0.9,1.8
2022-05,Mangroves,Nitrate HR,0.73,0.9,0.5,0.42,0,1.1
2022-05,Mangroves,pH,8.06,8.06,NA,0,8.06,8.06
2022-05,Mangroves,Alkalinity,NA,NA,NA,NA,NA,NA
2022-05,Mangroves,Silica,NA,NA,NA,NA,NA,NA
2022-05,Mangroves,Iron,NA,NA,NA,NA,NA,NA
2022-05,Mangroves,Ammonia,NA,NA,NA,NA,NA,NA
2022-06,Mangroves,Turbidity,15,16,1.73,1.5,13,16
2022-06,Mangroves,Phosphate,0.79,0.72,0.24,0.23,0.59,1.05
2022-06,Mangroves,Nitrate MR,1.48,1.48,0.3,0.21,1.27,1.7
2022-06,Mangroves,Nitrate HR,2.38,2.57,0.45,0.42,1.87,2.7
2022-06,Mangroves,pH,NA,NA,NA,NA,NA,NA
2022-06,Mangroves,Alkalinity,NA,NA,NA,NA,NA,NA
2022-06,Mangroves,Silica,NA,NA,NA,NA,NA,NA
2022-06,Mangroves,Iron,NA,NA,NA,NA,NA,NA
2022-06,Mangroves,Ammonia,NA,NA,NA,NA,NA,NA
2022-07,Mangroves,Turbidity,20.8,22,2.39,2,17,23
2022-07,Mangroves,Phosphate,0.42,0.42,0.09,0.06,0.36,0.49
2022-07,Mangroves,Nitrate MR,NA,NA,NA,NA,NA,NA
2022-07,Mangroves,Nitrate HR,NA,NA,NA,NA,NA,NA
2022-07,Mangroves,pH,7.85,7.85,NA,0,7.85,7.85
2022-07,Mangroves,Alkalinity,NA,NA,NA,NA,NA,NA
2022-07,Mangroves,Silica,NA,NA,NA,NA,NA,NA
2022-07,Mangroves,Iron,NA,NA,NA,NA,NA,NA
2022-07,Mangroves,Ammonia,NA,NA,NA,NA,NA,NA
2022-08,Mangroves,Turbidity,18,18,1,1,17,19
2022-08,Mangroves,Phosphate,0.72,0.69,0.15,0.15,0.59,0.88
2022-08,Mangroves,Nitrate MR,1.44,1.5,0.22,0.21,1.2,1.63
2022-08,Mangroves,Nitrate HR,1.4,1.37,0.19,0.19,1.23,1.6
2022-08,Mangroves,pH,7.9,7.9,NA,0,7.9,7.9
2022-08,Mangroves,Alkalinity,NA,NA,NA,NA,NA,NA
2022-08,Mangroves,Silica,NA,NA,NA,NA,NA,NA
2022-08,Mangroves,Iron,NA,NA,NA,NA,NA,NA
2022-08,Mangroves,Ammonia,NA,NA,NA,NA,NA,NA
2022-09,Mangroves,Turbidity,18.4,19,1.34,0,16,19
2022-09,Mangroves,Phosphate,0.6,0.64,0.15,0.17,0.41,0.79
2022-09,Mangroves,Nitrate MR,1.42,1.36,0.22,0.37,1.2,1.7
2022-09,Mangroves,Nitrate HR,1.85,1.5,0.93,0.1,1.17,3.5
2022-09,Mangroves,pH,7.9,7.9,NA,0,7.9,7.9
2022-09,Mangroves,Alkalinity,NA,NA,NA,NA,NA,NA
2022-09,Mangroves,Silica,NA,NA,NA,NA,NA,NA
2022-09,Mangroves,Iron,NA,NA,NA,NA,NA,NA
2022-09,Mangroves,Ammonia,NA,NA,NA,NA,NA,NA
2022-10,Mangroves,Turbidity,18.5,18.5,2.12,1.5,17,20
2022-10,Mangroves,Phosphate,0.57,0.57,0.02,0.02,0.55,0.59
2022-10,Mangroves,Nitrate MR,1.38,1.2,0.4,0.37,1.1,1.83
2022-10,Mangroves,Nitrate HR,0.8,0.8,0.8,0.8,0,1.6
2022-10,Mangroves,pH,7.87,7.87,NA,0,7.87,7.87
2022-10,Mangroves,Alkalinity,NA,NA,NA,NA,NA,NA
2022-10,Mangroves,Silica,NA,NA,NA,NA,NA,NA
2022-10,Mangroves,Iron,NA,NA,NA,NA,NA,NA
2022-10,Mangroves,Ammonia,NA,NA,NA,NA,NA,NA
2022-11,Mangroves,Turbidity,16.33,15,3.21,3,14,20
2022-11,Mangroves,Phosphate,0.52,0.52,0.07,0.11,0.46,0.59
2022-11,Mangroves,Nitrate MR,0.98,1,0.11,0.07,0.83,1.1
2022-11,Mangroves,Nitrate HR,0.84,0.88,0.69,0.86,0,1.57
2022-11,Mangroves,pH,7.99,7.99,0.05,0.04,7.96,8.03
2022-11,Mangroves,Alkalinity,639.5,639.5,17.68,12.5,627,652
2022-11,Mangroves,Silica,NA,NA,NA,NA,NA,NA
2022-11,Mangroves,Iron,NA,NA,NA,NA,NA,NA
2022-11,Mangroves,Ammonia,NA,NA,NA,NA,NA,NA
2022-12,Mangroves,Turbidity,17.25,17.5,4.27,4.75,12,22
2022-12,Mangroves,Phosphate,0.66,0.7,0.12,0.13,0.5,0.79
2022-12,Mangroves,Nitrate MR,0.99,0.93,0.29,0.2,0.6,1.4
2022-12,Mangroves,Nitrate HR,0.83,0.81,0.34,0.5,0.5,1.2
2022-12,Mangroves,pH,8.02,8.02,NA,0,8.02,8.02
2022-12,Mangroves,Alkalinity,613,613,NA,0,613,613
2022-12,Mangroves,Silica,NA,NA,NA,NA,NA,NA
2022-12,Mangroves,Iron,NA,NA,NA,NA,NA,NA
2022-12,Mangroves,Ammonia,NA,NA,NA,NA,NA,NA
2023-01,Mangroves,Turbidity,14,12,4.69,2.5,11,21
2023-01,Mangroves,Phosphate,0.76,0.8,0.16,0.19,0.54,0.9
2023-01,Mangroves,Nitrate MR,0.96,0.92,0.42,0.42,0.5,1.5
2023-01,Mangroves,Nitrate HR,0.94,0.95,0.55,0.69,0.3,1.56
2023-01,Mangroves,pH,8.02,8.02,NA,0,8.02,8.02
2023-01,Mangroves,Alkalinity,665,665,NA,0,665,665
2023-01,Mangroves,Silica,NA,NA,NA,NA,NA,NA
2023-01,Mangroves,Iron,NA,NA,NA,NA,NA,NA
2023-01,Mangroves,Ammonia,NA,NA,NA,NA,NA,NA
2023-02,Mangroves,Turbidity,15.75,15.5,2.5,2.25,13,19
2023-02,Mangroves,Phosphate,0.58,0.56,0.11,0.07,0.48,0.73
2023-02,Mangroves,Nitrate MR,0.78,0.74,0.21,0.15,0.56,1.07
2023-02,Mangroves,Nitrate HR,0.54,0.6,0.24,0.33,0.23,0.73
2023-02,Mangroves,pH,8.12,8.12,NA,0,8.12,8.12
2023-02,Mangroves,Alkalinity,677,677,NA,0,677,677
2023-02,Mangroves,Silica,NA,NA,NA,NA,NA,NA
2023-02,Mangroves,Iron,NA,NA,NA,NA,NA,NA
2023-02,Mangroves,Ammonia,NA,NA,NA,NA,NA,NA
2023-03,Mangroves,Turbidity,16.67,17,2.52,2.5,14,19
2023-03,Mangroves,Phosphate,0.51,0.46,0.12,0.22,0.4,0.66
2023-03,Mangroves,Nitrate MR,0.83,0.86,0.22,0.07,0.5,1.13
2023-03,Mangroves,Nitrate HR,1.42,0.93,1.26,0.21,0.76,3.67
2023-03,Mangroves,pH,8.07,8.07,NA,0,8.07,8.07
2023-03,Mangroves,Alkalinity,NA,NA,NA,NA,NA,NA
2023-03,Mangroves,Silica,NA,NA,NA,NA,NA,NA
2023-03,Mangroves,Iron,NA,NA,NA,NA,NA,NA
2023-03,Mangroves,Ammonia,NA,NA,NA,NA,NA,NA
2023-04,Mangroves,Turbidity,13.25,14,3.1,3.25,9,16
2023-04,Mangroves,Phosphate,0.44,0.43,0.05,0.03,0.4,0.52
2023-04,Mangroves,Nitrate MR,1.18,1.15,0.25,0.22,0.9,1.5
2023-04,Mangroves,Nitrate HR,1.07,1,0.42,0.58,0.7,1.6
2023-04,Mangroves,pH,8.08,8.08,NA,0,8.08,8.08
2023-04,Mangroves,Alkalinity,618.4,618.4,NA,0,618.4,618.4
2023-04,Mangroves,Silica,NA,NA,NA,NA,NA,NA
2023-04,Mangroves,Iron,NA,NA,NA,NA,NA,NA
2023-04,Mangroves,Ammonia,NA,NA,NA,NA,NA,NA
2023-05,Mangroves,Turbidity,17.25,18,3.1,3.25,13,20
2023-05,Mangroves,Phosphate,0.57,0.54,0.11,0.14,0.47,0.71
2023-05,Mangroves,Nitrate MR,1.35,1.3,0.19,0.25,1.2,1.6
2023-05,Mangroves,Nitrate HR,1.43,1.45,0.17,0.18,1.2,1.6
2023-05,Mangroves,pH,8.16,8.16,NA,0,8.16,8.16
2023-05,Mangroves,Alkalinity,NA,NA,NA,NA,NA,NA
2023-05,Mangroves,Silica,NA,NA,NA,NA,NA,NA
2023-05,Mangroves,Iron,NA,NA,NA,NA,NA,NA
2023-05,Mangroves,Ammonia,NA,NA,NA,NA,NA,NA
2023-06,Mangroves,Turbidity,18.4,17,2.88,5,16,22
2023-06,Mangroves,Phosphate,0.56,0.58,0.08,0.05,0.44,0.67
2023-06,Mangroves,Nitrate MR,1.54,1.5,0.18,0.1,1.3,1.8
2023-06,Mangroves,Nitrate HR,2,2,0.45,0.5,1.6,2.7
2023-06,Mangroves,pH,NA,NA,NA,NA,NA,NA
2023-06,Mangroves,Alkalinity,NA,NA,NA,NA,NA,NA
2023-06,Mangroves,Silica,NA,NA,NA,NA,NA,NA
2023-06,Mangroves,Iron,NA,NA,NA,NA,NA,NA
2023-06,Mangroves,Ammonia,NA,NA,NA,NA,NA,NA
2023-07,Mangroves,Turbidity,18.5,19.5,3.11,2.5,14,21
2023-07,Mangroves,Phosphate,0.71,0.7,0.13,0.19,0.59,0.85
2023-07,Mangroves,Nitrate MR,1.6,1.65,0.32,0.4,1.2,1.9
2023-07,Mangroves,Nitrate HR,1.77,1.85,0.26,0.22,1.4,2
2023-07,Mangroves,pH,NA,NA,NA,NA,NA,NA
2023-07,Mangroves,Alkalinity,NA,NA,NA,NA,NA,NA
2023-07,Mangroves,Silica,NA,NA,NA,NA,NA,NA
2023-07,Mangroves,Iron,NA,NA,NA,NA,NA,NA
2023-07,Mangroves,Ammonia,NA,NA,NA,NA,NA,NA
2023-08,Mangroves,Turbidity,20,18.5,4.97,5,16,27
2023-08,Mangroves,Phosphate,0.74,0.68,0.23,0.2,0.53,1.07
2023-08,Mangroves,Nitrate MR,1.53,1.6,0.12,0.1,1.4,1.6
2023-08,Mangroves,Nitrate HR,2.33,2.2,0.84,0.93,1.5,3.43
2023-08,Mangroves,pH,NA,NA,NA,NA,NA,NA
2023-08,Mangroves,Alkalinity,NA,NA,NA,NA,NA,NA
2023-08,Mangroves,Silica,NA,NA,NA,NA,NA,NA
2023-08,Mangroves,Iron,NA,NA,NA,NA,NA,NA
2023-08,Mangroves,Ammonia,NA,NA,NA,NA,NA,NA
2023-09,Mangroves,Turbidity,18,18,2.55,1,15,22
2023-09,Mangroves,Phosphate,0.43,0.41,0.06,0.06,0.38,0.52
2023-09,Mangroves,Nitrate MR,1.32,1.4,0.27,0.17,0.86,1.53
2023-09,Mangroves,Nitrate HR,1.57,1.23,0.92,0.26,1,3.2
2023-09,Mangroves,pH,NA,NA,NA,NA,NA,NA
2023-09,Mangroves,Alkalinity,NA,NA,NA,NA,NA,NA
2023-09,Mangroves,Silica,NA,NA,NA,NA,NA,NA
2023-09,Mangroves,Iron,NA,NA,NA,NA,NA,NA
2023-09,Mangroves,Ammonia,NA,NA,NA,NA,NA,NA
2023-10,Mangroves,Turbidity,16.5,17,5.74,3.5,9,23
2023-10,Mangroves,Phosphate,0.42,0.42,0.09,0.07,0.32,0.53
2023-10,Mangroves,Nitrate MR,1.33,1.29,0.36,0.51,1,1.76
2023-10,Mangroves,Nitrate HR,1.49,1.21,0.72,0.71,1,2.53
2023-10,Mangroves,pH,NA,NA,NA,NA,NA,NA
2023-10,Mangroves,Alkalinity,NA,NA,NA,NA,NA,NA
2023-10,Mangroves,Silica,0.18,0.18,NA,0,0.18,0.18
2023-10,Mangroves,Iron,0.03,0.03,NA,0,0.03,0.03
2023-10,Mangroves,Ammonia,NA,NA,NA,NA,NA,NA
2023-11,Mangroves,Turbidity,14,14,NA,0,14,14
2023-11,Mangroves,Phosphate,0.39,0.39,NA,0,0.39,0.39
2023-11,Mangroves,Nitrate MR,1.63,1.63,NA,0,1.63,1.63
2023-11,Mangroves,Nitrate HR,1.49,1.49,NA,0,1.49,1.49
2023-11,Mangroves,pH,NA,NA,NA,NA,NA,NA
2023-11,Mangroves,Alkalinity,NA,NA,NA,NA,NA,NA
2023-11,Mangroves,Silica,NA,NA,NA,NA,NA,NA
2023-11,Mangroves,Iron,NA,NA,NA,NA,NA,NA
2023-11,Mangroves,Ammonia,NA,NA,NA,NA,NA,NA
2017-12,Raceway 1,Turbidity,NA,NA,NA,NA,NA,NA
2017-12,Raceway 1,Phosphate,NA,NA,NA,NA,NA,NA
2017-12,Raceway 1,Nitrate MR,NA,NA,NA,NA,NA,NA
2017-12,Raceway 1,Nitrate HR,NA,NA,NA,NA,NA,NA
2017-12,Raceway 1,pH,NA,NA,NA,NA,NA,NA
2017-12,Raceway 1,Alkalinity,NA,NA,NA,NA,NA,NA
2017-12,Raceway 1,Silica,NA,NA,NA,NA,NA,NA
2017-12,Raceway 1,Iron,NA,NA,NA,NA,NA,NA
2017-12,Raceway 1,Ammonia,NA,NA,NA,NA,NA,NA
2018-01,Raceway 1,Turbidity,NA,NA,NA,NA,NA,NA
2018-01,Raceway 1,Phosphate,NA,NA,NA,NA,NA,NA
2018-01,Raceway 1,Nitrate MR,NA,NA,NA,NA,NA,NA
2018-01,Raceway 1,Nitrate HR,NA,NA,NA,NA,NA,NA
2018-01,Raceway 1,pH,NA,NA,NA,NA,NA,NA
2018-01,Raceway 1,Alkalinity,NA,NA,NA,NA,NA,NA
2018-01,Raceway 1,Silica,NA,NA,NA,NA,NA,NA
2018-01,Raceway 1,Iron,NA,NA,NA,NA,NA,NA
2018-01,Raceway 1,Ammonia,NA,NA,NA,NA,NA,NA
2018-02,Raceway 1,Turbidity,NA,NA,NA,NA,NA,NA
2018-02,Raceway 1,Phosphate,NA,NA,NA,NA,NA,NA
2018-02,Raceway 1,Nitrate MR,NA,NA,NA,NA,NA,NA
2018-02,Raceway 1,Nitrate HR,NA,NA,NA,NA,NA,NA
2018-02,Raceway 1,pH,NA,NA,NA,NA,NA,NA
2018-02,Raceway 1,Alkalinity,NA,NA,NA,NA,NA,NA
2018-02,Raceway 1,Silica,NA,NA,NA,NA,NA,NA
2018-02,Raceway 1,Iron,NA,NA,NA,NA,NA,NA
2018-02,Raceway 1,Ammonia,NA,NA,NA,NA,NA,NA
2018-03,Raceway 1,Turbidity,NA,NA,NA,NA,NA,NA
2018-03,Raceway 1,Phosphate,NA,NA,NA,NA,NA,NA
2018-03,Raceway 1,Nitrate MR,NA,NA,NA,NA,NA,NA
2018-03,Raceway 1,Nitrate HR,NA,NA,NA,NA,NA,NA
2018-03,Raceway 1,pH,NA,NA,NA,NA,NA,NA
2018-03,Raceway 1,Alkalinity,NA,NA,NA,NA,NA,NA
2018-03,Raceway 1,Silica,NA,NA,NA,NA,NA,NA
2018-03,Raceway 1,Iron,NA,NA,NA,NA,NA,NA
2018-03,Raceway 1,Ammonia,NA,NA,NA,NA,NA,NA
2018-04,Raceway 1,Turbidity,NA,NA,NA,NA,NA,NA
2018-04,Raceway 1,Phosphate,NA,NA,NA,NA,NA,NA
2018-04,Raceway 1,Nitrate MR,NA,NA,NA,NA,NA,NA
2018-04,Raceway 1,Nitrate HR,NA,NA,NA,NA,NA,NA
2018-04,Raceway 1,pH,NA,NA,NA,NA,NA,NA
2018-04,Raceway 1,Alkalinity,NA,NA,NA,NA,NA,NA
2018-04,Raceway 1,Silica,NA,NA,NA,NA,NA,NA
2018-04,Raceway 1,Iron,NA,NA,NA,NA,NA,NA
2018-04,Raceway 1,Ammonia,NA,NA,NA,NA,NA,NA
2018-05,Raceway 1,Turbidity,NA,NA,NA,NA,NA,NA
2018-05,Raceway 1,Phosphate,NA,NA,NA,NA,NA,NA
2018-05,Raceway 1,Nitrate MR,NA,NA,NA,NA,NA,NA
2018-05,Raceway 1,Nitrate HR,NA,NA,NA,NA,NA,NA
2018-05,Raceway 1,pH,NA,NA,NA,NA,NA,NA
2018-05,Raceway 1,Alkalinity,NA,NA,NA,NA,NA,NA
2018-05,Raceway 1,Silica,NA,NA,NA,NA,NA,NA
2018-05,Raceway 1,Iron,NA,NA,NA,NA,NA,NA
2018-05,Raceway 1,Ammonia,NA,NA,NA,NA,NA,NA
2018-06,Raceway 1,Turbidity,NA,NA,NA,NA,NA,NA
2018-06,Raceway 1,Phosphate,NA,NA,NA,NA,NA,NA
2018-06,Raceway 1,Nitrate MR,NA,NA,NA,NA,NA,NA
2018-06,Raceway 1,Nitrate HR,NA,NA,NA,NA,NA,NA
2018-06,Raceway 1,pH,NA,NA,NA,NA,NA,NA
2018-06,Raceway 1,Alkalinity,NA,NA,NA,NA,NA,NA
2018-06,Raceway 1,Silica,NA,NA,NA,NA,NA,NA
2018-06,Raceway 1,Iron,NA,NA,NA,NA,NA,NA
2018-06,Raceway 1,Ammonia,NA,NA,NA,NA,NA,NA
2018-07,Raceway 1,Turbidity,NA,NA,NA,NA,NA,NA
2018-07,Raceway 1,Phosphate,NA,NA,NA,NA,NA,NA
2018-07,Raceway 1,Nitrate MR,NA,NA,NA,NA,NA,NA
2018-07,Raceway 1,Nitrate HR,NA,NA,NA,NA,NA,NA
2018-07,Raceway 1,pH,NA,NA,NA,NA,NA,NA
2018-07,Raceway 1,Alkalinity,NA,NA,NA,NA,NA,NA
2018-07,Raceway 1,Silica,NA,NA,NA,NA,NA,NA
2018-07,Raceway 1,Iron,NA,NA,NA,NA,NA,NA
2018-07,Raceway 1,Ammonia,NA,NA,NA,NA,NA,NA
2018-08,Raceway 1,Turbidity,NA,NA,NA,NA,NA,NA
2018-08,Raceway 1,Phosphate,NA,NA,NA,NA,NA,NA
2018-08,Raceway 1,Nitrate MR,NA,NA,NA,NA,NA,NA
2018-08,Raceway 1,Nitrate HR,NA,NA,NA,NA,NA,NA
2018-08,Raceway 1,pH,NA,NA,NA,NA,NA,NA
2018-08,Raceway 1,Alkalinity,NA,NA,NA,NA,NA,NA
2018-08,Raceway 1,Silica,NA,NA,NA,NA,NA,NA
2018-08,Raceway 1,Iron,NA,NA,NA,NA,NA,NA
2018-08,Raceway 1,Ammonia,NA,NA,NA,NA,NA,NA
2018-09,Raceway 1,Turbidity,NA,NA,NA,NA,NA,NA
2018-09,Raceway 1,Phosphate,NA,NA,NA,NA,NA,NA
2018-09,Raceway 1,Nitrate MR,NA,NA,NA,NA,NA,NA
2018-09,Raceway 1,Nitrate HR,NA,NA,NA,NA,NA,NA
2018-09,Raceway 1,pH,NA,NA,NA,NA,NA,NA
2018-09,Raceway 1,Alkalinity,NA,NA,NA,NA,NA,NA
2018-09,Raceway 1,Silica,NA,NA,NA,NA,NA,NA
2018-09,Raceway 1,Iron,NA,NA,NA,NA,NA,NA
2018-09,Raceway 1,Ammonia,NA,NA,NA,NA,NA,NA
2018-10,Raceway 1,Turbidity,NA,NA,NA,NA,NA,NA
2018-10,Raceway 1,Phosphate,NA,NA,NA,NA,NA,NA
2018-10,Raceway 1,Nitrate MR,NA,NA,NA,NA,NA,NA
2018-10,Raceway 1,Nitrate HR,NA,NA,NA,NA,NA,NA
2018-10,Raceway 1,pH,NA,NA,NA,NA,NA,NA
2018-10,Raceway 1,Alkalinity,NA,NA,NA,NA,NA,NA
2018-10,Raceway 1,Silica,NA,NA,NA,NA,NA,NA
2018-10,Raceway 1,Iron,NA,NA,NA,NA,NA,NA
2018-10,Raceway 1,Ammonia,NA,NA,NA,NA,NA,NA
2018-11,Raceway 1,Turbidity,NA,NA,NA,NA,NA,NA
2018-11,Raceway 1,Phosphate,NA,NA,NA,NA,NA,NA
2018-11,Raceway 1,Nitrate MR,NA,NA,NA,NA,NA,NA
2018-11,Raceway 1,Nitrate HR,NA,NA,NA,NA,NA,NA
2018-11,Raceway 1,pH,NA,NA,NA,NA,NA,NA
2018-11,Raceway 1,Alkalinity,NA,NA,NA,NA,NA,NA
2018-11,Raceway 1,Silica,NA,NA,NA,NA,NA,NA
2018-11,Raceway 1,Iron,NA,NA,NA,NA,NA,NA
2018-11,Raceway 1,Ammonia,NA,NA,NA,NA,NA,NA
2018-12,Raceway 1,Turbidity,NA,NA,NA,NA,NA,NA
2018-12,Raceway 1,Phosphate,NA,NA,NA,NA,NA,NA
2018-12,Raceway 1,Nitrate MR,NA,NA,NA,NA,NA,NA
2018-12,Raceway 1,Nitrate HR,NA,NA,NA,NA,NA,NA
2018-12,Raceway 1,pH,NA,NA,NA,NA,NA,NA
2018-12,Raceway 1,Alkalinity,NA,NA,NA,NA,NA,NA
2018-12,Raceway 1,Silica,NA,NA,NA,NA,NA,NA
2018-12,Raceway 1,Iron,NA,NA,NA,NA,NA,NA
2018-12,Raceway 1,Ammonia,NA,NA,NA,NA,NA,NA
2019-01,Raceway 1,Turbidity,NA,NA,NA,NA,NA,NA
2019-01,Raceway 1,Phosphate,NA,NA,NA,NA,NA,NA
2019-01,Raceway 1,Nitrate MR,NA,NA,NA,NA,NA,NA
2019-01,Raceway 1,Nitrate HR,NA,NA,NA,NA,NA,NA
2019-01,Raceway 1,pH,NA,NA,NA,NA,NA,NA
2019-01,Raceway 1,Alkalinity,NA,NA,NA,NA,NA,NA
2019-01,Raceway 1,Silica,NA,NA,NA,NA,NA,NA
2019-01,Raceway 1,Iron,NA,NA,NA,NA,NA,NA
2019-01,Raceway 1,Ammonia,NA,NA,NA,NA,NA,NA
2019-02,Raceway 1,Turbidity,NA,NA,NA,NA,NA,NA
2019-02,Raceway 1,Phosphate,NA,NA,NA,NA,NA,NA
2019-02,Raceway 1,Nitrate MR,NA,NA,NA,NA,NA,NA
2019-02,Raceway 1,Nitrate HR,NA,NA,NA,NA,NA,NA
2019-02,Raceway 1,pH,NA,NA,NA,NA,NA,NA
2019-02,Raceway 1,Alkalinity,NA,NA,NA,NA,NA,NA
2019-02,Raceway 1,Silica,NA,NA,NA,NA,NA,NA
2019-02,Raceway 1,Iron,NA,NA,NA,NA,NA,NA
2019-02,Raceway 1,Ammonia,NA,NA,NA,NA,NA,NA
2019-03,Raceway 1,Turbidity,NA,NA,NA,NA,NA,NA
2019-03,Raceway 1,Phosphate,NA,NA,NA,NA,NA,NA
2019-03,Raceway 1,Nitrate MR,NA,NA,NA,NA,NA,NA
2019-03,Raceway 1,Nitrate HR,NA,NA,NA,NA,NA,NA
2019-03,Raceway 1,pH,NA,NA,NA,NA,NA,NA
2019-03,Raceway 1,Alkalinity,NA,NA,NA,NA,NA,NA
2019-03,Raceway 1,Silica,NA,NA,NA,NA,NA,NA
2019-03,Raceway 1,Iron,NA,NA,NA,NA,NA,NA
2019-03,Raceway 1,Ammonia,NA,NA,NA,NA,NA,NA
2019-04,Raceway 1,Turbidity,NA,NA,NA,NA,NA,NA
2019-04,Raceway 1,Phosphate,NA,NA,NA,NA,NA,NA
2019-04,Raceway 1,Nitrate MR,NA,NA,NA,NA,NA,NA
2019-04,Raceway 1,Nitrate HR,NA,NA,NA,NA,NA,NA
2019-04,Raceway 1,pH,NA,NA,NA,NA,NA,NA
2019-04,Raceway 1,Alkalinity,NA,NA,NA,NA,NA,NA
2019-04,Raceway 1,Silica,NA,NA,NA,NA,NA,NA
2019-04,Raceway 1,Iron,NA,NA,NA,NA,NA,NA
2019-04,Raceway 1,Ammonia,NA,NA,NA,NA,NA,NA
2019-05,Raceway 1,Turbidity,NA,NA,NA,NA,NA,NA
2019-05,Raceway 1,Phosphate,NA,NA,NA,NA,NA,NA
2019-05,Raceway 1,Nitrate MR,NA,NA,NA,NA,NA,NA
2019-05,Raceway 1,Nitrate HR,NA,NA,NA,NA,NA,NA
2019-05,Raceway 1,pH,NA,NA,NA,NA,NA,NA
2019-05,Raceway 1,Alkalinity,NA,NA,NA,NA,NA,NA
2019-05,Raceway 1,Silica,NA,NA,NA,NA,NA,NA
2019-05,Raceway 1,Iron,NA,NA,NA,NA,NA,NA
2019-05,Raceway 1,Ammonia,NA,NA,NA,NA,NA,NA
2019-06,Raceway 1,Turbidity,NA,NA,NA,NA,NA,NA
2019-06,Raceway 1,Phosphate,NA,NA,NA,NA,NA,NA
2019-06,Raceway 1,Nitrate MR,NA,NA,NA,NA,NA,NA
2019-06,Raceway 1,Nitrate HR,NA,NA,NA,NA,NA,NA
2019-06,Raceway 1,pH,NA,NA,NA,NA,NA,NA
2019-06,Raceway 1,Alkalinity,NA,NA,NA,NA,NA,NA
2019-06,Raceway 1,Silica,NA,NA,NA,NA,NA,NA
2019-06,Raceway 1,Iron,NA,NA,NA,NA,NA,NA
2019-06,Raceway 1,Ammonia,NA,NA,NA,NA,NA,NA
2019-07,Raceway 1,Turbidity,NA,NA,NA,NA,NA,NA
2019-07,Raceway 1,Phosphate,NA,NA,NA,NA,NA,NA
2019-07,Raceway 1,Nitrate MR,NA,NA,NA,NA,NA,NA
2019-07,Raceway 1,Nitrate HR,NA,NA,NA,NA,NA,NA
2019-07,Raceway 1,pH,NA,NA,NA,NA,NA,NA
2019-07,Raceway 1,Alkalinity,NA,NA,NA,NA,NA,NA
2019-07,Raceway 1,Silica,NA,NA,NA,NA,NA,NA
2019-07,Raceway 1,Iron,NA,NA,NA,NA,NA,NA
2019-07,Raceway 1,Ammonia,NA,NA,NA,NA,NA,NA
2019-08,Raceway 1,Turbidity,NA,NA,NA,NA,NA,NA
2019-08,Raceway 1,Phosphate,NA,NA,NA,NA,NA,NA
2019-08,Raceway 1,Nitrate MR,NA,NA,NA,NA,NA,NA
2019-08,Raceway 1,Nitrate HR,NA,NA,NA,NA,NA,NA
2019-08,Raceway 1,pH,NA,NA,NA,NA,NA,NA
2019-08,Raceway 1,Alkalinity,NA,NA,NA,NA,NA,NA
2019-08,Raceway 1,Silica,NA,NA,NA,NA,NA,NA
2019-08,Raceway 1,Iron,NA,NA,NA,NA,NA,NA
2019-08,Raceway 1,Ammonia,NA,NA,NA,NA,NA,NA
2019-09,Raceway 1,Turbidity,NA,NA,NA,NA,NA,NA
2019-09,Raceway 1,Phosphate,NA,NA,NA,NA,NA,NA
2019-09,Raceway 1,Nitrate MR,NA,NA,NA,NA,NA,NA
2019-09,Raceway 1,Nitrate HR,NA,NA,NA,NA,NA,NA
2019-09,Raceway 1,pH,NA,NA,NA,NA,NA,NA
2019-09,Raceway 1,Alkalinity,NA,NA,NA,NA,NA,NA
2019-09,Raceway 1,Silica,NA,NA,NA,NA,NA,NA
2019-09,Raceway 1,Iron,NA,NA,NA,NA,NA,NA
2019-09,Raceway 1,Ammonia,NA,NA,NA,NA,NA,NA
2019-10,Raceway 1,Turbidity,NA,NA,NA,NA,NA,NA
2019-10,Raceway 1,Phosphate,NA,NA,NA,NA,NA,NA
2019-10,Raceway 1,Nitrate MR,NA,NA,NA,NA,NA,NA
2019-10,Raceway 1,Nitrate HR,NA,NA,NA,NA,NA,NA
2019-10,Raceway 1,pH,NA,NA,NA,NA,NA,NA
2019-10,Raceway 1,Alkalinity,NA,NA,NA,NA,NA,NA
2019-10,Raceway 1,Silica,NA,NA,NA,NA,NA,NA
2019-10,Raceway 1,Iron,NA,NA,NA,NA,NA,NA
2019-10,Raceway 1,Ammonia,NA,NA,NA,NA,NA,NA
2019-11,Raceway 1,Turbidity,NA,NA,NA,NA,NA,NA
2019-11,Raceway 1,Phosphate,NA,NA,NA,NA,NA,NA
2019-11,Raceway 1,Nitrate MR,NA,NA,NA,NA,NA,NA
2019-11,Raceway 1,Nitrate HR,NA,NA,NA,NA,NA,NA
2019-11,Raceway 1,pH,NA,NA,NA,NA,NA,NA
2019-11,Raceway 1,Alkalinity,NA,NA,NA,NA,NA,NA
2019-11,Raceway 1,Silica,NA,NA,NA,NA,NA,NA
2019-11,Raceway 1,Iron,NA,NA,NA,NA,NA,NA
2019-11,Raceway 1,Ammonia,NA,NA,NA,NA,NA,NA
2019-12,Raceway 1,Turbidity,NA,NA,NA,NA,NA,NA
2019-12,Raceway 1,Phosphate,NA,NA,NA,NA,NA,NA
2019-12,Raceway 1,Nitrate MR,NA,NA,NA,NA,NA,NA
2019-12,Raceway 1,Nitrate HR,NA,NA,NA,NA,NA,NA
2019-12,Raceway 1,pH,NA,NA,NA,NA,NA,NA
2019-12,Raceway 1,Alkalinity,NA,NA,NA,NA,NA,NA
2019-12,Raceway 1,Silica,NA,NA,NA,NA,NA,NA
2019-12,Raceway 1,Iron,NA,NA,NA,NA,NA,NA
2019-12,Raceway 1,Ammonia,NA,NA,NA,NA,NA,NA
2020-01,Raceway 1,Turbidity,NA,NA,NA,NA,NA,NA
2020-01,Raceway 1,Phosphate,NA,NA,NA,NA,NA,NA
2020-01,Raceway 1,Nitrate MR,NA,NA,NA,NA,NA,NA
2020-01,Raceway 1,Nitrate HR,NA,NA,NA,NA,NA,NA
2020-01,Raceway 1,pH,NA,NA,NA,NA,NA,NA
2020-01,Raceway 1,Alkalinity,NA,NA,NA,NA,NA,NA
2020-01,Raceway 1,Silica,NA,NA,NA,NA,NA,NA
2020-01,Raceway 1,Iron,NA,NA,NA,NA,NA,NA
2020-01,Raceway 1,Ammonia,NA,NA,NA,NA,NA,NA
2020-02,Raceway 1,Turbidity,NA,NA,NA,NA,NA,NA
2020-02,Raceway 1,Phosphate,NA,NA,NA,NA,NA,NA
2020-02,Raceway 1,Nitrate MR,NA,NA,NA,NA,NA,NA
2020-02,Raceway 1,Nitrate HR,NA,NA,NA,NA,NA,NA
2020-02,Raceway 1,pH,NA,NA,NA,NA,NA,NA
2020-02,Raceway 1,Alkalinity,NA,NA,NA,NA,NA,NA
2020-02,Raceway 1,Silica,NA,NA,NA,NA,NA,NA
2020-02,Raceway 1,Iron,NA,NA,NA,NA,NA,NA
2020-02,Raceway 1,Ammonia,NA,NA,NA,NA,NA,NA
2020-03,Raceway 1,Turbidity,NA,NA,NA,NA,NA,NA
2020-03,Raceway 1,Phosphate,NA,NA,NA,NA,NA,NA
2020-03,Raceway 1,Nitrate MR,NA,NA,NA,NA,NA,NA
2020-03,Raceway 1,Nitrate HR,NA,NA,NA,NA,NA,NA
2020-03,Raceway 1,pH,NA,NA,NA,NA,NA,NA
2020-03,Raceway 1,Alkalinity,NA,NA,NA,NA,NA,NA
2020-03,Raceway 1,Silica,NA,NA,NA,NA,NA,NA
2020-03,Raceway 1,Iron,NA,NA,NA,NA,NA,NA
2020-03,Raceway 1,Ammonia,NA,NA,NA,NA,NA,NA
2020-04,Raceway 1,Turbidity,NA,NA,NA,NA,NA,NA
2020-04,Raceway 1,Phosphate,NA,NA,NA,NA,NA,NA
2020-04,Raceway 1,Nitrate MR,NA,NA,NA,NA,NA,NA
2020-04,Raceway 1,Nitrate HR,NA,NA,NA,NA,NA,NA
2020-04,Raceway 1,pH,NA,NA,NA,NA,NA,NA
2020-04,Raceway 1,Alkalinity,NA,NA,NA,NA,NA,NA
2020-04,Raceway 1,Silica,NA,NA,NA,NA,NA,NA
2020-04,Raceway 1,Iron,NA,NA,NA,NA,NA,NA
2020-04,Raceway 1,Ammonia,NA,NA,NA,NA,NA,NA
2020-05,Raceway 1,Turbidity,3,3,NA,0,3,3
2020-05,Raceway 1,Phosphate,NA,NA,NA,NA,NA,NA
2020-05,Raceway 1,Nitrate MR,0.9,0.9,NA,0,0.9,0.9
2020-05,Raceway 1,Nitrate HR,1.5,1.5,NA,0,1.5,1.5
2020-05,Raceway 1,pH,8.52,8.52,NA,0,8.52,8.52
2020-05,Raceway 1,Alkalinity,NA,NA,NA,NA,NA,NA
2020-05,Raceway 1,Silica,NA,NA,NA,NA,NA,NA
2020-05,Raceway 1,Iron,NA,NA,NA,NA,NA,NA
2020-05,Raceway 1,Ammonia,NA,NA,NA,NA,NA,NA
2020-06,Raceway 1,Turbidity,0,0,NA,0,0,0
2020-06,Raceway 1,Phosphate,NA,NA,NA,NA,NA,NA
2020-06,Raceway 1,Nitrate MR,0.9,0.9,NA,0,0.9,0.9
2020-06,Raceway 1,Nitrate HR,0.9,0.9,NA,0,0.9,0.9
2020-06,Raceway 1,pH,8.29,8.29,NA,0,8.29,8.29
2020-06,Raceway 1,Alkalinity,NA,NA,NA,NA,NA,NA
2020-06,Raceway 1,Silica,NA,NA,NA,NA,NA,NA
2020-06,Raceway 1,Iron,NA,NA,NA,NA,NA,NA
2020-06,Raceway 1,Ammonia,NA,NA,NA,NA,NA,NA
2020-07,Raceway 1,Turbidity,1.5,1.5,2.12,1.5,0,3
2020-07,Raceway 1,Phosphate,NA,NA,NA,NA,NA,NA
2020-07,Raceway 1,Nitrate MR,0.8,0.8,0.28,0.2,0.6,1
2020-07,Raceway 1,Nitrate HR,1,1,0,0,1,1
2020-07,Raceway 1,pH,8.26,8.26,NA,0,8.26,8.26
2020-07,Raceway 1,Alkalinity,NA,NA,NA,NA,NA,NA
2020-07,Raceway 1,Silica,1.47,1.47,0.25,0.18,1.29,1.65
2020-07,Raceway 1,Iron,0.01,0.01,0,0,0.01,0.01
2020-07,Raceway 1,Ammonia,NA,NA,NA,NA,NA,NA
2020-08,Raceway 1,Turbidity,3.75,4,2.22,2.75,1,6
2020-08,Raceway 1,Phosphate,0.38,0.38,NA,0,0.38,0.38
2020-08,Raceway 1,Nitrate MR,1.2,1.2,0.35,0.6,0.9,1.5
2020-08,Raceway 1,Nitrate HR,1.28,1.3,0.33,0.47,0.9,1.6
2020-08,Raceway 1,pH,8.25,8.25,0.05,0.03,8.21,8.28
2020-08,Raceway 1,Alkalinity,NA,NA,NA,NA,NA,NA
2020-08,Raceway 1,Silica,0.7,0.8,0.35,0.26,0.2,1
2020-08,Raceway 1,Iron,0.01,0.01,0,0,0,0.01
2020-08,Raceway 1,Ammonia,NA,NA,NA,NA,NA,NA
2020-09,Raceway 1,Turbidity,2,2,1,1,1,3
2020-09,Raceway 1,Phosphate,0.12,0.1,0.09,0.09,0.05,0.25
2020-09,Raceway 1,Nitrate MR,1.45,1.5,0.25,0.15,1.1,1.7
2020-09,Raceway 1,Nitrate HR,1.57,1.6,0.25,0.25,1.3,1.8
2020-09,Raceway 1,pH,8.17,8.17,0.05,0.05,8.12,8.21
2020-09,Raceway 1,Alkalinity,133,137,29.05,22,94,164
2020-09,Raceway 1,Silica,0.24,0.24,0.22,0.33,0,0.45
2020-09,Raceway 1,Iron,0,0,0,0,0,0
2020-09,Raceway 1,Ammonia,NA,NA,NA,NA,NA,NA
2020-10,Raceway 1,Turbidity,3,3,3,3,0,6
2020-10,Raceway 1,Phosphate,0.06,0.05,0.06,0.06,0,0.15
2020-10,Raceway 1,Nitrate MR,1.9,2,0.19,0.3,1.7,2.1
2020-10,Raceway 1,Nitrate HR,2.33,2.35,0.59,0.57,1.6,3
2020-10,Raceway 1,pH,8.23,8.21,0.05,0.06,8.18,8.29
2020-10,Raceway 1,Alkalinity,120.5,117.5,13.43,17,109,138
2020-10,Raceway 1,Silica,0.33,0.32,0.13,0.04,0.15,0.52
2020-10,Raceway 1,Iron,0.01,0.01,0.01,0,0,0.02
2020-10,Raceway 1,Ammonia,NA,NA,NA,NA,NA,NA
2020-11,Raceway 1,Turbidity,3,3,0,0,3,3
2020-11,Raceway 1,Phosphate,0.12,0.08,0.13,0.12,0,0.31
2020-11,Raceway 1,Nitrate MR,1.35,1.35,0.21,0.2,1.1,1.6
2020-11,Raceway 1,Nitrate HR,1.85,1.7,0.68,0.4,1.2,2.8
2020-11,Raceway 1,pH,8.07,8.03,0.1,0.1,7.99,8.18
2020-11,Raceway 1,Alkalinity,104.75,98.5,22.51,16.75,85,137
2020-11,Raceway 1,Silica,0.69,0.42,0.62,0.43,0.3,1.6
2020-11,Raceway 1,Iron,0,0,0,0,0,0.01
2020-11,Raceway 1,Ammonia,NA,NA,NA,NA,NA,NA
2020-12,Raceway 1,Turbidity,2.25,2,2.06,1.25,0,5
2020-12,Raceway 1,Phosphate,0.04,0.04,0.04,0.07,0,0.07
2020-12,Raceway 1,Nitrate MR,1.3,1.3,0.18,0.25,1.1,1.5
2020-12,Raceway 1,Nitrate HR,1.52,1.6,0.39,0.38,1,1.9
2020-12,Raceway 1,pH,8.06,8.09,0.07,0.07,7.97,8.12
2020-12,Raceway 1,Alkalinity,113.5,113,11.62,19,103,125
2020-12,Raceway 1,Silica,0.3,0.32,0.07,0.06,0.21,0.37
2020-12,Raceway 1,Iron,0,0,0,0,0,0.01
2020-12,Raceway 1,Ammonia,NA,NA,NA,NA,NA,NA
2021-01,Raceway 1,Turbidity,1.8,0,2.49,4,0,5
2021-01,Raceway 1,Phosphate,0.04,0.03,0.05,0.04,0,0.11
2021-01,Raceway 1,Nitrate MR,1.4,1.5,0.37,0.1,0.8,1.8
2021-01,Raceway 1,Nitrate HR,2.02,2.3,0.64,0.7,1,2.5
2021-01,Raceway 1,pH,8.12,8.12,0.02,0,8.09,8.14
2021-01,Raceway 1,Alkalinity,114.2,121,26.57,11,69,138
2021-01,Raceway 1,Silica,0.36,0.36,0.08,0.07,0.29,0.5
2021-01,Raceway 1,Iron,0,0,0,0,0,0.01
2021-01,Raceway 1,Ammonia,NA,NA,NA,NA,NA,NA
2021-02,Raceway 1,Turbidity,2,2,2.83,2,0,4
2021-02,Raceway 1,Phosphate,0.03,0.05,0.03,0.03,0,0.05
2021-02,Raceway 1,Nitrate MR,1.43,1.5,0.12,0.1,1.3,1.5
2021-02,Raceway 1,Nitrate HR,1.63,1.5,0.42,0.4,1.3,2.1
2021-02,Raceway 1,pH,8.18,8.16,0.08,0.08,8.11,8.26
2021-02,Raceway 1,Alkalinity,138.67,139,4.51,4.5,134,143
2021-02,Raceway 1,Silica,0.5,0.5,0.08,0.06,0.45,0.56
2021-02,Raceway 1,Iron,0,0,0,0,0,0
2021-02,Raceway 1,Ammonia,NA,NA,NA,NA,NA,NA
2021-03,Raceway 1,Turbidity,2.25,3,1.5,0.75,0,3
2021-03,Raceway 1,Phosphate,0.06,0.07,0.04,0.04,0,0.1
2021-03,Raceway 1,Nitrate MR,1.1,1.1,0.2,0.2,0.9,1.3
2021-03,Raceway 1,Nitrate HR,1.73,1.7,0.38,0.38,1.3,2.2
2021-03,Raceway 1,pH,8.25,8.26,0.04,0.02,8.2,8.29
2021-03,Raceway 1,Alkalinity,158.5,158.5,5.69,7,152,165
2021-03,Raceway 1,Silica,NA,NA,NA,NA,NA,NA
2021-03,Raceway 1,Iron,0.01,0.01,0.01,0.01,0,0.01
2021-03,Raceway 1,Ammonia,NA,NA,NA,NA,NA,NA
2021-04,Raceway 1,Turbidity,1.4,0,2.19,2,0,5
2021-04,Raceway 1,Phosphate,0.08,0.09,0.04,0.07,0.04,0.14
2021-04,Raceway 1,Nitrate MR,1.46,1.5,0.27,0.1,1,1.7
2021-04,Raceway 1,Nitrate HR,1.9,2,0.41,0.5,1.3,2.3
2021-04,Raceway 1,pH,8.16,8.15,0.19,0.29,7.97,8.36
2021-04,Raceway 1,Alkalinity,129.75,124.5,19.77,13.75,112,158
2021-04,Raceway 1,Silica,NA,NA,NA,NA,NA,NA
2021-04,Raceway 1,Iron,0.01,0,0.01,0.01,0,0.01
2021-04,Raceway 1,Ammonia,NA,NA,NA,NA,NA,NA
2021-05,Raceway 1,Turbidity,0.5,0,1,0.5,0,2
2021-05,Raceway 1,Phosphate,0.04,0.03,0.03,0.03,0.01,0.07
2021-05,Raceway 1,Nitrate MR,1.5,1.4,0.2,0.1,1.4,1.8
2021-05,Raceway 1,Nitrate HR,1.6,1.65,0.45,0.35,1,2.1
2021-05,Raceway 1,pH,8.23,8.24,0.11,0.11,8.1,8.36
2021-05,Raceway 1,Alkalinity,122.5,119.5,11.15,11.5,113,138
2021-05,Raceway 1,Silica,1.24,1.16,0.37,0.36,0.92,1.64
2021-05,Raceway 1,Iron,0,0,0,0,0,0.01
2021-05,Raceway 1,Ammonia,NA,NA,NA,NA,NA,NA
2021-06,Raceway 1,Turbidity,1.5,0,3,1.5,0,6
2021-06,Raceway 1,Phosphate,0.12,0.1,0.05,0.03,0.09,0.19
2021-06,Raceway 1,Nitrate MR,1.35,1.5,0.45,0.4,0.7,1.7
2021-06,Raceway 1,Nitrate HR,1.35,1.5,0.53,0.45,0.6,1.8
2021-06,Raceway 1,pH,8.19,8.22,0.1,0.07,8.04,8.28
2021-06,Raceway 1,Alkalinity,117.75,119,13.33,20.25,103,130
2021-06,Raceway 1,Silica,NA,NA,NA,NA,NA,NA
2021-06,Raceway 1,Iron,0,0,0.01,0.01,0,0.01
2021-06,Raceway 1,Ammonia,NA,NA,NA,NA,NA,NA
2021-07,Raceway 1,Turbidity,1.2,0,1.64,3,0,3
2021-07,Raceway 1,Phosphate,0.08,0.09,0.06,0.06,0,0.15
2021-07,Raceway 1,Nitrate MR,1.5,1.45,0.14,0.15,1.4,1.7
2021-07,Raceway 1,Nitrate HR,1.25,1.25,0.61,0.45,0.5,2
2021-07,Raceway 1,pH,8.16,8.18,0.04,0.05,8.11,8.22
2021-07,Raceway 1,Alkalinity,115.6,114,6.47,8,109,125
2021-07,Raceway 1,Silica,NA,NA,NA,NA,NA,NA
2021-07,Raceway 1,Iron,0,0.01,0,0.01,0,0.01
2021-07,Raceway 1,Ammonia,NA,NA,NA,NA,NA,NA
2021-08,Raceway 1,Turbidity,0,0,0,0,0,0
2021-08,Raceway 1,Phosphate,0.11,0.11,0.01,0.01,0.1,0.12
2021-08,Raceway 1,Nitrate MR,1.68,1.65,0.17,0.17,1.5,1.9
2021-08,Raceway 1,Nitrate HR,2.2,2.15,0.47,0.75,1.8,2.7
2021-08,Raceway 1,pH,8.15,8.16,0.03,0.03,8.11,8.19
2021-08,Raceway 1,Alkalinity,112.25,112,4.43,6.75,108,117
2021-08,Raceway 1,Silica,NA,NA,NA,NA,NA,NA
2021-08,Raceway 1,Iron,0.01,0.01,0.01,0.01,0,0.01
2021-08,Raceway 1,Ammonia,NA,NA,NA,NA,NA,NA
2021-09,Raceway 1,Turbidity,1,0,2,1,0,4
2021-09,Raceway 1,Phosphate,0.06,0.05,0.03,0.01,0.04,0.1
2021-09,Raceway 1,Nitrate MR,1.55,1.45,0.24,0.2,1.4,1.9
2021-09,Raceway 1,Nitrate HR,1.92,1.9,0.05,0.02,1.9,2
2021-09,Raceway 1,pH,8.13,8.12,0.06,0.07,8.09,8.22
2021-09,Raceway 1,Alkalinity,101.25,101,6.08,10.25,96,107
2021-09,Raceway 1,Silica,NA,NA,NA,NA,NA,NA
2021-09,Raceway 1,Iron,0.01,0.01,0,0,0,0.01
2021-09,Raceway 1,Ammonia,NA,NA,NA,NA,NA,NA
2021-10,Raceway 1,Turbidity,0.2,0,0.45,0,0,1
2021-10,Raceway 1,Phosphate,0.09,0.08,0.03,0.05,0.04,0.12
2021-10,Raceway 1,Nitrate MR,1.18,1.1,0.2,0.4,1,1.4
2021-10,Raceway 1,Nitrate HR,1.48,1.5,0.62,0.7,0.7,2.3
2021-10,Raceway 1,pH,8.09,8.12,0.12,0.13,7.93,8.19
2021-10,Raceway 1,Alkalinity,99.4,101,12.54,7,78,109
2021-10,Raceway 1,Silica,NA,NA,NA,NA,NA,NA
2021-10,Raceway 1,Iron,0.01,0,0,0,0,0.01
2021-10,Raceway 1,Ammonia,NA,NA,NA,NA,NA,NA
2021-11,Raceway 1,Turbidity,0,0,0,0,0,0
2021-11,Raceway 1,Phosphate,0.08,0.1,0.04,0.03,0.02,0.1
2021-11,Raceway 1,Nitrate MR,1.23,1.2,0.22,0.27,1,1.5
2021-11,Raceway 1,Nitrate HR,1.45,1.45,0.31,0.4,1.1,1.8
2021-11,Raceway 1,pH,8,8,0.11,0.18,7.9,8.1
2021-11,Raceway 1,Alkalinity,104.5,103,8.58,12,97,115
2021-11,Raceway 1,Silica,1.2,1.28,0.47,0.47,0.69,1.62
2021-11,Raceway 1,Iron,0,0.01,0,0,0,0.01
2021-11,Raceway 1,Ammonia,NA,NA,NA,NA,NA,NA
2021-12,Raceway 1,Turbidity,0.4,0,0.89,0,0,2
2021-12,Raceway 1,Phosphate,0.04,0.06,0.04,0.07,0,0.07
2021-12,Raceway 1,Nitrate MR,0.88,0.7,0.27,0.3,0.7,1.3
2021-12,Raceway 1,Nitrate HR,1.4,1.4,0.42,0.4,0.9,1.9
2021-12,Raceway 1,pH,7.9,7.89,0.03,0.04,7.88,7.95
2021-12,Raceway 1,Alkalinity,94.3,93,5.04,5.5,88,101
2021-12,Raceway 1,Silica,0.4,0.41,0.11,0.05,0.24,0.56
2021-12,Raceway 1,Iron,0.01,0.01,0.02,0.01,0,0.04
2021-12,Raceway 1,Ammonia,NA,NA,NA,NA,NA,NA
2022-01,Raceway 1,Turbidity,0,0,NA,0,0,0
2022-01,Raceway 1,Phosphate,0.07,0.05,0.06,0.03,0.02,0.15
2022-01,Raceway 1,Nitrate MR,0.92,0.95,0.1,0.12,0.8,1
2022-01,Raceway 1,Nitrate HR,0.98,1,0.37,0.23,0.5,1.4
2022-01,Raceway 1,pH,7.91,7.91,0.02,0.02,7.89,7.93
2022-01,Raceway 1,Alkalinity,102.75,99,9.74,8.25,96,117
2022-01,Raceway 1,Silica,0.62,0.62,0.16,0.25,0.44,0.77
2022-01,Raceway 1,Iron,0.01,0.01,0,0,0.01,0.02
2022-01,Raceway 1,Ammonia,NA,NA,NA,NA,NA,NA
2022-02,Raceway 1,Turbidity,0.75,0,1.5,0.75,0,3
2022-02,Raceway 1,Phosphate,0.07,0.06,0.04,0.03,0.04,0.13
2022-02,Raceway 1,Nitrate MR,1.07,1,0.21,0.2,0.9,1.3
2022-02,Raceway 1,Nitrate HR,1.53,1.5,0.55,0.55,1,2.1
2022-02,Raceway 1,pH,7.92,7.92,0.02,0.03,7.89,7.94
2022-02,Raceway 1,Alkalinity,99.25,99,2.99,3.25,96,103
2022-02,Raceway 1,Silica,0.42,0.42,0.14,0.1,0.32,0.52
2022-02,Raceway 1,Iron,0.01,0.01,0.01,0.01,0,0.02
2022-02,Raceway 1,Ammonia,NA,NA,NA,NA,NA,NA
2022-03,Raceway 1,Turbidity,0,0,0,0,0,0
2022-03,Raceway 1,Phosphate,0.05,0.04,0.03,0.02,0.02,0.08
2022-03,Raceway 1,Nitrate MR,0.75,0.7,0.1,0.05,0.7,0.9
2022-03,Raceway 1,Nitrate HR,1.1,0.95,0.34,0.25,0.9,1.6
2022-03,Raceway 1,pH,7.91,7.93,0.05,0.04,7.83,7.94
2022-03,Raceway 1,Alkalinity,94.25,94,6.18,5.25,87,102
2022-03,Raceway 1,Silica,0.29,0.31,0.09,0.09,0.17,0.37
2022-03,Raceway 1,Iron,0.01,0.01,0.02,0.02,0,0.04
2022-03,Raceway 1,Ammonia,NA,NA,NA,NA,NA,NA
2022-04,Raceway 1,Turbidity,0.8,0,1.79,0,0,4
2022-04,Raceway 1,Phosphate,0.04,0.04,0.03,0.04,0,0.07
2022-04,Raceway 1,Nitrate MR,1.08,1.1,0.08,0.1,1,1.2
2022-04,Raceway 1,Nitrate HR,1.82,1.55,0.67,0.58,1.4,2.8
2022-04,Raceway 1,pH,7.91,7.92,0.03,0.04,7.88,7.94
2022-04,Raceway 1,Alkalinity,96,98,4.74,7,90,101
2022-04,Raceway 1,Silica,0.24,0.27,0.09,0.12,0.13,0.36
2022-04,Raceway 1,Iron,0,0,0,0,0,0
2022-04,Raceway 1,Ammonia,NA,NA,NA,NA,NA,NA
2022-05,Raceway 1,Turbidity,0,0,0,0,0,0
2022-05,Raceway 1,Phosphate,0.03,0.03,0.03,0.05,0,0.06
2022-05,Raceway 1,Nitrate MR,1.27,1.25,0.1,0.13,1.2,1.4
2022-05,Raceway 1,Nitrate HR,2.12,2.35,0.9,1.03,0.9,2.9
2022-05,Raceway 1,pH,7.84,7.84,0.03,0.03,7.79,7.87
2022-05,Raceway 1,Alkalinity,104.25,104,2.06,1.25,102,107
2022-05,Raceway 1,Silica,0.16,0.17,0.06,0.08,0.09,0.22
2022-05,Raceway 1,Iron,0.01,0.01,0,0,0.01,0.01
2022-05,Raceway 1,Ammonia,NA,NA,NA,NA,NA,NA
2022-06,Raceway 1,Turbidity,0,0,0,0,0,0
2022-06,Raceway 1,Phosphate,0.09,0.08,0.04,0.04,0.06,0.13
2022-06,Raceway 1,Nitrate MR,1.72,1.83,0.38,0.36,1.3,2.03
2022-06,Raceway 1,Nitrate HR,2,2.07,0.37,0.37,1.6,2.33
2022-06,Raceway 1,pH,7.76,7.76,0.07,0.05,7.71,7.81
2022-06,Raceway 1,Alkalinity,93.33,97,6.35,5.5,86,97
2022-06,Raceway 1,Silica,0.16,0.14,0.06,0.05,0.12,0.23
2022-06,Raceway 1,Iron,0,0,0,0,0,0.01
2022-06,Raceway 1,Ammonia,NA,NA,NA,NA,NA,NA
2022-07,Raceway 1,Turbidity,0,0,0,0,0,0
2022-07,Raceway 1,Phosphate,0.06,0.06,0.07,0.05,0.01,0.11
2022-07,Raceway 1,Nitrate MR,NA,NA,NA,NA,NA,NA
2022-07,Raceway 1,Nitrate HR,NA,NA,NA,NA,NA,NA
2022-07,Raceway 1,pH,7.8,7.8,0.04,0.01,7.75,7.86
2022-07,Raceway 1,Alkalinity,104,104,2.92,2,100,108
2022-07,Raceway 1,Silica,0.15,0.15,0.06,0.05,0.06,0.2
2022-07,Raceway 1,Iron,0.01,0.01,0.01,0,0.01,0.03
2022-07,Raceway 1,Ammonia,NA,NA,NA,NA,NA,NA
2022-08,Raceway 1,Turbidity,0.67,0,1.15,1,0,2
2022-08,Raceway 1,Phosphate,0.12,0.14,0.1,0.09,0.02,0.21
2022-08,Raceway 1,Nitrate MR,1.5,1.5,0.13,0.13,1.37,1.63
2022-08,Raceway 1,Nitrate HR,2.18,2,0.88,0.86,1.4,3.13
2022-08,Raceway 1,pH,7.87,7.86,0.06,0.05,7.82,7.93
2022-08,Raceway 1,Alkalinity,108.33,109,3.06,3,105,111
2022-08,Raceway 1,Silica,0.19,0.12,0.12,0.11,0.11,0.33
2022-08,Raceway 1,Iron,0.01,0.01,0.01,0.01,0,0.03
2022-08,Raceway 1,Ammonia,NA,NA,NA,NA,NA,NA
2022-09,Raceway 1,Turbidity,0,0,0,0,0,0
2022-09,Raceway 1,Phosphate,0.09,0.05,0.11,0.08,0,0.28
2022-09,Raceway 1,Nitrate MR,1.64,1.6,0.11,0.1,1.5,1.8
2022-09,Raceway 1,Nitrate HR,2.53,2.5,0.55,0.63,1.77,3.2
2022-09,Raceway 1,pH,7.86,7.85,0.01,0.02,7.85,7.88
2022-09,Raceway 1,Alkalinity,105.2,106,5.2,0.5,97,111.5
2022-09,Raceway 1,Silica,0.22,0.21,0.05,0.03,0.17,0.29
2022-09,Raceway 1,Iron,0.02,0.01,0.01,0.01,0.01,0.04
2022-09,Raceway 1,Ammonia,NA,NA,NA,NA,NA,NA
2022-10,Raceway 1,Turbidity,0,0,0,0,0,0
2022-10,Raceway 1,Phosphate,0.04,0.04,0.03,0.03,0,0.09
2022-10,Raceway 1,Nitrate MR,1.45,1.45,0.21,0.2,1.2,1.7
2022-10,Raceway 1,Nitrate HR,2.14,2.1,0.63,0.5,1.4,3.1
2022-10,Raceway 1,pH,7.85,7.83,0.05,0.05,7.81,7.91
2022-10,Raceway 1,Alkalinity,95.6,99,8.99,2,80,103
2022-10,Raceway 1,Silica,0.23,0.2,0.07,0.06,0.19,0.31
2022-10,Raceway 1,Iron,0.01,0.01,0.02,0.01,0,0.03
2022-10,Raceway 1,Ammonia,0,0,0,0,0,0
2022-11,Raceway 1,Turbidity,0,0,0,0,0,0
2022-11,Raceway 1,Phosphate,0.05,0.05,0.04,0.04,0,0.13
2022-11,Raceway 1,Nitrate MR,1.03,1.05,0.22,0.25,0.7,1.3
2022-11,Raceway 1,Nitrate HR,1.48,1.5,0.7,0.8,0.6,2.63
2022-11,Raceway 1,pH,7.86,7.86,0.02,0.03,7.83,7.88
2022-11,Raceway 1,Alkalinity,92.86,93,4.74,4.5,84,98
2022-11,Raceway 1,Silica,0.11,0.1,0.1,0.08,0,0.23
2022-11,Raceway 1,Iron,0.01,0.01,0.01,0.01,0,0.02
2022-11,Raceway 1,Ammonia,0.02,0.02,0.02,0.02,0,0.03
2022-12,Raceway 1,Turbidity,0,0,0,0,0,0
2022-12,Raceway 1,Phosphate,0.02,0.03,0.02,0.04,0,0.04
2022-12,Raceway 1,Nitrate MR,0.98,0.95,0.15,0.18,0.8,1.2
2022-12,Raceway 1,Nitrate HR,1.44,1.5,0.3,0.4,1,1.8
2022-12,Raceway 1,pH,7.81,7.82,0.02,0.03,7.78,7.83
2022-12,Raceway 1,Alkalinity,102.07,104.5,8.59,10.5,89,114
2022-12,Raceway 1,Silica,0.23,0.18,0.15,0.02,0.12,0.49
2022-12,Raceway 1,Iron,0.01,0.01,0.01,0.01,0,0.02
2022-12,Raceway 1,Ammonia,0,0,0.01,0,0,0.01
2023-01,Raceway 1,Turbidity,0.5,0,1.22,0,0,3
2023-01,Raceway 1,Phosphate,0.02,0.03,0.01,0.01,0.01,0.03
2023-01,Raceway 1,Nitrate MR,1,1,0.09,0.15,0.9,1.1
2023-01,Raceway 1,Nitrate HR,1.24,1.27,0.5,0.49,0.5,1.93
2023-01,Raceway 1,pH,7.87,7.88,0.04,0.06,7.83,7.91
2023-01,Raceway 1,Alkalinity,97.67,95,18.94,24.25,74,125
2023-01,Raceway 1,Silica,0.16,0.18,0.13,0.16,0,0.29
2023-01,Raceway 1,Iron,0,0,0.01,0,0,0.02
2023-01,Raceway 1,Ammonia,0,0,0.01,0,0,0.01
2023-02,Raceway 1,Turbidity,0,0,0,0,0,0
2023-02,Raceway 1,Phosphate,0.04,0,0.07,0.03,0,0.21
2023-02,Raceway 1,Nitrate MR,1.18,1.2,0.27,0.39,0.9,1.7
2023-02,Raceway 1,Nitrate HR,1.57,1.67,0.64,0.82,0.53,2.33
2023-02,Raceway 1,pH,7.89,7.89,0.03,0.03,7.85,7.92
2023-02,Raceway 1,Alkalinity,114.25,115.5,12.7,11.25,90,132
2023-02,Raceway 1,Silica,0.23,0.23,0.07,0.05,0.14,0.3
2023-02,Raceway 1,Iron,0.01,0.01,0.01,0.01,0,0.03
2023-02,Raceway 1,Ammonia,0,0,0.01,0,0,0.01
2023-03,Raceway 1,Turbidity,0.11,0,0.33,0,0,1
2023-03,Raceway 1,Phosphate,0.04,0.02,0.05,0.06,0,0.14
2023-03,Raceway 1,Nitrate MR,1.15,1.17,0.1,0.07,0.93,1.3
2023-03,Raceway 1,Nitrate HR,1.56,1.43,0.27,0.4,1.2,2
2023-03,Raceway 1,pH,7.78,7.88,0.25,0.07,7.34,7.92
2023-03,Raceway 1,Alkalinity,116.76,119,13.77,25,101.2,136.4
2023-03,Raceway 1,Silica,0.16,0.14,0.07,0.1,0.08,0.24
2023-03,Raceway 1,Iron,0.01,0.02,0.01,0.02,0,0.02
2023-03,Raceway 1,Ammonia,0.01,0,0.03,0.01,0,0.05
2023-04,Raceway 1,Turbidity,0,0,0,0,0,0
2023-04,Raceway 1,Phosphate,0.05,0.05,0.03,0.04,0,0.1
2023-04,Raceway 1,Nitrate MR,1.5,1.4,0.22,0.35,1.23,1.8
2023-04,Raceway 1,Nitrate HR,2.03,2.1,0.47,0.6,1.26,2.6
2023-04,Raceway 1,pH,7.95,7.97,0.04,0.02,7.89,7.97
2023-04,Raceway 1,Alkalinity,111.83,112,18.81,8.8,73.6,134
2023-04,Raceway 1,Silica,0.1,0.1,0.09,0.13,0.01,0.21
2023-04,Raceway 1,Iron,0.02,0.02,0.01,0.01,0,0.04
2023-04,Raceway 1,Ammonia,0.01,0.01,0.01,0,0,0.01
2023-05,Raceway 1,Turbidity,0.11,0,0.33,0,0,1
2023-05,Raceway 1,Phosphate,0.04,0.04,0.02,0.03,0.01,0.06
2023-05,Raceway 1,Nitrate MR,1.54,1.5,0.22,0.28,1.3,1.9
2023-05,Raceway 1,Nitrate HR,1.96,1.9,0.3,0.53,1.6,2.4
2023-05,Raceway 1,pH,8.05,8.04,0.04,0.07,8.01,8.09
2023-05,Raceway 1,Alkalinity,101.44,103,7.3,10,93,113
2023-05,Raceway 1,Silica,0.17,0.16,0.06,0.06,0.11,0.25
2023-05,Raceway 1,Iron,0.01,0.01,0.01,0.02,0,0.02
2023-05,Raceway 1,Ammonia,0.02,0,0.02,0.02,0,0.05
2023-06,Raceway 1,Turbidity,0.25,0,0.71,0,0,2
2023-06,Raceway 1,Phosphate,0.02,0.02,0.02,0.01,0,0.05
2023-06,Raceway 1,Nitrate MR,1.77,1.75,0.22,0.33,1.4,2
2023-06,Raceway 1,Nitrate HR,2.72,2.65,0.32,0.47,2.4,3.2
2023-06,Raceway 1,pH,7.83,7.8,0.07,0.06,7.76,7.94
2023-06,Raceway 1,Alkalinity,121.88,128,14.88,23,100,135
2023-06,Raceway 1,Silica,0.33,0.28,0.11,0.05,0.25,0.51
2023-06,Raceway 1,Iron,0,0.01,0,0,0,0.01
2023-06,Raceway 1,Ammonia,0.02,0.03,0.02,0.02,0,0.04
2023-07,Raceway 1,Turbidity,0,0,0,0,0,0
2023-07,Raceway 1,Phosphate,0.04,0.04,0.04,0.03,0,0.12
2023-07,Raceway 1,Nitrate MR,1.76,1.7,0.23,0.3,1.5,2.1
2023-07,Raceway 1,Nitrate HR,2.62,2.65,0.37,0.47,2.1,3.1
2023-07,Raceway 1,pH,7.91,7.94,0.12,0.13,7.76,8.02
2023-07,Raceway 1,Alkalinity,120.62,121,8.3,8.25,104,130
2023-07,Raceway 1,Silica,0.16,0.15,0.06,0.05,0.1,0.24
2023-07,Raceway 1,Iron,0,0,0.01,0,0,0.01
2023-07,Raceway 1,Ammonia,0.01,0.01,0.01,0.01,0.01,0.02
2023-08,Raceway 1,Turbidity,0,0,0,0,0,0
2023-08,Raceway 1,Phosphate,0.07,0.05,0.05,0.06,0,0.15
2023-08,Raceway 1,Nitrate MR,1.61,1.5,0.34,0.35,1.06,2.1
2023-08,Raceway 1,Nitrate HR,2.39,2.3,0.41,0.43,1.63,2.8
2023-08,Raceway 1,pH,7.92,7.95,0.14,0.18,7.73,8.03
2023-08,Raceway 1,Alkalinity,112.71,113,10.83,15,96,124
2023-08,Raceway 1,Silica,0.22,0.22,0.05,0.04,0.14,0.27
2023-08,Raceway 1,Iron,0.01,0.01,0,0,0.01,0.02
2023-08,Raceway 1,Ammonia,0.02,0.01,0.02,0.02,0.01,0.05
2023-09,Raceway 1,Turbidity,0,0,0,0,0,0
2023-09,Raceway 1,Phosphate,0.06,0.01,0.09,0.07,0,0.19
2023-09,Raceway 1,Nitrate MR,1.66,1.67,0.09,0.1,1.56,1.76
2023-09,Raceway 1,Nitrate HR,2.43,2.2,0.71,0.68,1.86,3.23
2023-09,Raceway 1,pH,7.97,7.97,0.1,0.07,7.9,8.04
2023-09,Raceway 1,Alkalinity,111.38,110.75,8.54,12.38,103,121
2023-09,Raceway 1,Silica,0.3,0.3,0.18,0.12,0.18,0.43
2023-09,Raceway 1,Iron,0.04,0.04,NA,0,0.04,0.04
2023-09,Raceway 1,Ammonia,0,0,0.01,0,0,0.01
2023-11,Raceway 1,Turbidity,0,0,0,0,0,0
2023-11,Raceway 1,Phosphate,0.07,0.07,0.07,0.05,0.02,0.12
2023-11,Raceway 1,Nitrate MR,1.71,1.71,0.35,0.25,1.46,1.96
2023-11,Raceway 1,Nitrate HR,1.56,1.56,NA,0,1.56,1.56
2023-11,Raceway 1,pH,7.98,7.98,NA,0,7.98,7.98
2023-11,Raceway 1,Alkalinity,92,92,19.8,14,78,106
2023-11,Raceway 1,Silica,0.16,0.16,NA,0,0.16,0.16
2023-11,Raceway 1,Iron,NA,NA,NA,NA,NA,NA
2023-11,Raceway 1,Ammonia,0,0,NA,0,0,0
2017-12,Raceway 2,Turbidity,NA,NA,NA,NA,NA,NA
2017-12,Raceway 2,Phosphate,NA,NA,NA,NA,NA,NA
2017-12,Raceway 2,Nitrate MR,NA,NA,NA,NA,NA,NA
2017-12,Raceway 2,Nitrate HR,NA,NA,NA,NA,NA,NA
2017-12,Raceway 2,pH,NA,NA,NA,NA,NA,NA
2017-12,Raceway 2,Alkalinity,NA,NA,NA,NA,NA,NA
2017-12,Raceway 2,Silica,NA,NA,NA,NA,NA,NA
2017-12,Raceway 2,Iron,NA,NA,NA,NA,NA,NA
2017-12,Raceway 2,Ammonia,NA,NA,NA,NA,NA,NA
2018-01,Raceway 2,Turbidity,NA,NA,NA,NA,NA,NA
2018-01,Raceway 2,Phosphate,NA,NA,NA,NA,NA,NA
2018-01,Raceway 2,Nitrate MR,NA,NA,NA,NA,NA,NA
2018-01,Raceway 2,Nitrate HR,NA,NA,NA,NA,NA,NA
2018-01,Raceway 2,pH,NA,NA,NA,NA,NA,NA
2018-01,Raceway 2,Alkalinity,NA,NA,NA,NA,NA,NA
2018-01,Raceway 2,Silica,NA,NA,NA,NA,NA,NA
2018-01,Raceway 2,Iron,NA,NA,NA,NA,NA,NA
2018-01,Raceway 2,Ammonia,NA,NA,NA,NA,NA,NA
2018-02,Raceway 2,Turbidity,NA,NA,NA,NA,NA,NA
2018-02,Raceway 2,Phosphate,NA,NA,NA,NA,NA,NA
2018-02,Raceway 2,Nitrate MR,NA,NA,NA,NA,NA,NA
2018-02,Raceway 2,Nitrate HR,NA,NA,NA,NA,NA,NA
2018-02,Raceway 2,pH,NA,NA,NA,NA,NA,NA
2018-02,Raceway 2,Alkalinity,NA,NA,NA,NA,NA,NA
2018-02,Raceway 2,Silica,NA,NA,NA,NA,NA,NA
2018-02,Raceway 2,Iron,NA,NA,NA,NA,NA,NA
2018-02,Raceway 2,Ammonia,NA,NA,NA,NA,NA,NA
2018-03,Raceway 2,Turbidity,NA,NA,NA,NA,NA,NA
2018-03,Raceway 2,Phosphate,NA,NA,NA,NA,NA,NA
2018-03,Raceway 2,Nitrate MR,NA,NA,NA,NA,NA,NA
2018-03,Raceway 2,Nitrate HR,NA,NA,NA,NA,NA,NA
2018-03,Raceway 2,pH,NA,NA,NA,NA,NA,NA
2018-03,Raceway 2,Alkalinity,NA,NA,NA,NA,NA,NA
2018-03,Raceway 2,Silica,NA,NA,NA,NA,NA,NA
2018-03,Raceway 2,Iron,NA,NA,NA,NA,NA,NA
2018-03,Raceway 2,Ammonia,NA,NA,NA,NA,NA,NA
2018-04,Raceway 2,Turbidity,NA,NA,NA,NA,NA,NA
2018-04,Raceway 2,Phosphate,NA,NA,NA,NA,NA,NA
2018-04,Raceway 2,Nitrate MR,NA,NA,NA,NA,NA,NA
2018-04,Raceway 2,Nitrate HR,NA,NA,NA,NA,NA,NA
2018-04,Raceway 2,pH,NA,NA,NA,NA,NA,NA
2018-04,Raceway 2,Alkalinity,NA,NA,NA,NA,NA,NA
2018-04,Raceway 2,Silica,NA,NA,NA,NA,NA,NA
2018-04,Raceway 2,Iron,NA,NA,NA,NA,NA,NA
2018-04,Raceway 2,Ammonia,NA,NA,NA,NA,NA,NA
2018-05,Raceway 2,Turbidity,NA,NA,NA,NA,NA,NA
2018-05,Raceway 2,Phosphate,NA,NA,NA,NA,NA,NA
2018-05,Raceway 2,Nitrate MR,NA,NA,NA,NA,NA,NA
2018-05,Raceway 2,Nitrate HR,NA,NA,NA,NA,NA,NA
2018-05,Raceway 2,pH,NA,NA,NA,NA,NA,NA
2018-05,Raceway 2,Alkalinity,NA,NA,NA,NA,NA,NA
2018-05,Raceway 2,Silica,NA,NA,NA,NA,NA,NA
2018-05,Raceway 2,Iron,NA,NA,NA,NA,NA,NA
2018-05,Raceway 2,Ammonia,NA,NA,NA,NA,NA,NA
2018-06,Raceway 2,Turbidity,NA,NA,NA,NA,NA,NA
2018-06,Raceway 2,Phosphate,NA,NA,NA,NA,NA,NA
2018-06,Raceway 2,Nitrate MR,NA,NA,NA,NA,NA,NA
2018-06,Raceway 2,Nitrate HR,NA,NA,NA,NA,NA,NA
2018-06,Raceway 2,pH,NA,NA,NA,NA,NA,NA
2018-06,Raceway 2,Alkalinity,NA,NA,NA,NA,NA,NA
2018-06,Raceway 2,Silica,NA,NA,NA,NA,NA,NA
2018-06,Raceway 2,Iron,NA,NA,NA,NA,NA,NA
2018-06,Raceway 2,Ammonia,NA,NA,NA,NA,NA,NA
2018-07,Raceway 2,Turbidity,NA,NA,NA,NA,NA,NA
2018-07,Raceway 2,Phosphate,NA,NA,NA,NA,NA,NA
2018-07,Raceway 2,Nitrate MR,NA,NA,NA,NA,NA,NA
2018-07,Raceway 2,Nitrate HR,NA,NA,NA,NA,NA,NA
2018-07,Raceway 2,pH,NA,NA,NA,NA,NA,NA
2018-07,Raceway 2,Alkalinity,NA,NA,NA,NA,NA,NA
2018-07,Raceway 2,Silica,NA,NA,NA,NA,NA,NA
2018-07,Raceway 2,Iron,NA,NA,NA,NA,NA,NA
2018-07,Raceway 2,Ammonia,NA,NA,NA,NA,NA,NA
2018-08,Raceway 2,Turbidity,NA,NA,NA,NA,NA,NA
2018-08,Raceway 2,Phosphate,NA,NA,NA,NA,NA,NA
2018-08,Raceway 2,Nitrate MR,NA,NA,NA,NA,NA,NA
2018-08,Raceway 2,Nitrate HR,NA,NA,NA,NA,NA,NA
2018-08,Raceway 2,pH,NA,NA,NA,NA,NA,NA
2018-08,Raceway 2,Alkalinity,NA,NA,NA,NA,NA,NA
2018-08,Raceway 2,Silica,NA,NA,NA,NA,NA,NA
2018-08,Raceway 2,Iron,NA,NA,NA,NA,NA,NA
2018-08,Raceway 2,Ammonia,NA,NA,NA,NA,NA,NA
2018-09,Raceway 2,Turbidity,NA,NA,NA,NA,NA,NA
2018-09,Raceway 2,Phosphate,NA,NA,NA,NA,NA,NA
2018-09,Raceway 2,Nitrate MR,NA,NA,NA,NA,NA,NA
2018-09,Raceway 2,Nitrate HR,NA,NA,NA,NA,NA,NA
2018-09,Raceway 2,pH,NA,NA,NA,NA,NA,NA
2018-09,Raceway 2,Alkalinity,NA,NA,NA,NA,NA,NA
2018-09,Raceway 2,Silica,NA,NA,NA,NA,NA,NA
2018-09,Raceway 2,Iron,NA,NA,NA,NA,NA,NA
2018-09,Raceway 2,Ammonia,NA,NA,NA,NA,NA,NA
2018-10,Raceway 2,Turbidity,NA,NA,NA,NA,NA,NA
2018-10,Raceway 2,Phosphate,NA,NA,NA,NA,NA,NA
2018-10,Raceway 2,Nitrate MR,NA,NA,NA,NA,NA,NA
2018-10,Raceway 2,Nitrate HR,NA,NA,NA,NA,NA,NA
2018-10,Raceway 2,pH,NA,NA,NA,NA,NA,NA
2018-10,Raceway 2,Alkalinity,NA,NA,NA,NA,NA,NA
2018-10,Raceway 2,Silica,NA,NA,NA,NA,NA,NA
2018-10,Raceway 2,Iron,NA,NA,NA,NA,NA,NA
2018-10,Raceway 2,Ammonia,NA,NA,NA,NA,NA,NA
2018-11,Raceway 2,Turbidity,NA,NA,NA,NA,NA,NA
2018-11,Raceway 2,Phosphate,NA,NA,NA,NA,NA,NA
2018-11,Raceway 2,Nitrate MR,NA,NA,NA,NA,NA,NA
2018-11,Raceway 2,Nitrate HR,NA,NA,NA,NA,NA,NA
2018-11,Raceway 2,pH,NA,NA,NA,NA,NA,NA
2018-11,Raceway 2,Alkalinity,NA,NA,NA,NA,NA,NA
2018-11,Raceway 2,Silica,NA,NA,NA,NA,NA,NA
2018-11,Raceway 2,Iron,NA,NA,NA,NA,NA,NA
2018-11,Raceway 2,Ammonia,NA,NA,NA,NA,NA,NA
2018-12,Raceway 2,Turbidity,NA,NA,NA,NA,NA,NA
2018-12,Raceway 2,Phosphate,NA,NA,NA,NA,NA,NA
2018-12,Raceway 2,Nitrate MR,NA,NA,NA,NA,NA,NA
2018-12,Raceway 2,Nitrate HR,NA,NA,NA,NA,NA,NA
2018-12,Raceway 2,pH,NA,NA,NA,NA,NA,NA
2018-12,Raceway 2,Alkalinity,NA,NA,NA,NA,NA,NA
2018-12,Raceway 2,Silica,NA,NA,NA,NA,NA,NA
2018-12,Raceway 2,Iron,NA,NA,NA,NA,NA,NA
2018-12,Raceway 2,Ammonia,NA,NA,NA,NA,NA,NA
2019-01,Raceway 2,Turbidity,NA,NA,NA,NA,NA,NA
2019-01,Raceway 2,Phosphate,NA,NA,NA,NA,NA,NA
2019-01,Raceway 2,Nitrate MR,NA,NA,NA,NA,NA,NA
2019-01,Raceway 2,Nitrate HR,NA,NA,NA,NA,NA,NA
2019-01,Raceway 2,pH,NA,NA,NA,NA,NA,NA
2019-01,Raceway 2,Alkalinity,NA,NA,NA,NA,NA,NA
2019-01,Raceway 2,Silica,NA,NA,NA,NA,NA,NA
2019-01,Raceway 2,Iron,NA,NA,NA,NA,NA,NA
2019-01,Raceway 2,Ammonia,NA,NA,NA,NA,NA,NA
2019-02,Raceway 2,Turbidity,NA,NA,NA,NA,NA,NA
2019-02,Raceway 2,Phosphate,NA,NA,NA,NA,NA,NA
2019-02,Raceway 2,Nitrate MR,NA,NA,NA,NA,NA,NA
2019-02,Raceway 2,Nitrate HR,NA,NA,NA,NA,NA,NA
2019-02,Raceway 2,pH,NA,NA,NA,NA,NA,NA
2019-02,Raceway 2,Alkalinity,NA,NA,NA,NA,NA,NA
2019-02,Raceway 2,Silica,NA,NA,NA,NA,NA,NA
2019-02,Raceway 2,Iron,NA,NA,NA,NA,NA,NA
2019-02,Raceway 2,Ammonia,NA,NA,NA,NA,NA,NA
2019-03,Raceway 2,Turbidity,NA,NA,NA,NA,NA,NA
2019-03,Raceway 2,Phosphate,NA,NA,NA,NA,NA,NA
2019-03,Raceway 2,Nitrate MR,NA,NA,NA,NA,NA,NA
2019-03,Raceway 2,Nitrate HR,NA,NA,NA,NA,NA,NA
2019-03,Raceway 2,pH,NA,NA,NA,NA,NA,NA
2019-03,Raceway 2,Alkalinity,NA,NA,NA,NA,NA,NA
2019-03,Raceway 2,Silica,NA,NA,NA,NA,NA,NA
2019-03,Raceway 2,Iron,NA,NA,NA,NA,NA,NA
2019-03,Raceway 2,Ammonia,NA,NA,NA,NA,NA,NA
2019-04,Raceway 2,Turbidity,NA,NA,NA,NA,NA,NA
2019-04,Raceway 2,Phosphate,NA,NA,NA,NA,NA,NA
2019-04,Raceway 2,Nitrate MR,NA,NA,NA,NA,NA,NA
2019-04,Raceway 2,Nitrate HR,NA,NA,NA,NA,NA,NA
2019-04,Raceway 2,pH,NA,NA,NA,NA,NA,NA
2019-04,Raceway 2,Alkalinity,NA,NA,NA,NA,NA,NA
2019-04,Raceway 2,Silica,NA,NA,NA,NA,NA,NA
2019-04,Raceway 2,Iron,NA,NA,NA,NA,NA,NA
2019-04,Raceway 2,Ammonia,NA,NA,NA,NA,NA,NA
2019-05,Raceway 2,Turbidity,NA,NA,NA,NA,NA,NA
2019-05,Raceway 2,Phosphate,NA,NA,NA,NA,NA,NA
2019-05,Raceway 2,Nitrate MR,NA,NA,NA,NA,NA,NA
2019-05,Raceway 2,Nitrate HR,NA,NA,NA,NA,NA,NA
2019-05,Raceway 2,pH,NA,NA,NA,NA,NA,NA
2019-05,Raceway 2,Alkalinity,NA,NA,NA,NA,NA,NA
2019-05,Raceway 2,Silica,NA,NA,NA,NA,NA,NA
2019-05,Raceway 2,Iron,NA,NA,NA,NA,NA,NA
2019-05,Raceway 2,Ammonia,NA,NA,NA,NA,NA,NA
2019-06,Raceway 2,Turbidity,NA,NA,NA,NA,NA,NA
2019-06,Raceway 2,Phosphate,NA,NA,NA,NA,NA,NA
2019-06,Raceway 2,Nitrate MR,NA,NA,NA,NA,NA,NA
2019-06,Raceway 2,Nitrate HR,NA,NA,NA,NA,NA,NA
2019-06,Raceway 2,pH,NA,NA,NA,NA,NA,NA
2019-06,Raceway 2,Alkalinity,NA,NA,NA,NA,NA,NA
2019-06,Raceway 2,Silica,NA,NA,NA,NA,NA,NA
2019-06,Raceway 2,Iron,NA,NA,NA,NA,NA,NA
2019-06,Raceway 2,Ammonia,NA,NA,NA,NA,NA,NA
2019-07,Raceway 2,Turbidity,NA,NA,NA,NA,NA,NA
2019-07,Raceway 2,Phosphate,NA,NA,NA,NA,NA,NA
2019-07,Raceway 2,Nitrate MR,NA,NA,NA,NA,NA,NA
2019-07,Raceway 2,Nitrate HR,NA,NA,NA,NA,NA,NA
2019-07,Raceway 2,pH,NA,NA,NA,NA,NA,NA
2019-07,Raceway 2,Alkalinity,NA,NA,NA,NA,NA,NA
2019-07,Raceway 2,Silica,NA,NA,NA,NA,NA,NA
2019-07,Raceway 2,Iron,NA,NA,NA,NA,NA,NA
2019-07,Raceway 2,Ammonia,NA,NA,NA,NA,NA,NA
2019-08,Raceway 2,Turbidity,NA,NA,NA,NA,NA,NA
2019-08,Raceway 2,Phosphate,NA,NA,NA,NA,NA,NA
2019-08,Raceway 2,Nitrate MR,NA,NA,NA,NA,NA,NA
2019-08,Raceway 2,Nitrate HR,NA,NA,NA,NA,NA,NA
2019-08,Raceway 2,pH,NA,NA,NA,NA,NA,NA
2019-08,Raceway 2,Alkalinity,NA,NA,NA,NA,NA,NA
2019-08,Raceway 2,Silica,NA,NA,NA,NA,NA,NA
2019-08,Raceway 2,Iron,NA,NA,NA,NA,NA,NA
2019-08,Raceway 2,Ammonia,NA,NA,NA,NA,NA,NA
2019-09,Raceway 2,Turbidity,NA,NA,NA,NA,NA,NA
2019-09,Raceway 2,Phosphate,NA,NA,NA,NA,NA,NA
2019-09,Raceway 2,Nitrate MR,NA,NA,NA,NA,NA,NA
2019-09,Raceway 2,Nitrate HR,NA,NA,NA,NA,NA,NA
2019-09,Raceway 2,pH,NA,NA,NA,NA,NA,NA
2019-09,Raceway 2,Alkalinity,NA,NA,NA,NA,NA,NA
2019-09,Raceway 2,Silica,NA,NA,NA,NA,NA,NA
2019-09,Raceway 2,Iron,NA,NA,NA,NA,NA,NA
2019-09,Raceway 2,Ammonia,NA,NA,NA,NA,NA,NA
2019-10,Raceway 2,Turbidity,NA,NA,NA,NA,NA,NA
2019-10,Raceway 2,Phosphate,NA,NA,NA,NA,NA,NA
2019-10,Raceway 2,Nitrate MR,NA,NA,NA,NA,NA,NA
2019-10,Raceway 2,Nitrate HR,NA,NA,NA,NA,NA,NA
2019-10,Raceway 2,pH,NA,NA,NA,NA,NA,NA
2019-10,Raceway 2,Alkalinity,NA,NA,NA,NA,NA,NA
2019-10,Raceway 2,Silica,NA,NA,NA,NA,NA,NA
2019-10,Raceway 2,Iron,NA,NA,NA,NA,NA,NA
2019-10,Raceway 2,Ammonia,NA,NA,NA,NA,NA,NA
2019-11,Raceway 2,Turbidity,NA,NA,NA,NA,NA,NA
2019-11,Raceway 2,Phosphate,NA,NA,NA,NA,NA,NA
2019-11,Raceway 2,Nitrate MR,NA,NA,NA,NA,NA,NA
2019-11,Raceway 2,Nitrate HR,NA,NA,NA,NA,NA,NA
2019-11,Raceway 2,pH,NA,NA,NA,NA,NA,NA
2019-11,Raceway 2,Alkalinity,NA,NA,NA,NA,NA,NA
2019-11,Raceway 2,Silica,NA,NA,NA,NA,NA,NA
2019-11,Raceway 2,Iron,NA,NA,NA,NA,NA,NA
2019-11,Raceway 2,Ammonia,NA,NA,NA,NA,NA,NA
2019-12,Raceway 2,Turbidity,NA,NA,NA,NA,NA,NA
2019-12,Raceway 2,Phosphate,NA,NA,NA,NA,NA,NA
2019-12,Raceway 2,Nitrate MR,NA,NA,NA,NA,NA,NA
2019-12,Raceway 2,Nitrate HR,NA,NA,NA,NA,NA,NA
2019-12,Raceway 2,pH,NA,NA,NA,NA,NA,NA
2019-12,Raceway 2,Alkalinity,NA,NA,NA,NA,NA,NA
2019-12,Raceway 2,Silica,NA,NA,NA,NA,NA,NA
2019-12,Raceway 2,Iron,NA,NA,NA,NA,NA,NA
2019-12,Raceway 2,Ammonia,NA,NA,NA,NA,NA,NA
2020-01,Raceway 2,Turbidity,NA,NA,NA,NA,NA,NA
2020-01,Raceway 2,Phosphate,NA,NA,NA,NA,NA,NA
2020-01,Raceway 2,Nitrate MR,NA,NA,NA,NA,NA,NA
2020-01,Raceway 2,Nitrate HR,NA,NA,NA,NA,NA,NA
2020-01,Raceway 2,pH,NA,NA,NA,NA,NA,NA
2020-01,Raceway 2,Alkalinity,NA,NA,NA,NA,NA,NA
2020-01,Raceway 2,Silica,NA,NA,NA,NA,NA,NA
2020-01,Raceway 2,Iron,NA,NA,NA,NA,NA,NA
2020-01,Raceway 2,Ammonia,NA,NA,NA,NA,NA,NA
2020-02,Raceway 2,Turbidity,NA,NA,NA,NA,NA,NA
2020-02,Raceway 2,Phosphate,NA,NA,NA,NA,NA,NA
2020-02,Raceway 2,Nitrate MR,NA,NA,NA,NA,NA,NA
2020-02,Raceway 2,Nitrate HR,NA,NA,NA,NA,NA,NA
2020-02,Raceway 2,pH,NA,NA,NA,NA,NA,NA
2020-02,Raceway 2,Alkalinity,NA,NA,NA,NA,NA,NA
2020-02,Raceway 2,Silica,NA,NA,NA,NA,NA,NA
2020-02,Raceway 2,Iron,NA,NA,NA,NA,NA,NA
2020-02,Raceway 2,Ammonia,NA,NA,NA,NA,NA,NA
2020-03,Raceway 2,Turbidity,NA,NA,NA,NA,NA,NA
2020-03,Raceway 2,Phosphate,NA,NA,NA,NA,NA,NA
2020-03,Raceway 2,Nitrate MR,NA,NA,NA,NA,NA,NA
2020-03,Raceway 2,Nitrate HR,NA,NA,NA,NA,NA,NA
2020-03,Raceway 2,pH,NA,NA,NA,NA,NA,NA
2020-03,Raceway 2,Alkalinity,NA,NA,NA,NA,NA,NA
2020-03,Raceway 2,Silica,NA,NA,NA,NA,NA,NA
2020-03,Raceway 2,Iron,NA,NA,NA,NA,NA,NA
2020-03,Raceway 2,Ammonia,NA,NA,NA,NA,NA,NA
2020-04,Raceway 2,Turbidity,NA,NA,NA,NA,NA,NA
2020-04,Raceway 2,Phosphate,NA,NA,NA,NA,NA,NA
2020-04,Raceway 2,Nitrate MR,NA,NA,NA,NA,NA,NA
2020-04,Raceway 2,Nitrate HR,NA,NA,NA,NA,NA,NA
2020-04,Raceway 2,pH,NA,NA,NA,NA,NA,NA
2020-04,Raceway 2,Alkalinity,NA,NA,NA,NA,NA,NA
2020-04,Raceway 2,Silica,NA,NA,NA,NA,NA,NA
2020-04,Raceway 2,Iron,NA,NA,NA,NA,NA,NA
2020-04,Raceway 2,Ammonia,NA,NA,NA,NA,NA,NA
2020-05,Raceway 2,Turbidity,NA,NA,NA,NA,NA,NA
2020-05,Raceway 2,Phosphate,NA,NA,NA,NA,NA,NA
2020-05,Raceway 2,Nitrate MR,NA,NA,NA,NA,NA,NA
2020-05,Raceway 2,Nitrate HR,NA,NA,NA,NA,NA,NA
2020-05,Raceway 2,pH,NA,NA,NA,NA,NA,NA
2020-05,Raceway 2,Alkalinity,NA,NA,NA,NA,NA,NA
2020-05,Raceway 2,Silica,NA,NA,NA,NA,NA,NA
2020-05,Raceway 2,Iron,NA,NA,NA,NA,NA,NA
2020-05,Raceway 2,Ammonia,NA,NA,NA,NA,NA,NA
2020-06,Raceway 2,Turbidity,NA,NA,NA,NA,NA,NA
2020-06,Raceway 2,Phosphate,NA,NA,NA,NA,NA,NA
2020-06,Raceway 2,Nitrate MR,NA,NA,NA,NA,NA,NA
2020-06,Raceway 2,Nitrate HR,NA,NA,NA,NA,NA,NA
2020-06,Raceway 2,pH,NA,NA,NA,NA,NA,NA
2020-06,Raceway 2,Alkalinity,NA,NA,NA,NA,NA,NA
2020-06,Raceway 2,Silica,NA,NA,NA,NA,NA,NA
2020-06,Raceway 2,Iron,NA,NA,NA,NA,NA,NA
2020-06,Raceway 2,Ammonia,NA,NA,NA,NA,NA,NA
2020-07,Raceway 2,Turbidity,NA,NA,NA,NA,NA,NA
2020-07,Raceway 2,Phosphate,NA,NA,NA,NA,NA,NA
2020-07,Raceway 2,Nitrate MR,NA,NA,NA,NA,NA,NA
2020-07,Raceway 2,Nitrate HR,NA,NA,NA,NA,NA,NA
2020-07,Raceway 2,pH,NA,NA,NA,NA,NA,NA
2020-07,Raceway 2,Alkalinity,NA,NA,NA,NA,NA,NA
2020-07,Raceway 2,Silica,NA,NA,NA,NA,NA,NA
2020-07,Raceway 2,Iron,NA,NA,NA,NA,NA,NA
2020-07,Raceway 2,Ammonia,NA,NA,NA,NA,NA,NA
2020-08,Raceway 2,Turbidity,NA,NA,NA,NA,NA,NA
2020-08,Raceway 2,Phosphate,NA,NA,NA,NA,NA,NA
2020-08,Raceway 2,Nitrate MR,NA,NA,NA,NA,NA,NA
2020-08,Raceway 2,Nitrate HR,NA,NA,NA,NA,NA,NA
2020-08,Raceway 2,pH,NA,NA,NA,NA,NA,NA
2020-08,Raceway 2,Alkalinity,NA,NA,NA,NA,NA,NA
2020-08,Raceway 2,Silica,NA,NA,NA,NA,NA,NA
2020-08,Raceway 2,Iron,NA,NA,NA,NA,NA,NA
2020-08,Raceway 2,Ammonia,NA,NA,NA,NA,NA,NA
2020-09,Raceway 2,Turbidity,NA,NA,NA,NA,NA,NA
2020-09,Raceway 2,Phosphate,NA,NA,NA,NA,NA,NA
2020-09,Raceway 2,Nitrate MR,NA,NA,NA,NA,NA,NA
2020-09,Raceway 2,Nitrate HR,NA,NA,NA,NA,NA,NA
2020-09,Raceway 2,pH,NA,NA,NA,NA,NA,NA
2020-09,Raceway 2,Alkalinity,NA,NA,NA,NA,NA,NA
2020-09,Raceway 2,Silica,NA,NA,NA,NA,NA,NA
2020-09,Raceway 2,Iron,NA,NA,NA,NA,NA,NA
2020-09,Raceway 2,Ammonia,NA,NA,NA,NA,NA,NA
2020-10,Raceway 2,Turbidity,NA,NA,NA,NA,NA,NA
2020-10,Raceway 2,Phosphate,NA,NA,NA,NA,NA,NA
2020-10,Raceway 2,Nitrate MR,NA,NA,NA,NA,NA,NA
2020-10,Raceway 2,Nitrate HR,NA,NA,NA,NA,NA,NA
2020-10,Raceway 2,pH,NA,NA,NA,NA,NA,NA
2020-10,Raceway 2,Alkalinity,NA,NA,NA,NA,NA,NA
2020-10,Raceway 2,Silica,NA,NA,NA,NA,NA,NA
2020-10,Raceway 2,Iron,NA,NA,NA,NA,NA,NA
2020-10,Raceway 2,Ammonia,NA,NA,NA,NA,NA,NA
2020-11,Raceway 2,Turbidity,NA,NA,NA,NA,NA,NA
2020-11,Raceway 2,Phosphate,NA,NA,NA,NA,NA,NA
2020-11,Raceway 2,Nitrate MR,NA,NA,NA,NA,NA,NA
2020-11,Raceway 2,Nitrate HR,NA,NA,NA,NA,NA,NA
2020-11,Raceway 2,pH,NA,NA,NA,NA,NA,NA
2020-11,Raceway 2,Alkalinity,NA,NA,NA,NA,NA,NA
2020-11,Raceway 2,Silica,NA,NA,NA,NA,NA,NA
2020-11,Raceway 2,Iron,NA,NA,NA,NA,NA,NA
2020-11,Raceway 2,Ammonia,NA,NA,NA,NA,NA,NA
2020-12,Raceway 2,Turbidity,NA,NA,NA,NA,NA,NA
2020-12,Raceway 2,Phosphate,NA,NA,NA,NA,NA,NA
2020-12,Raceway 2,Nitrate MR,NA,NA,NA,NA,NA,NA
2020-12,Raceway 2,Nitrate HR,NA,NA,NA,NA,NA,NA
2020-12,Raceway 2,pH,NA,NA,NA,NA,NA,NA
2020-12,Raceway 2,Alkalinity,NA,NA,NA,NA,NA,NA
2020-12,Raceway 2,Silica,NA,NA,NA,NA,NA,NA
2020-12,Raceway 2,Iron,NA,NA,NA,NA,NA,NA
2020-12,Raceway 2,Ammonia,NA,NA,NA,NA,NA,NA
2021-01,Raceway 2,Turbidity,NA,NA,NA,NA,NA,NA
2021-01,Raceway 2,Phosphate,NA,NA,NA,NA,NA,NA
2021-01,Raceway 2,Nitrate MR,NA,NA,NA,NA,NA,NA
2021-01,Raceway 2,Nitrate HR,NA,NA,NA,NA,NA,NA
2021-01,Raceway 2,pH,NA,NA,NA,NA,NA,NA
2021-01,Raceway 2,Alkalinity,NA,NA,NA,NA,NA,NA
2021-01,Raceway 2,Silica,NA,NA,NA,NA,NA,NA
2021-01,Raceway 2,Iron,NA,NA,NA,NA,NA,NA
2021-01,Raceway 2,Ammonia,NA,NA,NA,NA,NA,NA
2021-02,Raceway 2,Turbidity,NA,NA,NA,NA,NA,NA
2021-02,Raceway 2,Phosphate,NA,NA,NA,NA,NA,NA
2021-02,Raceway 2,Nitrate MR,NA,NA,NA,NA,NA,NA
2021-02,Raceway 2,Nitrate HR,NA,NA,NA,NA,NA,NA
2021-02,Raceway 2,pH,NA,NA,NA,NA,NA,NA
2021-02,Raceway 2,Alkalinity,NA,NA,NA,NA,NA,NA
2021-02,Raceway 2,Silica,NA,NA,NA,NA,NA,NA
2021-02,Raceway 2,Iron,NA,NA,NA,NA,NA,NA
2021-02,Raceway 2,Ammonia,NA,NA,NA,NA,NA,NA
2021-03,Raceway 2,Turbidity,2,2,NA,0,2,2
2021-03,Raceway 2,Phosphate,0.14,0.15,0.03,0.02,0.11,0.16
2021-03,Raceway 2,Nitrate MR,1.48,1.5,0.44,0.68,1,1.9
2021-03,Raceway 2,Nitrate HR,1.55,1.5,0.44,0.55,1.1,2.1
2021-03,Raceway 2,pH,NA,NA,NA,NA,NA,NA
2021-03,Raceway 2,Alkalinity,NA,NA,NA,NA,NA,NA
2021-03,Raceway 2,Silica,NA,NA,NA,NA,NA,NA
2021-03,Raceway 2,Iron,0.03,0.02,0.01,0.01,0.02,0.04
2021-03,Raceway 2,Ammonia,NA,NA,NA,NA,NA,NA
2021-04,Raceway 2,Turbidity,1,1,1.41,1,0,2
2021-04,Raceway 2,Phosphate,0.14,0.13,0.03,0.03,0.12,0.17
2021-04,Raceway 2,Nitrate MR,1.74,1.7,0.18,0.1,1.5,2
2021-04,Raceway 2,Nitrate HR,2.14,1.9,0.43,0.6,1.7,2.7
2021-04,Raceway 2,pH,8.2,8.21,0.01,0.01,8.19,8.21
2021-04,Raceway 2,Alkalinity,NA,NA,NA,NA,NA,NA
2021-04,Raceway 2,Silica,NA,NA,NA,NA,NA,NA
2021-04,Raceway 2,Iron,0.02,0.01,0.01,0.01,0,0.03
2021-04,Raceway 2,Ammonia,NA,NA,NA,NA,NA,NA
2021-05,Raceway 2,Turbidity,0.67,0,1.15,1,0,2
2021-05,Raceway 2,Phosphate,0.06,0.05,0.04,0.05,0.02,0.11
2021-05,Raceway 2,Nitrate MR,1.65,1.85,0.44,0.3,1,1.9
2021-05,Raceway 2,Nitrate HR,1.75,2,0.72,0.55,0.7,2.3
2021-05,Raceway 2,pH,8.2,8.2,0.02,0.02,8.18,8.21
2021-05,Raceway 2,Alkalinity,107.33,110,6.43,6,100,112
2021-05,Raceway 2,Silica,NA,NA,NA,NA,NA,NA
2021-05,Raceway 2,Iron,0,0,0,0,0,0.01
2021-05,Raceway 2,Ammonia,NA,NA,NA,NA,NA,NA
2021-06,Raceway 2,Turbidity,0,0,0,0,0,0
2021-06,Raceway 2,Phosphate,0.1,0.08,0.04,0.04,0.07,0.14
2021-06,Raceway 2,Nitrate MR,1.88,1.9,0.3,0.32,1.5,2.2
2021-06,Raceway 2,Nitrate HR,2.58,2.75,0.84,0.57,1.4,3.4
2021-06,Raceway 2,pH,8.08,8.07,0.02,0.02,8.06,8.1
2021-06,Raceway 2,Alkalinity,106.25,103,8.62,4.75,100,119
2021-06,Raceway 2,Silica,NA,NA,NA,NA,NA,NA
2021-06,Raceway 2,Iron,0,0,0,0,0,0.01
2021-06,Raceway 2,Ammonia,NA,NA,NA,NA,NA,NA
2021-07,Raceway 2,Turbidity,0.25,0,0.5,0.25,0,1
2021-07,Raceway 2,Phosphate,0.05,0.07,0.03,0.03,0.02,0.07
2021-07,Raceway 2,Nitrate MR,2.12,2.2,0.16,0.2,1.9,2.3
2021-07,Raceway 2,Nitrate HR,2.5,2.7,0.67,0.7,1.7,3.4
2021-07,Raceway 2,pH,8.02,8.02,0.04,0.03,7.99,8.08
2021-07,Raceway 2,Alkalinity,98.8,99,3.9,3,95,105
2021-07,Raceway 2,Silica,NA,NA,NA,NA,NA,NA
2021-07,Raceway 2,Iron,0.01,0.01,0.01,0.01,0,0.03
2021-07,Raceway 2,Ammonia,NA,NA,NA,NA,NA,NA
2021-08,Raceway 2,Turbidity,0,0,0,0,0,0
2021-08,Raceway 2,Phosphate,0.08,0.08,0.03,0.02,0.05,0.12
2021-08,Raceway 2,Nitrate MR,1.95,1.9,0.19,0.25,1.8,2.2
2021-08,Raceway 2,Nitrate HR,2.48,2.35,0.38,0.42,2.2,3
2021-08,Raceway 2,pH,8.03,8.02,0.02,0.02,8.01,8.06
2021-08,Raceway 2,Alkalinity,99.25,100,8.77,8.25,88,109
2021-08,Raceway 2,Silica,NA,NA,NA,NA,NA,NA
2021-08,Raceway 2,Iron,0.01,0.01,0.01,0.02,0,0.02
2021-08,Raceway 2,Ammonia,NA,NA,NA,NA,NA,NA
2021-09,Raceway 2,Turbidity,0,0,0,0,0,0
2021-09,Raceway 2,Phosphate,0.09,0.07,0.04,0.05,0.05,0.14
2021-09,Raceway 2,Nitrate MR,1.52,1.55,0.25,0.23,1.2,1.8
2021-09,Raceway 2,Nitrate HR,1.68,1.8,0.4,0.38,1.1,2
2021-09,Raceway 2,pH,7.99,7.99,0.03,0.05,7.96,8.02
2021-09,Raceway 2,Alkalinity,101.75,103,5.74,6.25,94,107
2021-09,Raceway 2,Silica,NA,NA,NA,NA,NA,NA
2021-09,Raceway 2,Iron,0.01,0.01,0.01,0.01,0,0.03
2021-09,Raceway 2,Ammonia,NA,NA,NA,NA,NA,NA
2021-10,Raceway 2,Turbidity,0,0,0,0,0,0
2021-10,Raceway 2,Phosphate,0.07,0.07,0.03,0.01,0.03,0.1
2021-10,Raceway 2,Nitrate MR,1.56,1.4,0.36,0.6,1.2,2
2021-10,Raceway 2,Nitrate HR,2.02,2.2,0.41,0.5,1.5,2.5
2021-10,Raceway 2,pH,7.97,7.96,0.04,0.03,7.93,8.02
2021-10,Raceway 2,Alkalinity,89.8,88,4.27,2,86,97
2021-10,Raceway 2,Silica,NA,NA,NA,NA,NA,NA
2021-10,Raceway 2,Iron,0.01,0.01,0,0,0,0.01
2021-10,Raceway 2,Ammonia,NA,NA,NA,NA,NA,NA
2021-11,Raceway 2,Turbidity,0.25,0,0.5,0.25,0,1
2021-11,Raceway 2,Phosphate,0.08,0.08,0.04,0.07,0.03,0.12
2021-11,Raceway 2,Nitrate MR,1.35,1.35,0.21,0.2,1.1,1.6
2021-11,Raceway 2,Nitrate HR,1.9,2,0.28,0.3,1.5,2.1
2021-11,Raceway 2,pH,7.91,7.92,0.02,0.02,7.89,7.93
2021-11,Raceway 2,Alkalinity,92,92,1.83,2.5,90,94
2021-11,Raceway 2,Silica,NA,NA,NA,NA,NA,NA
2021-11,Raceway 2,Iron,0,0,0,0,0,0.01
2021-11,Raceway 2,Ammonia,NA,NA,NA,NA,NA,NA
2021-12,Raceway 2,Turbidity,0.4,0,0.89,0,0,2
2021-12,Raceway 2,Phosphate,0.03,0,0.07,0.01,0,0.15
2021-12,Raceway 2,Nitrate MR,1,1,0.21,0.3,0.8,1.3
2021-12,Raceway 2,Nitrate HR,0.98,0.9,0.47,0.7,0.4,1.5
2021-12,Raceway 2,pH,7.9,7.9,0.03,0.02,7.87,7.95
2021-12,Raceway 2,Alkalinity,85,85,2.55,4,82,88
2021-12,Raceway 2,Silica,0.15,0.1,0.17,0.16,0.02,0.34
2021-12,Raceway 2,Iron,0,0,0.01,0.01,0,0.02
2021-12,Raceway 2,Ammonia,NA,NA,NA,NA,NA,NA
2022-01,Raceway 2,Turbidity,0.33,0,0.58,0.5,0,1
2022-01,Raceway 2,Phosphate,0.07,0.08,0.05,0.04,0.02,0.11
2022-01,Raceway 2,Nitrate MR,0.95,0.9,0.1,0.05,0.9,1.1
2022-01,Raceway 2,Nitrate HR,1.2,1.15,0.39,0.45,0.8,1.7
2022-01,Raceway 2,pH,7.89,7.89,0.01,0.02,7.87,7.9
2022-01,Raceway 2,Alkalinity,82,80,5.42,3,78,90
2022-01,Raceway 2,Silica,0.18,0.18,0.01,0.01,0.16,0.19
2022-01,Raceway 2,Iron,0.01,0.01,0.01,0.01,0,0.02
2022-01,Raceway 2,Ammonia,NA,NA,NA,NA,NA,NA
2022-02,Raceway 2,Turbidity,0.5,0,1,0.5,0,2
2022-02,Raceway 2,Phosphate,0.05,0.05,0.04,0.05,0,0.09
2022-02,Raceway 2,Nitrate MR,0.85,0.85,0.13,0.15,0.7,1
2022-02,Raceway 2,Nitrate HR,1.12,1.15,0.17,0.17,0.9,1.3
2022-02,Raceway 2,pH,7.9,7.9,0.03,0.04,7.88,7.93
2022-02,Raceway 2,Alkalinity,82,81.5,2.16,2,80,85
2022-02,Raceway 2,Silica,0.15,0.15,0.02,0.01,0.13,0.16
2022-02,Raceway 2,Iron,0,0,0,0,0,0.01
2022-02,Raceway 2,Ammonia,NA,NA,NA,NA,NA,NA
2022-03,Raceway 2,Turbidity,0,0,0,0,0,0
2022-03,Raceway 2,Phosphate,0.05,0.04,0.07,0.09,0,0.14
2022-03,Raceway 2,Nitrate MR,0.92,0.95,0.17,0.17,0.7,1.1
2022-03,Raceway 2,Nitrate HR,1.18,1.2,0.56,0.62,0.5,1.8
2022-03,Raceway 2,pH,7.89,7.91,0.05,0.03,7.81,7.92
2022-03,Raceway 2,Alkalinity,78,78.5,3.16,4,74,81
2022-03,Raceway 2,Silica,0.19,0.18,0.15,0.16,0.03,0.37
2022-03,Raceway 2,Iron,0.01,0.01,0,0,0,0.01
2022-03,Raceway 2,Ammonia,NA,NA,NA,NA,NA,NA
2022-04,Raceway 2,Turbidity,0,0,0,0,0,0
2022-04,Raceway 2,Phosphate,0.01,0,0.02,0.03,0,0.04
2022-04,Raceway 2,Nitrate MR,1.2,1.2,0.19,0.1,0.9,1.4
2022-04,Raceway 2,Nitrate HR,1.66,1.9,0.48,0.7,1,2.1
2022-04,Raceway 2,pH,7.88,7.87,0.02,0.04,7.85,7.9
2022-04,Raceway 2,Alkalinity,76.8,77,2.86,4,73,80
2022-04,Raceway 2,Silica,0.14,0.16,0.1,0.14,0,0.23
2022-04,Raceway 2,Iron,0.01,0.01,0.01,0.01,0,0.02
2022-04,Raceway 2,Ammonia,NA,NA,NA,NA,NA,NA
2022-05,Raceway 2,Turbidity,0,0,0,0,0,0
2022-05,Raceway 2,Phosphate,0.04,0.04,0.02,0.02,0.02,0.06
2022-05,Raceway 2,Nitrate MR,1.57,1.45,0.29,0.23,1.4,2
2022-05,Raceway 2,Nitrate HR,1.88,1.8,0.22,0.12,1.7,2.2
2022-05,Raceway 2,pH,7.83,7.84,0.05,0.04,7.76,7.88
2022-05,Raceway 2,Alkalinity,77.5,77.5,5.8,9.5,72,83
2022-05,Raceway 2,Silica,0.17,0.17,0.07,0.1,0.11,0.25
2022-05,Raceway 2,Iron,0.01,0,0.01,0.01,0,0.01
2022-05,Raceway 2,Ammonia,NA,NA,NA,NA,NA,NA
2022-06,Raceway 2,Turbidity,0,0,0,0,0,0
2022-06,Raceway 2,Phosphate,0.03,0.02,0.04,0.04,0,0.07
2022-06,Raceway 2,Nitrate MR,1.81,1.81,0.02,0.01,1.8,1.83
2022-06,Raceway 2,Nitrate HR,1.9,2.03,0.48,0.47,1.37,2.3
2022-06,Raceway 2,pH,7.78,7.78,0.07,0.05,7.73,7.83
2022-06,Raceway 2,Alkalinity,83.67,84,3.51,3.5,80,87
2022-06,Raceway 2,Silica,0.16,0.14,0.06,0.05,0.12,0.23
2022-06,Raceway 2,Iron,0.01,0.01,0,0,0,0.01
2022-06,Raceway 2,Ammonia,NA,NA,NA,NA,NA,NA
2022-07,Raceway 2,Turbidity,0,0,0,0,0,0
2022-07,Raceway 2,Phosphate,0.05,0.05,0.07,0.05,0,0.1
2022-07,Raceway 2,Nitrate MR,NA,NA,NA,NA,NA,NA
2022-07,Raceway 2,Nitrate HR,NA,NA,NA,NA,NA,NA
2022-07,Raceway 2,pH,7.76,7.76,0.03,0.05,7.73,7.8
2022-07,Raceway 2,Alkalinity,90,90,6.32,8,82,98
2022-07,Raceway 2,Silica,0.2,0.15,0.1,0.07,0.13,0.37
2022-07,Raceway 2,Iron,0.01,0.01,0.02,0.02,0,0.04
2022-07,Raceway 2,Ammonia,NA,NA,NA,NA,NA,NA
2022-08,Raceway 2,Turbidity,0.67,0,1.15,1,0,2
2022-08,Raceway 2,Phosphate,0.06,0.06,0.04,0.03,0.02,0.09
2022-08,Raceway 2,Nitrate MR,1.6,1.63,0.12,0.12,1.47,1.7
2022-08,Raceway 2,Nitrate HR,2.08,1.93,0.37,0.35,1.8,2.5
2022-08,Raceway 2,pH,7.82,7.81,0.07,0.06,7.76,7.89
2022-08,Raceway 2,Alkalinity,78.67,81,4.93,4.5,73,82
2022-08,Raceway 2,Silica,0.09,0.13,0.08,0.07,0,0.14
2022-08,Raceway 2,Iron,0,0,0,0,0,0.01
2022-08,Raceway 2,Ammonia,NA,NA,NA,NA,NA,NA
2022-09,Raceway 2,Turbidity,0,0,0,0,0,0
2022-09,Raceway 2,Phosphate,0.06,0.08,0.06,0.08,0,0.13
2022-09,Raceway 2,Nitrate MR,2.08,2.2,0.33,0.4,1.6,2.4
2022-09,Raceway 2,Nitrate HR,2.71,3,0.7,1,1.77,3.4
2022-09,Raceway 2,pH,7.83,7.82,0.05,0.03,7.79,7.92
2022-09,Raceway 2,Alkalinity,87.4,81,22.17,20,70,124
2022-09,Raceway 2,Silica,NA,NA,NA,NA,NA,NA
2022-09,Raceway 2,Iron,0.02,0.02,0.01,0.01,0,0.03
2022-09,Raceway 2,Ammonia,NA,NA,NA,NA,NA,NA
2022-10,Raceway 2,Turbidity,0,0,0,0,0,0
2022-10,Raceway 2,Phosphate,0.05,0.04,0.02,0.03,0.03,0.07
2022-10,Raceway 2,Nitrate MR,1.48,1.55,0.57,0.82,0.8,2
2022-10,Raceway 2,Nitrate HR,2.46,2.8,0.9,1.6,1.4,3.3
2022-10,Raceway 2,pH,7.88,7.89,0.06,0.05,7.82,7.93
2022-10,Raceway 2,Alkalinity,111.8,124,22.73,34,84,135
2022-10,Raceway 2,Silica,NA,NA,NA,NA,NA,NA
2022-10,Raceway 2,Iron,0.01,0.01,0.01,0.01,0.01,0.02
2022-10,Raceway 2,Ammonia,0,0,0,0,0,0
2022-11,Raceway 2,Turbidity,0.29,0,0.76,0,0,2
2022-11,Raceway 2,Phosphate,0.04,0.04,0.02,0.02,0.02,0.07
2022-11,Raceway 2,Nitrate MR,1.18,1.1,0.18,0.2,1,1.5
2022-11,Raceway 2,Nitrate HR,1.46,1.52,0.53,0.27,0.5,2.1
2022-11,Raceway 2,pH,7.84,7.84,0.02,0.02,7.82,7.86
2022-11,Raceway 2,Alkalinity,74.71,76,4.39,2.5,66,80
2022-11,Raceway 2,Silica,0,0,NA,0,0,0
2022-11,Raceway 2,Iron,0.01,0.01,0.01,0.01,0,0.02
2022-11,Raceway 2,Ammonia,0.01,0.01,0.02,0.03,0,0.03
2022-12,Raceway 2,Turbidity,0,0,0,0,0,0
2022-12,Raceway 2,Phosphate,0.04,0.03,0.04,0.06,0,0.09
2022-12,Raceway 2,Nitrate MR,1.15,1.3,0.19,0.33,0.9,1.3
2022-12,Raceway 2,Nitrate HR,1.63,1.55,0.39,0.55,1.2,2.2
2022-12,Raceway 2,pH,7.86,7.85,0.04,0.04,7.83,7.92
2022-12,Raceway 2,Alkalinity,110,114,12.11,2,83,119
2022-12,Raceway 2,Silica,0.91,0.83,0.21,0.19,0.75,1.14
2022-12,Raceway 2,Iron,0.01,0.01,0.01,0,0,0.02
2022-12,Raceway 2,Ammonia,0,0,0,0,0,0
2023-01,Raceway 2,Turbidity,0,0,0,0,0,0
2023-01,Raceway 2,Phosphate,0.03,0.03,0.02,0.02,0,0.06
2023-01,Raceway 2,Nitrate MR,1.16,1.2,0.17,0.23,0.9,1.33
2023-01,Raceway 2,Nitrate HR,1.63,1.45,0.39,0.37,1.3,2.33
2023-01,Raceway 2,pH,7.84,7.86,0.06,0.05,7.75,7.87
2023-01,Raceway 2,Alkalinity,86.33,85,13.69,18.25,73,108
2023-01,Raceway 2,Silica,0.57,0.56,0.13,0.09,0.43,0.75
2023-01,Raceway 2,Iron,0,0,0.01,0.01,0,0.01
2023-01,Raceway 2,Ammonia,0.01,0.01,0.01,0.01,0,0.02
2023-02,Raceway 2,Turbidity,0.71,0,1.25,1,0,3
2023-02,Raceway 2,Phosphate,0.02,0.01,0.02,0.04,0,0.05
2023-02,Raceway 2,Nitrate MR,1.15,1.17,0.26,0.32,0.76,1.46
2023-02,Raceway 2,Nitrate HR,1.47,1.5,0.38,0.11,0.76,2.06
2023-02,Raceway 2,pH,7.92,7.92,0.02,0.02,7.89,7.94
2023-02,Raceway 2,Alkalinity,112.88,110,9.06,14,103,128
2023-02,Raceway 2,Silica,0.34,0.35,0.14,0.23,0.21,0.47
2023-02,Raceway 2,Iron,0.02,0.01,0.01,0.01,0.01,0.04
2023-02,Raceway 2,Ammonia,0,0,0.01,0,0,0.01
2023-03,Raceway 2,Turbidity,0,0,0,0,0,0
2023-03,Raceway 2,Phosphate,0.03,0.01,0.05,0.04,0,0.14
2023-03,Raceway 2,Nitrate MR,1.32,1.33,0.3,0.43,0.9,1.73
2023-03,Raceway 2,Nitrate HR,1.64,1.7,0.66,0.63,0.63,2.56
2023-03,Raceway 2,pH,7.9,7.9,0.02,0.02,7.88,7.91
2023-03,Raceway 2,Alkalinity,131.91,136,13,21.8,111,144.4
2023-03,Raceway 2,Silica,0.2,0.2,0.02,0.01,0.19,0.24
2023-03,Raceway 2,Iron,0.01,0.01,0.01,0.01,0,0.02
2023-03,Raceway 2,Ammonia,0,0,0,0,0,0
2023-04,Raceway 2,Turbidity,0,0,0,0,0,0
2023-04,Raceway 2,Phosphate,0.02,0.01,0.02,0.02,0,0.05
2023-04,Raceway 2,Nitrate MR,1.78,1.8,0.32,0.46,1.33,2.23
2023-04,Raceway 2,Nitrate HR,2.3,2.2,0.56,0.72,1.53,3.13
2023-04,Raceway 2,pH,7.92,7.93,0.04,0.04,7.88,7.97
2023-04,Raceway 2,Alkalinity,142.8,146.4,12.22,16.6,124,158.4
2023-04,Raceway 2,Silica,0.22,0.22,0.04,0.03,0.16,0.26
2023-04,Raceway 2,Iron,0.02,0.01,0.01,0.01,0,0.03
2023-04,Raceway 2,Ammonia,0.01,0.01,0.01,0,0,0.01
2023-05,Raceway 2,Turbidity,0,0,0,0,0,0
2023-05,Raceway 2,Phosphate,0.04,0.03,0.04,0.03,0,0.12
2023-05,Raceway 2,Nitrate MR,1.73,1.75,0.28,0.42,1.3,2.1
2023-05,Raceway 2,Nitrate HR,2.3,2.15,0.39,0.52,1.9,2.9
2023-05,Raceway 2,pH,8.04,8.04,0.05,0.06,7.99,8.09
2023-05,Raceway 2,Alkalinity,111.67,113,9.97,15,95,127
2023-05,Raceway 2,Silica,0.25,0.23,0.07,0.08,0.18,0.35
2023-05,Raceway 2,Iron,0.01,0,0.01,0.01,0,0.02
2023-05,Raceway 2,Ammonia,0,0,0.01,0.01,0,0.01
2023-06,Raceway 2,Turbidity,0,0,0,0,0,0
2023-06,Raceway 2,Phosphate,0.03,0.02,0.02,0.03,0,0.07
2023-06,Raceway 2,Nitrate MR,1.8,1.8,0.3,0.4,1.4,2.2
2023-06,Raceway 2,Nitrate HR,2.65,2.7,0.38,0.3,1.9,3.1
2023-06,Raceway 2,pH,7.82,7.81,0.01,0.02,7.8,7.83
2023-06,Raceway 2,Alkalinity,98.35,96,9.33,14,88.8,114
2023-06,Raceway 2,Silica,0.27,0.27,0.09,0.09,0.19,0.41
2023-06,Raceway 2,Iron,0.01,0.01,0,0,0.01,0.01
2023-06,Raceway 2,Ammonia,0,0,NA,0,0,0
2023-07,Raceway 2,Turbidity,0.25,0,0.71,0,0,2
2023-07,Raceway 2,Phosphate,0.03,0.03,0.02,0.03,0,0.06
2023-07,Raceway 2,Nitrate MR,1.82,1.85,0.5,0.3,0.7,2.4
2023-07,Raceway 2,Nitrate HR,2.79,2.8,0.32,0.4,2.4,3.3
2023-07,Raceway 2,pH,7.89,7.9,0.14,0.17,7.72,8.03
2023-07,Raceway 2,Alkalinity,116.75,117.5,5.01,5.5,108,123
2023-07,Raceway 2,Silica,0.17,0.16,0.07,0.12,0.11,0.24
2023-07,Raceway 2,Iron,0.01,0.01,0,0,0,0.01
2023-07,Raceway 2,Ammonia,0.01,0.01,0.01,0.01,0,0.02
2023-08,Raceway 2,Turbidity,0,0,0,0,0,0
2023-08,Raceway 2,Phosphate,0.03,0.02,0.03,0.03,0,0.07
2023-08,Raceway 2,Nitrate MR,1.93,2,0.38,0.5,1.33,2.4
2023-08,Raceway 2,Nitrate HR,2.65,2.2,0.75,1.2,2,3.6
2023-08,Raceway 2,pH,7.9,7.94,0.14,0.08,7.7,8.01
2023-08,Raceway 2,Alkalinity,115.37,117,9.94,12.3,99,127
2023-08,Raceway 2,Silica,0.25,0.22,0.07,0.04,0.21,0.35
2023-08,Raceway 2,Iron,0.01,0.01,0.01,0.01,0,0.01
2023-08,Raceway 2,Ammonia,0,0,0,0,0,0
2023-09,Raceway 2,Turbidity,0,0,0,0,0,0
2023-09,Raceway 2,Phosphate,0.04,0.06,0.04,0.06,0,0.09
2023-09,Raceway 2,Nitrate MR,1.72,1.76,0.18,0.3,1.46,1.93
2023-09,Raceway 2,Nitrate HR,1.97,2.11,0.74,1.01,0.8,2.9
2023-09,Raceway 2,pH,7.99,7.99,0.05,0.08,7.94,8.04
2023-09,Raceway 2,Alkalinity,104.89,107,7.75,12,95,116
2023-09,Raceway 2,Silica,0.29,0.26,0.18,0.07,0.13,0.59
2023-09,Raceway 2,Iron,0.03,0.02,0.01,0.01,0.01,0.04
2023-09,Raceway 2,Ammonia,0,0,0,0,0,0.01
2023-10,Raceway 2,Turbidity,0,0,0,0,0,0
2023-10,Raceway 2,Phosphate,0.02,0.01,0.03,0.03,0,0.06
2023-10,Raceway 2,Nitrate MR,1.63,1.53,0.23,0.26,1.4,2.06
2023-10,Raceway 2,Nitrate HR,2.16,2.1,0.39,0.51,1.73,2.8
2023-10,Raceway 2,pH,7.92,7.9,0.04,0.04,7.89,7.97
2023-10,Raceway 2,Alkalinity,112.19,114,10.94,9.38,94,130
2023-10,Raceway 2,Silica,0.31,0.22,0.22,0.15,0.17,0.63
2023-10,Raceway 2,Iron,0.04,0.04,0,0,0.03,0.04
2023-10,Raceway 2,Ammonia,0.01,0.01,0.01,0.01,0,0.03
2023-11,Raceway 2,Turbidity,0,0,0,0,0,0
2023-11,Raceway 2,Phosphate,0.04,0.04,0.02,0.01,0.03,0.06
2023-11,Raceway 2,Nitrate MR,1.36,1.36,0.19,0.14,1.23,1.5
2023-11,Raceway 2,Nitrate HR,1.65,1.65,0.64,0.45,1.2,2.1
2023-11,Raceway 2,pH,7.95,7.95,NA,0,7.95,7.95
2023-11,Raceway 2,Alkalinity,98.5,98.5,6.36,4.5,94,103
2023-11,Raceway 2,Silica,0.14,0.14,NA,0,0.14,0.14
2023-11,Raceway 2,Iron,NA,NA,NA,NA,NA,NA
2023-11,Raceway 2,Ammonia,0,0,NA,0,0,0
