KorEXO MEASUREMENT DATA FILE EXPORT,,,,,,,,,,,,,,,,,,,,
,,,,,,,,,,,,,,,,,,,,
FILE CREATED:,1/2/2022 18:33,,,,,,,,,,,,,,,,,,,
,,,,,,,,,,,,,,,,,,,,
,,,MEAN VALUE:,-2.07,50914.1,50830.7,89.9,102.9,6.14,237.4,33.35,50838.5,-12.48,33045,1.173,NA,-87.7,25.078,3.2,11.6
,,,STANDARD DEVIATION:,0.06,11.4,7.2,1.5,1.7,0.1,6.1,0.01,6.9,0.18,5,0.005,0.01,0.4,0.011,0,0
,,,,,,,,,,,,,,,,,,,,
,,,SENSOR SERIAL NUMBER:,20J103744,20B121032,20B121032,20C000323,20C000323,20C000323,20C202371,20B121032,20B121032,20J103744,20B121032,20B120857,20C202371,20C202371,20B121032,20C202414,20C202414
Date (MM/DD/YYYY),Time (HH:mm:ss),Time (Fract. Sec),Site Name,Chlorophyll RFU,Cond µS/cm,nLF Cond µS/cm,ODO % sat,ODO % local,ODO mg/L,ORP mV,Sal psu,SpCond µS/cm,TAL PE RFU,TDS mg/L,Wiper Position volt,pH,pH mV,Temp °C,Battery V,Cable Pwr V
12/24/2021,13:00:00,0,B2,-1.99,50914.9,50826.7,89.5,102.4,6.11,262,33.35,50834.9,-12.3,33043,1.173,8.1,-87.4,25.082,3.2,11.6
12/24/2021,13:15:00,0,B2,-1.99,50909.6,50821.7,89.6,102.5,6.12,249,33.35,50829.9,-12.26,33039,1.166,8.11,-88,25.082,3.2,11.6
12/24/2021,13:30:00,0,B2,-1.97,50913.9,50820.4,89.7,102.6,6.12,249.2,33.35,50829.1,-12.35,33039,1.167,8.11,-88.1,25.087,3.2,11.6
12/24/2021,13:45:00,0,B2,-1.95,50913.4,50820.8,89.8,102.8,6.13,246.6,33.35,50829.5,-12.27,33039,1.167,8.11,-88,25.086,3.2,11.6
12/24/2021,14:00:00,0,B2,-1.94,50913.2,50821.3,89.8,102.8,6.13,224,33.35,50829.9,-12.23,33039,1.166,8.11,-88.1,25.086,3.2,11.6
12/24/2021,14:15:00,0,B2,-1.96,50911,50822.2,90,103,6.14,231.9,33.35,50830.5,-12.27,33040,1.172,8.11,-88.2,25.083,3.2,11.6
12/24/2021,14:30:00,0,B2,-2.06,50910.4,50820.7,90,103,6.14,238.9,33.35,50829.1,-12.37,33039,1.182,8.11,-88.3,25.084,3.2,11.6
12/24/2021,14:45:00,0,B2,-2,50901.4,50821.5,90.1,103.1,6.15,244.7,33.35,50829,-12.37,33039,1.168,8.11,-88,25.075,3.2,11.6
12/24/2021,15:00:00,0,B2,-1.99,50902.4,50821.5,90,103,6.15,242.7,33.35,50829.1,-12.3,33039,1.165,8.11,-88.3,25.075,3.2,11.6
12/24/2021,15:15:00,0,B2,-2.03,50900.1,50823.1,90,103,6.15,245.7,33.35,50830.3,-12.35,33040,1.173,8.11,-88.1,25.072,3.2,11.6
12/24/2021,15:30:00,0,B2,-2.01,50904.9,50820.3,90,103,6.15,247.1,33.34,50828.3,-12.25,33038,1.171,8.11,-88.2,25.079,3.2,11.6
12/24/2021,15:45:00,0,B2,-1.98,50899,50822.9,89.9,102.9,6.14,244.3,33.35,50830,-12.26,33039,1.17,8.11,-88.1,25.071,3.2,11.6
12/24/2021,16:00:00,0,B2,-2.03,50898.3,50822.8,90,103,6.15,227.4,33.35,50829.9,-12.41,33039,1.171,8.11,-88.2,25.07,3.2,11.6
12/24/2021,16:15:00,0,B2,-2.03,50910.1,50817.5,90.1,103.1,6.15,225.4,33.34,50826.1,-12.52,33037,1.168,8.11,-88.3,25.086,3.2,11.6
12/24/2021,16:30:00,0,B2,-2.04,50906,50822.1,90,103,6.15,238.4,33.35,50830,-12.3,33039,1.171,8.11,-88.2,25.078,3.2,11.6
12/24/2021,16:45:00,0,B2,-2.05,50902,50822.7,90,103,6.15,243.7,33.35,50830.1,-12.47,33040,1.171,8.11,-88.2,25.074,3.2,11.6
12/24/2021,17:00:00,0,B2,-2.06,50910.5,50824.4,90,103,6.15,247.3,33.35,50832.5,-12.48,33041,1.169,8.11,-88.2,25.08,3.2,11.6
12/24/2021,17:15:00,0,B2,-2.05,50903.3,50819.2,90,103,6.14,241.4,33.34,50827,-12.4,33038,1.171,8.11,-88.1,25.079,3.2,11.6
12/24/2021,17:30:00,0,B2,-2.06,50907.1,50824,89.9,102.8,6.14,234.4,33.35,50831.8,-12.48,33041,1.17,8.11,-88.1,25.078,3.2,11.6
12/24/2021,17:45:00,0,B2,-2.05,50898,50824,89.8,102.8,6.13,240,33.35,50830.9,-12.47,33040,1.17,8.11,-88.1,25.069,3.2,11.6
12/24/2021,18:00:00,0,B2,-2.09,50903.1,50822.8,89.9,102.8,6.14,243.3,33.35,50830.3,-12.66,33040,1.171,8.11,-88.3,25.075,3.2,11.6
12/24/2021,18:15:00,0,B2,-2.09,50898.9,50821.4,89.7,102.6,6.12,244.7,33.35,50828.7,-12.64,33039,1.171,8.11,-88.2,25.072,3.2,11.6
12/24/2021,18:30:00,0,B2,-2.08,50897.5,50822.3,89.6,102.5,6.12,238.5,33.35,50829.4,-12.53,33039,1.17,8.11,-88,25.07,3.2,11.6
12/24/2021,18:45:00,0,B2,-2.07,50901.8,50824.6,89.7,102.6,6.12,242,33.35,50831.8,-12.52,33041,1.171,8.11,-88.2,25.072,3.2,11.6
12/24/2021,19:00:00,0,B2,-2.11,50901.9,50821.2,89.7,102.6,6.12,234.8,33.35,50828.8,-12.65,33039,1.175,8.11,-88.1,25.075,3.2,11.6
12/24/2021,19:15:00,0,B2,-2.13,50898.8,50822.5,89.7,102.6,6.12,234.5,33.35,50829.6,-12.63,33039,1.174,8.11,-88.2,25.071,3.2,11.6
12/24/2021,19:30:00,0,B2,-2.12,50895.6,50821.7,89.5,102.4,6.11,238.5,33.35,50828.6,-12.52,33039,1.176,8.11,-88.1,25.069,3.2,11.6
12/24/2021,19:45:00,0,B2,-2.14,50908.1,50823.3,89.5,102.5,6.11,241.4,33.35,50831.3,-12.65,33040,1.18,8.11,-88,25.079,3.2,11.6
12/24/2021,20:00:00,0,B2,-2.13,50904.4,50823.4,89.3,102.2,6.1,242.1,33.35,50831,-12.65,33040,1.176,8.11,-88.1,25.076,3.2,11.6
12/24/2021,20:15:00,0,B2,-2.15,50905.2,50821.7,89.4,102.3,6.1,244.3,33.35,50829.6,-12.68,33039,1.176,8.11,-87.9,25.078,3.2,11.6
12/24/2021,20:30:00,0,B2,-2.12,50902.3,50823.5,89.3,102.1,6.09,240.1,33.35,50830.9,-12.66,33040,1.171,8.11,-88,25.074,3.2,11.6
12/24/2021,20:45:00,0,B2,-2.14,50895.8,50825.1,89,101.9,6.08,236.1,33.35,50831.7,-12.63,33041,1.175,8.11,-87.9,25.066,3.2,11.6
12/24/2021,21:00:00,0,B2,-2.15,50903.6,50822.4,89.2,102.1,6.09,242.7,33.35,50830,-12.57,33040,1.179,8.11,-87.9,25.076,3.2,11.6
12/24/2021,21:15:00,0,B2,-2.14,50911.4,50825.9,89.1,102,6.08,243.7,33.35,50833.9,-12.67,33042,1.172,8.11,-88,25.08,3.2,11.6
12/24/2021,21:30:00,0,B2,-2.15,50911.4,50821.5,89.2,102.1,6.09,241.1,33.35,50829.9,-12.66,33039,1.175,8.1,-87.7,25.084,3.2,11.6
12/24/2021,21:45:00,0,B2,-2.11,50916.9,50823.3,89.2,102.1,6.09,235.7,33.35,50832.1,-12.58,33041,1.173,8.11,-88,25.087,3.2,11.6
12/24/2021,22:00:00,0,B2,-2.09,50908.7,50825.9,88.9,101.7,6.07,236.2,33.35,50833.6,-12.63,33042,1.168,8.1,-87.8,25.077,3.2,11.6
12/24/2021,22:15:00,0,B2,-2.17,50918.1,50822.6,89.1,102,6.08,232.7,33.35,50831.5,-12.68,33040,1.173,8.1,-87.9,25.089,3.2,11.6
12/24/2021,22:30:00,0,B2,-2.15,50922.8,50826.2,89,101.9,6.08,238.9,33.35,50835.2,-12.68,33043,1.175,8.11,-87.9,25.09,3.2,11.6
12/24/2021,22:45:00,0,B2,-2.2,50922.7,50826.5,89,101.9,6.08,234.4,33.35,50835.5,-12.69,33043,1.184,8.1,-87.6,25.09,3.2,11.6
12/24/2021,23:00:00,0,B2,-2.16,50916.2,50822.6,88.8,101.6,6.06,230.9,33.35,50831.3,-12.71,33040,1.173,8.1,-87.8,25.087,3.2,11.6
12/24/2021,23:15:00,0,B2,-2.12,50922.2,50826.4,88.8,101.7,6.06,226.3,33.35,50835.4,-12.69,33043,1.171,8.1,-87.8,25.089,3.2,11.6
12/24/2021,23:30:00,0,B2,-2.07,50928.8,50827.5,89,101.8,6.07,235.1,33.35,50837,-12.58,33044,1.166,8.1,-87.7,25.094,3.2,11.6
12/24/2021,23:45:00,0,B2,-2.17,50912.5,50824.6,88.8,101.6,6.06,232.4,33.35,50832.8,-12.72,33041,1.173,8.1,-87.8,25.082,3.2,11.6
12/25/2021,0:00:00,0,B2,-2.14,50894.4,50823.9,88.5,101.2,6.04,232.7,33.35,50830.5,-12.64,33040,1.175,8.1,-87.7,25.066,3.2,11.6
12/25/2021,0:15:00,0,B2,-2.08,50916.1,50827.1,88.7,101.5,6.06,226.7,33.35,50835.4,-12.66,33043,1.165,8.1,-87.6,25.083,3.2,11.6
12/25/2021,0:30:00,0,B2,-2.11,50922,50823.3,88.8,101.6,6.06,231.8,33.35,50832.5,-12.58,33041,1.166,8.1,-87.7,25.092,3.2,11.6
12/25/2021,0:45:00,0,B2,-2.13,50926,50830.1,88.8,101.6,6.06,235,33.35,50839.1,-12.67,33045,1.174,8.1,-87.7,25.09,3.2,11.6
12/25/2021,1:00:00,0,B2,-2.12,50926.9,50826.6,88.8,101.7,6.06,236,33.35,50836,-12.62,33043,1.165,8.1,-87.6,25.094,3.2,11.6
12/25/2021,1:15:00,0,B2,-2.08,50921.9,50826.5,88.8,101.6,6.06,234.5,33.35,50835.5,-12.59,33043,1.169,8.1,-87.5,25.089,3.2,11.6
12/25/2021,1:30:00,0,B2,-2.12,50930.3,50827.1,88.7,101.5,6.06,235.2,33.35,50836.8,-12.73,33044,1.165,8.1,-87.6,25.096,3.2,11.6
12/25/2021,1:45:00,0,B2,-2.18,50935,50829,88.7,101.5,6.05,238.2,33.35,50838.9,-12.62,33045,1.184,8.1,-87.6,25.099,3.2,11.6
12/25/2021,2:00:00,0,B2,-2.13,50935.1,50831.8,88.7,101.5,6.06,237.1,33.35,50841.5,-12.61,33047,1.173,8.1,-87.6,25.096,3.2,11.6
12/25/2021,2:15:00,0,B2,-2.12,50930.8,50831,88.7,101.5,6.05,237.9,33.35,50840.3,-12.65,33046,1.166,8.1,-87.5,25.093,3.2,11.6
12/25/2021,2:30:00,0,B2,-2.14,50926,50829.8,88.7,101.5,6.06,231.5,33.35,50838.8,-12.7,33045,1.171,8.1,-87.5,25.09,3.2,11.6
12/25/2021,2:45:00,0,B2,-2.11,50915.7,50829.6,88.6,101.3,6.05,236.3,33.35,50837.6,-12.53,33044,1.172,8.1,-87.5,25.08,3.2,11.6
12/25/2021,3:00:00,0,B2,-2.13,50924.3,50829.4,88.6,101.3,6.04,233.2,33.35,50838.3,-12.72,33045,1.173,8.1,-87.4,25.089,3.2,11.6
12/25/2021,3:15:00,0,B2,-2.15,50917.8,50829.1,88.6,101.4,6.05,235.5,33.35,50837.4,-12.6,33044,1.174,8.1,-87.5,25.083,3.2,11.6
12/25/2021,3:30:00,0,B2,-2.18,50922.9,50831.2,88.6,101.4,6.05,232.7,33.35,50839.7,-12.68,33046,1.18,8.1,-87.4,25.086,3.2,11.6
12/25/2021,3:45:00,0,B2,-2.19,50917.5,50831.1,88.6,101.4,6.05,228.2,33.35,50839.2,-12.66,33045,1.183,8.1,-87.4,25.081,3.2,11.6
12/25/2021,4:00:00,0,B2,-2.16,50923.2,50831.3,88.7,101.5,6.06,227,33.35,50839.9,-12.73,33046,1.178,8.1,-87.4,25.086,3.2,11.6
12/25/2021,4:15:00,0,B2,-2.14,50918.3,50831.1,88.5,101.3,6.04,233.3,33.35,50839.2,-12.7,33046,1.172,8.1,-87.4,25.081,3.2,11.6
12/25/2021,4:30:00,0,B2,-2.11,50931.4,50834.8,88.6,101.4,6.05,238.6,33.36,50843.8,-12.69,33048,1.169,8.09,-87.3,25.09,3.2,11.6
12/25/2021,4:45:00,0,B2,-2.1,50931.6,50834.5,88.5,101.3,6.04,218.5,33.36,50843.6,-12.72,33048,1.167,8.09,-87.2,25.091,3.2,11.6
12/25/2021,5:00:00,0,B2,-2.11,50918.1,50832.4,88.5,101.3,6.04,228.7,33.35,50840.4,-12.67,33046,1.169,8.1,-87.3,25.08,3.2,11.6
12/25/2021,5:15:00,0,B2,-2.09,50919.3,50832.8,88.4,101.1,6.03,226.8,33.35,50840.9,-12.65,33047,1.167,8.09,-87.2,25.081,3.2,11.6
12/25/2021,5:30:00,0,B2,-2.11,50912.5,50828.8,88.3,101.1,6.03,229,33.35,50836.6,-12.61,33044,1.167,8.09,-87.2,25.078,3.2,11.6
12/25/2021,5:45:00,0,B2,-2.14,50909.1,50832.9,88.3,101,6.03,233.4,33.35,50840,-12.58,33046,1.171,8.09,-87.1,25.071,3.2,11.6
12/25/2021,6:00:00,0,B2,-2.12,50916,50835.1,88.3,101,6.03,238.5,33.36,50842.7,-12.61,33048,1.174,8.09,-87.2,25.076,3.2,11.6
12/25/2021,6:15:00,0,B2,-2.15,50930.1,50835.5,88.3,101,6.03,231.5,33.36,50844.4,-12.7,33049,1.175,8.08,-86.6,25.088,3.2,11.6
12/25/2021,6:30:00,0,B2,-2.15,50919.3,50827.8,88.4,101.2,6.04,225.9,33.35,50836.4,-12.64,33044,1.18,8.09,-87.1,25.085,3.2,11.6
12/25/2021,6:45:00,0,B2,-2.08,50925.2,50833.4,88.5,101.2,6.04,234.4,33.35,50842,-12.51,33047,1.173,8.09,-87.1,25.086,3.2,11.6
12/25/2021,7:00:00,0,B2,-2.02,50937.5,50837.1,88.4,101.2,6.03,238.9,33.36,50846.5,-12.41,33050,1.165,8.09,-87.1,25.094,3.2,11.6
12/25/2021,7:15:00,0,B2,-2.12,50931.7,50836.9,88.3,101.1,6.03,238.2,33.36,50845.8,-12.48,33050,1.175,8.09,-87.1,25.088,3.2,11.6
12/25/2021,7:30:00,0,B2,-2.03,50926.7,50836.5,88.5,101.2,6.04,237.7,33.36,50845,-12.41,33049,1.172,8.09,-87,25.084,3.2,11.6
12/25/2021,7:45:00,0,B2,-1.98,50924.7,50835.1,88.4,101.2,6.04,235.5,33.36,50843.5,-12.17,33048,1.165,8.09,-87,25.084,3.2,11.6
12/25/2021,8:00:00,0,B2,-2.1,50925.5,50834.3,88.4,101.1,6.03,237.9,33.36,50842.8,-12.31,33048,1.175,8.09,-86.9,25.085,3.2,11.6
12/25/2021,8:15:00,0,B2,-2.02,50921,50832.1,88.4,101.1,6.03,237.2,33.35,50840.4,-12.22,33046,1.178,8.09,-86.8,25.083,3.2,11.6
12/25/2021,8:30:00,0,B2,-1.98,50933.7,50838.7,88.5,101.3,6.04,236.3,33.36,50847.6,-12.2,33051,1.173,8.09,-87,25.089,3.2,11.6
12/25/2021,8:45:00,0,B2,-1.99,50935.1,50838.2,88.6,101.4,6.05,237.5,33.36,50847.2,-12.2,33051,1.166,8.09,-87,25.09,3.2,11.6
12/25/2021,9:00:00,0,B2,-1.99,50925.6,50836.5,88.7,101.5,6.05,238.4,33.36,50844.8,-12.09,33049,1.177,8.08,-86.7,25.083,3.2,11.6
12/25/2021,9:15:00,0,B2,-2,50921.7,50838.9,88.8,101.6,6.06,235.9,33.36,50846.7,-12.15,33050,1.181,8.09,-86.9,25.077,3.2,11.6
12/25/2021,9:30:00,0,B2,-2.01,50926.1,50840.3,89,101.8,6.07,240.3,33.36,50848.3,-12.08,33051,1.182,8.09,-86.9,25.08,3.2,11.6
12/25/2021,9:45:00,0,B2,-2,50922,50836.9,89.2,102,6.09,237.1,33.36,50844.9,-12.15,33049,1.166,8.09,-87,25.079,3.2,11.6
12/25/2021,10:00:00,0,B2,-1.98,50926.5,50839.7,89.5,102.4,6.11,232.3,33.36,50847.8,-12.23,33051,1.176,8.09,-87,25.081,3.2,11.6
12/25/2021,10:15:00,0,B2,-1.96,50921.7,50839.2,89.7,102.6,6.12,233.1,33.36,50846.9,-12.02,33051,1.173,8.09,-87,25.077,3.2,11.6
12/25/2021,10:30:00,0,B2,-2.05,50918.3,50840.2,90.4,103.5,6.17,238.2,33.36,50847.5,-12.12,33051,1.176,8.09,-87.2,25.073,3.2,11.6
12/25/2021,10:45:00,0,B2,-2.02,50925.3,50838,90.6,103.7,6.19,228.7,33.36,50846.2,-12.17,33050,1.182,8.09,-87.2,25.081,3.2,11.6
12/25/2021,11:00:00,0,B2,-1.97,50925.4,50839.2,91.5,104.7,6.24,232.7,33.36,50847.3,-12.22,33051,1.166,8.1,-87.3,25.08,3.2,11.6
12/25/2021,11:15:00,0,B2,-1.96,50924.7,50839.7,91,104.2,6.22,240.6,33.36,50847.6,-12.23,33051,1.165,8.1,-87.3,25.079,3.2,11.6
12/25/2021,11:30:00,0,B2,-2.02,50923,50839,91.4,104.6,6.24,238.8,33.36,50846.8,-12.29,33050,1.177,8.1,-87.4,25.078,3.2,11.6
12/25/2021,11:45:00,0,B2,-2.02,50921.2,50839.9,91.6,104.8,6.26,240,33.36,50847.5,-12.28,33051,1.173,8.1,-87.5,25.076,3.2,11.6
12/25/2021,12:00:00,0,B2,-1.99,50920.1,50839,91.9,105.1,6.27,243.9,33.36,50846.6,-12.27,33050,1.165,8.1,-87.5,25.076,3.2,11.6
12/25/2021,12:15:00,0,B2,-2.05,50920.4,50838.4,92,105.2,6.28,240.8,33.36,50846.1,-12.21,33050,1.182,8.1,-87.3,25.076,3.2,11.6
12/25/2021,12:30:00,0,B2,-2.04,50920.2,50838.8,92.2,105.5,6.3,239.2,33.36,50846.4,-12.32,33050,1.184,8.1,-87.6,25.076,3.2,11.6
12/25/2021,12:45:00,0,B2,-2.08,50918.7,50839.3,92.2,105.5,6.3,242.8,33.36,50846.7,-12.36,33050,1.172,8.1,-87.6,25.074,3.2,11.6
12/25/2021,13:00:00,0,B2,-2.05,50917.7,50837.6,92.5,105.8,6.31,245.2,33.36,50845.1,-12.32,33049,1.17,8.1,-87.5,25.075,3.2,11.6
12/25/2021,13:15:00,0,B2,-2.06,50917.1,50840.9,92.6,105.9,6.32,240.5,33.36,50848,-12.46,33051,1.18,8.1,-87.7,25.071,3.2,11.6
12/25/2021,13:30:00,0,B2,-2.07,50914.9,50837.9,92.6,106,6.33,244.8,33.36,50845.1,-12.37,33049,1.178,8.1,-87.8,25.072,3.2,11.6
12/25/2021,13:45:00,0,B2,-2.04,50914,50837.8,92.7,106.1,6.33,243.5,33.36,50844.9,-12.4,33049,1.174,8.11,-87.9,25.071,3.2,11.6
12/25/2021,14:00:00,0,B2,-2.03,50911.7,50838,92.7,106.1,6.33,238.1,33.36,50844.9,-12.42,33049,1.17,8.11,-87.9,25.069,3.2,11.6
12/25/2021,14:15:00,0,B2,-2.02,50909.1,50839.3,92.7,106.1,6.33,235.3,33.36,50845.9,-12.42,33050,1.168,8.1,-87.7,25.065,3.2,11.6
12/25/2021,14:30:00,0,B2,-2.07,50904,50836.9,92.8,106.1,6.33,232.7,33.36,50843.2,-12.42,33048,1.178,8.11,-88,25.063,3.2,11.6
12/25/2021,14:45:00,0,B2,-2.1,50901.6,50839.4,92.7,106.1,6.33,240.8,33.36,50845.2,-12.46,33049,1.178,8.11,-88,25.058,3.2,11.6
12/25/2021,15:00:00,0,B2,-2.07,50899.7,50837.6,92.7,106.1,6.33,241,33.36,50843.4,-12.43,33048,1.176,8.1,-87.8,25.058,3.2,11.6
12/25/2021,15:15:00,0,B2,-2.03,50895.3,50839.9,92.7,106,6.33,239.1,33.36,50845,-12.36,33049,1.176,8.11,-88,25.052,3.2,11.6
12/25/2021,15:30:00,0,B2,-2.08,50889.6,50839.2,92.6,106,6.33,234.6,33.36,50843.9,-12.42,33049,1.177,8.11,-88,25.047,3.2,11.6
12/25/2021,15:45:00,0,B2,-2.05,50889,50837.9,92.5,105.9,6.32,234.2,33.36,50842.7,-12.43,33048,1.169,8.11,-88,25.048,3.2,11.6
12/25/2021,16:00:00,0,B2,-2.14,50894,50839.9,92.5,105.8,6.32,236.9,33.36,50845,-12.56,33049,1.176,8.11,-88.1,25.05,3.2,11.6
12/25/2021,16:15:00,0,B2,-2.07,50896.8,50841,92.4,105.7,6.31,242.8,33.36,50846.2,-12.5,33050,1.173,8.11,-88,25.052,3.2,11.6
12/25/2021,16:30:00,0,B2,-2.04,50895.5,50839.7,92.3,105.6,6.3,244.7,33.36,50845,-12.37,33049,1.166,8.11,-88.1,25.052,3.2,11.6
12/25/2021,16:45:00,0,B2,-2.11,50905,50842.1,92.1,105.4,6.29,241,33.36,50847.9,-12.59,33051,1.175,8.11,-88.1,25.059,3.2,11.6
12/25/2021,17:00:00,0,B2,-2.08,50907.8,50843.2,92,105.3,6.28,236.9,33.36,50849.2,-12.61,33052,1.17,8.11,-88,25.06,3.2,11.6
12/25/2021,17:15:00,0,B2,-2.04,50905.3,50838.9,91.9,105.2,6.28,240.8,33.36,50845.1,-12.47,33049,1.168,8.1,-87.8,25.062,3.2,11.6
12/25/2021,17:30:00,0,B2,-2.05,50904.1,50838,91.8,105,6.27,238.8,33.36,50844.2,-12.56,33049,1.165,8.11,-88,25.062,3.2,11.6
12/25/2021,17:45:00,0,B2,-2.09,50911.2,50841.3,91.8,105.1,6.27,242,33.36,50847.9,-12.5,33051,1.169,8.11,-88,25.065,3.2,11.6
12/25/2021,18:00:00,0,B2,-2.1,50910.9,50840.7,91.5,104.7,6.25,236.5,33.36,50847.3,-12.63,33051,1.173,8.11,-87.9,25.065,3.2,11.6
,,,,,,,,,,,,,,,,,,,,
,,,MEAN VALUE:,-2.08,50888.7,50791.6,90.3,103.3,6.16,234.9,33.33,50800.7,-12.48,33020,1.174,NA,-87.2,25.088,3.2,11.6
,,,STANDARD DEVIATION:,0.06,1868.7,1865,1.8,2,0.13,6.2,1.22,1865.3,0.21,1212,0.005,0.01,0.9,0.077,0,0
,,,,,,,,,,,,,,,,,,,,
,,,SENSOR SERIAL NUMBER:,20J103744,20B121032,20B121032,20C000323,20C000323,20C000323,20C202371,20B121032,20B121032,20J103744,20B121032,20B120857,20C202371,20C202371,20B121032,20C202414,20C202414
Date (MM/DD/YYYY),Time (HH:mm:ss),Time (Fract. Sec),Site Name,Chlorophyll RFU,Cond µS/cm,nLF Cond µS/cm,ODO % sat,ODO % local,ODO mg/L,ORP mV,Sal psu,SpCond µS/cm,TAL PE RFU,TDS mg/L,Wiper Position volt,pH,pH mV,Temp °C,Battery V,Cable Pwr V
12/25/2021,18:15:00,0,B2,-2.12,50905.7,50841.4,91.4,104.6,6.24,237.5,33.36,50847.5,-12.55,33051,1.175,8.1,-87.7,25.06,3.2,11.6
12/25/2021,18:30:00,0,B2,-2.11,50904.4,50842.5,91.3,104.5,6.24,230.5,33.36,50848.3,-12.55,33051,1.177,8.11,-88,25.058,3.2,11.6
12/25/2021,18:45:00,0,B2,-2.14,50903.6,50839.3,91.2,104.3,6.23,222.6,33.36,50845.3,-12.72,33049,1.177,8.1,-87.7,25.06,3.2,11.6
12/25/2021,19:00:00,0,B2,-2.15,50903.4,50844.1,91.1,104.3,6.22,232.6,33.36,50849.6,-12.62,33052,1.177,8.1,-87.9,25.055,3.2,11.6
12/25/2021,19:15:00,0,B2,-2.15,50902.4,50837.7,91,104.1,6.21,228.9,33.36,50843.7,-12.64,33048,1.181,8.1,-87.9,25.06,3.2,11.6
12/25/2021,19:30:00,0,B2,-2.15,50908.4,50838.3,90.7,103.8,6.19,221.6,33.36,50844.8,-12.67,33049,1.177,8.1,-87.8,25.066,3.2,11.6
12/25/2021,19:45:00,0,B2,-2.13,50910.2,50840.8,90.9,104,6.2,235.6,33.36,50847.3,-12.65,33051,1.174,8.1,-87.9,25.065,3.2,11.6
12/25/2021,20:00:00,0,B2,-2.08,50924.3,50843.5,90.6,103.7,6.19,240.1,33.36,50851,-12.59,33053,1.166,8.1,-87.8,25.075,3.2,11.6
12/25/2021,20:15:00,0,B2,-2.08,50910.7,50839.5,90.6,103.7,6.19,242.3,33.36,50846.2,-12.68,33050,1.165,8.1,-87.5,25.066,3.2,11.6
12/25/2021,20:30:00,0,B2,-2.17,50922.1,50840.2,90.4,103.5,6.17,239.7,33.36,50847.9,-12.77,33051,1.18,8.1,-87.7,25.076,3.2,11.6
12/25/2021,20:45:00,0,B2,-2.15,50924.6,50840.9,90.3,103.3,6.17,241.7,33.36,50848.7,-12.68,33052,1.176,8.1,-87.7,25.078,3.2,11.6
12/25/2021,21:00:00,0,B2,-2.14,50906.4,50840.9,90,103,6.15,244.7,33.36,50847.1,-12.74,33051,1.176,8.1,-87.6,25.061,3.2,11.6
12/25/2021,21:15:00,0,B2,-2.13,50916.4,50837.8,90.3,103.3,6.16,230.8,33.36,50845.2,-12.67,33049,1.173,8.1,-87.7,25.073,3.2,11.6
12/25/2021,21:30:00,0,B2,-2.15,50916.6,50843.3,90.2,103.2,6.16,237.3,33.36,50850.1,-12.68,33053,1.175,8.1,-87.5,25.068,3.2,11.6
12/25/2021,21:45:00,0,B2,-2.14,50920.2,50840.5,90.1,103,6.15,235.9,33.36,50848,-12.68,33051,1.17,8.1,-87.6,25.074,3.2,11.6
12/25/2021,22:00:00,0,B2,-2.09,50909.5,50843.1,89.9,102.8,6.14,237.2,33.36,50849.3,-12.6,33052,1.169,8.1,-87.6,25.062,3.2,11.6
12/25/2021,22:15:00,0,B2,-2.13,50924.3,50840.3,90,103,6.14,226,33.36,50848.2,-12.75,33051,1.171,8.1,-87.6,25.078,3.2,11.6
12/25/2021,22:30:00,0,B2,-2.1,50917.7,50842.2,89.8,102.7,6.13,230.7,33.36,50849.3,-12.68,33052,1.169,8.1,-87.5,25.07,3.2,11.6
12/25/2021,22:45:00,0,B2,-2.1,50915.4,50846.1,89.7,102.6,6.12,233.9,33.36,50852.6,-12.74,33054,1.168,8.1,-87.4,25.065,3.2,11.6
12/25/2021,23:00:00,0,B2,-2.09,50920.5,50842.2,89.8,102.7,6.13,232.2,33.36,50849.5,-12.74,33052,1.168,8.1,-87.5,25.073,3.2,11.6
12/25/2021,23:15:00,0,B2,-2.08,50924.9,50843.5,89.8,102.7,6.13,227.1,33.36,50851.2,-12.67,33053,1.166,8.1,-87.5,25.076,3.2,11.6
12/25/2021,23:30:00,0,B2,-2.09,50917.3,50843.2,89.6,102.5,6.12,212.9,33.36,50850.1,-12.69,33053,1.165,8.1,-87.3,25.069,3.2,11.6
12/25/2021,23:45:00,0,B2,-2.07,50917.7,50846,89.6,102.5,6.12,228.3,33.36,50852.7,-12.71,33054,1.165,8.1,-87.4,25.067,3.2,11.6
12/26/2021,0:00:00,0,B2,-2.1,50923.3,50845.2,89.5,102.4,6.11,227.1,33.36,50852.5,-12.64,33054,1.168,8.09,-87.1,25.073,3.2,11.6
12/26/2021,0:15:00,0,B2,-2.1,50927.2,50844.9,89.6,102.5,6.12,227.5,33.36,50852.6,-12.72,33054,1.168,8.1,-87.3,25.077,3.2,11.6
12/26/2021,0:30:00,0,B2,-2.14,50929.9,50846.2,89.5,102.4,6.11,227.2,33.36,50854,-12.7,33055,1.174,8.1,-87.3,25.078,3.2,11.6
12/26/2021,0:45:00,0,B2,-2.11,50921.1,50846.2,89.2,102.1,6.09,230.3,33.36,50853.2,-12.74,33055,1.172,8.09,-87.3,25.07,3.2,11.6
12/26/2021,1:00:00,0,B2,-2.08,50923.2,50846.1,89.3,102.1,6.09,235.3,33.36,50853.3,-12.69,33055,1.166,8.09,-87.3,25.072,3.2,11.6
12/26/2021,1:15:00,0,B2,-2.07,50934.6,50847.8,89.3,102.2,6.1,232,33.37,50855.9,-12.7,33056,1.165,8.09,-87.2,25.081,3.2,11.6
12/26/2021,1:30:00,0,B2,-2.18,50930.4,50848.3,89.4,102.3,6.1,236.8,33.37,50856,-12.72,33056,1.175,8.09,-87.1,25.077,3.2,11.6
12/26/2021,1:45:00,0,B2,-2.2,50924.1,50844.1,89.2,102.1,6.09,233.1,33.36,50851.6,-12.73,33054,1.183,8.09,-87.2,25.075,3.2,11.6
12/26/2021,2:00:00,0,B2,-2.15,50930.8,50843.4,89.2,102,6.09,238.8,33.36,50851.5,-12.7,33054,1.169,8.09,-87.2,25.082,3.2,11.6
12/26/2021,2:15:00,0,B2,-2.11,50940.8,50847.7,89.2,102,6.09,241.6,33.37,50856.4,-12.75,33057,1.17,8.09,-87.1,25.087,3.2,11.6
12/26/2021,2:30:00,0,B2,-2.08,50948.7,50851.6,89.2,102,6.09,242.5,33.37,50860.7,-12.7,33059,1.165,8.09,-87,25.091,3.2,11.6
12/26/2021,2:45:00,0,B2,-2.11,50940.5,50848.1,89.1,101.9,6.08,230,33.37,50856.7,-12.65,33057,1.169,8.09,-87,25.086,3.2,11.6
12/26/2021,3:00:00,0,B2,-2.11,50931.2,50848.4,89,101.8,6.08,234.6,33.37,50856.2,-12.81,33057,1.169,8.09,-87,25.077,3.2,11.6
12/26/2021,3:15:00,0,B2,-2.09,50925.1,50855.7,88.5,101.3,6.04,236.9,33.37,50862.2,-12.65,33060,1.169,8.09,-87,25.065,3.2,11.6
12/26/2021,3:30:00,0,B2,-2.13,50927.2,50848.1,88.8,101.6,6.06,241.2,33.36,50855.5,-12.69,33056,1.173,8.09,-87,25.074,3.2,11.6
12/26/2021,3:45:00,0,B2,-2.17,50923.3,50845.4,88.9,101.7,6.07,238.3,33.36,50852.7,-12.78,33054,1.179,8.09,-86.9,25.073,3.2,11.6
12/26/2021,4:00:00,0,B2,-2.18,50935.6,50847.7,88.9,101.8,6.07,218.7,33.37,50856,-12.73,33056,1.18,8.09,-86.9,25.082,3.2,11.6
12/26/2021,4:15:00,0,B2,-2.16,50934.8,50847.3,88.9,101.7,6.07,224.3,33.36,50855.5,-12.67,33056,1.174,8.09,-86.9,25.082,3.2,11.6
12/26/2021,4:30:00,0,B2,-2.16,50926.6,50845.6,88.6,101.4,6.05,229.9,33.36,50853.2,-12.7,33055,1.177,8.09,-86.8,25.076,3.2,11.6
12/26/2021,4:45:00,0,B2,-2.13,50942.2,50849.5,88.8,101.6,6.06,233.6,33.37,50858.2,-12.79,33058,1.169,8.09,-86.8,25.087,3.2,11.6
12/26/2021,5:00:00,0,B2,-2.07,50950.1,50851.4,88.9,101.7,6.07,218.3,33.37,50860.6,-12.66,33059,1.165,8.09,-86.9,25.092,3.2,11.6
12/26/2021,5:15:00,0,B2,-2.11,50931.8,50848.3,88.8,101.6,6.06,225.9,33.37,50856.1,-12.71,33056,1.169,8.09,-86.8,25.078,3.2,11.6
12/26/2021,5:30:00,0,B2,-2.13,50933.8,50847.9,88.8,101.6,6.06,235.8,33.37,50855.9,-12.7,33056,1.172,8.09,-86.8,25.08,3.2,11.6
12/26/2021,5:45:00,0,B2,-2.17,50938.5,50847.5,88.7,101.5,6.05,229.3,33.37,50856,-12.69,33056,1.183,8.09,-86.7,25.085,3.2,11.6
12/26/2021,6:00:00,0,B2,-2.14,50936.5,50854.2,88.4,101.1,6.03,230.1,33.37,50861.9,-12.64,33060,1.179,8.08,-86.6,25.077,3.2,11.6
12/26/2021,6:15:00,0,B2,-2.12,50941,50848.3,88.7,101.5,6.05,232.1,33.37,50856.9,-12.57,33057,1.177,8.08,-86.6,25.087,3.2,11.6
12/26/2021,6:30:00,0,B2,-2.13,50945.1,50848.1,88.8,101.6,6.06,230,33.37,50857.1,-12.64,33057,1.179,8.09,-86.7,25.091,3.2,11.6
12/26/2021,6:45:00,0,B2,-2.12,50923.8,50843.1,88.6,101.4,6.05,234.1,33.36,50850.7,-12.54,33053,1.178,8.08,-86.3,25.075,3.2,11.6
12/26/2021,7:00:00,0,B2,-2.14,50936.6,50850.7,88.4,101.2,6.04,235.2,33.37,50858.7,-12.51,33058,1.183,8.08,-86.6,25.08,3.2,11.6
12/26/2021,7:15:00,0,B2,-2.04,50941.2,50849.3,88.6,101.4,6.05,237.5,33.37,50857.9,-12.45,33058,1.169,8.08,-86.6,25.086,3.2,11.6
12/26/2021,7:30:00,0,B2,-2.04,50925.6,50850.5,88.3,101.1,6.03,239.4,33.37,50857.6,-12.33,33057,1.172,8.08,-86.3,25.07,3.2,11.6
12/26/2021,7:45:00,0,B2,-2.04,50938.1,50851.7,88.5,101.3,6.04,235.2,33.37,50859.8,-12.39,33059,1.173,8.08,-86.5,25.081,3.2,11.6
12/26/2021,8:00:00,0,B2,-2.05,50955.3,50850.3,88.6,101.4,6.05,230.8,33.37,50860.2,-12.25,33059,1.175,8.08,-86.6,25.098,3.2,11.6
12/26/2021,8:15:00,0,B2,-1.98,50945,50851.6,88.6,101.4,6.05,233.1,33.37,50860.4,-11.97,33059,1.183,8.08,-86.5,25.087,3.2,11.6
12/26/2021,8:30:00,0,B2,-1.93,50946.4,50850.9,88.6,101.4,6.05,231.5,33.37,50859.8,-12.15,33059,1.165,8.08,-86.2,25.089,3.2,11.6
12/26/2021,8:45:00,0,B2,-1.91,50943,50850.1,88.7,101.5,6.06,231.3,33.37,50858.8,-11.94,33058,1.166,8.08,-86.5,25.087,3.2,11.6
12/26/2021,9:00:00,0,B2,-1.95,50948.9,50853.3,89,101.8,6.07,230,33.37,50862.2,-12.28,33060,1.165,8.08,-86.4,25.089,3.2,11.6
12/26/2021,9:15:00,0,B2,-2.03,50953.2,50854.1,89.3,102.2,6.09,235.5,33.37,50863.4,-12.17,33061,1.172,8.08,-86.4,25.092,3.2,11.6
12/26/2021,9:30:00,0,B2,-1.94,50935.7,50850.1,89.9,102.9,6.14,226.5,33.37,50858.1,-12.16,33058,1.175,8.08,-86.7,25.08,3.2,11.6
12/26/2021,9:45:00,0,B2,-2,50943.2,50855.6,90.1,103,6.15,233,33.37,50863.8,-12.27,33061,1.173,8.08,-86.7,25.082,3.2,11.6
12/26/2021,10:00:00,0,B2,-1.95,50941,50851.1,90.2,103.2,6.16,231.5,33.37,50859.5,-12.33,33059,1.168,8.08,-86.7,25.084,3.2,11.6
12/26/2021,10:15:00,0,B2,-1.99,50941.7,50854,90.9,104,6.2,237.9,33.37,50862.2,-12.33,33060,1.169,8.09,-86.8,25.082,3.2,11.6
12/26/2021,10:30:00,0,B2,-2.12,50940,50854.3,90.9,104,6.2,241.3,33.37,50862.3,-12.2,33061,1.176,8.09,-86.8,25.08,3.2,11.6
12/26/2021,10:45:00,0,B2,-2.06,50945.9,50852.7,91.2,104.3,6.22,238.3,33.37,50861.4,-12.34,33060,1.179,8.09,-86.8,25.087,3.2,11.6
12/26/2021,11:00:00,0,B2,-2.06,50946.7,50852.1,91.7,104.9,6.26,235.3,33.37,50860.9,-12.34,33060,1.179,8.09,-86.8,25.088,3.2,11.6
12/26/2021,11:15:00,0,B2,-2.02,50951,50853.2,91.8,105.1,6.27,237,33.37,50862.3,-12.44,33061,1.168,8.09,-87.1,25.091,3.2,11.6
12/26/2021,11:30:00,0,B2,-2,50947.8,50852.1,92.1,105.4,6.29,240.1,33.37,50861,-12.24,33060,1.166,8.09,-87.1,25.089,3.2,11.6
12/26/2021,11:45:00,0,B2,-2.07,50951.7,50851.2,92.2,105.5,6.29,239.4,33.37,50860.6,-12.34,33059,1.179,8.09,-87.1,25.094,3.2,11.6
12/26/2021,12:00:00,0,B2,-2.01,50954.6,50851.7,92.4,105.7,6.31,244.5,33.37,50861.3,-12.29,33060,1.174,8.09,-87.1,25.096,3.2,11.6
12/26/2021,12:15:00,0,B2,-2.04,50958.6,50851.3,92.7,106.1,6.33,245.4,33.37,50861.4,-12.34,33060,1.174,8.1,-87.3,25.1,3.2,11.6
12/26/2021,12:30:00,0,B2,-1.99,50964.9,50851,93,106.4,6.35,243.2,33.37,50861.6,-12.34,33060,1.171,8.1,-87.4,25.106,3.2,11.6
12/26/2021,12:45:00,0,B2,-2.01,50967.7,50849.5,93.3,106.8,6.37,244,33.37,50860.6,-12.36,33059,1.165,8.1,-87.5,25.11,3.2,11.6
12/26/2021,13:00:00,0,B2,-2.01,50974.8,50850.7,93.8,107.3,6.4,246.2,33.37,50862.4,-12.35,33061,1.168,8.1,-87.7,25.116,3.2,11.6
12/26/2021,13:15:00,0,B2,-2.01,50976,50848,93.9,107.4,6.41,248.3,33.37,50860,-12.32,33059,1.165,8.1,-87.7,25.12,3.2,11.6
12/26/2021,13:30:00,0,B2,-2.09,50979.5,50845.8,94.1,107.7,6.42,246.8,33.37,50858.3,-12.38,33058,1.173,8.1,-87.7,25.125,3.2,11.6
12/26/2021,13:45:00,0,B2,-2.12,50981.1,50844.6,94.2,107.7,6.42,236.6,33.37,50857.3,-12.46,33057,1.183,8.1,-87.8,25.127,3.2,11.6
12/26/2021,14:00:00,0,B2,-2.11,50982.1,50844,94.1,107.7,6.42,239.5,33.36,50856.9,-12.51,33057,1.174,8.11,-88,25.129,3.2,11.6
12/26/2021,14:15:00,0,B2,-2.05,50986.1,50844,94.5,108.2,6.45,244.6,33.36,50857.3,-12.5,33057,1.17,8.11,-88,25.133,3.2,11.6
12/26/2021,14:30:00,0,B2,-2.08,50984.4,50845.4,94.5,108.1,6.44,242.9,33.37,50858.5,-12.49,33058,1.171,8.11,-88.1,25.13,3.2,11.6
12/26/2021,14:45:00,0,B2,-2.04,50987.3,50843.1,94.6,108.3,6.45,243.5,33.36,50856.6,-12.56,33057,1.166,8.11,-88.1,25.135,3.2,11.6
12/26/2021,15:00:00,0,B2,-2.1,50984.5,50843.3,94.5,108.2,6.45,241,33.36,50856.5,-12.46,33057,1.175,8.11,-88.3,25.132,3.2,11.6
12/26/2021,15:15:00,0,B2,-2.09,50983.9,50840.7,94.7,108.3,6.46,237,33.36,50854.1,-12.45,33055,1.177,8.11,-88.3,25.134,3.2,11.6
12/26/2021,15:30:00,0,B2,-2.13,50983.5,50842.6,94.5,108.2,6.45,238.2,33.36,50855.8,-12.6,33056,1.176,8.11,-88.3,25.131,3.2,11.6
12/26/2021,15:45:00,0,B2,-2.07,50982.3,50843.2,94.4,108,6.44,245,33.36,50856.2,-12.55,33057,1.173,8.11,-88.4,25.13,3.2,11.6
12/26/2021,16:00:00,0,B2,-2.06,50982.2,50842.4,94.4,108,6.44,247.1,33.36,50855.5,-12.54,33056,1.166,8.11,-88.3,25.131,3.2,11.6
12/26/2021,16:15:00,0,B2,-2.1,50981.7,50841.8,94.3,107.9,6.43,249.4,33.36,50854.9,-12.53,33056,1.175,8.11,-88.4,25.131,3.2,11.6
12/26/2021,16:30:00,0,B2,-2.1,50980.3,50840.9,94.1,107.7,6.42,249.3,33.36,50854,-12.51,33055,1.18,8.11,-88.1,25.13,3.2,11.6
12/26/2021,16:45:00,0,B2,-2.14,50978.1,50840.9,94.1,107.6,6.42,240.6,33.36,50853.7,-12.54,33055,1.181,8.11,-88.4,25.128,3.2,11.6
12/26/2021,17:00:00,0,B2,-2.14,50977.6,50840.3,93.9,107.4,6.41,236.6,33.36,50853.2,-12.57,33055,1.182,8.11,-88.5,25.128,3.2,11.6
12/26/2021,17:15:00,0,B2,-2.15,50973.8,50842,93.7,107.3,6.39,240.5,33.36,50854.4,-12.61,33055,1.183,8.12,-88.5,25.123,3.2,11.6
12/26/2021,17:30:00,0,B2,-2.13,50970.8,50841.5,93.7,107.2,6.39,243.3,33.36,50853.6,-12.63,33055,1.176,8.12,-88.5,25.121,3.2,11.6
12/26/2021,17:45:00,0,B2,-2.15,50967.9,50842.4,93.4,106.9,6.37,245.1,33.36,50854.1,-12.56,33055,1.174,8.11,-88.1,25.117,3.2,11.6
12/26/2021,18:00:00,0,B2,-2.13,50964.1,50841.3,93.3,106.7,6.36,240,33.36,50852.8,-12.58,33054,1.174,8.12,-88.5,25.115,3.2,11.6
12/26/2021,18:15:00,0,B2,-2.16,50959.3,50840.9,93.2,106.6,6.36,236.8,33.36,50851.9,-12.57,33054,1.176,8.11,-88.3,25.111,3.2,11.6
12/26/2021,18:30:00,0,B2,-2.14,50952.4,50841.8,93.1,106.5,6.35,230.2,33.36,50852.2,-12.58,33054,1.177,8.11,-88.5,25.103,3.2,11.6
12/26/2021,18:45:00,0,B2,-2.14,50948.1,50844.7,92.9,106.3,6.34,236.1,33.36,50854.4,-12.64,33055,1.17,8.12,-88.5,25.096,3.2,11.6
12/26/2021,19:00:00,0,B2,-2.14,50941.6,50843.6,92.8,106.2,6.34,237.9,33.36,50852.7,-12.69,33054,1.178,8.11,-88.4,25.092,3.2,11.6
12/26/2021,19:15:00,0,B2,-2.12,50934.6,50844,92.7,106.1,6.33,240.8,33.36,50852.5,-12.72,33054,1.171,8.11,-88.4,25.085,3.2,11.6
12/26/2021,19:30:00,0,B2,-2.19,50922.8,50843.8,92.5,105.9,6.32,232.1,33.36,50851.2,-12.71,33053,1.174,8.11,-88.4,25.074,3.2,11.6
12/26/2021,19:45:00,0,B2,-2.18,50921.1,50846.6,92.4,105.8,6.31,239.8,33.36,50853.6,-12.7,33055,1.182,8.11,-88.1,25.07,3.2,11.6
12/26/2021,20:00:00,0,B2,-2.16,50908.6,50843.5,92.4,105.7,6.31,241.2,33.36,50849.6,-12.61,33052,1.182,8.11,-88.4,25.061,3.2,11.6
12/26/2021,20:15:00,0,B2,-2.08,50916.3,50848.3,92.2,105.5,6.3,238.9,33.36,50854.7,-12.62,33056,1.168,8.11,-88.3,25.063,3.2,11.6
12/26/2021,20:30:00,0,B2,-2.12,50917.2,50848.9,92.1,105.3,6.29,241.3,33.37,50855.2,-12.58,33056,1.17,8.11,-88.4,25.064,3.2,11.6
12/26/2021,20:45:00,0,B2,-2.16,50915.4,50847.4,91.9,105.1,6.27,241.2,33.36,50853.7,-12.7,33055,1.178,8.11,-88,25.063,3.2,11.6
12/26/2021,21:00:00,0,B2,-2.12,50900.7,50843.1,91.6,104.8,6.26,234.2,33.36,50848.5,-12.61,33052,1.174,8.11,-88.3,25.054,3.2,11.6
12/26/2021,21:15:00,0,B2,-2.13,50920.5,50847.3,91.6,104.8,6.25,234.2,33.36,50854.1,-12.6,33055,1.174,8.11,-88.3,25.068,3.2,11.6
12/26/2021,21:30:00,0,B2,-2.06,50924,50845.9,91.5,104.7,6.25,238.5,33.36,50853.2,-12.56,33055,1.168,8.11,-88.2,25.073,3.2,11.6
12/26/2021,21:45:00,0,B2,-2.07,50924.6,50844.7,91.4,104.6,6.24,235.6,33.36,50852.2,-12.56,33054,1.165,8.11,-88.2,25.075,3.2,11.6
12/26/2021,22:00:00,0,B2,-2.08,50923.8,50847.2,91.1,104.3,6.22,238,33.36,50854.4,-12.64,33055,1.165,8.11,-88.2,25.071,3.2,11.6
12/26/2021,22:15:00,0,B2,-2.13,50941.6,50849.4,91.2,104.4,6.23,236.4,33.37,50858,-12.69,33058,1.173,8.1,-87.9,25.086,3.2,11.6
12/26/2021,22:30:00,0,B2,-2.17,50947.5,50848.5,91,104.1,6.21,236.4,33.37,50857.8,-12.65,33058,1.178,8.11,-88,25.092,3.2,11.6
12/26/2021,22:45:00,0,B2,-2.18,50940.5,50846.1,90.8,103.9,6.2,226.1,33.36,50854.9,-12.72,33056,1.182,8.11,-88.1,25.088,3.2,11.6
12/26/2021,23:00:00,0,B2,-2.18,50926.9,50844.3,90.8,103.9,6.2,235.4,33.36,50852,-12.69,33054,1.179,8.11,-88.1,25.077,3.2,11.6
12/26/2021,23:15:00,0,B2,-2.08,50931.1,50846.4,90.7,103.8,6.19,232.7,33.36,50854.4,-12.63,33055,1.165,8.11,-88,25.079,3.2,11.6
12/26/2021,23:30:00,0,B2,-2.13,50952.1,50849,90.5,103.6,6.18,240.4,33.37,50858.6,-12.67,33058,1.168,8.11,-88.1,25.096,3.2,11.6
12/26/2021,23:45:00,0,B2,-2.16,50942.7,50847.9,90.5,103.6,6.18,233,33.37,50856.8,-12.67,33057,1.179,8.11,-88,25.088,3.2,11.6
12/27/2021,0:00:00,0,B2,-2.18,50942.4,50849.8,90.3,103.3,6.17,232.7,33.37,50858.4,-12.73,33058,1.182,8.11,-88,25.086,3.2,11.6
12/27/2021,0:15:00,0,B2,-2.14,50933.5,50850.9,90.2,103.2,6.16,237.3,33.37,50858.6,-12.68,33058,1.174,8.1,-87.9,25.077,3.2,11.6
12/27/2021,0:30:00,0,B2,-2.09,50937.5,50841.8,90.2,103.2,6.16,230.4,33.36,50850.8,-12.64,33053,1.166,8.1,-87.7,25.089,3.2,11.6
12/27/2021,0:45:00,0,B2,-2.16,50951.6,50852.7,90.2,103.2,6.16,234.9,33.37,50862,-12.67,33060,1.174,8.1,-87.8,25.092,3.2,11.6
12/27/2021,1:00:00,0,B2,-2.13,50952.5,50851.3,90,102.9,6.14,227.9,33.37,50860.8,-12.61,33060,1.177,8.1,-87.8,25.094,3.2,11.6
12/27/2021,1:15:00,0,B2,-2.09,50929.8,50848.6,89.8,102.8,6.13,218.5,33.37,50856.2,-12.73,33057,1.166,8.1,-87.7,25.076,3.2,11.6
12/27/2021,1:30:00,0,B2,-2.15,50960.8,50857.5,89.7,102.7,6.12,229.7,33.37,50867.1,-12.66,33064,1.169,8.1,-87.8,25.096,3.2,11.6
12/27/2021,1:45:00,0,B2,-2.16,50955.1,50856.1,89.9,102.8,6.13,223.7,33.37,50865.3,-12.7,33062,1.176,8.1,-87.8,25.092,3.2,11.6
12/27/2021,2:00:00,0,B2,-2.12,50939.8,50844.4,89.7,102.6,6.12,232.1,33.36,50853.3,-12.68,33055,1.173,8.1,-87.7,25.089,3.2,11.6
12/27/2021,2:15:00,0,B2,-2.09,50952.2,50852.8,89.8,102.7,6.13,228.1,33.37,50862.1,-12.61,33060,1.169,8.1,-87.8,25.093,3.2,11.6
12/27/2021,2:30:00,0,B2,-2.06,50945.4,50854.6,89.6,102.5,6.11,233,33.37,50863.1,-12.6,33061,1.166,8.1,-87.6,25.085,3.2,11.6
12/27/2021,2:45:00,0,B2,-2.11,50946.1,50844.5,89.5,102.4,6.11,233.5,33.36,50854,-12.64,33055,1.173,8.1,-87.6,25.095,3.2,11.6
12/27/2021,3:00:00,0,B2,-2.11,50950.7,50856.2,89.4,102.2,6.1,237.8,33.37,50865.1,-12.69,33062,1.17,8.1,-87.6,25.088,3.2,11.6
12/27/2021,3:15:00,0,B2,-2.17,50958.5,50855.7,89.3,102.2,6.09,233,33.37,50865.3,-12.73,33062,1.181,8.1,-87.6,25.096,3.2,11.6
12/27/2021,3:30:00,0,B2,-2.16,50944.8,50856.7,89.1,101.9,6.08,223.2,33.37,50865,-12.63,33062,1.178,8.1,-87.5,25.082,3.2,11.6
12/27/2021,3:45:00,0,B2,-2.15,50961.6,50857.9,89.3,102.2,6.09,229.1,33.37,50867.6,-12.66,33064,1.174,8.1,-87.5,25.097,3.2,11.6
12/27/2021,4:00:00,0,B2,-2.09,50958.8,50853.2,89.4,102.2,6.1,236.2,33.37,50863.1,-12.63,33061,1.17,8.1,-87.5,25.099,3.2,11.6
12/27/2021,4:15:00,0,B2,-2.11,50968.8,50862.2,89.3,102.1,6.09,239,33.38,50872.2,-12.67,33067,1.169,8.1,-87.5,25.099,3.2,11.6
12/27/2021,4:30:00,0,B2,-2.13,50959.7,50851.6,89.2,102.1,6.09,232.6,33.37,50861.7,-12.65,33060,1.174,8.1,-87.4,25.101,3.2,11.6
12/27/2021,4:45:00,0,B2,-2.11,50960,50856.6,89.2,102,6.08,238.5,33.37,50866.3,-12.66,33063,1.168,8.1,-87.4,25.097,3.2,11.6
12/27/2021,5:00:00,0,B2,-2.17,50955.3,50856,89,101.8,6.07,238.6,33.37,50865.3,-12.62,33062,1.176,8.1,-87.4,25.093,3.2,11.6
12/27/2021,5:15:00,0,B2,-2.17,50964.6,50855.6,89.1,101.9,6.08,235.7,33.37,50865.8,-12.62,33063,1.184,8.1,-87.4,25.102,3.2,11.6
12/27/2021,5:30:00,0,B2,-2.15,50972.2,50859.5,89,101.8,6.07,237.2,33.38,50870.1,-12.56,33066,1.173,8.1,-87.3,25.105,3.2,11.6
12/27/2021,5:45:00,0,B2,-2.06,50950.3,50856.2,88.8,101.6,6.06,223.8,33.37,50865,-12.53,33062,1.168,8.09,-87.3,25.088,3.2,11.6
12/27/2021,6:00:00,0,B2,-2.13,50961.7,50856.6,88.8,101.6,6.06,222.6,33.37,50866.5,-12.6,33063,1.169,8.09,-87.2,25.098,3.2,11.6
12/27/2021,6:15:00,0,B2,-2.11,50951.1,50856.4,88.8,101.6,6.06,227.9,33.37,50865.3,-12.61,33062,1.174,8.1,-87.3,25.088,3.2,11.6
12/27/2021,6:30:00,0,B2,-2.1,50952.8,50860.4,88.7,101.5,6.06,233.7,33.37,50869.1,-12.51,33065,1.169,8.09,-87.2,25.086,3.2,11.6
12/27/2021,6:45:00,0,B2,-2.13,50961.9,50857.8,88.6,101.4,6.05,237.3,33.37,50867.6,-12.5,33064,1.182,8.09,-86.9,25.097,3.2,11.6
12/27/2021,7:00:00,0,B2,-2.12,50967.1,50854.4,88.7,101.5,6.05,230.5,33.37,50865,-12.53,33062,1.182,8.09,-87.2,25.105,3.2,11.6
12/27/2021,7:15:00,0,B2,-2.11,50961.4,50862.1,88.7,101.4,6.05,236,33.38,50871.4,-12.42,33066,1.182,8.09,-87,25.093,3.2,11.6
12/27/2021,7:30:00,0,B2,-2.11,50955.7,50858.3,88.5,101.3,6.04,235.1,33.37,50867.4,-12.41,33064,1.182,8.09,-87.1,25.091,3.2,11.6
12/27/2021,7:45:00,0,B2,-2.12,50960.9,50855.6,88.6,101.3,6.04,237.6,33.37,50865.5,-12.35,33063,1.183,8.09,-87.1,25.098,3.2,11.6
12/27/2021,8:00:00,0,B2,-2.07,50969.9,50858.2,88.6,101.4,6.05,238.8,33.37,50868.7,-12.28,33065,1.181,8.09,-86.8,25.104,3.2,11.6
12/27/2021,8:15:00,0,B2,-1.99,50971.7,50861.1,88.5,101.3,6.04,223.7,33.38,50871.4,-12.15,33066,1.173,8.09,-87,25.103,3.2,11.6
12/27/2021,8:30:00,0,B2,-1.87,50960,50860.8,88.5,101.2,6.04,233.9,33.38,50870.1,-12.06,33066,1.165,8.09,-87,25.093,3.2,11.6
12/27/2021,8:45:00,0,B2,-2.01,50966.8,50860.4,88.6,101.4,6.05,239.9,33.38,50870.3,-12.2,33066,1.172,8.08,-86.6,25.099,3.2,11.6
12/27/2021,9:00:00,0,B2,-1.97,50958.5,50863.5,88.6,101.4,6.05,233.4,33.38,50872.4,-12.25,33067,1.173,8.09,-87,25.089,3.2,11.6
12/27/2021,9:15:00,0,B2,-1.96,50954.9,50860.1,88.7,101.5,6.05,235.2,33.37,50869,-12.01,33065,1.168,8.09,-86.9,25.088,3.2,11.6
12/27/2021,9:30:00,0,B2,-1.98,50954.2,50858.3,88.8,101.6,6.06,234.1,33.37,50867.3,-12.12,33064,1.175,8.09,-87,25.09,3.2,11.6
12/27/2021,9:45:00,0,B2,-1.95,50951.4,50858.3,88.9,101.7,6.07,238.6,33.37,50867,-12.09,33064,1.174,8.09,-87,25.087,3.2,11.6
12/27/2021,10:00:00,0,B2,-1.97,50946.6,50862.3,89,101.8,6.08,238.9,33.38,50870.1,-12.07,33066,1.172,8.09,-86.9,25.079,3.2,11.6
12/27/2021,10:15:00,0,B2,-2.02,50944.8,50862.5,89.2,102,6.09,241.8,33.38,50870.2,-12.06,33066,1.173,8.09,-87,25.077,3.2,11.6
12/27/2021,10:30:00,0,B2,-1.95,50947.2,50857,89.2,102.1,6.09,243.2,33.37,50865.4,-11.98,33063,1.175,8.09,-87,25.084,3.2,11.6
12/27/2021,10:45:00,0,B2,-1.91,50940.5,50860.7,89.4,102.3,6.11,235.4,33.37,50868.2,-12.52,33064,1.167,8.09,-87,25.075,3.2,11.6
12/27/2021,11:00:00,0,B2,-1.98,50938.4,50861.3,89.6,102.5,6.12,236.3,33.37,50868.5,-12.13,33065,1.171,8.09,-86.9,25.072,3.2,11.6
12/27/2021,11:15:00,0,B2,-2.03,50933.3,50860.2,89.7,102.7,6.13,230.7,33.37,50867,-12.15,33064,1.183,8.09,-87.1,25.068,3.2,11.6
12/27/2021,11:30:00,0,B2,-1.99,50937.1,50863.2,90,103,6.14,230.3,33.38,50870.1,-12.13,33066,1.178,8.09,-87,25.069,3.2,11.6
12/27/2021,11:45:00,0,B2,-1.98,50934.2,50861.9,90,103,6.15,239.4,33.37,50868.6,-12.11,33065,1.176,8.09,-87.1,25.067,3.2,11.6
12/27/2021,12:00:00,0,B2,-1.94,50934.6,50861.1,90.2,103.2,6.16,242.4,33.37,50867.9,-12.09,33064,1.165,8.09,-86.9,25.069,3.2,11.6
12/27/2021,12:15:00,0,B2,-2,50931,50858.5,90.4,103.4,6.17,236,33.37,50865.3,-12.07,33062,1.173,8.09,-87.2,25.068,3.2,11.6
12/27/2021,12:30:00,0,B2,-2,50935.7,50861.9,90.6,103.6,6.18,240.7,33.37,50868.8,-12.17,33065,1.172,8.09,-87.1,25.069,3.2,11.6
12/27/2021,12:45:00,0,B2,-2.01,50933.4,50862.4,90.7,103.8,6.19,235.6,33.38,50869.1,-12.2,33065,1.172,8.09,-87.2,25.066,3.2,11.6
12/27/2021,13:00:00,0,B2,-2,50935,50861.3,90.7,103.8,6.19,243.1,33.37,50868.2,-12.17,33064,1.173,8.09,-87.2,25.069,3.2,11.6
12/27/2021,13:15:00,0,B2,-1.99,50932.9,50862.4,90.9,104,6.21,241.8,33.38,50869,-12.21,33065,1.171,8.09,-87.3,25.066,3.2,11.6
12/27/2021,13:30:00,0,B2,-1.98,50930.5,50863.5,91,104.1,6.21,242.4,33.38,50869.8,-12.24,33065,1.165,8.1,-87.3,25.063,3.2,11.6
12/27/2021,13:45:00,0,B2,-2,50928.5,50863.8,91.1,104.2,6.22,245.3,33.38,50869.9,-12.24,33065,1.168,8.09,-87.2,25.06,3.2,11.6
12/27/2021,14:00:00,0,B2,-2.05,50926.3,50860.9,91.2,104.3,6.23,239.7,33.37,50867,-12.31,33064,1.18,8.1,-87.4,25.061,3.2,11.6
12/27/2021,14:15:00,0,B2,-2.08,50931.1,50863,91.2,104.4,6.23,237.4,33.38,50869.3,-12.21,33065,1.184,8.1,-87.4,25.064,3.2,11.6
12/27/2021,14:30:00,0,B2,-2.04,50927.8,50860.8,91.3,104.5,6.23,243.9,33.37,50867.1,-12.41,33064,1.174,8.09,-87.3,25.063,3.2,11.6
12/27/2021,14:45:00,0,B2,-1.96,50930.8,50861.8,91.3,104.5,6.23,241.7,33.37,50868.2,-12.14,33064,1.166,8.1,-87.4,25.064,3.2,11.6
12/27/2021,15:00:00,0,B2,-1.99,50932.7,50861.9,91.3,104.4,6.23,239.8,33.37,50868.6,-12.29,33065,1.169,8.1,-87.4,25.066,3.2,11.6
12/27/2021,15:15:00,0,B2,-2.01,50925.9,50861.1,91.3,104.5,6.24,233.4,33.37,50867.2,-12.23,33064,1.169,8.1,-87.4,25.06,3.2,11.6
12/27/2021,15:30:00,0,B2,-2.02,50927.5,50859.9,91.3,104.5,6.24,240.9,33.37,50866.2,-12.29,33063,1.164,8.1,-87.5,25.063,3.2,11.6
12/27/2021,15:45:00,0,B2,-2.08,50929.7,50860.5,91.3,104.4,6.23,242.7,33.37,50867,-12.34,33064,1.184,8.1,-87.5,25.065,3.2,11.6
12/27/2021,16:00:00,0,B2,-2.12,50929.2,50862.4,91.2,104.4,6.23,241.7,33.37,50868.6,-12.26,33065,1.184,8.1,-87.4,25.062,3.2,11.6
12/27/2021,16:15:00,0,B2,-2.05,50926.7,50861.8,91.2,104.3,6.23,239.3,33.37,50867.9,-12.33,33064,1.171,8.1,-87.5,25.061,3.2,11.6
12/27/2021,16:30:00,0,B2,-2.06,50929.9,50863,91.1,104.3,6.22,244,33.38,50869.2,-12.31,33065,1.168,8.1,-87.5,25.062,3.2,11.6
12/27/2021,16:45:00,0,B2,-2.11,50923.8,50861,91,104.2,6.22,243.8,33.37,50866.8,-12.45,33063,1.182,8.1,-87.4,25.059,3.2,11.6
12/27/2021,17:00:00,0,B2,-2.12,50930.8,50860.6,91,104.1,6.21,238.8,33.37,50867.2,-12.49,33064,1.184,8.1,-87.4,25.065,3.2,11.6
12/27/2021,17:15:00,0,B2,-2.07,50937.3,50861.2,90.9,104,6.21,241.3,33.37,50868.3,-12.42,33064,1.178,8.1,-87.4,25.071,3.2,11.6
12/27/2021,17:30:00,0,B2,-2.1,50932,50861.9,90.8,103.8,6.2,213.7,33.37,50868.4,-12.43,33064,1.173,8.1,-87.4,25.065,3.2,11.6
12/27/2021,17:45:00,0,B2,-2.07,50926.6,50862.3,90.7,103.8,6.19,230.1,33.37,50868.3,-12.4,33064,1.172,8.1,-87.4,25.06,3.2,11.6
12/27/2021,18:00:00,0,B2,-2.13,50932.6,50862.8,90.6,103.7,6.19,234.1,33.38,50869.4,-12.47,33065,1.175,8.1,-87.4,25.065,3.2,11.6
12/27/2021,18:15:00,0,B2,-2.15,50931.7,50860.6,90.5,103.5,6.18,237.4,33.37,50867.3,-12.5,33064,1.184,8.1,-87.4,25.066,3.2,11.6
12/27/2021,18:30:00,0,B2,-2.03,50936.1,50860.3,90.4,103.5,6.17,238.6,33.37,50867.4,-12.49,33064,1.165,8.1,-87.3,25.071,3.2,11.6
12/27/2021,18:45:00,0,B2,-2.05,50921,50860.8,90.2,103.2,6.16,239.6,33.37,50866.4,-12.44,33063,1.165,8.1,-87.3,25.056,3.2,11.6
12/27/2021,19:00:00,0,B2,-2.09,50937.3,50863.1,90.2,103.2,6.16,236.5,33.38,50870.1,-12.42,33066,1.175,8.1,-87.3,25.069,3.2,11.6
12/27/2021,19:15:00,0,B2,-2.13,50950.9,50861.5,90.2,103.2,6.15,235.4,33.38,50869.8,-12.46,33065,1.182,8.09,-87.2,25.083,3.2,11.6
12/27/2021,19:30:00,0,B2,-2.09,50940.6,50861.9,90,103,6.14,233.6,33.38,50869.3,-12.44,33065,1.173,8.09,-87.2,25.073,3.2,11.6
12/27/2021,19:45:00,0,B2,-2.08,50930.3,50860.6,89.7,102.6,6.12,237.8,33.37,50867.1,-12.49,33064,1.165,8.09,-87.3,25.065,3.2,11.6
12/27/2021,20:00:00,0,B2,-2.04,50937,50858.6,89.8,102.8,6.13,229.8,33.37,50865.9,-12.43,33063,1.165,8.09,-87.1,25.073,3.2,11.6
12/27/2021,20:15:00,0,B2,-2.09,50957.5,50863.7,89.8,102.7,6.13,233.7,33.38,50872.5,-12.4,33067,1.17,8.09,-86.9,25.087,3.2,11.6
12/27/2021,20:30:00,0,B2,-2.15,50945.3,50862,89.7,102.6,6.12,212.1,33.38,50869.8,-12.5,33065,1.184,8.09,-87.2,25.078,3.2,11.6
12/27/2021,20:45:00,0,B2,-2.15,50956.5,50861.6,89.6,102.6,6.12,226.7,33.38,50870.5,-12.55,33066,1.181,8.09,-87.1,25.089,3.2,11.6
12/27/2021,21:00:00,0,B2,-2.14,50960.1,50860.3,89.4,102.3,6.1,221,33.38,50869.7,-12.55,33065,1.178,8.09,-87.1,25.093,3.2,11.6
12/27/2021,21:15:00,0,B2,-2.12,50959,50863.6,89.5,102.4,6.11,228.6,33.38,50872.5,-12.47,33067,1.177,8.09,-87,25.089,3.2,11.6
12/27/2021,21:30:00,0,B2,-2.1,50958.1,50860.4,89.4,102.2,6.1,235.6,33.37,50869.5,-12.48,33065,1.17,8.09,-87.1,25.091,3.2,11.6
12/27/2021,21:45:00,0,B2,-2.14,50969.6,50866.6,89.2,102.1,6.09,239,33.38,50876.2,-12.54,33070,1.175,8.08,-86.7,25.096,3.2,11.6
12/27/2021,22:00:00,0,B2,-2.14,50965.7,50862.4,89.2,102.1,6.09,239.2,33.38,50872.1,-12.57,33067,1.178,8.09,-86.7,25.096,3.2,11.6
12/27/2021,22:15:00,0,B2,-2.12,50958.3,50861.5,89.1,102,6.08,229.1,33.38,50870.6,-12.51,33066,1.169,8.09,-87,25.09,3.2,11.6
12/27/2021,22:30:00,0,B2,-2.14,50970.4,50861.9,89.2,102.1,6.09,235.4,33.38,50872,-12.59,33067,1.178,8.08,-86.6,25.101,3.2,11.6
12/27/2021,22:45:00,0,B2,-2.16,50966.8,50862.3,89.1,102,6.08,232.1,33.38,50872.1,-12.46,33067,1.183,8.09,-87,25.097,3.2,11.6
12/27/2021,23:00:00,0,B2,-2.13,50963.2,50862,88.9,101.8,6.07,233.5,33.38,50871.5,-12.6,33066,1.176,8.09,-87,25.094,3.2,11.6
12/27/2021,23:15:00,0,B2,-2.06,50967.9,50864.7,88.9,101.8,6.07,236.5,33.38,50874.3,-12.57,33068,1.165,8.09,-86.9,25.096,3.2,11.6
12/27/2021,23:30:00,0,B2,-2.09,50963.6,50859.5,88.9,101.7,6.07,237.7,33.37,50869.2,-12.51,33065,1.165,8.09,-86.9,25.097,3.2,11.6
12/27/2021,23:45:00,0,B2,-2.09,50979.1,50867.2,88.9,101.7,6.06,239.8,33.38,50877.7,-12.56,33070,1.173,8.09,-86.9,25.104,3.2,11.6
12/28/2021,0:00:00,0,B2,-2.11,50978.6,50866.5,88.8,101.7,6.06,234.1,33.38,50877,-12.55,33070,1.173,8.09,-86.8,25.105,3.2,11.6
12/28/2021,0:15:00,0,B2,-2.09,50975.1,50868.1,88.7,101.5,6.06,234.8,33.38,50878.1,-12.52,33071,1.171,8.09,-86.8,25.1,3.2,11.6
12/28/2021,0:30:00,0,B2,-2.09,50971.5,50864.9,88.8,101.6,6.06,234.4,33.38,50874.9,-12.44,33069,1.17,8.09,-86.8,25.099,3.2,11.6
12/28/2021,0:45:00,0,B2,-2.1,50968.3,50864.1,88.7,101.5,6.05,239,33.38,50873.9,-12.6,33068,1.17,8.08,-86.7,25.097,3.2,11.6
12/28/2021,1:00:00,0,B2,-2.11,50985.1,50864.8,88.7,101.5,6.05,237.9,33.38,50876,-12.61,33069,1.171,8.09,-86.7,25.112,3.2,11.6
12/28/2021,1:15:00,0,B2,-2.07,50977.6,50858.4,88.6,101.3,6.04,231.5,33.37,50869.5,-12.67,33065,1.168,8.08,-86.6,25.111,3.2,11.6
12/28/2021,1:30:00,0,B2,-2.09,50970.6,50865.9,88.5,101.3,6.04,233.5,33.38,50875.7,-12.61,33069,1.169,8.08,-86.6,25.098,3.2,11.6
12/28/2021,1:45:00,0,B2,-2.05,50945.1,50862.9,88.4,101.2,6.04,224.9,33.38,50870.6,-12.63,33066,1.165,8.08,-86.6,25.077,3.2,11.6
12/28/2021,2:00:00,0,B2,-2.07,50970.8,50863.8,88.3,101.1,6.03,230.5,33.38,50873.8,-12.58,33068,1.166,8.08,-86.6,25.1,3.2,11.6
12/28/2021,2:15:00,0,B2,-2.14,50988.5,50865.7,88.5,101.2,6.04,233.7,33.38,50877.2,-12.64,33070,1.177,8.08,-86.5,25.115,3.2,11.6
12/28/2021,2:30:00,0,B2,-2.14,50973.5,50859.4,88.4,101.2,6.03,226.1,33.37,50870.1,-12.62,33066,1.18,8.08,-86.6,25.106,3.2,11.6
12/28/2021,2:45:00,0,B2,-2.13,50958.8,50855.2,88.3,101,6.02,228.2,33.37,50864.9,-12.58,33062,1.183,8.08,-86.5,25.097,3.2,11.6
12/28/2021,3:00:00,0,B2,-2.16,50968.5,50867.2,88.3,101,6.03,229.7,33.38,50876.7,-12.63,33070,1.18,8.08,-86.4,25.095,3.2,11.6
12/28/2021,3:15:00,0,B2,-2.11,50972,50859.3,88.4,101.1,6.03,230.7,33.37,50869.9,-12.7,33065,1.17,8.08,-86.5,25.105,3.2,11.6
12/28/2021,3:30:00,0,B2,-2.15,50971.3,50865.3,88.2,100.9,6.02,235.4,33.38,50875.2,-12.58,33069,1.175,8.08,-86.5,25.099,3.2,11.6
12/28/2021,3:45:00,0,B2,-2.14,50978.2,50866.3,88.3,101,6.02,236.9,33.38,50876.8,-12.63,33070,1.175,8.08,-86.5,25.104,3.2,11.6
12/28/2021,4:00:00,0,B2,-2.15,50978.1,50865.5,88.2,100.9,6.02,240.3,33.38,50876,-12.63,33069,1.183,8.08,-86.5,25.105,3.2,11.6
12/28/2021,4:15:00,0,B2,-2.15,50978.4,50867.6,88.3,101,6.02,233.3,33.38,50878,-12.59,33071,1.173,8.08,-86.4,25.103,3.2,11.6
12/28/2021,4:30:00,0,B2,-2.07,50992.2,50872.3,88.2,100.9,6.02,235,33.38,50883.5,-12.55,33074,1.168,8.08,-86.4,25.112,3.2,11.6
12/28/2021,4:45:00,0,B2,-2.08,50976.1,50874,88,100.7,6.01,216.5,33.39,50883.5,-12.63,33074,1.169,8.08,-86.4,25.095,3.2,11.6
12/28/2021,5:00:00,0,B2,-2.14,50997.1,50874.3,88.2,100.9,6.02,230.5,33.39,50885.8,-12.63,33076,1.181,8.08,-86.3,25.115,3.2,11.6
12/28/2021,5:15:00,0,B2,-2.15,50975.7,50867.1,88,100.7,6,231.7,33.38,50877.3,-12.64,33070,1.18,8.08,-86.3,25.101,3.2,11.6
12/28/2021,5:30:00,0,B2,-2.12,50977.6,50867,88,100.7,6,234.6,33.38,50877.4,-12.62,33070,1.177,8.08,-86.2,25.103,3.2,11.6
12/28/2021,5:45:00,0,B2,-2.1,50977.8,50866.6,87.9,100.6,6,230.2,33.38,50877,-12.58,33070,1.177,8.08,-86.3,25.104,3.2,11.6
12/28/2021,6:00:00,0,B2,-2.09,50976.2,50865.9,88,100.7,6.01,234.6,33.38,50876.2,-12.67,33070,1.174,8.08,-86.2,25.103,3.2,11.6
12/28/2021,6:15:00,0,B2,-2.12,50986.6,50869.9,88.1,100.8,6.01,230.9,33.38,50880.8,-12.58,33073,1.178,8.08,-86.1,25.109,3.2,11.6
12/28/2021,6:30:00,0,B2,-2.11,50971.1,50865.5,87.8,100.4,5.99,236.6,33.38,50875.4,-12.53,33069,1.181,8.08,-86.2,25.098,3.2,11.6
12/28/2021,6:45:00,0,B2,-2.06,50996.5,50870.6,87.9,100.6,6,238.8,33.38,50882.4,-12.46,33074,1.172,8.08,-86.1,25.117,3.2,11.6
12/28/2021,7:00:00,0,B2,-2.02,50975.5,50870.6,87.9,100.6,6,238.5,33.38,50880.4,-12.48,33072,1.166,8.07,-86,25.098,3.2,11.6
12/28/2021,7:15:00,0,B2,-2.05,50983.8,50866.6,87.9,100.5,5.99,236.7,33.38,50877.5,-12.31,33070,1.173,8.07,-86,25.109,3.2,11.6
12/28/2021,7:30:00,0,B2,-2.02,50981.1,50867.6,87.9,100.6,6,236.1,33.38,50878.3,-12.37,33071,1.172,8.08,-86.1,25.106,3.2,11.6
12/28/2021,7:45:00,0,B2,-1.98,50988.8,50883.5,87.8,100.5,5.99,222.5,33.39,50893.4,-12.15,33081,1.168,8.07,-86,25.098,3.2,11.6
12/28/2021,8:00:00,0,B2,-1.96,50993.5,50873.4,87.9,100.6,6,231.6,33.39,50884.7,-12.3,33075,1.165,8.07,-86,25.112,3.2,11.6
12/28/2021,8:15:00,0,B2,-1.98,50983.4,50870.7,87.9,100.6,6,232.6,33.38,50881.3,-12.3,33073,1.165,8.07,-86,25.105,3.2,11.6
12/28/2021,8:30:00,0,B2,-1.94,50997,50871.8,88.1,100.8,6.01,226.5,33.38,50883.6,-12.19,33074,1.164,8.07,-86.1,25.117,3.2,11.6
12/28/2021,8:45:00,0,B2,-2.02,50984.1,50864.6,88.3,101,6.02,236.6,33.38,50875.8,-12.28,33069,1.179,8.07,-86,25.111,3.2,11.6
12/28/2021,9:00:00,0,B2,-1.99,50984.5,50872.8,88.6,101.3,6.04,236.8,33.38,50883.3,-12.16,33074,1.173,8.07,-86,25.104,3.2,11.6
12/28/2021,9:15:00,0,B2,-1.99,50983.9,50872.1,88.9,101.7,6.06,234.6,33.38,50882.6,-12.16,33074,1.166,8.08,-86.1,25.104,3.2,11.6
12/28/2021,9:30:00,0,B2,-2.04,50981.6,50871,89.2,102,6.08,233.8,33.38,50881.3,-12.18,33073,1.178,8.07,-86.1,25.103,3.2,11.6
12/28/2021,9:45:00,0,B2,-1.99,50970.7,50871.6,89.4,102.3,6.1,235.3,33.38,50880.8,-12.26,33073,1.172,8.08,-86.2,25.092,3.2,11.6
12/28/2021,10:00:00,0,B2,-2.01,50970.2,50871.3,89.8,102.7,6.13,240.3,33.38,50880.6,-12.22,33072,1.173,8.08,-86.3,25.092,3.2,11.6
12/28/2021,10:15:00,0,B2,-2.05,50970.3,50872.2,90.8,103.9,6.19,239.4,33.38,50881.4,-12.2,33073,1.18,8.08,-86.4,25.091,3.2,11.6
12/28/2021,10:30:00,0,B2,-2.03,50970.2,50868.9,90.8,103.9,6.2,237.4,33.38,50878.4,-12.32,33071,1.174,8.08,-86.5,25.094,3.2,11.6
12/28/2021,10:45:00,0,B2,-1.95,50971.6,50869,90.7,103.8,6.19,236.2,33.38,50878.6,-12.14,33071,1.168,8.08,-86.1,25.096,3.2,11.6
12/28/2021,11:00:00,0,B2,-2.01,50970.9,50866.8,91.1,104.3,6.22,240.9,33.38,50876.6,-12.36,33070,1.165,8.08,-86.6,25.097,3.2,11.6
12/28/2021,11:15:00,0,B2,-2.02,50978.2,50866.9,91.5,104.7,6.25,243.6,33.38,50877.3,-12.29,33070,1.175,8.09,-86.7,25.104,3.2,11.6
12/28/2021,11:30:00,0,B2,-2.04,50975.8,50864.4,91.7,104.9,6.26,242.1,33.38,50874.8,-12.36,33069,1.173,8.09,-86.8,25.104,3.2,11.6
12/28/2021,11:45:00,0,B2,-2.04,50979,50862.5,92.3,105.7,6.3,245.2,33.38,50873.4,-12.36,33068,1.173,8.09,-86.8,25.109,3.2,11.6
12/28/2021,12:00:00,0,B2,-2.04,50983.4,50863.5,92.3,105.6,6.3,245.6,33.38,50874.8,-12.29,33069,1.173,8.09,-87,25.112,3.2,11.6
12/28/2021,12:15:00,0,B2,-2.06,50985.2,50859.5,92.4,105.8,6.31,241.1,33.38,50871.3,-12.32,33066,1.173,8.09,-87,25.117,3.2,11.6
12/28/2021,12:30:00,0,B2,-2.07,50990.2,50859.8,93.2,106.7,6.36,239.2,33.38,50872,-12.42,33067,1.177,8.09,-87.2,25.122,3.2,11.6
12/28/2021,12:45:00,0,B2,-2.07,50987.7,50858.1,93,106.4,6.35,242.2,33.37,50870.2,-12.34,33066,1.178,8.09,-87.2,25.121,3.2,11.6
12/28/2021,13:00:00,0,B2,-2.06,50990.6,50858.7,93.3,106.8,6.36,244.5,33.38,50871,-12.35,33066,1.175,8.1,-87.3,25.123,3.2,11.6
12/28/2021,13:15:00,0,B2,-2.05,50991.8,50858.1,93.3,106.8,6.36,245.5,33.37,50870.6,-12.39,33066,1.173,8.09,-87.1,25.125,3.2,11.6
12/28/2021,13:30:00,0,B2,-2.05,50991.7,50854.4,93.8,107.3,6.4,239.1,33.37,50867.2,-12.49,33064,1.174,8.1,-87.6,25.128,3.2,11.6
12/28/2021,13:45:00,0,B2,-2.12,50993.6,50854.5,93.8,107.3,6.4,233.1,33.37,50867.5,-12.4,33064,1.183,8.1,-87.6,25.13,3.2,11.6
12/28/2021,14:00:00,0,B2,-1.99,50992.6,50856.2,93.7,107.2,6.39,239.1,33.37,50868.9,-12.33,33065,1.171,8.1,-87.6,25.127,3.2,11.6
12/28/2021,14:15:00,0,B2,-2.07,50991.3,50854.3,94.1,107.7,6.42,237,33.37,50867.1,-12.41,33064,1.17,8.1,-87.8,25.128,3.2,11.6
12/28/2021,14:30:00,0,B2,-2.07,50990.5,50853.1,94.1,107.7,6.42,230.8,33.37,50865.9,-12.35,33063,1.175,8.1,-87.8,25.128,3.2,11.6
12/28/2021,14:45:00,0,B2,-2.05,50992.3,50855.4,94.1,107.7,6.42,233.5,33.37,50868.3,-12.39,33064,1.167,8.11,-88,25.128,3.2,11.6
12/28/2021,15:00:00,0,B2,-2.05,50989.1,50855.3,94,107.5,6.41,240.2,33.37,50867.8,-12.4,33064,1.173,8.11,-88,25.125,3.2,11.6
12/28/2021,15:15:00,0,B2,-2.06,50987.7,50854.7,93.9,107.5,6.41,234.5,33.37,50867.2,-12.4,33064,1.165,8.11,-88,25.124,3.2,11.6
12/28/2021,15:30:00,0,B2,-2.02,50986.3,50855.1,93.9,107.4,6.41,224.2,33.37,50867.4,-12.47,33064,1.165,8.11,-88.1,25.122,3.2,11.6
12/28/2021,15:45:00,0,B2,-2.07,50985.9,50857.5,93.9,107.4,6.4,235,33.37,50869.5,-12.47,33065,1.166,8.11,-88.1,25.12,3.2,11.6
12/28/2021,16:00:00,0,B2,-2.09,50981.4,50858.5,93.9,107.5,6.41,233.1,33.37,50870,-12.54,33065,1.176,8.1,-87.8,25.115,3.2,11.6
12/28/2021,16:15:00,0,B2,-2.05,50981.8,50857.3,93.8,107.3,6.4,231.3,33.37,50868.9,-12.56,33065,1.167,8.11,-88.2,25.116,3.2,11.6
12/28/2021,16:30:00,0,B2,-2.14,50976.4,50854,93.7,107.2,6.39,232.1,33.37,50865.5,-12.46,33063,1.175,8.11,-88.3,25.114,3.2,11.6
12/28/2021,16:45:00,0,B2,-2.12,50972.1,50858.2,93.7,107.2,6.39,232,33.37,50868.9,-12.61,33065,1.175,8.11,-88.3,25.106,3.2,11.6
12/28/2021,17:00:00,0,B2,-2.04,50971.2,50857.4,93.6,107.1,6.39,238,33.37,50868,-12.46,33064,1.165,8.11,-88,25.106,3.2,11.6
12/28/2021,17:15:00,0,B2,-2.08,50965.2,50856.9,93.5,107,6.38,238.5,33.37,50867,-12.59,33064,1.165,8.11,-88.4,25.101,3.2,11.6
12/28/2021,17:30:00,0,B2,-2.17,50959.1,50855,93.3,106.8,6.37,233.9,33.37,50864.8,-12.63,33062,1.183,8.11,-88.3,25.097,3.2,11.6
12/28/2021,17:45:00,0,B2,-2.1,50955.2,50856.5,93.1,106.6,6.36,234.9,33.37,50865.7,-12.61,33063,1.173,8.11,-88.1,25.092,3.2,11.6
12/28/2021,18:00:00,0,B2,-2.08,50948.4,50858.5,93,106.4,6.35,239,33.37,50866.9,-12.64,33063,1.17,8.11,-88.3,25.084,3.2,11.6
12/28/2021,18:15:00,0,B2,-2.14,50939.4,50858.7,92.8,106.2,6.34,240.9,33.37,50866.2,-12.59,33063,1.175,8.11,-88.3,25.075,3.2,11.6
12/28/2021,18:30:00,0,B2,-2.12,50932.7,50857.3,92.7,106,6.33,240.9,33.37,50864.4,-12.62,33062,1.175,8.11,-88.3,25.07,3.2,11.6
12/28/2021,18:45:00,0,B2,-2.05,50925.6,50859.1,92.6,105.9,6.32,241.1,33.37,50865.4,-12.58,33062,1.166,8.11,-88.3,25.062,3.2,11.6
12/28/2021,19:00:00,0,B2,-2.05,50922.3,50858.7,92.2,105.5,6.3,237.5,33.37,50864.6,-12.58,33062,1.168,8.11,-88.2,25.059,3.2,11.6
12/28/2021,19:15:00,0,B2,-2.09,50914.9,50857,92.1,105.4,6.29,236.9,33.37,50862.5,-12.62,33061,1.172,8.11,-88.3,25.054,3.2,11.6
12/28/2021,19:30:00,0,B2,-2.1,50923.1,50859.6,92,105.3,6.29,237.9,33.37,50865.5,-12.61,33063,1.173,8.11,-88.2,25.059,3.2,11.6
12/28/2021,19:45:00,0,B2,-2.1,50925.9,50858.1,91.8,105.1,6.27,237.1,33.37,50864.5,-12.66,33062,1.172,8.11,-88.2,25.063,3.2,11.6
12/28/2021,20:00:00,0,B2,-2.09,50928.5,50855,91.7,104.9,6.26,238.1,33.37,50861.8,-12.58,33060,1.169,8.11,-88.2,25.069,3.2,11.6
12/28/2021,20:15:00,0,B2,-2.07,50955.1,50862,91.5,104.7,6.24,237.5,33.38,50870.7,-12.66,33066,1.167,8.11,-88.1,25.087,3.2,11.6
12/28/2021,20:30:00,0,B2,-2.15,50937.3,50860.5,91.3,104.4,6.23,237.3,33.37,50867.7,-12.66,33064,1.174,8.1,-87.8,25.072,3.2,11.6
12/28/2021,20:45:00,0,B2,-2.15,50936.9,50857.3,91,104.1,6.21,230.9,33.37,50864.8,-12.68,33062,1.182,8.11,-88.1,25.074,3.2,11.6
12/28/2021,21:00:00,0,B2,-2.12,50947.5,50861.3,90.9,104,6.21,232.4,33.38,50869.4,-12.6,33065,1.175,8.11,-88,25.08,3.2,11.6
12/28/2021,21:15:00,0,B2,-2.14,50943.1,50858.4,90.9,104,6.21,232.8,33.37,50866.3,-12.63,33063,1.18,8.11,-88.1,25.079,3.2,11.6
12/28/2021,21:30:00,0,B2,-2.14,50935.8,50856.5,90.7,103.8,6.19,218,33.37,50863.9,-12.62,33062,1.176,8.11,-88.1,25.074,3.2,11.6
12/28/2021,21:45:00,0,B2,-2.15,50947.3,50861.6,90.6,103.7,6.19,200.3,33.38,50869.6,-12.65,33065,1.177,8.11,-88,25.08,3.2,11.6
12/28/2021,22:00:00,0,B2,-2.09,50942.1,50855.6,90.3,103.3,6.17,228.4,33.37,50863.7,-12.57,33061,1.165,8.11,-87.9,25.081,3.2,11.6
12/28/2021,22:15:00,0,B2,-2.13,50946.8,50857.6,90.3,103.3,6.16,228.9,33.37,50865.9,-12.58,33063,1.176,8.11,-87.9,25.083,3.2,11.6
12/28/2021,22:30:00,0,B2,-2.13,50955,50860,90.2,103.2,6.15,230.3,33.37,50868.9,-12.67,33065,1.173,8.1,-87.9,25.089,3.2,11.6
12/28/2021,22:45:00,0,B2,-2.08,50944.6,50855.5,90,103,6.14,235.4,33.37,50863.9,-12.64,33062,1.168,8.1,-87.6,25.083,3.2,11.6
12/28/2021,23:00:00,0,B2,-2.08,50972.2,50865,90,103,6.14,235.5,33.38,50875,-12.6,33069,1.169,8.1,-87.8,25.1,3.2,11.6
12/28/2021,23:15:00,0,B2,-2.12,50961.6,50860.1,89.9,102.9,6.14,235.5,33.37,50869.6,-12.58,33065,1.176,8.1,-87.8,25.095,3.2,11.6
12/28/2021,23:30:00,0,B2,-2.18,50967.3,50861.4,89.8,102.7,6.13,239.7,33.38,50871.3,-12.69,33066,1.183,8.1,-87.7,25.099,3.2,11.6
12/28/2021,23:45:00,0,B2,-2.12,50963.4,50859.5,89.7,102.7,6.12,234,33.37,50869.2,-12.69,33065,1.172,8.1,-87.7,25.097,3.2,11.6
12/29/2021,0:00:00,0,B2,-2.03,50955.1,50860.6,89.6,102.5,6.11,239.9,33.37,50869.5,-12.58,33065,1.165,8.1,-87.4,25.088,3.2,11.6
12/29/2021,0:15:00,0,B2,-2.09,50960.6,50857,89.3,102.2,6.09,236.8,33.37,50866.7,-12.6,33063,1.166,8.1,-87.7,25.097,3.2,11.6
12/29/2021,0:30:00,0,B2,-2.16,50978.6,50857.6,89.3,102.2,6.09,233.4,33.37,50868.9,-12.64,33065,1.182,8.1,-87.5,25.113,3.2,11.6
12/29/2021,0:45:00,0,B2,-2.15,50976.7,50858,89.2,102.1,6.09,229.6,33.37,50869.1,-12.62,33065,1.179,8.1,-87.5,25.111,3.2,11.6
12/29/2021,1:00:00,0,B2,-2.15,50996.2,50859.8,89.2,102.1,6.08,237.2,33.38,50872.5,-12.67,33067,1.174,8.1,-87.4,25.127,3.2,11.6
12/29/2021,1:15:00,0,B2,-2.1,50983.6,50861.1,89.1,101.9,6.08,230.8,33.38,50872.5,-12.63,33067,1.173,8.1,-87.5,25.114,3.2,11.6
12/29/2021,1:30:00,0,B2,-2.11,50970.4,50860.2,88.8,101.6,6.06,235.1,33.38,50870.5,-12.59,33066,1.175,8.09,-87.3,25.103,3.2,11.6
12/29/2021,1:45:00,0,B2,-2.17,50976.1,50860.4,89,101.8,6.07,234.1,33.38,50871.2,-12.68,33066,1.184,8.1,-87.3,25.108,3.2,11.6
12/29/2021,2:00:00,0,B2,-2.15,50981,50859.2,88.9,101.8,6.07,239.6,33.38,50870.6,-12.66,33066,1.179,8.1,-87.4,25.114,3.2,11.6
12/29/2021,2:15:00,0,B2,-2.11,50964.5,50857.9,88.8,101.6,6.06,241.3,33.37,50867.9,-12.72,33064,1.173,8.1,-87.3,25.099,3.2,11.6
12/29/2021,2:30:00,0,B2,-2.13,50972.2,50859.7,88.8,101.6,6.06,238,33.38,50870.2,-12.63,33066,1.175,8.1,-87.3,25.105,3.2,11.6
12/29/2021,2:45:00,0,B2,-2.11,50976.8,50859.9,88.7,101.5,6.05,231.9,33.38,50870.8,-12.64,33066,1.172,8.09,-87.3,25.109,3.2,11.6
12/29/2021,3:00:00,0,B2,-2.15,50992.6,50861.5,88.7,101.5,6.05,229.5,33.38,50873.8,-12.62,33068,1.175,8.09,-87.3,25.122,3.2,11.6
12/29/2021,3:15:00,0,B2,-2.16,50974.8,50862.9,88.5,101.3,6.04,236.8,33.38,50873.4,-12.61,33068,1.177,8.09,-87.2,25.104,3.2,11.6
12/29/2021,3:30:00,0,B2,-2.07,50986.4,50861.5,88.6,101.4,6.04,238.8,33.38,50873.2,-12.64,33068,1.167,8.09,-87.2,25.116,3.2,11.6
12/29/2021,3:45:00,0,B2,-2.12,50974.7,50860.9,88.4,101.1,6.03,238.8,33.38,50871.5,-12.72,33067,1.169,8.1,-87.3,25.106,3.2,11.6
12/29/2021,4:00:00,0,B2,-2.18,50986.6,50861.7,88.4,101.1,6.03,230.5,33.38,50873.4,-12.72,33068,1.183,8.09,-87.2,25.117,3.2,11.6
12/29/2021,4:15:00,0,B2,-2.12,50989.9,50862.5,88.4,101.1,6.03,238.5,33.38,50874.4,-12.68,33068,1.174,8.09,-87.1,25.119,3.2,11.6
12/29/2021,4:30:00,0,B2,-2.06,50981.4,50862,88.4,101.1,6.03,232.2,33.38,50873.2,-12.66,33068,1.166,8.09,-87.2,25.111,3.2,11.6
12/29/2021,4:45:00,0,B2,-2.12,50981.2,50863.9,88.3,101,6.02,222.8,33.38,50874.9,-12.66,33069,1.173,8.09,-87.2,25.109,3.2,11.6
12/29/2021,5:00:00,0,B2,-2.15,50977.1,50854.4,88.3,101,6.02,232.3,33.37,50865.9,-12.67,33063,1.18,8.09,-87.1,25.114,3.2,11.6
12/29/2021,5:15:00,0,B2,-2.14,50981.7,50867.1,88.2,100.9,6.02,226.3,33.38,50877.9,-12.6,33071,1.177,8.09,-87,25.107,3.2,11.6
12/29/2021,5:30:00,0,B2,-2.11,50982.4,50861.9,88.2,100.9,6.02,227.7,33.38,50873.2,-12.68,33068,1.174,8.09,-87.1,25.112,3.2,11.6
12/29/2021,5:45:00,0,B2,-2.07,50983.3,50866.4,88.2,100.9,6.02,234.1,33.38,50877.3,-12.59,33070,1.166,8.09,-87,25.109,3.2,11.6
12/29/2021,6:00:00,0,B2,-2.08,50985.3,50866.7,88.1,100.9,6.01,235.3,33.38,50877.8,-12.62,33071,1.165,8.09,-87.1,25.111,3.2,11.6
12/29/2021,6:15:00,0,B2,-2.15,50991.3,50868.9,88.1,100.9,6.01,238.4,33.38,50880.3,-12.58,33072,1.184,8.09,-87.1,25.114,3.2,11.6
12/29/2021,6:30:00,0,B2,-2.15,50982.4,50864.1,88.1,100.8,6.01,233.7,33.38,50875.1,-12.58,33069,1.182,8.09,-87,25.11,3.2,11.6
12/29/2021,6:45:00,0,B2,-2.12,50976.5,50863.2,88.1,100.8,6.01,234.4,33.38,50873.8,-12.53,33068,1.172,8.09,-87,25.106,3.2,11.6
12/29/2021,7:00:00,0,B2,-2.1,50982.2,50865.3,88.1,100.8,6.01,228.2,33.38,50876.3,-12.47,33070,1.177,8.09,-87,25.109,3.2,11.6
12/29/2021,7:15:00,0,B2,-2.03,50990.7,50869.4,88,100.7,6.01,235.3,33.38,50880.8,-12.47,33073,1.171,8.08,-86.6,25.113,3.2,11.6
12/29/2021,7:30:00,0,B2,-1.98,50984.7,50867.6,88,100.7,6,231.4,33.38,50878.6,-12.4,33071,1.166,8.09,-86.9,25.109,3.2,11.6
12/29/2021,7:45:00,0,B2,-1.97,50983.4,50865.4,88,100.7,6,238.7,33.38,50876.4,-12.42,33070,1.166,8.09,-86.8,25.11,3.2,11.6
12/29/2021,8:00:00,0,B2,-1.99,50972.3,50860.4,87.9,100.6,6,235.1,33.38,50870.9,-12.27,33066,1.173,8.09,-86.8,25.104,3.2,11.6
12/29/2021,8:15:00,0,B2,-2.08,50969.1,50865.2,87.9,100.6,6,236,33.38,50875,-12.2,33069,1.174,8.09,-86.9,25.097,3.2,11.6
12/29/2021,8:30:00,0,B2,-2.04,50977.5,50867.2,88,100.7,6,234.1,33.38,50877.6,-12.3,33070,1.18,8.09,-86.8,25.103,3.2,11.6
12/29/2021,8:45:00,0,B2,-2.03,50977.4,50875.4,88,100.6,6,230.1,33.39,50885,-12.2,33075,1.18,8.09,-86.8,25.095,3.2,11.6
12/29/2021,9:00:00,0,B2,-2.01,50983,50866,88.2,100.9,6.01,234.4,33.38,50877,-12.21,33070,1.177,8.09,-86.8,25.109,3.2,11.6
12/29/2021,9:15:00,0,B2,-1.91,50985.5,50868.1,88.3,101,6.02,234.6,33.38,50879.1,-12.08,33071,1.169,8.09,-86.8,25.11,3.2,11.6
12/29/2021,9:30:00,0,B2,-1.94,50983.1,50867.4,88.4,101.1,6.03,228.3,33.38,50878.3,-12.16,33071,1.166,8.08,-86.5,25.108,3.2,11.6
12/29/2021,9:45:00,0,B2,-2.01,50980.6,50866.3,88.5,101.2,6.04,223.5,33.38,50877,-12.23,33070,1.175,8.09,-86.8,25.107,3.2,11.6
12/29/2021,10:00:00,0,B2,-2,50982.7,50875.7,88.6,101.4,6.04,235.1,33.39,50885.7,-12.25,33076,1.177,8.08,-86.5,25.1,3.2,11.6
12/29/2021,10:15:00,0,B2,-1.98,50973.8,50868.4,88.8,101.6,6.06,227.5,33.38,50878.2,-12.17,33071,1.178,8.08,-86.7,25.098,3.2,11.6
12/29/2021,10:30:00,0,B2,-2.03,50976.5,50870.5,89.2,102,6.08,234.5,33.38,50880.4,-12.17,33072,1.184,8.09,-86.9,25.099,3.2,11.6
12/29/2021,10:45:00,0,B2,-1.93,50969,50868.5,89.3,102.1,6.09,235,33.38,50877.9,-12.07,33071,1.172,8.09,-86.8,25.094,3.2,11.6
12/29/2021,11:00:00,0,B2,-2.03,50965.1,50868.7,89.9,102.9,6.13,227.5,33.38,50877.8,-12.15,33071,1.172,8.09,-87,25.09,3.2,11.6
12/29/2021,11:15:00,0,B2,-1.99,50972.6,50868.9,90.3,103.3,6.16,235,33.38,50878.6,-12.18,33071,1.178,8.09,-87.1,25.097,3.2,11.6
12/29/2021,11:30:00,0,B2,-2,50974.2,50869.7,90.7,103.8,6.19,225.2,33.38,50879.5,-12.25,33072,1.171,8.09,-87.1,25.097,3.2,11.6
12/29/2021,11:45:00,0,B2,-1.97,50964.5,50866.9,90.6,103.7,6.18,235.8,33.38,50876.1,-12.24,33069,1.166,8.09,-86.8,25.091,3.2,11.6
12/29/2021,12:00:00,0,B2,-2.01,50964.8,50869.5,91.2,104.3,6.22,233.5,33.38,50878.4,-12.37,33071,1.172,8.1,-87.3,25.089,3.2,11.6
12/29/2021,12:15:00,0,B2,-2.01,50964,50868.1,91.3,104.5,6.23,236.9,33.38,50877,-12.24,33070,1.173,8.09,-87.3,25.09,3.2,11.6
12/29/2021,12:30:00,0,B2,-2.03,50963,50868,91.7,104.9,6.26,239.1,33.38,50876.9,-12.36,33070,1.175,8.1,-87.4,25.089,3.2,11.6
12/29/2021,12:45:00,0,B2,-2.04,50957.8,50868.6,91.8,105.1,6.27,240.2,33.38,50876.9,-12.26,33070,1.181,8.1,-87.5,25.083,3.2,11.6
12/29/2021,13:00:00,0,B2,-1.99,50958.6,50866.9,92.2,105.5,6.29,227,33.38,50875.5,-12.18,33069,1.165,8.1,-87.5,25.086,3.2,11.6
12/29/2021,13:15:00,0,B2,-2.06,50958,50865.2,92.4,105.7,6.31,229.3,33.38,50873.9,-12.29,33068,1.176,8.1,-87.7,25.087,3.2,11.6
12/29/2021,13:30:00,0,B2,-2.05,50954.7,50865.7,92.5,105.8,6.31,236.1,33.38,50874,-12.38,33068,1.174,8.1,-87.7,25.083,3.2,11.6
12/29/2021,13:45:00,0,B2,-2.05,50953,50866.7,92.6,106,6.32,234,33.38,50874.8,-12.31,33069,1.17,8.1,-87.6,25.08,3.2,11.6
12/29/2021,14:00:00,0,B2,-2.1,50946.4,50864.3,92.6,105.9,6.32,238.4,33.38,50872,-12.44,33067,1.184,8.1,-87.8,25.077,3.2,11.6
12/29/2021,14:15:00,0,B2,-2.07,50945.8,50867.6,92.7,106,6.33,239.8,33.38,50875,-12.38,33069,1.179,8.1,-87.8,25.073,3.2,11.6
12/29/2021,14:30:00,0,B2,-2.02,50943.4,50866.3,93,106.5,6.35,240.5,33.38,50873.5,-12.42,33068,1.173,8.11,-87.9,25.072,3.2,11.6
12/29/2021,14:45:00,0,B2,-2.07,50939.8,50866.9,92.9,106.3,6.34,241.2,33.38,50873.8,-12.39,33068,1.175,8.11,-88,25.068,3.2,11.6
12/29/2021,15:00:00,0,B2,-2.06,50937.3,50866.6,93,106.4,6.35,233.3,33.38,50873.2,-12.42,33068,1.173,8.1,-87.7,25.066,3.2,11.6
12/29/2021,15:15:00,0,B2,-2.07,50935.1,50866.7,93.1,106.5,6.35,236.9,33.38,50873.1,-12.47,33068,1.166,8.11,-88.1,25.064,3.2,11.6
12/29/2021,15:30:00,0,B2,-2.07,50932.1,50866.6,93.1,106.5,6.36,238,33.38,50872.7,-12.51,33067,1.178,8.11,-88.1,25.061,3.2,11.6
12/29/2021,15:45:00,0,B2,-2.05,50936.1,50867.5,93.1,106.5,6.36,215.3,33.38,50873.9,-12.49,33068,1.175,8.1,-87.8,25.064,3.2,11.6
12/29/2021,16:00:00,0,B2,-2.07,50930.8,50868.5,93.1,106.6,6.36,206.2,33.38,50874.4,-12.41,33068,1.172,8.11,-88.1,25.058,3.2,11.6
12/29/2021,16:15:00,0,B2,-2.09,50924.7,50867.2,93.2,106.6,6.36,226.1,33.38,50872.6,-12.5,33067,1.173,8.11,-88.3,25.054,3.2,11.6
12/29/2021,16:30:00,0,B2,-2.09,50934.8,50867.3,93,106.4,6.35,226.3,33.38,50873.6,-12.53,33068,1.177,8.11,-88.2,25.063,3.2,11.6
12/29/2021,16:45:00,0,B2,-2.08,50932.3,50866.8,92.9,106.3,6.35,232.5,33.38,50873,-12.48,33067,1.173,8.11,-88.3,25.061,3.2,11.6
12/29/2021,17:00:00,0,B2,-2.06,50934,50867.8,92.8,106.2,6.34,235.5,33.38,50874,-12.54,33068,1.168,8.11,-88.2,25.062,3.2,11.6
12/29/2021,17:15:00,0,B2,-2.11,50934.6,50866.8,92.8,106.1,6.33,236.2,33.38,50873.1,-12.58,33068,1.173,8.11,-88,25.063,3.2,11.6
12/29/2021,17:30:00,0,B2,-2.08,50935,50866.2,92.6,106,6.32,229,33.38,50872.6,-12.58,33067,1.173,8.11,-88.2,25.064,3.2,11.6
12/29/2021,17:45:00,0,B2,-2.12,50940,50868.1,92.5,105.8,6.31,233.9,33.38,50874.8,-12.57,33069,1.174,8.11,-88.2,25.067,3.2,11.6
12/29/2021,18:00:00,0,B2,-2.15,50930.7,50867.3,92.3,105.6,6.3,241.3,33.38,50873.2,-12.62,33068,1.182,8.11,-88.1,25.059,3.2,11.6
12/29/2021,18:15:00,0,B2,-2.13,50938.6,50868.1,92.1,105.4,6.29,240.4,33.38,50874.7,-12.56,33069,1.182,8.11,-88.2,25.066,3.2,11.6
12/29/2021,18:30:00,0,B2,-2.13,50934.4,50866,92.1,105.4,6.29,241.7,33.38,50872.4,-12.64,33067,1.179,8.11,-88.1,25.064,3.2,11.6
12/29/2021,18:45:00,0,B2,-2.12,50935.2,50867.5,91.9,105.2,6.28,241,33.38,50873.8,-12.57,33068,1.176,8.11,-88.2,25.063,3.2,11.6
12/29/2021,19:00:00,0,B2,-2.08,50953.3,50863.6,91.8,105,6.26,242.3,33.38,50872,-12.64,33067,1.168,8.11,-88,25.084,3.2,11.6
12/29/2021,19:15:00,0,B2,-2.07,50947.6,50863.1,91.6,104.8,6.25,229.6,33.38,50871,-12.68,33066,1.168,8.11,-88,25.079,3.2,11.6
12/29/2021,19:30:00,0,B2,-2.15,50953.5,50867.8,91.4,104.6,6.24,233.2,33.38,50875.8,-12.63,33069,1.183,8.11,-88,25.08,3.2,11.6
12/29/2021,19:45:00,0,B2,-2.1,50954.2,50865.8,91.4,104.6,6.24,234.3,33.38,50874.1,-12.61,33068,1.173,8.11,-88,25.082,3.2,11.6
12/29/2021,20:00:00,0,B2,-2.08,50962.9,50867.2,91.2,104.3,6.22,229.9,33.38,50876.2,-12.56,33070,1.166,8.11,-88.1,25.089,3.2,11.6
12/29/2021,20:15:00,0,B2,-2.14,50969.2,50869.1,91,104.2,6.21,234.1,33.38,50878.4,-12.64,33071,1.178,8.1,-87.7,25.093,3.2,11.6
12/29/2021,20:30:00,0,B2,-2.09,50966.1,50864.5,91,104.1,6.21,214.1,33.38,50874,-12.63,33068,1.172,8.1,-87.8,25.095,3.2,11.6
12/29/2021,20:45:00,0,B2,-2.14,50964.3,50865.8,90.8,103.9,6.2,231.7,33.38,50875,-12.67,33069,1.174,8.1,-87.4,25.092,3.2,11.6
12/29/2021,21:00:00,0,B2,-2.11,50964,50865.1,90.6,103.7,6.19,228.3,33.38,50874.3,-12.65,33068,1.172,8.11,-87.9,25.092,3.2,11.6
12/29/2021,21:15:00,0,B2,-2.14,50962.1,50864.5,90.5,103.6,6.18,235.7,33.38,50873.7,-12.7,33068,1.174,8.1,-87.7,25.091,3.2,11.6
12/29/2021,21:30:00,0,B2,-2.15,50964.2,50870.6,90.3,103.3,6.16,240.1,33.38,50879.3,-12.67,33072,1.181,8.1,-87.7,25.087,3.2,11.6
12/29/2021,21:45:00,0,B2,-2.15,50958.3,50866.8,90.3,103.3,6.16,239.6,33.38,50875.4,-12.67,33069,1.175,8.1,-87.5,25.085,3.2,11.6
12/29/2021,22:00:00,0,B2,-2.14,50956.3,50862.1,90.2,103.2,6.16,239.2,33.38,50870.9,-12.7,33066,1.18,8.1,-87.8,25.088,3.2,11.6
12/29/2021,22:15:00,0,B2,-2.1,50986.3,50867.9,90.2,103.2,6.15,240.2,33.38,50879,-12.67,33071,1.175,8.1,-87.5,25.11,3.2,11.6
12/29/2021,22:30:00,0,B2,-2.08,50963.8,50865.6,90.1,103.1,6.15,238.5,33.38,50874.8,-12.65,33069,1.169,8.1,-87.6,25.092,3.2,11.6
12/29/2021,22:45:00,0,B2,-2.07,50976.6,50871.8,90,102.9,6.14,237.7,33.38,50881.6,-12.68,33073,1.166,8.1,-87.4,25.098,3.2,11.6
12/29/2021,23:00:00,0,B2,-2.11,50944.6,50856.1,89.7,102.6,6.12,235.3,33.37,50864.4,-12.64,33062,1.172,8.1,-87.5,25.083,3.2,11.6
12/29/2021,23:15:00,0,B2,-2.13,50976.7,50872.7,89.8,102.8,6.13,236.2,33.38,50882.5,-12.71,33074,1.176,8.1,-87.4,25.097,3.2,11.6
12/29/2021,23:30:00,0,B2,-2.17,50967.2,50869.8,89.7,102.7,6.12,236.9,33.38,50878.9,-12.65,33071,1.18,8.1,-87.5,25.091,3.2,11.6
12/29/2021,23:45:00,0,B2,-2.15,50962.8,50868.4,89.6,102.5,6.12,233.9,33.38,50877.2,-12.68,33070,1.182,8.1,-87.5,25.088,3.2,11.6
12/30/2021,0:00:00,0,B2,-2.13,50969.4,50869.6,89.5,102.4,6.11,235.8,33.38,50878.9,-12.71,33071,1.173,8.1,-87.4,25.093,3.2,11.6
12/30/2021,0:15:00,0,B2,-2.1,50973.6,50869.6,89.5,102.4,6.11,239.3,33.38,50879.4,-12.69,33072,1.171,8.1,-87.4,25.097,3.2,11.6
12/30/2021,0:30:00,0,B2,-2.08,50985.8,50869.2,89.4,102.3,6.1,238.6,33.38,50880.1,-12.58,33072,1.165,8.1,-87.3,25.109,3.2,11.6
12/30/2021,0:45:00,0,B2,-2.13,50981.9,50874,89.4,102.3,6.1,230.5,33.39,50884.1,-12.68,33075,1.179,8.09,-87.2,25.101,3.2,11.6
12/30/2021,1:00:00,0,B2,-2.14,50987.3,50873.2,89.4,102.3,6.1,233.3,33.39,50883.9,-12.64,33075,1.179,8.1,-87.3,25.106,3.2,11.6
12/30/2021,1:15:00,0,B2,-2.14,50979.6,50872.9,89.3,102.1,6.09,228.9,33.38,50882.9,-12.63,33074,1.18,8.09,-87.2,25.1,3.2,11.6
12/30/2021,1:30:00,0,B2,-2.14,50988.3,50873.2,89.3,102.1,6.09,238,33.39,50884,-12.66,33075,1.175,8.09,-87.2,25.107,3.2,11.6
12/30/2021,1:45:00,0,B2,-2.16,50973.8,50871.1,89.1,101.9,6.08,231.2,33.38,50880.7,-12.63,33072,1.18,8.09,-87.2,25.096,3.2,11.6
12/30/2021,2:00:00,0,B2,-2.18,50977.9,50870.9,89.2,102.1,6.09,235.6,33.38,50880.9,-12.66,33073,1.183,8.09,-87.3,25.1,3.2,11.6
12/30/2021,2:15:00,0,B2,-2.15,50985.6,50871.3,89.1,102,6.08,233.9,33.38,50882,-12.68,33073,1.178,8.09,-87,25.107,3.2,11.6
12/30/2021,2:30:00,0,B2,-2.1,50985.2,50871.5,89.1,101.9,6.08,216.8,33.38,50882.2,-12.62,33073,1.17,8.09,-87.1,25.106,3.2,11.6
12/30/2021,2:45:00,0,B2,-2.14,50998.4,50875.7,89.1,101.9,6.08,229.7,33.39,50887.2,-12.64,33077,1.173,8.09,-87.3,25.114,3.2,11.6
12/30/2021,3:00:00,0,B2,-2.18,50982.6,50873.4,88.9,101.8,6.07,235.6,33.39,50883.6,-12.69,33074,1.183,8.09,-87.2,25.102,3.2,11.6
12/30/2021,3:15:00,0,B2,-2.12,50988.4,50871.3,88.9,101.8,6.07,221,33.38,50882.3,-12.66,33073,1.173,8.09,-86.9,25.109,3.2,11.6
12/30/2021,3:30:00,0,B2,-2.07,50984.6,50869.5,88.8,101.7,6.06,218.2,33.38,50880.3,-12.7,33072,1.165,8.09,-87.2,25.107,3.2,11.6
12/30/2021,3:45:00,0,B2,-2.06,50983.1,50875,88.8,101.6,6.06,229.1,33.39,50885.1,-12.67,33075,1.165,8.09,-87.1,25.101,3.2,11.6
12/30/2021,4:00:00,0,B2,-2.1,51000,50873.7,88.9,101.7,6.06,225.4,33.39,50885.5,-12.69,33076,1.165,8.09,-86.9,25.118,3.2,11.6
12/30/2021,4:15:00,0,B2,-2.17,50985.1,50872.1,88.7,101.5,6.05,229.1,33.38,50882.7,-12.61,33074,1.183,8.09,-87.2,25.105,3.2,11.6
12/30/2021,4:30:00,0,B2,-2.13,51002.9,50874.6,88.8,101.6,6.05,233.3,33.39,50886.6,-12.64,33076,1.175,8.09,-87,25.12,3.2,11.6
12/30/2021,4:45:00,0,B2,-2.16,50998,50876,88.7,101.5,6.05,227.2,33.39,50887.4,-12.7,33077,1.176,8.09,-86.9,25.114,3.2,11.6
12/30/2021,5:00:00,0,B2,-2.14,50991.8,50873.1,88.6,101.4,6.05,228.2,33.39,50884.2,-12.61,33075,1.178,8.09,-86.9,25.111,3.2,11.6
12/30/2021,5:15:00,0,B2,-2.11,50997.5,50877.7,88.6,101.4,6.04,230.3,33.39,50888.9,-12.67,33078,1.174,8.09,-86.8,25.112,3.2,11.6
12/30/2021,5:30:00,0,B2,-2.09,50987.5,50872.5,88.7,101.5,6.05,234.4,33.38,50883.2,-12.64,33074,1.169,8.09,-86.8,25.107,3.2,11.6
12/30/2021,5:45:00,0,B2,-2.14,51007.6,50873.1,88.7,101.4,6.05,239,33.39,50885.7,-12.69,33076,1.173,8.09,-86.8,25.125,3.2,11.6
12/30/2021,6:00:00,0,B2,-2.12,50986.5,50873.2,88.5,101.3,6.04,229.2,33.39,50883.8,-12.59,33074,1.178,8.09,-86.9,25.106,3.2,11.6
12/30/2021,6:15:00,0,B2,-2.09,51015.1,50878,88.5,101.3,6.04,235.8,33.39,50890.8,-12.65,33079,1.17,8.09,-86.9,25.128,3.2,11.6
12/30/2021,6:30:00,0,B2,-2.07,51005,50873.6,88.5,101.3,6.04,228.4,33.39,50885.9,-12.64,33076,1.169,8.09,-86.8,25.123,3.2,11.6
12/30/2021,6:45:00,0,B2,-2.13,50995.8,50876.4,88.5,101.3,6.04,231.6,33.39,50887.6,-12.61,33077,1.173,8.09,-86.8,25.111,3.2,11.6
12/30/2021,7:00:00,0,B2,-2.13,50993.8,50873.8,88.5,101.2,6.04,233,33.39,50885,-12.62,33075,1.183,8.09,-86.8,25.112,3.2,11.6
12/30/2021,7:15:00,0,B2,-2.09,50981.5,50872.6,88.5,101.2,6.04,235.9,33.38,50882.8,-12.48,33074,1.176,8.09,-86.7,25.102,3.2,11.6
12/30/2021,7:30:00,0,B2,-2.06,50993.2,50873.3,88.4,101.1,6.03,231.6,33.39,50884.6,-12.47,33075,1.176,8.09,-86.7,25.112,3.2,11.6
12/30/2021,7:45:00,0,B2,-2.08,50990.1,50876.1,88.3,101,6.02,233.7,33.39,50886.8,-12.36,33076,1.184,8.08,-86.7,25.106,3.2,11.6
12/30/2021,8:00:00,0,B2,-2.05,50993.3,50878,88.3,101,6.02,234.1,33.39,50888.8,-12.29,33078,1.18,8.08,-86.4,25.108,3.2,11.6
12/30/2021,8:15:00,0,B2,-1.98,50991.2,50878.4,88.4,101.1,6.03,231.3,33.39,50888.9,-12.31,33078,1.169,8.08,-86.5,25.105,3.2,11.6
12/30/2021,8:30:00,0,B2,-1.96,51004.6,50877.8,88.4,101.2,6.03,235.3,33.39,50889.7,-12.25,33078,1.167,8.08,-86.5,25.118,3.2,11.6
12/30/2021,8:45:00,0,B2,-1.95,50986.4,50875.4,88.4,101.2,6.03,228.4,33.39,50885.8,-12.15,33076,1.166,8.08,-86.4,25.104,3.2,11.6
12/30/2021,9:00:00,0,B2,-2.02,50990.3,50877,88.6,101.3,6.04,226.6,33.39,50887.6,-12.32,33077,1.176,8.08,-86.4,25.106,3.2,11.6
12/30/2021,9:15:00,0,B2,-2.03,50987.5,50878.2,88.7,101.5,6.05,233.8,33.39,50888.4,-12.25,33077,1.179,8.08,-86.6,25.102,3.2,11.6
12/30/2021,9:30:00,0,B2,-2,50982.4,50880.4,88.8,101.6,6.06,237.8,33.39,50890,-12.24,33078,1.174,8.08,-86.6,25.095,3.2,11.6
12/30/2021,9:45:00,0,B2,-2.05,50987.9,50878.7,89,101.8,6.07,240.9,33.39,50889,-12.16,33078,1.178,8.08,-86.6,25.102,3.2,11.6
12/30/2021,10:00:00,0,B2,-2,50975.2,50875.4,89.1,101.9,6.08,235.6,33.39,50884.8,-12.2,33075,1.173,8.08,-86.6,25.093,3.2,11.6
12/30/2021,10:15:00,0,B2,-2.05,50971.8,50876.7,89.3,102.2,6.1,234.6,33.39,50885.6,-12.26,33076,1.179,8.08,-86.5,25.089,3.2,11.6
12/30/2021,10:30:00,0,B2,-2.01,50963.5,50876.7,89.7,102.6,6.12,231.9,33.39,50884.8,-12.3,33075,1.183,8.09,-86.7,25.081,3.2,11.6
12/30/2021,10:45:00,0,B2,-2.03,50973.3,50878.8,89.8,102.7,6.13,235.5,33.39,50887.6,-12.16,33077,1.177,8.08,-86.7,25.088,3.2,11.6
12/30/2021,11:00:00,0,B2,-1.98,50969.6,50878.1,90,103,6.14,241.9,33.39,50886.7,-12.1,33076,1.173,8.08,-86.7,25.085,3.2,11.6
12/30/2021,11:15:00,0,B2,-2.04,50965.5,50881.8,91,104.1,6.21,242.9,33.39,50889.6,-12.25,33078,1.175,8.09,-86.9,25.078,3.2,11.6
12/30/2021,11:30:00,0,B2,-1.64,50961.2,50875.8,91.4,104.6,6.24,243.4,33.39,50883.8,-12.22,33074,1.173,8.09,-87,25.08,3.2,11.6
12/30/2021,11:45:00,0,B2,-2.03,50965,50877.1,91.1,104.3,6.22,241.2,33.39,50885.4,-12.32,33075,1.166,8.09,-86.9,25.082,3.2,11.6
12/30/2021,12:00:00,0,B2,-2.05,50958.9,50877.2,91.2,104.4,6.23,241.1,33.39,50884.9,-12.33,33075,1.18,8.09,-87,25.076,3.2,11.6
12/30/2021,12:15:00,0,B2,-2.07,50954.3,50876.5,91.5,104.7,6.25,241.7,33.39,50883.8,-12.36,33074,1.182,8.09,-87,25.073,3.2,11.6
12/30/2021,12:30:00,0,B2,-2.05,50950.3,50873.5,91.7,104.9,6.26,235.9,33.38,50880.7,-12.33,33072,1.18,8.09,-87.1,25.072,3.2,11.6
12/30/2021,12:45:00,0,B2,-2.05,50947.6,50872.6,92,105.3,6.28,231.2,33.38,50879.7,-12.34,33072,1.175,8.09,-87.2,25.07,3.2,11.6
12/30/2021,13:00:00,0,B2,-2.03,50946.9,50873.8,92.2,105.5,6.29,233.9,33.38,50880.6,-12.38,33072,1.172,8.09,-87.1,25.068,3.2,11.6
12/30/2021,13:15:00,0,B2,-1.93,50941.8,50873.2,92.2,105.5,6.29,230.1,33.38,50879.7,-12.34,33072,1.17,8.1,-87.3,25.064,3.2,11.6
12/30/2021,13:30:00,0,B2,-2.01,50939.9,50873,92.5,105.8,6.31,240.1,33.38,50879.2,-12.41,33072,1.168,8.09,-87.2,25.062,3.2,11.6
12/30/2021,13:45:00,0,B2,-1.98,50938.6,50872,92.7,106,6.33,241.2,33.38,50878.2,-12.35,33071,1.166,8.1,-87.5,25.062,3.2,11.6
12/30/2021,14:00:00,0,B2,-1.89,50937.1,50870.3,92.9,106.3,6.34,237.5,33.38,50876.5,-12.39,33070,1.175,8.1,-87.7,25.062,3.2,11.6
12/30/2021,14:15:00,0,B2,-2.06,50934.3,50871.3,92.8,106.2,6.34,241.7,33.38,50877.2,-12.47,33070,1.174,8.1,-87.6,25.059,3.2,11.6
12/30/2021,14:30:00,0,B2,-2.05,50934.8,50869.9,93.1,106.5,6.36,238.6,33.38,50876,-12.43,33069,1.171,8.1,-87.7,25.061,3.2,11.6
12/30/2021,14:45:00,0,B2,-1.98,50933.8,50870.8,93.2,106.6,6.36,235.5,33.38,50876.7,-12.44,33070,1.169,8.1,-87.7,25.059,3.2,11.6
12/30/2021,15:00:00,0,B2,-1.99,50931.2,50869,93.2,106.6,6.36,224,33.38,50874.8,-12.38,33069,1.169,8.1,-87.7,25.058,3.2,11.6
12/30/2021,15:15:00,0,B2,-2.01,50926.5,50869.4,93.3,106.7,6.37,230.4,33.38,50874.7,-12.43,33069,1.166,8.1,-87.8,25.053,3.2,11.6
12/30/2021,15:30:00,0,B2,-2.04,50924.6,50871.2,93.3,106.8,6.37,239,33.38,50876.2,-12.49,33070,1.169,8.11,-87.9,25.05,3.2,11.6
12/30/2021,15:45:00,0,B2,-2.1,50922.7,50868.4,93.1,106.5,6.36,240.5,33.38,50873.5,-12.52,33068,1.17,8.1,-87.6,25.051,3.2,11.6
12/30/2021,16:00:00,0,B2,-1.99,50921.1,50870,93.1,106.5,6.36,230.1,33.38,50874.7,-12.3,33069,1.179,8.1,-87.7,25.048,3.2,11.6
12/30/2021,16:15:00,0,B2,-2.07,50919.8,50868.5,93.1,106.5,6.36,236.4,33.38,50873.3,-12.54,33068,1.165,8.1,-87.9,25.048,3.2,11.6
12/30/2021,16:30:00,0,B2,-2.12,50920.7,50868.7,92.9,106.3,6.34,238.4,33.38,50873.6,-12.57,33068,1.181,8.1,-87.8,25.048,3.2,11.6
12/30/2021,16:45:00,0,B2,-2.15,50920.3,50865.8,92.8,106.2,6.34,239.2,33.38,50870.9,-12.59,33066,1.183,8.1,-87.7,25.051,3.2,11.6
12/30/2021,17:00:00,0,B2,-2.12,50934.1,50865.9,92.6,106,6.32,244.8,33.38,50872.3,-12.6,33067,1.183,8.1,-87.7,25.064,3.2,11.6
12/30/2021,17:15:00,0,B2,-2.09,50931.2,50865.3,92.5,105.9,6.32,239.7,33.38,50871.5,-12.48,33066,1.176,8.1,-87.7,25.061,3.2,11.6
12/30/2021,17:30:00,0,B2,-2.05,50929.3,50870.9,92.4,105.8,6.31,242.4,33.38,50876.3,-12.59,33070,1.168,8.1,-87.7,25.054,3.2,11.6
12/30/2021,17:45:00,0,B2,-2.06,50943.1,50867,92.2,105.5,6.3,243.4,33.38,50874.1,-12.6,33068,1.165,8.1,-87.7,25.071,3.2,11.6
12/30/2021,18:00:00,0,B2,-2.12,50943.1,50869.2,92.1,105.4,6.29,240.2,33.38,50876.2,-12.6,33070,1.179,8.1,-87.7,25.069,3.2,11.6
12/30/2021,18:15:00,0,B2,-2.14,50938.4,50867.7,91.9,105.2,6.28,240,33.38,50874.3,-12.56,33068,1.183,8.1,-87.8,25.066,3.2,11.6
12/30/2021,18:30:00,0,B2,-2.08,50932.8,50865.5,91.9,105.1,6.27,236,33.38,50871.8,-12.59,33067,1.173,8.1,-87.7,25.063,3.2,11.6
12/30/2021,18:45:00,0,B2,-2.04,50943.3,50871.2,91.7,104.9,6.26,234.3,33.38,50877.9,-12.53,33071,1.165,8.1,-87.7,25.067,3.2,11.6
12/30/2021,19:00:00,0,B2,-2.12,50951.8,50868.4,91.5,104.7,6.25,233.6,33.38,50876.2,-12.64,33070,1.172,8.1,-87.7,25.078,3.2,11.6
12/30/2021,19:15:00,0,B2,-2.16,50943.5,50864.3,91.5,104.6,6.24,229.4,33.38,50871.7,-12.68,33067,1.183,8.11,-87.9,25.074,3.2,11.6
12/30/2021,19:30:00,0,B2,-2.1,50955,50866.5,91.3,104.4,6.23,231.9,33.38,50874.8,-12.58,33069,1.174,8.1,-87.8,25.082,3.2,11.6
12/30/2021,19:45:00,0,B2,-2.07,50951.7,50865.3,91.1,104.3,6.22,238.8,33.38,50873.3,-12.63,33068,1.169,8.1,-87.8,25.081,3.2,11.6
12/30/2021,20:00:00,0,B2,-2.11,50951.5,50866.6,91,104.1,6.21,239.3,33.38,50874.5,-12.69,33068,1.175,8.1,-87.7,25.079,3.2,11.6
12/30/2021,20:15:00,0,B2,-2.1,50955.7,50869.4,90.8,103.9,6.2,240.7,33.38,50877.4,-12.58,33070,1.171,8.1,-87.7,25.081,3.2,11.6
12/30/2021,20:30:00,0,B2,-2.07,50956.7,50866.1,90.8,103.8,6.19,237.3,33.38,50874.6,-12.57,33069,1.168,8.1,-87.5,25.084,3.2,11.6
12/30/2021,20:45:00,0,B2,-2.09,50973.7,50867.6,90.6,103.7,6.18,239.1,33.38,50877.6,-12.68,33070,1.166,8.1,-87.5,25.099,3.2,11.6
12/30/2021,21:00:00,0,B2,-2.12,50955.3,50865.7,90.5,103.6,6.18,239,33.38,50874.1,-12.66,33068,1.18,8.1,-87.5,25.084,3.2,11.6
12/30/2021,21:15:00,0,B2,-2.15,50953.9,50867.2,90.3,103.3,6.16,236.6,33.38,50875.3,-12.66,33069,1.181,8.1,-87.4,25.081,3.2,11.6
12/30/2021,21:30:00,0,B2,-2.13,50969.8,50867.3,90.4,103.4,6.17,239.1,33.38,50876.9,-12.66,33070,1.178,8.1,-87.5,25.096,3.2,11.6
12/30/2021,21:45:00,0,B2,-2.09,50980.3,50859.9,90.2,103.2,6.15,240.7,33.38,50871.2,-12.6,33066,1.166,8.09,-87.2,25.112,3.2,11.6
12/30/2021,22:00:00,0,B2,-2.15,50971.2,50867.3,90.2,103.2,6.16,238.5,33.38,50877.1,-12.69,33070,1.174,8.1,-87.4,25.097,3.2,11.6
12/30/2021,22:15:00,0,B2,-2.09,50954.6,50864.7,89.9,102.9,6.14,224.5,33.38,50873.1,-12.62,33068,1.171,8.09,-87.2,25.084,3.2,11.6
12/30/2021,22:30:00,0,B2,-2.11,50972.3,50869.2,90,103,6.14,228.2,33.38,50878.9,-12.65,33071,1.17,8.09,-87.2,25.096,3.2,11.6
12/30/2021,22:45:00,0,B2,-2.11,50964.3,50868.5,90,102.9,6.14,228.6,33.38,50877.4,-12.52,33070,1.172,8.09,-87.3,25.089,3.2,11.6
12/30/2021,23:00:00,0,B2,-2.1,50969.2,50866.2,89.7,102.7,6.12,232.7,33.38,50875.8,-12.68,33069,1.171,8.09,-87.2,25.096,3.2,11.6
12/30/2021,23:15:00,0,B2,-2.06,50955.5,50863.3,89.6,102.5,6.11,231.2,33.38,50871.9,-12.62,33067,1.169,8.09,-87.1,25.086,3.2,11.6
12/30/2021,23:30:00,0,B2,-2.15,50964.3,50860.9,89.6,102.6,6.12,232.4,33.38,50870.5,-12.78,33066,1.176,8.09,-87.1,25.096,3.2,11.6
12/30/2021,23:45:00,0,B2,-2.15,50960.9,50866.6,89.5,102.4,6.11,232.1,33.38,50875.5,-12.65,33069,1.178,8.09,-87,25.088,3.2,11.6
12/31/2021,0:00:00,0,B2,-2.14,50965.3,50867.4,89.5,102.4,6.11,237,33.38,50876.6,-12.7,33070,1.175,8.09,-87.1,25.091,3.2,11.6
12/31/2021,0:15:00,0,B2,-2.1,50967.7,50865.5,89.4,102.3,6.1,237,33.38,50875.1,-12.67,33069,1.175,8.09,-87,25.095,3.2,11.6
12/31/2021,0:30:00,0,B2,-2.05,50969.9,50866.3,89.2,102.1,6.09,227.8,33.38,50876,-12.56,33069,1.165,8.09,-87,25.097,3.2,11.6
12/31/2021,0:45:00,0,B2,-2.07,50966.1,50870.4,89.2,102,6.09,231.9,33.38,50879.3,-12.53,33072,1.166,8.09,-87,25.089,3.2,11.6
12/31/2021,1:00:00,0,B2,-2.1,50964.2,50865.4,89.1,102,6.08,234.3,33.38,50874.6,-12.63,33069,1.173,8.09,-87,25.092,3.2,11.6
12/31/2021,1:15:00,0,B2,-2.09,50969.1,50869.5,89.2,102.1,6.09,237.9,33.38,50878.8,-12.52,33071,1.173,8.09,-87,25.093,3.2,11.6
12/31/2021,1:30:00,0,B2,-2.12,50975.7,50868.5,89.1,102,6.08,240.2,33.38,50878.5,-12.53,33071,1.174,8.09,-87,25.1,3.2,11.6
12/31/2021,1:45:00,0,B2,-2.12,50966.7,50865.5,88.9,101.7,6.07,240.5,33.38,50875,-12.55,33069,1.175,8.09,-87,25.094,3.2,11.6
12/31/2021,2:00:00,0,B2,-2.13,50960.2,50869.8,88.9,101.7,6.07,242.3,33.38,50878.2,-12.57,33071,1.179,8.09,-86.9,25.084,3.2,11.6
12/31/2021,2:15:00,0,B2,-2.15,50970.9,50868.5,89,101.9,6.08,234.4,33.38,50878.1,-12.57,33071,1.183,8.09,-87,25.096,3.2,11.6
12/31/2021,2:30:00,0,B2,-2.12,50977,50870.5,88.9,101.7,6.06,235.8,33.38,50880.5,-12.6,33072,1.176,8.09,-86.9,25.099,3.2,11.6
12/31/2021,2:45:00,0,B2,-2.11,50986.6,50870.3,88.9,101.7,6.06,236.9,33.38,50881.1,-12.52,33073,1.174,8.09,-86.8,25.109,3.2,11.6
12/31/2021,3:00:00,0,B2,-2.12,50977.2,50868.2,88.6,101.4,6.05,231,33.38,50878.4,-12.6,33071,1.175,8.09,-86.8,25.102,3.2,11.6
12/31/2021,3:15:00,0,B2,-2.13,50972.6,50871.6,88.7,101.5,6.05,215.3,33.38,50881,-12.53,33073,1.178,8.09,-86.8,25.094,3.2,11.6
12/31/2021,3:30:00,0,B2,-2.12,50972.5,50867,88.7,101.5,6.05,226.8,33.38,50876.9,-12.6,33070,1.172,8.09,-86.8,25.098,3.2,11.6
12/31/2021,3:45:00,0,B2,-2.1,50965.4,50872.6,88.6,101.4,6.05,227.3,33.38,50881.3,-12.61,33073,1.173,8.09,-86.8,25.087,3.2,11.6
12/31/2021,4:00:00,0,B2,-2.13,50973.8,50872.9,88.7,101.4,6.05,232.6,33.38,50882.3,-12.61,33074,1.175,8.09,-86.7,25.094,3.2,11.6
12/31/2021,4:15:00,0,B2,-2.16,50969.5,50866.6,88.6,101.3,6.04,221,33.38,50876.2,-12.62,33070,1.184,8.09,-86.7,25.096,3.2,11.6
12/31/2021,4:30:00,0,B2,-2.06,50970.6,50874.6,88.6,101.3,6.04,231.1,33.39,50883.5,-12.54,33074,1.168,8.08,-86.7,25.09,3.2,11.6
12/31/2021,4:45:00,0,B2,-2.06,50967.3,50868.4,88.5,101.2,6.04,231.6,33.38,50877.6,-12.58,33070,1.165,8.09,-86.7,25.092,3.2,11.6
12/31/2021,5:00:00,0,B2,-2.14,50975.7,50874.3,88.4,101.2,6.04,236.1,33.39,50883.8,-12.61,33074,1.183,8.08,-86.7,25.095,3.2,11.6
12/31/2021,5:15:00,0,B2,-2.12,50970.2,50872.2,88.3,101,6.02,237.6,33.38,50881.4,-12.54,33073,1.177,8.08,-86.6,25.091,3.2,11.6
12/31/2021,5:30:00,0,B2,-2.12,50968,50871.5,88.2,100.9,6.02,231,33.38,50880.5,-12.57,33072,1.173,8.08,-86.6,25.09,3.2,11.6
12/31/2021,5:45:00,0,B2,-2.1,50964.3,50867.7,88.2,100.9,6.02,227.2,33.38,50876.7,-12.53,33070,1.176,8.08,-86.5,25.09,3.2,11.6
12/31/2021,6:00:00,0,B2,-2.11,50978.7,50872.8,88.3,101.1,6.03,226.1,33.38,50882.7,-12.54,33074,1.175,8.08,-86.5,25.099,3.2,11.6
12/31/2021,6:15:00,0,B2,-2.07,50980.1,50870.6,88.2,100.9,6.02,228.4,33.38,50880.8,-12.55,33073,1.169,8.08,-86.5,25.102,3.2,11.6
12/31/2021,6:30:00,0,B2,-2.09,50969.5,50866.9,88.2,100.9,6.02,231.1,33.38,50876.5,-12.53,33070,1.169,8.08,-86.4,25.096,3.2,11.6
12/31/2021,6:45:00,0,B2,-2.05,50981.6,50877.6,88.1,100.8,6.01,232.4,33.39,50887.4,-12.32,33077,1.173,8.08,-86.5,25.097,3.2,11.6
12/31/2021,7:00:00,0,B2,-2.08,50987,50871.7,88.2,101,6.02,226.8,33.38,50882.5,-12.37,33074,1.175,8.08,-86.4,25.108,3.2,11.6
12/31/2021,7:15:00,0,B2,-2.03,50985.3,50870,88.1,100.8,6.01,236.2,33.38,50880.8,-12.42,33072,1.176,8.08,-86.4,25.108,3.2,11.6
12/31/2021,7:30:00,0,B2,-1.92,50973.1,50870.6,87.9,100.5,6,234.7,33.38,50880.2,-12.14,33072,1.166,8.08,-86.2,25.096,3.2,11.6
12/31/2021,7:45:00,0,B2,-1.93,50980.6,50870.6,88.1,100.8,6.01,232.4,33.38,50880.9,-12.24,33073,1.166,8.08,-86.3,25.103,3.2,11.6
12/31/2021,8:00:00,0,B2,-2.05,50982,50871.6,88,100.7,6,236.5,33.38,50881.9,-12.27,33073,1.171,8.08,-86.3,25.103,3.2,11.6
12/31/2021,8:15:00,0,B2,-2,50982.7,50870,88.1,100.8,6.01,237.9,33.38,50880.6,-12.17,33072,1.183,8.08,-86.3,25.105,3.2,11.6
12/31/2021,8:30:00,0,B2,-2,50980.2,50871.7,87.9,100.6,6,238.6,33.38,50881.8,-12.23,33073,1.18,8.08,-86.1,25.101,3.2,11.6
12/31/2021,8:45:00,0,B2,-1.91,50981.9,50870.6,88.1,100.8,6.01,228.8,33.38,50881,-12.06,33073,1.166,8.08,-86.1,25.104,3.2,11.6
12/31/2021,9:00:00,0,B2,-1.95,50982.8,50869.9,88.1,100.8,6.01,232.2,33.38,50880.5,-12.17,33072,1.169,8.08,-86.1,25.105,3.2,11.6
12/31/2021,9:15:00,0,B2,-1.99,50971.2,50868.6,88.1,100.9,6.02,232.7,33.38,50878.2,-12.11,33071,1.184,8.08,-86.2,25.096,3.2,11.6
12/31/2021,9:30:00,0,B2,-1.93,50967.7,50868.2,88.2,100.9,6.02,236,33.38,50877.5,-12.17,33070,1.172,8.08,-86.2,25.093,3.2,11.6
12/31/2021,9:45:00,0,B2,-2,50964.7,50871.4,88.4,101.2,6.03,237.5,33.38,50880.1,-12.04,33072,1.176,8.07,-86,25.087,3.2,11.6
12/31/2021,10:00:00,0,B2,-2.01,50960.2,50870.5,88.6,101.4,6.05,232.6,33.38,50878.9,-12.15,33071,1.181,8.08,-86.4,25.084,3.2,11.6
12/31/2021,10:15:00,0,B2,-2.01,50968.5,50879.6,89,101.8,6.07,236.8,33.39,50887.9,-12.07,33077,1.181,8.08,-86.4,25.083,3.2,11.6
12/31/2021,10:30:00,0,B2,-2.03,50966.4,50871.1,89.3,102.2,6.1,235.3,33.38,50880,-12.14,33072,1.183,8.08,-86.3,25.089,3.2,11.6
12/31/2021,10:45:00,0,B2,-1.96,50962.8,50870.2,89.8,102.8,6.13,238,33.38,50878.9,-12.01,33071,1.172,8.08,-86.4,25.086,3.2,11.6
12/31/2021,11:00:00,0,B2,-1.93,50962.3,50868.8,90.1,103.1,6.15,227.3,33.38,50877.6,-12.17,33070,1.168,8.08,-86.5,25.087,3.2,11.6
12/31/2021,11:15:00,0,B2,-1.92,50959.6,50870.8,90.3,103.3,6.16,231.8,33.38,50879.1,-12,33071,1.166,8.08,-86.5,25.083,3.2,11.6
12/31/2021,11:30:00,0,B2,-1.99,50963.6,50872.4,91.2,104.4,6.23,237.7,33.38,50881,-12.05,33073,1.17,8.09,-86.7,25.085,3.2,11.6
12/31/2021,11:45:00,0,B2,-2.07,50966,50870.5,91.4,104.5,6.24,229.5,33.38,50879.4,-12.32,33072,1.183,8.09,-86.9,25.089,3.2,11.6
12/31/2021,12:00:00,0,B2,-2.04,50964.4,50871.1,91.4,104.5,6.24,233.4,33.38,50879.9,-12.17,33072,1.172,8.09,-86.8,25.087,3.2,11.6
12/31/2021,12:15:00,0,B2,-2.01,50965.9,50870.1,91.5,104.7,6.24,236.7,33.38,50879.1,-12.14,33071,1.174,8.09,-86.8,25.089,3.2,11.6
12/31/2021,12:30:00,0,B2,-2.04,50969.8,50871.5,91.7,105,6.26,240.4,33.38,50880.7,-12.21,33072,1.176,8.09,-87,25.092,3.2,11.6
12/31/2021,12:45:00,0,B2,-2.02,50974.9,50870.5,92.5,105.8,6.31,242.2,33.38,50880.3,-12.21,33072,1.174,8.09,-87.1,25.097,3.2,11.6
12/31/2021,13:00:00,0,B2,-1.99,50975.5,50869.9,92.2,105.5,6.29,242.6,33.38,50879.8,-12.16,33072,1.167,8.09,-87.1,25.099,3.2,11.6
12/31/2021,13:15:00,0,B2,-2.04,50980.2,50870.3,92.6,105.9,6.31,241.8,33.38,50880.6,-12.23,33072,1.183,8.09,-87.2,25.102,3.2,11.6
12/31/2021,13:30:00,0,B2,-2.07,50981.5,50869.5,92.7,106,6.32,238.9,33.38,50880,-12.19,33072,1.181,8.09,-87.3,25.104,3.2,11.6
12/31/2021,13:45:00,0,B2,-2.03,50984.3,50867.5,93,106.4,6.34,239.9,33.38,50878.4,-12.35,33071,1.175,8.1,-87.4,25.109,3.2,11.6
12/31/2021,14:00:00,0,B2,-1.99,50984.6,50868.7,92.8,106.2,6.33,240,33.38,50879.6,-12.32,33072,1.166,8.1,-87.4,25.108,3.2,11.6
12/31/2021,14:15:00,0,B2,-2.03,50984.4,50867.3,93,106.4,6.34,244.1,33.38,50878.3,-12.34,33071,1.171,8.1,-87.5,25.109,3.2,11.6
12/31/2021,14:30:00,0,B2,-2.04,50984,50865.8,92.9,106.3,6.34,240,33.38,50876.8,-12.46,33070,1.174,8.1,-87.5,25.11,3.2,11.6
12/31/2021,14:45:00,0,B2,-2.08,50982.9,50869.1,92.8,106.1,6.33,233.7,33.38,50879.7,-12.36,33072,1.174,8.1,-87.5,25.106,3.2,11.6
12/31/2021,15:00:00,0,B2,-2.11,50980.5,50866.9,92.7,106,6.32,237.7,33.38,50877.5,-12.47,33070,1.181,8.1,-87.5,25.106,3.2,11.6
12/31/2021,15:15:00,0,B2,-2.08,50977,50867,92.7,106,6.32,239.7,33.38,50877.3,-12.43,33070,1.18,8.1,-87.5,25.103,3.2,11.6
12/31/2021,15:30:00,0,B2,-2.12,50974.2,50868.3,92.5,105.9,6.32,243.2,33.38,50878.2,-12.49,33071,1.183,8.1,-87.7,25.099,3.2,11.6
12/31/2021,15:45:00,0,B2,-2.05,50968.6,50866.8,92.4,105.7,6.3,242.9,33.38,50876.4,-12.45,33070,1.171,8.1,-87.7,25.095,3.2,11.6
12/31/2021,16:00:00,0,B2,-1.99,50965.2,50869.6,92.3,105.6,6.3,245.9,33.38,50878.6,-12.49,33071,1.166,8.1,-87.7,25.089,3.2,11.6
12/31/2021,16:15:00,0,B2,-2.08,50956.5,50867.6,92.2,105.5,6.29,245.3,33.38,50875.9,-12.52,33069,1.172,8.1,-87.7,25.083,3.2,11.6
12/31/2021,16:30:00,0,B2,-2.11,50956.2,50870.2,92.2,105.4,6.29,245.7,33.38,50878.2,-12.51,33071,1.179,8.1,-87.7,25.08,3.2,11.6
12/31/2021,16:45:00,0,B2,-2.05,50949.1,50869.5,92,105.2,6.28,239.7,33.38,50876.9,-12.51,33070,1.167,8.1,-87.7,25.074,3.2,11.6
12/31/2021,17:00:00,0,B2,-2.08,50939.7,50869.3,92,105.2,6.28,237.9,33.38,50875.9,-12.54,33069,1.169,8.1,-87.8,25.066,3.2,11.6
12/31/2021,17:15:00,0,B2,-2.1,50936.7,50870.2,91.8,105.1,6.27,239.2,33.38,50876.4,-12.5,33070,1.18,8.1,-87.7,25.062,3.2,11.6
12/31/2021,17:30:00,0,B2,-2.12,50939.4,50870.7,91.7,104.9,6.26,243.1,33.38,50877.2,-12.48,33070,1.18,8.1,-87.7,25.064,3.2,11.6
12/31/2021,17:45:00,0,B2,-2.12,50931.6,50870,91.6,104.8,6.26,241.6,33.38,50875.7,-12.63,33069,1.175,8.1,-87.6,25.058,3.2,11.6
12/31/2021,18:00:00,0,B2,-2.11,50947.8,50881.7,91.4,104.6,6.24,240.4,33.39,50887.9,-12.59,33077,1.179,8.1,-87.6,25.062,3.2,11.6
12/31/2021,18:15:00,0,B2,-2.09,50936.7,50869.6,91.4,104.6,6.24,237.9,33.38,50875.8,-12.66,33069,1.172,8.1,-87.6,25.063,3.2,11.6
12/31/2021,18:30:00,0,B2,-2.08,50943.7,50871.4,91.2,104.4,6.23,240.4,33.38,50878.2,-12.61,33071,1.166,8.1,-87.6,25.067,3.2,11.6
12/31/2021,18:45:00,0,B2,-2.17,50951.9,50868.2,91.1,104.2,6.22,240.6,33.38,50876,-12.59,33069,1.184,8.1,-87.7,25.078,3.2,11.6
12/31/2021,19:00:00,0,B2,-2.13,50941.5,50867.2,90.9,104,6.2,236.1,33.38,50874.2,-12.54,33068,1.181,8.1,-87.5,25.069,3.2,11.6
12/31/2021,19:15:00,0,B2,-2.11,50971.5,50866.5,90.9,104,6.2,238,33.38,50876.4,-12.6,33070,1.179,8.1,-87.6,25.098,3.2,11.6
12/31/2021,19:30:00,0,B2,-2.15,50973.7,50858.8,90.7,103.7,6.19,230.4,33.37,50869.5,-12.6,33065,1.181,8.1,-87.5,25.107,3.2,11.6
12/31/2021,19:45:00,0,B2,-2.1,50974.9,50862.2,90.6,103.7,6.18,236.8,33.38,50872.7,-12.7,33067,1.174,8.1,-87.6,25.105,3.2,11.6
12/31/2021,20:00:00,0,B2,-2.13,50962.6,50857.9,90.4,103.5,6.17,237.9,33.37,50867.7,-12.63,33064,1.178,8.1,-87.5,25.098,3.2,11.6
12/31/2021,20:15:00,0,B2,-2.1,50950.4,50858.7,90.1,103.1,6.15,230.1,33.37,50867.2,-12.66,33064,1.173,8.1,-87.4,25.086,3.2,11.6
12/31/2021,20:30:00,0,B2,-2.05,50946,50859.8,90,103,6.14,232.6,33.37,50867.9,-12.53,33064,1.165,8.1,-87.5,25.08,3.2,11.6
12/31/2021,20:45:00,0,B2,-2.04,50961.9,50863.9,90.1,103.1,6.15,232.4,33.38,50873.1,-12.65,33068,1.165,8.1,-87.5,25.091,3.2,11.6
12/31/2021,21:00:00,0,B2,-2.07,50975.6,50862.4,90,102.9,6.14,238.2,33.38,50873,-12.57,33067,1.169,8.1,-87.4,25.106,3.2,11.6
12/31/2021,21:15:00,0,B2,-2.07,50949,50853.3,89.7,102.7,6.12,232.7,33.37,50862.2,-12.56,33060,1.169,8.1,-87.4,25.089,3.2,11.6
12/31/2021,21:30:00,0,B2,-2.1,50956.4,50850.1,89.7,102.7,6.12,233.7,33.37,50860.1,-12.61,33059,1.171,8.1,-87.4,25.099,3.2,11.6
12/31/2021,21:45:00,0,B2,-2.08,50962.8,50859.2,89.6,102.6,6.12,232.1,33.37,50868.9,-12.5,33065,1.171,8.09,-87.3,25.097,3.2,11.6
12/31/2021,22:00:00,0,B2,-2.12,50951.8,50860.8,89.6,102.5,6.11,234.6,33.37,50869.4,-12.62,33065,1.175,8.09,-87.3,25.085,3.2,11.6
12/31/2021,22:15:00,0,B2,-2.12,50985.8,50861.6,89.4,102.3,6.1,235.5,33.38,50873.2,-12.6,33068,1.176,8.09,-87.3,25.116,3.2,11.6
12/31/2021,22:30:00,0,B2,-2.12,50970.7,50858.9,89.5,102.4,6.1,205.5,33.37,50869.4,-12.63,33065,1.175,8.09,-87.3,25.104,3.2,11.6
12/31/2021,22:45:00,0,B2,-2.14,50968.3,50857.1,89.4,102.3,6.1,224.3,33.37,50867.5,-12.61,33064,1.178,8.09,-87.1,25.104,3.2,11.6
12/31/2021,23:00:00,0,B2,-2.16,50955.1,50863.1,89.1,102,6.08,230.1,33.38,50871.7,-12.7,33067,1.183,8.09,-87.2,25.086,3.2,11.6
12/31/2021,23:15:00,0,B2,-2.12,50961.8,50857.7,89,101.9,6.08,236,33.37,50867.4,-12.59,33064,1.174,8.09,-87.1,25.097,3.2,11.6
12/31/2021,23:30:00,0,B2,-2.08,50957.5,50856.9,89,101.9,6.08,235.3,33.37,50866.3,-12.63,33063,1.165,8.09,-87,25.094,3.2,11.6
12/31/2021,23:45:00,0,B2,-2.1,50970.4,50864.9,89,101.8,6.07,237.1,33.38,50874.8,-12.59,33069,1.173,8.09,-87.3,25.098,3.2,11.6
1/1/2022,0:00:00,0,B2,-2.1,50964.7,50861.5,89,101.8,6.07,241.3,33.38,50871.1,-12.67,33066,1.175,8.09,-87.2,25.096,3.2,11.6
1/1/2022,0:15:00,0,B2,-2.13,50970.3,50870.6,88.7,101.5,6.06,232.7,33.38,50879.9,-12.68,33072,1.175,8.09,-87.1,25.093,3.2,11.6
1/1/2022,0:30:00,0,B2,-2.11,50967.1,50865.2,88.8,101.6,6.06,223.7,33.38,50874.7,-12.58,33069,1.17,8.09,-87,25.095,3.2,11.6
1/1/2022,0:45:00,0,B2,-2.11,50971.8,50862.7,88.9,101.7,6.07,229.7,33.38,50872.9,-12.57,33067,1.172,8.09,-87,25.102,3.2,11.6
1/1/2022,1:00:00,0,B2,-2.11,50971,50861.6,88.8,101.6,6.06,232.9,33.38,50871.9,-12.55,33067,1.173,8.09,-87,25.102,3.2,11.6
1/1/2022,1:15:00,0,B2,-2.09,50966.1,50860.9,88.5,101.3,6.04,235.5,33.38,50870.8,-12.64,33066,1.171,8.09,-86.9,25.098,3.2,11.6
1/1/2022,1:30:00,0,B2,-2.07,50975.3,50862.1,88.7,101.5,6.05,238.3,33.38,50872.7,-12.6,33067,1.169,8.09,-86.7,25.106,3.2,11.6
1/1/2022,1:45:00,0,B2,-2.07,50971.3,50859.3,88.6,101.4,6.05,232.4,33.37,50869.8,-12.65,33065,1.168,8.09,-87,25.105,3.2,11.6
1/1/2022,2:00:00,0,B2,-2.09,50963.1,50857.6,88.6,101.4,6.05,236.4,33.37,50867.5,-12.68,33064,1.165,8.09,-86.8,25.098,3.2,11.6
1/1/2022,2:15:00,0,B2,-2.11,50962.2,50862.8,88.3,101.1,6.03,237.1,33.38,50872.1,-12.62,33067,1.176,8.09,-86.8,25.093,3.2,11.6
1/1/2022,2:30:00,0,B2,-2.16,50966.3,50853.2,88.5,101.2,6.04,235.8,33.37,50863.8,-12.7,33061,1.182,8.09,-86.8,25.106,3.2,11.6
1/1/2022,2:45:00,0,B2,-2.09,50970,50861.3,88.4,101.1,6.03,230.8,33.38,50871.5,-12.53,33066,1.171,8.09,-86.8,25.101,3.2,11.6
1/1/2022,3:00:00,0,B2,-2.09,50963.6,50858.7,88.4,101.1,6.03,235.1,33.37,50868.5,-12.62,33065,1.165,8.09,-86.9,25.098,3.2,11.6
1/1/2022,3:15:00,0,B2,-2.16,50961.8,50859.9,88.4,101.2,6.04,237.8,33.37,50869.4,-12.62,33065,1.181,8.09,-86.7,25.095,3.2,11.6
1/1/2022,3:30:00,0,B2,-2.12,50959.8,50854.3,88.2,101,6.02,231.8,33.37,50864.1,-12.62,33062,1.174,8.08,-86.5,25.098,3.2,11.6
1/1/2022,3:45:00,0,B2,-2.07,50985.7,50861.6,88.3,101.1,6.03,237.3,33.38,50873.2,-12.59,33068,1.169,8.09,-86.9,25.116,3.2,11.6
1/1/2022,4:00:00,0,B2,-2.15,50982.8,50863,88.3,101,6.02,237.6,33.38,50874.2,-12.68,33068,1.175,8.09,-86.9,25.112,3.2,11.6
1/1/2022,4:15:00,0,B2,-2.09,50971.1,50864.2,88.1,100.8,6.01,241,33.38,50874.2,-12.57,33068,1.173,8.09,-86.8,25.1,3.2,11.6
1/1/2022,4:30:00,0,B2,-2.14,50972.9,50859.1,88.2,101,6.02,242,33.37,50869.7,-12.68,33065,1.173,8.09,-86.7,25.106,3.2,11.6
1/1/2022,4:45:00,0,B2,-2.14,50973.7,50864.2,88.2,101,6.02,238,33.38,50874.5,-12.69,33068,1.18,8.09,-86.8,25.102,3.2,11.6
1/1/2022,5:00:00,0,B2,-2.15,50971.1,50859.8,88.2,100.9,6.02,223.2,33.38,50870.2,-12.69,33066,1.181,8.08,-86.6,25.104,3.2,11.6
1/1/2022,5:15:00,0,B2,-2.1,50970.9,50855.7,88.1,100.8,6.01,234.9,33.37,50866.5,-12.61,33063,1.172,8.08,-86.6,25.107,3.2,11.6
1/1/2022,5:30:00,0,B2,-2.05,50988.3,50856.4,88.1,100.8,6.01,235.8,33.37,50868.8,-12.54,33065,1.166,8.08,-86.6,25.123,3.2,11.6
1/1/2022,5:45:00,0,B2,-2.12,50978.9,50855.2,88.1,100.8,6.01,227.1,33.37,50866.8,-12.58,33063,1.174,8.08,-86.4,25.115,3.2,11.6
1/1/2022,6:00:00,0,B2,-2.01,50991.2,50853.1,88,100.7,6,227.3,33.37,50866.1,-12.47,33063,1.173,8.08,-86.5,25.129,3.2,11.6
1/1/2022,6:15:00,0,B2,-2.05,50974.3,50852.6,88,100.7,6,201,33.37,50864,-12.49,33062,1.166,8.08,-86.6,25.114,3.2,11.6
1/1/2022,6:30:00,0,B2,-2.12,50950.6,50852.1,87.9,100.5,6,225.9,33.37,50861.3,-12.56,33060,1.174,8.08,-86.4,25.092,3.2,11.6
1/1/2022,6:45:00,0,B2,-2.09,50922.1,50854,87.6,100.3,5.98,229.6,33.37,50860.4,-12.51,33059,1.173,8.08,-86.4,25.063,3.2,11.6
1/1/2022,7:00:00,0,B2,-2.06,50943.4,50866.5,87.6,100.2,5.98,234.5,33.38,50873.7,-12.57,33068,1.166,8.08,-86.4,25.072,3.2,11.6
1/1/2022,7:15:00,0,B2,-2.1,50942.7,50850.6,87.8,100.5,6,231,33.37,50859.2,-12.41,33058,1.183,8.08,-86.4,25.086,3.2,11.6
1/1/2022,7:30:00,0,B2,-2.07,50921.4,50853.1,87.8,100.4,5.99,235.4,33.37,50859.5,-12.29,33059,1.18,8.08,-86.4,25.064,3.2,11.6
1/1/2022,7:45:00,0,B2,-2,50939.8,50853.4,87.9,100.5,6,239.9,33.37,50861.5,-12.31,33060,1.169,8.08,-86.3,25.081,3.2,11.6
1/1/2022,8:00:00,0,B2,-2.01,50935.2,50855.2,87.9,100.6,6,240.7,33.37,50862.7,-12.22,33061,1.173,8.08,-86.3,25.075,3.2,11.6
1/1/2022,8:15:00,0,B2,-2.03,50904.9,50854.6,87.8,100.5,6,242.9,33.37,50859.3,-12.19,33059,1.177,8.08,-86.4,25.047,3.2,11.6
1/1/2022,8:30:00,0,B2,-1.99,50897.5,50845.8,88,100.7,6.01,242.9,33.36,50850.6,-12.07,33053,1.176,8.08,-86.5,25.048,3.2,11.6
1/1/2022,8:45:00,0,B2,-2.02,50884.5,50852.5,88,100.7,6.01,245.4,33.37,50855.5,-12.24,33056,1.176,8.08,-86.4,25.03,3.2,11.6
1/1/2022,9:00:00,0,B2,-2,50877.4,50849.4,88.2,100.9,6.02,246,33.36,50852,-12.28,33054,1.172,8.08,-86.4,25.026,3.2,11.6
1/1/2022,9:15:00,0,B2,-2.03,50863.7,50849.6,88.3,101,6.04,244.7,33.36,50850.9,-12.25,33053,1.177,8.08,-86.4,25.013,3.2,11.6
1/1/2022,9:30:00,0,B2,-1.99,50849.6,50851.1,88.4,101.2,6.04,240.6,33.36,50850.9,-12.1,33053,1.179,8.08,-86.3,24.999,3.2,11.6
1/1/2022,9:45:00,0,B2,-2.01,50847.7,50849.1,88.5,101.3,6.05,242.4,33.36,50849,-12.29,33052,1.176,8.08,-86.4,24.999,3.2,11.6
1/1/2022,10:00:00,0,B2,-1.97,50872.6,50850.3,88.7,101.5,6.06,241.1,33.36,50852.4,-12.12,33054,1.175,8.08,-86.5,25.021,3.2,11.6
1/1/2022,10:15:00,0,B2,-1.92,50859.4,50847.6,88.8,101.6,6.07,236.6,33.36,50848.7,-12.07,33052,1.168,8.08,-86.3,25.011,3.2,11.6
1/1/2022,10:30:00,0,B2,-1.94,50886.4,50848,89,101.8,6.08,235.2,33.36,50851.6,-12.13,33054,1.166,8.08,-86.4,25.036,3.2,11.6
1/1/2022,10:45:00,0,B2,-1.96,50899.3,50842.6,89.2,102,6.09,235.3,33.36,50848,-12.08,33051,1.173,8.08,-86.4,25.053,3.2,11.6
1/1/2022,11:00:00,0,B2,-2.05,50913.6,50845,89.9,102.9,6.14,240.1,33.36,50851.4,-12.21,33053,1.181,8.08,-86.5,25.064,3.2,11.6
1/1/2022,11:15:00,0,B2,-1.96,50937.4,50842,89.7,102.7,6.12,237.6,33.36,50851,-11.96,33053,1.174,8.08,-86.4,25.089,3.2,11.6
1/1/2022,11:30:00,0,B2,-2.01,50926,50834.4,89.9,102.9,6.14,235.8,33.36,50842.9,-12.16,33048,1.176,8.08,-86.4,25.086,3.2,11.6
1/1/2022,11:45:00,0,B2,-2.03,50925.3,50839.8,90.4,103.5,6.17,241.3,33.36,50847.8,-12.23,33051,1.178,8.08,-86.5,25.08,3.2,11.6
1/1/2022,12:00:00,0,B2,-1.97,50918.3,50834.8,90.9,104,6.21,242,33.36,50842.6,-12.14,33048,1.17,8.09,-86.7,25.078,3.2,11.6
1/1/2022,12:15:00,0,B2,-1.97,50938,50842.3,91.3,104.4,6.23,237.4,33.36,50851.2,-12.15,33053,1.164,8.09,-86.7,25.089,3.2,11.6
1/1/2022,12:30:00,0,B2,-2.04,50929.2,50835.9,91.3,104.5,6.23,239,33.36,50844.7,-12.28,33049,1.18,8.09,-86.7,25.087,3.2,11.6
1/1/2022,12:45:00,0,B2,-2,50933.4,50843.3,91.4,104.5,6.24,242.1,33.36,50851.8,-12.23,33054,1.173,8.09,-86.8,25.084,3.2,11.6
1/1/2022,13:00:00,0,B2,-1.95,50930,50841.9,92.1,105.3,6.28,240.8,33.36,50850.1,-12.15,33053,1.166,8.09,-86.8,25.082,3.2,11.6
1/1/2022,13:15:00,0,B2,-2,50926.7,50842.8,91.8,105.1,6.27,242.8,33.36,50850.7,-12.16,33053,1.17,8.09,-87,25.078,3.2,11.6
1/1/2022,13:30:00,0,B2,-2,50924.6,50841.8,91.9,105.2,6.28,242,33.36,50849.6,-12.09,33052,1.174,8.09,-86.9,25.077,3.2,11.6
1/1/2022,13:45:00,0,B2,-2.05,50922.6,50841.1,92.4,105.7,6.31,239.1,33.36,50848.8,-12.31,33052,1.176,8.09,-87,25.076,3.2,11.6
1/1/2022,14:00:00,0,B2,-2.03,50920,50842,92.7,106,6.33,239.9,33.36,50849.3,-12.29,33052,1.172,8.09,-87,25.073,3.2,11.6
1/1/2022,14:15:00,0,B2,-2.05,50919.4,50840.9,93.5,107,6.39,239.8,33.36,50848.3,-12.38,33051,1.171,8.1,-87.4,25.073,3.2,11.6
1/1/2022,14:30:00,0,B2,-2.02,50915.4,50842.1,93.2,106.6,6.36,237.7,33.36,50848.9,-12.33,33052,1.173,8.1,-87.5,25.068,3.2,11.6
1/1/2022,14:45:00,0,B2,-1.99,50910.9,50843.4,93.1,106.5,6.36,239.6,33.36,50849.7,-12.35,33052,1.166,8.1,-87.4,25.063,3.2,11.6
1/1/2022,15:00:00,0,B2,-2.09,50910.1,50843.1,93.3,106.7,6.37,234.9,33.36,50849.3,-12.34,33052,1.174,8.1,-87.5,25.063,3.2,11.6
1/1/2022,15:15:00,0,B2,-2.04,50905.5,50844,93.4,106.9,6.38,241.2,33.36,50849.8,-12.39,33052,1.171,8.1,-87.4,25.057,3.2,11.6
1/1/2022,15:30:00,0,B2,-2.06,50902.8,50841.1,93.6,107,6.39,241.4,33.36,50846.8,-12.29,33050,1.169,8.1,-87.5,25.058,3.2,11.6
1/1/2022,15:45:00,0,B2,-2.07,50905.7,50843.5,93.4,106.8,6.38,236.3,33.36,50849.4,-12.35,33052,1.183,8.1,-87.5,25.058,3.2,11.6
1/1/2022,16:00:00,0,B2,-2.08,50901.5,50845.1,93.4,106.9,6.38,243.6,33.36,50850.4,-12.37,33053,1.183,8.1,-87.4,25.053,3.2,11.6
1/1/2022,16:15:00,0,B2,-2.12,50907.4,50847.6,93.4,106.9,6.38,233.8,33.36,50853.2,-12.5,33055,1.183,8.1,-87.6,25.056,3.2,11.6
1/1/2022,16:30:00,0,B2,-2.1,50906.9,50847.9,93.4,106.8,6.38,233.1,33.36,50853.5,-12.46,33055,1.179,8.1,-87.5,25.055,3.2,11.6
1/1/2022,16:45:00,0,B2,-2.08,50911.1,50847.4,93.3,106.8,6.37,234.2,33.36,50853.4,-12.43,33055,1.174,8.1,-87.6,25.06,3.2,11.6
1/1/2022,17:00:00,0,B2,-2.08,50914.5,50847.8,93.3,106.7,6.37,237.7,33.36,50854.1,-12.48,33055,1.174,8.1,-87.6,25.062,3.2,11.6
1/1/2022,17:15:00,0,B2,-2.08,50902.7,50845.6,93.2,106.6,6.36,242.6,33.36,50851,-12.48,33053,1.172,8.09,-87.3,25.053,3.2,11.6
1/1/2022,17:30:00,0,B2,-2.1,50905.1,50846.4,93.1,106.5,6.36,242.7,33.36,50851.9,-12.63,33054,1.172,8.1,-87.9,25.055,3.2,11.6
1/1/2022,17:45:00,0,B2,-2.1,50919.5,50845.8,92.9,106.3,6.35,234.8,33.36,50852.7,-12.49,33054,1.171,8.1,-87.6,25.069,3.2,11.6
1/1/2022,18:00:00,0,B2,-2.13,50897.8,50829.7,92.9,106.3,6.34,235.5,33.35,50836,-12.58,33043,1.179,8.1,-87.6,25.064,3.2,11.6
1/1/2022,18:15:00,0,B2,-2.12,50898,50846.2,92.5,105.8,6.32,231.8,33.36,50851.1,-12.47,33053,1.178,8.1,-87.6,25.048,3.2,11.6
1/1/2022,18:30:00,0,B2,-2.09,50926.9,50843.6,92.5,105.8,6.31,237.5,33.36,50851.4,-12.54,33053,1.174,8.1,-87.6,25.078,3.2,11.6
1/1/2022,18:45:00,0,B2,-2.14,50914.5,50845.9,92.4,105.8,6.31,239.9,33.36,50852.3,-12.56,33054,1.177,8.1,-87.6,25.064,3.2,11.6
1/1/2022,19:00:00,0,B2,-2.15,50940.8,50847.4,92.2,105.5,6.29,237.7,33.37,50856.2,-12.56,33057,1.179,8.1,-87.5,25.087,3.2,11.6
1/1/2022,19:15:00,0,B2,-2.12,50937.6,50846,92.2,105.4,6.29,229.1,33.36,50854.5,-12.52,33055,1.18,8.1,-87.6,25.085,3.2,11.6
1/1/2022,19:30:00,0,B2,-2.1,50952.8,50852.5,92,105.3,6.28,237.3,33.37,50861.9,-12.6,33060,1.174,8.1,-87.5,25.094,3.2,11.6
1/1/2022,19:45:00,0,B2,-2.05,50941.8,50851.3,91.9,105.1,6.27,236.6,33.37,50859.8,-12.59,33059,1.168,8.1,-87.3,25.084,3.2,11.6
1/1/2022,20:00:00,0,B2,-2.13,50933.3,50850.8,91.7,104.9,6.26,234.6,33.37,50858.5,-12.47,33058,1.179,8.1,-87.4,25.077,3.2,11.6
1/1/2022,20:15:00,0,B2,-2.15,50968,50854.3,91.6,104.8,6.25,230.5,33.37,50864.9,-12.58,33062,1.183,8.09,-87.2,25.106,3.2,11.6
1/1/2022,20:30:00,0,B2,-2.16,50961.7,50844.6,91.4,104.6,6.24,223.9,33.36,50855.6,-12.55,33056,1.184,8.1,-87.4,25.109,3.2,11.6
1/1/2022,20:45:00,0,B2,-2.15,50954.2,50852,91.4,104.6,6.24,233.2,33.37,50861.6,-12.6,33060,1.182,8.1,-87.3,25.095,3.2,11.6
1/1/2022,21:00:00,0,B2,-2.14,50966.7,50847.4,91.4,104.5,6.23,231.7,33.37,50858.6,-12.63,33058,1.181,8.1,-87.3,25.111,3.2,11.6
1/1/2022,21:15:00,0,B2,-2.11,50956.3,50845.2,91.2,104.3,6.22,229.8,33.36,50855.6,-12.57,33056,1.175,8.1,-87.3,25.104,3.2,11.6
1/1/2022,21:30:00,0,B2,-2.15,50957.2,50847.3,91.1,104.2,6.21,233.3,33.37,50857.6,-12.57,33057,1.18,8.09,-87.3,25.103,3.2,11.6
1/1/2022,21:45:00,0,B2,-2.12,50953.2,50851,91,104.2,6.21,231.4,33.37,50860.6,-12.55,33059,1.173,8.09,-87.2,25.095,3.2,11.6
1/1/2022,22:00:00,0,B2,-2.12,50946.2,50851,90.8,103.9,6.2,233.2,33.37,50859.9,-12.57,33059,1.173,8.1,-87.3,25.089,3.2,11.6
1/1/2022,22:15:00,0,B2,-2.1,50961.4,50848.9,90.9,104,6.2,232.4,33.37,50859.4,-12.59,33059,1.172,8.09,-87.3,25.105,3.2,11.6
1/1/2022,22:30:00,0,B2,-2.13,50955.7,50844.2,90.9,104,6.2,235.9,33.36,50854.6,-12.56,33055,1.175,8.09,-87.2,25.104,3.2,11.6
1/1/2022,22:45:00,0,B2,-2.07,50974.6,50849.9,90.8,103.9,6.19,240.1,33.37,50861.6,-12.61,33060,1.168,8.09,-87.1,25.116,3.2,11.6
1/1/2022,23:00:00,0,B2,-2.09,50961.8,50848.3,90.6,103.7,6.18,222.2,33.37,50858.9,-12.64,33058,1.169,8.09,-87.1,25.106,3.2,11.6
1/1/2022,23:15:00,0,B2,-2.11,50966.6,50849.8,90.5,103.6,6.18,229.7,33.37,50860.7,-12.61,33059,1.173,8.09,-87.1,25.109,3.2,11.6
1/1/2022,23:30:00,0,B2,-2.15,50977,50851.4,90.5,103.5,6.17,230.4,33.37,50863.2,-12.65,33061,1.18,8.09,-87.1,25.117,3.2,11.6
1/1/2022,23:45:00,0,B2,-2.1,50962.8,50849.4,90.5,103.5,6.17,231.6,33.37,50860,-12.6,33059,1.173,8.09,-87.1,25.106,3.2,11.6
1/2/2022,0:00:00,0,B2,-2.09,50972.5,50853.1,90.4,103.5,6.17,232.3,33.37,50864.2,-12.63,33062,1.166,8.09,-87,25.111,3.2,11.6
1/2/2022,0:15:00,0,B2,-2.1,50970.8,50857.3,90.4,103.4,6.17,233.1,33.37,50867.9,-12.59,33064,1.172,8.09,-87,25.106,3.2,11.6
1/2/2022,0:30:00,0,B2,-2.08,50959.5,50853.6,90.2,103.2,6.16,237.4,33.37,50863.5,-12.62,33061,1.17,8.09,-87,25.099,3.2,11.6
1/2/2022,0:45:00,0,B2,-2.11,50979.5,50854.1,90.3,103.3,6.16,229.7,33.37,50865.8,-12.68,33063,1.173,8.09,-86.9,25.117,3.2,11.6
1/2/2022,1:00:00,0,B2,-2.14,50977.7,50852.4,90.3,103.3,6.16,235,33.37,50864.2,-12.62,33062,1.181,8.08,-86.5,25.117,3.2,11.6
1/2/2022,1:15:00,0,B2,-2.16,50981.5,50853.2,90.2,103.2,6.15,231.3,33.37,50865.2,-12.59,33062,1.184,8.09,-87.1,25.12,3.2,11.6
1/2/2022,1:30:00,0,B2,-2.11,50982.4,50858,90.1,103.1,6.15,237.5,33.37,50869.6,-12.66,33065,1.173,8.09,-87,25.116,3.2,11.6
1/2/2022,1:45:00,0,B2,-2.14,50968.7,50853.3,90,102.9,6.14,230.9,33.37,50864.1,-12.5,33062,1.173,8.09,-86.8,25.108,3.2,11.6
1/2/2022,2:00:00,0,B2,-2.13,51004.8,50858.3,90.1,103.1,6.14,235.5,33.38,50872,-12.57,33067,1.175,8.09,-86.9,25.137,3.2,11.6
1/2/2022,2:15:00,0,B2,-2.14,50981.5,50857.8,90,102.9,6.14,237,33.37,50869.4,-12.57,33065,1.173,8.09,-86.7,25.115,3.2,11.6
1/2/2022,2:30:00,0,B2,-2.15,50992.1,50855.3,89.9,102.9,6.14,236.8,33.37,50868.1,-12.56,33064,1.181,8.09,-86.8,25.128,3.2,11.6
1/2/2022,2:45:00,0,B2,-2.17,50982.8,50856.2,89.9,102.8,6.13,232,33.37,50868.1,-12.54,33064,1.184,8.09,-86.7,25.118,3.2,11.6
1/2/2022,3:00:00,0,B2,-2.15,50979.1,50856.9,89.6,102.6,6.12,234.1,33.37,50868.3,-12.65,33064,1.18,8.09,-86.8,25.114,3.2,11.6
1/2/2022,3:15:00,0,B2,-2.15,50992.2,50855.4,89.7,102.7,6.12,234.2,33.37,50868.2,-12.59,33064,1.176,8.09,-86.7,25.128,3.2,11.6
1/2/2022,3:30:00,0,B2,-2.13,50994.6,50857.2,89.8,102.7,6.12,236.8,33.37,50870.1,-12.58,33066,1.178,8.08,-86.6,25.128,3.2,11.6
1/2/2022,3:45:00,0,B2,-2.11,50976,50855.6,89.5,102.4,6.11,230.3,33.37,50866.8,-12.55,33063,1.175,8.08,-86.6,25.112,3.2,11.6
1/2/2022,4:00:00,0,B2,-2.1,50966.7,50851.6,89.4,102.3,6.1,232,33.37,50862.3,-12.53,33061,1.171,8.08,-86.7,25.107,3.2,11.6
1/2/2022,4:15:00,0,B2,-2.11,50990.9,50856.3,89.6,102.5,6.11,235.7,33.37,50868.9,-12.6,33065,1.17,8.08,-86.5,25.126,3.2,11.6
1/2/2022,4:30:00,0,B2,-2.14,50980.8,50856.7,89.5,102.4,6.11,239.9,33.37,50868.3,-12.57,33064,1.18,8.08,-86.6,25.116,3.2,11.6
1/2/2022,4:45:00,0,B2,-2.14,50968.8,50861.1,89.4,102.3,6.1,239.5,33.38,50871.2,-12.63,33066,1.181,8.08,-86.7,25.1,3.2,11.6
1/2/2022,5:00:00,0,B2,-2.15,50985.5,50859.4,89.5,102.4,6.1,239.8,33.38,50871.2,-12.58,33066,1.176,8.09,-86.7,25.118,3.2,11.6
1/2/2022,5:15:00,0,B2,-2.13,50986.3,50855.5,89.4,102.3,6.1,232.7,33.37,50867.8,-12.62,33064,1.184,8.08,-86.7,25.122,3.2,11.6
1/2/2022,5:30:00,0,B2,-2.14,51002.8,50866.7,89.4,102.3,6.1,232.5,33.38,50879.5,-12.6,33072,1.182,8.08,-86.4,25.127,3.2,11.6
1/2/2022,5:45:00,0,B2,-2.11,50999.6,50863.8,89.4,102.3,6.1,236.7,33.38,50876.5,-12.5,33070,1.173,8.08,-86.5,25.127,3.2,11.6
1/2/2022,6:00:00,0,B2,-2.08,51005.2,50865.4,89.4,102.3,6.1,228.6,33.38,50878.5,-12.56,33071,1.168,8.08,-86.6,25.13,3.2,11.6
1/2/2022,6:15:00,0,B2,-2.12,50997.9,50864.4,89.2,102,6.08,233,33.38,50876.9,-12.5,33070,1.175,8.08,-86.5,25.124,3.2,11.6
1/2/2022,6:30:00,0,B2,-2.14,50978.1,50858.2,89.3,102.2,6.1,232.1,33.37,50869.4,-12.55,33065,1.184,8.08,-86.4,25.112,3.2,11.6
1/2/2022,6:45:00,0,B2,-2.06,50998.8,50866.2,89.2,102.1,6.08,237.5,33.38,50878.6,-12.53,33071,1.171,8.08,-86.4,25.124,3.2,11.6
1/2/2022,7:00:00,0,B2,-2.07,50995.3,50866.7,89.2,102.1,6.08,237.6,33.38,50878.7,-12.48,33071,1.168,8.08,-86.5,25.12,3.2,11.6
1/2/2022,7:15:00,0,B2,-2.05,51000.6,50860.4,89.2,102.1,6.08,236,33.38,50873.5,-12.37,33068,1.177,8.08,-86.5,25.131,3.2,11.6
1/2/2022,7:30:00,0,B2,-2.09,50999.2,50861.4,89.3,102.1,6.09,224.2,33.38,50874.3,-12.35,33068,1.181,8.08,-86.5,25.129,3.2,11.6
1/2/2022,7:45:00,0,B2,-2.05,50953.6,50860.3,88.8,101.6,6.06,235.7,33.37,50869,-12.29,33065,1.182,8.08,-86.3,25.087,3.2,11.6
1/2/2022,8:00:00,0,B2,-1.97,50998,50864,89.1,101.9,6.08,229.4,33.38,50876.5,-12.25,33070,1.171,8.08,-86.3,25.125,3.2,11.6
1/2/2022,8:15:00,0,B2,-1.96,50987.7,50867.3,89.2,102,6.08,233.5,33.38,50878.6,-12.09,33071,1.165,8.08,-86.2,25.112,3.2,11.6
1/2/2022,8:30:00,0,B2,-2.04,50997.3,50867.4,89.4,102.3,6.1,235.8,33.38,50879.5,-12.31,33072,1.172,8.07,-85.8,25.121,3.2,11.6
1/2/2022,8:45:00,0,B2,-2.04,50999.9,50869,89.6,102.6,6.11,235.7,33.38,50881.2,-12.18,33073,1.178,8.08,-86.4,25.122,3.2,11.6
1/2/2022,9:00:00,0,B2,-2.03,50995.9,50865.8,89.8,102.8,6.13,216.5,33.38,50878,-12.3,33071,1.174,8.08,-86.3,25.121,3.2,11.6
1/2/2022,9:15:00,0,B2,-2.04,50988.9,50865.6,90.1,103.1,6.15,225.1,33.38,50877.2,-12.25,33070,1.179,8.08,-86.3,25.115,3.2,11.6
1/2/2022,9:30:00,0,B2,-2.06,50981.5,50869.5,90.7,103.8,6.19,232.6,33.38,50880,-12.32,33072,1.18,8.08,-86.3,25.104,3.2,11.6
1/2/2022,9:45:00,0,B2,-2.03,50979.9,50866.2,91.5,104.7,6.24,232.5,33.38,50876.8,-12.27,33070,1.179,8.08,-86.6,25.106,3.2,11.6
1/2/2022,10:00:00,0,B2,-2.01,50976.1,50869.6,91.1,104.2,6.22,239.4,33.38,50879.6,-12.25,33072,1.173,8.08,-86.6,25.099,3.2,11.6
1/2/2022,10:15:00,0,B2,-1.95,50973.9,50869.8,91.4,104.6,6.24,243.5,33.38,50879.6,-12.13,33072,1.168,8.08,-86.6,25.097,3.2,11.6
1/2/2022,10:30:00,0,B2,-2.06,50980,50869.5,92.2,105.5,6.29,230.6,33.38,50879.9,-12.24,33072,1.181,8.08,-86.7,25.103,3.2,11.6
1/2/2022,10:45:00,0,B2,-2.09,50978.4,50871.9,92.3,105.6,6.3,235.8,33.38,50881.8,-12.39,33073,1.182,8.09,-86.9,25.099,3.2,11.6
1/2/2022,11:00:00,0,B2,-2.05,50977.6,50870.5,92.5,105.8,6.31,242,33.38,50880.5,-12.29,33072,1.176,8.09,-87,25.1,3.2,11.6
1/2/2022,11:15:00,0,B2,-2.06,50985.3,50870.2,93.1,106.6,6.35,241.7,33.38,50881,-12.27,33073,1.176,8.09,-87.1,25.107,3.2,11.6
1/2/2022,11:30:00,0,B2,-2.43,23.8,24.8,87.1,99.6,7.46,245.5,0.01,24.7,-9.57,16,1.178,7.81,-69.7,23.084,3.2,11.6
