KorEXO MEASUREMENT DATA FILE EXPORT,,,,,,,,,,,,,,,,,,,,
,,,,,,,,,,,,,,,,,,,,
FILE CREATED:,2/11/2021 21:40,,,,,,,,,,,,,,,,,,,
,,,,,,,,,,,,,,,,,,,,
,,,MEAN VALUE:,0.38,50146.7,50059.5,106.2,106.1,7.27,258.3,32.79,50067.7,0.8,32544,1.191,NA,-83.1,25.083,1.23,11.6
,,,STANDARD DEVIATION:,0.08,41.8,23.3,3.2,3.2,0.22,10.4,0.02,23.8,0.21,15,0.005,0.03,1.6,0.031,0.14,0
,,,,,,,,,,,,,,,,,,,,
,,,SENSOR SERIAL NUMBER:,20J103744,20B121032,20B121032,20C000323,20C000323,20C000323,20C202371,20B121032,20B121032,20J103744,20B121032,20B120857,20C202371,20C202371,20B121032,20C202414,20C202414
Date (MM/DD/YYYY),Time (HH:mm:ss),Time (Fract. Sec),Site Name,Chlorophyll RFU,Cond µS/cm,nLF Cond µS/cm,ODO % sat,ODO % local,ODO mg/L,ORP mV,Sal psu,SpCond µS/cm,TAL PE RFU,TDS mg/L,Wiper Position volt,pH,pH mV,Temp °C,Battery V,Cable Pwr V
1/12/2021,13:15:00,0,B2,0.26,50171,50045.5,111.2,111.2,7.61,281.4,32.78,50057.3,0.21,32537,1.189,8.09,-80.1,25.119,1.55,11.6
1/12/2021,13:30:00,0,B2,0.27,50174.1,50032.4,111.5,111.4,7.63,257.3,32.77,50045.7,0.12,32530,1.185,8.13,-82.5,25.134,1.55,11.6
1/12/2021,13:45:00,0,B2,0.37,50174.4,50028.5,111.5,111.4,7.63,253.7,32.77,50042.1,0.48,32527,1.192,8.13,-82.9,25.138,1.55,11.6
1/12/2021,14:00:00,0,B2,0.26,50176.5,50027,111.8,111.7,7.65,252.4,32.76,50041,0.37,32527,1.197,8.14,-83.1,25.142,1.55,11.6
1/12/2021,14:15:00,0,B2,0.34,50179.1,50029.4,111.6,111.5,7.64,251.6,32.77,50043.4,0.41,32528,1.188,8.14,-83.2,25.142,1.55,11.6
1/12/2021,14:30:00,0,B2,0.32,50184,50030.7,112,111.9,7.66,250.9,32.77,50045.1,0.38,32529,1.189,8.14,-83.3,25.145,1.55,11.6
1/12/2021,14:45:00,0,B2,0.31,50181,50026.6,111.7,111.7,7.64,251.2,32.76,50041.1,0.45,32527,1.2,8.14,-83.3,25.146,1.55,11.6
1/12/2021,15:00:00,0,B2,0.3,50182.9,50027.8,111.7,111.6,7.64,251.5,32.77,50042.3,0.49,32528,1.2,8.14,-83.4,25.147,1.55,11.6
1/12/2021,15:15:00,0,B2,0.3,50184.6,50028.7,111.6,111.5,7.64,251.8,32.77,50043.3,0.43,32528,1.19,8.14,-83.4,25.148,1.55,11.6
1/12/2021,15:30:00,0,B2,0.29,50180.9,50025.4,111.3,111.3,7.62,251.6,32.76,50040,0.45,32526,1.19,8.14,-83.5,25.147,1.55,11.6
1/12/2021,15:45:00,0,B2,0.33,50183,50027.8,111.3,111.3,7.62,251.3,32.77,50042.3,0.55,32528,1.193,8.14,-83.5,25.147,1.55,11.6
1/12/2021,16:00:00,0,B2,0.3,50179.6,50025.7,111.1,111,7.6,251.2,32.76,50040.2,0.37,32526,1.185,8.14,-83.5,25.146,1.55,11.6
1/12/2021,16:15:00,0,B2,0.3,50178.4,50026.8,111.1,111,7.6,251.4,32.76,50041,0.48,32527,1.19,8.14,-83.6,25.144,1.55,11.6
1/12/2021,16:30:00,0,B2,0.3,50178.4,50028.4,110.8,110.7,7.58,250.9,32.77,50042.4,0.45,32528,1.201,8.14,-83.5,25.142,1.55,11.6
1/12/2021,16:45:00,0,B2,0.28,50173.4,50026,110.5,110.5,7.56,251.3,32.76,50039.8,0.34,32526,1.191,8.14,-83.6,25.14,1.55,11.6
1/12/2021,17:00:00,0,B2,0.31,50170.3,50026.1,110.4,110.3,7.55,251,32.76,50039.6,0.43,32526,1.194,8.14,-83.5,25.137,1.55,11.6
1/12/2021,17:15:00,0,B2,0.27,50168.9,50028.6,110.1,110,7.54,249.1,32.77,50041.7,0.35,32527,1.183,8.14,-83.5,25.133,1.55,11.6
1/12/2021,17:30:00,0,B2,0.33,50163.5,50026.9,109.7,109.6,7.51,250.5,32.76,50039.7,0.41,32526,1.183,8.14,-83.5,25.13,1.55,11.6
1/12/2021,17:45:00,0,B2,0.25,50158.5,50031.2,109.6,109.5,7.5,249.8,32.77,50043.1,0.35,32528,1.201,8.14,-83.5,25.121,1.55,11.6
1/12/2021,18:00:00,0,B2,0.26,50151,50029.2,109.3,109.3,7.48,248.1,32.76,50040.6,0.33,32526,1.19,8.14,-83.5,25.115,1.55,11.6
1/12/2021,18:15:00,0,B2,0.29,50147,50033.3,108.7,108.6,7.44,249.8,32.77,50043.9,0.48,32529,1.185,8.14,-83.4,25.108,1.55,11.6
1/12/2021,18:30:00,0,B2,0.27,50139.3,50028.2,108.8,108.7,7.45,249.9,32.76,50038.6,0.42,32525,1.191,8.14,-83.4,25.105,1.55,11.6
1/12/2021,18:45:00,0,B2,0.34,50128.9,50034,108.4,108.4,7.43,249.3,32.77,50042.9,0.42,32528,1.188,8.14,-83.4,25.09,1.55,11.6
1/12/2021,19:00:00,0,B2,0.27,50114.8,50038,107.7,107.6,7.38,249.5,32.77,50045.2,0.39,32529,1.19,8.14,-83.3,25.073,1.55,11.6
1/12/2021,19:15:00,0,B2,0.24,50118.1,50033.9,108,107.9,7.4,248.7,32.77,50041.8,0.32,32527,1.187,8.14,-83.3,25.08,1.55,11.6
1/12/2021,19:30:00,0,B2,0.24,50102,50035.1,107.6,107.5,7.37,249.3,32.77,50041.3,0.38,32527,1.19,8.14,-83.3,25.064,1.55,11.6
1/12/2021,19:45:00,0,B2,0.25,50101.1,50034.2,107.4,107.3,7.36,249.1,32.77,50040.4,0.37,32526,1.193,8.14,-83.2,25.063,1.55,11.6
1/12/2021,20:00:00,0,B2,0.31,50091.9,50033.3,107,106.9,7.33,247.1,32.76,50038.8,0.42,32525,1.193,8.14,-83.2,25.056,1.55,11.6
1/12/2021,20:15:00,0,B2,0.25,50090.8,50039.2,107,106.9,7.33,247.7,32.77,50044.1,0.39,32529,1.197,8.14,-83.2,25.049,1.55,11.6
1/12/2021,20:30:00,0,B2,0.27,50084.7,50031.1,106.6,106.5,7.3,248.4,32.76,50036.1,0.36,32523,1.201,8.14,-83.1,25.051,1.55,11.6
1/12/2021,20:45:00,0,B2,0.26,50095.5,50034.8,106.6,106.5,7.3,248.3,32.77,50040.5,0.36,32526,1.191,8.14,-83.1,25.058,1.55,11.6
1/12/2021,21:00:00,0,B2,0.26,50099.3,50036.7,106.4,106.4,7.29,248.4,32.77,50042.5,0.33,32528,1.184,8.14,-83.1,25.059,1.55,11.6
1/12/2021,21:15:00,0,B2,0.26,50087.2,50034.8,106.2,106.2,7.28,247.8,32.77,50039.7,0.5,32526,1.189,8.14,-83.1,25.05,1.55,11.6
1/12/2021,21:30:00,0,B2,0.26,50092,50038.6,105.8,105.7,7.25,247.9,32.77,50043.6,0.47,32528,1.199,8.13,-83,25.051,1.55,11.6
1/12/2021,21:45:00,0,B2,0.28,50098.6,50031.2,105.6,105.6,7.24,247.9,32.76,50037.5,0.4,32524,1.194,8.13,-82.9,25.064,1.54,11.6
1/12/2021,22:00:00,0,B2,0.26,50099,50031.9,105.7,105.6,7.24,247.4,32.76,50038.2,0.4,32525,1.191,8.13,-82.9,25.064,1.54,11.6
1/12/2021,22:15:00,0,B2,0.28,50107.5,50038.8,105.6,105.5,7.23,248,32.77,50045.2,0.42,32529,1.185,8.13,-82.9,25.065,1.54,11.6
1/12/2021,22:30:00,0,B2,0.24,50107.1,50038.7,105.4,105.4,7.22,248.3,32.77,50045.1,0.4,32529,1.19,8.13,-82.9,25.065,1.55,11.6
1/12/2021,22:45:00,0,B2,0.27,50110.9,50043.6,105.1,105,7.2,247.5,32.77,50049.9,0.42,32532,1.192,8.13,-82.7,25.064,1.55,11.6
1/12/2021,23:00:00,0,B2,0.27,50106.5,50037.2,105.3,105.2,7.21,247.5,32.77,50043.7,0.4,32528,1.184,8.13,-82.8,25.066,1.54,11.6
1/12/2021,23:15:00,0,B2,0.27,50105.9,50039,105,104.9,7.19,248.1,32.77,50045.3,0.36,32529,1.189,8.13,-82.7,25.063,1.55,11.6
1/12/2021,23:30:00,0,B2,0.27,50110.8,50041.2,105,104.9,7.19,248,32.77,50047.7,0.45,32531,1.2,8.13,-82.7,25.066,1.55,11.6
1/12/2021,23:45:00,0,B2,0.26,50118.3,50036.7,105,104.9,7.19,248.1,32.77,50044.4,0.32,32529,1.192,8.13,-82.7,25.077,1.54,11.6
1/13/2021,0:00:00,0,B2,0.25,50126.6,50040.9,104.8,104.7,7.18,248.6,32.77,50048.9,0.4,32532,1.183,8.13,-82.7,25.081,1.54,11.6
1/13/2021,0:15:00,0,B2,0.28,50119.5,50036.9,104.8,104.7,7.18,248.6,32.77,50044.6,0.41,32529,1.182,8.13,-82.6,25.078,1.54,11.6
1/13/2021,0:30:00,0,B2,0.29,50116.6,50036.2,104.7,104.6,7.17,248.8,32.77,50043.8,0.36,32528,1.189,8.13,-82.6,25.076,1.54,11.6
1/13/2021,0:45:00,0,B2,0.27,50109.6,50038.5,104.5,104.4,7.16,248.1,32.77,50045.2,0.39,32529,1.19,8.13,-82.5,25.067,1.54,11.6
1/13/2021,1:00:00,0,B2,0.27,50126.2,50040.5,104.6,104.5,7.16,248.7,32.77,50048.5,0.47,32532,1.197,8.13,-82.5,25.081,1.54,11.6
1/13/2021,1:15:00,0,B2,0.27,50129.3,50042.1,104.4,104.3,7.15,248.2,32.77,50050.3,0.35,32533,1.19,8.13,-82.5,25.083,1.54,11.6
1/13/2021,1:30:00,0,B2,0.26,50113.9,50039.2,104.1,104,7.13,245,32.77,50046.2,0.44,32530,1.189,8.12,-82.4,25.071,1.54,11.6
1/13/2021,1:45:00,0,B2,0.26,50116.8,50037.2,104.1,104.1,7.13,247.3,32.77,50044.6,0.35,32529,1.187,8.12,-82.4,25.076,1.54,11.6
1/13/2021,2:00:00,0,B2,0.25,50111.3,50043,103.9,103.9,7.12,248.2,32.77,50049.4,0.38,32532,1.192,8.12,-82.4,25.065,1.54,11.6
1/13/2021,2:15:00,0,B2,0.24,50123.4,50038.2,104,104,7.13,247.9,32.77,50046.2,0.38,32530,1.199,8.12,-82.3,25.081,1.54,11.6
1/13/2021,2:30:00,0,B2,0.26,50126.5,50039,104,104,7.13,246.9,32.77,50047.2,0.39,32531,1.191,8.12,-82.3,25.083,1.54,11.6
1/13/2021,2:45:00,0,B2,0.26,50118.8,50038.8,104,103.9,7.12,248,32.77,50046.3,0.39,32530,1.183,8.12,-82.3,25.076,1.54,11.6
1/13/2021,3:00:00,0,B2,0.25,50119.2,50036.7,103.8,103.8,7.11,247.7,32.77,50044.4,0.33,32529,1.192,8.12,-82.2,25.078,1.54,11.6
1/13/2021,3:15:00,0,B2,0.28,50115,50040,103.8,103.8,7.11,247.8,32.77,50047,0.41,32531,1.19,8.12,-82.2,25.071,1.54,11.6
1/13/2021,3:30:00,0,B2,0.25,50119.5,50041.4,103.8,103.7,7.11,248.2,32.77,50048.7,0.4,32532,1.192,8.12,-82.2,25.074,1.54,11.6
1/13/2021,3:45:00,0,B2,0.23,50121.3,50036.4,103.8,103.7,7.11,248.7,32.77,50044.4,0.39,32529,1.185,8.12,-82.1,25.08,1.54,11.6
1/13/2021,4:00:00,0,B2,0.29,50132.6,50038.3,103.7,103.6,7.1,248.8,32.77,50047.1,0.44,32531,1.19,8.12,-82.1,25.089,1.54,11.6
1/13/2021,4:15:00,0,B2,0.26,50102.6,50027,103.6,103.5,7.1,247.9,32.76,50034.1,0.44,32522,1.197,8.12,-82.1,25.072,1.54,11.6
1/13/2021,4:30:00,0,B2,0.24,50105.2,50041.9,103.2,103.1,7.07,248.4,32.77,50047.8,0.41,32531,1.194,8.12,-82,25.06,1.54,11.6
1/13/2021,4:45:00,0,B2,0.26,50128.5,50039.1,103.6,103.5,7.09,249.5,32.77,50047.5,0.47,32531,1.19,8.12,-81.9,25.085,1.54,11.6
1/13/2021,5:00:00,0,B2,0.25,50119.5,50038.4,103.4,103.3,7.08,248.6,32.77,50046,0.35,32530,1.189,8.12,-81.9,25.077,1.54,11.6
1/13/2021,5:15:00,0,B2,0.26,50127.6,50037.9,103.5,103.4,7.09,248.8,32.77,50046.3,0.34,32530,1.192,8.12,-81.9,25.085,1.54,11.6
1/13/2021,5:30:00,0,B2,0.27,50120.4,50034.5,103.3,103.2,7.07,248.9,32.77,50042.5,0.35,32528,1.191,8.11,-81.8,25.081,1.54,11.6
1/13/2021,5:45:00,0,B2,0.29,50128.3,50033.7,103.3,103.2,7.07,249.2,32.77,50042.5,0.44,32528,1.187,8.12,-81.8,25.09,1.54,11.6
1/13/2021,6:00:00,0,B2,0.26,50106.3,50032.2,103.2,103.1,7.07,249.6,32.76,50039.1,0.42,32525,1.187,8.11,-81.8,25.07,1.54,11.6
1/13/2021,6:15:00,0,B2,0.31,50105.6,50025.9,103.3,103.2,7.07,249.7,32.76,50033.4,0.38,32522,1.189,8.11,-81.7,25.076,1.54,11.6
1/13/2021,6:30:00,0,B2,0.26,50119.4,50029,103.4,103.3,7.08,248.8,32.76,50037.5,0.4,32524,1.193,8.11,-81.8,25.086,1.54,11.6
1/13/2021,6:45:00,0,B2,0.27,50119.5,50028.3,103.2,103.1,7.07,249.3,32.76,50036.8,0.45,32524,1.198,8.11,-81.7,25.087,1.54,11.6
1/13/2021,7:00:00,0,B2,0.27,50107.3,50032.4,103.3,103.2,7.07,248.2,32.76,50039.4,0.45,32526,1.2,8.11,-81.7,25.071,1.54,11.6
1/13/2021,7:15:00,0,B2,0.29,50108.1,50032.3,103.1,103.1,7.07,248.6,32.76,50039.4,0.44,32526,1.197,8.11,-81.6,25.072,1.54,11.6
1/13/2021,7:30:00,0,B2,0.31,50120.6,50038.2,103.2,103.1,7.07,248.5,32.77,50046,0.5,32530,1.191,8.11,-81.6,25.078,1.54,11.6
1/13/2021,7:45:00,0,B2,0.66,50108.5,50036.2,103.2,103.1,7.07,249.1,32.77,50042.9,0.69,32528,1.194,8.11,-81.6,25.069,1.54,11.6
1/13/2021,8:00:00,0,B2,0.35,50114.2,50037.7,103.1,103.1,7.07,249.3,32.77,50044.9,0.58,32529,1.192,8.11,-81.6,25.073,1.54,11.6
1/13/2021,8:15:00,0,B2,0.37,50124.8,50036,103.2,103.2,7.07,249.4,32.77,50044.3,0.87,32529,1.191,8.11,-81.5,25.084,1.54,11.6
1/13/2021,8:30:00,0,B2,0.46,50129.1,50032.9,103.4,103.3,7.08,248.3,32.77,50041.9,0.8,32527,1.188,8.11,-81.5,25.091,1.54,11.6
1/13/2021,8:45:00,0,B2,0.37,50125.3,50031,103.5,103.5,7.09,249,32.76,50039.8,0.58,32526,1.184,8.11,-81.6,25.089,1.54,11.6
1/13/2021,9:00:00,0,B2,0.58,50124.1,50030.6,103.8,103.7,7.11,249.4,32.76,50039.4,0.89,32526,1.186,8.11,-81.5,25.089,1.54,11.6
1/13/2021,9:15:00,0,B2,0.46,50120.4,50033.9,104.1,104.1,7.13,248.9,32.77,50042,0.78,32527,1.19,8.11,-81.5,25.082,1.54,11.6
1/13/2021,9:30:00,0,B2,0.43,50117.6,50030.4,104.6,104.5,7.17,248.4,32.76,50038.5,0.76,32525,1.191,8.11,-81.6,25.083,1.54,11.6
1/13/2021,9:45:00,0,B2,0.39,50111.2,50027.3,105,105,7.2,248.8,32.76,50035.1,0.7,32523,1.198,8.11,-81.7,25.08,1.54,11.6
1/13/2021,10:00:00,0,B2,0.39,50117,50032.2,105.6,105.5,7.23,248.8,32.77,50040.1,0.66,32526,1.189,8.11,-81.8,25.081,1.54,11.6
1/13/2021,10:15:00,0,B2,0.36,50116.9,50031.1,105.9,105.8,7.25,249.8,32.76,50039.1,0.63,32525,1.191,8.11,-81.8,25.081,1.54,11.6
1/13/2021,10:30:00,0,B2,0.34,50116,50030.4,106.7,106.7,7.31,249.9,32.76,50038.4,0.48,32525,1.194,8.12,-81.9,25.081,1.54,11.6
1/13/2021,10:45:00,0,B2,0.4,50117.5,50029.4,107.2,107.1,7.34,249.4,32.76,50037.6,0.71,32524,1.197,8.12,-82,25.084,1.54,11.6
1/13/2021,11:00:00,0,B2,0.34,50122.8,50029.4,107.6,107.5,7.37,249.7,32.76,50038.1,0.62,32525,1.189,8.12,-82.1,25.089,1.54,11.6
1/13/2021,11:15:00,0,B2,0.37,50130.6,50030.4,108.1,108.1,7.41,250.4,32.76,50039.8,0.53,32526,1.183,8.12,-82.2,25.095,1.54,11.6
1/13/2021,11:30:00,0,B2,0.35,50131.6,50030.4,108.5,108.4,7.43,249.9,32.76,50039.9,0.49,32526,1.181,8.12,-82.4,25.096,1.54,11.6
1/13/2021,11:45:00,0,B2,0.33,50143.6,50032.5,109,109,7.46,250.4,32.77,50042.9,0.54,32528,1.189,8.12,-82.4,25.105,1.54,11.6
1/13/2021,12:00:00,0,B2,0.33,50146.4,50029.6,109.5,109.5,7.5,250.7,32.76,50040.6,0.5,32526,1.2,8.13,-82.5,25.111,1.54,11.6
1/13/2021,12:15:00,0,B2,0.39,50155.4,50031.3,110,109.9,7.53,249.7,32.77,50043,0.55,32528,1.182,8.13,-82.7,25.118,1.54,11.6
1/13/2021,12:30:00,0,B2,0.37,50158.3,50029.2,110.2,110.1,7.54,249.6,32.77,50041.3,0.58,32527,1.188,8.13,-82.8,25.122,1.54,11.6
1/13/2021,12:45:00,0,B2,0.32,50168.9,50031.7,111,110.9,7.59,249.8,32.77,50044.6,0.5,32529,1.181,8.13,-83,25.13,1.54,11.6
1/13/2021,13:00:00,0,B2,0.35,50177.7,50031,111.3,111.3,7.62,250.1,32.77,50044.8,0.5,32529,1.187,8.14,-83.1,25.139,1.54,11.6
1/13/2021,13:15:00,0,B2,0.35,50177.1,50026.7,111.3,111.2,7.62,250.4,32.76,50040.8,0.49,32527,1.191,8.14,-83.1,25.143,1.54,11.6
1/13/2021,13:30:00,0,B2,0.32,50193.1,50029.2,112.3,112.2,7.68,250,32.77,50044.6,0.39,32529,1.196,8.14,-83.3,25.155,1.54,11.6
1/13/2021,13:45:00,0,B2,0.39,50189.4,50028.5,111.5,111.5,7.63,250.4,32.77,50043.6,0.55,32528,1.196,8.14,-83.3,25.153,1.54,11.6
1/13/2021,14:00:00,0,B2,0.28,50194,50025.1,112,111.9,7.66,249.6,32.76,50040.9,0.46,32527,1.193,8.14,-83.3,25.16,1.54,11.6
1/13/2021,14:15:00,0,B2,0.36,50196.2,50025.9,112,112,7.66,249.8,32.76,50041.8,0.48,32527,1.191,8.14,-83.4,25.161,1.54,11.6
1/13/2021,14:30:00,0,B2,0.31,50197.2,50025.1,111.8,111.8,7.65,250.2,32.76,50041.2,0.36,32527,1.185,8.14,-83.5,25.163,1.54,11.6
1/13/2021,14:45:00,0,B2,0.28,50200.2,50025.4,111.9,111.8,7.65,250.3,32.76,50041.7,0.47,32527,1.19,8.14,-83.5,25.166,1.54,11.6
1/13/2021,15:00:00,0,B2,0.28,50205.1,50027.9,111.7,111.6,7.64,250.5,32.77,50044.5,0.43,32529,1.192,8.14,-83.6,25.168,1.54,11.6
1/13/2021,15:15:00,0,B2,0.31,50207,50027.2,111.8,111.7,7.65,250.5,32.77,50044,0.52,32529,1.192,8.14,-83.6,25.171,1.54,11.6
1/13/2021,15:30:00,0,B2,0.34,50208.3,50028.1,111.5,111.5,7.63,250.4,32.77,50045,0.37,32529,1.195,8.14,-83.6,25.171,1.54,11.6
1/13/2021,15:45:00,0,B2,0.31,50210.3,50029,111.5,111.5,7.63,250.4,32.77,50046,0.38,32530,1.184,8.15,-83.7,25.172,1.54,11.6
1/13/2021,16:00:00,0,B2,0.38,50209.4,50029,111.2,111.1,7.6,250.5,32.77,50045.9,0.52,32530,1.187,8.15,-83.7,25.171,1.54,11.6
1/13/2021,16:15:00,0,B2,0.49,50209.7,50029.7,111,110.9,7.59,250.6,32.77,50046.5,0.45,32530,1.2,8.15,-83.7,25.171,1.54,11.6
1/13/2021,16:30:00,0,B2,0.33,50209.3,50030.9,110.8,110.7,7.58,250.6,32.77,50047.6,0.46,32531,1.188,8.15,-83.7,25.169,1.54,11.6
1/13/2021,16:45:00,0,B2,0.28,50204,50026.7,110.5,110.4,7.56,250.6,32.77,50043.3,0.37,32528,1.188,8.15,-83.7,25.168,1.54,11.6
1/13/2021,17:00:00,0,B2,0.27,50205.3,50030.1,110.4,110.3,7.55,250.3,32.77,50046.5,0.46,32530,1.189,8.15,-83.7,25.166,1.53,11.6
1/13/2021,17:15:00,0,B2,0.29,50199.6,50027.9,110.3,110.2,7.54,249.9,32.77,50044,0.48,32529,1.192,8.15,-83.7,25.163,1.54,11.6
1/13/2021,17:30:00,0,B2,0.28,50194.7,50026.6,110,109.9,7.52,249.3,32.77,50042.4,0.44,32528,1.192,8.15,-83.7,25.159,1.54,11.6
1/13/2021,17:45:00,0,B2,0.28,50197.1,50031,109.7,109.6,7.5,248.8,32.77,50046.6,0.42,32530,1.196,8.14,-83.6,25.157,1.53,11.6
1/13/2021,18:00:00,0,B2,0.27,50185.9,50026.1,109.2,109.2,7.47,239.3,32.76,50041.1,0.51,32527,1.195,8.14,-83.6,25.152,1.53,11.6
1/13/2021,18:15:00,0,B2,0.3,50187,50032.4,108.9,108.9,7.45,244.3,32.77,50046.9,0.46,32530,1.191,8.14,-83.4,25.147,1.53,11.6
1/13/2021,18:30:00,0,B2,0.3,50177.5,50031.2,108.7,108.7,7.44,246.5,32.77,50044.9,0.52,32529,1.183,8.14,-83.4,25.139,1.53,11.6
1/13/2021,18:45:00,0,B2,0.31,50169.2,50028.8,108.4,108.3,7.42,247.6,32.77,50041.9,0.5,32527,1.183,8.14,-83.4,25.133,1.53,11.6
1/13/2021,19:00:00,0,B2,0.38,50164.2,50032.8,107.9,107.8,7.39,248,32.77,50045.1,0.63,32529,1.191,8.14,-83.3,25.125,1.53,11.6
1/13/2021,19:15:00,0,B2,0.29,50162.5,50031.7,108,107.9,7.39,247.6,32.77,50043.9,0.47,32529,1.2,8.14,-83.3,25.124,1.53,11.6
1/13/2021,19:30:00,0,B2,0.29,50155,50039.4,107.3,107.2,7.35,247.9,32.77,50050.2,0.4,32533,1.19,8.14,-83.3,25.11,1.53,11.6
1/13/2021,19:45:00,0,B2,0.27,50148.8,50037.8,107.4,107.4,7.36,248.1,32.77,50048.2,0.44,32531,1.191,8.14,-83.3,25.105,1.53,11.6
1/13/2021,20:00:00,0,B2,0.29,50142.4,50038.8,107.3,107.2,7.35,248.3,32.77,50048.5,0.47,32532,1.192,8.14,-83.2,25.098,1.54,11.6
1/13/2021,20:15:00,0,B2,0.28,50135.3,50039.5,107.1,107,7.33,248,32.77,50048.4,0.4,32531,1.199,8.14,-83.1,25.091,1.54,11.6
1/13/2021,20:30:00,0,B2,0.25,50123.4,50036.8,106.8,106.7,7.31,247.9,32.77,50044.9,0.84,32529,1.186,8.14,-83.2,25.082,1.54,11.6
1/13/2021,20:45:00,0,B2,0.26,50114.9,50036.2,106.6,106.5,7.3,247.7,32.77,50043.6,0.32,32528,1.183,8.14,-83.2,25.075,1.54,11.6
1/13/2021,21:00:00,0,B2,0.27,50099.9,50042.9,106,106,7.27,248,32.77,50048.2,0.4,32531,1.196,8.14,-83.1,25.054,1.54,11.6
1/13/2021,21:15:00,0,B2,0.28,50109.7,50042.8,106.1,106.1,7.27,247.1,32.77,50049,0.48,32532,1.192,8.14,-83.1,25.063,1.54,11.6
1/13/2021,21:30:00,0,B2,0.28,50104.4,50038,106,105.9,7.26,247.5,32.77,50044.2,0.45,32529,1.187,8.13,-83,25.063,1.54,11.6
1/13/2021,21:45:00,0,B2,0.29,50103.1,50039.3,106,105.9,7.26,247.2,32.77,50045.3,0.4,32529,1.187,8.13,-83,25.06,1.54,11.6
1/13/2021,22:00:00,0,B2,0.27,50102.3,50043.4,105.8,105.7,7.25,244.9,32.77,50048.9,0.43,32532,1.19,8.13,-82.9,25.056,1.54,11.6
1/13/2021,22:15:00,0,B2,0.27,50110.5,50040.7,105.5,105.5,7.23,245.5,32.77,50047.2,0.43,32531,1.198,8.13,-82.9,25.066,1.54,11.6
1/13/2021,22:30:00,0,B2,0.28,50096.1,50044.4,105.2,105.1,7.21,246.3,32.77,50049.2,0.46,32532,1.19,8.13,-82.8,25.049,1.54,11.6
1/13/2021,22:45:00,0,B2,0.27,50098,50039.6,105.2,105.1,7.21,246.7,32.77,50045,0.49,32529,1.193,8.13,-82.9,25.055,1.53,11.6
1/13/2021,23:00:00,0,B2,0.29,50098.6,50040.8,104.9,104.8,7.19,246.5,32.77,50046.2,0.51,32530,1.182,8.13,-82.8,25.055,1.53,11.6
1/13/2021,23:15:00,0,B2,0.3,50108.3,50040.8,104.9,104.8,7.18,246.5,32.77,50047.1,0.47,32531,1.192,8.13,-82.8,25.064,1.53,11.6
1/13/2021,23:30:00,0,B2,0.25,50104.5,50039.6,104.9,104.8,7.19,246.7,32.77,50045.7,0.44,32530,1.191,8.13,-82.7,25.062,1.53,11.6
1/13/2021,23:45:00,0,B2,0.29,50103.1,50048.6,104.7,104.6,7.17,247,32.78,50053.7,0.39,32535,1.183,8.13,-82.6,25.052,1.53,11.6
1/14/2021,0:00:00,0,B2,0.29,50118.7,50045.4,104.7,104.6,7.17,247.2,32.77,50052.3,0.46,32534,1.197,8.13,-82.6,25.07,1.53,11.6
1/14/2021,0:15:00,0,B2,0.28,50120.4,50043.1,104.6,104.6,7.17,247.9,32.77,50050.4,0.46,32533,1.197,8.13,-82.5,25.073,1.53,11.6
1/14/2021,0:30:00,0,B2,0.29,50122.6,50049.5,104.6,104.5,7.17,246.5,32.78,50056.4,0.44,32537,1.196,8.13,-82.5,25.069,1.53,11.6
1/14/2021,0:45:00,0,B2,0.25,50116.9,50044.3,104.5,104.5,7.16,247,32.77,50051.1,0.42,32533,1.194,8.13,-82.5,25.069,1.53,11.6
1/14/2021,1:00:00,0,B2,0.25,50128.6,50046.1,104.4,104.3,7.15,247.1,32.78,50053.8,0.45,32535,1.196,8.13,-82.5,25.078,1.53,11.6
1/14/2021,1:15:00,0,B2,0.28,50119.3,50044.5,104.3,104.2,7.14,247.5,32.77,50051.5,0.44,32533,1.19,8.12,-82.4,25.071,1.53,11.6
1/14/2021,1:30:00,0,B2,0.27,50118.1,50041.9,104.3,104.2,7.14,247.8,32.77,50049.1,0.45,32532,1.186,8.12,-82.3,25.072,1.53,11.6
1/14/2021,1:45:00,0,B2,0.29,50122,50043.5,104.2,104.1,7.14,246.1,32.77,50050.8,0.45,32533,1.187,8.12,-82.4,25.074,1.53,11.6
1/14/2021,2:00:00,0,B2,0.3,50106.8,50046,103.7,103.6,7.11,245.8,32.77,50051.7,0.43,32534,1.187,8.12,-82.3,25.058,1.53,11.6
1/14/2021,2:15:00,0,B2,0.3,50125.9,50046.2,104.1,104,7.13,246.7,32.78,50053.6,0.37,32535,1.183,8.12,-82.3,25.076,1.53,11.6
1/14/2021,2:30:00,0,B2,0.28,50112.8,50051.8,103.7,103.6,7.1,247.4,32.78,50057.5,0.48,32537,1.191,8.12,-82.2,25.058,1.53,11.6
1/14/2021,2:45:00,0,B2,0.27,50118.1,50051.1,103.7,103.6,7.1,247.2,32.78,50057.4,0.47,32537,1.201,8.12,-82.2,25.064,1.53,11.6
1/14/2021,3:00:00,0,B2,0.27,50110.8,50045.9,103.3,103.2,7.07,247.7,32.77,50052,0.49,32534,1.191,8.12,-82.2,25.062,1.53,11.6
1/14/2021,3:15:00,0,B2,0.26,50108.4,50044.5,103.4,103.3,7.09,247.9,32.77,50050.5,0.41,32533,1.194,8.12,-82.2,25.061,1.53,11.6
1/14/2021,3:30:00,0,B2,0.29,50128.5,50048.5,103.5,103.5,7.09,247.7,32.78,50056,0.46,32536,1.186,8.12,-82.2,25.076,1.53,11.6
1/14/2021,3:45:00,0,B2,0.27,50109.7,50046.3,103.6,103.6,7.1,247.4,32.77,50052.2,0.44,32534,1.181,8.12,-82.2,25.06,1.53,11.6
1/14/2021,4:00:00,0,B2,0.29,50095.6,50052.9,102.9,102.8,7.05,247.7,32.78,50056.9,0.46,32537,1.192,8.12,-82.2,25.04,1.53,11.6
1/14/2021,4:15:00,0,B2,0.28,50116,50046.4,103.5,103.5,7.09,247.9,32.77,50052.9,0.5,32534,1.197,8.12,-82.2,25.066,1.53,11.6
1/14/2021,4:30:00,0,B2,0.27,50112.6,50046.5,103.1,103,7.06,247.4,32.77,50052.7,0.42,32534,1.189,8.12,-82.2,25.063,1.53,11.6
1/14/2021,4:45:00,0,B2,0.28,50116.9,50040.6,103.3,103.3,7.08,247.7,32.77,50047.7,0.48,32531,1.192,8.12,-82.1,25.072,1.53,11.6
1/14/2021,5:00:00,0,B2,0.3,50130.4,50042.7,103.3,103.3,7.08,248.1,32.77,50050.9,0.48,32533,1.2,8.12,-82.1,25.083,1.53,11.6
1/14/2021,5:15:00,0,B2,0.27,50140.4,50049,103.3,103.2,7.07,247.7,32.78,50057.5,0.5,32537,1.181,8.12,-82.1,25.087,1.53,11.6
1/14/2021,5:30:00,0,B2,0.27,50137.3,50045.4,103.3,103.2,7.07,248,32.78,50054,0.43,32535,1.191,8.12,-82.1,25.087,1.53,11.6
1/14/2021,5:45:00,0,B2,0.28,50137.4,50044.1,103.3,103.2,7.07,248.4,32.77,50052.8,0.48,32534,1.191,8.12,-82,25.088,1.53,11.6
1/14/2021,6:00:00,0,B2,0.28,50127.5,50048.4,103,102.9,7.05,247.7,32.78,50055.8,0.44,32536,1.192,8.12,-82,25.075,1.53,11.6
1/14/2021,6:15:00,0,B2,0.31,50121,50040.9,103.2,103.2,7.07,247.9,32.77,50048.4,0.53,32531,1.195,8.12,-81.9,25.076,1.53,11.6
1/14/2021,6:30:00,0,B2,0.29,50132.3,50049.1,103,102.9,7.05,247,32.78,50056.9,0.56,32537,1.19,8.12,-81.8,25.079,1.53,11.6
1/14/2021,6:45:00,0,B2,0.3,50127.5,50052.2,103,103,7.06,247.1,32.78,50059.2,0.45,32538,1.195,8.12,-81.9,25.071,1.53,11.6
1/14/2021,7:00:00,0,B2,0.3,50123.9,50047.1,103,102.9,7.06,247,32.78,50054.3,0.48,32535,1.188,8.11,-81.8,25.073,1.53,11.6
1/14/2021,7:15:00,0,B2,0.31,50129.4,50052.1,103.2,103.1,7.07,245.9,32.78,50059.3,0.48,32539,1.182,8.12,-81.8,25.073,1.53,11.6
1/14/2021,7:30:00,0,B2,0.36,50119.3,50047.4,102.8,102.7,7.04,247.1,32.78,50054.1,0.63,32535,1.183,8.11,-81.8,25.068,1.53,11.6
1/14/2021,7:45:00,0,B2,0.37,50113.5,50046.5,102.9,102.9,7.05,246.8,32.77,50052.8,0.64,32534,1.187,8.11,-81.7,25.063,1.53,11.6
1/14/2021,8:00:00,0,B2,0.37,50135.5,50053.9,102.9,102.9,7.05,246.7,32.78,50061.5,0.59,32540,1.196,8.11,-81.7,25.077,1.53,11.6
1/14/2021,8:15:00,0,B2,0.44,50114.5,50045.2,102.8,102.7,7.04,247.4,32.77,50051.7,0.75,32534,1.197,8.11,-81.7,25.066,1.53,11.6
1/14/2021,8:30:00,0,B2,0.38,50131.4,50045.2,103.2,103.2,7.07,247.3,32.77,50053.3,0.67,32535,1.183,8.11,-81.7,25.082,1.53,11.6
1/14/2021,8:45:00,0,B2,0.43,50137.6,50049.7,103.3,103.3,7.08,248,32.78,50057.9,0.73,32538,1.192,8.11,-81.7,25.083,1.53,11.6
1/14/2021,9:00:00,0,B2,0.44,50128.1,50047.1,103.6,103.6,7.1,248.7,32.78,50054.7,0.78,32536,1.19,8.11,-81.7,25.077,1.53,11.6
1/14/2021,9:15:00,0,B2,0.51,50128.4,50049.6,104,103.9,7.12,248.7,32.78,50056.9,0.75,32537,1.192,8.11,-81.7,25.075,1.53,11.6
1/14/2021,9:30:00,0,B2,0.42,50126.7,50049.8,104.5,104.4,7.16,249,32.78,50057,0.8,32537,1.193,8.11,-81.8,25.073,1.53,11.6
1/14/2021,9:45:00,0,B2,0.39,50124.7,50048.8,104.9,104.8,7.18,249.3,32.78,50055.9,0.78,32536,1.184,8.11,-81.8,25.072,1.53,11.6
1/14/2021,10:00:00,0,B2,0.39,50128.3,50050.5,105.4,105.4,7.22,249.7,32.78,50057.8,0.7,32538,1.188,8.12,-81.8,25.074,1.53,11.6
1/14/2021,10:15:00,0,B2,0.42,50128.4,50051.6,105.8,105.7,7.25,249.5,32.78,50058.8,0.77,32538,1.181,8.12,-82,25.073,1.53,11.6
1/14/2021,10:30:00,0,B2,0.42,50126.1,50047.4,106.2,106.2,7.28,249.9,32.78,50054.8,0.8,32536,1.193,8.12,-82,25.075,1.53,11.6
1/14/2021,10:45:00,0,B2,0.37,50130.5,50046.4,106.7,106.6,7.31,249.8,32.78,50054.3,0.66,32535,1.196,8.12,-82.1,25.08,1.53,11.6
1/14/2021,11:00:00,0,B2,0.37,50138.3,50046.8,107,106.9,7.33,249.8,32.78,50055.4,0.71,32536,1.186,8.12,-82.2,25.087,1.53,11.6
1/14/2021,11:15:00,0,B2,0.47,50139.2,50045.9,107.8,107.7,7.38,250,32.78,50054.6,0.89,32535,1.19,8.12,-82.3,25.089,1.53,11.6
1/14/2021,11:30:00,0,B2,0.38,50142.9,50043,108.3,108.2,7.42,250.2,32.77,50052.3,0.73,32534,1.193,8.12,-82.4,25.095,1.53,11.6
1/14/2021,11:45:00,0,B2,0.35,50151.7,50043.6,108.9,108.9,7.46,250.1,32.77,50053.7,0.63,32535,1.183,8.13,-82.5,25.102,1.53,11.6
1/14/2021,12:00:00,0,B2,0.37,50159.6,50041.1,109.5,109.5,7.5,250.3,32.77,50052.2,0.64,32534,1.181,8.13,-82.7,25.112,1.53,11.6
1/14/2021,12:15:00,0,B2,0.37,50165.9,50042.2,110,109.9,7.53,249.8,32.77,50053.8,0.53,32535,1.19,8.13,-82.8,25.117,1.53,11.6
1/14/2021,12:30:00,0,B2,0.4,50179,50044.7,110.8,110.7,7.58,249.5,32.78,50057.3,0.63,32537,1.196,8.13,-83,25.127,1.53,11.6
1/14/2021,12:45:00,0,B2,0.35,50181.5,50038.1,111,110.9,7.59,248.4,32.77,50051.5,0.65,32533,1.183,8.13,-83,25.136,1.53,11.6
1/14/2021,13:00:00,0,B2,0.41,50186.1,50037.7,111.2,111.1,7.61,249.6,32.77,50051.6,0.56,32534,1.193,8.14,-83.2,25.141,1.53,11.6
1/14/2021,13:15:00,0,B2,0.33,50198.3,50038.9,111.4,111.3,7.62,249.9,32.77,50053.8,0.53,32535,1.196,8.14,-83.2,25.151,1.53,11.6
1/14/2021,13:30:00,0,B2,0.4,50200.5,50037.8,112.1,112,7.67,249.5,32.77,50053,0.69,32534,1.189,8.14,-83.4,25.154,1.53,11.6
1/14/2021,13:45:00,0,B2,0.31,50201.9,50036.1,111.4,111.3,7.62,249.3,32.77,50051.6,0.46,32534,1.184,8.14,-83.4,25.157,1.53,11.6
1/14/2021,14:00:00,0,B2,0.36,50210.1,50036.1,112,111.9,7.66,249.7,32.77,50052.4,0.6,32534,1.183,8.14,-83.5,25.165,1.53,11.6
1/14/2021,14:15:00,0,B2,0.33,50209.1,50031.9,111.8,111.7,7.65,249.9,32.77,50048.5,0.56,32532,1.198,8.14,-83.5,25.168,1.53,11.6
1/14/2021,14:30:00,0,B2,0.31,50210.5,50027.7,112,112,7.66,249.7,32.77,50044.9,0.49,32529,1.191,8.14,-83.6,25.173,1.53,11.6
1/14/2021,14:45:00,0,B2,0.34,50218.5,50032.5,111.6,111.5,7.63,249.6,32.77,50049.9,0.5,32532,1.196,8.14,-83.6,25.176,1.53,11.6
1/14/2021,15:00:00,0,B2,0.34,50221.6,50030.6,111.7,111.7,7.64,249.7,32.77,50048.5,0.59,32532,1.198,8.15,-83.7,25.181,1.53,11.6
1/14/2021,15:15:00,0,B2,0.36,50223.9,50032,111.5,111.4,7.63,249.7,32.77,50050,0.56,32533,1.201,8.15,-83.7,25.182,1.53,11.6
1/14/2021,15:30:00,0,B2,0.34,50228.8,50033.6,111.5,111.4,7.62,242.2,32.77,50051.9,0.53,32534,1.193,8.15,-83.8,25.185,1.53,11.6
1/14/2021,15:45:00,0,B2,0.41,50229.5,50032.8,111.4,111.3,7.61,247.3,32.77,50051.2,0.65,32533,1.19,8.15,-83.8,25.186,1.53,11.6
1/14/2021,16:00:00,0,B2,0.34,50227.8,50030.3,111.1,111,7.59,248.4,32.77,50048.8,0.6,32532,1.183,8.15,-83.7,25.187,1.53,11.6
1/14/2021,16:15:00,0,B2,0.31,50210.4,50026.7,110.9,110.8,7.59,249.1,32.77,50043.9,0.51,32529,1.184,8.15,-83.8,25.174,1.53,11.6
1/14/2021,16:30:00,0,B2,0.36,50206.1,50030.4,110.8,110.7,7.58,249.7,32.77,50046.8,0.54,32530,1.189,8.15,-83.8,25.167,1.52,11.6
1/14/2021,16:45:00,0,B2,0.28,50207,50034.3,110.6,110.6,7.57,249.6,32.77,50050.5,0.45,32533,1.191,8.15,-83.8,25.164,1.53,11.6
1/14/2021,17:00:00,0,B2,0.29,50197.8,50030.4,110.3,110.2,7.54,249.7,32.77,50046.1,0.46,32530,1.189,8.15,-83.8,25.159,1.52,11.6
1/14/2021,17:15:00,0,B2,0.34,50197.9,50032.6,110.1,110,7.53,249.3,32.77,50048.1,0.5,32531,1.192,8.15,-83.8,25.157,1.53,11.6
1/14/2021,17:30:00,0,B2,0.29,50192.9,50030.7,109.8,109.8,7.52,249.5,32.77,50045.9,0.52,32530,1.2,8.15,-83.8,25.154,1.52,11.6
1/14/2021,17:45:00,0,B2,0.31,50193.6,50032.8,109.5,109.5,7.49,249.6,32.77,50047.9,0.39,32531,1.19,8.15,-83.8,25.152,1.52,11.6
1/14/2021,18:00:00,0,B2,0.3,50189,50031.1,109.4,109.3,7.48,249.8,32.77,50045.8,0.44,32530,1.191,8.15,-83.7,25.15,1.52,11.6
1/14/2021,18:15:00,0,B2,0.29,50185.8,50031.4,109,109,7.46,249.1,32.77,50045.9,0.45,32530,1.191,8.15,-83.7,25.146,1.52,11.6
1/14/2021,18:30:00,0,B2,0.3,50186,50033.9,108.8,108.7,7.44,249.1,32.77,50048.2,0.49,32531,1.19,8.15,-83.7,25.144,1.52,11.6
1/14/2021,18:45:00,0,B2,0.28,50182.4,50035.5,108.6,108.5,7.43,248.3,32.77,50049.2,0.4,32532,1.192,8.15,-83.7,25.139,1.52,11.6
1/14/2021,19:00:00,0,B2,0.32,50173.2,50034.8,108.2,108.1,7.4,247.7,32.77,50047.8,0.6,32531,1.194,8.14,-83.6,25.131,1.52,11.6
1/14/2021,19:15:00,0,B2,0.29,50166.4,50033.5,108.1,108,7.4,248,32.77,50045.9,0.5,32530,1.186,8.14,-83.6,25.126,1.52,11.6
1/14/2021,19:30:00,0,B2,0.29,50166,50035.3,107.7,107.7,7.37,247.9,32.77,50047.6,0.43,32531,1.192,8.14,-83.5,25.124,1.52,11.6
1/14/2021,19:45:00,0,B2,0.28,50153.6,50035.4,107.4,107.3,7.35,248,32.77,50046.5,0.45,32530,1.195,8.14,-83.4,25.112,1.52,11.6
1/14/2021,20:00:00,0,B2,0.3,50147.9,50035.2,107.1,107,7.33,247.9,32.77,50045.7,0.48,32530,1.191,8.14,-83.5,25.107,1.52,11.6
1/14/2021,20:15:00,0,B2,0.3,50147.5,50038.5,107,107,7.33,248.5,32.77,50048.7,0.46,32532,1.193,8.14,-83.4,25.103,1.52,11.6
1/14/2021,20:30:00,0,B2,0.31,50140.8,50039.7,106.7,106.6,7.3,248,32.77,50049.2,0.51,32532,1.189,8.14,-83.4,25.096,1.52,11.6
1/14/2021,20:45:00,0,B2,0.32,50130.1,50036.2,106.7,106.7,7.31,248.3,32.77,50045,0.46,32529,1.191,8.14,-83.4,25.089,1.52,11.6
1/14/2021,21:00:00,0,B2,0.29,50121.6,50036.6,106.5,106.4,7.29,248.5,32.77,50044.6,0.52,32529,1.201,8.14,-83.3,25.081,1.52,11.6
1/14/2021,21:15:00,0,B2,0.28,50116.9,50041,106.4,106.3,7.29,247.6,32.77,50048.1,0.48,32531,1.193,8.14,-83.3,25.072,1.52,11.6
1/14/2021,21:30:00,0,B2,0.31,50110.1,50041.8,106.1,106,7.27,247.7,32.77,50048.2,0.49,32531,1.184,8.14,-83.2,25.065,1.52,11.6
1/14/2021,21:45:00,0,B2,0.3,50106.6,50038.8,106.1,106,7.27,248.2,32.77,50045.1,0.56,32529,1.181,8.14,-83.2,25.064,1.52,11.6
1/14/2021,22:00:00,0,B2,0.25,50105.6,50042.2,105.8,105.7,7.25,248,32.77,50048.2,0.48,32531,1.199,8.14,-83.2,25.06,1.52,11.6
1/14/2021,22:15:00,0,B2,0.32,50095.8,50044.2,105.7,105.7,7.25,248,32.77,50049.1,0.48,32532,1.195,8.14,-83.1,25.049,1.52,11.6
1/14/2021,22:30:00,0,B2,0.29,50105.3,50041.9,105.6,105.5,7.23,247.8,32.77,50047.9,0.42,32531,1.181,8.14,-83.1,25.06,1.52,11.6
1/14/2021,22:45:00,0,B2,0.27,50101,50042.5,105.1,105,7.2,247.4,32.77,50047.9,0.53,32531,1.192,8.14,-83,25.055,1.52,11.6
1/14/2021,23:00:00,0,B2,0.28,50104.6,50043.8,105.1,105,7.2,247.4,32.77,50049.5,0.43,32532,1.189,8.13,-82.9,25.058,1.52,11.6
1/14/2021,23:15:00,0,B2,0.26,50095.9,50037.6,105.3,105.3,7.22,246.6,32.77,50043.1,0.47,32528,1.192,8.14,-83,25.055,1.52,11.6
1/14/2021,23:30:00,0,B2,0.28,50100,50043.8,104.9,104.9,7.19,247.3,32.77,50049.1,0.52,32532,1.19,8.13,-83,25.053,1.52,11.6
1/14/2021,23:45:00,0,B2,0.31,50096.8,50041,104.9,104.8,7.19,247.4,32.77,50046.3,0.53,32530,1.192,8.13,-83,25.053,1.52,11.6
1/15/2021,0:00:00,0,B2,0.29,50101.5,50040.4,104.9,104.8,7.18,248,32.77,50046.1,0.48,32530,1.196,8.13,-82.9,25.058,1.52,11.6
1/15/2021,0:15:00,0,B2,0.28,50102,50037.8,104.9,104.8,7.19,247.7,32.77,50043.8,0.44,32528,1.187,8.13,-82.8,25.061,1.52,11.6
1/15/2021,0:30:00,0,B2,0.26,50100.3,50039.3,104.7,104.6,7.17,246.2,32.77,50045,0.41,32529,1.191,8.13,-82.8,25.058,1.52,11.6
1/15/2021,0:45:00,0,B2,0.54,50088.8,50042.1,104.2,104.1,7.14,246.8,32.77,50046.5,0.03,32530,1.183,8.13,-82.8,25.044,1.52,11.6
1/15/2021,1:00:00,0,B2,0.25,50099.3,50044,104.1,104,7.13,247.4,32.77,50049.2,0.45,32532,1.183,8.13,-82.7,25.052,1.52,11.6
1/15/2021,1:15:00,0,B2,0.27,50105.9,50041.4,104.3,104.2,7.15,247.7,32.77,50047.4,0.43,32531,1.198,8.13,-82.7,25.061,1.52,11.6
1/15/2021,1:30:00,0,B2,0.3,50097.5,50038,104.2,104.2,7.14,246.7,32.77,50043.6,0.39,32528,1.197,8.13,-82.7,25.056,1.52,11.6
1/15/2021,1:45:00,0,B2,0.29,50105,50039.5,104.4,104.4,7.16,247,32.77,50045.6,0.41,32530,1.189,8.13,-82.7,25.062,1.52,11.6
1/15/2021,2:00:00,0,B2,0.29,50109.5,50039,104.3,104.2,7.14,247.3,32.77,50045.6,0.48,32530,1.187,8.13,-82.6,25.067,1.52,11.6
1/15/2021,2:15:00,0,B2,0.28,50091.2,50043.3,103.8,103.7,7.11,246.8,32.77,50047.7,0.57,32531,1.196,8.13,-82.6,25.045,1.52,11.6
1/15/2021,2:30:00,0,B2,0.28,50093.9,50038.8,103.6,103.6,7.1,246.3,32.77,50043.9,0.49,32529,1.19,8.13,-82.5,25.052,1.52,11.6
1/15/2021,2:45:00,0,B2,0.27,50104.8,50038.4,103.8,103.8,7.11,245.7,32.77,50044.6,0.57,32529,1.191,8.13,-82.5,25.063,1.52,11.6
1/15/2021,3:00:00,0,B2,0.28,50107.2,50038.8,104,103.9,7.13,245.7,32.77,50045.2,0.37,32529,1.192,8.13,-82.5,25.065,1.52,11.6
1/15/2021,3:15:00,0,B2,0.29,50098.3,50039.8,103.8,103.7,7.11,246.5,32.77,50045.3,0.47,32529,1.19,8.12,-82.4,25.055,1.52,11.6
1/15/2021,3:30:00,0,B2,0.29,50098,50038.2,103.6,103.5,7.1,246.5,32.77,50043.8,0.45,32528,1.192,8.13,-82.4,25.057,1.52,11.6
1/15/2021,3:45:00,0,B2,0.29,50105.7,50043,103.7,103.6,7.1,247,32.77,50048.9,0.51,32532,1.2,8.12,-82.4,25.059,1.52,11.6
1/15/2021,4:00:00,0,B2,0.28,50092.5,50036.6,103.5,103.4,7.09,247.3,32.77,50041.8,0.45,32527,1.191,8.12,-82.4,25.053,1.52,11.6
1/15/2021,4:15:00,0,B2,0.28,50083.2,50037.4,103.2,103.1,7.07,246.1,32.77,50041.7,0.44,32527,1.183,8.12,-82.3,25.043,1.52,11.6
1/15/2021,4:30:00,0,B2,0.28,50106.6,50039.6,103.4,103.4,7.09,246.6,32.77,50045.8,0.48,32530,1.201,8.12,-82.3,25.064,1.52,11.6
1/15/2021,4:45:00,0,B2,0.3,50106.3,50037.4,103.3,103.2,7.08,247,32.77,50043.8,0.53,32528,1.196,8.12,-82.2,25.065,1.52,11.6
1/15/2021,5:00:00,0,B2,0.31,50103.2,50032,103.3,103.2,7.08,247.3,32.76,50038.6,0.6,32525,1.184,8.12,-82.2,25.068,1.52,11.6
1/15/2021,5:15:00,0,B2,0.3,50101.1,50043.9,103.4,103.3,7.08,246.9,32.77,50049.2,0.51,32532,1.182,8.12,-82.2,25.054,1.52,11.6
1/15/2021,5:30:00,0,B2,0.28,50111.2,50039.8,103.3,103.3,7.08,246.8,32.77,50046.5,0.48,32530,1.19,8.12,-82.1,25.068,1.52,11.6
1/15/2021,5:45:00,0,B2,0.3,50110.3,50039.3,103.2,103.1,7.07,247,32.77,50046,0.55,32530,1.195,8.12,-82.1,25.067,1.52,11.6
1/15/2021,6:00:00,0,B2,0.3,50108.8,50029.5,103.2,103.1,7.07,247,32.76,50036.9,0.56,32524,1.2,8.12,-82.1,25.075,1.52,11.6
1/15/2021,6:15:00,0,B2,0.3,50125.1,50041.2,103.3,103.2,7.07,247.1,32.77,50049,0.56,32532,1.192,8.12,-82.1,25.08,1.52,11.6
1/15/2021,6:30:00,0,B2,0.3,50111.5,50041,103.1,103.1,7.07,246.8,32.77,50047.6,0.54,32531,1.194,8.12,-82,25.067,1.52,11.6
1/15/2021,6:45:00,0,B2,0.29,50122.8,50039.8,103.2,103.1,7.07,246.9,32.77,50047.5,0.56,32531,1.185,8.12,-82,25.079,1.52,11.6
1/15/2021,7:00:00,0,B2,0.31,50113.1,50037.3,103.3,103.2,7.08,246.2,32.77,50044.4,0.51,32529,1.189,8.12,-81.9,25.072,1.52,11.6
1/15/2021,7:15:00,0,B2,0.34,50104.8,50037.3,103,103,7.06,246.4,32.77,50043.7,0.49,32528,1.192,8.12,-81.9,25.064,1.52,11.6
1/15/2021,7:30:00,0,B2,0.32,50109.8,50037.2,103.1,103,7.06,246.3,32.77,50044,0.61,32529,1.193,8.12,-81.9,25.069,1.52,11.6
1/15/2021,7:45:00,0,B2,0.35,50109.6,50044.3,103.1,103,7.06,247.1,32.77,50050.4,0.61,32533,1.19,8.12,-81.9,25.062,1.52,11.6
1/15/2021,8:00:00,0,B2,0.35,50102.8,50034.1,103,103,7.06,247.3,32.77,50040.6,0.7,32526,1.185,8.12,-81.8,25.065,1.52,11.6
1/15/2021,8:15:00,0,B2,0.4,50106.1,50038.2,103,103,7.06,247.3,32.77,50044.5,0.75,32529,1.189,8.11,-81.7,25.064,1.52,11.6
1/15/2021,8:30:00,0,B2,0.42,50112.9,50039.7,103.2,103.1,7.07,246.1,32.77,50046.5,0.8,32530,1.198,8.11,-81.8,25.069,1.52,11.6
1/15/2021,8:45:00,0,B2,0.49,50113.2,50034.8,103.5,103.5,7.09,246.6,32.77,50042.1,0.94,32527,1.187,8.11,-81.8,25.074,1.52,11.6
1/15/2021,9:00:00,0,B2,0.43,50110.2,50042.2,103.8,103.7,7.11,246.5,32.77,50048.6,0.84,32532,1.191,8.11,-81.8,25.064,1.52,11.6
1/15/2021,9:15:00,0,B2,0.62,50112.8,50037,104.3,104.2,7.14,246.2,32.77,50044.1,0.99,32529,1.186,8.12,-81.9,25.072,1.52,11.6
1/15/2021,9:30:00,0,B2,0.39,50113.1,50035.7,104.8,104.7,7.18,247.2,32.77,50042.9,0.78,32528,1.191,8.12,-81.9,25.073,1.52,11.6
1/15/2021,9:45:00,0,B2,0.44,50110.3,50036.6,105.8,105.8,7.25,246.5,32.77,50043.5,0.83,32528,1.193,8.12,-82,25.07,1.51,11.6
1/15/2021,10:00:00,0,B2,0.42,50107.3,50035.6,106.1,106.1,7.27,247.3,32.77,50042.3,0.81,32527,1.188,8.12,-82.1,25.068,1.52,11.6
1/15/2021,10:15:00,0,B2,0.46,50108.4,50033.4,106.2,106.1,7.28,247.6,32.77,50040.4,0.81,32526,1.181,8.12,-82.2,25.071,1.52,11.6
1/15/2021,10:30:00,0,B2,0.4,50112.8,50035.6,106.5,106.4,7.3,248.8,32.77,50042.8,0.77,32528,1.192,8.12,-82.2,25.073,1.51,11.6
1/15/2021,10:45:00,0,B2,0.43,50110.8,50035.5,107.6,107.6,7.37,248.9,32.77,50042.5,0.72,32528,1.195,8.13,-82.5,25.071,1.52,11.6
1/15/2021,11:00:00,0,B2,0.37,50114.7,50037.7,107.6,107.5,7.37,249.2,32.77,50044.9,0.67,32529,1.197,8.12,-82.4,25.073,1.51,11.6
1/15/2021,11:15:00,0,B2,0.38,50112.4,50034.2,108.5,108.4,7.43,248.8,32.77,50041.5,0.72,32527,1.2,8.13,-82.5,25.074,1.51,11.6
1/15/2021,11:30:00,0,B2,0.39,50110.5,50032.2,109.2,109.1,7.48,249.2,32.76,50039.6,0.82,32526,1.196,8.13,-82.7,25.074,1.51,11.6
1/15/2021,11:45:00,0,B2,0.37,50116.8,50035,110,109.9,7.54,249.1,32.77,50042.7,0.66,32528,1.192,8.13,-82.9,25.078,1.51,11.6
1/15/2021,12:00:00,0,B2,0.37,50114.5,50034.6,109.6,109.5,7.51,249.2,32.77,50042.1,0.65,32527,1.193,8.13,-82.9,25.076,1.51,11.6
1/15/2021,12:15:00,0,B2,0.38,50116.1,50034,110.4,110.3,7.56,249.6,32.77,50041.7,0.71,32527,1.182,8.13,-83,25.078,1.51,11.6
1/15/2021,12:30:00,0,B2,0.38,50117,50033.5,110.8,110.8,7.59,249.3,32.77,50041.3,0.67,32527,1.188,8.14,-83.1,25.079,1.51,11.6
1/15/2021,12:45:00,0,B2,0.36,50114,50032.2,110.7,110.6,7.58,249.8,32.77,50039.9,0.71,32526,1.193,8.14,-83.2,25.078,1.51,11.6
1/15/2021,13:00:00,0,B2,0.38,50115.1,50032.7,111,110.9,7.61,249.7,32.77,50040.4,0.63,32526,1.189,8.14,-83.3,25.078,1.51,11.6
1/15/2021,13:15:00,0,B2,0.35,50113.4,50031.5,111.3,111.2,7.62,249.3,32.76,50039.2,0.56,32525,1.19,8.14,-83.4,25.078,1.51,11.6
1/15/2021,13:30:00,0,B2,0.35,50112.7,50031,111.3,111.2,7.62,247.5,32.76,50038.6,0.56,32525,1.189,8.14,-83.4,25.078,1.51,11.6
1/15/2021,13:45:00,0,B2,0.36,50114.4,50033.7,111.2,111.1,7.62,247.6,32.77,50041.2,0.63,32527,1.188,8.14,-83.5,25.077,1.51,11.6
1/15/2021,14:00:00,0,B2,0.36,50110.5,50030.9,111.5,111.5,7.64,248.3,32.76,50038.3,0.54,32525,1.186,8.14,-83.6,25.076,1.51,11.6
1/15/2021,14:15:00,0,B2,0.37,50108.8,50031.1,111.6,111.5,7.64,248.9,32.76,50038.4,0.65,32525,1.191,8.15,-83.7,25.074,1.51,11.6
1/15/2021,14:30:00,0,B2,0.37,50107.7,50031.9,111.6,111.5,7.64,249.3,32.76,50039,0.58,32525,1.198,8.15,-83.7,25.072,1.51,11.6
1/15/2021,14:45:00,0,B2,0.34,50106.8,50033.9,111.7,111.6,7.65,249,32.77,50040.7,0.6,32526,1.19,8.15,-83.8,25.069,1.51,11.6
1/15/2021,15:00:00,0,B2,0.29,50103.9,50034.1,111.6,111.5,7.65,248.9,32.77,50040.6,0.46,32526,1.193,8.15,-83.9,25.066,1.51,11.6
1/15/2021,15:15:00,0,B2,0.34,50103.4,50036.3,111.6,111.5,7.64,249.3,32.77,50042.5,0.53,32528,1.188,8.15,-83.9,25.064,1.51,11.6
1/15/2021,15:30:00,0,B2,0.34,50096,50034.3,111.5,111.5,7.64,248.7,32.77,50040,0.62,32526,1.187,8.15,-84,25.059,1.51,11.6
1/15/2021,15:45:00,0,B2,0.34,50093,50034,111.5,111.4,7.64,248.2,32.77,50039.5,0.59,32526,1.191,8.15,-84,25.056,1.51,11.6
1/15/2021,16:00:00,0,B2,0.38,50088.7,50033.5,111.2,111.1,7.62,248.9,32.76,50038.7,0.59,32525,1.192,8.15,-84,25.052,1.51,11.6
1/15/2021,16:15:00,0,B2,0.36,50086.4,50034.7,111,111,7.61,249.4,32.77,50039.5,0.6,32526,1.199,8.15,-84,25.049,1.51,11.6
1/15/2021,16:30:00,0,B2,0.41,50088.5,50035.6,110.7,110.7,7.59,249.2,32.77,50040.6,0.66,32526,1.185,8.15,-84,25.05,1.51,11.6
1/15/2021,16:45:00,0,B2,0.38,50089.3,50037.6,110.5,110.5,7.58,249.1,32.77,50042.4,0.76,32528,1.182,8.15,-84,25.049,1.51,11.6
1/15/2021,17:00:00,0,B2,0.34,50078,50034.4,110.5,110.4,7.58,248.8,32.76,50038.5,0.65,32525,1.19,8.15,-84,25.041,1.51,11.6
1/15/2021,17:15:00,0,B2,0.3,50072.9,50033.5,110.1,110,7.55,248.6,32.76,50037.2,0.57,32524,1.188,8.15,-84,25.037,1.51,11.6
1/15/2021,17:30:00,0,B2,0.33,50083.5,50036.6,109.8,109.7,7.52,248.2,32.77,50041,0.52,32527,1.192,8.15,-84,25.045,1.51,11.6
1/15/2021,17:45:00,0,B2,0.32,50080.1,50036.5,109.4,109.3,7.5,249,32.77,50040.6,0.49,32526,1.19,8.15,-84,25.041,1.51,11.6
1/15/2021,18:00:00,0,B2,0.51,50076.3,50033.3,109.2,109.1,7.48,248.5,32.76,50037.3,0.88,32524,1.194,8.15,-83.9,25.041,1.51,11.6
1/15/2021,18:15:00,0,B2,0.33,50076.3,50038.8,108.7,108.7,7.45,248.4,32.77,50042.3,0.57,32528,1.195,8.15,-83.9,25.036,1.51,11.6
1/15/2021,18:30:00,0,B2,0.32,50074.2,50037.7,108.5,108.5,7.44,246.8,32.77,50041.1,0.57,32527,1.193,8.15,-83.8,25.035,1.51,11.6
1/15/2021,18:45:00,0,B2,0.3,50082,50035.6,108.4,108.4,7.43,246.9,32.77,50040,0.52,32526,1.198,8.15,-83.9,25.044,1.51,11.6
1/15/2021,19:00:00,0,B2,0.3,50083.2,50035.9,108.2,108.1,7.42,247,32.77,50040.3,0.51,32526,1.199,8.15,-83.8,25.045,1.51,11.6
1/15/2021,19:15:00,0,B2,0.3,50081.1,50040.9,107.9,107.9,7.4,247.7,32.77,50044.6,0.51,32529,1.201,8.15,-83.8,25.038,1.51,11.6
1/15/2021,19:30:00,0,B2,0.31,50085.3,50041.2,107.5,107.4,7.37,247.3,32.77,50045.3,0.54,32529,1.19,8.15,-83.8,25.042,1.51,11.6
1/15/2021,19:45:00,0,B2,0.28,50086,50038.5,107.4,107.3,7.36,247.1,32.77,50042.9,0.63,32528,1.184,8.15,-83.8,25.045,1.51,11.6
1/15/2021,20:00:00,0,B2,0.36,50083,50035.5,107,106.9,7.33,247.2,32.77,50040,0.57,32526,1.189,8.15,-83.7,25.045,1.51,11.6
1/15/2021,20:15:00,0,B2,0.33,50082.7,50038.5,106.8,106.7,7.32,247.4,32.77,50042.6,0.56,32528,1.182,8.15,-83.6,25.042,1.51,11.6
1/15/2021,20:30:00,0,B2,0.29,50089.2,50034.6,106.6,106.5,7.3,246.8,32.77,50039.7,0.56,32526,1.181,8.14,-83.6,25.052,1.51,11.6
1/15/2021,20:45:00,0,B2,0.3,50086.9,50038.6,106.3,106.3,7.29,246.3,32.77,50043.1,0.52,32528,1.185,8.14,-83.6,25.046,1.51,11.6
1/15/2021,21:00:00,0,B2,0.31,50082.6,50041.2,106.2,106.1,7.28,246.2,32.77,50045,0.49,32529,1.192,8.14,-83.6,25.039,1.51,11.6
1/15/2021,21:15:00,0,B2,0.29,50092.1,50037.1,106.1,106,7.27,245.9,32.77,50042.3,0.49,32527,1.195,8.14,-83.5,25.052,1.51,11.6
1/15/2021,21:30:00,0,B2,0.3,50093.3,50039.2,105.8,105.7,7.25,245.1,32.77,50044.2,0.58,32529,1.197,8.14,-83.5,25.051,1.51,11.6
1/15/2021,21:45:00,0,B2,0.3,50094.9,50036.7,105.7,105.7,7.25,245.6,32.77,50042.2,0.55,32527,1.195,8.14,-83.3,25.055,1.51,11.6
1/15/2021,22:00:00,0,B2,0.34,50097.5,50037.4,105.7,105.6,7.24,245.2,32.77,50043,0.49,32528,1.196,8.14,-83.4,25.057,1.5,11.6
1/15/2021,22:15:00,0,B2,0.32,50095.9,50038.3,105.4,105.3,7.22,245.6,32.77,50043.7,0.55,32528,1.197,8.14,-83.4,25.055,1.5,11.6
1/15/2021,22:30:00,0,B2,0.31,50098.7,50041.8,105.3,105.3,7.22,246.2,32.77,50047.2,0.56,32531,1.19,8.14,-83.3,25.054,1.5,11.6
1/15/2021,22:45:00,0,B2,0.29,50106.5,50037.6,105.3,105.3,7.22,246.3,32.77,50044,0.55,32529,1.189,8.14,-83.3,25.065,1.5,11.6
1/15/2021,23:00:00,0,B2,0.29,50105.6,50038.9,105,104.9,7.19,246.4,32.77,50045.2,0.47,32529,1.193,8.14,-83.3,25.063,1.5,11.6
1/15/2021,23:15:00,0,B2,0.29,50100.7,50037.7,105,104.9,7.19,246.2,32.77,50043.6,0.52,32528,1.193,8.14,-83.2,25.06,1.5,11.6
1/15/2021,23:30:00,0,B2,0.31,50095.7,50039.6,104.5,104.4,7.16,246.4,32.77,50044.8,0.52,32529,1.187,8.14,-83.2,25.053,1.5,11.6
1/15/2021,23:45:00,0,B2,0.29,50102.4,50042.4,104.7,104.6,7.17,245.6,32.77,50048,0.54,32531,1.181,8.14,-83.2,25.057,1.5,11.6
1/16/2021,0:00:00,0,B2,0.28,50113.5,50040,104.7,104.7,7.17,246.9,32.77,50046.9,0.53,32530,1.185,8.14,-83.1,25.07,1.5,11.6
1/16/2021,0:15:00,0,B2,0.32,50106,50040.4,104.6,104.5,7.17,246.2,32.77,50046.5,0.51,32530,1.194,8.14,-83.1,25.062,1.5,11.6
1/16/2021,0:30:00,0,B2,0.32,50105.6,50040.1,104.4,104.4,7.16,246,32.77,50046.2,0.5,32530,1.199,8.14,-83.1,25.062,1.5,11.6
1/16/2021,0:45:00,0,B2,0.3,50100.8,50041.2,104.2,104.1,7.14,245.8,32.77,50046.7,0.56,32530,1.192,8.14,-83,25.057,1.5,11.6
1/16/2021,1:00:00,0,B2,0.31,50104.4,50036.9,104.1,104,7.13,246.5,32.77,50043.2,0.58,32528,1.2,8.13,-83,25.064,1.5,11.6
1/16/2021,1:15:00,0,B2,0.34,50108.8,50036.9,104.2,104.1,7.14,246,32.77,50043.7,0.61,32528,1.189,8.13,-83,25.068,1.5,11.6
1/16/2021,1:30:00,0,B2,0.28,50106.8,50037.3,104.2,104.1,7.14,246.9,32.77,50043.8,0.61,32528,1.183,8.13,-82.9,25.066,1.5,11.6
1/16/2021,1:45:00,0,B2,0.28,50097.2,50047.2,103.3,103.2,7.08,246.4,32.77,50051.9,0.58,32534,1.188,8.13,-82.8,25.047,1.5,11.6
1/16/2021,2:00:00,0,B2,0.29,50114.5,50041,104,103.9,7.12,246.3,32.77,50047.9,0.58,32531,1.189,8.13,-82.9,25.07,1.5,11.6
1/16/2021,2:15:00,0,B2,0.27,50111.2,50037.7,103.9,103.8,7.12,245.8,32.77,50044.6,0.54,32529,1.185,8.13,-82.8,25.07,1.5,11.6
1/16/2021,2:30:00,0,B2,0.3,50101.5,50038.4,103.5,103.5,7.09,246.7,32.77,50044.3,0.53,32529,1.188,8.13,-82.7,25.06,1.5,11.6
1/16/2021,2:45:00,0,B2,0.28,50105.2,50039.8,103.5,103.4,7.09,246,32.77,50046,0.49,32530,1.191,8.13,-82.7,25.062,1.5,11.6
1/16/2021,3:00:00,0,B2,0.31,50110.7,50039.8,103.6,103.6,7.1,246.7,32.77,50046.4,0.46,32530,1.198,8.13,-82.7,25.067,1.5,11.6
1/16/2021,3:15:00,0,B2,0.3,50108,50042.3,103.5,103.4,7.09,246.3,32.77,50048.5,0.52,32532,1.19,8.13,-82.7,25.062,1.5,11.6
1/16/2021,3:30:00,0,B2,0.28,50104,50042.8,103.5,103.5,7.09,245.9,32.77,50048.6,0.56,32532,1.184,8.13,-82.7,25.058,1.5,11.6
1/16/2021,3:45:00,0,B2,0.32,50105.6,50039.6,103.4,103.3,7.08,246.5,32.77,50045.8,0.61,32530,1.183,8.13,-82.6,25.063,1.5,11.6
1/16/2021,4:00:00,0,B2,0.31,50112.1,50043.5,103.4,103.3,7.08,246.2,32.77,50049.9,0.57,32532,1.193,8.13,-82.6,25.065,1.5,11.6
1/16/2021,4:15:00,0,B2,0.28,50108.4,50041.6,103.5,103.4,7.09,246.4,32.77,50047.9,0.54,32531,1.191,8.13,-82.6,25.063,1.5,11.6
1/16/2021,4:30:00,0,B2,0.31,50109.6,50039,103.3,103.3,7.08,246.5,32.77,50045.6,0.56,32530,1.183,8.13,-82.5,25.067,1.49,11.6
1/16/2021,4:45:00,0,B2,0.31,50114.5,50046,103.3,103.2,7.08,247.1,32.77,50052.4,0.56,32534,1.187,8.12,-82.4,25.065,1.49,11.6
1/16/2021,5:00:00,0,B2,0.29,50115.2,50040.1,103.3,103.3,7.08,246.7,32.77,50047.1,0.52,32531,1.2,8.13,-82.5,25.071,1.5,11.6
1/16/2021,5:15:00,0,B2,0.28,50115,50040.3,103.2,103.1,7.07,247.1,32.77,50047.3,0.53,32531,1.19,8.12,-82.4,25.071,1.49,11.6
1/16/2021,5:30:00,0,B2,0.3,50121,50045.4,102.9,102.9,7.05,246.5,32.77,50052.4,0.55,32534,1.186,8.12,-82.4,25.072,1.49,11.6
1/16/2021,5:45:00,0,B2,0.31,50109.4,50040.5,102.8,102.8,7.04,246.4,32.77,50046.9,0.55,32531,1.182,8.12,-82.2,25.065,1.49,11.6
1/16/2021,6:00:00,0,B2,0.28,50106,50041,103.1,103,7.06,246.6,32.77,50047.1,0.6,32531,1.189,8.12,-82.3,25.062,1.49,11.6
1/16/2021,6:15:00,0,B2,0.3,50109.7,50044.8,102.8,102.7,7.04,246.7,32.77,50050.8,0.58,32533,1.182,8.12,-82.3,25.062,1.49,11.6
1/16/2021,6:30:00,0,B2,0.31,50117.7,50042.3,102.9,102.9,7.05,247.3,32.77,50049.3,0.6,32532,1.184,8.12,-82.2,25.071,1.49,11.6
1/16/2021,6:45:00,0,B2,0.31,50115.7,50038.1,103,102.9,7.05,247.6,32.77,50045.3,0.57,32529,1.198,8.12,-82.2,25.074,1.49,11.6
1/16/2021,7:00:00,0,B2,0.31,50103.4,50044,102.5,102.4,7.02,246.6,32.77,50049.6,0.65,32532,1.191,8.12,-82.1,25.056,1.49,11.6
1/16/2021,7:15:00,0,B2,0.3,50123.1,50043.9,102.9,102.8,7.05,245.7,32.77,50051.3,0.61,32533,1.194,8.12,-82.1,25.075,1.49,11.6
1/16/2021,7:30:00,0,B2,0.35,50107.7,50039,102.8,102.7,7.04,247.1,32.77,50045.4,0.66,32530,1.185,8.12,-82.1,25.065,1.49,11.6
1/16/2021,7:45:00,0,B2,0.33,50109,50040.7,102.7,102.7,7.04,246.6,32.77,50047.1,0.67,32531,1.185,8.12,-82.1,25.065,1.49,11.6
1/16/2021,8:00:00,0,B2,0.37,50115.2,50049.3,102.6,102.6,7.03,247.2,32.78,50055.4,0.74,32536,1.2,8.12,-82,25.062,1.49,11.6
1/16/2021,8:15:00,0,B2,0.43,50122,50042.6,102.9,102.8,7.05,247.7,32.77,50050,0.73,32532,1.197,8.12,-81.9,25.075,1.49,11.6
1/16/2021,8:30:00,0,B2,0.5,50119,50040.3,102.8,102.8,7.04,247.9,32.77,50047.7,0.87,32531,1.19,8.12,-82,25.075,1.49,11.6
1/16/2021,8:45:00,0,B2,0.5,50115.5,50042.8,103.2,103.1,7.07,246.7,32.77,50049.6,1.19,32532,1.191,8.12,-82,25.069,1.49,11.6
1/16/2021,9:00:00,0,B2,0.52,50119.2,50039.3,103.3,103.3,7.08,247.3,32.77,50046.8,1.03,32530,1.189,8.12,-82,25.076,1.49,11.6
1/16/2021,9:15:00,0,B2,0.49,50121.6,50039.5,103.5,103.5,7.09,247.9,32.77,50047.2,0.88,32531,1.192,8.12,-82,25.078,1.49,11.6
1/16/2021,9:30:00,0,B2,0.43,50120.7,50039.8,104.1,104,7.13,248.4,32.77,50047.4,0.93,32531,1.199,8.12,-82,25.077,1.49,11.6
1/16/2021,9:45:00,0,B2,0.44,50119.6,50038.1,104.5,104.4,7.16,248.5,32.77,50045.8,0.83,32530,1.184,8.12,-82.1,25.077,1.48,11.6
1/16/2021,10:00:00,0,B2,0.49,50118.3,50038.7,104.7,104.7,7.17,248.8,32.77,50046.2,0.88,32530,1.182,8.12,-82.1,25.075,1.48,11.6
1/16/2021,10:15:00,0,B2,0.43,50113.5,50037.6,105.8,105.7,7.25,248.8,32.77,50044.7,0.91,32529,1.197,8.12,-82.3,25.072,1.48,11.6
1/16/2021,10:30:00,0,B2,0.44,50116,50038.2,106,105.9,7.26,248.7,32.77,50045.5,0.83,32530,1.194,8.12,-82.3,25.074,1.48,11.6
1/16/2021,10:45:00,0,B2,0.37,50116.4,50035.8,106.7,106.6,7.31,248.1,32.77,50043.4,0.78,32528,1.183,8.13,-82.5,25.076,1.48,11.6
1/16/2021,11:00:00,0,B2,0.39,50111.6,50031.3,107,106.9,7.33,248.6,32.76,50038.8,0.8,32525,1.192,8.13,-82.5,25.076,1.48,11.6
1/16/2021,11:15:00,0,B2,0.4,50117.2,50033.1,108.1,108,7.41,248.5,32.77,50041,0.82,32527,1.189,8.13,-82.7,25.08,1.48,11.6
1/16/2021,11:30:00,0,B2,0.4,50117.7,50032.7,108,107.9,7.4,248.7,32.77,50040.6,0.8,32526,1.184,8.13,-82.7,25.081,1.48,11.6
1/16/2021,11:45:00,0,B2,0.42,50119.3,50027.8,108.7,108.6,7.44,248.2,32.76,50036.3,0.83,32524,1.189,8.13,-82.8,25.087,1.48,11.6
1/16/2021,12:00:00,0,B2,0.37,50134.3,50033.2,109,108.9,7.46,248.9,32.77,50042.7,0.66,32528,1.189,8.13,-82.8,25.096,1.48,11.6
1/16/2021,12:15:00,0,B2,0.42,50134.7,50033,109.3,109.2,7.48,248.5,32.77,50042.5,0.89,32528,1.189,8.14,-83,25.096,1.48,11.6
1/16/2021,12:30:00,0,B2,0.39,50144.2,50031,110.4,110.3,7.56,248.8,32.77,50041.6,0.76,32527,1.182,8.14,-83.2,25.107,1.48,11.6
1/16/2021,12:45:00,0,B2,0.41,50142.3,50029.5,110,110,7.53,249.2,32.76,50040,0.76,32526,1.184,8.14,-83.3,25.107,1.48,11.6
1/16/2021,13:00:00,0,B2,0.37,50150.1,50028.7,111,110.9,7.6,249.4,32.76,50040.1,0.66,32526,1.2,8.14,-83.4,25.115,1.48,11.6
1/16/2021,13:15:00,0,B2,0.39,50157.1,50031.7,110.7,110.6,7.58,249.5,32.77,50043.5,0.74,32528,1.197,8.14,-83.5,25.119,1.48,11.6
1/16/2021,13:30:00,0,B2,0.41,50159.8,50029,111,110.9,7.6,248.7,32.77,50041.2,0.67,32527,1.189,8.14,-83.5,25.124,1.48,11.6
1/16/2021,13:45:00,0,B2,0.37,50166,50031.7,111.1,111.1,7.61,249,32.77,50044.3,0.62,32529,1.185,8.15,-83.6,25.127,1.48,11.6
1/16/2021,14:00:00,0,B2,0.39,50168.1,50028.1,112.1,112,7.67,248.4,32.76,50041.2,0.66,32527,1.19,8.15,-83.8,25.133,1.48,11.6
1/16/2021,14:15:00,0,B2,0.46,50167.3,50029.4,111.3,111.2,7.62,249.3,32.77,50042.3,0.89,32528,1.186,8.15,-83.9,25.131,1.47,11.6
1/16/2021,14:30:00,0,B2,0.34,50166.6,50027.2,111.2,111.1,7.61,249.3,32.76,50040.3,0.74,32526,1.185,8.15,-83.9,25.132,1.47,11.6
1/16/2021,14:45:00,0,B2,0.48,50172.8,50030.6,111.5,111.4,7.63,249.6,32.77,50043.9,0.77,32529,1.195,8.15,-83.9,25.135,1.47,11.6
1/16/2021,15:00:00,0,B2,0.47,50174.1,50030.5,111.4,111.4,7.63,249.6,32.77,50044,0.78,32529,1.196,8.15,-83.9,25.136,1.47,11.6
1/16/2021,15:15:00,0,B2,0.34,50168.6,50026.7,111.2,111.1,7.61,249.5,32.76,50040,0.59,32526,1.196,8.15,-84,25.135,1.47,11.6
1/16/2021,15:30:00,0,B2,0.35,50170.6,50029.1,110.9,110.9,7.59,249.7,32.77,50042.4,0.67,32528,1.196,8.15,-84,25.134,1.47,11.6
1/16/2021,15:45:00,0,B2,0.33,50166.3,50025.7,110.9,110.8,7.59,248.7,32.76,50038.9,0.63,32525,1.192,8.15,-84.1,25.133,1.47,11.6
1/16/2021,16:00:00,0,B2,0.36,50169.8,50029.5,110.8,110.8,7.59,249.4,32.77,50042.7,0.62,32528,1.195,8.15,-84,25.133,1.47,11.6
1/16/2021,16:15:00,0,B2,0.33,50163.6,50026.5,110.5,110.4,7.56,249.7,32.76,50039.3,0.73,32526,1.19,8.15,-84,25.13,1.47,11.6
1/16/2021,16:30:00,0,B2,0.35,50165.8,50030.7,110.6,110.5,7.57,249.3,32.77,50043.4,0.7,32528,1.19,8.15,-84.1,25.128,1.47,11.6
1/16/2021,16:45:00,0,B2,0.33,50161.8,50030.5,110.2,110.1,7.54,248.4,32.77,50042.8,0.55,32528,1.191,8.15,-84.1,25.125,1.47,11.6
1/16/2021,17:00:00,0,B2,0.34,50158.1,50029.3,109.9,109.8,7.52,248.8,32.77,50041.3,0.6,32527,1.188,8.15,-84,25.122,1.47,11.6
1/16/2021,17:15:00,0,B2,0.32,50154,50027.9,109.8,109.7,7.51,248.6,32.76,50039.7,0.51,32526,1.188,8.15,-84,25.12,1.47,11.6
1/16/2021,17:30:00,0,B2,0.35,50154.1,50031.1,109.5,109.4,7.49,248.3,32.77,50042.6,0.66,32528,1.187,8.15,-84,25.117,1.46,11.6
1/16/2021,17:45:00,0,B2,0.32,50149.6,50032.4,109.3,109.2,7.48,248,32.77,50043.3,0.62,32528,1.183,8.15,-84.1,25.111,1.47,11.6
1/16/2021,18:00:00,0,B2,0.33,50148,50033.5,109,108.9,7.46,248.1,32.77,50044.2,0.66,32529,1.183,8.15,-84,25.109,1.46,11.6
1/16/2021,18:15:00,0,B2,0.36,50141.8,50033.2,108.6,108.6,7.44,248.1,32.77,50043.4,0.77,32528,1.199,8.15,-84,25.103,1.46,11.6
1/16/2021,18:30:00,0,B2,0.36,50135.5,50030.7,108.3,108.2,7.42,248.2,32.77,50040.5,0.65,32526,1.2,8.15,-83.9,25.099,1.46,11.6
1/16/2021,18:45:00,0,B2,0.31,50129.4,50031.1,108.2,108.1,7.41,247.9,32.77,50040.3,0.57,32526,1.191,8.15,-83.9,25.093,1.46,11.6
1/16/2021,19:00:00,0,B2,0.32,50119,50031.8,108,107.9,7.39,248.4,32.76,50039.9,0.61,32526,1.188,8.15,-83.9,25.083,1.46,11.6
1/16/2021,19:15:00,0,B2,0.31,50111.2,50030.2,107.4,107.4,7.36,248.2,32.76,50037.8,0.6,32525,1.188,8.15,-83.8,25.077,1.46,11.6
1/16/2021,19:30:00,0,B2,0.31,50109.5,50032.3,107.3,107.3,7.35,248,32.76,50039.5,0.63,32526,1.197,8.15,-83.7,25.073,1.46,11.6
1/16/2021,19:45:00,0,B2,0.34,50106,50036.9,107.2,107.1,7.34,247.3,32.77,50043.3,0.54,32528,1.197,8.15,-83.8,25.066,1.45,11.6
1/16/2021,20:00:00,0,B2,0.32,50098.1,50035.2,106.8,106.8,7.32,247.5,32.77,50041.1,0.71,32527,1.187,8.15,-83.7,25.06,1.45,11.6
1/16/2021,20:15:00,0,B2,0.33,50096,50035.4,106.5,106.5,7.3,247.9,32.77,50041.1,0.64,32527,1.192,8.15,-83.7,25.057,1.45,11.6
1/16/2021,20:30:00,0,B2,0.3,50094.5,50044.2,106,105.9,7.26,247.4,32.77,50048.9,0.57,32532,1.189,8.15,-83.6,25.048,1.45,11.6
1/16/2021,20:45:00,0,B2,0.33,50088.3,50037.5,106.3,106.2,7.29,247.5,32.77,50042.2,0.61,32527,1.181,8.14,-83.6,25.048,1.45,11.6
1/16/2021,21:00:00,0,B2,0.29,50081.2,50035.9,106,105.9,7.26,247,32.77,50040.2,0.58,32526,1.195,8.14,-83.6,25.043,1.44,11.6
1/16/2021,21:15:00,0,B2,0.3,50096,50042.1,105.7,105.6,7.24,247.3,32.77,50047.1,0.57,32531,1.192,8.14,-83.5,25.051,1.44,11.6
1/16/2021,21:30:00,0,B2,0.3,50097.1,50035.7,105.8,105.7,7.25,246.8,32.77,50041.4,0.61,32527,1.188,8.14,-83.5,25.058,1.44,11.6
1/16/2021,21:45:00,0,B2,0.34,50089.6,50036.1,105.6,105.5,7.23,247.1,32.77,50041.1,0.71,32527,1.195,8.14,-83.4,25.051,1.44,11.6
1/16/2021,22:00:00,0,B2,0.31,50087.4,50034.5,105.3,105.3,7.22,245.6,32.77,50039.4,0.61,32526,1.186,8.14,-83.4,25.05,1.44,11.6
1/16/2021,22:15:00,0,B2,0.33,50093.7,50037.7,105.2,105.1,7.21,246.2,32.77,50042.9,0.68,32528,1.181,8.14,-83.4,25.053,1.44,11.6
1/16/2021,22:30:00,0,B2,0.31,50090.9,50033.3,105,105,7.2,245.2,32.76,50038.7,0.59,32525,1.195,8.14,-83.4,25.055,1.44,11.6
1/16/2021,22:45:00,0,B2,0.31,50094.6,50041.8,104.9,104.8,7.19,246.1,32.77,50046.7,0.55,32530,1.2,8.14,-83.3,25.05,1.44,11.6
1/16/2021,23:00:00,0,B2,0.31,50100.2,50034.3,104.9,104.8,7.19,246.4,32.77,50040.4,0.59,32526,1.19,8.14,-83.3,25.063,1.44,11.6
1/16/2021,23:15:00,0,B2,0.3,50099,50040,104.5,104.5,7.16,245.4,32.77,50045.5,0.53,32530,1.188,8.14,-83.3,25.056,1.44,11.6
1/16/2021,23:30:00,0,B2,0.32,50105.9,50038.6,104.7,104.6,7.17,246.3,32.77,50044.9,0.57,32529,1.193,8.14,-83.2,25.064,1.44,11.6
1/16/2021,23:45:00,0,B2,0.3,50100.1,50042.3,104.5,104.5,7.16,246.4,32.77,50047.7,0.53,32531,1.184,8.14,-83.2,25.055,1.44,11.6
1/17/2021,0:00:00,0,B2,0.3,50104.5,50043,104.4,104.4,7.16,246.6,32.77,50048.8,0.56,32532,1.183,8.14,-83.1,25.058,1.44,11.6
1/17/2021,0:15:00,0,B2,0.31,50093.4,50036.5,104.1,104.1,7.14,246.6,32.77,50041.8,0.51,32527,1.19,8.14,-83.1,25.054,1.44,11.6
1/17/2021,0:30:00,0,B2,0.29,50102.8,50044.2,103.9,103.8,7.12,246.4,32.77,50049.7,0.59,32532,1.192,8.14,-83,25.056,1.44,11.6
1/17/2021,0:45:00,0,B2,0.3,50110.5,50048.7,103.9,103.9,7.12,245.7,32.78,50054.5,0.52,32535,1.194,8.13,-83,25.059,1.44,11.6
1/17/2021,1:00:00,0,B2,0.33,50112.1,50042.6,104.1,104,7.13,246.2,32.77,50049.1,0.54,32532,1.193,8.13,-83,25.066,1.43,11.6
1/17/2021,1:15:00,0,B2,0.31,50110.5,50043.2,103.7,103.6,7.1,246,32.77,50049.5,0.65,32532,1.193,8.13,-83,25.064,1.43,11.6
1/17/2021,1:30:00,0,B2,0.3,50117.4,50043.7,103.8,103.8,7.11,246.2,32.77,50050.6,0.62,32533,1.188,8.13,-83,25.07,1.43,11.6
1/17/2021,1:45:00,0,B2,0.31,50115.7,50045.3,104,103.9,7.12,244.6,32.77,50051.9,0.61,32534,1.191,8.13,-83,25.067,1.43,11.6
1/17/2021,2:00:00,0,B2,0.34,50116.7,50045.4,103.8,103.7,7.11,245.5,32.77,50052,0.65,32534,1.194,8.13,-82.8,25.068,1.43,11.6
1/17/2021,2:15:00,0,B2,0.29,50103,50043.4,103.8,103.7,7.11,245.2,32.77,50048.9,0.6,32532,1.197,8.13,-82.9,25.057,1.43,11.6
1/17/2021,2:30:00,0,B2,0.31,50115.9,50046.1,103.5,103.4,7.09,245.5,32.77,50052.6,0.64,32534,1.187,8.13,-82.8,25.066,1.43,11.6
1/17/2021,2:45:00,0,B2,0.32,50115.2,50042,103.6,103.5,7.09,246.4,32.77,50048.8,0.58,32532,1.186,8.13,-82.8,25.069,1.43,11.6
1/17/2021,3:00:00,0,B2,0.31,50116,50042,103.2,103.2,7.07,246.7,32.77,50048.9,0.64,32532,1.183,8.13,-82.7,25.07,1.43,11.6
1/17/2021,3:15:00,0,B2,0.3,50114.8,50050.3,103.1,103.1,7.07,247.2,32.78,50056.3,0.61,32537,1.201,8.13,-82.7,25.061,1.43,11.6
1/17/2021,3:30:00,0,B2,0.31,50110.2,50048.7,103,102.9,7.06,246.7,32.78,50054.5,0.55,32535,1.19,8.13,-82.7,25.058,1.43,11.6
1/17/2021,3:45:00,0,B2,0.31,50114,50043,103.2,103.2,7.07,246.1,32.77,50049.7,0.56,32532,1.181,8.13,-82.7,25.067,1.43,11.6
1/17/2021,4:00:00,0,B2,0.31,50113.4,50043.6,103.3,103.2,7.08,246.7,32.77,50050.1,0.6,32533,1.187,8.13,-82.6,25.066,1.43,11.6
1/17/2021,4:15:00,0,B2,0.3,50123,50042,103.2,103.1,7.07,244.9,32.77,50049.5,0.63,32532,1.193,8.13,-82.6,25.077,1.43,11.6
1/17/2021,4:30:00,0,B2,0.31,50107.3,50036.1,103.1,103,7.06,246.2,32.77,50042.8,0.7,32528,1.189,8.13,-82.5,25.067,1.43,11.6
1/17/2021,4:45:00,0,B2,0.35,50102.1,50046.1,102.8,102.8,7.05,246.5,32.77,50051.3,0.62,32533,1.188,8.13,-82.5,25.053,1.43,11.6
1/17/2021,5:00:00,0,B2,0.29,50128.8,50043.7,103.1,103.1,7.06,247.1,32.77,50051.6,0.63,32534,1.189,8.13,-82.5,25.081,1.43,11.6
1/17/2021,5:15:00,0,B2,0.33,50106.6,50045.9,102.6,102.5,7.03,246.7,32.77,50051.5,0.66,32533,1.193,8.13,-82.4,25.058,1.43,11.6
1/17/2021,5:30:00,0,B2,0.31,50114.9,50046.3,103.2,103.1,7.07,246.6,32.77,50052.7,0.72,32534,1.19,8.12,-82.4,25.065,1.43,11.6
1/17/2021,5:45:00,0,B2,0.31,50116.5,50047.5,102.7,102.6,7.03,246.7,32.78,50053.9,0.59,32535,1.192,8.12,-82.4,25.065,1.43,11.6
1/17/2021,6:00:00,0,B2,0.31,50113.2,50040.8,102.9,102.9,7.05,247.2,32.77,50047.6,0.63,32531,1.198,8.12,-82.4,25.069,1.43,11.6
1/17/2021,6:15:00,0,B2,0.32,50129.6,50045.6,103,103,7.06,247.1,32.77,50053.4,0.62,32535,1.193,8.12,-82.2,25.08,1.43,11.6
1/17/2021,6:30:00,0,B2,0.36,50123,50047.3,102.8,102.8,7.04,247,32.78,50054.4,0.71,32535,1.182,8.12,-82.3,25.072,1.43,11.6
1/17/2021,6:45:00,0,B2,0.34,50123,50044.7,102.9,102.9,7.05,247.1,32.77,50052,0.69,32534,1.192,8.12,-82.3,25.074,1.43,11.6
1/17/2021,7:00:00,0,B2,0.34,50127,50044.7,102.9,102.9,7.05,246.8,32.77,50052.4,0.7,32534,1.197,8.12,-82.2,25.078,1.43,11.6
1/17/2021,7:15:00,0,B2,0.34,50122.6,50051.6,102.8,102.7,7.04,247.1,32.78,50058.3,0.75,32538,1.182,8.12,-82.2,25.067,1.42,11.6
1/17/2021,7:30:00,0,B2,0.36,50111.5,50048.4,102.8,102.7,7.04,247.8,32.78,50054.3,0.69,32535,1.192,8.12,-82,25.06,1.42,11.6
1/17/2021,7:45:00,0,B2,0.33,50127.9,50042.8,102.9,102.8,7.05,247.5,32.77,50050.8,0.7,32533,1.185,8.12,-82.1,25.081,1.43,11.6
1/17/2021,8:00:00,0,B2,0.45,50127.8,50041.2,102.8,102.7,7.04,247.4,32.77,50049.3,0.87,32532,1.19,8.12,-82.1,25.082,1.42,11.6
1/17/2021,8:15:00,0,B2,0.43,50136.2,50050.6,103,102.9,7.05,247.3,32.78,50058.6,1.04,32538,1.188,8.12,-82.1,25.081,1.42,11.6
1/17/2021,8:30:00,0,B2,0.47,50131.9,50047.6,103.1,103,7.06,247.6,32.78,50055.5,0.93,32536,1.19,8.12,-82.1,25.08,1.42,11.6
1/17/2021,8:45:00,0,B2,0.49,50123.3,50047.9,103.3,103.2,7.08,248,32.78,50055,1.03,32536,1.188,8.12,-82,25.071,1.42,11.6
1/17/2021,9:00:00,0,B2,0.49,50126.9,50047.6,103.7,103.6,7.1,248.2,32.78,50055,1,32536,1.188,8.12,-82.1,25.075,1.42,11.6
1/17/2021,9:15:00,0,B2,0.42,50121,50047.7,104.2,104.2,7.14,248.3,32.78,50054.5,1.02,32535,1.183,8.12,-82.1,25.07,1.42,11.6
1/17/2021,9:30:00,0,B2,0.42,50115.9,50043.8,104.7,104.7,7.18,248.3,32.77,50050.5,0.92,32533,1.192,8.12,-82.3,25.068,1.42,11.6
1/17/2021,9:45:00,0,B2,0.45,50119.7,50044.5,105.1,105,7.2,248.6,32.77,50051.6,0.94,32534,1.2,8.12,-82.2,25.071,1.42,11.6
1/17/2021,10:00:00,0,B2,0.51,50123.5,50046.3,105.2,105.1,7.21,249.1,32.78,50053.5,1.14,32535,1.181,8.12,-82.3,25.073,1.42,11.6
1/17/2021,10:15:00,0,B2,0.41,50124,50047.3,106.2,106.1,7.28,248.7,32.78,50054.5,0.82,32535,1.191,8.13,-82.4,25.073,1.42,11.6
1/17/2021,10:30:00,0,B2,0.44,50123.5,50047.8,106.9,106.8,7.32,248.8,32.78,50054.9,0.9,32536,1.19,8.13,-82.6,25.072,1.42,11.6
1/17/2021,10:45:00,0,B2,0.45,50123,50045.8,106.9,106.8,7.32,249.3,32.77,50053,0.86,32534,1.182,8.13,-82.6,25.073,1.42,11.6
1/17/2021,11:00:00,0,B2,0.45,50122,50042.7,107.7,107.7,7.38,249.4,32.77,50050.1,0.85,32533,1.191,8.13,-82.9,25.075,1.42,11.6
1/17/2021,11:15:00,0,B2,0.42,50127.4,50043,108.4,108.3,7.43,248.6,32.77,50050.9,0.84,32533,1.188,8.13,-82.8,25.08,1.42,11.6
1/17/2021,11:30:00,0,B2,0.4,50125.9,50042.3,108.3,108.2,7.42,249.5,32.77,50050.1,0.87,32533,1.19,8.13,-82.8,25.079,1.42,11.6
1/17/2021,11:45:00,0,B2,0.46,50126.2,50039.6,108.7,108.6,7.45,249.7,32.77,50047.7,0.92,32531,1.184,8.13,-83,25.082,1.42,11.6
1/17/2021,12:00:00,0,B2,0.43,50133.4,50040.4,110,109.9,7.53,250,32.77,50049.1,0.87,32532,1.182,8.14,-83.2,25.088,1.42,11.6
1/17/2021,12:15:00,0,B2,0.39,50135.4,50042.2,109.6,109.5,7.5,250,32.77,50050.9,0.84,32533,1.182,8.14,-83.2,25.088,1.42,11.6
1/17/2021,12:30:00,0,B2,0.55,50139.7,50040.8,110.7,110.6,7.58,250.2,32.77,50050.1,1.03,32533,1.189,8.14,-83.4,25.094,1.42,11.6
1/17/2021,12:45:00,0,B2,0.42,50142,50039.6,111.3,111.2,7.62,249.9,32.77,50049.2,0.76,32532,1.189,8.14,-83.5,25.097,1.42,11.6
1/17/2021,13:00:00,0,B2,0.4,50142.5,50039.3,110.7,110.6,7.58,248.2,32.77,50049,0.74,32532,1.195,8.14,-83.5,25.098,1.42,11.6
1/17/2021,13:15:00,0,B2,0.4,50141.4,50036.9,111,110.9,7.6,248.9,32.77,50046.7,0.78,32530,1.195,8.14,-83.6,25.099,1.42,11.6
1/17/2021,13:30:00,0,B2,0.4,50147.4,50040,111.5,111.5,7.64,249.1,32.77,50050.1,0.72,32533,1.189,8.15,-83.8,25.102,1.42,11.6
1/17/2021,13:45:00,0,B2,0.43,50146.3,50037.1,112.1,112,7.67,249.6,32.77,50047.3,0.74,32531,1.192,8.15,-83.9,25.104,1.42,11.6
1/17/2021,14:00:00,0,B2,0.39,50146.5,50037.9,111.6,111.5,7.64,249.7,32.77,50048,0.71,32531,1.185,8.15,-83.9,25.103,1.42,11.6
1/17/2021,14:15:00,0,B2,0.4,50145.6,50036.9,111.7,111.6,7.65,250,32.77,50047.1,0.96,32531,1.191,8.15,-84,25.103,1.41,11.6
1/17/2021,14:30:00,0,B2,0.38,50147.2,50038.2,111.6,111.5,7.64,248.4,32.77,50048.4,0.76,32531,1.196,8.15,-83.9,25.103,1.41,11.6
1/17/2021,14:45:00,0,B2,0.38,50146.3,50038,111.9,111.8,7.66,247.8,32.77,50048.2,0.66,32531,1.19,8.15,-84.1,25.103,1.41,11.6
1/17/2021,15:00:00,0,B2,0.41,50143,50037,111.9,111.9,7.66,248.7,32.77,50047,0.73,32531,1.183,8.15,-84.1,25.1,1.41,11.6
1/17/2021,15:15:00,0,B2,0.38,50139.7,50037.3,111.6,111.6,7.64,248.1,32.77,50046.9,0.69,32530,1.183,8.15,-84.1,25.097,1.41,11.6
1/17/2021,15:30:00,0,B2,0.37,50138.2,50038.2,111.7,111.7,7.65,248.5,32.77,50047.6,0.72,32531,1.194,8.16,-84.3,25.095,1.41,11.6
1/17/2021,15:45:00,0,B2,0.36,50131,50034.2,111.3,111.2,7.62,248.3,32.77,50043.2,0.74,32528,1.2,8.16,-84.2,25.092,1.41,11.6
1/17/2021,16:00:00,0,B2,0.37,50128.9,50037.3,111.3,111.2,7.62,248.4,32.77,50045.8,0.76,32530,1.196,8.15,-84.2,25.087,1.41,11.6
1/17/2021,16:15:00,0,B2,0.35,50117.8,50035.3,111.2,111.1,7.62,249,32.77,50043,0.76,32528,1.193,8.15,-84.2,25.078,1.41,11.6
1/17/2021,16:30:00,0,B2,0.37,50119.7,50038,110.9,110.8,7.6,248.7,32.77,50045.6,0.72,32530,1.182,8.16,-84.3,25.077,1.41,11.6
1/17/2021,16:45:00,0,B2,0.36,50114.5,50035.2,110.5,110.5,7.57,248.8,32.77,50042.7,0.64,32528,1.193,8.16,-84.3,25.075,1.41,11.6
1/17/2021,17:00:00,0,B2,0.36,50111.5,50036.7,110.3,110.2,7.56,248.7,32.77,50043.7,0.65,32528,1.19,8.15,-84.2,25.071,1.41,11.6
1/17/2021,17:15:00,0,B2,0.36,50104.8,50035.6,110.1,110.1,7.55,248.4,32.77,50042.1,0.66,32527,1.192,8.16,-84.2,25.066,1.41,11.6
1/17/2021,17:30:00,0,B2,0.37,50101.5,50037.4,109.8,109.7,7.52,247.7,32.77,50043.4,0.69,32528,1.197,8.16,-84.3,25.061,1.41,11.6
1/17/2021,17:45:00,0,B2,0.36,50096.5,50035.4,109.4,109.4,7.5,247.6,32.77,50041.2,0.71,32527,1.192,8.15,-84.2,25.058,1.41,11.6
1/17/2021,18:00:00,0,B2,0.33,50095.4,50039.1,109.1,109,7.47,248.2,32.77,50044.3,0.7,32529,1.19,8.15,-84.2,25.053,1.41,11.6
1/17/2021,18:15:00,0,B2,0.34,50085.3,50036.5,109,108.9,7.47,248.4,32.77,50041.1,0.73,32527,1.188,8.15,-84.2,25.046,1.41,11.6
1/17/2021,18:30:00,0,B2,0.35,50086.8,50037.7,108.5,108.4,7.44,248.3,32.77,50042.3,0.7,32527,1.184,8.15,-84.1,25.047,1.41,11.6
1/17/2021,18:45:00,0,B2,0.35,50082,50035.4,108.2,108.2,7.42,248.1,32.77,50039.8,0.68,32526,1.193,8.15,-84.1,25.044,1.41,11.6
1/17/2021,19:00:00,0,B2,0.29,50078,50035.1,107.8,107.7,7.39,247.8,32.77,50039.1,0.6,32525,1.196,8.15,-84,25.041,1.41,11.6
1/17/2021,19:15:00,0,B2,0.34,50076.7,50042.1,107.6,107.5,7.37,247.1,32.77,50045.3,0.65,32529,1.189,8.15,-84,25.033,1.41,11.6
1/17/2021,19:30:00,0,B2,0.32,50082.3,50035.5,107.5,107.4,7.37,246.9,32.77,50039.9,0.64,32526,1.189,8.15,-84,25.044,1.41,11.6
1/17/2021,19:45:00,0,B2,0.29,50086.5,50040.3,107.3,107.2,7.35,246.5,32.77,50044.6,0.65,32529,1.192,8.15,-84,25.044,1.41,11.6
1/17/2021,20:00:00,0,B2,0.36,50082.9,50037.6,107,106.9,7.33,247.3,32.77,50041.9,0.66,32527,1.19,8.15,-83.9,25.043,1.41,11.6
1/17/2021,20:15:00,0,B2,0.36,50093.4,50040.4,106.8,106.8,7.32,247.6,32.77,50045.4,0.68,32530,1.187,8.15,-83.9,25.05,1.4,11.6
1/17/2021,20:30:00,0,B2,0.35,50078.3,50034.4,106.3,106.3,7.29,245,32.76,50038.5,0.71,32525,1.201,8.15,-83.8,25.042,1.41,11.6
1/17/2021,20:45:00,0,B2,0.34,50087.3,50040,106.1,106.1,7.27,245.2,32.77,50044.4,0.67,32529,1.188,8.15,-83.8,25.045,1.4,11.6
1/17/2021,21:00:00,0,B2,0.29,50091.7,50038.3,106.2,106.1,7.28,245.9,32.77,50043.3,0.62,32528,1.193,8.15,-83.8,25.051,1.4,11.6
1/17/2021,21:15:00,0,B2,0.35,50090.7,50040,106,105.9,7.26,246.1,32.77,50044.7,0.67,32529,1.191,8.15,-83.7,25.048,1.4,11.6
1/17/2021,21:30:00,0,B2,0.32,50096.3,50037.9,105.8,105.7,7.25,246.3,32.77,50043.4,0.66,32528,1.181,8.15,-83.7,25.055,1.4,11.6
1/17/2021,21:45:00,0,B2,0.32,50098.2,50040.1,105.7,105.6,7.24,246.5,32.77,50045.5,0.71,32530,1.19,8.15,-83.7,25.055,1.4,11.6
1/17/2021,22:00:00,0,B2,0.35,50103.3,50041.8,105.5,105.4,7.23,247,32.77,50047.6,0.64,32531,1.189,8.14,-83.6,25.058,1.4,11.6
1/17/2021,22:15:00,0,B2,0.33,50104,50036.1,105.3,105.3,7.22,246.7,32.77,50042.5,0.69,32528,1.189,8.14,-83.6,25.064,1.4,11.6
1/17/2021,22:30:00,0,B2,0.32,50101.9,50036.5,105,105,7.2,246.6,32.77,50042.6,0.68,32528,1.196,8.14,-83.6,25.062,1.4,11.6
1/17/2021,22:45:00,0,B2,0.33,50110.7,50036.9,105.1,105,7.2,246.2,32.77,50043.8,0.66,32528,1.19,8.14,-83.5,25.07,1.4,11.6
1/17/2021,23:00:00,0,B2,0.31,50104,50036.9,104.9,104.8,7.18,246.2,32.77,50043.2,0.67,32528,1.192,8.14,-83.5,25.064,1.4,11.6
1/17/2021,23:15:00,0,B2,0.33,50103.4,50035.8,104.7,104.7,7.18,246.7,32.77,50042.1,0.66,32527,1.187,8.14,-83.5,25.064,1.4,11.6
1/17/2021,23:30:00,0,B2,0.35,50096.3,50038.9,104.5,104.4,7.16,245.5,32.77,50044.3,0.7,32529,1.185,8.14,-83.4,25.054,1.4,11.6
1/17/2021,23:45:00,0,B2,0.32,50098.9,50036.2,104.3,104.3,7.15,246,32.77,50042.1,0.71,32527,1.196,8.14,-83.4,25.059,1.4,11.6
1/18/2021,0:00:00,0,B2,0.34,50103.5,50039.8,104.1,104.1,7.13,246.2,32.77,50045.8,0.7,32530,1.198,8.14,-83.3,25.06,1.4,11.6
1/18/2021,0:15:00,0,B2,0.33,50099.6,50038.3,104.1,104.1,7.14,246.4,32.77,50044.1,0.74,32529,1.201,8.14,-83.3,25.058,1.4,11.6
1/18/2021,0:30:00,0,B2,0.33,50112.3,50040,104.1,104,7.13,247,32.77,50046.8,0.63,32530,1.199,8.14,-83.3,25.069,1.4,11.6
1/18/2021,0:45:00,0,B2,0.31,50110.6,50048.4,103.9,103.8,7.12,245.9,32.78,50054.2,0.7,32535,1.198,8.14,-83.2,25.059,1.4,11.6
1/18/2021,1:00:00,0,B2,0.52,50111.6,50043.5,103.8,103.7,7.11,246.1,32.77,50049.9,0.88,32532,1.189,8.14,-83.2,25.065,1.4,11.6
1/18/2021,1:15:00,0,B2,0.36,50099.4,50046.4,103.5,103.4,7.09,246,32.77,50051.4,0.69,32533,1.182,8.14,-83.2,25.05,1.4,11.6
1/18/2021,1:30:00,0,B2,0.33,50110.5,50039.9,103.7,103.6,7.11,246.3,32.77,50046.5,0.66,32530,1.189,8.14,-83.1,25.067,1.4,11.6
1/18/2021,1:45:00,0,B2,0.34,50112,50042.6,103.3,103.2,7.08,246,32.77,50049.1,0.72,32532,1.19,8.14,-83.1,25.066,1.4,11.6
1/18/2021,2:00:00,0,B2,0.31,50106,50046.9,103.4,103.3,7.08,246.6,32.77,50052.5,0.64,32534,1.185,8.14,-83.1,25.056,1.4,11.6
1/18/2021,2:15:00,0,B2,0.33,50115,50042.7,103.4,103.3,7.08,247.1,32.77,50049.4,0.6,32532,1.192,8.13,-83,25.069,1.4,11.6
1/18/2021,2:30:00,0,B2,0.33,50122.2,50043.6,103.3,103.3,7.08,246.6,32.77,50051,0.71,32533,1.182,8.13,-83,25.074,1.39,11.6
1/18/2021,2:45:00,0,B2,0.32,50119.6,50038.1,103.3,103.2,7.07,247.1,32.77,50045.7,0.7,32530,1.183,8.13,-83,25.077,1.39,11.6
1/18/2021,3:00:00,0,B2,0.32,50099.9,50041.5,102.9,102.9,7.05,246.3,32.77,50047,0.65,32531,1.2,8.13,-82.9,25.055,1.39,11.6
1/18/2021,3:15:00,0,B2,0.35,50115.5,50039.3,103,102.9,7.06,246.7,32.77,50046.5,0.64,32530,1.184,8.13,-82.9,25.072,1.39,11.6
1/18/2021,3:30:00,0,B2,0.32,50114.6,50039.9,103.1,103,7.06,246.9,32.77,50046.9,0.69,32530,1.193,8.13,-82.7,25.071,1.39,11.6
1/18/2021,3:45:00,0,B2,0.32,50124.1,50043.8,103.1,103,7.06,245.9,32.77,50051.3,0.66,32533,1.19,8.13,-82.8,25.076,1.39,11.6
1/18/2021,4:00:00,0,B2,0.33,50119.4,50046.7,103,103,7.06,245.9,32.78,50053.5,0.63,32535,1.187,8.13,-82.8,25.069,1.39,11.6
1/18/2021,4:15:00,0,B2,0.31,50125.8,50046,102.9,102.9,7.05,246.7,32.78,50053.5,0.7,32535,1.192,8.13,-82.8,25.076,1.39,11.6
1/18/2021,4:30:00,0,B2,0.33,50113.8,50048.9,102.7,102.6,7.04,246.5,32.78,50055,0.7,32536,1.192,8.13,-82.7,25.062,1.39,11.6
1/18/2021,4:45:00,0,B2,0.34,50113.5,50042.5,102.7,102.7,7.04,247.1,32.77,50049.1,0.67,32532,1.189,8.13,-82.7,25.067,1.39,11.6
1/18/2021,5:00:00,0,B2,0.33,50112.6,50043.6,102.5,102.4,7.02,246.3,32.77,50050,0.68,32533,1.184,8.13,-82.6,25.065,1.39,11.6
1/18/2021,5:15:00,0,B2,0.35,50124,50047,102.8,102.7,7.04,246.1,32.78,50054.2,0.67,32535,1.19,8.13,-82.6,25.073,1.39,11.6
1/18/2021,5:30:00,0,B2,0.34,50125,50045.8,102.7,102.6,7.03,246.4,32.77,50053.2,0.72,32535,1.2,8.13,-82.6,25.075,1.39,11.6
1/18/2021,5:45:00,0,B2,0.34,50120.9,50049.1,102.6,102.6,7.03,246.8,32.78,50055.8,0.71,32536,1.186,8.13,-82.5,25.068,1.39,11.6
1/18/2021,6:00:00,0,B2,0.33,50110.8,50044.3,102.3,102.3,7.01,247.1,32.77,50050.6,0.72,32533,1.189,8.12,-82.3,25.063,1.39,11.6
1/18/2021,6:15:00,0,B2,0.37,50113.5,50050.6,101.9,101.9,6.99,244.9,32.78,50056.5,0.7,32537,1.194,8.12,-82.4,25.06,1.39,11.6
1/18/2021,6:30:00,0,B2,0.38,50126.7,50048.5,102.6,102.5,7.03,245.6,32.78,50055.8,0.76,32536,1.187,8.12,-82.3,25.074,1.39,11.6
1/18/2021,6:45:00,0,B2,0.35,50129.5,50048.3,102.6,102.5,7.03,246.5,32.78,50055.9,0.76,32536,1.188,8.12,-82.3,25.077,1.39,11.6
1/18/2021,7:00:00,0,B2,0.39,50121.6,50045.5,102.4,102.3,7.01,247.2,32.77,50052.7,0.92,32534,1.184,8.12,-82.3,25.072,1.39,11.6
1/18/2021,7:15:00,0,B2,0.37,50130.4,50054.8,102.1,102.1,7,247.3,32.78,50061.8,0.82,32540,1.192,8.12,-82.2,25.072,1.39,11.6
1/18/2021,7:30:00,0,B2,0.36,50122.3,50050.6,102.2,102.1,7,247.7,32.78,50057.3,0.84,32537,1.197,8.12,-82.2,25.068,1.39,11.6
1/18/2021,7:45:00,0,B2,0.44,50127.2,50051.5,102,101.9,6.99,246.7,32.78,50058.6,0.87,32538,1.192,8.12,-82.1,25.072,1.39,11.6
1/18/2021,8:00:00,0,B2,0.48,50118.6,50047.5,102.1,102,6.99,246.7,32.78,50054.1,1.04,32535,1.192,8.12,-82.2,25.067,1.39,11.6
1/18/2021,8:15:00,0,B2,0.47,50112,50040.5,102.1,102.1,7,247.4,32.77,50047.2,0.93,32531,1.192,8.12,-82.1,25.068,1.39,11.6
1/18/2021,8:30:00,0,B2,0.42,50144.2,50049.1,102.6,102.5,7.02,248.1,32.78,50058,0.92,32538,1.195,8.12,-82.1,25.09,1.39,11.6
1/18/2021,8:45:00,0,B2,0.44,50124.4,50047.5,102.7,102.6,7.04,247.7,32.78,50054.7,1.02,32536,1.189,8.12,-82.1,25.073,1.38,11.6
1/18/2021,9:00:00,0,B2,0.46,50117.9,50046.6,103.1,103,7.06,247.7,32.78,50053.3,0.91,32535,1.192,8.12,-82.2,25.068,1.38,11.6
1/18/2021,9:15:00,0,B2,0.47,50131.7,50053.3,103.6,103.5,7.1,247.4,32.78,50060.7,0.91,32539,1.199,8.12,-82.2,25.074,1.38,11.6
1/18/2021,9:30:00,0,B2,0.45,50129.6,50050,104.2,104.1,7.14,247.9,32.78,50057.5,1.03,32537,1.189,8.12,-82.3,25.075,1.38,11.6
1/18/2021,9:45:00,0,B2,0.46,50134,50052.9,104.6,104.5,7.17,247.5,32.78,50060.5,1.01,32539,1.19,8.12,-82.3,25.077,1.38,11.6
1/18/2021,10:00:00,0,B2,0.44,50139.4,50052.8,105.7,105.6,7.24,247.1,32.78,50060.9,0.93,32540,1.191,8.13,-82.6,25.082,1.38,11.6
1/18/2021,10:15:00,0,B2,0.41,50136.1,50051.3,105.2,105.2,7.21,247.3,32.78,50059.2,0.97,32538,1.196,8.12,-82.4,25.08,1.38,11.6
1/18/2021,10:30:00,0,B2,0.47,50145.6,50053.1,106,105.9,7.26,248.1,32.78,50061.8,1.03,32540,1.191,8.13,-82.5,25.088,1.38,11.6
1/18/2021,10:45:00,0,B2,0.44,50149.4,50052.8,106.8,106.7,7.31,247.8,32.78,50061.8,0.88,32540,1.191,8.13,-82.8,25.092,1.38,11.6
1/18/2021,11:00:00,0,B2,0.43,50156.4,50051.2,107.5,107.5,7.36,248.9,32.78,50061.1,0.94,32540,1.191,8.13,-82.9,25.1,1.38,11.6
1/18/2021,11:15:00,0,B2,0.44,50158,50044,107.9,107.9,7.39,248.9,32.78,50054.7,0.94,32536,1.19,8.13,-82.7,25.108,1.38,11.6
1/18/2021,11:30:00,0,B2,0.42,50170.3,50043,109.3,109.2,7.48,248.5,32.78,50054.9,0.94,32536,1.181,8.14,-83,25.121,1.38,11.6
1/18/2021,11:45:00,0,B2,0.41,50181.5,50050.7,108.2,108.2,7.41,249,32.78,50062.9,0.83,32541,1.187,8.14,-83.1,25.124,1.38,11.6
1/18/2021,12:00:00,0,B2,0.38,50179.6,50043.1,109,108.9,7.46,249.4,32.78,50055.8,0.74,32536,1.198,8.14,-83.1,25.129,1.38,11.6
1/18/2021,12:15:00,0,B2,0.43,50194.9,50050.2,109.3,109.3,7.48,249.2,32.78,50063.8,0.91,32541,1.189,8.14,-83.2,25.137,1.38,11.6
1/18/2021,12:30:00,0,B2,0.43,50188.6,50042.5,110.5,110.4,7.56,248.1,32.78,50056.2,0.83,32537,1.185,8.14,-83.4,25.139,1.38,11.6
1/18/2021,12:45:00,0,B2,0.38,50186.3,50037.9,110.4,110.3,7.55,248.3,32.77,50051.8,0.85,32534,1.189,8.15,-83.7,25.141,1.38,11.6
1/18/2021,13:00:00,0,B2,0.37,50194.4,50043.5,111.1,111,7.6,249.1,32.78,50057.6,0.76,32537,1.195,8.14,-83.6,25.143,1.38,11.6
1/18/2021,13:15:00,0,B2,0.37,50181.9,50038.8,110.3,110.3,7.55,249.4,32.77,50052.2,0.75,32534,1.192,8.14,-83.6,25.136,1.38,11.6
1/18/2021,13:30:00,0,B2,0.4,50184.5,50038.6,110.8,110.7,7.58,248.1,32.77,50052.3,0.77,32534,1.191,8.15,-83.7,25.138,1.38,11.6
1/18/2021,13:45:00,0,B2,0.36,50183.2,50036.8,110.8,110.8,7.58,249.1,32.77,50050.5,0.76,32533,1.191,8.15,-83.8,25.139,1.38,11.6
1/18/2021,14:00:00,0,B2,0.42,50181.6,50034.6,111,110.9,7.59,249.1,32.77,50048.4,0.84,32531,1.183,8.15,-83.9,25.139,1.38,11.6
1/18/2021,14:15:00,0,B2,0.44,50184,50035.8,111.3,111.2,7.61,249.9,32.77,50049.7,0.85,32532,1.2,8.15,-83.9,25.14,1.38,11.6
1/18/2021,14:30:00,0,B2,0.45,50184.7,50036.5,111.2,111.1,7.61,249.8,32.77,50050.4,0.9,32533,1.195,8.15,-84,25.141,1.38,11.6
1/18/2021,14:45:00,0,B2,0.39,50178.7,50032.8,110.8,110.8,7.59,249.3,32.77,50046.4,0.77,32530,1.192,8.15,-84,25.138,1.38,11.6
1/18/2021,15:00:00,0,B2,0.41,50179.8,50035.3,111.2,111.1,7.61,246.2,32.77,50048.8,0.85,32532,1.19,8.15,-84.1,25.137,1.37,11.6
1/18/2021,15:15:00,0,B2,0.37,50174.4,50031.7,110.6,110.5,7.57,247.7,32.77,50045.1,0.81,32529,1.185,8.15,-84.1,25.135,1.37,11.6
1/18/2021,15:30:00,0,B2,0.43,50174,50034.4,110.8,110.7,7.58,248.3,32.77,50047.4,0.82,32531,1.192,8.15,-84.2,25.132,1.37,11.6
1/18/2021,15:45:00,0,B2,0.37,50168.1,50032.5,110.5,110.4,7.56,248.4,32.77,50045.2,1.23,32529,1.192,8.15,-84.1,25.129,1.37,11.6
1/18/2021,16:00:00,0,B2,0.39,50171.2,50035.5,110.3,110.2,7.55,245.5,32.77,50048.2,0.92,32531,1.193,8.15,-84.2,25.129,1.37,11.6
1/18/2021,16:15:00,0,B2,0.39,50165.6,50032.7,110.1,110,7.53,246.9,32.77,50045.1,0.82,32529,1.194,8.15,-84.1,25.126,1.37,11.6
1/18/2021,16:30:00,0,B2,0.37,50163.6,50032.7,109.9,109.8,7.52,247.8,32.77,50044.9,0.75,32529,1.185,8.15,-84.2,25.124,1.37,11.6
1/18/2021,16:45:00,0,B2,0.35,50162.8,50035.8,109.8,109.7,7.51,248,32.77,50047.7,0.72,32531,1.187,8.15,-84.2,25.12,1.37,11.6
1/18/2021,17:00:00,0,B2,0.45,50157.8,50031.5,109.3,109.2,7.48,248.5,32.77,50043.3,0.8,32528,1.19,8.15,-84.1,25.12,1.37,11.6
1/18/2021,17:15:00,0,B2,0.38,50154.3,50031.7,109.1,109,7.47,249,32.77,50043.2,0.77,32528,1.192,8.15,-84.1,25.116,1.37,11.6
1/18/2021,17:30:00,0,B2,0.45,50151.8,50032.5,108.9,108.8,7.45,248.3,32.77,50043.6,0.8,32528,1.191,8.15,-84.1,25.113,1.37,11.6
1/18/2021,17:45:00,0,B2,0.32,50148.1,50033.1,108.7,108.6,7.44,248.5,32.77,50043.9,0.65,32529,1.194,8.15,-84.1,25.109,1.37,11.6
1/18/2021,18:00:00,0,B2,0.35,50142.3,50034.1,108.1,108.1,7.4,248,32.77,50044.3,0.65,32529,1.187,8.15,-84.1,25.103,1.37,11.6
1/18/2021,18:15:00,0,B2,0.4,50141,50033.7,107.9,107.9,7.39,248.3,32.77,50043.8,0.7,32528,1.193,8.15,-84.2,25.102,1.37,11.6
1/18/2021,18:30:00,0,B2,0.37,50132,50030.7,107.6,107.5,7.37,248.4,32.76,50040.2,0.76,32526,1.197,8.15,-84.2,25.096,1.37,11.6
1/18/2021,18:45:00,0,B2,0.33,50129.8,50033.2,107.5,107.4,7.36,248,32.77,50042.2,0.65,32527,1.191,8.15,-84.2,25.092,1.37,11.6
1/18/2021,19:00:00,0,B2,0.34,50123.4,50033.2,107.2,107.1,7.34,248.5,32.77,50041.6,0.71,32527,1.191,8.15,-84.1,25.086,1.37,11.6
1/18/2021,19:15:00,0,B2,0.33,50111.3,50031.3,106.8,106.8,7.32,247.7,32.76,50038.8,0.69,32525,1.185,8.15,-84.1,25.076,1.37,11.6
1/18/2021,19:30:00,0,B2,0.35,50109.1,50032.8,106.6,106.6,7.3,247.5,32.77,50039.9,0.74,32526,1.182,8.15,-84,25.072,1.37,11.6
1/18/2021,19:45:00,0,B2,0.33,50100.8,50031.5,106.6,106.5,7.3,247.1,32.76,50037.9,0.62,32525,1.196,8.15,-84.1,25.066,1.37,11.6
1/18/2021,20:00:00,0,B2,0.35,50097.3,50037.9,106.2,106.1,7.28,247.1,32.77,50043.5,0.66,32528,1.194,8.15,-84,25.056,1.37,11.6
1/18/2021,20:15:00,0,B2,0.35,50090.6,50034.9,106,105.9,7.26,247.4,32.77,50040.1,0.7,32526,1.182,8.15,-84.1,25.053,1.37,11.6
1/18/2021,20:30:00,0,B2,0.32,50092.3,50034.9,105.8,105.8,7.25,246,32.77,50040.3,0.66,32526,1.192,8.15,-84,25.054,1.37,11.6
1/18/2021,20:45:00,0,B2,0.37,50085.3,50029.6,105.6,105.5,7.24,247.3,32.76,50034.8,0.79,32523,1.19,8.15,-83.9,25.053,1.36,11.6
1/18/2021,21:00:00,0,B2,0.34,50089.2,50034.5,105.3,105.2,7.22,247.8,32.77,50039.6,0.7,32526,1.183,8.15,-84,25.052,1.36,11.6
1/18/2021,21:15:00,0,B2,0.3,50081.6,50036.4,105.2,105.2,7.21,248.3,32.77,50040.6,0.64,32526,1.197,8.15,-83.8,25.043,1.36,11.6
1/18/2021,21:30:00,0,B2,0.34,50071.7,50032.8,104.6,104.6,7.17,248.3,32.76,50036.4,0.79,32524,1.199,8.15,-83.8,25.037,1.36,11.6
1/18/2021,21:45:00,0,B2,0.59,50087,50049.6,104.5,104.5,7.17,248.6,32.78,50053.1,0.91,32535,1.192,8.15,-83.9,25.035,1.36,11.6
1/18/2021,22:00:00,0,B2,0.33,50084.3,50049.6,104.5,104.5,7.17,249.1,32.78,50052.8,0.78,32534,1.187,8.15,-83.7,25.033,1.36,11.6
1/18/2021,22:15:00,0,B2,0.36,50088,50033.7,104.7,104.6,7.18,248.8,32.76,50038.8,0.78,32525,1.184,8.15,-83.8,25.052,1.36,11.6
1/18/2021,22:30:00,0,B2,0.35,50094.1,50038.9,104.7,104.6,7.17,249.2,32.77,50044,0.81,32529,1.181,8.15,-83.7,25.052,1.36,11.6
1/18/2021,22:45:00,0,B2,0.33,50091.7,50038.4,104.6,104.5,7.17,249.7,32.77,50043.3,0.71,32528,1.192,8.15,-83.7,25.051,1.36,11.6
1/18/2021,23:00:00,0,B2,0.35,50097.6,50041.1,104.4,104.3,7.15,249.7,32.77,50046.4,0.7,32530,1.191,8.15,-83.7,25.054,1.36,11.6
1/18/2021,23:15:00,0,B2,0.32,50092.7,50037.7,104.4,104.4,7.16,250,32.77,50042.9,0.65,32528,1.193,8.15,-83.6,25.052,1.36,11.6
1/18/2021,23:30:00,0,B2,0.39,50088.1,50040.6,104.1,104,7.14,249.8,32.77,50045.1,0.76,32529,1.193,8.15,-83.6,25.045,1.36,11.6
1/18/2021,23:45:00,0,B2,0.36,50093.5,50043.5,104,103.9,7.13,249.9,32.77,50048.1,0.78,32531,1.186,8.14,-83.6,25.047,1.36,11.6
1/19/2021,0:00:00,0,B2,0.35,50097.4,50045.5,104,103.9,7.12,249.9,32.77,50050.4,0.74,32533,1.194,8.14,-83.6,25.049,1.36,11.6
1/19/2021,0:15:00,0,B2,0.35,50098.9,50039.8,104,104,7.13,249.7,32.77,50045.3,0.68,32529,1.188,8.14,-83.5,25.056,1.36,11.6
1/19/2021,0:30:00,0,B2,0.34,50099.9,50041.8,103.7,103.6,7.1,249.1,32.77,50047.2,0.73,32531,1.197,8.14,-83.5,25.055,1.36,11.6
1/19/2021,0:45:00,0,B2,0.35,50106.2,50039.8,103.8,103.7,7.11,249.5,32.77,50046,0.7,32530,1.192,8.14,-83.5,25.063,1.36,11.6
1/19/2021,1:00:00,0,B2,0.36,50102.2,50041.4,103.6,103.5,7.1,249.8,32.77,50047.1,0.73,32531,1.182,8.14,-83.4,25.058,1.36,11.6
1/19/2021,1:15:00,0,B2,0.34,50102.2,50044.5,103.7,103.7,7.11,249.7,32.77,50049.9,0.72,32532,1.187,8.14,-83.4,25.055,1.36,11.6
1/19/2021,1:30:00,0,B2,0.33,50104.7,50041.2,103.4,103.3,7.09,249.7,32.77,50047.2,0.7,32531,1.192,8.14,-83.4,25.06,1.35,11.6
1/19/2021,1:45:00,0,B2,0.36,50104.4,50042.5,103.3,103.3,7.08,250.1,32.77,50048.3,0.73,32531,1.184,8.14,-83.3,25.059,1.35,11.6
1/19/2021,2:00:00,0,B2,0.36,50099.5,50041.8,103.3,103.2,7.08,250.2,32.77,50047.2,0.71,32531,1.189,8.14,-83.3,25.055,1.35,11.6
1/19/2021,2:15:00,0,B2,0.36,50105.6,50045.1,103.4,103.3,7.08,249.4,32.77,50050.8,0.86,32533,1.194,8.14,-83.3,25.057,1.35,11.6
1/19/2021,2:30:00,0,B2,0.34,50101.9,50045.1,103,102.9,7.06,249.6,32.77,50050.4,0.72,32533,1.188,8.14,-83.3,25.054,1.35,11.6
1/19/2021,2:45:00,0,B2,0.35,50097.7,50041.8,103.1,103.1,7.07,249.6,32.77,50047,0.72,32531,1.19,8.14,-83.2,25.053,1.35,11.6
1/19/2021,3:00:00,0,B2,0.31,50105.8,50043.2,103.4,103.3,7.08,249.8,32.77,50049,0.71,32532,1.192,8.14,-83.2,25.059,1.35,11.6
1/19/2021,3:15:00,0,B2,0.34,50100.5,50040.6,103.3,103.2,7.08,249.6,32.77,50046.2,0.76,32530,1.186,8.14,-83.2,25.057,1.35,11.6
1/19/2021,3:30:00,0,B2,0.33,50107.6,50042.5,103,103,7.06,249.9,32.77,50048.6,0.67,32532,1.188,8.14,-83.1,25.062,1.35,11.6
1/19/2021,3:45:00,0,B2,0.35,50098.4,50042.5,103,102.9,7.06,249.9,32.77,50047.7,0.79,32531,1.19,8.14,-83.1,25.053,1.35,11.6
1/19/2021,4:00:00,0,B2,0.34,50111.3,50046.1,103.1,103,7.06,249.8,32.77,50052.2,0.69,32534,1.196,8.14,-83.1,25.062,1.35,11.6
1/19/2021,4:15:00,0,B2,0.35,50110.5,50047.6,103,103,7.06,249.5,32.78,50053.5,0.76,32535,1.192,8.14,-83.1,25.06,1.35,11.6
1/19/2021,4:30:00,0,B2,0.37,50088.5,50046.2,102.8,102.7,7.05,248.6,32.77,50050.2,0.73,32533,1.181,8.14,-83.1,25.04,1.35,11.6
1/19/2021,4:45:00,0,B2,0.34,50107.8,50047.9,102.9,102.8,7.05,249.2,32.78,50053.5,0.72,32535,1.187,8.13,-83,25.057,1.35,11.6
1/19/2021,5:00:00,0,B2,0.33,50110.7,50046,102.9,102.9,7.05,249.4,32.77,50052,0.74,32534,1.2,8.13,-83,25.061,1.35,11.6
1/19/2021,5:15:00,0,B2,0.35,50097.3,50044,102.9,102.9,7.05,249.9,32.77,50048.9,0.78,32532,1.193,8.13,-82.9,25.051,1.34,11.6
1/19/2021,5:30:00,0,B2,0.33,50110.3,50044.8,102.9,102.9,7.05,249.3,32.77,50050.9,0.78,32533,1.192,8.13,-82.8,25.062,1.34,11.6
1/19/2021,5:45:00,0,B2,0.33,50116.1,50050.6,102.8,102.7,7.04,248.9,32.78,50056.7,0.71,32537,1.195,8.13,-82.9,25.062,1.34,11.6
1/19/2021,6:00:00,0,B2,0.38,50119.2,50049.2,102.9,102.8,7.05,248.8,32.78,50055.8,0.79,32536,1.182,8.13,-82.9,25.066,1.34,11.6
1/19/2021,6:15:00,0,B2,0.36,50114.1,50044,102.9,102.8,7.05,248.7,32.77,50050.5,0.76,32533,1.199,8.13,-82.8,25.066,1.34,11.6
1/19/2021,6:30:00,0,B2,0.4,50104.6,50047.5,102.6,102.5,7.03,249.1,32.78,50052.9,0.74,32534,1.19,8.13,-82.8,25.054,1.34,11.6
1/19/2021,6:45:00,0,B2,0.35,50117.9,50047.9,102.7,102.6,7.04,249.4,32.78,50054.4,0.73,32535,1.192,8.13,-82.9,25.066,1.34,11.6
1/19/2021,7:00:00,0,B2,0.37,50120.3,50049.1,102.6,102.5,7.03,249.7,32.78,50055.8,0.77,32536,1.191,8.13,-82.6,25.068,1.34,11.6
1/19/2021,7:15:00,0,B2,0.36,50119.2,50047.4,102.8,102.7,7.04,249.5,32.78,50054.1,0.78,32535,1.19,8.13,-82.8,25.068,1.34,11.6
1/19/2021,7:30:00,0,B2,0.41,50110.5,50042.4,102.7,102.6,7.04,249.8,32.77,50048.8,0.78,32532,1.201,8.13,-82.7,25.065,1.34,11.6
1/19/2021,7:45:00,0,B2,0.4,50113.2,50051,102.6,102.5,7.03,249.8,32.78,50056.9,0.79,32537,1.192,8.13,-82.7,25.059,1.34,11.6
1/19/2021,8:00:00,0,B2,0.41,50104.4,50048.3,102.5,102.4,7.02,249.1,32.78,50053.6,0.93,32535,1.19,8.13,-82.6,25.053,1.34,11.6
1/19/2021,8:15:00,0,B2,0.44,50121.5,50049.7,102.7,102.6,7.03,249.4,32.78,50056.4,0.95,32537,1.194,8.13,-82.7,25.068,1.34,11.6
1/19/2021,8:30:00,0,B2,0.47,50113.8,50058.2,102.5,102.5,7.03,249.5,32.78,50063.4,0.98,32541,1.188,8.13,-82.6,25.053,1.34,11.6
1/19/2021,8:45:00,0,B2,0.55,50120.5,50051.3,102.6,102.5,7.03,249.7,32.78,50057.7,1.07,32538,1.192,8.13,-82.6,25.066,1.34,11.6
1/19/2021,9:00:00,0,B2,0.5,50120.1,50045.6,102.8,102.7,7.04,249.3,32.77,50052.5,1.01,32534,1.181,8.13,-82.6,25.071,1.34,11.6
1/19/2021,9:15:00,0,B2,0.54,50121.2,50047.4,102.9,102.8,7.05,249.5,32.78,50054.3,1.12,32535,1.194,8.13,-82.5,25.07,1.34,11.6
1/19/2021,9:30:00,0,B2,0.63,50115.5,50047.4,102.9,102.8,7.05,248.9,32.78,50053.8,1.2,32535,1.193,8.13,-82.5,25.065,1.34,11.6
1/19/2021,9:45:00,0,B2,0.59,50112.6,50052.8,102.8,102.7,7.04,247.6,32.78,50058.3,1.24,32538,1.194,8.13,-82.5,25.057,1.34,11.6
1/19/2021,10:00:00,0,B2,0.57,50116.9,50044,103.1,103,7.06,246.2,32.77,50050.8,1.34,32533,1.196,8.13,-82.5,25.069,1.33,11.6
1/19/2021,10:15:00,0,B2,0.58,50129.5,50045.1,103.3,103.2,7.07,246,32.77,50053,1.2,32534,1.2,8.13,-82.5,25.08,1.33,11.6
1/19/2021,10:30:00,0,B2,0.64,50125.6,50046.1,103.4,103.3,7.08,241.9,32.78,50053.5,1.19,32535,1.193,8.13,-82.4,25.075,1.33,11.6
1/19/2021,10:45:00,0,B2,0.82,50126,50046.8,103.6,103.5,7.1,243,32.78,50054.3,1.42,32535,1.188,8.13,-82.6,25.075,1.33,11.6
1/19/2021,11:00:00,0,B2,0.61,50123.7,50050.5,104,103.9,7.12,243.9,32.78,50057.3,1.27,32537,1.185,8.13,-82.6,25.069,1.33,11.6
1/19/2021,11:15:00,0,B2,0.55,50116.5,50047.8,104.2,104.2,7.14,244.6,32.78,50054.3,1.11,32535,1.197,8.13,-82.6,25.065,1.33,11.6
1/19/2021,11:30:00,0,B2,0.55,50119.1,50046.3,104.6,104.6,7.17,245.2,32.77,50053.1,1.06,32535,1.197,8.13,-82.7,25.069,1.33,11.6
1/19/2021,11:45:00,0,B2,0.51,50114.6,50046.2,104.7,104.6,7.17,245.3,32.77,50052.6,1.08,32534,1.191,8.13,-82.6,25.065,1.33,11.6
1/19/2021,12:00:00,0,B2,0.72,50110.2,50042,104.9,104.8,7.19,246.1,32.77,50048.4,0.96,32531,1.191,8.13,-82.7,25.065,1.33,11.6
1/19/2021,12:15:00,0,B2,0.58,50105.6,50041.9,105.4,105.3,7.22,246.9,32.77,50047.9,1,32531,1.196,8.13,-82.7,25.06,1.33,11.6
1/19/2021,12:30:00,0,B2,0.56,50107.3,50043.9,105.4,105.3,7.22,247.2,32.77,50049.9,1.13,32532,1.197,8.13,-82.7,25.06,1.33,11.6
1/19/2021,12:45:00,0,B2,0.57,50100.3,50040.6,105.8,105.7,7.25,247,32.77,50046.2,1.09,32530,1.199,8.13,-82.9,25.057,1.33,11.6
1/19/2021,13:00:00,0,B2,0.55,50100.6,50041.1,105.9,105.8,7.25,247.7,32.77,50046.7,1.13,32530,1.191,8.13,-82.9,25.056,1.33,11.6
1/19/2021,13:15:00,0,B2,0.51,50098.1,50039.9,106,106,7.27,248.2,32.77,50045.3,1.09,32529,1.191,8.13,-82.8,25.055,1.33,11.6
1/19/2021,13:30:00,0,B2,0.51,50096.9,50041.9,106.1,106,7.27,247.7,32.77,50047.1,1.11,32531,1.19,8.13,-83,25.052,1.33,11.6
1/19/2021,13:45:00,0,B2,0.49,50094.8,50040.5,106.5,106.4,7.3,248.1,32.77,50045.6,1.03,32530,1.194,8.13,-82.9,25.052,1.33,11.6
1/19/2021,14:00:00,0,B2,0.49,50091.6,50035.8,107,106.9,7.33,248.3,32.77,50041,1.13,32527,1.19,8.14,-83.1,25.053,1.33,11.6
1/19/2021,14:15:00,0,B2,0.51,50090.2,50035.9,106.8,106.7,7.32,248.6,32.77,50041,0.98,32527,1.2,8.13,-83,25.051,1.33,11.6
1/19/2021,14:30:00,0,B2,0.44,50090.7,50036.6,106.9,106.8,7.32,248.4,32.77,50041.7,1.06,32527,1.197,8.14,-83.1,25.051,1.33,11.6
1/19/2021,14:45:00,0,B2,0.49,50092.5,50038.4,107,106.9,7.33,248.8,32.77,50043.5,0.95,32528,1.189,8.14,-83,25.051,1.33,11.6
1/19/2021,15:00:00,0,B2,0.53,50088.3,50034.7,107.1,107.1,7.34,249,32.77,50039.7,1.06,32526,1.181,8.14,-83.2,25.051,1.33,11.6
1/19/2021,15:15:00,0,B2,0.44,50086.4,50035.4,107,106.9,7.33,249.5,32.77,50040.2,0.94,32526,1.192,8.14,-83.2,25.048,1.33,11.6
1/19/2021,15:30:00,0,B2,0.46,50085.9,50036.7,107.1,107,7.34,249.7,32.77,50041.3,0.91,32527,1.19,8.14,-83.2,25.047,1.33,11.6
1/19/2021,15:45:00,0,B2,0.64,50081.8,50035.2,106.9,106.9,7.33,249.4,32.77,50039.5,0.64,32526,1.192,8.14,-83.2,25.044,1.33,11.6
1/19/2021,16:00:00,0,B2,0.48,50077.2,50034.3,106.9,106.8,7.33,249.8,32.76,50038.3,0.95,32525,1.198,8.14,-83.2,25.041,1.33,11.6
1/19/2021,16:15:00,0,B2,0.39,50075.7,50035.9,106.9,106.8,7.33,249.8,32.77,50039.7,0.85,32526,1.182,8.14,-83.2,25.038,1.33,11.6
1/19/2021,16:30:00,0,B2,0.54,50076.1,50037.1,106.8,106.7,7.32,249.8,32.77,50040.8,0.93,32527,1.192,8.14,-83.1,25.037,1.33,11.6
1/19/2021,16:45:00,0,B2,0.42,50075.1,50036.5,106.7,106.6,7.31,249.8,32.77,50040.1,1.04,32526,1.19,8.14,-83.2,25.037,1.33,11.6
1/19/2021,17:00:00,0,B2,0.44,50074,50035.3,106.5,106.4,7.3,250.2,32.77,50038.9,0.91,32525,1.188,8.14,-83.1,25.037,1.33,11.6
1/19/2021,17:15:00,0,B2,0.43,50072.2,50034.1,106.3,106.3,7.29,249.2,32.76,50037.7,0.87,32524,1.199,8.14,-83.1,25.036,1.33,11.6
1/19/2021,17:30:00,0,B2,0.37,50077.6,50036.6,106.2,106.2,7.28,249.6,32.77,50040.4,0.89,32526,1.192,8.14,-83.1,25.039,1.33,11.6
1/19/2021,17:45:00,0,B2,0.42,50069.9,50032.3,106,106,7.27,249.6,32.76,50035.8,0.89,32523,1.191,8.14,-83.1,25.036,1.33,11.6
1/19/2021,18:00:00,0,B2,0.42,50073.1,50037.2,105.9,105.8,7.26,249.1,32.77,50040.6,0.96,32526,1.194,8.14,-83.1,25.034,1.33,11.6
1/19/2021,18:15:00,0,B2,0.37,50067.2,50035.9,105.7,105.7,7.25,249.1,32.77,50038.8,0.89,32525,1.182,8.14,-83.1,25.03,1.33,11.6
1/19/2021,18:30:00,0,B2,0.39,50070.9,50037.7,105.5,105.4,7.23,249.1,32.77,50040.8,0.78,32527,1.182,8.13,-83,25.032,1.33,11.6
1/19/2021,18:45:00,0,B2,0.37,50082.7,50039.5,105.4,105.3,7.22,249.2,32.77,50043.6,0.81,32528,1.199,8.13,-83,25.041,1.33,11.6
1/19/2021,19:00:00,0,B2,0.41,50061.5,50029.7,105,104.9,7.2,249,32.76,50032.7,0.97,32521,1.191,8.13,-82.9,25.03,1.33,11.6
1/19/2021,19:15:00,0,B2,0.39,50067.5,50038.3,104.9,104.8,7.19,249,32.77,50041,0.91,32527,1.189,8.13,-82.9,25.028,1.33,11.6
1/19/2021,19:30:00,0,B2,0.39,50088,50034.7,105.1,105.1,7.2,249.1,32.77,50039.6,0.89,32526,1.19,8.13,-82.9,25.051,1.33,11.6
1/19/2021,19:45:00,0,B2,0.38,50090.8,50034.4,104.9,104.9,7.19,248.6,32.77,50039.7,0.87,32526,1.183,8.13,-82.9,25.054,1.33,11.6
1/19/2021,20:00:00,0,B2,0.39,50078.8,50036.2,104.4,104.3,7.16,248.5,32.77,50040.2,0.87,32526,1.184,8.13,-82.8,25.04,1.33,11.6
1/19/2021,20:15:00,0,B2,0.37,50083.3,50033.6,104.7,104.6,7.18,248.7,32.76,50038.3,0.82,32525,1.192,8.13,-82.8,25.047,1.33,11.6
1/19/2021,20:30:00,0,B2,0.36,50089.6,50035.1,104.4,104.3,7.15,249.2,32.77,50040.2,0.8,32526,1.199,8.13,-82.7,25.052,1.33,11.6
1/19/2021,20:45:00,0,B2,0.37,50094.2,50039.7,104.2,104.1,7.14,247.5,32.77,50044.8,0.78,32529,1.191,8.13,-82.8,25.052,1.33,11.6
1/19/2021,21:00:00,0,B2,0.37,50077.8,50033.3,104.1,104,7.14,247.1,32.76,50037.5,0.84,32524,1.191,8.13,-82.7,25.042,1.33,11.6
1/19/2021,21:15:00,0,B2,0.38,50085.2,50040.2,104.3,104.2,7.15,247.5,32.77,50044.4,0.75,32529,1.188,8.13,-82.6,25.043,1.33,11.6
1/19/2021,21:30:00,0,B2,0.36,50088.5,50034.5,104.1,104.1,7.14,247.1,32.77,50039.6,0.79,32526,1.195,8.13,-82.6,25.051,1.33,11.6
1/19/2021,21:45:00,0,B2,0.36,50092.5,50034.9,103.9,103.9,7.12,246,32.77,50040.3,0.84,32526,1.197,8.13,-82.7,25.055,1.33,11.6
1/19/2021,22:00:00,0,B2,0.36,50099.5,50036.9,103.9,103.8,7.12,246.6,32.77,50042.7,0.8,32528,1.198,8.13,-82.6,25.059,1.33,11.6
1/19/2021,22:15:00,0,B2,0.38,50101.6,50034.6,103.8,103.7,7.11,247.6,32.77,50040.9,0.78,32527,1.195,8.12,-82.4,25.064,1.33,11.6
1/19/2021,22:30:00,0,B2,0.37,50105.3,50036.7,103.8,103.7,7.11,247.1,32.77,50043.1,0.79,32528,1.192,8.13,-82.6,25.065,1.33,11.6
1/19/2021,22:45:00,0,B2,0.43,50099.3,50035.8,103.7,103.6,7.1,247.5,32.77,50041.8,0.95,32527,1.191,8.12,-82.4,25.06,1.33,11.6
1/19/2021,23:00:00,0,B2,0.36,50105.2,50034.5,103.7,103.6,7.1,247.4,32.77,50041.1,0.82,32527,1.186,8.13,-82.4,25.067,1.33,11.6
1/19/2021,23:15:00,0,B2,0.34,50098.7,50032.9,103.7,103.6,7.1,247.7,32.76,50039,0.75,32525,1.183,8.13,-82.4,25.062,1.33,11.6
1/19/2021,23:30:00,0,B2,0.37,50104,50033.2,103.4,103.3,7.08,247.5,32.77,50039.9,0.88,32526,1.183,8.12,-82.4,25.067,1.33,11.6
1/19/2021,23:45:00,0,B2,0.34,50100.9,50034,103.4,103.3,7.08,248,32.77,50040.2,0.79,32526,1.186,8.12,-82.3,25.063,1.33,11.6
1/20/2021,0:00:00,0,B2,0.36,50096.5,50034,103.5,103.4,7.09,247.6,32.77,50039.8,0.83,32526,1.191,8.12,-82.3,25.059,1.33,11.6
1/20/2021,0:15:00,0,B2,0.38,50090.1,50035.7,103.2,103.1,7.07,247.7,32.77,50040.8,0.82,32527,1.197,8.12,-82.3,25.052,1.33,11.6
1/20/2021,0:30:00,0,B2,0.36,50093.4,50031,103.2,103.2,7.07,248,32.76,50036.8,0.81,32524,1.197,8.12,-82.2,25.059,1.33,11.6
1/20/2021,0:45:00,0,B2,0.36,50100.2,50038.1,103.2,103.1,7.07,248.4,32.77,50043.9,0.77,32529,1.185,8.12,-82.2,25.059,1.33,11.6
1/20/2021,1:00:00,0,B2,0.39,50107.1,50032.4,103.2,103.2,7.07,248.6,32.76,50039.4,0.81,32526,1.194,8.12,-82.2,25.071,1.33,11.6
1/20/2021,1:15:00,0,B2,0.36,50101.8,50033,103.1,103,7.07,247.9,32.77,50039.4,0.83,32526,1.186,8.12,-82,25.065,1.33,11.6
1/20/2021,1:30:00,0,B2,0.35,50093,50031.6,102.9,102.8,7.05,247.4,32.76,50037.3,0.84,32524,1.181,8.12,-82.1,25.058,1.33,11.6
1/20/2021,1:45:00,0,B2,0.37,50101.1,50035.2,103.2,103.1,7.07,247.8,32.77,50041.4,0.88,32527,1.184,8.12,-82.2,25.062,1.33,11.6
1/20/2021,2:00:00,0,B2,0.35,50101.2,50036.2,102.9,102.8,7.05,247.7,32.77,50042.3,0.79,32527,1.19,8.12,-82.1,25.062,1.33,11.6
1/20/2021,2:15:00,0,B2,0.34,50106.5,50034.8,103.1,103,7.06,248.2,32.77,50041.5,0.79,32527,1.19,8.12,-82,25.068,1.33,11.6
1/20/2021,2:30:00,0,B2,0.37,50100.3,50035.1,103.1,103,7.06,248.5,32.77,50041.2,0.77,32527,1.193,8.12,-81.9,25.062,1.33,11.6
1/20/2021,2:45:00,0,B2,0.39,50095.3,50039.2,103,102.9,7.06,248,32.77,50044.4,0.85,32529,1.191,8.12,-82.1,25.053,1.33,11.6
1/20/2021,3:00:00,0,B2,0.36,50102.1,50035.5,102.9,102.8,7.05,248.6,32.77,50041.7,0.8,32527,1.197,8.12,-81.9,25.063,1.33,11.6
1/20/2021,3:15:00,0,B2,0.35,50101.4,50039.4,102.9,102.8,7.05,248.9,32.77,50045.2,0.8,32529,1.196,8.12,-81.9,25.059,1.33,11.6
1/20/2021,3:30:00,0,B2,0.35,50110,50035.1,103,103,7.06,248.8,32.77,50042.1,0.8,32527,1.198,8.12,-81.9,25.071,1.33,11.6
1/20/2021,3:45:00,0,B2,0.4,50098.7,50031,102.8,102.7,7.04,248.6,32.76,50037.3,0.76,32524,1.191,8.11,-81.8,25.064,1.32,11.6
1/20/2021,4:00:00,0,B2,0.35,50102.1,50032.8,102.9,102.8,7.05,247.9,32.76,50039.3,0.8,32526,1.189,8.12,-81.9,25.066,1.32,11.6
1/20/2021,4:15:00,0,B2,0.34,50109.7,50034.6,102.9,102.8,7.05,248.7,32.77,50041.6,0.78,32527,1.194,8.11,-81.7,25.071,1.32,11.6
1/20/2021,4:30:00,0,B2,0.34,50105.1,50037.8,102.6,102.5,7.03,248.3,32.77,50044.1,0.77,32529,1.188,8.11,-81.7,25.064,1.32,11.6
1/20/2021,4:45:00,0,B2,0.38,50105.6,50040,102.6,102.5,7.03,248.4,32.77,50046.2,0.83,32530,1.185,8.11,-81.7,25.062,1.32,11.6
1/20/2021,5:00:00,0,B2,0.36,50113.9,50033.1,102.8,102.7,7.04,248.1,32.77,50040.7,0.79,32526,1.188,8.11,-81.7,25.077,1.32,11.6
1/20/2021,5:15:00,0,B2,0.38,50107.3,50030.3,102.8,102.8,7.04,248.5,32.76,50037.5,0.87,32524,1.19,8.11,-81.7,25.073,1.32,11.6
1/20/2021,5:30:00,0,B2,0.36,50107,50036,102.7,102.6,7.03,249.1,32.77,50042.6,0.74,32528,1.192,8.11,-81.5,25.067,1.33,11.6
1/20/2021,5:45:00,0,B2,0.33,50112.7,50036.2,102.8,102.8,7.05,249.7,32.77,50043.3,0.8,32528,1.188,8.11,-81.6,25.073,1.32,11.6
1/20/2021,6:00:00,0,B2,0.37,50094.4,50035.4,102.5,102.5,7.03,249.4,32.77,50040.9,0.83,32527,1.19,8.11,-81.6,25.056,1.32,11.6
1/20/2021,6:15:00,0,B2,0.36,50107.6,50033.5,102.7,102.6,7.04,249.4,32.77,50040.4,0.79,32526,1.2,8.11,-81.6,25.07,1.32,11.6
1/20/2021,6:30:00,0,B2,0.39,50111.5,50035.8,102.7,102.6,7.03,249.4,32.77,50042.9,0.88,32528,1.187,8.11,-81.5,25.072,1.33,11.6
1/20/2021,6:45:00,0,B2,0.37,50115.6,50036,102.7,102.7,7.04,248.5,32.77,50043.4,0.84,32528,1.192,8.11,-81.5,25.076,1.33,11.6
1/20/2021,7:00:00,0,B2,0.39,50111.5,50040.6,102.7,102.6,7.04,248.7,32.77,50047.3,0.96,32531,1.189,8.11,-81.5,25.067,1.33,11.6
1/20/2021,7:15:00,0,B2,0.39,50114.7,50032.4,102.7,102.6,7.03,249.5,32.77,50040.1,0.91,32526,1.187,8.11,-81.4,25.078,1.33,11.6
1/20/2021,7:30:00,0,B2,0.43,50101,50036.7,102.3,102.2,7.01,249.4,32.77,50042.7,0.99,32528,1.19,8.11,-81.4,25.061,1.32,11.6
1/20/2021,7:45:00,0,B2,0.53,50092.8,50037.6,102.5,102.4,7.02,249.7,32.77,50042.8,1.24,32528,1.187,8.11,-81.3,25.052,1.32,11.6
1/20/2021,8:00:00,0,B2,0.49,50106.6,50035.1,102.7,102.6,7.04,249.5,32.77,50041.8,1.17,32527,1.181,8.11,-81.3,25.068,1.32,11.6
1/20/2021,8:15:00,0,B2,0.52,50117,50040.4,102.7,102.7,7.04,247.9,32.77,50047.6,1.08,32531,1.183,8.11,-81.3,25.073,1.32,11.6
1/20/2021,8:30:00,0,B2,0.49,50116.1,50039.7,103,102.9,7.06,248.4,32.77,50046.9,1.09,32530,1.2,8.11,-81.3,25.072,1.32,11.6
1/20/2021,8:45:00,0,B2,0.49,50111.1,50036.2,103.2,103.1,7.07,247.5,32.77,50043.2,1.25,32528,1.187,8.11,-81.4,25.071,1.32,11.6
1/20/2021,9:00:00,0,B2,0.54,50109.6,50037.6,103.6,103.5,7.1,248,32.77,50044.3,1.18,32529,1.188,8.11,-81.4,25.068,1.32,11.6
1/20/2021,9:15:00,0,B2,0.47,50109.5,50038.6,104.3,104.2,7.15,248.7,32.77,50045.2,1,32529,1.2,8.11,-81.4,25.067,1.32,11.6
1/20/2021,9:30:00,0,B2,0.54,50104.8,50034.2,104.6,104.6,7.17,249.5,32.77,50040.8,1.07,32527,1.197,8.11,-81.5,25.067,1.32,11.6
1/20/2021,9:45:00,0,B2,0.51,50104.5,50033.8,105.1,105,7.2,250,32.77,50040.5,1.14,32526,1.186,8.11,-81.6,25.067,1.32,11.6
1/20/2021,10:00:00,0,B2,0.52,50105,50032.6,105.5,105.5,7.23,250.7,32.76,50039.4,1.15,32526,1.181,8.11,-81.6,25.069,1.32,11.6
1/20/2021,10:15:00,0,B2,0.47,50105,50033.9,105.8,105.7,7.25,250.8,32.77,50040.6,1.08,32526,1.191,8.11,-81.6,25.067,1.32,11.6
1/20/2021,10:30:00,0,B2,0.49,50104.4,50033.2,106.6,106.5,7.3,250.4,32.77,50039.9,1.12,32526,1.198,8.11,-81.8,25.067,1.32,11.6
1/20/2021,10:45:00,0,B2,0.48,50102.7,50030.9,106.9,106.8,7.32,249.2,32.76,50037.6,1.24,32524,1.201,8.12,-81.9,25.068,1.32,11.6
1/20/2021,11:00:00,0,B2,0.48,50105.5,50031.4,107.8,107.7,7.38,249.7,32.76,50038.3,0.96,32525,1.186,8.12,-82,25.07,1.32,11.6
1/20/2021,11:15:00,0,B2,0.49,50107.6,50031.3,107.8,107.7,7.38,250.2,32.76,50038.4,1.19,32525,1.183,8.12,-82.1,25.072,1.32,11.6
1/20/2021,11:30:00,0,B2,0.49,50109.6,50029.6,108.4,108.3,7.43,250.7,32.76,50037.1,1.23,32524,1.183,8.12,-82.1,25.076,1.32,11.6
1/20/2021,11:45:00,0,B2,0.48,50108.4,50026.9,108.8,108.7,7.45,250.7,32.76,50034.5,1.08,32522,1.194,8.12,-82.3,25.077,1.32,11.6
1/20/2021,12:00:00,0,B2,0.51,50121.7,50029.1,111,110.9,7.6,250.9,32.76,50037.8,1.12,32525,1.193,8.13,-82.7,25.088,1.32,11.6
1/20/2021,12:15:00,0,B2,0.44,50122,50026.5,110.8,110.7,7.59,251.1,32.76,50035.4,0.96,32523,1.199,8.13,-82.7,25.091,1.32,11.6
1/20/2021,12:30:00,0,B2,0.41,50115.7,50021.8,110.6,110.5,7.57,251.2,32.76,50030.6,0.95,32520,1.2,8.13,-82.7,25.089,1.32,11.6
1/20/2021,12:45:00,0,B2,0.43,50117.5,50023,110.4,110.3,7.56,251.4,32.76,50031.8,0.89,32521,1.192,8.13,-82.7,25.09,1.32,11.6
1/20/2021,13:00:00,0,B2,0.46,50119.1,50022.2,111.1,111,7.61,250.7,32.76,50031.3,0.93,32520,1.186,8.13,-82.9,25.092,1.32,11.6
1/20/2021,13:15:00,0,B2,0.46,50119.1,50023.3,110.9,110.8,7.59,251.1,32.76,50032.3,0.97,32521,1.194,8.13,-82.7,25.091,1.32,11.6
1/20/2021,13:30:00,0,B2,0.49,50117.9,50022,111.6,111.5,7.64,249.9,32.76,50030.9,1.02,32520,1.191,8.14,-83.2,25.091,1.32,11.6
1/20/2021,13:45:00,0,B2,0.43,50119.7,50023.5,111.2,111.1,7.62,249.8,32.76,50032.5,0.75,32521,1.181,8.14,-83.2,25.091,1.32,11.6
1/20/2021,14:00:00,0,B2,0.45,50116.4,50024.2,111,110.9,7.6,249.8,32.76,50032.8,0.79,32521,1.192,8.14,-83.1,25.087,1.32,11.6
1/20/2021,14:15:00,0,B2,0.4,50112.9,50022.2,110.9,110.8,7.6,248.7,32.76,50030.7,0.72,32520,1.2,8.14,-83.3,25.086,1.32,11.6
1/20/2021,14:30:00,0,B2,0.35,50115.1,50026,111.2,111.1,7.62,248.5,32.76,50034.3,0.65,32522,1.2,8.14,-83.3,25.085,1.32,11.6
1/20/2021,14:45:00,0,B2,0.4,50110.9,50023.2,111.2,111.1,7.61,248.2,32.76,50031.4,0.66,32520,1.188,8.14,-83.4,25.083,1.32,11.6
1/20/2021,15:00:00,0,B2,0.46,50106.3,50023.7,111.1,111,7.61,249.2,32.76,50031.4,0.69,32520,1.196,8.14,-83.2,25.078,1.32,11.6
1/20/2021,15:15:00,0,B2,0.94,50105.1,50025.9,111,111,7.61,249.1,32.76,50033.3,0.82,32522,1.19,8.14,-83.5,25.075,1.32,11.6
1/20/2021,15:30:00,0,B2,0.37,50103,50026.3,111,111,7.61,249.3,32.76,50033.5,0.7,32522,1.186,8.14,-83.5,25.073,1.32,11.6
1/20/2021,15:45:00,0,B2,0.33,50095.8,50024.1,110.6,110.6,7.58,249.3,32.76,50030.8,0.62,32520,1.191,8.14,-83.5,25.068,1.32,11.6
1/20/2021,16:00:00,0,B2,0.34,50090,50024,111,110.9,7.6,249.8,32.76,50030.2,0.61,32520,1.2,8.14,-83.5,25.063,1.32,11.6
1/20/2021,16:15:00,0,B2,0.32,50090,50025.4,110.6,110.5,7.58,249.4,32.76,50031.5,0.65,32520,1.192,8.14,-83.5,25.061,1.32,11.6
1/20/2021,16:30:00,0,B2,0.32,50085.2,50027.1,110.7,110.6,7.59,249.4,32.76,50032.6,0.53,32521,1.185,8.14,-83.5,25.055,1.32,11.6
1/20/2021,16:45:00,0,B2,0.31,50085,50026.5,110.1,110.1,7.55,249.6,32.76,50032,0.56,32521,1.182,8.14,-83.6,25.055,1.32,11.6
1/20/2021,17:00:00,0,B2,0.33,50079.1,50024.6,109.9,109.8,7.53,250.5,32.76,50029.7,0.61,32519,1.195,8.14,-83.4,25.052,1.32,11.6
1/20/2021,17:15:00,0,B2,0.31,50077.1,50027.8,109.7,109.6,7.52,249.6,32.76,50032.4,0.61,32521,1.196,8.14,-83.5,25.047,1.32,11.6
1/20/2021,17:30:00,0,B2,0.38,50073.6,50025.8,109.4,109.3,7.5,249.4,32.76,50030.3,0.62,32520,1.199,8.14,-83.5,25.045,1.32,11.6
1/20/2021,17:45:00,0,B2,0.33,50071.7,50025.8,109.2,109.1,7.48,249.6,32.76,50030.1,0.56,32520,1.191,8.14,-83.5,25.044,1.32,11.6
1/20/2021,18:00:00,0,B2,0.33,50069.2,50026.5,108.8,108.8,7.46,249.8,32.76,50030.5,0.52,32520,1.181,8.14,-83.3,25.041,1.32,11.6
1/20/2021,18:15:00,0,B2,0.35,50068.8,50033.2,108.4,108.3,7.43,249.2,32.76,50036.5,0.6,32524,1.192,8.14,-83.5,25.034,1.32,11.6
1/20/2021,18:30:00,0,B2,0.3,50064.9,50028.3,108.5,108.4,7.44,249.4,32.76,50031.8,0.58,32521,1.2,8.14,-83.5,25.035,1.32,11.6
1/20/2021,18:45:00,0,B2,0.29,50076.6,50027.8,108.1,108,7.41,243.3,32.76,50032.4,0.58,32521,1.186,8.14,-83.4,25.046,1.32,11.6
1/20/2021,19:00:00,0,B2,0.34,50076.9,50028.9,107.8,107.7,7.39,245.2,32.76,50033.4,0.6,32522,1.185,8.14,-83.4,25.046,1.32,11.6
1/20/2021,19:15:00,0,B2,0.33,50071.2,50028.4,107.4,107.4,7.36,245.5,32.76,50032.4,0.57,32521,1.192,8.14,-83.3,25.041,1.32,11.6
1/20/2021,19:30:00,0,B2,0.28,50081.3,50030.3,107.3,107.2,7.35,246.5,32.76,50035.1,0.5,32523,1.189,8.14,-83.3,25.048,1.32,11.6
1/20/2021,19:45:00,0,B2,0.32,50083.7,50029.1,107.1,107,7.34,247.2,32.76,50034.2,0.53,32522,1.188,8.14,-83.3,25.052,1.32,11.6
1/20/2021,20:00:00,0,B2,0.28,50082.4,50028.2,106.8,106.7,7.32,247.1,32.76,50033.3,0.59,32522,1.19,8.14,-83.2,25.051,1.32,11.6
1/20/2021,20:15:00,0,B2,0.27,50064.1,50027.4,106.2,106.2,7.28,247.5,32.76,50030.8,0.54,32520,1.184,8.14,-83.2,25.035,1.32,11.6
1/20/2021,20:30:00,0,B2,0.3,50076.7,50033.1,106.2,106.1,7.28,247.5,32.76,50037.1,0.53,32524,1.184,8.14,-83.2,25.041,1.32,11.6
1/20/2021,20:45:00,0,B2,0.31,50081.9,50034,105.8,105.8,7.25,247.6,32.76,50038.5,0.56,32525,1.181,8.14,-83.2,25.045,1.32,11.6
1/20/2021,21:00:00,0,B2,0.33,50084.5,50028.1,106.2,106.1,7.28,248.2,32.76,50033.4,0.58,32522,1.196,8.14,-83.1,25.053,1.32,11.6
1/20/2021,21:15:00,0,B2,0.3,50079.1,50031.3,105.8,105.7,7.25,247.8,32.76,50035.8,0.59,32523,1.2,8.14,-83.1,25.045,1.32,11.6
1/20/2021,21:30:00,0,B2,0.32,50082.8,50027.1,105.8,105.8,7.25,246.8,32.76,50032.3,0.54,32521,1.2,8.14,-83,25.053,1.32,11.6
1/20/2021,21:45:00,0,B2,0.29,50075.9,50026.3,105.4,105.3,7.22,247.4,32.76,50030.9,0.62,32520,1.192,8.13,-83,25.047,1.32,11.6
1/20/2021,22:00:00,0,B2,0.29,50082.8,50029.9,105.4,105.3,7.22,247.9,32.76,50034.8,0.57,32523,1.187,8.13,-82.9,25.05,1.32,11.6
1/20/2021,22:15:00,0,B2,0.32,50069.8,50030.8,104.8,104.7,7.18,247.7,32.76,50034.4,0.61,32522,1.184,8.13,-82.8,25.037,1.32,11.6
1/20/2021,22:30:00,0,B2,0.32,50086.5,50031.1,105.2,105.1,7.21,247.5,32.76,50036.2,0.57,32524,1.201,8.13,-82.9,25.053,1.33,11.6
1/20/2021,22:45:00,0,B2,0.32,50092.9,50034.3,104.9,104.8,7.19,247.9,32.77,50039.8,0.58,32526,1.194,8.13,-82.7,25.056,1.32,11.6
1/20/2021,23:00:00,0,B2,0.34,50088.9,50030.5,104.7,104.6,7.17,245.3,32.76,50036,0.58,32523,1.183,8.13,-82.7,25.055,1.32,11.6
1/20/2021,23:15:00,0,B2,0.29,50066.7,50029.7,104.3,104.3,7.15,246.2,32.76,50033.2,0.54,32522,1.192,8.13,-82.8,25.035,1.33,11.6
1/20/2021,23:30:00,0,B2,0.32,50082.9,50025.9,104.5,104.5,7.16,247.3,32.76,50031.3,0.64,32520,1.191,8.13,-82.5,25.054,1.32,11.6
1/20/2021,23:45:00,0,B2,0.32,50093.3,50030,104.6,104.5,7.17,247.2,32.76,50035.9,0.56,32523,1.186,8.13,-82.8,25.06,1.32,11.6
1/21/2021,0:00:00,0,B2,0.3,50088.8,50027.3,104.5,104.4,7.16,248.3,32.76,50033,0.61,32521,1.199,8.13,-82.5,25.058,1.32,11.6
1/21/2021,0:15:00,0,B2,0.28,50095.4,50029.1,104.4,104.3,7.15,247.7,32.76,50035.3,0.64,32523,1.196,8.13,-82.6,25.063,1.32,11.6
1/21/2021,0:30:00,0,B2,0.3,50096.1,50033.4,104,104,7.13,247.5,32.77,50039.3,0.59,32526,1.198,8.13,-82.6,25.059,1.32,11.6
1/21/2021,0:45:00,0,B2,0.29,50085.5,50032.2,103.8,103.7,7.11,247.8,32.76,50037.2,0.53,32524,1.2,8.13,-82.6,25.051,1.32,11.6
1/21/2021,1:00:00,0,B2,0.28,50094.4,50033.6,103.9,103.8,7.12,248.3,32.77,50039.2,0.49,32526,1.197,8.13,-82.6,25.058,1.32,11.6
1/21/2021,1:15:00,0,B2,0.3,50096.1,50032.4,104,103.9,7.12,248.8,32.76,50038.4,0.56,32525,1.195,8.13,-82.5,25.06,1.32,11.6
1/21/2021,1:30:00,0,B2,0.31,50101.9,50029.6,103.9,103.8,7.12,248,32.76,50036.4,0.52,32524,1.191,8.13,-82.5,25.069,1.32,11.6
1/21/2021,1:45:00,0,B2,0.28,50098.7,50032.1,103.8,103.7,7.11,248.3,32.76,50038.4,0.51,32525,1.193,8.13,-82.4,25.063,1.32,11.6
1/21/2021,2:00:00,0,B2,0.29,50101.1,50034,103.8,103.8,7.12,248.1,32.77,50040.2,0.6,32526,1.19,8.13,-82.5,25.064,1.32,11.6
1/21/2021,2:15:00,0,B2,0.32,50103.2,50028.3,103.8,103.7,7.11,248.7,32.76,50035.3,0.65,32523,1.192,8.12,-82.4,25.071,1.32,11.6
1/21/2021,2:30:00,0,B2,0.31,50101,50038,103.2,103.1,7.07,248.7,32.77,50043.9,0.6,32529,1.201,8.12,-82.3,25.06,1.32,11.6
1/21/2021,2:45:00,0,B2,0.3,50105.9,50030.5,103.6,103.6,7.1,248.8,32.76,50037.5,0.59,32524,1.187,8.12,-82.4,25.072,1.32,11.6
1/21/2021,3:00:00,0,B2,0.34,50104,50035.8,103.4,103.3,7.08,248.8,32.77,50042.2,0.64,32527,1.192,8.12,-82.3,25.065,1.32,11.6
1/21/2021,3:15:00,0,B2,0.3,50100.2,50032.1,103.4,103.3,7.08,248.7,32.76,50038.5,0.5,32525,1.189,8.12,-82.2,25.065,1.32,11.6
1/21/2021,3:30:00,0,B2,0.29,50096.4,50032.8,103.4,103.3,7.08,248.7,32.76,50038.7,0.63,32525,1.185,8.12,-82.1,25.06,1.32,11.6
1/21/2021,3:45:00,0,B2,0.3,50097.6,50036.1,103,102.9,7.06,248.1,32.77,50041.8,0.61,32527,1.184,8.12,-82,25.058,1.32,11.6
1/21/2021,4:00:00,0,B2,0.4,50087.1,50031.9,103.1,103.1,7.07,248.2,32.76,50037.1,0.6,32524,1.193,8.12,-82.1,25.052,1.32,11.6
1/21/2021,4:15:00,0,B2,0.3,50106.3,50033.2,103.2,103.2,7.07,248.6,32.77,50040,0.64,32526,1.193,8.12,-82.1,25.069,1.32,11.6
1/21/2021,4:30:00,0,B2,0.33,50101.7,50030.1,103.1,103.1,7.07,248.5,32.76,50036.8,0.61,32524,1.192,8.12,-82.1,25.068,1.32,11.6
1/21/2021,4:45:00,0,B2,0.31,50105.8,50031.7,103.1,103,7.06,248.7,32.76,50038.6,0.59,32525,1.198,8.12,-82.1,25.07,1.32,11.6
1/21/2021,5:00:00,0,B2,0.31,50108.8,50041.4,103.2,103.1,7.07,249.2,32.77,50047.7,0.57,32531,1.191,8.12,-81.9,25.064,1.32,11.6
1/21/2021,5:15:00,0,B2,0.3,50093.6,50031,102.9,102.8,7.05,248.7,32.76,50036.8,0.7,32524,1.181,8.12,-81.9,25.059,1.32,11.6
1/21/2021,5:30:00,0,B2,0.31,50094.8,50035.8,102.7,102.7,7.04,248.2,32.77,50041.3,0.64,32527,1.185,8.12,-81.8,25.056,1.32,11.6
1/21/2021,5:45:00,0,B2,0.31,50092.4,50029.3,102.8,102.7,7.04,248.4,32.76,50035.2,0.61,32523,1.197,8.11,-81.8,25.06,1.32,11.6
1/21/2021,6:00:00,0,B2,0.33,50089.6,50034.5,102.7,102.7,7.04,247.4,32.77,50039.6,0.62,32526,1.193,8.12,-81.9,25.052,1.32,11.6
1/21/2021,6:15:00,0,B2,0.34,50100.5,50034.9,102.8,102.7,7.04,247.7,32.77,50041.1,0.77,32527,1.199,8.12,-81.8,25.062,1.32,11.6
1/21/2021,6:30:00,0,B2,0.33,50098.3,50033.5,102.6,102.5,7.03,248.4,32.77,50039.6,0.65,32526,1.192,8.12,-81.9,25.061,1.32,11.6
1/21/2021,6:45:00,0,B2,0.34,50110.6,50037.4,102.6,102.6,7.03,249.1,32.77,50044.3,0.69,32529,1.186,8.11,-81.8,25.069,1.32,11.6
1/21/2021,7:00:00,0,B2,0.33,50108.4,50033.5,102.7,102.7,7.04,249.3,32.77,50040.5,0.7,32526,1.19,8.11,-81.8,25.071,1.32,11.6
1/21/2021,7:15:00,0,B2,0.36,50114.3,50035.6,102.8,102.8,7.05,249,32.77,50043,0.74,32528,1.185,8.11,-81.6,25.075,1.32,11.6
1/21/2021,7:30:00,0,B2,0.42,50108.8,50036.9,102.6,102.6,7.03,248.8,32.77,50043.6,0.85,32528,1.185,8.11,-81.7,25.068,1.32,11.6
1/21/2021,7:45:00,0,B2,0.35,50121.3,50035,102.9,102.8,7.05,248.7,32.77,50043,0.74,32528,1.191,8.11,-81.7,25.082,1.32,11.6
1/21/2021,8:00:00,0,B2,0.42,50120.9,50033.3,102.9,102.8,7.05,249.4,32.77,50041.5,0.91,32527,1.2,8.11,-81.7,25.083,1.32,11.6
1/21/2021,8:15:00,0,B2,0.51,50117.4,50034.1,102.8,102.7,7.04,249.3,32.77,50041.9,1.11,32527,1.19,8.11,-81.4,25.079,1.32,11.6
1/21/2021,8:30:00,0,B2,0.48,50114.1,50034.6,102.9,102.8,7.05,248.4,32.77,50042,0.89,32527,1.199,8.11,-81.6,25.075,1.32,11.6
1/21/2021,8:45:00,0,B2,0.45,50110.1,50034.6,103,103,7.06,248.6,32.77,50041.7,1.05,32527,1.191,8.11,-81.6,25.072,1.32,11.6
1/21/2021,9:00:00,0,B2,0.51,50110.1,50036.4,103.3,103.3,7.08,248.7,32.77,50043.3,0.96,32528,1.192,8.11,-81.7,25.07,1.32,11.6
1/21/2021,9:15:00,0,B2,0.42,50112.4,50037,103.7,103.6,7.1,249.2,32.77,50044.1,0.87,32529,1.192,8.11,-81.6,25.071,1.32,11.6
1/21/2021,9:30:00,0,B2,0.41,50109.9,50033.1,104.1,104.1,7.13,249.3,32.77,50040.3,0.97,32526,1.192,8.11,-81.8,25.073,1.32,11.6
1/21/2021,9:45:00,0,B2,0.46,50111.6,50034.8,104.7,104.7,7.18,250,32.77,50042,1.01,32527,1.201,8.11,-81.8,25.073,1.32,11.6
1/21/2021,10:00:00,0,B2,0.46,50107.9,50033,105.7,105.6,7.24,250.5,32.77,50040,1.04,32526,1.194,8.11,-81.7,25.071,1.32,11.6
1/21/2021,10:15:00,0,B2,0.46,50107.2,50035.7,106.1,106,7.27,250.2,32.77,50042.4,0.95,32528,1.188,8.12,-81.9,25.068,1.32,11.6
1/21/2021,10:30:00,0,B2,0.46,50106.7,50031.2,106.6,106.5,7.3,249.9,32.76,50038.2,0.93,32525,1.192,8.12,-82.1,25.072,1.31,11.6
1/21/2021,10:45:00,0,B2,0.47,50105.8,50031.8,106.3,106.2,7.28,249.8,32.76,50038.7,1.05,32525,1.191,8.12,-82.1,25.07,1.31,11.6
1/21/2021,11:00:00,0,B2,0.43,50105.5,50031.9,106.9,106.8,7.32,250.4,32.76,50038.8,0.9,32525,1.186,8.12,-82.1,25.07,1.31,11.6
1/21/2021,11:15:00,0,B2,0.45,50102.4,50030.4,107.2,107.1,7.34,250.8,32.76,50037.1,0.95,32524,1.188,8.12,-82.2,25.068,1.31,11.6
1/21/2021,11:30:00,0,B2,0.45,50102.4,50031.7,107.3,107.2,7.35,250.6,32.76,50038.3,0.83,32525,1.195,8.12,-82.3,25.067,1.31,11.6
1/21/2021,11:45:00,0,B2,0.44,50098.4,50030.4,107.5,107.5,7.37,250.6,32.76,50036.7,0.89,32524,1.2,8.12,-82.4,25.065,1.31,11.6
1/21/2021,12:00:00,0,B2,0.45,50099.9,50033.6,108.1,108.1,7.41,251.1,32.77,50039.8,0.85,32526,1.195,8.13,-82.4,25.063,1.31,11.6
1/21/2021,12:15:00,0,B2,0.42,50102.1,50034.2,108.6,108.5,7.44,251,32.77,50040.6,0.84,32526,1.197,8.13,-82.6,25.064,1.31,11.6
1/21/2021,12:30:00,0,B2,0.39,50099.8,50030.6,109.4,109.3,7.49,250.8,32.76,50037,0.72,32524,1.192,8.13,-82.7,25.066,1.31,11.6
1/21/2021,12:45:00,0,B2,0.43,50095.9,50029,108.8,108.8,7.46,250.2,32.76,50035.3,0.81,32523,1.189,8.13,-82.7,25.063,1.31,11.6
1/21/2021,13:00:00,0,B2,0.43,50098.1,50030,109.7,109.6,7.52,250.3,32.76,50036.4,0.85,32524,1.191,8.13,-82.9,25.065,1.31,11.6
1/21/2021,13:15:00,0,B2,0.39,50101.1,50033.4,109.4,109.4,7.5,250.7,32.77,50039.8,0.76,32526,1.188,8.13,-82.9,25.064,1.31,11.6
1/21/2021,13:30:00,0,B2,0.46,50098.2,50030.3,109.8,109.8,7.53,250.3,32.76,50036.7,0.96,32524,1.182,8.13,-83,25.064,1.31,11.6
1/21/2021,13:45:00,0,B2,0.37,50099,50031.5,109.8,109.8,7.53,250.7,32.76,50037.8,0.71,32525,1.189,8.14,-83,25.064,1.31,11.6
1/21/2021,14:00:00,0,B2,0.43,50098.8,50031.1,110.2,110.1,7.55,250.8,32.76,50037.4,0.88,32524,1.191,8.14,-83.2,25.064,1.31,11.6
1/21/2021,14:15:00,0,B2,0.38,50097.9,50031.1,110.8,110.7,7.59,250.9,32.76,50037.3,0.73,32524,1.186,8.14,-83.3,25.063,1.31,11.6
1/21/2021,14:30:00,0,B2,0.38,50094.5,50029,110.8,110.7,7.59,250.7,32.76,50035.1,0.77,32523,1.195,8.14,-83.3,25.062,1.31,11.6
1/21/2021,14:45:00,0,B2,0.35,50096.7,50031.3,110.5,110.4,7.57,250.7,32.76,50037.4,0.74,32524,1.19,8.14,-83.4,25.062,1.31,11.6
1/21/2021,15:00:00,0,B2,0.42,50091.4,50031.7,110.8,110.8,7.59,251.1,32.76,50037.3,0.76,32524,1.189,8.14,-83.4,25.057,1.31,11.6
1/21/2021,15:15:00,0,B2,0.38,50087.8,50032.6,110.7,110.6,7.59,249.6,32.76,50037.7,0.8,32525,1.19,8.14,-83.6,25.052,1.31,11.6
1/21/2021,15:30:00,0,B2,0.41,50083.9,50030.6,110.4,110.3,7.56,250.2,32.76,50035.6,0.74,32523,1.183,8.14,-83.5,25.051,1.31,11.6
1/21/2021,15:45:00,0,B2,0.4,50083,50031.1,110.3,110.3,7.56,250.7,32.76,50036,0.83,32523,1.19,8.14,-83.4,25.049,1.31,11.6
1/21/2021,16:00:00,0,B2,0.33,50083.7,50034.4,110.3,110.2,7.56,250.5,32.77,50039,0.69,32525,1.192,8.14,-83.5,25.047,1.31,11.6
1/21/2021,16:15:00,0,B2,0.38,50087.5,50030.3,109.9,109.8,7.53,250.4,32.76,50035.6,0.77,32523,1.197,8.14,-83.6,25.054,1.31,11.6
1/21/2021,16:30:00,0,B2,0.34,50089.3,50033.5,109.7,109.6,7.52,250.6,32.76,50038.7,0.69,32525,1.192,8.14,-83.5,25.053,1.31,11.6
1/21/2021,16:45:00,0,B2,0.63,50085.5,50031.4,109.6,109.5,7.51,250.4,32.76,50036.4,0.84,32524,1.187,8.14,-83.6,25.051,1.31,11.6
1/21/2021,17:00:00,0,B2,0.32,50074.6,50029.6,109.4,109.4,7.5,250.6,32.76,50033.8,0.75,32522,1.189,8.14,-83.4,25.043,1.31,11.6
1/21/2021,17:15:00,0,B2,0.34,50085.6,50031.5,109.2,109.1,7.48,249.9,32.76,50036.6,0.77,32524,1.193,8.14,-83.6,25.051,1.31,11.6
1/21/2021,17:30:00,0,B2,0.33,50079.9,50028.4,108.8,108.8,7.46,249.8,32.76,50033.2,0.74,32522,1.191,8.14,-83.6,25.049,1.31,11.6
1/21/2021,17:45:00,0,B2,0.33,50080.6,50029.3,108.5,108.4,7.44,250.1,32.76,50034.1,0.71,32522,1.2,8.14,-83.5,25.049,1.31,11.6
1/21/2021,18:00:00,0,B2,0.35,50082.6,50033,108.2,108.1,7.41,250,32.76,50037.6,0.72,32524,1.196,8.14,-83.5,25.047,1.31,11.6
1/21/2021,18:15:00,0,B2,0.33,50088.5,50031.4,108.1,108,7.41,249.8,32.76,50036.7,0.72,32524,1.191,8.14,-83.5,25.054,1.31,11.6
1/21/2021,18:30:00,0,B2,0.34,50085.4,50030.7,108,107.9,7.4,249.1,32.76,50035.8,0.72,32523,1.189,8.14,-83.5,25.052,1.31,11.6
1/21/2021,18:45:00,0,B2,0.33,50069.4,50030.9,107.4,107.3,7.36,249.5,32.76,50034.5,0.66,32522,1.189,8.14,-83.4,25.036,1.31,11.6
1/21/2021,19:00:00,0,B2,0.31,50088.3,50032.1,107.3,107.2,7.35,249.7,32.76,50037.3,0.67,32524,1.184,8.14,-83.5,25.053,1.31,11.6
1/21/2021,19:15:00,0,B2,0.33,50070.5,50029.2,106.9,106.8,7.33,250.2,32.76,50033.1,0.7,32522,1.193,8.14,-83.3,25.039,1.31,11.6
1/21/2021,19:30:00,0,B2,0.32,50085.4,50032.5,106.8,106.7,7.32,249.5,32.76,50037.4,0.64,32524,1.199,8.14,-83.4,25.05,1.31,11.6
1/21/2021,19:45:00,0,B2,0.34,50089,50034.1,106.7,106.6,7.31,249.6,32.77,50039.3,0.72,32526,1.2,8.14,-83.3,25.052,1.31,11.6
1/21/2021,20:00:00,0,B2,0.33,50077.4,50029.3,106.3,106.3,7.29,249.6,32.76,50033.8,0.69,32522,1.184,8.14,-83.3,25.046,1.31,11.6
1/21/2021,20:15:00,0,B2,0.31,50100.4,50037.2,106.2,106.2,7.28,249.4,32.77,50043.1,0.65,32528,1.188,8.14,-83.1,25.06,1.31,11.6
1/21/2021,20:30:00,0,B2,0.33,50082.9,50031.5,105.8,105.8,7.25,249,32.76,50036.3,0.66,32524,1.182,8.14,-83.2,25.049,1.31,11.6
1/21/2021,20:45:00,0,B2,0.31,50090.5,50034.9,105.7,105.7,7.25,249.6,32.77,50040.1,0.64,32526,1.185,8.13,-83,25.053,1.31,11.6
1/21/2021,21:00:00,0,B2,0.34,50091.4,50034.9,105.6,105.5,7.23,248,32.77,50040.1,0.64,32526,1.192,8.13,-83,25.054,1.31,11.6
1/21/2021,21:15:00,0,B2,0.33,50090.4,50031.7,105.5,105.5,7.23,247.9,32.76,50037.2,0.73,32524,1.189,8.13,-83,25.056,1.31,11.6
1/21/2021,21:30:00,0,B2,0.33,50081.5,50029.1,105.3,105.2,7.22,248.3,32.76,50034,0.66,32522,1.181,8.14,-83.1,25.05,1.31,11.6
1/21/2021,21:45:00,0,B2,0.32,50092.2,50031.2,105.1,105,7.2,248.7,32.76,50036.9,0.69,32524,1.192,8.14,-83.1,25.058,1.31,11.6
1/21/2021,22:00:00,0,B2,0.31,50089.8,50033,104.9,104.8,7.19,248.6,32.76,50038.3,0.68,32525,1.191,8.13,-83,25.054,1.31,11.6
1/21/2021,22:15:00,0,B2,0.33,50097.4,50033.5,105,105,7.2,248.7,32.77,50039.4,0.73,32526,1.189,8.13,-83,25.061,1.31,11.6
1/21/2021,22:30:00,0,B2,0.35,50096.8,50033.8,104.6,104.6,7.17,249.1,32.77,50039.7,0.69,32526,1.194,8.13,-83,25.06,1.31,11.6
1/21/2021,22:45:00,0,B2,0.31,50092.8,50030.2,104.8,104.7,7.18,249.4,32.76,50036.1,0.63,32523,1.189,8.13,-82.9,25.059,1.3,11.6
1/21/2021,23:00:00,0,B2,0.33,50104.2,50031.9,104.8,104.7,7.18,249.1,32.76,50038.6,0.68,32525,1.19,8.13,-82.9,25.069,1.3,11.6
1/21/2021,23:15:00,0,B2,0.31,50098.9,50028.8,104.4,104.3,7.15,248,32.76,50035.3,0.66,32523,1.19,8.13,-82.9,25.066,1.3,11.6
1/21/2021,23:30:00,0,B2,0.32,50096.2,50031.9,104.3,104.3,7.15,248.8,32.76,50038,0.67,32525,1.183,8.13,-82.8,25.061,1.3,11.6
1/21/2021,23:45:00,0,B2,0.33,50103.6,50039.9,104.4,104.3,7.15,249,32.77,50045.8,0.76,32530,1.185,8.13,-82.8,25.06,1.3,11.6
1/22/2021,0:00:00,0,B2,0.3,50090.9,50033.6,103.8,103.7,7.11,248.9,32.76,50038.9,0.62,32525,1.194,8.13,-82.7,25.054,1.3,11.6
1/22/2021,0:15:00,0,B2,0.33,50104.4,50032.8,104.3,104.2,7.14,248.8,32.77,50039.5,0.68,32526,1.186,8.13,-82.7,25.068,1.3,11.6
1/22/2021,0:30:00,0,B2,0.33,50106.1,50029.2,104,104,7.13,249.4,32.76,50036.4,0.7,32524,1.189,8.13,-82.6,25.073,1.3,11.6
1/22/2021,0:45:00,0,B2,0.33,50099.4,50029.1,103.8,103.8,7.11,249.2,32.76,50035.7,0.67,32523,1.183,8.13,-82.6,25.067,1.3,11.6
1/22/2021,1:00:00,0,B2,0.34,50111.3,50029.8,103.8,103.8,7.11,249.5,32.76,50037.4,0.75,32524,1.191,8.13,-82.5,25.077,1.3,11.6
1/22/2021,1:15:00,0,B2,0.32,50124.7,50037.9,103.8,103.7,7.11,250.2,32.77,50046.1,0.65,32530,1.19,8.13,-82.4,25.082,1.29,11.6
1/22/2021,1:30:00,0,B2,0.3,50112.2,50027.8,103.9,103.8,7.11,249.6,32.76,50035.7,0.62,32523,1.192,8.13,-82.6,25.08,1.29,11.6
1/22/2021,1:45:00,0,B2,0.32,50107.7,50029.8,103.7,103.7,7.11,249.5,32.76,50037.1,0.72,32524,1.2,8.13,-82.6,25.074,1.29,11.6
1/22/2021,2:00:00,0,B2,0.3,50104,50035.2,103.4,103.3,7.09,249.6,32.77,50041.6,0.61,32527,1.197,8.13,-82.5,25.065,1.29,11.6
1/22/2021,2:15:00,0,B2,0.31,50104,50033.7,103.3,103.3,7.08,249.6,32.77,50040.3,0.68,32526,1.2,8.13,-82.5,25.067,1.29,11.6
1/22/2021,2:30:00,0,B2,0.3,50115.9,50031.2,103.6,103.5,7.1,249.9,32.76,50039.2,0.66,32525,1.191,8.12,-82.4,25.08,1.29,11.6
1/22/2021,2:45:00,0,B2,0.28,50121.8,50033.4,103.5,103.4,7.09,249.8,32.77,50041.7,0.51,32527,1.192,8.12,-82.2,25.084,1.29,11.6
1/22/2021,3:00:00,0,B2,0.32,50116,50031.5,103.3,103.3,7.08,249.7,32.76,50039.4,0.54,32526,1.195,8.12,-82.1,25.08,1.29,11.6
1/22/2021,3:15:00,0,B2,0.32,50115.7,50036.1,103.2,103.1,7.07,249,32.77,50043.5,0.61,32528,1.191,8.12,-82.3,25.076,1.28,11.6
1/22/2021,3:30:00,0,B2,0.28,50109.7,50035.3,103.3,103.2,7.08,249.1,32.77,50042.3,0.6,32527,1.182,8.12,-82.3,25.071,1.28,11.6
1/22/2021,3:45:00,0,B2,0.29,50116.3,50038.3,103.3,103.2,7.07,249.2,32.77,50045.6,0.53,32530,1.188,8.12,-82.3,25.074,1.28,11.6
1/22/2021,4:00:00,0,B2,0.31,50105.7,50032.3,103,102.9,7.06,249.5,32.76,50039.2,0.64,32525,1.2,8.12,-82.3,25.07,1.28,11.6
1/22/2021,4:15:00,0,B2,0.28,50119.5,50033.8,103.2,103.1,7.07,249.9,32.77,50041.8,0.64,32527,1.195,8.12,-82.2,25.081,1.28,11.6
1/22/2021,4:30:00,0,B2,0.29,50092.4,50031,102.7,102.6,7.04,250,32.76,50036.8,0.55,32524,1.19,8.12,-82.1,25.058,1.27,11.6
1/22/2021,4:45:00,0,B2,0.32,50118.6,50034.6,103.1,103.1,7.06,249.8,32.77,50042.4,0.63,32528,1.191,8.12,-82.2,25.08,1.27,11.6
1/22/2021,5:00:00,0,B2,0.28,50114.1,50040.3,103,102.9,7.06,249.7,32.77,50047.2,0.57,32531,1.188,8.12,-82.1,25.07,1.26,11.6
1/22/2021,5:15:00,0,B2,0.3,50090.7,50030.6,102.5,102.5,7.03,249.7,32.76,50036.2,0.64,32524,1.188,8.12,-82.1,25.057,1.25,11.6
1/22/2021,5:30:00,0,B2,0.3,50116.7,50032.3,103,102.9,7.05,249.8,32.77,50040.2,0.62,32526,1.189,8.12,-82,25.08,1.22,11.6
1/22/2021,5:45:00,0,B2,0.31,50114.3,50031.6,102.8,102.8,7.05,249.8,32.76,50039.3,0.61,32526,1.192,8.12,-82,25.078,1.2,11.6
1/22/2021,6:00:00,0,B2,0.31,50127,50035.8,102.8,102.8,7.04,250.1,32.77,50044.3,0.66,32529,1.186,8.12,-82,25.086,1.19,11.6
1/22/2021,6:15:00,0,B2,0.34,50125.5,50033,103,102.9,7.05,249.7,32.77,50041.6,0.63,32527,1.184,8.12,-82,25.088,1.19,11.6
1/22/2021,6:30:00,0,B2,0.33,50130.8,50039.2,102.8,102.7,7.04,250.2,32.77,50047.7,0.67,32531,1.198,8.12,-81.9,25.087,1.19,11.6
1/22/2021,6:45:00,0,B2,0.31,50131.2,50035.3,102.8,102.8,7.04,250.2,32.77,50044.3,0.65,32529,1.193,8.12,-81.9,25.091,1.18,11.6
1/22/2021,7:00:00,0,B2,0.31,50126.4,50035.6,102.8,102.7,7.04,250.4,32.77,50044.1,0.66,32529,1.189,8.12,-81.9,25.086,1.18,11.6
1/22/2021,7:15:00,0,B2,0.31,50116.6,50035.3,102.5,102.4,7.02,250.2,32.77,50042.9,0.72,32528,1.2,8.11,-81.8,25.077,1.18,11.6
1/22/2021,7:30:00,0,B2,0.33,50117,50036.7,102.7,102.6,7.04,250.3,32.77,50044.2,0.67,32529,1.19,8.11,-81.8,25.076,1.18,11.6
1/22/2021,7:45:00,0,B2,0.4,50125.6,50038.9,102.7,102.7,7.04,249.7,32.77,50047,0.78,32531,1.192,8.11,-81.8,25.082,1.18,11.6
1/22/2021,8:00:00,0,B2,0.39,50102.9,50038.5,102.4,102.3,7.02,249.9,32.77,50044.5,0.79,32529,1.19,8.11,-81.7,25.061,1.18,11.6
1/22/2021,8:15:00,0,B2,0.47,50130.2,50041.1,102.7,102.6,7.03,250,32.77,50049.5,0.87,32532,1.183,8.11,-81.7,25.084,1.18,11.6
1/22/2021,8:30:00,0,B2,0.38,50116.8,50034.8,102.9,102.8,7.05,250.2,32.77,50042.4,0.84,32528,1.189,8.11,-81.7,25.078,1.18,11.6
1/22/2021,8:45:00,0,B2,0.44,50118.8,50033.7,103.2,103.1,7.07,248.4,32.77,50041.7,1.01,32527,1.191,8.11,-81.5,25.081,1.18,11.6
1/22/2021,9:00:00,0,B2,0.48,50116,50034.4,103.6,103.5,7.09,248.6,32.77,50042,0.93,32527,1.189,8.11,-81.7,25.077,1.17,11.6
1/22/2021,9:15:00,0,B2,0.56,50122.2,50035.9,103.8,103.7,7.11,249.6,32.77,50044,0.81,32529,1.189,8.11,-81.5,25.082,1.17,11.6
1/22/2021,9:30:00,0,B2,0.43,50116.6,50032.6,104.4,104.3,7.15,249.4,32.77,50040.5,0.88,32526,1.196,8.12,-81.9,25.08,1.17,11.6
1/22/2021,9:45:00,0,B2,0.43,50119,50032.7,104.6,104.6,7.17,250.1,32.77,50040.8,0.91,32527,1.189,8.12,-81.8,25.082,1.17,11.6
1/22/2021,10:00:00,0,B2,0.4,50116.1,50032.4,105.1,105,7.2,250.5,32.77,50040.2,0.87,32526,1.195,8.12,-81.9,25.079,1.17,11.6
1/22/2021,10:15:00,0,B2,0.43,50115.1,50029.9,106.3,106.3,7.28,250.1,32.76,50037.9,0.8,32525,1.183,8.12,-82.2,25.081,1.17,11.6
1/22/2021,10:30:00,0,B2,0.49,50111.1,50029.5,106,105.9,7.26,251,32.76,50037.2,1.05,32524,1.188,8.12,-82,25.077,1.17,11.6
1/22/2021,10:45:00,0,B2,0.4,50106.1,50028.6,106.4,106.4,7.29,250.6,32.76,50035.9,0.86,32523,1.189,8.12,-82.2,25.074,1.17,11.6
1/22/2021,11:00:00,0,B2,0.46,50107.6,50031.9,106.6,106.6,7.31,251.2,32.76,50039,0.9,32525,1.19,8.12,-82.1,25.072,1.17,11.6
1/22/2021,11:15:00,0,B2,0.42,50112.1,50031.6,107.4,107.3,7.36,250.9,32.76,50039.1,0.99,32525,1.2,8.13,-82.4,25.076,1.17,11.6
1/22/2021,11:30:00,0,B2,0.4,50110.6,50029.7,107.8,107.7,7.39,251.1,32.76,50037.2,0.88,32524,1.199,8.12,-82.4,25.077,1.17,11.6
1/22/2021,11:45:00,0,B2,0.4,50105.3,50031,108.3,108.2,7.42,251.2,32.76,50038,0.82,32525,1.192,8.13,-82.6,25.07,1.17,11.6
1/22/2021,12:00:00,0,B2,0.4,50106.5,50033.9,108.9,108.8,7.46,251.8,32.77,50040.7,0.87,32526,1.191,8.12,-82.3,25.069,1.17,11.6
1/22/2021,12:15:00,0,B2,0.43,50105.1,50030.1,109.3,109.3,7.49,251.2,32.76,50037.1,0.8,32524,1.2,8.13,-82.8,25.071,1.17,11.6
1/22/2021,12:30:00,0,B2,0.43,50106.4,50029.8,109.7,109.7,7.52,251.6,32.76,50037,0.92,32524,1.197,8.13,-82.9,25.073,1.17,11.6
1/22/2021,12:45:00,0,B2,0.42,50104.7,50030.3,109.4,109.3,7.49,251.5,32.76,50037.3,0.89,32524,1.191,8.13,-82.9,25.071,1.17,11.6
1/22/2021,13:00:00,0,B2,0.4,50108.6,50030.9,110.8,110.8,7.59,252,32.76,50038.2,0.78,32525,1.182,8.13,-82.9,25.074,1.17,11.6
1/22/2021,13:15:00,0,B2,0.39,50105,50029.5,110.1,110,7.54,251.3,32.76,50036.5,0.91,32524,1.184,8.14,-83.1,25.072,1.17,11.6
1/22/2021,13:30:00,0,B2,0.61,50102.1,50027,110.4,110.3,7.56,251.7,32.76,50034.1,0.75,32522,1.187,8.14,-83.2,25.071,1.17,11.6
1/22/2021,13:45:00,0,B2,0.36,50099.5,50024.8,110.5,110.4,7.57,251.8,32.76,50031.8,0.75,32521,1.189,8.14,-83.3,25.071,1.17,11.6
1/22/2021,14:00:00,0,B2,0.39,50099,50025.3,110.8,110.7,7.59,251.9,32.76,50032.2,0.79,32521,1.195,8.14,-83.4,25.07,1.17,11.6
1/22/2021,14:15:00,0,B2,0.36,50097.6,50025.1,110.9,110.8,7.6,251.3,32.76,50031.8,0.69,32521,1.197,8.14,-83.4,25.069,1.17,11.6
1/22/2021,14:30:00,0,B2,0.35,50096,50025.6,111.7,111.7,7.66,251.3,32.76,50032.2,0.7,32521,1.195,8.14,-83.6,25.067,1.17,11.6
1/22/2021,14:45:00,0,B2,0.36,50090.7,50024.5,110.9,110.8,7.6,252.1,32.76,50030.7,0.78,32520,1.192,8.14,-83.3,25.063,1.17,11.6
1/22/2021,15:00:00,0,B2,0.36,50091.9,50028,110.9,110.8,7.6,252,32.76,50034,0.7,32522,1.191,8.14,-83.5,25.061,1.17,11.6
1/22/2021,15:15:00,0,B2,0.33,50086.2,50025.9,110.9,110.8,7.6,251.8,32.76,50031.5,0.71,32520,1.2,8.14,-83.6,25.057,1.17,11.6
1/22/2021,15:30:00,0,B2,0.34,50083.3,50025.4,110.8,110.7,7.59,252.3,32.76,50030.8,0.75,32520,1.193,8.14,-83.6,25.055,1.17,11.6
1/22/2021,15:45:00,0,B2,0.36,50078.1,50025.4,111.1,111.1,7.62,252.2,32.76,50030.3,0.74,32520,1.19,8.14,-83.6,25.05,1.17,11.6
1/22/2021,16:00:00,0,B2,0.44,50082.2,50024.5,110.6,110.5,7.58,251.8,32.76,50029.9,0.9,32519,1.19,8.15,-83.7,25.055,1.17,11.6
1/22/2021,16:15:00,0,B2,0.42,50081.6,50030.4,110.6,110.5,7.58,251.8,32.76,50035.2,0.77,32523,1.186,8.15,-83.6,25.049,1.17,11.6
1/22/2021,16:30:00,0,B2,0.36,50086.5,50027.4,110.2,110.1,7.55,250.9,32.76,50033,0.76,32521,1.191,8.15,-83.8,25.056,1.17,11.6
1/22/2021,16:45:00,0,B2,0.33,50073,50026.8,110.3,110.2,7.56,250.7,32.76,50031.2,0.72,32520,1.199,8.15,-83.8,25.044,1.17,11.6
1/22/2021,17:00:00,0,B2,0.34,50076.7,50028.8,109.8,109.7,7.53,250.9,32.76,50033.3,0.67,32522,1.19,8.15,-83.7,25.045,1.17,11.6
1/22/2021,17:15:00,0,B2,0.35,50076.1,50022.5,109.5,109.4,7.5,250.8,32.76,50027.5,0.71,32518,1.183,8.15,-83.7,25.051,1.17,11.6
1/22/2021,17:30:00,0,B2,0.36,50074.5,50027.2,109.3,109.2,7.49,250.8,32.76,50031.6,0.78,32521,1.195,8.15,-83.7,25.045,1.17,11.6
1/22/2021,17:45:00,0,B2,0.35,50076.2,50025.6,109,108.9,7.47,250.4,32.76,50030.4,0.63,32520,1.197,8.15,-83.8,25.048,1.17,11.6
1/22/2021,18:00:00,0,B2,0.33,50075.5,50020.6,108.6,108.5,7.44,250.2,32.76,50025.8,0.59,32517,1.189,8.15,-83.7,25.052,1.17,11.6
1/22/2021,18:15:00,0,B2,0.31,50076.3,50024,108.3,108.3,7.42,249.4,32.76,50028.9,0.58,32519,1.187,8.15,-83.6,25.05,1.17,11.6
1/22/2021,18:30:00,0,B2,0.35,50067.6,50022.8,108.1,108,7.41,248.6,32.76,50027,0.7,32518,1.191,8.14,-83.4,25.042,1.17,11.6
1/22/2021,18:45:00,0,B2,0.33,50070.7,50021.2,107.8,107.7,7.39,248.4,32.76,50025.8,0.61,32517,1.186,8.15,-83.6,25.047,1.17,11.6
1/22/2021,19:00:00,0,B2,0.34,50076.7,50021.5,107.5,107.4,7.37,249,32.76,50026.6,0.7,32517,1.184,8.15,-83.6,25.052,1.17,11.6
1/22/2021,19:15:00,0,B2,0.32,50078.9,50025.9,107.3,107.2,7.35,248.7,32.76,50030.9,0.68,32520,1.182,8.14,-83.5,25.05,1.17,11.6
1/22/2021,19:30:00,0,B2,0.32,50070,50020,107.1,107.1,7.34,248.7,32.75,50024.6,0.65,32516,1.182,8.14,-83.5,25.047,1.17,11.6
1/22/2021,19:45:00,0,B2,0.34,50076.6,50024.4,106.7,106.6,7.31,248.3,32.76,50029.3,0.7,32519,1.189,8.14,-83.5,25.05,1.17,11.6
1/22/2021,20:00:00,0,B2,0.33,50073.9,50021.9,106.4,106.3,7.29,248.3,32.76,50026.8,0.65,32517,1.198,8.14,-83.5,25.049,1.17,11.6
1/22/2021,20:15:00,0,B2,0.37,50075.2,50022.7,106.3,106.3,7.29,248.2,32.76,50027.7,0.73,32518,1.199,8.14,-83.5,25.05,1.17,11.6
1/22/2021,20:30:00,0,B2,0.31,50082.2,50027.1,106.2,106.1,7.28,248.1,32.76,50032.3,0.55,32521,1.198,8.14,-83.4,25.052,1.17,11.6
1/22/2021,20:45:00,0,B2,0.32,50077,50016.4,106,105.9,7.26,248,32.75,50022.1,0.56,32514,1.191,8.14,-83.4,25.058,1.18,11.6
1/22/2021,21:00:00,0,B2,0.3,50083.7,50021.5,105.8,105.7,7.25,248.3,32.76,50027.3,0.53,32518,1.198,8.14,-83.3,25.059,1.18,11.6
1/22/2021,21:15:00,0,B2,0.3,50092.3,50022.1,105.7,105.6,7.24,248.1,32.76,50028.7,0.66,32519,1.197,8.14,-83.3,25.067,1.18,11.6
1/22/2021,21:30:00,0,B2,0.33,50088.4,50021.3,105.5,105.5,7.23,247.9,32.76,50027.5,0.61,32518,1.191,8.14,-83.3,25.064,1.18,11.6
1/22/2021,21:45:00,0,B2,0.34,50080.5,50016.3,105,105,7.2,247.8,32.75,50022.3,0.69,32514,1.185,8.14,-83.2,25.061,1.18,11.6
1/22/2021,22:00:00,0,B2,0.31,50089.2,50020.9,105,104.9,7.19,248.1,32.76,50027.3,0.58,32518,1.186,8.14,-83.1,25.065,1.18,11.6
1/22/2021,22:15:00,0,B2,0.33,50088.8,50021,105,104.9,7.19,247.2,32.76,50027.3,0.66,32518,1.191,8.14,-83.2,25.064,1.18,11.6
1/22/2021,22:30:00,0,B2,0.31,50094,50020.3,104.9,104.8,7.18,247.3,32.76,50027.2,0.63,32518,1.191,8.14,-83.2,25.07,1.17,11.6
1/22/2021,22:45:00,0,B2,0.32,50094,50025.7,104.7,104.6,7.17,247.5,32.76,50032.1,0.61,32521,1.196,8.14,-83.1,25.065,1.18,11.6
1/22/2021,23:00:00,0,B2,0.34,50102.1,50021.6,104.6,104.5,7.16,247.7,32.76,50029.1,0.69,32519,1.193,8.13,-83,25.076,1.18,11.6
1/22/2021,23:15:00,0,B2,0.32,50102.3,50026.8,104.4,104.3,7.15,248.1,32.76,50033.9,0.63,32522,1.194,8.13,-82.7,25.072,1.18,11.6
1/22/2021,23:30:00,0,B2,0.31,50088.5,50022.8,104.3,104.2,7.14,247,32.76,50028.9,0.63,32519,1.197,8.13,-82.9,25.062,1.18,11.6
1/22/2021,23:45:00,0,B2,0.32,50101.5,50022.5,104.3,104.2,7.14,247.4,32.76,50029.9,0.64,32519,1.198,8.13,-82.9,25.075,1.17,11.6
1/23/2021,0:00:00,0,B2,0.32,50094.4,50018,104.1,104.1,7.13,247.2,32.75,50025.1,0.63,32516,1.196,8.13,-82.8,25.073,1.18,11.6
1/23/2021,0:15:00,0,B2,0.33,50085.9,50016.4,103.8,103.8,7.11,246.8,32.75,50022.9,0.64,32515,1.189,8.13,-82.8,25.066,1.18,11.6
1/23/2021,0:30:00,0,B2,0.31,50092,50020.5,104,103.9,7.13,247.1,32.76,50027.2,0.65,32518,1.188,8.13,-82.8,25.068,1.18,11.6
1/23/2021,0:45:00,0,B2,0.31,50102.8,50029.1,103.5,103.4,7.09,247.5,32.76,50036,0.63,32523,1.189,8.13,-82.7,25.07,1.18,11.6
1/23/2021,1:00:00,0,B2,0.33,50111.5,50029.9,103.7,103.7,7.11,248.1,32.76,50037.6,0.63,32524,1.2,8.13,-82.7,25.077,1.18,11.6
1/23/2021,1:15:00,0,B2,0.3,50078.2,50026.5,103.1,103.1,7.07,248,32.76,50031.3,0.63,32520,1.194,8.13,-82.7,25.049,1.18,11.6
1/23/2021,1:30:00,0,B2,0.34,50083,50018.4,103.3,103.3,7.08,247.3,32.75,50024.4,0.7,32516,1.183,8.13,-82.7,25.061,1.17,11.6
1/23/2021,1:45:00,0,B2,0.33,50083.9,50031.6,103.1,103,7.07,247.2,32.76,50036.5,0.64,32524,1.182,8.13,-82.6,25.05,1.18,11.6
1/23/2021,2:00:00,0,B2,0.32,50107.9,50028.6,103.3,103.2,7.08,246.9,32.76,50036,0.67,32523,1.191,8.13,-82.7,25.075,1.18,11.6
1/23/2021,2:15:00,0,B2,0.33,50098.1,50021.8,103.2,103.1,7.07,247.6,32.76,50028.9,0.68,32519,1.189,8.13,-82.4,25.072,1.18,11.6
1/23/2021,2:30:00,0,B2,0.33,50081.1,50021.8,103,102.9,7.06,247.7,32.76,50027.4,0.62,32518,1.187,8.13,-82.5,25.056,1.18,11.6
1/23/2021,2:45:00,0,B2,0.31,50088.4,50024.9,103,102.9,7.06,248.1,32.76,50030.8,0.67,32520,1.196,8.12,-82.4,25.06,1.18,11.6
1/23/2021,3:00:00,0,B2,0.33,50100.5,50031.2,103.2,103.1,7.07,248.1,32.76,50037.7,0.7,32524,1.185,8.13,-82.5,25.066,1.18,11.6
1/23/2021,3:15:00,0,B2,0.46,50093.4,50027.6,103,102.9,7.06,248.2,32.76,50033.7,0.75,32522,1.182,8.12,-82.3,25.062,1.18,11.6
1/23/2021,3:30:00,0,B2,0.31,50097.8,50022,103,102.9,7.06,248,32.76,50029.1,0.66,32519,1.187,8.13,-82.5,25.072,1.18,11.6
1/23/2021,3:45:00,0,B2,0.33,50096.8,50020.8,102.7,102.6,7.03,248.4,32.76,50027.9,0.72,32518,1.194,8.12,-82.3,25.072,1.18,11.6
1/23/2021,4:00:00,0,B2,0.31,50102.2,50022.4,102.9,102.8,7.05,248.4,32.76,50029.8,0.7,32519,1.192,8.12,-82.3,25.076,1.17,11.6
1/23/2021,4:15:00,0,B2,0.33,50111.6,50027.3,102.8,102.7,7.04,248.4,32.76,50035.2,0.69,32523,1.192,8.12,-82.3,25.08,1.18,11.6
1/23/2021,4:30:00,0,B2,0.34,50112.1,50025.5,102.7,102.7,7.04,248.9,32.76,50033.6,0.66,32522,1.189,8.12,-82.1,25.082,1.18,11.6
1/23/2021,4:45:00,0,B2,0.34,50111.1,50028.7,102.7,102.7,7.04,249,32.76,50036.4,0.66,32524,1.186,8.12,-82.2,25.078,1.18,11.6
1/23/2021,5:00:00,0,B2,0.33,50111.4,50028.4,102.4,102.4,7.02,249.1,32.76,50036.2,0.82,32524,1.191,8.11,-81.8,25.079,1.17,11.6
1/23/2021,5:15:00,0,B2,0.34,50108.2,50027.1,102.7,102.6,7.03,248.1,32.76,50034.7,0.69,32523,1.199,8.12,-82.1,25.077,1.18,11.6
1/23/2021,5:30:00,0,B2,0.33,50104.1,50026,102.3,102.2,7.01,248.7,32.76,50033.3,0.66,32522,1.192,8.12,-81.9,25.074,1.17,11.6
1/23/2021,5:45:00,0,B2,0.34,50115.5,50028.8,102.4,102.3,7.02,248.3,32.76,50036.9,0.71,32524,1.191,8.12,-82,25.082,1.17,11.6
1/23/2021,6:00:00,0,B2,0.34,50114.4,50025.5,102.4,102.3,7.01,248.1,32.76,50033.8,0.69,32522,1.184,8.12,-82,25.084,1.17,11.6
1/23/2021,6:15:00,0,B2,0.34,50118.4,50030.8,102.3,102.3,7.01,248.2,32.76,50039,0.7,32525,1.188,8.12,-81.9,25.083,1.17,11.6
1/23/2021,6:30:00,0,B2,0.36,50125.9,50030.2,102.5,102.5,7.02,248.4,32.76,50039.1,0.79,32525,1.191,8.11,-81.7,25.091,1.17,11.6
1/23/2021,6:45:00,0,B2,0.33,50118,50031.5,102.3,102.2,7.01,247.9,32.76,50039.6,0.68,32526,1.193,8.12,-81.9,25.082,1.18,11.6
1/23/2021,7:00:00,0,B2,0.36,50117.6,50026.3,102.3,102.3,7.01,248.4,32.76,50034.9,0.76,32523,1.192,8.12,-81.9,25.087,1.18,11.6
1/23/2021,7:15:00,0,B2,0.36,50112.8,50031.8,102.3,102.2,7.01,248,32.76,50039.4,0.69,32526,1.193,8.11,-81.8,25.077,1.17,11.6
1/23/2021,7:30:00,0,B2,0.34,50121.9,50033.5,102.4,102.3,7.01,248.4,32.77,50041.8,0.74,32527,1.187,8.11,-81.8,25.084,1.17,11.6
1/23/2021,7:45:00,0,B2,0.38,50118.8,50025.6,102.4,102.3,7.01,248.8,32.76,50034.3,0.84,32522,1.189,8.11,-81.8,25.088,1.18,11.6
1/23/2021,8:00:00,0,B2,0.46,50114.3,50035.2,102.3,102.2,7.01,248.5,32.77,50042.6,0.87,32528,1.191,8.12,-81.8,25.075,1.18,11.6
1/23/2021,8:15:00,0,B2,0.41,50117.4,50032.7,102.4,102.3,7.01,248.9,32.77,50040.6,0.92,32526,1.198,8.12,-81.8,25.08,1.18,11.6
1/23/2021,8:30:00,0,B2,0.46,50113.5,50026.6,102.6,102.5,7.03,248.9,32.76,50034.7,0.89,32523,1.196,8.11,-81.8,25.082,1.17,11.6
1/23/2021,8:45:00,0,B2,0.43,50119.9,50030.4,102.9,102.8,7.05,249.1,32.76,50038.8,0.92,32525,1.193,8.11,-81.8,25.085,1.18,11.6
1/23/2021,9:00:00,0,B2,0.42,50107,50028.6,103.2,103.1,7.07,248.9,32.76,50035.9,0.99,32523,1.191,8.12,-81.9,25.074,1.18,11.6
1/23/2021,9:15:00,0,B2,0.46,50099.1,50025.2,103.4,103.4,7.09,248.9,32.76,50032.1,0.95,32521,1.193,8.12,-82,25.07,1.18,11.6
1/23/2021,9:30:00,0,B2,0.48,50114.8,50026.9,103.8,103.7,7.11,249.3,32.76,50035.1,0.97,32523,1.196,8.12,-82,25.083,1.18,11.6
1/23/2021,9:45:00,0,B2,0.45,50104.3,50026.7,104.6,104.5,7.16,249.5,32.76,50033.9,0.91,32522,1.196,8.12,-82,25.074,1.18,11.6
1/23/2021,10:00:00,0,B2,0.41,50109.9,50025.8,105.5,105.5,7.23,249.6,32.76,50033.7,0.93,32522,1.188,8.12,-82.1,25.08,1.18,11.6
1/23/2021,10:15:00,0,B2,0.41,50110.5,50027.2,105.5,105.5,7.23,249.4,32.76,50035,0.92,32523,1.19,8.12,-82.2,25.079,1.18,11.6
1/23/2021,10:30:00,0,B2,0.39,50111.8,50026.2,106.2,106.1,7.27,249.3,32.76,50034.2,0.9,32522,1.192,8.12,-82.4,25.081,1.18,11.6
1/23/2021,10:45:00,0,B2,0.41,50111.5,50026.3,106.6,106.6,7.3,250,32.76,50034.3,0.86,32522,1.194,8.12,-82.3,25.081,1.18,11.6
1/23/2021,11:00:00,0,B2,0.39,50107.9,50023.9,107.3,107.2,7.35,249.9,32.76,50031.8,0.87,32521,1.199,8.12,-82.4,25.08,1.18,11.6
1/23/2021,11:15:00,0,B2,0.38,50109.1,50024.3,108.6,108.6,7.44,250.2,32.76,50032.2,0.84,32521,1.195,8.13,-82.7,25.08,1.18,11.6
1/23/2021,11:30:00,0,B2,0.39,50112.8,50024,108.8,108.7,7.45,250.6,32.76,50032.4,0.95,32521,1.187,8.13,-82.8,25.084,1.18,11.6
1/23/2021,11:45:00,0,B2,0.43,50112,50024.9,108.8,108.7,7.45,251,32.76,50033.1,0.89,32521,1.191,8.13,-82.8,25.083,1.18,11.6
1/23/2021,12:00:00,0,B2,0.37,50114.6,50024.8,109.8,109.8,7.52,250.9,32.76,50033.2,0.81,32522,1.19,8.13,-83,25.085,1.18,11.6
1/23/2021,12:15:00,0,B2,0.38,50113,50023.2,109.7,109.7,7.52,251.1,32.76,50031.6,0.83,32521,1.186,8.14,-83.1,25.085,1.18,11.6
1/23/2021,12:30:00,0,B2,0.35,50112.9,50023.7,109.8,109.7,7.52,251.1,32.76,50032,0.8,32521,1.191,8.14,-83.3,25.085,1.18,11.6
1/23/2021,12:45:00,0,B2,0.4,50108.3,50019,110.3,110.3,7.56,251.5,32.76,50027.4,0.83,32518,1.189,8.14,-83.2,25.085,1.18,11.6
1/23/2021,13:00:00,0,B2,0.39,50109.5,50021.4,110.5,110.5,7.57,250.6,32.76,50029.6,0.83,32519,1.191,8.14,-83.5,25.084,1.18,11.6
1/23/2021,13:15:00,0,B2,0.41,50107.8,50022,110.5,110.4,7.57,250.6,32.76,50030,0.81,32520,1.201,8.14,-83.6,25.081,1.18,11.6
1/23/2021,13:30:00,0,B2,0.4,50103.9,50021.4,111.2,111.1,7.62,250.5,32.76,50029.1,0.85,32519,1.199,8.15,-83.7,25.078,1.18,11.6
1/23/2021,13:45:00,0,B2,0.37,50101.6,50021.5,110.8,110.7,7.59,250.7,32.76,50029,0.79,32519,1.194,8.15,-83.7,25.076,1.18,11.6
1/23/2021,14:00:00,0,B2,0.34,50100.9,50023.9,111,110.9,7.6,250.9,32.76,50031.1,0.72,32520,1.192,8.15,-83.9,25.073,1.18,11.6
1/23/2021,14:15:00,0,B2,0.4,50093.6,50022.8,111.4,111.3,7.63,251,32.76,50029.4,0.81,32519,1.189,8.15,-83.9,25.067,1.18,11.6
1/23/2021,14:30:00,0,B2,0.4,50094.5,50025.7,111.1,111.1,7.61,251.1,32.76,50032.1,0.87,32521,1.19,8.15,-84,25.065,1.18,11.6
1/23/2021,14:45:00,0,B2,0.39,50092,50027,111.3,111.3,7.63,251.1,32.76,50033.1,0.74,32521,1.184,8.15,-83.9,25.062,1.18,11.6
1/23/2021,15:00:00,0,B2,0.39,50088.3,50022.7,110.9,110.9,7.6,250.6,32.76,50028.8,0.77,32519,1.182,8.15,-83.9,25.062,1.18,11.6
1/23/2021,15:15:00,0,B2,0.37,50086.9,50024.6,110.8,110.8,7.6,250,32.76,50030.4,0.72,32520,1.184,8.15,-84.1,25.059,1.18,11.6
1/23/2021,15:30:00,0,B2,0.36,50084.7,50023.5,110.8,110.7,7.59,250.7,32.76,50029.3,0.69,32519,1.195,8.15,-84.1,25.058,1.18,11.6
1/23/2021,15:45:00,0,B2,0.37,50086.3,50023.4,110.6,110.5,7.58,250.9,32.76,50029.3,0.8,32519,1.186,8.15,-84.1,25.06,1.18,11.6
1/23/2021,16:00:00,0,B2,0.37,50080.7,50025.6,110.8,110.8,7.6,250.5,32.76,50030.8,0.74,32520,1.188,8.15,-84.2,25.052,1.18,11.6
1/23/2021,16:15:00,0,B2,0.7,50084,50026,110.3,110.2,7.56,250.8,32.76,50031.4,0.87,32520,1.197,8.15,-84,25.055,1.18,11.6
1/23/2021,16:30:00,0,B2,0.34,50084.4,50025.9,110,110,7.54,250.1,32.76,50031.4,0.66,32520,1.181,8.15,-84.2,25.055,1.18,11.6
1/23/2021,16:45:00,0,B2,0.37,50086.3,50026.4,109.8,109.7,7.52,250.2,32.76,50032,0.71,32521,1.183,8.15,-84.1,25.057,1.18,11.6
1/23/2021,17:00:00,0,B2,0.35,50077.6,50027.1,109.7,109.6,7.52,249.8,32.76,50031.8,0.74,32521,1.183,8.15,-84.2,25.048,1.18,11.6
1/23/2021,17:15:00,0,B2,0.33,50079.9,50030,109.4,109.3,7.5,250,32.76,50034.7,0.69,32523,1.201,8.15,-84.2,25.047,1.18,11.6
1/23/2021,17:30:00,0,B2,0.37,50083.3,50028.4,109.1,109,7.48,249.8,32.76,50033.5,0.73,32522,1.198,8.15,-84.1,25.052,1.18,11.6
1/23/2021,17:45:00,0,B2,0.36,50085.5,50025.4,108.8,108.7,7.45,250.3,32.76,50031,0.72,32520,1.188,8.15,-84.1,25.057,1.18,11.6
1/23/2021,18:00:00,0,B2,0.32,50078,50026.5,108.4,108.3,7.43,250.3,32.76,50031.4,0.77,32520,1.182,8.15,-84.1,25.049,1.18,11.6
1/23/2021,18:15:00,0,B2,0.31,50090.4,50027.2,108.2,108.1,7.41,250.5,32.76,50033.1,0.63,32522,1.2,8.15,-84,25.06,1.18,11.6
1/23/2021,18:30:00,0,B2,0.31,50091.5,50030.8,107.9,107.8,7.39,249.8,32.76,50036.4,0.68,32524,1.187,8.15,-84.1,25.058,1.18,11.6
1/23/2021,18:45:00,0,B2,0.31,50081.6,50024.7,107.7,107.7,7.38,249.8,32.76,50030,0.62,32520,1.184,8.15,-84.1,25.054,1.18,11.6
1/23/2021,19:00:00,0,B2,0.35,50088,50029,107.4,107.4,7.36,250,32.76,50034.6,0.65,32522,1.201,8.15,-84,25.056,1.18,11.6
1/23/2021,19:15:00,0,B2,0.3,50075.1,50033.6,106.9,106.8,7.33,249.9,32.76,50037.5,0.59,32524,1.19,8.15,-83.9,25.039,1.18,11.6
1/23/2021,19:30:00,0,B2,0.33,50086.9,50030.8,106.9,106.8,7.32,250.1,32.76,50036,0.69,32523,1.189,8.15,-83.8,25.053,1.18,11.6
1/23/2021,19:45:00,0,B2,0.33,50094,50030.2,106.7,106.6,7.31,248.9,32.76,50036.1,0.66,32523,1.181,8.15,-83.9,25.061,1.18,11.6
1/23/2021,20:00:00,0,B2,0.31,50092.9,50030,106.4,106.3,7.29,249.2,32.76,50035.9,0.63,32523,1.187,8.15,-83.9,25.06,1.18,11.6
1/23/2021,20:15:00,0,B2,0.33,50099.5,50032.5,106.3,106.2,7.28,248.9,32.76,50038.8,0.67,32525,1.195,8.15,-83.9,25.063,1.18,11.6
1/23/2021,20:30:00,0,B2,0.33,50092.6,50034.3,105.9,105.9,7.26,249,32.77,50039.7,0.69,32526,1.191,8.15,-83.7,25.055,1.18,11.6
1/23/2021,20:45:00,0,B2,0.3,50085.8,50027.8,105.6,105.5,7.24,248.9,32.76,50033.2,0.69,32522,1.191,8.15,-83.7,25.055,1.18,11.6
1/23/2021,21:00:00,0,B2,0.34,50093.5,50024,105.4,105.3,7.22,248.9,32.76,50030.5,0.69,32520,1.192,8.15,-83.7,25.066,1.18,11.6
1/23/2021,21:15:00,0,B2,0.34,50096.8,50030.6,105.2,105.1,7.21,249.2,32.76,50036.8,0.66,32524,1.197,8.15,-83.7,25.063,1.18,11.6
1/23/2021,21:30:00,0,B2,0.34,50090.4,50026.1,105,104.9,7.2,248.2,32.76,50032.1,0.67,32521,1.2,8.15,-83.7,25.061,1.18,11.6
1/23/2021,21:45:00,0,B2,0.35,50096.2,50035,105.2,105.1,7.21,249,32.77,50040.7,0.72,32526,1.187,8.14,-83.4,25.058,1.18,11.6
1/23/2021,22:00:00,0,B2,0.33,50103,50035.5,104.7,104.6,7.17,248.3,32.77,50041.9,0.66,32527,1.182,8.14,-83.4,25.064,1.18,11.6
1/23/2021,22:15:00,0,B2,0.33,50106.6,50030.7,104.6,104.5,7.16,247.7,32.76,50037.8,0.71,32525,1.192,8.14,-83.5,25.072,1.18,11.6
1/23/2021,22:30:00,0,B2,0.33,50113.3,50031.3,104.6,104.5,7.17,247.8,32.76,50039,0.67,32525,1.2,8.14,-83.6,25.078,1.18,11.6
1/23/2021,22:45:00,0,B2,0.32,50109.2,50044.3,103.8,103.7,7.11,248.1,32.77,50050.4,0.68,32533,1.188,8.14,-83.5,25.061,1.18,11.6
1/23/2021,23:00:00,0,B2,0.3,50113.7,50033.1,104.3,104.2,7.14,248.5,32.77,50040.6,0.68,32526,1.192,8.14,-83.5,25.076,1.18,11.6
1/23/2021,23:15:00,0,B2,0.32,50106.7,50030.4,104.3,104.2,7.14,248.8,32.76,50037.5,0.68,32524,1.197,8.14,-83.3,25.072,1.18,11.6
1/23/2021,23:30:00,0,B2,0.32,50110.3,50034.6,104.1,104,7.13,248.5,32.77,50041.6,0.66,32527,1.184,8.14,-83.4,25.072,1.18,11.6
1/23/2021,23:45:00,0,B2,0.34,50114.7,50039.2,103.9,103.9,7.12,249.2,32.77,50046.2,0.63,32530,1.199,8.14,-83.3,25.072,1.18,11.6
1/24/2021,0:00:00,0,B2,0.33,50116.2,50031.9,103.8,103.7,7.11,249.2,32.76,50039.8,0.61,32526,1.197,8.14,-83.3,25.08,1.18,11.6
1/24/2021,0:15:00,0,B2,0.34,50109.9,50031.3,103.6,103.6,7.1,249.1,32.76,50038.6,0.71,32525,1.196,8.14,-83.3,25.075,1.18,11.6
1/24/2021,0:30:00,0,B2,0.34,50109.9,50031.8,103.6,103.5,7.09,248.9,32.76,50039.1,0.71,32525,1.193,8.14,-83.1,25.074,1.18,11.6
1/24/2021,0:45:00,0,B2,0.36,50104.4,50032.4,103.2,103.2,7.07,248.6,32.76,50039.1,0.73,32525,1.199,8.14,-83.2,25.068,1.18,11.6
1/24/2021,1:00:00,0,B2,0.31,50116.6,50032.6,103.5,103.5,7.09,248.9,32.77,50040.4,0.66,32526,1.197,8.14,-83.2,25.08,1.18,11.6
1/24/2021,1:15:00,0,B2,0.31,50102.2,50034.9,103.1,103,7.07,248.5,32.77,50041.2,0.64,32527,1.197,8.14,-83.1,25.064,1.18,11.6
1/24/2021,1:30:00,0,B2,0.31,50088.5,50030.7,103,102.9,7.06,249,32.76,50036.1,0.66,32523,1.194,8.13,-82.8,25.055,1.18,11.6
1/24/2021,1:45:00,0,B2,0.34,50119.9,50038.6,103.2,103.2,7.07,248.3,32.77,50046.2,0.68,32530,1.191,8.13,-83,25.077,1.18,11.6
1/24/2021,2:00:00,0,B2,0.34,50117.6,50034.4,103.1,103.1,7.07,248.9,32.77,50042.2,0.72,32527,1.194,8.13,-83,25.079,1.18,11.6
1/24/2021,2:15:00,0,B2,0.33,50101.6,50029.7,102.8,102.7,7.04,247.9,32.76,50036.4,0.67,32524,1.197,8.13,-82.9,25.068,1.19,11.6
1/24/2021,2:30:00,0,B2,0.32,50103.7,50032.6,102.9,102.9,7.05,248.5,32.76,50039.2,0.72,32526,1.195,8.13,-82.9,25.067,1.19,11.6
1/24/2021,2:45:00,0,B2,0.32,50113,50035.2,102.8,102.7,7.04,248.8,32.77,50042.5,0.72,32528,1.194,8.13,-82.9,25.074,1.19,11.6
1/24/2021,3:00:00,0,B2,0.29,50113.9,50034.3,102.7,102.6,7.03,248,32.77,50041.7,0.68,32527,1.192,8.13,-82.9,25.076,1.18,11.6
1/24/2021,3:15:00,0,B2,0.33,50108.6,50033.9,102.8,102.7,7.04,248.7,32.77,50040.9,0.71,32527,1.19,8.13,-82.9,25.071,1.18,11.6
1/24/2021,3:30:00,0,B2,0.3,50099.6,50032.4,102.2,102.2,7,248.9,32.76,50038.7,0.66,32525,1.198,8.13,-82.8,25.064,1.18,11.6
1/24/2021,3:45:00,0,B2,0.3,50118.4,50035.8,102.7,102.6,7.03,249.1,32.77,50043.5,0.7,32528,1.191,8.13,-82.8,25.078,1.18,11.6
1/24/2021,4:00:00,0,B2,0.31,50113.1,50040.7,102.3,102.3,7.01,249.4,32.77,50047.4,0.65,32531,1.194,8.13,-82.7,25.069,1.18,11.6
1/24/2021,4:15:00,0,B2,0.33,50112.3,50037.6,102.4,102.4,7.02,249.2,32.77,50044.6,0.64,32529,1.19,8.13,-82.7,25.071,1.18,11.6
1/24/2021,4:30:00,0,B2,0.32,50122.6,50035.4,102.5,102.4,7.02,249.5,32.77,50043.6,0.69,32528,1.187,8.13,-82.6,25.083,1.18,11.6
1/24/2021,4:45:00,0,B2,0.34,50093.9,50036.1,102,101.9,6.99,249.4,32.77,50041.5,0.73,32527,1.186,8.13,-82.6,25.055,1.2,11.6
1/24/2021,5:00:00,0,B2,0.35,50107.7,50038.1,102.4,102.3,7.01,249.5,32.77,50044.6,0.77,32529,1.181,8.13,-82.7,25.066,1.2,11.6
1/24/2021,5:15:00,0,B2,0.32,50114.4,50034.4,102,102,6.99,249.7,32.77,50041.9,0.68,32527,1.191,8.12,-82.4,25.076,1.2,11.6
1/24/2021,5:30:00,0,B2,0.31,50120,50039.9,102.1,102,6.99,249.2,32.77,50047.4,0.66,32531,1.196,8.13,-82.6,25.076,1.2,11.6
1/24/2021,5:45:00,0,B2,0.33,50118.9,50038.9,102.3,102.3,7.01,248.4,32.77,50046.4,0.69,32530,1.193,8.13,-82.6,25.076,1.2,11.6
1/24/2021,6:00:00,0,B2,0.33,50096.5,50037.3,101.9,101.8,6.98,248.6,32.77,50042.9,0.59,32528,1.189,8.12,-82.4,25.056,1.2,11.6
1/24/2021,6:15:00,0,B2,0.35,50114.1,50036.2,102,102,6.99,249.3,32.77,50043.5,0.71,32528,1.185,8.12,-82.4,25.074,1.2,11.6
1/24/2021,6:30:00,0,B2,0.34,50101.9,50028.7,102,102,6.99,249.4,32.76,50035.5,0.76,32523,1.192,8.13,-82.4,25.069,1.19,11.6
1/24/2021,6:45:00,0,B2,0.34,50118.5,50039.8,102.1,102,6.99,248.9,32.77,50047.2,0.82,32531,1.192,8.12,-82.4,25.075,1.19,11.6
1/24/2021,7:00:00,0,B2,0.35,50114.3,50036.6,102,102,6.99,249.6,32.77,50043.9,0.74,32529,1.189,8.12,-82.4,25.074,1.19,11.6
1/24/2021,7:15:00,0,B2,0.33,50122.8,50037.5,102.1,102,6.99,249.9,32.77,50045.5,0.7,32530,1.197,8.12,-82.3,25.081,1.19,11.6
1/24/2021,7:30:00,0,B2,0.36,50117.3,50034.9,102,102,6.99,250.2,32.77,50042.6,0.75,32528,1.199,8.12,-82.3,25.078,1.19,11.6
1/24/2021,7:45:00,0,B2,0.4,50123.2,50039.4,102,101.9,6.98,250.4,32.77,50047.2,0.91,32531,1.187,8.12,-82.2,25.08,1.19,11.6
1/24/2021,8:00:00,0,B2,0.51,50106.7,50034.3,101.6,101.5,6.96,250.2,32.77,50041,0.97,32527,1.189,8.12,-82.1,25.069,1.18,11.6
1/24/2021,8:15:00,0,B2,0.42,50123.3,50034.1,101.8,101.7,6.97,249.8,32.77,50042.5,1.28,32528,1.189,8.12,-82.2,25.085,1.18,11.6
1/24/2021,8:30:00,0,B2,0.64,50092,50037.9,101.3,101.2,6.94,249.9,32.77,50042.9,1.39,32528,1.188,8.12,-82.1,25.051,1.18,11.6
1/24/2021,8:45:00,0,B2,0.49,50113.9,50032.6,101.8,101.8,6.98,250.5,32.77,50040.2,1.12,32526,1.191,8.11,-81.8,25.077,1.18,11.6
1/24/2021,9:00:00,0,B2,0.55,50115.6,50034.7,101.8,101.7,6.97,249.7,32.77,50042.2,0.7,32527,1.194,8.12,-82.1,25.077,1.18,11.6
1/24/2021,9:15:00,0,B2,0.64,50110.1,50041.7,101.4,101.3,6.95,250,32.77,50048.1,1.25,32531,1.189,8.12,-81.9,25.065,1.18,11.6
1/24/2021,9:30:00,0,B2,0.57,50115.4,50041.5,101.9,101.8,6.98,250.3,32.77,50048.4,1.22,32531,1.195,8.12,-82,25.07,1.18,11.6
1/24/2021,9:45:00,0,B2,0.71,50124.3,50041.9,102,101.9,6.99,250.2,32.77,50049.6,1.18,32532,1.186,8.12,-82,25.078,1.18,11.6
1/24/2021,10:00:00,0,B2,0.64,50111.4,50034.8,101.8,101.8,6.98,250.2,32.77,50042,1.22,32527,1.186,8.12,-82,25.073,1.18,11.6
1/24/2021,10:15:00,0,B2,0.64,50126.8,50040.6,102.1,102,6.99,248.8,32.77,50048.7,0.87,32532,1.197,8.12,-82,25.082,1.18,11.6
1/24/2021,10:30:00,0,B2,0.53,50131.8,50036,102.2,102.1,7,248.8,32.77,50044.9,1.12,32529,1.197,8.12,-81.9,25.091,1.18,11.6
1/24/2021,10:45:00,0,B2,0.56,50130.9,50040.5,102.3,102.3,7.01,249.4,32.77,50049,0.73,32532,1.189,8.12,-81.9,25.086,1.18,11.6
1/24/2021,11:00:00,0,B2,0.68,50128.6,50035.7,102.5,102.4,7.02,247.9,32.77,50044.4,1.65,32529,1.192,8.12,-82.1,25.088,1.18,11.6
1/24/2021,11:15:00,0,B2,0.59,50138.9,50039.4,102.9,102.8,7.05,248.8,32.77,50048.7,1.42,32532,1.19,8.12,-82,25.094,1.18,11.6
1/24/2021,11:30:00,0,B2,0.49,50132.6,50035.2,103.3,103.3,7.08,249.3,32.77,50044.3,1.06,32529,1.186,8.11,-81.8,25.092,1.18,11.6
1/24/2021,11:45:00,0,B2,0.61,50123.5,50036.8,103.5,103.5,7.09,248.3,32.77,50044.9,1.2,32529,1.184,8.12,-82.1,25.082,1.18,11.6
1/24/2021,12:00:00,0,B2,0.55,50112.3,50040.9,103.6,103.6,7.1,249.1,32.77,50047.6,1.13,32531,1.189,8.12,-82.1,25.068,1.18,11.6
1/24/2021,12:15:00,0,B2,0.51,50121.8,50038.7,104,104,7.13,249.6,32.77,50046.5,1.07,32530,1.193,8.12,-82.1,25.079,1.18,11.6
1/24/2021,12:30:00,0,B2,0.56,50111.8,50038.6,104.2,104.1,7.14,249.3,32.77,50045.5,1.23,32530,1.186,8.12,-82.2,25.069,1.18,11.6
1/24/2021,12:45:00,0,B2,0.49,50120.6,50039.5,104.6,104.5,7.16,249.6,32.77,50047.1,1.06,32531,1.19,8.12,-82.2,25.077,1.18,11.6
1/24/2021,13:00:00,0,B2,0.54,50119.4,50036.2,105.1,105,7.2,250.1,32.77,50044,0.97,32529,1.19,8.12,-82.1,25.079,1.18,11.6
1/24/2021,13:15:00,0,B2,0.58,50116.4,50041.4,105.2,105.2,7.21,250.4,32.77,50048.4,1.23,32531,1.191,8.12,-82.2,25.071,1.18,11.6
1/24/2021,13:30:00,0,B2,0.49,50101.8,50040.2,105.4,105.3,7.22,248.6,32.77,50045.9,0.97,32530,1.194,8.12,-82.4,25.058,1.18,11.6
1/24/2021,13:45:00,0,B2,0.44,50107.8,50038.2,105.4,105.4,7.22,249.5,32.77,50044.7,0.83,32529,1.189,8.12,-82.3,25.066,1.18,11.6
1/24/2021,14:00:00,0,B2,0.53,50103.7,50036.7,105.5,105.5,7.23,248.4,32.77,50043,0.98,32528,1.192,8.12,-82.2,25.064,1.18,11.6
1/24/2021,14:15:00,0,B2,0.43,50110.7,50038,105.6,105.6,7.24,248.5,32.77,50044.8,0.89,32529,1.19,8.12,-82.4,25.069,1.18,11.6
1/24/2021,14:30:00,0,B2,0.45,50098.5,50032.7,105.9,105.8,7.25,248.1,32.76,50038.8,0.87,32525,1.185,8.13,-82.5,25.062,1.18,11.6
1/24/2021,14:45:00,0,B2,0.44,50098.7,50040.4,105.9,105.8,7.26,248.5,32.77,50045.9,0.96,32530,1.185,8.13,-82.6,25.055,1.18,11.6
1/24/2021,15:00:00,0,B2,0.47,50098.5,50035.1,105.7,105.7,7.24,248.8,32.77,50041.1,0.97,32527,1.19,8.13,-82.5,25.06,1.18,11.6
1/24/2021,15:15:00,0,B2,0.49,50100.9,50036.5,105.7,105.6,7.24,249,32.77,50042.5,1.05,32528,1.187,8.13,-82.5,25.061,1.18,11.6
1/24/2021,15:30:00,0,B2,0.43,50105.2,50035,105.6,105.6,7.24,249.4,32.77,50041.5,0.88,32527,1.193,8.13,-82.6,25.067,1.18,11.6
1/24/2021,15:45:00,0,B2,0.44,50110.2,50038.1,105.5,105.4,7.23,249.6,32.77,50044.8,0.84,32529,1.196,8.13,-82.5,25.068,1.18,11.6
1/24/2021,16:00:00,0,B2,0.42,50111.4,50031.1,105.5,105.5,7.23,249.6,32.76,50038.6,0.99,32525,1.191,8.13,-82.5,25.076,1.18,11.6
1/24/2021,16:15:00,0,B2,0.47,50116,50043.7,105.3,105.2,7.21,249.5,32.77,50050.5,0.92,32533,1.192,8.13,-82.6,25.068,1.18,11.6
1/24/2021,16:30:00,0,B2,0.39,50105,50035.7,105.2,105.1,7.21,249.4,32.77,50042.2,0.91,32527,1.191,8.12,-82.2,25.066,1.18,11.6
1/24/2021,16:45:00,0,B2,0.4,50097.4,50032.6,105.1,105,7.2,248.3,32.76,50038.7,0.75,32525,1.184,8.13,-82.5,25.061,1.18,11.6
1/24/2021,17:00:00,0,B2,0.37,50101.3,50035.9,104.9,104.8,7.19,247,32.77,50042,0.82,32527,1.191,8.13,-82.5,25.062,1.18,11.6
1/24/2021,17:15:00,0,B2,0.37,50095.4,50036.9,104.9,104.8,7.19,248.3,32.77,50042.4,0.82,32528,1.189,8.13,-82.5,25.055,1.18,11.6
1/24/2021,17:30:00,0,B2,0.46,50112.9,50036.4,104.8,104.7,7.18,248.4,32.77,50043.6,0.88,32528,1.192,8.12,-82.4,25.073,1.18,11.6
1/24/2021,17:45:00,0,B2,0.35,50126.4,50038,104.6,104.6,7.17,248.9,32.77,50046.3,0.83,32530,1.19,8.12,-82.1,25.084,1.18,11.6
1/24/2021,18:00:00,0,B2,0.37,50119.4,50035,104.4,104.4,7.15,248.9,32.77,50042.9,0.76,32528,1.192,8.12,-82.3,25.08,1.18,11.6
1/24/2021,18:15:00,0,B2,0.34,50140.3,50039.2,104.5,104.4,7.15,249.1,32.77,50048.6,0.72,32532,1.201,8.12,-82.3,25.096,1.18,11.6
1/24/2021,18:30:00,0,B2,0.33,50126.7,50036.5,104.2,104.2,7.14,249,32.77,50045,0.84,32529,1.181,8.12,-82.3,25.086,1.18,11.6
1/24/2021,18:45:00,0,B2,0.36,50129.8,50038.8,104.2,104.1,7.13,249.3,32.77,50047.3,0.85,32531,1.186,8.12,-82.2,25.086,1.18,11.6
1/24/2021,19:00:00,0,B2,0.34,50127.6,50037.9,104.1,104.1,7.13,249,32.77,50046.3,0.68,32530,1.192,8.12,-82.1,25.085,1.18,11.6
1/24/2021,19:15:00,0,B2,0.32,50131.8,50039.6,104.1,104,7.13,248.8,32.77,50048.2,0.81,32531,1.186,8.12,-82.1,25.087,1.18,11.6
1/24/2021,19:30:00,0,B2,0.33,50124.8,50032.1,103.9,103.8,7.12,248.6,32.77,50040.8,0.71,32527,1.199,8.12,-82.2,25.088,1.19,11.6
1/24/2021,19:45:00,0,B2,0.36,50134.7,50040.8,103.9,103.8,7.12,248.7,32.77,50049.6,0.77,32532,1.19,8.12,-82.2,25.089,1.19,11.6
1/24/2021,20:00:00,0,B2,0.34,50121.2,50037.7,103.7,103.7,7.11,248.5,32.77,50045.6,0.66,32530,1.183,8.12,-82,25.079,1.19,11.6
1/24/2021,20:15:00,0,B2,0.32,50142.7,50043,103.7,103.6,7.1,245.4,32.77,50052.3,0.74,32534,1.183,8.12,-82.1,25.095,1.18,11.6
1/24/2021,20:30:00,0,B2,0.33,50119.8,50036.5,103.5,103.4,7.09,246.4,32.77,50044.3,0.81,32529,1.192,8.12,-82.2,25.079,1.18,11.6
1/24/2021,20:45:00,0,B2,0.35,50140.9,50047.8,103.4,103.3,7.08,247.6,32.78,50056.5,0.73,32537,1.191,8.12,-82.1,25.088,1.18,11.6
1/24/2021,21:00:00,0,B2,0.38,50130,50042.5,103.3,103.2,7.07,248.5,32.77,50050.7,0.76,32533,1.189,8.11,-81.7,25.083,1.18,11.6
1/24/2021,21:15:00,0,B2,0.36,50139.8,50042.8,103.3,103.3,7.08,248.1,32.77,50051.8,0.74,32534,1.186,8.11,-81.8,25.092,1.18,11.6
1/24/2021,21:30:00,0,B2,0.37,50140.8,50041.5,103.3,103.2,7.07,246.9,32.77,50050.8,0.76,32533,1.183,8.12,-82.1,25.094,1.18,11.6
1/24/2021,21:45:00,0,B2,0.34,50124.3,50045.6,103.2,103.1,7.07,247.7,32.77,50053,0.68,32534,1.184,8.12,-82,25.075,1.18,11.6
1/24/2021,22:00:00,0,B2,0.32,50138.2,50043.7,103.1,103,7.06,248.7,32.77,50052.5,0.69,32534,1.189,8.11,-81.7,25.09,1.18,11.6
1/24/2021,22:15:00,0,B2,0.34,50129.9,50044.9,102.8,102.8,7.04,248.4,32.77,50052.9,0.68,32534,1.19,8.12,-82,25.081,1.18,11.6
1/24/2021,22:30:00,0,B2,0.32,50143.2,50041.2,103,102.9,7.05,249.1,32.77,50050.7,0.68,32533,1.192,8.11,-81.7,25.097,1.18,11.6
1/24/2021,22:45:00,0,B2,0.36,50146.2,50047.2,102.8,102.7,7.04,249.3,32.78,50056.4,0.77,32537,1.2,8.11,-81.8,25.094,1.18,11.6
1/24/2021,23:00:00,0,B2,0.33,50131.9,50044.3,102.7,102.7,7.04,249.6,32.77,50052.5,0.72,32534,1.181,8.11,-81.7,25.083,1.18,11.6
1/24/2021,23:15:00,0,B2,0.32,50147.9,50045.2,102.8,102.8,7.04,249.7,32.78,50054.8,0.7,32536,1.191,8.11,-81.6,25.097,1.18,11.6
1/24/2021,23:30:00,0,B2,0.32,50145.4,50041.7,103,102.9,7.05,250,32.77,50051.4,0.68,32533,1.195,8.11,-81.6,25.098,1.18,11.6
1/24/2021,23:45:00,0,B2,0.31,50138.2,50038.7,102.8,102.7,7.04,249.1,32.77,50048,0.64,32531,1.183,8.11,-81.7,25.094,1.18,11.6
1/25/2021,0:00:00,0,B2,0.31,50145.9,50042.4,102.8,102.8,7.04,249,32.77,50052.1,0.66,32534,1.192,8.11,-81.8,25.098,1.18,11.6
1/25/2021,0:15:00,0,B2,0.3,50144.1,50043.2,102.7,102.6,7.03,249.2,32.77,50052.6,0.68,32534,1.19,8.11,-81.7,25.096,1.18,11.6
1/25/2021,0:30:00,0,B2,0.31,50140,50047.9,102.7,102.6,7.03,249,32.78,50056.5,0.65,32537,1.192,8.11,-81.7,25.087,1.18,11.6
1/25/2021,0:45:00,0,B2,0.33,50142.5,50051.2,102.7,102.6,7.03,249.5,32.78,50059.8,0.64,32539,1.197,8.11,-81.6,25.087,1.18,11.6
1/25/2021,1:00:00,0,B2,0.34,50130.8,50045.9,102.5,102.4,7.02,249.6,32.78,50053.9,0.73,32535,1.189,8.11,-81.4,25.08,1.18,11.6
1/25/2021,1:15:00,0,B2,0.38,50156.1,50045.5,102.6,102.6,7.03,248.8,32.78,50055.8,0.73,32536,1.188,8.11,-81.6,25.105,1.18,11.6
1/25/2021,1:30:00,0,B2,0.32,50148.9,50046,102.6,102.5,7.03,249.5,32.78,50055.6,0.65,32536,1.188,8.11,-81.6,25.098,1.18,11.6
1/25/2021,1:45:00,0,B2,0.33,50153.4,50046.5,102.7,102.6,7.03,249.9,32.78,50056.5,0.67,32537,1.192,8.11,-81.5,25.101,1.18,11.6
1/25/2021,2:00:00,0,B2,0.34,50157,50049.3,102.6,102.5,7.03,249.5,32.78,50059.4,0.68,32539,1.181,8.11,-81.5,25.102,1.18,11.6
1/25/2021,2:15:00,0,B2,0.33,50146.7,50043.2,102.4,102.4,7.01,249.4,32.77,50052.9,0.68,32534,1.185,8.11,-81.5,25.098,1.18,11.6
1/25/2021,2:30:00,0,B2,0.31,50139.7,50047,102.1,102.1,7,249.7,32.78,50055.6,0.65,32536,1.195,8.11,-81.4,25.088,1.17,11.6
1/25/2021,2:45:00,0,B2,0.31,50144.4,50047.7,102.4,102.4,7.01,248.4,32.78,50056.8,0.71,32537,1.186,8.11,-81.3,25.092,1.18,11.6
1/25/2021,3:00:00,0,B2,0.3,50157.8,50051.8,102.4,102.3,7.01,247.4,32.78,50061.7,0.7,32540,1.185,8.11,-81.3,25.101,1.17,11.6
1/25/2021,3:15:00,0,B2,0.33,50140,50048.7,102.3,102.3,7.01,249,32.78,50057.3,0.72,32537,1.189,8.1,-81,25.087,1.17,11.6
1/25/2021,3:30:00,0,B2,0.33,50153.2,50053.5,102.2,102.1,7,248.2,32.78,50062.8,0.76,32541,1.197,8.11,-81.3,25.094,1.17,11.6
1/25/2021,3:45:00,0,B2,0.31,50152.9,50051.6,102.4,102.4,7.01,249.1,32.78,50061.1,0.75,32540,1.191,8.1,-81.1,25.096,1.17,11.6
1/25/2021,4:00:00,0,B2,0.32,50131.2,50051.8,102.2,102.1,7,249.7,32.78,50059.3,0.65,32539,1.199,8.11,-81.3,25.075,1.17,11.6
1/25/2021,4:15:00,0,B2,0.31,50126.4,50048,102,101.9,6.99,249.5,32.78,50055.3,0.69,32536,1.195,8.1,-81.1,25.074,1.17,11.6
1/25/2021,4:30:00,0,B2,0.33,50144.9,50047.1,102.2,102.1,7,249.7,32.78,50056.2,0.73,32537,1.194,8.1,-81.2,25.093,1.17,11.6
1/25/2021,4:45:00,0,B2,0.31,50146.2,50053.3,102.2,102.1,7,249.6,32.78,50062,0.71,32540,1.201,8.1,-81.2,25.088,1.17,11.6
1/25/2021,5:00:00,0,B2,0.32,50152.5,50051.1,102.3,102.2,7,250.3,32.78,50060.6,0.64,32539,1.188,8.1,-81,25.096,1.17,11.6
1/25/2021,5:15:00,0,B2,0.31,50151.9,50054.1,102.1,102,6.99,250.5,32.78,50063.2,0.61,32541,1.192,8.1,-80.9,25.093,1.17,11.6
1/25/2021,5:30:00,0,B2,0.32,50164,50053.9,102.2,102.1,7,250.7,32.78,50064.2,0.67,32542,1.189,8.1,-80.9,25.104,1.17,11.6
1/25/2021,5:45:00,0,B2,0.35,50149.1,50049.6,102.1,102,6.99,251,32.78,50058.9,0.7,32538,1.192,8.1,-80.7,25.094,1.17,11.6
1/25/2021,6:00:00,0,B2,0.32,50158,50053.2,102.2,102.1,7,250.7,32.78,50063,0.64,32541,1.201,8.1,-80.9,25.099,1.17,11.6
1/25/2021,6:15:00,0,B2,0.33,50153.3,50052.3,102.1,102.1,6.99,250.4,32.78,50061.8,0.64,32540,1.189,8.1,-80.9,25.096,1.17,11.6
1/25/2021,6:30:00,0,B2,0.35,50144.4,50047.3,101.9,101.8,6.98,250.7,32.78,50056.4,0.72,32537,1.189,8.1,-80.8,25.092,1.17,11.6
1/25/2021,6:45:00,0,B2,0.33,50151.9,50050.2,102.2,102.1,7,250.8,32.78,50059.7,0.66,32539,1.188,8.1,-80.8,25.096,1.17,11.6
1/25/2021,7:00:00,0,B2,0.34,50154.4,50048.8,102,102,6.99,250.7,32.78,50058.7,0.7,32538,1.199,8.1,-80.7,25.1,1.17,11.6
1/25/2021,7:15:00,0,B2,0.36,50156.9,50051.3,102,102,6.99,250.9,32.78,50061.2,0.76,32540,1.189,8.09,-80.6,25.1,1.17,11.6
1/25/2021,7:30:00,0,B2,0.38,50159.3,50054,101.9,101.8,6.98,250.1,32.78,50063.8,0.81,32541,1.181,8.1,-80.9,25.1,1.17,11.6
1/25/2021,7:45:00,0,B2,0.39,50127.3,50046.7,101.6,101.6,6.96,250.9,32.78,50054.2,0.8,32535,1.187,8.09,-80.4,25.076,1.17,11.6
1/25/2021,8:00:00,0,B2,0.43,50132.7,50043.5,101.9,101.9,6.98,250.3,32.77,50051.8,0.97,32534,1.2,8.1,-80.9,25.085,1.17,11.6
1/25/2021,8:15:00,0,B2,0.62,50138.8,50040.1,101.8,101.8,6.97,250.8,32.77,50049.4,0.94,32532,1.189,8.09,-80.3,25.094,1.17,11.6
1/25/2021,8:30:00,0,B2,0.47,50149.1,50052.1,101.9,101.8,6.98,250.1,32.78,50061.2,1.03,32540,1.181,8.1,-80.7,25.092,1.17,11.6
1/25/2021,8:45:00,0,B2,0.49,50147,50048.3,101.8,101.8,6.97,250.9,32.78,50057.5,0.97,32537,1.189,8.09,-80.5,25.094,1.17,11.6
1/25/2021,9:00:00,0,B2,0.56,50157.2,50053.4,102.2,102.1,6.99,251,32.78,50063.1,1.19,32541,1.193,8.09,-80.6,25.098,1.17,11.6
1/25/2021,9:15:00,0,B2,0.54,50143.1,50056.3,102.1,102,6.99,251.3,32.78,50064.4,1.11,32542,1.199,8.09,-80.5,25.082,1.17,11.6
1/25/2021,9:30:00,0,B2,0.54,50150.2,50048.6,102.4,102.3,7.01,251.4,32.78,50058.1,1.35,32538,1.193,8.1,-80.7,25.096,1.17,11.6
1/25/2021,9:45:00,0,B2,0.52,50148.9,50048.2,102.5,102.5,7.02,251.3,32.78,50057.6,1.04,32537,1.186,8.1,-80.7,25.095,1.17,11.6
1/25/2021,10:00:00,0,B2,0.48,50170.9,50052.7,102.9,102.9,7.05,251.8,32.78,50063.7,1.12,32541,1.187,8.09,-80.4,25.112,1.17,11.6
1/25/2021,10:15:00,0,B2,0.52,50165.9,50051.7,103.1,103,7.06,250.5,32.78,50062.4,1.09,32541,1.192,8.1,-80.8,25.108,1.17,11.6
1/25/2021,10:30:00,0,B2,0.64,50168.5,50050.3,103.3,103.2,7.07,251.5,32.78,50061.3,0.59,32540,1.182,8.09,-80.6,25.112,1.17,11.6
1/25/2021,10:45:00,0,B2,0.51,50160.7,50054.3,103.6,103.6,7.1,251.2,32.78,50064.2,0.98,32542,1.182,8.1,-80.6,25.101,1.17,11.6
1/25/2021,11:00:00,0,B2,0.55,50154.7,50052.7,103.7,103.7,7.1,251,32.78,50062.2,1.08,32540,1.186,8.1,-80.9,25.097,1.17,11.6
1/25/2021,11:15:00,0,B2,0.53,50165.7,50053.9,104,104,7.12,251.6,32.78,50064.3,1.07,32542,1.182,8.1,-80.7,25.106,1.17,11.6
1/25/2021,11:30:00,0,B2,0.5,50143.2,50055.9,104.3,104.2,7.14,251.7,32.78,50064.1,0.99,32542,1.182,8.1,-80.7,25.083,1.17,11.6
1/25/2021,11:45:00,0,B2,0.49,50157.5,50053.7,104.4,104.3,7.15,251.2,32.78,50063.4,1.07,32541,1.188,8.1,-80.7,25.098,1.17,11.6
1/25/2021,12:00:00,0,B2,0.54,50148.4,50053.9,104.6,104.6,7.17,250.4,32.78,50062.7,0.94,32541,1.189,8.1,-81.1,25.09,1.17,11.6
1/25/2021,12:15:00,0,B2,0.47,50146.4,50058.3,104.8,104.7,7.18,250.6,32.78,50066.5,0.95,32543,1.192,8.1,-80.9,25.084,1.17,11.6
1/25/2021,12:30:00,0,B2,0.5,50145.7,50055.5,105.1,105,7.2,251,32.78,50063.9,1.09,32542,1.192,8.1,-80.9,25.086,1.17,11.6
1/25/2021,12:45:00,0,B2,0.5,50147.4,50060.3,105.2,105.1,7.2,251.6,32.79,50068.4,1.83,32544,1.189,8.1,-81,25.083,1.17,11.6
1/25/2021,13:00:00,0,B2,0.48,50134.8,50050.6,105.3,105.2,7.21,251.6,32.78,50058.5,0.94,32538,1.199,8.1,-81.1,25.08,1.17,11.6
1/25/2021,13:15:00,0,B2,0.44,50131.7,50051,105.4,105.4,7.22,251.6,32.78,50058.5,0.97,32538,1.2,8.1,-81.2,25.077,1.17,11.6
1/25/2021,13:30:00,0,B2,0.45,50145.8,50058.6,105.6,105.6,7.24,252,32.78,50066.7,0.94,32543,1.199,8.1,-81.2,25.083,1.17,11.6
1/25/2021,13:45:00,0,B2,0.47,50147.9,50055.4,105.6,105.5,7.23,251.8,32.78,50064.1,0.94,32542,1.196,8.1,-81.1,25.088,1.17,11.6
1/25/2021,14:00:00,0,B2,0.45,50145,50058.2,105.8,105.8,7.25,251.4,32.78,50066.3,0.96,32543,1.186,8.1,-81.2,25.082,1.17,11.6
1/25/2021,14:15:00,0,B2,0.42,50137.5,50057.6,105.7,105.6,7.24,250.8,32.78,50065.1,0.89,32542,1.189,8.11,-81.3,25.076,1.17,11.6
1/25/2021,14:30:00,0,B2,0.41,50135.6,50057.2,105.7,105.6,7.24,251.2,32.78,50064.5,0.91,32542,1.198,8.11,-81.3,25.074,1.17,11.6
1/25/2021,14:45:00,0,B2,0.48,50141.1,50061.5,105.7,105.6,7.24,251.2,32.79,50068.9,0.88,32545,1.195,8.11,-81.3,25.075,1.17,11.6
1/25/2021,15:00:00,0,B2,0.46,50149.9,50058.7,105.6,105.6,7.23,251.1,32.78,50067.3,0.79,32544,1.2,8.11,-81.4,25.086,1.17,11.6
1/25/2021,15:15:00,0,B2,0.43,50150.8,50057.3,105.4,105.4,7.22,251.1,32.78,50066,0.98,32543,1.19,8.11,-81.4,25.089,1.17,11.6
1/25/2021,15:30:00,0,B2,0.55,50149.6,50059,105.5,105.4,7.22,251.3,32.79,50067.5,1.05,32544,1.191,8.1,-81.1,25.086,1.17,11.6
1/25/2021,15:45:00,0,B2,0.41,50145.3,50059.4,105.5,105.4,7.22,249.9,32.79,50067.5,0.89,32544,1.184,8.11,-81.5,25.081,1.17,11.6
1/25/2021,16:00:00,0,B2,0.38,50137.9,50057.1,105.3,105.2,7.21,250.7,32.78,50064.7,0.87,32542,1.192,8.11,-81.4,25.077,1.17,11.6
1/25/2021,16:15:00,0,B2,0.41,50124.8,50059.2,105.2,105.1,7.21,251.5,32.78,50065.3,0.89,32542,1.191,8.11,-81.2,25.062,1.17,11.6
1/25/2021,16:30:00,0,B2,0.42,50112.9,50063.3,105.2,105.1,7.21,252.2,32.79,50068,0.89,32544,1.181,8.1,-81.2,25.047,1.17,11.6
1/25/2021,16:45:00,0,B2,0.39,50143.2,50058.2,105.1,105,7.2,251.5,32.78,50066.2,0.84,32543,1.192,8.11,-81.3,25.081,1.17,11.6
1/25/2021,17:00:00,0,B2,0.41,50146.4,50058.3,104.9,104.8,7.18,251.9,32.78,50066.6,0.86,32543,1.188,8.1,-81.2,25.083,1.17,11.6
1/25/2021,17:15:00,0,B2,0.38,50160.1,50060.6,104.9,104.8,7.18,251.4,32.79,50069.9,0.85,32545,1.183,8.1,-81.2,25.094,1.17,11.6
1/25/2021,17:30:00,0,B2,0.42,50160.9,50069.3,104.7,104.6,7.17,251.7,32.79,50077.9,0.76,32551,1.189,8.1,-81.2,25.087,1.17,11.6
1/25/2021,17:45:00,0,B2,0.35,50153.9,50058.7,104.5,104.4,7.16,251.9,32.79,50067.6,0.71,32544,1.201,8.1,-81.1,25.09,1.17,11.6
1/25/2021,18:00:00,0,B2,0.39,50161.8,50060.3,104.4,104.3,7.15,251.9,32.79,50069.8,0.79,32545,1.181,8.1,-81.1,25.096,1.17,11.6
1/25/2021,18:15:00,0,B2,0.41,50154.3,50064,104.2,104.1,7.13,251.6,32.79,50072.5,0.77,32547,1.192,8.1,-81.2,25.086,1.17,11.6
1/25/2021,18:30:00,0,B2,0.37,50168.6,50060.2,104,103.9,7.12,251.6,32.79,50070.4,0.76,32546,1.191,8.11,-81.3,25.103,1.17,11.6
1/25/2021,18:45:00,0,B2,0.38,50161.1,50063.9,103.7,103.7,7.1,251.6,32.79,50073,0.71,32547,1.192,8.1,-81,25.092,1.17,11.6
1/25/2021,19:00:00,0,B2,0.38,50168.9,50057.4,103.9,103.8,7.11,251.5,32.78,50067.8,0.75,32544,1.201,8.1,-81.1,25.106,1.17,11.6
1/25/2021,19:15:00,0,B2,0.38,50171.4,50058.4,103.8,103.7,7.11,251.1,32.79,50069,0.76,32545,1.191,8.11,-81.2,25.107,1.17,11.6
1/25/2021,19:30:00,0,B2,0.39,50164,50060,103.6,103.6,7.1,251.2,32.79,50069.7,0.88,32545,1.199,8.1,-81.1,25.099,1.17,11.6
1/25/2021,19:45:00,0,B2,0.33,50171.4,50059.5,103.5,103.4,7.09,251,32.79,50070,0.77,32546,1.199,8.1,-81.1,25.106,1.17,11.6
1/25/2021,20:00:00,0,B2,0.33,50172,50060.7,103.5,103.4,7.08,251.5,32.79,50071.1,0.73,32546,1.189,8.1,-81,25.106,1.17,11.6
1/25/2021,20:15:00,0,B2,0.37,50162.6,50065.3,103.4,103.3,7.08,251.4,32.79,50074.4,0.73,32548,1.191,8.1,-80.8,25.092,1.17,11.6
1/25/2021,20:30:00,0,B2,0.32,50154,50058.5,103.2,103.1,7.07,250.8,32.79,50067.5,0.71,32544,1.196,8.1,-80.8,25.091,1.17,11.6
1/25/2021,20:45:00,0,B2,0.34,50179.6,50061.8,103.2,103.1,7.06,250.1,32.79,50072.8,0.77,32547,1.194,8.1,-81,25.112,1.17,11.6
1/25/2021,21:00:00,0,B2,0.37,50169.1,50063.6,102.9,102.9,7.05,250.9,32.79,50073.5,0.8,32548,1.192,8.1,-80.7,25.1,1.17,11.6
1/25/2021,21:15:00,0,B2,0.35,50173.9,50069.6,103,103,7.06,249.5,32.79,50079.4,0.74,32552,1.189,8.1,-81,25.099,1.17,11.6
1/25/2021,21:30:00,0,B2,0.34,50176.8,50064.2,102.9,102.9,7.05,250.3,32.79,50074.7,0.75,32549,1.182,8.1,-80.8,25.107,1.17,11.6
1/25/2021,21:45:00,0,B2,0.37,50159.9,50062.8,102.9,102.8,7.04,250.3,32.79,50071.9,0.92,32547,1.184,8.1,-81,25.092,1.17,11.6
1/25/2021,22:00:00,0,B2,0.35,50157.7,50061,102.8,102.7,7.04,251,32.79,50070,0.74,32546,1.182,8.1,-80.8,25.092,1.17,11.6
1/25/2021,22:15:00,0,B2,0.34,50163.9,50060.5,102.6,102.5,7.02,250.7,32.79,50070.2,0.74,32546,1.192,8.1,-80.9,25.098,1.17,11.6
1/25/2021,22:30:00,0,B2,0.36,50183.7,50065,102.7,102.7,7.03,251.2,32.79,50076.2,0.76,32550,1.189,8.1,-80.7,25.112,1.17,11.6
1/25/2021,22:45:00,0,B2,0.39,50172.7,50066.8,102.4,102.3,7.01,251.6,32.79,50076.8,0.69,32550,1.19,8.09,-80.5,25.1,1.17,11.6
1/25/2021,23:00:00,0,B2,0.32,50172.3,50066.9,102.6,102.5,7.03,251,32.79,50076.8,0.76,32550,1.19,8.1,-80.8,25.1,1.17,11.6
1/25/2021,23:15:00,0,B2,0.31,50181,50068.5,102.3,102.3,7.01,251.6,32.79,50079.1,0.74,32551,1.188,8.09,-80.4,25.107,1.17,11.6
1/25/2021,23:30:00,0,B2,0.34,50179.6,50066,102.5,102.5,7.02,250.5,32.79,50076.6,0.82,32550,1.194,8.1,-80.7,25.108,1.17,11.6
1/25/2021,23:45:00,0,B2,0.32,50179.8,50065.6,102.4,102.3,7.01,250.4,32.79,50076.3,0.64,32550,1.185,8.1,-80.7,25.108,1.17,11.6
1/26/2021,0:00:00,0,B2,0.35,50177.1,50061.4,102.2,102.2,7,251.1,32.79,50072.2,0.73,32547,1.188,8.09,-80.5,25.11,1.17,11.6
1/26/2021,0:15:00,0,B2,0.35,50152.4,50057.1,102.1,102.1,6.99,250.7,32.78,50066,0.76,32543,1.201,8.1,-80.6,25.09,1.17,11.6
1/26/2021,0:30:00,0,B2,0.33,50180.3,50067.8,102.3,102.2,7,250.7,32.79,50078.3,0.7,32551,1.182,8.09,-80.3,25.107,1.17,11.6
1/26/2021,0:45:00,0,B2,0.31,50186,50073.8,102.3,102.2,7,249.4,32.8,50084.3,0.63,32555,1.192,8.1,-80.7,25.106,1.17,11.6
1/26/2021,1:00:00,0,B2,0.32,50182.5,50069.6,102.2,102.1,7,250.5,32.79,50080.2,0.62,32552,1.2,8.09,-80.6,25.107,1.17,11.6
1/26/2021,1:15:00,0,B2,0.32,50172.9,50070.1,101.9,101.8,6.97,250.7,32.79,50079.7,0.71,32552,1.184,8.09,-80.6,25.097,1.17,11.6
1/26/2021,1:30:00,0,B2,0.36,50187.1,50069.1,102.2,102.2,7,251.4,32.79,50080.1,0.74,32552,1.192,8.09,-80.2,25.112,1.17,11.6
1/26/2021,1:45:00,0,B2,0.32,50163.8,50063,102,102,6.99,250.2,32.79,50072.5,0.68,32547,1.194,8.09,-80.5,25.096,1.17,11.6
1/26/2021,2:00:00,0,B2,0.36,50164.7,50070.7,102.1,102,6.99,250.3,32.79,50079.5,0.72,32552,1.182,8.09,-80.5,25.089,1.17,11.6
1/26/2021,2:15:00,0,B2,0.36,50174.3,50065,102.1,102,6.99,250.8,32.79,50075.2,0.66,32549,1.182,8.09,-80.5,25.104,1.17,11.6
1/26/2021,2:30:00,0,B2,0.31,50172.6,50076.3,101.7,101.6,6.96,251.7,32.8,50085.3,0.66,32555,1.195,8.09,-80.1,25.091,1.17,11.6
1/26/2021,2:45:00,0,B2,0.31,50163,50067.2,102.1,102,6.99,250.7,32.79,50076.2,0.6,32550,1.194,8.09,-80.2,25.091,1.17,11.6
1/26/2021,3:00:00,0,B2,0.32,50165.4,50072.1,101.9,101.9,6.98,250.1,32.79,50080.9,0.68,32553,1.189,8.09,-80.3,25.088,1.17,11.6
1/26/2021,3:15:00,0,B2,0.32,50185.4,50069.9,102,101.9,6.98,250.4,32.79,50080.7,0.66,32552,1.192,8.09,-80.4,25.109,1.17,11.6
1/26/2021,3:30:00,0,B2,0.34,50179.4,50069.1,102,101.9,6.98,250.9,32.79,50079.5,0.68,32552,1.197,8.09,-80.3,25.105,1.17,11.6
1/26/2021,3:45:00,0,B2,0.34,50183,50074.3,102,101.9,6.98,250.9,32.8,50084.5,0.62,32555,1.19,8.08,-80,25.103,1.17,11.6
1/26/2021,4:00:00,0,B2,0.33,50179.4,50071.4,101.9,101.8,6.98,250.1,32.8,50081.5,0.77,32553,1.192,8.09,-80.3,25.102,1.17,11.6
1/26/2021,4:15:00,0,B2,0.34,50163.8,50065.1,101.7,101.7,6.97,250.5,32.79,50074.4,0.74,32548,1.195,8.09,-80.3,25.094,1.17,11.6
1/26/2021,4:30:00,0,B2,0.34,50175.2,50075.2,101.9,101.9,6.98,251,32.8,50084.5,0.69,32555,1.192,8.09,-80.3,25.095,1.17,11.6
1/26/2021,4:45:00,0,B2,0.34,50165.9,50072.6,101.8,101.7,6.97,251,32.8,50081.4,0.63,32553,1.2,8.09,-80.3,25.088,1.17,11.6
1/26/2021,5:00:00,0,B2,0.34,50149.3,50070.8,101.5,101.5,6.95,251.8,32.79,50078.2,0.71,32551,1.195,8.08,-79.9,25.074,1.17,11.6
1/26/2021,5:15:00,0,B2,0.3,50199.8,50078.3,102,101.9,6.98,251,32.8,50089.7,0.63,32558,1.182,8.09,-80.2,25.115,1.17,11.6
1/26/2021,5:30:00,0,B2,0.34,50194.8,50075.5,101.8,101.7,6.97,251.3,32.8,50086.7,0.69,32556,1.183,8.08,-79.8,25.113,1.17,11.6
1/26/2021,5:45:00,0,B2,0.33,50190.1,50073.9,101.7,101.7,6.96,250.1,32.8,50084.7,0.7,32555,1.19,8.09,-80.1,25.11,1.17,11.6
1/26/2021,6:00:00,0,B2,0.37,50194.2,50070.1,102,101.9,6.98,250.7,32.79,50081.7,0.76,32553,1.197,8.09,-80.1,25.118,1.17,11.6
1/26/2021,6:15:00,0,B2,0.38,50178.4,50074.3,101.5,101.4,6.95,251.1,32.8,50084,0.71,32555,1.196,8.08,-80,25.099,1.17,11.6
1/26/2021,6:30:00,0,B2,0.46,50171.9,50076,101.9,101.8,6.98,251.4,32.8,50085,0.78,32555,1.195,8.09,-80,25.091,1.17,11.6
1/26/2021,6:45:00,0,B2,0.39,50174.4,50072.5,101.8,101.7,6.97,251.5,32.8,50082.1,0.71,32553,1.192,8.09,-80.1,25.097,1.17,11.6
1/26/2021,7:00:00,0,B2,0.34,50199.2,50072.1,101.9,101.8,6.97,252.5,32.8,50084,0.79,32555,1.187,8.08,-79.7,25.12,1.17,11.6
1/26/2021,7:15:00,0,B2,0.37,50179.9,50074.3,101.8,101.8,6.97,250.9,32.8,50084.2,0.79,32555,1.186,8.08,-80,25.1,1.17,11.6
1/26/2021,7:30:00,0,B2,0.42,50185.7,50069.5,101.9,101.9,6.98,251.1,32.79,50080.4,0.88,32552,1.192,8.08,-80,25.11,1.17,11.6
1/26/2021,7:45:00,0,B2,0.55,50176.1,50072.3,101.6,101.5,6.95,251.9,32.8,50082,0.81,32553,1.198,8.08,-80,25.098,1.17,11.6
1/26/2021,8:00:00,0,B2,0.58,50193.9,50070.8,101.9,101.8,6.97,252.4,32.8,50082.3,1.01,32554,1.192,8.08,-79.9,25.117,1.17,11.6
1/26/2021,8:15:00,0,B2,0.59,50159.9,50062.7,101.7,101.6,6.96,252.7,32.79,50071.8,1.02,32547,1.189,8.08,-79.5,25.092,1.17,11.6
1/26/2021,8:30:00,0,B2,0.55,50178.6,50058.5,101.8,101.8,6.97,251.1,32.79,50069.8,0.83,32545,1.193,8.08,-80,25.114,1.17,11.6
1/26/2021,8:45:00,0,B2,0.5,50193.7,50070.7,102,102,6.98,252.2,32.8,50082.3,1.12,32553,1.192,8.08,-79.9,25.117,1.17,11.6
1/26/2021,9:00:00,0,B2,2.58,50196.6,50086.1,102.1,102.1,6.99,252.6,32.81,50096.4,1.16,32563,1.184,8.08,-79.6,25.105,1.17,11.6
1/26/2021,9:15:00,0,B2,0.59,50182.9,50072.2,102.3,102.2,7,250.9,32.8,50082.6,1.11,32554,1.191,8.08,-79.8,25.105,1.17,11.6
1/26/2021,9:30:00,0,B2,0.56,50166.2,50072.7,102.4,102.3,7.01,251,32.8,50081.4,1.23,32553,1.199,8.08,-79.9,25.089,1.17,11.6
1/26/2021,9:45:00,0,B2,0.57,50175.5,50079.1,102.7,102.7,7.03,251.5,32.8,50088.2,1.16,32557,1.199,8.08,-79.9,25.091,1.17,11.6
1/26/2021,10:00:00,0,B2,0.54,50186.2,50073,103,102.9,7.05,252,32.8,50083.6,1.15,32554,1.191,8.08,-79.7,25.107,1.17,11.6
1/26/2021,10:15:00,0,B2,0.47,50184.4,50072.9,103.2,103.2,7.07,252.7,32.8,50083.3,1.09,32554,1.199,8.08,-79.7,25.106,1.17,11.6
1/26/2021,10:30:00,0,B2,0.6,50188.4,50074.8,103.4,103.3,7.08,252.5,32.8,50085.5,1.19,32556,1.193,8.08,-79.6,25.108,1.17,11.6
1/26/2021,10:45:00,0,B2,0.57,50185.1,50083.5,103.6,103.6,7.1,252.4,32.8,50093,0.98,32560,1.19,8.08,-79.7,25.096,1.17,11.6
1/26/2021,11:00:00,0,B2,0.47,50179.1,50072.4,103.8,103.7,7.11,252,32.8,50082.4,0.98,32554,1.184,8.08,-79.8,25.101,1.17,11.6
1/26/2021,11:15:00,0,B2,0.51,50186.1,50070.7,104,103.9,7.12,252,32.79,50081.6,1.06,32553,1.184,8.08,-80,25.109,1.17,11.6
1/26/2021,11:30:00,0,B2,0.57,50194,50074.2,104.2,104.2,7.14,252.8,32.8,50085.4,0.66,32556,1.191,8.08,-80,25.113,1.18,11.6
1/26/2021,11:45:00,0,B2,0.49,50168.7,50066,104.5,104.4,7.16,252.2,32.79,50075.6,0.99,32549,1.196,8.09,-80.1,25.097,1.18,11.6
1/26/2021,12:00:00,0,B2,0.49,50185.5,50071.5,104.5,104.5,7.16,251.6,32.8,50082.2,0.98,32553,1.189,8.08,-80,25.108,1.18,11.6
1/26/2021,12:15:00,0,B2,0.49,50183.4,50072.1,104.7,104.6,7.17,251,32.8,50082.5,0.99,32554,1.191,8.09,-80.1,25.105,1.17,11.6
1/26/2021,12:30:00,0,B2,0.48,50172.8,50066.3,105.1,105,7.19,251,32.79,50076.2,0.96,32550,1.192,8.09,-80.3,25.101,1.18,11.6
1/26/2021,12:45:00,0,B2,0.43,50178.6,50070.2,105,105,7.19,251.1,32.79,50080.4,1.06,32552,1.187,8.08,-79.9,25.103,1.17,11.6
1/26/2021,13:00:00,0,B2,0.44,50161.6,50069.6,105.2,105.1,7.21,250.4,32.79,50078.2,0.95,32551,1.192,8.09,-80.3,25.087,1.18,11.6
1/26/2021,13:15:00,0,B2,0.43,50167.3,50072.1,105.2,105.2,7.21,251.4,32.79,50081,0.96,32553,1.197,8.09,-80.2,25.09,1.18,11.6
1/26/2021,13:30:00,0,B2,0.45,50159.7,50069.8,105.5,105.4,7.23,251.5,32.79,50078.2,0.89,32551,1.184,8.09,-80.3,25.085,1.18,11.6
1/26/2021,13:45:00,0,B2,0.42,50162.3,50069.4,105.7,105.6,7.24,251.9,32.79,50078.1,0.86,32551,1.192,8.09,-80.4,25.088,1.18,11.6
1/26/2021,14:00:00,0,B2,0.4,50148.3,50066.5,105.9,105.8,7.25,252.7,32.79,50074.1,0.72,32548,1.2,8.08,-80,25.078,1.18,11.6
1/26/2021,14:15:00,0,B2,0.44,50133.5,50064,106.5,106.4,7.3,251.8,32.79,50070.5,0.77,32546,1.191,8.09,-80.6,25.066,1.17,11.6
1/26/2021,14:30:00,0,B2,0.46,50145.9,50072.4,106.3,106.3,7.28,251.6,32.79,50079.2,0.82,32552,1.196,8.09,-80.4,25.07,1.17,11.6
1/26/2021,14:45:00,0,B2,0.37,50134.9,50066.4,106.7,106.6,7.31,251.8,32.79,50072.8,0.78,32547,1.192,8.09,-80.5,25.065,1.17,11.6
1/26/2021,15:00:00,0,B2,0.37,50141.3,50067.8,106.8,106.7,7.32,252.4,32.79,50074.7,0.59,32549,1.191,8.09,-80.5,25.07,1.17,11.6
1/26/2021,15:15:00,0,B2,0.4,50142,50066.3,106.9,106.9,7.32,252.7,32.79,50073.4,0.69,32548,1.188,8.09,-80.4,25.072,1.17,11.6
1/26/2021,15:30:00,0,B2,0.36,50138,50064.4,107.1,107.1,7.34,251.6,32.79,50071.2,0.65,32546,1.184,8.1,-80.8,25.07,1.17,11.6
1/26/2021,15:45:00,0,B2,0.33,50141.6,50061.1,107.1,107.1,7.34,252.4,32.79,50068.6,0.64,32545,1.194,8.09,-80.4,25.076,1.17,11.6
1/26/2021,16:00:00,0,B2,0.35,50142.8,50063.1,107.1,107,7.33,251.7,32.79,50070.6,0.69,32546,1.19,8.1,-80.8,25.075,1.17,11.6
1/26/2021,16:15:00,0,B2,0.42,50144.2,50063.7,107.2,107.1,7.34,252,32.79,50071.3,0.77,32546,1.199,8.1,-80.7,25.076,1.17,11.6
1/26/2021,16:30:00,0,B2,0.37,50133.6,50063.9,107.2,107.1,7.34,252.3,32.79,50070.4,0.64,32546,1.19,8.1,-80.7,25.066,1.17,11.6
1/26/2021,16:45:00,0,B2,0.34,50137.5,50064.6,107.1,107,7.34,251.3,32.79,50071.4,0.6,32546,1.195,8.09,-80.6,25.069,1.17,11.6
1/26/2021,17:00:00,0,B2,0.3,50139.4,50060.2,106.9,106.9,7.32,251.6,32.79,50067.6,0.63,32544,1.191,8.09,-80.6,25.075,1.17,11.6
1/26/2021,17:15:00,0,B2,0.36,50150.4,50065.5,106.9,106.8,7.32,251.6,32.79,50073.5,0.72,32548,1.185,8.1,-80.8,25.08,1.17,11.6
1/26/2021,17:30:00,0,B2,0.42,50136.2,50067.3,106.8,106.8,7.32,252.5,32.79,50073.7,0.85,32548,1.193,8.09,-80.5,25.065,1.17,11.6
1/26/2021,17:45:00,0,B2,0.34,50152.3,50067.8,106.6,106.5,7.3,252.3,32.79,50075.7,0.62,32549,1.189,8.1,-80.7,25.08,1.17,11.6
1/26/2021,18:00:00,0,B2,0.36,50137.5,50071,106.4,106.3,7.29,252.8,32.79,50077.3,0.65,32550,1.19,8.1,-80.7,25.063,1.17,11.6
1/26/2021,18:15:00,0,B2,0.35,50157.7,50064.7,106.3,106.2,7.28,253.3,32.79,50073.4,0.85,32548,1.2,8.09,-80.6,25.088,1.17,11.6
1/26/2021,18:30:00,0,B2,0.29,50128.8,50057.6,106.1,106,7.27,251.6,32.78,50064.2,0.6,32542,1.189,8.1,-80.8,25.068,1.17,11.6
1/26/2021,18:45:00,0,B2,0.31,50144.4,50060.6,106,106,7.26,252.2,32.79,50068.4,0.55,32544,1.189,8.1,-80.7,25.079,1.17,11.6
1/26/2021,19:00:00,0,B2,0.34,50162.1,50065.7,105.9,105.8,7.25,252.4,32.79,50074.8,0.69,32549,1.19,8.09,-80.5,25.091,1.17,11.6
1/26/2021,19:15:00,0,B2,0.36,50166.5,50063.9,105.8,105.7,7.24,252.3,32.79,50073.5,0.67,32548,1.183,8.09,-80.4,25.097,1.17,11.6
1/26/2021,19:30:00,0,B2,0.3,50171.3,50070.3,105.6,105.5,7.23,252,32.79,50079.8,0.55,32552,1.189,8.09,-80.6,25.096,1.17,11.6
1/26/2021,19:45:00,0,B2,0.32,50171.7,50065.4,105.5,105.4,7.22,250.9,32.79,50075.4,0.61,32549,1.194,8.09,-80.4,25.101,1.17,11.6
1/26/2021,20:00:00,0,B2,0.33,50158.3,50070.5,105.3,105.3,7.21,251.5,32.79,50078.7,0.52,32551,1.187,8.09,-80.2,25.083,1.17,11.6
1/26/2021,20:15:00,0,B2,0.29,50169.2,50066.2,105.2,105.2,7.21,245.7,32.79,50075.8,0.58,32549,1.183,8.09,-80.5,25.098,1.17,11.6
1/26/2021,20:30:00,0,B2,0.29,50172.1,50054.9,105.2,105.1,7.2,249.2,32.78,50065.9,0.69,32543,1.201,8.09,-80.4,25.111,1.17,11.6
1/26/2021,20:45:00,0,B2,0.34,50140.7,50053.8,104.8,104.7,7.18,250.7,32.78,50062,0.55,32540,1.194,8.09,-80.3,25.082,1.17,11.6
1/26/2021,21:00:00,0,B2,0.34,50147.4,50062.5,104.8,104.7,7.17,250.9,32.79,50070.4,0.64,32546,1.193,8.09,-80.4,25.08,1.17,11.6
1/26/2021,21:15:00,0,B2,0.3,50152.7,50052,104.9,104.8,7.18,251.9,32.78,50061.5,0.56,32540,1.185,8.09,-80.1,25.095,1.17,11.6
1/26/2021,21:30:00,0,B2,0.3,50157.3,50057.6,104.7,104.6,7.17,251.8,32.78,50066.9,0.64,32544,1.188,8.09,-80.3,25.095,1.17,11.6
1/26/2021,21:45:00,0,B2,0.31,50161.2,50056.6,104.7,104.6,7.17,221.2,32.78,50066.4,0.58,32543,1.2,8.09,-80.1,25.099,1.17,11.6
1/26/2021,22:00:00,0,B2,0.31,50164.1,50050.9,104.5,104.4,7.16,238.8,32.78,50061.5,0.58,32540,1.191,8.09,-80.3,25.107,1.17,11.6
1/26/2021,22:15:00,0,B2,0.31,50156,50054.3,104.5,104.4,7.15,244.8,32.78,50063.8,0.61,32542,1.19,8.09,-80.1,25.096,1.17,11.6
1/26/2021,22:30:00,0,B2,0.34,50162.3,50055.6,104.4,104.3,7.15,247.8,32.78,50065.6,0.61,32543,1.193,8.09,-80.1,25.101,1.17,11.6
1/26/2021,22:45:00,0,B2,0.33,50168.4,50057.3,104.4,104.3,7.15,247.9,32.78,50067.7,0.73,32544,1.185,8.09,-80.2,25.105,1.17,11.6
1/26/2021,23:00:00,0,B2,0.32,50164.1,50053.8,104.4,104.3,7.14,249.6,32.78,50064.1,0.6,32542,1.189,8.09,-80.1,25.105,1.17,11.6
1/26/2021,23:15:00,0,B2,0.31,50161.3,50054.4,104.3,104.3,7.14,250.7,32.78,50064.4,0.58,32542,1.183,8.08,-79.8,25.101,1.17,11.6
1/26/2021,23:30:00,0,B2,0.31,50154.7,50056.1,104.2,104.1,7.13,250.4,32.78,50065.4,0.67,32542,1.192,8.09,-80.1,25.093,1.17,11.6
1/26/2021,23:45:00,0,B2,0.3,50166.1,50056.8,104.2,104.1,7.13,251.6,32.78,50067,0.56,32544,1.19,8.08,-79.7,25.104,1.17,11.6
1/27/2021,0:00:00,0,B2,0.29,50174.1,50054.9,104.1,104.1,7.13,250.2,32.78,50066.1,0.71,32543,1.183,8.09,-80.2,25.113,1.17,11.6
1/27/2021,0:15:00,0,B2,0.31,50152.7,50049,104,103.9,7.12,251.2,32.78,50058.7,0.59,32538,1.192,8.09,-80.1,25.098,1.17,11.6
1/27/2021,0:30:00,0,B2,0.3,50152.1,50058.1,103.9,103.8,7.11,251.6,32.78,50066.9,0.57,32544,1.195,8.09,-80.1,25.089,1.17,11.6
1/27/2021,0:45:00,0,B2,0.34,50155.8,50051,103.8,103.8,7.11,251.9,32.78,50060.8,0.59,32539,1.188,8.08,-79.8,25.099,1.17,11.6
1/27/2021,1:00:00,0,B2,0.32,50160.6,50055.6,103.8,103.8,7.11,251.3,32.78,50065.4,0.59,32543,1.187,8.08,-80,25.1,1.17,11.6
1/27/2021,1:15:00,0,B2,0.3,50157.1,50050.9,103.8,103.7,7.11,250.9,32.78,50060.8,0.59,32540,1.195,8.09,-80.1,25.101,1.17,11.6
1/27/2021,1:30:00,0,B2,0.31,50166.6,50058.9,103.9,103.9,7.12,251.3,32.79,50069,0.54,32545,1.19,8.08,-80,25.102,1.17,11.6
1/27/2021,1:45:00,0,B2,0.32,50171,50055.3,103.9,103.8,7.11,251.6,32.78,50066.1,0.61,32543,1.189,8.08,-79.9,25.11,1.17,11.6
1/27/2021,2:00:00,0,B2,0.31,50170,50056.3,103.8,103.8,7.11,250.9,32.78,50066.9,0.63,32544,1.185,8.08,-79.8,25.108,1.17,11.6
1/27/2021,2:15:00,0,B2,0.3,50168.3,50057.2,103.8,103.7,7.11,251.8,32.78,50067.6,0.61,32544,1.183,8.08,-79.8,25.105,1.17,11.6
1/27/2021,2:30:00,0,B2,0.3,50164.2,50059.5,103.7,103.7,7.1,252,32.79,50069.3,0.57,32545,1.192,8.08,-79.7,25.099,1.17,11.6
1/27/2021,2:45:00,0,B2,0.32,50166.4,50053.1,103.7,103.6,7.1,252,32.78,50063.7,0.55,32541,1.189,8.08,-79.6,25.107,1.17,11.6
1/27/2021,3:00:00,0,B2,0.3,50175.5,50057.3,103.7,103.6,7.1,251.1,32.79,50068.4,0.61,32544,1.187,8.09,-80.1,25.112,1.17,11.6
1/27/2021,3:15:00,0,B2,0.32,50167.5,50052.4,103.6,103.6,7.1,252.3,32.78,50063.2,0.56,32541,1.197,8.08,-79.9,25.109,1.17,11.6
1/27/2021,3:30:00,0,B2,0.3,50164.3,50056.8,103.5,103.4,7.09,253,32.78,50066.8,0.61,32543,1.199,8.08,-79.7,25.102,1.17,11.6
1/27/2021,3:45:00,0,B2,0.31,50154.8,50049.4,103.5,103.4,7.09,253.2,32.78,50059.2,0.65,32538,1.19,8.08,-79.8,25.1,1.17,11.6
1/27/2021,4:00:00,0,B2,0.3,50161.6,50056.3,103.5,103.4,7.09,252.5,32.78,50066.2,0.56,32543,1.188,8.08,-79.9,25.1,1.17,11.6
1/27/2021,4:15:00,0,B2,0.3,50171.1,50054.5,103.6,103.5,7.09,253.4,32.78,50065.4,0.6,32543,1.19,8.08,-79.7,25.11,1.17,11.6
1/27/2021,4:30:00,0,B2,0.32,50149.7,50056.6,103.3,103.3,7.08,253.3,32.78,50065.3,0.6,32542,1.184,8.08,-79.7,25.088,1.17,11.6
1/27/2021,4:45:00,0,B2,0.3,50160.8,50053.1,103.5,103.5,7.09,253.1,32.78,50063.2,0.56,32541,1.189,8.08,-79.8,25.102,1.17,11.6
1/27/2021,5:00:00,0,B2,0.28,50145,50056.8,103.4,103.4,7.08,253.8,32.78,50065.1,0.58,32542,1.2,8.08,-79.6,25.084,1.17,11.6
1/27/2021,5:15:00,0,B2,0.31,50161.9,50055.9,103.5,103.5,7.09,253.6,32.78,50065.8,0.63,32543,1.192,8.08,-79.6,25.1,1.17,11.6
1/27/2021,5:30:00,0,B2,0.3,50127.9,50053.8,103.1,103.1,7.07,253.9,32.78,50060.7,0.69,32539,1.183,8.08,-79.5,25.07,1.17,11.6
1/27/2021,5:45:00,0,B2,0.3,50148.1,50053.2,103.3,103.2,7.07,254,32.78,50062.1,0.58,32540,1.196,8.08,-79.5,25.09,1.17,11.6
1/27/2021,6:00:00,0,B2,0.32,50130.7,50058.1,103.2,103.2,7.07,253.6,32.78,50064.9,0.61,32542,1.196,8.08,-79.5,25.069,1.17,11.6
1/27/2021,6:15:00,0,B2,0.33,50131.1,50055,103.3,103.3,7.08,254,32.78,50062.2,0.66,32540,1.19,8.07,-79.3,25.072,1.17,11.6
1/27/2021,6:30:00,0,B2,0.3,50146.3,50060.8,103.4,103.3,7.08,252.8,32.79,50068.8,0.66,32545,1.193,8.08,-79.6,25.081,1.17,11.6
1/27/2021,6:45:00,0,B2,0.34,50139.3,50054.7,103.3,103.2,7.08,253.1,32.78,50062.6,0.65,32541,1.195,8.08,-79.5,25.08,1.17,11.6
1/27/2021,7:00:00,0,B2,0.34,50133.6,50048.3,103.3,103.3,7.08,253.6,32.78,50056.2,0.6,32537,1.194,8.07,-79.4,25.081,1.17,11.6
1/27/2021,7:15:00,0,B2,0.33,50136.8,50055.1,103.2,103.1,7.07,254.1,32.78,50062.8,0.56,32541,1.196,8.07,-79.3,25.077,1.17,11.6
1/27/2021,7:30:00,0,B2,0.31,50135.7,50049.4,103.2,103.1,7.07,254.6,32.78,50057.5,0.64,32537,1.192,8.07,-79.3,25.082,1.17,11.6
1/27/2021,7:45:00,0,B2,0.35,50142.9,50053.5,103.3,103.3,7.08,254.4,32.78,50061.9,0.71,32540,1.181,8.08,-79.5,25.085,1.16,11.6
1/27/2021,8:00:00,0,B2,0.39,50137.4,50053.9,103.3,103.2,7.08,254.8,32.78,50061.7,0.76,32540,1.194,8.07,-79.4,25.079,1.17,11.6
1/27/2021,8:15:00,0,B2,0.42,50147.2,50054.3,103.4,103.3,7.08,254.4,32.78,50063,0.8,32541,1.196,8.08,-79.5,25.088,1.17,11.6
1/27/2021,8:30:00,0,B2,0.42,50156.2,50060.7,103.7,103.6,7.1,255,32.79,50069.7,0.75,32545,1.19,8.08,-79.5,25.09,1.16,11.6
1/27/2021,8:45:00,0,B2,0.41,50140.5,50058.3,103.8,103.8,7.11,255.3,32.78,50066,0.85,32543,1.192,8.07,-79.3,25.078,1.16,11.6
1/27/2021,9:00:00,0,B2,0.43,50142.3,50056.9,104.3,104.2,7.14,255.9,32.78,50064.9,0.84,32542,1.187,8.07,-79.2,25.081,1.16,11.6
1/27/2021,9:15:00,0,B2,0.41,50135.8,50052.8,104.6,104.5,7.16,255.9,32.78,50060.5,0.76,32539,1.183,8.07,-79.4,25.079,1.16,11.6
1/27/2021,9:30:00,0,B2,0.4,50146.2,50059,105,105,7.19,256.1,32.78,50067.1,0.88,32544,1.191,8.08,-79.5,25.083,1.16,11.6
1/27/2021,9:45:00,0,B2,0.39,50136.2,50057.3,106.2,106.1,7.27,256.3,32.78,50064.7,0.8,32542,1.201,8.08,-79.6,25.075,1.16,11.6
1/27/2021,10:00:00,0,B2,0.39,50140.5,50055.5,106.3,106.2,7.28,255.9,32.78,50063.5,0.81,32541,1.192,8.08,-80,25.08,1.17,11.6
1/27/2021,10:15:00,0,B2,0.39,50141.5,50056.1,106.6,106.6,7.3,256.4,32.78,50064.1,0.81,32542,1.189,8.08,-79.8,25.081,1.17,11.6
1/27/2021,10:30:00,0,B2,0.36,50150,50058.8,107.6,107.5,7.37,255.6,32.79,50067.3,0.73,32544,1.184,8.08,-80,25.086,1.17,11.6
1/27/2021,10:45:00,0,B2,0.38,50147.4,50053.6,108.5,108.4,7.43,255.8,32.78,50062.4,0.78,32541,1.191,8.09,-80.3,25.089,1.16,11.6
1/27/2021,11:00:00,0,B2,0.36,50153.6,50053.6,108.7,108.6,7.44,256.5,32.78,50063,0.78,32541,1.189,8.09,-80,25.095,1.16,11.6
1/27/2021,11:15:00,0,B2,0.39,50167.8,50057.2,110.1,110,7.54,256.4,32.78,50067.6,0.81,32544,1.192,8.09,-80.5,25.105,1.16,11.6
1/27/2021,11:30:00,0,B2,0.36,50166.1,50050.5,109.8,109.8,7.52,256,32.78,50061.4,0.72,32540,1.197,8.09,-80.4,25.11,1.17,11.6
1/27/2021,11:45:00,0,B2,0.38,50178.6,50051.2,109.9,109.8,7.52,256.7,32.78,50063.2,0.74,32541,1.194,8.09,-80.3,25.121,1.16,11.6
1/27/2021,12:00:00,0,B2,0.34,50189.6,50055.2,110.7,110.6,7.58,256.4,32.78,50067.8,0.7,32544,1.188,8.09,-80.4,25.127,1.16,11.6
1/27/2021,12:15:00,0,B2,0.35,50191.3,50055.9,110.4,110.3,7.56,256.3,32.79,50068.6,0.71,32545,1.187,8.1,-80.7,25.128,1.16,11.6
1/27/2021,12:30:00,0,B2,0.33,50195.4,50051.2,112,111.9,7.66,256.8,32.78,50064.7,0.58,32542,1.201,8.1,-81,25.137,1.16,11.6
1/27/2021,12:45:00,0,B2,0.36,50196.6,50052.9,111.5,111.5,7.63,256.7,32.78,50066.3,0.72,32543,1.183,8.1,-81.1,25.136,1.16,11.6
1/27/2021,13:00:00,0,B2,0.34,50208.7,50053,111.9,111.9,7.66,257.3,32.78,50067.6,0.62,32544,1.182,8.11,-81.3,25.148,1.16,11.6
1/27/2021,13:15:00,0,B2,0.39,50198.2,50050.6,112.1,112.1,7.67,258.1,32.78,50064.4,0.7,32542,1.189,8.1,-81,25.14,1.16,11.6
1/27/2021,13:30:00,0,B2,0.31,50199.9,50051.5,112.1,112,7.67,258,32.78,50065.4,0.66,32543,1.184,8.11,-81.2,25.141,1.16,11.6
1/27/2021,13:45:00,0,B2,0.35,50202.8,50049.9,112.7,112.6,7.71,258.5,32.78,50064.2,0.69,32542,1.185,8.11,-81.3,25.145,1.16,11.6
1/27/2021,14:00:00,0,B2,0.36,50207.3,50054.8,112.8,112.7,7.72,257.9,32.78,50069.1,0.67,32545,1.193,8.11,-81.3,25.145,1.16,11.6
1/27/2021,14:15:00,0,B2,0.35,50198.5,50051.5,112.8,112.8,7.72,253.2,32.78,50065.2,0.64,32542,1.187,8.11,-81.7,25.139,1.16,11.6
1/27/2021,14:30:00,0,B2,0.34,50199.3,50053,112.7,112.6,7.71,254.7,32.78,50066.7,0.62,32543,1.192,8.12,-81.9,25.139,1.16,11.6
1/27/2021,14:45:00,0,B2,0.31,50202.5,50051.8,113,113,7.73,255.4,32.78,50065.9,0.55,32543,1.191,8.12,-81.9,25.143,1.16,11.6
1/27/2021,15:00:00,0,B2,0.32,50200.8,50052.4,112.9,112.8,7.72,255.9,32.78,50066.3,0.54,32543,1.181,8.12,-81.9,25.141,1.16,11.6
1/27/2021,15:15:00,0,B2,0.3,50198,50052.8,112.7,112.6,7.71,255.9,32.78,50066.3,0.52,32543,1.191,8.12,-82.1,25.138,1.16,11.6
1/27/2021,15:30:00,0,B2,0.31,50195.1,50052.9,112.4,112.4,7.69,254.2,32.78,50066.2,0.62,32543,1.191,8.12,-82.1,25.135,1.16,11.6
1/27/2021,15:45:00,0,B2,0.33,50196.9,50052.6,112.5,112.4,7.7,255,32.78,50066.1,0.75,32543,1.192,8.12,-82.2,25.137,1.16,11.6
1/27/2021,16:00:00,0,B2,0.34,50194.1,50050.4,112.3,112.2,7.69,255.8,32.78,50063.9,0.57,32542,1.196,8.12,-81.9,25.136,1.16,11.6
1/27/2021,16:15:00,0,B2,0.33,50193.4,50050.5,112.2,112.1,7.68,253.3,32.78,50063.9,0.59,32542,1.192,8.12,-82.3,25.135,1.16,11.6
1/27/2021,16:30:00,0,B2,0.32,50190.8,50048.9,111.8,111.7,7.65,254,32.78,50062.2,0.53,32540,1.194,8.12,-81.9,25.135,1.16,11.6
1/27/2021,16:45:00,0,B2,0.36,50190,50049.1,111.6,111.6,7.64,254.2,32.78,50062.3,0.94,32541,1.187,8.12,-82.2,25.134,1.16,11.6
1/27/2021,17:00:00,0,B2,0.32,50187.3,50049.3,111.3,111.2,7.62,254.5,32.78,50062.2,0.64,32540,1.182,8.12,-82.3,25.131,1.16,11.6
1/27/2021,17:15:00,0,B2,0.3,50180.6,50048.3,111.1,111,7.6,255.1,32.78,50060.7,0.6,32539,1.193,8.12,-82,25.125,1.16,11.6
1/27/2021,17:30:00,0,B2,0.31,50181.1,50052.4,110.7,110.6,7.58,254.9,32.78,50064.4,0.65,32542,1.189,8.12,-82.2,25.122,1.16,11.6
1/27/2021,17:45:00,0,B2,0.33,50173.7,50050.4,110.4,110.4,7.56,254.9,32.78,50062,0.54,32540,1.192,8.12,-82.3,25.117,1.16,11.6
1/27/2021,18:00:00,0,B2,0.33,50167,50055.6,110.2,110.1,7.55,255.4,32.78,50066,0.64,32543,1.19,8.12,-82.1,25.106,1.16,11.6
1/27/2021,18:15:00,0,B2,0.36,50163.6,50055.6,109.9,109.8,7.52,255.5,32.78,50065.7,0.64,32543,1.186,8.12,-82.2,25.102,1.16,11.6
1/27/2021,18:30:00,0,B2,0.33,50160.6,50055.5,109.7,109.6,7.51,255.8,32.78,50065.3,0.52,32542,1.193,8.12,-81.9,25.1,1.16,11.6
1/27/2021,18:45:00,0,B2,0.32,50145.4,50053.7,109.2,109.2,7.48,255.9,32.78,50062.3,0.69,32540,1.192,8.12,-82.1,25.087,1.16,11.6
1/27/2021,19:00:00,0,B2,0.32,50141.1,50055.2,109.1,109,7.47,252.9,32.78,50063.3,0.59,32541,1.184,8.12,-82,25.081,1.16,11.6
1/27/2021,19:15:00,0,B2,0.31,50134.8,50053.8,108.8,108.7,7.45,253.8,32.78,50061.4,0.55,32540,1.189,8.12,-82.1,25.077,1.16,11.6
1/27/2021,19:30:00,0,B2,0.31,50129.5,50055.7,108.5,108.4,7.43,254.2,32.78,50062.6,0.54,32541,1.193,8.12,-82.1,25.07,1.16,11.6
1/27/2021,19:45:00,0,B2,0.28,50120.3,50058,108.1,108,7.4,254.4,32.78,50063.8,0.52,32541,1.2,8.12,-82,25.059,1.16,11.6
1/27/2021,20:00:00,0,B2,0.35,50124.7,50054.9,108,107.9,7.4,254.6,32.78,50061.4,0.74,32540,1.191,8.11,-81.8,25.066,1.16,11.6
1/27/2021,20:15:00,0,B2,0.31,50133,50057.2,107.6,107.5,7.37,255.2,32.78,50064.3,0.61,32542,1.184,8.12,-81.9,25.072,1.16,11.6
1/27/2021,20:30:00,0,B2,0.28,50128.6,50059.1,107.5,107.4,7.37,255.7,32.78,50065.6,0.57,32543,1.189,8.11,-81.5,25.066,1.16,11.6
1/27/2021,20:45:00,0,B2,0.28,50130.2,50053.7,107.4,107.3,7.35,253.7,32.78,50060.9,0.59,32540,1.2,8.11,-81.8,25.073,1.16,11.6
1/27/2021,21:00:00,0,B2,0.3,50138.6,50055.7,107.1,107.1,7.34,254.1,32.78,50063.4,0.64,32541,1.184,8.11,-81.8,25.079,1.16,11.6
1/27/2021,21:15:00,0,B2,0.31,50136.9,50054.6,106.9,106.8,7.32,254.8,32.78,50062.3,0.61,32540,1.192,8.12,-81.9,25.078,1.16,11.6
1/27/2021,21:30:00,0,B2,0.31,50138.3,50057.8,106.7,106.6,7.31,255.4,32.78,50065.3,0.62,32542,1.199,8.11,-81.7,25.076,1.16,11.6
1/27/2021,21:45:00,0,B2,0.31,50133.1,50058,106.3,106.2,7.28,255.5,32.78,50065,0.72,32542,1.191,8.11,-81.4,25.071,1.16,11.6
1/27/2021,22:00:00,0,B2,0.29,50130.2,50054.1,106.5,106.4,7.29,253.8,32.78,50061.3,0.53,32540,1.192,8.12,-81.8,25.072,1.16,11.6
1/27/2021,22:15:00,0,B2,0.3,50129.3,50062.9,106.1,106,7.27,254.6,32.79,50069.1,0.58,32545,1.19,8.11,-81.6,25.063,1.16,11.6
1/27/2021,22:30:00,0,B2,0.3,50136.4,50053.4,106,105.9,7.26,254.6,32.78,50061.1,0.65,32540,1.186,8.11,-81.6,25.079,1.16,11.6
1/27/2021,22:45:00,0,B2,0.31,50143.6,50059.9,105.8,105.7,7.24,254.2,32.79,50067.7,0.56,32544,1.192,8.11,-81.6,25.079,1.16,11.6
1/27/2021,23:00:00,0,B2,0.31,50140.1,50055.7,105.7,105.6,7.24,254,32.78,50063.6,0.6,32541,1.201,8.11,-81.6,25.08,1.16,11.6
1/27/2021,23:15:00,0,B2,0.33,50150.3,50059.3,105.6,105.6,7.23,254.3,32.79,50067.8,0.6,32544,1.199,8.11,-81.4,25.086,1.16,11.6
1/27/2021,23:30:00,0,B2,0.31,50136.8,50048.5,105.3,105.3,7.21,254.6,32.78,50056.7,0.62,32537,1.187,8.11,-81.5,25.084,1.16,11.6
1/27/2021,23:45:00,0,B2,0.31,50158.3,50059,105.3,105.2,7.21,255.3,32.79,50068.3,0.65,32544,1.19,8.11,-81.3,25.094,1.16,11.6
1/28/2021,0:00:00,0,B2,0.29,50153.4,50057,105.1,105.1,7.2,254.3,32.78,50066,0.64,32543,1.2,8.11,-81.6,25.091,1.16,11.6
1/28/2021,0:15:00,0,B2,0.31,50145.7,50063.2,104.9,104.8,7.18,255.3,32.79,50070.9,0.54,32546,1.192,8.11,-81.3,25.078,1.16,11.6
1/28/2021,0:30:00,0,B2,0.32,50142.1,50057.2,104.8,104.7,7.18,255.3,32.78,50065.2,0.56,32542,1.187,8.1,-81,25.08,1.16,11.6
1/28/2021,0:45:00,0,B2,0.31,50139.2,50053.4,104.8,104.7,7.18,254.4,32.78,50061.4,0.63,32540,1.184,8.11,-81.4,25.081,1.16,11.6
1/28/2021,1:00:00,0,B2,0.33,50132.3,50058.1,104.5,104.5,7.16,254.5,32.78,50065.1,0.6,32542,1.191,8.1,-81.2,25.07,1.16,11.6
1/28/2021,1:15:00,0,B2,0.31,50138.2,50057.7,104.7,104.6,7.17,254.5,32.78,50065.3,0.52,32542,1.195,8.11,-81.3,25.076,1.16,11.6
1/28/2021,1:30:00,0,B2,0.31,50133.1,50062,104.3,104.2,7.14,252.2,32.79,50068.7,0.58,32545,1.19,8.1,-81.1,25.067,1.16,11.6
1/28/2021,1:45:00,0,B2,0.27,50124.1,50056.5,104.3,104.3,7.15,252.4,32.78,50062.8,0.6,32541,1.189,8.11,-81.3,25.064,1.16,11.6
1/28/2021,2:00:00,0,B2,0.3,50128.3,50057.8,104.3,104.2,7.14,252.2,32.78,50064.4,0.6,32542,1.188,8.1,-81,25.067,1.16,11.6
1/28/2021,2:15:00,0,B2,0.27,50119,50057.5,104.1,104,7.13,252.7,32.78,50063.3,0.58,32541,1.192,8.11,-81.3,25.058,1.16,11.6
1/28/2021,2:30:00,0,B2,0.31,50119.4,50062,103.6,103.5,7.1,254,32.79,50067.3,0.62,32544,1.191,8.1,-81.1,25.054,1.16,11.6
1/28/2021,2:45:00,0,B2,0.3,50127.9,50062.4,104,103.9,7.13,254.3,32.79,50068.5,0.64,32545,1.194,8.1,-80.9,25.062,1.16,11.6
1/28/2021,3:00:00,0,B2,0.29,50123,50059.5,103.9,103.9,7.12,253.2,32.78,50065.4,0.56,32543,1.186,8.1,-81,25.06,1.16,11.6
1/28/2021,3:15:00,0,B2,0.31,50123.1,50056.6,103.7,103.7,7.11,253.7,32.78,50062.8,0.56,32541,1.19,8.1,-80.7,25.063,1.16,11.6
1/28/2021,3:30:00,0,B2,0.3,50124.8,50065.9,103.8,103.7,7.11,253.7,32.79,50071.4,0.54,32546,1.195,8.1,-80.9,25.056,1.16,11.6
1/28/2021,3:45:00,0,B2,0.31,50120.4,50056,103.7,103.6,7.11,253.9,32.78,50062,0.6,32540,1.188,8.1,-80.9,25.061,1.16,11.6
1/28/2021,4:00:00,0,B2,0.3,50128.2,50059.6,103.7,103.7,7.11,254.1,32.78,50066,0.65,32543,1.192,8.1,-80.8,25.065,1.16,11.6
1/28/2021,4:15:00,0,B2,0.31,50129.2,50062.5,103.7,103.6,7.1,254.5,32.79,50068.7,0.62,32545,1.194,8.1,-80.7,25.063,1.16,11.6
1/28/2021,4:30:00,0,B2,0.31,50120.4,50058.7,103.7,103.6,7.1,249.9,32.78,50064.5,0.63,32542,1.192,8.1,-80.7,25.058,1.16,11.6
1/28/2021,4:45:00,0,B2,0.31,50117.6,50063.2,103.3,103.2,7.08,252.4,32.79,50068.3,0.62,32544,1.191,8.1,-80.6,25.052,1.16,11.6
1/28/2021,5:00:00,0,B2,0.32,50108.6,50063.6,103.1,103.1,7.07,253.7,32.79,50067.8,0.63,32544,1.191,8.1,-80.6,25.043,1.16,11.6
1/28/2021,5:15:00,0,B2,0.3,50118.1,50066.2,103.1,103,7.07,254.2,32.79,50071.1,0.63,32546,1.189,8.09,-80.6,25.049,1.16,11.6
1/28/2021,5:30:00,0,B2,0.32,50122.8,50060.8,103.4,103.3,7.08,254.7,32.79,50066.6,0.59,32543,1.192,8.1,-80.7,25.059,1.16,11.6
1/28/2021,5:45:00,0,B2,0.34,50123.8,50063.7,103.4,103.3,7.08,253.4,32.79,50069.4,0.72,32545,1.189,8.09,-80.6,25.057,1.16,11.6
1/28/2021,6:00:00,0,B2,0.3,50114.8,50062,103.1,103,7.06,252.9,32.79,50066.9,0.59,32544,1.192,8.09,-80.5,25.05,1.16,11.6
1/28/2021,6:15:00,0,B2,0.35,50118,50065.9,102.9,102.9,7.05,253.9,32.79,50070.7,0.75,32546,1.201,8.09,-80.6,25.049,1.16,11.6
1/28/2021,6:30:00,0,B2,0.31,50132.7,50064.1,103.4,103.3,7.08,254.3,32.79,50070.5,0.65,32546,1.188,8.09,-80.5,25.065,1.16,11.6
1/28/2021,6:45:00,0,B2,0.31,50123.3,50064.3,103.2,103.2,7.07,254.3,32.79,50069.8,0.62,32545,1.191,8.1,-80.7,25.056,1.16,11.6
1/28/2021,7:00:00,0,B2,0.32,50120.1,50061.4,103.1,103.1,7.07,255.2,32.79,50066.9,0.65,32543,1.2,8.09,-80.6,25.056,1.16,11.6
1/28/2021,7:15:00,0,B2,0.33,50135.2,50066.5,103.1,103.1,7.06,254.7,32.79,50072.9,0.74,32547,1.192,8.09,-80.5,25.065,1.16,11.6
1/28/2021,7:30:00,0,B2,0.32,50117,50059.9,102.9,102.8,7.05,254.5,32.78,50065.2,0.67,32542,1.188,8.09,-80.4,25.054,1.16,11.6
1/28/2021,7:45:00,0,B2,0.35,50129.8,50062.9,103,102.9,7.06,254.2,32.79,50069.1,0.8,32545,1.192,8.09,-80.5,25.063,1.16,11.6
1/28/2021,8:00:00,0,B2,0.43,50124.1,50065.6,103,102.9,7.06,254.9,32.79,50071.1,0.83,32546,1.19,8.09,-80.4,25.055,1.16,11.6
1/28/2021,8:15:00,0,B2,0.45,50120.7,50065.2,103,102.9,7.06,254.2,32.79,50070.4,0.77,32546,1.192,8.09,-80.4,25.053,1.16,11.6
1/28/2021,8:30:00,0,B2,0.41,50126.9,50066.2,103.1,103,7.07,253.9,32.79,50071.9,0.91,32547,1.189,8.09,-80.2,25.057,1.16,11.6
1/28/2021,8:45:00,0,B2,0.44,50129.5,50063.5,103.3,103.2,7.08,254.2,32.79,50069.6,0.91,32545,1.191,8.09,-80.5,25.063,1.16,11.6
1/28/2021,9:00:00,0,B2,0.45,50120.8,50060,103.3,103.2,7.08,255.5,32.78,50065.7,1,32543,1.201,8.09,-80.4,25.058,1.16,11.6
1/28/2021,9:15:00,0,B2,0.43,50130.1,50065.8,103.5,103.4,7.09,256.1,32.79,50071.8,0.83,32547,1.189,8.09,-80.2,25.061,1.16,11.6
1/28/2021,9:30:00,0,B2,0.48,50123.8,50063.9,103.7,103.6,7.1,256.6,32.79,50069.5,0.87,32545,1.191,8.09,-80.2,25.057,1.16,11.6
1/28/2021,9:45:00,0,B2,0.46,50128.7,50062.5,104,103.9,7.12,256.7,32.79,50068.7,0.95,32545,1.189,8.08,-79.9,25.063,1.16,11.6
1/28/2021,10:00:00,0,B2,0.46,50123,50059.2,104.3,104.2,7.14,255.6,32.78,50065.2,0.87,32542,1.199,8.09,-80.4,25.061,1.16,11.6
1/28/2021,10:15:00,0,B2,0.42,50126.6,50062.9,104.5,104.4,7.16,256.6,32.79,50068.8,0.81,32545,1.191,8.09,-80.3,25.06,1.16,11.6
1/28/2021,10:30:00,0,B2,0.48,50126.3,50061.3,105.2,105.1,7.21,256.8,32.79,50067.4,0.92,32544,1.188,8.09,-80.2,25.062,1.16,11.6
1/28/2021,10:45:00,0,B2,0.44,50131.4,50064.1,105.6,105.5,7.23,252.9,32.79,50070.4,0.95,32546,1.184,8.09,-80.5,25.064,1.16,11.6
1/28/2021,11:00:00,0,B2,0.41,50133.7,50058.8,106.8,106.8,7.32,255,32.78,50065.8,0.91,32543,1.189,8.1,-80.8,25.071,1.16,11.6
1/28/2021,11:15:00,0,B2,0.38,50143.4,50060.3,107.1,107,7.34,256.7,32.79,50068.1,0.9,32544,1.199,8.1,-80.8,25.079,1.16,11.6
1/28/2021,11:30:00,0,B2,0.45,50146.9,50058,107.3,107.2,7.35,257.5,32.78,50066.3,0.94,32543,1.186,8.1,-80.7,25.084,1.16,11.6
1/28/2021,11:45:00,0,B2,0.43,50165,50061.3,108.1,108,7.4,257.6,32.79,50071,0.76,32546,1.19,8.1,-80.8,25.098,1.16,11.6
1/28/2021,12:00:00,0,B2,0.37,50169.9,50058.9,109,108.9,7.46,257.1,32.79,50069.3,0.75,32545,1.199,8.11,-81.3,25.105,1.16,11.6
1/28/2021,12:15:00,0,B2,0.4,50167.3,50054.9,108.7,108.6,7.44,256.1,32.78,50065.4,0.84,32543,1.193,8.1,-81.2,25.107,1.16,11.6
1/28/2021,12:30:00,0,B2,0.35,50177.1,50056.3,110,109.9,7.53,256.9,32.78,50067.6,0.76,32544,1.191,8.11,-81.4,25.114,1.16,11.6
1/28/2021,12:45:00,0,B2,0.38,50184,50058.1,109.8,109.8,7.52,257.7,32.79,50069.9,0.72,32545,1.188,8.1,-81.2,25.119,1.16,11.6
1/28/2021,13:00:00,0,B2,0.36,50185.2,50053.4,110.6,110.5,7.57,256.2,32.78,50065.7,0.74,32543,1.186,8.11,-81.7,25.125,1.16,11.6
1/28/2021,13:15:00,0,B2,0.35,50191.8,50053.4,110.6,110.5,7.57,256.7,32.78,50066.3,0.71,32543,1.184,8.11,-81.7,25.131,1.16,11.6
1/28/2021,13:30:00,0,B2,0.35,50197,50052.2,111.4,111.3,7.62,257.4,32.78,50065.8,0.71,32543,1.189,8.11,-81.8,25.137,1.16,11.6
1/28/2021,13:45:00,0,B2,0.38,50200,50056.5,111,110.9,7.59,257.9,32.79,50069.9,0.81,32545,1.19,8.11,-81.7,25.136,1.16,11.6
1/28/2021,14:00:00,0,B2,0.39,50201.8,50055.5,111.4,111.3,7.62,258.2,32.79,50069.2,0.73,32545,1.196,8.12,-81.9,25.139,1.16,11.6
1/28/2021,14:15:00,0,B2,0.37,50201.6,50054.4,111.4,111.3,7.62,258.3,32.78,50068.2,0.7,32544,1.194,8.12,-81.9,25.139,1.16,11.6
1/28/2021,14:30:00,0,B2,0.37,50200.4,50052.7,111.2,111.2,7.61,258.4,32.78,50066.5,0.72,32543,1.19,8.12,-82,25.14,1.16,11.6
1/28/2021,14:45:00,0,B2,0.36,50203.1,50054.2,111,111,7.6,258.6,32.78,50068.2,0.76,32544,1.195,8.12,-82,25.141,1.16,11.6
1/28/2021,15:00:00,0,B2,0.46,50200.7,50052.3,111.4,111.3,7.62,258.4,32.78,50066.2,0.87,32543,1.191,8.12,-82.2,25.141,1.16,11.6
1/28/2021,15:15:00,0,B2,0.33,50203,50054.5,111.1,111.1,7.6,257.7,32.78,50068.5,0.65,32544,1.188,8.12,-82.3,25.141,1.16,11.6
1/28/2021,15:30:00,0,B2,0.33,50203.8,50056.4,110.9,110.8,7.59,258.2,32.79,50070.3,0.65,32546,1.188,8.12,-82.3,25.14,1.16,11.6
1/28/2021,15:45:00,0,B2,0.37,50198.3,50050.9,111.3,111.2,7.61,257.7,32.78,50064.7,0.71,32542,1.189,8.12,-82.3,25.14,1.16,11.6
1/28/2021,16:00:00,0,B2,0.36,50198.6,50051.5,110.8,110.8,7.58,258.4,32.78,50065.3,0.61,32542,1.192,8.12,-82.3,25.139,1.16,11.6
1/28/2021,16:15:00,0,B2,0.35,50201.8,50055.3,110.7,110.7,7.58,258.9,32.79,50069,0.62,32545,1.2,8.12,-82.4,25.139,1.16,11.6
1/28/2021,16:30:00,0,B2,0.36,50196.8,50051.6,110.6,110.5,7.57,258.3,32.78,50065.2,0.62,32542,1.185,8.13,-82.5,25.138,1.16,11.6
1/28/2021,16:45:00,0,B2,0.38,50197.8,50053.5,110.5,110.4,7.56,258.3,32.78,50067,0.67,32544,1.192,8.12,-82.3,25.137,1.16,11.6
1/28/2021,17:00:00,0,B2,0.48,50195.3,50051.7,110.3,110.2,7.55,258.2,32.78,50065.2,0.66,32542,1.2,8.12,-82.3,25.136,1.16,11.6
1/28/2021,17:15:00,0,B2,0.3,50191.4,50051,110.2,110.1,7.54,258.6,32.78,50064.1,0.68,32542,1.188,8.12,-82.2,25.133,1.16,11.6
1/28/2021,17:30:00,0,B2,0.37,50192,50052.8,109.7,109.7,7.51,258.2,32.78,50065.9,0.59,32543,1.192,8.12,-82.2,25.132,1.16,11.6
1/28/2021,17:45:00,0,B2,0.34,50189.4,50053.5,109.6,109.5,7.5,258.7,32.78,50066.2,0.7,32543,1.2,8.12,-82.1,25.129,1.16,11.6
1/28/2021,18:00:00,0,B2,0.34,50186.1,50053.7,109.3,109.2,7.48,258.8,32.78,50066.1,0.65,32543,1.191,8.12,-82.2,25.125,1.16,11.6
1/28/2021,18:15:00,0,B2,0.35,50182,50053.6,108.9,108.9,7.46,258.8,32.78,50065.6,0.69,32543,1.195,8.12,-82.2,25.122,1.16,11.6
1/28/2021,18:30:00,0,B2,0.35,50173.8,50052.5,108.8,108.7,7.44,258.3,32.78,50063.8,0.66,32542,1.184,8.13,-82.5,25.115,1.16,11.6
1/28/2021,18:45:00,0,B2,0.32,50166.9,50051.1,108.5,108.5,7.43,258.5,32.78,50062,0.64,32540,1.188,8.12,-82.2,25.11,1.16,11.6
1/28/2021,19:00:00,0,B2,0.29,50165,50056.2,108.3,108.3,7.42,258.9,32.78,50066.3,0.61,32543,1.2,8.12,-82.1,25.103,1.16,11.6
1/28/2021,19:15:00,0,B2,0.34,50156.6,50054.5,108.1,108.1,7.4,259.3,32.78,50064,0.62,32542,1.196,8.12,-82,25.097,1.16,11.6
1/28/2021,19:30:00,0,B2,0.34,50144.9,50051.4,107.8,107.7,7.38,259.2,32.78,50060.1,0.66,32539,1.197,8.12,-82,25.089,1.16,11.6
1/28/2021,19:45:00,0,B2,0.37,50145.7,50057.7,107.6,107.5,7.37,259.4,32.78,50065.9,0.7,32543,1.188,8.12,-82.1,25.083,1.16,11.6
1/28/2021,20:00:00,0,B2,0.3,50136,50060.8,107.1,107,7.34,259.1,32.79,50067.9,0.62,32544,1.19,8.12,-82,25.071,1.16,11.6
1/28/2021,20:15:00,0,B2,0.32,50124.3,50052.6,107.1,107,7.33,259,32.78,50059.3,0.66,32539,1.195,8.12,-81.9,25.068,1.16,11.6
1/28/2021,20:30:00,0,B2,0.3,50122.8,50058,106.9,106.8,7.32,257.3,32.78,50064.1,0.62,32542,1.189,8.12,-81.8,25.061,1.16,11.6
1/28/2021,20:45:00,0,B2,0.3,50119.3,50059,106.8,106.7,7.32,257.7,32.78,50064.6,0.67,32542,1.189,8.12,-82.1,25.057,1.16,11.6
1/28/2021,21:00:00,0,B2,0.3,50119.7,50055.9,106.5,106.4,7.29,256.9,32.78,50061.8,0.68,32540,1.193,8.12,-82.1,25.06,1.16,11.6
1/28/2021,21:15:00,0,B2,0.37,50118.1,50055.3,106.4,106.3,7.29,257.3,32.78,50061.1,0.68,32540,1.191,8.12,-82,25.06,1.16,11.6
1/28/2021,21:30:00,0,B2,0.34,50121.7,50059.7,106.1,106.1,7.27,257.8,32.78,50065.5,0.59,32543,1.192,8.12,-82,25.059,1.16,11.6
1/28/2021,21:45:00,0,B2,0.32,50124.4,50059.5,106,105.9,7.26,258.2,32.78,50065.5,0.65,32543,1.19,8.12,-81.9,25.062,1.16,11.6
1/28/2021,22:00:00,0,B2,0.34,50119.8,50058.8,105.8,105.7,7.25,258.1,32.78,50064.5,0.72,32542,1.184,8.12,-81.9,25.058,1.16,11.6
1/28/2021,22:15:00,0,B2,0.35,50115.7,50057.6,105.2,105.1,7.21,257.6,32.78,50063.1,0.65,32541,1.192,8.11,-81.6,25.055,1.16,11.6
1/28/2021,22:30:00,0,B2,0.35,50116.1,50056,105.5,105.5,7.23,258.4,32.78,50061.6,0.67,32540,1.189,8.11,-81.6,25.057,1.16,11.6
1/28/2021,22:45:00,0,B2,0.3,50129.1,50061,105.5,105.4,7.23,258.6,32.79,50067.4,0.6,32544,1.188,8.11,-81.6,25.065,1.16,11.6
1/28/2021,23:00:00,0,B2,0.31,50126.3,50059.5,105.4,105.3,7.22,258.3,32.78,50065.7,0.72,32543,1.192,8.11,-81.6,25.063,1.16,11.6
1/28/2021,23:15:00,0,B2,0.3,50125.1,50054.8,105.2,105.1,7.21,258.7,32.78,50061.3,0.6,32540,1.193,8.11,-81.5,25.067,1.16,11.6
1/28/2021,23:30:00,0,B2,0.32,50125.5,50058.6,105.1,105,7.2,258.6,32.78,50064.9,0.66,32542,1.196,8.11,-81.5,25.063,1.16,11.6
1/28/2021,23:45:00,0,B2,0.3,50119.7,50058.6,104.9,104.8,7.19,259,32.78,50064.4,0.59,32542,1.198,8.11,-81.5,25.058,1.16,11.6
1/29/2021,0:00:00,0,B2,0.35,50126.1,50058.3,104.8,104.7,7.18,259,32.78,50064.7,0.76,32542,1.191,8.11,-81.4,25.064,1.16,11.6
1/29/2021,0:15:00,0,B2,0.33,50131.3,50063.6,104.8,104.7,7.18,257.8,32.79,50069.9,0.67,32545,1.19,8.11,-81.3,25.064,1.16,11.6
1/29/2021,0:30:00,0,B2,0.31,50123.7,50057.4,104.7,104.6,7.17,256.7,32.78,50063.6,0.66,32541,1.191,8.11,-81.7,25.063,1.16,11.6
1/29/2021,0:45:00,0,B2,0.32,50122.9,50058.2,104.5,104.5,7.16,258.2,32.78,50064.3,0.66,32542,1.191,8.11,-81.3,25.061,1.16,11.6
1/29/2021,1:00:00,0,B2,0.33,50115.3,50057.3,104.2,104.2,7.14,258.1,32.78,50062.7,0.74,32541,1.183,8.11,-81.3,25.055,1.16,11.6
1/29/2021,1:15:00,0,B2,0.33,50128.2,50059.6,104.3,104.3,7.15,256.1,32.78,50066,0.65,32543,1.19,8.11,-81.5,25.065,1.16,11.6
1/29/2021,1:30:00,0,B2,0.33,50110.3,50058.7,104.1,104,7.13,257,32.78,50063.5,0.68,32541,1.201,8.11,-81.5,25.049,1.16,11.6
1/29/2021,1:45:00,0,B2,0.32,50122.1,50058.8,104.1,104.1,7.14,257.6,32.78,50064.7,0.63,32542,1.188,8.11,-81.3,25.06,1.16,11.6
1/29/2021,2:00:00,0,B2,0.33,50121.3,50059.4,103.9,103.8,7.12,258.2,32.78,50065.2,0.61,32542,1.19,8.1,-81.1,25.059,1.16,11.6
1/29/2021,2:15:00,0,B2,0.29,50126.1,50058.9,104,103.9,7.12,256.9,32.78,50065.2,0.59,32542,1.184,8.11,-81.3,25.064,1.16,11.6
1/29/2021,2:30:00,0,B2,0.34,50121.8,50059.4,104,103.9,7.12,256.8,32.78,50065.3,0.71,32542,1.197,8.11,-81.3,25.059,1.16,11.6
1/29/2021,2:45:00,0,B2,0.31,50126.1,50062.9,103.9,103.8,7.12,257.6,32.79,50068.8,0.59,32545,1.185,8.11,-81.2,25.06,1.16,11.6
1/29/2021,3:00:00,0,B2,0.3,50125,50058.8,104,103.9,7.12,257.8,32.78,50065,0.62,32542,1.192,8.11,-81.4,25.063,1.16,11.6
1/29/2021,3:15:00,0,B2,0.32,50132.4,50065.1,103.6,103.5,7.1,258.2,32.79,50071.4,0.64,32546,1.19,8.11,-81.2,25.064,1.16,11.6
1/29/2021,3:30:00,0,B2,0.31,50125.2,50060,103.6,103.5,7.1,258.1,32.78,50066.1,0.62,32543,1.192,8.11,-81.3,25.062,1.16,11.6
1/29/2021,3:45:00,0,B2,0.32,50119.3,50060.7,103.3,103.2,7.08,258.9,32.78,50066.2,0.61,32543,1.194,8.1,-80.7,25.056,1.16,11.6
1/29/2021,4:00:00,0,B2,0.31,50119.9,50056.3,103.5,103.4,7.09,257.5,32.78,50062.2,0.68,32540,1.187,8.1,-80.8,25.06,1.16,11.6
1/29/2021,4:15:00,0,B2,0.3,50127,50059.2,103.5,103.5,7.09,256.9,32.78,50065.5,0.7,32543,1.191,8.1,-81.2,25.064,1.16,11.6
1/29/2021,4:30:00,0,B2,0.32,50128.4,50065.9,103.4,103.4,7.09,257.3,32.79,50071.7,0.65,32547,1.183,8.1,-81,25.059,1.16,11.6
1/29/2021,4:45:00,0,B2,0.32,50134.4,50066.5,103.5,103.4,7.09,258.4,32.79,50072.8,0.75,32547,1.186,8.1,-80.8,25.064,1.16,11.6
1/29/2021,5:00:00,0,B2,0.32,50132.2,50062.6,103.4,103.3,7.08,258,32.79,50069.1,0.62,32545,1.19,8.1,-80.9,25.066,1.16,11.6
1/29/2021,5:15:00,0,B2,0.33,50122.5,50060.7,103.2,103.1,7.07,258.5,32.79,50066.5,0.65,32543,1.199,8.1,-80.7,25.059,1.16,11.6
1/29/2021,5:30:00,0,B2,0.36,50125.7,50061.2,103.2,103.1,7.07,259,32.79,50067.3,0.76,32544,1.199,8.1,-80.7,25.061,1.16,11.6
1/29/2021,5:45:00,0,B2,0.34,50127.3,50060.7,103.3,103.2,7.08,259.2,32.79,50067,0.67,32544,1.199,8.1,-80.7,25.063,1.16,11.6
1/29/2021,6:00:00,0,B2,0.35,50116.5,50055.6,103.1,103,7.06,259.6,32.78,50061.3,0.81,32540,1.197,8.1,-80.8,25.058,1.16,11.6
1/29/2021,6:15:00,0,B2,0.32,50127.6,50062.8,103.1,103,7.06,259.3,32.79,50068.8,0.65,32545,1.199,8.1,-80.8,25.061,1.16,11.6
1/29/2021,6:30:00,0,B2,0.35,50133.4,50063.4,103.1,103,7.06,259.2,32.79,50070,0.71,32545,1.197,8.1,-80.8,25.066,1.16,11.6
1/29/2021,6:45:00,0,B2,0.34,50126.3,50060.4,103.2,103.1,7.07,259.9,32.79,50066.6,0.64,32543,1.191,8.09,-80.5,25.062,1.16,11.6
1/29/2021,7:00:00,0,B2,0.33,50119.2,50064.3,102.9,102.8,7.05,259.3,32.79,50069.4,0.73,32545,1.191,8.1,-80.9,25.052,1.16,11.6
1/29/2021,7:15:00,0,B2,0.33,50109.3,50060.8,102.9,102.8,7.05,260.2,32.78,50065.4,0.69,32542,1.196,8.09,-80.5,25.046,1.16,11.6
1/29/2021,7:30:00,0,B2,0.33,50119,50063.8,102.7,102.7,7.04,260,32.79,50069,0.7,32545,1.185,8.1,-80.7,25.052,1.16,11.6
1/29/2021,7:45:00,0,B2,0.38,50121.3,50064.7,103,102.9,7.06,260.3,32.79,50070,0.73,32546,1.186,8.09,-80.6,25.054,1.16,11.6
1/29/2021,8:00:00,0,B2,0.37,50133.1,50065.4,103.1,103,7.06,260.5,32.79,50071.7,0.78,32547,1.186,8.09,-80.2,25.064,1.16,11.6
1/29/2021,8:15:00,0,B2,0.41,50134.2,50067.3,103,102.9,7.05,258.6,32.79,50073.6,0.78,32548,1.19,8.1,-80.7,25.063,1.16,11.6
1/29/2021,8:30:00,0,B2,0.46,50128.9,50065.7,102.9,102.8,7.05,259.5,32.79,50071.6,0.86,32547,1.183,8.09,-80.4,25.06,1.16,11.6
1/29/2021,8:45:00,0,B2,0.4,50142.4,50062.6,103.2,103.1,7.07,258.6,32.79,50070.1,0.92,32546,1.182,8.09,-80.3,25.076,1.16,11.6
1/29/2021,9:00:00,0,B2,0.55,50136.2,50063.9,103.2,103.2,7.07,258.9,32.79,50070.6,1.08,32546,1.199,8.09,-80.5,25.069,1.16,11.6
1/29/2021,9:15:00,0,B2,0.46,50142,50064.5,103.4,103.3,7.08,259.6,32.79,50071.8,0.97,32547,1.183,8.09,-80.5,25.073,1.16,11.6
1/29/2021,9:30:00,0,B2,0.39,50144.2,50065.1,103.6,103.5,7.1,259.5,32.79,50072.5,0.84,32547,1.192,8.1,-80.7,25.075,1.16,11.6
1/29/2021,9:45:00,0,B2,0.43,50136.7,50063.3,103.8,103.8,7.11,259.9,32.79,50070.1,0.96,32546,1.2,8.09,-80.5,25.07,1.16,11.6
1/29/2021,10:00:00,0,B2,0.47,50130.9,50064.8,104.6,104.5,7.16,259.9,32.79,50071,0.99,32546,1.183,8.09,-80.5,25.063,1.16,11.6
1/29/2021,10:15:00,0,B2,0.46,50138.8,50064.1,104.7,104.6,7.17,259.9,32.79,50071.1,0.84,32546,1.192,8.1,-80.8,25.071,1.16,11.6
1/29/2021,10:30:00,0,B2,0.47,50139.8,50064.2,104.8,104.7,7.18,257.5,32.79,50071.3,0.89,32546,1.191,8.09,-80.6,25.072,1.16,11.6
1/29/2021,10:45:00,0,B2,0.48,50135.3,50060.8,105.4,105.4,7.22,258.6,32.79,50067.7,1.04,32544,1.192,8.1,-80.7,25.071,1.16,11.6
1/29/2021,11:00:00,0,B2,0.44,50135,50062.2,106.3,106.2,7.28,259.7,32.79,50069,1.02,32545,1.193,8.1,-80.7,25.069,1.16,11.6
1/29/2021,11:15:00,0,B2,0.43,50142.6,50065.1,106.5,106.5,7.3,260.6,32.79,50072.3,0.9,32547,1.193,8.1,-80.7,25.073,1.16,11.6
1/29/2021,11:30:00,0,B2,0.42,50138.8,50060.6,107.5,107.4,7.36,261,32.79,50067.9,0.84,32544,1.185,8.1,-80.8,25.074,1.16,11.6
1/29/2021,11:45:00,0,B2,0.43,50141.8,50062.2,107.1,107,7.34,261.2,32.79,50069.7,0.91,32545,1.191,8.1,-80.9,25.075,1.16,11.6
1/29/2021,12:00:00,0,B2,0.49,50148.6,50061.5,107.9,107.9,7.39,261.5,32.79,50069.7,1.1,32545,1.197,8.1,-81.1,25.083,1.16,11.6
1/29/2021,12:15:00,0,B2,0.42,50150,50061,108.3,108.2,7.42,261.9,32.79,50069.4,0.79,32545,1.185,8.1,-81.1,25.084,1.16,11.6
1/29/2021,12:30:00,0,B2,0.41,50153,50060.4,108.8,108.8,7.45,260.2,32.79,50069,0.83,32545,1.192,8.11,-81.7,25.088,1.16,11.6
1/29/2021,12:45:00,0,B2,0.41,50157.4,50061.9,109.5,109.4,7.5,260.6,32.79,50070.8,0.85,32546,1.201,8.11,-81.5,25.091,1.16,11.6
1/29/2021,13:00:00,0,B2,0.4,50157.9,50060.6,109.4,109.3,7.49,260.9,32.79,50069.7,0.84,32545,1.192,8.11,-81.7,25.092,1.16,11.6
1/29/2021,13:15:00,0,B2,0.41,50157.7,50058.7,109.7,109.6,7.51,261.3,32.79,50067.9,0.83,32544,1.19,8.11,-81.8,25.094,1.16,11.6
1/29/2021,13:30:00,0,B2,0.39,50164.8,50062,110.3,110.3,7.56,261.7,32.79,50071.6,0.8,32547,1.183,8.11,-81.8,25.097,1.16,11.6
1/29/2021,13:45:00,0,B2,0.42,50160.5,50059.5,110.4,110.3,7.56,261.8,32.79,50069,0.82,32545,1.183,8.12,-82,25.096,1.16,11.6
1/29/2021,14:00:00,0,B2,0.37,50165.5,50062.5,110.4,110.3,7.56,262,32.79,50072.2,0.77,32547,1.193,8.12,-82,25.098,1.16,11.6
1/29/2021,14:15:00,0,B2,0.35,50164.6,50061.5,110.5,110.4,7.56,262.7,32.79,50071.1,0.72,32546,1.194,8.11,-81.7,25.098,1.16,11.6
1/29/2021,14:30:00,0,B2,0.35,50165.1,50062.8,110.5,110.4,7.56,261.6,32.79,50072.4,0.74,32547,1.198,8.12,-82.3,25.097,1.16,11.6
1/29/2021,14:45:00,0,B2,0.35,50161.1,50059.8,110.8,110.7,7.59,261.6,32.79,50069.3,0.76,32545,1.201,8.12,-82.3,25.096,1.16,11.6
1/29/2021,15:00:00,0,B2,0.34,50159,50059.3,110.8,110.8,7.59,261.6,32.79,50068.6,0.68,32545,1.2,8.12,-82.2,25.094,1.16,11.6
1/29/2021,15:15:00,0,B2,0.34,50162,50063.9,110.7,110.6,7.58,261.9,32.79,50073.1,0.71,32548,1.2,8.12,-82.4,25.093,1.16,11.6
1/29/2021,15:30:00,0,B2,0.35,50161.3,50064.5,110.5,110.5,7.57,262.3,32.79,50073.6,0.74,32548,1.2,8.12,-82.3,25.092,1.16,11.6
1/29/2021,15:45:00,0,B2,0.35,50155.9,50063.7,111.2,111.1,7.61,262.6,32.79,50072.4,0.7,32547,1.191,8.12,-82.3,25.087,1.16,11.6
1/29/2021,16:00:00,0,B2,0.35,50147.5,50064.3,112,112,7.67,262,32.79,50072.1,0.89,32547,1.19,8.13,-82.6,25.079,1.16,11.6
1/29/2021,16:15:00,0,B2,0.4,50145.3,50061.5,110.2,110.2,7.55,261.7,32.79,50069.4,0.77,32545,1.182,8.13,-82.6,25.079,1.16,11.6
1/29/2021,16:30:00,0,B2,0.34,50136.7,50061.9,110.4,110.3,7.56,261.9,32.79,50068.9,0.68,32545,1.182,8.13,-82.5,25.071,1.16,11.6
1/29/2021,16:45:00,0,B2,0.37,50129.3,50061.9,110,110,7.54,262.4,32.79,50068.2,0.74,32544,1.187,8.12,-82.4,25.064,1.16,11.6
1/29/2021,17:00:00,0,B2,0.37,50130.8,50062.5,109.6,109.5,7.51,259.7,32.79,50068.9,0.76,32545,1.197,8.13,-82.7,25.065,1.16,11.6
1/29/2021,17:15:00,0,B2,0.36,50125.4,50065.1,109.5,109.4,7.5,260.8,32.79,50070.7,0.76,32546,1.192,8.12,-82.4,25.057,1.16,11.6
1/29/2021,17:30:00,0,B2,0.33,50119.9,50061.7,109.1,109,7.47,260.2,32.79,50067.1,0.67,32544,1.184,8.13,-82.7,25.055,1.16,11.6
1/29/2021,17:45:00,0,B2,0.34,50128.9,50064.3,108.8,108.7,7.45,260.4,32.79,50070.3,0.73,32546,1.184,8.13,-82.4,25.061,1.16,11.6
1/29/2021,18:00:00,0,B2,0.37,50132.8,50066.3,108.6,108.5,7.44,260.8,32.79,50072.5,0.73,32547,1.193,8.12,-82.4,25.063,1.16,11.6
1/29/2021,18:15:00,0,B2,0.34,50130.5,50067.4,108.3,108.2,7.42,261,32.79,50073.3,0.65,32548,1.191,8.13,-82.5,25.06,1.16,11.6
1/29/2021,18:30:00,0,B2,0.33,50134.5,50066.1,108,107.9,7.4,260.8,32.79,50072.5,0.71,32547,1.19,8.13,-82.5,25.065,1.16,11.6
1/29/2021,18:45:00,0,B2,0.34,50135.5,50064.5,107.8,107.7,7.38,260.9,32.79,50071.2,0.63,32546,1.182,8.12,-82.4,25.067,1.16,11.6
1/29/2021,19:00:00,0,B2,0.35,50140.8,50064.1,107.4,107.4,7.36,261,32.79,50071.2,0.68,32546,1.184,8.13,-82.5,25.073,1.16,11.6
1/29/2021,19:15:00,0,B2,0.35,50132.5,50059.9,107.1,107,7.34,260.8,32.78,50066.7,0.69,32543,1.191,8.12,-82.4,25.069,1.16,11.6
1/29/2021,19:30:00,0,B2,0.34,50136.5,50066.4,106.8,106.8,7.32,260.2,32.79,50073,0.76,32547,1.19,8.12,-82.4,25.066,1.16,11.6
1/29/2021,19:45:00,0,B2,0.33,50146.6,50065.5,106.9,106.8,7.32,259.9,32.79,50073.1,0.74,32548,1.188,8.12,-82.3,25.077,1.16,11.6
1/29/2021,20:00:00,0,B2,0.34,50143.6,50065.9,106.6,106.6,7.31,259.8,32.79,50073.2,0.71,32548,1.2,8.12,-82.2,25.074,1.16,11.6
1/29/2021,20:15:00,0,B2,0.35,50134.8,50063.2,106.4,106.3,7.29,259.8,32.79,50069.9,0.64,32545,1.189,8.12,-82.2,25.068,1.16,11.6
1/29/2021,20:30:00,0,B2,0.35,50154.2,50065.4,106.2,106.1,7.27,259.5,32.79,50073.7,0.77,32548,1.184,8.12,-82.2,25.084,1.16,11.6
1/29/2021,20:45:00,0,B2,0.35,50150.8,50063.7,106,105.9,7.26,259.9,32.79,50071.8,0.69,32547,1.189,8.12,-81.9,25.083,1.16,11.6
1/29/2021,21:00:00,0,B2,0.33,50156.8,50065.5,105.9,105.8,7.25,258.3,32.79,50074.1,0.71,32548,1.194,8.12,-82.2,25.087,1.16,11.6
1/29/2021,21:15:00,0,B2,0.35,50147.6,50061.7,105.6,105.5,7.23,257.8,32.79,50069.7,0.7,32545,1.188,8.12,-82.3,25.082,1.16,11.6
1/29/2021,21:30:00,0,B2,0.34,50155.1,50063.7,105.6,105.5,7.23,258.4,32.79,50072.3,0.73,32547,1.182,8.12,-82.1,25.087,1.16,11.6
1/29/2021,21:45:00,0,B2,0.32,50160.5,50066.4,105.4,105.3,7.22,259.3,32.79,50075.2,0.57,32549,1.189,8.11,-81.8,25.089,1.16,11.6
1/29/2021,22:00:00,0,B2,0.31,50158.2,50062.9,105.3,105.2,7.21,257.9,32.79,50071.8,0.67,32547,1.194,8.12,-82,25.09,1.16,11.6
1/29/2021,22:15:00,0,B2,0.33,50161,50064.2,105.2,105.1,7.2,258.1,32.79,50073.3,0.69,32548,1.191,8.12,-82,25.092,1.16,11.6
1/29/2021,22:30:00,0,B2,0.35,50151.4,50062.1,104.9,104.8,7.19,257.3,32.79,50070.5,0.62,32546,1.192,8.12,-81.9,25.085,1.16,11.6
1/29/2021,22:45:00,0,B2,0.32,50167.6,50065.6,104.9,104.9,7.19,258,32.79,50075.1,0.68,32549,1.182,8.12,-82.1,25.097,1.16,11.6
1/29/2021,23:00:00,0,B2,0.32,50154,50069,104.6,104.5,7.16,258.5,32.79,50077,0.67,32550,1.192,8.12,-82,25.081,1.16,11.6
1/29/2021,23:15:00,0,B2,0.33,50148.7,50066.5,104.4,104.3,7.15,258.6,32.79,50074.2,0.69,32548,1.181,8.11,-81.6,25.078,1.16,11.6
1/29/2021,23:30:00,0,B2,0.3,50157.1,50067.2,104.5,104.5,7.16,257.8,32.79,50075.6,0.72,32549,1.185,8.12,-81.9,25.085,1.16,11.6
1/29/2021,23:45:00,0,B2,0.35,50138.6,50067,104.1,104,7.13,257.7,32.79,50073.7,0.72,32548,1.195,8.12,-81.9,25.068,1.16,11.6
1/30/2021,0:00:00,0,B2,0.34,50150.8,50066.3,104.4,104.3,7.15,258.9,32.79,50074.2,0.67,32548,1.188,8.11,-81.3,25.08,1.16,11.6
1/30/2021,0:15:00,0,B2,0.34,50152.5,50064.6,104.4,104.3,7.15,257.2,32.79,50072.8,0.7,32547,1.199,8.12,-81.9,25.083,1.16,11.6
1/30/2021,0:30:00,0,B2,0.35,50151.9,50064.5,104.2,104.1,7.14,258.4,32.79,50072.7,0.75,32547,1.181,8.11,-81.6,25.083,1.16,11.6
1/30/2021,0:45:00,0,B2,0.33,50147.5,50068.9,104.1,104.1,7.13,257.7,32.79,50076.3,0.7,32550,1.199,8.11,-81.8,25.075,1.16,11.6
1/30/2021,1:00:00,0,B2,0.33,50153.4,50066.8,103.9,103.8,7.11,258.5,32.79,50075,0.74,32549,1.192,8.11,-81.6,25.082,1.16,11.6
1/30/2021,1:15:00,0,B2,0.32,50150.5,50067,104,104,7.13,258.1,32.79,50074.8,0.69,32549,1.192,8.11,-81.7,25.079,1.16,11.6
1/30/2021,1:30:00,0,B2,0.35,50148.1,50070.3,103.6,103.6,7.1,258.3,32.79,50077.5,0.72,32550,1.199,8.11,-81.6,25.074,1.16,11.6
1/30/2021,1:45:00,0,B2,0.3,50140.6,50066.9,103.8,103.7,7.11,259.1,32.79,50073.8,0.67,32548,1.188,8.11,-81.4,25.07,1.15,11.6
1/30/2021,2:00:00,0,B2,0.31,50149.9,50071.9,103.7,103.6,7.1,259.1,32.79,50079.2,0.68,32551,1.186,8.11,-81.5,25.074,1.16,11.6
1/30/2021,2:15:00,0,B2,0.32,50148.2,50063.6,103.8,103.7,7.11,258.4,32.79,50071.5,0.74,32546,1.2,8.11,-81.6,25.08,1.15,11.6
1/30/2021,2:30:00,0,B2,0.29,50148,50071.3,103.4,103.4,7.08,259,32.79,50078.5,0.75,32551,1.194,8.11,-81.6,25.073,1.16,11.6
1/30/2021,2:45:00,0,B2,0.31,50145.5,50066.9,103.6,103.5,7.09,259.2,32.79,50074.3,0.64,32548,1.184,8.11,-81.5,25.074,1.16,11.6
1/30/2021,3:00:00,0,B2,0.31,50157,50066.4,103.6,103.6,7.1,259.6,32.79,50074.9,0.68,32549,1.192,8.11,-81.6,25.086,1.16,11.6
1/30/2021,3:15:00,0,B2,0.34,50149.6,50069.8,103.6,103.5,7.1,260.2,32.79,50077.2,0.67,32550,1.194,8.1,-81.2,25.076,1.15,11.6
1/30/2021,3:30:00,0,B2,0.32,50136.8,50073.2,102.9,102.8,7.05,259.9,32.79,50079.2,0.66,32551,1.191,8.11,-81.3,25.06,1.15,11.6
1/30/2021,3:45:00,0,B2,0.3,50150.2,50067.4,103.6,103.5,7.09,259.4,32.79,50075.1,0.72,32549,1.188,8.11,-81.3,25.078,1.15,11.6
1/30/2021,4:00:00,0,B2,0.3,50144.9,50074.3,102.9,102.9,7.05,259.5,32.8,50080.9,0.64,32553,1.197,8.1,-81,25.067,1.15,11.6
1/30/2021,4:15:00,0,B2,0.35,50139.6,50064.7,103.4,103.3,7.08,257.8,32.79,50071.7,0.76,32547,1.186,8.1,-81,25.071,1.15,11.6
1/30/2021,4:30:00,0,B2,0.34,50152.7,50067.8,103.3,103.2,7.07,257.6,32.79,50075.7,0.68,32549,1.188,8.11,-81.3,25.08,1.15,11.6
1/30/2021,4:45:00,0,B2,0.34,50154.4,50065.1,103.2,103.2,7.07,258.6,32.79,50073.4,0.69,32548,1.192,8.1,-81,25.085,1.15,11.6
1/30/2021,5:00:00,0,B2,0.33,50152.3,50065.4,103.3,103.2,7.07,258.1,32.79,50073.6,0.67,32548,1.19,8.11,-81.4,25.082,1.15,11.6
1/30/2021,5:15:00,0,B2,0.31,50154.5,50066.5,103.2,103.1,7.07,259.2,32.79,50074.8,0.68,32549,1.184,8.1,-81,25.083,1.15,11.6
1/30/2021,5:30:00,0,B2,0.35,50156.6,50064.2,103.3,103.2,7.07,260.1,32.79,50072.9,0.83,32547,1.19,8.1,-80.9,25.088,1.15,11.6
1/30/2021,5:45:00,0,B2,0.35,50149.2,50064.3,103.2,103.1,7.07,260.8,32.79,50072.2,0.78,32547,1.19,8.1,-80.9,25.08,1.15,11.6
1/30/2021,6:00:00,0,B2,0.33,50133.4,50059.9,103,102.9,7.05,260.7,32.78,50066.8,0.69,32543,1.183,8.1,-80.8,25.07,1.15,11.6
1/30/2021,6:15:00,0,B2,0.32,50147.6,50075.1,103,102.9,7.06,260.7,32.8,50081.9,0.81,32553,1.191,8.1,-80.8,25.069,1.15,11.6
1/30/2021,6:30:00,0,B2,0.32,50154.7,50069.4,103.1,103.1,7.06,260.6,32.79,50077.3,0.69,32550,1.199,8.1,-80.9,25.081,1.15,11.6
1/30/2021,6:45:00,0,B2,0.33,50136.1,50068.8,102.7,102.6,7.04,260.1,32.79,50075.1,0.69,32549,1.194,8.1,-81,25.064,1.15,11.6
1/30/2021,7:00:00,0,B2,0.33,50152.6,50072.3,103,103,7.06,260.6,32.79,50079.8,0.8,32552,1.188,8.1,-80.9,25.076,1.15,11.6
1/30/2021,7:15:00,0,B2,0.35,50140.9,50068.2,102.7,102.7,7.04,261.3,32.79,50075,0.8,32549,1.195,8.1,-80.6,25.069,1.15,11.6
1/30/2021,7:30:00,0,B2,0.31,50160.8,50071.8,103,102.9,7.05,261.5,32.79,50080.2,0.76,32552,1.187,8.1,-80.7,25.084,1.15,11.6
1/30/2021,7:45:00,0,B2,0.41,50130.8,50063.6,102.7,102.6,7.03,261.7,32.79,50069.9,0.86,32545,1.192,8.1,-80.6,25.064,1.15,11.6
1/30/2021,8:00:00,0,B2,0.38,50144.7,50069.6,103,102.9,7.05,261.7,32.79,50076.6,0.85,32550,1.191,8.09,-80.6,25.071,1.15,11.6
1/30/2021,8:15:00,0,B2,0.37,50151.6,50070.8,103.2,103.2,7.07,261.5,32.79,50078.4,0.86,32551,1.192,8.1,-81,25.077,1.15,11.6
1/30/2021,8:30:00,0,B2,0.42,50154.9,50069.6,103.5,103.5,7.09,262.3,32.79,50077.6,0.87,32550,1.191,8.1,-80.7,25.081,1.15,11.6
1/30/2021,8:45:00,0,B2,0.4,50164.5,50070.4,103.6,103.5,7.09,262.2,32.79,50079.2,0.9,32551,1.19,8.09,-80.6,25.089,1.15,11.6
1/30/2021,9:00:00,0,B2,0.39,50163,50071.5,104,103.9,7.12,261.4,32.79,50080.1,0.97,32552,1.189,8.1,-80.7,25.087,1.15,11.6
1/30/2021,9:15:00,0,B2,0.41,50154.6,50068.5,104.6,104.5,7.16,261.9,32.79,50076.5,0.85,32550,1.184,8.1,-80.8,25.082,1.15,11.6
1/30/2021,9:30:00,0,B2,0.43,50156.5,50069.8,104.9,104.8,7.18,262.4,32.79,50077.9,1.03,32551,1.19,8.1,-80.8,25.082,1.15,11.6
1/30/2021,9:45:00,0,B2,0.48,50155,50071.7,105.3,105.2,7.21,262.6,32.79,50079.5,1.04,32552,1.189,8.1,-80.9,25.079,1.15,11.6
1/30/2021,10:00:00,0,B2,0.45,50152.3,50068.5,106.1,106,7.27,263.2,32.79,50076.3,0.92,32550,1.182,8.1,-81,25.079,1.15,11.6
1/30/2021,10:15:00,0,B2,0.38,50151.5,50069.3,106.6,106.6,7.3,263.4,32.79,50077,0.88,32550,1.192,8.1,-81.1,25.078,1.15,11.6
1/30/2021,10:30:00,0,B2,0.39,50158.9,50071.3,107.6,107.5,7.37,263,32.79,50079.5,0.78,32552,1.2,8.11,-81.5,25.083,1.15,11.6
1/30/2021,10:45:00,0,B2,0.43,50156.3,50069.2,107.4,107.3,7.35,263.4,32.79,50077.3,1,32550,1.191,8.1,-81.1,25.083,1.15,11.6
1/30/2021,11:00:00,0,B2,0.4,50164.2,50071.2,108.3,108.2,7.42,262.5,32.79,50079.9,0.94,32552,1.195,8.11,-81.7,25.088,1.15,11.6
1/30/2021,11:15:00,0,B2,0.37,50168.1,50070.7,109.1,109,7.47,263,32.79,50079.8,0.83,32552,1.201,8.11,-81.6,25.092,1.15,11.6
1/30/2021,11:30:00,0,B2,0.36,50167.7,50066.5,109.3,109.3,7.49,263.3,32.79,50076,0.89,32549,1.192,8.11,-81.7,25.096,1.15,11.6
1/30/2021,11:45:00,0,B2,0.4,50173.6,50069.2,109.6,109.6,7.51,263.8,32.79,50079,0.94,32551,1.191,8.11,-81.7,25.099,1.15,11.6
1/30/2021,12:00:00,0,B2,0.37,50179.3,50067.3,110,109.9,7.53,263.9,32.79,50077.8,0.87,32551,1.189,8.12,-82.1,25.106,1.15,11.6
1/30/2021,12:15:00,0,B2,0.36,50181.8,50065.7,111,110.9,7.6,264.2,32.79,50076.5,0.8,32550,1.201,8.12,-82.3,25.11,1.15,11.6
1/30/2021,12:30:00,0,B2,0.39,50186.2,50066.4,110.8,110.8,7.59,264.1,32.79,50077.6,0.83,32550,1.19,8.12,-82.2,25.114,1.15,11.6
1/30/2021,12:45:00,0,B2,0.37,50191.7,50067.2,111.1,111,7.6,263.8,32.79,50078.9,0.82,32551,1.189,8.13,-82.4,25.118,1.15,11.6
1/30/2021,13:00:00,0,B2,0.37,50193.5,50064.4,112,111.9,7.66,263.6,32.79,50076.5,0.77,32550,1.189,8.13,-82.7,25.122,1.15,11.6
1/30/2021,13:15:00,0,B2,0.38,50200.5,50067.7,112.2,112.1,7.68,264,32.79,50080.1,0.76,32552,1.188,8.13,-82.6,25.126,1.15,11.6
1/30/2021,13:30:00,0,B2,0.4,50198.8,50063.8,112.6,112.5,7.7,263.7,32.79,50076.4,0.86,32550,1.181,8.13,-82.8,25.128,1.15,11.6
1/30/2021,13:45:00,0,B2,0.36,50205.6,50068.3,112.3,112.3,7.69,263.2,32.79,50081.2,0.74,32553,1.183,8.13,-82.8,25.13,1.15,11.6
1/30/2021,14:00:00,0,B2,0.36,50206.5,50067.6,112.4,112.3,7.69,263.1,32.79,50080.7,0.83,32552,1.201,8.13,-82.9,25.132,1.15,11.6
1/30/2021,14:15:00,0,B2,0.32,50209.1,50067.5,113.1,113,7.74,263.4,32.79,50080.8,0.74,32553,1.194,8.13,-83,25.134,1.15,11.6
1/30/2021,14:30:00,0,B2,0.34,50207.8,50067.1,112.8,112.8,7.72,262.7,32.79,50080.3,0.73,32552,1.188,8.14,-83.3,25.133,1.15,11.6
1/30/2021,14:45:00,0,B2,0.34,50204.9,50064.6,112.7,112.6,7.71,263.4,32.79,50077.8,0.73,32551,1.191,8.14,-83.1,25.133,1.15,11.6
1/30/2021,15:00:00,0,B2,0.3,50207.6,50067.7,112.9,112.8,7.73,263,32.79,50080.8,0.66,32553,1.192,8.14,-83.3,25.133,1.15,11.6
1/30/2021,15:15:00,0,B2,0.4,50206.8,50068.5,112.5,112.5,7.7,263.2,32.79,50081.4,0.81,32553,1.19,8.14,-83.2,25.131,1.15,11.6
1/30/2021,15:30:00,0,B2,0.38,50204.8,50068.4,112.7,112.7,7.72,263.3,32.79,50081.2,0.85,32553,1.194,8.14,-83.3,25.129,1.15,11.6
1/30/2021,15:45:00,0,B2,0.44,50199.6,50068.3,112.4,112.3,7.69,260,32.79,50080.6,0.88,32552,1.198,8.14,-83.2,25.124,1.15,11.6
1/30/2021,16:00:00,0,B2,0.38,50199.3,50069.4,112.2,112.1,7.68,261.2,32.79,50081.6,0.67,32553,1.191,8.14,-83.3,25.123,1.15,11.6
1/30/2021,16:15:00,0,B2,0.37,50196.6,50069.3,112.3,112.2,7.69,261.8,32.79,50081.2,0.75,32553,1.189,8.14,-83.6,25.121,1.15,11.6
1/30/2021,16:30:00,0,B2,0.39,50191,50065,111.8,111.7,7.65,262.6,32.79,50076.8,0.83,32550,1.181,8.14,-83.4,25.119,1.15,11.6
1/30/2021,16:45:00,0,B2,0.38,50188.5,50065.1,111.6,111.5,7.64,263.2,32.79,50076.7,0.74,32550,1.199,8.14,-83.3,25.117,1.15,11.6
1/30/2021,17:00:00,0,B2,0.35,50185.5,50064.3,111.2,111.1,7.61,263.4,32.79,50075.7,0.74,32549,1.186,8.14,-83.4,25.115,1.15,11.6
1/30/2021,17:15:00,0,B2,0.37,50186.1,50066.7,111,110.9,7.6,262.9,32.79,50077.9,0.78,32551,1.184,8.14,-83.6,25.113,1.15,11.6
1/30/2021,17:30:00,0,B2,0.34,50177.8,50064.4,110.8,110.7,7.58,262.8,32.79,50075,0.77,32549,1.183,8.15,-83.6,25.108,1.15,11.6
1/30/2021,17:45:00,0,B2,0.33,50177.3,50068,110.5,110.4,7.57,263,32.79,50078.3,0.7,32551,1.187,8.14,-83.6,25.104,1.15,11.6
1/30/2021,18:00:00,0,B2,0.32,50172.2,50063.9,110.2,110.1,7.54,263.1,32.79,50074,0.68,32548,1.189,8.14,-83.4,25.103,1.15,11.6
1/30/2021,18:15:00,0,B2,0.34,50167.6,50065.2,109.9,109.8,7.52,262.8,32.79,50074.7,0.67,32549,1.188,8.14,-83.5,25.097,1.15,11.6
1/30/2021,18:30:00,0,B2,0.33,50160.6,50063.9,109.7,109.6,7.51,262.9,32.79,50072.9,0.73,32547,1.182,8.14,-83.5,25.092,1.15,11.6
1/30/2021,18:45:00,0,B2,0.31,50154.6,50066.3,109.3,109.2,7.49,263.2,32.79,50074.5,0.78,32548,1.184,8.14,-83.4,25.084,1.15,11.6
1/30/2021,19:00:00,0,B2,0.36,50155.7,50069.5,109,108.9,7.46,263.2,32.79,50077.6,0.86,32550,1.183,8.14,-83.2,25.082,1.15,11.6
1/30/2021,19:15:00,0,B2,0.33,50140.1,50067.1,108.7,108.6,7.45,263.3,32.79,50073.9,0.67,32548,1.192,8.14,-83,25.069,1.15,11.6
1/30/2021,19:30:00,0,B2,0.31,50134.4,50067.6,108.3,108.2,7.42,262.4,32.79,50073.8,0.72,32548,1.2,8.14,-83.2,25.063,1.15,11.6
1/30/2021,19:45:00,0,B2,0.31,50134.2,50068.8,108.2,108.1,7.41,262.3,32.79,50074.9,0.65,32549,1.182,8.14,-83.2,25.062,1.15,11.6
1/30/2021,20:00:00,0,B2,0.31,50131.9,50075,107.7,107.6,7.38,262.1,32.8,50080.3,0.7,32552,1.192,8.14,-83.3,25.054,1.15,11.6
1/30/2021,20:15:00,0,B2,0.32,50132.3,50071.7,107.7,107.7,7.38,262.7,32.79,50077.4,0.67,32550,1.19,8.13,-83,25.057,1.15,11.6
1/30/2021,20:30:00,0,B2,0.32,50133.1,50069.3,107.5,107.4,7.36,262.4,32.79,50075.2,0.69,32549,1.181,8.14,-83.3,25.06,1.15,11.6
1/30/2021,20:45:00,0,B2,0.32,50123.4,50068.1,107.3,107.3,7.36,262.8,32.79,50073.3,0.69,32548,1.2,8.14,-83.1,25.052,1.15,11.6
1/30/2021,21:00:00,0,B2,0.33,50131,50066.7,107.2,107.1,7.34,263,32.79,50072.7,0.68,32547,1.2,8.13,-82.9,25.061,1.15,11.6
1/30/2021,21:15:00,0,B2,0.32,50119.6,50063.5,106.7,106.6,7.31,262.5,32.79,50068.8,0.62,32545,1.189,8.13,-82.9,25.053,1.15,11.6
1/30/2021,21:30:00,0,B2,0.3,50133.6,50071.6,106.6,106.6,7.31,262.1,32.79,50077.4,0.7,32550,1.192,8.13,-83,25.059,1.15,11.6
1/30/2021,21:45:00,0,B2,0.34,50135.8,50070.4,106.5,106.4,7.29,262.3,32.79,50076.5,0.69,32550,1.198,8.13,-82.9,25.062,1.15,11.6
1/30/2021,22:00:00,0,B2,0.34,50137.4,50067,106.2,106.2,7.28,262.1,32.79,50073.6,0.72,32548,1.182,8.13,-82.9,25.067,1.15,11.6
1/30/2021,22:15:00,0,B2,0.35,50119.4,50059.6,106.1,106,7.27,262.2,32.78,50065.2,0.75,32542,1.187,8.13,-82.8,25.057,1.15,11.6
1/30/2021,22:30:00,0,B2,0.33,50136.3,50078.3,105.9,105.8,7.26,261.8,32.8,50083.8,0.7,32554,1.181,8.13,-82.7,25.055,1.15,11.6
1/30/2021,22:45:00,0,B2,0.36,50132.8,50072.8,105.8,105.7,7.25,261.2,32.79,50078.4,0.73,32551,1.19,8.13,-82.8,25.057,1.15,11.6
1/30/2021,23:00:00,0,B2,0.33,50137.2,50074.6,105.8,105.7,7.25,258.8,32.8,50080.5,0.7,32552,1.193,8.13,-82.7,25.059,1.15,11.6
1/30/2021,23:15:00,0,B2,0.32,50121,50060.7,105.6,105.5,7.23,260.4,32.78,50066.3,0.71,32543,1.189,8.13,-82.6,25.057,1.15,11.6
1/30/2021,23:30:00,0,B2,0.33,50141.7,50068,105.4,105.3,7.22,260.9,32.79,50074.9,0.72,32549,1.191,8.13,-82.4,25.07,1.15,11.6
1/30/2021,23:45:00,0,B2,0.33,50149.3,50071.4,105.4,105.3,7.22,260.8,32.79,50078.7,0.63,32551,1.183,8.13,-82.6,25.074,1.15,11.6
1/31/2021,0:00:00,0,B2,0.33,50138.9,50070.2,105,105,7.2,261.2,32.79,50076.7,0.78,32550,1.185,8.13,-82.5,25.065,1.15,11.6
1/31/2021,0:15:00,0,B2,0.34,50138.8,50073.2,105,104.9,7.19,261.5,32.79,50079.4,0.67,32552,1.187,8.12,-82.4,25.062,1.15,11.6
1/31/2021,0:30:00,0,B2,0.33,50132.9,50065.6,104.9,104.8,7.19,261.4,32.79,50071.9,0.71,32547,1.185,8.13,-82.5,25.064,1.15,11.6
1/31/2021,0:45:00,0,B2,0.32,50145.1,50071.2,104.9,104.8,7.19,261.7,32.79,50078.1,0.66,32551,1.189,8.13,-82.5,25.07,1.15,11.6
1/31/2021,1:00:00,0,B2,0.32,50130.3,50066,104.8,104.7,7.18,262,32.79,50072,0.65,32547,1.197,8.13,-82.4,25.061,1.15,11.6
1/31/2021,1:15:00,0,B2,0.31,50147.8,50073.1,104.7,104.6,7.17,262.2,32.79,50080.1,0.73,32552,1.191,8.12,-82.3,25.071,1.15,11.6
1/31/2021,1:30:00,0,B2,0.34,50144.1,50077.7,104.4,104.3,7.15,261.9,32.8,50083.9,0.71,32555,1.184,8.12,-82.3,25.063,1.15,11.6
1/31/2021,1:45:00,0,B2,0.35,50140.7,50070,104.2,104.2,7.14,262.1,32.79,50076.6,0.7,32550,1.192,8.12,-82.3,25.067,1.15,11.6
1/31/2021,2:00:00,0,B2,0.33,50151,50074.4,104.4,104.3,7.15,262.1,32.8,50081.6,0.77,32553,1.196,8.12,-82.4,25.073,1.15,11.6
1/31/2021,2:15:00,0,B2,0.33,50152.8,50072.7,104.4,104.3,7.15,261.5,32.79,50080.2,0.76,32552,1.181,8.12,-82.2,25.076,1.15,11.6
1/31/2021,2:30:00,0,B2,0.32,50133.4,50071.2,104,103.9,7.13,256.9,32.79,50077,0.73,32550,1.185,8.12,-82.3,25.059,1.15,11.6
1/31/2021,2:45:00,0,B2,0.32,50138.8,50071.7,104.1,104.1,7.13,259.4,32.79,50078,0.64,32551,1.194,8.12,-82.1,25.064,1.15,11.6
1/31/2021,3:00:00,0,B2,0.34,50152.7,50072.3,104.1,104.1,7.13,260.6,32.79,50079.8,0.7,32552,1.181,8.12,-82.1,25.076,1.15,11.6
1/31/2021,3:15:00,0,B2,0.35,50155.1,50075.1,104,104,7.12,261.4,32.8,50082.6,0.7,32554,1.184,8.12,-82,25.076,1.15,11.6
1/31/2021,3:30:00,0,B2,0.33,50157.6,50082.8,103.9,103.8,7.12,261.8,32.8,50089.8,0.7,32558,1.201,8.12,-82,25.071,1.15,11.6
1/31/2021,3:45:00,0,B2,0.35,50150.3,50077.9,103.9,103.8,7.12,262,32.8,50084.7,0.74,32555,1.182,8.12,-82,25.069,1.15,11.6
1/31/2021,4:00:00,0,B2,0.31,50138,50074.2,103.6,103.6,7.1,261.7,32.8,50080.2,0.72,32552,1.191,8.12,-82.2,25.06,1.15,11.6
1/31/2021,4:15:00,0,B2,0.33,50142.3,50073.3,103.8,103.7,7.11,256.4,32.79,50079.8,0.76,32552,1.19,8.12,-82.1,25.065,1.15,11.6
1/31/2021,4:30:00,0,B2,0.33,50153.6,50072.4,103.7,103.7,7.1,259.5,32.79,50080,0.76,32552,1.189,8.12,-82.1,25.077,1.15,11.6
1/31/2021,4:45:00,0,B2,0.33,50146.9,50073.5,103.5,103.4,7.09,261,32.79,50080.4,0.72,32552,1.195,8.12,-81.8,25.07,1.15,11.6
1/31/2021,5:00:00,0,B2,0.34,50159.3,50080.1,103.7,103.7,7.11,261.6,32.8,50087.5,0.76,32557,1.187,8.11,-81.8,25.075,1.15,11.6
1/31/2021,5:15:00,0,B2,0.35,50152.5,50073.1,103.4,103.4,7.08,261.6,32.79,50080.5,0.78,32552,1.183,8.12,-82.1,25.075,1.15,11.6
1/31/2021,5:30:00,0,B2,0.32,50141.5,50075.9,103.5,103.5,7.09,262,32.8,50082,0.78,32553,1.181,8.12,-82.1,25.062,1.15,11.6
1/31/2021,5:45:00,0,B2,0.32,50153.1,50073.4,103.7,103.6,7.1,262.5,32.8,50080.8,0.76,32553,1.201,8.11,-81.7,25.076,1.15,11.6
1/31/2021,6:00:00,0,B2,0.31,50145.9,50075.7,103.4,103.3,7.08,262.4,32.8,50082.3,0.69,32553,1.199,8.12,-81.9,25.067,1.14,11.6
1/31/2021,6:15:00,0,B2,0.36,50150.9,50074.4,103.5,103.5,7.09,262.7,32.8,50081.5,0.84,32553,1.191,8.11,-81.7,25.073,1.15,11.6
1/31/2021,6:30:00,0,B2,0.56,50154.8,50072.3,103.5,103.5,7.09,262.7,32.79,50080,0.72,32552,1.189,8.11,-81.7,25.078,1.15,11.6
1/31/2021,6:45:00,0,B2,0.32,50153,50082.2,103.4,103.3,7.08,263.3,32.8,50088.8,0.71,32558,1.199,8.11,-81.7,25.067,1.14,11.6
1/31/2021,7:00:00,0,B2,0.36,50147.7,50070.8,103.3,103.2,7.07,263.8,32.79,50078,0.75,32551,1.184,8.11,-81.7,25.073,1.15,11.6
1/31/2021,7:15:00,0,B2,0.33,50146.6,50081.9,103,102.9,7.05,263.7,32.8,50088,0.75,32557,1.192,8.11,-81.4,25.061,1.15,11.6
1/31/2021,7:30:00,0,B2,0.35,50146.5,50077.3,103,102.9,7.06,262.9,32.8,50083.7,0.83,32554,1.189,8.11,-81.4,25.066,1.14,11.6
1/31/2021,7:45:00,0,B2,0.41,50152.9,50073.1,103.1,103,7.06,261.8,32.8,50080.6,0.89,32552,1.188,8.11,-81.6,25.076,1.14,11.6
1/31/2021,8:00:00,0,B2,0.41,50157.1,50079,103.3,103.3,7.08,262.1,32.8,50086.3,0.85,32556,1.198,8.11,-81.4,25.074,1.15,11.6
1/31/2021,8:15:00,0,B2,0.4,50153.4,50078.8,103.5,103.4,7.09,262.6,32.8,50085.8,0.97,32556,1.195,8.11,-81.4,25.071,1.14,11.6
1/31/2021,8:30:00,0,B2,0.41,50155.8,50074.7,103.6,103.6,7.1,262.3,32.8,50082.3,0.94,32553,1.191,8.11,-81.4,25.077,1.14,11.6
1/31/2021,8:45:00,0,B2,0.41,50162.8,50076.5,103.9,103.8,7.12,262.1,32.8,50084.5,0.9,32555,1.181,8.11,-81.5,25.082,1.14,11.6
1/31/2021,9:00:00,0,B2,0.44,50163.5,50078.7,104.3,104.2,7.14,262.3,32.8,50086.6,0.99,32556,1.181,8.11,-81.4,25.08,1.14,11.6
1/31/2021,9:15:00,0,B2,0.42,50160.1,50075,104.5,104.5,7.16,262.9,32.8,50083,0.97,32554,1.189,8.1,-81.2,25.081,1.15,11.6
1/31/2021,9:30:00,0,B2,0.45,50160.9,50075.6,105.4,105.3,7.22,262.5,32.8,50083.6,1.1,32554,1.195,8.11,-81.6,25.081,1.14,11.6
1/31/2021,9:45:00,0,B2,0.44,50162.5,50077.8,105.7,105.6,7.24,263.1,32.8,50085.8,1.07,32556,1.196,8.11,-81.6,25.08,1.14,11.6
1/31/2021,10:00:00,0,B2,0.44,50160.9,50076.6,106.8,106.7,7.31,263.4,32.8,50084.5,1,32555,1.19,8.11,-81.8,25.08,1.14,11.6
1/31/2021,10:15:00,0,B2,0.41,50167.5,50076.2,107,107,7.33,263.4,32.8,50084.7,0.93,32555,1.19,8.12,-82.1,25.087,1.14,11.6
1/31/2021,10:30:00,0,B2,0.44,50169.8,50076.7,107,107,7.33,264.2,32.8,50085.4,0.94,32556,1.197,8.12,-81.9,25.088,1.14,11.6
1/31/2021,10:45:00,0,B2,0.44,50174.6,50075,108.3,108.2,7.42,264.8,32.8,50084.4,0.98,32555,1.189,8.12,-82,25.094,1.14,11.6
1/31/2021,11:00:00,0,B2,0.42,50176.5,50072.5,108.6,108.6,7.44,263.6,32.8,50082.2,0.99,32553,1.191,8.13,-82.5,25.099,1.14,11.6
1/31/2021,11:15:00,0,B2,0.39,50181.6,50071.8,108.7,108.7,7.44,264.3,32.8,50082.1,0.86,32553,1.194,8.12,-82.4,25.104,1.14,11.6
1/31/2021,11:30:00,0,B2,0.39,50185.3,50071,109.1,109,7.47,264.4,32.8,50081.7,0.95,32553,1.192,8.12,-82.4,25.108,1.14,11.6
1/31/2021,11:45:00,0,B2,0.38,50196.3,50069,110.3,110.2,7.55,264.6,32.79,50080.9,0.97,32553,1.193,8.13,-82.7,25.121,1.14,11.6
1/31/2021,12:00:00,0,B2,0.36,50201.4,50066.6,110.8,110.7,7.58,264.7,32.79,50079.2,0.9,32552,1.191,8.13,-82.9,25.128,1.14,11.6
1/31/2021,12:15:00,0,B2,0.38,50205.7,50067.4,110.9,110.8,7.59,264.5,32.79,50080.4,0.9,32552,1.197,8.13,-83,25.131,1.14,11.6
1/31/2021,12:30:00,0,B2,0.43,50211,50067.1,111.5,111.4,7.63,264.3,32.79,50080.6,1.02,32552,1.186,8.13,-83,25.136,1.14,11.6
1/31/2021,12:45:00,0,B2,0.41,50213.6,50065.1,111.6,111.5,7.63,264.4,32.79,50079,0.87,32551,1.19,8.14,-83.3,25.141,1.14,11.6
1/31/2021,13:00:00,0,B2,0.38,50221.3,50064.9,112.1,112.1,7.67,264.9,32.79,50079.6,0.83,32552,1.193,8.14,-83.3,25.148,1.14,11.6
1/31/2021,13:15:00,0,B2,0.4,50228.4,50065.3,112.7,112.6,7.71,265,32.79,50080.6,0.87,32552,1.191,8.14,-83.3,25.155,1.14,11.6
1/31/2021,13:30:00,0,B2,0.39,50222.1,50062.5,112.9,112.8,7.72,264.6,32.79,50077.5,0.87,32550,1.186,8.14,-83.5,25.151,1.14,11.6
1/31/2021,13:45:00,0,B2,0.37,50227.3,50066,112.7,112.6,7.71,264.1,32.79,50081.1,0.79,32553,1.19,8.15,-83.8,25.153,1.14,11.6
1/31/2021,14:00:00,0,B2,0.34,50223.7,50064.1,112.8,112.7,7.71,264.4,32.79,50079,0.78,32551,1.197,8.15,-83.7,25.151,1.14,11.6
1/31/2021,14:15:00,0,B2,0.41,50227,50066.4,112.9,112.8,7.72,264.4,32.79,50081.4,0.81,32553,1.192,8.15,-83.7,25.152,1.14,11.6
1/31/2021,14:30:00,0,B2,0.37,50228.3,50065.5,113.1,113,7.74,264.5,32.79,50080.8,0.81,32552,1.186,8.15,-83.9,25.154,1.14,11.6
1/31/2021,14:45:00,0,B2,0.38,50230.9,50065.8,113.3,113.2,7.75,263.4,32.79,50081.3,0.89,32553,1.184,8.15,-84.1,25.156,1.14,11.6
1/31/2021,15:00:00,0,B2,0.36,50231.4,50066.3,113.2,113.1,7.74,264.1,32.79,50081.7,0.77,32553,1.195,8.15,-84,25.156,1.14,11.6
1/31/2021,15:15:00,0,B2,0.39,50231.4,50066.5,113.1,113,7.73,264.5,32.79,50081.9,0.78,32553,1.185,8.15,-84,25.156,1.14,11.6
1/31/2021,15:30:00,0,B2,0.37,50227.8,50064.3,112.6,112.5,7.7,264.8,32.79,50079.6,0.81,32552,1.185,8.15,-84,25.155,1.14,11.6
1/31/2021,15:45:00,0,B2,0.34,50228.4,50065.5,112.6,112.5,7.7,265.4,32.79,50080.7,0.75,32552,1.191,8.15,-84,25.154,1.14,11.6
1/31/2021,16:00:00,0,B2,0.38,50230.7,50067.5,112.3,112.3,7.68,265.3,32.79,50082.8,0.8,32554,1.191,8.15,-84.1,25.155,1.14,11.6
1/31/2021,16:15:00,0,B2,0.41,50229.6,50068.5,112.3,112.2,7.68,265.6,32.8,50083.6,0.83,32554,1.195,8.15,-83.9,25.153,1.14,11.6
1/31/2021,16:30:00,0,B2,0.35,50229.4,50068.5,111.8,111.7,7.65,264.3,32.8,50083.6,0.82,32554,1.19,8.16,-84.3,25.152,1.14,11.6
1/31/2021,16:45:00,0,B2,0.37,50224.3,50064.8,111.7,111.6,7.64,264.9,32.79,50079.7,0.82,32552,1.195,8.15,-84,25.151,1.14,11.6
1/31/2021,17:00:00,0,B2,0.35,50223.8,50064.9,111.4,111.3,7.62,264.8,32.79,50079.8,0.7,32552,1.183,8.15,-84,25.151,1.14,11.6
1/31/2021,17:15:00,0,B2,0.35,50222.5,50064.8,111.1,111,7.6,264.4,32.79,50079.6,0.73,32552,1.186,8.16,-84.3,25.149,1.14,11.6
1/31/2021,17:30:00,0,B2,0.33,50222.4,50065.8,110.9,110.8,7.59,264.8,32.79,50080.5,0.77,32552,1.2,8.15,-84.1,25.148,1.14,11.6
1/31/2021,17:45:00,0,B2,0.37,50218.7,50063.8,110.7,110.6,7.57,264.5,32.79,50078.3,0.72,32551,1.192,8.15,-84.2,25.147,1.14,11.6
1/31/2021,18:00:00,0,B2,0.35,50216.6,50064.6,110.6,110.5,7.56,264.3,32.79,50078.8,0.77,32551,1.191,8.16,-84.3,25.144,1.14,11.6
1/31/2021,18:15:00,0,B2,0.35,50213.3,50063.5,110.1,110,7.53,262.8,32.79,50077.5,0.67,32550,1.199,8.15,-84.1,25.142,1.14,11.6
1/31/2021,18:30:00,0,B2,0.36,50211.4,50065.3,109.8,109.7,7.51,263.4,32.79,50079,0.71,32551,1.189,8.15,-84.2,25.138,1.14,11.6
1/31/2021,18:45:00,0,B2,0.39,50207.1,50063.7,109.5,109.4,7.49,263.8,32.79,50077.2,0.92,32550,1.188,8.15,-84,25.136,1.14,11.6
1/31/2021,19:00:00,0,B2,0.34,50207.2,50066.5,109.5,109.4,7.49,263.5,32.79,50079.7,0.76,32552,1.182,8.15,-83.9,25.133,1.14,11.6
1/31/2021,19:15:00,0,B2,0.4,50198.5,50063.9,109.1,109,7.47,263.3,32.79,50076.5,0.82,32550,1.191,8.15,-84.1,25.128,1.14,11.6
1/31/2021,19:30:00,0,B2,0.36,50191.3,50065.4,108.6,108.5,7.43,263.2,32.79,50077.2,0.8,32550,1.189,8.15,-83.9,25.119,1.14,11.6
1/31/2021,19:45:00,0,B2,0.34,50188.2,50064.5,108.5,108.4,7.42,263.3,32.79,50076.1,0.78,32549,1.192,8.15,-84,25.117,1.14,11.6
1/31/2021,20:00:00,0,B2,0.32,50181.9,50065.1,108.4,108.3,7.42,258.8,32.79,50076,0.73,32549,1.194,8.15,-84,25.111,1.14,11.6
1/31/2021,20:15:00,0,B2,0.32,50179.4,50066.2,108,107.9,7.39,261,32.79,50076.8,0.74,32550,1.185,8.15,-83.8,25.107,1.14,11.6
1/31/2021,20:30:00,0,B2,0.36,50167.9,50065.2,107.4,107.4,7.36,261.8,32.79,50074.8,0.77,32549,1.19,8.15,-83.7,25.097,1.14,11.6
1/31/2021,20:45:00,0,B2,0.34,50172,50069.4,107.5,107.4,7.36,262.4,32.79,50079,0.77,32551,1.19,8.14,-83.6,25.097,1.14,11.6
1/31/2021,21:00:00,0,B2,0.37,50166,50070.4,107.4,107.3,7.35,261.6,32.79,50079.4,0.79,32552,1.192,8.15,-83.9,25.091,1.14,11.6
1/31/2021,21:15:00,0,B2,0.33,50155.9,50069.7,107.1,107,7.33,261.5,32.79,50077.7,0.83,32551,1.19,8.15,-83.8,25.082,1.14,11.6
1/31/2021,21:30:00,0,B2,0.32,50151.5,50069.6,106.9,106.9,7.33,262.3,32.79,50077.3,0.78,32550,1.188,8.15,-83.7,25.078,1.14,11.6
1/31/2021,21:45:00,0,B2,0.35,50144.8,50069.5,106.7,106.6,7.31,262,32.79,50076.5,0.77,32550,1.19,8.14,-83.6,25.071,1.14,11.6
1/31/2021,22:00:00,0,B2,0.33,50138.1,50070.2,106.5,106.5,7.3,262.4,32.79,50076.5,0.78,32550,1.184,8.14,-83.6,25.064,1.14,11.6
1/31/2021,22:15:00,0,B2,0.34,50133.7,50071.3,106.5,106.4,7.3,260.8,32.79,50077.2,0.68,32550,1.197,8.14,-83.5,25.059,1.14,11.6
1/31/2021,22:30:00,0,B2,0.32,50129.8,50071.2,106.4,106.3,7.29,261.9,32.79,50076.7,0.73,32550,1.192,8.14,-83.6,25.055,1.14,11.6
1/31/2021,22:45:00,0,B2,0.32,50124.9,50071.9,106,105.9,7.26,262.5,32.79,50076.9,0.74,32550,1.195,8.14,-83.5,25.05,1.14,11.6
1/31/2021,23:00:00,0,B2,0.35,50131.5,50072.2,106.1,106,7.27,263.1,32.79,50077.7,0.76,32551,1.195,8.14,-83.4,25.056,1.14,11.6
1/31/2021,23:15:00,0,B2,0.34,50128.1,50074.2,105.8,105.7,7.25,263.5,32.79,50079.3,0.71,32552,1.198,8.14,-83.5,25.051,1.14,11.6
1/31/2021,23:30:00,0,B2,0.35,50124,50073.2,105.3,105.2,7.21,263.5,32.79,50077.9,0.78,32551,1.197,8.14,-83.3,25.048,1.14,11.6
1/31/2021,23:45:00,0,B2,0.34,50126.9,50069.6,105.5,105.4,7.23,263.8,32.79,50075,0.78,32549,1.199,8.14,-83.4,25.054,1.14,11.6
2/1/2021,0:00:00,0,B2,0.32,50125.4,50071.3,105.1,105,7.2,263.7,32.79,50076.3,0.81,32550,1.199,8.14,-83.3,25.051,1.14,11.6
2/1/2021,0:15:00,0,B2,0.33,50130.5,50069.4,105.4,105.3,7.22,263.9,32.79,50075.1,0.79,32549,1.196,8.14,-83.2,25.058,1.14,11.6
2/1/2021,0:30:00,0,B2,0.32,50131.2,50071,105.3,105.2,7.21,263.8,32.79,50076.6,0.77,32550,1.195,8.14,-83.3,25.057,1.14,11.6
2/1/2021,0:45:00,0,B2,0.34,50135.8,50071.3,105,104.9,7.19,264,32.79,50077.4,0.75,32550,1.188,8.14,-83.2,25.061,1.14,11.6
2/1/2021,1:00:00,0,B2,0.35,50119.7,50068.9,104.9,104.8,7.18,263.5,32.79,50073.6,0.78,32548,1.19,8.14,-83.3,25.048,1.14,11.6
2/1/2021,1:15:00,0,B2,0.34,50135.3,50073.2,104.9,104.8,7.19,264.4,32.79,50079,0.73,32551,1.192,8.13,-83,25.059,1.14,11.6
2/1/2021,1:30:00,0,B2,0.35,50131,50066.4,104.8,104.7,7.18,264.1,32.79,50072.4,0.76,32547,1.195,8.14,-83.2,25.061,1.14,11.6
2/1/2021,1:45:00,0,B2,0.32,50130.8,50069.8,104.7,104.6,7.17,263.8,32.79,50075.5,0.77,32549,1.192,8.14,-83.2,25.058,1.14,11.6
2/1/2021,2:00:00,0,B2,0.34,50136.7,50069.4,104.7,104.7,7.17,264.2,32.79,50075.7,0.73,32549,1.196,8.14,-83,25.064,1.14,11.6
2/1/2021,2:15:00,0,B2,0.35,50138.6,50072.2,104.6,104.5,7.16,263.4,32.79,50078.4,0.76,32551,1.191,8.14,-83.1,25.063,1.14,11.6
2/1/2021,2:30:00,0,B2,0.32,50135.4,50071.6,104.5,104.4,7.16,264.1,32.79,50077.6,0.77,32550,1.183,8.13,-82.8,25.06,1.14,11.6
2/1/2021,2:45:00,0,B2,0.32,50135,50068.5,104.5,104.4,7.16,263.1,32.79,50074.7,0.74,32549,1.19,8.14,-83.2,25.063,1.14,11.6
2/1/2021,3:00:00,0,B2,0.35,50136.2,50070.8,104.5,104.4,7.16,263.8,32.79,50077,0.72,32550,1.189,8.13,-82.9,25.062,1.14,11.6
2/1/2021,3:15:00,0,B2,0.32,50134.7,50069.5,104.2,104.2,7.14,263.7,32.79,50075.6,0.81,32549,1.185,8.13,-82.9,25.062,1.14,11.6
2/1/2021,3:30:00,0,B2,0.35,50140.6,50071.1,104.3,104.2,7.14,263.6,32.79,50077.6,0.69,32550,1.189,8.13,-82.9,25.066,1.14,11.6
2/1/2021,3:45:00,0,B2,0.32,50131,50073.7,104.1,104.1,7.14,264.3,32.79,50079.1,0.78,32551,1.198,8.13,-82.6,25.054,1.14,11.6
2/1/2021,4:00:00,0,B2,0.32,50134.5,50072.4,103.9,103.8,7.12,262.9,32.79,50078.2,0.71,32551,1.183,8.13,-83,25.059,1.14,11.6
2/1/2021,4:15:00,0,B2,0.32,50137,50070.3,104.1,104.1,7.13,264.1,32.79,50076.6,0.76,32550,1.193,8.13,-82.7,25.063,1.14,11.6
2/1/2021,4:30:00,0,B2,0.33,50139.5,50069.6,104,103.9,7.12,264.4,32.79,50076.1,0.73,32549,1.185,8.13,-82.6,25.066,1.14,11.6
2/1/2021,4:45:00,0,B2,0.32,50144.7,50077.4,103.9,103.8,7.12,264.8,32.8,50083.7,0.74,32554,1.19,8.13,-82.4,25.064,1.14,11.6
2/1/2021,5:00:00,0,B2,0.37,50132.7,50066.9,103.8,103.7,7.11,262.7,32.79,50073.1,0.76,32548,1.191,8.13,-82.8,25.062,1.14,11.6
2/1/2021,5:15:00,0,B2,0.37,50134.9,50071.2,103.6,103.6,7.1,263.5,32.79,50077.2,0.73,32550,1.191,8.12,-82.4,25.06,1.14,11.6
2/1/2021,5:30:00,0,B2,0.31,50141.3,50070.8,103.8,103.7,7.11,262.3,32.79,50077.4,0.78,32550,1.195,8.13,-82.8,25.067,1.14,11.6
2/1/2021,5:45:00,0,B2,0.34,50145,50072.8,103.7,103.6,7.1,263.7,32.79,50079.5,0.78,32552,1.192,8.12,-82.4,25.069,1.14,11.6
2/1/2021,6:00:00,0,B2,0.34,50140.4,50068.2,103.7,103.6,7.1,263.2,32.79,50074.9,0.78,32549,1.188,8.13,-82.7,25.068,1.14,11.6
2/1/2021,6:15:00,0,B2,0.34,50144.2,50072.7,103.8,103.7,7.11,264.3,32.79,50079.4,0.74,32552,1.201,8.13,-82.6,25.068,1.14,11.6
2/1/2021,6:30:00,0,B2,0.32,50142.6,50071.5,103.6,103.6,7.1,264.5,32.79,50078.1,0.68,32551,1.192,8.13,-82.6,25.067,1.14,11.6
2/1/2021,6:45:00,0,B2,0.36,50144.5,50076.2,103.2,103.2,7.07,265,32.8,50082.6,0.78,32554,1.19,8.12,-82.3,25.065,1.14,11.6
2/1/2021,7:00:00,0,B2,0.32,50144.3,50073.5,103.5,103.4,7.09,264.2,32.79,50080.1,0.77,32552,1.192,8.13,-82.5,25.067,1.14,11.6
2/1/2021,7:15:00,0,B2,0.35,50135.8,50074.1,103.3,103.2,7.08,264.7,32.79,50079.9,0.79,32552,1.189,8.12,-82.1,25.058,1.14,11.6
2/1/2021,7:30:00,0,B2,0.35,50139.2,50072.5,103.5,103.4,7.09,260.2,32.79,50078.7,0.8,32551,1.187,8.13,-82.4,25.063,1.14,11.6
2/1/2021,7:45:00,0,B2,0.39,50142.8,50074.2,103.6,103.5,7.1,262.5,32.8,50080.6,0.8,32552,1.198,8.12,-82.3,25.065,1.14,11.6
2/1/2021,8:00:00,0,B2,0.37,50147.5,50073.9,103.6,103.5,7.09,264.3,32.8,50080.8,0.85,32553,1.189,8.12,-82,25.07,1.14,11.6
2/1/2021,8:15:00,0,B2,0.43,50134.5,50070.1,103.3,103.2,7.08,263.7,32.79,50076.1,0.98,32549,1.184,8.12,-82.4,25.061,1.14,11.6
2/1/2021,8:30:00,0,B2,0.43,50139.6,50070.6,103.5,103.5,7.09,264.8,32.79,50077,0.98,32550,1.192,8.12,-82.1,25.065,1.14,11.6
2/1/2021,8:45:00,0,B2,0.48,50142.6,50069.8,103.9,103.8,7.11,264.9,32.79,50076.6,1.06,32550,1.193,8.12,-82.3,25.069,1.14,11.6
2/1/2021,9:00:00,0,B2,0.45,50141.7,50070.2,103.9,103.9,7.12,265.5,32.79,50076.9,1.04,32550,1.192,8.12,-82,25.068,1.14,11.6
2/1/2021,9:15:00,0,B2,0.54,50145.1,50070.1,104.6,104.5,7.17,265,32.79,50077.2,1.16,32550,1.191,8.12,-82.3,25.071,1.14,11.6
2/1/2021,9:30:00,0,B2,0.42,50144,50071.3,104.9,104.8,7.19,265.9,32.79,50078.1,1.12,32551,1.19,8.12,-82.2,25.069,1.14,11.6
2/1/2021,9:45:00,0,B2,0.44,50142.7,50072.2,104.8,104.8,7.18,265.8,32.79,50078.8,1.05,32551,1.191,8.12,-82.4,25.067,1.14,11.6
2/1/2021,10:00:00,0,B2,0.55,50140.7,50071.6,105,104.9,7.19,266,32.79,50078,1.13,32551,1.192,8.13,-82.4,25.066,1.14,11.6
2/1/2021,10:15:00,0,B2,0.47,50136.7,50070.2,105.3,105.2,7.21,265.7,32.79,50076.4,1.03,32550,1.197,8.12,-82.3,25.063,1.14,11.6
2/1/2021,10:30:00,0,B2,0.43,50137.9,50070.2,105.8,105.7,7.24,266.2,32.79,50076.5,1.02,32550,1.197,8.12,-82.4,25.064,1.14,11.6
2/1/2021,10:45:00,0,B2,0.51,50143.3,50073.4,105.9,105.9,7.26,266.4,32.79,50079.9,1.09,32552,1.194,8.12,-82.4,25.066,1.14,11.6
2/1/2021,11:00:00,0,B2,0.45,50149.8,50072.7,106.8,106.7,7.31,266.7,32.79,50080,1.17,32552,1.19,8.12,-82.3,25.073,1.14,11.6
2/1/2021,11:15:00,0,B2,0.5,50149.4,50067.8,107,107,7.33,266.9,32.79,50075.4,0.99,32549,1.192,8.12,-82.3,25.077,1.14,11.6
2/1/2021,11:30:00,0,B2,0.45,50152.1,50069.5,107.1,107,7.33,265.7,32.79,50077.2,0.92,32550,1.189,8.13,-82.8,25.078,1.14,11.6
2/1/2021,11:45:00,0,B2,0.43,50154.5,50068.5,107.4,107.3,7.35,266.3,32.79,50076.6,1.08,32550,1.189,8.13,-82.8,25.081,1.14,11.6
2/1/2021,12:00:00,0,B2,0.45,50159.6,50069.8,107.7,107.6,7.38,266.4,32.79,50078.3,0.92,32551,1.185,8.13,-82.9,25.085,1.14,11.6
2/1/2021,12:15:00,0,B2,0.43,50164.3,50070.6,108,108,7.4,266.6,32.79,50079.4,0.95,32552,1.19,8.13,-82.9,25.089,1.14,11.6
2/1/2021,12:30:00,0,B2,0.45,50165.1,50069.9,108.2,108.2,7.41,266.7,32.79,50078.8,0.97,32551,1.187,8.13,-82.9,25.09,1.14,11.6
2/1/2021,12:45:00,0,B2,0.43,50169.5,50069.1,108.7,108.7,7.45,267,32.79,50078.5,0.85,32551,1.185,8.13,-82.8,25.095,1.14,11.6
2/1/2021,13:00:00,0,B2,0.44,50172.7,50070.5,108.7,108.6,7.44,266.4,32.79,50080.1,0.99,32552,1.19,8.13,-82.8,25.097,1.14,11.6
2/1/2021,13:15:00,0,B2,0.4,50176.2,50070,109.1,109.1,7.47,265.8,32.79,50079.9,0.97,32552,1.2,8.14,-83.3,25.101,1.14,11.6
2/1/2021,13:30:00,0,B2,0.41,50175.9,50067.2,109.1,109.1,7.47,266.6,32.79,50077.4,0.98,32550,1.188,8.13,-82.9,25.103,1.14,11.6
2/1/2021,13:45:00,0,B2,0.43,50179.9,50068,109.3,109.2,7.48,265.9,32.79,50078.5,0.95,32551,1.184,8.14,-83.4,25.106,1.14,11.6
2/1/2021,14:00:00,0,B2,0.41,50189.6,50070.6,109.8,109.7,7.52,267,32.79,50081.7,0.95,32553,1.186,8.13,-83,25.113,1.14,11.6
2/1/2021,14:15:00,0,B2,0.45,50186.7,50066.7,110.2,110.1,7.54,266.2,32.79,50077.9,0.92,32551,1.2,8.14,-83.4,25.114,1.14,11.6
2/1/2021,14:30:00,0,B2,0.4,50189.1,50066.6,110,110,7.53,266.5,32.79,50078.1,0.8,32551,1.194,8.14,-83.4,25.116,1.14,11.6
2/1/2021,14:45:00,0,B2,0.43,50190.6,50064.6,110.1,110.1,7.54,267,32.79,50076.4,0.88,32550,1.187,8.14,-83.4,25.119,1.14,11.6
2/1/2021,15:00:00,0,B2,0.41,50195.7,50066.8,110.4,110.3,7.55,267.4,32.79,50078.9,0.88,32551,1.186,8.14,-83.2,25.122,1.14,11.6
2/1/2021,15:15:00,0,B2,0.42,50195.1,50064.8,110,109.9,7.53,266.1,32.79,50077,0.88,32550,1.185,8.15,-83.7,25.123,1.14,11.6
2/1/2021,15:30:00,0,B2,0.39,50201.9,50067.7,110,110,7.53,266.7,32.79,50080.3,0.83,32552,1.184,8.15,-83.7,25.127,1.14,11.6
2/1/2021,15:45:00,0,B2,0.38,50199.1,50064.6,110.1,110,7.54,267.1,32.79,50077.2,0.78,32550,1.19,8.14,-83.5,25.127,1.14,11.6
2/1/2021,16:00:00,0,B2,0.39,50200.1,50063.5,110,110,7.53,267.1,32.79,50076.3,0.85,32550,1.191,8.15,-83.7,25.13,1.14,11.6
2/1/2021,16:15:00,0,B2,0.4,50200.7,50063.4,110,109.9,7.53,267.4,32.79,50076.3,0.87,32550,1.19,8.14,-83.5,25.13,1.14,11.6
2/1/2021,16:30:00,0,B2,0.36,50200.2,50063.2,109.8,109.7,7.51,267.7,32.79,50076.1,0.83,32549,1.195,8.14,-83.6,25.13,1.14,11.6
2/1/2021,16:45:00,0,B2,0.39,50200.5,50062.6,109.7,109.6,7.5,267.7,32.79,50075.5,0.85,32549,1.183,8.14,-83.6,25.131,1.14,11.6
2/1/2021,17:00:00,0,B2,0.38,50199,50062.4,109.6,109.6,7.5,267.1,32.79,50075.2,0.83,32549,1.186,8.14,-83.6,25.13,1.14,11.6
2/1/2021,17:15:00,0,B2,0.37,50198.7,50062.4,109.5,109.4,7.49,267,32.79,50075.1,0.85,32549,1.196,8.15,-83.7,25.129,1.14,11.6
2/1/2021,17:30:00,0,B2,0.38,50196.9,50062.2,109.3,109.2,7.48,267.4,32.79,50074.8,0.85,32549,1.201,8.14,-83.6,25.128,1.14,11.6
2/1/2021,17:45:00,0,B2,0.41,50199,50065.2,109.2,109.2,7.48,267,32.79,50077.7,0.91,32551,1.193,8.15,-83.8,25.127,1.14,11.6
2/1/2021,18:00:00,0,B2,0.37,50192.6,50061.9,108.9,108.9,7.45,267.3,32.79,50074.1,0.81,32548,1.183,8.15,-83.7,25.124,1.14,11.6
2/1/2021,18:15:00,0,B2,0.39,50194.4,50065.7,108.7,108.6,7.44,267,32.79,50077.8,0.86,32551,1.188,8.15,-83.6,25.122,1.14,11.6
2/1/2021,18:30:00,0,B2,0.38,50189,50064.3,108.4,108.3,7.42,265.8,32.79,50076,0.83,32549,1.191,8.14,-83.6,25.118,1.14,11.6
2/1/2021,18:45:00,0,B2,0.36,50183.2,50063.5,108.2,108.1,7.41,265.8,32.79,50074.7,0.74,32549,1.189,8.14,-83.5,25.113,1.14,11.6
2/1/2021,19:00:00,0,B2,0.35,50182.3,50066.4,108,108,7.4,263.6,32.79,50077.3,0.78,32550,1.185,8.14,-83.6,25.11,1.14,11.6
2/1/2021,19:15:00,0,B2,0.36,50173,50065.9,107.7,107.7,7.38,264.7,32.79,50076,0.77,32549,1.183,8.14,-83.4,25.101,1.14,11.6
2/1/2021,19:30:00,0,B2,0.34,50168.1,50063.2,107.5,107.4,7.36,264.2,32.79,50073,0.78,32547,1.181,8.15,-83.8,25.099,1.14,11.6
2/1/2021,19:45:00,0,B2,0.34,50161.4,50064.2,107.3,107.2,7.35,264.5,32.79,50073.3,0.76,32548,1.187,8.14,-83.5,25.092,1.14,11.6
2/1/2021,20:00:00,0,B2,0.37,50149.9,50064.5,106.4,106.3,7.29,263.7,32.79,50072.5,0.85,32547,1.193,8.14,-83.5,25.081,1.14,11.6
2/1/2021,20:15:00,0,B2,0.35,50154.4,50065.6,107.1,107,7.33,264.6,32.79,50073.9,0.8,32548,1.187,8.14,-83.2,25.084,1.14,11.6
2/1/2021,20:30:00,0,B2,0.36,50153.2,50068.6,107,106.9,7.33,263.7,32.79,50076.5,0.83,32550,1.193,8.14,-83.6,25.08,1.14,11.6
2/1/2021,20:45:00,0,B2,0.35,50140.6,50068,106.5,106.4,7.3,264.1,32.79,50074.8,0.83,32549,1.187,8.14,-83.6,25.069,1.14,11.6
2/1/2021,21:00:00,0,B2,0.38,50137.3,50068.3,106.5,106.4,7.29,264.1,32.79,50074.7,0.76,32549,1.192,8.14,-83.6,25.065,1.14,11.6
2/1/2021,21:15:00,0,B2,0.38,50134,50067.3,106.4,106.3,7.29,264.6,32.79,50073.6,0.81,32548,1.199,8.14,-83.4,25.063,1.14,11.6
2/1/2021,21:30:00,0,B2,0.36,50132.2,50070.3,106.2,106.2,7.28,264.8,32.79,50076.1,0.79,32549,1.183,8.14,-83.4,25.059,1.14,11.6
2/1/2021,21:45:00,0,B2,0.35,50127.8,50072.9,106.1,106,7.27,264.9,32.79,50078,0.75,32551,1.186,8.14,-83.2,25.052,1.14,11.6
2/1/2021,22:00:00,0,B2,0.34,50120.5,50068.8,106.1,106,7.27,264.6,32.79,50073.6,0.81,32548,1.2,8.14,-83.4,25.049,1.14,11.6
2/1/2021,22:15:00,0,B2,0.36,50121.2,50065.8,105.8,105.8,7.25,264.7,32.79,50070.9,0.77,32546,1.191,8.14,-83.2,25.053,1.14,11.6
2/1/2021,22:30:00,0,B2,0.37,50124.5,50066.9,105.7,105.6,7.24,264.8,32.79,50072.3,0.81,32547,1.192,8.14,-83.3,25.055,1.14,11.6
2/1/2021,22:45:00,0,B2,0.34,50127.6,50069,105.6,105.5,7.23,265,32.79,50074.4,0.77,32548,1.183,8.14,-83.1,25.056,1.14,11.6
2/1/2021,23:00:00,0,B2,0.35,50133,50070.9,105.5,105.5,7.23,264.5,32.79,50076.7,0.8,32550,1.189,8.14,-83.3,25.059,1.14,11.6
2/1/2021,23:15:00,0,B2,0.33,50124.1,50068,105.3,105.2,7.22,265.1,32.79,50073.3,0.75,32548,1.199,8.13,-83,25.053,1.14,11.6
2/1/2021,23:30:00,0,B2,0.34,50128,50068.7,105.4,105.3,7.22,265,32.79,50074.3,0.79,32548,1.181,8.13,-82.9,25.056,1.14,11.6
2/1/2021,23:45:00,0,B2,0.37,50128.6,50070.5,105.1,105,7.2,263.4,32.79,50076,0.79,32549,1.192,8.14,-83.1,25.055,1.14,11.6
2/2/2021,0:00:00,0,B2,0.38,50125.3,50066.8,104.9,104.8,7.19,263.9,32.79,50072.3,0.77,32547,1.191,8.13,-82.8,25.055,1.14,11.6
2/2/2021,0:15:00,0,B2,0.31,50129.1,50069.7,105.1,105,7.2,264,32.79,50075.2,0.73,32549,1.192,8.13,-82.9,25.056,1.14,11.6
2/2/2021,0:30:00,0,B2,0.36,50129.6,50069.5,104.7,104.7,7.17,264.8,32.79,50075.1,0.82,32549,1.195,8.13,-82.6,25.057,1.14,11.6
2/2/2021,0:45:00,0,B2,0.37,50129.9,50069.9,105,104.9,7.19,263.9,32.79,50075.5,0.76,32549,1.187,8.14,-83,25.057,1.14,11.6
2/2/2021,1:00:00,0,B2,0.37,50132.8,50070.7,104.9,104.8,7.19,264.7,32.79,50076.5,0.85,32550,1.187,8.13,-82.7,25.059,1.14,11.6
2/2/2021,1:15:00,0,B2,0.34,50131.6,50077.7,104.5,104.4,7.16,265.2,32.8,50082.7,0.81,32554,1.197,8.13,-82.8,25.051,1.14,11.6
2/2/2021,1:30:00,0,B2,0.34,50128,50069,104.5,104.4,7.16,265.4,32.79,50074.5,0.79,32548,1.199,8.13,-82.6,25.056,1.14,11.6
2/2/2021,1:45:00,0,B2,0.33,50127.6,50069.7,104.4,104.3,7.15,265.3,32.79,50075.1,0.77,32549,1.199,8.13,-82.7,25.055,1.14,11.6
2/2/2021,2:00:00,0,B2,0.35,50136.5,50073.3,104.6,104.5,7.17,265.5,32.79,50079.2,0.72,32551,1.192,8.13,-82.5,25.06,1.14,11.6
2/2/2021,2:15:00,0,B2,0.35,50130.8,50071.3,104.3,104.3,7.15,264.6,32.79,50076.8,0.8,32550,1.192,8.13,-82.6,25.056,1.14,11.6
2/2/2021,2:30:00,0,B2,0.36,50126.6,50068.8,104.4,104.4,7.16,265.2,32.79,50074.2,0.78,32548,1.193,8.13,-82.7,25.055,1.14,11.6
2/2/2021,2:45:00,0,B2,0.35,50125,50075.9,104.1,104,7.13,265.6,32.8,50080.5,0.8,32552,1.188,8.13,-82.5,25.046,1.14,11.6
2/2/2021,3:00:00,0,B2,0.34,50130.4,50070.2,104.3,104.2,7.14,265,32.79,50075.9,0.75,32549,1.182,8.13,-82.5,25.057,1.14,11.6
2/2/2021,3:15:00,0,B2,0.35,50133.6,50071.3,104.3,104.2,7.14,264.8,32.79,50077.1,0.79,32550,1.184,8.13,-82.8,25.059,1.14,11.6
2/2/2021,3:30:00,0,B2,0.33,50126.6,50071.4,104.1,104,7.13,265.3,32.79,50076.6,0.76,32550,1.196,8.12,-82.4,25.052,1.14,11.6
2/2/2021,3:45:00,0,B2,0.34,50129.8,50074.9,103.9,103.9,7.12,265.3,32.8,50080.1,0.76,32552,1.19,8.12,-82.3,25.052,1.14,11.6
2/2/2021,4:00:00,0,B2,0.36,50131.3,50070.6,104.1,104,7.13,264.9,32.79,50076.3,0.78,32550,1.191,8.13,-82.6,25.057,1.14,11.6
2/2/2021,4:15:00,0,B2,0.36,50136.7,50075.4,104.1,104,7.13,264.5,32.8,50081.1,0.81,32553,1.19,8.13,-82.6,25.058,1.14,11.6
2/2/2021,4:30:00,0,B2,0.37,50130.1,50071.6,104,103.9,7.12,265.2,32.79,50077.1,0.77,32550,1.196,8.12,-82.3,25.055,1.14,11.6
2/2/2021,4:45:00,0,B2,0.34,50135.9,50074.1,104,103.9,7.12,265.4,32.79,50079.9,0.87,32552,1.189,8.12,-82.1,25.058,1.14,11.6
2/2/2021,5:00:00,0,B2,0.35,50131.6,50071.8,104.1,104,7.13,265.5,32.79,50077.4,0.86,32550,1.188,8.12,-82.3,25.057,1.14,11.6
2/2/2021,5:15:00,0,B2,0.36,50135.9,50079.5,103.8,103.7,7.11,265,32.8,50084.8,0.79,32555,1.191,8.12,-82.4,25.053,1.14,11.6
2/2/2021,5:30:00,0,B2,0.36,50139.6,50075.1,103.9,103.8,7.12,263.8,32.8,50081.2,0.8,32553,1.185,8.12,-82.1,25.061,1.14,11.6
2/2/2021,5:45:00,0,B2,0.34,50130.2,50070.9,103.9,103.9,7.12,264.4,32.79,50076.4,0.87,32550,1.189,8.12,-82.2,25.056,1.14,11.6
2/2/2021,6:00:00,0,B2,0.38,50131.6,50074.2,103.3,103.3,7.08,264.4,32.79,50079.6,0.84,32552,1.183,8.12,-82.2,25.054,1.14,11.6
2/2/2021,6:15:00,0,B2,0.38,50130.4,50073.6,103.7,103.6,7.11,265,32.79,50078.9,0.82,32551,1.19,8.11,-81.8,25.054,1.14,11.6
2/2/2021,6:30:00,0,B2,0.36,50133.4,50073.7,103.5,103.5,7.09,263.1,32.79,50079.2,0.83,32552,1.197,8.12,-82.3,25.057,1.14,11.6
2/2/2021,6:45:00,0,B2,0.35,50132.1,50069.9,103.6,103.5,7.1,264.2,32.79,50075.7,0.83,32549,1.182,8.12,-81.9,25.059,1.14,11.6
2/2/2021,7:00:00,0,B2,0.39,50137.2,50072.7,103.7,103.6,7.11,265.1,32.79,50078.7,0.91,32551,1.189,8.11,-81.7,25.061,1.14,11.6
2/2/2021,7:15:00,0,B2,0.39,50133.4,50074.1,103.5,103.5,7.09,264.4,32.79,50079.6,0.96,32552,1.188,8.12,-82,25.056,1.14,11.6
2/2/2021,7:30:00,0,B2,0.39,50134.7,50072.2,103.7,103.6,7.1,258.5,32.79,50078,0.87,32551,1.196,8.12,-82,25.059,1.14,11.6
2/2/2021,7:45:00,0,B2,0.41,50134.3,50070.9,103.5,103.4,7.09,260.9,32.79,50076.8,0.94,32550,1.194,8.11,-81.8,25.06,1.14,11.6
2/2/2021,8:00:00,0,B2,0.41,50133.8,50077.3,103.3,103.2,7.08,262.6,32.8,50082.6,0.93,32554,1.184,8.11,-81.7,25.053,1.14,11.6
2/2/2021,8:15:00,0,B2,0.47,50135.5,50073.9,103.5,103.4,7.09,263.6,32.79,50079.6,1.09,32552,1.188,8.11,-81.7,25.058,1.14,11.6
2/2/2021,8:30:00,0,B2,0.48,50145.6,50075.8,104.1,104,7.13,264.6,32.8,50082.3,1.14,32554,1.199,8.11,-81.7,25.066,1.14,11.6
2/2/2021,8:45:00,0,B2,0.43,50142.1,50076,104.2,104.1,7.14,265.3,32.8,50082.2,1.01,32553,1.188,8.11,-81.5,25.063,1.14,11.6
2/2/2021,9:00:00,0,B2,0.47,50138.8,50073.7,104.4,104.3,7.15,264,32.79,50079.8,1.04,32552,1.183,8.12,-82,25.062,1.14,11.6
2/2/2021,9:15:00,0,B2,0.43,50147.9,50075.1,105.2,105.1,7.2,264.8,32.8,50081.9,1.02,32553,1.196,8.12,-82,25.069,1.14,11.6
2/2/2021,9:30:00,0,B2,0.44,50151.2,50078.2,105.6,105.5,7.23,265,32.8,50085,1.04,32555,1.193,8.12,-82.2,25.069,1.14,11.6
2/2/2021,9:45:00,0,B2,0.44,50155.1,50075.5,105.9,105.8,7.25,266.3,32.8,50083,1.12,32554,1.186,8.11,-81.8,25.075,1.14,11.6
2/2/2021,10:00:00,0,B2,0.47,50158.9,50075.2,106.3,106.2,7.28,265.1,32.8,50083,1.02,32554,1.19,8.12,-82.1,25.079,1.14,11.6
2/2/2021,10:15:00,0,B2,0.57,50162.1,50072.2,106.9,106.8,7.32,265,32.79,50080.6,0.93,32552,1.193,8.12,-82.3,25.085,1.14,11.6
2/2/2021,10:30:00,0,B2,0.47,50169,50072.1,107.2,107.2,7.34,265.3,32.8,50081.2,0.97,32553,1.197,8.13,-82.5,25.092,1.14,11.6
2/2/2021,10:45:00,0,B2,0.55,50178,50074.3,107.5,107.5,7.36,266.4,32.8,50084.1,1.13,32555,1.199,8.12,-82.2,25.098,1.14,11.6
2/2/2021,11:00:00,0,B2,0.43,50188.9,50074.9,108.2,108.1,7.41,266,32.8,50085.6,1.07,32556,1.195,8.13,-82.6,25.108,1.14,11.6
2/2/2021,11:15:00,0,B2,0.45,50192.6,50070.2,108.6,108.5,7.43,266.4,32.79,50081.6,1.1,32553,1.191,8.13,-82.6,25.116,1.14,11.6
2/2/2021,11:30:00,0,B2,0.45,50201.5,50070.7,108.8,108.7,7.45,267,32.8,50083,1.01,32554,1.189,8.13,-82.5,25.124,1.14,11.6
2/2/2021,11:45:00,0,B2,0.41,50209,50067.8,109.9,109.8,7.52,267,32.79,50081.1,0.97,32553,1.189,8.13,-82.7,25.134,1.14,11.6
2/2/2021,12:00:00,0,B2,0.44,50217.2,50069.3,110.4,110.4,7.56,266.9,32.8,50083.1,1.03,32554,1.185,8.13,-82.8,25.14,1.14,11.6
2/2/2021,12:15:00,0,B2,0.39,50211.2,50069,110.4,110.3,7.55,265.8,32.79,50082.3,0.99,32554,1.185,8.14,-83.1,25.135,1.14,11.6
2/2/2021,12:30:00,0,B2,0.42,50214.7,50064.1,111.2,111.2,7.61,266.6,32.79,50078.2,0.95,32551,1.191,8.14,-83.1,25.143,1.14,11.6
2/2/2021,12:45:00,0,B2,0.45,50220.1,50068.1,111.4,111.3,7.62,265.8,32.79,50082.4,1.04,32554,1.19,8.14,-83.5,25.144,1.14,11.6
2/2/2021,13:00:00,0,B2,0.43,50229,50071,112.2,112.1,7.67,266,32.8,50085.8,0.93,32556,1.189,8.14,-83.4,25.15,1.14,11.6
2/2/2021,13:15:00,0,B2,0.39,50226.1,50068.6,112,112,7.66,266,32.8,50083.4,0.9,32554,1.185,8.14,-83.5,25.149,1.14,11.6
2/2/2021,13:30:00,0,B2,0.49,50224.1,50068.5,112.7,112.6,7.71,265.9,32.8,50083.1,1.06,32554,1.183,8.15,-83.7,25.147,1.14,11.6
2/2/2021,13:45:00,0,B2,0.41,50222,50067.7,112.5,112.5,7.7,266.1,32.79,50082.1,0.89,32553,1.181,8.15,-83.7,25.146,1.14,11.6
2/2/2021,14:00:00,0,B2,0.4,50225.4,50068.4,113,112.9,7.73,266.4,32.8,50083.1,0.89,32554,1.192,8.15,-83.9,25.149,1.14,11.6
2/2/2021,14:15:00,0,B2,0.43,50227.8,50068.2,113.1,113.1,7.74,266.9,32.8,50083.2,0.92,32554,1.196,8.15,-83.8,25.151,1.14,11.6
2/2/2021,14:30:00,0,B2,0.42,50224.1,50066.4,113.1,113,7.73,266.7,32.79,50081.1,1,32553,1.193,8.15,-83.9,25.149,1.14,11.6
2/2/2021,14:45:00,0,B2,0.36,50222.6,50066.2,112.9,112.8,7.72,266,32.79,50080.8,0.91,32553,1.194,8.15,-84.1,25.148,1.14,11.6
2/2/2021,15:00:00,0,B2,0.35,50222.8,50066.6,112.6,112.6,7.7,266.5,32.79,50081.2,0.84,32553,1.183,8.15,-84,25.148,1.13,11.6
2/2/2021,15:15:00,0,B2,0.36,50225.9,50068.6,112.6,112.5,7.7,266.3,32.8,50083.3,0.82,32554,1.2,8.15,-84.2,25.149,1.14,11.6
2/2/2021,15:30:00,0,B2,0.42,50222,50064.7,112.4,112.4,7.69,266.6,32.79,50079.4,0.96,32552,1.185,8.15,-84.2,25.149,1.14,11.6
2/2/2021,15:45:00,0,B2,0.34,50222.6,50064.9,112.3,112.2,7.68,266.4,32.79,50079.7,0.88,32552,1.181,8.15,-84.2,25.149,1.14,11.6
2/2/2021,16:00:00,0,B2,0.39,50222.3,50063.9,111.9,111.8,7.66,266.6,32.79,50078.7,0.88,32551,1.199,8.15,-84.2,25.15,1.14,11.6
2/2/2021,16:15:00,0,B2,0.38,50224.6,50065.7,111.7,111.6,7.64,266.7,32.79,50080.6,0.82,32552,1.184,8.15,-84.1,25.151,1.13,11.6
2/2/2021,16:30:00,0,B2,0.41,50227.1,50068.1,111.6,111.5,7.63,266.5,32.8,50082.9,0.88,32554,1.192,8.15,-84.2,25.151,1.13,11.6
2/2/2021,16:45:00,0,B2,0.37,50222.3,50064.6,111.3,111.3,7.62,266.9,32.79,50079.3,0.95,32552,1.199,8.15,-84.1,25.149,1.13,11.6
2/2/2021,17:00:00,0,B2,0.38,50222.9,50065.3,111.1,111.1,7.6,267,32.79,50080,0.85,32552,1.187,8.15,-84.2,25.149,1.13,11.6
2/2/2021,17:15:00,0,B2,0.35,50224.4,50066.9,111,110.9,7.59,266.8,32.79,50081.7,0.88,32553,1.183,8.16,-84.3,25.149,1.13,11.6
2/2/2021,17:30:00,0,B2,0.39,50220.8,50064.5,110.7,110.6,7.57,266.7,32.79,50079.1,0.92,32551,1.193,8.16,-84.3,25.148,1.14,11.6
2/2/2021,17:45:00,0,B2,0.37,50221.9,50066.6,110.3,110.2,7.54,266.8,32.79,50081.2,0.82,32553,1.19,8.15,-84,25.147,1.13,11.6
2/2/2021,18:00:00,0,B2,0.33,50218.1,50064.4,110,109.9,7.53,266.4,32.79,50078.8,0.79,32551,1.185,8.15,-84,25.146,1.13,11.6
2/2/2021,18:15:00,0,B2,0.36,50219.1,50067.6,109.7,109.6,7.5,266.9,32.79,50081.8,0.81,32553,1.181,8.15,-84,25.144,1.13,11.6
2/2/2021,18:30:00,0,B2,0.36,50214.4,50065,109.4,109.4,7.49,267,32.79,50079,0.79,32551,1.181,8.15,-84.1,25.142,1.13,11.6
2/2/2021,18:45:00,0,B2,0.38,50214.5,50067.5,109.2,109.1,7.47,266.7,32.79,50081.3,0.8,32553,1.19,8.15,-83.7,25.139,1.13,11.6
2/2/2021,19:00:00,0,B2,0.36,50206.7,50063.9,109,108.9,7.46,265.5,32.79,50077.3,0.79,32550,1.197,8.15,-84.2,25.135,1.13,11.6
2/2/2021,19:15:00,0,B2,0.37,50205.8,50067.5,108.5,108.4,7.42,265.8,32.79,50080.5,0.78,32552,1.191,8.15,-84,25.131,1.13,11.6
2/2/2021,19:30:00,0,B2,0.37,50205.8,50068.5,108.3,108.2,7.41,266.2,32.79,50081.3,0.87,32553,1.188,8.15,-83.8,25.13,1.13,11.6
2/2/2021,19:45:00,0,B2,0.37,50200,50067.8,108.2,108.2,7.41,266.1,32.79,50080.2,0.88,32552,1.192,8.15,-83.9,25.125,1.13,11.6
2/2/2021,20:00:00,0,B2,0.37,50193.3,50067.9,107.7,107.6,7.37,266.4,32.79,50079.6,0.83,32552,1.195,8.15,-83.8,25.119,1.13,11.6
2/2/2021,20:15:00,0,B2,0.53,50188.9,50068.3,107.3,107.2,7.35,266.8,32.79,50079.6,0.93,32552,1.19,8.14,-83.4,25.114,1.13,11.6
2/2/2021,20:30:00,0,B2,0.36,50186.5,50066.1,107.4,107.4,7.35,265,32.79,50077.4,0.81,32550,1.191,8.15,-84,25.114,1.13,11.6
2/2/2021,20:45:00,0,B2,0.36,50183.8,50067.8,107.2,107.1,7.34,266.4,32.79,50078.7,0.8,32551,1.196,8.14,-83.5,25.11,1.13,11.6
2/2/2021,21:00:00,0,B2,0.34,50180,50070.2,106.9,106.8,7.32,265.7,32.79,50080.5,0.82,32552,1.183,8.15,-83.7,25.104,1.13,11.6
2/2/2021,21:15:00,0,B2,0.37,50174.4,50067.5,106.9,106.8,7.32,266,32.79,50077.5,0.78,32550,1.184,8.14,-83.6,25.101,1.13,11.6
2/2/2021,21:30:00,0,B2,0.37,50170,50069,106.8,106.7,7.31,266.4,32.79,50078.4,0.83,32551,1.192,8.15,-83.7,25.096,1.13,11.6
2/2/2021,21:45:00,0,B2,0.36,50167.6,50071.9,106.3,106.3,7.28,266.5,32.79,50080.9,0.84,32553,1.196,8.14,-83.6,25.091,1.13,11.6
2/2/2021,22:00:00,0,B2,0.36,50160.6,50069,106.3,106.2,7.28,266.7,32.79,50077.5,0.77,32550,1.194,8.14,-83.5,25.087,1.13,11.6
2/2/2021,22:15:00,0,B2,0.34,50159.6,50073,106.2,106.1,7.27,266.3,32.8,50081.1,0.74,32553,1.197,8.14,-83.5,25.082,1.13,11.6
2/2/2021,22:30:00,0,B2,0.34,50150.4,50069.7,105.9,105.8,7.25,266.6,32.79,50077.2,0.79,32550,1.2,8.14,-83.3,25.077,1.13,11.6
2/2/2021,22:45:00,0,B2,0.37,50145.3,50071.8,105.6,105.5,7.23,265.7,32.79,50078.7,0.8,32551,1.189,8.14,-83.5,25.07,1.13,11.6
2/2/2021,23:00:00,0,B2,0.37,50144.7,50072,105.6,105.6,7.24,265.9,32.79,50078.8,0.79,32551,1.183,8.14,-83.3,25.069,1.13,11.6
2/2/2021,23:15:00,0,B2,0.37,50129.1,50071.8,104.8,104.7,7.18,265.7,32.79,50077.1,0.91,32550,1.191,8.14,-83.3,25.054,1.13,11.6
2/2/2021,23:30:00,0,B2,0.36,50136.8,50074.6,105.4,105.3,7.22,264.9,32.8,50080.4,0.83,32552,1.196,8.14,-83.5,25.059,1.13,11.6
2/2/2021,23:45:00,0,B2,0.36,50133.3,50075.3,105.3,105.3,7.22,266.1,32.8,50080.7,0.83,32552,1.188,8.14,-83.3,25.055,1.13,11.6
2/3/2021,0:00:00,0,B2,0.43,50129.5,50072.9,105.2,105.1,7.21,266.7,32.79,50078.2,0.9,32551,1.19,8.14,-83.2,25.054,1.13,11.6
2/3/2021,0:15:00,0,B2,0.37,50124.5,50075.8,105,105,7.2,266.9,32.8,50080.3,0.82,32552,1.191,8.14,-83.2,25.046,1.13,11.6
2/3/2021,0:30:00,0,B2,0.36,50126.6,50074.8,105.1,105.1,7.21,267.4,32.79,50079.6,0.75,32552,1.192,8.14,-83.4,25.049,1.13,11.6
2/3/2021,0:45:00,0,B2,0.36,50126.7,50074.6,104.9,104.8,7.19,267.5,32.79,50079.5,0.83,32552,1.191,8.14,-83.2,25.049,1.13,11.6
2/3/2021,1:00:00,0,B2,0.36,50126.1,50074,104.7,104.6,7.17,267.4,32.79,50078.9,0.82,32551,1.191,8.14,-83.2,25.049,1.13,11.6
2/3/2021,1:15:00,0,B2,0.35,50128.1,50074.6,104.7,104.6,7.17,267.9,32.79,50079.6,0.77,32552,1.199,8.14,-83.1,25.051,1.13,11.6
2/3/2021,1:30:00,0,B2,0.35,50130.3,50074.6,104.7,104.7,7.18,268.2,32.79,50079.8,0.86,32552,1.196,8.13,-83,25.053,1.13,11.6
2/3/2021,1:45:00,0,B2,0.36,50116.7,50075.2,103.9,103.8,7.12,268.2,32.79,50079.1,0.85,32551,1.191,8.13,-82.9,25.039,1.13,11.6
2/3/2021,2:00:00,0,B2,0.36,50129,50078.4,104.3,104.2,7.15,266.8,32.8,50083.1,0.77,32554,1.188,8.13,-83,25.048,1.13,11.6
2/3/2021,2:15:00,0,B2,0.37,50131,50075.5,104.3,104.2,7.15,267.5,32.8,50080.7,0.79,32552,1.192,8.13,-83,25.053,1.13,11.6
2/3/2021,2:30:00,0,B2,0.37,50127.1,50070.6,104.4,104.4,7.16,267.8,32.79,50075.9,0.81,32549,1.197,8.14,-83,25.053,1.13,11.6
2/3/2021,2:45:00,0,B2,0.36,50139.5,50075.8,104.4,104.3,7.15,268.1,32.8,50081.7,0.87,32553,1.195,8.13,-83,25.06,1.13,11.6
2/3/2021,3:00:00,0,B2,0.36,50135.7,50077.1,104.2,104.1,7.14,267.8,32.8,50082.6,0.85,32554,1.192,8.14,-83.1,25.055,1.13,11.6
2/3/2021,3:15:00,0,B2,0.36,50130,50072.7,104,104,7.13,268.4,32.79,50078.1,0.83,32551,1.189,8.13,-82.9,25.054,1.13,11.6
2/3/2021,3:30:00,0,B2,0.38,50133,50078.6,103.9,103.9,7.12,268.5,32.8,50083.7,0.88,32554,1.185,8.13,-82.7,25.052,1.13,11.6
2/3/2021,3:45:00,0,B2,0.34,50134.2,50077,104,103.9,7.12,268.4,32.8,50082.3,0.87,32554,1.182,8.13,-82.7,25.054,1.13,11.6
2/3/2021,4:00:00,0,B2,0.38,50135.1,50078.9,103.7,103.7,7.11,268.7,32.8,50084.2,0.88,32555,1.188,8.13,-82.6,25.053,1.13,11.6
2/3/2021,4:15:00,0,B2,0.35,50129,50075.1,103.9,103.8,7.12,268.7,32.8,50080.1,0.78,32552,1.2,8.13,-82.6,25.051,1.13,11.6
2/3/2021,4:30:00,0,B2,0.37,50135.5,50077.1,103.8,103.8,7.12,268.7,32.8,50082.6,0.92,32554,1.191,8.13,-82.6,25.055,1.13,11.6
2/3/2021,4:45:00,0,B2,0.35,50122.4,50076.6,103.4,103.4,7.09,268.6,32.8,50080.9,0.86,32553,1.191,8.13,-82.5,25.043,1.13,11.6
2/3/2021,5:00:00,0,B2,0.37,50132.9,50074.9,103.8,103.7,7.11,268.8,32.8,50080.3,0.8,32552,1.184,8.12,-82.4,25.055,1.13,11.6
2/3/2021,5:15:00,0,B2,0.37,50137.3,50076.6,103.9,103.8,7.12,268.6,32.8,50082.3,0.89,32554,1.193,8.13,-82.7,25.058,1.13,11.6
2/3/2021,5:30:00,0,B2,0.37,50133.3,50077.1,103.8,103.8,7.11,269,32.8,50082.4,0.93,32554,1.195,8.13,-82.6,25.053,1.13,11.6
2/3/2021,5:45:00,0,B2,0.37,50137.4,50077.7,103.6,103.5,7.1,268.8,32.8,50083.2,0.84,32554,1.196,8.13,-82.5,25.057,1.13,11.6
2/3/2021,6:00:00,0,B2,0.37,50133.7,50078.1,103.6,103.5,7.1,267.4,32.8,50083.3,0.86,32554,1.191,8.13,-82.5,25.053,1.13,11.6
2/3/2021,6:15:00,0,B2,0.36,50131.8,50075.4,103.6,103.5,7.1,268,32.8,50080.6,0.88,32552,1.194,8.13,-82.4,25.053,1.13,11.6
2/3/2021,6:30:00,0,B2,0.36,50138.3,50077.9,103.5,103.4,7.09,266.2,32.8,50083.5,0.8,32554,1.196,8.13,-82.4,25.057,1.13,11.6
2/3/2021,6:45:00,0,B2,0.38,50130.6,50076,103.3,103.2,7.08,267.4,32.8,50081.1,0.88,32553,1.194,8.12,-82.3,25.052,1.13,11.6
2/3/2021,7:00:00,0,B2,0.36,50126.4,50074.1,103.2,103.1,7.07,267.9,32.79,50079,0.9,32551,1.199,8.12,-82.1,25.05,1.13,11.6
2/3/2021,7:15:00,0,B2,0.37,50138.7,50082.3,103.4,103.4,7.09,268.1,32.8,50087.5,0.85,32557,1.2,8.12,-82.4,25.053,1.13,11.6
2/3/2021,7:30:00,0,B2,0.4,50138.6,50077,103.5,103.4,7.09,268.1,32.8,50082.8,1,32554,1.19,8.12,-82.3,25.058,1.13,11.6
2/3/2021,7:45:00,0,B2,0.42,50136.4,50073.8,103.3,103.3,7.08,268.2,32.79,50079.6,0.92,32552,1.19,8.12,-82.1,25.059,1.13,11.6
2/3/2021,8:00:00,0,B2,0.44,50130.3,50077.1,103.3,103.2,7.08,267.4,32.8,50082.1,0.95,32553,1.191,8.12,-82.3,25.05,1.13,11.6
2/3/2021,8:15:00,0,B2,0.44,50137.8,50079.1,103.6,103.5,7.09,268,32.8,50084.6,1.03,32555,1.188,8.12,-82,25.056,1.13,11.6
2/3/2021,8:30:00,0,B2,0.46,50128.5,50076.8,103.6,103.5,7.1,268,32.8,50081.6,1.07,32553,1.19,8.12,-82,25.049,1.13,11.6
2/3/2021,8:45:00,0,B2,0.51,50129.7,50077.8,103.7,103.6,7.1,268,32.8,50082.6,1.13,32554,1.188,8.12,-81.9,25.049,1.13,11.6
2/3/2021,9:00:00,0,B2,0.5,50137.6,50076.2,104,103.9,7.13,268.2,32.8,50081.9,1.2,32553,1.191,8.12,-82.1,25.058,1.13,11.6
2/3/2021,9:15:00,0,B2,0.42,50133.4,50078.3,104.6,104.5,7.17,268.6,32.8,50083.4,1,32554,1.188,8.12,-82.1,25.052,1.13,11.6
2/3/2021,9:30:00,0,B2,0.47,50140,50077.1,104.9,104.9,7.19,268.6,32.8,50082.9,1.06,32554,1.189,8.12,-82.4,25.06,1.13,11.6
2/3/2021,9:45:00,0,B2,0.48,50144.3,50078.5,105.3,105.3,7.22,268.6,32.8,50084.6,1.2,32555,1.189,8.13,-82.5,25.062,1.13,11.6
2/3/2021,10:00:00,0,B2,0.49,50144.7,50073.7,106,105.9,7.26,269.3,32.8,50080.4,1.13,32552,1.188,8.12,-82.3,25.067,1.13,11.6
2/3/2021,10:15:00,0,B2,0.57,50151.9,50077.1,106.3,106.3,7.28,270.1,32.8,50084.1,1.56,32555,1.186,8.12,-82.2,25.071,1.13,11.6
2/3/2021,10:30:00,0,B2,0.47,50156.8,50077.4,106.4,106.3,7.29,269.9,32.8,50084.9,1.06,32555,1.196,8.12,-82.3,25.075,1.13,11.6
2/3/2021,10:45:00,0,B2,0.43,50162.7,50076.4,106.9,106.9,7.32,270.4,32.8,50084.5,1.06,32555,1.201,8.12,-82.4,25.082,1.13,11.6
2/3/2021,11:00:00,0,B2,0.46,50164,50070.5,107.8,107.7,7.38,270.1,32.79,50079.3,1.11,32552,1.194,8.13,-82.5,25.089,1.13,11.6
2/3/2021,11:15:00,0,B2,0.45,50178.7,50074.6,108.7,108.7,7.45,269.6,32.8,50084.4,1.11,32555,1.19,8.13,-82.7,25.099,1.13,11.6
2/3/2021,11:30:00,0,B2,0.45,50189,50075.4,109.2,109.1,7.47,268.9,32.8,50086,1.02,32556,1.193,8.14,-83.1,25.108,1.13,11.6
2/3/2021,11:45:00,0,B2,0.44,50197.9,50074.7,109.4,109.3,7.49,269.1,32.8,50086.2,1.11,32556,1.184,8.14,-83,25.117,1.13,11.6
2/3/2021,12:00:00,0,B2,0.43,50200.9,50072.9,110,109.9,7.53,269.3,32.8,50084.9,1.13,32555,1.188,8.14,-83.1,25.121,1.13,11.6
2/3/2021,12:15:00,0,B2,0.4,50207,50070.7,110.3,110.3,7.55,269.7,32.8,50083.5,0.98,32554,1.195,8.14,-83.2,25.129,1.13,11.6
2/3/2021,12:30:00,0,B2,0.45,50208.7,50070.6,110.4,110.3,7.56,269.4,32.8,50083.6,1.09,32554,1.186,8.14,-83.2,25.131,1.13,11.6
2/3/2021,12:45:00,0,B2,0.41,50226.1,50073.3,111.3,111.2,7.61,269.5,32.8,50087.6,0.96,32557,1.188,8.14,-83.4,25.145,1.13,11.6
2/3/2021,13:00:00,0,B2,0.41,50222.8,50074,111.4,111.4,7.62,268.6,32.8,50087.9,0.98,32557,1.189,8.14,-83.5,25.141,1.13,11.6
2/3/2021,13:15:00,0,B2,0.44,50223.3,50070.9,112,111.9,7.66,268.7,32.8,50085.2,1,32555,1.192,8.14,-83.6,25.144,1.13,11.6
2/3/2021,13:30:00,0,B2,0.43,50223,50069.9,112.6,112.5,7.7,268,32.8,50084.2,0.95,32555,1.197,8.15,-83.7,25.145,1.13,11.6
2/3/2021,13:45:00,0,B2,0.44,50228.2,50068.3,112.7,112.6,7.71,266.8,32.8,50083.3,0.95,32554,1.195,8.15,-83.8,25.151,1.13,11.6
2/3/2021,14:00:00,0,B2,0.38,50230.5,50070.2,112.8,112.8,7.72,265.9,32.8,50085.3,0.86,32555,1.188,8.15,-83.9,25.152,1.13,11.6
2/3/2021,14:15:00,0,B2,0.48,50225.8,50071.2,112.4,112.4,7.69,266.7,32.8,50085.7,0.99,32556,1.194,8.15,-84,25.146,1.13,11.6
2/3/2021,14:30:00,0,B2,0.41,50232.6,50074.9,112.6,112.6,7.71,267.6,32.8,50089.6,0.96,32558,1.191,8.15,-84.1,25.149,1.13,11.6
2/3/2021,14:45:00,0,B2,0.42,50229.4,50070.5,113.1,113,7.73,268.5,32.8,50085.3,1.02,32555,1.189,8.15,-84.2,25.151,1.13,11.6
2/3/2021,15:00:00,0,B2,0.42,50234.5,50073.6,112.8,112.7,7.72,268.5,32.8,50088.6,0.98,32558,1.187,8.16,-84.5,25.152,1.13,11.6
2/3/2021,15:15:00,0,B2,0.39,50234.7,50074.1,112.6,112.5,7.7,268.7,32.8,50089.1,0.89,32558,1.191,8.16,-84.3,25.152,1.13,11.6
2/3/2021,15:30:00,0,B2,0.41,50233.6,50075.4,112.5,112.5,7.7,269,32.8,50090.2,0.95,32559,1.185,8.16,-84.4,25.15,1.13,11.6
2/3/2021,15:45:00,0,B2,0.41,50233.6,50074.9,112.1,112.1,7.67,269.3,32.8,50089.8,0.89,32558,1.195,8.16,-84.4,25.15,1.13,11.6
2/3/2021,16:00:00,0,B2,0.38,50230.7,50073,112.3,112.2,7.68,269.1,32.8,50087.8,0.93,32557,1.19,8.16,-84.4,25.149,1.13,11.6
2/3/2021,16:15:00,0,B2,0.4,50230.5,50074,111.9,111.8,7.66,269.5,32.8,50088.6,0.85,32558,1.187,8.16,-84.3,25.148,1.13,11.6
2/3/2021,16:30:00,0,B2,0.44,50229.1,50073.8,111.6,111.5,7.64,269.8,32.8,50088.3,0.94,32557,1.191,8.16,-84.3,25.147,1.13,11.6
2/3/2021,16:45:00,0,B2,0.42,50227.2,50073.8,111.3,111.2,7.62,269.6,32.8,50088.1,0.83,32557,1.193,8.16,-84.4,25.145,1.13,11.6
2/3/2021,17:00:00,0,B2,0.42,50222.2,50072.9,111.3,111.2,7.61,269.7,32.8,50086.9,0.91,32556,1.191,8.16,-84.4,25.141,1.13,11.6
2/3/2021,17:15:00,0,B2,0.43,50221.7,50077.3,111,110.9,7.6,269.1,32.8,50090.8,1.01,32559,1.186,8.16,-84.4,25.137,1.13,11.6
2/3/2021,17:30:00,0,B2,0.39,50216.9,50073.1,110.7,110.6,7.57,268.8,32.8,50086.6,0.91,32556,1.199,8.16,-84.6,25.136,1.13,11.6
2/3/2021,17:45:00,0,B2,0.42,50216.9,50077.5,110.4,110.3,7.55,268.8,32.8,50090.5,0.84,32559,1.2,8.16,-84.4,25.132,1.13,11.6
2/3/2021,18:00:00,0,B2,0.38,50209.9,50076.5,110.2,110.1,7.54,268.9,32.8,50089,0.83,32558,1.19,8.16,-84.5,25.126,1.13,11.6
2/3/2021,18:15:00,0,B2,0.39,50207.6,50078.9,109.8,109.8,7.52,269.1,32.8,50090.9,0.75,32559,1.181,8.16,-84.3,25.122,1.13,11.6
2/3/2021,18:30:00,0,B2,0.39,50205.1,50077.4,109.5,109.4,7.49,268.3,32.8,50089.4,0.92,32558,1.183,8.16,-84.4,25.121,1.13,11.6
2/3/2021,18:45:00,0,B2,0.39,50195.5,50078.3,109.2,109.2,7.48,268.6,32.8,50089.2,0.86,32558,1.195,8.16,-84.4,25.111,1.13,11.6
2/3/2021,19:00:00,0,B2,0.36,50193,50078,108.9,108.8,7.45,269.1,32.8,50088.8,0.91,32558,1.201,8.15,-84.2,25.109,1.13,11.6
2/3/2021,19:15:00,0,B2,0.37,50178.1,50077.4,108.5,108.4,7.43,268.9,32.8,50086.9,0.85,32556,1.196,8.15,-84.1,25.095,1.13,11.6
2/3/2021,19:30:00,0,B2,0.39,50182.6,50081.7,108.4,108.3,7.42,268.9,32.8,50091.2,0.83,32559,1.191,8.16,-84.3,25.096,1.13,11.6
2/3/2021,19:45:00,0,B2,0.37,50178.5,50084,108.1,108,7.4,269.1,32.8,50092.8,0.85,32560,1.193,8.15,-84.1,25.09,1.13,11.6
2/3/2021,20:00:00,0,B2,0.39,50169.9,50082,107.5,107.5,7.36,269.1,32.8,50090.2,0.85,32559,1.184,8.15,-84,25.083,1.13,11.6
2/3/2021,20:15:00,0,B2,0.36,50166.1,50084.2,107.5,107.5,7.37,269.1,32.8,50091.8,0.85,32560,1.193,8.15,-84.1,25.078,1.13,11.6
2/3/2021,20:30:00,0,B2,0.34,50159.9,50082.6,107.2,107.1,7.34,269.2,32.8,50089.9,0.83,32558,1.19,8.15,-83.9,25.073,1.13,11.6
2/3/2021,20:45:00,0,B2,0.37,50157.8,50083,107,106.9,7.33,269.1,32.8,50090,0.79,32559,1.183,8.15,-84.2,25.071,1.13,11.6
2/3/2021,21:00:00,0,B2,0.37,50147.9,50085.2,106.8,106.7,7.31,268.9,32.8,50091,0.86,32559,1.183,8.15,-84.2,25.059,1.13,11.6
2/3/2021,21:15:00,0,B2,0.37,50142.7,50084.5,106.5,106.4,7.3,269,32.8,50090,0.83,32558,1.189,8.15,-84.1,25.055,1.13,11.6
2/3/2021,21:30:00,0,B2,0.41,50138.3,50083.5,106.3,106.2,7.28,268.9,32.8,50088.7,0.88,32558,1.194,8.15,-84,25.052,1.13,11.6
2/3/2021,21:45:00,0,B2,0.35,50138,50084,106.2,106.1,7.27,269,32.8,50089.1,0.87,32558,1.196,8.15,-83.9,25.051,1.13,11.6
2/3/2021,22:00:00,0,B2,0.37,50140.4,50090,105.8,105.7,7.25,268.8,32.81,50094.7,0.88,32562,1.195,8.15,-84,25.048,1.13,11.6
2/3/2021,22:15:00,0,B2,0.37,50137.2,50082.2,105.8,105.7,7.25,269.3,32.8,50087.3,0.82,32557,1.199,8.15,-83.8,25.052,1.13,11.6
2/3/2021,22:30:00,0,B2,0.36,50131.9,50083.7,105.7,105.6,7.24,269.6,32.8,50088.2,0.85,32557,1.192,8.15,-83.8,25.046,1.13,11.6
2/3/2021,22:45:00,0,B2,0.34,50135.8,50083.6,105.6,105.6,7.24,269.6,32.8,50088.5,0.75,32558,1.191,8.15,-83.7,25.049,1.13,11.6
2/3/2021,23:00:00,0,B2,0.36,50141.4,50086.6,105.5,105.4,7.23,269.7,32.8,50091.7,0.82,32560,1.194,8.15,-83.7,25.052,1.13,11.6
2/3/2021,23:15:00,0,B2,0.37,50131.6,50083.3,105.2,105.1,7.21,269.5,32.8,50087.8,0.86,32557,1.193,8.15,-83.8,25.046,1.13,11.6
2/3/2021,23:30:00,0,B2,0.37,50134.9,50084.2,105,105,7.2,269.7,32.8,50088.9,0.84,32558,1.192,8.15,-83.7,25.048,1.13,11.6
2/3/2021,23:45:00,0,B2,0.38,50143.3,50084.4,105.1,105.1,7.2,270.3,32.8,50089.9,0.87,32558,1.181,8.14,-83.3,25.056,1.13,11.6
2/4/2021,0:00:00,0,B2,0.37,50142.6,50084.7,105.1,105,7.2,268.8,32.8,50090.1,0.86,32559,1.194,8.15,-83.7,25.055,1.13,11.6
2/4/2021,0:15:00,0,B2,0.38,50137.1,50090.2,104.6,104.5,7.17,269.2,32.81,50094.5,0.82,32561,1.189,8.14,-83.5,25.045,1.13,11.6
2/4/2021,0:30:00,0,B2,0.38,50144.8,50086.6,104.8,104.7,7.18,269.2,32.8,50092,0.86,32560,1.183,8.14,-83.5,25.055,1.13,11.6
2/4/2021,0:45:00,0,B2,0.39,50140.9,50088.1,104.3,104.2,7.15,269.8,32.8,50093,0.87,32560,1.191,8.14,-83.3,25.05,1.13,11.6
2/4/2021,1:00:00,0,B2,0.39,50139.4,50084.5,104.7,104.6,7.17,269.9,32.8,50089.7,0.9,32558,1.201,8.14,-83.4,25.052,1.13,11.6
2/4/2021,1:15:00,0,B2,0.35,50132.2,50086.3,104.1,104,7.13,270.2,32.8,50090.6,0.75,32559,1.192,8.14,-83.3,25.043,1.13,11.6
2/4/2021,1:30:00,0,B2,0.32,50140.1,50087.6,104.3,104.2,7.15,270.4,32.8,50092.5,0.83,32560,1.191,8.14,-83.1,25.05,1.13,11.6
2/4/2021,1:45:00,0,B2,0.37,50136.9,50087.6,104.3,104.2,7.15,269.3,32.8,50092.2,0.84,32560,1.185,8.14,-83.5,25.047,1.13,11.6
2/4/2021,2:00:00,0,B2,0.37,50138.4,50084.5,104.1,104.1,7.14,269.3,32.8,50089.5,0.82,32558,1.19,8.14,-83.3,25.051,1.13,11.6
2/4/2021,2:15:00,0,B2,0.36,50140.3,50087.3,103.8,103.8,7.11,269.3,32.8,50092.2,0.87,32560,1.195,8.14,-83.1,25.05,1.13,11.6
2/4/2021,2:30:00,0,B2,0.35,50138.4,50086.2,104,103.9,7.12,269.8,32.8,50091.1,0.8,32559,1.191,8.14,-83.1,25.049,1.13,11.6
2/4/2021,2:45:00,0,B2,0.35,50146.5,50088.4,103.9,103.8,7.12,270,32.81,50093.8,0.85,32561,1.195,8.14,-83.1,25.055,1.13,11.6
2/4/2021,3:00:00,0,B2,0.36,50142.6,50085.3,103.9,103.8,7.12,270.2,32.8,50090.6,0.88,32559,1.188,8.13,-83,25.054,1.13,11.6
2/4/2021,3:15:00,0,B2,0.38,50144.3,50083.3,103.8,103.7,7.11,270.4,32.8,50089,0.89,32558,1.186,8.13,-83,25.058,1.13,11.6
2/4/2021,3:30:00,0,B2,0.34,50137.8,50087,103.9,103.8,7.12,270.2,32.8,50091.8,0.85,32560,1.188,8.14,-83.1,25.048,1.13,11.6
2/4/2021,3:45:00,0,B2,0.36,50144.9,50087.3,103.9,103.8,7.12,269.9,32.8,50092.7,0.77,32560,1.197,8.14,-83.1,25.055,1.13,11.6
2/4/2021,4:00:00,0,B2,0.35,50135,50089.2,103.4,103.3,7.08,270.6,32.81,50093.5,0.76,32561,1.195,8.13,-82.8,25.043,1.13,11.6
2/4/2021,4:15:00,0,B2,0.37,50148,50089.8,103.7,103.6,7.1,270.6,32.81,50095.2,0.79,32562,1.194,8.14,-83,25.055,1.13,11.6
2/4/2021,4:30:00,0,B2,0.37,50147.9,50087.5,103.6,103.6,7.1,270.8,32.8,50093.2,0.83,32561,1.193,8.13,-82.9,25.057,1.13,11.6
2/4/2021,4:45:00,0,B2,0.37,50146,50093.4,103.5,103.4,7.09,271.1,32.81,50098.3,0.85,32564,1.193,8.13,-82.9,25.05,1.13,11.6
2/4/2021,5:00:00,0,B2,0.37,50148.1,50090.1,103.3,103.3,7.08,270.9,32.81,50095.5,0.8,32562,1.184,8.13,-83,25.055,1.13,11.6
2/4/2021,5:15:00,0,B2,0.38,50146.7,50087.9,103.5,103.5,7.09,271.3,32.8,50093.4,0.83,32561,1.184,8.13,-82.8,25.056,1.13,11.6
2/4/2021,5:30:00,0,B2,0.37,50152.3,50093,103.1,103.1,7.07,271.8,32.81,50098.6,0.88,32564,1.19,8.13,-82.7,25.056,1.13,11.6
2/4/2021,5:45:00,0,B2,0.36,50143.9,50091.1,103.1,103,7.06,271.7,32.81,50096,0.84,32562,1.19,8.13,-82.6,25.05,1.13,11.6
2/4/2021,6:00:00,0,B2,0.35,50145.4,50087.1,103.3,103.3,7.08,271.5,32.8,50092.5,0.85,32560,1.191,8.13,-82.6,25.055,1.13,11.6
2/4/2021,6:15:00,0,B2,0.39,50151.2,50093.2,103.1,103,7.06,270.7,32.81,50098.7,0.92,32564,1.193,8.13,-82.9,25.055,1.13,11.6
2/4/2021,6:30:00,0,B2,0.39,50145.4,50088.5,103.2,103.1,7.07,271,32.81,50093.8,0.89,32561,1.19,8.13,-82.7,25.054,1.13,11.6
2/4/2021,6:45:00,0,B2,0.37,50144.5,50091.5,102.7,102.7,7.04,271.2,32.81,50096.5,0.92,32563,1.184,8.13,-82.7,25.05,1.13,11.6
2/4/2021,7:00:00,0,B2,0.37,50152.2,50086.6,103.2,103.1,7.07,271.2,32.8,50092.7,0.86,32560,1.182,8.13,-82.7,25.062,1.13,11.6
2/4/2021,7:15:00,0,B2,0.37,50154.1,50090.6,103,102.9,7.05,271.1,32.81,50096.6,0.93,32563,1.19,8.12,-82.3,25.06,1.13,11.6
2/4/2021,7:30:00,0,B2,0.43,50160.5,50089.6,103,102.9,7.05,269.9,32.81,50096.2,0.95,32563,1.192,8.13,-82.4,25.067,1.13,11.6
2/4/2021,7:45:00,0,B2,0.43,50153.2,50087.5,103.1,103,7.06,270,32.8,50093.6,0.94,32561,1.184,8.12,-82.3,25.062,1.13,11.6
2/4/2021,8:00:00,0,B2,0.44,50150.7,50093.1,102.8,102.7,7.04,269.9,32.81,50098.5,1.03,32564,1.188,8.12,-82.3,25.055,1.13,11.6
2/4/2021,8:15:00,0,B2,0.43,50147.8,50093.7,103.1,103,7.06,270,32.81,50098.7,0.99,32564,1.191,8.13,-82.5,25.051,1.13,11.6
2/4/2021,8:30:00,0,B2,0.47,50155.8,50087.5,103.6,103.5,7.09,270.3,32.81,50093.9,1.12,32561,1.19,8.12,-82.2,25.065,1.13,11.6
2/4/2021,8:45:00,0,B2,0.44,50155.6,50090.4,103.7,103.7,7.11,270.2,32.81,50096.5,1.14,32563,1.191,8.12,-82.4,25.062,1.13,11.6
2/4/2021,9:00:00,0,B2,0.42,50157.9,50090.4,104.3,104.2,7.14,270.2,32.81,50096.7,1.06,32563,1.19,8.13,-82.6,25.064,1.13,11.6
2/4/2021,9:15:00,0,B2,0.49,50161,50092,105,104.9,7.19,271.1,32.81,50098.5,1.1,32564,1.192,8.13,-82.6,25.065,1.13,11.6
2/4/2021,9:30:00,0,B2,0.51,50159.3,50089.6,105.1,105.1,7.2,271.8,32.81,50096.1,1.08,32562,1.188,8.13,-82.5,25.066,1.13,11.6
2/4/2021,9:45:00,0,B2,0.47,50167.2,50090.8,105.7,105.6,7.24,272.6,32.81,50098,1.14,32564,1.188,8.12,-82.3,25.072,1.13,11.6
2/4/2021,10:00:00,0,B2,0.43,50165.6,50089.5,105.8,105.7,7.25,271.9,32.81,50096.6,1.15,32563,1.191,8.13,-82.6,25.072,1.13,11.6
2/4/2021,10:15:00,0,B2,0.47,50171.5,50088.8,106.4,106.4,7.29,271.6,32.81,50096.5,1.16,32563,1.192,8.13,-82.9,25.078,1.13,11.6
2/4/2021,10:30:00,0,B2,0.45,50181.6,50092,107.4,107.4,7.36,272.4,32.81,50100.4,1.11,32565,1.192,8.13,-82.9,25.085,1.13,11.6
2/4/2021,10:45:00,0,B2,0.46,50184.6,50091.2,107.4,107.4,7.36,272.6,32.81,50099.9,1.09,32565,1.195,8.14,-83.1,25.089,1.13,11.6
2/4/2021,11:00:00,0,B2,0.5,50186.9,50085.8,108.6,108.5,7.44,272.7,32.81,50095.3,1.12,32562,1.193,8.14,-83.1,25.096,1.13,11.6
2/4/2021,11:15:00,0,B2,0.44,50199.3,50089.9,108.7,108.6,7.44,272.8,32.81,50100.2,1.16,32565,1.193,8.14,-83.1,25.104,1.13,11.6
2/4/2021,11:30:00,0,B2,0.43,50209.2,50090.7,109,108.9,7.46,273,32.81,50101.7,1.04,32566,1.19,8.14,-83.2,25.112,1.13,11.6
2/4/2021,11:45:00,0,B2,0.47,50218.1,50088.5,110.3,110.3,7.55,272.4,32.81,50100.6,1.09,32565,1.183,8.15,-83.7,25.123,1.13,11.6
2/4/2021,12:00:00,0,B2,0.46,50234.6,50088.4,110.8,110.7,7.58,272.4,32.81,50102.1,1.14,32566,1.192,8.15,-83.7,25.139,1.13,11.6
2/4/2021,12:15:00,0,B2,0.39,50231.4,50087.9,110.9,110.9,7.59,272.4,32.81,50101.3,0.95,32566,1.189,8.15,-83.8,25.136,1.13,11.6
2/4/2021,12:30:00,0,B2,0.41,50237.6,50086.1,111.5,111.4,7.63,272,32.81,50100.3,0.9,32565,1.192,8.15,-84,25.143,1.13,11.6
2/4/2021,12:45:00,0,B2,0.42,50242.5,50086.5,112.5,112.4,7.7,271.6,32.81,50101.1,0.93,32566,1.201,8.15,-84.1,25.148,1.13,11.6
2/4/2021,13:00:00,0,B2,0.4,50244.5,50087.4,112.4,112.3,7.69,271.6,32.81,50102.1,0.98,32566,1.184,8.15,-84.2,25.149,1.13,11.6
2/4/2021,13:15:00,0,B2,0.42,50236.3,50084.3,112.2,112.2,7.68,271.8,32.81,50098.5,0.91,32564,1.187,8.15,-84.2,25.144,1.13,11.6
2/4/2021,13:30:00,0,B2,0.47,50242,50087.3,113.2,113.1,7.74,272.1,32.81,50101.8,1.09,32566,1.183,8.15,-84.2,25.146,1.13,11.6
2/4/2021,13:45:00,0,B2,0.4,50241.3,50088.2,112.6,112.5,7.7,271.4,32.81,50102.5,0.93,32567,1.191,8.16,-84.4,25.145,1.13,11.6
2/4/2021,14:00:00,0,B2,0.42,50244.2,50083.9,113.8,113.7,7.78,270.7,32.81,50098.9,0.93,32564,1.2,8.16,-84.6,25.152,1.13,11.6
2/4/2021,14:15:00,0,B2,0.39,50239.5,50084.3,113.5,113.4,7.77,271.5,32.81,50098.8,0.93,32564,1.191,8.16,-84.6,25.147,1.13,11.6
2/4/2021,14:30:00,0,B2,0.35,50245.3,50088,113.3,113.2,7.75,271.5,32.81,50102.7,0.92,32567,1.192,8.16,-84.6,25.149,1.13,11.6
2/4/2021,14:45:00,0,B2,0.4,50244,50086.8,113.6,113.5,7.77,271.6,32.81,50101.5,0.97,32566,1.19,8.16,-84.7,25.149,1.13,11.6
2/4/2021,15:00:00,0,B2,0.46,50239.2,50084.5,113.3,113.2,7.75,271.5,32.81,50099,1.07,32564,1.195,8.17,-84.9,25.147,1.13,11.6
2/4/2021,15:15:00,0,B2,0.45,50237.9,50083.7,112.7,112.7,7.71,271.8,32.81,50098.2,0.98,32564,1.195,8.16,-84.7,25.146,1.13,11.6
2/4/2021,15:30:00,0,B2,0.4,50238.1,50084.6,113.1,113,7.74,271.9,32.81,50099,0.92,32564,1.188,8.16,-84.8,25.145,1.13,11.6
2/4/2021,15:45:00,0,B2,0.37,50239.2,50086.5,112.5,112.4,7.69,271.9,32.81,50100.8,0.91,32566,1.189,8.16,-84.7,25.145,1.13,11.6
2/4/2021,16:00:00,0,B2,0.42,50230.5,50082.9,112.6,112.5,7.7,270.9,32.81,50096.8,0.99,32563,1.196,8.17,-85.1,25.14,1.13,11.6
2/4/2021,16:15:00,0,B2,0.46,50232.1,50083.3,112.1,112,7.67,270.9,32.81,50097.2,0.99,32563,1.193,8.17,-85,25.141,1.13,11.6
2/4/2021,16:30:00,0,B2,0.39,50234.1,50087.5,111.9,111.9,7.66,271.2,32.81,50101.2,1.05,32566,1.189,8.17,-85,25.139,1.13,11.6
2/4/2021,16:45:00,0,B2,0.39,50227.4,50084.5,111.7,111.7,7.65,271.3,32.81,50097.9,0.89,32564,1.188,8.16,-84.7,25.135,1.13,11.6
2/4/2021,17:00:00,0,B2,0.39,50230,50088.9,111.6,111.5,7.64,270,32.81,50102.1,0.94,32566,1.19,8.17,-85.1,25.134,1.13,11.6
2/4/2021,17:15:00,0,B2,0.4,50226,50085.8,111.1,111,7.6,270.2,32.81,50098.9,0.96,32564,1.183,8.17,-84.9,25.133,1.13,11.6
2/4/2021,17:30:00,0,B2,0.41,50221.1,50084.8,111,110.9,7.59,270.7,32.81,50097.5,0.88,32563,1.189,8.16,-84.8,25.129,1.13,11.6
2/4/2021,17:45:00,0,B2,0.43,50223.8,50088.4,110.7,110.6,7.57,269.7,32.81,50101.1,0.99,32566,1.2,8.17,-85.1,25.128,1.13,11.6
2/4/2021,18:00:00,0,B2,0.41,50217.7,50088.6,110.4,110.3,7.56,269.8,32.81,50100.7,0.84,32565,1.183,8.16,-84.8,25.122,1.13,11.6
2/4/2021,18:15:00,0,B2,0.4,50211.7,50085.3,110.1,110,7.53,269.7,32.81,50097.1,0.86,32563,1.192,8.17,-84.9,25.12,1.13,11.6
2/4/2021,18:30:00,0,B2,0.38,50208,50086.2,109.7,109.7,7.51,269.8,32.81,50097.6,0.86,32563,1.189,8.16,-84.8,25.115,1.13,11.6
2/4/2021,18:45:00,0,B2,0.36,50202.2,50086.9,109.3,109.3,7.48,270.6,32.81,50097.7,0.92,32563,1.192,8.16,-84.8,25.109,1.13,11.6
2/4/2021,19:00:00,0,B2,0.36,50201.4,50092.1,109.2,109.1,7.47,270.6,32.81,50102.4,0.91,32567,1.193,8.16,-84.7,25.103,1.13,11.6
2/4/2021,19:15:00,0,B2,0.35,50189.2,50088.7,108.6,108.5,7.43,270.7,32.81,50098.1,0.83,32564,1.191,8.16,-84.7,25.095,1.13,11.6
2/4/2021,19:30:00,0,B2,0.37,50185.8,50087.2,108.5,108.4,7.43,270.4,32.81,50096.5,0.93,32563,1.19,8.16,-84.7,25.093,1.13,11.6
2/4/2021,19:45:00,0,B2,0.38,50180.1,50090.9,108.2,108.1,7.41,270.5,32.81,50099.2,0.85,32564,1.184,8.16,-84.7,25.085,1.13,11.6
2/4/2021,20:00:00,0,B2,0.34,50167.2,50089.5,107.9,107.8,7.39,270.6,32.81,50096.8,0.85,32563,1.2,8.17,-84.9,25.074,1.13,11.6
2/4/2021,20:15:00,0,B2,0.36,50167,50094.6,107.6,107.5,7.37,270.3,32.81,50101.4,0.81,32566,1.197,8.16,-84.8,25.069,1.13,11.6
2/4/2021,20:30:00,0,B2,0.34,50151.3,50090.8,107.4,107.3,7.36,270.7,32.81,50096.5,0.84,32563,1.201,8.16,-84.6,25.057,1.13,11.6
2/4/2021,20:45:00,0,B2,0.4,50150.1,50090.4,107.3,107.2,7.35,270.8,32.81,50096,0.82,32562,1.196,8.16,-84.5,25.056,1.13,11.6
2/4/2021,21:00:00,0,B2,0.36,50155.4,50097.8,106.9,106.8,7.32,270.8,32.81,50103.1,0.83,32567,1.192,8.16,-84.4,25.055,1.13,11.6
2/4/2021,21:15:00,0,B2,0.37,50146.9,50093.6,106.9,106.9,7.33,270.4,32.81,50098.6,0.83,32564,1.2,8.16,-84.4,25.05,1.13,11.6
2/4/2021,21:30:00,0,B2,0.35,50153.3,50093,106.6,106.5,7.3,270.3,32.81,50098.7,0.84,32564,1.191,8.16,-84.4,25.057,1.13,11.6
2/4/2021,21:45:00,0,B2,0.37,50156.4,50097.4,106.4,106.3,7.29,269.6,32.81,50102.9,0.87,32567,1.196,8.16,-84.3,25.056,1.13,11.6
2/4/2021,22:00:00,0,B2,0.37,50141.8,50094,106,106,7.27,270,32.81,50098.4,0.82,32564,1.189,8.16,-84.3,25.045,1.13,11.6
2/4/2021,22:15:00,0,B2,0.38,50150.9,50093.4,105.9,105.8,7.26,270.1,32.81,50098.7,0.79,32564,1.182,8.16,-84.3,25.054,1.13,11.6
2/4/2021,22:30:00,0,B2,0.35,50159.9,50095.6,106,105.9,7.26,270.4,32.81,50101.6,0.79,32566,1.188,8.16,-84.2,25.061,1.13,11.6
2/4/2021,22:45:00,0,B2,0.38,50143.8,50096.2,105.7,105.6,7.24,270.2,32.81,50100.7,0.83,32565,1.195,8.15,-84.2,25.045,1.13,11.6
2/4/2021,23:00:00,0,B2,0.36,50145,50100.2,104.8,104.8,7.18,270.8,32.81,50104.4,0.85,32568,1.199,8.15,-84.1,25.042,1.13,11.6
2/4/2021,23:15:00,0,B2,0.36,50151.9,50093.4,105.5,105.4,7.23,270.1,32.81,50098.9,0.8,32564,1.192,8.16,-84.4,25.055,1.13,11.6
2/4/2021,23:30:00,0,B2,0.36,50150.2,50098.3,105.2,105.1,7.2,270.3,32.81,50103.1,0.81,32567,1.19,8.16,-84.2,25.049,1.13,11.6
2/4/2021,23:45:00,0,B2,0.37,50154.5,50094.5,105.1,105,7.2,270.5,32.81,50100.1,0.8,32565,1.185,8.15,-84.1,25.057,1.13,11.6
2/5/2021,0:00:00,0,B2,0.37,50149.1,50095,105,105,7.2,269.8,32.81,50100,0.83,32565,1.185,8.15,-84,25.051,1.13,11.6
2/5/2021,0:15:00,0,B2,0.36,50164.7,50095.1,104.7,104.7,7.17,270.2,32.81,50101.7,0.82,32566,1.189,8.15,-83.9,25.066,1.13,11.6
2/5/2021,0:30:00,0,B2,0.35,50152.2,50093.1,104.9,104.8,7.19,269.2,32.81,50098.6,0.79,32564,1.196,8.15,-84,25.056,1.13,11.6
2/5/2021,0:45:00,0,B2,0.34,50153,50093.3,104.5,104.4,7.16,269.3,32.81,50098.8,0.84,32564,1.197,8.15,-84,25.057,1.13,11.6
2/5/2021,1:00:00,0,B2,0.37,50141.9,50104.1,104.1,104,7.13,269.8,32.82,50107.7,0.76,32570,1.188,8.15,-83.9,25.036,1.13,11.6
2/5/2021,1:15:00,0,B2,0.38,50157.4,50092.4,104.5,104.4,7.16,269.9,32.81,50098.4,0.78,32564,1.194,8.15,-84.1,25.062,1.13,11.6
2/5/2021,1:30:00,0,B2,0.35,50161.1,50095.8,104.4,104.3,7.15,270.4,32.81,50102,0.87,32566,1.187,8.15,-83.7,25.062,1.13,11.6
2/5/2021,1:45:00,0,B2,0.37,50152.9,50094.7,104.3,104.2,7.15,269.6,32.81,50100.1,0.85,32565,1.192,8.15,-83.8,25.055,1.12,11.6
2/5/2021,2:00:00,0,B2,0.37,50152.7,50097.3,104.3,104.2,7.14,269.4,32.81,50102.4,0.87,32567,1.192,8.15,-84.1,25.052,1.13,11.6
2/5/2021,2:15:00,0,B2,0.39,50157,50096.8,104.2,104.1,7.14,270.2,32.81,50102.5,0.92,32567,1.186,8.15,-83.9,25.057,1.12,11.6
2/5/2021,2:30:00,0,B2,0.36,50147.4,50092.5,103.9,103.8,7.12,270.1,32.81,50097.7,0.84,32563,1.181,8.15,-83.9,25.052,1.13,11.6
2/5/2021,2:45:00,0,B2,0.37,50166.3,50096.6,103.9,103.8,7.12,270.3,32.81,50103.2,0.86,32567,1.182,8.15,-83.9,25.066,1.13,11.6
2/5/2021,3:00:00,0,B2,0.39,50159.4,50104.4,104,103.9,7.12,271,32.82,50109.5,0.79,32571,1.201,8.15,-83.8,25.052,1.12,11.6
2/5/2021,3:15:00,0,B2,0.39,50146.8,50099.8,103.6,103.6,7.1,271.1,32.81,50104.2,0.85,32568,1.186,8.15,-83.9,25.044,1.12,11.6
2/5/2021,3:30:00,0,B2,0.35,50152.1,50097.8,103.9,103.8,7.12,271.5,32.81,50102.8,0.89,32567,1.192,8.15,-83.9,25.051,1.12,11.6
2/5/2021,3:45:00,0,B2,0.36,50144.5,50094.6,103.4,103.3,7.08,271.8,32.81,50099.2,0.92,32564,1.183,8.15,-83.7,25.047,1.13,11.6
2/5/2021,4:00:00,0,B2,0.38,50166.1,50097.3,103.6,103.6,7.1,271.9,32.81,50103.7,0.89,32567,1.188,8.14,-83.6,25.065,1.12,11.6
2/5/2021,4:15:00,0,B2,0.37,50161.7,50099.2,103.8,103.7,7.11,271.6,32.81,50105,0.91,32568,1.189,8.15,-83.6,25.059,1.12,11.6
2/5/2021,4:30:00,0,B2,0.37,50165.8,50096.7,103.5,103.4,7.09,271.6,32.81,50103.2,0.88,32567,1.186,8.14,-83.6,25.065,1.12,11.6
2/5/2021,4:45:00,0,B2,0.35,50160.4,50100.8,103.1,103,7.06,271.7,32.81,50106.4,0.9,32569,1.188,8.14,-83.2,25.056,1.12,11.6
2/5/2021,5:00:00,0,B2,0.35,50150.1,50093.5,103.1,103,7.06,270.2,32.81,50098.8,0.81,32564,1.19,8.14,-83.4,25.054,1.13,11.6
2/5/2021,5:15:00,0,B2,0.37,50158.7,50100.2,103.5,103.4,7.09,270.4,32.81,50105.7,0.91,32569,1.19,8.14,-83.2,25.055,1.12,11.6
2/5/2021,5:30:00,0,B2,0.35,50169.9,50096.2,103.3,103.3,7.08,270.3,32.81,50103.1,0.78,32567,1.196,8.14,-83.5,25.07,1.12,11.6
2/5/2021,5:45:00,0,B2,0.38,50172.3,50101.4,103.3,103.2,7.07,270.9,32.82,50108,0.93,32570,1.188,8.14,-83.3,25.067,1.12,11.6
2/5/2021,6:00:00,0,B2,0.41,50158.1,50098.6,102.9,102.8,7.05,271.2,32.81,50104.1,0.89,32568,1.189,8.14,-83,25.056,1.12,11.6
2/5/2021,6:15:00,0,B2,0.4,50167.1,50095.7,103.2,103.1,7.07,270.6,32.81,50102.4,0.78,32567,1.193,8.14,-83.4,25.068,1.12,11.6
2/5/2021,6:30:00,0,B2,0.36,50167.8,50106,103,103,7.06,271.4,32.82,50111.8,0.88,32573,1.191,8.14,-83.4,25.058,1.12,11.6
2/5/2021,6:45:00,0,B2,0.38,50177.8,50097.3,103,103,7.06,272.3,32.81,50104.8,0.97,32568,1.2,8.14,-83.2,25.076,1.12,11.6
2/5/2021,7:00:00,0,B2,0.35,50153.2,50097.8,103,103,7.06,273,32.81,50103,0.92,32567,1.185,8.13,-82.6,25.052,1.12,11.6
2/5/2021,7:15:00,0,B2,0.41,50144.2,50100.6,103,102.9,7.06,271.7,32.81,50104.6,0.95,32568,1.191,8.14,-83.1,25.041,1.12,11.6
2/5/2021,7:30:00,0,B2,0.42,50150.8,50103.4,103.1,103.1,7.07,271.7,32.82,50107.9,0.94,32570,1.188,8.13,-82.9,25.045,1.12,11.6
2/5/2021,7:45:00,0,B2,0.45,50140.4,50102.2,102.5,102.5,7.03,271.9,32.81,50105.8,1.03,32569,1.193,8.13,-83,25.036,1.12,11.6
2/5/2021,8:00:00,0,B2,0.43,50165.4,50101,103.1,103.1,7.07,272.3,32.81,50107.1,1.02,32570,1.199,8.13,-83,25.061,1.12,11.6
2/5/2021,8:15:00,0,B2,0.42,50155.3,50099.2,103,102.9,7.06,273,32.81,50104.4,1.06,32568,1.19,8.13,-82.8,25.053,1.12,11.6
2/5/2021,8:30:00,0,B2,0.48,50171.7,50096.6,103.4,103.3,7.08,273,32.81,50103.6,1.07,32567,1.193,8.13,-82.9,25.071,1.12,11.6
2/5/2021,8:45:00,0,B2,0.47,50172.5,50101.6,103.7,103.6,7.1,273.1,32.82,50108.2,1.09,32570,1.186,8.14,-83.2,25.067,1.12,11.6
2/5/2021,9:00:00,0,B2,0.49,50174.5,50102,104.2,104.1,7.13,273.1,32.82,50108.8,1.14,32571,1.183,8.14,-83.2,25.069,1.12,11.6
2/5/2021,9:15:00,0,B2,0.44,50171.5,50100.6,104.6,104.6,7.17,273.7,32.81,50107.3,1.11,32570,1.183,8.14,-83.2,25.067,1.12,11.6
2/5/2021,9:30:00,0,B2,0.43,50173.2,50099.8,105.1,105.1,7.2,274.6,32.81,50106.6,1.12,32569,1.187,8.13,-82.7,25.07,1.12,11.6
2/5/2021,9:45:00,0,B2,0.44,50175.6,50099.8,105.5,105.4,7.23,272.9,32.81,50106.9,1.22,32569,1.194,8.14,-83.4,25.072,1.12,11.6
2/5/2021,10:00:00,0,B2,0.49,50174.4,50097.8,106.5,106.5,7.3,273.7,32.81,50105,1.03,32568,1.187,8.14,-83.1,25.073,1.12,11.6
2/5/2021,10:15:00,0,B2,0.42,50179.2,50098.6,106.9,106.9,7.32,272.7,32.81,50106.1,1.07,32569,1.184,8.14,-83.2,25.076,1.12,11.6
2/5/2021,10:30:00,0,B2,0.42,50178.9,50098.1,106.7,106.6,7.31,271.8,32.81,50105.7,1.08,32569,1.192,8.15,-83.6,25.077,1.12,11.6
2/5/2021,10:45:00,0,B2,0.42,50192.3,50101.9,108.6,108.5,7.44,272.8,32.82,50110.4,1.07,32572,1.188,8.15,-83.8,25.086,1.12,11.6
2/5/2021,11:00:00,0,B2,0.49,50193.5,50096.7,108.1,108,7.4,273.6,32.81,50105.7,1.2,32569,1.193,8.15,-83.8,25.092,1.12,11.6
2/5/2021,11:15:00,0,B2,0.46,50199.3,50099.4,108.7,108.6,7.44,274.1,32.82,50108.7,1.2,32571,1.189,8.14,-83.5,25.095,1.12,11.6
2/5/2021,11:30:00,0,B2,0.45,50205,50096.9,110,109.9,7.53,273.2,32.81,50107.1,1.11,32570,1.186,8.15,-83.8,25.102,1.12,11.6
2/5/2021,11:45:00,0,B2,0.43,50208.3,50095.4,110.4,110.3,7.56,271,32.81,50106,1.07,32569,1.188,8.16,-84.3,25.107,1.12,11.6
2/5/2021,12:00:00,0,B2,0.44,50211.9,50093.5,110,109.9,7.53,270.8,32.81,50104.6,1.02,32568,1.192,8.15,-83.9,25.112,1.12,11.6
2/5/2021,12:15:00,0,B2,0.4,50216.8,50094.9,110.6,110.6,7.57,271,32.81,50106.3,0.95,32569,1.198,8.15,-84.1,25.115,1.12,11.6
2/5/2021,12:30:00,0,B2,0.45,50220.7,50094.3,111.6,111.6,7.64,271.3,32.81,50106.1,1.12,32569,1.189,8.16,-84.3,25.12,1.12,11.6
2/5/2021,12:45:00,0,B2,0.46,50222.8,50092.7,111.8,111.7,7.65,271.5,32.81,50104.9,1.09,32568,1.186,8.16,-84.5,25.123,1.12,11.6
2/5/2021,13:00:00,0,B2,0.43,50228.9,50093.8,112.3,112.2,7.68,271.7,32.81,50106.4,1.07,32569,1.184,8.16,-84.5,25.128,1.12,11.6
2/5/2021,13:15:00,0,B2,0.45,50231.9,50092.2,112.3,112.2,7.68,271.4,32.81,50105.3,0.97,32568,1.192,8.17,-85,25.132,1.12,11.6
2/5/2021,13:30:00,0,B2,0.43,50229.3,50091,112.1,112.1,7.67,270.7,32.81,50104,1.06,32568,1.191,8.16,-84.7,25.131,1.12,11.6
2/5/2021,13:45:00,0,B2,0.42,50238.1,50095,112.7,112.6,7.71,270.9,32.81,50108.4,0.97,32570,1.187,8.17,-85,25.135,1.12,11.6
2/5/2021,14:00:00,0,B2,0.58,50236.1,50091.6,113,112.9,7.73,271.7,32.81,50105.1,0.92,32568,1.189,8.17,-84.9,25.137,1.12,11.6
2/5/2021,14:15:00,0,B2,0.41,50237.5,50091.8,112.5,112.4,7.7,270.2,32.81,50105.4,0.96,32569,1.192,8.17,-85.3,25.138,1.12,11.6
2/5/2021,14:30:00,0,B2,0.41,50238.3,50090.5,112.8,112.7,7.72,271.3,32.81,50104.4,1.04,32568,1.189,8.17,-85.1,25.14,1.12,11.6
2/5/2021,14:45:00,0,B2,0.43,50241.8,50093.5,112.8,112.7,7.72,270.7,32.81,50107.4,0.91,32570,1.199,8.17,-85.3,25.14,1.12,11.6
2/5/2021,15:00:00,0,B2,0.45,50240.5,50092.8,112.9,112.9,7.73,270.1,32.81,50106.6,0.94,32569,1.201,8.17,-85.4,25.14,1.12,11.6
2/5/2021,15:15:00,0,B2,0.42,50235.9,50089.8,112.6,112.5,7.7,270,32.81,50103.5,0.99,32567,1.191,8.17,-85.1,25.138,1.12,11.6
2/5/2021,15:30:00,0,B2,0.39,50237.3,50092.1,112.6,112.5,7.7,269.6,32.81,50105.7,0.93,32569,1.192,8.17,-85.4,25.137,1.12,11.6
2/5/2021,15:45:00,0,B2,0.44,50232.4,50090.6,112.6,112.5,7.7,269.8,32.81,50103.8,1,32568,1.184,8.18,-85.6,25.134,1.12,11.6
2/5/2021,16:00:00,0,B2,0.42,50231.8,50092,112.4,112.3,7.69,270.1,32.81,50105.1,0.9,32568,1.185,8.18,-85.5,25.132,1.12,11.6
2/5/2021,16:15:00,0,B2,0.38,50230.8,50095,112.2,112.1,7.67,270.4,32.81,50107.7,0.92,32570,1.19,8.18,-85.6,25.129,1.12,11.6
2/5/2021,16:30:00,0,B2,0.43,50227.5,50092.5,111.8,111.7,7.65,270.8,32.81,50105.2,0.96,32568,1.192,8.18,-85.6,25.128,1.12,11.6
2/5/2021,16:45:00,0,B2,0.41,50220.7,50090.9,111.6,111.5,7.64,271.3,32.81,50103.1,0.96,32567,1.186,8.17,-85.1,25.123,1.12,11.6
2/5/2021,17:00:00,0,B2,0.4,50221.2,50095,111.3,111.3,7.62,270,32.81,50106.8,0.9,32569,1.184,8.18,-85.7,25.12,1.12,11.6
2/5/2021,17:15:00,0,B2,0.45,50213.5,50091.1,111,110.9,7.6,270.6,32.81,50102.6,1.09,32567,1.181,8.17,-85.3,25.116,1.12,11.6
2/5/2021,17:30:00,0,B2,0.37,50212.2,50094.8,110.8,110.7,7.58,270.8,32.81,50105.8,0.91,32569,1.184,8.17,-85.2,25.111,1.12,11.6
2/5/2021,17:45:00,0,B2,0.41,50203.2,50095.8,110.6,110.5,7.57,270.3,32.81,50105.8,0.89,32569,1.189,8.18,-85.5,25.102,1.12,11.6
2/5/2021,18:00:00,0,B2,0.38,50195.9,50092.8,110.2,110.1,7.54,270.9,32.81,50102.5,0.93,32567,1.189,8.17,-85.2,25.098,1.12,11.6
2/5/2021,18:15:00,0,B2,0.42,50183.8,50093.4,109.9,109.8,7.53,271.5,32.81,50101.8,0.93,32566,1.199,8.17,-85.3,25.086,1.12,11.6
2/5/2021,18:30:00,0,B2,0.41,50189.8,50101.2,109.6,109.6,7.51,271.4,32.82,50109.5,1.01,32571,1.201,8.17,-85.3,25.084,1.12,11.6
2/5/2021,18:45:00,0,B2,0.42,50183.2,50103.5,109.4,109.3,7.49,271.7,32.82,50110.9,0.93,32572,1.195,8.17,-85.2,25.076,1.12,11.6
2/5/2021,19:00:00,0,B2,0.4,50162.1,50096.8,108.6,108.5,7.44,271.9,32.81,50102.9,0.88,32567,1.187,8.17,-85.1,25.062,1.12,11.6
2/5/2021,19:15:00,0,B2,0.38,50167.2,50099.4,108.5,108.4,7.43,271.9,32.81,50105.7,0.94,32569,1.183,8.17,-85.1,25.064,1.12,11.6
2/5/2021,19:30:00,0,B2,0.41,50161.2,50099.2,108.3,108.3,7.42,271.4,32.81,50105,0.93,32568,1.191,8.17,-85.1,25.059,1.12,11.6
2/5/2021,19:45:00,0,B2,0.38,50139.7,50095.5,107.8,107.7,7.39,271.5,32.81,50099.6,0.87,32565,1.188,8.17,-85.3,25.042,1.12,11.6
2/5/2021,20:00:00,0,B2,0.39,50157,50101.8,107.8,107.8,7.39,271.7,32.81,50107,0.9,32570,1.2,8.17,-85.2,25.052,1.12,11.6
2/5/2021,20:15:00,0,B2,0.36,50149.8,50099.8,107.5,107.4,7.37,271.3,32.81,50104.5,0.87,32568,1.195,8.17,-85.2,25.047,1.12,11.6
2/5/2021,20:30:00,0,B2,0.41,50144.4,50099.4,107.2,107.2,7.35,271.3,32.81,50103.6,1.02,32567,1.192,8.17,-85.1,25.043,1.12,11.6
2/5/2021,20:45:00,0,B2,0.37,50136.8,50105.4,106.6,106.5,7.31,271.2,32.82,50108.4,0.9,32570,1.191,8.17,-85,25.03,1.12,11.6
2/5/2021,21:00:00,0,B2,0.38,50154.2,50102.6,106.9,106.8,7.32,270.6,32.82,50107.4,0.88,32570,1.184,8.17,-85.1,25.049,1.12,11.6
2/5/2021,21:15:00,0,B2,0.35,50143.2,50101.7,106.6,106.6,7.31,270.5,32.81,50105.5,0.91,32569,1.191,8.17,-84.9,25.039,1.12,11.6
2/5/2021,21:30:00,0,B2,0.38,50138.1,50099.7,106,105.9,7.26,270,32.81,50103.3,0.92,32567,1.201,8.16,-84.8,25.036,1.12,11.6
2/5/2021,21:45:00,0,B2,0.4,50156.8,50097.5,106.1,106.1,7.27,270.2,32.81,50103.1,0.87,32567,1.183,8.16,-84.7,25.056,1.12,11.6
2/5/2021,22:00:00,0,B2,0.37,50150.4,50104.4,105.9,105.8,7.25,268.5,32.82,50108.7,0.86,32571,1.182,8.17,-84.9,25.044,1.12,11.6
2/5/2021,22:15:00,0,B2,0.35,50150.1,50098.5,105.8,105.7,7.25,269.7,32.81,50103.4,0.91,32567,1.188,8.16,-84.6,25.049,1.12,11.6
2/5/2021,22:30:00,0,B2,0.4,50139.1,50100.4,105.2,105.1,7.21,270.7,32.81,50104,0.9,32568,1.191,8.16,-84.4,25.037,1.12,11.6
2/5/2021,22:45:00,0,B2,0.38,50157.7,50101.8,105.3,105.3,7.22,271.1,32.81,50107.1,0.89,32570,1.189,8.15,-84.2,25.053,1.12,11.6
2/5/2021,23:00:00,0,B2,0.38,50159.6,50104.1,105.3,105.2,7.22,270,32.82,50109.3,0.89,32571,1.192,8.16,-84.8,25.053,1.12,11.6
2/5/2021,23:15:00,0,B2,0.39,50152.9,50097.4,105,104.9,7.19,271,32.81,50102.6,0.85,32567,1.197,8.16,-84.5,25.053,1.12,11.6
2/5/2021,23:30:00,0,B2,0.36,50153.5,50099.5,104.8,104.7,7.18,270.9,32.81,50104.6,0.87,32568,1.184,8.16,-84.7,25.051,1.12,11.6
2/5/2021,23:45:00,0,B2,0.38,50149.2,50101,104.5,104.4,7.16,271.8,32.81,50105.5,0.93,32569,1.196,8.16,-84.3,25.046,1.12,11.6
2/6/2021,0:00:00,0,B2,0.36,50151.2,50097.2,104.6,104.6,7.17,271.9,32.81,50102.3,0.85,32566,1.195,8.16,-84.4,25.051,1.12,11.6
2/6/2021,0:15:00,0,B2,0.36,50159.2,50102.8,104.6,104.5,7.16,272.2,32.82,50108.1,0.89,32570,1.185,8.15,-84.1,25.053,1.12,11.6
2/6/2021,0:30:00,0,B2,0.38,50162.4,50103.9,104.3,104.3,7.15,271.3,32.82,50109.4,0.95,32571,1.183,8.16,-84.5,25.055,1.12,11.6
2/6/2021,0:45:00,0,B2,0.52,50155.8,50104.4,104.3,104.3,7.15,271.7,32.82,50109.2,1.01,32571,1.188,8.16,-84.2,25.049,1.12,11.6
2/6/2021,1:00:00,0,B2,0.37,50144.1,50098.2,104.1,104,7.13,272.3,32.81,50102.5,0.87,32567,1.189,8.15,-84.1,25.044,1.12,11.6
2/6/2021,1:15:00,0,B2,0.38,50137.2,50096.6,103.7,103.7,7.11,271.5,32.81,50100.4,0.93,32565,1.199,8.16,-84.4,25.038,1.12,11.6
2/6/2021,1:30:00,0,B2,0.39,50151.3,50097.2,104.2,104.1,7.14,271.4,32.81,50102.2,0.95,32566,1.201,8.16,-84.2,25.051,1.12,11.6
2/6/2021,1:45:00,0,B2,0.37,50144.9,50103.8,104,103.9,7.12,271.5,32.82,50107.6,0.88,32570,1.185,8.16,-84.4,25.039,1.12,11.6
2/6/2021,2:00:00,0,B2,0.39,50138.5,50094.8,103.8,103.7,7.11,271.6,32.81,50098.9,0.93,32564,1.183,8.15,-84.1,25.041,1.12,11.6
2/6/2021,2:15:00,0,B2,0.37,50150.9,50098,103.7,103.7,7.11,271.7,32.81,50102.9,0.87,32567,1.193,8.15,-84,25.05,1.12,11.6
2/6/2021,2:30:00,0,B2,0.36,50146.9,50096.1,103.6,103.6,7.1,271.8,32.81,50100.8,0.89,32566,1.188,8.15,-84.2,25.048,1.12,11.6
2/6/2021,2:45:00,0,B2,0.39,50137.8,50095.8,103.4,103.4,7.09,271.7,32.81,50099.7,0.93,32565,1.185,8.15,-84.1,25.04,1.12,11.6
2/6/2021,3:00:00,0,B2,0.38,50129.9,50093.2,103.6,103.6,7.1,271.6,32.81,50096.6,0.88,32563,1.181,8.15,-84.2,25.035,1.12,11.6
2/6/2021,3:15:00,0,B2,0.36,50153.1,50095.2,103.6,103.5,7.1,271.9,32.81,50100.6,0.86,32565,1.189,8.15,-83.9,25.055,1.12,11.6
2/6/2021,3:30:00,0,B2,0.34,50141.7,50095.6,103.6,103.5,7.1,269.9,32.81,50099.9,0.9,32565,1.194,8.16,-84.3,25.044,1.12,11.6
2/6/2021,3:45:00,0,B2,0.4,50143.1,50098.8,103.3,103.2,7.08,270.2,32.81,50103,0.87,32567,1.192,8.16,-84.3,25.042,1.12,11.6
2/6/2021,4:00:00,0,B2,0.35,50149.7,50099,103.2,103.1,7.07,270.6,32.81,50103.7,0.88,32567,1.19,8.15,-84,25.048,1.12,11.6
2/6/2021,4:15:00,0,B2,0.38,50134.9,50091.7,103.3,103.2,7.08,270.9,32.81,50095.7,0.95,32562,1.193,8.15,-84,25.041,1.12,11.6
2/6/2021,4:30:00,0,B2,0.38,50138.3,50094.9,103,103,7.06,271.4,32.81,50098.9,0.89,32564,1.186,8.15,-83.9,25.041,1.12,11.6
2/6/2021,4:45:00,0,B2,0.33,50134.3,50092.2,103,102.9,7.06,271.2,32.81,50096.2,0.93,32563,1.188,8.15,-83.7,25.04,1.12,11.6
2/6/2021,5:00:00,0,B2,0.39,50132.6,50091.5,103.1,103.1,7.07,270.7,32.81,50095.4,0.86,32562,1.186,8.15,-83.9,25.039,1.12,11.6
2/6/2021,5:15:00,0,B2,0.37,50142.5,50098.1,102.9,102.8,7.05,270.9,32.81,50102.2,0.91,32566,1.192,8.14,-83.6,25.042,1.12,11.6
2/6/2021,5:30:00,0,B2,0.37,50139.6,50096.3,103,102.9,7.06,269.7,32.81,50100.4,0.92,32565,1.195,8.15,-83.9,25.041,1.12,11.6
2/6/2021,5:45:00,0,B2,0.37,50142.4,50092.4,102.7,102.7,7.04,270.5,32.81,50097.1,0.9,32563,1.2,8.15,-83.8,25.047,1.12,11.6
2/6/2021,6:00:00,0,B2,0.37,50134.7,50091.3,102.8,102.8,7.05,270.3,32.81,50095.4,0.92,32562,1.199,8.15,-83.8,25.041,1.12,11.6
2/6/2021,6:15:00,0,B2,0.37,50153.7,50093.5,103,102.9,7.06,270.4,32.81,50099.1,0.92,32564,1.193,8.15,-83.9,25.057,1.12,11.6
2/6/2021,6:30:00,0,B2,0.37,50145.5,50094.5,102.7,102.6,7.03,271.4,32.81,50099.3,0.91,32565,1.185,8.14,-83.3,25.048,1.12,11.6
2/6/2021,6:45:00,0,B2,0.39,50146,50095.3,102.9,102.8,7.05,271.3,32.81,50100,0.95,32565,1.192,8.14,-83.5,25.048,1.12,11.6
2/6/2021,7:00:00,0,B2,0.42,50136.4,50093.5,102.8,102.8,7.05,271,32.81,50097.5,0.97,32563,1.184,8.14,-83.6,25.041,1.12,11.6
2/6/2021,7:15:00,0,B2,0.39,50147.2,50094.2,102.6,102.6,7.03,270.8,32.81,50099.2,0.97,32564,1.182,8.14,-83.6,25.05,1.12,11.6
2/6/2021,7:30:00,0,B2,0.43,50154.8,50093.1,102.7,102.6,7.04,271.3,32.81,50098.9,1.03,32564,1.188,8.15,-83.6,25.058,1.12,11.6
2/6/2021,7:45:00,0,B2,0.41,50150.7,50088.8,102.9,102.8,7.05,271.8,32.81,50094.6,1,32561,1.192,8.14,-83.5,25.059,1.12,11.6
2/6/2021,8:00:00,0,B2,0.48,50143,50084.9,102.7,102.7,7.04,272.2,32.8,50090.3,1.15,32559,1.191,8.14,-83.4,25.055,1.12,11.6
2/6/2021,8:15:00,0,B2,0.4,50152.8,50093.3,102.9,102.8,7.05,272,32.81,50098.8,1.02,32564,1.188,8.14,-83.4,25.056,1.12,11.6
2/6/2021,8:30:00,0,B2,0.45,50156.3,50094.7,103.3,103.3,7.08,272.4,32.81,50100.5,1.12,32565,1.189,8.14,-83.2,25.058,1.12,11.6
2/6/2021,8:45:00,0,B2,0.46,50156.5,50090.8,103.5,103.5,7.09,272.4,32.81,50096.9,1.09,32563,1.2,8.14,-83.4,25.062,1.12,11.6
2/6/2021,9:00:00,0,B2,0.45,50149.9,50089.6,104,104,7.13,273.3,32.81,50095.2,1.09,32562,1.193,8.14,-83.4,25.057,1.12,11.6
2/6/2021,9:15:00,0,B2,0.48,50162.1,50095.7,104.3,104.2,7.15,273.7,32.81,50101.9,1.21,32566,1.186,8.14,-83.2,25.063,1.12,11.6
2/6/2021,9:30:00,0,B2,0.49,50157.8,50093.7,105,105,7.19,272.5,32.81,50099.7,1.19,32565,1.192,8.15,-83.8,25.061,1.12,11.6
2/6/2021,9:45:00,0,B2,0.41,50155.4,50090.8,105.9,105.8,7.25,273.2,32.81,50096.8,1.08,32563,1.191,8.15,-83.8,25.061,1.12,11.6
2/6/2021,10:00:00,0,B2,0.44,50158.7,50090.2,106.4,106.3,7.29,268.3,32.81,50096.6,1.06,32563,1.199,8.15,-84,25.065,1.12,11.6
2/6/2021,10:15:00,0,B2,0.48,50165.9,50092.6,106.5,106.4,7.29,244.2,32.81,50099.4,1.25,32565,1.191,8.14,-83.6,25.069,1.12,11.6
2/6/2021,10:30:00,0,B2,0.43,50173.6,50092,107.4,107.3,7.36,258.8,32.81,50099.6,1.07,32565,1.183,8.15,-83.8,25.077,1.12,11.6
2/6/2021,10:45:00,0,B2,0.4,50179.8,50094.2,107.7,107.6,7.37,264.5,32.81,50102.2,1,32566,1.189,8.15,-83.9,25.081,1.12,11.6
2/6/2021,11:00:00,0,B2,0.46,50181.2,50086.6,108.6,108.5,7.43,267.1,32.81,50095.5,1.94,32562,1.189,8.15,-84.2,25.09,1.12,11.6
2/6/2021,11:15:00,0,B2,0.44,50183,50086.9,108.3,108.2,7.42,268.4,32.81,50095.9,1.19,32562,1.187,8.16,-84.3,25.091,1.12,11.6
2/6/2021,11:30:00,0,B2,0.41,50195.5,50089.1,109.2,109.1,7.48,269.6,32.81,50099.1,1.06,32564,1.199,8.16,-84.5,25.101,1.12,11.6
2/6/2021,11:45:00,0,B2,0.4,50202.9,50086.3,109.6,109.5,7.5,270.8,32.81,50097.3,1.03,32563,1.2,8.16,-84.7,25.11,1.12,11.6
2/6/2021,12:00:00,0,B2,0.42,50209.8,50087,110.3,110.3,7.55,271.9,32.81,50098.5,1.17,32564,1.189,8.16,-84.4,25.116,1.12,11.6
2/6/2021,12:15:00,0,B2,0.4,50217.3,50085.6,111.2,111.2,7.61,271.3,32.81,50098,1.01,32564,1.182,8.17,-84.9,25.125,1.12,11.6
2/6/2021,12:30:00,0,B2,0.46,50222.1,50083.6,112.2,112.1,7.67,272.4,32.81,50096.5,1.16,32563,1.189,8.16,-84.8,25.131,1.12,11.6
2/6/2021,12:45:00,0,B2,0.45,50229.5,50085.6,111.8,111.7,7.65,272,32.81,50099.1,1.01,32564,1.201,8.17,-85.2,25.136,1.12,11.6
2/6/2021,13:00:00,0,B2,0.45,50233.5,50086.9,111.6,111.5,7.63,272.6,32.81,50100.7,1.12,32565,1.182,8.17,-85.1,25.139,1.12,11.6
2/6/2021,13:15:00,0,B2,0.41,50235.6,50086.8,111.7,111.6,7.64,272.4,32.81,50100.7,0.99,32565,1.192,8.17,-85.4,25.141,1.12,11.6
2/6/2021,13:30:00,0,B2,0.4,50241,50085.2,112.5,112.4,7.69,273.3,32.81,50099.8,0.93,32565,1.189,8.17,-85.2,25.148,1.12,11.6
2/6/2021,13:45:00,0,B2,0.4,50235.5,50081.8,112.2,112.1,7.68,273.1,32.8,50096.2,0.97,32563,1.183,8.17,-85.3,25.146,1.12,11.6
2/6/2021,14:00:00,0,B2,0.44,50238.8,50081.9,112.4,112.3,7.69,272.9,32.81,50096.6,0.97,32563,1.201,8.18,-85.6,25.149,1.12,11.6
2/6/2021,14:15:00,0,B2,0.38,50240.8,50081.5,113.4,113.3,7.75,273.1,32.8,50096.4,0.98,32563,1.189,8.18,-85.7,25.151,1.12,11.6
2/6/2021,14:30:00,0,B2,0.4,50244.4,50086.5,112.7,112.6,7.71,272.9,32.81,50101.3,0.99,32566,1.191,8.18,-85.8,25.15,1.12,11.6
2/6/2021,14:45:00,0,B2,0.43,50242.5,50084.2,113,112.9,7.73,273.3,32.81,50099,0.97,32564,1.2,8.18,-85.8,25.15,1.12,11.6
2/6/2021,15:00:00,0,B2,0.44,50240,50082.9,112.6,112.5,7.7,273.4,32.81,50097.7,1.06,32563,1.19,8.18,-85.8,25.149,1.12,11.6
2/6/2021,15:15:00,0,B2,0.44,50236.5,50080.2,112.8,112.7,7.72,272.7,32.8,50094.9,0.92,32562,1.193,8.18,-86,25.148,1.12,11.6
2/6/2021,15:30:00,0,B2,0.36,50235.9,50082.6,112.1,112,7.67,273,32.81,50096.9,1.05,32563,1.192,8.18,-85.6,25.145,1.12,11.6
2/6/2021,15:45:00,0,B2,0.41,50234.4,50084.3,112.8,112.7,7.72,272.4,32.81,50098.3,0.99,32564,1.189,8.18,-85.8,25.142,1.12,11.6
2/6/2021,16:00:00,0,B2,0.47,50231.6,50082.5,111.8,111.8,7.65,271.8,32.81,50096.5,1.07,32563,1.183,8.18,-85.8,25.141,1.12,11.6
2/6/2021,16:15:00,0,B2,0.39,50226.8,50084.5,112,111.9,7.66,271.6,32.81,50097.8,0.95,32564,1.189,8.18,-85.7,25.135,1.12,11.6
2/6/2021,16:30:00,0,B2,0.4,50228.5,50086.9,111.6,111.5,7.64,270.9,32.81,50100.2,0.97,32565,1.19,8.18,-85.9,25.134,1.12,11.6
2/6/2021,16:45:00,0,B2,0.38,50226.4,50088.3,111.3,111.2,7.62,271.3,32.81,50101.2,0.98,32566,1.186,8.18,-85.8,25.131,1.12,11.6
2/6/2021,17:00:00,0,B2,0.37,50216.6,50085.1,111.2,111.1,7.61,271.6,32.81,50097.4,1.01,32563,1.191,8.18,-85.9,25.125,1.12,11.6
2/6/2021,17:15:00,0,B2,0.4,50217.2,50089.4,110.8,110.7,7.58,271.7,32.81,50101.4,0.98,32566,1.187,8.18,-85.8,25.121,1.12,11.6
2/6/2021,17:30:00,0,B2,0.38,50213.9,50089.2,110.4,110.3,7.55,271.3,32.81,50100.8,0.98,32566,1.182,8.19,-86.1,25.118,1.12,11.6
2/6/2021,17:45:00,0,B2,0.38,50209.4,50091.1,110.2,110.1,7.54,271.8,32.81,50102.1,0.98,32566,1.191,8.19,-86.1,25.112,1.12,11.6
2/6/2021,18:00:00,0,B2,0.38,50198.4,50086.7,109.7,109.7,7.51,272.5,32.81,50097.2,0.97,32563,1.191,8.18,-85.8,25.106,1.12,11.6
2/6/2021,18:15:00,0,B2,0.4,50194.3,50090.2,109.6,109.5,7.5,272.1,32.81,50100,0.97,32565,1.183,8.18,-86,25.099,1.12,11.6
2/6/2021,18:30:00,0,B2,0.37,50180.2,50089.3,109.1,109,7.47,272.7,32.81,50097.8,0.84,32564,1.186,8.18,-85.8,25.086,1.12,11.6
2/6/2021,18:45:00,0,B2,0.39,50177.9,50092.8,108.8,108.7,7.45,272,32.81,50100.7,0.88,32565,1.201,8.18,-86,25.081,1.12,11.6
2/6/2021,19:00:00,0,B2,0.36,50172.3,50089.2,108.5,108.5,7.43,271,32.81,50097,0.86,32563,1.186,8.18,-85.8,25.079,1.12,11.6
2/6/2021,19:15:00,0,B2,0.36,50171.4,50093.1,108.3,108.2,7.42,271.5,32.81,50100.4,0.92,32565,1.192,8.18,-86,25.074,1.12,11.6
2/6/2021,19:30:00,0,B2,0.38,50161,50091.8,108.1,108.1,7.41,271.9,32.81,50098.3,0.94,32564,1.189,8.18,-85.5,25.066,1.12,11.6
2/6/2021,19:45:00,0,B2,0.37,50151.5,50090.3,107.8,107.7,7.39,271.2,32.81,50096.1,0.93,32562,1.184,8.18,-85.8,25.058,1.12,11.6
2/6/2021,20:00:00,0,B2,0.37,50153.8,50094.3,107.5,107.4,7.36,271.2,32.81,50099.9,0.9,32565,1.182,8.18,-85.9,25.056,1.12,11.6
2/6/2021,20:15:00,0,B2,0.37,50146.7,50091.5,107.4,107.3,7.36,271.8,32.81,50096.6,0.92,32563,1.192,8.18,-85.8,25.052,1.12,11.6
2/6/2021,20:30:00,0,B2,0.36,50138.3,50092.5,107,106.9,7.33,271.9,32.81,50096.8,0.93,32563,1.193,8.18,-85.8,25.043,1.12,11.6
2/6/2021,20:45:00,0,B2,0.38,50146.6,50092.2,106.9,106.8,7.32,272.1,32.81,50097.3,0.86,32563,1.189,8.17,-85.4,25.052,1.12,11.6
2/6/2021,21:00:00,0,B2,0.36,50152.9,50099.7,106.4,106.4,7.29,271.6,32.81,50104.7,0.89,32568,1.186,8.17,-85.4,25.05,1.12,11.6
2/6/2021,21:15:00,0,B2,0.36,50146.7,50098.2,106.2,106.2,7.28,271.1,32.81,50102.8,0.93,32567,1.186,8.17,-85.3,25.046,1.12,11.6
2/6/2021,21:30:00,0,B2,0.35,50148.8,50095,106.2,106.1,7.28,270.7,32.81,50100.1,0.92,32565,1.188,8.17,-85.3,25.051,1.12,11.6
2/6/2021,21:45:00,0,B2,0.38,50136.1,50096.4,106,105.9,7.26,270.6,32.81,50100.1,0.91,32565,1.186,8.17,-85.3,25.038,1.12,11.6
2/6/2021,22:00:00,0,B2,0.37,50141.7,50094.4,105.6,105.5,7.24,269.9,32.81,50098.8,0.98,32564,1.191,8.17,-85.4,25.045,1.12,11.6
2/6/2021,22:15:00,0,B2,0.36,50143.9,50099.3,105.5,105.4,7.23,270.4,32.81,50103.5,0.85,32567,1.198,8.18,-85.5,25.042,1.12,11.6
2/6/2021,22:30:00,0,B2,0.39,50140.1,50092.5,105.4,105.3,7.22,271.6,32.81,50097,0.91,32563,1.189,8.17,-85.1,25.045,1.12,11.6
2/6/2021,22:45:00,0,B2,0.37,50146.4,50099,105.2,105.2,7.21,270.7,32.81,50103.4,0.89,32567,1.194,8.17,-85.3,25.045,1.12,11.6
2/6/2021,23:00:00,0,B2,0.38,50157.3,50094.8,105.2,105.1,7.21,270.6,32.81,50100.7,0.98,32565,1.183,8.17,-85.3,25.059,1.12,11.6
2/6/2021,23:15:00,0,B2,0.38,50163.6,50094.6,105.1,105.1,7.2,271.2,32.81,50101,0.91,32566,1.192,8.17,-85.4,25.065,1.12,11.6
2/6/2021,23:30:00,0,B2,0.34,50160.6,50093.7,104.9,104.8,7.19,272.2,32.81,50100,0.91,32565,1.19,8.17,-85.1,25.063,1.12,11.6
2/6/2021,23:45:00,0,B2,0.35,50165.4,50097.2,104.6,104.5,7.17,272.2,32.81,50103.5,0.87,32567,1.188,8.17,-84.9,25.065,1.12,11.6
2/7/2021,0:00:00,0,B2,0.4,50169.8,50093.5,104.7,104.6,7.17,271.9,32.81,50100.6,0.99,32565,1.199,8.17,-85.2,25.072,1.12,11.6
2/7/2021,0:15:00,0,B2,0.37,50175,50097.8,104.6,104.6,7.17,272.5,32.81,50105,0.93,32568,1.186,8.17,-85,25.073,1.12,11.6
2/7/2021,0:30:00,0,B2,0.38,50167.4,50092.3,104.4,104.3,7.15,272.4,32.81,50099.4,0.92,32565,1.19,8.17,-85.1,25.071,1.12,11.6
2/7/2021,0:45:00,0,B2,0.39,50154.3,50090.2,104.2,104.1,7.14,272.1,32.81,50096.2,0.93,32563,1.197,8.17,-85.1,25.061,1.12,11.6
2/7/2021,1:00:00,0,B2,0.36,50166.7,50096.8,104.1,104.1,7.13,271.2,32.81,50103.3,0.96,32567,1.194,8.17,-85,25.066,1.12,11.6
2/7/2021,1:15:00,0,B2,0.36,50163.6,50099.5,104,103.9,7.12,272.6,32.81,50105.5,0.92,32569,1.185,8.16,-84.7,25.061,1.12,11.6
2/7/2021,1:30:00,0,B2,0.37,50156.4,50089.1,103.9,103.8,7.12,272,32.81,50095.4,0.86,32562,1.181,8.17,-85,25.064,1.11,11.6
2/7/2021,1:45:00,0,B2,0.37,50174.9,50102.1,104,103.9,7.12,272.7,32.82,50108.9,0.8,32571,1.2,8.16,-84.8,25.069,1.12,11.6
2/7/2021,2:00:00,0,B2,0.4,50166.5,50098.7,103.7,103.6,7.1,272.4,32.81,50105.1,0.88,32568,1.191,8.16,-84.7,25.064,1.12,11.6
2/7/2021,2:15:00,0,B2,0.38,50150.4,50092.5,103.2,103.1,7.07,272.4,32.81,50097.9,0.93,32564,1.182,8.16,-84.7,25.055,1.12,11.6
2/7/2021,2:30:00,0,B2,0.37,50170.3,50099.6,103.7,103.6,7.1,271.9,32.81,50106.2,0.96,32569,1.181,8.17,-84.8,25.067,1.12,11.6
2/7/2021,2:45:00,0,B2,0.37,50173.5,50093,103.6,103.5,7.1,272.6,32.81,50100.5,0.98,32565,1.2,8.16,-84.6,25.076,1.12,11.6
2/7/2021,3:00:00,0,B2,0.37,50173.1,50096.6,103.5,103.5,7.09,272.7,32.81,50103.8,0.97,32567,1.192,8.17,-84.8,25.073,1.12,11.6
2/7/2021,3:15:00,0,B2,0.39,50169.4,50092,103.3,103.2,7.07,273.2,32.81,50099.2,0.91,32564,1.187,8.16,-84.8,25.073,1.12,11.6
2/7/2021,3:30:00,0,B2,0.41,50172.2,50094.3,103.3,103.3,7.08,273.5,32.81,50101.6,0.94,32566,1.185,8.16,-84.7,25.074,1.12,11.6
2/7/2021,3:45:00,0,B2,0.39,50167.5,50092.8,103.4,103.4,7.08,274.1,32.81,50099.8,0.95,32565,1.196,8.16,-84.6,25.071,1.12,11.6
2/7/2021,4:00:00,0,B2,0.37,50165.9,50097,103.4,103.3,7.08,272.5,32.81,50103.4,0.87,32567,1.19,8.16,-84.4,25.065,1.12,11.6
2/7/2021,4:15:00,0,B2,0.36,50173.6,50094.2,103.2,103.1,7.07,272.5,32.81,50101.6,0.92,32566,1.183,8.16,-84.4,25.075,1.11,11.6
2/7/2021,4:30:00,0,B2,0.36,50160.8,50097.7,102.8,102.7,7.04,272.8,32.81,50103.6,0.92,32567,1.192,8.16,-84.6,25.06,1.12,11.6
2/7/2021,4:45:00,0,B2,0.36,50157.5,50091.3,103,102.9,7.05,272.9,32.81,50097.5,1,32563,1.195,8.15,-84.2,25.063,1.12,11.6
2/7/2021,5:00:00,0,B2,0.38,50167.7,50100.2,102.8,102.8,7.04,273.1,32.81,50106.5,0.95,32569,1.189,8.15,-84.1,25.064,1.12,11.6
2/7/2021,5:15:00,0,B2,0.38,50166.7,50095.1,103,102.9,7.05,272.9,32.81,50101.8,1.04,32566,1.189,8.15,-84.1,25.068,1.12,11.6
2/7/2021,5:30:00,0,B2,0.44,50170,50094,103,102.9,7.05,272.7,32.81,50101.1,1.06,32566,1.184,8.15,-84,25.072,1.12,11.6
2/7/2021,5:45:00,0,B2,0.39,50162.8,50096,102.9,102.8,7.05,272.6,32.81,50102.3,0.97,32566,1.19,8.15,-83.9,25.063,1.12,11.6
2/7/2021,6:00:00,0,B2,0.35,50156.4,50093.3,102.7,102.7,7.04,272.2,32.81,50099.2,0.96,32564,1.194,8.16,-84.3,25.06,1.12,11.6
2/7/2021,6:15:00,0,B2,0.41,50171.1,50093.2,102.7,102.6,7.03,272.8,32.81,50100.5,0.97,32565,1.185,8.15,-84,25.074,1.12,11.6
2/7/2021,6:30:00,0,B2,0.38,50179.9,50093.4,103,102.9,7.05,272.5,32.81,50101.5,1.03,32566,1.183,8.15,-84.2,25.082,1.12,11.6
2/7/2021,6:45:00,0,B2,0.39,50183.7,50098.7,102.8,102.7,7.04,272.5,32.81,50106.7,0.97,32569,1.2,8.15,-84.2,25.08,1.12,11.6
2/7/2021,7:00:00,0,B2,0.38,50177.6,50098.9,102.7,102.7,7.04,273.2,32.81,50106.3,0.96,32569,1.196,8.15,-84.1,25.074,1.12,11.6
2/7/2021,7:15:00,0,B2,0.43,50177.1,50104,102.6,102.6,7.03,273.8,32.82,50110.9,1.02,32572,1.186,8.15,-83.7,25.069,1.12,11.6
2/7/2021,7:30:00,0,B2,0.46,50175.3,50099.9,102.6,102.6,7.03,273.2,32.81,50106.9,1.03,32570,1.182,8.15,-84.1,25.071,1.12,11.6
2/7/2021,7:45:00,0,B2,0.43,50184.4,50099.2,102.8,102.7,7.04,272.9,32.81,50107.1,1.03,32570,1.192,8.15,-84.1,25.081,1.12,11.6
2/7/2021,8:00:00,0,B2,0.45,50177.9,50094.5,102.5,102.5,7.02,273.6,32.81,50102.3,1.19,32566,1.2,8.15,-83.9,25.079,1.12,11.6
2/7/2021,8:15:00,0,B2,0.47,50181,50097.9,103,102.9,7.05,273.6,32.81,50105.7,1.16,32569,1.19,8.15,-83.8,25.079,1.12,11.6
2/7/2021,8:30:00,0,B2,0.44,50186.7,50097.5,103.1,103,7.06,273.8,32.81,50105.8,1.15,32569,1.192,8.15,-83.9,25.084,1.12,11.6
2/7/2021,8:45:00,0,B2,0.45,50185.6,50094.9,103.4,103.3,7.08,274.3,32.81,50103.4,1.21,32567,1.19,8.15,-83.9,25.086,1.12,11.6
2/7/2021,9:00:00,0,B2,0.47,50180.4,50095.7,104.1,104,7.13,274.5,32.81,50103.6,1.2,32567,1.19,8.15,-84.1,25.08,1.12,11.6
2/7/2021,9:15:00,0,B2,0.46,50184.7,50096.9,104.5,104.4,7.15,275.1,32.81,50105.1,1.28,32568,1.188,8.15,-84.1,25.083,1.11,11.6
2/7/2021,9:30:00,0,B2,0.52,50182,50095.2,104.6,104.5,7.16,275.2,32.81,50103.3,1.22,32567,1.184,8.15,-84.1,25.082,1.12,11.6
2/7/2021,9:45:00,0,B2,0.45,50181.9,50090.8,105.5,105.4,7.22,275.1,32.81,50099.4,1.25,32565,1.182,8.15,-84.2,25.086,1.12,11.6
2/7/2021,10:00:00,0,B2,0.48,50190.9,50093,105.8,105.7,7.25,275.4,32.81,50102.2,1.61,32566,1.193,8.16,-84.2,25.093,1.11,11.6
2/7/2021,10:15:00,0,B2,0.45,50198.3,50088.9,106.2,106.1,7.27,275,32.81,50099.1,1.17,32564,1.196,8.15,-84.1,25.104,1.12,11.6
2/7/2021,10:30:00,0,B2,0.49,50207.4,50088.6,106.9,106.8,7.31,275.1,32.81,50099.7,1.13,32565,1.189,8.16,-84.4,25.113,1.11,11.6
2/7/2021,10:45:00,0,B2,0.42,50223,50088,108.6,108.5,7.43,274.3,32.81,50100.6,1.07,32565,1.185,8.16,-84.7,25.128,1.12,11.6
2/7/2021,11:00:00,0,B2,0.45,50221.1,50087.8,107.7,107.7,7.37,274.3,32.81,50100.3,1.31,32565,1.192,8.16,-84.8,25.126,1.12,11.6
2/7/2021,11:15:00,0,B2,0.43,50239.5,50087.5,109.4,109.3,7.48,274.9,32.81,50101.8,1.18,32566,1.193,8.17,-85,25.144,1.12,11.6
2/7/2021,11:30:00,0,B2,0.45,50234,50083.8,109.3,109.2,7.48,275.6,32.81,50097.9,1.06,32564,1.187,8.16,-84.4,25.142,1.12,11.6
2/7/2021,11:45:00,0,B2,0.44,50221.4,50083.3,109.7,109.6,7.51,274.8,32.81,50096.3,1.08,32563,1.196,8.17,-85.2,25.131,1.11,11.6
2/7/2021,12:00:00,0,B2,0.45,50228.8,50083.1,110.4,110.4,7.55,275.3,32.81,50096.7,1.24,32563,1.182,8.17,-85.2,25.138,1.11,11.6
2/7/2021,12:15:00,0,B2,0.42,50230,50090.9,110.4,110.3,7.56,275.3,32.81,50103.9,1.08,32568,1.189,8.17,-85.3,25.132,1.11,11.6
2/7/2021,12:30:00,0,B2,0.46,50215.2,50083.6,110.9,110.8,7.59,275.2,32.81,50096,1.13,32562,1.191,8.18,-85.5,25.125,1.12,11.6
2/7/2021,12:45:00,0,B2,0.44,50230.4,50091.3,111.2,111.1,7.61,275.3,32.81,50104.3,1.12,32568,1.197,8.18,-85.5,25.132,1.11,11.6
2/7/2021,13:00:00,0,B2,0.43,50218,50083.4,111.4,111.4,7.62,275.6,32.81,50096,1.07,32562,1.2,8.18,-85.5,25.127,1.11,11.6
2/7/2021,13:15:00,0,B2,0.47,50221.6,50083.6,112.7,112.6,7.71,275.2,32.81,50096.5,1.03,32563,1.196,8.18,-85.7,25.131,1.11,11.6
2/7/2021,13:30:00,0,B2,0.48,50225.9,50082,112.6,112.5,7.7,275.5,32.8,50095.4,0.84,32562,1.19,8.18,-85.5,25.136,1.11,11.6
2/7/2021,13:45:00,0,B2,0.42,50224.3,50084.1,112.2,112.1,7.68,274.8,32.81,50097.2,1.04,32563,1.196,8.18,-86,25.133,1.11,11.6
2/7/2021,14:00:00,0,B2,0.42,50229.9,50083.6,112.6,112.6,7.71,275.2,32.81,50097.3,0.96,32563,1.189,8.19,-86.1,25.139,1.11,11.6
2/7/2021,14:15:00,0,B2,0.42,50231.8,50084.6,112.7,112.6,7.71,276,32.81,50098.4,1.05,32564,1.191,8.18,-85.8,25.139,1.11,11.6
2/7/2021,14:30:00,0,B2,0.43,50233.9,50084.3,112.9,112.8,7.72,275.1,32.81,50098.4,0.96,32564,1.191,8.19,-86.3,25.142,1.11,11.6
2/7/2021,14:45:00,0,B2,0.43,50237,50086.8,112.5,112.4,7.7,284.9,32.81,50100.9,1.05,32566,1.192,8.19,-86.3,25.142,1.11,11.6
2/7/2021,15:00:00,0,B2,0.38,50233,50082.7,112.4,112.3,7.69,285.4,32.81,50096.7,0.94,32563,1.192,8.19,-86.3,25.142,1.11,11.6
2/7/2021,15:15:00,0,B2,0.43,50237.4,50085.9,112.4,112.3,7.69,282.2,32.81,50100.1,1.02,32565,1.195,8.19,-86.3,25.144,1.11,11.6
2/7/2021,15:30:00,0,B2,0.43,50238.7,50086.2,112.1,112,7.67,274.5,32.81,50100.5,0.94,32565,1.19,8.19,-86.2,25.144,1.11,11.6
2/7/2021,15:45:00,0,B2,0.41,50236.2,50084.7,111.9,111.8,7.65,275.6,32.81,50098.9,1.1,32564,1.188,8.19,-86.3,25.143,1.11,11.6
2/7/2021,16:00:00,0,B2,0.4,50237.8,50087.3,111.6,111.5,7.63,275.5,32.81,50101.4,1,32566,1.19,8.19,-86.4,25.143,1.11,11.6
2/7/2021,16:15:00,0,B2,0.38,50233.9,50085.8,111.5,111.4,7.62,275.9,32.81,50099.7,0.97,32565,1.194,8.19,-86.4,25.14,1.11,11.6
2/7/2021,16:30:00,0,B2,0.38,50235.8,50089,111.2,111.1,7.6,275.2,32.81,50102.7,1.01,32567,1.196,8.19,-86.3,25.139,1.11,11.6
2/7/2021,16:45:00,0,B2,0.4,50229.5,50085.4,110.8,110.8,7.58,275.8,32.81,50098.9,1.03,32564,1.2,8.19,-86.4,25.136,1.11,11.6
2/7/2021,17:00:00,0,B2,0.42,50229.5,50087.4,110.7,110.7,7.58,275.8,32.81,50100.7,1.01,32565,1.192,8.19,-86.4,25.135,1.11,11.6
2/7/2021,17:15:00,0,B2,0.39,50223.3,50084,110.5,110.4,7.56,276.1,32.81,50097,0.88,32563,1.189,8.19,-86.4,25.132,1.11,11.6
2/7/2021,17:30:00,0,B2,0.4,50229.7,50090.4,110.4,110.3,7.55,276.7,32.81,50103.4,0.96,32567,1.192,8.18,-86,25.132,1.11,11.6
2/7/2021,17:45:00,0,B2,0.38,50221.7,50085.3,110,109.9,7.52,275.3,32.81,50098,0.93,32564,1.196,8.19,-86.6,25.129,1.11,11.6
2/7/2021,18:00:00,0,B2,0.42,50223.6,50088.1,109.8,109.7,7.51,275.8,32.81,50100.8,0.96,32566,1.192,8.19,-86.3,25.128,1.11,11.6
2/7/2021,18:15:00,0,B2,0.42,50219.9,50086.1,109.3,109.2,7.48,275.3,32.81,50098.7,1.04,32564,1.19,8.19,-86.3,25.127,1.11,11.6
2/7/2021,18:30:00,0,B2,0.42,50213.5,50085.4,108.8,108.8,7.45,275.1,32.81,50097.4,0.96,32563,1.187,8.19,-86.4,25.121,1.11,11.6
2/7/2021,18:45:00,0,B2,0.44,50212.5,50086.9,108.9,108.8,7.45,275.8,32.81,50098.6,1.11,32564,1.194,8.19,-86.3,25.119,1.11,11.6
2/7/2021,19:00:00,0,B2,0.37,50206.9,50087.7,108.5,108.4,7.43,275.7,32.81,50098.9,0.94,32564,1.195,8.19,-86.4,25.113,1.11,11.6
2/7/2021,19:15:00,0,B2,0.4,50202,50088,108.2,108.1,7.4,275.8,32.81,50098.6,0.92,32564,1.194,8.19,-86.3,25.108,1.11,11.6
2/7/2021,19:30:00,0,B2,0.39,50198.6,50086.3,107.9,107.8,7.38,273.9,32.81,50096.8,0.93,32563,1.197,8.19,-86.2,25.106,1.11,11.6
2/7/2021,19:45:00,0,B2,0.35,50195.8,50088,107.7,107.6,7.37,274.5,32.81,50098.1,0.9,32564,1.196,8.19,-86.1,25.102,1.11,11.6
2/7/2021,20:00:00,0,B2,0.38,50186.7,50086.8,107.4,107.3,7.35,274.8,32.81,50096.2,1.01,32563,1.191,8.19,-86.3,25.095,1.11,11.6
2/7/2021,20:15:00,0,B2,0.39,50182.3,50089.6,106.9,106.8,7.32,275.3,32.81,50098.3,0.91,32564,1.189,8.19,-86.1,25.088,1.11,11.6
2/7/2021,20:30:00,0,B2,0.38,50175.5,50086.8,106.9,106.8,7.32,275.3,32.81,50095.1,0.93,32562,1.188,8.18,-86,25.084,1.11,11.6
2/7/2021,20:45:00,0,B2,0.36,50168.1,50090.2,106.7,106.6,7.31,275.4,32.81,50097.5,0.84,32563,1.191,8.18,-85.9,25.074,1.11,11.6
2/7/2021,21:00:00,0,B2,0.4,50160.2,50088.6,106.5,106.4,7.29,275.4,32.81,50095.3,0.89,32562,1.195,8.18,-86,25.068,1.11,11.6
2/7/2021,21:15:00,0,B2,0.38,50155.9,50094.3,106,105.9,7.26,275.6,32.81,50100.1,0.91,32565,1.183,8.18,-85.8,25.058,1.11,11.6
2/7/2021,21:30:00,0,B2,0.38,50154,50091.3,106,105.9,7.26,275.5,32.81,50097.2,0.92,32563,1.199,8.18,-85.7,25.059,1.11,11.6
2/7/2021,21:45:00,0,B2,0.4,50152.2,50091.9,106,105.9,7.26,275.8,32.81,50097.5,0.94,32563,1.195,8.18,-85.9,25.057,1.11,11.6
2/7/2021,22:00:00,0,B2,0.38,50146.6,50091.4,105.6,105.6,7.24,276.1,32.81,50096.6,0.96,32563,1.19,8.18,-85.8,25.052,1.11,11.6
2/7/2021,22:15:00,0,B2,0.39,50141.1,50090.8,105.4,105.3,7.22,276.6,32.81,50095.5,0.9,32562,1.192,8.18,-85.4,25.048,1.11,11.6
2/7/2021,22:30:00,0,B2,0.4,50140.4,50088,105.3,105.2,7.21,275.5,32.8,50092.9,0.97,32560,1.191,8.18,-85.7,25.05,1.11,11.6
2/7/2021,22:45:00,0,B2,0.38,50146.6,50097.8,104.6,104.5,7.16,275.6,32.81,50102.4,0.96,32567,1.182,8.18,-85.6,25.046,1.11,11.6
2/7/2021,23:00:00,0,B2,0.38,50147.4,50092.1,104.9,104.8,7.19,275.7,32.81,50097.3,0.93,32563,1.189,8.18,-85.5,25.052,1.11,11.6
2/7/2021,23:15:00,0,B2,0.36,50152.4,50092.3,105,105,7.19,275.1,32.81,50097.9,0.94,32564,1.194,8.18,-85.7,25.057,1.11,11.6
2/7/2021,23:30:00,0,B2,0.39,50150.3,50091.1,104.5,104.4,7.16,275.6,32.81,50096.7,0.92,32563,1.19,8.18,-85.6,25.056,1.11,11.6
2/7/2021,23:45:00,0,B2,0.39,50147.7,50095.5,104.5,104.5,7.16,276.3,32.81,50100.3,0.87,32565,1.191,8.17,-85.1,25.05,1.11,11.6
2/8/2021,0:00:00,0,B2,0.37,50146,50090.1,104.4,104.3,7.15,275.3,32.81,50095.4,0.94,32562,1.189,8.18,-85.6,25.053,1.11,11.6
2/8/2021,0:15:00,0,B2,0.39,50149.3,50097.8,104.3,104.2,7.15,275.5,32.81,50102.6,0.95,32567,1.192,8.18,-85.6,25.049,1.11,11.6
2/8/2021,0:30:00,0,B2,0.39,50155.9,50092.4,104.2,104.1,7.14,276,32.81,50098.4,0.93,32564,1.197,8.18,-85.4,25.06,1.11,11.6
2/8/2021,0:45:00,0,B2,0.37,50150.2,50093.2,104.2,104.2,7.14,276.1,32.81,50098.5,0.9,32564,1.188,8.17,-85.4,25.054,1.11,11.6
2/8/2021,1:00:00,0,B2,0.39,50145.4,50091.3,104.2,104.1,7.14,276.1,32.81,50096.3,0.93,32563,1.183,8.17,-85.4,25.051,1.11,11.6
2/8/2021,1:15:00,0,B2,0.44,50169.5,50096.8,104,103.9,7.12,275.7,32.81,50103.7,1,32567,1.183,8.18,-85.5,25.069,1.11,11.6
2/8/2021,1:30:00,0,B2,0.38,50166.1,50099.9,103.8,103.8,7.11,275.9,32.81,50106.1,0.87,32569,1.191,8.17,-85.4,25.063,1.11,11.6
2/8/2021,1:45:00,0,B2,0.38,50157.1,50095.5,103.8,103.7,7.11,276,32.81,50101.3,1.02,32566,1.19,8.17,-85.3,25.058,1.11,11.6
2/8/2021,2:00:00,0,B2,0.38,50164.3,50090.5,103.8,103.7,7.11,276.1,32.81,50097.4,0.89,32563,1.195,8.17,-85.3,25.07,1.11,11.6
2/8/2021,2:15:00,0,B2,0.36,50158.8,50091.7,103.8,103.8,7.11,276.4,32.81,50098,0.88,32564,1.193,8.17,-85.3,25.064,1.11,11.6
2/8/2021,2:30:00,0,B2,0.4,50148.3,50095.4,103.2,103.1,7.07,276.7,32.81,50100.4,0.89,32565,1.191,8.17,-85.1,25.05,1.11,11.6
2/8/2021,2:45:00,0,B2,0.4,50158.9,50093,103.4,103.3,7.08,276.7,32.81,50099.2,0.92,32564,1.199,8.17,-85.1,25.062,1.11,11.6
2/8/2021,3:00:00,0,B2,0.37,50174,50094.9,103.5,103.5,7.09,276.2,32.81,50102.3,0.9,32567,1.189,8.17,-85.1,25.075,1.11,11.6
2/8/2021,3:15:00,0,B2,0.4,50169.1,50092.6,103.5,103.4,7.09,275.9,32.81,50099.8,0.94,32565,1.183,8.17,-85.1,25.072,1.11,11.6
2/8/2021,3:30:00,0,B2,0.42,50161.4,50098.9,103,103,7.06,276.4,32.81,50104.7,1.01,32568,1.183,8.16,-84.6,25.059,1.11,11.6
2/8/2021,3:45:00,0,B2,0.39,50163.8,50093.9,103.3,103.3,7.08,275.5,32.81,50100.5,0.93,32565,1.183,8.17,-85,25.066,1.11,11.6
2/8/2021,4:00:00,0,B2,0.37,50171.6,50100.6,103.4,103.3,7.08,276.1,32.81,50107.2,0.85,32570,1.19,8.17,-85,25.067,1.11,11.6
2/8/2021,4:15:00,0,B2,0.39,50158.9,50094.5,103.1,103,7.06,276.3,32.81,50100.5,0.98,32565,1.201,8.17,-84.9,25.061,1.11,11.6
2/8/2021,4:30:00,0,B2,0.37,50160.3,50092.8,103,102.9,7.06,276.3,32.81,50099.1,0.94,32564,1.183,8.17,-84.8,25.064,1.11,11.6
2/8/2021,4:45:00,0,B2,0.4,50169.3,50095,103.2,103.2,7.07,276.7,32.81,50101.9,0.96,32566,1.192,8.17,-84.9,25.07,1.11,11.6
2/8/2021,5:00:00,0,B2,0.38,50181.9,50093.1,103.1,103,7.06,277.5,32.81,50101.4,0.96,32566,1.19,8.16,-84.8,25.084,1.11,11.6
2/8/2021,5:15:00,0,B2,0.56,50157.4,50092.5,102.6,102.5,7.03,277.2,32.81,50098.5,1.02,32564,1.186,8.16,-84.8,25.062,1.11,11.6
2/8/2021,5:30:00,0,B2,0.4,50160.2,50095,102.6,102.5,7.03,275.4,32.81,50101.1,0.95,32566,1.199,8.16,-84.6,25.062,1.11,11.6
2/8/2021,5:45:00,0,B2,0.41,50174.4,50094.5,103,103,7.06,275.8,32.81,50101.9,0.89,32566,1.198,8.16,-84.5,25.076,1.11,11.6
2/8/2021,6:00:00,0,B2,0.41,50165.4,50099.7,102.9,102.8,7.05,276,32.81,50105.9,1.01,32569,1.192,8.16,-84.4,25.062,1.11,11.6
2/8/2021,6:15:00,0,B2,0.42,50153.1,50095.2,102.6,102.5,7.03,276.2,32.81,50100.6,1,32565,1.185,8.16,-84.4,25.055,1.11,11.6
2/8/2021,6:30:00,0,B2,0.4,50158.4,50093.2,102.5,102.4,7.02,276.2,32.81,50099.3,1.02,32565,1.195,8.16,-84.3,25.062,1.11,11.6
2/8/2021,6:45:00,0,B2,0.39,50169.1,50096.4,102.6,102.5,7.03,276.7,32.81,50103.2,0.96,32567,1.197,8.16,-84.3,25.069,1.11,11.6
2/8/2021,7:00:00,0,B2,0.41,50170,50094,102.8,102.8,7.04,275.2,32.81,50101.1,0.95,32566,1.199,8.16,-84.3,25.072,1.11,11.6
2/8/2021,7:15:00,0,B2,0.44,50169.1,50098.3,102.5,102.5,7.02,275.7,32.81,50104.9,1.01,32568,1.189,8.16,-84.4,25.067,1.11,11.6
2/8/2021,7:30:00,0,B2,0.46,50173.2,50093.1,102.7,102.6,7.03,275.8,32.81,50100.6,1.09,32565,1.183,8.16,-84.3,25.076,1.11,11.6
2/8/2021,7:45:00,0,B2,0.44,50175.8,50098.1,102.7,102.6,7.03,275.6,32.81,50105.4,1.06,32568,1.189,8.16,-84.4,25.074,1.11,11.6
2/8/2021,8:00:00,0,B2,0.46,50176.9,50096.9,102.7,102.6,7.03,276,32.81,50104.4,1.16,32568,1.19,8.15,-83.9,25.076,1.11,11.6
2/8/2021,8:15:00,0,B2,0.48,50172.1,50094,102.8,102.7,7.04,275.3,32.81,50101.3,1.23,32566,1.183,8.16,-84.3,25.074,1.11,11.6
2/8/2021,8:30:00,0,B2,0.45,50180.4,50097.5,103.1,103.1,7.06,276.4,32.81,50105.3,1.15,32568,1.181,8.15,-84,25.079,1.11,11.6
2/8/2021,8:45:00,0,B2,0.45,50174,50096.1,103.5,103.4,7.09,275.6,32.81,50103.4,1.16,32567,1.194,8.16,-84.3,25.074,1.11,11.6
2/8/2021,9:00:00,0,B2,0.46,50172.3,50096.9,104.3,104.2,7.14,275.6,32.81,50104,1.04,32568,1.199,8.16,-84.4,25.071,1.11,11.6
2/8/2021,9:15:00,0,B2,0.46,50176.1,50095.9,104.4,104.3,7.15,276.6,32.81,50103.4,1.23,32567,1.194,8.16,-84.3,25.076,1.11,11.6
2/8/2021,9:30:00,0,B2,0.48,50179.7,50097.1,104.6,104.6,7.17,276.3,32.81,50104.8,1.14,32568,1.191,8.15,-84.2,25.078,1.11,11.6
2/8/2021,9:45:00,0,B2,0.5,50181.3,50094.6,105.5,105.4,7.22,276.6,32.81,50102.7,1.24,32567,1.198,8.16,-84.4,25.082,1.11,11.6
2/8/2021,10:00:00,0,B2,0.5,50184.8,50090.7,105.7,105.6,7.24,276.7,32.81,50099.5,1.32,32565,1.197,8.16,-84.6,25.089,1.11,11.6
2/8/2021,10:15:00,0,B2,0.51,50196.6,50093.5,106.8,106.7,7.31,276.5,32.81,50103.1,1.24,32567,1.191,8.16,-84.7,25.098,1.11,11.6
2/8/2021,10:30:00,0,B2,0.47,50204.2,50090.3,106.9,106.8,7.32,276.1,32.81,50101,1.15,32566,1.192,8.16,-84.8,25.108,1.11,11.6
2/8/2021,10:45:00,0,B2,0.48,50218.1,50093,107.6,107.6,7.37,275.6,32.81,50104.7,1.2,32568,1.187,8.16,-84.6,25.119,1.11,11.6
2/8/2021,11:00:00,0,B2,0.5,50226.9,50086.9,108.4,108.4,7.42,275,32.81,50100,1.14,32565,1.193,8.17,-85.1,25.133,1.11,11.6
2/8/2021,11:15:00,0,B2,0.48,50239.3,50088.3,108.3,108.2,7.41,272.6,32.81,50102.4,1.22,32567,1.191,8.16,-84.8,25.143,1.11,11.6
2/8/2021,11:30:00,0,B2,0.51,50229.5,50085.6,109.4,109.3,7.48,272.4,32.81,50099,1.33,32564,1.195,8.17,-85.3,25.136,1.11,11.6
2/8/2021,11:45:00,0,B2,0.48,50231.2,50082.6,109.9,109.8,7.52,274.1,32.81,50096.5,1.17,32563,1.197,8.17,-85.1,25.141,1.11,11.6
2/8/2021,12:00:00,0,B2,0.44,50226.7,50085.7,110.1,110.1,7.53,274.7,32.81,50098.9,1.13,32564,1.197,8.17,-85.3,25.134,1.11,11.6
2/8/2021,12:15:00,0,B2,0.44,50232,50084.4,110.6,110.5,7.57,274.1,32.81,50098.3,1,32564,1.196,8.18,-85.6,25.14,1.11,11.6
2/8/2021,12:30:00,0,B2,0.49,50230.5,50082.5,111.2,111.1,7.61,273.9,32.81,50096.4,1.21,32563,1.196,8.18,-85.5,25.14,1.11,11.6
2/8/2021,12:45:00,0,B2,0.48,50235.7,50086.7,111.4,111.4,7.62,273.5,32.81,50100.6,1.14,32565,1.191,8.18,-85.6,25.141,1.11,11.6
2/8/2021,13:00:00,0,B2,0.46,50236.7,50084.3,111.7,111.6,7.64,272.9,32.81,50098.5,1.11,32564,1.195,8.18,-86,25.144,1.11,11.6
2/8/2021,13:15:00,0,B2,0.53,50247.3,50090.8,112.6,112.5,7.7,273.6,32.81,50105.5,1.14,32569,1.189,8.18,-85.9,25.148,1.11,11.6
2/8/2021,13:30:00,0,B2,0.5,50242.6,50085.9,112.9,112.8,7.72,273,32.81,50100.5,1.43,32565,1.191,8.18,-86,25.148,1.11,11.6
2/8/2021,13:45:00,0,B2,0.5,50233.6,50081.5,112.3,112.3,7.68,271.9,32.8,50095.7,1.06,32562,1.192,8.19,-86.4,25.144,1.11,11.6
2/8/2021,14:00:00,0,B2,0.54,50239.5,50081.7,113,113,7.73,273,32.8,50096.5,1.22,32563,1.193,8.19,-86.5,25.149,1.11,11.6
2/8/2021,14:15:00,0,B2,0.49,50236.9,50081.7,112.7,112.6,7.71,273.2,32.8,50096.3,1.11,32563,1.196,8.19,-86.5,25.147,1.11,11.6
2/8/2021,14:30:00,0,B2,0.44,50236.3,50081.2,112.6,112.5,7.7,273.5,32.8,50095.7,1.09,32562,1.197,8.19,-86.6,25.147,1.11,11.6
2/8/2021,14:45:00,0,B2,0.44,50238.7,50080.3,112.7,112.6,7.71,273.1,32.8,50095.1,1.1,32562,1.197,8.19,-86.6,25.15,1.11,11.6
2/8/2021,15:00:00,0,B2,0.42,50242.4,50083.7,112.6,112.6,7.7,273.2,32.81,50098.6,1.07,32564,1.191,8.19,-86.6,25.15,1.11,11.6
2/8/2021,15:15:00,0,B2,0.45,50241,50083.3,112.8,112.7,7.72,273.7,32.81,50098.1,1.08,32564,1.182,8.2,-86.7,25.149,1.11,11.6
2/8/2021,15:30:00,0,B2,0.48,50242,50083,112.5,112.4,7.69,273.8,32.81,50097.9,1.06,32564,1.185,8.19,-86.6,25.151,1.11,11.6
2/8/2021,15:45:00,0,B2,0.49,50243.1,50085.7,112.1,112,7.67,273.6,32.81,50100.5,1.01,32565,1.19,8.19,-86.5,25.149,1.11,11.6
2/8/2021,16:00:00,0,B2,0.55,50240.8,50084.8,112,111.9,7.66,272.9,32.81,50099.4,1.19,32565,1.191,8.2,-86.8,25.148,1.11,11.6
2/8/2021,16:15:00,0,B2,0.48,50239.2,50085.8,111.7,111.6,7.64,273.4,32.81,50100.2,1.1,32565,1.185,8.2,-86.7,25.145,1.11,11.6
2/8/2021,16:30:00,0,B2,0.49,50236.1,50084.2,111.6,111.5,7.63,274.1,32.81,50098.4,1.17,32564,1.192,8.19,-86.5,25.144,1.11,11.6
2/8/2021,16:45:00,0,B2,0.5,50230.9,50081.9,111.3,111.2,7.62,273.4,32.8,50095.9,1.08,32562,1.191,8.2,-86.8,25.141,1.11,11.6
2/8/2021,17:00:00,0,B2,0.41,50229.5,50081.9,111.5,111.4,7.63,273.3,32.8,50095.8,1.02,32562,1.183,8.2,-86.9,25.14,1.11,11.6
2/8/2021,17:15:00,0,B2,0.45,50232.1,50086.8,110.9,110.8,7.58,273.6,32.81,50100.4,1.09,32565,1.19,8.2,-86.8,25.138,1.11,11.6
2/8/2021,17:30:00,0,B2,0.42,50227.3,50085.1,110.7,110.6,7.57,273.8,32.81,50098.4,0.97,32564,1.192,8.2,-86.7,25.135,1.11,11.6
2/8/2021,17:45:00,0,B2,0.42,50224.3,50084,110.3,110.2,7.54,273.6,32.81,50097.2,1.08,32563,1.192,8.2,-86.8,25.133,1.11,11.6
2/8/2021,18:00:00,0,B2,0.42,50219.7,50082.9,109.9,109.8,7.52,273.9,32.8,50095.7,1.12,32562,1.196,8.2,-86.7,25.13,1.11,11.6
2/8/2021,18:15:00,0,B2,0.44,50219.1,50085,109.7,109.6,7.5,273.3,32.81,50097.6,1.06,32563,1.194,8.19,-86.6,25.127,1.11,11.6
2/8/2021,18:30:00,0,B2,0.43,50212.9,50083.7,109.5,109.4,7.49,273,32.81,50095.8,0.97,32562,1.185,8.2,-86.7,25.122,1.11,11.6
2/8/2021,18:45:00,0,B2,0.4,50211.7,50086,109.1,109.1,7.47,273.4,32.81,50097.8,0.91,32564,1.188,8.19,-86.6,25.119,1.11,11.6
2/8/2021,19:00:00,0,B2,0.4,50209.2,50085.7,108.7,108.6,7.44,273.6,32.81,50097.3,0.98,32563,1.19,8.19,-86.3,25.117,1.11,11.6
2/8/2021,19:15:00,0,B2,0.42,50199.3,50083.9,108.6,108.5,7.43,272.4,32.8,50094.7,0.93,32562,1.193,8.2,-86.7,25.109,1.11,11.6
2/8/2021,19:30:00,0,B2,0.42,50197.6,50084.7,108.1,108,7.4,272.9,32.81,50095.2,0.99,32562,1.196,8.19,-86.5,25.107,1.11,11.6
2/8/2021,19:45:00,0,B2,0.42,50189.4,50084,107.7,107.7,7.37,272.1,32.8,50093.9,0.94,32561,1.192,8.19,-86.2,25.1,1.11,11.6
2/8/2021,20:00:00,0,B2,0.42,50192.6,50089.2,107.6,107.5,7.36,271.2,32.81,50098.9,0.97,32564,1.191,8.19,-86.5,25.098,1.11,11.6
2/8/2021,20:15:00,0,B2,0.41,50181.8,50085.1,107.5,107.4,7.36,272,32.8,50094.1,0.94,32561,1.186,8.19,-86.4,25.092,1.11,11.6
2/8/2021,20:30:00,0,B2,0.37,50177.9,50086,107.2,107.1,7.34,272.5,32.81,50094.6,1,32561,1.192,8.19,-86.4,25.087,1.11,11.6
2/8/2021,20:45:00,0,B2,0.43,50167.5,50086.6,106.9,106.8,7.32,273.3,32.8,50094.2,0.95,32561,1.185,8.19,-86.2,25.077,1.11,11.6
2/8/2021,21:00:00,0,B2,0.4,50167.8,50089.5,106.7,106.6,7.31,273.4,32.81,50096.8,0.94,32563,1.189,8.19,-86.2,25.074,1.11,11.6
2/8/2021,21:15:00,0,B2,0.4,50157.4,50085.7,106.5,106.4,7.29,272.7,32.8,50092.4,0.99,32560,1.2,8.19,-86.2,25.068,1.11,11.6
2/8/2021,21:30:00,0,B2,0.41,50152.3,50089.9,106.2,106.1,7.27,273,32.81,50095.7,0.98,32562,1.191,8.18,-85.8,25.059,1.11,11.6
2/8/2021,21:45:00,0,B2,0.44,50152.9,50089.9,106.1,106,7.27,271.6,32.81,50095.8,0.88,32562,1.19,8.19,-86.2,25.06,1.11,11.6
2/8/2021,22:00:00,0,B2,0.41,50150.6,50088.2,106,105.9,7.26,271.8,32.81,50094,0.95,32561,1.183,8.19,-86.2,25.059,1.11,11.6
2/8/2021,22:15:00,0,B2,0.4,50137.7,50088.1,105.5,105.5,7.23,271.7,32.8,50092.7,0.97,32560,1.184,8.18,-86,25.047,1.11,11.6
2/8/2021,22:30:00,0,B2,0.4,50143.8,50086.9,105.7,105.6,7.24,271.6,32.8,50092.2,0.89,32560,1.191,8.19,-86.1,25.054,1.11,11.6
2/8/2021,22:45:00,0,B2,0.4,50142.3,50087.7,105.3,105.3,7.22,272,32.8,50092.8,0.94,32560,1.19,8.18,-86,25.052,1.11,11.6
2/8/2021,23:00:00,0,B2,0.4,50149.2,50088.2,105.4,105.4,7.22,271,32.81,50093.9,0.93,32561,1.191,8.19,-86.2,25.058,1.11,11.6
2/8/2021,23:15:00,0,B2,0.43,50137.5,50087.5,105.3,105.2,7.21,271.7,32.8,50092.2,0.94,32560,1.194,8.18,-85.9,25.047,1.11,11.6
2/8/2021,23:30:00,0,B2,0.4,50141.8,50089,104.8,104.7,7.18,271.9,32.81,50093.9,0.96,32561,1.192,8.18,-85.7,25.05,1.11,11.6
2/8/2021,23:45:00,0,B2,0.42,50147.6,50090.5,104.8,104.7,7.18,270.6,32.81,50095.9,0.99,32562,1.188,8.18,-85.8,25.054,1.11,11.6
2/9/2021,0:00:00,0,B2,0.39,50150.6,50091.9,104.9,104.8,7.19,270.7,32.81,50097.4,0.93,32563,1.19,8.18,-85.5,25.056,1.11,11.6
2/9/2021,0:15:00,0,B2,0.41,50152.1,50088.4,104.7,104.7,7.17,270.2,32.81,50094.4,1,32561,1.19,8.18,-85.7,25.06,1.11,11.6
2/9/2021,0:30:00,0,B2,0.39,50155.4,50093.6,104.7,104.7,7.18,271.2,32.81,50099.3,0.93,32565,1.188,8.18,-85.5,25.059,1.11,11.6
2/9/2021,0:45:00,0,B2,0.43,50149.6,50090.1,104.4,104.3,7.15,270.8,32.81,50095.7,0.97,32562,1.19,8.18,-85.5,25.056,1.11,11.6
2/9/2021,1:00:00,0,B2,0.42,50145.4,50093.9,104.2,104.2,7.14,269.8,32.81,50098.8,0.93,32564,1.192,8.18,-85.7,25.049,1.11,11.6
2/9/2021,1:15:00,0,B2,0.41,50150.3,50091.1,104.2,104.1,7.14,270.7,32.81,50096.6,1.07,32563,1.19,8.17,-85.4,25.056,1.11,11.6
2/9/2021,1:30:00,0,B2,0.42,50149.5,50089.6,104.4,104.3,7.15,270.2,32.81,50095.2,0.96,32562,1.19,8.18,-85.6,25.057,1.11,11.6
2/9/2021,1:45:00,0,B2,0.38,50154.1,50089.1,104.2,104.1,7.14,270.2,32.81,50095.2,0.94,32562,1.185,8.18,-85.6,25.062,1.11,11.6
2/9/2021,2:00:00,0,B2,0.41,50151.2,50094.7,103.9,103.8,7.12,271,32.81,50100,0.95,32565,1.183,8.17,-85.3,25.053,1.11,11.6
2/9/2021,2:15:00,0,B2,0.4,50159.1,50093,104,103.9,7.12,271.2,32.81,50099.2,0.96,32564,1.192,8.18,-85.5,25.063,1.11,11.6
2/9/2021,2:30:00,0,B2,0.44,50152.4,50096.7,103.4,103.3,7.09,271.3,32.81,50101.9,0.99,32566,1.199,8.18,-85.5,25.053,1.11,11.6
2/9/2021,2:45:00,0,B2,0.43,50161.5,50090.8,103.8,103.7,7.11,271.5,32.81,50097.4,1.01,32563,1.182,8.17,-85.1,25.067,1.11,11.6
2/9/2021,3:00:00,0,B2,0.44,50155.4,50092.8,103.7,103.7,7.11,270.8,32.81,50098.6,1,32564,1.192,8.17,-85.1,25.059,1.11,11.6
2/9/2021,3:15:00,0,B2,0.45,50160.4,50092,103.6,103.5,7.09,269.5,32.81,50098.4,1,32564,1.19,8.17,-85.3,25.065,1.11,11.6
2/9/2021,3:30:00,0,B2,0.41,50163.8,50088,103.7,103.6,7.1,270.1,32.81,50095.1,0.95,32562,1.192,8.17,-85,25.072,1.11,11.6
2/9/2021,3:45:00,0,B2,0.41,50154.9,50089.1,103.6,103.5,7.09,269.6,32.81,50095.3,0.96,32562,1.201,8.17,-85.2,25.062,1.11,11.6
2/9/2021,4:00:00,0,B2,0.44,50158.4,50091.8,103.4,103.4,7.08,270.1,32.81,50098,1.02,32564,1.183,8.17,-85.3,25.063,1.11,11.6
2/9/2021,4:15:00,0,B2,0.42,50159.4,50091.3,103.6,103.5,7.09,270.9,32.81,50097.6,0.95,32563,1.188,8.17,-85.3,25.065,1.11,11.6
2/9/2021,4:30:00,0,B2,0.43,50162.1,50092.2,103.3,103.2,7.07,271.3,32.81,50098.7,1.01,32564,1.184,8.17,-85.2,25.066,1.11,11.6
2/9/2021,4:45:00,0,B2,0.42,50161.2,50104.2,103.2,103.1,7.07,271.6,32.82,50109.5,0.96,32571,1.196,8.17,-85.1,25.054,1.11,11.6
2/9/2021,5:00:00,0,B2,0.39,50162.7,50093.3,103,102.9,7.06,272.4,32.81,50099.8,0.99,32565,1.198,8.17,-84.9,25.066,1.11,11.6
2/9/2021,5:15:00,0,B2,0.44,50148.2,50084.2,103,103,7.06,272,32.8,50090.2,1,32559,1.197,8.16,-84.7,25.061,1.11,11.6
2/9/2021,5:30:00,0,B2,0.43,50165.4,50100.2,103,103,7.06,271.1,32.81,50106.3,1.06,32569,1.189,8.16,-84.7,25.062,1.11,11.6
2/9/2021,5:45:00,0,B2,0.43,50157.6,50091.4,103.1,103,7.06,270.6,32.81,50097.6,1.04,32563,1.185,8.17,-85,25.063,1.11,11.6
2/9/2021,6:00:00,0,B2,0.41,50169.1,50095.3,103.1,103,7.06,271.6,32.81,50102.2,0.98,32566,1.191,8.17,-84.9,25.07,1.11,11.6
2/9/2021,6:15:00,0,B2,0.45,50165.3,50094.3,103.1,103.1,7.06,272.2,32.81,50101,1.11,32566,1.186,8.17,-84.9,25.067,1.11,11.6
2/9/2021,6:30:00,0,B2,0.42,50159.6,50097.2,102.9,102.9,7.05,272.5,32.81,50103.1,1,32567,1.188,8.16,-84.7,25.059,1.11,11.6
2/9/2021,6:45:00,0,B2,0.42,50171.5,50096.2,103.1,103.1,7.06,272.7,32.81,50103.3,1.04,32567,1.186,8.16,-84.8,25.071,1.11,11.6
2/9/2021,7:00:00,0,B2,0.44,50156.1,50086.9,103,102.9,7.06,273,32.8,50093.3,1.04,32561,1.182,8.16,-84.6,25.066,1.11,11.6
2/9/2021,7:15:00,0,B2,0.46,50154.8,50089.3,102.7,102.6,7.03,272.5,32.81,50095.4,1.06,32562,1.184,8.16,-84.7,25.062,1.11,11.6
2/9/2021,7:30:00,0,B2,0.44,50178.2,50096.2,102.8,102.8,7.04,272.8,32.81,50103.9,1.11,32568,1.182,8.16,-84.5,25.078,1.11,11.6
2/9/2021,7:45:00,0,B2,0.5,50168.5,50094,102.9,102.8,7.04,273,32.81,50100.9,1.12,32566,1.189,8.16,-84.6,25.071,1.11,11.6
2/9/2021,8:00:00,0,B2,0.55,50169.9,50096,102.8,102.8,7.04,273,32.81,50102.9,1.24,32567,1.182,8.16,-84.5,25.07,1.11,11.6
2/9/2021,8:15:00,0,B2,0.5,50178,50096,103.2,103.1,7.07,272.1,32.81,50103.6,1.47,32567,1.189,8.16,-84.5,25.078,1.11,11.6
2/9/2021,8:30:00,0,B2,0.5,50173.9,50094.5,103.5,103.4,7.09,272.2,32.81,50101.9,1.25,32566,1.197,8.16,-84.6,25.075,1.11,11.6
2/9/2021,8:45:00,0,B2,0.52,50176.3,50097.2,103.8,103.7,7.11,272.1,32.81,50104.6,1.23,32568,1.183,8.16,-84.3,25.075,1.11,11.6
2/9/2021,9:00:00,0,B2,0.5,50172.1,50095.7,104.4,104.3,7.15,271.3,32.81,50102.9,1.23,32567,1.182,8.16,-84.7,25.072,1.11,11.6
2/9/2021,9:15:00,0,B2,0.54,50177.2,50095.7,104.6,104.5,7.16,272.3,32.81,50103.3,1.24,32567,1.198,8.16,-84.6,25.077,1.11,11.6
2/9/2021,9:30:00,0,B2,0.52,50173.5,50092.4,105,104.9,7.19,272.7,32.81,50100,1.02,32565,1.198,8.16,-84.7,25.077,1.11,11.6
2/9/2021,9:45:00,0,B2,0.47,50178.4,50093.2,105.2,105.1,7.2,272.9,32.81,50101.2,1.14,32566,1.201,8.16,-84.8,25.081,1.11,11.6
2/9/2021,10:00:00,0,B2,0.52,50186.4,50092.8,106,105.9,7.26,272.7,32.81,50101.6,1.39,32566,1.196,8.17,-84.9,25.089,1.11,11.6
2/9/2021,10:15:00,0,B2,0.61,50199.4,50093.9,106.4,106.3,7.28,272.5,32.81,50103.7,1.4,32567,1.192,8.17,-85,25.1,1.11,11.6
2/9/2021,10:30:00,0,B2,0.48,50205.5,50091.4,107.3,107.2,7.35,271.9,32.81,50102.1,1.29,32566,1.192,8.17,-85.1,25.108,1.11,11.6
2/9/2021,10:45:00,0,B2,0.5,50220.7,50089.9,107.5,107.4,7.35,272.4,32.81,50102.2,1.12,32566,1.189,8.17,-85.1,25.124,1.11,11.6
2/9/2021,11:00:00,0,B2,0.5,50227.1,50086.7,108.8,108.7,7.44,273.1,32.81,50099.8,1.23,32565,1.191,8.17,-85,25.133,1.11,11.6
2/9/2021,11:15:00,0,B2,0.48,50235.4,50083.2,109.1,109,7.46,272.2,32.81,50097.5,1.27,32563,1.194,8.18,-85.5,25.144,1.11,11.6
2/9/2021,11:30:00,0,B2,0.49,50250.2,50095.3,109.6,109.6,7.5,272.7,32.81,50109.8,1.23,32571,1.183,8.18,-85.6,25.147,1.11,11.6
2/9/2021,11:45:00,0,B2,0.5,50232.8,50087.2,109.9,109.8,7.52,271.6,32.81,50100.8,1.19,32566,1.183,8.18,-85.7,25.138,1.11,11.6
2/9/2021,12:00:00,0,B2,0.58,50236.4,50082.9,110.5,110.5,7.56,272,32.81,50097.3,1.14,32563,1.198,8.18,-85.7,25.145,1.11,11.6
2/9/2021,12:15:00,0,B2,0.46,50244.1,50089.2,111,110.9,7.59,271.8,32.81,50103.7,1.12,32567,1.193,8.18,-86,25.147,1.11,11.6
2/9/2021,12:30:00,0,B2,0.48,50239.7,50085,111.2,111.1,7.61,272.4,32.81,50099.5,1.21,32565,1.193,8.19,-86.1,25.146,1.11,11.6
2/9/2021,12:45:00,0,B2,0.52,50254.1,50088.2,112.2,112.1,7.67,272.6,32.81,50103.8,1.11,32567,1.191,8.19,-86.2,25.157,1.11,11.6
2/9/2021,13:00:00,0,B2,0.51,50249.6,50083.6,112.3,112.2,7.68,272.5,32.81,50099.2,1.12,32564,1.185,8.19,-86.3,25.157,1.11,11.6
2/9/2021,13:15:00,0,B2,0.5,50249.8,50088.4,112.2,112.1,7.67,272.8,32.81,50103.6,1.13,32567,1.194,8.19,-86.4,25.153,1.11,11.6
2/9/2021,13:30:00,0,B2,0.47,50256.8,50087.5,112.8,112.8,7.72,272.8,32.81,50103.3,1.05,32567,1.193,8.19,-86.3,25.16,1.11,11.6
2/9/2021,13:45:00,0,B2,0.47,50253.5,50088.3,112.7,112.6,7.71,273.4,32.81,50103.8,1.12,32567,1.196,8.19,-86.4,25.156,1.11,11.6
2/9/2021,14:00:00,0,B2,0.49,50247,50084.2,112.3,112.3,7.68,273.4,32.81,50099.5,1.15,32565,1.19,8.19,-86.5,25.154,1.11,11.6
2/9/2021,14:15:00,0,B2,0.49,50251,50087.4,112.2,112.1,7.67,274,32.81,50102.8,1.13,32567,1.189,8.19,-86.5,25.155,1.11,11.6
2/9/2021,14:30:00,0,B2,0.47,50253.6,50088.2,112.3,112.3,7.68,273.7,32.81,50103.7,1.2,32567,1.191,8.2,-86.7,25.157,1.11,11.6
2/9/2021,14:45:00,0,B2,0.47,50250.6,50085.2,112.1,112,7.67,273.7,32.81,50100.7,1.17,32565,1.186,8.19,-86.6,25.157,1.11,11.6
2/9/2021,15:00:00,0,B2,0.5,50253.1,50087.6,112,111.9,7.66,273.4,32.81,50103.1,1.11,32567,1.184,8.2,-86.8,25.157,1.11,11.6
2/9/2021,15:15:00,0,B2,0.48,50248.9,50085.2,111.9,111.8,7.65,273,32.81,50100.5,1.13,32565,1.182,8.2,-86.8,25.155,1.11,11.6
2/9/2021,15:30:00,0,B2,0.49,50249.3,50085.3,111.8,111.8,7.65,273.3,32.81,50100.7,1.12,32565,1.184,8.2,-86.7,25.155,1.11,11.6
2/9/2021,15:45:00,0,B2,0.44,50251.5,50089.6,112,111.9,7.66,273.6,32.81,50104.8,1.11,32568,1.19,8.2,-86.8,25.153,1.11,11.6
2/9/2021,16:00:00,0,B2,0.46,50250.1,50088.5,111.5,111.5,7.63,273.8,32.81,50103.6,0.98,32567,1.182,8.19,-86.6,25.153,1.11,11.6
2/9/2021,16:15:00,0,B2,0.47,50248.3,50087.2,111.3,111.3,7.62,273.5,32.81,50102.3,1.13,32566,1.187,8.19,-86.6,25.153,1.11,11.6
2/9/2021,16:30:00,0,B2,0.5,50247.9,50087.4,111.1,111.1,7.6,273,32.81,50102.4,1.08,32567,1.191,8.2,-86.8,25.152,1.11,11.6
2/9/2021,16:45:00,0,B2,0.51,50244.5,50084.9,110.9,110.8,7.59,273.2,32.81,50099.9,1.13,32565,1.192,8.2,-86.8,25.151,1.11,11.6
2/9/2021,17:00:00,0,B2,0.47,50246,50087,110.7,110.6,7.57,273,32.81,50101.9,1.05,32566,1.197,8.19,-86.6,25.151,1.11,11.6
2/9/2021,17:15:00,0,B2,0.47,50244.2,50087,110.5,110.5,7.56,272.3,32.81,50101.7,1.08,32566,1.195,8.2,-86.9,25.149,1.11,11.6
2/9/2021,17:30:00,0,B2,0.47,50246.7,50089.7,110,109.9,7.52,272.7,32.81,50104.4,1.06,32568,1.201,8.2,-86.8,25.149,1.11,11.6
2/9/2021,17:45:00,0,B2,0.47,50244.2,50089.5,109.9,109.8,7.52,273.2,32.81,50104,1.1,32568,1.194,8.2,-86.7,25.146,1.11,11.6
2/9/2021,18:00:00,0,B2,0.46,50238.9,50088.3,109.7,109.6,7.5,273.6,32.81,50102.4,1.03,32567,1.191,8.19,-86.4,25.143,1.11,11.6
2/9/2021,18:15:00,0,B2,0.46,50237.2,50088.9,109.3,109.2,7.48,272.8,32.81,50102.8,1,32567,1.199,8.2,-86.9,25.14,1.11,11.6
2/9/2021,18:30:00,0,B2,0.43,50233.3,50088.3,108.9,108.9,7.45,273,32.81,50101.9,1.01,32566,1.194,8.2,-86.8,25.137,1.11,11.6
2/9/2021,18:45:00,0,B2,0.46,50227.6,50086.7,108.7,108.6,7.44,273.6,32.81,50099.9,1.01,32565,1.183,8.19,-86.5,25.133,1.11,11.6
2/9/2021,19:00:00,0,B2,0.45,50224.4,50087.7,108.6,108.5,7.43,272.5,32.81,50100.5,1.03,32565,1.184,8.2,-86.8,25.13,1.11,11.6
2/9/2021,19:15:00,0,B2,0.44,50220,50089.1,108.2,108.2,7.41,272.6,32.81,50101.3,0.94,32566,1.185,8.2,-86.7,25.124,1.11,11.6
2/9/2021,19:30:00,0,B2,0.43,50213.7,50085.8,107.7,107.6,7.37,272.5,32.81,50097.7,0.97,32564,1.183,8.19,-86.4,25.121,1.11,11.6
2/9/2021,19:45:00,0,B2,0.42,50206.3,50087.8,107.4,107.3,7.35,272.2,32.81,50098.9,0.89,32564,1.196,8.19,-86.3,25.112,1.11,11.6
2/9/2021,20:00:00,0,B2,0.46,50204.8,50088.7,107.5,107.4,7.36,271.5,32.81,50099.6,1.05,32565,1.194,8.2,-86.7,25.11,1.11,11.6
2/9/2021,20:15:00,0,B2,0.43,50201.5,50089.5,107.1,107,7.33,272.4,32.81,50100,0.97,32565,1.189,8.19,-86.3,25.106,1.11,11.6
2/9/2021,20:30:00,0,B2,0.41,50200.2,50092.9,106.8,106.8,7.31,272.2,32.81,50102.9,0.98,32567,1.195,8.19,-86.5,25.102,1.11,11.6
2/9/2021,20:45:00,0,B2,0.43,50190.9,50093.2,106.5,106.4,7.29,272.7,32.81,50102.4,1.06,32567,1.187,8.19,-86.1,25.093,1.11,11.6
2/9/2021,21:00:00,0,B2,0.42,50183.5,50090.3,106.3,106.2,7.28,271.8,32.81,50099,0.97,32564,1.191,8.19,-86.5,25.088,1.11,11.6
2/9/2021,21:15:00,0,B2,0.39,50171.7,50092.1,106,105.9,7.26,272.6,32.81,50099.6,0.96,32565,1.194,8.19,-86.2,25.075,1.11,11.6
2/9/2021,21:30:00,0,B2,0.41,50175,50093.9,106,106,7.26,272.7,32.81,50101.5,0.94,32566,1.192,8.19,-86.2,25.077,1.11,11.6
2/9/2021,21:45:00,0,B2,0.4,50166.3,50093.4,105.9,105.9,7.26,273.3,32.81,50100.2,1.06,32565,1.198,8.19,-86.1,25.069,1.11,11.6
2/9/2021,22:00:00,0,B2,0.42,50156.3,50097.6,105.2,105.1,7.21,272.9,32.81,50103.1,1,32567,1.188,8.19,-86.1,25.056,1.11,11.6
2/9/2021,22:15:00,0,B2,0.41,50157.1,50095.3,105.6,105.5,7.23,272.8,32.81,50101.1,0.92,32566,1.183,8.19,-86.3,25.059,1.11,11.6
2/9/2021,22:30:00,0,B2,0.42,50144.2,50096.1,104.6,104.5,7.17,272.7,32.81,50100.6,0.97,32565,1.194,8.19,-86.2,25.046,1.11,11.6
2/9/2021,22:45:00,0,B2,0.41,50154.5,50094.3,105.1,105,7.2,273.2,32.81,50100,0.94,32565,1.192,8.19,-86.2,25.057,1.11,11.6
2/9/2021,23:00:00,0,B2,0.41,50149.1,50094.1,105.1,105,7.2,273.2,32.81,50099.3,0.92,32565,1.198,8.19,-86.1,25.052,1.11,11.6
2/9/2021,23:15:00,0,B2,0.47,50144.7,50093.5,104.9,104.8,7.19,273.7,32.81,50098.3,1.03,32564,1.19,8.18,-85.9,25.049,1.11,11.6
2/9/2021,23:30:00,0,B2,0.43,50145.4,50095.6,104.8,104.8,7.18,273.6,32.81,50100.3,0.97,32565,1.184,8.19,-86.1,25.047,1.11,11.6
2/9/2021,23:45:00,0,B2,0.42,50150.3,50094.9,104.5,104.4,7.16,273.5,32.81,50100.1,1.02,32565,1.184,8.18,-86,25.052,1.11,11.6
2/10/2021,0:00:00,0,B2,0.43,50147.9,50096.2,104.5,104.4,7.16,273.8,32.81,50101.1,0.95,32566,1.186,8.18,-85.6,25.049,1.11,11.6
2/10/2021,0:15:00,0,B2,0.42,50146.2,50093.8,104.2,104.1,7.14,273,32.81,50098.7,0.93,32564,1.197,8.18,-86,25.05,1.11,11.6
2/10/2021,0:30:00,0,B2,0.44,50141.6,50095.1,104.2,104.1,7.14,273.8,32.81,50099.5,0.96,32565,1.188,8.18,-85.9,25.044,1.11,11.6
2/10/2021,0:45:00,0,B2,0.43,50155.9,50099.8,104.1,104.1,7.13,273.7,32.81,50105,0.93,32568,1.185,8.18,-85.7,25.053,1.11,11.6
2/10/2021,1:00:00,0,B2,0.4,50156.7,50098,104.2,104.1,7.14,273.9,32.81,50103.5,0.91,32567,1.188,8.18,-85.7,25.056,1.11,11.6
2/10/2021,1:15:00,0,B2,0.43,50152,50095.5,104.2,104.1,7.14,273.9,32.81,50100.8,0.94,32566,1.184,8.18,-85.6,25.054,1.11,11.6
2/10/2021,1:30:00,0,B2,0.42,50149.3,50099.1,103.5,103.4,7.09,273.3,32.81,50103.8,0.95,32567,1.191,8.18,-85.5,25.048,1.11,11.6
2/10/2021,1:45:00,0,B2,0.42,50157.1,50101.2,103.7,103.6,7.1,271.9,32.81,50106.4,0.93,32569,1.192,8.18,-85.7,25.053,1.11,11.6
2/10/2021,2:00:00,0,B2,0.43,50148.1,50091.8,103.8,103.7,7.11,271.9,32.81,50097.1,0.87,32563,1.186,8.18,-85.6,25.053,1.11,11.6
2/10/2021,2:15:00,0,B2,0.43,50150.6,50099.4,103.3,103.2,7.08,272,32.81,50104.2,0.99,32568,1.188,8.17,-85.2,25.048,1.11,11.6
2/10/2021,2:30:00,0,B2,0.41,50155.6,50093.6,103.6,103.5,7.1,271.6,32.81,50099.4,0.97,32565,1.199,8.18,-85.6,25.059,1.11,11.6
2/10/2021,2:45:00,0,B2,0.42,50159.5,50097,103.6,103.5,7.1,272,32.81,50102.8,0.91,32567,1.183,8.17,-85.2,25.059,1.11,11.6
2/10/2021,3:00:00,0,B2,0.4,50159.5,50096.8,103.5,103.5,7.09,271.8,32.81,50102.7,0.91,32567,1.192,8.17,-85.3,25.059,1.11,11.6
2/10/2021,3:15:00,0,B2,0.41,50159.4,50096.1,103.5,103.5,7.09,271.1,32.81,50102,0.95,32566,1.201,8.17,-85.3,25.06,1.11,11.6
2/10/2021,3:30:00,0,B2,0.4,50156.8,50100.7,103.2,103.2,7.07,270.5,32.81,50106,0.93,32569,1.191,8.18,-85.5,25.053,1.11,11.6
2/10/2021,3:45:00,0,B2,0.38,50159.1,50097.4,103.4,103.4,7.09,271.4,32.81,50103.1,0.99,32567,1.191,8.17,-85.3,25.059,1.11,11.6
2/10/2021,4:00:00,0,B2,0.43,50152.6,50097.8,103.3,103.2,7.08,271.9,32.81,50102.9,1.08,32567,1.186,8.17,-85.1,25.052,1.11,11.6
2/10/2021,4:15:00,0,B2,0.42,50156.1,50094.3,103.1,103,7.06,271.3,32.81,50100.1,0.93,32565,1.19,8.17,-85.3,25.059,1.11,11.6
2/10/2021,4:30:00,0,B2,0.48,50158.8,50097.7,103.1,103.1,7.07,271.9,32.81,50103.4,1.09,32567,1.191,8.17,-84.9,25.058,1.11,11.6
2/10/2021,4:45:00,0,B2,0.41,50148.1,50098.3,102.9,102.8,7.05,271.7,32.81,50103,0.9,32567,1.19,8.17,-85.2,25.047,1.11,11.6
2/10/2021,5:00:00,0,B2,0.4,50154.8,50098.7,102.8,102.7,7.04,271.9,32.81,50103.9,0.91,32568,1.192,8.17,-85.3,25.053,1.11,11.6
2/10/2021,5:15:00,0,B2,0.41,50152.2,50095,102.8,102.7,7.04,272.8,32.81,50100.3,1.07,32565,1.19,8.16,-84.8,25.054,1.11,11.6
2/10/2021,5:30:00,0,B2,0.42,50160.4,50093.3,102.9,102.9,7.05,272,32.81,50099.6,0.92,32565,1.185,8.17,-85.1,25.064,1.11,11.6
2/10/2021,5:45:00,0,B2,0.41,50161.2,50097,102.9,102.9,7.05,272.3,32.81,50103.1,0.98,32567,1.183,8.17,-85,25.061,1.11,11.6
2/10/2021,6:00:00,0,B2,0.42,50152.4,50095.5,102.9,102.8,7.05,272.6,32.81,50100.8,0.96,32566,1.2,8.17,-85,25.054,1.11,11.6
2/10/2021,6:15:00,0,B2,0.42,50146.5,50093.5,102.6,102.6,7.03,272.8,32.81,50098.5,1.03,32564,1.189,8.17,-85,25.05,1.11,11.6
2/10/2021,6:30:00,0,B2,0.41,50156.6,50093.5,102.8,102.8,7.04,273.1,32.81,50099.4,0.93,32565,1.191,8.16,-84.7,25.06,1.11,11.6
2/10/2021,6:45:00,0,B2,0.42,50162.8,50096.2,102.9,102.8,7.05,271.7,32.81,50102.4,0.95,32567,1.191,8.17,-85,25.063,1.11,11.6
2/10/2021,7:00:00,0,B2,0.42,50158,50097.9,102.7,102.6,7.03,272.6,32.81,50103.5,0.95,32567,1.189,8.16,-84.6,25.057,1.11,11.6
2/10/2021,7:15:00,0,B2,0.44,50164.9,50096,102.8,102.7,7.04,271.6,32.81,50102.5,0.99,32567,1.189,8.17,-84.9,25.065,1.11,11.6
2/10/2021,7:30:00,0,B2,0.46,50150.9,50093.4,102.5,102.4,7.02,272,32.81,50098.8,1.07,32564,1.184,8.16,-84.5,25.054,1.11,11.6
2/10/2021,7:45:00,0,B2,0.47,50158.5,50090.9,102.7,102.6,7.03,272,32.81,50097.2,1.12,32563,1.201,8.16,-84.7,25.064,1.11,11.6
2/10/2021,8:00:00,0,B2,0.47,50160.9,50095.1,102.6,102.6,7.03,272.1,32.81,50101.3,1.16,32566,1.197,8.16,-84.7,25.062,1.11,11.6
2/10/2021,8:15:00,0,B2,1.24,50154.2,50094.9,102.7,102.6,7.03,272.9,32.81,50100.4,2.7,32565,1.182,8.16,-84.6,25.056,1.11,11.6
2/10/2021,8:30:00,0,B2,0.49,50159.9,50094.7,102.8,102.7,7.04,273.3,32.81,50100.8,1.15,32566,1.193,8.16,-84.4,25.062,1.11,11.6
2/10/2021,8:45:00,0,B2,0.58,50156.2,50099.4,102.8,102.7,7.04,272.7,32.81,50104.7,1.25,32568,1.19,8.16,-84.7,25.054,1.11,11.6
2/10/2021,9:00:00,0,B2,0.64,50163.7,50096,103.1,103,7.06,272.6,32.81,50102.3,1.46,32566,1.192,8.16,-84.7,25.064,1.11,11.6
2/10/2021,9:15:00,0,B2,0.52,50161.6,50093.7,103.5,103.4,7.09,273.4,32.81,50100,1.13,32565,1.192,8.16,-84.3,25.064,1.11,11.6
2/10/2021,9:30:00,0,B2,0.55,50166.5,50094.6,103.8,103.7,7.11,272.7,32.81,50101.3,1.28,32566,1.187,8.16,-84.7,25.068,1.11,11.6
2/10/2021,9:45:00,0,B2,0.6,50168.2,50092.9,104.3,104.2,7.14,272.7,32.81,50099.9,0.86,32565,1.185,8.16,-84.6,25.071,1.11,11.6
2/10/2021,10:00:00,0,B2,0.56,50172.2,50094.1,105,104.9,7.19,273.2,32.81,50101.4,1.31,32566,1.184,8.16,-84.6,25.074,1.11,11.6
2/10/2021,10:15:00,0,B2,0.51,50182,50093.5,105.8,105.7,7.24,272.2,32.81,50101.8,1.25,32566,1.2,8.16,-84.7,25.084,1.11,11.6
2/10/2021,10:30:00,0,B2,0.45,50188.8,50094.3,106.1,106,7.26,273,32.81,50103.2,1.18,32567,1.191,8.16,-84.6,25.09,1.11,11.6
2/10/2021,10:45:00,0,B2,0.53,50193,50088.1,106.8,106.7,7.31,273,32.81,50097.9,1.29,32564,1.188,8.17,-85.1,25.099,1.11,11.6
2/10/2021,11:00:00,0,B2,0.52,50206.7,50091.3,107.1,107.1,7.33,273.4,32.81,50102.1,1.28,32566,1.182,8.17,-85.2,25.109,1.1,11.6
2/10/2021,11:15:00,0,B2,0.48,50218.5,50085.9,108.3,108.2,7.41,274.1,32.81,50098.3,1.25,32564,1.191,8.18,-85.5,25.126,1.11,11.6
2/10/2021,11:30:00,0,B2,0.5,50223.7,50085.6,109.7,109.6,7.5,274.2,32.81,50098.5,1.34,32564,1.191,8.18,-85.5,25.131,1.11,11.6
2/10/2021,11:45:00,0,B2,0.42,50217.4,50082.5,108.8,108.8,7.45,274,32.8,50095.1,0.98,32562,1.184,8.18,-85.6,25.128,1.11,11.6
2/10/2021,12:00:00,0,B2,0.52,50227.6,50084.8,109.6,109.5,7.5,274.6,32.81,50098.2,1.1,32564,1.183,8.18,-85.5,25.135,1.11,11.6
2/10/2021,12:15:00,0,B2,0.46,50226.7,50082.6,109.9,109.8,7.52,275.5,32.81,50096.1,1.04,32562,1.191,8.17,-85.1,25.136,1.11,11.6
2/10/2021,12:30:00,0,B2,0.48,50218.6,50073.3,110.7,110.7,7.58,274.2,32.8,50086.9,1.09,32556,1.196,8.18,-85.9,25.138,1.11,11.6
2/10/2021,12:45:00,0,B2,0.47,50212.3,50082.7,110.5,110.5,7.57,274,32.8,50094.9,1.11,32562,1.188,8.18,-85.9,25.123,1.11,11.6
2/10/2021,13:00:00,0,B2,0.55,50202.7,50081.3,111.1,111.1,7.61,274.2,32.8,50092.7,1.15,32560,1.182,8.19,-86.2,25.115,1.11,11.6
2/10/2021,13:15:00,0,B2,0.46,50197.4,50082.5,111.3,111.3,7.62,274.2,32.8,50093.3,1.04,32561,1.192,8.19,-86.1,25.109,1.11,11.6
2/10/2021,13:30:00,0,B2,0.5,50208,50081,112.2,112.1,7.68,273.8,32.8,50092.9,1.05,32560,1.188,8.19,-86.4,25.12,1.1,11.6
2/10/2021,13:45:00,0,B2,0.45,50187.2,50075.7,112.1,112,7.68,274.1,32.8,50086.1,1.04,32556,1.183,8.19,-86.3,25.106,1.1,11.6
2/10/2021,14:00:00,0,B2,0.65,50200.2,50080,112.6,112.5,7.7,274.4,32.8,50091.2,1.17,32559,1.188,8.19,-86.5,25.114,1.11,11.6
2/10/2021,14:15:00,0,B2,0.47,50191.1,50080.6,112.5,112.4,7.7,273.8,32.8,50090.9,1.04,32559,1.2,8.2,-86.7,25.105,1.11,11.6
2/10/2021,14:30:00,0,B2,0.44,50199,50081.4,112.5,112.4,7.7,273.9,32.8,50092.4,0.96,32560,1.197,8.2,-86.7,25.111,1.1,11.6
2/10/2021,14:45:00,0,B2,0.43,50203.8,50081.6,112.4,112.4,7.69,274.4,32.8,50093,0.98,32560,1.195,8.2,-86.7,25.116,1.1,11.6
2/10/2021,15:00:00,0,B2,0.44,50205.4,50081.7,112.2,112.2,7.68,274.4,32.8,50093.3,0.96,32561,1.192,8.2,-86.7,25.117,1.11,11.6
2/10/2021,15:15:00,0,B2,0.54,50204.6,50078.2,112.2,112.1,7.68,274.6,32.8,50090.1,1.17,32559,1.183,8.2,-86.7,25.12,1.11,11.6
2/10/2021,15:30:00,0,B2,0.43,50205.9,50078.7,112.1,112,7.67,274.6,32.8,50090.6,1.06,32559,1.189,8.19,-86.6,25.121,1.11,11.6
2/10/2021,15:45:00,0,B2,0.46,50207.5,50081.7,111.9,111.8,7.65,273.3,32.8,50093.5,1,32561,1.189,8.2,-86.9,25.119,1.11,11.6
2/10/2021,16:00:00,0,B2,0.48,50207.8,50079,111.6,111.6,7.64,272.9,32.8,50091,1.05,32559,1.192,8.2,-87,25.122,1.11,11.6
2/10/2021,16:15:00,0,B2,0.43,50211.3,50081.6,111.3,111.2,7.62,273.6,32.8,50093.8,0.97,32561,1.2,8.2,-86.8,25.123,1.1,11.6
2/10/2021,16:30:00,0,B2,0.42,50209.5,50079.3,111.1,111,7.6,274,32.8,50091.5,0.98,32559,1.195,8.2,-86.9,25.123,1.1,11.6
2/10/2021,16:45:00,0,B2,0.41,50212.3,50081.2,110.8,110.7,7.58,274.4,32.8,50093.5,0.99,32561,1.189,8.2,-86.8,25.124,1.1,11.6
2/10/2021,17:00:00,0,B2,0.44,50213.7,50081.7,110.6,110.6,7.57,274.2,32.8,50094,0.99,32561,1.184,8.2,-86.7,25.125,1.11,11.6
2/10/2021,17:15:00,0,B2,0.42,50212.7,50080.3,110.3,110.2,7.55,273.3,32.8,50092.7,1.04,32560,1.189,8.2,-86.9,25.125,1.1,11.6
2/10/2021,17:30:00,0,B2,0.42,50214.5,50082.4,110.1,110,7.54,273.7,32.8,50094.7,1.01,32562,1.185,8.2,-86.9,25.125,1.11,11.6
2/10/2021,17:45:00,0,B2,0.44,50209.4,50078.8,109.9,109.9,7.52,273.2,32.8,50091,1.01,32559,1.186,8.2,-86.9,25.124,1.1,11.6
2/10/2021,18:00:00,0,B2,0.45,50212,50080.9,109.5,109.4,7.49,273.2,32.8,50093.2,0.92,32561,1.182,8.2,-86.9,25.124,1.1,11.6
2/10/2021,18:15:00,0,B2,0.42,50208.8,50080.6,109.3,109.3,7.48,274.1,32.8,50092.6,0.94,32560,1.189,8.2,-86.7,25.121,1.1,11.6
2/10/2021,18:30:00,0,B2,0.45,50204.2,50077.5,108.9,108.9,7.46,273.5,32.8,50089.3,0.92,32558,1.196,8.2,-86.9,25.12,1.11,11.6
2/10/2021,18:45:00,0,B2,0.43,50202.7,50078.1,108.8,108.7,7.44,273.8,32.8,50089.8,0.95,32558,1.197,8.2,-86.8,25.118,1.1,11.6
2/10/2021,19:00:00,0,B2,0.41,50205.5,50082.7,108.5,108.4,7.42,273.6,32.8,50094.2,0.99,32561,1.2,8.2,-86.7,25.116,1.1,11.6
2/10/2021,19:15:00,0,B2,0.38,50194,50076.3,108.1,108.1,7.4,273.7,32.8,50087.3,0.88,32557,1.191,8.19,-86.5,25.112,1.1,11.6
2/10/2021,19:30:00,0,B2,0.4,50198.3,50082.4,107.9,107.8,7.39,273.1,32.8,50093.3,0.92,32561,1.192,8.2,-86.7,25.11,1.11,11.6
2/10/2021,19:45:00,0,B2,0.44,50193.7,50082.6,107.7,107.6,7.37,273.2,32.8,50093,0.91,32560,1.198,8.2,-86.7,25.105,1.11,11.6
2/10/2021,20:00:00,0,B2,0.42,50180.7,50079.6,107.2,107.1,7.34,273.6,32.8,50089.1,0.88,32558,1.185,8.19,-86.6,25.096,1.1,11.6
2/10/2021,20:15:00,0,B2,0.42,50180,50083.2,106.7,106.6,7.31,274.2,32.8,50092.3,0.95,32560,1.181,8.18,-86,25.092,1.1,11.6
2/10/2021,20:30:00,0,B2,0.4,50175.1,50080.2,106.8,106.7,7.31,273.5,32.8,50089,0.96,32558,1.192,8.19,-86.3,25.09,1.1,11.6
2/10/2021,20:45:00,0,B2,0.4,50169.3,50079.6,106.7,106.6,7.31,272.8,32.8,50088,0.89,32557,1.195,8.19,-86.6,25.085,1.1,11.6
2/10/2021,21:00:00,0,B2,0.4,50169.6,50085,106.3,106.2,7.28,273.2,32.8,50092.9,0.96,32560,1.2,8.19,-86.5,25.08,1.1,11.6
2/10/2021,21:15:00,0,B2,0.42,50156,50080.3,105.9,105.9,7.26,273.8,32.8,50087.4,0.88,32557,1.195,8.19,-86.4,25.072,1.11,11.6
2/10/2021,21:30:00,0,B2,0.46,50153.1,50082.1,105.9,105.8,7.25,273.9,32.8,50088.7,0.9,32558,1.186,8.19,-86.3,25.067,1.1,11.6
2/10/2021,21:45:00,0,B2,0.39,50150.9,50082.7,105.8,105.7,7.24,273.8,32.8,50089.1,0.97,32558,1.188,8.19,-86.3,25.065,1.11,11.6
2/10/2021,22:00:00,0,B2,0.41,50144.9,50083.2,105.7,105.6,7.24,273.3,32.8,50089,0.89,32558,1.197,8.19,-86.4,25.059,1.1,11.6
2/10/2021,22:15:00,0,B2,0.38,50139.2,50084.4,105.5,105.4,7.23,273.8,32.8,50089.5,0.87,32558,1.188,8.19,-86.2,25.052,1.11,11.6
2/10/2021,22:30:00,0,B2,0.42,50131.5,50082.6,104.9,104.9,7.19,273.9,32.8,50087.2,0.95,32557,1.187,8.18,-85.9,25.046,1.11,11.6
2/10/2021,22:45:00,0,B2,0.42,50140.4,50088.1,105.3,105.2,7.21,273.2,32.8,50093,0.89,32560,1.197,8.19,-86.3,25.05,1.11,11.6
2/10/2021,23:00:00,0,B2,0.46,50128.7,50086.3,104.8,104.7,7.18,271.7,32.8,50090.3,0.97,32559,1.197,8.19,-86.1,25.04,1.1,11.6
2/10/2021,23:15:00,0,B2,0.44,50131.4,50081.5,104.9,104.8,7.19,272.3,32.8,50086.2,0.96,32556,1.184,8.19,-86.2,25.047,1.1,11.6
2/10/2021,23:30:00,0,B2,0.39,50133.3,50090.5,104.3,104.2,7.15,272.7,32.81,50094.5,0.9,32561,1.183,8.19,-86.1,25.041,1.1,11.6
2/10/2021,23:45:00,0,B2,0.41,50132.1,50082.7,104.4,104.3,7.15,273,32.8,50087.3,0.96,32557,1.196,8.18,-86,25.047,1.1,11.6
2/11/2021,0:00:00,0,B2,0.4,50135.1,50084.8,104.4,104.4,7.16,273.4,32.8,50089.5,0.91,32558,1.195,8.18,-86,25.048,1.11,11.6
2/11/2021,0:15:00,0,B2,0.42,50143.8,50085.5,104.4,104.4,7.15,273.5,32.8,50091,1.1,32559,1.192,8.19,-86.1,25.055,1.11,11.6
2/11/2021,0:30:00,0,B2,0.38,50141.6,50085.8,104.3,104.2,7.15,273.8,32.8,50091,0.88,32559,1.189,8.18,-86,25.053,1.11,11.6
2/11/2021,0:45:00,0,B2,0.39,50148.8,50084.8,104.3,104.2,7.15,274.3,32.8,50090.8,0.86,32559,1.199,8.18,-85.9,25.061,1.1,11.6
2/11/2021,1:00:00,0,B2,0.42,50142.2,50090,103.9,103.9,7.12,274.5,32.81,50094.9,0.92,32562,1.196,8.18,-85.7,25.049,1.1,11.6
2/11/2021,1:15:00,0,B2,0.42,50146.4,50089.9,104,103.9,7.13,273.8,32.81,50095.2,0.89,32562,1.195,8.18,-85.8,25.054,1.1,11.6
2/11/2021,1:30:00,0,B2,0.42,50145.3,50085.5,103.9,103.9,7.12,274,32.8,50091.1,1.07,32559,1.2,8.18,-85.8,25.057,1.1,11.6
2/11/2021,1:45:00,0,B2,0.38,50147.5,50086,104,103.9,7.12,274.2,32.8,50091.8,0.93,32560,1.196,8.18,-85.7,25.058,1.1,11.6
2/11/2021,2:00:00,0,B2,0.38,50153.3,50086.8,103.9,103.8,7.12,274.1,32.8,50093.1,0.89,32560,1.197,8.18,-85.7,25.063,1.1,11.6
2/11/2021,2:15:00,0,B2,0.39,50133.4,50082.8,103.6,103.6,7.1,273.3,32.8,50087.5,0.96,32557,1.194,8.18,-85.6,25.048,1.1,11.6
2/11/2021,2:30:00,0,B2,0.4,50138.6,50083.9,103.4,103.3,7.08,273.7,32.8,50089,0.91,32558,1.184,8.18,-85.5,25.052,1.1,11.6
2/11/2021,2:45:00,0,B2,0.39,50149.7,50083.2,103.6,103.5,7.1,273.5,32.8,50089.5,0.96,32558,1.197,8.17,-85.3,25.063,1.1,11.6
2/11/2021,3:00:00,0,B2,0.39,50157.6,50087,103.7,103.6,7.1,273,32.8,50093.6,0.93,32561,1.194,8.18,-85.6,25.067,1.1,11.6
2/11/2021,3:15:00,0,B2,0.41,50153.8,50085.1,103.6,103.6,7.1,273.3,32.8,50091.5,0.94,32560,1.184,8.18,-85.5,25.065,1.1,11.6
2/11/2021,3:30:00,0,B2,0.4,50149.8,50091.1,103.2,103.2,7.07,273.9,32.81,50096.6,0.93,32563,1.186,8.17,-85.4,25.056,1.1,11.6
2/11/2021,3:45:00,0,B2,0.41,50157.1,50085.3,103.5,103.4,7.09,274.1,32.8,50092,0.84,32560,1.181,8.17,-85.3,25.068,1.1,11.6
2/11/2021,4:00:00,0,B2,0.42,50157,50083.7,103.3,103.2,7.08,274.1,32.8,50090.6,0.89,32559,1.199,8.17,-85.2,25.069,1.11,11.6
2/11/2021,4:15:00,0,B2,0.39,50139,50085.2,103.2,103.1,7.07,273.7,32.8,50090.3,0.91,32559,1.192,8.17,-85.2,25.051,1.1,11.6
2/11/2021,4:30:00,0,B2,0.41,50150.5,50085.8,103.2,103.1,7.07,273.6,32.8,50091.8,0.96,32560,1.189,8.17,-85.3,25.061,1.1,11.6
2/11/2021,4:45:00,0,B2,0.41,50143.1,50089.2,103,102.9,7.06,273.9,32.81,50094.2,0.94,32561,1.191,8.17,-84.9,25.051,1.1,11.6
2/11/2021,5:00:00,0,B2,0.43,50158.8,50091.2,103.2,103.1,7.07,273.9,32.81,50097.5,0.89,32563,1.192,8.17,-84.8,25.064,1.1,11.6
2/11/2021,5:15:00,0,B2,0.39,50149.7,50086.1,103,102.9,7.05,273,32.8,50092.1,0.93,32560,1.192,8.17,-85.3,25.06,1.1,11.6
2/11/2021,5:30:00,0,B2,0.42,50150.3,50084.7,103.1,103,7.06,273.4,32.8,50090.8,0.88,32559,1.185,8.17,-85,25.062,1.1,11.6
2/11/2021,5:45:00,0,B2,0.4,50151.3,50089,102.9,102.8,7.05,273.5,32.81,50094.8,0.89,32562,1.189,8.17,-85,25.059,1.1,11.6
2/11/2021,6:00:00,0,B2,0.42,50164.7,50088.1,103,103,7.06,273.7,32.81,50095.3,0.96,32562,1.19,8.16,-84.8,25.073,1.1,11.6
2/11/2021,6:15:00,0,B2,0.4,50158.3,50091,103.1,103,7.06,273.9,32.81,50097.3,0.98,32563,1.184,8.16,-84.7,25.064,1.1,11.6
2/11/2021,6:30:00,0,B2,0.41,50160.8,50090.5,103,102.9,7.05,273.2,32.81,50097.1,1,32563,1.19,8.16,-84.8,25.067,1.1,11.6
2/11/2021,6:45:00,0,B2,0.42,50162,50093,102.9,102.8,7.05,273.3,32.81,50099.5,0.93,32565,1.189,8.16,-84.8,25.065,1.1,11.6
2/11/2021,7:00:00,0,B2,0.48,50157.2,50089.4,102.9,102.8,7.05,273.4,32.81,50095.8,1.06,32562,1.189,8.16,-84.8,25.064,1.1,11.6
2/11/2021,7:15:00,0,B2,0.42,50151.4,50087.8,102.7,102.6,7.04,273.4,32.81,50093.7,0.97,32561,1.184,8.16,-84.8,25.06,1.1,11.6
2/11/2021,7:30:00,0,B2,0.45,50162.3,50087.4,102.8,102.7,7.04,273.6,32.81,50094.4,1.06,32561,1.191,8.16,-84.6,25.071,1.1,11.6
2/11/2021,7:45:00,0,B2,0.52,50160.4,50082.3,102.8,102.7,7.04,273.7,32.8,50089.6,1.13,32558,1.191,8.16,-84.6,25.074,1.1,11.6
2/11/2021,8:00:00,0,B2,0.48,50163.8,50086.1,103,103,7.06,273.6,32.8,50093.4,1.11,32561,1.192,8.17,-84.8,25.074,1.1,11.6
2/11/2021,8:15:00,0,B2,0.49,50168.9,50087.7,103.2,103.1,7.07,274.2,32.81,50095.3,1.15,32562,1.2,8.16,-84.7,25.077,1.1,11.6
2/11/2021,8:30:00,0,B2,0.52,50167.2,50089,103.5,103.4,7.09,274.3,32.81,50096.4,1.22,32563,1.197,8.16,-84.7,25.074,1.1,11.6
2/11/2021,8:45:00,0,B2,0.49,50166,50087.7,103.7,103.7,7.1,273.9,32.81,50095,1.14,32562,1.192,8.17,-84.8,25.074,1.1,11.6
2/11/2021,9:00:00,0,B2,0.49,50166.8,50088.9,104.4,104.3,7.15,274.5,32.81,50096.2,1.19,32563,1.183,8.16,-84.7,25.074,1.1,11.6
2/11/2021,9:15:00,0,B2,0.53,50169.7,50087.6,104.7,104.6,7.17,274.5,32.81,50095.3,1.21,32562,1.186,8.16,-84.8,25.078,1.1,11.6
2/11/2021,9:30:00,0,B2,0.59,50170,50087.8,105.2,105.1,7.2,274.9,32.81,50095.5,1.14,32562,1.189,8.16,-84.8,25.078,1.1,11.6
2/11/2021,9:45:00,0,B2,0.49,50175.8,50087,105.4,105.4,7.22,275.3,32.81,50095.3,1.12,32562,1.189,8.16,-84.7,25.084,1.1,11.6
2/11/2021,10:00:00,0,B2,0.48,50177.5,50084,105.8,105.8,7.25,274.7,32.8,50092.8,1.19,32560,1.191,8.16,-84.8,25.089,1.1,11.6
2/11/2021,10:15:00,0,B2,0.51,50186.7,50085.3,106.9,106.8,7.32,274.8,32.8,50094.8,1.12,32562,1.193,8.17,-85.1,25.096,1.1,11.6
2/11/2021,10:30:00,0,B2,0.47,50196.5,50087.7,107.5,107.5,7.36,275.1,32.81,50097.9,1.17,32564,1.192,8.17,-85.2,25.103,1.1,11.6
2/11/2021,10:45:00,0,B2,0.51,50201.9,50082.8,108.3,108.3,7.42,275.2,32.8,50093.9,1.28,32561,1.187,8.17,-85.2,25.113,1.1,11.6
2/11/2021,11:00:00,0,B2,0.55,50213.9,50084.5,108.6,108.6,7.43,274.6,32.81,50096.7,1.25,32563,1.183,8.17,-85.3,25.122,1.1,11.6
2/11/2021,11:15:00,0,B2,0.48,50222.2,50082.5,109,108.9,7.46,274.5,32.8,50095.6,1.2,32562,1.192,8.18,-85.5,25.132,1.1,11.6
2/11/2021,11:30:00,0,B2,0.46,50238.5,50084.8,109.6,109.5,7.49,274.3,32.81,50099.2,1.2,32564,1.193,8.18,-85.6,25.146,1.1,11.6
2/11/2021,11:45:00,0,B2,0.45,50237.4,50083.8,110,110,7.53,274.6,32.81,50098.2,1.11,32564,1.197,8.18,-85.7,25.145,1.1,11.6
2/11/2021,12:00:00,0,B2,0.43,50239.5,50083.1,110.1,110,7.53,274.4,32.81,50097.8,1.02,32564,1.199,8.18,-85.8,25.148,1.1,11.6
2/11/2021,12:15:00,0,B2,0.44,50248.2,50081.2,111.2,111.1,7.61,274.5,32.81,50096.8,1.13,32563,1.19,8.18,-85.8,25.158,1.1,11.6
2/11/2021,12:30:00,0,B2,0.47,50251.5,50082.4,111.6,111.5,7.63,274.4,32.81,50098.3,1.09,32564,1.183,8.19,-86.2,25.16,1.1,11.6
2/11/2021,12:45:00,0,B2,0.44,50252.3,50079.1,112.3,112.2,7.68,274.7,32.8,50095.4,1.11,32562,1.193,8.19,-86.1,25.164,1.1,11.6
2/11/2021,13:00:00,0,B2,0.43,50252.6,50081.7,113,112.9,7.72,275,32.81,50097.7,1.13,32563,1.2,8.19,-86.2,25.162,1.1,11.6
2/11/2021,13:15:00,0,B2,0.53,50241.8,50082.9,112.2,112.1,7.67,274.5,32.81,50097.8,1.15,32564,1.189,8.19,-86.5,25.151,1.1,11.6
2/11/2021,13:30:00,0,B2,0.46,50245,50083.6,112.4,112.3,7.69,274.6,32.81,50098.7,1.05,32564,1.191,8.19,-86.2,25.153,1.1,11.6
2/11/2021,13:45:00,0,B2,0.45,50245,50082.8,112.6,112.5,7.7,274.1,32.81,50098,1.06,32564,1.182,8.19,-86.6,25.154,1.1,11.6
2/11/2021,14:00:00,0,B2,0.58,50242,50087.6,112.7,112.7,7.71,274.2,32.81,50102.1,1.03,32566,1.189,8.2,-86.8,25.146,1.1,11.6
2/11/2021,14:15:00,0,B2,0.44,50249.3,50085.6,113.1,113.1,7.74,274.4,32.81,50101,1.03,32566,1.2,8.2,-86.7,25.155,1.1,11.6
2/11/2021,14:30:00,0,B2,0.79,50242.2,50084.1,113.2,113.1,7.74,273.8,32.81,50098.9,1.01,32564,1.197,8.2,-86.9,25.15,1.1,11.6
